TRINITY_DN10214_c0_g1_i1.p1	XP_035442586.2	78.623	552	116	1	1	550	1	552	0.0	928	551	553	99	XP_035442586.2 juvenile hormone esterase isoform X1 [Spodoptera frugiperda]
TRINITY_DN10214_c0_g1_i1.p1	XP_035438336.2	71.196	552	157	1	1	550	1	552	0.0	847	551	553	99	XP_035438336.2 juvenile hormone esterase [Spodoptera frugiperda]
TRINITY_DN10214_c0_g1_i1.p1	XP_035438334.2	71.196	552	157	1	1	550	1	552	0.0	847	551	553	99	XP_035438334.2 juvenile hormone esterase [Spodoptera frugiperda]
TRINITY_DN10214_c0_g1_i1.p1	XP_035442587.2	78.054	483	104	1	70	550	1	483	0.0	801	551	484	87	XP_035442587.2 venom carboxylesterase-6 isoform X2 [Spodoptera frugiperda]
TRINITY_DN10214_c0_g1_i1.p1	XP_035456137.2	34.074	540	316	14	11	535	6	520	2.37e-97	311	551	734	95	XP_035456137.2 juvenile hormone esterase isoform X3 [Spodoptera frugiperda]
TRINITY_DN10214_c0_g1_i1.p1	XP_035456136.2	34.074	540	316	14	11	535	6	520	2.37e-97	311	551	734	95	XP_035456136.2 juvenile hormone esterase isoform X3 [Spodoptera frugiperda]
TRINITY_DN10214_c0_g1_i1.p1	XP_035456135.2	34.074	540	316	14	11	535	22	536	3.81e-97	311	551	750	95	XP_035456135.2 juvenile hormone esterase isoform X2 [Spodoptera frugiperda]
TRINITY_DN10214_c0_g1_i1.p1	XP_035456134.2	34.074	540	316	14	11	535	116	630	4.49e-96	311	551	844	95	XP_035456134.2 juvenile hormone esterase isoform X1 [Spodoptera frugiperda]
TRINITY_DN10214_c0_g1_i1.p1	XP_035428785.2	33.456	544	320	15	11	534	5	526	7.02e-91	289	551	537	95	XP_035428785.2 juvenile hormone esterase isoform X2 [Spodoptera frugiperda]
TRINITY_DN10214_c0_g1_i1.p1	XP_035428784.2	33.456	544	320	15	11	534	32	553	1.16e-90	290	551	564	95	XP_035428784.2 juvenile hormone esterase isoform X1 [Spodoptera frugiperda]
TRINITY_DN10214_c0_g1_i1.p1	XP_035449615.1	33.877	552	326	15	11	536	93	631	1.23e-87	284	551	645	95	XP_035449615.1 venom carboxylesterase-6 [Spodoptera frugiperda]
TRINITY_DN10214_c0_g1_i1.p1	XP_035449614.1	33.877	552	326	15	11	536	93	631	1.23e-87	284	551	645	95	XP_035449614.1 venom carboxylesterase-6 [Spodoptera frugiperda]
TRINITY_DN10214_c0_g1_i1.p1	XP_050561842.1	33.723	513	311	12	34	534	25	520	7.67e-84	271	551	528	91	XP_050561842.1 juvenile hormone esterase isoform X4 [Spodoptera frugiperda]
TRINITY_DN10214_c0_g1_i1.p1	XP_050561841.1	33.723	513	311	12	34	534	25	520	7.67e-84	271	551	528	91	XP_050561841.1 juvenile hormone esterase isoform X4 [Spodoptera frugiperda]
TRINITY_DN10214_c0_g1_i1.p1	XP_050561840.1	33.723	513	311	12	34	534	25	520	7.67e-84	271	551	528	91	XP_050561840.1 juvenile hormone esterase isoform X4 [Spodoptera frugiperda]
TRINITY_DN10214_c0_g1_i1.p1	XP_035434295.2	33.723	513	311	12	34	534	38	533	9.85e-84	271	551	541	91	XP_035434295.2 juvenile hormone esterase isoform X2 [Spodoptera frugiperda]
TRINITY_DN10214_c0_g1_i1.p1	XP_035434296.2	33.723	513	311	12	34	534	34	529	1.04e-83	271	551	537	91	XP_035434296.2 juvenile hormone esterase isoform X3 [Spodoptera frugiperda]
TRINITY_DN10214_c0_g1_i1.p1	XP_035434294.2	33.723	513	311	12	34	534	54	549	1.88e-83	270	551	557	91	XP_035434294.2 esterase B1 isoform X1 [Spodoptera frugiperda]
TRINITY_DN10214_c0_g1_i1.p1	XP_035450249.2	32.638	527	322	14	29	535	22	535	6.29e-79	258	551	537	92	XP_035450249.2 juvenile hormone esterase [Spodoptera frugiperda]
TRINITY_DN10214_c0_g1_i1.p1	XP_035450696.2	33.272	547	323	20	10	534	25	551	1.37e-78	258	551	558	95	XP_035450696.2 juvenile hormone esterase-like [Spodoptera frugiperda]
TRINITY_DN10214_c0_g1_i1.p1	XP_050563389.1	30.419	549	334	15	12	535	4	529	8.54e-78	255	551	538	95	XP_050563389.1 esterase FE4 isoform X2 [Spodoptera frugiperda]
TRINITY_DN10214_c0_g1_i1.p1	XP_050549265.1	36.473	499	273	16	12	486	5	483	1.59e-77	254	551	532	86	XP_050549265.1 juvenile hormone esterase-like [Spodoptera frugiperda]
TRINITY_DN10214_c0_g1_i1.p1	XP_050549264.1	36.473	499	273	16	12	486	5	483	1.59e-77	254	551	532	86	XP_050549264.1 juvenile hormone esterase-like [Spodoptera frugiperda]
TRINITY_DN10214_c0_g1_i1.p1	XP_050563388.1	30.419	549	334	15	12	535	35	560	1.64e-77	255	551	569	95	XP_050563388.1 esterase FE4 isoform X1 [Spodoptera frugiperda]
TRINITY_DN10214_c0_g1_i1.p1	XP_035452347.2	31.685	546	335	13	12	534	4	534	5.13e-76	250	551	537	95	XP_035452347.2 juvenile hormone esterase-like [Spodoptera frugiperda]
TRINITY_DN10214_c0_g1_i2.p1	XP_035442586.2	78.623	552	116	1	1	550	1	552	0.0	928	551	553	99	XP_035442586.2 juvenile hormone esterase isoform X1 [Spodoptera frugiperda]
TRINITY_DN10214_c0_g1_i2.p1	XP_035438336.2	71.196	552	157	1	1	550	1	552	0.0	847	551	553	99	XP_035438336.2 juvenile hormone esterase [Spodoptera frugiperda]
TRINITY_DN10214_c0_g1_i2.p1	XP_035438334.2	71.196	552	157	1	1	550	1	552	0.0	847	551	553	99	XP_035438334.2 juvenile hormone esterase [Spodoptera frugiperda]
TRINITY_DN10214_c0_g1_i2.p1	XP_035442587.2	78.054	483	104	1	70	550	1	483	0.0	801	551	484	87	XP_035442587.2 venom carboxylesterase-6 isoform X2 [Spodoptera frugiperda]
TRINITY_DN10214_c0_g1_i2.p1	XP_035456137.2	34.074	540	316	14	11	535	6	520	2.37e-97	311	551	734	95	XP_035456137.2 juvenile hormone esterase isoform X3 [Spodoptera frugiperda]
TRINITY_DN10214_c0_g1_i2.p1	XP_035456136.2	34.074	540	316	14	11	535	6	520	2.37e-97	311	551	734	95	XP_035456136.2 juvenile hormone esterase isoform X3 [Spodoptera frugiperda]
TRINITY_DN10214_c0_g1_i2.p1	XP_035456135.2	34.074	540	316	14	11	535	22	536	3.81e-97	311	551	750	95	XP_035456135.2 juvenile hormone esterase isoform X2 [Spodoptera frugiperda]
TRINITY_DN10214_c0_g1_i2.p1	XP_035456134.2	34.074	540	316	14	11	535	116	630	4.49e-96	311	551	844	95	XP_035456134.2 juvenile hormone esterase isoform X1 [Spodoptera frugiperda]
TRINITY_DN10214_c0_g1_i2.p1	XP_035428785.2	33.456	544	320	15	11	534	5	526	7.02e-91	289	551	537	95	XP_035428785.2 juvenile hormone esterase isoform X2 [Spodoptera frugiperda]
TRINITY_DN10214_c0_g1_i2.p1	XP_035428784.2	33.456	544	320	15	11	534	32	553	1.16e-90	290	551	564	95	XP_035428784.2 juvenile hormone esterase isoform X1 [Spodoptera frugiperda]
TRINITY_DN10214_c0_g1_i2.p1	XP_035449615.1	33.877	552	326	15	11	536	93	631	1.23e-87	284	551	645	95	XP_035449615.1 venom carboxylesterase-6 [Spodoptera frugiperda]
TRINITY_DN10214_c0_g1_i2.p1	XP_035449614.1	33.877	552	326	15	11	536	93	631	1.23e-87	284	551	645	95	XP_035449614.1 venom carboxylesterase-6 [Spodoptera frugiperda]
TRINITY_DN10214_c0_g1_i2.p1	XP_050561842.1	33.723	513	311	12	34	534	25	520	7.67e-84	271	551	528	91	XP_050561842.1 juvenile hormone esterase isoform X4 [Spodoptera frugiperda]
TRINITY_DN10214_c0_g1_i2.p1	XP_050561841.1	33.723	513	311	12	34	534	25	520	7.67e-84	271	551	528	91	XP_050561841.1 juvenile hormone esterase isoform X4 [Spodoptera frugiperda]
TRINITY_DN10214_c0_g1_i2.p1	XP_050561840.1	33.723	513	311	12	34	534	25	520	7.67e-84	271	551	528	91	XP_050561840.1 juvenile hormone esterase isoform X4 [Spodoptera frugiperda]
TRINITY_DN10214_c0_g1_i2.p1	XP_035434295.2	33.723	513	311	12	34	534	38	533	9.85e-84	271	551	541	91	XP_035434295.2 juvenile hormone esterase isoform X2 [Spodoptera frugiperda]
TRINITY_DN10214_c0_g1_i2.p1	XP_035434296.2	33.723	513	311	12	34	534	34	529	1.04e-83	271	551	537	91	XP_035434296.2 juvenile hormone esterase isoform X3 [Spodoptera frugiperda]
TRINITY_DN10214_c0_g1_i2.p1	XP_035434294.2	33.723	513	311	12	34	534	54	549	1.88e-83	270	551	557	91	XP_035434294.2 esterase B1 isoform X1 [Spodoptera frugiperda]
TRINITY_DN10214_c0_g1_i2.p1	XP_035450249.2	32.638	527	322	14	29	535	22	535	6.29e-79	258	551	537	92	XP_035450249.2 juvenile hormone esterase [Spodoptera frugiperda]
TRINITY_DN10214_c0_g1_i2.p1	XP_035450696.2	33.272	547	323	20	10	534	25	551	1.37e-78	258	551	558	95	XP_035450696.2 juvenile hormone esterase-like [Spodoptera frugiperda]
TRINITY_DN10214_c0_g1_i2.p1	XP_050563389.1	30.419	549	334	15	12	535	4	529	8.54e-78	255	551	538	95	XP_050563389.1 esterase FE4 isoform X2 [Spodoptera frugiperda]
TRINITY_DN10214_c0_g1_i2.p1	XP_050549265.1	36.473	499	273	16	12	486	5	483	1.59e-77	254	551	532	86	XP_050549265.1 juvenile hormone esterase-like [Spodoptera frugiperda]
TRINITY_DN10214_c0_g1_i2.p1	XP_050549264.1	36.473	499	273	16	12	486	5	483	1.59e-77	254	551	532	86	XP_050549264.1 juvenile hormone esterase-like [Spodoptera frugiperda]
TRINITY_DN10214_c0_g1_i2.p1	XP_050563388.1	30.419	549	334	15	12	535	35	560	1.64e-77	255	551	569	95	XP_050563388.1 esterase FE4 isoform X1 [Spodoptera frugiperda]
TRINITY_DN10214_c0_g1_i2.p1	XP_035452347.2	31.685	546	335	13	12	534	4	534	5.13e-76	250	551	537	95	XP_035452347.2 juvenile hormone esterase-like [Spodoptera frugiperda]
TRINITY_DN1194_c0_g1_i10.p1	XP_035456135.2	77.147	757	144	8	1	735	1	750	0.0	1184	736	750	99	XP_035456135.2 juvenile hormone esterase isoform X2 [Spodoptera frugiperda]
TRINITY_DN1194_c0_g1_i10.p1	XP_035456134.2	76.913	745	143	8	13	735	107	844	0.0	1164	736	844	98	XP_035456134.2 juvenile hormone esterase isoform X1 [Spodoptera frugiperda]
TRINITY_DN1194_c0_g1_i10.p1	XP_035456137.2	76.788	741	143	8	17	735	1	734	0.0	1152	736	734	98	XP_035456137.2 juvenile hormone esterase isoform X3 [Spodoptera frugiperda]
TRINITY_DN1194_c0_g1_i10.p1	XP_035456136.2	76.788	741	143	8	17	735	1	734	0.0	1152	736	734	98	XP_035456136.2 juvenile hormone esterase isoform X3 [Spodoptera frugiperda]
TRINITY_DN1194_c0_g1_i10.p1	XP_035428785.2	39.773	528	299	7	21	535	4	525	2.06e-128	392	736	537	70	XP_035428785.2 juvenile hormone esterase isoform X2 [Spodoptera frugiperda]
TRINITY_DN1194_c0_g1_i10.p1	XP_035428784.2	39.773	528	299	7	21	535	31	552	4.06e-128	392	736	564	70	XP_035428784.2 juvenile hormone esterase isoform X1 [Spodoptera frugiperda]
TRINITY_DN1194_c0_g1_i10.p1	XP_035450249.2	40.335	538	292	8	23	537	4	535	6.20e-128	391	736	537	70	XP_035450249.2 juvenile hormone esterase [Spodoptera frugiperda]
TRINITY_DN1194_c0_g1_i10.p1	XP_035450368.2	40.755	530	294	7	23	534	4	531	1.18e-127	390	736	538	70	XP_035450368.2 juvenile hormone esterase [Spodoptera frugiperda]
TRINITY_DN1194_c0_g1_i10.p1	XP_035450257.2	41.651	533	291	5	23	537	638	1168	7.66e-125	401	736	1170	70	XP_035450257.2 uncharacterized protein LOC118276155 [Spodoptera frugiperda]
TRINITY_DN1194_c0_g1_i10.p1	XP_035450257.2	41.463	533	292	5	23	537	4	534	2.03e-123	397	736	1170	70	XP_035450257.2 uncharacterized protein LOC118276155 [Spodoptera frugiperda]
TRINITY_DN1194_c0_g1_i10.p1	XP_035450257.2	53.571	84	38	1	23	106	546	628	9.02e-19	92.0	736	1170	70	XP_035450257.2 uncharacterized protein LOC118276155 [Spodoptera frugiperda]
TRINITY_DN1194_c0_g1_i10.p1	XP_035434295.2	38.764	534	308	8	12	534	6	531	1.77e-123	380	736	541	71	XP_035434295.2 juvenile hormone esterase isoform X2 [Spodoptera frugiperda]
TRINITY_DN1194_c0_g1_i10.p1	XP_035434296.2	38.837	533	307	8	13	534	3	527	6.02e-123	378	736	537	71	XP_035434296.2 juvenile hormone esterase isoform X3 [Spodoptera frugiperda]
TRINITY_DN1194_c0_g1_i10.p1	XP_050561842.1	39.048	525	301	8	21	534	2	518	1.13e-122	377	736	528	70	XP_050561842.1 juvenile hormone esterase isoform X4 [Spodoptera frugiperda]
TRINITY_DN1194_c0_g1_i10.p1	XP_050561841.1	39.048	525	301	8	21	534	2	518	1.13e-122	377	736	528	70	XP_050561841.1 juvenile hormone esterase isoform X4 [Spodoptera frugiperda]
TRINITY_DN1194_c0_g1_i10.p1	XP_050561840.1	39.048	525	301	8	21	534	2	518	1.13e-122	377	736	528	70	XP_050561840.1 juvenile hormone esterase isoform X4 [Spodoptera frugiperda]
TRINITY_DN1194_c0_g1_i10.p1	XP_035434294.2	38.868	530	305	8	16	534	26	547	1.75e-122	378	736	557	71	XP_035434294.2 esterase B1 isoform X1 [Spodoptera frugiperda]
TRINITY_DN1194_c0_g1_i10.p1	XP_035452347.2	38.390	534	308	6	23	537	4	535	1.10e-120	372	736	537	70	XP_035452347.2 juvenile hormone esterase-like [Spodoptera frugiperda]
TRINITY_DN1194_c0_g1_i10.p1	XP_035452217.2	39.147	539	297	8	23	537	24	555	1.01e-117	365	736	560	70	XP_035452217.2 juvenile hormone esterase-like [Spodoptera frugiperda]
TRINITY_DN1194_c0_g1_i10.p1	XP_035450251.1	39.665	537	294	12	23	537	4	532	1.12e-115	360	736	541	70	XP_035450251.1 juvenile hormone esterase-like [Spodoptera frugiperda]
TRINITY_DN1194_c0_g1_i10.p1	XP_050563149.1	39.434	530	297	8	23	533	574	1098	3.86e-115	374	736	1106	76	XP_050563149.1 neuroligin-4, X-linked-like [Spodoptera frugiperda]
TRINITY_DN1194_c0_g1_i10.p1	XP_050563149.1	32.186	581	356	11	17	572	30	597	2.30e-82	284	736	1106	76	XP_050563149.1 neuroligin-4, X-linked-like [Spodoptera frugiperda]
TRINITY_DN1194_c0_g1_i10.p1	XP_050563389.1	38.148	540	295	11	23	537	4	529	3.68e-113	353	736	538	70	XP_050563389.1 esterase FE4 isoform X2 [Spodoptera frugiperda]
TRINITY_DN1194_c0_g1_i10.p1	XP_050563388.1	38.148	540	295	11	23	537	35	560	8.66e-113	353	736	569	70	XP_050563388.1 esterase FE4 isoform X1 [Spodoptera frugiperda]
TRINITY_DN1194_c0_g1_i10.p1	XP_035456387.2	38.050	523	298	11	23	530	10	521	1.63e-111	348	736	531	69	XP_035456387.2 juvenile hormone esterase [Spodoptera frugiperda]
TRINITY_DN1194_c0_g1_i10.p1	XP_050563387.1	37.358	530	308	8	23	533	38	562	3.10e-110	346	736	570	69	XP_050563387.1 juvenile hormone esterase-like [Spodoptera frugiperda]
TRINITY_DN1194_c0_g1_i10.p1	XP_035450696.2	37.170	530	307	9	23	534	28	549	5.88e-107	337	736	558	70	XP_035450696.2 juvenile hormone esterase-like [Spodoptera frugiperda]
TRINITY_DN1194_c0_g1_i10.p1	XP_035450367.2	36.262	535	314	11	19	534	23	549	7.70e-104	329	736	556	70	XP_035450367.2 esterase FE4-like [Spodoptera frugiperda]
TRINITY_DN1194_c0_g1_i13.p1	XP_035456134.2	76.788	741	143	8	1	719	111	844	0.0	1154	720	844	99	XP_035456134.2 juvenile hormone esterase isoform X1 [Spodoptera frugiperda]
TRINITY_DN1194_c0_g1_i13.p1	XP_035456135.2	76.788	741	143	8	1	719	17	750	0.0	1152	720	750	99	XP_035456135.2 juvenile hormone esterase isoform X2 [Spodoptera frugiperda]
TRINITY_DN1194_c0_g1_i13.p1	XP_035456137.2	76.788	741	143	8	1	719	1	734	0.0	1152	720	734	99	XP_035456137.2 juvenile hormone esterase isoform X3 [Spodoptera frugiperda]
TRINITY_DN1194_c0_g1_i13.p1	XP_035456136.2	76.788	741	143	8	1	719	1	734	0.0	1152	720	734	99	XP_035456136.2 juvenile hormone esterase isoform X3 [Spodoptera frugiperda]
TRINITY_DN1194_c0_g1_i13.p1	XP_035428785.2	39.773	528	299	7	5	519	4	525	1.04e-128	393	720	537	72	XP_035428785.2 juvenile hormone esterase isoform X2 [Spodoptera frugiperda]
TRINITY_DN1194_c0_g1_i13.p1	XP_035428784.2	39.773	528	299	7	5	519	31	552	2.19e-128	393	720	564	72	XP_035428784.2 juvenile hormone esterase isoform X1 [Spodoptera frugiperda]
TRINITY_DN1194_c0_g1_i13.p1	XP_035450249.2	40.335	538	292	8	7	521	4	535	4.83e-128	391	720	537	72	XP_035450249.2 juvenile hormone esterase [Spodoptera frugiperda]
TRINITY_DN1194_c0_g1_i13.p1	XP_035450368.2	40.755	530	294	7	7	518	4	531	7.33e-128	390	720	538	71	XP_035450368.2 juvenile hormone esterase [Spodoptera frugiperda]
TRINITY_DN1194_c0_g1_i13.p1	XP_035450257.2	41.651	533	291	5	7	521	638	1168	6.53e-125	400	720	1170	72	XP_035450257.2 uncharacterized protein LOC118276155 [Spodoptera frugiperda]
TRINITY_DN1194_c0_g1_i13.p1	XP_035450257.2	41.463	533	292	5	7	521	4	534	1.72e-123	397	720	1170	72	XP_035450257.2 uncharacterized protein LOC118276155 [Spodoptera frugiperda]
TRINITY_DN1194_c0_g1_i13.p1	XP_035450257.2	53.571	84	38	1	7	90	546	628	9.61e-19	92.0	720	1170	72	XP_035450257.2 uncharacterized protein LOC118276155 [Spodoptera frugiperda]
TRINITY_DN1194_c0_g1_i13.p1	XP_035434295.2	39.048	525	301	8	5	518	15	531	5.75e-123	378	720	541	71	XP_035434295.2 juvenile hormone esterase isoform X2 [Spodoptera frugiperda]
TRINITY_DN1194_c0_g1_i13.p1	XP_050561842.1	39.048	525	301	8	5	518	2	518	6.67e-123	377	720	528	71	XP_050561842.1 juvenile hormone esterase isoform X4 [Spodoptera frugiperda]
TRINITY_DN1194_c0_g1_i13.p1	XP_050561841.1	39.048	525	301	8	5	518	2	518	6.67e-123	377	720	528	71	XP_050561841.1 juvenile hormone esterase isoform X4 [Spodoptera frugiperda]
TRINITY_DN1194_c0_g1_i13.p1	XP_050561840.1	39.048	525	301	8	5	518	2	518	6.67e-123	377	720	528	71	XP_050561840.1 juvenile hormone esterase isoform X4 [Spodoptera frugiperda]
TRINITY_DN1194_c0_g1_i13.p1	XP_035434296.2	39.048	525	301	8	5	518	11	527	7.49e-123	377	720	537	71	XP_035434296.2 juvenile hormone esterase isoform X3 [Spodoptera frugiperda]
TRINITY_DN1194_c0_g1_i13.p1	XP_035434294.2	39.048	525	301	8	5	518	31	547	1.36e-122	377	720	557	71	XP_035434294.2 esterase B1 isoform X1 [Spodoptera frugiperda]
TRINITY_DN1194_c0_g1_i13.p1	XP_035452347.2	38.390	534	308	6	7	521	4	535	6.72e-121	372	720	537	72	XP_035452347.2 juvenile hormone esterase-like [Spodoptera frugiperda]
TRINITY_DN1194_c0_g1_i13.p1	XP_035452217.2	39.147	539	297	8	7	521	24	555	1.00e-117	365	720	560	72	XP_035452217.2 juvenile hormone esterase-like [Spodoptera frugiperda]
TRINITY_DN1194_c0_g1_i13.p1	XP_035450251.1	39.665	537	294	12	7	521	4	532	8.80e-116	359	720	541	72	XP_035450251.1 juvenile hormone esterase-like [Spodoptera frugiperda]
TRINITY_DN1194_c0_g1_i13.p1	XP_050563149.1	39.434	530	297	8	7	517	574	1098	2.70e-115	374	720	1106	77	XP_050563149.1 neuroligin-4, X-linked-like [Spodoptera frugiperda]
TRINITY_DN1194_c0_g1_i13.p1	XP_050563149.1	32.186	581	356	11	1	556	30	597	1.58e-82	284	720	1106	77	XP_050563149.1 neuroligin-4, X-linked-like [Spodoptera frugiperda]
TRINITY_DN1194_c0_g1_i13.p1	XP_050563389.1	38.148	540	295	11	7	521	4	529	1.86e-113	353	720	538	72	XP_050563389.1 esterase FE4 isoform X2 [Spodoptera frugiperda]
TRINITY_DN1194_c0_g1_i13.p1	XP_050563388.1	38.148	540	295	11	7	521	35	560	4.57e-113	353	720	569	72	XP_050563388.1 esterase FE4 isoform X1 [Spodoptera frugiperda]
TRINITY_DN1194_c0_g1_i13.p1	XP_035456387.2	38.050	523	298	11	7	514	10	521	1.32e-111	348	720	531	71	XP_035456387.2 juvenile hormone esterase [Spodoptera frugiperda]
TRINITY_DN1194_c0_g1_i13.p1	XP_050563387.1	37.358	530	308	8	7	517	38	562	2.52e-110	346	720	570	71	XP_050563387.1 juvenile hormone esterase-like [Spodoptera frugiperda]
TRINITY_DN1194_c0_g1_i13.p1	XP_035450696.2	37.170	530	307	9	7	518	28	549	7.13e-107	337	720	558	71	XP_035450696.2 juvenile hormone esterase-like [Spodoptera frugiperda]
TRINITY_DN1194_c0_g1_i13.p1	XP_035450367.2	36.262	535	314	11	3	518	23	549	4.29e-104	329	720	556	72	XP_035450367.2 esterase FE4-like [Spodoptera frugiperda]
TRINITY_DN1194_c0_g1_i14.p1	XP_035456134.2	76.788	741	143	8	1	719	111	844	0.0	1154	720	844	99	XP_035456134.2 juvenile hormone esterase isoform X1 [Spodoptera frugiperda]
TRINITY_DN1194_c0_g1_i14.p1	XP_035456135.2	76.788	741	143	8	1	719	17	750	0.0	1152	720	750	99	XP_035456135.2 juvenile hormone esterase isoform X2 [Spodoptera frugiperda]
TRINITY_DN1194_c0_g1_i14.p1	XP_035456137.2	76.788	741	143	8	1	719	1	734	0.0	1152	720	734	99	XP_035456137.2 juvenile hormone esterase isoform X3 [Spodoptera frugiperda]
TRINITY_DN1194_c0_g1_i14.p1	XP_035456136.2	76.788	741	143	8	1	719	1	734	0.0	1152	720	734	99	XP_035456136.2 juvenile hormone esterase isoform X3 [Spodoptera frugiperda]
TRINITY_DN1194_c0_g1_i14.p1	XP_035428785.2	39.773	528	299	7	5	519	4	525	1.04e-128	393	720	537	72	XP_035428785.2 juvenile hormone esterase isoform X2 [Spodoptera frugiperda]
TRINITY_DN1194_c0_g1_i14.p1	XP_035428784.2	39.773	528	299	7	5	519	31	552	2.19e-128	393	720	564	72	XP_035428784.2 juvenile hormone esterase isoform X1 [Spodoptera frugiperda]
TRINITY_DN1194_c0_g1_i14.p1	XP_035450249.2	40.335	538	292	8	7	521	4	535	4.83e-128	391	720	537	72	XP_035450249.2 juvenile hormone esterase [Spodoptera frugiperda]
TRINITY_DN1194_c0_g1_i14.p1	XP_035450368.2	40.755	530	294	7	7	518	4	531	7.33e-128	390	720	538	71	XP_035450368.2 juvenile hormone esterase [Spodoptera frugiperda]
TRINITY_DN1194_c0_g1_i14.p1	XP_035450257.2	41.651	533	291	5	7	521	638	1168	6.53e-125	400	720	1170	72	XP_035450257.2 uncharacterized protein LOC118276155 [Spodoptera frugiperda]
TRINITY_DN1194_c0_g1_i14.p1	XP_035450257.2	41.463	533	292	5	7	521	4	534	1.72e-123	397	720	1170	72	XP_035450257.2 uncharacterized protein LOC118276155 [Spodoptera frugiperda]
TRINITY_DN1194_c0_g1_i14.p1	XP_035450257.2	53.571	84	38	1	7	90	546	628	9.61e-19	92.0	720	1170	72	XP_035450257.2 uncharacterized protein LOC118276155 [Spodoptera frugiperda]
TRINITY_DN1194_c0_g1_i14.p1	XP_035434295.2	39.048	525	301	8	5	518	15	531	5.75e-123	378	720	541	71	XP_035434295.2 juvenile hormone esterase isoform X2 [Spodoptera frugiperda]
TRINITY_DN1194_c0_g1_i14.p1	XP_050561842.1	39.048	525	301	8	5	518	2	518	6.67e-123	377	720	528	71	XP_050561842.1 juvenile hormone esterase isoform X4 [Spodoptera frugiperda]
TRINITY_DN1194_c0_g1_i14.p1	XP_050561841.1	39.048	525	301	8	5	518	2	518	6.67e-123	377	720	528	71	XP_050561841.1 juvenile hormone esterase isoform X4 [Spodoptera frugiperda]
TRINITY_DN1194_c0_g1_i14.p1	XP_050561840.1	39.048	525	301	8	5	518	2	518	6.67e-123	377	720	528	71	XP_050561840.1 juvenile hormone esterase isoform X4 [Spodoptera frugiperda]
TRINITY_DN1194_c0_g1_i14.p1	XP_035434296.2	39.048	525	301	8	5	518	11	527	7.49e-123	377	720	537	71	XP_035434296.2 juvenile hormone esterase isoform X3 [Spodoptera frugiperda]
TRINITY_DN1194_c0_g1_i14.p1	XP_035434294.2	39.048	525	301	8	5	518	31	547	1.36e-122	377	720	557	71	XP_035434294.2 esterase B1 isoform X1 [Spodoptera frugiperda]
TRINITY_DN1194_c0_g1_i14.p1	XP_035452347.2	38.390	534	308	6	7	521	4	535	6.72e-121	372	720	537	72	XP_035452347.2 juvenile hormone esterase-like [Spodoptera frugiperda]
TRINITY_DN1194_c0_g1_i14.p1	XP_035452217.2	39.147	539	297	8	7	521	24	555	1.00e-117	365	720	560	72	XP_035452217.2 juvenile hormone esterase-like [Spodoptera frugiperda]
TRINITY_DN1194_c0_g1_i14.p1	XP_035450251.1	39.665	537	294	12	7	521	4	532	8.80e-116	359	720	541	72	XP_035450251.1 juvenile hormone esterase-like [Spodoptera frugiperda]
TRINITY_DN1194_c0_g1_i14.p1	XP_050563149.1	39.434	530	297	8	7	517	574	1098	2.70e-115	374	720	1106	77	XP_050563149.1 neuroligin-4, X-linked-like [Spodoptera frugiperda]
TRINITY_DN1194_c0_g1_i14.p1	XP_050563149.1	32.186	581	356	11	1	556	30	597	1.58e-82	284	720	1106	77	XP_050563149.1 neuroligin-4, X-linked-like [Spodoptera frugiperda]
TRINITY_DN1194_c0_g1_i14.p1	XP_050563389.1	38.148	540	295	11	7	521	4	529	1.86e-113	353	720	538	72	XP_050563389.1 esterase FE4 isoform X2 [Spodoptera frugiperda]
TRINITY_DN1194_c0_g1_i14.p1	XP_050563388.1	38.148	540	295	11	7	521	35	560	4.57e-113	353	720	569	72	XP_050563388.1 esterase FE4 isoform X1 [Spodoptera frugiperda]
TRINITY_DN1194_c0_g1_i14.p1	XP_035456387.2	38.050	523	298	11	7	514	10	521	1.32e-111	348	720	531	71	XP_035456387.2 juvenile hormone esterase [Spodoptera frugiperda]
TRINITY_DN1194_c0_g1_i14.p1	XP_050563387.1	37.358	530	308	8	7	517	38	562	2.52e-110	346	720	570	71	XP_050563387.1 juvenile hormone esterase-like [Spodoptera frugiperda]
TRINITY_DN1194_c0_g1_i14.p1	XP_035450696.2	37.170	530	307	9	7	518	28	549	7.13e-107	337	720	558	71	XP_035450696.2 juvenile hormone esterase-like [Spodoptera frugiperda]
TRINITY_DN1194_c0_g1_i14.p1	XP_035450367.2	36.262	535	314	11	3	518	23	549	4.29e-104	329	720	556	72	XP_035450367.2 esterase FE4-like [Spodoptera frugiperda]
TRINITY_DN1194_c0_g1_i4.p1	XP_035456134.2	76.788	741	143	8	1	719	111	844	0.0	1154	720	844	99	XP_035456134.2 juvenile hormone esterase isoform X1 [Spodoptera frugiperda]
TRINITY_DN1194_c0_g1_i4.p1	XP_035456135.2	76.788	741	143	8	1	719	17	750	0.0	1152	720	750	99	XP_035456135.2 juvenile hormone esterase isoform X2 [Spodoptera frugiperda]
TRINITY_DN1194_c0_g1_i4.p1	XP_035456137.2	76.788	741	143	8	1	719	1	734	0.0	1152	720	734	99	XP_035456137.2 juvenile hormone esterase isoform X3 [Spodoptera frugiperda]
TRINITY_DN1194_c0_g1_i4.p1	XP_035456136.2	76.788	741	143	8	1	719	1	734	0.0	1152	720	734	99	XP_035456136.2 juvenile hormone esterase isoform X3 [Spodoptera frugiperda]
TRINITY_DN1194_c0_g1_i4.p1	XP_035428785.2	39.773	528	299	7	5	519	4	525	1.04e-128	393	720	537	72	XP_035428785.2 juvenile hormone esterase isoform X2 [Spodoptera frugiperda]
TRINITY_DN1194_c0_g1_i4.p1	XP_035428784.2	39.773	528	299	7	5	519	31	552	2.19e-128	393	720	564	72	XP_035428784.2 juvenile hormone esterase isoform X1 [Spodoptera frugiperda]
TRINITY_DN1194_c0_g1_i4.p1	XP_035450249.2	40.335	538	292	8	7	521	4	535	4.83e-128	391	720	537	72	XP_035450249.2 juvenile hormone esterase [Spodoptera frugiperda]
TRINITY_DN1194_c0_g1_i4.p1	XP_035450368.2	40.755	530	294	7	7	518	4	531	7.33e-128	390	720	538	71	XP_035450368.2 juvenile hormone esterase [Spodoptera frugiperda]
TRINITY_DN1194_c0_g1_i4.p1	XP_035450257.2	41.651	533	291	5	7	521	638	1168	6.53e-125	400	720	1170	72	XP_035450257.2 uncharacterized protein LOC118276155 [Spodoptera frugiperda]
TRINITY_DN1194_c0_g1_i4.p1	XP_035450257.2	41.463	533	292	5	7	521	4	534	1.72e-123	397	720	1170	72	XP_035450257.2 uncharacterized protein LOC118276155 [Spodoptera frugiperda]
TRINITY_DN1194_c0_g1_i4.p1	XP_035450257.2	53.571	84	38	1	7	90	546	628	9.61e-19	92.0	720	1170	72	XP_035450257.2 uncharacterized protein LOC118276155 [Spodoptera frugiperda]
TRINITY_DN1194_c0_g1_i4.p1	XP_035434295.2	39.048	525	301	8	5	518	15	531	5.75e-123	378	720	541	71	XP_035434295.2 juvenile hormone esterase isoform X2 [Spodoptera frugiperda]
TRINITY_DN1194_c0_g1_i4.p1	XP_050561842.1	39.048	525	301	8	5	518	2	518	6.67e-123	377	720	528	71	XP_050561842.1 juvenile hormone esterase isoform X4 [Spodoptera frugiperda]
TRINITY_DN1194_c0_g1_i4.p1	XP_050561841.1	39.048	525	301	8	5	518	2	518	6.67e-123	377	720	528	71	XP_050561841.1 juvenile hormone esterase isoform X4 [Spodoptera frugiperda]
TRINITY_DN1194_c0_g1_i4.p1	XP_050561840.1	39.048	525	301	8	5	518	2	518	6.67e-123	377	720	528	71	XP_050561840.1 juvenile hormone esterase isoform X4 [Spodoptera frugiperda]
TRINITY_DN1194_c0_g1_i4.p1	XP_035434296.2	39.048	525	301	8	5	518	11	527	7.49e-123	377	720	537	71	XP_035434296.2 juvenile hormone esterase isoform X3 [Spodoptera frugiperda]
TRINITY_DN1194_c0_g1_i4.p1	XP_035434294.2	39.048	525	301	8	5	518	31	547	1.36e-122	377	720	557	71	XP_035434294.2 esterase B1 isoform X1 [Spodoptera frugiperda]
TRINITY_DN1194_c0_g1_i4.p1	XP_035452347.2	38.390	534	308	6	7	521	4	535	6.72e-121	372	720	537	72	XP_035452347.2 juvenile hormone esterase-like [Spodoptera frugiperda]
TRINITY_DN1194_c0_g1_i4.p1	XP_035452217.2	39.147	539	297	8	7	521	24	555	1.00e-117	365	720	560	72	XP_035452217.2 juvenile hormone esterase-like [Spodoptera frugiperda]
TRINITY_DN1194_c0_g1_i4.p1	XP_035450251.1	39.665	537	294	12	7	521	4	532	8.80e-116	359	720	541	72	XP_035450251.1 juvenile hormone esterase-like [Spodoptera frugiperda]
TRINITY_DN1194_c0_g1_i4.p1	XP_050563149.1	39.434	530	297	8	7	517	574	1098	2.70e-115	374	720	1106	77	XP_050563149.1 neuroligin-4, X-linked-like [Spodoptera frugiperda]
TRINITY_DN1194_c0_g1_i4.p1	XP_050563149.1	32.186	581	356	11	1	556	30	597	1.58e-82	284	720	1106	77	XP_050563149.1 neuroligin-4, X-linked-like [Spodoptera frugiperda]
TRINITY_DN1194_c0_g1_i4.p1	XP_050563389.1	38.148	540	295	11	7	521	4	529	1.86e-113	353	720	538	72	XP_050563389.1 esterase FE4 isoform X2 [Spodoptera frugiperda]
TRINITY_DN1194_c0_g1_i4.p1	XP_050563388.1	38.148	540	295	11	7	521	35	560	4.57e-113	353	720	569	72	XP_050563388.1 esterase FE4 isoform X1 [Spodoptera frugiperda]
TRINITY_DN1194_c0_g1_i4.p1	XP_035456387.2	38.050	523	298	11	7	514	10	521	1.32e-111	348	720	531	71	XP_035456387.2 juvenile hormone esterase [Spodoptera frugiperda]
TRINITY_DN1194_c0_g1_i4.p1	XP_050563387.1	37.358	530	308	8	7	517	38	562	2.52e-110	346	720	570	71	XP_050563387.1 juvenile hormone esterase-like [Spodoptera frugiperda]
TRINITY_DN1194_c0_g1_i4.p1	XP_035450696.2	37.170	530	307	9	7	518	28	549	7.13e-107	337	720	558	71	XP_035450696.2 juvenile hormone esterase-like [Spodoptera frugiperda]
TRINITY_DN1194_c0_g1_i4.p1	XP_035450367.2	36.262	535	314	11	3	518	23	549	4.29e-104	329	720	556	72	XP_035450367.2 esterase FE4-like [Spodoptera frugiperda]
TRINITY_DN1194_c0_g1_i9.p1	XP_035456135.2	77.147	757	144	8	1	735	1	750	0.0	1184	736	750	99	XP_035456135.2 juvenile hormone esterase isoform X2 [Spodoptera frugiperda]
TRINITY_DN1194_c0_g1_i9.p1	XP_035456134.2	76.913	745	143	8	13	735	107	844	0.0	1164	736	844	98	XP_035456134.2 juvenile hormone esterase isoform X1 [Spodoptera frugiperda]
TRINITY_DN1194_c0_g1_i9.p1	XP_035456137.2	76.788	741	143	8	17	735	1	734	0.0	1152	736	734	98	XP_035456137.2 juvenile hormone esterase isoform X3 [Spodoptera frugiperda]
TRINITY_DN1194_c0_g1_i9.p1	XP_035456136.2	76.788	741	143	8	17	735	1	734	0.0	1152	736	734	98	XP_035456136.2 juvenile hormone esterase isoform X3 [Spodoptera frugiperda]
TRINITY_DN1194_c0_g1_i9.p1	XP_035428785.2	39.773	528	299	7	21	535	4	525	2.06e-128	392	736	537	70	XP_035428785.2 juvenile hormone esterase isoform X2 [Spodoptera frugiperda]
TRINITY_DN1194_c0_g1_i9.p1	XP_035428784.2	39.773	528	299	7	21	535	31	552	4.06e-128	392	736	564	70	XP_035428784.2 juvenile hormone esterase isoform X1 [Spodoptera frugiperda]
TRINITY_DN1194_c0_g1_i9.p1	XP_035450249.2	40.335	538	292	8	23	537	4	535	6.20e-128	391	736	537	70	XP_035450249.2 juvenile hormone esterase [Spodoptera frugiperda]
TRINITY_DN1194_c0_g1_i9.p1	XP_035450368.2	40.755	530	294	7	23	534	4	531	1.18e-127	390	736	538	70	XP_035450368.2 juvenile hormone esterase [Spodoptera frugiperda]
TRINITY_DN1194_c0_g1_i9.p1	XP_035450257.2	41.651	533	291	5	23	537	638	1168	7.66e-125	401	736	1170	70	XP_035450257.2 uncharacterized protein LOC118276155 [Spodoptera frugiperda]
TRINITY_DN1194_c0_g1_i9.p1	XP_035450257.2	41.463	533	292	5	23	537	4	534	2.03e-123	397	736	1170	70	XP_035450257.2 uncharacterized protein LOC118276155 [Spodoptera frugiperda]
TRINITY_DN1194_c0_g1_i9.p1	XP_035450257.2	53.571	84	38	1	23	106	546	628	9.02e-19	92.0	736	1170	70	XP_035450257.2 uncharacterized protein LOC118276155 [Spodoptera frugiperda]
TRINITY_DN1194_c0_g1_i9.p1	XP_035434295.2	38.764	534	308	8	12	534	6	531	1.77e-123	380	736	541	71	XP_035434295.2 juvenile hormone esterase isoform X2 [Spodoptera frugiperda]
TRINITY_DN1194_c0_g1_i9.p1	XP_035434296.2	38.837	533	307	8	13	534	3	527	6.02e-123	378	736	537	71	XP_035434296.2 juvenile hormone esterase isoform X3 [Spodoptera frugiperda]
TRINITY_DN1194_c0_g1_i9.p1	XP_050561842.1	39.048	525	301	8	21	534	2	518	1.13e-122	377	736	528	70	XP_050561842.1 juvenile hormone esterase isoform X4 [Spodoptera frugiperda]
TRINITY_DN1194_c0_g1_i9.p1	XP_050561841.1	39.048	525	301	8	21	534	2	518	1.13e-122	377	736	528	70	XP_050561841.1 juvenile hormone esterase isoform X4 [Spodoptera frugiperda]
TRINITY_DN1194_c0_g1_i9.p1	XP_050561840.1	39.048	525	301	8	21	534	2	518	1.13e-122	377	736	528	70	XP_050561840.1 juvenile hormone esterase isoform X4 [Spodoptera frugiperda]
TRINITY_DN1194_c0_g1_i9.p1	XP_035434294.2	38.868	530	305	8	16	534	26	547	1.75e-122	378	736	557	71	XP_035434294.2 esterase B1 isoform X1 [Spodoptera frugiperda]
TRINITY_DN1194_c0_g1_i9.p1	XP_035452347.2	38.390	534	308	6	23	537	4	535	1.10e-120	372	736	537	70	XP_035452347.2 juvenile hormone esterase-like [Spodoptera frugiperda]
TRINITY_DN1194_c0_g1_i9.p1	XP_035452217.2	39.147	539	297	8	23	537	24	555	1.01e-117	365	736	560	70	XP_035452217.2 juvenile hormone esterase-like [Spodoptera frugiperda]
TRINITY_DN1194_c0_g1_i9.p1	XP_035450251.1	39.665	537	294	12	23	537	4	532	1.12e-115	360	736	541	70	XP_035450251.1 juvenile hormone esterase-like [Spodoptera frugiperda]
TRINITY_DN1194_c0_g1_i9.p1	XP_050563149.1	39.434	530	297	8	23	533	574	1098	3.86e-115	374	736	1106	76	XP_050563149.1 neuroligin-4, X-linked-like [Spodoptera frugiperda]
TRINITY_DN1194_c0_g1_i9.p1	XP_050563149.1	32.186	581	356	11	17	572	30	597	2.30e-82	284	736	1106	76	XP_050563149.1 neuroligin-4, X-linked-like [Spodoptera frugiperda]
TRINITY_DN1194_c0_g1_i9.p1	XP_050563389.1	38.148	540	295	11	23	537	4	529	3.68e-113	353	736	538	70	XP_050563389.1 esterase FE4 isoform X2 [Spodoptera frugiperda]
TRINITY_DN1194_c0_g1_i9.p1	XP_050563388.1	38.148	540	295	11	23	537	35	560	8.66e-113	353	736	569	70	XP_050563388.1 esterase FE4 isoform X1 [Spodoptera frugiperda]
TRINITY_DN1194_c0_g1_i9.p1	XP_035456387.2	38.050	523	298	11	23	530	10	521	1.63e-111	348	736	531	69	XP_035456387.2 juvenile hormone esterase [Spodoptera frugiperda]
TRINITY_DN1194_c0_g1_i9.p1	XP_050563387.1	37.358	530	308	8	23	533	38	562	3.10e-110	346	736	570	69	XP_050563387.1 juvenile hormone esterase-like [Spodoptera frugiperda]
TRINITY_DN1194_c0_g1_i9.p1	XP_035450696.2	37.170	530	307	9	23	534	28	549	5.88e-107	337	736	558	70	XP_035450696.2 juvenile hormone esterase-like [Spodoptera frugiperda]
TRINITY_DN1194_c0_g1_i9.p1	XP_035450367.2	36.262	535	314	11	19	534	23	549	7.70e-104	329	736	556	70	XP_035450367.2 esterase FE4-like [Spodoptera frugiperda]
TRINITY_DN13111_c1_g1_i1.p1	XP_035451693.2	66.730	526	169	3	7	528	5	528	0.0	725	529	528	99	XP_035451693.2 juvenile hormone esterase [Spodoptera frugiperda]
TRINITY_DN13111_c1_g1_i1.p1	XP_035451694.2	59.538	519	205	4	7	523	5	520	0.0	623	529	521	98	XP_035451694.2 juvenile hormone esterase-like [Spodoptera frugiperda]
TRINITY_DN13111_c1_g1_i1.p1	XP_050551355.1	40.445	539	294	14	5	524	10	540	4.50e-130	390	529	547	98	XP_050551355.1 esterase FE4-like isoform X3 [Spodoptera frugiperda]
TRINITY_DN13111_c1_g1_i1.p1	XP_035431398.2	41.992	512	271	10	10	510	5	501	1.32e-129	387	529	501	95	XP_035431398.2 juvenile hormone esterase-like [Spodoptera frugiperda]
TRINITY_DN13111_c1_g1_i1.p1	XP_035449447.2	41.267	521	279	13	25	526	30	542	2.38e-129	388	529	547	95	XP_035449447.2 cholinesterase 2-like [Spodoptera frugiperda]
TRINITY_DN13111_c1_g1_i1.p1	XP_050551354.1	39.703	539	298	15	5	524	10	540	1.55e-123	373	529	547	98	XP_050551354.1 esterase FE4-like isoform X2 [Spodoptera frugiperda]
TRINITY_DN13111_c1_g1_i1.p1	XP_050551352.1	39.338	544	294	15	5	524	10	541	9.27e-123	371	529	548	98	XP_050551352.1 cholinesterase 2-like [Spodoptera frugiperda]
TRINITY_DN13111_c1_g1_i1.p1	XP_050551353.1	40.000	520	283	16	25	524	30	540	1.25e-121	368	529	547	95	XP_050551353.1 venom carboxylesterase-6-like isoform X1 [Spodoptera frugiperda]
TRINITY_DN13111_c1_g1_i1.p1	XP_035449861.2	38.971	544	296	15	8	524	7	541	1.99e-120	365	529	548	98	XP_035449861.2 cholinesterase 2-like [Spodoptera frugiperda]
TRINITY_DN13111_c1_g1_i1.p1	XP_035450363.2	39.354	526	302	10	13	524	16	538	2.05e-120	366	529	570	97	XP_035450363.2 esterase B1-like [Spodoptera frugiperda]
TRINITY_DN13111_c1_g1_i1.p1	XP_035449863.2	39.231	520	288	14	25	524	30	541	5.13e-120	364	529	549	95	XP_035449863.2 juvenile hormone esterase-like [Spodoptera frugiperda]
TRINITY_DN13111_c1_g1_i1.p1	XP_035449450.2	38.961	539	302	15	5	524	10	540	6.39e-120	364	529	547	98	XP_035449450.2 esterase FE4-like [Spodoptera frugiperda]
TRINITY_DN13111_c1_g1_i1.p1	XP_035432002.2	37.828	534	305	11	3	518	11	535	4.79e-119	362	529	543	98	XP_035432002.2 cholinesterase 2-like [Spodoptera frugiperda]
TRINITY_DN13111_c1_g1_i1.p1	XP_035450352.2	41.718	489	267	11	40	516	49	531	1.60e-118	360	529	547	90	XP_035450352.2 bile salt-activated lipase [Spodoptera frugiperda]
TRINITY_DN13111_c1_g1_i1.p1	XP_035449830.2	38.104	538	305	13	4	520	1	531	1.36e-114	350	529	549	98	XP_035449830.2 cholinesterase 2-like [Spodoptera frugiperda]
TRINITY_DN13111_c1_g1_i1.p1	XP_050551626.1	37.782	532	293	13	11	522	10	523	3.41e-111	355	529	1092	97	XP_050551626.1 uncharacterized protein LOC118275740 [Spodoptera frugiperda]
TRINITY_DN13111_c1_g1_i1.p1	XP_050551626.1	37.175	538	304	14	10	520	557	1087	1.56e-102	332	529	1092	97	XP_050551626.1 uncharacterized protein LOC118275740 [Spodoptera frugiperda]
TRINITY_DN13111_c1_g1_i1.p1	XP_035449880.2	36.008	511	290	11	33	522	52	546	1.77e-104	325	529	590	93	XP_035449880.2 para-nitrobenzyl esterase-like [Spodoptera frugiperda]
TRINITY_DN13111_c1_g1_i1.p1	XP_035430306.2	36.617	538	306	18	4	520	1	524	2.17e-104	323	529	534	98	XP_035430306.2 bile salt-activated lipase [Spodoptera frugiperda]
TRINITY_DN13111_c1_g1_i1.p1	XP_035457497.2	34.906	530	304	17	1	517	1	502	1.33e-89	285	529	522	98	XP_035457497.2 cholinesterase 1 [Spodoptera frugiperda]
TRINITY_DN13111_c1_g1_i1.p1	XP_050550706.1	31.387	548	335	17	5	524	11	545	3.01e-74	245	529	545	98	XP_050550706.1 cholinesterase 2-like [Spodoptera frugiperda]
TRINITY_DN13111_c1_g1_i1.p1	XP_050550705.1	31.387	548	335	17	5	524	11	545	3.01e-74	245	529	545	98	XP_050550705.1 cholinesterase 2-like [Spodoptera frugiperda]
TRINITY_DN13111_c1_g1_i1.p1	XP_035459069.2	32.222	540	327	18	10	524	12	537	5.65e-67	226	529	544	97	XP_035459069.2 LOW QUALITY PROTEIN: esterase FE4 [Spodoptera frugiperda]
TRINITY_DN13111_c1_g1_i1.p1	XP_035435396.2	32.325	529	321	16	25	525	22	541	6.23e-66	224	529	560	95	XP_035435396.2 juvenile hormone esterase isoform X2 [Spodoptera frugiperda]
TRINITY_DN13111_c1_g1_i1.p1	XP_035435395.2	32.325	529	321	16	25	525	22	541	6.23e-66	224	529	560	95	XP_035435395.2 juvenile hormone esterase isoform X2 [Spodoptera frugiperda]
TRINITY_DN13111_c1_g1_i1.p1	XP_035435394.2	32.325	529	321	16	25	525	63	582	1.55e-65	224	529	601	95	XP_035435394.2 juvenile hormone esterase isoform X1 [Spodoptera frugiperda]
TRINITY_DN13111_c1_g1_i10.p1	XP_035451693.2	66.730	526	169	3	7	528	5	528	0.0	725	529	528	99	XP_035451693.2 juvenile hormone esterase [Spodoptera frugiperda]
TRINITY_DN13111_c1_g1_i10.p1	XP_035451694.2	59.538	519	205	4	7	523	5	520	0.0	623	529	521	98	XP_035451694.2 juvenile hormone esterase-like [Spodoptera frugiperda]
TRINITY_DN13111_c1_g1_i10.p1	XP_050551355.1	40.445	539	294	14	5	524	10	540	4.50e-130	390	529	547	98	XP_050551355.1 esterase FE4-like isoform X3 [Spodoptera frugiperda]
TRINITY_DN13111_c1_g1_i10.p1	XP_035431398.2	41.992	512	271	10	10	510	5	501	1.32e-129	387	529	501	95	XP_035431398.2 juvenile hormone esterase-like [Spodoptera frugiperda]
TRINITY_DN13111_c1_g1_i10.p1	XP_035449447.2	41.267	521	279	13	25	526	30	542	2.38e-129	388	529	547	95	XP_035449447.2 cholinesterase 2-like [Spodoptera frugiperda]
TRINITY_DN13111_c1_g1_i10.p1	XP_050551354.1	39.703	539	298	15	5	524	10	540	1.55e-123	373	529	547	98	XP_050551354.1 esterase FE4-like isoform X2 [Spodoptera frugiperda]
TRINITY_DN13111_c1_g1_i10.p1	XP_050551352.1	39.338	544	294	15	5	524	10	541	9.27e-123	371	529	548	98	XP_050551352.1 cholinesterase 2-like [Spodoptera frugiperda]
TRINITY_DN13111_c1_g1_i10.p1	XP_050551353.1	40.000	520	283	16	25	524	30	540	1.25e-121	368	529	547	95	XP_050551353.1 venom carboxylesterase-6-like isoform X1 [Spodoptera frugiperda]
TRINITY_DN13111_c1_g1_i10.p1	XP_035449861.2	38.971	544	296	15	8	524	7	541	1.99e-120	365	529	548	98	XP_035449861.2 cholinesterase 2-like [Spodoptera frugiperda]
TRINITY_DN13111_c1_g1_i10.p1	XP_035450363.2	39.354	526	302	10	13	524	16	538	2.05e-120	366	529	570	97	XP_035450363.2 esterase B1-like [Spodoptera frugiperda]
TRINITY_DN13111_c1_g1_i10.p1	XP_035449863.2	39.231	520	288	14	25	524	30	541	5.13e-120	364	529	549	95	XP_035449863.2 juvenile hormone esterase-like [Spodoptera frugiperda]
TRINITY_DN13111_c1_g1_i10.p1	XP_035449450.2	38.961	539	302	15	5	524	10	540	6.39e-120	364	529	547	98	XP_035449450.2 esterase FE4-like [Spodoptera frugiperda]
TRINITY_DN13111_c1_g1_i10.p1	XP_035432002.2	37.828	534	305	11	3	518	11	535	4.79e-119	362	529	543	98	XP_035432002.2 cholinesterase 2-like [Spodoptera frugiperda]
TRINITY_DN13111_c1_g1_i10.p1	XP_035450352.2	41.718	489	267	11	40	516	49	531	1.60e-118	360	529	547	90	XP_035450352.2 bile salt-activated lipase [Spodoptera frugiperda]
TRINITY_DN13111_c1_g1_i10.p1	XP_035449830.2	38.104	538	305	13	4	520	1	531	1.36e-114	350	529	549	98	XP_035449830.2 cholinesterase 2-like [Spodoptera frugiperda]
TRINITY_DN13111_c1_g1_i10.p1	XP_050551626.1	37.782	532	293	13	11	522	10	523	3.41e-111	355	529	1092	97	XP_050551626.1 uncharacterized protein LOC118275740 [Spodoptera frugiperda]
TRINITY_DN13111_c1_g1_i10.p1	XP_050551626.1	37.175	538	304	14	10	520	557	1087	1.56e-102	332	529	1092	97	XP_050551626.1 uncharacterized protein LOC118275740 [Spodoptera frugiperda]
TRINITY_DN13111_c1_g1_i10.p1	XP_035449880.2	36.008	511	290	11	33	522	52	546	1.77e-104	325	529	590	93	XP_035449880.2 para-nitrobenzyl esterase-like [Spodoptera frugiperda]
TRINITY_DN13111_c1_g1_i10.p1	XP_035430306.2	36.617	538	306	18	4	520	1	524	2.17e-104	323	529	534	98	XP_035430306.2 bile salt-activated lipase [Spodoptera frugiperda]
TRINITY_DN13111_c1_g1_i10.p1	XP_035457497.2	34.906	530	304	17	1	517	1	502	1.33e-89	285	529	522	98	XP_035457497.2 cholinesterase 1 [Spodoptera frugiperda]
TRINITY_DN13111_c1_g1_i10.p1	XP_050550706.1	31.387	548	335	17	5	524	11	545	3.01e-74	245	529	545	98	XP_050550706.1 cholinesterase 2-like [Spodoptera frugiperda]
TRINITY_DN13111_c1_g1_i10.p1	XP_050550705.1	31.387	548	335	17	5	524	11	545	3.01e-74	245	529	545	98	XP_050550705.1 cholinesterase 2-like [Spodoptera frugiperda]
TRINITY_DN13111_c1_g1_i10.p1	XP_035459069.2	32.222	540	327	18	10	524	12	537	5.65e-67	226	529	544	97	XP_035459069.2 LOW QUALITY PROTEIN: esterase FE4 [Spodoptera frugiperda]
TRINITY_DN13111_c1_g1_i10.p1	XP_035435396.2	32.325	529	321	16	25	525	22	541	6.23e-66	224	529	560	95	XP_035435396.2 juvenile hormone esterase isoform X2 [Spodoptera frugiperda]
TRINITY_DN13111_c1_g1_i10.p1	XP_035435395.2	32.325	529	321	16	25	525	22	541	6.23e-66	224	529	560	95	XP_035435395.2 juvenile hormone esterase isoform X2 [Spodoptera frugiperda]
TRINITY_DN13111_c1_g1_i10.p1	XP_035435394.2	32.325	529	321	16	25	525	63	582	1.55e-65	224	529	601	95	XP_035435394.2 juvenile hormone esterase isoform X1 [Spodoptera frugiperda]
TRINITY_DN13111_c1_g1_i13.p1	XP_035451693.2	66.730	526	169	3	7	528	5	528	0.0	725	529	528	99	XP_035451693.2 juvenile hormone esterase [Spodoptera frugiperda]
TRINITY_DN13111_c1_g1_i13.p1	XP_035451694.2	59.538	519	205	4	7	523	5	520	0.0	623	529	521	98	XP_035451694.2 juvenile hormone esterase-like [Spodoptera frugiperda]
TRINITY_DN13111_c1_g1_i13.p1	XP_050551355.1	40.445	539	294	14	5	524	10	540	4.50e-130	390	529	547	98	XP_050551355.1 esterase FE4-like isoform X3 [Spodoptera frugiperda]
TRINITY_DN13111_c1_g1_i13.p1	XP_035431398.2	41.992	512	271	10	10	510	5	501	1.32e-129	387	529	501	95	XP_035431398.2 juvenile hormone esterase-like [Spodoptera frugiperda]
TRINITY_DN13111_c1_g1_i13.p1	XP_035449447.2	41.267	521	279	13	25	526	30	542	2.38e-129	388	529	547	95	XP_035449447.2 cholinesterase 2-like [Spodoptera frugiperda]
TRINITY_DN13111_c1_g1_i13.p1	XP_050551354.1	39.703	539	298	15	5	524	10	540	1.55e-123	373	529	547	98	XP_050551354.1 esterase FE4-like isoform X2 [Spodoptera frugiperda]
TRINITY_DN13111_c1_g1_i13.p1	XP_050551352.1	39.338	544	294	15	5	524	10	541	9.27e-123	371	529	548	98	XP_050551352.1 cholinesterase 2-like [Spodoptera frugiperda]
TRINITY_DN13111_c1_g1_i13.p1	XP_050551353.1	40.000	520	283	16	25	524	30	540	1.25e-121	368	529	547	95	XP_050551353.1 venom carboxylesterase-6-like isoform X1 [Spodoptera frugiperda]
TRINITY_DN13111_c1_g1_i13.p1	XP_035449861.2	38.971	544	296	15	8	524	7	541	1.99e-120	365	529	548	98	XP_035449861.2 cholinesterase 2-like [Spodoptera frugiperda]
TRINITY_DN13111_c1_g1_i13.p1	XP_035450363.2	39.354	526	302	10	13	524	16	538	2.05e-120	366	529	570	97	XP_035450363.2 esterase B1-like [Spodoptera frugiperda]
TRINITY_DN13111_c1_g1_i13.p1	XP_035449863.2	39.231	520	288	14	25	524	30	541	5.13e-120	364	529	549	95	XP_035449863.2 juvenile hormone esterase-like [Spodoptera frugiperda]
TRINITY_DN13111_c1_g1_i13.p1	XP_035449450.2	38.961	539	302	15	5	524	10	540	6.39e-120	364	529	547	98	XP_035449450.2 esterase FE4-like [Spodoptera frugiperda]
TRINITY_DN13111_c1_g1_i13.p1	XP_035432002.2	37.828	534	305	11	3	518	11	535	4.79e-119	362	529	543	98	XP_035432002.2 cholinesterase 2-like [Spodoptera frugiperda]
TRINITY_DN13111_c1_g1_i13.p1	XP_035450352.2	41.718	489	267	11	40	516	49	531	1.60e-118	360	529	547	90	XP_035450352.2 bile salt-activated lipase [Spodoptera frugiperda]
TRINITY_DN13111_c1_g1_i13.p1	XP_035449830.2	38.104	538	305	13	4	520	1	531	1.36e-114	350	529	549	98	XP_035449830.2 cholinesterase 2-like [Spodoptera frugiperda]
TRINITY_DN13111_c1_g1_i13.p1	XP_050551626.1	37.782	532	293	13	11	522	10	523	3.41e-111	355	529	1092	97	XP_050551626.1 uncharacterized protein LOC118275740 [Spodoptera frugiperda]
TRINITY_DN13111_c1_g1_i13.p1	XP_050551626.1	37.175	538	304	14	10	520	557	1087	1.56e-102	332	529	1092	97	XP_050551626.1 uncharacterized protein LOC118275740 [Spodoptera frugiperda]
TRINITY_DN13111_c1_g1_i13.p1	XP_035449880.2	36.008	511	290	11	33	522	52	546	1.77e-104	325	529	590	93	XP_035449880.2 para-nitrobenzyl esterase-like [Spodoptera frugiperda]
TRINITY_DN13111_c1_g1_i13.p1	XP_035430306.2	36.617	538	306	18	4	520	1	524	2.17e-104	323	529	534	98	XP_035430306.2 bile salt-activated lipase [Spodoptera frugiperda]
TRINITY_DN13111_c1_g1_i13.p1	XP_035457497.2	34.906	530	304	17	1	517	1	502	1.33e-89	285	529	522	98	XP_035457497.2 cholinesterase 1 [Spodoptera frugiperda]
TRINITY_DN13111_c1_g1_i13.p1	XP_050550706.1	31.387	548	335	17	5	524	11	545	3.01e-74	245	529	545	98	XP_050550706.1 cholinesterase 2-like [Spodoptera frugiperda]
TRINITY_DN13111_c1_g1_i13.p1	XP_050550705.1	31.387	548	335	17	5	524	11	545	3.01e-74	245	529	545	98	XP_050550705.1 cholinesterase 2-like [Spodoptera frugiperda]
TRINITY_DN13111_c1_g1_i13.p1	XP_035459069.2	32.222	540	327	18	10	524	12	537	5.65e-67	226	529	544	97	XP_035459069.2 LOW QUALITY PROTEIN: esterase FE4 [Spodoptera frugiperda]
TRINITY_DN13111_c1_g1_i13.p1	XP_035435396.2	32.325	529	321	16	25	525	22	541	6.23e-66	224	529	560	95	XP_035435396.2 juvenile hormone esterase isoform X2 [Spodoptera frugiperda]
TRINITY_DN13111_c1_g1_i13.p1	XP_035435395.2	32.325	529	321	16	25	525	22	541	6.23e-66	224	529	560	95	XP_035435395.2 juvenile hormone esterase isoform X2 [Spodoptera frugiperda]
TRINITY_DN13111_c1_g1_i13.p1	XP_035435394.2	32.325	529	321	16	25	525	63	582	1.55e-65	224	529	601	95	XP_035435394.2 juvenile hormone esterase isoform X1 [Spodoptera frugiperda]
TRINITY_DN13111_c1_g1_i3.p1	XP_035451693.2	66.258	489	154	3	7	491	5	486	0.0	659	498	528	97	XP_035451693.2 juvenile hormone esterase [Spodoptera frugiperda]
TRINITY_DN13111_c1_g1_i3.p1	XP_035451694.2	58.511	470	190	4	7	474	5	471	0.0	549	498	521	94	XP_035451694.2 juvenile hormone esterase-like [Spodoptera frugiperda]
TRINITY_DN13111_c1_g1_i3.p1	XP_035431398.2	41.474	475	252	10	10	473	5	464	3.01e-115	349	498	501	93	XP_035431398.2 juvenile hormone esterase-like [Spodoptera frugiperda]
TRINITY_DN13111_c1_g1_i3.p1	XP_050551355.1	39.526	506	274	15	5	491	10	502	3.50e-109	335	498	547	98	XP_050551355.1 esterase FE4-like isoform X3 [Spodoptera frugiperda]
TRINITY_DN13111_c1_g1_i3.p1	XP_035449447.2	40.246	487	257	16	25	491	30	502	2.08e-107	330	498	547	94	XP_035449447.2 cholinesterase 2-like [Spodoptera frugiperda]
TRINITY_DN13111_c1_g1_i3.p1	XP_035432002.2	37.081	507	292	11	3	491	11	508	4.75e-105	324	498	543	98	XP_035432002.2 cholinesterase 2-like [Spodoptera frugiperda]
TRINITY_DN13111_c1_g1_i3.p1	XP_035450363.2	38.912	478	275	10	13	476	16	490	6.47e-104	322	498	570	93	XP_035450363.2 esterase B1-like [Spodoptera frugiperda]
TRINITY_DN13111_c1_g1_i3.p1	XP_050551354.1	38.878	499	273	16	5	484	10	495	1.09e-101	316	498	547	96	XP_050551354.1 esterase FE4-like isoform X2 [Spodoptera frugiperda]
TRINITY_DN13111_c1_g1_i3.p1	XP_050551352.1	38.160	511	275	16	5	491	10	503	3.32e-101	315	498	548	98	XP_050551352.1 cholinesterase 2-like [Spodoptera frugiperda]
TRINITY_DN13111_c1_g1_i3.p1	XP_035449863.2	38.115	488	269	15	25	492	30	504	2.30e-100	312	498	549	94	XP_035449863.2 juvenile hormone esterase-like [Spodoptera frugiperda]
TRINITY_DN13111_c1_g1_i3.p1	XP_050551353.1	39.167	480	258	17	25	484	30	495	3.53e-100	312	498	547	92	XP_050551353.1 venom carboxylesterase-6-like isoform X1 [Spodoptera frugiperda]
TRINITY_DN13111_c1_g1_i3.p1	XP_035449861.2	37.451	510	283	15	8	490	7	507	7.68e-100	311	498	548	97	XP_035449861.2 cholinesterase 2-like [Spodoptera frugiperda]
TRINITY_DN13111_c1_g1_i3.p1	XP_035450352.2	39.394	462	262	11	40	489	49	504	2.40e-99	310	498	547	90	XP_035450352.2 bile salt-activated lipase [Spodoptera frugiperda]
TRINITY_DN13111_c1_g1_i3.p1	XP_035449450.2	38.076	499	277	16	5	484	10	495	3.11e-98	307	498	547	96	XP_035449450.2 esterase FE4-like [Spodoptera frugiperda]
TRINITY_DN13111_c1_g1_i3.p1	XP_035449830.2	36.811	508	293	13	4	490	1	501	7.56e-98	306	498	549	98	XP_035449830.2 cholinesterase 2-like [Spodoptera frugiperda]
TRINITY_DN13111_c1_g1_i3.p1	XP_050551626.1	37.552	482	263	13	11	472	10	473	2.14e-93	306	498	1092	94	XP_050551626.1 uncharacterized protein LOC118275740 [Spodoptera frugiperda]
TRINITY_DN13111_c1_g1_i3.p1	XP_050551626.1	36.566	495	279	14	8	474	554	1041	2.10e-88	293	498	1092	94	XP_050551626.1 uncharacterized protein LOC118275740 [Spodoptera frugiperda]
TRINITY_DN13111_c1_g1_i3.p1	XP_035430306.2	36.436	505	288	17	4	489	1	491	6.34e-93	293	498	534	98	XP_035430306.2 bile salt-activated lipase [Spodoptera frugiperda]
TRINITY_DN13111_c1_g1_i3.p1	XP_035449880.2	35.498	462	261	11	33	473	52	497	1.14e-88	283	498	590	89	XP_035449880.2 para-nitrobenzyl esterase-like [Spodoptera frugiperda]
TRINITY_DN13111_c1_g1_i3.p1	XP_035457497.2	35.124	484	274	16	1	472	1	456	9.50e-81	261	498	522	95	XP_035457497.2 cholinesterase 1 [Spodoptera frugiperda]
TRINITY_DN13111_c1_g1_i3.p1	XP_050550706.1	32.816	515	301	18	5	491	11	508	7.41e-71	235	498	545	98	XP_050550706.1 cholinesterase 2-like [Spodoptera frugiperda]
TRINITY_DN13111_c1_g1_i3.p1	XP_050550705.1	32.816	515	301	18	5	491	11	508	7.41e-71	235	498	545	98	XP_050550705.1 cholinesterase 2-like [Spodoptera frugiperda]
TRINITY_DN13111_c1_g1_i3.p1	XP_035435396.2	33.535	495	292	16	25	491	22	507	1.73e-63	216	498	560	94	XP_035435396.2 juvenile hormone esterase isoform X2 [Spodoptera frugiperda]
TRINITY_DN13111_c1_g1_i3.p1	XP_035435395.2	33.535	495	292	16	25	491	22	507	1.73e-63	216	498	560	94	XP_035435395.2 juvenile hormone esterase isoform X2 [Spodoptera frugiperda]
TRINITY_DN13111_c1_g1_i3.p1	XP_035435394.2	33.535	495	292	16	25	491	63	548	2.60e-63	217	498	601	94	XP_035435394.2 juvenile hormone esterase isoform X1 [Spodoptera frugiperda]
TRINITY_DN13111_c1_g1_i3.p1	XP_035459069.2	32.720	489	296	15	10	473	12	492	7.92e-63	214	498	544	93	XP_035459069.2 LOW QUALITY PROTEIN: esterase FE4 [Spodoptera frugiperda]
TRINITY_DN1740_c0_g3_i1.p1	XP_035459067.2	69.759	539	162	1	1	538	1	539	0.0	831	539	546	99	XP_035459067.2 bile salt-activated lipase [Spodoptera frugiperda]
TRINITY_DN1740_c0_g3_i1.p1	XP_035459069.2	58.813	539	219	1	1	536	1	539	0.0	674	539	544	99	XP_035459069.2 LOW QUALITY PROTEIN: esterase FE4 [Spodoptera frugiperda]
TRINITY_DN1740_c0_g3_i1.p1	XP_035435396.2	45.037	544	284	8	5	538	2	540	2.42e-163	476	539	560	99	XP_035435396.2 juvenile hormone esterase isoform X2 [Spodoptera frugiperda]
TRINITY_DN1740_c0_g3_i1.p1	XP_035435395.2	45.037	544	284	8	5	538	2	540	2.42e-163	476	539	560	99	XP_035435395.2 juvenile hormone esterase isoform X2 [Spodoptera frugiperda]
TRINITY_DN1740_c0_g3_i1.p1	XP_035435394.2	45.037	544	284	8	5	538	43	581	6.31e-163	476	539	601	99	XP_035435394.2 juvenile hormone esterase isoform X1 [Spodoptera frugiperda]
TRINITY_DN1740_c0_g3_i1.p1	XP_035446627.2	45.138	545	278	12	5	535	6	543	1.14e-152	448	539	545	99	XP_035446627.2 juvenile hormone esterase-like [Spodoptera frugiperda]
TRINITY_DN1740_c0_g3_i1.p1	XP_050550706.1	41.220	541	308	6	1	536	8	543	1.44e-145	430	539	545	99	XP_050550706.1 cholinesterase 2-like [Spodoptera frugiperda]
TRINITY_DN1740_c0_g3_i1.p1	XP_050550705.1	41.220	541	308	6	1	536	8	543	1.44e-145	430	539	545	99	XP_050550705.1 cholinesterase 2-like [Spodoptera frugiperda]
TRINITY_DN1740_c0_g3_i1.p1	XP_050550661.1	40.406	542	309	9	5	538	7	542	6.14e-133	398	539	547	99	XP_050550661.1 juvenile hormone esterase [Spodoptera frugiperda]
TRINITY_DN1740_c0_g3_i1.p1	XP_035435674.2	40.406	542	309	9	5	538	7	542	6.14e-133	398	539	547	99	XP_035435674.2 juvenile hormone esterase [Spodoptera frugiperda]
TRINITY_DN1740_c0_g3_i1.p1	XP_035434119.2	37.684	544	308	13	5	537	20	543	5.43e-119	362	539	543	99	XP_035434119.2 esterase FE4-like [Spodoptera frugiperda]
TRINITY_DN1740_c0_g3_i1.p1	XP_035449447.2	39.771	523	300	10	23	539	28	541	7.94e-118	359	539	547	96	XP_035449447.2 cholinesterase 2-like [Spodoptera frugiperda]
TRINITY_DN1740_c0_g3_i1.p1	XP_050551352.1	40.189	530	289	13	23	539	28	542	2.70e-113	347	539	548	96	XP_050551352.1 cholinesterase 2-like [Spodoptera frugiperda]
TRINITY_DN1740_c0_g3_i1.p1	XP_050551355.1	39.197	523	303	11	23	539	28	541	2.80e-113	347	539	547	96	XP_050551355.1 esterase FE4-like isoform X3 [Spodoptera frugiperda]
TRINITY_DN1740_c0_g3_i1.p1	XP_050551353.1	37.859	523	310	10	23	539	28	541	4.07e-113	347	539	547	96	XP_050551353.1 venom carboxylesterase-6-like isoform X1 [Spodoptera frugiperda]
TRINITY_DN1740_c0_g3_i1.p1	XP_035449450.2	37.859	523	310	10	23	539	28	541	1.58e-112	345	539	547	96	XP_035449450.2 esterase FE4-like [Spodoptera frugiperda]
TRINITY_DN1740_c0_g3_i1.p1	XP_050551354.1	38.623	523	306	10	23	539	28	541	2.53e-112	345	539	547	96	XP_050551354.1 esterase FE4-like isoform X2 [Spodoptera frugiperda]
TRINITY_DN1740_c0_g3_i1.p1	XP_035428785.2	38.606	531	296	14	23	532	4	525	2.42e-111	342	539	537	95	XP_035428785.2 juvenile hormone esterase isoform X2 [Spodoptera frugiperda]
TRINITY_DN1740_c0_g3_i1.p1	XP_035428784.2	38.606	531	296	14	23	532	31	552	6.13e-111	342	539	564	95	XP_035428784.2 juvenile hormone esterase isoform X1 [Spodoptera frugiperda]
TRINITY_DN1740_c0_g3_i1.p1	XP_035449861.2	38.857	525	303	12	23	539	28	542	3.98e-110	339	539	548	96	XP_035449861.2 cholinesterase 2-like [Spodoptera frugiperda]
TRINITY_DN1740_c0_g3_i1.p1	XP_035430306.2	38.364	550	290	20	6	534	3	524	2.53e-107	331	539	534	98	XP_035430306.2 bile salt-activated lipase [Spodoptera frugiperda]
TRINITY_DN1740_c0_g3_i1.p1	XP_035449863.2	36.882	526	312	11	23	539	28	542	8.00e-107	330	539	549	96	XP_035449863.2 juvenile hormone esterase-like [Spodoptera frugiperda]
TRINITY_DN1740_c0_g3_i1.p1	XP_035450249.2	36.481	540	307	13	24	534	3	535	1.68e-106	329	539	537	95	XP_035450249.2 juvenile hormone esterase [Spodoptera frugiperda]
TRINITY_DN1740_c0_g3_i1.p1	XP_035450363.2	37.571	527	299	12	23	536	27	536	3.03e-104	325	539	570	95	XP_035450363.2 esterase B1-like [Spodoptera frugiperda]
TRINITY_DN1740_c0_g3_i1.p1	XP_035456137.2	36.415	530	311	10	22	536	4	522	9.99e-104	328	539	734	96	XP_035456137.2 juvenile hormone esterase isoform X3 [Spodoptera frugiperda]
TRINITY_DN1740_c0_g3_i3.p1	XP_035459067.2	66.981	424	139	1	1	423	113	536	0.0	639	427	546	99	XP_035459067.2 bile salt-activated lipase [Spodoptera frugiperda]
TRINITY_DN1740_c0_g3_i3.p1	XP_035459069.2	52.358	424	202	0	1	424	116	539	1.34e-166	479	427	544	99	XP_035459069.2 LOW QUALITY PROTEIN: esterase FE4 [Spodoptera frugiperda]
TRINITY_DN1740_c0_g3_i3.p1	XP_035435396.2	43.349	436	232	8	1	426	110	540	8.03e-119	358	427	560	99	XP_035435396.2 juvenile hormone esterase isoform X2 [Spodoptera frugiperda]
TRINITY_DN1740_c0_g3_i3.p1	XP_035435395.2	43.349	436	232	8	1	426	110	540	8.03e-119	358	427	560	99	XP_035435395.2 juvenile hormone esterase isoform X2 [Spodoptera frugiperda]
TRINITY_DN1740_c0_g3_i3.p1	XP_035435394.2	43.349	436	232	8	1	426	151	581	2.54e-118	358	427	601	99	XP_035435394.2 juvenile hormone esterase isoform X1 [Spodoptera frugiperda]
TRINITY_DN1740_c0_g3_i3.p1	XP_035446627.2	44.548	431	224	9	1	423	120	543	1.59e-116	351	427	545	99	XP_035446627.2 juvenile hormone esterase-like [Spodoptera frugiperda]
TRINITY_DN1740_c0_g3_i3.p1	XP_050550706.1	41.121	428	245	4	1	424	119	543	1.83e-113	343	427	545	99	XP_050550706.1 cholinesterase 2-like [Spodoptera frugiperda]
TRINITY_DN1740_c0_g3_i3.p1	XP_050550705.1	41.121	428	245	4	1	424	119	543	1.83e-113	343	427	545	99	XP_050550705.1 cholinesterase 2-like [Spodoptera frugiperda]
TRINITY_DN1740_c0_g3_i3.p1	XP_050550661.1	39.907	431	250	6	1	426	116	542	2.02e-103	318	427	547	99	XP_050550661.1 juvenile hormone esterase [Spodoptera frugiperda]
TRINITY_DN1740_c0_g3_i3.p1	XP_035435674.2	39.907	431	250	6	1	426	116	542	2.02e-103	318	427	547	99	XP_035435674.2 juvenile hormone esterase [Spodoptera frugiperda]
TRINITY_DN1740_c0_g3_i3.p1	XP_035434119.2	39.723	433	240	9	1	425	124	543	4.31e-102	314	427	543	99	XP_035434119.2 esterase FE4-like [Spodoptera frugiperda]
TRINITY_DN1740_c0_g3_i3.p1	XP_035449447.2	40.603	431	245	7	1	427	118	541	1.87e-96	300	427	547	100	XP_035449447.2 cholinesterase 2-like [Spodoptera frugiperda]
TRINITY_DN1740_c0_g3_i3.p1	XP_050551355.1	39.041	438	242	8	1	427	118	541	1.85e-93	292	427	547	100	XP_050551355.1 esterase FE4-like isoform X3 [Spodoptera frugiperda]
TRINITY_DN1740_c0_g3_i3.p1	XP_050551352.1	40.639	438	236	10	1	427	118	542	1.04e-92	290	427	548	100	XP_050551352.1 cholinesterase 2-like [Spodoptera frugiperda]
TRINITY_DN1740_c0_g3_i3.p1	XP_050551353.1	38.747	431	253	7	1	427	118	541	2.50e-92	289	427	547	100	XP_050551353.1 venom carboxylesterase-6-like isoform X1 [Spodoptera frugiperda]
TRINITY_DN1740_c0_g3_i3.p1	XP_050551354.1	38.979	431	252	7	1	427	118	541	3.23e-92	289	427	547	100	XP_050551354.1 esterase FE4-like isoform X2 [Spodoptera frugiperda]
TRINITY_DN1740_c0_g3_i3.p1	XP_035449450.2	38.515	431	254	7	1	427	118	541	2.37e-91	286	427	547	100	XP_035449450.2 esterase FE4-like [Spodoptera frugiperda]
TRINITY_DN1740_c0_g3_i3.p1	XP_035449861.2	40.046	432	247	8	1	427	118	542	3.66e-91	286	427	548	100	XP_035449861.2 cholinesterase 2-like [Spodoptera frugiperda]
TRINITY_DN1740_c0_g3_i3.p1	XP_035428785.2	37.875	433	247	7	1	420	102	525	7.32e-90	282	427	537	98	XP_035428785.2 juvenile hormone esterase isoform X2 [Spodoptera frugiperda]
TRINITY_DN1740_c0_g3_i3.p1	XP_035428784.2	37.875	433	247	7	1	420	129	552	1.42e-89	282	427	564	98	XP_035428784.2 juvenile hormone esterase isoform X1 [Spodoptera frugiperda]
TRINITY_DN1740_c0_g3_i3.p1	XP_035449863.2	36.866	434	258	8	1	427	118	542	1.17e-84	269	427	549	100	XP_035449863.2 juvenile hormone esterase-like [Spodoptera frugiperda]
TRINITY_DN1740_c0_g3_i3.p1	XP_035430306.2	38.497	439	226	16	1	422	113	524	1.29e-82	263	427	534	99	XP_035430306.2 bile salt-activated lipase [Spodoptera frugiperda]
TRINITY_DN1740_c0_g3_i3.p1	XP_035456137.2	34.873	433	262	7	1	424	101	522	2.55e-81	265	427	734	99	XP_035456137.2 juvenile hormone esterase isoform X3 [Spodoptera frugiperda]
TRINITY_DN1740_c0_g3_i3.p1	XP_035456136.2	34.873	433	262	7	1	424	101	522	2.55e-81	265	427	734	99	XP_035456136.2 juvenile hormone esterase isoform X3 [Spodoptera frugiperda]
TRINITY_DN1740_c0_g3_i3.p1	XP_035456135.2	34.873	433	262	7	1	424	117	538	3.07e-81	265	427	750	99	XP_035456135.2 juvenile hormone esterase isoform X2 [Spodoptera frugiperda]
TRINITY_DN22_c1_g1_i1.p2	XP_035445144.1	86.446	332	45	0	1	332	1	332	0.0	599	333	332	99	XP_035445144.1 uncharacterized protein LOC118272630 [Spodoptera frugiperda]
TRINITY_DN22_c1_g1_i1.p2	XP_035445351.2	80.240	334	64	1	1	332	1	334	0.0	560	333	334	99	XP_035445351.2 uncharacterized protein LOC118272781 [Spodoptera frugiperda]
TRINITY_DN22_c1_g1_i1.p2	XP_035449125.2	37.377	305	170	5	20	318	39	328	2.79e-43	156	333	508	90	XP_035449125.2 cysteine synthase [Spodoptera frugiperda]
TRINITY_DN22_c1_g1_i1.p2	XP_050551621.1	34.853	307	186	6	17	318	12	309	1.14e-33	132	333	1017	92	XP_050551621.1 uncharacterized protein LOC118275758 [Spodoptera frugiperda]
TRINITY_DN22_c1_g1_i1.p2	XP_050551621.1	32.362	309	195	7	22	323	551	852	3.23e-33	130	333	1017	92	XP_050551621.1 uncharacterized protein LOC118275758 [Spodoptera frugiperda]
TRINITY_DN22_c1_g1_i1.p2	XP_035449931.1	27.586	145	92	5	80	224	89	220	4.45e-04	42.4	333	447	44	XP_035449931.1 L-threonine ammonia-lyase [Spodoptera frugiperda]
TRINITY_DN22_c1_g1_i1.p1	XP_050549265.1	81.106	434	82	0	1	434	99	532	0.0	730	435	532	99	XP_050549265.1 juvenile hormone esterase-like [Spodoptera frugiperda]
TRINITY_DN22_c1_g1_i1.p1	XP_050549264.1	81.106	434	82	0	1	434	99	532	0.0	730	435	532	99	XP_050549264.1 juvenile hormone esterase-like [Spodoptera frugiperda]
TRINITY_DN22_c1_g1_i1.p1	XP_035444720.2	72.644	435	118	1	1	434	100	534	0.0	647	435	534	99	XP_035444720.2 juvenile hormone esterase [Spodoptera frugiperda]
TRINITY_DN22_c1_g1_i1.p1	XP_035444718.2	41.935	434	243	7	5	434	101	529	4.17e-111	337	435	532	99	XP_035444718.2 juvenile hormone esterase [Spodoptera frugiperda]
TRINITY_DN22_c1_g1_i1.p1	XP_050550706.1	41.315	426	211	17	2	409	114	518	3.60e-82	263	435	545	94	XP_050550706.1 cholinesterase 2-like [Spodoptera frugiperda]
TRINITY_DN22_c1_g1_i1.p1	XP_050550705.1	41.315	426	211	17	2	409	114	518	3.60e-82	263	435	545	94	XP_050550705.1 cholinesterase 2-like [Spodoptera frugiperda]
TRINITY_DN22_c1_g1_i1.p1	XP_035435396.2	37.045	440	260	10	4	434	107	538	8.95e-78	252	435	560	99	XP_035435396.2 juvenile hormone esterase isoform X2 [Spodoptera frugiperda]
TRINITY_DN22_c1_g1_i1.p1	XP_035435395.2	37.045	440	260	10	4	434	107	538	8.95e-78	252	435	560	99	XP_035435395.2 juvenile hormone esterase isoform X2 [Spodoptera frugiperda]
TRINITY_DN22_c1_g1_i1.p1	XP_035449447.2	35.892	443	256	12	4	434	115	541	1.23e-77	251	435	547	99	XP_035449447.2 cholinesterase 2-like [Spodoptera frugiperda]
TRINITY_DN22_c1_g1_i1.p1	XP_035435394.2	37.045	440	260	10	4	434	148	579	1.64e-77	252	435	601	99	XP_035435394.2 juvenile hormone esterase isoform X1 [Spodoptera frugiperda]
TRINITY_DN22_c1_g1_i1.p1	XP_035449861.2	36.629	445	246	11	4	433	115	538	9.44e-77	249	435	548	99	XP_035449861.2 cholinesterase 2-like [Spodoptera frugiperda]
TRINITY_DN22_c1_g1_i1.p1	XP_050551352.1	36.795	443	255	12	3	434	114	542	9.64e-77	249	435	548	99	XP_050551352.1 cholinesterase 2-like [Spodoptera frugiperda]
TRINITY_DN22_c1_g1_i1.p1	XP_035428785.2	35.535	439	255	13	4	428	99	523	5.61e-75	244	435	537	98	XP_035428785.2 juvenile hormone esterase isoform X2 [Spodoptera frugiperda]
TRINITY_DN22_c1_g1_i1.p1	XP_035428784.2	36.028	433	249	13	4	422	126	544	1.01e-74	244	435	564	96	XP_035428784.2 juvenile hormone esterase isoform X1 [Spodoptera frugiperda]
TRINITY_DN22_c1_g1_i1.p1	XP_050551354.1	35.426	446	252	12	3	434	114	537	3.52e-74	242	435	547	99	XP_050551354.1 esterase FE4-like isoform X2 [Spodoptera frugiperda]
TRINITY_DN22_c1_g1_i1.p1	XP_050551353.1	35.281	445	252	12	4	434	115	537	4.63e-74	242	435	547	99	XP_050551353.1 venom carboxylesterase-6-like isoform X1 [Spodoptera frugiperda]
TRINITY_DN22_c1_g1_i1.p1	XP_035449450.2	35.080	439	261	11	4	434	115	537	7.86e-74	241	435	547	99	XP_035449450.2 esterase FE4-like [Spodoptera frugiperda]
TRINITY_DN22_c1_g1_i1.p1	XP_035456137.2	35.794	447	253	12	2	434	96	522	1.76e-73	244	435	734	99	XP_035456137.2 juvenile hormone esterase isoform X3 [Spodoptera frugiperda]
TRINITY_DN22_c1_g1_i1.p1	XP_035456136.2	35.794	447	253	12	2	434	96	522	1.76e-73	244	435	734	99	XP_035456136.2 juvenile hormone esterase isoform X3 [Spodoptera frugiperda]
TRINITY_DN22_c1_g1_i1.p1	XP_035456135.2	35.794	447	253	12	2	434	112	538	3.05e-73	244	435	750	99	XP_035456135.2 juvenile hormone esterase isoform X2 [Spodoptera frugiperda]
TRINITY_DN22_c1_g1_i1.p1	XP_035456134.2	35.794	447	253	12	2	434	206	632	8.90e-73	245	435	844	99	XP_035456134.2 juvenile hormone esterase isoform X1 [Spodoptera frugiperda]
TRINITY_DN22_c1_g1_i1.p1	XP_035446627.2	36.261	444	247	13	4	434	117	537	3.42e-72	237	435	545	99	XP_035446627.2 juvenile hormone esterase-like [Spodoptera frugiperda]
TRINITY_DN22_c1_g1_i1.p1	XP_035449615.1	36.957	460	237	16	4	432	193	630	5.30e-72	239	435	645	99	XP_035449615.1 venom carboxylesterase-6 [Spodoptera frugiperda]
TRINITY_DN22_c1_g1_i1.p1	XP_035449614.1	36.957	460	237	16	4	432	193	630	5.30e-72	239	435	645	99	XP_035449614.1 venom carboxylesterase-6 [Spodoptera frugiperda]
TRINITY_DN22_c1_g1_i1.p1	XP_050551355.1	35.147	441	260	12	3	434	114	537	6.53e-72	236	435	547	99	XP_050551355.1 esterase FE4-like isoform X3 [Spodoptera frugiperda]
TRINITY_DN22_c1_g1_i12.p1	XP_050549265.1	81.136	493	92	1	1	493	41	532	0.0	835	494	532	99	XP_050549265.1 juvenile hormone esterase-like [Spodoptera frugiperda]
TRINITY_DN22_c1_g1_i12.p1	XP_050549264.1	81.136	493	92	1	1	493	41	532	0.0	835	494	532	99	XP_050549264.1 juvenile hormone esterase-like [Spodoptera frugiperda]
TRINITY_DN22_c1_g1_i12.p1	XP_035444720.2	72.874	494	133	1	1	493	41	534	0.0	748	494	534	99	XP_035444720.2 juvenile hormone esterase [Spodoptera frugiperda]
TRINITY_DN22_c1_g1_i12.p1	XP_035444718.2	41.851	497	276	9	1	493	42	529	1.97e-127	381	494	532	99	XP_035444718.2 juvenile hormone esterase [Spodoptera frugiperda]
TRINITY_DN22_c1_g1_i12.p1	XP_035456137.2	36.489	507	281	14	1	493	43	522	5.96e-90	290	494	734	99	XP_035456137.2 juvenile hormone esterase isoform X3 [Spodoptera frugiperda]
TRINITY_DN22_c1_g1_i12.p1	XP_035456136.2	36.489	507	281	14	1	493	43	522	5.96e-90	290	494	734	99	XP_035456136.2 juvenile hormone esterase isoform X3 [Spodoptera frugiperda]
TRINITY_DN22_c1_g1_i12.p1	XP_035456135.2	36.489	507	281	14	1	493	59	538	9.66e-90	290	494	750	99	XP_035456135.2 juvenile hormone esterase isoform X2 [Spodoptera frugiperda]
TRINITY_DN22_c1_g1_i12.p1	XP_050550706.1	40.909	484	239	21	3	468	64	518	1.11e-89	285	494	545	94	XP_050550706.1 cholinesterase 2-like [Spodoptera frugiperda]
TRINITY_DN22_c1_g1_i12.p1	XP_050550705.1	40.909	484	239	21	3	468	64	518	1.11e-89	285	494	545	94	XP_050550705.1 cholinesterase 2-like [Spodoptera frugiperda]
TRINITY_DN22_c1_g1_i12.p1	XP_035456134.2	36.489	507	281	14	1	493	153	632	4.66e-89	290	494	844	99	XP_035456134.2 juvenile hormone esterase isoform X1 [Spodoptera frugiperda]
TRINITY_DN22_c1_g1_i12.p1	XP_035435396.2	35.800	500	295	13	3	493	56	538	2.09e-83	268	494	560	99	XP_035435396.2 juvenile hormone esterase isoform X2 [Spodoptera frugiperda]
TRINITY_DN22_c1_g1_i12.p1	XP_035435395.2	35.800	500	295	13	3	493	56	538	2.09e-83	268	494	560	99	XP_035435395.2 juvenile hormone esterase isoform X2 [Spodoptera frugiperda]
TRINITY_DN22_c1_g1_i12.p1	XP_035435394.2	35.800	500	295	13	3	493	97	579	3.73e-83	269	494	601	99	XP_035435394.2 juvenile hormone esterase isoform X1 [Spodoptera frugiperda]
TRINITY_DN22_c1_g1_i12.p1	XP_035449615.1	36.069	524	277	19	1	491	132	630	3.51e-82	268	494	645	99	XP_035449615.1 venom carboxylesterase-6 [Spodoptera frugiperda]
TRINITY_DN22_c1_g1_i12.p1	XP_035449614.1	36.069	524	277	19	1	491	132	630	3.51e-82	268	494	645	99	XP_035449614.1 venom carboxylesterase-6 [Spodoptera frugiperda]
TRINITY_DN22_c1_g1_i12.p1	XP_035428785.2	34.861	502	292	16	1	487	42	523	4.71e-82	265	494	537	99	XP_035428785.2 juvenile hormone esterase isoform X2 [Spodoptera frugiperda]
TRINITY_DN22_c1_g1_i12.p1	XP_035428784.2	34.861	502	292	16	1	487	69	550	6.71e-82	265	494	564	99	XP_035428784.2 juvenile hormone esterase isoform X1 [Spodoptera frugiperda]
TRINITY_DN22_c1_g1_i12.p1	XP_050561842.1	34.578	509	282	18	1	487	38	517	1.37e-81	263	494	528	99	XP_050561842.1 juvenile hormone esterase isoform X4 [Spodoptera frugiperda]
TRINITY_DN22_c1_g1_i12.p1	XP_050561841.1	34.578	509	282	18	1	487	38	517	1.37e-81	263	494	528	99	XP_050561841.1 juvenile hormone esterase isoform X4 [Spodoptera frugiperda]
TRINITY_DN22_c1_g1_i12.p1	XP_050561840.1	34.578	509	282	18	1	487	38	517	1.37e-81	263	494	528	99	XP_050561840.1 juvenile hormone esterase isoform X4 [Spodoptera frugiperda]
TRINITY_DN22_c1_g1_i12.p1	XP_050551352.1	36.515	482	276	14	23	493	80	542	1.87e-81	263	494	548	95	XP_050551352.1 cholinesterase 2-like [Spodoptera frugiperda]
TRINITY_DN22_c1_g1_i12.p1	XP_035434295.2	34.578	509	282	18	1	487	51	530	1.88e-81	263	494	541	99	XP_035434295.2 juvenile hormone esterase isoform X2 [Spodoptera frugiperda]
TRINITY_DN22_c1_g1_i12.p1	XP_035449447.2	35.404	483	279	14	23	493	80	541	1.93e-81	263	494	547	95	XP_035449447.2 cholinesterase 2-like [Spodoptera frugiperda]
TRINITY_DN22_c1_g1_i12.p1	XP_035434296.2	34.578	509	282	18	1	487	47	526	2.00e-81	263	494	537	99	XP_035434296.2 juvenile hormone esterase isoform X3 [Spodoptera frugiperda]
TRINITY_DN22_c1_g1_i12.p1	XP_035434294.2	34.578	509	282	18	1	487	67	546	2.57e-81	263	494	557	99	XP_035434294.2 esterase B1 isoform X1 [Spodoptera frugiperda]
TRINITY_DN22_c1_g1_i12.p2	XP_035445144.1	86.446	332	45	0	1	332	1	332	0.0	599	333	332	99	XP_035445144.1 uncharacterized protein LOC118272630 [Spodoptera frugiperda]
TRINITY_DN22_c1_g1_i12.p2	XP_035445351.2	80.240	334	64	1	1	332	1	334	0.0	560	333	334	99	XP_035445351.2 uncharacterized protein LOC118272781 [Spodoptera frugiperda]
TRINITY_DN22_c1_g1_i12.p2	XP_035449125.2	37.377	305	170	5	20	318	39	328	2.79e-43	156	333	508	90	XP_035449125.2 cysteine synthase [Spodoptera frugiperda]
TRINITY_DN22_c1_g1_i12.p2	XP_050551621.1	34.853	307	186	6	17	318	12	309	1.14e-33	132	333	1017	92	XP_050551621.1 uncharacterized protein LOC118275758 [Spodoptera frugiperda]
TRINITY_DN22_c1_g1_i12.p2	XP_050551621.1	32.362	309	195	7	22	323	551	852	3.23e-33	130	333	1017	92	XP_050551621.1 uncharacterized protein LOC118275758 [Spodoptera frugiperda]
TRINITY_DN22_c1_g1_i12.p2	XP_035449931.1	27.586	145	92	5	80	224	89	220	4.45e-04	42.4	333	447	44	XP_035449931.1 L-threonine ammonia-lyase [Spodoptera frugiperda]
TRINITY_DN22_c1_g1_i13.p2	XP_035445144.1	86.446	332	45	0	1	332	1	332	0.0	599	333	332	99	XP_035445144.1 uncharacterized protein LOC118272630 [Spodoptera frugiperda]
TRINITY_DN22_c1_g1_i13.p2	XP_035445351.2	80.240	334	64	1	1	332	1	334	0.0	560	333	334	99	XP_035445351.2 uncharacterized protein LOC118272781 [Spodoptera frugiperda]
TRINITY_DN22_c1_g1_i13.p2	XP_035449125.2	37.377	305	170	5	20	318	39	328	2.79e-43	156	333	508	90	XP_035449125.2 cysteine synthase [Spodoptera frugiperda]
TRINITY_DN22_c1_g1_i13.p2	XP_050551621.1	34.853	307	186	6	17	318	12	309	1.14e-33	132	333	1017	92	XP_050551621.1 uncharacterized protein LOC118275758 [Spodoptera frugiperda]
TRINITY_DN22_c1_g1_i13.p2	XP_050551621.1	32.362	309	195	7	22	323	551	852	3.23e-33	130	333	1017	92	XP_050551621.1 uncharacterized protein LOC118275758 [Spodoptera frugiperda]
TRINITY_DN22_c1_g1_i13.p2	XP_035449931.1	27.586	145	92	5	80	224	89	220	4.45e-04	42.4	333	447	44	XP_035449931.1 L-threonine ammonia-lyase [Spodoptera frugiperda]
TRINITY_DN22_c1_g1_i13.p1	XP_050549265.1	81.106	434	82	0	1	434	99	532	0.0	730	435	532	99	XP_050549265.1 juvenile hormone esterase-like [Spodoptera frugiperda]
TRINITY_DN22_c1_g1_i13.p1	XP_050549264.1	81.106	434	82	0	1	434	99	532	0.0	730	435	532	99	XP_050549264.1 juvenile hormone esterase-like [Spodoptera frugiperda]
TRINITY_DN22_c1_g1_i13.p1	XP_035444720.2	72.644	435	118	1	1	434	100	534	0.0	647	435	534	99	XP_035444720.2 juvenile hormone esterase [Spodoptera frugiperda]
TRINITY_DN22_c1_g1_i13.p1	XP_035444718.2	41.935	434	243	7	5	434	101	529	4.17e-111	337	435	532	99	XP_035444718.2 juvenile hormone esterase [Spodoptera frugiperda]
TRINITY_DN22_c1_g1_i13.p1	XP_050550706.1	41.315	426	211	17	2	409	114	518	3.60e-82	263	435	545	94	XP_050550706.1 cholinesterase 2-like [Spodoptera frugiperda]
TRINITY_DN22_c1_g1_i13.p1	XP_050550705.1	41.315	426	211	17	2	409	114	518	3.60e-82	263	435	545	94	XP_050550705.1 cholinesterase 2-like [Spodoptera frugiperda]
TRINITY_DN22_c1_g1_i13.p1	XP_035435396.2	37.045	440	260	10	4	434	107	538	8.95e-78	252	435	560	99	XP_035435396.2 juvenile hormone esterase isoform X2 [Spodoptera frugiperda]
TRINITY_DN22_c1_g1_i13.p1	XP_035435395.2	37.045	440	260	10	4	434	107	538	8.95e-78	252	435	560	99	XP_035435395.2 juvenile hormone esterase isoform X2 [Spodoptera frugiperda]
TRINITY_DN22_c1_g1_i13.p1	XP_035449447.2	35.892	443	256	12	4	434	115	541	1.23e-77	251	435	547	99	XP_035449447.2 cholinesterase 2-like [Spodoptera frugiperda]
TRINITY_DN22_c1_g1_i13.p1	XP_035435394.2	37.045	440	260	10	4	434	148	579	1.64e-77	252	435	601	99	XP_035435394.2 juvenile hormone esterase isoform X1 [Spodoptera frugiperda]
TRINITY_DN22_c1_g1_i13.p1	XP_035449861.2	36.629	445	246	11	4	433	115	538	9.44e-77	249	435	548	99	XP_035449861.2 cholinesterase 2-like [Spodoptera frugiperda]
TRINITY_DN22_c1_g1_i13.p1	XP_050551352.1	36.795	443	255	12	3	434	114	542	9.64e-77	249	435	548	99	XP_050551352.1 cholinesterase 2-like [Spodoptera frugiperda]
TRINITY_DN22_c1_g1_i13.p1	XP_035428785.2	35.535	439	255	13	4	428	99	523	5.61e-75	244	435	537	98	XP_035428785.2 juvenile hormone esterase isoform X2 [Spodoptera frugiperda]
TRINITY_DN22_c1_g1_i13.p1	XP_035428784.2	36.028	433	249	13	4	422	126	544	1.01e-74	244	435	564	96	XP_035428784.2 juvenile hormone esterase isoform X1 [Spodoptera frugiperda]
TRINITY_DN22_c1_g1_i13.p1	XP_050551354.1	35.426	446	252	12	3	434	114	537	3.52e-74	242	435	547	99	XP_050551354.1 esterase FE4-like isoform X2 [Spodoptera frugiperda]
TRINITY_DN22_c1_g1_i13.p1	XP_050551353.1	35.281	445	252	12	4	434	115	537	4.63e-74	242	435	547	99	XP_050551353.1 venom carboxylesterase-6-like isoform X1 [Spodoptera frugiperda]
TRINITY_DN22_c1_g1_i13.p1	XP_035449450.2	35.080	439	261	11	4	434	115	537	7.86e-74	241	435	547	99	XP_035449450.2 esterase FE4-like [Spodoptera frugiperda]
TRINITY_DN22_c1_g1_i13.p1	XP_035456137.2	35.794	447	253	12	2	434	96	522	1.76e-73	244	435	734	99	XP_035456137.2 juvenile hormone esterase isoform X3 [Spodoptera frugiperda]
TRINITY_DN22_c1_g1_i13.p1	XP_035456136.2	35.794	447	253	12	2	434	96	522	1.76e-73	244	435	734	99	XP_035456136.2 juvenile hormone esterase isoform X3 [Spodoptera frugiperda]
TRINITY_DN22_c1_g1_i13.p1	XP_035456135.2	35.794	447	253	12	2	434	112	538	3.05e-73	244	435	750	99	XP_035456135.2 juvenile hormone esterase isoform X2 [Spodoptera frugiperda]
TRINITY_DN22_c1_g1_i13.p1	XP_035456134.2	35.794	447	253	12	2	434	206	632	8.90e-73	245	435	844	99	XP_035456134.2 juvenile hormone esterase isoform X1 [Spodoptera frugiperda]
TRINITY_DN22_c1_g1_i13.p1	XP_035446627.2	36.261	444	247	13	4	434	117	537	3.42e-72	237	435	545	99	XP_035446627.2 juvenile hormone esterase-like [Spodoptera frugiperda]
TRINITY_DN22_c1_g1_i13.p1	XP_035449615.1	36.957	460	237	16	4	432	193	630	5.30e-72	239	435	645	99	XP_035449615.1 venom carboxylesterase-6 [Spodoptera frugiperda]
TRINITY_DN22_c1_g1_i13.p1	XP_035449614.1	36.957	460	237	16	4	432	193	630	5.30e-72	239	435	645	99	XP_035449614.1 venom carboxylesterase-6 [Spodoptera frugiperda]
TRINITY_DN22_c1_g1_i13.p1	XP_050551355.1	35.147	441	260	12	3	434	114	537	6.53e-72	236	435	547	99	XP_050551355.1 esterase FE4-like isoform X3 [Spodoptera frugiperda]
TRINITY_DN22_c1_g1_i18.p1	XP_050549265.1	81.106	434	82	0	1	434	99	532	0.0	730	435	532	99	XP_050549265.1 juvenile hormone esterase-like [Spodoptera frugiperda]
TRINITY_DN22_c1_g1_i18.p1	XP_050549264.1	81.106	434	82	0	1	434	99	532	0.0	730	435	532	99	XP_050549264.1 juvenile hormone esterase-like [Spodoptera frugiperda]
TRINITY_DN22_c1_g1_i18.p1	XP_035444720.2	72.644	435	118	1	1	434	100	534	0.0	647	435	534	99	XP_035444720.2 juvenile hormone esterase [Spodoptera frugiperda]
TRINITY_DN22_c1_g1_i18.p1	XP_035444718.2	41.935	434	243	7	5	434	101	529	4.17e-111	337	435	532	99	XP_035444718.2 juvenile hormone esterase [Spodoptera frugiperda]
TRINITY_DN22_c1_g1_i18.p1	XP_050550706.1	41.315	426	211	17	2	409	114	518	3.60e-82	263	435	545	94	XP_050550706.1 cholinesterase 2-like [Spodoptera frugiperda]
TRINITY_DN22_c1_g1_i18.p1	XP_050550705.1	41.315	426	211	17	2	409	114	518	3.60e-82	263	435	545	94	XP_050550705.1 cholinesterase 2-like [Spodoptera frugiperda]
TRINITY_DN22_c1_g1_i18.p1	XP_035435396.2	37.045	440	260	10	4	434	107	538	8.95e-78	252	435	560	99	XP_035435396.2 juvenile hormone esterase isoform X2 [Spodoptera frugiperda]
TRINITY_DN22_c1_g1_i18.p1	XP_035435395.2	37.045	440	260	10	4	434	107	538	8.95e-78	252	435	560	99	XP_035435395.2 juvenile hormone esterase isoform X2 [Spodoptera frugiperda]
TRINITY_DN22_c1_g1_i18.p1	XP_035449447.2	35.892	443	256	12	4	434	115	541	1.23e-77	251	435	547	99	XP_035449447.2 cholinesterase 2-like [Spodoptera frugiperda]
TRINITY_DN22_c1_g1_i18.p1	XP_035435394.2	37.045	440	260	10	4	434	148	579	1.64e-77	252	435	601	99	XP_035435394.2 juvenile hormone esterase isoform X1 [Spodoptera frugiperda]
TRINITY_DN22_c1_g1_i18.p1	XP_035449861.2	36.629	445	246	11	4	433	115	538	9.44e-77	249	435	548	99	XP_035449861.2 cholinesterase 2-like [Spodoptera frugiperda]
TRINITY_DN22_c1_g1_i18.p1	XP_050551352.1	36.795	443	255	12	3	434	114	542	9.64e-77	249	435	548	99	XP_050551352.1 cholinesterase 2-like [Spodoptera frugiperda]
TRINITY_DN22_c1_g1_i18.p1	XP_035428785.2	35.535	439	255	13	4	428	99	523	5.61e-75	244	435	537	98	XP_035428785.2 juvenile hormone esterase isoform X2 [Spodoptera frugiperda]
TRINITY_DN22_c1_g1_i18.p1	XP_035428784.2	36.028	433	249	13	4	422	126	544	1.01e-74	244	435	564	96	XP_035428784.2 juvenile hormone esterase isoform X1 [Spodoptera frugiperda]
TRINITY_DN22_c1_g1_i18.p1	XP_050551354.1	35.426	446	252	12	3	434	114	537	3.52e-74	242	435	547	99	XP_050551354.1 esterase FE4-like isoform X2 [Spodoptera frugiperda]
TRINITY_DN22_c1_g1_i18.p1	XP_050551353.1	35.281	445	252	12	4	434	115	537	4.63e-74	242	435	547	99	XP_050551353.1 venom carboxylesterase-6-like isoform X1 [Spodoptera frugiperda]
TRINITY_DN22_c1_g1_i18.p1	XP_035449450.2	35.080	439	261	11	4	434	115	537	7.86e-74	241	435	547	99	XP_035449450.2 esterase FE4-like [Spodoptera frugiperda]
TRINITY_DN22_c1_g1_i18.p1	XP_035456137.2	35.794	447	253	12	2	434	96	522	1.76e-73	244	435	734	99	XP_035456137.2 juvenile hormone esterase isoform X3 [Spodoptera frugiperda]
TRINITY_DN22_c1_g1_i18.p1	XP_035456136.2	35.794	447	253	12	2	434	96	522	1.76e-73	244	435	734	99	XP_035456136.2 juvenile hormone esterase isoform X3 [Spodoptera frugiperda]
TRINITY_DN22_c1_g1_i18.p1	XP_035456135.2	35.794	447	253	12	2	434	112	538	3.05e-73	244	435	750	99	XP_035456135.2 juvenile hormone esterase isoform X2 [Spodoptera frugiperda]
TRINITY_DN22_c1_g1_i18.p1	XP_035456134.2	35.794	447	253	12	2	434	206	632	8.90e-73	245	435	844	99	XP_035456134.2 juvenile hormone esterase isoform X1 [Spodoptera frugiperda]
TRINITY_DN22_c1_g1_i18.p1	XP_035446627.2	36.261	444	247	13	4	434	117	537	3.42e-72	237	435	545	99	XP_035446627.2 juvenile hormone esterase-like [Spodoptera frugiperda]
TRINITY_DN22_c1_g1_i18.p1	XP_035449615.1	36.957	460	237	16	4	432	193	630	5.30e-72	239	435	645	99	XP_035449615.1 venom carboxylesterase-6 [Spodoptera frugiperda]
TRINITY_DN22_c1_g1_i18.p1	XP_035449614.1	36.957	460	237	16	4	432	193	630	5.30e-72	239	435	645	99	XP_035449614.1 venom carboxylesterase-6 [Spodoptera frugiperda]
TRINITY_DN22_c1_g1_i18.p1	XP_050551355.1	35.147	441	260	12	3	434	114	537	6.53e-72	236	435	547	99	XP_050551355.1 esterase FE4-like isoform X3 [Spodoptera frugiperda]
TRINITY_DN22_c1_g1_i18.p2	XP_035445144.1	86.446	332	45	0	1	332	1	332	0.0	599	333	332	99	XP_035445144.1 uncharacterized protein LOC118272630 [Spodoptera frugiperda]
TRINITY_DN22_c1_g1_i18.p2	XP_035445351.2	80.240	334	64	1	1	332	1	334	0.0	560	333	334	99	XP_035445351.2 uncharacterized protein LOC118272781 [Spodoptera frugiperda]
TRINITY_DN22_c1_g1_i18.p2	XP_035449125.2	37.377	305	170	5	20	318	39	328	2.79e-43	156	333	508	90	XP_035449125.2 cysteine synthase [Spodoptera frugiperda]
TRINITY_DN22_c1_g1_i18.p2	XP_050551621.1	34.853	307	186	6	17	318	12	309	1.14e-33	132	333	1017	92	XP_050551621.1 uncharacterized protein LOC118275758 [Spodoptera frugiperda]
TRINITY_DN22_c1_g1_i18.p2	XP_050551621.1	32.362	309	195	7	22	323	551	852	3.23e-33	130	333	1017	92	XP_050551621.1 uncharacterized protein LOC118275758 [Spodoptera frugiperda]
TRINITY_DN22_c1_g1_i18.p2	XP_035449931.1	27.586	145	92	5	80	224	89	220	4.45e-04	42.4	333	447	44	XP_035449931.1 L-threonine ammonia-lyase [Spodoptera frugiperda]
TRINITY_DN22_c1_g1_i19.p1	XP_035445144.1	86.446	332	45	0	1	332	1	332	0.0	599	333	332	99	XP_035445144.1 uncharacterized protein LOC118272630 [Spodoptera frugiperda]
TRINITY_DN22_c1_g1_i19.p1	XP_035445351.2	80.240	334	64	1	1	332	1	334	0.0	560	333	334	99	XP_035445351.2 uncharacterized protein LOC118272781 [Spodoptera frugiperda]
TRINITY_DN22_c1_g1_i19.p1	XP_035449125.2	37.377	305	170	5	20	318	39	328	2.79e-43	156	333	508	90	XP_035449125.2 cysteine synthase [Spodoptera frugiperda]
TRINITY_DN22_c1_g1_i19.p1	XP_050551621.1	34.853	307	186	6	17	318	12	309	1.14e-33	132	333	1017	92	XP_050551621.1 uncharacterized protein LOC118275758 [Spodoptera frugiperda]
TRINITY_DN22_c1_g1_i19.p1	XP_050551621.1	32.362	309	195	7	22	323	551	852	3.23e-33	130	333	1017	92	XP_050551621.1 uncharacterized protein LOC118275758 [Spodoptera frugiperda]
TRINITY_DN22_c1_g1_i19.p1	XP_035449931.1	27.586	145	92	5	80	224	89	220	4.45e-04	42.4	333	447	44	XP_035449931.1 L-threonine ammonia-lyase [Spodoptera frugiperda]
TRINITY_DN22_c1_g1_i22.p2	XP_035445144.1	86.446	332	45	0	1	332	1	332	0.0	599	333	332	99	XP_035445144.1 uncharacterized protein LOC118272630 [Spodoptera frugiperda]
TRINITY_DN22_c1_g1_i22.p2	XP_035445351.2	80.240	334	64	1	1	332	1	334	0.0	560	333	334	99	XP_035445351.2 uncharacterized protein LOC118272781 [Spodoptera frugiperda]
TRINITY_DN22_c1_g1_i22.p2	XP_035449125.2	37.377	305	170	5	20	318	39	328	2.79e-43	156	333	508	90	XP_035449125.2 cysteine synthase [Spodoptera frugiperda]
TRINITY_DN22_c1_g1_i22.p2	XP_050551621.1	34.853	307	186	6	17	318	12	309	1.14e-33	132	333	1017	92	XP_050551621.1 uncharacterized protein LOC118275758 [Spodoptera frugiperda]
TRINITY_DN22_c1_g1_i22.p2	XP_050551621.1	32.362	309	195	7	22	323	551	852	3.23e-33	130	333	1017	92	XP_050551621.1 uncharacterized protein LOC118275758 [Spodoptera frugiperda]
TRINITY_DN22_c1_g1_i22.p2	XP_035449931.1	27.586	145	92	5	80	224	89	220	4.45e-04	42.4	333	447	44	XP_035449931.1 L-threonine ammonia-lyase [Spodoptera frugiperda]
TRINITY_DN22_c1_g1_i22.p1	XP_050549265.1	81.106	434	82	0	1	434	99	532	0.0	730	435	532	99	XP_050549265.1 juvenile hormone esterase-like [Spodoptera frugiperda]
TRINITY_DN22_c1_g1_i22.p1	XP_050549264.1	81.106	434	82	0	1	434	99	532	0.0	730	435	532	99	XP_050549264.1 juvenile hormone esterase-like [Spodoptera frugiperda]
TRINITY_DN22_c1_g1_i22.p1	XP_035444720.2	72.644	435	118	1	1	434	100	534	0.0	647	435	534	99	XP_035444720.2 juvenile hormone esterase [Spodoptera frugiperda]
TRINITY_DN22_c1_g1_i22.p1	XP_035444718.2	41.935	434	243	7	5	434	101	529	4.17e-111	337	435	532	99	XP_035444718.2 juvenile hormone esterase [Spodoptera frugiperda]
TRINITY_DN22_c1_g1_i22.p1	XP_050550706.1	41.315	426	211	17	2	409	114	518	3.60e-82	263	435	545	94	XP_050550706.1 cholinesterase 2-like [Spodoptera frugiperda]
TRINITY_DN22_c1_g1_i22.p1	XP_050550705.1	41.315	426	211	17	2	409	114	518	3.60e-82	263	435	545	94	XP_050550705.1 cholinesterase 2-like [Spodoptera frugiperda]
TRINITY_DN22_c1_g1_i22.p1	XP_035435396.2	37.045	440	260	10	4	434	107	538	8.95e-78	252	435	560	99	XP_035435396.2 juvenile hormone esterase isoform X2 [Spodoptera frugiperda]
TRINITY_DN22_c1_g1_i22.p1	XP_035435395.2	37.045	440	260	10	4	434	107	538	8.95e-78	252	435	560	99	XP_035435395.2 juvenile hormone esterase isoform X2 [Spodoptera frugiperda]
TRINITY_DN22_c1_g1_i22.p1	XP_035449447.2	35.892	443	256	12	4	434	115	541	1.23e-77	251	435	547	99	XP_035449447.2 cholinesterase 2-like [Spodoptera frugiperda]
TRINITY_DN22_c1_g1_i22.p1	XP_035435394.2	37.045	440	260	10	4	434	148	579	1.64e-77	252	435	601	99	XP_035435394.2 juvenile hormone esterase isoform X1 [Spodoptera frugiperda]
TRINITY_DN22_c1_g1_i22.p1	XP_035449861.2	36.629	445	246	11	4	433	115	538	9.44e-77	249	435	548	99	XP_035449861.2 cholinesterase 2-like [Spodoptera frugiperda]
TRINITY_DN22_c1_g1_i22.p1	XP_050551352.1	36.795	443	255	12	3	434	114	542	9.64e-77	249	435	548	99	XP_050551352.1 cholinesterase 2-like [Spodoptera frugiperda]
TRINITY_DN22_c1_g1_i22.p1	XP_035428785.2	35.535	439	255	13	4	428	99	523	5.61e-75	244	435	537	98	XP_035428785.2 juvenile hormone esterase isoform X2 [Spodoptera frugiperda]
TRINITY_DN22_c1_g1_i22.p1	XP_035428784.2	36.028	433	249	13	4	422	126	544	1.01e-74	244	435	564	96	XP_035428784.2 juvenile hormone esterase isoform X1 [Spodoptera frugiperda]
TRINITY_DN22_c1_g1_i22.p1	XP_050551354.1	35.426	446	252	12	3	434	114	537	3.52e-74	242	435	547	99	XP_050551354.1 esterase FE4-like isoform X2 [Spodoptera frugiperda]
TRINITY_DN22_c1_g1_i22.p1	XP_050551353.1	35.281	445	252	12	4	434	115	537	4.63e-74	242	435	547	99	XP_050551353.1 venom carboxylesterase-6-like isoform X1 [Spodoptera frugiperda]
TRINITY_DN22_c1_g1_i22.p1	XP_035449450.2	35.080	439	261	11	4	434	115	537	7.86e-74	241	435	547	99	XP_035449450.2 esterase FE4-like [Spodoptera frugiperda]
TRINITY_DN22_c1_g1_i22.p1	XP_035456137.2	35.794	447	253	12	2	434	96	522	1.76e-73	244	435	734	99	XP_035456137.2 juvenile hormone esterase isoform X3 [Spodoptera frugiperda]
TRINITY_DN22_c1_g1_i22.p1	XP_035456136.2	35.794	447	253	12	2	434	96	522	1.76e-73	244	435	734	99	XP_035456136.2 juvenile hormone esterase isoform X3 [Spodoptera frugiperda]
TRINITY_DN22_c1_g1_i22.p1	XP_035456135.2	35.794	447	253	12	2	434	112	538	3.05e-73	244	435	750	99	XP_035456135.2 juvenile hormone esterase isoform X2 [Spodoptera frugiperda]
TRINITY_DN22_c1_g1_i22.p1	XP_035456134.2	35.794	447	253	12	2	434	206	632	8.90e-73	245	435	844	99	XP_035456134.2 juvenile hormone esterase isoform X1 [Spodoptera frugiperda]
TRINITY_DN22_c1_g1_i22.p1	XP_035446627.2	36.261	444	247	13	4	434	117	537	3.42e-72	237	435	545	99	XP_035446627.2 juvenile hormone esterase-like [Spodoptera frugiperda]
TRINITY_DN22_c1_g1_i22.p1	XP_035449615.1	36.957	460	237	16	4	432	193	630	5.30e-72	239	435	645	99	XP_035449615.1 venom carboxylesterase-6 [Spodoptera frugiperda]
TRINITY_DN22_c1_g1_i22.p1	XP_035449614.1	36.957	460	237	16	4	432	193	630	5.30e-72	239	435	645	99	XP_035449614.1 venom carboxylesterase-6 [Spodoptera frugiperda]
TRINITY_DN22_c1_g1_i22.p1	XP_050551355.1	35.147	441	260	12	3	434	114	537	6.53e-72	236	435	547	99	XP_050551355.1 esterase FE4-like isoform X3 [Spodoptera frugiperda]
TRINITY_DN22_c1_g1_i3.p2	XP_035445144.1	86.446	332	45	0	1	332	1	332	0.0	599	333	332	99	XP_035445144.1 uncharacterized protein LOC118272630 [Spodoptera frugiperda]
TRINITY_DN22_c1_g1_i3.p2	XP_035445351.2	80.240	334	64	1	1	332	1	334	0.0	560	333	334	99	XP_035445351.2 uncharacterized protein LOC118272781 [Spodoptera frugiperda]
TRINITY_DN22_c1_g1_i3.p2	XP_035449125.2	37.377	305	170	5	20	318	39	328	2.79e-43	156	333	508	90	XP_035449125.2 cysteine synthase [Spodoptera frugiperda]
TRINITY_DN22_c1_g1_i3.p2	XP_050551621.1	34.853	307	186	6	17	318	12	309	1.14e-33	132	333	1017	92	XP_050551621.1 uncharacterized protein LOC118275758 [Spodoptera frugiperda]
TRINITY_DN22_c1_g1_i3.p2	XP_050551621.1	32.362	309	195	7	22	323	551	852	3.23e-33	130	333	1017	92	XP_050551621.1 uncharacterized protein LOC118275758 [Spodoptera frugiperda]
TRINITY_DN22_c1_g1_i3.p2	XP_035449931.1	27.586	145	92	5	80	224	89	220	4.45e-04	42.4	333	447	44	XP_035449931.1 L-threonine ammonia-lyase [Spodoptera frugiperda]
TRINITY_DN22_c1_g1_i3.p1	XP_050549265.1	81.106	434	82	0	1	434	99	532	0.0	730	435	532	99	XP_050549265.1 juvenile hormone esterase-like [Spodoptera frugiperda]
TRINITY_DN22_c1_g1_i3.p1	XP_050549264.1	81.106	434	82	0	1	434	99	532	0.0	730	435	532	99	XP_050549264.1 juvenile hormone esterase-like [Spodoptera frugiperda]
TRINITY_DN22_c1_g1_i3.p1	XP_035444720.2	72.644	435	118	1	1	434	100	534	0.0	647	435	534	99	XP_035444720.2 juvenile hormone esterase [Spodoptera frugiperda]
TRINITY_DN22_c1_g1_i3.p1	XP_035444718.2	41.935	434	243	7	5	434	101	529	4.17e-111	337	435	532	99	XP_035444718.2 juvenile hormone esterase [Spodoptera frugiperda]
TRINITY_DN22_c1_g1_i3.p1	XP_050550706.1	41.315	426	211	17	2	409	114	518	3.60e-82	263	435	545	94	XP_050550706.1 cholinesterase 2-like [Spodoptera frugiperda]
TRINITY_DN22_c1_g1_i3.p1	XP_050550705.1	41.315	426	211	17	2	409	114	518	3.60e-82	263	435	545	94	XP_050550705.1 cholinesterase 2-like [Spodoptera frugiperda]
TRINITY_DN22_c1_g1_i3.p1	XP_035435396.2	37.045	440	260	10	4	434	107	538	8.95e-78	252	435	560	99	XP_035435396.2 juvenile hormone esterase isoform X2 [Spodoptera frugiperda]
TRINITY_DN22_c1_g1_i3.p1	XP_035435395.2	37.045	440	260	10	4	434	107	538	8.95e-78	252	435	560	99	XP_035435395.2 juvenile hormone esterase isoform X2 [Spodoptera frugiperda]
TRINITY_DN22_c1_g1_i3.p1	XP_035449447.2	35.892	443	256	12	4	434	115	541	1.23e-77	251	435	547	99	XP_035449447.2 cholinesterase 2-like [Spodoptera frugiperda]
TRINITY_DN22_c1_g1_i3.p1	XP_035435394.2	37.045	440	260	10	4	434	148	579	1.64e-77	252	435	601	99	XP_035435394.2 juvenile hormone esterase isoform X1 [Spodoptera frugiperda]
TRINITY_DN22_c1_g1_i3.p1	XP_035449861.2	36.629	445	246	11	4	433	115	538	9.44e-77	249	435	548	99	XP_035449861.2 cholinesterase 2-like [Spodoptera frugiperda]
TRINITY_DN22_c1_g1_i3.p1	XP_050551352.1	36.795	443	255	12	3	434	114	542	9.64e-77	249	435	548	99	XP_050551352.1 cholinesterase 2-like [Spodoptera frugiperda]
TRINITY_DN22_c1_g1_i3.p1	XP_035428785.2	35.535	439	255	13	4	428	99	523	5.61e-75	244	435	537	98	XP_035428785.2 juvenile hormone esterase isoform X2 [Spodoptera frugiperda]
TRINITY_DN22_c1_g1_i3.p1	XP_035428784.2	36.028	433	249	13	4	422	126	544	1.01e-74	244	435	564	96	XP_035428784.2 juvenile hormone esterase isoform X1 [Spodoptera frugiperda]
TRINITY_DN22_c1_g1_i3.p1	XP_050551354.1	35.426	446	252	12	3	434	114	537	3.52e-74	242	435	547	99	XP_050551354.1 esterase FE4-like isoform X2 [Spodoptera frugiperda]
TRINITY_DN22_c1_g1_i3.p1	XP_050551353.1	35.281	445	252	12	4	434	115	537	4.63e-74	242	435	547	99	XP_050551353.1 venom carboxylesterase-6-like isoform X1 [Spodoptera frugiperda]
TRINITY_DN22_c1_g1_i3.p1	XP_035449450.2	35.080	439	261	11	4	434	115	537	7.86e-74	241	435	547	99	XP_035449450.2 esterase FE4-like [Spodoptera frugiperda]
TRINITY_DN22_c1_g1_i3.p1	XP_035456137.2	35.794	447	253	12	2	434	96	522	1.76e-73	244	435	734	99	XP_035456137.2 juvenile hormone esterase isoform X3 [Spodoptera frugiperda]
TRINITY_DN22_c1_g1_i3.p1	XP_035456136.2	35.794	447	253	12	2	434	96	522	1.76e-73	244	435	734	99	XP_035456136.2 juvenile hormone esterase isoform X3 [Spodoptera frugiperda]
TRINITY_DN22_c1_g1_i3.p1	XP_035456135.2	35.794	447	253	12	2	434	112	538	3.05e-73	244	435	750	99	XP_035456135.2 juvenile hormone esterase isoform X2 [Spodoptera frugiperda]
TRINITY_DN22_c1_g1_i3.p1	XP_035456134.2	35.794	447	253	12	2	434	206	632	8.90e-73	245	435	844	99	XP_035456134.2 juvenile hormone esterase isoform X1 [Spodoptera frugiperda]
TRINITY_DN22_c1_g1_i3.p1	XP_035446627.2	36.261	444	247	13	4	434	117	537	3.42e-72	237	435	545	99	XP_035446627.2 juvenile hormone esterase-like [Spodoptera frugiperda]
TRINITY_DN22_c1_g1_i3.p1	XP_035449615.1	36.957	460	237	16	4	432	193	630	5.30e-72	239	435	645	99	XP_035449615.1 venom carboxylesterase-6 [Spodoptera frugiperda]
TRINITY_DN22_c1_g1_i3.p1	XP_035449614.1	36.957	460	237	16	4	432	193	630	5.30e-72	239	435	645	99	XP_035449614.1 venom carboxylesterase-6 [Spodoptera frugiperda]
TRINITY_DN22_c1_g1_i3.p1	XP_050551355.1	35.147	441	260	12	3	434	114	537	6.53e-72	236	435	547	99	XP_050551355.1 esterase FE4-like isoform X3 [Spodoptera frugiperda]
TRINITY_DN22_c2_g1_i1.p1	XP_035438336.2	78.058	556	119	2	1	556	1	553	0.0	935	557	553	99	XP_035438336.2 juvenile hormone esterase [Spodoptera frugiperda]
TRINITY_DN22_c2_g1_i1.p1	XP_035438334.2	78.058	556	119	2	1	556	1	553	0.0	935	557	553	99	XP_035438334.2 juvenile hormone esterase [Spodoptera frugiperda]
TRINITY_DN22_c2_g1_i1.p1	XP_035442586.2	67.027	555	180	2	1	555	1	552	0.0	800	557	553	99	XP_035442586.2 juvenile hormone esterase isoform X1 [Spodoptera frugiperda]
TRINITY_DN22_c2_g1_i1.p1	XP_035442587.2	66.667	486	159	2	70	555	1	483	0.0	694	557	484	87	XP_035442587.2 venom carboxylesterase-6 isoform X2 [Spodoptera frugiperda]
TRINITY_DN22_c2_g1_i1.p1	XP_035456137.2	33.702	543	319	15	11	540	6	520	4.54e-92	298	557	734	95	XP_035456137.2 juvenile hormone esterase isoform X3 [Spodoptera frugiperda]
TRINITY_DN22_c2_g1_i1.p1	XP_035456136.2	33.702	543	319	15	11	540	6	520	4.54e-92	298	557	734	95	XP_035456136.2 juvenile hormone esterase isoform X3 [Spodoptera frugiperda]
TRINITY_DN22_c2_g1_i1.p1	XP_035456135.2	33.702	543	319	15	11	540	22	536	7.19e-92	298	557	750	95	XP_035456135.2 juvenile hormone esterase isoform X2 [Spodoptera frugiperda]
TRINITY_DN22_c2_g1_i1.p1	XP_035456134.2	33.635	553	321	16	1	540	111	630	4.57e-91	298	557	844	97	XP_035456134.2 juvenile hormone esterase isoform X1 [Spodoptera frugiperda]
TRINITY_DN22_c2_g1_i1.p1	XP_035428785.2	33.210	539	333	13	11	539	5	526	8.76e-91	289	557	537	95	XP_035428785.2 juvenile hormone esterase isoform X2 [Spodoptera frugiperda]
TRINITY_DN22_c2_g1_i1.p1	XP_035428784.2	33.210	539	333	13	11	539	32	553	3.07e-90	288	557	564	95	XP_035428784.2 juvenile hormone esterase isoform X1 [Spodoptera frugiperda]
TRINITY_DN22_c2_g1_i1.p1	XP_035449615.1	35.155	549	328	16	11	541	93	631	1.44e-88	286	557	645	95	XP_035449615.1 venom carboxylesterase-6 [Spodoptera frugiperda]
TRINITY_DN22_c2_g1_i1.p1	XP_035449614.1	35.155	549	328	16	11	541	93	631	1.44e-88	286	557	645	95	XP_035449614.1 venom carboxylesterase-6 [Spodoptera frugiperda]
TRINITY_DN22_c2_g1_i1.p1	XP_050561842.1	33.333	540	327	15	11	539	3	520	2.18e-84	272	557	528	95	XP_050561842.1 juvenile hormone esterase isoform X4 [Spodoptera frugiperda]
TRINITY_DN22_c2_g1_i1.p1	XP_050561841.1	33.333	540	327	15	11	539	3	520	2.18e-84	272	557	528	95	XP_050561841.1 juvenile hormone esterase isoform X4 [Spodoptera frugiperda]
TRINITY_DN22_c2_g1_i1.p1	XP_050561840.1	33.333	540	327	15	11	539	3	520	2.18e-84	272	557	528	95	XP_050561840.1 juvenile hormone esterase isoform X4 [Spodoptera frugiperda]
TRINITY_DN22_c2_g1_i1.p1	XP_035434295.2	33.333	540	327	15	11	539	16	533	2.66e-84	272	557	541	95	XP_035434295.2 juvenile hormone esterase isoform X2 [Spodoptera frugiperda]
TRINITY_DN22_c2_g1_i1.p1	XP_035434296.2	33.333	540	327	15	11	539	12	529	3.55e-84	272	557	537	95	XP_035434296.2 juvenile hormone esterase isoform X3 [Spodoptera frugiperda]
TRINITY_DN22_c2_g1_i1.p1	XP_035434294.2	33.333	540	327	15	11	539	32	549	7.14e-84	272	557	557	95	XP_035434294.2 esterase B1 isoform X1 [Spodoptera frugiperda]
TRINITY_DN22_c2_g1_i1.p1	XP_035450249.2	30.882	544	353	11	12	542	4	537	3.14e-77	254	557	537	95	XP_035450249.2 juvenile hormone esterase [Spodoptera frugiperda]
TRINITY_DN22_c2_g1_i1.p1	XP_050549265.1	35.401	548	305	16	12	536	5	526	3.42e-77	253	557	532	94	XP_050549265.1 juvenile hormone esterase-like [Spodoptera frugiperda]
TRINITY_DN22_c2_g1_i1.p1	XP_050549264.1	35.401	548	305	16	12	536	5	526	3.42e-77	253	557	532	94	XP_050549264.1 juvenile hormone esterase-like [Spodoptera frugiperda]
TRINITY_DN22_c2_g1_i1.p1	XP_050563389.1	32.418	546	332	16	12	540	4	529	3.46e-77	254	557	538	95	XP_050563389.1 esterase FE4 isoform X2 [Spodoptera frugiperda]
TRINITY_DN22_c2_g1_i1.p1	XP_050563388.1	32.765	528	319	15	29	540	53	560	8.80e-77	253	557	569	92	XP_050563388.1 esterase FE4 isoform X1 [Spodoptera frugiperda]
TRINITY_DN22_c2_g1_i1.p1	XP_035452347.2	31.181	542	348	12	12	539	4	534	2.16e-75	249	557	537	95	XP_035452347.2 juvenile hormone esterase-like [Spodoptera frugiperda]
TRINITY_DN22_c2_g1_i1.p1	XP_035450251.1	31.413	538	326	13	23	539	16	531	2.53e-74	246	557	541	93	XP_035450251.1 juvenile hormone esterase-like [Spodoptera frugiperda]
TRINITY_DN2312_c0_g1_i1.p1	XP_035450368.2	72.305	538	143	3	1	532	1	538	0.0	823	533	538	99	XP_035450368.2 juvenile hormone esterase [Spodoptera frugiperda]
TRINITY_DN2312_c0_g1_i1.p1	XP_050563149.1	50.838	537	256	4	2	532	572	1106	0.0	568	533	1106	99	XP_050563149.1 neuroligin-4, X-linked-like [Spodoptera frugiperda]
TRINITY_DN2312_c0_g1_i1.p1	XP_050563149.1	43.019	530	286	8	4	528	36	554	1.42e-134	418	533	1106	99	XP_050563149.1 neuroligin-4, X-linked-like [Spodoptera frugiperda]
TRINITY_DN2312_c0_g1_i1.p1	XP_050563387.1	48.603	537	268	4	2	532	36	570	0.0	540	533	570	99	XP_050563387.1 juvenile hormone esterase-like [Spodoptera frugiperda]
TRINITY_DN2312_c0_g1_i1.p1	XP_050563389.1	47.407	540	257	9	1	526	1	527	5.13e-168	487	533	538	99	XP_050563389.1 esterase FE4 isoform X2 [Spodoptera frugiperda]
TRINITY_DN2312_c0_g1_i1.p1	XP_050563388.1	47.407	540	257	9	1	526	32	558	3.72e-167	486	533	569	99	XP_050563388.1 esterase FE4 isoform X1 [Spodoptera frugiperda]
TRINITY_DN2312_c0_g1_i1.p1	XP_035450366.2	46.283	538	278	7	1	532	24	556	3.06e-162	473	533	556	99	XP_035450366.2 esterase FE4-like [Spodoptera frugiperda]
TRINITY_DN2312_c0_g1_i1.p1	XP_035450367.2	45.725	538	281	8	1	532	24	556	8.98e-162	471	533	556	99	XP_035450367.2 esterase FE4-like [Spodoptera frugiperda]
TRINITY_DN2312_c0_g1_i1.p1	XP_035452347.2	46.455	536	272	9	1	525	1	532	1.38e-156	457	533	537	98	XP_035452347.2 juvenile hormone esterase-like [Spodoptera frugiperda]
TRINITY_DN2312_c0_g1_i1.p1	XP_035450249.2	44.815	540	285	6	1	530	1	537	1.04e-154	453	533	537	99	XP_035450249.2 juvenile hormone esterase [Spodoptera frugiperda]
TRINITY_DN2312_c0_g1_i1.p1	XP_035450251.1	44.693	537	279	11	1	526	1	530	7.48e-153	448	533	541	99	XP_035450251.1 juvenile hormone esterase-like [Spodoptera frugiperda]
TRINITY_DN2312_c0_g1_i1.p1	XP_035450696.2	44.590	536	283	8	4	532	28	556	8.39e-153	449	533	558	99	XP_035450696.2 juvenile hormone esterase-like [Spodoptera frugiperda]
TRINITY_DN2312_c0_g1_i1.p1	XP_035452217.2	43.534	549	283	9	1	532	21	559	1.64e-149	440	533	560	99	XP_035452217.2 juvenile hormone esterase-like [Spodoptera frugiperda]
TRINITY_DN2312_c0_g1_i1.p1	XP_035450257.2	45.640	539	279	7	1	529	1	535	3.30e-149	458	533	1170	99	XP_035450257.2 uncharacterized protein LOC118276155 [Spodoptera frugiperda]
TRINITY_DN2312_c0_g1_i1.p1	XP_035450257.2	45.522	536	278	7	1	526	635	1166	5.97e-149	457	533	1170	99	XP_035450257.2 uncharacterized protein LOC118276155 [Spodoptera frugiperda]
TRINITY_DN2312_c0_g1_i1.p1	XP_035450257.2	55.682	88	34	2	1	85	543	628	8.32e-19	91.3	533	1170	99	XP_035450257.2 uncharacterized protein LOC118276155 [Spodoptera frugiperda]
TRINITY_DN2312_c0_g1_i1.p1	XP_050561842.1	42.056	535	293	9	1	530	1	523	4.89e-140	415	533	528	99	XP_050561842.1 juvenile hormone esterase isoform X4 [Spodoptera frugiperda]
TRINITY_DN2312_c0_g1_i1.p1	XP_050561841.1	42.056	535	293	9	1	530	1	523	4.89e-140	415	533	528	99	XP_050561841.1 juvenile hormone esterase isoform X4 [Spodoptera frugiperda]
TRINITY_DN2312_c0_g1_i1.p1	XP_050561840.1	42.056	535	293	9	1	530	1	523	4.89e-140	415	533	528	99	XP_050561840.1 juvenile hormone esterase isoform X4 [Spodoptera frugiperda]
TRINITY_DN2312_c0_g1_i1.p1	XP_035434295.2	42.056	535	293	9	1	530	14	536	5.11e-140	416	533	541	99	XP_035434295.2 juvenile hormone esterase isoform X2 [Spodoptera frugiperda]
TRINITY_DN2312_c0_g1_i1.p1	XP_035434296.2	42.056	535	293	9	1	530	10	532	7.90e-140	415	533	537	99	XP_035434296.2 juvenile hormone esterase isoform X3 [Spodoptera frugiperda]
TRINITY_DN2312_c0_g1_i1.p1	XP_035434294.2	42.056	535	293	9	1	530	30	552	2.19e-139	414	533	557	99	XP_035434294.2 esterase B1 isoform X1 [Spodoptera frugiperda]
TRINITY_DN2312_c0_g1_i1.p1	XP_035428785.2	41.729	532	297	8	4	530	6	529	2.53e-133	398	533	537	99	XP_035428785.2 juvenile hormone esterase isoform X2 [Spodoptera frugiperda]
TRINITY_DN2312_c0_g1_i1.p1	XP_035428784.2	41.729	532	297	8	4	530	33	556	5.01e-133	398	533	564	99	XP_035428784.2 juvenile hormone esterase isoform X1 [Spodoptera frugiperda]
TRINITY_DN2312_c0_g1_i1.p1	XP_035456137.2	39.887	529	293	10	4	525	7	517	3.33e-120	370	533	734	98	XP_035456137.2 juvenile hormone esterase isoform X3 [Spodoptera frugiperda]
TRINITY_DN2312_c0_g1_i1.p1	XP_035456136.2	39.887	529	293	10	4	525	7	517	3.33e-120	370	533	734	98	XP_035456136.2 juvenile hormone esterase isoform X3 [Spodoptera frugiperda]
TRINITY_DN2312_c0_g1_i1.p1	XP_035456135.2	39.887	529	293	10	4	525	23	533	5.43e-120	370	533	750	98	XP_035456135.2 juvenile hormone esterase isoform X2 [Spodoptera frugiperda]
TRINITY_DN2312_c0_g1_i1.p1	XP_035456134.2	39.887	529	293	10	4	525	117	627	4.46e-119	371	533	844	98	XP_035456134.2 juvenile hormone esterase isoform X1 [Spodoptera frugiperda]
TRINITY_DN2312_c0_g1_i11.p1	XP_035450368.2	75.651	538	128	2	1	535	1	538	0.0	880	536	538	99	XP_035450368.2 juvenile hormone esterase [Spodoptera frugiperda]
TRINITY_DN2312_c0_g1_i11.p1	XP_050563149.1	51.301	538	257	2	1	535	571	1106	0.0	585	536	1106	99	XP_050563149.1 neuroligin-4, X-linked-like [Spodoptera frugiperda]
TRINITY_DN2312_c0_g1_i11.p1	XP_050563149.1	41.887	530	295	6	4	531	36	554	5.42e-139	429	536	1106	99	XP_050563149.1 neuroligin-4, X-linked-like [Spodoptera frugiperda]
TRINITY_DN2312_c0_g1_i11.p1	XP_050563387.1	49.721	537	265	2	2	535	36	570	0.0	556	536	570	99	XP_050563387.1 juvenile hormone esterase-like [Spodoptera frugiperda]
TRINITY_DN2312_c0_g1_i11.p1	XP_050563389.1	46.679	542	261	8	1	529	1	527	4.89e-169	489	536	538	99	XP_050563389.1 esterase FE4 isoform X2 [Spodoptera frugiperda]
TRINITY_DN2312_c0_g1_i11.p1	XP_050563388.1	46.679	542	261	8	1	529	32	558	4.46e-168	488	536	569	99	XP_050563388.1 esterase FE4 isoform X1 [Spodoptera frugiperda]
TRINITY_DN2312_c0_g1_i11.p1	XP_035450366.2	45.607	535	283	6	4	535	27	556	1.40e-163	476	536	556	99	XP_035450366.2 esterase FE4-like [Spodoptera frugiperda]
TRINITY_DN2312_c0_g1_i11.p1	XP_035450367.2	45.234	535	285	6	4	535	27	556	1.12e-162	474	536	556	99	XP_035450367.2 esterase FE4-like [Spodoptera frugiperda]
TRINITY_DN2312_c0_g1_i11.p1	XP_035452347.2	45.709	536	279	9	1	528	1	532	2.29e-161	470	536	537	99	XP_035452347.2 juvenile hormone esterase-like [Spodoptera frugiperda]
TRINITY_DN2312_c0_g1_i11.p1	XP_035450696.2	45.149	536	287	4	2	535	26	556	2.15e-158	463	536	558	99	XP_035450696.2 juvenile hormone esterase-like [Spodoptera frugiperda]
TRINITY_DN2312_c0_g1_i11.p1	XP_035450249.2	44.444	540	290	7	1	533	1	537	2.22e-157	460	536	537	99	XP_035450249.2 juvenile hormone esterase [Spodoptera frugiperda]
TRINITY_DN2312_c0_g1_i11.p1	XP_035450251.1	44.693	537	282	11	1	529	1	530	2.50e-156	457	536	541	99	XP_035450251.1 juvenile hormone esterase-like [Spodoptera frugiperda]
TRINITY_DN2312_c0_g1_i11.p1	XP_035452217.2	44.301	544	287	9	1	534	21	558	4.10e-155	455	536	560	99	XP_035452217.2 juvenile hormone esterase-like [Spodoptera frugiperda]
TRINITY_DN2312_c0_g1_i11.p1	XP_035434296.2	44.007	534	281	8	4	533	13	532	1.50e-149	440	536	537	99	XP_035434296.2 juvenile hormone esterase isoform X3 [Spodoptera frugiperda]
TRINITY_DN2312_c0_g1_i11.p1	XP_050561842.1	44.007	534	281	8	4	533	4	523	1.53e-149	439	536	528	99	XP_050561842.1 juvenile hormone esterase isoform X4 [Spodoptera frugiperda]
TRINITY_DN2312_c0_g1_i11.p1	XP_050561841.1	44.007	534	281	8	4	533	4	523	1.53e-149	439	536	528	99	XP_050561841.1 juvenile hormone esterase isoform X4 [Spodoptera frugiperda]
TRINITY_DN2312_c0_g1_i11.p1	XP_050561840.1	44.007	534	281	8	4	533	4	523	1.53e-149	439	536	528	99	XP_050561840.1 juvenile hormone esterase isoform X4 [Spodoptera frugiperda]
TRINITY_DN2312_c0_g1_i11.p1	XP_035434295.2	44.007	534	281	8	4	533	17	536	2.38e-149	439	536	541	99	XP_035434295.2 juvenile hormone esterase isoform X2 [Spodoptera frugiperda]
TRINITY_DN2312_c0_g1_i11.p1	XP_035434294.2	44.007	534	281	8	4	533	33	552	5.39e-149	439	536	557	99	XP_035434294.2 esterase B1 isoform X1 [Spodoptera frugiperda]
TRINITY_DN2312_c0_g1_i11.p1	XP_035450257.2	44.424	538	284	7	1	529	635	1166	5.16e-148	455	536	1170	99	XP_035450257.2 uncharacterized protein LOC118276155 [Spodoptera frugiperda]
TRINITY_DN2312_c0_g1_i11.p1	XP_035450257.2	43.438	541	291	7	1	532	1	535	2.68e-144	445	536	1170	99	XP_035450257.2 uncharacterized protein LOC118276155 [Spodoptera frugiperda]
TRINITY_DN2312_c0_g1_i11.p1	XP_035450257.2	43.411	129	66	2	1	129	543	664	1.41e-20	96.7	536	1170	99	XP_035450257.2 uncharacterized protein LOC118276155 [Spodoptera frugiperda]
TRINITY_DN2312_c0_g1_i11.p1	XP_035428785.2	43.879	531	290	7	4	533	6	529	3.97e-142	421	536	537	99	XP_035428785.2 juvenile hormone esterase isoform X2 [Spodoptera frugiperda]
TRINITY_DN2312_c0_g1_i11.p1	XP_035428784.2	43.879	531	290	7	4	533	33	556	6.24e-142	421	536	564	99	XP_035428784.2 juvenile hormone esterase isoform X1 [Spodoptera frugiperda]
TRINITY_DN2312_c0_g1_i11.p1	XP_035456137.2	40.265	529	294	9	4	528	7	517	6.93e-121	372	536	734	98	XP_035456137.2 juvenile hormone esterase isoform X3 [Spodoptera frugiperda]
TRINITY_DN2312_c0_g1_i11.p1	XP_035456136.2	40.265	529	294	9	4	528	7	517	6.93e-121	372	536	734	98	XP_035456136.2 juvenile hormone esterase isoform X3 [Spodoptera frugiperda]
TRINITY_DN2312_c0_g1_i11.p1	XP_035456135.2	40.265	529	294	9	4	528	23	533	1.18e-120	372	536	750	98	XP_035456135.2 juvenile hormone esterase isoform X2 [Spodoptera frugiperda]
TRINITY_DN2312_c0_g1_i11.p1	XP_035456134.2	40.265	529	294	9	4	528	117	627	6.45e-120	373	536	844	98	XP_035456134.2 juvenile hormone esterase isoform X1 [Spodoptera frugiperda]
TRINITY_DN2312_c0_g1_i11.p2	XP_035450368.2	75.549	364	85	3	1	362	1	362	0.0	569	362	538	100	XP_035450368.2 juvenile hormone esterase [Spodoptera frugiperda]
TRINITY_DN2312_c0_g1_i11.p2	XP_050563149.1	52.198	364	168	3	1	360	571	932	1.54e-129	398	362	1106	99	XP_050563149.1 neuroligin-4, X-linked-like [Spodoptera frugiperda]
TRINITY_DN2312_c0_g1_i11.p2	XP_050563149.1	43.380	355	198	2	4	358	36	387	1.35e-92	300	362	1106	99	XP_050563149.1 neuroligin-4, X-linked-like [Spodoptera frugiperda]
TRINITY_DN2312_c0_g1_i11.p2	XP_050563387.1	51.515	363	170	3	2	360	36	396	2.89e-129	382	362	570	99	XP_050563387.1 juvenile hormone esterase-like [Spodoptera frugiperda]
TRINITY_DN2312_c0_g1_i11.p2	XP_050563389.1	51.130	354	162	5	1	351	1	346	6.45e-126	372	362	538	97	XP_050563389.1 esterase FE4 isoform X2 [Spodoptera frugiperda]
TRINITY_DN2312_c0_g1_i11.p2	XP_050563388.1	51.130	354	162	5	1	351	32	377	1.44e-125	373	362	569	97	XP_050563388.1 esterase FE4 isoform X1 [Spodoptera frugiperda]
TRINITY_DN2312_c0_g1_i11.p2	XP_035450696.2	51.111	360	175	1	2	361	26	384	5.40e-124	368	362	558	99	XP_035450696.2 juvenile hormone esterase-like [Spodoptera frugiperda]
TRINITY_DN2312_c0_g1_i11.p2	XP_035434296.2	51.676	358	164	4	4	360	13	362	2.08e-122	363	362	537	99	XP_035434296.2 juvenile hormone esterase isoform X3 [Spodoptera frugiperda]
TRINITY_DN2312_c0_g1_i11.p2	XP_050561842.1	51.676	358	164	4	4	360	4	353	2.85e-122	363	362	528	99	XP_050561842.1 juvenile hormone esterase isoform X4 [Spodoptera frugiperda]
TRINITY_DN2312_c0_g1_i11.p2	XP_050561841.1	51.676	358	164	4	4	360	4	353	2.85e-122	363	362	528	99	XP_050561841.1 juvenile hormone esterase isoform X4 [Spodoptera frugiperda]
TRINITY_DN2312_c0_g1_i11.p2	XP_050561840.1	51.676	358	164	4	4	360	4	353	2.85e-122	363	362	528	99	XP_050561840.1 juvenile hormone esterase isoform X4 [Spodoptera frugiperda]
TRINITY_DN2312_c0_g1_i11.p2	XP_035434295.2	51.676	358	164	4	4	360	17	366	3.08e-122	363	362	541	99	XP_035434295.2 juvenile hormone esterase isoform X2 [Spodoptera frugiperda]
TRINITY_DN2312_c0_g1_i11.p2	XP_035452347.2	55.389	334	141	6	1	331	1	329	3.62e-122	363	362	537	91	XP_035452347.2 juvenile hormone esterase-like [Spodoptera frugiperda]
TRINITY_DN2312_c0_g1_i11.p2	XP_035434294.2	51.676	358	164	4	4	360	33	382	6.43e-122	363	362	557	99	XP_035434294.2 esterase B1 isoform X1 [Spodoptera frugiperda]
TRINITY_DN2312_c0_g1_i11.p2	XP_035450367.2	49.584	361	178	4	4	362	27	385	1.97e-121	362	362	556	99	XP_035450367.2 esterase FE4-like [Spodoptera frugiperda]
TRINITY_DN2312_c0_g1_i11.p2	XP_035452217.2	50.409	367	172	6	1	362	21	382	4.73e-121	361	362	560	100	XP_035452217.2 juvenile hormone esterase-like [Spodoptera frugiperda]
TRINITY_DN2312_c0_g1_i11.p2	XP_035450249.2	51.412	354	165	5	1	351	1	350	1.95e-120	358	362	537	97	XP_035450249.2 juvenile hormone esterase [Spodoptera frugiperda]
TRINITY_DN2312_c0_g1_i11.p2	XP_035450366.2	49.307	361	179	4	4	362	27	385	2.00e-120	359	362	556	99	XP_035450366.2 esterase FE4-like [Spodoptera frugiperda]
TRINITY_DN2312_c0_g1_i11.p2	XP_035450251.1	50.273	366	173	8	1	362	1	361	3.32e-120	358	362	541	100	XP_035450251.1 juvenile hormone esterase-like [Spodoptera frugiperda]
TRINITY_DN2312_c0_g1_i11.p2	XP_035428785.2	50.693	361	170	5	4	362	6	360	3.68e-119	355	362	537	99	XP_035428785.2 juvenile hormone esterase isoform X2 [Spodoptera frugiperda]
TRINITY_DN2312_c0_g1_i11.p2	XP_035428784.2	50.693	361	170	5	4	362	33	387	7.89e-119	355	362	564	99	XP_035428784.2 juvenile hormone esterase isoform X1 [Spodoptera frugiperda]
TRINITY_DN2312_c0_g1_i11.p2	XP_035450257.2	51.420	352	164	5	1	349	635	982	7.22e-115	360	362	1170	96	XP_035450257.2 uncharacterized protein LOC118276155 [Spodoptera frugiperda]
TRINITY_DN2312_c0_g1_i11.p2	XP_035450257.2	51.420	352	164	5	1	349	1	348	6.48e-114	358	362	1170	96	XP_035450257.2 uncharacterized protein LOC118276155 [Spodoptera frugiperda]
TRINITY_DN2312_c0_g1_i11.p2	XP_035450257.2	43.411	129	66	2	1	129	543	664	4.50e-21	95.5	362	1170	96	XP_035450257.2 uncharacterized protein LOC118276155 [Spodoptera frugiperda]
TRINITY_DN2312_c0_g1_i11.p2	XP_035456137.2	48.447	322	156	6	4	323	7	320	1.67e-94	297	362	734	88	XP_035456137.2 juvenile hormone esterase isoform X3 [Spodoptera frugiperda]
TRINITY_DN2312_c0_g1_i11.p2	XP_035456136.2	48.447	322	156	6	4	323	7	320	1.67e-94	297	362	734	88	XP_035456136.2 juvenile hormone esterase isoform X3 [Spodoptera frugiperda]
TRINITY_DN2312_c0_g1_i11.p2	XP_035456135.2	48.447	322	156	6	4	323	23	336	2.83e-94	297	362	750	88	XP_035456135.2 juvenile hormone esterase isoform X2 [Spodoptera frugiperda]
TRINITY_DN2312_c0_g1_i11.p2	XP_035456134.2	48.447	322	156	6	4	323	117	430	1.07e-93	298	362	844	88	XP_035456134.2 juvenile hormone esterase isoform X1 [Spodoptera frugiperda]
TRINITY_DN2312_c0_g1_i12.p2	XP_035450368.2	75.824	364	84	3	1	362	1	362	0.0	569	362	538	100	XP_035450368.2 juvenile hormone esterase [Spodoptera frugiperda]
TRINITY_DN2312_c0_g1_i12.p2	XP_050563149.1	51.923	364	169	3	1	360	571	932	5.23e-129	396	362	1106	99	XP_050563149.1 neuroligin-4, X-linked-like [Spodoptera frugiperda]
TRINITY_DN2312_c0_g1_i12.p2	XP_050563149.1	43.380	355	198	2	4	358	36	387	2.84e-92	298	362	1106	99	XP_050563149.1 neuroligin-4, X-linked-like [Spodoptera frugiperda]
TRINITY_DN2312_c0_g1_i12.p2	XP_050563387.1	51.240	363	171	3	2	360	36	396	1.10e-128	381	362	570	99	XP_050563387.1 juvenile hormone esterase-like [Spodoptera frugiperda]
TRINITY_DN2312_c0_g1_i12.p2	XP_050563389.1	50.959	365	168	5	1	362	1	357	1.44e-126	374	362	538	100	XP_050563389.1 esterase FE4 isoform X2 [Spodoptera frugiperda]
TRINITY_DN2312_c0_g1_i12.p2	XP_050563388.1	51.695	354	160	5	1	351	32	377	4.65e-126	374	362	569	97	XP_050563388.1 esterase FE4 isoform X1 [Spodoptera frugiperda]
TRINITY_DN2312_c0_g1_i12.p2	XP_035450696.2	51.667	360	173	1	2	361	26	384	6.60e-125	371	362	558	99	XP_035450696.2 juvenile hormone esterase-like [Spodoptera frugiperda]
TRINITY_DN2312_c0_g1_i12.p2	XP_035450367.2	50.139	361	176	4	4	362	27	385	3.88e-122	363	362	556	99	XP_035450367.2 esterase FE4-like [Spodoptera frugiperda]
TRINITY_DN2312_c0_g1_i12.p2	XP_035434296.2	51.397	358	165	4	4	360	13	362	5.29e-122	362	362	537	99	XP_035434296.2 juvenile hormone esterase isoform X3 [Spodoptera frugiperda]
TRINITY_DN2312_c0_g1_i12.p2	XP_035452347.2	55.090	334	142	6	1	331	1	329	6.03e-122	362	362	537	91	XP_035452347.2 juvenile hormone esterase-like [Spodoptera frugiperda]
TRINITY_DN2312_c0_g1_i12.p2	XP_050561842.1	51.397	358	165	4	4	360	4	353	6.79e-122	362	362	528	99	XP_050561842.1 juvenile hormone esterase isoform X4 [Spodoptera frugiperda]
TRINITY_DN2312_c0_g1_i12.p2	XP_050561841.1	51.397	358	165	4	4	360	4	353	6.79e-122	362	362	528	99	XP_050561841.1 juvenile hormone esterase isoform X4 [Spodoptera frugiperda]
TRINITY_DN2312_c0_g1_i12.p2	XP_050561840.1	51.397	358	165	4	4	360	4	353	6.79e-122	362	362	528	99	XP_050561840.1 juvenile hormone esterase isoform X4 [Spodoptera frugiperda]
TRINITY_DN2312_c0_g1_i12.p2	XP_035434295.2	51.397	358	165	4	4	360	17	366	7.99e-122	362	362	541	99	XP_035434295.2 juvenile hormone esterase isoform X2 [Spodoptera frugiperda]
TRINITY_DN2312_c0_g1_i12.p2	XP_035434294.2	51.397	358	165	4	4	360	33	382	1.30e-121	362	362	557	99	XP_035434294.2 esterase B1 isoform X1 [Spodoptera frugiperda]
TRINITY_DN2312_c0_g1_i12.p2	XP_035452217.2	50.409	367	172	6	1	362	21	382	4.48e-121	361	362	560	100	XP_035452217.2 juvenile hormone esterase-like [Spodoptera frugiperda]
TRINITY_DN2312_c0_g1_i12.p2	XP_035450366.2	49.861	361	177	4	4	362	27	385	5.51e-121	360	362	556	99	XP_035450366.2 esterase FE4-like [Spodoptera frugiperda]
TRINITY_DN2312_c0_g1_i12.p2	XP_035450251.1	50.546	366	172	8	1	362	1	361	6.00e-121	360	362	541	100	XP_035450251.1 juvenile hormone esterase-like [Spodoptera frugiperda]
TRINITY_DN2312_c0_g1_i12.p2	XP_035450249.2	51.130	354	166	5	1	351	1	350	3.62e-120	358	362	537	97	XP_035450249.2 juvenile hormone esterase [Spodoptera frugiperda]
TRINITY_DN2312_c0_g1_i12.p2	XP_035428785.2	50.139	361	172	5	4	362	6	360	5.34e-118	352	362	537	99	XP_035428785.2 juvenile hormone esterase isoform X2 [Spodoptera frugiperda]
TRINITY_DN2312_c0_g1_i12.p2	XP_035428784.2	50.139	361	172	5	4	362	33	387	7.57e-118	353	362	564	99	XP_035428784.2 juvenile hormone esterase isoform X1 [Spodoptera frugiperda]
TRINITY_DN2312_c0_g1_i12.p2	XP_035450257.2	51.420	352	164	5	1	349	635	982	1.18e-114	360	362	1170	96	XP_035450257.2 uncharacterized protein LOC118276155 [Spodoptera frugiperda]
TRINITY_DN2312_c0_g1_i12.p2	XP_035450257.2	51.705	352	163	5	1	349	1	348	5.10e-114	358	362	1170	96	XP_035450257.2 uncharacterized protein LOC118276155 [Spodoptera frugiperda]
TRINITY_DN2312_c0_g1_i12.p2	XP_035450257.2	42.636	129	67	2	1	129	543	664	5.41e-21	95.5	362	1170	96	XP_035450257.2 uncharacterized protein LOC118276155 [Spodoptera frugiperda]
TRINITY_DN2312_c0_g1_i12.p2	XP_035456137.2	49.068	322	154	6	4	323	7	320	8.31e-95	298	362	734	88	XP_035456137.2 juvenile hormone esterase isoform X3 [Spodoptera frugiperda]
TRINITY_DN2312_c0_g1_i12.p2	XP_035456136.2	49.068	322	154	6	4	323	7	320	8.31e-95	298	362	734	88	XP_035456136.2 juvenile hormone esterase isoform X3 [Spodoptera frugiperda]
TRINITY_DN2312_c0_g1_i12.p2	XP_035456135.2	49.068	322	154	6	4	323	23	336	1.24e-94	298	362	750	88	XP_035456135.2 juvenile hormone esterase isoform X2 [Spodoptera frugiperda]
TRINITY_DN2312_c0_g1_i12.p2	XP_035456134.2	49.068	322	154	6	4	323	117	430	4.60e-94	299	362	844	88	XP_035456134.2 juvenile hormone esterase isoform X1 [Spodoptera frugiperda]
TRINITY_DN2312_c0_g1_i12.p1	XP_035450368.2	75.651	538	128	2	1	535	1	538	0.0	880	536	538	99	XP_035450368.2 juvenile hormone esterase [Spodoptera frugiperda]
TRINITY_DN2312_c0_g1_i12.p1	XP_050563149.1	51.301	538	257	2	1	535	571	1106	0.0	585	536	1106	99	XP_050563149.1 neuroligin-4, X-linked-like [Spodoptera frugiperda]
TRINITY_DN2312_c0_g1_i12.p1	XP_050563149.1	41.887	530	295	6	4	531	36	554	5.42e-139	429	536	1106	99	XP_050563149.1 neuroligin-4, X-linked-like [Spodoptera frugiperda]
TRINITY_DN2312_c0_g1_i12.p1	XP_050563387.1	49.721	537	265	2	2	535	36	570	0.0	556	536	570	99	XP_050563387.1 juvenile hormone esterase-like [Spodoptera frugiperda]
TRINITY_DN2312_c0_g1_i12.p1	XP_050563389.1	46.679	542	261	8	1	529	1	527	4.89e-169	489	536	538	99	XP_050563389.1 esterase FE4 isoform X2 [Spodoptera frugiperda]
TRINITY_DN2312_c0_g1_i12.p1	XP_050563388.1	46.679	542	261	8	1	529	32	558	4.46e-168	488	536	569	99	XP_050563388.1 esterase FE4 isoform X1 [Spodoptera frugiperda]
TRINITY_DN2312_c0_g1_i12.p1	XP_035450366.2	45.607	535	283	6	4	535	27	556	1.40e-163	476	536	556	99	XP_035450366.2 esterase FE4-like [Spodoptera frugiperda]
TRINITY_DN2312_c0_g1_i12.p1	XP_035450367.2	45.234	535	285	6	4	535	27	556	1.12e-162	474	536	556	99	XP_035450367.2 esterase FE4-like [Spodoptera frugiperda]
TRINITY_DN2312_c0_g1_i12.p1	XP_035452347.2	45.709	536	279	9	1	528	1	532	2.29e-161	470	536	537	99	XP_035452347.2 juvenile hormone esterase-like [Spodoptera frugiperda]
TRINITY_DN2312_c0_g1_i12.p1	XP_035450696.2	45.149	536	287	4	2	535	26	556	2.15e-158	463	536	558	99	XP_035450696.2 juvenile hormone esterase-like [Spodoptera frugiperda]
TRINITY_DN2312_c0_g1_i12.p1	XP_035450249.2	44.444	540	290	7	1	533	1	537	2.22e-157	460	536	537	99	XP_035450249.2 juvenile hormone esterase [Spodoptera frugiperda]
TRINITY_DN2312_c0_g1_i12.p1	XP_035450251.1	44.693	537	282	11	1	529	1	530	2.50e-156	457	536	541	99	XP_035450251.1 juvenile hormone esterase-like [Spodoptera frugiperda]
TRINITY_DN2312_c0_g1_i12.p1	XP_035452217.2	44.301	544	287	9	1	534	21	558	4.10e-155	455	536	560	99	XP_035452217.2 juvenile hormone esterase-like [Spodoptera frugiperda]
TRINITY_DN2312_c0_g1_i12.p1	XP_035434296.2	44.007	534	281	8	4	533	13	532	1.50e-149	440	536	537	99	XP_035434296.2 juvenile hormone esterase isoform X3 [Spodoptera frugiperda]
TRINITY_DN2312_c0_g1_i12.p1	XP_050561842.1	44.007	534	281	8	4	533	4	523	1.53e-149	439	536	528	99	XP_050561842.1 juvenile hormone esterase isoform X4 [Spodoptera frugiperda]
TRINITY_DN2312_c0_g1_i12.p1	XP_050561841.1	44.007	534	281	8	4	533	4	523	1.53e-149	439	536	528	99	XP_050561841.1 juvenile hormone esterase isoform X4 [Spodoptera frugiperda]
TRINITY_DN2312_c0_g1_i12.p1	XP_050561840.1	44.007	534	281	8	4	533	4	523	1.53e-149	439	536	528	99	XP_050561840.1 juvenile hormone esterase isoform X4 [Spodoptera frugiperda]
TRINITY_DN2312_c0_g1_i12.p1	XP_035434295.2	44.007	534	281	8	4	533	17	536	2.38e-149	439	536	541	99	XP_035434295.2 juvenile hormone esterase isoform X2 [Spodoptera frugiperda]
TRINITY_DN2312_c0_g1_i12.p1	XP_035434294.2	44.007	534	281	8	4	533	33	552	5.39e-149	439	536	557	99	XP_035434294.2 esterase B1 isoform X1 [Spodoptera frugiperda]
TRINITY_DN2312_c0_g1_i12.p1	XP_035450257.2	44.424	538	284	7	1	529	635	1166	5.16e-148	455	536	1170	99	XP_035450257.2 uncharacterized protein LOC118276155 [Spodoptera frugiperda]
TRINITY_DN2312_c0_g1_i12.p1	XP_035450257.2	43.438	541	291	7	1	532	1	535	2.68e-144	445	536	1170	99	XP_035450257.2 uncharacterized protein LOC118276155 [Spodoptera frugiperda]
TRINITY_DN2312_c0_g1_i12.p1	XP_035450257.2	43.411	129	66	2	1	129	543	664	1.41e-20	96.7	536	1170	99	XP_035450257.2 uncharacterized protein LOC118276155 [Spodoptera frugiperda]
TRINITY_DN2312_c0_g1_i12.p1	XP_035428785.2	43.879	531	290	7	4	533	6	529	3.97e-142	421	536	537	99	XP_035428785.2 juvenile hormone esterase isoform X2 [Spodoptera frugiperda]
TRINITY_DN2312_c0_g1_i12.p1	XP_035428784.2	43.879	531	290	7	4	533	33	556	6.24e-142	421	536	564	99	XP_035428784.2 juvenile hormone esterase isoform X1 [Spodoptera frugiperda]
TRINITY_DN2312_c0_g1_i12.p1	XP_035456137.2	40.265	529	294	9	4	528	7	517	6.93e-121	372	536	734	98	XP_035456137.2 juvenile hormone esterase isoform X3 [Spodoptera frugiperda]
TRINITY_DN2312_c0_g1_i12.p1	XP_035456136.2	40.265	529	294	9	4	528	7	517	6.93e-121	372	536	734	98	XP_035456136.2 juvenile hormone esterase isoform X3 [Spodoptera frugiperda]
TRINITY_DN2312_c0_g1_i12.p1	XP_035456135.2	40.265	529	294	9	4	528	23	533	1.18e-120	372	536	750	98	XP_035456135.2 juvenile hormone esterase isoform X2 [Spodoptera frugiperda]
TRINITY_DN2312_c0_g1_i12.p1	XP_035456134.2	40.265	529	294	9	4	528	117	627	6.45e-120	373	536	844	98	XP_035456134.2 juvenile hormone esterase isoform X1 [Spodoptera frugiperda]
TRINITY_DN2312_c0_g1_i14.p1	XP_035450368.2	72.119	538	144	3	1	532	1	538	0.0	827	533	538	99	XP_035450368.2 juvenile hormone esterase [Spodoptera frugiperda]
TRINITY_DN2312_c0_g1_i14.p1	XP_050563149.1	51.024	537	255	4	2	532	572	1106	0.0	563	533	1106	99	XP_050563149.1 neuroligin-4, X-linked-like [Spodoptera frugiperda]
TRINITY_DN2312_c0_g1_i14.p1	XP_050563149.1	41.321	530	295	8	4	528	36	554	2.77e-129	404	533	1106	99	XP_050563149.1 neuroligin-4, X-linked-like [Spodoptera frugiperda]
TRINITY_DN2312_c0_g1_i14.p1	XP_050563387.1	46.927	537	277	4	2	532	36	570	0.0	520	533	570	99	XP_050563387.1 juvenile hormone esterase-like [Spodoptera frugiperda]
TRINITY_DN2312_c0_g1_i14.p1	XP_050563389.1	46.679	542	258	9	1	526	1	527	1.40e-166	483	533	538	99	XP_050563389.1 esterase FE4 isoform X2 [Spodoptera frugiperda]
TRINITY_DN2312_c0_g1_i14.p1	XP_050563388.1	46.679	542	258	9	1	526	32	558	8.23e-166	482	533	569	99	XP_050563388.1 esterase FE4 isoform X1 [Spodoptera frugiperda]
TRINITY_DN2312_c0_g1_i14.p1	XP_035450367.2	45.167	538	284	8	1	532	24	556	2.21e-160	468	533	556	99	XP_035450367.2 esterase FE4-like [Spodoptera frugiperda]
TRINITY_DN2312_c0_g1_i14.p1	XP_035450366.2	45.725	538	281	7	1	532	24	556	3.06e-160	468	533	556	99	XP_035450366.2 esterase FE4-like [Spodoptera frugiperda]
TRINITY_DN2312_c0_g1_i14.p1	XP_035450249.2	43.704	540	291	6	1	530	1	537	5.17e-152	446	533	537	99	XP_035450249.2 juvenile hormone esterase [Spodoptera frugiperda]
TRINITY_DN2312_c0_g1_i14.p1	XP_035450696.2	44.195	534	288	5	4	532	28	556	1.05e-149	441	533	558	99	XP_035450696.2 juvenile hormone esterase-like [Spodoptera frugiperda]
TRINITY_DN2312_c0_g1_i14.p1	XP_035452347.2	44.299	535	283	9	1	524	1	531	3.22e-149	439	533	537	98	XP_035452347.2 juvenile hormone esterase-like [Spodoptera frugiperda]
TRINITY_DN2312_c0_g1_i14.p1	XP_035450251.1	44.156	539	279	11	1	526	1	530	6.02e-149	438	533	541	99	XP_035450251.1 juvenile hormone esterase-like [Spodoptera frugiperda]
TRINITY_DN2312_c0_g1_i14.p1	XP_035452217.2	43.796	548	283	13	1	532	21	559	6.65e-145	429	533	560	99	XP_035452217.2 juvenile hormone esterase-like [Spodoptera frugiperda]
TRINITY_DN2312_c0_g1_i14.p1	XP_035450257.2	43.657	536	288	7	1	526	635	1166	7.09e-145	446	533	1170	99	XP_035450257.2 uncharacterized protein LOC118276155 [Spodoptera frugiperda]
TRINITY_DN2312_c0_g1_i14.p1	XP_035450257.2	43.599	539	290	7	1	529	1	535	4.27e-144	444	533	1170	99	XP_035450257.2 uncharacterized protein LOC118276155 [Spodoptera frugiperda]
TRINITY_DN2312_c0_g1_i14.p1	XP_035450257.2	55.682	88	34	2	1	85	543	628	1.05e-18	90.9	533	1170	99	XP_035450257.2 uncharacterized protein LOC118276155 [Spodoptera frugiperda]
TRINITY_DN2312_c0_g1_i14.p1	XP_035434295.2	42.804	535	289	8	1	530	14	536	1.47e-142	422	533	541	99	XP_035434295.2 juvenile hormone esterase isoform X2 [Spodoptera frugiperda]
TRINITY_DN2312_c0_g1_i14.p1	XP_050561842.1	42.804	535	289	8	1	530	1	523	1.55e-142	421	533	528	99	XP_050561842.1 juvenile hormone esterase isoform X4 [Spodoptera frugiperda]
TRINITY_DN2312_c0_g1_i14.p1	XP_050561841.1	42.804	535	289	8	1	530	1	523	1.55e-142	421	533	528	99	XP_050561841.1 juvenile hormone esterase isoform X4 [Spodoptera frugiperda]
TRINITY_DN2312_c0_g1_i14.p1	XP_050561840.1	42.804	535	289	8	1	530	1	523	1.55e-142	421	533	528	99	XP_050561840.1 juvenile hormone esterase isoform X4 [Spodoptera frugiperda]
TRINITY_DN2312_c0_g1_i14.p1	XP_035434296.2	42.804	535	289	8	1	530	10	532	2.40e-142	421	533	537	99	XP_035434296.2 juvenile hormone esterase isoform X3 [Spodoptera frugiperda]
TRINITY_DN2312_c0_g1_i14.p1	XP_035434294.2	42.804	535	289	8	1	530	30	552	6.68e-142	421	533	557	99	XP_035434294.2 esterase B1 isoform X1 [Spodoptera frugiperda]
TRINITY_DN2312_c0_g1_i14.p1	XP_035428785.2	43.364	535	284	10	4	530	6	529	7.48e-137	407	533	537	99	XP_035428785.2 juvenile hormone esterase isoform X2 [Spodoptera frugiperda]
TRINITY_DN2312_c0_g1_i14.p1	XP_035428784.2	43.364	535	284	10	4	530	33	556	2.09e-136	407	533	564	99	XP_035428784.2 juvenile hormone esterase isoform X1 [Spodoptera frugiperda]
TRINITY_DN2312_c0_g1_i14.p1	XP_035456137.2	40.977	532	283	10	4	525	7	517	4.57e-122	375	533	734	98	XP_035456137.2 juvenile hormone esterase isoform X3 [Spodoptera frugiperda]
TRINITY_DN2312_c0_g1_i14.p1	XP_035456136.2	40.977	532	283	10	4	525	7	517	4.57e-122	375	533	734	98	XP_035456136.2 juvenile hormone esterase isoform X3 [Spodoptera frugiperda]
TRINITY_DN2312_c0_g1_i14.p1	XP_035456135.2	40.977	532	283	10	4	525	23	533	6.64e-122	375	533	750	98	XP_035456135.2 juvenile hormone esterase isoform X2 [Spodoptera frugiperda]
TRINITY_DN2312_c0_g1_i14.p1	XP_035456134.2	40.977	532	283	10	4	525	117	627	4.19e-121	376	533	844	98	XP_035456134.2 juvenile hormone esterase isoform X1 [Spodoptera frugiperda]
TRINITY_DN2312_c0_g1_i16.p1	XP_035450368.2	72.491	538	142	3	1	532	1	538	0.0	831	533	538	99	XP_035450368.2 juvenile hormone esterase [Spodoptera frugiperda]
TRINITY_DN2312_c0_g1_i16.p1	XP_050563149.1	51.210	537	254	4	2	532	572	1106	0.0	566	533	1106	99	XP_050563149.1 neuroligin-4, X-linked-like [Spodoptera frugiperda]
TRINITY_DN2312_c0_g1_i16.p1	XP_050563149.1	41.509	530	294	8	4	528	36	554	2.76e-130	407	533	1106	99	XP_050563149.1 neuroligin-4, X-linked-like [Spodoptera frugiperda]
TRINITY_DN2312_c0_g1_i16.p1	XP_050563387.1	47.300	537	275	4	2	532	36	570	0.0	524	533	570	99	XP_050563387.1 juvenile hormone esterase-like [Spodoptera frugiperda]
TRINITY_DN2312_c0_g1_i16.p1	XP_050563389.1	47.048	542	256	9	1	526	1	527	1.50e-168	488	533	538	99	XP_050563389.1 esterase FE4 isoform X2 [Spodoptera frugiperda]
TRINITY_DN2312_c0_g1_i16.p1	XP_050563388.1	47.048	542	256	9	1	526	32	558	1.16e-167	487	533	569	99	XP_050563388.1 esterase FE4 isoform X1 [Spodoptera frugiperda]
TRINITY_DN2312_c0_g1_i16.p1	XP_035450367.2	45.234	535	282	8	4	532	27	556	1.48e-160	468	533	556	99	XP_035450367.2 esterase FE4-like [Spodoptera frugiperda]
TRINITY_DN2312_c0_g1_i16.p1	XP_035450366.2	45.794	535	279	7	4	532	27	556	2.12e-160	468	533	556	99	XP_035450366.2 esterase FE4-like [Spodoptera frugiperda]
TRINITY_DN2312_c0_g1_i16.p1	XP_035450249.2	44.074	540	289	6	1	530	1	537	2.53e-154	452	533	537	99	XP_035450249.2 juvenile hormone esterase [Spodoptera frugiperda]
TRINITY_DN2312_c0_g1_i16.p1	XP_035450696.2	44.590	536	287	5	2	532	26	556	1.96e-152	448	533	558	99	XP_035450696.2 juvenile hormone esterase-like [Spodoptera frugiperda]
TRINITY_DN2312_c0_g1_i16.p1	XP_035450251.1	44.527	539	277	11	1	526	1	530	2.14e-151	444	533	541	99	XP_035450251.1 juvenile hormone esterase-like [Spodoptera frugiperda]
TRINITY_DN2312_c0_g1_i16.p1	XP_035452347.2	44.299	535	283	8	1	524	1	531	1.68e-150	442	533	537	98	XP_035452347.2 juvenile hormone esterase-like [Spodoptera frugiperda]
TRINITY_DN2312_c0_g1_i16.p1	XP_035450257.2	44.030	536	286	7	1	526	635	1166	3.70e-147	452	533	1170	99	XP_035450257.2 uncharacterized protein LOC118276155 [Spodoptera frugiperda]
TRINITY_DN2312_c0_g1_i16.p1	XP_035450257.2	43.970	539	288	7	1	529	1	535	2.26e-146	450	533	1170	99	XP_035450257.2 uncharacterized protein LOC118276155 [Spodoptera frugiperda]
TRINITY_DN2312_c0_g1_i16.p1	XP_035450257.2	55.682	88	34	2	1	85	543	628	4.26e-20	95.1	533	1170	99	XP_035450257.2 uncharacterized protein LOC118276155 [Spodoptera frugiperda]
TRINITY_DN2312_c0_g1_i16.p1	XP_035452217.2	44.161	548	281	13	1	532	21	559	3.73e-146	432	533	560	99	XP_035452217.2 juvenile hormone esterase-like [Spodoptera frugiperda]
TRINITY_DN2312_c0_g1_i16.p1	XP_050561842.1	42.617	535	290	8	1	530	1	523	2.03e-142	421	533	528	99	XP_050561842.1 juvenile hormone esterase isoform X4 [Spodoptera frugiperda]
TRINITY_DN2312_c0_g1_i16.p1	XP_050561841.1	42.617	535	290	8	1	530	1	523	2.03e-142	421	533	528	99	XP_050561841.1 juvenile hormone esterase isoform X4 [Spodoptera frugiperda]
TRINITY_DN2312_c0_g1_i16.p1	XP_050561840.1	42.617	535	290	8	1	530	1	523	2.03e-142	421	533	528	99	XP_050561840.1 juvenile hormone esterase isoform X4 [Spodoptera frugiperda]
TRINITY_DN2312_c0_g1_i16.p1	XP_035434295.2	42.617	535	290	8	1	530	14	536	3.39e-142	421	533	541	99	XP_035434295.2 juvenile hormone esterase isoform X2 [Spodoptera frugiperda]
TRINITY_DN2312_c0_g1_i16.p1	XP_035434296.2	42.617	535	290	8	1	530	10	532	4.13e-142	421	533	537	99	XP_035434296.2 juvenile hormone esterase isoform X3 [Spodoptera frugiperda]
TRINITY_DN2312_c0_g1_i16.p1	XP_035434294.2	42.617	535	290	8	1	530	30	552	8.12e-142	421	533	557	99	XP_035434294.2 esterase B1 isoform X1 [Spodoptera frugiperda]
TRINITY_DN2312_c0_g1_i16.p1	XP_035428785.2	43.364	535	284	10	4	530	6	529	1.70e-137	409	533	537	99	XP_035428785.2 juvenile hormone esterase isoform X2 [Spodoptera frugiperda]
TRINITY_DN2312_c0_g1_i16.p1	XP_035428784.2	43.364	535	284	10	4	530	33	556	3.50e-137	409	533	564	99	XP_035428784.2 juvenile hormone esterase isoform X1 [Spodoptera frugiperda]
TRINITY_DN2312_c0_g1_i16.p1	XP_035456137.2	40.977	532	283	10	4	525	7	517	2.77e-122	376	533	734	98	XP_035456137.2 juvenile hormone esterase isoform X3 [Spodoptera frugiperda]
TRINITY_DN2312_c0_g1_i16.p1	XP_035456136.2	40.977	532	283	10	4	525	7	517	2.77e-122	376	533	734	98	XP_035456136.2 juvenile hormone esterase isoform X3 [Spodoptera frugiperda]
TRINITY_DN2312_c0_g1_i16.p1	XP_035456135.2	40.977	532	283	10	4	525	23	533	4.82e-122	376	533	750	98	XP_035456135.2 juvenile hormone esterase isoform X2 [Spodoptera frugiperda]
TRINITY_DN2312_c0_g1_i16.p1	XP_035456134.2	40.977	532	283	10	4	525	117	627	4.37e-121	376	533	844	98	XP_035456134.2 juvenile hormone esterase isoform X1 [Spodoptera frugiperda]
TRINITY_DN2312_c0_g1_i2.p1	XP_035450368.2	73.978	538	137	2	1	535	1	538	0.0	855	536	538	99	XP_035450368.2 juvenile hormone esterase [Spodoptera frugiperda]
TRINITY_DN2312_c0_g1_i2.p1	XP_050563149.1	51.955	537	253	2	2	535	572	1106	0.0	590	536	1106	99	XP_050563149.1 neuroligin-4, X-linked-like [Spodoptera frugiperda]
TRINITY_DN2312_c0_g1_i2.p1	XP_050563149.1	43.019	530	289	6	4	531	36	554	4.62e-139	430	536	1106	99	XP_050563149.1 neuroligin-4, X-linked-like [Spodoptera frugiperda]
TRINITY_DN2312_c0_g1_i2.p1	XP_050563387.1	50.279	537	262	2	2	535	36	570	0.0	563	536	570	99	XP_050563387.1 juvenile hormone esterase-like [Spodoptera frugiperda]
TRINITY_DN2312_c0_g1_i2.p1	XP_035450366.2	46.729	535	277	6	4	535	27	556	8.52e-168	487	536	556	99	XP_035450366.2 esterase FE4-like [Spodoptera frugiperda]
TRINITY_DN2312_c0_g1_i2.p1	XP_050563389.1	46.950	541	261	9	1	529	1	527	3.58e-167	485	536	538	99	XP_050563389.1 esterase FE4 isoform X2 [Spodoptera frugiperda]
TRINITY_DN2312_c0_g1_i2.p1	XP_035450367.2	46.168	535	280	6	4	535	27	556	1.44e-166	484	536	556	99	XP_035450367.2 esterase FE4-like [Spodoptera frugiperda]
TRINITY_DN2312_c0_g1_i2.p1	XP_050563388.1	46.950	541	261	9	1	529	32	558	1.56e-166	484	536	569	99	XP_050563388.1 esterase FE4 isoform X1 [Spodoptera frugiperda]
TRINITY_DN2312_c0_g1_i2.p1	XP_035450696.2	46.097	538	279	7	2	535	26	556	2.06e-164	478	536	558	99	XP_035450696.2 juvenile hormone esterase-like [Spodoptera frugiperda]
TRINITY_DN2312_c0_g1_i2.p1	XP_035450251.1	45.438	537	278	10	1	529	1	530	6.72e-160	466	536	541	99	XP_035450251.1 juvenile hormone esterase-like [Spodoptera frugiperda]
TRINITY_DN2312_c0_g1_i2.p1	XP_035452347.2	46.269	536	276	9	1	528	1	532	3.28e-159	464	536	537	99	XP_035452347.2 juvenile hormone esterase-like [Spodoptera frugiperda]
TRINITY_DN2312_c0_g1_i2.p1	XP_035450249.2	45.185	540	286	5	1	533	1	537	4.03e-159	464	536	537	99	XP_035450249.2 juvenile hormone esterase [Spodoptera frugiperda]
TRINITY_DN2312_c0_g1_i2.p1	XP_035452217.2	44.262	549	282	8	1	535	21	559	7.46e-156	457	536	560	99	XP_035452217.2 juvenile hormone esterase-like [Spodoptera frugiperda]
TRINITY_DN2312_c0_g1_i2.p1	XP_035450257.2	45.896	536	279	6	1	529	635	1166	2.07e-152	466	536	1170	99	XP_035450257.2 uncharacterized protein LOC118276155 [Spodoptera frugiperda]
TRINITY_DN2312_c0_g1_i2.p1	XP_035450257.2	45.269	539	284	6	1	532	1	535	9.96e-150	459	536	1170	99	XP_035450257.2 uncharacterized protein LOC118276155 [Spodoptera frugiperda]
TRINITY_DN2312_c0_g1_i2.p1	XP_035450257.2	43.411	129	66	2	1	129	543	664	1.82e-20	96.3	536	1170	99	XP_035450257.2 uncharacterized protein LOC118276155 [Spodoptera frugiperda]
TRINITY_DN2312_c0_g1_i2.p1	XP_035434296.2	42.430	535	294	8	1	533	10	532	2.31e-142	421	536	537	99	XP_035434296.2 juvenile hormone esterase isoform X3 [Spodoptera frugiperda]
TRINITY_DN2312_c0_g1_i2.p1	XP_035434295.2	42.430	535	294	8	1	533	14	536	2.51e-142	421	536	541	99	XP_035434295.2 juvenile hormone esterase isoform X2 [Spodoptera frugiperda]
TRINITY_DN2312_c0_g1_i2.p1	XP_050561842.1	42.430	535	294	8	1	533	1	523	2.65e-142	421	536	528	99	XP_050561842.1 juvenile hormone esterase isoform X4 [Spodoptera frugiperda]
TRINITY_DN2312_c0_g1_i2.p1	XP_050561841.1	42.430	535	294	8	1	533	1	523	2.65e-142	421	536	528	99	XP_050561841.1 juvenile hormone esterase isoform X4 [Spodoptera frugiperda]
TRINITY_DN2312_c0_g1_i2.p1	XP_050561840.1	42.430	535	294	8	1	533	1	523	2.65e-142	421	536	528	99	XP_050561840.1 juvenile hormone esterase isoform X4 [Spodoptera frugiperda]
TRINITY_DN2312_c0_g1_i2.p1	XP_035434294.2	42.430	535	294	8	1	533	30	552	4.64e-142	421	536	557	99	XP_035434294.2 esterase B1 isoform X1 [Spodoptera frugiperda]
TRINITY_DN2312_c0_g1_i2.p1	XP_035428785.2	41.808	531	301	6	4	533	6	529	2.85e-138	411	536	537	99	XP_035428785.2 juvenile hormone esterase isoform X2 [Spodoptera frugiperda]
TRINITY_DN2312_c0_g1_i2.p1	XP_035428784.2	41.808	531	301	6	4	533	33	556	6.16e-138	411	536	564	99	XP_035428784.2 juvenile hormone esterase isoform X1 [Spodoptera frugiperda]
TRINITY_DN2312_c0_g1_i2.p1	XP_035456137.2	39.887	529	296	9	4	528	7	517	4.49e-123	378	536	734	98	XP_035456137.2 juvenile hormone esterase isoform X3 [Spodoptera frugiperda]
TRINITY_DN2312_c0_g1_i2.p1	XP_035456136.2	39.887	529	296	9	4	528	7	517	4.49e-123	378	536	734	98	XP_035456136.2 juvenile hormone esterase isoform X3 [Spodoptera frugiperda]
TRINITY_DN2312_c0_g1_i2.p1	XP_035456135.2	39.887	529	296	9	4	528	23	533	4.84e-123	379	536	750	98	XP_035456135.2 juvenile hormone esterase isoform X2 [Spodoptera frugiperda]
TRINITY_DN2312_c0_g1_i2.p1	XP_035456134.2	39.887	529	296	9	4	528	117	627	5.44e-122	379	536	844	98	XP_035456134.2 juvenile hormone esterase isoform X1 [Spodoptera frugiperda]
TRINITY_DN2312_c0_g1_i3.p1	XP_035450368.2	81.604	212	39	0	1	212	1	212	8.88e-126	366	212	538	100	XP_035450368.2 juvenile hormone esterase [Spodoptera frugiperda]
TRINITY_DN2312_c0_g1_i3.p1	XP_035450251.1	68.571	210	65	1	1	210	1	209	4.02e-100	300	212	541	99	XP_035450251.1 juvenile hormone esterase-like [Spodoptera frugiperda]
TRINITY_DN2312_c0_g1_i3.p1	XP_035450249.2	67.619	210	67	1	1	210	1	209	6.40e-99	297	212	537	99	XP_035450249.2 juvenile hormone esterase [Spodoptera frugiperda]
TRINITY_DN2312_c0_g1_i3.p1	XP_035452347.2	65.877	211	70	2	1	210	1	210	5.55e-96	290	212	537	99	XP_035452347.2 juvenile hormone esterase-like [Spodoptera frugiperda]
TRINITY_DN2312_c0_g1_i3.p1	XP_035452217.2	64.929	211	72	2	1	210	21	230	5.49e-95	288	212	560	99	XP_035452217.2 juvenile hormone esterase-like [Spodoptera frugiperda]
TRINITY_DN2312_c0_g1_i3.p1	XP_035450257.2	66.667	210	69	1	1	210	635	843	1.17e-92	294	212	1170	99	XP_035450257.2 uncharacterized protein LOC118276155 [Spodoptera frugiperda]
TRINITY_DN2312_c0_g1_i3.p1	XP_035450257.2	64.762	210	73	1	1	210	1	209	3.14e-90	287	212	1170	99	XP_035450257.2 uncharacterized protein LOC118276155 [Spodoptera frugiperda]
TRINITY_DN2312_c0_g1_i3.p1	XP_035450257.2	44.961	129	64	2	1	129	543	664	4.70e-23	97.1	212	1170	99	XP_035450257.2 uncharacterized protein LOC118276155 [Spodoptera frugiperda]
TRINITY_DN2312_c0_g1_i3.p1	XP_050563389.1	63.721	215	69	4	1	211	1	210	2.06e-92	280	212	538	99	XP_050563389.1 esterase FE4 isoform X2 [Spodoptera frugiperda]
TRINITY_DN2312_c0_g1_i3.p1	XP_050563388.1	63.721	215	69	4	1	211	32	241	4.49e-92	281	212	569	99	XP_050563388.1 esterase FE4 isoform X1 [Spodoptera frugiperda]
TRINITY_DN2312_c0_g1_i3.p1	XP_050563149.1	63.333	210	77	0	1	210	571	780	1.04e-91	291	212	1106	99	XP_050563149.1 neuroligin-4, X-linked-like [Spodoptera frugiperda]
TRINITY_DN2312_c0_g1_i3.p1	XP_050563149.1	48.058	206	104	2	4	209	36	238	1.90e-57	196	212	1106	99	XP_050563149.1 neuroligin-4, X-linked-like [Spodoptera frugiperda]
TRINITY_DN2312_c0_g1_i3.p1	XP_050563387.1	61.722	209	80	0	2	210	36	244	3.60e-90	276	212	570	99	XP_050563387.1 juvenile hormone esterase-like [Spodoptera frugiperda]
TRINITY_DN2312_c0_g1_i3.p1	XP_035434296.2	62.381	210	76	1	1	210	10	216	3.53e-89	272	212	537	99	XP_035434296.2 juvenile hormone esterase isoform X3 [Spodoptera frugiperda]
TRINITY_DN2312_c0_g1_i3.p1	XP_050561842.1	62.381	210	76	1	1	210	1	207	4.26e-89	272	212	528	99	XP_050561842.1 juvenile hormone esterase isoform X4 [Spodoptera frugiperda]
TRINITY_DN2312_c0_g1_i3.p1	XP_050561841.1	62.381	210	76	1	1	210	1	207	4.26e-89	272	212	528	99	XP_050561841.1 juvenile hormone esterase isoform X4 [Spodoptera frugiperda]
TRINITY_DN2312_c0_g1_i3.p1	XP_050561840.1	62.381	210	76	1	1	210	1	207	4.26e-89	272	212	528	99	XP_050561840.1 juvenile hormone esterase isoform X4 [Spodoptera frugiperda]
TRINITY_DN2312_c0_g1_i3.p1	XP_035434295.2	62.381	210	76	1	1	210	14	220	4.65e-89	272	212	541	99	XP_035434295.2 juvenile hormone esterase isoform X2 [Spodoptera frugiperda]
TRINITY_DN2312_c0_g1_i3.p1	XP_035434294.2	62.381	210	76	1	1	210	30	236	8.38e-89	272	212	557	99	XP_035434294.2 esterase B1 isoform X1 [Spodoptera frugiperda]
TRINITY_DN2312_c0_g1_i3.p1	XP_035428785.2	63.285	207	75	1	4	210	6	211	9.83e-89	271	212	537	98	XP_035428785.2 juvenile hormone esterase isoform X2 [Spodoptera frugiperda]
TRINITY_DN2312_c0_g1_i3.p1	XP_035428784.2	63.285	207	75	1	4	210	33	238	1.60e-88	271	212	564	98	XP_035428784.2 juvenile hormone esterase isoform X1 [Spodoptera frugiperda]
TRINITY_DN2312_c0_g1_i3.p1	XP_035450696.2	59.809	209	84	0	4	212	28	236	6.43e-88	270	212	558	99	XP_035450696.2 juvenile hormone esterase-like [Spodoptera frugiperda]
TRINITY_DN2312_c0_g1_i3.p1	XP_035450367.2	57.547	212	90	0	1	212	24	235	4.23e-86	265	212	556	100	XP_035450367.2 esterase FE4-like [Spodoptera frugiperda]
TRINITY_DN2312_c0_g1_i3.p1	XP_035450366.2	57.547	212	90	0	1	212	24	235	5.53e-86	265	212	556	100	XP_035450366.2 esterase FE4-like [Spodoptera frugiperda]
TRINITY_DN2312_c0_g1_i3.p1	XP_035456137.2	56.522	207	87	3	4	210	7	210	1.52e-71	231	212	734	98	XP_035456137.2 juvenile hormone esterase isoform X3 [Spodoptera frugiperda]
TRINITY_DN2312_c0_g1_i3.p1	XP_035456136.2	56.522	207	87	3	4	210	7	210	1.52e-71	231	212	734	98	XP_035456136.2 juvenile hormone esterase isoform X3 [Spodoptera frugiperda]
TRINITY_DN2312_c0_g1_i3.p1	XP_035449615.1	56.338	213	86	3	4	210	94	305	1.63e-71	229	212	645	98	XP_035449615.1 venom carboxylesterase-6 [Spodoptera frugiperda]
TRINITY_DN2312_c0_g1_i3.p1	XP_035449614.1	56.338	213	86	3	4	210	94	305	1.63e-71	229	212	645	98	XP_035449614.1 venom carboxylesterase-6 [Spodoptera frugiperda]
TRINITY_DN2312_c0_g1_i5.p1	XP_035450368.2	82.547	212	37	0	1	212	1	212	1.62e-127	370	212	538	100	XP_035450368.2 juvenile hormone esterase [Spodoptera frugiperda]
TRINITY_DN2312_c0_g1_i5.p1	XP_035450251.1	69.524	210	63	1	1	210	1	209	3.34e-102	306	212	541	99	XP_035450251.1 juvenile hormone esterase-like [Spodoptera frugiperda]
TRINITY_DN2312_c0_g1_i5.p1	XP_035450249.2	68.571	210	65	1	1	210	1	209	4.98e-101	303	212	537	99	XP_035450249.2 juvenile hormone esterase [Spodoptera frugiperda]
TRINITY_DN2312_c0_g1_i5.p1	XP_035452347.2	66.351	211	69	2	1	210	1	210	3.20e-97	293	212	537	99	XP_035452347.2 juvenile hormone esterase-like [Spodoptera frugiperda]
TRINITY_DN2312_c0_g1_i5.p1	XP_035452217.2	65.877	211	70	2	1	210	21	230	3.91e-96	291	212	560	99	XP_035452217.2 juvenile hormone esterase-like [Spodoptera frugiperda]
TRINITY_DN2312_c0_g1_i5.p1	XP_035450257.2	67.619	210	67	1	1	210	635	843	1.14e-94	299	212	1170	99	XP_035450257.2 uncharacterized protein LOC118276155 [Spodoptera frugiperda]
TRINITY_DN2312_c0_g1_i5.p1	XP_035450257.2	65.714	210	71	1	1	210	1	209	2.89e-92	293	212	1170	99	XP_035450257.2 uncharacterized protein LOC118276155 [Spodoptera frugiperda]
TRINITY_DN2312_c0_g1_i5.p1	XP_035450257.2	44.961	129	64	2	1	129	543	664	1.61e-24	101	212	1170	99	XP_035450257.2 uncharacterized protein LOC118276155 [Spodoptera frugiperda]
TRINITY_DN2312_c0_g1_i5.p1	XP_050563389.1	64.651	215	67	4	1	211	1	210	3.97e-94	285	212	538	99	XP_050563389.1 esterase FE4 isoform X2 [Spodoptera frugiperda]
TRINITY_DN2312_c0_g1_i5.p1	XP_050563388.1	64.651	215	67	4	1	211	32	241	9.30e-94	285	212	569	99	XP_050563388.1 esterase FE4 isoform X1 [Spodoptera frugiperda]
TRINITY_DN2312_c0_g1_i5.p1	XP_050563149.1	63.810	210	76	0	1	210	571	780	5.38e-93	294	212	1106	99	XP_050563149.1 neuroligin-4, X-linked-like [Spodoptera frugiperda]
TRINITY_DN2312_c0_g1_i5.p1	XP_050563149.1	48.544	206	103	2	4	209	36	238	2.39e-58	198	212	1106	99	XP_050563149.1 neuroligin-4, X-linked-like [Spodoptera frugiperda]
TRINITY_DN2312_c0_g1_i5.p1	XP_050563387.1	62.679	209	78	0	2	210	36	244	8.78e-92	280	212	570	99	XP_050563387.1 juvenile hormone esterase-like [Spodoptera frugiperda]
TRINITY_DN2312_c0_g1_i5.p1	XP_035450696.2	60.664	211	83	0	2	212	26	236	1.01e-90	277	212	558	99	XP_035450696.2 juvenile hormone esterase-like [Spodoptera frugiperda]
TRINITY_DN2312_c0_g1_i5.p1	XP_035428785.2	63.285	207	75	1	4	210	6	211	1.81e-89	273	212	537	98	XP_035428785.2 juvenile hormone esterase isoform X2 [Spodoptera frugiperda]
TRINITY_DN2312_c0_g1_i5.p1	XP_035428784.2	63.285	207	75	1	4	210	33	238	3.41e-89	273	212	564	98	XP_035428784.2 juvenile hormone esterase isoform X1 [Spodoptera frugiperda]
TRINITY_DN2312_c0_g1_i5.p1	XP_035434295.2	62.319	207	75	1	4	210	17	220	5.23e-89	272	212	541	98	XP_035434295.2 juvenile hormone esterase isoform X2 [Spodoptera frugiperda]
TRINITY_DN2312_c0_g1_i5.p1	XP_035434296.2	62.319	207	75	1	4	210	13	216	5.38e-89	272	212	537	98	XP_035434296.2 juvenile hormone esterase isoform X3 [Spodoptera frugiperda]
TRINITY_DN2312_c0_g1_i5.p1	XP_050561842.1	62.319	207	75	1	4	210	4	207	5.95e-89	271	212	528	98	XP_050561842.1 juvenile hormone esterase isoform X4 [Spodoptera frugiperda]
TRINITY_DN2312_c0_g1_i5.p1	XP_050561841.1	62.319	207	75	1	4	210	4	207	5.95e-89	271	212	528	98	XP_050561841.1 juvenile hormone esterase isoform X4 [Spodoptera frugiperda]
TRINITY_DN2312_c0_g1_i5.p1	XP_050561840.1	62.319	207	75	1	4	210	4	207	5.95e-89	271	212	528	98	XP_050561840.1 juvenile hormone esterase isoform X4 [Spodoptera frugiperda]
TRINITY_DN2312_c0_g1_i5.p1	XP_035434294.2	62.319	207	75	1	4	210	33	236	1.42e-88	271	212	557	98	XP_035434294.2 esterase B1 isoform X1 [Spodoptera frugiperda]
TRINITY_DN2312_c0_g1_i5.p1	XP_035450367.2	57.895	209	88	0	4	212	27	235	2.32e-86	265	212	556	99	XP_035450367.2 esterase FE4-like [Spodoptera frugiperda]
TRINITY_DN2312_c0_g1_i5.p1	XP_035450366.2	57.895	209	88	0	4	212	27	235	2.81e-86	265	212	556	99	XP_035450366.2 esterase FE4-like [Spodoptera frugiperda]
TRINITY_DN2312_c0_g1_i5.p1	XP_035456137.2	56.522	207	87	3	4	210	7	210	1.42e-71	231	212	734	98	XP_035456137.2 juvenile hormone esterase isoform X3 [Spodoptera frugiperda]
TRINITY_DN2312_c0_g1_i5.p1	XP_035456136.2	56.522	207	87	3	4	210	7	210	1.42e-71	231	212	734	98	XP_035456136.2 juvenile hormone esterase isoform X3 [Spodoptera frugiperda]
TRINITY_DN2312_c0_g1_i5.p1	XP_035456135.2	56.522	207	87	3	4	210	23	226	2.08e-71	231	212	750	98	XP_035456135.2 juvenile hormone esterase isoform X2 [Spodoptera frugiperda]
TRINITY_DN2312_c0_g1_i5.p1	XP_035456134.2	56.522	207	87	3	4	210	117	320	5.73e-71	231	212	844	98	XP_035456134.2 juvenile hormone esterase isoform X1 [Spodoptera frugiperda]
TRINITY_DN2312_c0_g1_i7.p2	XP_035450368.2	75.824	364	84	3	1	362	1	362	0.0	570	362	538	100	XP_035450368.2 juvenile hormone esterase [Spodoptera frugiperda]
TRINITY_DN2312_c0_g1_i7.p2	XP_050563149.1	52.473	364	167	3	1	360	571	932	4.71e-130	399	362	1106	99	XP_050563149.1 neuroligin-4, X-linked-like [Spodoptera frugiperda]
TRINITY_DN2312_c0_g1_i7.p2	XP_050563149.1	43.099	355	199	2	4	358	36	387	3.82e-92	298	362	1106	99	XP_050563149.1 neuroligin-4, X-linked-like [Spodoptera frugiperda]
TRINITY_DN2312_c0_g1_i7.p2	XP_050563387.1	51.791	363	169	3	2	360	36	396	1.07e-129	383	362	570	99	XP_050563387.1 juvenile hormone esterase-like [Spodoptera frugiperda]
TRINITY_DN2312_c0_g1_i7.p2	XP_050563389.1	50.411	365	170	5	1	362	1	357	9.22e-126	372	362	538	100	XP_050563389.1 esterase FE4 isoform X2 [Spodoptera frugiperda]
TRINITY_DN2312_c0_g1_i7.p2	XP_050563388.1	50.411	365	170	5	1	362	32	388	2.42e-125	372	362	569	100	XP_050563388.1 esterase FE4 isoform X1 [Spodoptera frugiperda]
TRINITY_DN2312_c0_g1_i7.p2	XP_035450696.2	51.389	360	174	1	2	361	26	384	1.52e-124	370	362	558	99	XP_035450696.2 juvenile hormone esterase-like [Spodoptera frugiperda]
TRINITY_DN2312_c0_g1_i7.p2	XP_035434296.2	51.676	358	164	4	4	360	13	362	3.54e-122	363	362	537	99	XP_035434296.2 juvenile hormone esterase isoform X3 [Spodoptera frugiperda]
TRINITY_DN2312_c0_g1_i7.p2	XP_035450367.2	49.861	361	177	4	4	362	27	385	4.14e-122	363	362	556	99	XP_035450367.2 esterase FE4-like [Spodoptera frugiperda]
TRINITY_DN2312_c0_g1_i7.p2	XP_050561842.1	51.676	358	164	4	4	360	4	353	4.21e-122	362	362	528	99	XP_050561842.1 juvenile hormone esterase isoform X4 [Spodoptera frugiperda]
TRINITY_DN2312_c0_g1_i7.p2	XP_050561841.1	51.676	358	164	4	4	360	4	353	4.21e-122	362	362	528	99	XP_050561841.1 juvenile hormone esterase isoform X4 [Spodoptera frugiperda]
TRINITY_DN2312_c0_g1_i7.p2	XP_050561840.1	51.676	358	164	4	4	360	4	353	4.21e-122	362	362	528	99	XP_050561840.1 juvenile hormone esterase isoform X4 [Spodoptera frugiperda]
TRINITY_DN2312_c0_g1_i7.p2	XP_035434295.2	51.676	358	164	4	4	360	17	366	4.96e-122	363	362	541	99	XP_035434295.2 juvenile hormone esterase isoform X2 [Spodoptera frugiperda]
TRINITY_DN2312_c0_g1_i7.p2	XP_035434294.2	51.676	358	164	4	4	360	33	382	9.71e-122	362	362	557	99	XP_035434294.2 esterase B1 isoform X1 [Spodoptera frugiperda]
TRINITY_DN2312_c0_g1_i7.p2	XP_035452347.2	55.090	334	142	6	1	331	1	329	1.19e-121	362	362	537	91	XP_035452347.2 juvenile hormone esterase-like [Spodoptera frugiperda]
TRINITY_DN2312_c0_g1_i7.p2	XP_035450366.2	49.584	361	178	4	4	362	27	385	5.57e-121	360	362	556	99	XP_035450366.2 esterase FE4-like [Spodoptera frugiperda]
TRINITY_DN2312_c0_g1_i7.p2	XP_035452217.2	50.409	367	172	6	1	362	21	382	6.69e-121	360	362	560	100	XP_035452217.2 juvenile hormone esterase-like [Spodoptera frugiperda]
TRINITY_DN2312_c0_g1_i7.p2	XP_035450251.1	50.546	366	172	8	1	362	1	361	9.56e-121	359	362	541	100	XP_035450251.1 juvenile hormone esterase-like [Spodoptera frugiperda]
TRINITY_DN2312_c0_g1_i7.p2	XP_035450249.2	51.412	354	165	5	1	351	1	350	3.22e-120	358	362	537	97	XP_035450249.2 juvenile hormone esterase [Spodoptera frugiperda]
TRINITY_DN2312_c0_g1_i7.p2	XP_035428785.2	50.416	361	171	5	4	362	6	360	1.46e-118	354	362	537	99	XP_035428785.2 juvenile hormone esterase isoform X2 [Spodoptera frugiperda]
TRINITY_DN2312_c0_g1_i7.p2	XP_035428784.2	50.416	361	171	5	4	362	33	387	2.35e-118	354	362	564	99	XP_035428784.2 juvenile hormone esterase isoform X1 [Spodoptera frugiperda]
TRINITY_DN2312_c0_g1_i7.p2	XP_035450257.2	51.420	352	164	5	1	349	635	982	1.27e-114	360	362	1170	96	XP_035450257.2 uncharacterized protein LOC118276155 [Spodoptera frugiperda]
TRINITY_DN2312_c0_g1_i7.p2	XP_035450257.2	51.420	352	164	5	1	349	1	348	1.15e-113	357	362	1170	96	XP_035450257.2 uncharacterized protein LOC118276155 [Spodoptera frugiperda]
TRINITY_DN2312_c0_g1_i7.p2	XP_035450257.2	43.411	129	66	2	1	129	543	664	3.67e-21	95.9	362	1170	96	XP_035450257.2 uncharacterized protein LOC118276155 [Spodoptera frugiperda]
TRINITY_DN2312_c0_g1_i7.p2	XP_035456137.2	48.758	322	155	6	4	323	7	320	5.85e-95	298	362	734	88	XP_035456137.2 juvenile hormone esterase isoform X3 [Spodoptera frugiperda]
TRINITY_DN2312_c0_g1_i7.p2	XP_035456136.2	48.758	322	155	6	4	323	7	320	5.85e-95	298	362	734	88	XP_035456136.2 juvenile hormone esterase isoform X3 [Spodoptera frugiperda]
TRINITY_DN2312_c0_g1_i7.p2	XP_035456135.2	48.758	322	155	6	4	323	23	336	8.72e-95	298	362	750	88	XP_035456135.2 juvenile hormone esterase isoform X2 [Spodoptera frugiperda]
TRINITY_DN2312_c0_g1_i7.p2	XP_035456134.2	48.758	322	155	6	4	323	117	430	3.73e-94	299	362	844	88	XP_035456134.2 juvenile hormone esterase isoform X1 [Spodoptera frugiperda]
TRINITY_DN2312_c0_g1_i7.p1	XP_035450368.2	75.651	538	128	2	1	535	1	538	0.0	880	536	538	99	XP_035450368.2 juvenile hormone esterase [Spodoptera frugiperda]
TRINITY_DN2312_c0_g1_i7.p1	XP_050563149.1	51.301	538	257	2	1	535	571	1106	0.0	585	536	1106	99	XP_050563149.1 neuroligin-4, X-linked-like [Spodoptera frugiperda]
TRINITY_DN2312_c0_g1_i7.p1	XP_050563149.1	41.887	530	295	6	4	531	36	554	5.42e-139	429	536	1106	99	XP_050563149.1 neuroligin-4, X-linked-like [Spodoptera frugiperda]
TRINITY_DN2312_c0_g1_i7.p1	XP_050563387.1	49.721	537	265	2	2	535	36	570	0.0	556	536	570	99	XP_050563387.1 juvenile hormone esterase-like [Spodoptera frugiperda]
TRINITY_DN2312_c0_g1_i7.p1	XP_050563389.1	46.679	542	261	8	1	529	1	527	4.89e-169	489	536	538	99	XP_050563389.1 esterase FE4 isoform X2 [Spodoptera frugiperda]
TRINITY_DN2312_c0_g1_i7.p1	XP_050563388.1	46.679	542	261	8	1	529	32	558	4.46e-168	488	536	569	99	XP_050563388.1 esterase FE4 isoform X1 [Spodoptera frugiperda]
TRINITY_DN2312_c0_g1_i7.p1	XP_035450366.2	45.607	535	283	6	4	535	27	556	1.40e-163	476	536	556	99	XP_035450366.2 esterase FE4-like [Spodoptera frugiperda]
TRINITY_DN2312_c0_g1_i7.p1	XP_035450367.2	45.234	535	285	6	4	535	27	556	1.12e-162	474	536	556	99	XP_035450367.2 esterase FE4-like [Spodoptera frugiperda]
TRINITY_DN2312_c0_g1_i7.p1	XP_035452347.2	45.709	536	279	9	1	528	1	532	2.29e-161	470	536	537	99	XP_035452347.2 juvenile hormone esterase-like [Spodoptera frugiperda]
TRINITY_DN2312_c0_g1_i7.p1	XP_035450696.2	45.149	536	287	4	2	535	26	556	2.15e-158	463	536	558	99	XP_035450696.2 juvenile hormone esterase-like [Spodoptera frugiperda]
TRINITY_DN2312_c0_g1_i7.p1	XP_035450249.2	44.444	540	290	7	1	533	1	537	2.22e-157	460	536	537	99	XP_035450249.2 juvenile hormone esterase [Spodoptera frugiperda]
TRINITY_DN2312_c0_g1_i7.p1	XP_035450251.1	44.693	537	282	11	1	529	1	530	2.50e-156	457	536	541	99	XP_035450251.1 juvenile hormone esterase-like [Spodoptera frugiperda]
TRINITY_DN2312_c0_g1_i7.p1	XP_035452217.2	44.301	544	287	9	1	534	21	558	4.10e-155	455	536	560	99	XP_035452217.2 juvenile hormone esterase-like [Spodoptera frugiperda]
TRINITY_DN2312_c0_g1_i7.p1	XP_035434296.2	44.007	534	281	8	4	533	13	532	1.50e-149	440	536	537	99	XP_035434296.2 juvenile hormone esterase isoform X3 [Spodoptera frugiperda]
TRINITY_DN2312_c0_g1_i7.p1	XP_050561842.1	44.007	534	281	8	4	533	4	523	1.53e-149	439	536	528	99	XP_050561842.1 juvenile hormone esterase isoform X4 [Spodoptera frugiperda]
TRINITY_DN2312_c0_g1_i7.p1	XP_050561841.1	44.007	534	281	8	4	533	4	523	1.53e-149	439	536	528	99	XP_050561841.1 juvenile hormone esterase isoform X4 [Spodoptera frugiperda]
TRINITY_DN2312_c0_g1_i7.p1	XP_050561840.1	44.007	534	281	8	4	533	4	523	1.53e-149	439	536	528	99	XP_050561840.1 juvenile hormone esterase isoform X4 [Spodoptera frugiperda]
TRINITY_DN2312_c0_g1_i7.p1	XP_035434295.2	44.007	534	281	8	4	533	17	536	2.38e-149	439	536	541	99	XP_035434295.2 juvenile hormone esterase isoform X2 [Spodoptera frugiperda]
TRINITY_DN2312_c0_g1_i7.p1	XP_035434294.2	44.007	534	281	8	4	533	33	552	5.39e-149	439	536	557	99	XP_035434294.2 esterase B1 isoform X1 [Spodoptera frugiperda]
TRINITY_DN2312_c0_g1_i7.p1	XP_035450257.2	44.424	538	284	7	1	529	635	1166	5.16e-148	455	536	1170	99	XP_035450257.2 uncharacterized protein LOC118276155 [Spodoptera frugiperda]
TRINITY_DN2312_c0_g1_i7.p1	XP_035450257.2	43.438	541	291	7	1	532	1	535	2.68e-144	445	536	1170	99	XP_035450257.2 uncharacterized protein LOC118276155 [Spodoptera frugiperda]
TRINITY_DN2312_c0_g1_i7.p1	XP_035450257.2	43.411	129	66	2	1	129	543	664	1.41e-20	96.7	536	1170	99	XP_035450257.2 uncharacterized protein LOC118276155 [Spodoptera frugiperda]
TRINITY_DN2312_c0_g1_i7.p1	XP_035428785.2	43.879	531	290	7	4	533	6	529	3.97e-142	421	536	537	99	XP_035428785.2 juvenile hormone esterase isoform X2 [Spodoptera frugiperda]
TRINITY_DN2312_c0_g1_i7.p1	XP_035428784.2	43.879	531	290	7	4	533	33	556	6.24e-142	421	536	564	99	XP_035428784.2 juvenile hormone esterase isoform X1 [Spodoptera frugiperda]
TRINITY_DN2312_c0_g1_i7.p1	XP_035456137.2	40.265	529	294	9	4	528	7	517	6.93e-121	372	536	734	98	XP_035456137.2 juvenile hormone esterase isoform X3 [Spodoptera frugiperda]
TRINITY_DN2312_c0_g1_i7.p1	XP_035456136.2	40.265	529	294	9	4	528	7	517	6.93e-121	372	536	734	98	XP_035456136.2 juvenile hormone esterase isoform X3 [Spodoptera frugiperda]
TRINITY_DN2312_c0_g1_i7.p1	XP_035456135.2	40.265	529	294	9	4	528	23	533	1.18e-120	372	536	750	98	XP_035456135.2 juvenile hormone esterase isoform X2 [Spodoptera frugiperda]
TRINITY_DN2312_c0_g1_i7.p1	XP_035456134.2	40.265	529	294	9	4	528	117	627	6.45e-120	373	536	844	98	XP_035456134.2 juvenile hormone esterase isoform X1 [Spodoptera frugiperda]
TRINITY_DN2312_c0_g1_i9.p1	XP_035450368.2	75.651	538	128	2	1	535	1	538	0.0	880	536	538	99	XP_035450368.2 juvenile hormone esterase [Spodoptera frugiperda]
TRINITY_DN2312_c0_g1_i9.p1	XP_050563149.1	51.301	538	257	2	1	535	571	1106	0.0	585	536	1106	99	XP_050563149.1 neuroligin-4, X-linked-like [Spodoptera frugiperda]
TRINITY_DN2312_c0_g1_i9.p1	XP_050563149.1	41.887	530	295	6	4	531	36	554	5.42e-139	429	536	1106	99	XP_050563149.1 neuroligin-4, X-linked-like [Spodoptera frugiperda]
TRINITY_DN2312_c0_g1_i9.p1	XP_050563387.1	49.721	537	265	2	2	535	36	570	0.0	556	536	570	99	XP_050563387.1 juvenile hormone esterase-like [Spodoptera frugiperda]
TRINITY_DN2312_c0_g1_i9.p1	XP_050563389.1	46.679	542	261	8	1	529	1	527	4.89e-169	489	536	538	99	XP_050563389.1 esterase FE4 isoform X2 [Spodoptera frugiperda]
TRINITY_DN2312_c0_g1_i9.p1	XP_050563388.1	46.679	542	261	8	1	529	32	558	4.46e-168	488	536	569	99	XP_050563388.1 esterase FE4 isoform X1 [Spodoptera frugiperda]
TRINITY_DN2312_c0_g1_i9.p1	XP_035450366.2	45.607	535	283	6	4	535	27	556	1.40e-163	476	536	556	99	XP_035450366.2 esterase FE4-like [Spodoptera frugiperda]
TRINITY_DN2312_c0_g1_i9.p1	XP_035450367.2	45.234	535	285	6	4	535	27	556	1.12e-162	474	536	556	99	XP_035450367.2 esterase FE4-like [Spodoptera frugiperda]
TRINITY_DN2312_c0_g1_i9.p1	XP_035452347.2	45.709	536	279	9	1	528	1	532	2.29e-161	470	536	537	99	XP_035452347.2 juvenile hormone esterase-like [Spodoptera frugiperda]
TRINITY_DN2312_c0_g1_i9.p1	XP_035450696.2	45.149	536	287	4	2	535	26	556	2.15e-158	463	536	558	99	XP_035450696.2 juvenile hormone esterase-like [Spodoptera frugiperda]
TRINITY_DN2312_c0_g1_i9.p1	XP_035450249.2	44.444	540	290	7	1	533	1	537	2.22e-157	460	536	537	99	XP_035450249.2 juvenile hormone esterase [Spodoptera frugiperda]
TRINITY_DN2312_c0_g1_i9.p1	XP_035450251.1	44.693	537	282	11	1	529	1	530	2.50e-156	457	536	541	99	XP_035450251.1 juvenile hormone esterase-like [Spodoptera frugiperda]
TRINITY_DN2312_c0_g1_i9.p1	XP_035452217.2	44.301	544	287	9	1	534	21	558	4.10e-155	455	536	560	99	XP_035452217.2 juvenile hormone esterase-like [Spodoptera frugiperda]
TRINITY_DN2312_c0_g1_i9.p1	XP_035434296.2	44.007	534	281	8	4	533	13	532	1.50e-149	440	536	537	99	XP_035434296.2 juvenile hormone esterase isoform X3 [Spodoptera frugiperda]
TRINITY_DN2312_c0_g1_i9.p1	XP_050561842.1	44.007	534	281	8	4	533	4	523	1.53e-149	439	536	528	99	XP_050561842.1 juvenile hormone esterase isoform X4 [Spodoptera frugiperda]
TRINITY_DN2312_c0_g1_i9.p1	XP_050561841.1	44.007	534	281	8	4	533	4	523	1.53e-149	439	536	528	99	XP_050561841.1 juvenile hormone esterase isoform X4 [Spodoptera frugiperda]
TRINITY_DN2312_c0_g1_i9.p1	XP_050561840.1	44.007	534	281	8	4	533	4	523	1.53e-149	439	536	528	99	XP_050561840.1 juvenile hormone esterase isoform X4 [Spodoptera frugiperda]
TRINITY_DN2312_c0_g1_i9.p1	XP_035434295.2	44.007	534	281	8	4	533	17	536	2.38e-149	439	536	541	99	XP_035434295.2 juvenile hormone esterase isoform X2 [Spodoptera frugiperda]
TRINITY_DN2312_c0_g1_i9.p1	XP_035434294.2	44.007	534	281	8	4	533	33	552	5.39e-149	439	536	557	99	XP_035434294.2 esterase B1 isoform X1 [Spodoptera frugiperda]
TRINITY_DN2312_c0_g1_i9.p1	XP_035450257.2	44.424	538	284	7	1	529	635	1166	5.16e-148	455	536	1170	99	XP_035450257.2 uncharacterized protein LOC118276155 [Spodoptera frugiperda]
TRINITY_DN2312_c0_g1_i9.p1	XP_035450257.2	43.438	541	291	7	1	532	1	535	2.68e-144	445	536	1170	99	XP_035450257.2 uncharacterized protein LOC118276155 [Spodoptera frugiperda]
TRINITY_DN2312_c0_g1_i9.p1	XP_035450257.2	43.411	129	66	2	1	129	543	664	1.41e-20	96.7	536	1170	99	XP_035450257.2 uncharacterized protein LOC118276155 [Spodoptera frugiperda]
TRINITY_DN2312_c0_g1_i9.p1	XP_035428785.2	43.879	531	290	7	4	533	6	529	3.97e-142	421	536	537	99	XP_035428785.2 juvenile hormone esterase isoform X2 [Spodoptera frugiperda]
TRINITY_DN2312_c0_g1_i9.p1	XP_035428784.2	43.879	531	290	7	4	533	33	556	6.24e-142	421	536	564	99	XP_035428784.2 juvenile hormone esterase isoform X1 [Spodoptera frugiperda]
TRINITY_DN2312_c0_g1_i9.p1	XP_035456137.2	40.265	529	294	9	4	528	7	517	6.93e-121	372	536	734	98	XP_035456137.2 juvenile hormone esterase isoform X3 [Spodoptera frugiperda]
TRINITY_DN2312_c0_g1_i9.p1	XP_035456136.2	40.265	529	294	9	4	528	7	517	6.93e-121	372	536	734	98	XP_035456136.2 juvenile hormone esterase isoform X3 [Spodoptera frugiperda]
TRINITY_DN2312_c0_g1_i9.p1	XP_035456135.2	40.265	529	294	9	4	528	23	533	1.18e-120	372	536	750	98	XP_035456135.2 juvenile hormone esterase isoform X2 [Spodoptera frugiperda]
TRINITY_DN2312_c0_g1_i9.p1	XP_035456134.2	40.265	529	294	9	4	528	117	627	6.45e-120	373	536	844	98	XP_035456134.2 juvenile hormone esterase isoform X1 [Spodoptera frugiperda]
TRINITY_DN2312_c0_g1_i9.p2	XP_035450368.2	75.824	364	84	3	1	362	1	362	0.0	569	362	538	100	XP_035450368.2 juvenile hormone esterase [Spodoptera frugiperda]
TRINITY_DN2312_c0_g1_i9.p2	XP_050563149.1	51.923	364	169	3	1	360	571	932	5.23e-129	396	362	1106	99	XP_050563149.1 neuroligin-4, X-linked-like [Spodoptera frugiperda]
TRINITY_DN2312_c0_g1_i9.p2	XP_050563149.1	43.380	355	198	2	4	358	36	387	2.84e-92	298	362	1106	99	XP_050563149.1 neuroligin-4, X-linked-like [Spodoptera frugiperda]
TRINITY_DN2312_c0_g1_i9.p2	XP_050563387.1	51.240	363	171	3	2	360	36	396	1.10e-128	381	362	570	99	XP_050563387.1 juvenile hormone esterase-like [Spodoptera frugiperda]
TRINITY_DN2312_c0_g1_i9.p2	XP_050563389.1	50.959	365	168	5	1	362	1	357	1.44e-126	374	362	538	100	XP_050563389.1 esterase FE4 isoform X2 [Spodoptera frugiperda]
TRINITY_DN2312_c0_g1_i9.p2	XP_050563388.1	51.695	354	160	5	1	351	32	377	4.65e-126	374	362	569	97	XP_050563388.1 esterase FE4 isoform X1 [Spodoptera frugiperda]
TRINITY_DN2312_c0_g1_i9.p2	XP_035450696.2	51.667	360	173	1	2	361	26	384	6.60e-125	371	362	558	99	XP_035450696.2 juvenile hormone esterase-like [Spodoptera frugiperda]
TRINITY_DN2312_c0_g1_i9.p2	XP_035450367.2	50.139	361	176	4	4	362	27	385	3.88e-122	363	362	556	99	XP_035450367.2 esterase FE4-like [Spodoptera frugiperda]
TRINITY_DN2312_c0_g1_i9.p2	XP_035434296.2	51.397	358	165	4	4	360	13	362	5.29e-122	362	362	537	99	XP_035434296.2 juvenile hormone esterase isoform X3 [Spodoptera frugiperda]
TRINITY_DN2312_c0_g1_i9.p2	XP_035452347.2	55.090	334	142	6	1	331	1	329	6.03e-122	362	362	537	91	XP_035452347.2 juvenile hormone esterase-like [Spodoptera frugiperda]
TRINITY_DN2312_c0_g1_i9.p2	XP_050561842.1	51.397	358	165	4	4	360	4	353	6.79e-122	362	362	528	99	XP_050561842.1 juvenile hormone esterase isoform X4 [Spodoptera frugiperda]
TRINITY_DN2312_c0_g1_i9.p2	XP_050561841.1	51.397	358	165	4	4	360	4	353	6.79e-122	362	362	528	99	XP_050561841.1 juvenile hormone esterase isoform X4 [Spodoptera frugiperda]
TRINITY_DN2312_c0_g1_i9.p2	XP_050561840.1	51.397	358	165	4	4	360	4	353	6.79e-122	362	362	528	99	XP_050561840.1 juvenile hormone esterase isoform X4 [Spodoptera frugiperda]
TRINITY_DN2312_c0_g1_i9.p2	XP_035434295.2	51.397	358	165	4	4	360	17	366	7.99e-122	362	362	541	99	XP_035434295.2 juvenile hormone esterase isoform X2 [Spodoptera frugiperda]
TRINITY_DN2312_c0_g1_i9.p2	XP_035434294.2	51.397	358	165	4	4	360	33	382	1.30e-121	362	362	557	99	XP_035434294.2 esterase B1 isoform X1 [Spodoptera frugiperda]
TRINITY_DN2312_c0_g1_i9.p2	XP_035452217.2	50.409	367	172	6	1	362	21	382	4.48e-121	361	362	560	100	XP_035452217.2 juvenile hormone esterase-like [Spodoptera frugiperda]
TRINITY_DN2312_c0_g1_i9.p2	XP_035450366.2	49.861	361	177	4	4	362	27	385	5.51e-121	360	362	556	99	XP_035450366.2 esterase FE4-like [Spodoptera frugiperda]
TRINITY_DN2312_c0_g1_i9.p2	XP_035450251.1	50.546	366	172	8	1	362	1	361	6.00e-121	360	362	541	100	XP_035450251.1 juvenile hormone esterase-like [Spodoptera frugiperda]
TRINITY_DN2312_c0_g1_i9.p2	XP_035450249.2	51.130	354	166	5	1	351	1	350	3.62e-120	358	362	537	97	XP_035450249.2 juvenile hormone esterase [Spodoptera frugiperda]
TRINITY_DN2312_c0_g1_i9.p2	XP_035428785.2	50.139	361	172	5	4	362	6	360	5.34e-118	352	362	537	99	XP_035428785.2 juvenile hormone esterase isoform X2 [Spodoptera frugiperda]
TRINITY_DN2312_c0_g1_i9.p2	XP_035428784.2	50.139	361	172	5	4	362	33	387	7.57e-118	353	362	564	99	XP_035428784.2 juvenile hormone esterase isoform X1 [Spodoptera frugiperda]
TRINITY_DN2312_c0_g1_i9.p2	XP_035450257.2	51.420	352	164	5	1	349	635	982	1.18e-114	360	362	1170	96	XP_035450257.2 uncharacterized protein LOC118276155 [Spodoptera frugiperda]
TRINITY_DN2312_c0_g1_i9.p2	XP_035450257.2	51.705	352	163	5	1	349	1	348	5.10e-114	358	362	1170	96	XP_035450257.2 uncharacterized protein LOC118276155 [Spodoptera frugiperda]
TRINITY_DN2312_c0_g1_i9.p2	XP_035450257.2	42.636	129	67	2	1	129	543	664	5.41e-21	95.5	362	1170	96	XP_035450257.2 uncharacterized protein LOC118276155 [Spodoptera frugiperda]
TRINITY_DN2312_c0_g1_i9.p2	XP_035456137.2	49.068	322	154	6	4	323	7	320	8.31e-95	298	362	734	88	XP_035456137.2 juvenile hormone esterase isoform X3 [Spodoptera frugiperda]
TRINITY_DN2312_c0_g1_i9.p2	XP_035456136.2	49.068	322	154	6	4	323	7	320	8.31e-95	298	362	734	88	XP_035456136.2 juvenile hormone esterase isoform X3 [Spodoptera frugiperda]
TRINITY_DN2312_c0_g1_i9.p2	XP_035456135.2	49.068	322	154	6	4	323	23	336	1.24e-94	298	362	750	88	XP_035456135.2 juvenile hormone esterase isoform X2 [Spodoptera frugiperda]
TRINITY_DN2312_c0_g1_i9.p2	XP_035456134.2	49.068	322	154	6	4	323	117	430	4.60e-94	299	362	844	88	XP_035456134.2 juvenile hormone esterase isoform X1 [Spodoptera frugiperda]
TRINITY_DN235_c0_g1_i1.p1	XP_035430420.2	76.524	328	76	1	4	331	5	331	0.0	533	331	554	99	XP_035430420.2 cholinesterase 1 [Spodoptera frugiperda]
TRINITY_DN235_c0_g1_i1.p1	XP_050553601.1	70.393	331	97	1	2	331	3	333	1.96e-176	501	331	560	99	XP_050553601.1 para-nitrobenzyl esterase-like [Spodoptera frugiperda]
TRINITY_DN235_c0_g1_i1.p1	XP_035429428.2	70.695	331	96	1	2	331	3	333	4.20e-176	500	331	557	99	XP_035429428.2 cholinesterase 1 isoform X1 [Spodoptera frugiperda]
TRINITY_DN235_c0_g1_i1.p1	XP_050553603.1	70.695	331	96	1	2	331	3	333	5.04e-176	499	331	554	99	XP_050553603.1 cholinesterase 1 isoform X3 [Spodoptera frugiperda]
TRINITY_DN235_c0_g1_i1.p1	XP_035429429.2	70.695	331	96	1	2	331	3	333	5.04e-176	499	331	554	99	XP_035429429.2 cholinesterase 1 isoform X2 [Spodoptera frugiperda]
TRINITY_DN235_c0_g1_i1.p1	XP_035429431.2	70.482	332	96	2	1	331	2	332	4.05e-174	494	331	553	100	XP_035429431.2 cholinesterase 1 isoform X4 [Spodoptera frugiperda]
TRINITY_DN235_c0_g1_i1.p1	XP_035430003.2	66.768	328	108	1	4	331	5	331	8.90e-167	476	331	545	99	XP_035430003.2 esterase FE4-like [Spodoptera frugiperda]
TRINITY_DN235_c0_g1_i1.p1	XP_050553602.1	67.267	333	107	2	1	331	2	334	2.68e-166	475	331	558	100	XP_050553602.1 juvenile hormone esterase-like isoform X2 [Spodoptera frugiperda]
TRINITY_DN235_c0_g1_i1.p1	XP_035430692.2	67.267	333	107	2	1	331	2	334	3.12e-166	475	331	558	100	XP_035430692.2 juvenile hormone esterase-like isoform X1 [Spodoptera frugiperda]
TRINITY_DN235_c0_g1_i1.p1	XP_050553323.1	67.477	329	105	2	4	331	5	332	1.54e-162	466	331	565	99	XP_050553323.1 cholinesterase 1 [Spodoptera frugiperda]
TRINITY_DN235_c0_g1_i1.p1	XP_035430182.2	59.248	319	123	5	16	331	18	332	1.62e-130	384	331	550	95	XP_035430182.2 esterase FE4-like [Spodoptera frugiperda]
TRINITY_DN235_c0_g1_i1.p1	XP_035430694.2	54.655	333	147	3	1	331	1	331	8.11e-127	374	331	550	100	XP_035430694.2 esterase FE4-like [Spodoptera frugiperda]
TRINITY_DN235_c0_g1_i1.p1	XP_050553599.1	56.369	314	134	2	19	331	20	331	1.12e-124	369	331	553	95	XP_050553599.1 juvenile hormone esterase-like isoform X3 [Spodoptera frugiperda]
TRINITY_DN235_c0_g1_i1.p1	XP_050553597.1	56.369	314	134	2	19	331	20	331	1.50e-124	368	331	553	95	XP_050553597.1 juvenile hormone esterase-like isoform X1 [Spodoptera frugiperda]
TRINITY_DN235_c0_g1_i1.p1	XP_050553598.1	55.414	314	137	2	19	331	20	331	4.33e-123	365	331	553	95	XP_050553598.1 juvenile hormone esterase-like isoform X2 [Spodoptera frugiperda]
TRINITY_DN235_c0_g1_i1.p1	XP_050553600.1	55.414	314	137	2	19	331	20	331	7.36e-123	364	331	553	95	XP_050553600.1 juvenile hormone esterase-like isoform X4 [Spodoptera frugiperda]
TRINITY_DN235_c0_g1_i1.p1	XP_035430243.2	52.978	319	140	5	16	331	18	329	5.72e-117	348	331	540	95	XP_035430243.2 para-nitrobenzyl esterase-like [Spodoptera frugiperda]
TRINITY_DN235_c0_g1_i1.p1	XP_035430264.2	51.488	336	150	4	1	331	1	328	8.21e-117	349	331	562	100	XP_035430264.2 acetylcholinesterase [Spodoptera frugiperda]
TRINITY_DN235_c0_g1_i1.p1	XP_035430907.2	52.239	335	148	5	1	331	1	327	2.68e-115	345	331	562	100	XP_035430907.2 cholinesterase 1-like [Spodoptera frugiperda]
TRINITY_DN235_c0_g1_i1.p1	XP_050553308.1	50.298	336	155	4	1	331	1	329	2.58e-111	335	331	569	100	XP_050553308.1 para-nitrobenzyl esterase-like isoform X3 [Spodoptera frugiperda]
TRINITY_DN235_c0_g1_i1.p1	XP_050553309.1	50.000	336	156	4	1	331	1	329	3.17e-111	335	331	569	100	XP_050553309.1 para-nitrobenzyl esterase-like isoform X4 [Spodoptera frugiperda]
TRINITY_DN235_c0_g1_i1.p1	XP_050553307.1	50.000	336	156	4	1	331	1	329	4.06e-111	334	331	569	100	XP_050553307.1 para-nitrobenzyl esterase-like isoform X2 [Spodoptera frugiperda]
TRINITY_DN235_c0_g1_i1.p1	XP_035430695.2	49.702	336	157	4	1	331	14	342	9.79e-110	331	331	582	100	XP_035430695.2 para-nitrobenzyl esterase-like isoform X1 [Spodoptera frugiperda]
TRINITY_DN235_c0_g1_i1.p1	XP_035429320.2	48.961	337	157	6	1	331	1	328	8.64e-106	322	331	594	100	XP_035429320.2 para-nitrobenzyl esterase-like [Spodoptera frugiperda]
TRINITY_DN235_c0_g1_i1.p1	XP_035449424.2	41.141	333	186	6	8	331	4	335	2.82e-77	247	331	556	98	XP_035449424.2 esterase FE4-like [Spodoptera frugiperda]
TRINITY_DN235_c0_g1_i2.p1	XP_035430420.2	74.900	251	62	1	3	253	4	253	1.77e-138	400	253	554	99	XP_035430420.2 cholinesterase 1 [Spodoptera frugiperda]
TRINITY_DN235_c0_g1_i2.p1	XP_035429431.2	70.238	252	74	1	2	253	3	253	1.02e-131	383	253	553	99	XP_035429431.2 cholinesterase 1 isoform X4 [Spodoptera frugiperda]
TRINITY_DN235_c0_g1_i2.p1	XP_050553601.1	69.048	252	78	0	2	253	3	254	2.55e-130	380	253	560	99	XP_050553601.1 para-nitrobenzyl esterase-like [Spodoptera frugiperda]
TRINITY_DN235_c0_g1_i2.p1	XP_035429428.2	69.048	252	78	0	2	253	3	254	3.60e-129	377	253	557	99	XP_035429428.2 cholinesterase 1 isoform X1 [Spodoptera frugiperda]
TRINITY_DN235_c0_g1_i2.p1	XP_050553603.1	69.048	252	78	0	2	253	3	254	5.55e-129	376	253	554	99	XP_050553603.1 cholinesterase 1 isoform X3 [Spodoptera frugiperda]
TRINITY_DN235_c0_g1_i2.p1	XP_035429429.2	69.048	252	78	0	2	253	3	254	5.55e-129	376	253	554	99	XP_035429429.2 cholinesterase 1 isoform X2 [Spodoptera frugiperda]
TRINITY_DN235_c0_g1_i2.p1	XP_050553602.1	68.127	251	80	0	2	252	3	253	1.43e-128	375	253	558	99	XP_050553602.1 juvenile hormone esterase-like isoform X2 [Spodoptera frugiperda]
TRINITY_DN235_c0_g1_i2.p1	XP_035430692.2	68.127	251	80	0	2	252	3	253	1.51e-128	375	253	558	99	XP_035430692.2 juvenile hormone esterase-like isoform X1 [Spodoptera frugiperda]
TRINITY_DN235_c0_g1_i2.p1	XP_050553323.1	66.800	250	82	1	4	253	5	253	5.51e-121	356	253	565	99	XP_050553323.1 cholinesterase 1 [Spodoptera frugiperda]
TRINITY_DN235_c0_g1_i2.p1	XP_035430003.2	64.400	250	88	1	4	253	5	253	4.18e-119	351	253	545	99	XP_035430003.2 esterase FE4-like [Spodoptera frugiperda]
TRINITY_DN235_c0_g1_i2.p1	XP_035430182.2	61.181	237	88	3	16	252	18	250	2.53e-100	303	253	550	94	XP_035430182.2 esterase FE4-like [Spodoptera frugiperda]
TRINITY_DN235_c0_g1_i2.p1	XP_035430694.2	56.917	253	106	2	1	252	1	251	1.63e-98	298	253	550	99	XP_035430694.2 esterase FE4-like [Spodoptera frugiperda]
TRINITY_DN235_c0_g1_i2.p1	XP_050553599.1	59.402	234	93	1	19	252	20	251	4.11e-96	292	253	553	92	XP_050553599.1 juvenile hormone esterase-like isoform X3 [Spodoptera frugiperda]
TRINITY_DN235_c0_g1_i2.p1	XP_050553597.1	59.402	234	93	1	19	252	20	251	4.20e-96	292	253	553	92	XP_050553597.1 juvenile hormone esterase-like isoform X1 [Spodoptera frugiperda]
TRINITY_DN235_c0_g1_i2.p1	XP_050553600.1	58.974	234	94	1	19	252	20	251	7.23e-95	289	253	553	92	XP_050553600.1 juvenile hormone esterase-like isoform X4 [Spodoptera frugiperda]
TRINITY_DN235_c0_g1_i2.p1	XP_050553598.1	58.974	234	94	1	19	252	20	251	1.00e-94	289	253	553	92	XP_050553598.1 juvenile hormone esterase-like isoform X2 [Spodoptera frugiperda]
TRINITY_DN235_c0_g1_i2.p1	XP_050553309.1	53.150	254	110	2	1	252	1	247	1.05e-89	276	253	569	99	XP_050553309.1 para-nitrobenzyl esterase-like isoform X4 [Spodoptera frugiperda]
TRINITY_DN235_c0_g1_i2.p1	XP_050553307.1	53.150	254	110	2	1	252	1	247	1.19e-89	276	253	569	99	XP_050553307.1 para-nitrobenzyl esterase-like isoform X2 [Spodoptera frugiperda]
TRINITY_DN235_c0_g1_i2.p1	XP_050553308.1	53.150	254	110	2	1	252	1	247	5.26e-89	275	253	569	99	XP_050553308.1 para-nitrobenzyl esterase-like isoform X3 [Spodoptera frugiperda]
TRINITY_DN235_c0_g1_i2.p1	XP_035430243.2	54.430	237	101	3	16	252	18	247	8.87e-88	270	253	540	94	XP_035430243.2 para-nitrobenzyl esterase-like [Spodoptera frugiperda]
TRINITY_DN235_c0_g1_i2.p1	XP_035430264.2	51.969	254	112	2	1	252	1	246	1.10e-87	271	253	562	99	XP_035430264.2 acetylcholinesterase [Spodoptera frugiperda]
TRINITY_DN235_c0_g1_i2.p1	XP_035430695.2	52.362	254	112	2	1	252	14	260	2.18e-87	271	253	582	99	XP_035430695.2 para-nitrobenzyl esterase-like isoform X1 [Spodoptera frugiperda]
TRINITY_DN235_c0_g1_i2.p1	XP_035430907.2	53.755	253	108	3	1	252	1	245	3.73e-87	270	253	562	99	XP_035430907.2 cholinesterase 1-like [Spodoptera frugiperda]
TRINITY_DN235_c0_g1_i2.p1	XP_035429320.2	49.606	254	116	4	1	251	1	245	4.36e-80	252	253	594	99	XP_035429320.2 para-nitrobenzyl esterase-like [Spodoptera frugiperda]
TRINITY_DN235_c0_g1_i2.p1	XP_035459069.2	47.368	247	124	4	6	251	8	249	1.12e-67	218	253	544	97	XP_035459069.2 LOW QUALITY PROTEIN: esterase FE4 [Spodoptera frugiperda]
TRINITY_DN235_c0_g1_i5.p1	XP_035430420.2	76.400	250	58	1	4	253	5	253	1.85e-140	405	253	554	99	XP_035430420.2 cholinesterase 1 [Spodoptera frugiperda]
TRINITY_DN235_c0_g1_i5.p1	XP_035429431.2	70.635	252	73	1	2	253	3	253	6.44e-132	384	253	553	99	XP_035429431.2 cholinesterase 1 isoform X4 [Spodoptera frugiperda]
TRINITY_DN235_c0_g1_i5.p1	XP_050553601.1	68.651	252	79	0	2	253	3	254	5.76e-130	379	253	560	99	XP_050553601.1 para-nitrobenzyl esterase-like [Spodoptera frugiperda]
TRINITY_DN235_c0_g1_i5.p1	XP_050553603.1	68.651	252	79	0	2	253	3	254	8.20e-129	376	253	554	99	XP_050553603.1 cholinesterase 1 isoform X3 [Spodoptera frugiperda]
TRINITY_DN235_c0_g1_i5.p1	XP_035429429.2	68.651	252	79	0	2	253	3	254	8.20e-129	376	253	554	99	XP_035429429.2 cholinesterase 1 isoform X2 [Spodoptera frugiperda]
TRINITY_DN235_c0_g1_i5.p1	XP_035429428.2	68.651	252	79	0	2	253	3	254	1.12e-128	376	253	557	99	XP_035429428.2 cholinesterase 1 isoform X1 [Spodoptera frugiperda]
TRINITY_DN235_c0_g1_i5.p1	XP_050553602.1	68.526	251	79	0	2	252	3	253	1.43e-128	375	253	558	99	XP_050553602.1 juvenile hormone esterase-like isoform X2 [Spodoptera frugiperda]
TRINITY_DN235_c0_g1_i5.p1	XP_035430692.2	68.526	251	79	0	2	252	3	253	1.51e-128	375	253	558	99	XP_035430692.2 juvenile hormone esterase-like isoform X1 [Spodoptera frugiperda]
TRINITY_DN235_c0_g1_i5.p1	XP_050553323.1	67.200	250	81	1	4	253	5	253	1.71e-121	358	253	565	99	XP_050553323.1 cholinesterase 1 [Spodoptera frugiperda]
TRINITY_DN235_c0_g1_i5.p1	XP_035430003.2	64.000	250	89	1	4	253	5	253	1.91e-118	349	253	545	99	XP_035430003.2 esterase FE4-like [Spodoptera frugiperda]
TRINITY_DN235_c0_g1_i5.p1	XP_035430182.2	61.181	237	88	3	16	252	18	250	4.90e-101	305	253	550	94	XP_035430182.2 esterase FE4-like [Spodoptera frugiperda]
TRINITY_DN235_c0_g1_i5.p1	XP_035430694.2	56.917	253	106	2	1	252	1	251	2.83e-98	298	253	550	99	XP_035430694.2 esterase FE4-like [Spodoptera frugiperda]
TRINITY_DN235_c0_g1_i5.p1	XP_050553599.1	59.402	234	93	1	19	252	20	251	7.98e-97	294	253	553	92	XP_050553599.1 juvenile hormone esterase-like isoform X3 [Spodoptera frugiperda]
TRINITY_DN235_c0_g1_i5.p1	XP_050553597.1	59.402	234	93	1	19	252	20	251	1.13e-96	294	253	553	92	XP_050553597.1 juvenile hormone esterase-like isoform X1 [Spodoptera frugiperda]
TRINITY_DN235_c0_g1_i5.p1	XP_050553598.1	58.974	234	94	1	19	252	20	251	1.55e-95	291	253	553	92	XP_050553598.1 juvenile hormone esterase-like isoform X2 [Spodoptera frugiperda]
TRINITY_DN235_c0_g1_i5.p1	XP_050553600.1	58.974	234	94	1	19	252	20	251	1.80e-95	291	253	553	92	XP_050553600.1 juvenile hormone esterase-like isoform X4 [Spodoptera frugiperda]
TRINITY_DN235_c0_g1_i5.p1	XP_050553309.1	53.937	254	108	2	1	252	1	247	8.57e-91	279	253	569	99	XP_050553309.1 para-nitrobenzyl esterase-like isoform X4 [Spodoptera frugiperda]
TRINITY_DN235_c0_g1_i5.p1	XP_050553307.1	53.937	254	108	2	1	252	1	247	1.16e-90	279	253	569	99	XP_050553307.1 para-nitrobenzyl esterase-like isoform X2 [Spodoptera frugiperda]
TRINITY_DN235_c0_g1_i5.p1	XP_050553308.1	53.937	254	108	2	1	252	1	247	5.22e-90	277	253	569	99	XP_050553308.1 para-nitrobenzyl esterase-like isoform X3 [Spodoptera frugiperda]
TRINITY_DN235_c0_g1_i5.p1	XP_035430243.2	54.852	237	100	3	16	252	18	247	2.39e-88	272	253	540	94	XP_035430243.2 para-nitrobenzyl esterase-like [Spodoptera frugiperda]
TRINITY_DN235_c0_g1_i5.p1	XP_035430695.2	53.150	254	110	2	1	252	14	260	2.93e-88	273	253	582	99	XP_035430695.2 para-nitrobenzyl esterase-like isoform X1 [Spodoptera frugiperda]
TRINITY_DN235_c0_g1_i5.p1	XP_035430264.2	51.969	254	112	2	1	252	1	246	7.13e-88	271	253	562	99	XP_035430264.2 acetylcholinesterase [Spodoptera frugiperda]
TRINITY_DN235_c0_g1_i5.p1	XP_035430907.2	53.360	253	109	3	1	252	1	245	2.64e-87	270	253	562	99	XP_035430907.2 cholinesterase 1-like [Spodoptera frugiperda]
TRINITY_DN235_c0_g1_i5.p1	XP_035429320.2	50.000	254	115	4	1	251	1	245	1.04e-80	254	253	594	99	XP_035429320.2 para-nitrobenzyl esterase-like [Spodoptera frugiperda]
TRINITY_DN235_c0_g1_i5.p1	XP_035459069.2	47.368	247	124	4	6	251	8	249	7.92e-68	219	253	544	97	XP_035459069.2 LOW QUALITY PROTEIN: esterase FE4 [Spodoptera frugiperda]
TRINITY_DN235_c0_g1_i8.p1	XP_035430420.2	76.292	329	77	1	3	331	4	331	0.0	533	331	554	99	XP_035430420.2 cholinesterase 1 [Spodoptera frugiperda]
TRINITY_DN235_c0_g1_i8.p1	XP_050553601.1	70.393	331	97	1	2	331	3	333	1.37e-176	501	331	560	99	XP_050553601.1 para-nitrobenzyl esterase-like [Spodoptera frugiperda]
TRINITY_DN235_c0_g1_i8.p1	XP_035429428.2	70.695	331	96	1	2	331	3	333	3.68e-176	500	331	557	99	XP_035429428.2 cholinesterase 1 isoform X1 [Spodoptera frugiperda]
TRINITY_DN235_c0_g1_i8.p1	XP_050553603.1	70.695	331	96	1	2	331	3	333	4.52e-176	499	331	554	99	XP_050553603.1 cholinesterase 1 isoform X3 [Spodoptera frugiperda]
TRINITY_DN235_c0_g1_i8.p1	XP_035429429.2	70.695	331	96	1	2	331	3	333	4.52e-176	499	331	554	99	XP_035429429.2 cholinesterase 1 isoform X2 [Spodoptera frugiperda]
TRINITY_DN235_c0_g1_i8.p1	XP_035429431.2	70.482	332	96	2	1	331	2	332	3.26e-174	495	331	553	100	XP_035429431.2 cholinesterase 1 isoform X4 [Spodoptera frugiperda]
TRINITY_DN235_c0_g1_i8.p1	XP_035430003.2	66.768	328	108	1	4	331	5	331	9.00e-167	476	331	545	99	XP_035430003.2 esterase FE4-like [Spodoptera frugiperda]
TRINITY_DN235_c0_g1_i8.p1	XP_050553602.1	67.267	333	107	2	1	331	2	334	1.68e-166	475	331	558	100	XP_050553602.1 juvenile hormone esterase-like isoform X2 [Spodoptera frugiperda]
TRINITY_DN235_c0_g1_i8.p1	XP_035430692.2	67.267	333	107	2	1	331	2	334	2.33e-166	475	331	558	100	XP_035430692.2 juvenile hormone esterase-like isoform X1 [Spodoptera frugiperda]
TRINITY_DN235_c0_g1_i8.p1	XP_050553323.1	67.273	330	106	2	3	331	4	332	1.42e-162	466	331	565	99	XP_050553323.1 cholinesterase 1 [Spodoptera frugiperda]
TRINITY_DN235_c0_g1_i8.p1	XP_035430182.2	59.248	319	123	5	16	331	18	332	1.47e-130	384	331	550	95	XP_035430182.2 esterase FE4-like [Spodoptera frugiperda]
TRINITY_DN235_c0_g1_i8.p1	XP_035430694.2	54.655	333	147	3	1	331	1	331	8.02e-127	374	331	550	100	XP_035430694.2 esterase FE4-like [Spodoptera frugiperda]
TRINITY_DN235_c0_g1_i8.p1	XP_050553599.1	56.369	314	134	2	19	331	20	331	1.08e-124	369	331	553	95	XP_050553599.1 juvenile hormone esterase-like isoform X3 [Spodoptera frugiperda]
TRINITY_DN235_c0_g1_i8.p1	XP_050553597.1	56.369	314	134	2	19	331	20	331	1.36e-124	369	331	553	95	XP_050553597.1 juvenile hormone esterase-like isoform X1 [Spodoptera frugiperda]
TRINITY_DN235_c0_g1_i8.p1	XP_050553598.1	55.414	314	137	2	19	331	20	331	7.21e-123	364	331	553	95	XP_050553598.1 juvenile hormone esterase-like isoform X2 [Spodoptera frugiperda]
TRINITY_DN235_c0_g1_i8.p1	XP_050553600.1	55.414	314	137	2	19	331	20	331	7.44e-123	364	331	553	95	XP_050553600.1 juvenile hormone esterase-like isoform X4 [Spodoptera frugiperda]
TRINITY_DN235_c0_g1_i8.p1	XP_035430243.2	52.978	319	140	5	16	331	18	329	6.04e-117	348	331	540	95	XP_035430243.2 para-nitrobenzyl esterase-like [Spodoptera frugiperda]
TRINITY_DN235_c0_g1_i8.p1	XP_035430264.2	51.488	336	150	4	1	331	1	328	6.54e-117	349	331	562	100	XP_035430264.2 acetylcholinesterase [Spodoptera frugiperda]
TRINITY_DN235_c0_g1_i8.p1	XP_035430907.2	52.537	335	147	5	1	331	1	327	1.02e-115	346	331	562	100	XP_035430907.2 cholinesterase 1-like [Spodoptera frugiperda]
TRINITY_DN235_c0_g1_i8.p1	XP_050553308.1	50.298	336	155	4	1	331	1	329	2.10e-111	335	331	569	100	XP_050553308.1 para-nitrobenzyl esterase-like isoform X3 [Spodoptera frugiperda]
TRINITY_DN235_c0_g1_i8.p1	XP_050553309.1	50.000	336	156	4	1	331	1	329	2.44e-111	335	331	569	100	XP_050553309.1 para-nitrobenzyl esterase-like isoform X4 [Spodoptera frugiperda]
TRINITY_DN235_c0_g1_i8.p1	XP_050553307.1	50.000	336	156	4	1	331	1	329	2.78e-111	335	331	569	100	XP_050553307.1 para-nitrobenzyl esterase-like isoform X2 [Spodoptera frugiperda]
TRINITY_DN235_c0_g1_i8.p1	XP_035430695.2	49.702	336	157	4	1	331	14	342	7.97e-110	332	331	582	100	XP_035430695.2 para-nitrobenzyl esterase-like isoform X1 [Spodoptera frugiperda]
TRINITY_DN235_c0_g1_i8.p1	XP_035429320.2	48.961	337	157	6	1	331	1	328	7.92e-106	322	331	594	100	XP_035429320.2 para-nitrobenzyl esterase-like [Spodoptera frugiperda]
TRINITY_DN235_c0_g1_i8.p1	XP_035449424.2	41.141	333	186	6	8	331	4	335	2.73e-77	247	331	556	98	XP_035449424.2 esterase FE4-like [Spodoptera frugiperda]
TRINITY_DN25123_c0_g1_i1.p1	XP_050560005.1	77.910	421	93	0	2	422	1	421	0.0	694	427	570	99	XP_050560005.1 juvenile hormone esterase-like [Spodoptera frugiperda]
TRINITY_DN25123_c0_g1_i1.p1	XP_035435380.2	33.025	433	249	11	1	414	1	411	1.49e-69	230	427	561	97	XP_035435380.2 juvenile hormone esterase isoform X1 [Spodoptera frugiperda]
TRINITY_DN25123_c0_g1_i1.p1	XP_035435877.2	35.817	416	235	11	8	406	14	414	2.58e-67	225	427	585	93	XP_035435877.2 juvenile hormone esterase-like [Spodoptera frugiperda]
TRINITY_DN25123_c0_g1_i1.p1	XP_035435407.2	31.944	432	272	9	6	421	8	433	2.10e-65	220	427	583	97	XP_035435407.2 esterase E4-like [Spodoptera frugiperda]
TRINITY_DN25123_c0_g1_i1.p1	XP_050550861.1	32.329	365	214	9	63	414	5	349	7.43e-55	190	427	499	82	XP_050550861.1 juvenile hormone esterase isoform X2 [Spodoptera frugiperda]
TRINITY_DN25123_c0_g1_i1.p1	XP_035449615.1	34.010	394	227	16	44	417	116	496	1.49e-54	192	427	645	88	XP_035449615.1 venom carboxylesterase-6 [Spodoptera frugiperda]
TRINITY_DN25123_c0_g1_i1.p1	XP_035449614.1	34.010	394	227	16	44	417	116	496	1.49e-54	192	427	645	88	XP_035449614.1 venom carboxylesterase-6 [Spodoptera frugiperda]
TRINITY_DN25123_c0_g1_i1.p1	XP_050563387.1	29.909	438	274	17	9	424	20	446	3.03e-54	190	427	570	97	XP_050563387.1 juvenile hormone esterase-like [Spodoptera frugiperda]
TRINITY_DN25123_c0_g1_i1.p1	XP_035450696.2	32.297	418	255	14	7	410	10	413	3.82e-53	186	427	558	95	XP_035450696.2 juvenile hormone esterase-like [Spodoptera frugiperda]
TRINITY_DN25123_c0_g1_i1.p1	XP_050563149.1	31.116	421	263	15	21	424	572	982	1.04e-52	190	427	1106	98	XP_050563149.1 neuroligin-4, X-linked-like [Spodoptera frugiperda]
TRINITY_DN25123_c0_g1_i1.p1	XP_050563149.1	38.095	231	133	5	7	234	20	243	2.68e-37	145	427	1106	98	XP_050563149.1 neuroligin-4, X-linked-like [Spodoptera frugiperda]
TRINITY_DN25123_c0_g1_i1.p1	XP_035450367.2	32.090	402	239	14	23	405	27	413	1.11e-52	185	427	556	90	XP_035450367.2 esterase FE4-like [Spodoptera frugiperda]
TRINITY_DN25123_c0_g1_i1.p1	XP_035450366.2	31.841	402	240	14	23	405	27	413	9.55e-52	182	427	556	90	XP_035450366.2 esterase FE4-like [Spodoptera frugiperda]
TRINITY_DN25123_c0_g1_i1.p1	XP_035450368.2	32.471	425	252	15	21	425	2	411	9.65e-52	182	427	538	95	XP_035450368.2 juvenile hormone esterase [Spodoptera frugiperda]
TRINITY_DN25123_c0_g1_i1.p1	XP_035438336.2	33.007	409	242	15	15	406	2	395	6.40e-51	180	427	553	92	XP_035438336.2 juvenile hormone esterase [Spodoptera frugiperda]
TRINITY_DN25123_c0_g1_i1.p1	XP_035438334.2	33.007	409	242	15	15	406	2	395	6.40e-51	180	427	553	92	XP_035438334.2 juvenile hormone esterase [Spodoptera frugiperda]
TRINITY_DN25123_c0_g1_i1.p1	XP_035435406.2	29.545	396	255	9	8	389	9	394	3.11e-50	180	427	626	89	XP_035435406.2 esterase E4-like [Spodoptera frugiperda]
TRINITY_DN25123_c0_g1_i1.p1	XP_050549265.1	31.566	396	245	10	22	400	4	390	5.18e-50	177	427	532	89	XP_050549265.1 juvenile hormone esterase-like [Spodoptera frugiperda]
TRINITY_DN25123_c0_g1_i1.p1	XP_050549264.1	31.566	396	245	10	22	400	4	390	5.18e-50	177	427	532	89	XP_050549264.1 juvenile hormone esterase-like [Spodoptera frugiperda]
TRINITY_DN25123_c0_g1_i1.p1	XP_035444718.2	35.511	352	185	12	23	368	6	321	2.75e-48	173	427	532	81	XP_035444718.2 juvenile hormone esterase [Spodoptera frugiperda]
TRINITY_DN25123_c0_g1_i1.p1	XP_035450249.2	42.857	217	116	5	21	234	2	213	6.16e-48	172	427	537	50	XP_035450249.2 juvenile hormone esterase [Spodoptera frugiperda]
TRINITY_DN25123_c0_g1_i1.p1	XP_035450257.2	42.202	218	118	5	21	235	636	848	7.28e-48	176	427	1170	50	XP_035450257.2 uncharacterized protein LOC118276155 [Spodoptera frugiperda]
TRINITY_DN25123_c0_g1_i1.p1	XP_035450257.2	41.743	218	119	5	21	235	2	214	1.04e-43	164	427	1170	50	XP_035450257.2 uncharacterized protein LOC118276155 [Spodoptera frugiperda]
TRINITY_DN25123_c0_g1_i1.p1	XP_035450257.2	37.500	88	52	2	21	108	544	628	2.19e-09	60.5	427	1170	50	XP_035450257.2 uncharacterized protein LOC118276155 [Spodoptera frugiperda]
TRINITY_DN25123_c0_g1_i1.p1	XP_035428785.2	35.455	330	193	10	20	337	3	324	1.02e-47	171	427	537	74	XP_035428785.2 juvenile hormone esterase isoform X2 [Spodoptera frugiperda]
TRINITY_DN25123_c0_g1_i1.p1	XP_035428784.2	35.435	333	195	10	20	340	30	354	1.35e-47	172	427	564	75	XP_035428784.2 juvenile hormone esterase isoform X1 [Spodoptera frugiperda]
TRINITY_DN25123_c0_g1_i1.p1	XP_035456135.2	32.266	406	219	15	23	406	23	394	2.06e-47	174	427	750	90	XP_035456135.2 juvenile hormone esterase isoform X2 [Spodoptera frugiperda]
TRINITY_DN25123_c0_g1_i1.p1	XP_035456137.2	32.266	406	219	15	23	406	7	378	2.26e-47	173	427	734	90	XP_035456137.2 juvenile hormone esterase isoform X3 [Spodoptera frugiperda]
TRINITY_DN256_c0_g1_i1.p1	XP_035452555.2	61.164	636	220	6	17	634	1	627	0.0	788	635	627	97	XP_035452555.2 venom carboxylesterase-6 [Spodoptera frugiperda]
TRINITY_DN256_c0_g1_i1.p1	XP_035434835.2	39.065	535	299	8	29	555	12	527	1.79e-122	374	635	555	83	XP_035434835.2 venom carboxylesterase-6 [Spodoptera frugiperda]
TRINITY_DN256_c0_g1_i1.p1	XP_035430003.2	32.234	546	336	11	27	558	12	537	1.04e-92	297	635	545	84	XP_035430003.2 esterase FE4-like [Spodoptera frugiperda]
TRINITY_DN256_c0_g1_i1.p1	XP_035435396.2	35.375	506	302	14	21	510	4	500	3.96e-92	296	635	560	77	XP_035435396.2 juvenile hormone esterase isoform X2 [Spodoptera frugiperda]
TRINITY_DN256_c0_g1_i1.p1	XP_035435395.2	35.375	506	302	14	21	510	4	500	3.96e-92	296	635	560	77	XP_035435395.2 juvenile hormone esterase isoform X2 [Spodoptera frugiperda]
TRINITY_DN256_c0_g1_i1.p1	XP_035435394.2	35.375	506	302	14	21	510	45	541	1.49e-91	295	635	601	77	XP_035435394.2 juvenile hormone esterase isoform X1 [Spodoptera frugiperda]
TRINITY_DN256_c0_g1_i1.p1	XP_050553323.1	33.274	565	335	13	9	557	2	540	1.10e-90	292	635	565	86	XP_050553323.1 cholinesterase 1 [Spodoptera frugiperda]
TRINITY_DN256_c0_g1_i1.p1	XP_035430692.2	32.796	558	335	11	16	554	5	541	3.70e-90	291	635	558	85	XP_035430692.2 juvenile hormone esterase-like isoform X1 [Spodoptera frugiperda]
TRINITY_DN256_c0_g1_i1.p1	XP_050553602.1	32.796	558	335	11	16	554	5	541	6.28e-90	290	635	558	85	XP_050553602.1 juvenile hormone esterase-like isoform X2 [Spodoptera frugiperda]
TRINITY_DN256_c0_g1_i1.p1	XP_050550706.1	32.240	549	345	12	16	553	9	541	6.66e-90	290	635	545	85	XP_050550706.1 cholinesterase 2-like [Spodoptera frugiperda]
TRINITY_DN256_c0_g1_i1.p1	XP_050550705.1	32.240	549	345	12	16	553	9	541	6.66e-90	290	635	545	85	XP_050550705.1 cholinesterase 2-like [Spodoptera frugiperda]
TRINITY_DN256_c0_g1_i1.p1	XP_035430420.2	34.347	559	323	15	18	557	7	540	1.21e-89	289	635	554	85	XP_035430420.2 cholinesterase 1 [Spodoptera frugiperda]
TRINITY_DN256_c0_g1_i1.p1	XP_035429431.2	31.306	559	340	13	16	554	5	539	1.86e-88	286	635	553	85	XP_035429431.2 cholinesterase 1 isoform X4 [Spodoptera frugiperda]
TRINITY_DN256_c0_g1_i1.p1	XP_035430264.2	36.089	496	302	12	20	510	6	491	2.05e-88	286	635	562	77	XP_035430264.2 acetylcholinesterase [Spodoptera frugiperda]
TRINITY_DN256_c0_g1_i1.p1	XP_035446627.2	34.173	556	322	15	21	553	8	542	2.18e-88	285	635	545	84	XP_035446627.2 juvenile hormone esterase-like [Spodoptera frugiperda]
TRINITY_DN256_c0_g1_i1.p1	XP_035430182.2	32.541	547	336	14	24	554	10	539	5.05e-88	285	635	550	84	XP_035430182.2 esterase FE4-like [Spodoptera frugiperda]
TRINITY_DN256_c0_g1_i1.p1	XP_035449424.2	29.725	545	359	8	23	554	6	539	1.10e-87	284	635	556	84	XP_035449424.2 esterase FE4-like [Spodoptera frugiperda]
TRINITY_DN256_c0_g1_i1.p1	XP_035430243.2	34.398	532	321	17	32	554	18	530	2.24e-87	283	635	540	82	XP_035430243.2 para-nitrobenzyl esterase-like [Spodoptera frugiperda]
TRINITY_DN256_c0_g1_i1.p1	XP_035430907.2	34.615	546	324	15	20	554	5	528	3.85e-87	283	635	562	84	XP_035430907.2 cholinesterase 1-like [Spodoptera frugiperda]
TRINITY_DN256_c0_g1_i1.p1	XP_035430694.2	33.394	551	334	14	17	554	4	534	1.92e-86	281	635	550	85	XP_035430694.2 esterase FE4-like [Spodoptera frugiperda]
TRINITY_DN256_c0_g1_i1.p1	XP_035429320.2	32.664	548	340	15	16	554	3	530	3.18e-86	281	635	594	85	XP_035429320.2 para-nitrobenzyl esterase-like [Spodoptera frugiperda]
TRINITY_DN256_c0_g1_i1.p1	XP_050553309.1	33.843	523	322	12	39	554	25	530	4.77e-86	280	635	569	81	XP_050553309.1 para-nitrobenzyl esterase-like isoform X4 [Spodoptera frugiperda]
TRINITY_DN256_c0_g1_i1.p1	XP_050553308.1	33.843	523	322	12	39	554	25	530	5.47e-86	280	635	569	81	XP_050553308.1 para-nitrobenzyl esterase-like isoform X3 [Spodoptera frugiperda]
TRINITY_DN256_c0_g1_i1.p1	XP_050553307.1	33.270	523	325	11	39	554	25	530	2.13e-85	278	635	569	81	XP_050553307.1 para-nitrobenzyl esterase-like isoform X2 [Spodoptera frugiperda]
TRINITY_DN256_c0_g1_i1.p1	XP_035430695.2	32.965	543	340	12	19	554	18	543	7.67e-85	277	635	582	84	XP_035430695.2 para-nitrobenzyl esterase-like isoform X1 [Spodoptera frugiperda]
TRINITY_DN256_c0_g1_i11.p1	XP_035452555.2	60.535	636	224	6	17	634	1	627	0.0	780	635	627	97	XP_035452555.2 venom carboxylesterase-6 [Spodoptera frugiperda]
TRINITY_DN256_c0_g1_i11.p1	XP_035434835.2	40.000	535	294	8	29	555	12	527	1.42e-123	377	635	555	83	XP_035434835.2 venom carboxylesterase-6 [Spodoptera frugiperda]
TRINITY_DN256_c0_g1_i11.p1	XP_035430003.2	31.884	552	330	12	27	558	12	537	1.48e-90	291	635	545	84	XP_035430003.2 esterase FE4-like [Spodoptera frugiperda]
TRINITY_DN256_c0_g1_i11.p1	XP_035435396.2	35.573	506	301	15	21	510	4	500	5.25e-90	290	635	560	77	XP_035435396.2 juvenile hormone esterase isoform X2 [Spodoptera frugiperda]
TRINITY_DN256_c0_g1_i11.p1	XP_035435395.2	35.573	506	301	15	21	510	4	500	5.25e-90	290	635	560	77	XP_035435395.2 juvenile hormone esterase isoform X2 [Spodoptera frugiperda]
TRINITY_DN256_c0_g1_i11.p1	XP_035446627.2	34.286	560	316	16	21	553	8	542	1.43e-89	289	635	545	84	XP_035446627.2 juvenile hormone esterase-like [Spodoptera frugiperda]
TRINITY_DN256_c0_g1_i11.p1	XP_035435394.2	35.573	506	301	15	21	510	45	541	1.52e-89	290	635	601	77	XP_035435394.2 juvenile hormone esterase isoform X1 [Spodoptera frugiperda]
TRINITY_DN256_c0_g1_i11.p1	XP_050550706.1	32.605	549	343	13	16	553	9	541	6.14e-89	287	635	545	85	XP_050550706.1 cholinesterase 2-like [Spodoptera frugiperda]
TRINITY_DN256_c0_g1_i11.p1	XP_050550705.1	32.605	549	343	13	16	553	9	541	6.14e-89	287	635	545	85	XP_050550705.1 cholinesterase 2-like [Spodoptera frugiperda]
TRINITY_DN256_c0_g1_i11.p1	XP_035430264.2	35.556	495	306	11	20	510	6	491	2.84e-88	286	635	562	77	XP_035430264.2 acetylcholinesterase [Spodoptera frugiperda]
TRINITY_DN256_c0_g1_i11.p1	XP_035430420.2	33.989	559	325	15	18	557	7	540	6.08e-87	282	635	554	85	XP_035430420.2 cholinesterase 1 [Spodoptera frugiperda]
TRINITY_DN256_c0_g1_i11.p1	XP_050553602.1	32.258	558	338	11	16	554	5	541	8.97e-87	281	635	558	85	XP_050553602.1 juvenile hormone esterase-like isoform X2 [Spodoptera frugiperda]
TRINITY_DN256_c0_g1_i11.p1	XP_035430692.2	32.258	558	338	11	16	554	5	541	1.11e-86	281	635	558	85	XP_035430692.2 juvenile hormone esterase-like isoform X1 [Spodoptera frugiperda]
TRINITY_DN256_c0_g1_i11.p1	XP_035430907.2	33.945	545	329	14	20	554	5	528	1.76e-86	281	635	562	84	XP_035430907.2 cholinesterase 1-like [Spodoptera frugiperda]
TRINITY_DN256_c0_g1_i11.p1	XP_050553323.1	31.915	564	344	13	9	557	2	540	1.84e-86	281	635	565	86	XP_050553323.1 cholinesterase 1 [Spodoptera frugiperda]
TRINITY_DN256_c0_g1_i11.p1	XP_035430243.2	33.898	531	325	16	32	554	18	530	8.02e-86	279	635	540	82	XP_035430243.2 para-nitrobenzyl esterase-like [Spodoptera frugiperda]
TRINITY_DN256_c0_g1_i11.p1	XP_035429431.2	30.948	559	342	13	16	554	5	539	2.42e-85	278	635	553	85	XP_035429431.2 cholinesterase 1 isoform X4 [Spodoptera frugiperda]
TRINITY_DN256_c0_g1_i11.p1	XP_035430182.2	32.664	548	334	15	24	554	10	539	2.60e-85	278	635	550	84	XP_035430182.2 esterase FE4-like [Spodoptera frugiperda]
TRINITY_DN256_c0_g1_i11.p1	XP_035430694.2	33.757	551	332	14	17	554	4	534	2.83e-85	278	635	550	85	XP_035430694.2 esterase FE4-like [Spodoptera frugiperda]
TRINITY_DN256_c0_g1_i11.p1	XP_050553308.1	33.969	524	320	14	39	554	25	530	3.84e-85	278	635	569	81	XP_050553308.1 para-nitrobenzyl esterase-like isoform X3 [Spodoptera frugiperda]
TRINITY_DN256_c0_g1_i11.p1	XP_050553309.1	33.969	524	320	14	39	554	25	530	4.04e-85	278	635	569	81	XP_050553309.1 para-nitrobenzyl esterase-like isoform X4 [Spodoptera frugiperda]
TRINITY_DN256_c0_g1_i11.p1	XP_035429320.2	32.176	547	344	14	16	554	3	530	6.42e-85	278	635	594	85	XP_035429320.2 para-nitrobenzyl esterase-like [Spodoptera frugiperda]
TRINITY_DN256_c0_g1_i11.p1	XP_050553307.1	33.397	524	323	13	39	554	25	530	1.49e-84	276	635	569	81	XP_050553307.1 para-nitrobenzyl esterase-like isoform X2 [Spodoptera frugiperda]
TRINITY_DN256_c0_g1_i11.p1	XP_035430695.2	33.088	544	338	14	19	554	18	543	7.74e-84	275	635	582	84	XP_035430695.2 para-nitrobenzyl esterase-like isoform X1 [Spodoptera frugiperda]
TRINITY_DN256_c0_g1_i11.p1	XP_035449424.2	28.991	545	363	8	23	554	6	539	3.08e-83	272	635	556	84	XP_035449424.2 esterase FE4-like [Spodoptera frugiperda]
TRINITY_DN256_c0_g1_i12.p1	XP_035452555.2	61.416	565	201	4	17	568	1	561	0.0	726	641	627	86	XP_035452555.2 venom carboxylesterase-6 [Spodoptera frugiperda]
TRINITY_DN256_c0_g1_i12.p1	XP_035434835.2	38.951	534	296	10	29	550	12	527	2.26e-120	369	641	555	81	XP_035434835.2 venom carboxylesterase-6 [Spodoptera frugiperda]
TRINITY_DN256_c0_g1_i12.p1	XP_050553323.1	34.851	571	313	18	9	552	2	540	4.37e-94	301	641	565	85	XP_050553323.1 cholinesterase 1 [Spodoptera frugiperda]
TRINITY_DN256_c0_g1_i12.p1	XP_035430003.2	34.133	542	326	14	27	553	12	537	2.31e-93	299	641	545	82	XP_035430003.2 esterase FE4-like [Spodoptera frugiperda]
TRINITY_DN256_c0_g1_i12.p1	XP_035430420.2	33.752	557	324	15	18	552	7	540	2.74e-89	288	641	554	83	XP_035430420.2 cholinesterase 1 [Spodoptera frugiperda]
TRINITY_DN256_c0_g1_i12.p1	XP_035435396.2	34.783	506	311	13	21	511	4	505	6.12e-89	288	641	560	77	XP_035435396.2 juvenile hormone esterase isoform X2 [Spodoptera frugiperda]
TRINITY_DN256_c0_g1_i12.p1	XP_035435395.2	34.783	506	311	13	21	511	4	505	6.12e-89	288	641	560	77	XP_035435395.2 juvenile hormone esterase isoform X2 [Spodoptera frugiperda]
TRINITY_DN256_c0_g1_i12.p1	XP_035435394.2	34.783	506	311	13	21	511	45	546	2.10e-88	287	641	601	77	XP_035435394.2 juvenile hormone esterase isoform X1 [Spodoptera frugiperda]
TRINITY_DN256_c0_g1_i12.p1	XP_035430243.2	35.660	530	312	19	32	549	18	530	4.51e-88	285	641	540	81	XP_035430243.2 para-nitrobenzyl esterase-like [Spodoptera frugiperda]
TRINITY_DN256_c0_g1_i12.p1	XP_035449424.2	30.755	543	351	9	23	549	6	539	9.42e-88	284	641	556	82	XP_035449424.2 esterase FE4-like [Spodoptera frugiperda]
TRINITY_DN256_c0_g1_i12.p1	XP_050553307.1	33.461	523	319	11	39	549	25	530	2.90e-87	283	641	569	80	XP_050553307.1 para-nitrobenzyl esterase-like isoform X2 [Spodoptera frugiperda]
TRINITY_DN256_c0_g1_i12.p1	XP_050553308.1	32.787	549	335	12	39	575	25	551	3.23e-87	283	641	569	84	XP_050553308.1 para-nitrobenzyl esterase-like isoform X3 [Spodoptera frugiperda]
TRINITY_DN256_c0_g1_i12.p1	XP_050553309.1	32.787	549	335	12	39	575	25	551	3.47e-87	283	641	569	84	XP_050553309.1 para-nitrobenzyl esterase-like isoform X4 [Spodoptera frugiperda]
TRINITY_DN256_c0_g1_i12.p1	XP_035430264.2	35.000	540	324	17	20	549	6	528	4.07e-87	283	641	562	83	XP_035430264.2 acetylcholinesterase [Spodoptera frugiperda]
TRINITY_DN256_c0_g1_i12.p1	XP_035430692.2	33.394	554	332	13	16	549	5	541	7.51e-87	282	641	558	83	XP_035430692.2 juvenile hormone esterase-like isoform X1 [Spodoptera frugiperda]
TRINITY_DN256_c0_g1_i12.p1	XP_035429431.2	32.136	557	333	16	16	549	5	539	7.73e-87	282	641	553	83	XP_035429431.2 cholinesterase 1 isoform X4 [Spodoptera frugiperda]
TRINITY_DN256_c0_g1_i12.p1	XP_050553602.1	33.394	554	332	13	16	549	5	541	1.37e-86	281	641	558	83	XP_050553602.1 juvenile hormone esterase-like isoform X2 [Spodoptera frugiperda]
TRINITY_DN256_c0_g1_i12.p1	XP_050550706.1	32.482	548	340	14	16	548	9	541	2.45e-86	280	641	545	83	XP_050550706.1 cholinesterase 2-like [Spodoptera frugiperda]
TRINITY_DN256_c0_g1_i12.p1	XP_050550705.1	32.482	548	340	14	16	548	9	541	2.45e-86	280	641	545	83	XP_050550705.1 cholinesterase 2-like [Spodoptera frugiperda]
TRINITY_DN256_c0_g1_i12.p1	XP_035430695.2	31.979	566	357	11	19	575	18	564	3.57e-86	281	641	582	87	XP_035430695.2 para-nitrobenzyl esterase-like isoform X1 [Spodoptera frugiperda]
TRINITY_DN256_c0_g1_i12.p1	XP_035459067.2	34.353	556	319	19	15	548	4	535	3.67e-86	280	641	546	83	XP_035459067.2 bile salt-activated lipase [Spodoptera frugiperda]
TRINITY_DN256_c0_g1_i12.p1	XP_035430694.2	34.426	549	328	15	16	549	3	534	4.14e-85	277	641	550	83	XP_035430694.2 esterase FE4-like [Spodoptera frugiperda]
TRINITY_DN256_c0_g1_i12.p1	XP_035430907.2	33.702	543	328	15	20	549	5	528	9.12e-85	276	641	562	83	XP_035430907.2 cholinesterase 1-like [Spodoptera frugiperda]
TRINITY_DN256_c0_g1_i12.p1	XP_035446627.2	33.938	551	325	16	21	548	8	542	1.03e-84	276	641	545	82	XP_035446627.2 juvenile hormone esterase-like [Spodoptera frugiperda]
TRINITY_DN256_c0_g1_i12.p1	XP_035430182.2	32.597	543	336	16	24	549	10	539	3.89e-84	275	641	550	82	XP_035430182.2 esterase FE4-like [Spodoptera frugiperda]
TRINITY_DN256_c0_g1_i13.p1	XP_035452555.2	59.937	639	228	7	17	639	1	627	0.0	773	640	627	97	XP_035452555.2 venom carboxylesterase-6 [Spodoptera frugiperda]
TRINITY_DN256_c0_g1_i13.p1	XP_035434835.2	39.212	533	303	7	29	557	12	527	3.37e-124	379	640	555	83	XP_035434835.2 venom carboxylesterase-6 [Spodoptera frugiperda]
TRINITY_DN256_c0_g1_i13.p1	XP_035430003.2	33.272	547	331	13	27	560	12	537	6.32e-95	303	640	545	83	XP_035430003.2 esterase FE4-like [Spodoptera frugiperda]
TRINITY_DN256_c0_g1_i13.p1	XP_050553323.1	32.810	573	329	13	9	559	2	540	2.72e-93	299	640	565	86	XP_050553323.1 cholinesterase 1 [Spodoptera frugiperda]
TRINITY_DN256_c0_g1_i13.p1	XP_035430264.2	34.686	542	330	13	20	556	6	528	1.62e-92	297	640	562	84	XP_035430264.2 acetylcholinesterase [Spodoptera frugiperda]
TRINITY_DN256_c0_g1_i13.p1	XP_035429320.2	33.091	550	337	14	16	556	3	530	2.21e-90	292	640	594	85	XP_035429320.2 para-nitrobenzyl esterase-like [Spodoptera frugiperda]
TRINITY_DN256_c0_g1_i13.p1	XP_035430907.2	33.273	550	328	13	20	556	5	528	8.01e-90	290	640	562	84	XP_035430907.2 cholinesterase 1-like [Spodoptera frugiperda]
TRINITY_DN256_c0_g1_i13.p1	XP_050550706.1	33.031	551	340	14	16	555	9	541	1.50e-89	289	640	545	84	XP_050550706.1 cholinesterase 2-like [Spodoptera frugiperda]
TRINITY_DN256_c0_g1_i13.p1	XP_050550705.1	33.031	551	340	14	16	555	9	541	1.50e-89	289	640	545	84	XP_050550705.1 cholinesterase 2-like [Spodoptera frugiperda]
TRINITY_DN256_c0_g1_i13.p1	XP_035430692.2	32.793	555	341	10	16	556	5	541	1.83e-89	289	640	558	85	XP_035430692.2 juvenile hormone esterase-like isoform X1 [Spodoptera frugiperda]
TRINITY_DN256_c0_g1_i13.p1	XP_050553602.1	32.793	555	341	10	16	556	5	541	2.21e-89	289	640	558	85	XP_050553602.1 juvenile hormone esterase-like isoform X2 [Spodoptera frugiperda]
TRINITY_DN256_c0_g1_i13.p1	XP_035430243.2	34.398	532	323	16	32	556	18	530	2.33e-89	288	640	540	82	XP_035430243.2 para-nitrobenzyl esterase-like [Spodoptera frugiperda]
TRINITY_DN256_c0_g1_i13.p1	XP_035430182.2	33.151	549	332	15	24	556	10	539	1.23e-88	286	640	550	83	XP_035430182.2 esterase FE4-like [Spodoptera frugiperda]
TRINITY_DN256_c0_g1_i13.p1	XP_035435396.2	34.623	491	301	12	21	499	4	486	3.19e-88	286	640	560	75	XP_035435396.2 juvenile hormone esterase isoform X2 [Spodoptera frugiperda]
TRINITY_DN256_c0_g1_i13.p1	XP_035435395.2	34.623	491	301	12	21	499	4	486	3.19e-88	286	640	560	75	XP_035435395.2 juvenile hormone esterase isoform X2 [Spodoptera frugiperda]
TRINITY_DN256_c0_g1_i13.p1	XP_035435394.2	34.476	496	305	12	21	504	45	532	4.85e-88	286	640	601	76	XP_035435394.2 juvenile hormone esterase isoform X1 [Spodoptera frugiperda]
TRINITY_DN256_c0_g1_i13.p1	XP_035430420.2	33.871	558	329	15	18	559	7	540	4.88e-88	285	640	554	85	XP_035430420.2 cholinesterase 1 [Spodoptera frugiperda]
TRINITY_DN256_c0_g1_i13.p1	XP_050553307.1	33.015	524	327	9	39	556	25	530	6.75e-88	285	640	569	81	XP_050553307.1 para-nitrobenzyl esterase-like isoform X2 [Spodoptera frugiperda]
TRINITY_DN256_c0_g1_i13.p1	XP_050553309.1	33.015	524	327	9	39	556	25	530	8.88e-88	285	640	569	81	XP_050553309.1 para-nitrobenzyl esterase-like isoform X4 [Spodoptera frugiperda]
TRINITY_DN256_c0_g1_i13.p1	XP_035449424.2	30.165	547	356	9	23	556	6	539	1.00e-87	284	640	556	83	XP_035449424.2 esterase FE4-like [Spodoptera frugiperda]
TRINITY_DN256_c0_g1_i13.p1	XP_035429431.2	31.655	556	344	13	16	556	5	539	2.47e-87	283	640	553	85	XP_035429431.2 cholinesterase 1 isoform X4 [Spodoptera frugiperda]
TRINITY_DN256_c0_g1_i13.p1	XP_050553308.1	32.824	524	328	9	39	556	25	530	2.71e-87	283	640	569	81	XP_050553308.1 para-nitrobenzyl esterase-like isoform X3 [Spodoptera frugiperda]
TRINITY_DN256_c0_g1_i13.p1	XP_035430694.2	33.935	554	329	14	17	556	4	534	2.79e-87	283	640	550	84	XP_035430694.2 esterase FE4-like [Spodoptera frugiperda]
TRINITY_DN256_c0_g1_i13.p1	XP_035446627.2	34.526	559	318	18	21	555	8	542	6.00e-87	282	640	545	84	XP_035446627.2 juvenile hormone esterase-like [Spodoptera frugiperda]
TRINITY_DN256_c0_g1_i13.p1	XP_035430695.2	31.985	544	346	9	19	556	18	543	3.90e-86	281	640	582	84	XP_035430695.2 para-nitrobenzyl esterase-like isoform X1 [Spodoptera frugiperda]
TRINITY_DN256_c0_g1_i14.p1	XP_035452555.2	61.770	565	199	4	17	568	1	561	0.0	727	617	627	89	XP_035452555.2 venom carboxylesterase-6 [Spodoptera frugiperda]
TRINITY_DN256_c0_g1_i14.p1	XP_035434835.2	39.513	534	293	10	29	550	12	527	8.45e-121	369	617	555	85	XP_035434835.2 venom carboxylesterase-6 [Spodoptera frugiperda]
TRINITY_DN256_c0_g1_i14.p1	XP_035430003.2	33.942	548	319	15	27	553	12	537	6.03e-92	294	617	545	85	XP_035430003.2 esterase FE4-like [Spodoptera frugiperda]
TRINITY_DN256_c0_g1_i14.p1	XP_050553323.1	34.211	570	318	18	9	552	2	540	7.01e-92	295	617	565	88	XP_050553323.1 cholinesterase 1 [Spodoptera frugiperda]
TRINITY_DN256_c0_g1_i14.p1	XP_035435396.2	35.178	506	309	14	21	511	4	505	3.64e-88	285	617	560	80	XP_035435396.2 juvenile hormone esterase isoform X2 [Spodoptera frugiperda]
TRINITY_DN256_c0_g1_i14.p1	XP_035435395.2	35.178	506	309	14	21	511	4	505	3.64e-88	285	617	560	80	XP_035435395.2 juvenile hormone esterase isoform X2 [Spodoptera frugiperda]
TRINITY_DN256_c0_g1_i14.p1	XP_035435394.2	35.178	506	309	14	21	511	45	546	9.54e-88	285	617	601	80	XP_035435394.2 juvenile hormone esterase isoform X1 [Spodoptera frugiperda]
TRINITY_DN256_c0_g1_i14.p1	XP_035430420.2	33.573	557	325	15	18	552	7	540	1.44e-87	283	617	554	87	XP_035430420.2 cholinesterase 1 [Spodoptera frugiperda]
TRINITY_DN256_c0_g1_i14.p1	XP_050553308.1	33.272	547	335	13	39	575	25	551	3.52e-87	283	617	569	87	XP_050553308.1 para-nitrobenzyl esterase-like isoform X3 [Spodoptera frugiperda]
TRINITY_DN256_c0_g1_i14.p1	XP_050553307.1	33.973	521	319	12	39	549	25	530	3.63e-87	283	617	569	83	XP_050553307.1 para-nitrobenzyl esterase-like isoform X2 [Spodoptera frugiperda]
TRINITY_DN256_c0_g1_i14.p1	XP_050553309.1	33.272	547	335	13	39	575	25	551	6.23e-87	282	617	569	87	XP_050553309.1 para-nitrobenzyl esterase-like isoform X4 [Spodoptera frugiperda]
TRINITY_DN256_c0_g1_i14.p1	XP_035430264.2	34.694	539	327	16	20	549	6	528	1.42e-86	281	617	562	86	XP_035430264.2 acetylcholinesterase [Spodoptera frugiperda]
TRINITY_DN256_c0_g1_i14.p1	XP_035430243.2	34.972	529	317	18	32	549	18	530	1.79e-86	280	617	540	84	XP_035430243.2 para-nitrobenzyl esterase-like [Spodoptera frugiperda]
TRINITY_DN256_c0_g1_i14.p1	XP_050550706.1	33.029	548	337	14	16	548	9	541	4.75e-86	279	617	545	86	XP_050550706.1 cholinesterase 2-like [Spodoptera frugiperda]
TRINITY_DN256_c0_g1_i14.p1	XP_050550705.1	33.029	548	337	14	16	548	9	541	4.75e-86	279	617	545	86	XP_050550705.1 cholinesterase 2-like [Spodoptera frugiperda]
TRINITY_DN256_c0_g1_i14.p1	XP_035430695.2	32.451	567	353	13	19	575	18	564	7.74e-86	280	617	582	90	XP_035430695.2 para-nitrobenzyl esterase-like isoform X1 [Spodoptera frugiperda]
TRINITY_DN256_c0_g1_i14.p1	XP_035429431.2	31.957	557	334	16	16	549	5	539	3.66e-85	277	617	553	87	XP_035429431.2 cholinesterase 1 isoform X4 [Spodoptera frugiperda]
TRINITY_DN256_c0_g1_i14.p1	XP_035449424.2	30.387	543	353	9	23	549	6	539	7.22e-85	276	617	556	85	XP_035449424.2 esterase FE4-like [Spodoptera frugiperda]
TRINITY_DN256_c0_g1_i14.p1	XP_035430692.2	33.213	554	333	13	16	549	5	541	1.33e-84	275	617	558	87	XP_035430692.2 juvenile hormone esterase-like isoform X1 [Spodoptera frugiperda]
TRINITY_DN256_c0_g1_i14.p1	XP_035446627.2	33.874	555	320	17	21	548	8	542	2.43e-84	275	617	545	86	XP_035446627.2 juvenile hormone esterase-like [Spodoptera frugiperda]
TRINITY_DN256_c0_g1_i14.p1	XP_050553602.1	33.213	554	333	13	16	549	5	541	2.83e-84	275	617	558	87	XP_050553602.1 juvenile hormone esterase-like isoform X2 [Spodoptera frugiperda]
TRINITY_DN256_c0_g1_i14.p1	XP_035430694.2	34.426	549	328	15	16	549	3	534	5.67e-84	273	617	550	87	XP_035430694.2 esterase FE4-like [Spodoptera frugiperda]
TRINITY_DN256_c0_g1_i14.p1	XP_035459067.2	34.107	560	315	20	15	548	4	535	6.45e-84	273	617	546	87	XP_035459067.2 bile salt-activated lipase [Spodoptera frugiperda]
TRINITY_DN256_c0_g1_i14.p1	XP_035430907.2	33.210	542	332	14	20	549	5	528	1.29e-83	273	617	562	86	XP_035430907.2 cholinesterase 1-like [Spodoptera frugiperda]
TRINITY_DN256_c0_g1_i14.p1	XP_035429320.2	31.560	545	345	13	16	549	3	530	1.42e-82	271	617	594	87	XP_035429320.2 para-nitrobenzyl esterase-like [Spodoptera frugiperda]
TRINITY_DN256_c0_g1_i7.p1	XP_035452555.2	61.164	636	220	6	17	634	1	627	0.0	788	635	627	97	XP_035452555.2 venom carboxylesterase-6 [Spodoptera frugiperda]
TRINITY_DN256_c0_g1_i7.p1	XP_035434835.2	39.065	535	299	8	29	555	12	527	1.79e-122	374	635	555	83	XP_035434835.2 venom carboxylesterase-6 [Spodoptera frugiperda]
TRINITY_DN256_c0_g1_i7.p1	XP_035430003.2	32.234	546	336	11	27	558	12	537	1.04e-92	297	635	545	84	XP_035430003.2 esterase FE4-like [Spodoptera frugiperda]
TRINITY_DN256_c0_g1_i7.p1	XP_035435396.2	35.375	506	302	14	21	510	4	500	3.96e-92	296	635	560	77	XP_035435396.2 juvenile hormone esterase isoform X2 [Spodoptera frugiperda]
TRINITY_DN256_c0_g1_i7.p1	XP_035435395.2	35.375	506	302	14	21	510	4	500	3.96e-92	296	635	560	77	XP_035435395.2 juvenile hormone esterase isoform X2 [Spodoptera frugiperda]
TRINITY_DN256_c0_g1_i7.p1	XP_035435394.2	35.375	506	302	14	21	510	45	541	1.49e-91	295	635	601	77	XP_035435394.2 juvenile hormone esterase isoform X1 [Spodoptera frugiperda]
TRINITY_DN256_c0_g1_i7.p1	XP_050553323.1	33.274	565	335	13	9	557	2	540	1.10e-90	292	635	565	86	XP_050553323.1 cholinesterase 1 [Spodoptera frugiperda]
TRINITY_DN256_c0_g1_i7.p1	XP_035430692.2	32.796	558	335	11	16	554	5	541	3.70e-90	291	635	558	85	XP_035430692.2 juvenile hormone esterase-like isoform X1 [Spodoptera frugiperda]
TRINITY_DN256_c0_g1_i7.p1	XP_050553602.1	32.796	558	335	11	16	554	5	541	6.28e-90	290	635	558	85	XP_050553602.1 juvenile hormone esterase-like isoform X2 [Spodoptera frugiperda]
TRINITY_DN256_c0_g1_i7.p1	XP_050550706.1	32.240	549	345	12	16	553	9	541	6.66e-90	290	635	545	85	XP_050550706.1 cholinesterase 2-like [Spodoptera frugiperda]
TRINITY_DN256_c0_g1_i7.p1	XP_050550705.1	32.240	549	345	12	16	553	9	541	6.66e-90	290	635	545	85	XP_050550705.1 cholinesterase 2-like [Spodoptera frugiperda]
TRINITY_DN256_c0_g1_i7.p1	XP_035430420.2	34.347	559	323	15	18	557	7	540	1.21e-89	289	635	554	85	XP_035430420.2 cholinesterase 1 [Spodoptera frugiperda]
TRINITY_DN256_c0_g1_i7.p1	XP_035429431.2	31.306	559	340	13	16	554	5	539	1.86e-88	286	635	553	85	XP_035429431.2 cholinesterase 1 isoform X4 [Spodoptera frugiperda]
TRINITY_DN256_c0_g1_i7.p1	XP_035430264.2	36.089	496	302	12	20	510	6	491	2.05e-88	286	635	562	77	XP_035430264.2 acetylcholinesterase [Spodoptera frugiperda]
TRINITY_DN256_c0_g1_i7.p1	XP_035446627.2	34.173	556	322	15	21	553	8	542	2.18e-88	285	635	545	84	XP_035446627.2 juvenile hormone esterase-like [Spodoptera frugiperda]
TRINITY_DN256_c0_g1_i7.p1	XP_035430182.2	32.541	547	336	14	24	554	10	539	5.05e-88	285	635	550	84	XP_035430182.2 esterase FE4-like [Spodoptera frugiperda]
TRINITY_DN256_c0_g1_i7.p1	XP_035449424.2	29.725	545	359	8	23	554	6	539	1.10e-87	284	635	556	84	XP_035449424.2 esterase FE4-like [Spodoptera frugiperda]
TRINITY_DN256_c0_g1_i7.p1	XP_035430243.2	34.398	532	321	17	32	554	18	530	2.24e-87	283	635	540	82	XP_035430243.2 para-nitrobenzyl esterase-like [Spodoptera frugiperda]
TRINITY_DN256_c0_g1_i7.p1	XP_035430907.2	34.615	546	324	15	20	554	5	528	3.85e-87	283	635	562	84	XP_035430907.2 cholinesterase 1-like [Spodoptera frugiperda]
TRINITY_DN256_c0_g1_i7.p1	XP_035430694.2	33.394	551	334	14	17	554	4	534	1.92e-86	281	635	550	85	XP_035430694.2 esterase FE4-like [Spodoptera frugiperda]
TRINITY_DN256_c0_g1_i7.p1	XP_035429320.2	32.664	548	340	15	16	554	3	530	3.18e-86	281	635	594	85	XP_035429320.2 para-nitrobenzyl esterase-like [Spodoptera frugiperda]
TRINITY_DN256_c0_g1_i7.p1	XP_050553309.1	33.843	523	322	12	39	554	25	530	4.77e-86	280	635	569	81	XP_050553309.1 para-nitrobenzyl esterase-like isoform X4 [Spodoptera frugiperda]
TRINITY_DN256_c0_g1_i7.p1	XP_050553308.1	33.843	523	322	12	39	554	25	530	5.47e-86	280	635	569	81	XP_050553308.1 para-nitrobenzyl esterase-like isoform X3 [Spodoptera frugiperda]
TRINITY_DN256_c0_g1_i7.p1	XP_050553307.1	33.270	523	325	11	39	554	25	530	2.13e-85	278	635	569	81	XP_050553307.1 para-nitrobenzyl esterase-like isoform X2 [Spodoptera frugiperda]
TRINITY_DN256_c0_g1_i7.p1	XP_035430695.2	32.965	543	340	12	19	554	18	543	7.67e-85	277	635	582	84	XP_035430695.2 para-nitrobenzyl esterase-like isoform X1 [Spodoptera frugiperda]
TRINITY_DN256_c0_g1_i8.p1	XP_035452555.2	60.842	641	221	8	17	641	1	627	0.0	784	642	627	97	XP_035452555.2 venom carboxylesterase-6 [Spodoptera frugiperda]
TRINITY_DN256_c0_g1_i8.p1	XP_035434835.2	38.131	535	308	8	29	559	12	527	1.66e-119	367	642	555	83	XP_035434835.2 venom carboxylesterase-6 [Spodoptera frugiperda]
TRINITY_DN256_c0_g1_i8.p1	XP_050553323.1	32.049	571	338	13	9	561	2	540	5.88e-93	298	642	565	86	XP_050553323.1 cholinesterase 1 [Spodoptera frugiperda]
TRINITY_DN256_c0_g1_i8.p1	XP_035430003.2	33.153	555	323	16	27	562	12	537	8.55e-93	297	642	545	83	XP_035430003.2 esterase FE4-like [Spodoptera frugiperda]
TRINITY_DN256_c0_g1_i8.p1	XP_035430692.2	33.034	557	339	11	16	558	5	541	3.70e-91	293	642	558	85	XP_035430692.2 juvenile hormone esterase-like isoform X1 [Spodoptera frugiperda]
TRINITY_DN256_c0_g1_i8.p1	XP_050553602.1	33.034	557	339	11	16	558	5	541	5.52e-91	293	642	558	85	XP_050553602.1 juvenile hormone esterase-like isoform X2 [Spodoptera frugiperda]
TRINITY_DN256_c0_g1_i8.p1	XP_035430182.2	32.486	551	335	14	24	558	10	539	6.49e-89	287	642	550	83	XP_035430182.2 esterase FE4-like [Spodoptera frugiperda]
TRINITY_DN256_c0_g1_i8.p1	XP_035429431.2	32.014	556	344	14	16	558	5	539	8.49e-89	287	642	553	85	XP_035429431.2 cholinesterase 1 isoform X4 [Spodoptera frugiperda]
TRINITY_DN256_c0_g1_i8.p1	XP_035430694.2	34.173	556	327	15	17	558	4	534	9.00e-89	287	642	550	84	XP_035430694.2 esterase FE4-like [Spodoptera frugiperda]
TRINITY_DN256_c0_g1_i8.p1	XP_035430264.2	33.394	545	335	14	20	558	6	528	8.40e-88	285	642	562	84	XP_035430264.2 acetylcholinesterase [Spodoptera frugiperda]
TRINITY_DN256_c0_g1_i8.p1	XP_035429320.2	32.790	552	338	15	16	558	3	530	1.38e-87	285	642	594	85	XP_035429320.2 para-nitrobenzyl esterase-like [Spodoptera frugiperda]
TRINITY_DN256_c0_g1_i8.p1	XP_035446627.2	34.946	558	319	18	21	557	8	542	1.53e-87	283	642	545	84	XP_035446627.2 juvenile hormone esterase-like [Spodoptera frugiperda]
TRINITY_DN256_c0_g1_i8.p1	XP_035430907.2	32.369	553	331	14	20	558	5	528	2.38e-87	283	642	562	84	XP_035430907.2 cholinesterase 1-like [Spodoptera frugiperda]
TRINITY_DN256_c0_g1_i8.p1	XP_035430695.2	32.234	546	344	10	19	558	18	543	2.69e-87	284	642	582	84	XP_035430695.2 para-nitrobenzyl esterase-like isoform X1 [Spodoptera frugiperda]
TRINITY_DN256_c0_g1_i8.p1	XP_050553307.1	32.700	526	328	10	39	558	25	530	3.20e-87	283	642	569	81	XP_050553307.1 para-nitrobenzyl esterase-like isoform X2 [Spodoptera frugiperda]
TRINITY_DN256_c0_g1_i8.p1	XP_035430243.2	32.833	533	332	15	32	558	18	530	5.19e-87	282	642	540	82	XP_035430243.2 para-nitrobenzyl esterase-like [Spodoptera frugiperda]
TRINITY_DN256_c0_g1_i8.p1	XP_050553309.1	32.700	526	328	10	39	558	25	530	6.42e-87	283	642	569	81	XP_050553309.1 para-nitrobenzyl esterase-like isoform X4 [Spodoptera frugiperda]
TRINITY_DN256_c0_g1_i8.p1	XP_050550706.1	32.731	553	341	15	16	557	9	541	8.56e-87	281	642	545	84	XP_050550706.1 cholinesterase 2-like [Spodoptera frugiperda]
TRINITY_DN256_c0_g1_i8.p1	XP_050550705.1	32.731	553	341	15	16	557	9	541	8.56e-87	281	642	545	84	XP_050550705.1 cholinesterase 2-like [Spodoptera frugiperda]
TRINITY_DN256_c0_g1_i8.p1	XP_035430420.2	33.752	557	333	16	18	561	7	540	1.41e-86	281	642	554	85	XP_035430420.2 cholinesterase 1 [Spodoptera frugiperda]
TRINITY_DN256_c0_g1_i8.p1	XP_050553308.1	32.510	526	329	10	39	558	25	530	1.82e-86	281	642	569	81	XP_050553308.1 para-nitrobenzyl esterase-like isoform X3 [Spodoptera frugiperda]
TRINITY_DN256_c0_g1_i8.p1	XP_050553601.1	32.224	571	327	17	16	558	5	543	2.50e-86	281	642	560	85	XP_050553601.1 para-nitrobenzyl esterase-like [Spodoptera frugiperda]
TRINITY_DN256_c0_g1_i8.p1	XP_035449424.2	30.601	549	353	11	23	558	6	539	3.49e-85	278	642	556	83	XP_035449424.2 esterase FE4-like [Spodoptera frugiperda]
TRINITY_DN256_c0_g1_i8.p1	XP_035435396.2	34.077	493	303	13	21	501	4	486	1.23e-84	276	642	560	75	XP_035435396.2 juvenile hormone esterase isoform X2 [Spodoptera frugiperda]
TRINITY_DN256_c0_g1_i8.p1	XP_035435395.2	34.077	493	303	13	21	501	4	486	1.23e-84	276	642	560	75	XP_035435395.2 juvenile hormone esterase isoform X2 [Spodoptera frugiperda]
TRINITY_DN256_c0_g1_i9.p1	XP_035452555.2	61.770	565	199	4	17	568	1	561	0.0	728	641	627	86	XP_035452555.2 venom carboxylesterase-6 [Spodoptera frugiperda]
TRINITY_DN256_c0_g1_i9.p1	XP_035434835.2	39.513	534	293	10	29	550	12	527	2.17e-120	369	641	555	81	XP_035434835.2 venom carboxylesterase-6 [Spodoptera frugiperda]
TRINITY_DN256_c0_g1_i9.p1	XP_035430003.2	33.942	548	319	15	27	553	12	537	9.22e-92	295	641	545	82	XP_035430003.2 esterase FE4-like [Spodoptera frugiperda]
TRINITY_DN256_c0_g1_i9.p1	XP_050553323.1	34.211	570	318	18	9	552	2	540	1.67e-91	295	641	565	85	XP_050553323.1 cholinesterase 1 [Spodoptera frugiperda]
TRINITY_DN256_c0_g1_i9.p1	XP_035435396.2	35.178	506	309	14	21	511	4	505	5.61e-88	285	641	560	77	XP_035435396.2 juvenile hormone esterase isoform X2 [Spodoptera frugiperda]
TRINITY_DN256_c0_g1_i9.p1	XP_035435395.2	35.178	506	309	14	21	511	4	505	5.61e-88	285	641	560	77	XP_035435395.2 juvenile hormone esterase isoform X2 [Spodoptera frugiperda]
TRINITY_DN256_c0_g1_i9.p1	XP_035435394.2	35.178	506	309	14	21	511	45	546	1.35e-87	285	641	601	77	XP_035435394.2 juvenile hormone esterase isoform X1 [Spodoptera frugiperda]
TRINITY_DN256_c0_g1_i9.p1	XP_035430420.2	33.573	557	325	15	18	552	7	540	2.10e-87	283	641	554	83	XP_035430420.2 cholinesterase 1 [Spodoptera frugiperda]
TRINITY_DN256_c0_g1_i9.p1	XP_050553307.1	33.973	521	319	12	39	549	25	530	8.96e-87	282	641	569	80	XP_050553307.1 para-nitrobenzyl esterase-like isoform X2 [Spodoptera frugiperda]
TRINITY_DN256_c0_g1_i9.p1	XP_050553309.1	33.273	550	331	14	39	575	25	551	1.01e-86	282	641	569	84	XP_050553309.1 para-nitrobenzyl esterase-like isoform X4 [Spodoptera frugiperda]
TRINITY_DN256_c0_g1_i9.p1	XP_050553308.1	33.272	547	335	13	39	575	25	551	1.20e-86	282	641	569	84	XP_050553308.1 para-nitrobenzyl esterase-like isoform X3 [Spodoptera frugiperda]
TRINITY_DN256_c0_g1_i9.p1	XP_035430264.2	34.694	539	327	16	20	549	6	528	2.10e-86	281	641	562	83	XP_035430264.2 acetylcholinesterase [Spodoptera frugiperda]
TRINITY_DN256_c0_g1_i9.p1	XP_035430243.2	34.972	529	317	18	32	549	18	530	2.71e-86	280	641	540	81	XP_035430243.2 para-nitrobenzyl esterase-like [Spodoptera frugiperda]
TRINITY_DN256_c0_g1_i9.p1	XP_050550706.1	33.029	548	337	15	16	548	9	541	7.81e-86	279	641	545	83	XP_050550706.1 cholinesterase 2-like [Spodoptera frugiperda]
TRINITY_DN256_c0_g1_i9.p1	XP_050550705.1	33.029	548	337	15	16	548	9	541	7.81e-86	279	641	545	83	XP_050550705.1 cholinesterase 2-like [Spodoptera frugiperda]
TRINITY_DN256_c0_g1_i9.p1	XP_035430695.2	32.451	567	353	13	19	575	18	564	1.10e-85	280	641	582	87	XP_035430695.2 para-nitrobenzyl esterase-like isoform X1 [Spodoptera frugiperda]
TRINITY_DN256_c0_g1_i9.p1	XP_035429431.2	31.957	557	334	16	16	549	5	539	1.18e-84	276	641	553	83	XP_035429431.2 cholinesterase 1 isoform X4 [Spodoptera frugiperda]
TRINITY_DN256_c0_g1_i9.p1	XP_035449424.2	30.387	543	353	9	23	549	6	539	1.35e-84	276	641	556	82	XP_035449424.2 esterase FE4-like [Spodoptera frugiperda]
TRINITY_DN256_c0_g1_i9.p1	XP_035430692.2	33.213	554	333	13	16	549	5	541	2.06e-84	276	641	558	83	XP_035430692.2 juvenile hormone esterase-like isoform X1 [Spodoptera frugiperda]
TRINITY_DN256_c0_g1_i9.p1	XP_035446627.2	33.874	555	320	17	21	548	8	542	3.12e-84	275	641	545	82	XP_035446627.2 juvenile hormone esterase-like [Spodoptera frugiperda]
TRINITY_DN256_c0_g1_i9.p1	XP_050553602.1	33.213	554	333	13	16	549	5	541	5.41e-84	275	641	558	83	XP_050553602.1 juvenile hormone esterase-like isoform X2 [Spodoptera frugiperda]
TRINITY_DN256_c0_g1_i9.p1	XP_035430694.2	34.426	549	328	15	16	549	3	534	6.52e-84	274	641	550	83	XP_035430694.2 esterase FE4-like [Spodoptera frugiperda]
TRINITY_DN256_c0_g1_i9.p1	XP_035459067.2	34.107	560	315	20	15	548	4	535	1.41e-83	273	641	546	83	XP_035459067.2 bile salt-activated lipase [Spodoptera frugiperda]
TRINITY_DN256_c0_g1_i9.p1	XP_035430907.2	33.210	542	332	14	20	549	5	528	2.84e-83	273	641	562	83	XP_035430907.2 cholinesterase 1-like [Spodoptera frugiperda]
TRINITY_DN256_c0_g1_i9.p1	XP_035429320.2	31.560	545	345	13	16	549	3	530	4.71e-82	270	641	594	83	XP_035429320.2 para-nitrobenzyl esterase-like [Spodoptera frugiperda]
TRINITY_DN3016_c0_g1_i1.p1	XP_035435877.2	74.232	586	150	1	1	586	1	585	0.0	898	587	585	99	XP_035435877.2 juvenile hormone esterase-like [Spodoptera frugiperda]
TRINITY_DN3016_c0_g1_i1.p1	XP_035435406.2	39.100	578	342	8	6	576	4	578	1.65e-151	450	587	626	97	XP_035435406.2 esterase E4-like [Spodoptera frugiperda]
TRINITY_DN3016_c0_g1_i1.p1	XP_035435407.2	40.388	567	325	6	26	586	24	583	2.59e-151	448	587	583	96	XP_035435407.2 esterase E4-like [Spodoptera frugiperda]
TRINITY_DN3016_c0_g1_i1.p1	XP_035449615.1	34.099	566	325	16	24	567	91	630	1.69e-87	285	587	645	93	XP_035449615.1 venom carboxylesterase-6 [Spodoptera frugiperda]
TRINITY_DN3016_c0_g1_i1.p1	XP_035449614.1	34.099	566	325	16	24	567	91	630	1.69e-87	285	587	645	93	XP_035449614.1 venom carboxylesterase-6 [Spodoptera frugiperda]
TRINITY_DN3016_c0_g1_i1.p1	XP_050560005.1	34.457	534	318	14	27	547	22	536	1.15e-83	273	587	570	89	XP_050560005.1 juvenile hormone esterase-like [Spodoptera frugiperda]
TRINITY_DN3016_c0_g1_i1.p1	XP_050561842.1	30.741	553	338	15	25	566	2	520	4.41e-78	256	587	528	92	XP_050561842.1 juvenile hormone esterase isoform X4 [Spodoptera frugiperda]
TRINITY_DN3016_c0_g1_i1.p1	XP_050561841.1	30.741	553	338	15	25	566	2	520	4.41e-78	256	587	528	92	XP_050561841.1 juvenile hormone esterase isoform X4 [Spodoptera frugiperda]
TRINITY_DN3016_c0_g1_i1.p1	XP_050561840.1	30.741	553	338	15	25	566	2	520	4.41e-78	256	587	528	92	XP_050561840.1 juvenile hormone esterase isoform X4 [Spodoptera frugiperda]
TRINITY_DN3016_c0_g1_i1.p1	XP_035434296.2	30.741	553	338	15	25	566	11	529	6.14e-78	256	587	537	92	XP_035434296.2 juvenile hormone esterase isoform X3 [Spodoptera frugiperda]
TRINITY_DN3016_c0_g1_i1.p1	XP_035434295.2	30.741	553	338	15	25	566	15	533	7.06e-78	256	587	541	92	XP_035434295.2 juvenile hormone esterase isoform X2 [Spodoptera frugiperda]
TRINITY_DN3016_c0_g1_i1.p1	XP_035434294.2	30.741	553	338	15	25	566	31	549	9.49e-78	256	587	557	92	XP_035434294.2 esterase B1 isoform X1 [Spodoptera frugiperda]
TRINITY_DN3016_c0_g1_i1.p1	XP_035456137.2	30.645	558	340	12	23	570	3	523	1.83e-76	258	587	734	93	XP_035456137.2 juvenile hormone esterase isoform X3 [Spodoptera frugiperda]
TRINITY_DN3016_c0_g1_i1.p1	XP_035456136.2	30.645	558	340	12	23	570	3	523	1.83e-76	258	587	734	93	XP_035456136.2 juvenile hormone esterase isoform X3 [Spodoptera frugiperda]
TRINITY_DN3016_c0_g1_i1.p1	XP_035456135.2	30.645	558	340	12	23	570	19	539	2.47e-76	258	587	750	93	XP_035456135.2 juvenile hormone esterase isoform X2 [Spodoptera frugiperda]
TRINITY_DN3016_c0_g1_i1.p1	XP_035456134.2	30.645	558	340	12	23	570	113	633	1.52e-75	257	587	844	93	XP_035456134.2 juvenile hormone esterase isoform X1 [Spodoptera frugiperda]
TRINITY_DN3016_c0_g1_i1.p1	XP_035428784.2	31.071	560	348	15	11	562	20	549	6.70e-75	249	587	564	94	XP_035428784.2 juvenile hormone esterase isoform X1 [Spodoptera frugiperda]
TRINITY_DN3016_c0_g1_i1.p1	XP_050563387.1	31.228	570	359	16	6	565	18	564	1.00e-74	249	587	570	95	XP_050563387.1 juvenile hormone esterase-like [Spodoptera frugiperda]
TRINITY_DN3016_c0_g1_i1.p1	XP_035428785.2	31.022	548	343	14	23	562	2	522	2.75e-74	247	587	537	92	XP_035428785.2 juvenile hormone esterase isoform X2 [Spodoptera frugiperda]
TRINITY_DN3016_c0_g1_i1.p1	XP_035450368.2	32.194	556	333	18	27	565	4	532	3.10e-73	244	587	538	92	XP_035450368.2 juvenile hormone esterase [Spodoptera frugiperda]
TRINITY_DN3016_c0_g1_i1.p1	XP_050563149.1	32.971	552	332	15	27	565	574	1100	4.31e-73	254	587	1106	95	XP_050563149.1 neuroligin-4, X-linked-like [Spodoptera frugiperda]
TRINITY_DN3016_c0_g1_i1.p1	XP_050563149.1	28.351	582	350	21	8	566	16	553	1.11e-52	195	587	1106	95	XP_050563149.1 neuroligin-4, X-linked-like [Spodoptera frugiperda]
TRINITY_DN3016_c0_g1_i1.p1	XP_035435380.2	31.670	581	333	20	8	563	6	547	5.35e-71	239	587	561	95	XP_035435380.2 juvenile hormone esterase isoform X1 [Spodoptera frugiperda]
TRINITY_DN3016_c0_g1_i1.p1	XP_035444718.2	31.239	557	332	17	26	566	5	526	7.11e-68	229	587	532	92	XP_035444718.2 juvenile hormone esterase [Spodoptera frugiperda]
TRINITY_DN3016_c0_g1_i1.p1	XP_035435441.2	28.785	601	373	20	3	586	2	564	1.85e-63	219	587	564	99	XP_035435441.2 juvenile hormone esterase [Spodoptera frugiperda]
TRINITY_DN3016_c0_g1_i1.p1	XP_035450249.2	31.308	543	319	17	48	567	24	535	6.97e-62	214	587	537	89	XP_035450249.2 juvenile hormone esterase [Spodoptera frugiperda]
TRINITY_DN3016_c0_g1_i10.p1	XP_035435877.2	74.232	586	150	1	1	586	1	585	0.0	898	587	585	99	XP_035435877.2 juvenile hormone esterase-like [Spodoptera frugiperda]
TRINITY_DN3016_c0_g1_i10.p1	XP_035435406.2	39.100	578	342	8	6	576	4	578	1.65e-151	450	587	626	97	XP_035435406.2 esterase E4-like [Spodoptera frugiperda]
TRINITY_DN3016_c0_g1_i10.p1	XP_035435407.2	40.388	567	325	6	26	586	24	583	2.59e-151	448	587	583	96	XP_035435407.2 esterase E4-like [Spodoptera frugiperda]
TRINITY_DN3016_c0_g1_i10.p1	XP_035449615.1	34.099	566	325	16	24	567	91	630	1.69e-87	285	587	645	93	XP_035449615.1 venom carboxylesterase-6 [Spodoptera frugiperda]
TRINITY_DN3016_c0_g1_i10.p1	XP_035449614.1	34.099	566	325	16	24	567	91	630	1.69e-87	285	587	645	93	XP_035449614.1 venom carboxylesterase-6 [Spodoptera frugiperda]
TRINITY_DN3016_c0_g1_i10.p1	XP_050560005.1	34.457	534	318	14	27	547	22	536	1.15e-83	273	587	570	89	XP_050560005.1 juvenile hormone esterase-like [Spodoptera frugiperda]
TRINITY_DN3016_c0_g1_i10.p1	XP_050561842.1	30.741	553	338	15	25	566	2	520	4.41e-78	256	587	528	92	XP_050561842.1 juvenile hormone esterase isoform X4 [Spodoptera frugiperda]
TRINITY_DN3016_c0_g1_i10.p1	XP_050561841.1	30.741	553	338	15	25	566	2	520	4.41e-78	256	587	528	92	XP_050561841.1 juvenile hormone esterase isoform X4 [Spodoptera frugiperda]
TRINITY_DN3016_c0_g1_i10.p1	XP_050561840.1	30.741	553	338	15	25	566	2	520	4.41e-78	256	587	528	92	XP_050561840.1 juvenile hormone esterase isoform X4 [Spodoptera frugiperda]
TRINITY_DN3016_c0_g1_i10.p1	XP_035434296.2	30.741	553	338	15	25	566	11	529	6.14e-78	256	587	537	92	XP_035434296.2 juvenile hormone esterase isoform X3 [Spodoptera frugiperda]
TRINITY_DN3016_c0_g1_i10.p1	XP_035434295.2	30.741	553	338	15	25	566	15	533	7.06e-78	256	587	541	92	XP_035434295.2 juvenile hormone esterase isoform X2 [Spodoptera frugiperda]
TRINITY_DN3016_c0_g1_i10.p1	XP_035434294.2	30.741	553	338	15	25	566	31	549	9.49e-78	256	587	557	92	XP_035434294.2 esterase B1 isoform X1 [Spodoptera frugiperda]
TRINITY_DN3016_c0_g1_i10.p1	XP_035456137.2	30.645	558	340	12	23	570	3	523	1.83e-76	258	587	734	93	XP_035456137.2 juvenile hormone esterase isoform X3 [Spodoptera frugiperda]
TRINITY_DN3016_c0_g1_i10.p1	XP_035456136.2	30.645	558	340	12	23	570	3	523	1.83e-76	258	587	734	93	XP_035456136.2 juvenile hormone esterase isoform X3 [Spodoptera frugiperda]
TRINITY_DN3016_c0_g1_i10.p1	XP_035456135.2	30.645	558	340	12	23	570	19	539	2.47e-76	258	587	750	93	XP_035456135.2 juvenile hormone esterase isoform X2 [Spodoptera frugiperda]
TRINITY_DN3016_c0_g1_i10.p1	XP_035456134.2	30.645	558	340	12	23	570	113	633	1.52e-75	257	587	844	93	XP_035456134.2 juvenile hormone esterase isoform X1 [Spodoptera frugiperda]
TRINITY_DN3016_c0_g1_i10.p1	XP_035428784.2	31.071	560	348	15	11	562	20	549	6.70e-75	249	587	564	94	XP_035428784.2 juvenile hormone esterase isoform X1 [Spodoptera frugiperda]
TRINITY_DN3016_c0_g1_i10.p1	XP_050563387.1	31.228	570	359	16	6	565	18	564	1.00e-74	249	587	570	95	XP_050563387.1 juvenile hormone esterase-like [Spodoptera frugiperda]
TRINITY_DN3016_c0_g1_i10.p1	XP_035428785.2	31.022	548	343	14	23	562	2	522	2.75e-74	247	587	537	92	XP_035428785.2 juvenile hormone esterase isoform X2 [Spodoptera frugiperda]
TRINITY_DN3016_c0_g1_i10.p1	XP_035450368.2	32.194	556	333	18	27	565	4	532	3.10e-73	244	587	538	92	XP_035450368.2 juvenile hormone esterase [Spodoptera frugiperda]
TRINITY_DN3016_c0_g1_i10.p1	XP_050563149.1	32.971	552	332	15	27	565	574	1100	4.31e-73	254	587	1106	95	XP_050563149.1 neuroligin-4, X-linked-like [Spodoptera frugiperda]
TRINITY_DN3016_c0_g1_i10.p1	XP_050563149.1	28.351	582	350	21	8	566	16	553	1.11e-52	195	587	1106	95	XP_050563149.1 neuroligin-4, X-linked-like [Spodoptera frugiperda]
TRINITY_DN3016_c0_g1_i10.p1	XP_035435380.2	31.670	581	333	20	8	563	6	547	5.35e-71	239	587	561	95	XP_035435380.2 juvenile hormone esterase isoform X1 [Spodoptera frugiperda]
TRINITY_DN3016_c0_g1_i10.p1	XP_035444718.2	31.239	557	332	17	26	566	5	526	7.11e-68	229	587	532	92	XP_035444718.2 juvenile hormone esterase [Spodoptera frugiperda]
TRINITY_DN3016_c0_g1_i10.p1	XP_035435441.2	28.785	601	373	20	3	586	2	564	1.85e-63	219	587	564	99	XP_035435441.2 juvenile hormone esterase [Spodoptera frugiperda]
TRINITY_DN3016_c0_g1_i10.p1	XP_035450249.2	31.308	543	319	17	48	567	24	535	6.97e-62	214	587	537	89	XP_035450249.2 juvenile hormone esterase [Spodoptera frugiperda]
TRINITY_DN3016_c0_g1_i3.p1	XP_035435877.2	74.232	586	150	1	1	586	1	585	0.0	898	587	585	99	XP_035435877.2 juvenile hormone esterase-like [Spodoptera frugiperda]
TRINITY_DN3016_c0_g1_i3.p1	XP_035435406.2	39.100	578	342	8	6	576	4	578	1.07e-151	450	587	626	97	XP_035435406.2 esterase E4-like [Spodoptera frugiperda]
TRINITY_DN3016_c0_g1_i3.p1	XP_035435407.2	40.388	567	325	6	26	586	24	583	3.58e-151	447	587	583	96	XP_035435407.2 esterase E4-like [Spodoptera frugiperda]
TRINITY_DN3016_c0_g1_i3.p1	XP_035449615.1	33.922	566	326	16	24	567	91	630	7.16e-87	283	587	645	93	XP_035449615.1 venom carboxylesterase-6 [Spodoptera frugiperda]
TRINITY_DN3016_c0_g1_i3.p1	XP_035449614.1	33.922	566	326	16	24	567	91	630	7.16e-87	283	587	645	93	XP_035449614.1 venom carboxylesterase-6 [Spodoptera frugiperda]
TRINITY_DN3016_c0_g1_i3.p1	XP_050560005.1	34.766	535	315	16	27	547	22	536	1.28e-83	272	587	570	89	XP_050560005.1 juvenile hormone esterase-like [Spodoptera frugiperda]
TRINITY_DN3016_c0_g1_i3.p1	XP_050561842.1	30.741	553	338	15	25	566	2	520	6.87e-78	256	587	528	92	XP_050561842.1 juvenile hormone esterase isoform X4 [Spodoptera frugiperda]
TRINITY_DN3016_c0_g1_i3.p1	XP_050561841.1	30.741	553	338	15	25	566	2	520	6.87e-78	256	587	528	92	XP_050561841.1 juvenile hormone esterase isoform X4 [Spodoptera frugiperda]
TRINITY_DN3016_c0_g1_i3.p1	XP_050561840.1	30.741	553	338	15	25	566	2	520	6.87e-78	256	587	528	92	XP_050561840.1 juvenile hormone esterase isoform X4 [Spodoptera frugiperda]
TRINITY_DN3016_c0_g1_i3.p1	XP_035434295.2	30.741	553	338	15	25	566	15	533	1.21e-77	256	587	541	92	XP_035434295.2 juvenile hormone esterase isoform X2 [Spodoptera frugiperda]
TRINITY_DN3016_c0_g1_i3.p1	XP_035434296.2	30.741	553	338	15	25	566	11	529	1.31e-77	256	587	537	92	XP_035434296.2 juvenile hormone esterase isoform X3 [Spodoptera frugiperda]
TRINITY_DN3016_c0_g1_i3.p1	XP_035434294.2	30.741	553	338	15	25	566	31	549	1.67e-77	256	587	557	92	XP_035434294.2 esterase B1 isoform X1 [Spodoptera frugiperda]
TRINITY_DN3016_c0_g1_i3.p1	XP_035428784.2	31.250	560	347	15	11	562	20	549	8.70e-76	251	587	564	94	XP_035428784.2 juvenile hormone esterase isoform X1 [Spodoptera frugiperda]
TRINITY_DN3016_c0_g1_i3.p1	XP_035456137.2	30.466	558	341	12	23	570	3	523	1.07e-75	255	587	734	93	XP_035456137.2 juvenile hormone esterase isoform X3 [Spodoptera frugiperda]
TRINITY_DN3016_c0_g1_i3.p1	XP_035456136.2	30.466	558	341	12	23	570	3	523	1.07e-75	255	587	734	93	XP_035456136.2 juvenile hormone esterase isoform X3 [Spodoptera frugiperda]
TRINITY_DN3016_c0_g1_i3.p1	XP_050563387.1	31.404	570	358	16	6	565	18	564	1.15e-75	251	587	570	95	XP_050563387.1 juvenile hormone esterase-like [Spodoptera frugiperda]
TRINITY_DN3016_c0_g1_i3.p1	XP_035456135.2	30.466	558	341	12	23	570	19	539	1.47e-75	255	587	750	93	XP_035456135.2 juvenile hormone esterase isoform X2 [Spodoptera frugiperda]
TRINITY_DN3016_c0_g1_i3.p1	XP_035428785.2	31.204	548	342	14	23	562	2	522	3.49e-75	249	587	537	92	XP_035428785.2 juvenile hormone esterase isoform X2 [Spodoptera frugiperda]
TRINITY_DN3016_c0_g1_i3.p1	XP_035456134.2	30.466	558	341	12	23	570	113	633	1.01e-74	255	587	844	93	XP_035456134.2 juvenile hormone esterase isoform X1 [Spodoptera frugiperda]
TRINITY_DN3016_c0_g1_i3.p1	XP_050563149.1	33.152	552	331	15	27	565	574	1100	6.66e-74	256	587	1106	95	XP_050563149.1 neuroligin-4, X-linked-like [Spodoptera frugiperda]
TRINITY_DN3016_c0_g1_i3.p1	XP_050563149.1	28.351	582	350	21	8	566	16	553	1.54e-52	194	587	1106	95	XP_050563149.1 neuroligin-4, X-linked-like [Spodoptera frugiperda]
TRINITY_DN3016_c0_g1_i3.p1	XP_035450368.2	32.194	556	333	18	27	565	4	532	3.91e-73	244	587	538	92	XP_035450368.2 juvenile hormone esterase [Spodoptera frugiperda]
TRINITY_DN3016_c0_g1_i3.p1	XP_035435380.2	31.670	581	333	20	8	563	6	547	3.45e-71	239	587	561	95	XP_035435380.2 juvenile hormone esterase isoform X1 [Spodoptera frugiperda]
TRINITY_DN3016_c0_g1_i3.p1	XP_035444718.2	31.239	557	332	17	26	566	5	526	2.56e-68	231	587	532	92	XP_035444718.2 juvenile hormone esterase [Spodoptera frugiperda]
TRINITY_DN3016_c0_g1_i3.p1	XP_035435441.2	28.785	601	373	20	3	586	2	564	2.57e-63	218	587	564	99	XP_035435441.2 juvenile hormone esterase [Spodoptera frugiperda]
TRINITY_DN3016_c0_g1_i3.p1	XP_035450249.2	31.308	543	319	17	48	567	24	535	3.87e-62	214	587	537	89	XP_035450249.2 juvenile hormone esterase [Spodoptera frugiperda]
TRINITY_DN3016_c0_g1_i9.p1	XP_035435877.2	74.232	586	150	1	1	586	1	585	0.0	898	587	585	99	XP_035435877.2 juvenile hormone esterase-like [Spodoptera frugiperda]
TRINITY_DN3016_c0_g1_i9.p1	XP_035435406.2	39.100	578	342	8	6	576	4	578	2.87e-151	449	587	626	97	XP_035435406.2 esterase E4-like [Spodoptera frugiperda]
TRINITY_DN3016_c0_g1_i9.p1	XP_035435407.2	40.388	567	325	6	26	586	24	583	5.12e-151	447	587	583	96	XP_035435407.2 esterase E4-like [Spodoptera frugiperda]
TRINITY_DN3016_c0_g1_i9.p1	XP_035449615.1	33.922	566	326	16	24	567	91	630	7.31e-87	283	587	645	93	XP_035449615.1 venom carboxylesterase-6 [Spodoptera frugiperda]
TRINITY_DN3016_c0_g1_i9.p1	XP_035449614.1	33.922	566	326	16	24	567	91	630	7.31e-87	283	587	645	93	XP_035449614.1 venom carboxylesterase-6 [Spodoptera frugiperda]
TRINITY_DN3016_c0_g1_i9.p1	XP_050560005.1	34.457	534	318	14	27	547	22	536	2.84e-83	271	587	570	89	XP_050560005.1 juvenile hormone esterase-like [Spodoptera frugiperda]
TRINITY_DN3016_c0_g1_i9.p1	XP_050561842.1	30.741	553	338	15	25	566	2	520	7.79e-78	256	587	528	92	XP_050561842.1 juvenile hormone esterase isoform X4 [Spodoptera frugiperda]
TRINITY_DN3016_c0_g1_i9.p1	XP_050561841.1	30.741	553	338	15	25	566	2	520	7.79e-78	256	587	528	92	XP_050561841.1 juvenile hormone esterase isoform X4 [Spodoptera frugiperda]
TRINITY_DN3016_c0_g1_i9.p1	XP_050561840.1	30.741	553	338	15	25	566	2	520	7.79e-78	256	587	528	92	XP_050561840.1 juvenile hormone esterase isoform X4 [Spodoptera frugiperda]
TRINITY_DN3016_c0_g1_i9.p1	XP_035434296.2	30.741	553	338	15	25	566	11	529	1.09e-77	256	587	537	92	XP_035434296.2 juvenile hormone esterase isoform X3 [Spodoptera frugiperda]
TRINITY_DN3016_c0_g1_i9.p1	XP_035434295.2	30.741	553	338	15	25	566	15	533	1.15e-77	256	587	541	92	XP_035434295.2 juvenile hormone esterase isoform X2 [Spodoptera frugiperda]
TRINITY_DN3016_c0_g1_i9.p1	XP_035434294.2	30.741	553	338	15	25	566	31	549	1.73e-77	256	587	557	92	XP_035434294.2 esterase B1 isoform X1 [Spodoptera frugiperda]
TRINITY_DN3016_c0_g1_i9.p1	XP_035456137.2	30.466	558	341	12	23	570	3	523	6.78e-76	256	587	734	93	XP_035456137.2 juvenile hormone esterase isoform X3 [Spodoptera frugiperda]
TRINITY_DN3016_c0_g1_i9.p1	XP_035456136.2	30.466	558	341	12	23	570	3	523	6.78e-76	256	587	734	93	XP_035456136.2 juvenile hormone esterase isoform X3 [Spodoptera frugiperda]
TRINITY_DN3016_c0_g1_i9.p1	XP_035456135.2	30.466	558	341	12	23	570	19	539	1.00e-75	256	587	750	93	XP_035456135.2 juvenile hormone esterase isoform X2 [Spodoptera frugiperda]
TRINITY_DN3016_c0_g1_i9.p1	XP_035456134.2	30.466	558	341	12	23	570	113	633	6.78e-75	255	587	844	93	XP_035456134.2 juvenile hormone esterase isoform X1 [Spodoptera frugiperda]
TRINITY_DN3016_c0_g1_i9.p1	XP_035428784.2	31.071	560	348	15	11	562	20	549	9.77e-75	249	587	564	94	XP_035428784.2 juvenile hormone esterase isoform X1 [Spodoptera frugiperda]
TRINITY_DN3016_c0_g1_i9.p1	XP_050563387.1	31.228	570	359	16	6	565	18	564	1.31e-74	248	587	570	95	XP_050563387.1 juvenile hormone esterase-like [Spodoptera frugiperda]
TRINITY_DN3016_c0_g1_i9.p1	XP_035428785.2	31.022	548	343	14	23	562	2	522	3.93e-74	246	587	537	92	XP_035428785.2 juvenile hormone esterase isoform X2 [Spodoptera frugiperda]
TRINITY_DN3016_c0_g1_i9.p1	XP_035450368.2	32.194	556	333	18	27	565	4	532	4.82e-73	243	587	538	92	XP_035450368.2 juvenile hormone esterase [Spodoptera frugiperda]
TRINITY_DN3016_c0_g1_i9.p1	XP_050563149.1	32.971	552	332	15	27	565	574	1100	7.11e-73	253	587	1106	95	XP_050563149.1 neuroligin-4, X-linked-like [Spodoptera frugiperda]
TRINITY_DN3016_c0_g1_i9.p1	XP_050563149.1	28.351	582	350	21	8	566	16	553	1.92e-52	194	587	1106	95	XP_050563149.1 neuroligin-4, X-linked-like [Spodoptera frugiperda]
TRINITY_DN3016_c0_g1_i9.p1	XP_035435380.2	32.258	589	319	23	8	563	6	547	1.42e-71	240	587	561	95	XP_035435380.2 juvenile hormone esterase isoform X1 [Spodoptera frugiperda]
TRINITY_DN3016_c0_g1_i9.p1	XP_035444718.2	31.239	557	332	17	26	566	5	526	8.06e-68	229	587	532	92	XP_035444718.2 juvenile hormone esterase [Spodoptera frugiperda]
TRINITY_DN3016_c0_g1_i9.p1	XP_035435441.2	28.785	601	373	20	3	586	2	564	2.88e-63	218	587	564	99	XP_035435441.2 juvenile hormone esterase [Spodoptera frugiperda]
TRINITY_DN3016_c0_g1_i9.p1	XP_035450249.2	31.308	543	319	17	48	567	24	535	4.81e-62	214	587	537	89	XP_035450249.2 juvenile hormone esterase [Spodoptera frugiperda]
TRINITY_DN5029_c0_g1_i1.p1	XP_035449631.1	60.846	544	197	3	43	586	35	562	0.0	660	592	567	92	XP_035449631.1 juvenile hormone esterase isoform X2 [Spodoptera frugiperda]
TRINITY_DN5029_c0_g1_i1.p1	XP_035449630.1	60.846	544	197	3	43	586	40	567	0.0	659	592	572	92	XP_035449630.1 juvenile hormone esterase isoform X1 [Spodoptera frugiperda]
TRINITY_DN5029_c0_g1_i1.p1	XP_035449628.2	47.049	576	288	10	14	582	7	572	8.58e-178	516	592	591	96	XP_035449628.2 juvenile hormone esterase-like isoform X4 [Spodoptera frugiperda]
TRINITY_DN5029_c0_g1_i1.p1	XP_050551511.1	47.222	576	287	10	14	582	7	572	1.85e-177	516	592	608	96	XP_050551511.1 juvenile hormone esterase-like isoform X1 [Spodoptera frugiperda]
TRINITY_DN5029_c0_g1_i1.p1	XP_050551513.1	46.864	574	290	9	14	582	7	570	2.09e-177	515	592	589	96	XP_050551513.1 juvenile hormone esterase-like [Spodoptera frugiperda]
TRINITY_DN5029_c0_g1_i1.p1	XP_050551512.1	47.100	569	286	9	19	582	16	574	1.82e-176	513	592	593	95	XP_050551512.1 juvenile hormone esterase-like isoform X3 [Spodoptera frugiperda]
TRINITY_DN5029_c0_g1_i1.p1	XP_035449629.2	47.100	569	286	9	19	582	16	574	1.82e-176	513	592	593	95	XP_035449629.2 juvenile hormone esterase-like isoform X2 [Spodoptera frugiperda]
TRINITY_DN5029_c0_g1_i1.p1	XP_050551514.1	46.831	568	287	9	20	582	13	570	1.48e-175	510	592	589	95	XP_050551514.1 juvenile hormone esterase-like [Spodoptera frugiperda]
TRINITY_DN5029_c0_g1_i1.p1	XP_050551517.1	46.909	550	280	8	38	582	27	569	1.41e-170	498	592	587	92	XP_050551517.1 juvenile hormone esterase-like isoform X2 [Spodoptera frugiperda]
TRINITY_DN5029_c0_g1_i1.p1	XP_050551516.1	46.909	550	280	8	38	582	27	569	1.41e-170	498	592	587	92	XP_050551516.1 juvenile hormone esterase-like isoform X1 [Spodoptera frugiperda]
TRINITY_DN5029_c0_g1_i1.p1	XP_050563387.1	33.333	513	283	15	60	552	59	532	2.87e-75	250	592	570	83	XP_050563387.1 juvenile hormone esterase-like [Spodoptera frugiperda]
TRINITY_DN5029_c0_g1_i1.p1	XP_050549265.1	33.075	517	290	16	40	540	5	481	2.90e-74	247	592	532	85	XP_050549265.1 juvenile hormone esterase-like [Spodoptera frugiperda]
TRINITY_DN5029_c0_g1_i1.p1	XP_050549264.1	33.075	517	290	16	40	540	5	481	2.90e-74	247	592	532	85	XP_050549264.1 juvenile hormone esterase-like [Spodoptera frugiperda]
TRINITY_DN5029_c0_g1_i1.p1	XP_035450368.2	31.076	576	323	20	37	584	1	530	3.99e-72	241	592	538	93	XP_035450368.2 juvenile hormone esterase [Spodoptera frugiperda]
TRINITY_DN5029_c0_g1_i1.p1	XP_050563149.1	32.946	516	283	16	59	552	594	1068	2.85e-71	249	592	1106	87	XP_050563149.1 neuroligin-4, X-linked-like [Spodoptera frugiperda]
TRINITY_DN5029_c0_g1_i1.p1	XP_050563149.1	31.743	482	269	17	40	501	36	477	4.55e-47	178	592	1106	87	XP_050563149.1 neuroligin-4, X-linked-like [Spodoptera frugiperda]
TRINITY_DN5029_c0_g1_i1.p1	XP_050561842.1	31.373	510	292	14	44	540	12	476	3.41e-71	238	592	528	84	XP_050561842.1 juvenile hormone esterase isoform X4 [Spodoptera frugiperda]
TRINITY_DN5029_c0_g1_i1.p1	XP_050561841.1	31.373	510	292	14	44	540	12	476	3.41e-71	238	592	528	84	XP_050561841.1 juvenile hormone esterase isoform X4 [Spodoptera frugiperda]
TRINITY_DN5029_c0_g1_i1.p1	XP_050561840.1	31.373	510	292	14	44	540	12	476	3.41e-71	238	592	528	84	XP_050561840.1 juvenile hormone esterase isoform X4 [Spodoptera frugiperda]
TRINITY_DN5029_c0_g1_i1.p1	XP_035434295.2	31.373	510	292	14	44	540	25	489	4.73e-71	238	592	541	84	XP_035434295.2 juvenile hormone esterase isoform X2 [Spodoptera frugiperda]
TRINITY_DN5029_c0_g1_i1.p1	XP_035434296.2	31.373	510	292	14	44	540	21	485	4.88e-71	238	592	537	84	XP_035434296.2 juvenile hormone esterase isoform X3 [Spodoptera frugiperda]
TRINITY_DN5029_c0_g1_i1.p1	XP_035434294.2	31.373	510	292	14	44	540	41	505	6.83e-71	238	592	557	84	XP_035434294.2 esterase B1 isoform X1 [Spodoptera frugiperda]
TRINITY_DN5029_c0_g1_i1.p1	XP_035456137.2	30.814	516	301	10	40	545	7	476	9.01e-70	239	592	734	85	XP_035456137.2 juvenile hormone esterase isoform X3 [Spodoptera frugiperda]
TRINITY_DN5029_c0_g1_i1.p1	XP_035456136.2	30.814	516	301	10	40	545	7	476	9.01e-70	239	592	734	85	XP_035456136.2 juvenile hormone esterase isoform X3 [Spodoptera frugiperda]
TRINITY_DN5029_c0_g1_i1.p1	XP_035444718.2	32.190	525	280	17	40	540	6	478	1.32e-69	234	592	532	85	XP_035444718.2 juvenile hormone esterase [Spodoptera frugiperda]
TRINITY_DN5029_c0_g1_i1.p1	XP_035456135.2	30.814	516	301	10	40	545	23	492	1.75e-69	239	592	750	85	XP_035456135.2 juvenile hormone esterase isoform X2 [Spodoptera frugiperda]
TRINITY_DN5029_c0_g1_i4.p1	XP_035449631.1	60.846	544	197	3	43	586	35	562	0.0	659	592	567	92	XP_035449631.1 juvenile hormone esterase isoform X2 [Spodoptera frugiperda]
TRINITY_DN5029_c0_g1_i4.p1	XP_035449630.1	60.846	544	197	3	43	586	40	567	0.0	659	592	572	92	XP_035449630.1 juvenile hormone esterase isoform X1 [Spodoptera frugiperda]
TRINITY_DN5029_c0_g1_i4.p1	XP_035449628.2	46.875	576	289	10	14	582	7	572	3.60e-177	514	592	591	96	XP_035449628.2 juvenile hormone esterase-like isoform X4 [Spodoptera frugiperda]
TRINITY_DN5029_c0_g1_i4.p1	XP_050551513.1	46.690	574	291	9	14	582	7	570	6.90e-177	514	592	589	96	XP_050551513.1 juvenile hormone esterase-like [Spodoptera frugiperda]
TRINITY_DN5029_c0_g1_i4.p1	XP_050551511.1	47.049	576	288	10	14	582	7	572	7.25e-177	514	592	608	96	XP_050551511.1 juvenile hormone esterase-like isoform X1 [Spodoptera frugiperda]
TRINITY_DN5029_c0_g1_i4.p1	XP_050551512.1	46.924	569	287	9	19	582	16	574	8.68e-176	511	592	593	95	XP_050551512.1 juvenile hormone esterase-like isoform X3 [Spodoptera frugiperda]
TRINITY_DN5029_c0_g1_i4.p1	XP_035449629.2	46.924	569	287	9	19	582	16	574	8.68e-176	511	592	593	95	XP_035449629.2 juvenile hormone esterase-like isoform X2 [Spodoptera frugiperda]
TRINITY_DN5029_c0_g1_i4.p1	XP_050551514.1	46.655	568	288	9	20	582	13	570	5.74e-175	509	592	589	95	XP_050551514.1 juvenile hormone esterase-like [Spodoptera frugiperda]
TRINITY_DN5029_c0_g1_i4.p1	XP_050551517.1	46.727	550	281	8	38	582	27	569	8.16e-170	495	592	587	92	XP_050551517.1 juvenile hormone esterase-like isoform X2 [Spodoptera frugiperda]
TRINITY_DN5029_c0_g1_i4.p1	XP_050551516.1	46.727	550	281	8	38	582	27	569	8.16e-170	495	592	587	92	XP_050551516.1 juvenile hormone esterase-like isoform X1 [Spodoptera frugiperda]
TRINITY_DN5029_c0_g1_i4.p1	XP_050563387.1	33.528	513	282	15	60	552	59	532	8.01e-76	252	592	570	83	XP_050563387.1 juvenile hormone esterase-like [Spodoptera frugiperda]
TRINITY_DN5029_c0_g1_i4.p1	XP_050549265.1	33.269	517	289	16	40	540	5	481	7.27e-75	248	592	532	85	XP_050549265.1 juvenile hormone esterase-like [Spodoptera frugiperda]
TRINITY_DN5029_c0_g1_i4.p1	XP_050549264.1	33.269	517	289	16	40	540	5	481	7.27e-75	248	592	532	85	XP_050549264.1 juvenile hormone esterase-like [Spodoptera frugiperda]
TRINITY_DN5029_c0_g1_i4.p1	XP_035450368.2	31.250	576	322	20	37	584	1	530	6.90e-73	243	592	538	93	XP_035450368.2 juvenile hormone esterase [Spodoptera frugiperda]
TRINITY_DN5029_c0_g1_i4.p1	XP_050563149.1	33.140	516	282	16	59	552	594	1068	6.56e-72	251	592	1106	87	XP_050563149.1 neuroligin-4, X-linked-like [Spodoptera frugiperda]
TRINITY_DN5029_c0_g1_i4.p1	XP_050563149.1	31.743	482	269	17	40	501	36	477	1.96e-47	179	592	1106	87	XP_050563149.1 neuroligin-4, X-linked-like [Spodoptera frugiperda]
TRINITY_DN5029_c0_g1_i4.p1	XP_050561842.1	31.569	510	291	14	44	540	12	476	9.84e-72	240	592	528	84	XP_050561842.1 juvenile hormone esterase isoform X4 [Spodoptera frugiperda]
TRINITY_DN5029_c0_g1_i4.p1	XP_050561841.1	31.569	510	291	14	44	540	12	476	9.84e-72	240	592	528	84	XP_050561841.1 juvenile hormone esterase isoform X4 [Spodoptera frugiperda]
TRINITY_DN5029_c0_g1_i4.p1	XP_050561840.1	31.569	510	291	14	44	540	12	476	9.84e-72	240	592	528	84	XP_050561840.1 juvenile hormone esterase isoform X4 [Spodoptera frugiperda]
TRINITY_DN5029_c0_g1_i4.p1	XP_035434295.2	31.569	510	291	14	44	540	25	489	1.18e-71	240	592	541	84	XP_035434295.2 juvenile hormone esterase isoform X2 [Spodoptera frugiperda]
TRINITY_DN5029_c0_g1_i4.p1	XP_035434296.2	31.569	510	291	14	44	540	21	485	1.19e-71	240	592	537	84	XP_035434296.2 juvenile hormone esterase isoform X3 [Spodoptera frugiperda]
TRINITY_DN5029_c0_g1_i4.p1	XP_035434294.2	31.569	510	291	14	44	540	41	505	1.82e-71	240	592	557	84	XP_035434294.2 esterase B1 isoform X1 [Spodoptera frugiperda]
TRINITY_DN5029_c0_g1_i4.p1	XP_035456137.2	31.008	516	300	10	40	545	7	476	2.70e-70	241	592	734	85	XP_035456137.2 juvenile hormone esterase isoform X3 [Spodoptera frugiperda]
TRINITY_DN5029_c0_g1_i4.p1	XP_035456136.2	31.008	516	300	10	40	545	7	476	2.70e-70	241	592	734	85	XP_035456136.2 juvenile hormone esterase isoform X3 [Spodoptera frugiperda]
TRINITY_DN5029_c0_g1_i4.p1	XP_035444718.2	32.381	525	279	17	40	540	6	478	2.99e-70	236	592	532	85	XP_035444718.2 juvenile hormone esterase [Spodoptera frugiperda]
TRINITY_DN5029_c0_g1_i4.p1	XP_035456135.2	31.008	516	300	10	40	545	23	492	5.03e-70	241	592	750	85	XP_035456135.2 juvenile hormone esterase isoform X2 [Spodoptera frugiperda]
TRINITY_DN5285_c0_g1_i1.p1	XP_035435407.2	79.074	583	122	0	1	583	1	583	0.0	977	584	583	99	XP_035435407.2 esterase E4-like [Spodoptera frugiperda]
TRINITY_DN5285_c0_g1_i1.p1	XP_035435877.2	41.852	583	325	7	9	583	9	585	5.12e-163	478	584	585	98	XP_035435877.2 juvenile hormone esterase-like [Spodoptera frugiperda]
TRINITY_DN5285_c0_g1_i1.p1	XP_035435406.2	40.995	583	332	5	1	576	1	578	2.41e-152	452	584	626	99	XP_035435406.2 esterase E4-like [Spodoptera frugiperda]
TRINITY_DN5285_c0_g1_i1.p1	XP_035449615.1	34.555	573	336	14	24	578	93	644	1.68e-96	308	584	645	95	XP_035449615.1 venom carboxylesterase-6 [Spodoptera frugiperda]
TRINITY_DN5285_c0_g1_i1.p1	XP_035449614.1	34.555	573	336	14	24	578	93	644	1.68e-96	308	584	645	95	XP_035449614.1 venom carboxylesterase-6 [Spodoptera frugiperda]
TRINITY_DN5285_c0_g1_i1.p1	XP_050560005.1	31.993	572	354	14	10	567	7	557	8.12e-95	301	584	570	96	XP_050560005.1 juvenile hormone esterase-like [Spodoptera frugiperda]
TRINITY_DN5285_c0_g1_i1.p1	XP_035456137.2	35.484	558	303	16	24	567	6	520	6.13e-86	283	584	734	93	XP_035456137.2 juvenile hormone esterase isoform X3 [Spodoptera frugiperda]
TRINITY_DN5285_c0_g1_i1.p1	XP_035456136.2	35.484	558	303	16	24	567	6	520	6.13e-86	283	584	734	93	XP_035456136.2 juvenile hormone esterase isoform X3 [Spodoptera frugiperda]
TRINITY_DN5285_c0_g1_i1.p1	XP_035456135.2	35.484	558	303	16	24	567	22	536	8.07e-86	283	584	750	93	XP_035456135.2 juvenile hormone esterase isoform X2 [Spodoptera frugiperda]
TRINITY_DN5285_c0_g1_i1.p1	XP_035456134.2	35.484	558	303	16	24	567	116	630	5.18e-85	283	584	844	93	XP_035456134.2 juvenile hormone esterase isoform X1 [Spodoptera frugiperda]
TRINITY_DN5285_c0_g1_i1.p1	XP_050561842.1	32.240	549	327	14	24	562	3	516	7.57e-84	271	584	528	92	XP_050561842.1 juvenile hormone esterase isoform X4 [Spodoptera frugiperda]
TRINITY_DN5285_c0_g1_i1.p1	XP_050561841.1	32.240	549	327	14	24	562	3	516	7.57e-84	271	584	528	92	XP_050561841.1 juvenile hormone esterase isoform X4 [Spodoptera frugiperda]
TRINITY_DN5285_c0_g1_i1.p1	XP_050561840.1	32.240	549	327	14	24	562	3	516	7.57e-84	271	584	528	92	XP_050561840.1 juvenile hormone esterase isoform X4 [Spodoptera frugiperda]
TRINITY_DN5285_c0_g1_i1.p1	XP_035434296.2	32.240	549	327	14	24	562	12	525	1.16e-83	271	584	537	92	XP_035434296.2 juvenile hormone esterase isoform X3 [Spodoptera frugiperda]
TRINITY_DN5285_c0_g1_i1.p1	XP_035434295.2	32.240	549	327	14	24	562	16	529	1.45e-83	271	584	541	92	XP_035434295.2 juvenile hormone esterase isoform X2 [Spodoptera frugiperda]
TRINITY_DN5285_c0_g1_i1.p1	XP_035434294.2	32.240	549	327	14	24	562	32	545	2.53e-83	271	584	557	92	XP_035434294.2 esterase B1 isoform X1 [Spodoptera frugiperda]
TRINITY_DN5285_c0_g1_i1.p1	XP_035428785.2	31.964	560	324	13	24	565	5	525	1.64e-82	268	584	537	93	XP_035428785.2 juvenile hormone esterase isoform X2 [Spodoptera frugiperda]
TRINITY_DN5285_c0_g1_i1.p1	XP_035428784.2	31.964	560	324	13	24	565	32	552	3.26e-82	268	584	564	93	XP_035428784.2 juvenile hormone esterase isoform X1 [Spodoptera frugiperda]
TRINITY_DN5285_c0_g1_i1.p1	XP_050563387.1	30.503	577	361	13	1	564	14	563	7.42e-78	257	584	570	97	XP_050563387.1 juvenile hormone esterase-like [Spodoptera frugiperda]
TRINITY_DN5285_c0_g1_i1.p1	XP_035456387.2	32.793	555	311	18	25	560	10	521	8.30e-76	251	584	531	92	XP_035456387.2 juvenile hormone esterase [Spodoptera frugiperda]
TRINITY_DN5285_c0_g1_i1.p1	XP_035452217.2	32.590	583	338	17	9	567	4	555	2.84e-75	250	584	560	96	XP_035452217.2 juvenile hormone esterase-like [Spodoptera frugiperda]
TRINITY_DN5285_c0_g1_i1.p1	XP_050563149.1	29.204	565	367	12	10	564	558	1099	1.77e-73	254	584	1106	97	XP_050563149.1 neuroligin-4, X-linked-like [Spodoptera frugiperda]
TRINITY_DN5285_c0_g1_i1.p1	XP_050563149.1	27.993	568	370	15	1	561	13	548	6.85e-53	195	584	1106	97	XP_050563149.1 neuroligin-4, X-linked-like [Spodoptera frugiperda]
TRINITY_DN5285_c0_g1_i1.p1	XP_035444718.2	31.194	561	335	18	21	566	2	526	2.09e-73	244	584	532	93	XP_035444718.2 juvenile hormone esterase [Spodoptera frugiperda]
TRINITY_DN5285_c0_g1_i1.p1	XP_035435441.2	32.392	602	346	22	4	583	2	564	6.96e-73	244	584	564	99	XP_035435441.2 juvenile hormone esterase [Spodoptera frugiperda]
TRINITY_DN5285_c0_g1_i1.p1	XP_035452347.2	32.252	555	329	14	34	568	9	536	3.12e-71	239	584	537	92	XP_035452347.2 juvenile hormone esterase-like [Spodoptera frugiperda]
TRINITY_DN552_c0_g1_i15.p1	XP_035429431.2	69.543	394	111	4	1	387	154	545	0.0	561	394	553	98	XP_035429431.2 cholinesterase 1 isoform X4 [Spodoptera frugiperda]
TRINITY_DN552_c0_g1_i15.p1	XP_050553603.1	70.738	393	108	3	1	387	155	546	0.0	561	394	554	98	XP_050553603.1 cholinesterase 1 isoform X3 [Spodoptera frugiperda]
TRINITY_DN552_c0_g1_i15.p1	XP_035429429.2	70.738	393	108	3	1	387	155	546	0.0	561	394	554	98	XP_035429429.2 cholinesterase 1 isoform X2 [Spodoptera frugiperda]
TRINITY_DN552_c0_g1_i15.p1	XP_035429428.2	71.059	387	105	3	1	381	155	540	0.0	554	394	557	97	XP_035429428.2 cholinesterase 1 isoform X1 [Spodoptera frugiperda]
TRINITY_DN552_c0_g1_i15.p1	XP_050553601.1	70.256	390	106	3	1	381	155	543	0.0	550	394	560	97	XP_050553601.1 para-nitrobenzyl esterase-like [Spodoptera frugiperda]
TRINITY_DN552_c0_g1_i15.p1	XP_035430420.2	66.324	389	126	2	1	385	154	541	0.0	549	394	554	98	XP_035430420.2 cholinesterase 1 [Spodoptera frugiperda]
TRINITY_DN552_c0_g1_i15.p1	XP_035430003.2	66.154	390	130	2	1	389	154	542	0.0	542	394	545	99	XP_035430003.2 esterase FE4-like [Spodoptera frugiperda]
TRINITY_DN552_c0_g1_i15.p1	XP_035430692.2	65.750	400	129	4	1	393	155	553	0.0	538	394	558	99	XP_035430692.2 juvenile hormone esterase-like isoform X1 [Spodoptera frugiperda]
TRINITY_DN552_c0_g1_i15.p1	XP_050553602.1	66.753	388	121	4	1	381	155	541	0.0	532	394	558	97	XP_050553602.1 juvenile hormone esterase-like isoform X2 [Spodoptera frugiperda]
TRINITY_DN552_c0_g1_i15.p1	XP_050553323.1	61.125	391	147	3	1	387	154	543	3.74e-172	493	394	565	98	XP_050553323.1 cholinesterase 1 [Spodoptera frugiperda]
TRINITY_DN552_c0_g1_i15.p1	XP_050553600.1	55.473	402	167	5	1	391	153	553	4.79e-152	441	394	553	99	XP_050553600.1 juvenile hormone esterase-like isoform X4 [Spodoptera frugiperda]
TRINITY_DN552_c0_g1_i15.p1	XP_050553598.1	55.416	397	169	4	1	390	153	548	6.15e-152	441	394	553	99	XP_050553598.1 juvenile hormone esterase-like isoform X2 [Spodoptera frugiperda]
TRINITY_DN552_c0_g1_i15.p1	XP_035430182.2	53.299	394	177	2	1	387	152	545	1.97e-151	439	394	550	98	XP_035430182.2 esterase FE4-like [Spodoptera frugiperda]
TRINITY_DN552_c0_g1_i15.p1	XP_050553599.1	54.478	402	171	5	1	391	153	553	2.22e-151	439	394	553	99	XP_050553599.1 juvenile hormone esterase-like isoform X3 [Spodoptera frugiperda]
TRINITY_DN552_c0_g1_i15.p1	XP_050553597.1	54.478	402	171	5	1	391	153	553	2.64e-151	439	394	553	99	XP_050553597.1 juvenile hormone esterase-like isoform X1 [Spodoptera frugiperda]
TRINITY_DN552_c0_g1_i15.p1	XP_035430694.2	52.185	389	183	3	1	387	153	540	7.23e-145	423	394	550	98	XP_035430694.2 esterase FE4-like [Spodoptera frugiperda]
TRINITY_DN552_c0_g1_i15.p1	XP_035430243.2	50.000	388	189	4	1	385	149	534	9.06e-132	389	394	540	98	XP_035430243.2 para-nitrobenzyl esterase-like [Spodoptera frugiperda]
TRINITY_DN552_c0_g1_i15.p1	XP_035430907.2	49.109	393	193	5	1	389	147	536	3.36e-128	380	394	562	99	XP_035430907.2 cholinesterase 1-like [Spodoptera frugiperda]
TRINITY_DN552_c0_g1_i15.p1	XP_035429320.2	48.312	385	193	5	1	381	148	530	4.99e-124	371	394	594	97	XP_035429320.2 para-nitrobenzyl esterase-like [Spodoptera frugiperda]
TRINITY_DN552_c0_g1_i15.p1	XP_050553307.1	47.792	385	194	6	1	381	149	530	5.52e-123	367	394	569	97	XP_050553307.1 para-nitrobenzyl esterase-like isoform X2 [Spodoptera frugiperda]
TRINITY_DN552_c0_g1_i15.p1	XP_050553309.1	47.792	385	194	6	1	381	149	530	6.02e-123	367	394	569	97	XP_050553309.1 para-nitrobenzyl esterase-like isoform X4 [Spodoptera frugiperda]
TRINITY_DN552_c0_g1_i15.p1	XP_050553308.1	47.792	385	194	6	1	381	149	530	3.95e-122	365	394	569	97	XP_050553308.1 para-nitrobenzyl esterase-like isoform X3 [Spodoptera frugiperda]
TRINITY_DN552_c0_g1_i15.p1	XP_035430695.2	47.792	385	194	6	1	381	162	543	4.56e-122	365	394	582	97	XP_035430695.2 para-nitrobenzyl esterase-like isoform X1 [Spodoptera frugiperda]
TRINITY_DN552_c0_g1_i15.p1	XP_035430264.2	46.684	392	203	5	1	389	148	536	1.18e-118	356	394	562	99	XP_035430264.2 acetylcholinesterase [Spodoptera frugiperda]
TRINITY_DN552_c0_g1_i15.p1	XP_035449424.2	38.287	397	235	6	1	390	155	548	1.22e-88	278	394	556	99	XP_035449424.2 esterase FE4-like [Spodoptera frugiperda]
TRINITY_DN552_c0_g1_i19.p1	XP_035429431.2	69.543	394	111	4	1	387	154	545	0.0	561	394	553	98	XP_035429431.2 cholinesterase 1 isoform X4 [Spodoptera frugiperda]
TRINITY_DN552_c0_g1_i19.p1	XP_050553603.1	70.738	393	108	3	1	387	155	546	0.0	561	394	554	98	XP_050553603.1 cholinesterase 1 isoform X3 [Spodoptera frugiperda]
TRINITY_DN552_c0_g1_i19.p1	XP_035429429.2	70.738	393	108	3	1	387	155	546	0.0	561	394	554	98	XP_035429429.2 cholinesterase 1 isoform X2 [Spodoptera frugiperda]
TRINITY_DN552_c0_g1_i19.p1	XP_035429428.2	71.059	387	105	3	1	381	155	540	0.0	554	394	557	97	XP_035429428.2 cholinesterase 1 isoform X1 [Spodoptera frugiperda]
TRINITY_DN552_c0_g1_i19.p1	XP_050553601.1	70.256	390	106	3	1	381	155	543	0.0	550	394	560	97	XP_050553601.1 para-nitrobenzyl esterase-like [Spodoptera frugiperda]
TRINITY_DN552_c0_g1_i19.p1	XP_035430420.2	66.324	389	126	2	1	385	154	541	0.0	549	394	554	98	XP_035430420.2 cholinesterase 1 [Spodoptera frugiperda]
TRINITY_DN552_c0_g1_i19.p1	XP_035430003.2	66.154	390	130	2	1	389	154	542	0.0	542	394	545	99	XP_035430003.2 esterase FE4-like [Spodoptera frugiperda]
TRINITY_DN552_c0_g1_i19.p1	XP_035430692.2	65.750	400	129	4	1	393	155	553	0.0	538	394	558	99	XP_035430692.2 juvenile hormone esterase-like isoform X1 [Spodoptera frugiperda]
TRINITY_DN552_c0_g1_i19.p1	XP_050553602.1	66.753	388	121	4	1	381	155	541	0.0	532	394	558	97	XP_050553602.1 juvenile hormone esterase-like isoform X2 [Spodoptera frugiperda]
TRINITY_DN552_c0_g1_i19.p1	XP_050553323.1	61.125	391	147	3	1	387	154	543	3.74e-172	493	394	565	98	XP_050553323.1 cholinesterase 1 [Spodoptera frugiperda]
TRINITY_DN552_c0_g1_i19.p1	XP_050553600.1	55.473	402	167	5	1	391	153	553	4.79e-152	441	394	553	99	XP_050553600.1 juvenile hormone esterase-like isoform X4 [Spodoptera frugiperda]
TRINITY_DN552_c0_g1_i19.p1	XP_050553598.1	55.416	397	169	4	1	390	153	548	6.15e-152	441	394	553	99	XP_050553598.1 juvenile hormone esterase-like isoform X2 [Spodoptera frugiperda]
TRINITY_DN552_c0_g1_i19.p1	XP_035430182.2	53.299	394	177	2	1	387	152	545	1.97e-151	439	394	550	98	XP_035430182.2 esterase FE4-like [Spodoptera frugiperda]
TRINITY_DN552_c0_g1_i19.p1	XP_050553599.1	54.478	402	171	5	1	391	153	553	2.22e-151	439	394	553	99	XP_050553599.1 juvenile hormone esterase-like isoform X3 [Spodoptera frugiperda]
TRINITY_DN552_c0_g1_i19.p1	XP_050553597.1	54.478	402	171	5	1	391	153	553	2.64e-151	439	394	553	99	XP_050553597.1 juvenile hormone esterase-like isoform X1 [Spodoptera frugiperda]
TRINITY_DN552_c0_g1_i19.p1	XP_035430694.2	52.185	389	183	3	1	387	153	540	7.23e-145	423	394	550	98	XP_035430694.2 esterase FE4-like [Spodoptera frugiperda]
TRINITY_DN552_c0_g1_i19.p1	XP_035430243.2	50.000	388	189	4	1	385	149	534	9.06e-132	389	394	540	98	XP_035430243.2 para-nitrobenzyl esterase-like [Spodoptera frugiperda]
TRINITY_DN552_c0_g1_i19.p1	XP_035430907.2	49.109	393	193	5	1	389	147	536	3.36e-128	380	394	562	99	XP_035430907.2 cholinesterase 1-like [Spodoptera frugiperda]
TRINITY_DN552_c0_g1_i19.p1	XP_035429320.2	48.312	385	193	5	1	381	148	530	4.99e-124	371	394	594	97	XP_035429320.2 para-nitrobenzyl esterase-like [Spodoptera frugiperda]
TRINITY_DN552_c0_g1_i19.p1	XP_050553307.1	47.792	385	194	6	1	381	149	530	5.52e-123	367	394	569	97	XP_050553307.1 para-nitrobenzyl esterase-like isoform X2 [Spodoptera frugiperda]
TRINITY_DN552_c0_g1_i19.p1	XP_050553309.1	47.792	385	194	6	1	381	149	530	6.02e-123	367	394	569	97	XP_050553309.1 para-nitrobenzyl esterase-like isoform X4 [Spodoptera frugiperda]
TRINITY_DN552_c0_g1_i19.p1	XP_050553308.1	47.792	385	194	6	1	381	149	530	3.95e-122	365	394	569	97	XP_050553308.1 para-nitrobenzyl esterase-like isoform X3 [Spodoptera frugiperda]
TRINITY_DN552_c0_g1_i19.p1	XP_035430695.2	47.792	385	194	6	1	381	162	543	4.56e-122	365	394	582	97	XP_035430695.2 para-nitrobenzyl esterase-like isoform X1 [Spodoptera frugiperda]
TRINITY_DN552_c0_g1_i19.p1	XP_035430264.2	46.684	392	203	5	1	389	148	536	1.18e-118	356	394	562	99	XP_035430264.2 acetylcholinesterase [Spodoptera frugiperda]
TRINITY_DN552_c0_g1_i19.p1	XP_035449424.2	38.287	397	235	6	1	390	155	548	1.22e-88	278	394	556	99	XP_035449424.2 esterase FE4-like [Spodoptera frugiperda]
TRINITY_DN552_c0_g1_i22.p1	XP_035429431.2	69.543	394	111	4	1	387	154	545	0.0	561	394	553	98	XP_035429431.2 cholinesterase 1 isoform X4 [Spodoptera frugiperda]
TRINITY_DN552_c0_g1_i22.p1	XP_050553603.1	70.738	393	108	3	1	387	155	546	0.0	561	394	554	98	XP_050553603.1 cholinesterase 1 isoform X3 [Spodoptera frugiperda]
TRINITY_DN552_c0_g1_i22.p1	XP_035429429.2	70.738	393	108	3	1	387	155	546	0.0	561	394	554	98	XP_035429429.2 cholinesterase 1 isoform X2 [Spodoptera frugiperda]
TRINITY_DN552_c0_g1_i22.p1	XP_035429428.2	71.059	387	105	3	1	381	155	540	0.0	554	394	557	97	XP_035429428.2 cholinesterase 1 isoform X1 [Spodoptera frugiperda]
TRINITY_DN552_c0_g1_i22.p1	XP_050553601.1	70.256	390	106	3	1	381	155	543	0.0	550	394	560	97	XP_050553601.1 para-nitrobenzyl esterase-like [Spodoptera frugiperda]
TRINITY_DN552_c0_g1_i22.p1	XP_035430420.2	66.324	389	126	2	1	385	154	541	0.0	549	394	554	98	XP_035430420.2 cholinesterase 1 [Spodoptera frugiperda]
TRINITY_DN552_c0_g1_i22.p1	XP_035430003.2	66.154	390	130	2	1	389	154	542	0.0	542	394	545	99	XP_035430003.2 esterase FE4-like [Spodoptera frugiperda]
TRINITY_DN552_c0_g1_i22.p1	XP_035430692.2	65.750	400	129	4	1	393	155	553	0.0	538	394	558	99	XP_035430692.2 juvenile hormone esterase-like isoform X1 [Spodoptera frugiperda]
TRINITY_DN552_c0_g1_i22.p1	XP_050553602.1	66.753	388	121	4	1	381	155	541	0.0	532	394	558	97	XP_050553602.1 juvenile hormone esterase-like isoform X2 [Spodoptera frugiperda]
TRINITY_DN552_c0_g1_i22.p1	XP_050553323.1	61.125	391	147	3	1	387	154	543	3.74e-172	493	394	565	98	XP_050553323.1 cholinesterase 1 [Spodoptera frugiperda]
TRINITY_DN552_c0_g1_i22.p1	XP_050553600.1	55.473	402	167	5	1	391	153	553	4.79e-152	441	394	553	99	XP_050553600.1 juvenile hormone esterase-like isoform X4 [Spodoptera frugiperda]
TRINITY_DN552_c0_g1_i22.p1	XP_050553598.1	55.416	397	169	4	1	390	153	548	6.15e-152	441	394	553	99	XP_050553598.1 juvenile hormone esterase-like isoform X2 [Spodoptera frugiperda]
TRINITY_DN552_c0_g1_i22.p1	XP_035430182.2	53.299	394	177	2	1	387	152	545	1.97e-151	439	394	550	98	XP_035430182.2 esterase FE4-like [Spodoptera frugiperda]
TRINITY_DN552_c0_g1_i22.p1	XP_050553599.1	54.478	402	171	5	1	391	153	553	2.22e-151	439	394	553	99	XP_050553599.1 juvenile hormone esterase-like isoform X3 [Spodoptera frugiperda]
TRINITY_DN552_c0_g1_i22.p1	XP_050553597.1	54.478	402	171	5	1	391	153	553	2.64e-151	439	394	553	99	XP_050553597.1 juvenile hormone esterase-like isoform X1 [Spodoptera frugiperda]
TRINITY_DN552_c0_g1_i22.p1	XP_035430694.2	52.185	389	183	3	1	387	153	540	7.23e-145	423	394	550	98	XP_035430694.2 esterase FE4-like [Spodoptera frugiperda]
TRINITY_DN552_c0_g1_i22.p1	XP_035430243.2	50.000	388	189	4	1	385	149	534	9.06e-132	389	394	540	98	XP_035430243.2 para-nitrobenzyl esterase-like [Spodoptera frugiperda]
TRINITY_DN552_c0_g1_i22.p1	XP_035430907.2	49.109	393	193	5	1	389	147	536	3.36e-128	380	394	562	99	XP_035430907.2 cholinesterase 1-like [Spodoptera frugiperda]
TRINITY_DN552_c0_g1_i22.p1	XP_035429320.2	48.312	385	193	5	1	381	148	530	4.99e-124	371	394	594	97	XP_035429320.2 para-nitrobenzyl esterase-like [Spodoptera frugiperda]
TRINITY_DN552_c0_g1_i22.p1	XP_050553307.1	47.792	385	194	6	1	381	149	530	5.52e-123	367	394	569	97	XP_050553307.1 para-nitrobenzyl esterase-like isoform X2 [Spodoptera frugiperda]
TRINITY_DN552_c0_g1_i22.p1	XP_050553309.1	47.792	385	194	6	1	381	149	530	6.02e-123	367	394	569	97	XP_050553309.1 para-nitrobenzyl esterase-like isoform X4 [Spodoptera frugiperda]
TRINITY_DN552_c0_g1_i22.p1	XP_050553308.1	47.792	385	194	6	1	381	149	530	3.95e-122	365	394	569	97	XP_050553308.1 para-nitrobenzyl esterase-like isoform X3 [Spodoptera frugiperda]
TRINITY_DN552_c0_g1_i22.p1	XP_035430695.2	47.792	385	194	6	1	381	162	543	4.56e-122	365	394	582	97	XP_035430695.2 para-nitrobenzyl esterase-like isoform X1 [Spodoptera frugiperda]
TRINITY_DN552_c0_g1_i22.p1	XP_035430264.2	46.684	392	203	5	1	389	148	536	1.18e-118	356	394	562	99	XP_035430264.2 acetylcholinesterase [Spodoptera frugiperda]
TRINITY_DN552_c0_g1_i22.p1	XP_035449424.2	38.287	397	235	6	1	390	155	548	1.22e-88	278	394	556	99	XP_035449424.2 esterase FE4-like [Spodoptera frugiperda]
TRINITY_DN58976_c0_g1_i1.p1	XP_050551513.1	50.517	580	266	9	11	578	6	576	0.0	573	583	589	97	XP_050551513.1 juvenile hormone esterase-like [Spodoptera frugiperda]
TRINITY_DN58976_c0_g1_i1.p1	XP_050551512.1	50.517	580	266	9	11	578	10	580	0.0	573	583	593	97	XP_050551512.1 juvenile hormone esterase-like isoform X3 [Spodoptera frugiperda]
TRINITY_DN58976_c0_g1_i1.p1	XP_035449629.2	50.517	580	266	9	11	578	10	580	0.0	573	583	593	97	XP_035449629.2 juvenile hormone esterase-like isoform X2 [Spodoptera frugiperda]
TRINITY_DN58976_c0_g1_i1.p1	XP_050551514.1	50.345	580	267	9	11	578	6	576	0.0	570	583	589	97	XP_050551514.1 juvenile hormone esterase-like [Spodoptera frugiperda]
TRINITY_DN58976_c0_g1_i1.p1	XP_035449628.2	50.515	582	265	10	11	578	6	578	0.0	569	583	591	97	XP_035449628.2 juvenile hormone esterase-like isoform X4 [Spodoptera frugiperda]
TRINITY_DN58976_c0_g1_i1.p1	XP_050551511.1	50.515	582	265	10	11	578	6	578	0.0	568	583	608	97	XP_050551511.1 juvenile hormone esterase-like isoform X1 [Spodoptera frugiperda]
TRINITY_DN58976_c0_g1_i1.p1	XP_050551517.1	50.345	580	266	10	11	578	6	575	0.0	565	583	587	97	XP_050551517.1 juvenile hormone esterase-like isoform X2 [Spodoptera frugiperda]
TRINITY_DN58976_c0_g1_i1.p1	XP_050551516.1	50.345	580	266	10	11	578	6	575	0.0	565	583	587	97	XP_050551516.1 juvenile hormone esterase-like isoform X1 [Spodoptera frugiperda]
TRINITY_DN58976_c0_g1_i1.p1	XP_035449631.1	49.551	557	266	9	21	575	18	561	0.0	524	583	567	95	XP_035449631.1 juvenile hormone esterase isoform X2 [Spodoptera frugiperda]
TRINITY_DN58976_c0_g1_i1.p1	XP_035449630.1	49.462	558	267	9	20	575	22	566	0.0	523	583	572	95	XP_035449630.1 juvenile hormone esterase isoform X1 [Spodoptera frugiperda]
TRINITY_DN58976_c0_g1_i1.p1	XP_050561842.1	33.267	499	293	14	60	545	22	493	1.38e-76	253	583	528	83	XP_050561842.1 juvenile hormone esterase isoform X4 [Spodoptera frugiperda]
TRINITY_DN58976_c0_g1_i1.p1	XP_050561841.1	33.267	499	293	14	60	545	22	493	1.38e-76	253	583	528	83	XP_050561841.1 juvenile hormone esterase isoform X4 [Spodoptera frugiperda]
TRINITY_DN58976_c0_g1_i1.p1	XP_050561840.1	33.267	499	293	14	60	545	22	493	1.38e-76	253	583	528	83	XP_050561840.1 juvenile hormone esterase isoform X4 [Spodoptera frugiperda]
TRINITY_DN58976_c0_g1_i1.p1	XP_035434295.2	33.267	499	293	14	60	545	35	506	1.51e-76	253	583	541	83	XP_035434295.2 juvenile hormone esterase isoform X2 [Spodoptera frugiperda]
TRINITY_DN58976_c0_g1_i1.p1	XP_035434296.2	33.267	499	293	14	60	545	31	502	1.54e-76	253	583	537	83	XP_035434296.2 juvenile hormone esterase isoform X3 [Spodoptera frugiperda]
TRINITY_DN58976_c0_g1_i1.p1	XP_035434294.2	33.267	499	293	14	60	545	51	522	2.22e-76	253	583	557	83	XP_035434294.2 esterase B1 isoform X1 [Spodoptera frugiperda]
TRINITY_DN58976_c0_g1_i1.p1	XP_035428785.2	30.536	560	340	17	39	582	5	531	5.43e-72	241	583	537	93	XP_035428785.2 juvenile hormone esterase isoform X2 [Spodoptera frugiperda]
TRINITY_DN58976_c0_g1_i1.p1	XP_035428784.2	30.496	564	343	17	35	582	28	558	6.54e-72	241	583	564	94	XP_035428784.2 juvenile hormone esterase isoform X1 [Spodoptera frugiperda]
TRINITY_DN58976_c0_g1_i1.p1	XP_035450368.2	32.458	533	305	18	38	545	2	504	1.81e-71	239	583	538	87	XP_035450368.2 juvenile hormone esterase [Spodoptera frugiperda]
TRINITY_DN58976_c0_g1_i1.p1	XP_035456137.2	28.675	551	334	14	42	575	9	517	2.98e-65	227	583	734	92	XP_035456137.2 juvenile hormone esterase isoform X3 [Spodoptera frugiperda]
TRINITY_DN58976_c0_g1_i1.p1	XP_035456136.2	28.675	551	334	14	42	575	9	517	2.98e-65	227	583	734	92	XP_035456136.2 juvenile hormone esterase isoform X3 [Spodoptera frugiperda]
TRINITY_DN58976_c0_g1_i1.p1	XP_035456135.2	28.675	551	334	14	42	575	25	533	4.56e-65	227	583	750	92	XP_035456135.2 juvenile hormone esterase isoform X2 [Spodoptera frugiperda]
TRINITY_DN58976_c0_g1_i1.p1	XP_035446627.2	31.643	493	299	13	57	538	41	506	1.23e-64	221	583	545	83	XP_035446627.2 juvenile hormone esterase-like [Spodoptera frugiperda]
TRINITY_DN58976_c0_g1_i1.p1	XP_035456134.2	28.675	551	334	14	42	575	119	627	1.85e-64	226	583	844	92	XP_035456134.2 juvenile hormone esterase isoform X1 [Spodoptera frugiperda]
TRINITY_DN58976_c0_g1_i1.p1	XP_035452217.2	30.518	521	316	15	31	531	17	511	1.11e-63	219	583	560	86	XP_035452217.2 juvenile hormone esterase-like [Spodoptera frugiperda]
TRINITY_DN604_c0_g1_i1.p1	XP_035449450.2	58.845	537	219	2	5	541	2	536	0.0	669	547	547	98	XP_035449450.2 esterase FE4-like [Spodoptera frugiperda]
TRINITY_DN604_c0_g1_i1.p1	XP_035449861.2	58.041	541	224	3	6	545	3	541	0.0	655	547	548	99	XP_035449861.2 cholinesterase 2-like [Spodoptera frugiperda]
TRINITY_DN604_c0_g1_i1.p1	XP_050551354.1	58.318	535	221	2	7	541	4	536	0.0	654	547	547	98	XP_050551354.1 esterase FE4-like isoform X2 [Spodoptera frugiperda]
TRINITY_DN604_c0_g1_i1.p1	XP_035449447.2	59.653	518	207	2	24	541	21	536	0.0	653	547	547	95	XP_035449447.2 cholinesterase 2-like [Spodoptera frugiperda]
TRINITY_DN604_c0_g1_i1.p1	XP_050551355.1	57.570	535	225	2	7	541	4	536	0.0	652	547	547	98	XP_050551355.1 esterase FE4-like isoform X3 [Spodoptera frugiperda]
TRINITY_DN604_c0_g1_i1.p1	XP_050551353.1	58.582	536	220	2	6	541	3	536	0.0	646	547	547	98	XP_050551353.1 venom carboxylesterase-6-like isoform X1 [Spodoptera frugiperda]
TRINITY_DN604_c0_g1_i1.p1	XP_050551352.1	57.649	536	224	3	7	541	4	537	0.0	637	547	548	98	XP_050551352.1 cholinesterase 2-like [Spodoptera frugiperda]
TRINITY_DN604_c0_g1_i1.p1	XP_035449830.2	55.327	535	236	3	10	543	1	533	0.0	625	547	549	98	XP_035449830.2 cholinesterase 2-like [Spodoptera frugiperda]
TRINITY_DN604_c0_g1_i1.p1	XP_035449863.2	56.030	539	232	4	5	541	2	537	0.0	617	547	549	98	XP_035449863.2 juvenile hormone esterase-like [Spodoptera frugiperda]
TRINITY_DN604_c0_g1_i1.p1	XP_050551626.1	56.673	547	229	7	5	546	549	1092	0.0	614	547	1092	99	XP_050551626.1 uncharacterized protein LOC118275740 [Spodoptera frugiperda]
TRINITY_DN604_c0_g1_i1.p1	XP_050551626.1	52.593	540	237	3	10	545	1	525	0.0	583	547	1092	99	XP_050551626.1 uncharacterized protein LOC118275740 [Spodoptera frugiperda]
TRINITY_DN604_c0_g1_i1.p1	XP_035449880.2	48.184	523	246	6	32	545	42	548	6.64e-171	496	547	590	94	XP_035449880.2 para-nitrobenzyl esterase-like [Spodoptera frugiperda]
TRINITY_DN604_c0_g1_i1.p1	XP_035450352.2	45.856	543	274	9	13	546	9	540	2.59e-161	471	547	547	98	XP_035450352.2 bile salt-activated lipase [Spodoptera frugiperda]
TRINITY_DN604_c0_g1_i1.p1	XP_035432002.2	45.747	529	266	8	26	543	21	539	1.93e-157	461	547	543	95	XP_035432002.2 cholinesterase 2-like [Spodoptera frugiperda]
TRINITY_DN604_c0_g1_i1.p1	XP_035450363.2	42.857	546	295	7	9	546	3	539	5.16e-154	453	547	570	98	XP_035450363.2 esterase B1-like [Spodoptera frugiperda]
TRINITY_DN604_c0_g1_i1.p1	XP_035430306.2	43.866	538	278	13	10	541	5	524	9.27e-151	443	547	534	97	XP_035430306.2 bile salt-activated lipase [Spodoptera frugiperda]
TRINITY_DN604_c0_g1_i1.p1	XP_035451694.2	40.037	537	297	10	10	541	1	517	6.44e-130	389	547	521	97	XP_035451694.2 juvenile hormone esterase-like [Spodoptera frugiperda]
TRINITY_DN604_c0_g1_i1.p1	XP_035431398.2	40.000	535	271	14	8	531	6	501	3.28e-121	366	547	501	96	XP_035431398.2 juvenile hormone esterase-like [Spodoptera frugiperda]
TRINITY_DN604_c0_g1_i1.p1	XP_035451693.2	38.632	541	303	14	8	541	2	520	9.04e-116	353	547	528	98	XP_035451693.2 juvenile hormone esterase [Spodoptera frugiperda]
TRINITY_DN604_c0_g1_i1.p1	XP_050550706.1	36.909	550	315	16	11	545	13	545	4.12e-100	313	547	545	98	XP_050550706.1 cholinesterase 2-like [Spodoptera frugiperda]
TRINITY_DN604_c0_g1_i1.p1	XP_050550705.1	36.909	550	315	16	11	545	13	545	4.12e-100	313	547	545	98	XP_050550705.1 cholinesterase 2-like [Spodoptera frugiperda]
TRINITY_DN604_c0_g1_i1.p1	XP_035459067.2	35.674	527	319	13	31	546	23	540	3.14e-98	308	547	546	94	XP_035459067.2 bile salt-activated lipase [Spodoptera frugiperda]
TRINITY_DN604_c0_g1_i1.p1	XP_035446627.2	38.140	527	297	15	12	521	7	521	2.10e-96	304	547	545	93	XP_035446627.2 juvenile hormone esterase-like [Spodoptera frugiperda]
TRINITY_DN604_c0_g1_i1.p1	XP_035457497.2	36.832	543	292	19	10	542	5	506	7.97e-95	299	547	522	97	XP_035457497.2 cholinesterase 1 [Spodoptera frugiperda]
TRINITY_DN604_c0_g1_i1.p1	XP_035435396.2	33.029	548	339	13	10	541	1	536	7.61e-91	290	547	560	97	XP_035435396.2 juvenile hormone esterase isoform X2 [Spodoptera frugiperda]
TRINITY_DN604_c0_g1_i1.p1	XP_035435395.2	33.029	548	339	13	10	541	1	536	7.61e-91	290	547	560	97	XP_035435395.2 juvenile hormone esterase isoform X2 [Spodoptera frugiperda]
TRINITY_DN604_c0_g1_i10.p1	XP_035449450.2	63.187	546	193	6	5	546	2	543	0.0	711	548	547	99	XP_035449450.2 esterase FE4-like [Spodoptera frugiperda]
TRINITY_DN604_c0_g1_i10.p1	XP_050551354.1	62.684	544	195	6	7	546	4	543	0.0	696	548	547	99	XP_050551354.1 esterase FE4-like isoform X2 [Spodoptera frugiperda]
TRINITY_DN604_c0_g1_i10.p1	XP_050551355.1	61.510	543	203	4	7	546	4	543	0.0	696	548	547	99	XP_050551355.1 esterase FE4-like isoform X3 [Spodoptera frugiperda]
TRINITY_DN604_c0_g1_i10.p1	XP_035449861.2	61.710	538	202	4	6	542	3	537	0.0	695	548	548	98	XP_035449861.2 cholinesterase 2-like [Spodoptera frugiperda]
TRINITY_DN604_c0_g1_i10.p1	XP_050551353.1	62.936	545	194	6	6	546	3	543	0.0	689	548	547	99	XP_050551353.1 venom carboxylesterase-6-like isoform X1 [Spodoptera frugiperda]
TRINITY_DN604_c0_g1_i10.p1	XP_050551352.1	60.846	544	206	5	7	546	4	544	0.0	677	548	548	99	XP_050551352.1 cholinesterase 2-like [Spodoptera frugiperda]
TRINITY_DN604_c0_g1_i10.p1	XP_035449447.2	62.042	519	194	3	24	542	21	536	0.0	677	548	547	95	XP_035449447.2 cholinesterase 2-like [Spodoptera frugiperda]
TRINITY_DN604_c0_g1_i10.p1	XP_035449830.2	57.570	535	223	4	10	543	1	532	0.0	633	548	549	97	XP_035449830.2 cholinesterase 2-like [Spodoptera frugiperda]
TRINITY_DN604_c0_g1_i10.p1	XP_035449863.2	56.772	539	229	3	5	542	2	537	0.0	621	548	549	98	XP_035449863.2 juvenile hormone esterase-like [Spodoptera frugiperda]
TRINITY_DN604_c0_g1_i10.p1	XP_050551626.1	56.490	547	229	8	5	546	549	1091	0.0	613	548	1092	99	XP_050551626.1 uncharacterized protein LOC118275740 [Spodoptera frugiperda]
TRINITY_DN604_c0_g1_i10.p1	XP_050551626.1	53.974	541	229	4	10	546	1	525	0.0	602	548	1092	99	XP_050551626.1 uncharacterized protein LOC118275740 [Spodoptera frugiperda]
TRINITY_DN604_c0_g1_i10.p1	XP_035449880.2	49.237	524	240	8	32	546	42	548	1.13e-173	504	548	590	94	XP_035449880.2 para-nitrobenzyl esterase-like [Spodoptera frugiperda]
TRINITY_DN604_c0_g1_i10.p1	XP_035450352.2	47.417	542	256	9	13	541	9	534	3.62e-169	491	548	547	97	XP_035450352.2 bile salt-activated lipase [Spodoptera frugiperda]
TRINITY_DN604_c0_g1_i10.p1	XP_035432002.2	46.516	531	258	8	26	543	21	538	4.91e-166	483	548	543	95	XP_035432002.2 cholinesterase 2-like [Spodoptera frugiperda]
TRINITY_DN604_c0_g1_i10.p1	XP_035450363.2	44.023	527	281	6	23	544	19	536	3.11e-154	453	548	570	95	XP_035450363.2 esterase B1-like [Spodoptera frugiperda]
TRINITY_DN604_c0_g1_i10.p1	XP_035430306.2	44.527	539	274	13	10	542	5	524	2.70e-152	447	548	534	97	XP_035430306.2 bile salt-activated lipase [Spodoptera frugiperda]
TRINITY_DN604_c0_g1_i10.p1	XP_035451694.2	39.703	539	301	11	10	544	1	519	3.83e-129	387	548	521	98	XP_035451694.2 juvenile hormone esterase-like [Spodoptera frugiperda]
TRINITY_DN604_c0_g1_i10.p1	XP_035431398.2	40.112	536	270	13	8	532	6	501	3.43e-126	379	548	501	96	XP_035431398.2 juvenile hormone esterase-like [Spodoptera frugiperda]
TRINITY_DN604_c0_g1_i10.p1	XP_035451693.2	39.042	543	303	15	8	544	2	522	3.95e-113	347	548	528	98	XP_035451693.2 juvenile hormone esterase [Spodoptera frugiperda]
TRINITY_DN604_c0_g1_i10.p1	XP_050550706.1	35.780	545	329	14	11	546	13	545	2.08e-102	319	548	545	98	XP_050550706.1 cholinesterase 2-like [Spodoptera frugiperda]
TRINITY_DN604_c0_g1_i10.p1	XP_050550705.1	35.780	545	329	14	11	546	13	545	2.08e-102	319	548	545	98	XP_050550705.1 cholinesterase 2-like [Spodoptera frugiperda]
TRINITY_DN604_c0_g1_i10.p1	XP_035457497.2	38.122	543	288	19	10	544	5	507	3.20e-102	318	548	522	98	XP_035457497.2 cholinesterase 1 [Spodoptera frugiperda]
TRINITY_DN604_c0_g1_i10.p1	XP_035459067.2	35.260	519	323	11	31	542	23	535	8.22e-97	305	548	546	93	XP_035459067.2 bile salt-activated lipase [Spodoptera frugiperda]
TRINITY_DN604_c0_g1_i10.p1	XP_035446627.2	36.197	547	322	16	12	542	7	542	3.80e-96	303	548	545	97	XP_035446627.2 juvenile hormone esterase-like [Spodoptera frugiperda]
TRINITY_DN604_c0_g1_i10.p1	XP_035435396.2	34.838	554	332	16	10	547	1	541	2.05e-95	301	548	560	98	XP_035435396.2 juvenile hormone esterase isoform X2 [Spodoptera frugiperda]
TRINITY_DN604_c0_g1_i10.p1	XP_035435395.2	34.838	554	332	16	10	547	1	541	2.05e-95	301	548	560	98	XP_035435395.2 juvenile hormone esterase isoform X2 [Spodoptera frugiperda]
TRINITY_DN604_c0_g1_i13.p1	XP_035449450.2	59.559	544	215	3	5	545	2	543	0.0	680	547	547	99	XP_035449450.2 esterase FE4-like [Spodoptera frugiperda]
TRINITY_DN604_c0_g1_i13.p1	XP_035449861.2	59.218	537	216	3	6	541	3	537	0.0	665	547	548	98	XP_035449861.2 cholinesterase 2-like [Spodoptera frugiperda]
TRINITY_DN604_c0_g1_i13.p1	XP_050551354.1	59.041	542	217	3	7	545	4	543	0.0	665	547	547	99	XP_050551354.1 esterase FE4-like isoform X2 [Spodoptera frugiperda]
TRINITY_DN604_c0_g1_i13.p1	XP_035449447.2	60.618	518	202	2	24	541	21	536	0.0	665	547	547	95	XP_035449447.2 cholinesterase 2-like [Spodoptera frugiperda]
TRINITY_DN604_c0_g1_i13.p1	XP_050551355.1	58.303	542	221	3	7	545	4	543	0.0	664	547	547	99	XP_050551355.1 esterase FE4-like isoform X3 [Spodoptera frugiperda]
TRINITY_DN604_c0_g1_i13.p1	XP_050551353.1	59.300	543	216	3	6	545	3	543	0.0	657	547	547	99	XP_050551353.1 venom carboxylesterase-6-like isoform X1 [Spodoptera frugiperda]
TRINITY_DN604_c0_g1_i13.p1	XP_050551352.1	58.379	543	220	4	7	545	4	544	0.0	649	547	548	99	XP_050551352.1 cholinesterase 2-like [Spodoptera frugiperda]
TRINITY_DN604_c0_g1_i13.p1	XP_035449830.2	56.367	534	230	3	10	542	1	532	0.0	636	547	549	97	XP_035449830.2 cholinesterase 2-like [Spodoptera frugiperda]
TRINITY_DN604_c0_g1_i13.p1	XP_035449863.2	56.586	539	229	4	5	541	2	537	0.0	623	547	549	98	XP_035449863.2 juvenile hormone esterase-like [Spodoptera frugiperda]
TRINITY_DN604_c0_g1_i13.p1	XP_050551626.1	56.593	546	229	7	5	545	549	1091	0.0	617	547	1092	99	XP_050551626.1 uncharacterized protein LOC118275740 [Spodoptera frugiperda]
TRINITY_DN604_c0_g1_i13.p1	XP_050551626.1	52.407	540	238	3	10	545	1	525	0.0	584	547	1092	99	XP_050551626.1 uncharacterized protein LOC118275740 [Spodoptera frugiperda]
TRINITY_DN604_c0_g1_i13.p1	XP_035449880.2	47.701	522	250	4	32	545	42	548	1.97e-170	495	547	590	94	XP_035449880.2 para-nitrobenzyl esterase-like [Spodoptera frugiperda]
TRINITY_DN604_c0_g1_i13.p1	XP_035450352.2	46.182	537	269	9	13	540	9	534	2.28e-162	473	547	547	97	XP_035450352.2 bile salt-activated lipase [Spodoptera frugiperda]
TRINITY_DN604_c0_g1_i13.p1	XP_035432002.2	46.023	528	264	8	26	542	21	538	2.13e-160	468	547	543	95	XP_035432002.2 cholinesterase 2-like [Spodoptera frugiperda]
TRINITY_DN604_c0_g1_i13.p1	XP_035450363.2	43.094	543	292	7	9	543	3	536	8.35e-155	455	547	570	98	XP_035450363.2 esterase B1-like [Spodoptera frugiperda]
TRINITY_DN604_c0_g1_i13.p1	XP_035430306.2	44.238	538	276	13	10	541	5	524	6.57e-152	446	547	534	97	XP_035430306.2 bile salt-activated lipase [Spodoptera frugiperda]
TRINITY_DN604_c0_g1_i13.p1	XP_035451694.2	39.703	539	300	10	10	543	1	519	1.26e-130	391	547	521	98	XP_035451694.2 juvenile hormone esterase-like [Spodoptera frugiperda]
TRINITY_DN604_c0_g1_i13.p1	XP_035431398.2	40.187	535	270	14	8	531	6	501	3.10e-123	372	547	501	96	XP_035431398.2 juvenile hormone esterase-like [Spodoptera frugiperda]
TRINITY_DN604_c0_g1_i13.p1	XP_035451693.2	38.306	543	306	14	8	543	2	522	1.55e-116	355	547	528	98	XP_035451693.2 juvenile hormone esterase [Spodoptera frugiperda]
TRINITY_DN604_c0_g1_i13.p1	XP_050550706.1	36.909	550	315	16	11	545	13	545	5.57e-101	316	547	545	98	XP_050550706.1 cholinesterase 2-like [Spodoptera frugiperda]
TRINITY_DN604_c0_g1_i13.p1	XP_050550705.1	36.909	550	315	16	11	545	13	545	5.57e-101	316	547	545	98	XP_050550705.1 cholinesterase 2-like [Spodoptera frugiperda]
TRINITY_DN604_c0_g1_i13.p1	XP_035459067.2	36.015	522	314	13	31	541	23	535	1.61e-99	312	547	546	93	XP_035459067.2 bile salt-activated lipase [Spodoptera frugiperda]
TRINITY_DN604_c0_g1_i13.p1	XP_035446627.2	37.774	548	311	16	12	541	7	542	5.41e-99	310	547	545	97	XP_035446627.2 juvenile hormone esterase-like [Spodoptera frugiperda]
TRINITY_DN604_c0_g1_i13.p1	XP_035457497.2	36.949	544	292	19	10	543	5	507	5.45e-98	307	547	522	98	XP_035457497.2 cholinesterase 1 [Spodoptera frugiperda]
TRINITY_DN604_c0_g1_i13.p1	XP_035435396.2	33.273	553	341	13	10	546	1	541	4.61e-93	295	547	560	98	XP_035435396.2 juvenile hormone esterase isoform X2 [Spodoptera frugiperda]
TRINITY_DN604_c0_g1_i13.p1	XP_035435395.2	33.273	553	341	13	10	546	1	541	4.61e-93	295	547	560	98	XP_035435395.2 juvenile hormone esterase isoform X2 [Spodoptera frugiperda]
TRINITY_DN604_c0_g1_i15.p1	XP_035449450.2	59.559	544	215	3	5	545	2	543	0.0	680	547	547	99	XP_035449450.2 esterase FE4-like [Spodoptera frugiperda]
TRINITY_DN604_c0_g1_i15.p1	XP_035449861.2	59.218	537	216	3	6	541	3	537	0.0	665	547	548	98	XP_035449861.2 cholinesterase 2-like [Spodoptera frugiperda]
TRINITY_DN604_c0_g1_i15.p1	XP_050551354.1	59.041	542	217	3	7	545	4	543	0.0	665	547	547	99	XP_050551354.1 esterase FE4-like isoform X2 [Spodoptera frugiperda]
TRINITY_DN604_c0_g1_i15.p1	XP_035449447.2	60.618	518	202	2	24	541	21	536	0.0	665	547	547	95	XP_035449447.2 cholinesterase 2-like [Spodoptera frugiperda]
TRINITY_DN604_c0_g1_i15.p1	XP_050551355.1	58.303	542	221	3	7	545	4	543	0.0	664	547	547	99	XP_050551355.1 esterase FE4-like isoform X3 [Spodoptera frugiperda]
TRINITY_DN604_c0_g1_i15.p1	XP_050551353.1	59.300	543	216	3	6	545	3	543	0.0	657	547	547	99	XP_050551353.1 venom carboxylesterase-6-like isoform X1 [Spodoptera frugiperda]
TRINITY_DN604_c0_g1_i15.p1	XP_050551352.1	58.379	543	220	4	7	545	4	544	0.0	649	547	548	99	XP_050551352.1 cholinesterase 2-like [Spodoptera frugiperda]
TRINITY_DN604_c0_g1_i15.p1	XP_035449830.2	56.367	534	230	3	10	542	1	532	0.0	636	547	549	97	XP_035449830.2 cholinesterase 2-like [Spodoptera frugiperda]
TRINITY_DN604_c0_g1_i15.p1	XP_035449863.2	56.586	539	229	4	5	541	2	537	0.0	623	547	549	98	XP_035449863.2 juvenile hormone esterase-like [Spodoptera frugiperda]
TRINITY_DN604_c0_g1_i15.p1	XP_050551626.1	56.593	546	229	7	5	545	549	1091	0.0	617	547	1092	99	XP_050551626.1 uncharacterized protein LOC118275740 [Spodoptera frugiperda]
TRINITY_DN604_c0_g1_i15.p1	XP_050551626.1	52.407	540	238	3	10	545	1	525	0.0	584	547	1092	99	XP_050551626.1 uncharacterized protein LOC118275740 [Spodoptera frugiperda]
TRINITY_DN604_c0_g1_i15.p1	XP_035449880.2	47.701	522	250	4	32	545	42	548	1.97e-170	495	547	590	94	XP_035449880.2 para-nitrobenzyl esterase-like [Spodoptera frugiperda]
TRINITY_DN604_c0_g1_i15.p1	XP_035450352.2	46.182	537	269	9	13	540	9	534	2.28e-162	473	547	547	97	XP_035450352.2 bile salt-activated lipase [Spodoptera frugiperda]
TRINITY_DN604_c0_g1_i15.p1	XP_035432002.2	46.023	528	264	8	26	542	21	538	2.13e-160	468	547	543	95	XP_035432002.2 cholinesterase 2-like [Spodoptera frugiperda]
TRINITY_DN604_c0_g1_i15.p1	XP_035450363.2	43.094	543	292	7	9	543	3	536	8.35e-155	455	547	570	98	XP_035450363.2 esterase B1-like [Spodoptera frugiperda]
TRINITY_DN604_c0_g1_i15.p1	XP_035430306.2	44.238	538	276	13	10	541	5	524	6.57e-152	446	547	534	97	XP_035430306.2 bile salt-activated lipase [Spodoptera frugiperda]
TRINITY_DN604_c0_g1_i15.p1	XP_035451694.2	39.703	539	300	10	10	543	1	519	1.26e-130	391	547	521	98	XP_035451694.2 juvenile hormone esterase-like [Spodoptera frugiperda]
TRINITY_DN604_c0_g1_i15.p1	XP_035431398.2	40.187	535	270	14	8	531	6	501	3.10e-123	372	547	501	96	XP_035431398.2 juvenile hormone esterase-like [Spodoptera frugiperda]
TRINITY_DN604_c0_g1_i15.p1	XP_035451693.2	38.306	543	306	14	8	543	2	522	1.55e-116	355	547	528	98	XP_035451693.2 juvenile hormone esterase [Spodoptera frugiperda]
TRINITY_DN604_c0_g1_i15.p1	XP_050550706.1	36.909	550	315	16	11	545	13	545	5.57e-101	316	547	545	98	XP_050550706.1 cholinesterase 2-like [Spodoptera frugiperda]
TRINITY_DN604_c0_g1_i15.p1	XP_050550705.1	36.909	550	315	16	11	545	13	545	5.57e-101	316	547	545	98	XP_050550705.1 cholinesterase 2-like [Spodoptera frugiperda]
TRINITY_DN604_c0_g1_i15.p1	XP_035459067.2	36.015	522	314	13	31	541	23	535	1.61e-99	312	547	546	93	XP_035459067.2 bile salt-activated lipase [Spodoptera frugiperda]
TRINITY_DN604_c0_g1_i15.p1	XP_035446627.2	37.774	548	311	16	12	541	7	542	5.41e-99	310	547	545	97	XP_035446627.2 juvenile hormone esterase-like [Spodoptera frugiperda]
TRINITY_DN604_c0_g1_i15.p1	XP_035457497.2	36.949	544	292	19	10	543	5	507	5.45e-98	307	547	522	98	XP_035457497.2 cholinesterase 1 [Spodoptera frugiperda]
TRINITY_DN604_c0_g1_i15.p1	XP_035435396.2	33.273	553	341	13	10	546	1	541	4.61e-93	295	547	560	98	XP_035435396.2 juvenile hormone esterase isoform X2 [Spodoptera frugiperda]
TRINITY_DN604_c0_g1_i15.p1	XP_035435395.2	33.273	553	341	13	10	546	1	541	4.61e-93	295	547	560	98	XP_035435395.2 juvenile hormone esterase isoform X2 [Spodoptera frugiperda]
TRINITY_DN604_c0_g1_i18.p1	XP_035449450.2	63.187	546	193	6	5	546	2	543	0.0	711	548	547	99	XP_035449450.2 esterase FE4-like [Spodoptera frugiperda]
TRINITY_DN604_c0_g1_i18.p1	XP_050551354.1	62.684	544	195	6	7	546	4	543	0.0	696	548	547	99	XP_050551354.1 esterase FE4-like isoform X2 [Spodoptera frugiperda]
TRINITY_DN604_c0_g1_i18.p1	XP_050551355.1	61.510	543	203	4	7	546	4	543	0.0	696	548	547	99	XP_050551355.1 esterase FE4-like isoform X3 [Spodoptera frugiperda]
TRINITY_DN604_c0_g1_i18.p1	XP_035449861.2	61.710	538	202	4	6	542	3	537	0.0	695	548	548	98	XP_035449861.2 cholinesterase 2-like [Spodoptera frugiperda]
TRINITY_DN604_c0_g1_i18.p1	XP_050551353.1	62.936	545	194	6	6	546	3	543	0.0	689	548	547	99	XP_050551353.1 venom carboxylesterase-6-like isoform X1 [Spodoptera frugiperda]
TRINITY_DN604_c0_g1_i18.p1	XP_050551352.1	60.846	544	206	5	7	546	4	544	0.0	677	548	548	99	XP_050551352.1 cholinesterase 2-like [Spodoptera frugiperda]
TRINITY_DN604_c0_g1_i18.p1	XP_035449447.2	62.042	519	194	3	24	542	21	536	0.0	677	548	547	95	XP_035449447.2 cholinesterase 2-like [Spodoptera frugiperda]
TRINITY_DN604_c0_g1_i18.p1	XP_035449830.2	57.570	535	223	4	10	543	1	532	0.0	633	548	549	97	XP_035449830.2 cholinesterase 2-like [Spodoptera frugiperda]
TRINITY_DN604_c0_g1_i18.p1	XP_035449863.2	56.772	539	229	3	5	542	2	537	0.0	621	548	549	98	XP_035449863.2 juvenile hormone esterase-like [Spodoptera frugiperda]
TRINITY_DN604_c0_g1_i18.p1	XP_050551626.1	56.490	547	229	8	5	546	549	1091	0.0	613	548	1092	99	XP_050551626.1 uncharacterized protein LOC118275740 [Spodoptera frugiperda]
TRINITY_DN604_c0_g1_i18.p1	XP_050551626.1	53.974	541	229	4	10	546	1	525	0.0	602	548	1092	99	XP_050551626.1 uncharacterized protein LOC118275740 [Spodoptera frugiperda]
TRINITY_DN604_c0_g1_i18.p1	XP_035449880.2	49.237	524	240	8	32	546	42	548	1.13e-173	504	548	590	94	XP_035449880.2 para-nitrobenzyl esterase-like [Spodoptera frugiperda]
TRINITY_DN604_c0_g1_i18.p1	XP_035450352.2	47.417	542	256	9	13	541	9	534	3.62e-169	491	548	547	97	XP_035450352.2 bile salt-activated lipase [Spodoptera frugiperda]
TRINITY_DN604_c0_g1_i18.p1	XP_035432002.2	46.516	531	258	8	26	543	21	538	4.91e-166	483	548	543	95	XP_035432002.2 cholinesterase 2-like [Spodoptera frugiperda]
TRINITY_DN604_c0_g1_i18.p1	XP_035450363.2	44.023	527	281	6	23	544	19	536	3.11e-154	453	548	570	95	XP_035450363.2 esterase B1-like [Spodoptera frugiperda]
TRINITY_DN604_c0_g1_i18.p1	XP_035430306.2	44.527	539	274	13	10	542	5	524	2.70e-152	447	548	534	97	XP_035430306.2 bile salt-activated lipase [Spodoptera frugiperda]
TRINITY_DN604_c0_g1_i18.p1	XP_035451694.2	39.703	539	301	11	10	544	1	519	3.83e-129	387	548	521	98	XP_035451694.2 juvenile hormone esterase-like [Spodoptera frugiperda]
TRINITY_DN604_c0_g1_i18.p1	XP_035431398.2	40.112	536	270	13	8	532	6	501	3.43e-126	379	548	501	96	XP_035431398.2 juvenile hormone esterase-like [Spodoptera frugiperda]
TRINITY_DN604_c0_g1_i18.p1	XP_035451693.2	39.042	543	303	15	8	544	2	522	3.95e-113	347	548	528	98	XP_035451693.2 juvenile hormone esterase [Spodoptera frugiperda]
TRINITY_DN604_c0_g1_i18.p1	XP_050550706.1	35.780	545	329	14	11	546	13	545	2.08e-102	319	548	545	98	XP_050550706.1 cholinesterase 2-like [Spodoptera frugiperda]
TRINITY_DN604_c0_g1_i18.p1	XP_050550705.1	35.780	545	329	14	11	546	13	545	2.08e-102	319	548	545	98	XP_050550705.1 cholinesterase 2-like [Spodoptera frugiperda]
TRINITY_DN604_c0_g1_i18.p1	XP_035457497.2	38.122	543	288	19	10	544	5	507	3.20e-102	318	548	522	98	XP_035457497.2 cholinesterase 1 [Spodoptera frugiperda]
TRINITY_DN604_c0_g1_i18.p1	XP_035459067.2	35.260	519	323	11	31	542	23	535	8.22e-97	305	548	546	93	XP_035459067.2 bile salt-activated lipase [Spodoptera frugiperda]
TRINITY_DN604_c0_g1_i18.p1	XP_035446627.2	36.197	547	322	16	12	542	7	542	3.80e-96	303	548	545	97	XP_035446627.2 juvenile hormone esterase-like [Spodoptera frugiperda]
TRINITY_DN604_c0_g1_i18.p1	XP_035435396.2	34.838	554	332	16	10	547	1	541	2.05e-95	301	548	560	98	XP_035435396.2 juvenile hormone esterase isoform X2 [Spodoptera frugiperda]
TRINITY_DN604_c0_g1_i18.p1	XP_035435395.2	34.838	554	332	16	10	547	1	541	2.05e-95	301	548	560	98	XP_035435395.2 juvenile hormone esterase isoform X2 [Spodoptera frugiperda]
TRINITY_DN604_c0_g1_i2.p1	XP_035449450.2	63.187	546	193	6	5	546	2	543	0.0	711	548	547	99	XP_035449450.2 esterase FE4-like [Spodoptera frugiperda]
TRINITY_DN604_c0_g1_i2.p1	XP_050551354.1	62.684	544	195	6	7	546	4	543	0.0	696	548	547	99	XP_050551354.1 esterase FE4-like isoform X2 [Spodoptera frugiperda]
TRINITY_DN604_c0_g1_i2.p1	XP_050551355.1	61.510	543	203	4	7	546	4	543	0.0	696	548	547	99	XP_050551355.1 esterase FE4-like isoform X3 [Spodoptera frugiperda]
TRINITY_DN604_c0_g1_i2.p1	XP_035449861.2	61.710	538	202	4	6	542	3	537	0.0	695	548	548	98	XP_035449861.2 cholinesterase 2-like [Spodoptera frugiperda]
TRINITY_DN604_c0_g1_i2.p1	XP_050551353.1	62.936	545	194	6	6	546	3	543	0.0	689	548	547	99	XP_050551353.1 venom carboxylesterase-6-like isoform X1 [Spodoptera frugiperda]
TRINITY_DN604_c0_g1_i2.p1	XP_050551352.1	60.846	544	206	5	7	546	4	544	0.0	677	548	548	99	XP_050551352.1 cholinesterase 2-like [Spodoptera frugiperda]
TRINITY_DN604_c0_g1_i2.p1	XP_035449447.2	62.042	519	194	3	24	542	21	536	0.0	677	548	547	95	XP_035449447.2 cholinesterase 2-like [Spodoptera frugiperda]
TRINITY_DN604_c0_g1_i2.p1	XP_035449830.2	57.570	535	223	4	10	543	1	532	0.0	633	548	549	97	XP_035449830.2 cholinesterase 2-like [Spodoptera frugiperda]
TRINITY_DN604_c0_g1_i2.p1	XP_035449863.2	56.772	539	229	3	5	542	2	537	0.0	621	548	549	98	XP_035449863.2 juvenile hormone esterase-like [Spodoptera frugiperda]
TRINITY_DN604_c0_g1_i2.p1	XP_050551626.1	56.490	547	229	8	5	546	549	1091	0.0	613	548	1092	99	XP_050551626.1 uncharacterized protein LOC118275740 [Spodoptera frugiperda]
TRINITY_DN604_c0_g1_i2.p1	XP_050551626.1	53.974	541	229	4	10	546	1	525	0.0	602	548	1092	99	XP_050551626.1 uncharacterized protein LOC118275740 [Spodoptera frugiperda]
TRINITY_DN604_c0_g1_i2.p1	XP_035449880.2	49.237	524	240	8	32	546	42	548	1.13e-173	504	548	590	94	XP_035449880.2 para-nitrobenzyl esterase-like [Spodoptera frugiperda]
TRINITY_DN604_c0_g1_i2.p1	XP_035450352.2	47.417	542	256	9	13	541	9	534	3.62e-169	491	548	547	97	XP_035450352.2 bile salt-activated lipase [Spodoptera frugiperda]
TRINITY_DN604_c0_g1_i2.p1	XP_035432002.2	46.516	531	258	8	26	543	21	538	4.91e-166	483	548	543	95	XP_035432002.2 cholinesterase 2-like [Spodoptera frugiperda]
TRINITY_DN604_c0_g1_i2.p1	XP_035450363.2	44.023	527	281	6	23	544	19	536	3.11e-154	453	548	570	95	XP_035450363.2 esterase B1-like [Spodoptera frugiperda]
TRINITY_DN604_c0_g1_i2.p1	XP_035430306.2	44.527	539	274	13	10	542	5	524	2.70e-152	447	548	534	97	XP_035430306.2 bile salt-activated lipase [Spodoptera frugiperda]
TRINITY_DN604_c0_g1_i2.p1	XP_035451694.2	39.703	539	301	11	10	544	1	519	3.83e-129	387	548	521	98	XP_035451694.2 juvenile hormone esterase-like [Spodoptera frugiperda]
TRINITY_DN604_c0_g1_i2.p1	XP_035431398.2	40.112	536	270	13	8	532	6	501	3.43e-126	379	548	501	96	XP_035431398.2 juvenile hormone esterase-like [Spodoptera frugiperda]
TRINITY_DN604_c0_g1_i2.p1	XP_035451693.2	39.042	543	303	15	8	544	2	522	3.95e-113	347	548	528	98	XP_035451693.2 juvenile hormone esterase [Spodoptera frugiperda]
TRINITY_DN604_c0_g1_i2.p1	XP_050550706.1	35.780	545	329	14	11	546	13	545	2.08e-102	319	548	545	98	XP_050550706.1 cholinesterase 2-like [Spodoptera frugiperda]
TRINITY_DN604_c0_g1_i2.p1	XP_050550705.1	35.780	545	329	14	11	546	13	545	2.08e-102	319	548	545	98	XP_050550705.1 cholinesterase 2-like [Spodoptera frugiperda]
TRINITY_DN604_c0_g1_i2.p1	XP_035457497.2	38.122	543	288	19	10	544	5	507	3.20e-102	318	548	522	98	XP_035457497.2 cholinesterase 1 [Spodoptera frugiperda]
TRINITY_DN604_c0_g1_i2.p1	XP_035459067.2	35.260	519	323	11	31	542	23	535	8.22e-97	305	548	546	93	XP_035459067.2 bile salt-activated lipase [Spodoptera frugiperda]
TRINITY_DN604_c0_g1_i2.p1	XP_035446627.2	36.197	547	322	16	12	542	7	542	3.80e-96	303	548	545	97	XP_035446627.2 juvenile hormone esterase-like [Spodoptera frugiperda]
TRINITY_DN604_c0_g1_i2.p1	XP_035435396.2	34.838	554	332	16	10	547	1	541	2.05e-95	301	548	560	98	XP_035435396.2 juvenile hormone esterase isoform X2 [Spodoptera frugiperda]
TRINITY_DN604_c0_g1_i2.p1	XP_035435395.2	34.838	554	332	16	10	547	1	541	2.05e-95	301	548	560	98	XP_035435395.2 juvenile hormone esterase isoform X2 [Spodoptera frugiperda]
TRINITY_DN604_c0_g1_i3.p1	XP_035449450.2	63.187	546	193	6	5	546	2	543	0.0	711	548	547	99	XP_035449450.2 esterase FE4-like [Spodoptera frugiperda]
TRINITY_DN604_c0_g1_i3.p1	XP_050551354.1	62.684	544	195	6	7	546	4	543	0.0	696	548	547	99	XP_050551354.1 esterase FE4-like isoform X2 [Spodoptera frugiperda]
TRINITY_DN604_c0_g1_i3.p1	XP_050551355.1	61.510	543	203	4	7	546	4	543	0.0	696	548	547	99	XP_050551355.1 esterase FE4-like isoform X3 [Spodoptera frugiperda]
TRINITY_DN604_c0_g1_i3.p1	XP_035449861.2	61.710	538	202	4	6	542	3	537	0.0	695	548	548	98	XP_035449861.2 cholinesterase 2-like [Spodoptera frugiperda]
TRINITY_DN604_c0_g1_i3.p1	XP_050551353.1	62.936	545	194	6	6	546	3	543	0.0	689	548	547	99	XP_050551353.1 venom carboxylesterase-6-like isoform X1 [Spodoptera frugiperda]
TRINITY_DN604_c0_g1_i3.p1	XP_050551352.1	60.846	544	206	5	7	546	4	544	0.0	677	548	548	99	XP_050551352.1 cholinesterase 2-like [Spodoptera frugiperda]
TRINITY_DN604_c0_g1_i3.p1	XP_035449447.2	62.042	519	194	3	24	542	21	536	0.0	677	548	547	95	XP_035449447.2 cholinesterase 2-like [Spodoptera frugiperda]
TRINITY_DN604_c0_g1_i3.p1	XP_035449830.2	57.570	535	223	4	10	543	1	532	0.0	633	548	549	97	XP_035449830.2 cholinesterase 2-like [Spodoptera frugiperda]
TRINITY_DN604_c0_g1_i3.p1	XP_035449863.2	56.772	539	229	3	5	542	2	537	0.0	621	548	549	98	XP_035449863.2 juvenile hormone esterase-like [Spodoptera frugiperda]
TRINITY_DN604_c0_g1_i3.p1	XP_050551626.1	56.490	547	229	8	5	546	549	1091	0.0	613	548	1092	99	XP_050551626.1 uncharacterized protein LOC118275740 [Spodoptera frugiperda]
TRINITY_DN604_c0_g1_i3.p1	XP_050551626.1	53.974	541	229	4	10	546	1	525	0.0	602	548	1092	99	XP_050551626.1 uncharacterized protein LOC118275740 [Spodoptera frugiperda]
TRINITY_DN604_c0_g1_i3.p1	XP_035449880.2	49.237	524	240	8	32	546	42	548	1.13e-173	504	548	590	94	XP_035449880.2 para-nitrobenzyl esterase-like [Spodoptera frugiperda]
TRINITY_DN604_c0_g1_i3.p1	XP_035450352.2	47.417	542	256	9	13	541	9	534	3.62e-169	491	548	547	97	XP_035450352.2 bile salt-activated lipase [Spodoptera frugiperda]
TRINITY_DN604_c0_g1_i3.p1	XP_035432002.2	46.516	531	258	8	26	543	21	538	4.91e-166	483	548	543	95	XP_035432002.2 cholinesterase 2-like [Spodoptera frugiperda]
TRINITY_DN604_c0_g1_i3.p1	XP_035450363.2	44.023	527	281	6	23	544	19	536	3.11e-154	453	548	570	95	XP_035450363.2 esterase B1-like [Spodoptera frugiperda]
TRINITY_DN604_c0_g1_i3.p1	XP_035430306.2	44.527	539	274	13	10	542	5	524	2.70e-152	447	548	534	97	XP_035430306.2 bile salt-activated lipase [Spodoptera frugiperda]
TRINITY_DN604_c0_g1_i3.p1	XP_035451694.2	39.703	539	301	11	10	544	1	519	3.83e-129	387	548	521	98	XP_035451694.2 juvenile hormone esterase-like [Spodoptera frugiperda]
TRINITY_DN604_c0_g1_i3.p1	XP_035431398.2	40.112	536	270	13	8	532	6	501	3.43e-126	379	548	501	96	XP_035431398.2 juvenile hormone esterase-like [Spodoptera frugiperda]
TRINITY_DN604_c0_g1_i3.p1	XP_035451693.2	39.042	543	303	15	8	544	2	522	3.95e-113	347	548	528	98	XP_035451693.2 juvenile hormone esterase [Spodoptera frugiperda]
TRINITY_DN604_c0_g1_i3.p1	XP_050550706.1	35.780	545	329	14	11	546	13	545	2.08e-102	319	548	545	98	XP_050550706.1 cholinesterase 2-like [Spodoptera frugiperda]
TRINITY_DN604_c0_g1_i3.p1	XP_050550705.1	35.780	545	329	14	11	546	13	545	2.08e-102	319	548	545	98	XP_050550705.1 cholinesterase 2-like [Spodoptera frugiperda]
TRINITY_DN604_c0_g1_i3.p1	XP_035457497.2	38.122	543	288	19	10	544	5	507	3.20e-102	318	548	522	98	XP_035457497.2 cholinesterase 1 [Spodoptera frugiperda]
TRINITY_DN604_c0_g1_i3.p1	XP_035459067.2	35.260	519	323	11	31	542	23	535	8.22e-97	305	548	546	93	XP_035459067.2 bile salt-activated lipase [Spodoptera frugiperda]
TRINITY_DN604_c0_g1_i3.p1	XP_035446627.2	36.197	547	322	16	12	542	7	542	3.80e-96	303	548	545	97	XP_035446627.2 juvenile hormone esterase-like [Spodoptera frugiperda]
TRINITY_DN604_c0_g1_i3.p1	XP_035435396.2	34.838	554	332	16	10	547	1	541	2.05e-95	301	548	560	98	XP_035435396.2 juvenile hormone esterase isoform X2 [Spodoptera frugiperda]
TRINITY_DN604_c0_g1_i3.p1	XP_035435395.2	34.838	554	332	16	10	547	1	541	2.05e-95	301	548	560	98	XP_035435395.2 juvenile hormone esterase isoform X2 [Spodoptera frugiperda]
TRINITY_DN604_c0_g1_i7.p1	XP_035449447.2	69.106	123	38	0	2	124	414	536	2.89e-60	194	130	547	95	XP_035449447.2 cholinesterase 2-like [Spodoptera frugiperda]
TRINITY_DN604_c0_g1_i7.p1	XP_050551354.1	68.462	130	38	1	2	128	414	543	1.01e-59	192	130	547	98	XP_050551354.1 esterase FE4-like isoform X2 [Spodoptera frugiperda]
TRINITY_DN604_c0_g1_i7.p1	XP_035449450.2	68.462	130	38	1	2	128	414	543	1.10e-59	192	130	547	98	XP_035449450.2 esterase FE4-like [Spodoptera frugiperda]
TRINITY_DN604_c0_g1_i7.p1	XP_050551353.1	68.462	130	38	1	2	128	414	543	1.26e-59	192	130	547	98	XP_050551353.1 venom carboxylesterase-6-like isoform X1 [Spodoptera frugiperda]
TRINITY_DN604_c0_g1_i7.p1	XP_050551355.1	66.154	130	41	1	2	128	414	543	3.02e-59	191	130	547	98	XP_050551355.1 esterase FE4-like isoform X3 [Spodoptera frugiperda]
TRINITY_DN604_c0_g1_i7.p1	XP_050551352.1	67.176	131	39	2	2	128	414	544	5.40e-58	188	130	548	98	XP_050551352.1 cholinesterase 2-like [Spodoptera frugiperda]
TRINITY_DN604_c0_g1_i7.p1	XP_035449861.2	66.935	124	40	1	2	124	414	537	8.57e-57	185	130	548	95	XP_035449861.2 cholinesterase 2-like [Spodoptera frugiperda]
TRINITY_DN604_c0_g1_i7.p1	XP_035449830.2	62.097	124	47	0	2	125	409	532	5.53e-54	177	130	549	95	XP_035449830.2 cholinesterase 2-like [Spodoptera frugiperda]
TRINITY_DN604_c0_g1_i7.p1	XP_035449863.2	62.602	123	46	0	2	124	415	537	9.45e-54	177	130	549	95	XP_035449863.2 juvenile hormone esterase-like [Spodoptera frugiperda]
TRINITY_DN604_c0_g1_i7.p1	XP_050551626.1	61.719	128	46	3	2	128	966	1091	7.49e-49	167	130	1092	98	XP_050551626.1 uncharacterized protein LOC118275740 [Spodoptera frugiperda]
TRINITY_DN604_c0_g1_i7.p1	XP_050551626.1	50.000	130	48	2	1	128	411	525	4.02e-36	130	130	1092	98	XP_050551626.1 uncharacterized protein LOC118275740 [Spodoptera frugiperda]
TRINITY_DN604_c0_g1_i7.p1	XP_035450352.2	54.098	122	55	1	2	123	414	534	7.27e-41	142	130	547	94	XP_035450352.2 bile salt-activated lipase [Spodoptera frugiperda]
TRINITY_DN604_c0_g1_i7.p1	XP_035432002.2	50.382	131	53	3	3	125	412	538	7.39e-38	134	130	543	95	XP_035432002.2 cholinesterase 2-like [Spodoptera frugiperda]
TRINITY_DN604_c0_g1_i7.p1	XP_035450363.2	46.094	128	69	0	1	128	411	538	6.77e-37	132	130	570	98	XP_035450363.2 esterase B1-like [Spodoptera frugiperda]
TRINITY_DN604_c0_g1_i7.p1	XP_035430306.2	51.200	125	58	2	3	124	400	524	3.79e-36	129	130	534	94	XP_035430306.2 bile salt-activated lipase [Spodoptera frugiperda]
TRINITY_DN604_c0_g1_i7.p1	XP_035451694.2	46.281	121	59	2	6	126	405	519	7.92e-31	115	130	521	93	XP_035451694.2 juvenile hormone esterase-like [Spodoptera frugiperda]
TRINITY_DN604_c0_g1_i7.p1	XP_035449880.2	45.522	134	52	3	1	128	430	548	1.64e-28	108	130	590	98	XP_035449880.2 para-nitrobenzyl esterase-like [Spodoptera frugiperda]
TRINITY_DN604_c0_g1_i7.p1	XP_035457497.2	46.774	124	62	2	4	126	387	507	5.25e-27	104	130	522	95	XP_035457497.2 cholinesterase 1 [Spodoptera frugiperda]
TRINITY_DN604_c0_g1_i7.p1	XP_035431398.2	43.636	110	53	1	5	114	401	501	9.51e-26	100	130	501	85	XP_035431398.2 juvenile hormone esterase-like [Spodoptera frugiperda]
TRINITY_DN604_c0_g1_i7.p1	XP_035451693.2	38.017	121	69	2	6	126	408	522	3.37e-23	94.0	130	528	93	XP_035451693.2 juvenile hormone esterase [Spodoptera frugiperda]
TRINITY_DN604_c0_g1_i7.p1	XP_035459067.2	40.650	123	71	2	3	124	414	535	1.78e-22	92.0	130	546	94	XP_035459067.2 bile salt-activated lipase [Spodoptera frugiperda]
TRINITY_DN604_c0_g1_i7.p1	XP_035456134.2	40.496	121	70	2	6	124	510	630	3.97e-21	88.2	130	844	92	XP_035456134.2 juvenile hormone esterase isoform X1 [Spodoptera frugiperda]
TRINITY_DN604_c0_g1_i7.p1	XP_035456135.2	40.496	121	70	2	6	124	416	536	5.05e-21	87.8	130	750	92	XP_035456135.2 juvenile hormone esterase isoform X2 [Spodoptera frugiperda]
TRINITY_DN604_c0_g1_i7.p1	XP_035456137.2	40.496	121	70	2	6	124	400	520	5.40e-21	87.8	130	734	92	XP_035456137.2 juvenile hormone esterase isoform X3 [Spodoptera frugiperda]
TRINITY_DN604_c0_g1_i7.p1	XP_035456136.2	40.496	121	70	2	6	124	400	520	5.40e-21	87.8	130	734	92	XP_035456136.2 juvenile hormone esterase isoform X3 [Spodoptera frugiperda]
TRINITY_DN604_c0_g1_i7.p1	XP_035435479.2	39.823	113	66	1	6	116	411	523	1.39e-20	86.7	130	556	85	XP_035435479.2 esterase E4-like [Spodoptera frugiperda]
TRINITY_DN665_c0_g1_i12.p1	XP_050551626.1	74.388	531	130	3	53	580	1	528	0.0	833	584	1092	92	XP_050551626.1 uncharacterized protein LOC118275740 [Spodoptera frugiperda]
TRINITY_DN665_c0_g1_i12.p1	XP_050551626.1	47.491	558	263	10	41	577	543	1091	2.68e-170	513	584	1092	92	XP_050551626.1 uncharacterized protein LOC118275740 [Spodoptera frugiperda]
TRINITY_DN665_c0_g1_i12.p1	XP_035449861.2	60.617	551	191	6	47	579	1	543	0.0	681	584	548	91	XP_035449861.2 cholinesterase 2-like [Spodoptera frugiperda]
TRINITY_DN665_c0_g1_i12.p1	XP_050551352.1	59.710	551	196	6	47	579	1	543	0.0	669	584	548	91	XP_050551352.1 cholinesterase 2-like [Spodoptera frugiperda]
TRINITY_DN665_c0_g1_i12.p1	XP_035449450.2	58.727	550	202	6	47	579	1	542	0.0	655	584	547	91	XP_035449450.2 esterase FE4-like [Spodoptera frugiperda]
TRINITY_DN665_c0_g1_i12.p1	XP_050551354.1	58.545	550	203	6	47	579	1	542	0.0	651	584	547	91	XP_050551354.1 esterase FE4-like isoform X2 [Spodoptera frugiperda]
TRINITY_DN665_c0_g1_i12.p1	XP_050551353.1	58.727	550	202	6	47	579	1	542	0.0	646	584	547	91	XP_050551353.1 venom carboxylesterase-6-like isoform X1 [Spodoptera frugiperda]
TRINITY_DN665_c0_g1_i12.p1	XP_035449880.2	60.000	515	202	4	70	580	37	551	0.0	638	584	590	88	XP_035449880.2 para-nitrobenzyl esterase-like [Spodoptera frugiperda]
TRINITY_DN665_c0_g1_i12.p1	XP_050551355.1	57.455	550	209	6	47	579	1	542	0.0	637	584	547	91	XP_050551355.1 esterase FE4-like isoform X3 [Spodoptera frugiperda]
TRINITY_DN665_c0_g1_i12.p1	XP_035449447.2	57.923	549	206	6	47	578	1	541	0.0	634	584	547	91	XP_035449447.2 cholinesterase 2-like [Spodoptera frugiperda]
TRINITY_DN665_c0_g1_i12.p1	XP_035449863.2	54.647	538	218	7	63	582	17	546	0.0	591	584	549	89	XP_035449863.2 juvenile hormone esterase-like [Spodoptera frugiperda]
TRINITY_DN665_c0_g1_i12.p1	XP_035449830.2	53.235	541	227	7	53	575	1	533	0.0	580	584	549	90	XP_035449830.2 cholinesterase 2-like [Spodoptera frugiperda]
TRINITY_DN665_c0_g1_i12.p1	XP_035450352.2	46.503	572	250	10	30	580	6	542	1.26e-163	478	584	547	94	XP_035450352.2 bile salt-activated lipase [Spodoptera frugiperda]
TRINITY_DN665_c0_g1_i12.p1	XP_035432002.2	45.091	550	260	9	56	578	8	542	1.22e-158	465	584	543	90	XP_035432002.2 cholinesterase 2-like [Spodoptera frugiperda]
TRINITY_DN665_c0_g1_i12.p1	XP_035430306.2	42.610	521	261	14	74	573	21	524	4.81e-136	407	584	534	86	XP_035430306.2 bile salt-activated lipase [Spodoptera frugiperda]
TRINITY_DN665_c0_g1_i12.p1	XP_035450363.2	40.984	549	282	12	57	580	10	541	1.15e-132	399	584	570	90	XP_035450363.2 esterase B1-like [Spodoptera frugiperda]
TRINITY_DN665_c0_g1_i12.p1	XP_035431398.2	42.308	520	263	14	57	563	6	501	8.07e-121	367	584	501	87	XP_035431398.2 juvenile hormone esterase-like [Spodoptera frugiperda]
TRINITY_DN665_c0_g1_i12.p1	XP_035451694.2	37.899	533	294	10	57	573	6	517	1.05e-113	349	584	521	89	XP_035451694.2 juvenile hormone esterase-like [Spodoptera frugiperda]
TRINITY_DN665_c0_g1_i12.p1	XP_035451693.2	37.455	550	297	15	41	573	1	520	1.04e-105	328	584	528	91	XP_035451693.2 juvenile hormone esterase [Spodoptera frugiperda]
TRINITY_DN665_c0_g1_i12.p1	XP_035457497.2	35.130	538	291	15	57	574	7	506	4.16e-91	290	584	522	89	XP_035457497.2 cholinesterase 1 [Spodoptera frugiperda]
TRINITY_DN665_c0_g1_i12.p1	XP_035459067.2	34.542	524	312	11	74	575	23	537	1.96e-86	279	584	546	86	XP_035459067.2 bile salt-activated lipase [Spodoptera frugiperda]
TRINITY_DN665_c0_g1_i12.p1	XP_035428784.2	34.323	539	302	16	70	570	27	551	7.33e-86	278	584	564	86	XP_035428784.2 juvenile hormone esterase isoform X1 [Spodoptera frugiperda]
TRINITY_DN665_c0_g1_i12.p1	XP_035428785.2	34.328	536	300	16	73	570	3	524	2.26e-85	276	584	537	85	XP_035428785.2 juvenile hormone esterase isoform X2 [Spodoptera frugiperda]
TRINITY_DN665_c0_g1_i12.p1	XP_050550706.1	33.698	549	320	15	57	577	13	545	6.28e-85	275	584	545	89	XP_050550706.1 cholinesterase 2-like [Spodoptera frugiperda]
TRINITY_DN665_c0_g1_i12.p1	XP_050550705.1	33.698	549	320	15	57	577	13	545	6.28e-85	275	584	545	89	XP_050550705.1 cholinesterase 2-like [Spodoptera frugiperda]
TRINITY_DN665_c0_g1_i12.p1	XP_035435396.2	32.451	567	333	16	53	583	1	553	1.06e-80	264	584	560	91	XP_035435396.2 juvenile hormone esterase isoform X2 [Spodoptera frugiperda]
TRINITY_DN665_c0_g1_i13.p1	XP_050551626.1	72.615	325	85	2	1	324	208	529	3.29e-166	491	325	1092	99	XP_050551626.1 uncharacterized protein LOC118275740 [Spodoptera frugiperda]
TRINITY_DN665_c0_g1_i13.p1	XP_050551626.1	39.181	342	177	8	1	320	759	1091	1.75e-66	226	325	1092	99	XP_050551626.1 uncharacterized protein LOC118275740 [Spodoptera frugiperda]
TRINITY_DN665_c0_g1_i13.p1	XP_035449880.2	58.769	325	132	2	1	323	227	551	2.07e-133	392	325	590	99	XP_035449880.2 para-nitrobenzyl esterase-like [Spodoptera frugiperda]
TRINITY_DN665_c0_g1_i13.p1	XP_035449861.2	52.059	340	138	5	1	322	211	543	2.18e-118	352	325	548	99	XP_035449861.2 cholinesterase 2-like [Spodoptera frugiperda]
TRINITY_DN665_c0_g1_i13.p1	XP_050551352.1	52.059	340	138	5	1	322	211	543	9.60e-118	350	325	548	99	XP_050551352.1 cholinesterase 2-like [Spodoptera frugiperda]
TRINITY_DN665_c0_g1_i13.p1	XP_050551354.1	49.704	338	146	5	2	322	212	542	1.13e-109	330	325	547	99	XP_050551354.1 esterase FE4-like isoform X2 [Spodoptera frugiperda]
TRINITY_DN665_c0_g1_i13.p1	XP_035449450.2	50.296	338	144	5	2	322	212	542	1.49e-109	330	325	547	99	XP_035449450.2 esterase FE4-like [Spodoptera frugiperda]
TRINITY_DN665_c0_g1_i13.p1	XP_050551353.1	49.704	338	146	5	2	322	212	542	1.77e-109	329	325	547	99	XP_050551353.1 venom carboxylesterase-6-like isoform X1 [Spodoptera frugiperda]
TRINITY_DN665_c0_g1_i13.p1	XP_035449447.2	49.258	337	147	5	2	321	212	541	1.01e-107	325	325	547	98	XP_035449447.2 cholinesterase 2-like [Spodoptera frugiperda]
TRINITY_DN665_c0_g1_i13.p1	XP_050551355.1	48.083	339	152	5	1	322	211	542	3.91e-104	316	325	547	99	XP_050551355.1 esterase FE4-like isoform X3 [Spodoptera frugiperda]
TRINITY_DN665_c0_g1_i13.p1	XP_035449863.2	46.176	340	158	6	1	322	211	543	3.46e-99	303	325	549	99	XP_035449863.2 juvenile hormone esterase-like [Spodoptera frugiperda]
TRINITY_DN665_c0_g1_i13.p1	XP_035449830.2	45.833	336	157	6	1	318	205	533	6.25e-96	295	325	549	98	XP_035449830.2 cholinesterase 2-like [Spodoptera frugiperda]
TRINITY_DN665_c0_g1_i13.p1	XP_035450352.2	42.515	334	160	5	8	324	225	543	1.62e-77	247	325	547	98	XP_035450352.2 bile salt-activated lipase [Spodoptera frugiperda]
TRINITY_DN665_c0_g1_i13.p1	XP_035432002.2	36.047	344	182	6	1	321	214	542	8.09e-68	221	325	543	99	XP_035432002.2 cholinesterase 2-like [Spodoptera frugiperda]
TRINITY_DN665_c0_g1_i13.p1	XP_035430306.2	36.810	326	172	10	10	316	214	524	2.93e-59	199	325	534	94	XP_035430306.2 bile salt-activated lipase [Spodoptera frugiperda]
TRINITY_DN665_c0_g1_i13.p1	XP_035450363.2	34.012	344	189	9	2	324	216	542	9.05e-56	190	325	570	99	XP_035450363.2 esterase B1-like [Spodoptera frugiperda]
TRINITY_DN665_c0_g1_i13.p1	XP_035431398.2	35.873	315	175	8	1	306	205	501	8.92e-55	186	325	501	94	XP_035431398.2 juvenile hormone esterase-like [Spodoptera frugiperda]
TRINITY_DN665_c0_g1_i13.p1	XP_035451693.2	31.024	332	197	8	1	316	205	520	4.88e-47	166	325	528	97	XP_035451693.2 juvenile hormone esterase [Spodoptera frugiperda]
TRINITY_DN665_c0_g1_i13.p1	XP_035451694.2	30.514	331	199	5	1	316	203	517	5.47e-45	160	325	521	97	XP_035451694.2 juvenile hormone esterase-like [Spodoptera frugiperda]
TRINITY_DN665_c0_g1_i13.p1	XP_035459067.2	29.268	328	206	7	10	318	217	537	2.02e-34	132	325	546	95	XP_035459067.2 bile salt-activated lipase [Spodoptera frugiperda]
TRINITY_DN665_c0_g1_i13.p1	XP_050550706.1	29.565	345	204	11	2	320	214	545	1.12e-33	130	325	545	98	XP_050550706.1 cholinesterase 2-like [Spodoptera frugiperda]
TRINITY_DN665_c0_g1_i13.p1	XP_050550705.1	29.565	345	204	11	2	320	214	545	1.12e-33	130	325	545	98	XP_050550705.1 cholinesterase 2-like [Spodoptera frugiperda]
TRINITY_DN665_c0_g1_i13.p1	XP_035456134.2	31.065	338	198	10	6	322	311	634	8.37e-33	129	325	844	98	XP_035456134.2 juvenile hormone esterase isoform X1 [Spodoptera frugiperda]
TRINITY_DN665_c0_g1_i13.p1	XP_035456135.2	31.065	338	198	10	6	322	217	540	1.04e-32	128	325	750	98	XP_035456135.2 juvenile hormone esterase isoform X2 [Spodoptera frugiperda]
TRINITY_DN665_c0_g1_i13.p1	XP_035456137.2	31.065	338	198	10	6	322	201	524	1.06e-32	128	325	734	98	XP_035456137.2 juvenile hormone esterase isoform X3 [Spodoptera frugiperda]
TRINITY_DN665_c0_g1_i13.p1	XP_035456136.2	31.065	338	198	10	6	322	201	524	1.06e-32	128	325	734	98	XP_035456136.2 juvenile hormone esterase isoform X3 [Spodoptera frugiperda]
TRINITY_DN665_c0_g1_i14.p1	XP_050551626.1	73.635	531	134	3	1	528	1	528	0.0	814	532	1092	99	XP_050551626.1 uncharacterized protein LOC118275740 [Spodoptera frugiperda]
TRINITY_DN665_c0_g1_i14.p1	XP_050551626.1	47.619	546	257	9	1	525	554	1091	2.28e-165	498	532	1092	99	XP_050551626.1 uncharacterized protein LOC118275740 [Spodoptera frugiperda]
TRINITY_DN665_c0_g1_i14.p1	XP_035449861.2	60.000	545	192	6	1	527	7	543	0.0	664	532	548	99	XP_035449861.2 cholinesterase 2-like [Spodoptera frugiperda]
TRINITY_DN665_c0_g1_i14.p1	XP_050551352.1	59.633	545	194	6	1	527	7	543	0.0	652	532	548	99	XP_050551352.1 cholinesterase 2-like [Spodoptera frugiperda]
TRINITY_DN665_c0_g1_i14.p1	XP_035449450.2	57.721	544	205	6	1	527	7	542	0.0	637	532	547	99	XP_035449450.2 esterase FE4-like [Spodoptera frugiperda]
TRINITY_DN665_c0_g1_i14.p1	XP_050551354.1	57.721	544	205	6	1	527	7	542	0.0	634	532	547	99	XP_050551354.1 esterase FE4-like isoform X2 [Spodoptera frugiperda]
TRINITY_DN665_c0_g1_i14.p1	XP_035449880.2	59.223	515	206	4	18	528	37	551	0.0	623	532	590	96	XP_035449880.2 para-nitrobenzyl esterase-like [Spodoptera frugiperda]
TRINITY_DN665_c0_g1_i14.p1	XP_050551355.1	56.618	544	211	6	1	527	7	542	0.0	621	532	547	99	XP_050551355.1 esterase FE4-like isoform X3 [Spodoptera frugiperda]
TRINITY_DN665_c0_g1_i14.p1	XP_050551353.1	56.985	544	209	6	1	527	7	542	0.0	619	532	547	99	XP_050551353.1 venom carboxylesterase-6-like isoform X1 [Spodoptera frugiperda]
TRINITY_DN665_c0_g1_i14.p1	XP_035449447.2	56.722	543	210	6	1	526	7	541	0.0	608	532	547	99	XP_035449447.2 cholinesterase 2-like [Spodoptera frugiperda]
TRINITY_DN665_c0_g1_i14.p1	XP_035449863.2	53.717	538	223	7	11	530	17	546	0.0	581	532	549	98	XP_035449863.2 juvenile hormone esterase-like [Spodoptera frugiperda]
TRINITY_DN665_c0_g1_i14.p1	XP_035449830.2	52.126	541	233	7	1	523	1	533	0.0	567	532	549	98	XP_035449830.2 cholinesterase 2-like [Spodoptera frugiperda]
TRINITY_DN665_c0_g1_i14.p1	XP_035450352.2	48.794	539	230	10	16	528	24	542	2.56e-161	470	532	547	96	XP_035450352.2 bile salt-activated lipase [Spodoptera frugiperda]
TRINITY_DN665_c0_g1_i14.p1	XP_035432002.2	44.465	551	262	10	4	526	8	542	1.78e-153	450	532	543	98	XP_035432002.2 cholinesterase 2-like [Spodoptera frugiperda]
TRINITY_DN665_c0_g1_i14.p1	XP_035430306.2	42.639	523	258	15	22	521	21	524	1.45e-136	406	532	534	94	XP_035430306.2 bile salt-activated lipase [Spodoptera frugiperda]
TRINITY_DN665_c0_g1_i14.p1	XP_035450363.2	41.273	550	279	12	5	528	10	541	1.05e-132	397	532	570	98	XP_035450363.2 esterase B1-like [Spodoptera frugiperda]
TRINITY_DN665_c0_g1_i14.p1	XP_035431398.2	42.226	521	262	15	5	511	6	501	1.40e-119	362	532	501	95	XP_035431398.2 juvenile hormone esterase-like [Spodoptera frugiperda]
TRINITY_DN665_c0_g1_i14.p1	XP_035451694.2	37.711	533	295	11	5	521	6	517	2.75e-111	341	532	521	97	XP_035451694.2 juvenile hormone esterase-like [Spodoptera frugiperda]
TRINITY_DN665_c0_g1_i14.p1	XP_035451693.2	37.670	515	284	12	24	521	26	520	2.90e-103	320	532	528	94	XP_035451693.2 juvenile hormone esterase [Spodoptera frugiperda]
TRINITY_DN665_c0_g1_i14.p1	XP_035459067.2	35.115	524	309	11	22	523	23	537	1.24e-89	286	532	546	94	XP_035459067.2 bile salt-activated lipase [Spodoptera frugiperda]
TRINITY_DN665_c0_g1_i14.p1	XP_035457497.2	34.944	538	292	15	5	522	7	506	1.12e-87	280	532	522	97	XP_035457497.2 cholinesterase 1 [Spodoptera frugiperda]
TRINITY_DN665_c0_g1_i14.p1	XP_035428784.2	34.334	533	310	14	18	518	27	551	6.47e-87	279	532	564	94	XP_035428784.2 juvenile hormone esterase isoform X1 [Spodoptera frugiperda]
TRINITY_DN665_c0_g1_i14.p1	XP_035428785.2	34.340	530	308	14	21	518	3	524	7.95e-87	278	532	537	94	XP_035428785.2 juvenile hormone esterase isoform X2 [Spodoptera frugiperda]
TRINITY_DN665_c0_g1_i14.p1	XP_035435396.2	33.333	567	328	16	1	531	1	553	1.05e-83	271	532	560	99	XP_035435396.2 juvenile hormone esterase isoform X2 [Spodoptera frugiperda]
TRINITY_DN665_c0_g1_i14.p1	XP_035435395.2	33.333	567	328	16	1	531	1	553	1.05e-83	271	532	560	99	XP_035435395.2 juvenile hormone esterase isoform X2 [Spodoptera frugiperda]
TRINITY_DN665_c0_g1_i14.p1	XP_035435394.2	33.333	567	328	16	1	531	42	594	1.85e-83	271	532	601	99	XP_035435394.2 juvenile hormone esterase isoform X1 [Spodoptera frugiperda]
TRINITY_DN665_c0_g1_i16.p1	XP_050551626.1	69.266	218	63	2	1	217	315	529	5.85e-99	310	218	1092	99	XP_050551626.1 uncharacterized protein LOC118275740 [Spodoptera frugiperda]
TRINITY_DN665_c0_g1_i16.p1	XP_050551626.1	37.826	230	119	5	1	213	869	1091	2.04e-42	153	218	1092	99	XP_050551626.1 uncharacterized protein LOC118275740 [Spodoptera frugiperda]
TRINITY_DN665_c0_g1_i16.p1	XP_035449880.2	55.963	218	94	2	1	216	334	551	2.71e-76	241	218	590	99	XP_035449880.2 para-nitrobenzyl esterase-like [Spodoptera frugiperda]
TRINITY_DN665_c0_g1_i16.p1	XP_035449861.2	51.502	233	88	5	1	215	318	543	2.08e-72	229	218	548	99	XP_035449861.2 cholinesterase 2-like [Spodoptera frugiperda]
TRINITY_DN665_c0_g1_i16.p1	XP_050551352.1	51.931	233	87	5	1	215	318	543	3.29e-72	229	218	548	99	XP_050551352.1 cholinesterase 2-like [Spodoptera frugiperda]
TRINITY_DN665_c0_g1_i16.p1	XP_035449450.2	50.862	232	90	5	1	215	318	542	2.22e-70	224	218	547	99	XP_035449450.2 esterase FE4-like [Spodoptera frugiperda]
TRINITY_DN665_c0_g1_i16.p1	XP_050551354.1	50.431	232	91	5	1	215	318	542	7.33e-70	223	218	547	99	XP_050551354.1 esterase FE4-like isoform X2 [Spodoptera frugiperda]
TRINITY_DN665_c0_g1_i16.p1	XP_050551353.1	50.431	232	91	5	1	215	318	542	9.07e-70	223	218	547	99	XP_050551353.1 venom carboxylesterase-6-like isoform X1 [Spodoptera frugiperda]
TRINITY_DN665_c0_g1_i16.p1	XP_050551355.1	48.276	232	96	5	1	215	318	542	6.52e-67	215	218	547	99	XP_050551355.1 esterase FE4-like isoform X3 [Spodoptera frugiperda]
TRINITY_DN665_c0_g1_i16.p1	XP_035449447.2	49.784	231	92	5	1	214	318	541	7.03e-67	215	218	547	98	XP_035449447.2 cholinesterase 2-like [Spodoptera frugiperda]
TRINITY_DN665_c0_g1_i16.p1	XP_035449863.2	41.379	232	112	5	1	215	319	543	1.99e-54	182	218	549	99	XP_035449863.2 juvenile hormone esterase-like [Spodoptera frugiperda]
TRINITY_DN665_c0_g1_i16.p1	XP_035449830.2	42.982	228	106	5	1	211	313	533	2.28e-54	182	218	549	97	XP_035449830.2 cholinesterase 2-like [Spodoptera frugiperda]
TRINITY_DN665_c0_g1_i16.p1	XP_035450352.2	41.597	238	106	6	2	217	317	543	6.34e-46	160	218	547	99	XP_035450352.2 bile salt-activated lipase [Spodoptera frugiperda]
TRINITY_DN665_c0_g1_i16.p1	XP_035432002.2	38.235	238	116	6	1	214	312	542	9.81e-44	154	218	543	98	XP_035432002.2 cholinesterase 2-like [Spodoptera frugiperda]
TRINITY_DN665_c0_g1_i16.p1	XP_035430306.2	37.387	222	108	8	9	209	313	524	1.92e-36	134	218	534	92	XP_035430306.2 bile salt-activated lipase [Spodoptera frugiperda]
TRINITY_DN665_c0_g1_i16.p1	XP_035451694.2	33.032	221	127	4	3	209	304	517	2.25e-34	128	218	521	95	XP_035451694.2 juvenile hormone esterase-like [Spodoptera frugiperda]
TRINITY_DN665_c0_g1_i16.p1	XP_035450363.2	37.824	193	96	5	43	217	356	542	7.72e-34	127	218	570	80	XP_035450363.2 esterase B1-like [Spodoptera frugiperda]
TRINITY_DN665_c0_g1_i16.p1	XP_035431398.2	34.615	208	117	6	1	199	304	501	5.07e-32	122	218	501	91	XP_035431398.2 juvenile hormone esterase-like [Spodoptera frugiperda]
TRINITY_DN665_c0_g1_i16.p1	XP_035451693.2	31.481	216	127	5	8	209	312	520	1.77e-31	120	218	528	93	XP_035451693.2 juvenile hormone esterase [Spodoptera frugiperda]
TRINITY_DN665_c0_g1_i16.p1	XP_035457497.2	33.333	222	122	4	9	214	299	510	3.99e-25	102	218	522	94	XP_035457497.2 cholinesterase 1 [Spodoptera frugiperda]
TRINITY_DN665_c0_g1_i16.p1	XP_035459067.2	30.870	230	134	6	1	211	314	537	4.16e-25	102	218	546	97	XP_035459067.2 bile salt-activated lipase [Spodoptera frugiperda]
TRINITY_DN665_c0_g1_i16.p1	XP_035456134.2	30.638	235	129	7	1	215	414	634	4.00e-23	97.4	218	844	99	XP_035456134.2 juvenile hormone esterase isoform X1 [Spodoptera frugiperda]
TRINITY_DN665_c0_g1_i16.p1	XP_035456135.2	30.638	235	129	7	1	215	320	540	4.67e-23	97.4	218	750	99	XP_035456135.2 juvenile hormone esterase isoform X2 [Spodoptera frugiperda]
TRINITY_DN665_c0_g1_i16.p1	XP_035456137.2	30.638	235	129	7	1	215	304	524	4.78e-23	97.1	218	734	99	XP_035456137.2 juvenile hormone esterase isoform X3 [Spodoptera frugiperda]
TRINITY_DN665_c0_g1_i16.p1	XP_035456136.2	30.638	235	129	7	1	215	304	524	4.78e-23	97.1	218	734	99	XP_035456136.2 juvenile hormone esterase isoform X3 [Spodoptera frugiperda]
TRINITY_DN665_c0_g1_i16.p1	XP_035449615.1	31.053	190	107	6	41	210	446	631	2.96e-20	89.0	218	645	78	XP_035449615.1 venom carboxylesterase-6 [Spodoptera frugiperda]
TRINITY_DN665_c0_g1_i17.p1	XP_050551626.1	73.635	531	134	3	29	556	1	528	0.0	822	560	1092	98	XP_050551626.1 uncharacterized protein LOC118275740 [Spodoptera frugiperda]
TRINITY_DN665_c0_g1_i17.p1	XP_050551626.1	46.820	566	271	10	9	553	535	1091	1.02e-169	510	560	1092	98	XP_050551626.1 uncharacterized protein LOC118275740 [Spodoptera frugiperda]
TRINITY_DN665_c0_g1_i17.p1	XP_035449861.2	60.073	551	194	6	23	555	1	543	0.0	678	560	548	95	XP_035449861.2 cholinesterase 2-like [Spodoptera frugiperda]
TRINITY_DN665_c0_g1_i17.p1	XP_050551352.1	59.528	551	197	6	23	555	1	543	0.0	663	560	548	95	XP_050551352.1 cholinesterase 2-like [Spodoptera frugiperda]
TRINITY_DN665_c0_g1_i17.p1	XP_035449450.2	58.545	550	203	6	23	555	1	542	0.0	650	560	547	95	XP_035449450.2 esterase FE4-like [Spodoptera frugiperda]
TRINITY_DN665_c0_g1_i17.p1	XP_050551354.1	58.182	550	205	6	23	555	1	542	0.0	645	560	547	95	XP_050551354.1 esterase FE4-like isoform X2 [Spodoptera frugiperda]
TRINITY_DN665_c0_g1_i17.p1	XP_050551353.1	57.818	550	207	6	23	555	1	542	0.0	633	560	547	95	XP_050551353.1 venom carboxylesterase-6-like isoform X1 [Spodoptera frugiperda]
TRINITY_DN665_c0_g1_i17.p1	XP_050551355.1	57.091	550	211	6	23	555	1	542	0.0	631	560	547	95	XP_050551355.1 esterase FE4-like isoform X3 [Spodoptera frugiperda]
TRINITY_DN665_c0_g1_i17.p1	XP_035449880.2	59.417	515	205	4	46	556	37	551	0.0	631	560	590	91	XP_035449880.2 para-nitrobenzyl esterase-like [Spodoptera frugiperda]
TRINITY_DN665_c0_g1_i17.p1	XP_035449447.2	57.195	549	210	6	23	554	1	541	0.0	624	560	547	95	XP_035449447.2 cholinesterase 2-like [Spodoptera frugiperda]
TRINITY_DN665_c0_g1_i17.p1	XP_035449863.2	54.152	554	228	7	23	558	1	546	0.0	590	560	549	96	XP_035449863.2 juvenile hormone esterase-like [Spodoptera frugiperda]
TRINITY_DN665_c0_g1_i17.p1	XP_035449830.2	52.680	541	230	7	29	551	1	533	0.0	574	560	549	93	XP_035449830.2 cholinesterase 2-like [Spodoptera frugiperda]
TRINITY_DN665_c0_g1_i17.p1	XP_035450352.2	48.689	534	238	8	44	556	24	542	4.20e-162	473	560	547	92	XP_035450352.2 bile salt-activated lipase [Spodoptera frugiperda]
TRINITY_DN665_c0_g1_i17.p1	XP_035432002.2	44.364	550	264	9	32	554	8	542	2.03e-156	458	560	543	93	XP_035432002.2 cholinesterase 2-like [Spodoptera frugiperda]
TRINITY_DN665_c0_g1_i17.p1	XP_035430306.2	42.610	521	261	14	50	549	21	524	1.39e-135	405	560	534	89	XP_035430306.2 bile salt-activated lipase [Spodoptera frugiperda]
TRINITY_DN665_c0_g1_i17.p1	XP_035450363.2	39.928	556	290	13	28	556	3	541	1.74e-130	393	560	570	94	XP_035450363.2 esterase B1-like [Spodoptera frugiperda]
TRINITY_DN665_c0_g1_i17.p1	XP_035431398.2	41.923	520	265	14	33	539	6	501	9.50e-120	363	560	501	91	XP_035431398.2 juvenile hormone esterase-like [Spodoptera frugiperda]
TRINITY_DN665_c0_g1_i17.p1	XP_035451694.2	37.336	533	297	10	33	549	6	517	4.27e-110	339	560	521	92	XP_035451694.2 juvenile hormone esterase-like [Spodoptera frugiperda]
TRINITY_DN665_c0_g1_i17.p1	XP_035451693.2	37.670	515	284	12	52	549	26	520	1.29e-103	322	560	528	89	XP_035451693.2 juvenile hormone esterase [Spodoptera frugiperda]
TRINITY_DN665_c0_g1_i17.p1	XP_035457497.2	34.944	538	292	15	33	550	7	506	4.10e-90	287	560	522	93	XP_035457497.2 cholinesterase 1 [Spodoptera frugiperda]
TRINITY_DN665_c0_g1_i17.p1	XP_035459067.2	34.733	524	311	11	50	551	23	537	7.81e-87	279	560	546	90	XP_035459067.2 bile salt-activated lipase [Spodoptera frugiperda]
TRINITY_DN665_c0_g1_i17.p1	XP_035428784.2	34.146	533	311	15	46	546	27	551	3.64e-84	273	560	564	89	XP_035428784.2 juvenile hormone esterase isoform X1 [Spodoptera frugiperda]
TRINITY_DN665_c0_g1_i17.p1	XP_035428785.2	34.151	530	309	15	49	546	3	524	5.34e-84	271	560	537	89	XP_035428785.2 juvenile hormone esterase isoform X2 [Spodoptera frugiperda]
TRINITY_DN665_c0_g1_i17.p1	XP_050550706.1	33.515	549	321	15	33	553	13	545	2.29e-83	270	560	545	93	XP_050550706.1 cholinesterase 2-like [Spodoptera frugiperda]
TRINITY_DN665_c0_g1_i17.p1	XP_050550705.1	33.515	549	321	15	33	553	13	545	2.29e-83	270	560	545	93	XP_050550705.1 cholinesterase 2-like [Spodoptera frugiperda]
TRINITY_DN665_c0_g1_i17.p1	XP_035435396.2	32.981	567	330	16	29	559	1	553	5.90e-82	267	560	560	95	XP_035435396.2 juvenile hormone esterase isoform X2 [Spodoptera frugiperda]
TRINITY_DN665_c0_g1_i19.p1	XP_050551626.1	70.539	241	67	2	1	240	292	529	2.10e-114	352	241	1092	99	XP_050551626.1 uncharacterized protein LOC118275740 [Spodoptera frugiperda]
TRINITY_DN665_c0_g1_i19.p1	XP_050551626.1	39.921	253	127	6	2	236	846	1091	2.60e-50	176	241	1092	99	XP_050551626.1 uncharacterized protein LOC118275740 [Spodoptera frugiperda]
TRINITY_DN665_c0_g1_i19.p1	XP_035449880.2	58.506	241	98	2	1	239	311	551	4.05e-92	283	241	590	99	XP_035449880.2 para-nitrobenzyl esterase-like [Spodoptera frugiperda]
TRINITY_DN665_c0_g1_i19.p1	XP_035449861.2	52.549	255	96	5	2	238	296	543	2.83e-85	264	241	548	98	XP_035449861.2 cholinesterase 2-like [Spodoptera frugiperda]
TRINITY_DN665_c0_g1_i19.p1	XP_050551352.1	52.941	255	95	5	2	238	296	543	4.12e-85	263	241	548	98	XP_050551352.1 cholinesterase 2-like [Spodoptera frugiperda]
TRINITY_DN665_c0_g1_i19.p1	XP_035449450.2	51.181	254	100	5	2	238	296	542	3.30e-82	256	241	547	98	XP_035449450.2 esterase FE4-like [Spodoptera frugiperda]
TRINITY_DN665_c0_g1_i19.p1	XP_050551354.1	50.787	254	101	5	2	238	296	542	6.28e-82	255	241	547	98	XP_050551354.1 esterase FE4-like isoform X2 [Spodoptera frugiperda]
TRINITY_DN665_c0_g1_i19.p1	XP_050551353.1	50.787	254	101	5	2	238	296	542	8.75e-82	254	241	547	98	XP_050551353.1 venom carboxylesterase-6-like isoform X1 [Spodoptera frugiperda]
TRINITY_DN665_c0_g1_i19.p1	XP_035449447.2	50.593	253	101	5	2	237	296	541	2.77e-79	248	241	547	98	XP_035449447.2 cholinesterase 2-like [Spodoptera frugiperda]
TRINITY_DN665_c0_g1_i19.p1	XP_050551355.1	48.425	254	107	5	2	238	296	542	8.16e-78	244	241	547	98	XP_050551355.1 esterase FE4-like isoform X3 [Spodoptera frugiperda]
TRINITY_DN665_c0_g1_i19.p1	XP_035449863.2	44.488	254	117	5	2	238	297	543	1.87e-69	223	241	549	98	XP_035449863.2 juvenile hormone esterase-like [Spodoptera frugiperda]
TRINITY_DN665_c0_g1_i19.p1	XP_035449830.2	44.400	250	115	5	2	234	291	533	4.81e-67	216	241	549	97	XP_035449830.2 cholinesterase 2-like [Spodoptera frugiperda]
TRINITY_DN665_c0_g1_i19.p1	XP_035450352.2	42.366	262	118	6	1	240	293	543	5.36e-55	185	241	547	99	XP_035450352.2 bile salt-activated lipase [Spodoptera frugiperda]
TRINITY_DN665_c0_g1_i19.p1	XP_035432002.2	38.314	261	130	6	1	237	289	542	8.10e-51	174	241	543	98	XP_035432002.2 cholinesterase 2-like [Spodoptera frugiperda]
TRINITY_DN665_c0_g1_i19.p1	XP_035430306.2	36.759	253	126	10	1	232	285	524	1.68e-41	149	241	534	96	XP_035430306.2 bile salt-activated lipase [Spodoptera frugiperda]
TRINITY_DN665_c0_g1_i19.p1	XP_035450363.2	34.733	262	140	8	1	240	290	542	9.56e-41	147	241	570	99	XP_035450363.2 esterase B1-like [Spodoptera frugiperda]
TRINITY_DN665_c0_g1_i19.p1	XP_035451693.2	32.653	245	143	6	3	232	283	520	2.31e-38	140	241	528	95	XP_035451693.2 juvenile hormone esterase [Spodoptera frugiperda]
TRINITY_DN665_c0_g1_i19.p1	XP_035451694.2	32.653	245	143	5	3	232	280	517	5.04e-38	139	241	521	95	XP_035451694.2 juvenile hormone esterase-like [Spodoptera frugiperda]
TRINITY_DN665_c0_g1_i19.p1	XP_035431398.2	34.632	231	131	7	2	222	281	501	1.52e-37	137	241	501	92	XP_035431398.2 juvenile hormone esterase-like [Spodoptera frugiperda]
TRINITY_DN665_c0_g1_i19.p1	XP_035459067.2	31.746	252	147	6	2	234	292	537	7.41e-32	122	241	546	97	XP_035459067.2 bile salt-activated lipase [Spodoptera frugiperda]
TRINITY_DN665_c0_g1_i19.p1	XP_035457497.2	31.621	253	138	6	1	237	277	510	2.14e-26	107	241	522	98	XP_035457497.2 cholinesterase 1 [Spodoptera frugiperda]
TRINITY_DN665_c0_g1_i19.p1	XP_035456135.2	31.128	257	142	8	3	238	298	540	4.10e-26	107	241	750	98	XP_035456135.2 juvenile hormone esterase isoform X2 [Spodoptera frugiperda]
TRINITY_DN665_c0_g1_i19.p1	XP_035456134.2	31.128	257	142	8	3	238	392	634	4.20e-26	107	241	844	98	XP_035456134.2 juvenile hormone esterase isoform X1 [Spodoptera frugiperda]
TRINITY_DN665_c0_g1_i19.p1	XP_035456137.2	31.128	257	142	8	3	238	282	524	4.69e-26	106	241	734	98	XP_035456137.2 juvenile hormone esterase isoform X3 [Spodoptera frugiperda]
TRINITY_DN665_c0_g1_i19.p1	XP_035456136.2	31.128	257	142	8	3	238	282	524	4.69e-26	106	241	734	98	XP_035456136.2 juvenile hormone esterase isoform X3 [Spodoptera frugiperda]
TRINITY_DN665_c0_g1_i19.p1	XP_050550706.1	28.794	257	152	8	2	236	298	545	8.58e-23	97.1	241	545	98	XP_050550706.1 cholinesterase 2-like [Spodoptera frugiperda]
TRINITY_DN665_c0_g1_i2.p1	XP_050551626.1	70.954	241	66	2	1	240	292	529	6.63e-117	359	241	1092	99	XP_050551626.1 uncharacterized protein LOC118275740 [Spodoptera frugiperda]
TRINITY_DN665_c0_g1_i2.p1	XP_050551626.1	39.526	253	128	6	2	236	846	1091	2.12e-50	177	241	1092	99	XP_050551626.1 uncharacterized protein LOC118275740 [Spodoptera frugiperda]
TRINITY_DN665_c0_g1_i2.p1	XP_035449880.2	58.506	241	98	2	1	239	311	551	4.02e-94	288	241	590	99	XP_035449880.2 para-nitrobenzyl esterase-like [Spodoptera frugiperda]
TRINITY_DN665_c0_g1_i2.p1	XP_035449861.2	52.941	255	95	5	2	238	296	543	1.97e-87	269	241	548	98	XP_035449861.2 cholinesterase 2-like [Spodoptera frugiperda]
TRINITY_DN665_c0_g1_i2.p1	XP_050551352.1	53.333	255	94	5	2	238	296	543	2.64e-87	269	241	548	98	XP_050551352.1 cholinesterase 2-like [Spodoptera frugiperda]
TRINITY_DN665_c0_g1_i2.p1	XP_050551354.1	51.575	254	99	5	2	238	296	542	5.64e-84	260	241	547	98	XP_050551354.1 esterase FE4-like isoform X2 [Spodoptera frugiperda]
TRINITY_DN665_c0_g1_i2.p1	XP_035449450.2	51.969	254	98	5	2	238	296	542	6.28e-84	260	241	547	98	XP_035449450.2 esterase FE4-like [Spodoptera frugiperda]
TRINITY_DN665_c0_g1_i2.p1	XP_050551353.1	51.969	254	98	5	2	238	296	542	7.38e-84	260	241	547	98	XP_050551353.1 venom carboxylesterase-6-like isoform X1 [Spodoptera frugiperda]
TRINITY_DN665_c0_g1_i2.p1	XP_035449447.2	50.988	253	100	5	2	237	296	541	3.14e-81	253	241	547	98	XP_035449447.2 cholinesterase 2-like [Spodoptera frugiperda]
TRINITY_DN665_c0_g1_i2.p1	XP_050551355.1	49.606	254	104	5	2	238	296	542	8.80e-80	249	241	547	98	XP_050551355.1 esterase FE4-like isoform X3 [Spodoptera frugiperda]
TRINITY_DN665_c0_g1_i2.p1	XP_035449863.2	45.669	254	114	5	2	238	297	543	1.12e-70	226	241	549	98	XP_035449863.2 juvenile hormone esterase-like [Spodoptera frugiperda]
TRINITY_DN665_c0_g1_i2.p1	XP_035449830.2	45.600	250	112	5	2	234	291	533	1.99e-69	223	241	549	97	XP_035449830.2 cholinesterase 2-like [Spodoptera frugiperda]
TRINITY_DN665_c0_g1_i2.p1	XP_035450352.2	41.634	257	127	4	1	240	293	543	6.68e-55	184	241	547	99	XP_035450352.2 bile salt-activated lipase [Spodoptera frugiperda]
TRINITY_DN665_c0_g1_i2.p1	XP_035432002.2	37.308	260	134	5	1	237	289	542	1.53e-52	178	241	543	98	XP_035432002.2 cholinesterase 2-like [Spodoptera frugiperda]
TRINITY_DN665_c0_g1_i2.p1	XP_035430306.2	36.653	251	129	9	1	232	285	524	1.49e-40	146	241	534	96	XP_035430306.2 bile salt-activated lipase [Spodoptera frugiperda]
TRINITY_DN665_c0_g1_i2.p1	XP_035450363.2	33.721	258	148	6	1	240	290	542	3.48e-40	145	241	570	99	XP_035450363.2 esterase B1-like [Spodoptera frugiperda]
TRINITY_DN665_c0_g1_i2.p1	XP_035431398.2	34.783	230	132	6	2	222	281	501	9.46e-39	140	241	501	92	XP_035431398.2 juvenile hormone esterase-like [Spodoptera frugiperda]
TRINITY_DN665_c0_g1_i2.p1	XP_035451693.2	32.653	245	143	6	3	232	283	520	3.27e-38	139	241	528	95	XP_035451693.2 juvenile hormone esterase [Spodoptera frugiperda]
TRINITY_DN665_c0_g1_i2.p1	XP_035451694.2	31.837	245	145	4	3	232	280	517	9.76e-37	135	241	521	95	XP_035451694.2 juvenile hormone esterase-like [Spodoptera frugiperda]
TRINITY_DN665_c0_g1_i2.p1	XP_035459067.2	31.349	252	148	6	2	234	292	537	5.10e-31	120	241	546	97	XP_035459067.2 bile salt-activated lipase [Spodoptera frugiperda]
TRINITY_DN665_c0_g1_i2.p1	XP_035457497.2	31.727	249	135	6	1	233	277	506	1.68e-28	113	241	522	97	XP_035457497.2 cholinesterase 1 [Spodoptera frugiperda]
TRINITY_DN665_c0_g1_i2.p1	XP_050550706.1	31.128	257	146	8	2	236	298	545	2.62e-26	107	241	545	98	XP_050550706.1 cholinesterase 2-like [Spodoptera frugiperda]
TRINITY_DN665_c0_g1_i2.p1	XP_050550705.1	31.128	257	146	8	2	236	298	545	2.62e-26	107	241	545	98	XP_050550705.1 cholinesterase 2-like [Spodoptera frugiperda]
TRINITY_DN665_c0_g1_i2.p1	XP_035456134.2	31.890	254	144	8	3	238	392	634	2.84e-26	107	241	844	98	XP_035456134.2 juvenile hormone esterase isoform X1 [Spodoptera frugiperda]
TRINITY_DN665_c0_g1_i2.p1	XP_035456137.2	31.890	254	144	8	3	238	282	524	3.17e-26	107	241	734	98	XP_035456137.2 juvenile hormone esterase isoform X3 [Spodoptera frugiperda]
TRINITY_DN665_c0_g1_i2.p1	XP_035456136.2	31.890	254	144	8	3	238	282	524	3.17e-26	107	241	734	98	XP_035456136.2 juvenile hormone esterase isoform X3 [Spodoptera frugiperda]
TRINITY_DN665_c0_g1_i24.p1	XP_050551626.1	70.417	240	67	2	1	239	292	528	4.13e-114	352	243	1092	98	XP_050551626.1 uncharacterized protein LOC118275740 [Spodoptera frugiperda]
TRINITY_DN665_c0_g1_i24.p1	XP_050551626.1	39.921	253	127	6	2	236	846	1091	1.72e-50	177	243	1092	98	XP_050551626.1 uncharacterized protein LOC118275740 [Spodoptera frugiperda]
TRINITY_DN665_c0_g1_i24.p1	XP_035449880.2	58.506	241	98	2	1	239	311	551	5.41e-92	282	243	590	98	XP_035449880.2 para-nitrobenzyl esterase-like [Spodoptera frugiperda]
TRINITY_DN665_c0_g1_i24.p1	XP_035449861.2	52.549	255	96	5	2	238	296	543	1.57e-85	265	243	548	98	XP_035449861.2 cholinesterase 2-like [Spodoptera frugiperda]
TRINITY_DN665_c0_g1_i24.p1	XP_050551352.1	52.941	255	95	5	2	238	296	543	2.33e-85	264	243	548	98	XP_050551352.1 cholinesterase 2-like [Spodoptera frugiperda]
TRINITY_DN665_c0_g1_i24.p1	XP_035449450.2	51.181	254	100	5	2	238	296	542	1.59e-82	256	243	547	98	XP_035449450.2 esterase FE4-like [Spodoptera frugiperda]
TRINITY_DN665_c0_g1_i24.p1	XP_050551354.1	50.787	254	101	5	2	238	296	542	3.02e-82	256	243	547	98	XP_050551354.1 esterase FE4-like isoform X2 [Spodoptera frugiperda]
TRINITY_DN665_c0_g1_i24.p1	XP_050551353.1	50.787	254	101	5	2	238	296	542	5.28e-82	255	243	547	98	XP_050551353.1 venom carboxylesterase-6-like isoform X1 [Spodoptera frugiperda]
TRINITY_DN665_c0_g1_i24.p1	XP_035449447.2	50.593	253	101	5	2	237	296	541	1.25e-79	249	243	547	97	XP_035449447.2 cholinesterase 2-like [Spodoptera frugiperda]
TRINITY_DN665_c0_g1_i24.p1	XP_050551355.1	48.425	254	107	5	2	238	296	542	5.49e-78	245	243	547	98	XP_050551355.1 esterase FE4-like isoform X3 [Spodoptera frugiperda]
TRINITY_DN665_c0_g1_i24.p1	XP_035449863.2	43.969	257	120	5	2	241	297	546	9.85e-70	223	243	549	99	XP_035449863.2 juvenile hormone esterase-like [Spodoptera frugiperda]
TRINITY_DN665_c0_g1_i24.p1	XP_035449830.2	44.400	250	115	5	2	234	291	533	2.62e-67	217	243	549	96	XP_035449830.2 cholinesterase 2-like [Spodoptera frugiperda]
TRINITY_DN665_c0_g1_i24.p1	XP_035450352.2	42.529	261	117	6	1	239	293	542	4.28e-55	185	243	547	98	XP_035450352.2 bile salt-activated lipase [Spodoptera frugiperda]
TRINITY_DN665_c0_g1_i24.p1	XP_035432002.2	38.314	261	130	6	1	237	289	542	5.03e-51	174	243	543	98	XP_035432002.2 cholinesterase 2-like [Spodoptera frugiperda]
TRINITY_DN665_c0_g1_i24.p1	XP_035430306.2	36.759	253	126	10	1	232	285	524	9.48e-42	149	243	534	95	XP_035430306.2 bile salt-activated lipase [Spodoptera frugiperda]
TRINITY_DN665_c0_g1_i24.p1	XP_035450363.2	34.866	261	139	8	1	239	290	541	2.07e-40	146	243	570	98	XP_035450363.2 esterase B1-like [Spodoptera frugiperda]
TRINITY_DN665_c0_g1_i24.p1	XP_035451693.2	32.653	245	143	6	3	232	283	520	2.31e-38	140	243	528	95	XP_035451693.2 juvenile hormone esterase [Spodoptera frugiperda]
TRINITY_DN665_c0_g1_i24.p1	XP_035451694.2	32.653	245	143	5	3	232	280	517	3.82e-38	139	243	521	95	XP_035451694.2 juvenile hormone esterase-like [Spodoptera frugiperda]
TRINITY_DN665_c0_g1_i24.p1	XP_035431398.2	34.632	231	131	7	2	222	281	501	1.57e-37	137	243	501	91	XP_035431398.2 juvenile hormone esterase-like [Spodoptera frugiperda]
TRINITY_DN665_c0_g1_i24.p1	XP_035459067.2	31.746	252	147	6	2	234	292	537	1.65e-31	121	243	546	96	XP_035459067.2 bile salt-activated lipase [Spodoptera frugiperda]
TRINITY_DN665_c0_g1_i24.p1	XP_035457497.2	31.621	253	138	6	1	237	277	510	1.25e-26	107	243	522	98	XP_035457497.2 cholinesterase 1 [Spodoptera frugiperda]
TRINITY_DN665_c0_g1_i24.p1	XP_035456134.2	30.739	257	143	8	3	238	392	634	3.49e-25	104	243	844	97	XP_035456134.2 juvenile hormone esterase isoform X1 [Spodoptera frugiperda]
TRINITY_DN665_c0_g1_i24.p1	XP_035456137.2	30.739	257	143	8	3	238	282	524	3.58e-25	104	243	734	97	XP_035456137.2 juvenile hormone esterase isoform X3 [Spodoptera frugiperda]
TRINITY_DN665_c0_g1_i24.p1	XP_035456136.2	30.739	257	143	8	3	238	282	524	3.58e-25	104	243	734	97	XP_035456136.2 juvenile hormone esterase isoform X3 [Spodoptera frugiperda]
TRINITY_DN665_c0_g1_i24.p1	XP_035456135.2	30.739	257	143	8	3	238	298	540	3.86e-25	103	243	750	97	XP_035456135.2 juvenile hormone esterase isoform X2 [Spodoptera frugiperda]
TRINITY_DN665_c0_g1_i24.p1	XP_035449615.1	28.571	252	147	10	9	233	386	631	1.39e-22	96.7	243	645	93	XP_035449615.1 venom carboxylesterase-6 [Spodoptera frugiperda]
TRINITY_DN665_c0_g1_i27.p1	XP_050551626.1	73.823	531	133	3	1	528	1	528	0.0	821	532	1092	99	XP_050551626.1 uncharacterized protein LOC118275740 [Spodoptera frugiperda]
TRINITY_DN665_c0_g1_i27.p1	XP_050551626.1	47.359	549	254	10	1	525	554	1091	3.18e-165	498	532	1092	99	XP_050551626.1 uncharacterized protein LOC118275740 [Spodoptera frugiperda]
TRINITY_DN665_c0_g1_i27.p1	XP_035449861.2	59.817	545	193	6	1	527	7	543	0.0	666	532	548	99	XP_035449861.2 cholinesterase 2-like [Spodoptera frugiperda]
TRINITY_DN665_c0_g1_i27.p1	XP_050551352.1	59.450	545	195	6	1	527	7	543	0.0	654	532	548	99	XP_050551352.1 cholinesterase 2-like [Spodoptera frugiperda]
TRINITY_DN665_c0_g1_i27.p1	XP_035449450.2	58.088	544	203	6	1	527	7	542	0.0	638	532	547	99	XP_035449450.2 esterase FE4-like [Spodoptera frugiperda]
TRINITY_DN665_c0_g1_i27.p1	XP_050551354.1	58.088	544	203	6	1	527	7	542	0.0	636	532	547	99	XP_050551354.1 esterase FE4-like isoform X2 [Spodoptera frugiperda]
TRINITY_DN665_c0_g1_i27.p1	XP_035449880.2	59.417	515	205	4	18	528	37	551	0.0	628	532	590	96	XP_035449880.2 para-nitrobenzyl esterase-like [Spodoptera frugiperda]
TRINITY_DN665_c0_g1_i27.p1	XP_050551355.1	57.169	544	208	6	1	527	7	542	0.0	622	532	547	99	XP_050551355.1 esterase FE4-like isoform X3 [Spodoptera frugiperda]
TRINITY_DN665_c0_g1_i27.p1	XP_050551353.1	57.353	544	207	6	1	527	7	542	0.0	621	532	547	99	XP_050551353.1 venom carboxylesterase-6-like isoform X1 [Spodoptera frugiperda]
TRINITY_DN665_c0_g1_i27.p1	XP_035449447.2	57.643	543	205	6	1	526	7	541	0.0	617	532	547	99	XP_035449447.2 cholinesterase 2-like [Spodoptera frugiperda]
TRINITY_DN665_c0_g1_i27.p1	XP_035449863.2	54.089	538	221	7	11	530	17	546	0.0	579	532	549	98	XP_035449863.2 juvenile hormone esterase-like [Spodoptera frugiperda]
TRINITY_DN665_c0_g1_i27.p1	XP_035449830.2	52.311	541	232	7	1	523	1	533	0.0	569	532	549	98	XP_035449830.2 cholinesterase 2-like [Spodoptera frugiperda]
TRINITY_DN665_c0_g1_i27.p1	XP_035450352.2	48.127	534	241	8	16	528	24	542	1.15e-160	468	532	547	96	XP_035450352.2 bile salt-activated lipase [Spodoptera frugiperda]
TRINITY_DN665_c0_g1_i27.p1	XP_035432002.2	44.000	550	266	9	4	526	8	542	1.15e-155	456	532	543	98	XP_035432002.2 cholinesterase 2-like [Spodoptera frugiperda]
TRINITY_DN665_c0_g1_i27.p1	XP_035430306.2	42.418	521	262	14	22	521	21	524	5.66e-137	407	532	534	94	XP_035430306.2 bile salt-activated lipase [Spodoptera frugiperda]
TRINITY_DN665_c0_g1_i27.p1	XP_035450363.2	40.255	549	286	12	5	528	10	541	8.53e-130	390	532	570	98	XP_035450363.2 esterase B1-like [Spodoptera frugiperda]
TRINITY_DN665_c0_g1_i27.p1	XP_035431398.2	42.308	520	263	14	5	511	6	501	6.02e-120	362	532	501	95	XP_035431398.2 juvenile hormone esterase-like [Spodoptera frugiperda]
TRINITY_DN665_c0_g1_i27.p1	XP_035451694.2	37.148	533	298	10	5	521	6	517	5.95e-110	337	532	521	97	XP_035451694.2 juvenile hormone esterase-like [Spodoptera frugiperda]
TRINITY_DN665_c0_g1_i27.p1	XP_035451693.2	38.058	515	282	12	24	521	26	520	4.28e-105	325	532	528	94	XP_035451693.2 juvenile hormone esterase [Spodoptera frugiperda]
TRINITY_DN665_c0_g1_i27.p1	XP_035457497.2	34.387	538	295	15	5	522	7	506	5.56e-89	283	532	522	97	XP_035457497.2 cholinesterase 1 [Spodoptera frugiperda]
TRINITY_DN665_c0_g1_i27.p1	XP_035459067.2	34.351	524	313	11	22	523	23	537	6.98e-88	281	532	546	94	XP_035459067.2 bile salt-activated lipase [Spodoptera frugiperda]
TRINITY_DN665_c0_g1_i27.p1	XP_035428784.2	34.709	533	308	15	18	518	27	551	1.01e-87	281	532	564	94	XP_035428784.2 juvenile hormone esterase isoform X1 [Spodoptera frugiperda]
TRINITY_DN665_c0_g1_i27.p1	XP_035428785.2	34.717	530	306	15	21	518	3	524	1.98e-87	280	532	537	94	XP_035428785.2 juvenile hormone esterase isoform X2 [Spodoptera frugiperda]
TRINITY_DN665_c0_g1_i27.p1	XP_050550706.1	33.698	549	320	15	5	525	13	545	4.29e-85	274	532	545	98	XP_050550706.1 cholinesterase 2-like [Spodoptera frugiperda]
TRINITY_DN665_c0_g1_i27.p1	XP_050550705.1	33.698	549	320	15	5	525	13	545	4.29e-85	274	532	545	98	XP_050550705.1 cholinesterase 2-like [Spodoptera frugiperda]
TRINITY_DN665_c0_g1_i27.p1	XP_035435396.2	33.158	570	325	17	1	531	1	553	3.14e-82	267	532	560	99	XP_035435396.2 juvenile hormone esterase isoform X2 [Spodoptera frugiperda]
TRINITY_DN665_c0_g1_i28.p1	XP_050551626.1	72.531	324	85	2	1	323	208	528	1.13e-165	490	327	1092	99	XP_050551626.1 uncharacterized protein LOC118275740 [Spodoptera frugiperda]
TRINITY_DN665_c0_g1_i28.p1	XP_050551626.1	39.181	342	177	8	1	320	759	1091	1.63e-66	226	327	1092	99	XP_050551626.1 uncharacterized protein LOC118275740 [Spodoptera frugiperda]
TRINITY_DN665_c0_g1_i28.p1	XP_035449880.2	58.769	325	132	2	1	323	227	551	1.65e-133	392	327	590	99	XP_035449880.2 para-nitrobenzyl esterase-like [Spodoptera frugiperda]
TRINITY_DN665_c0_g1_i28.p1	XP_035449861.2	52.059	340	138	5	1	322	211	543	2.01e-118	352	327	548	98	XP_035449861.2 cholinesterase 2-like [Spodoptera frugiperda]
TRINITY_DN665_c0_g1_i28.p1	XP_050551352.1	52.059	340	138	5	1	322	211	543	1.02e-117	350	327	548	98	XP_050551352.1 cholinesterase 2-like [Spodoptera frugiperda]
TRINITY_DN665_c0_g1_i28.p1	XP_050551354.1	49.704	338	146	5	2	322	212	542	1.04e-109	330	327	547	98	XP_050551354.1 esterase FE4-like isoform X2 [Spodoptera frugiperda]
TRINITY_DN665_c0_g1_i28.p1	XP_035449450.2	50.296	338	144	5	2	322	212	542	1.29e-109	330	327	547	98	XP_035449450.2 esterase FE4-like [Spodoptera frugiperda]
TRINITY_DN665_c0_g1_i28.p1	XP_050551353.1	49.704	338	146	5	2	322	212	542	1.55e-109	330	327	547	98	XP_050551353.1 venom carboxylesterase-6-like isoform X1 [Spodoptera frugiperda]
TRINITY_DN665_c0_g1_i28.p1	XP_035449447.2	49.258	337	147	5	2	321	212	541	9.21e-108	325	327	547	98	XP_035449447.2 cholinesterase 2-like [Spodoptera frugiperda]
TRINITY_DN665_c0_g1_i28.p1	XP_050551355.1	48.083	339	152	5	1	322	211	542	2.53e-104	316	327	547	98	XP_050551355.1 esterase FE4-like isoform X3 [Spodoptera frugiperda]
TRINITY_DN665_c0_g1_i28.p1	XP_035449863.2	45.773	343	161	6	1	325	211	546	2.10e-99	303	327	549	99	XP_035449863.2 juvenile hormone esterase-like [Spodoptera frugiperda]
TRINITY_DN665_c0_g1_i28.p1	XP_035449830.2	45.833	336	157	6	1	318	205	533	8.14e-96	294	327	549	97	XP_035449830.2 cholinesterase 2-like [Spodoptera frugiperda]
TRINITY_DN665_c0_g1_i28.p1	XP_035450352.2	42.643	333	159	5	8	323	225	542	4.12e-77	246	327	547	97	XP_035450352.2 bile salt-activated lipase [Spodoptera frugiperda]
TRINITY_DN665_c0_g1_i28.p1	XP_035432002.2	35.756	344	183	6	1	321	214	542	4.51e-67	219	327	543	98	XP_035432002.2 cholinesterase 2-like [Spodoptera frugiperda]
TRINITY_DN665_c0_g1_i28.p1	XP_035430306.2	36.810	326	172	10	10	316	214	524	3.09e-59	199	327	534	94	XP_035430306.2 bile salt-activated lipase [Spodoptera frugiperda]
TRINITY_DN665_c0_g1_i28.p1	XP_035450363.2	34.111	343	188	9	2	323	216	541	2.84e-55	189	327	570	98	XP_035450363.2 esterase B1-like [Spodoptera frugiperda]
TRINITY_DN665_c0_g1_i28.p1	XP_035431398.2	35.873	315	175	8	1	306	205	501	6.84e-55	187	327	501	94	XP_035431398.2 juvenile hormone esterase-like [Spodoptera frugiperda]
TRINITY_DN665_c0_g1_i28.p1	XP_035451693.2	31.024	332	197	8	1	316	205	520	3.91e-47	167	327	528	97	XP_035451693.2 juvenile hormone esterase [Spodoptera frugiperda]
TRINITY_DN665_c0_g1_i28.p1	XP_035451694.2	30.514	331	199	5	1	316	203	517	4.66e-45	161	327	521	97	XP_035451694.2 juvenile hormone esterase-like [Spodoptera frugiperda]
TRINITY_DN665_c0_g1_i28.p1	XP_035459067.2	28.788	330	209	7	8	318	215	537	8.76e-34	130	327	546	95	XP_035459067.2 bile salt-activated lipase [Spodoptera frugiperda]
TRINITY_DN665_c0_g1_i28.p1	XP_050550706.1	29.565	345	204	11	2	320	214	545	1.05e-33	130	327	545	98	XP_050550706.1 cholinesterase 2-like [Spodoptera frugiperda]
TRINITY_DN665_c0_g1_i28.p1	XP_050550705.1	29.565	345	204	11	2	320	214	545	1.05e-33	130	327	545	98	XP_050550705.1 cholinesterase 2-like [Spodoptera frugiperda]
TRINITY_DN665_c0_g1_i28.p1	XP_035456134.2	31.065	338	198	10	6	322	311	634	7.84e-33	129	327	844	97	XP_035456134.2 juvenile hormone esterase isoform X1 [Spodoptera frugiperda]
TRINITY_DN665_c0_g1_i28.p1	XP_035456137.2	31.065	338	198	10	6	322	201	524	8.84e-33	129	327	734	97	XP_035456137.2 juvenile hormone esterase isoform X3 [Spodoptera frugiperda]
TRINITY_DN665_c0_g1_i28.p1	XP_035456136.2	31.065	338	198	10	6	322	201	524	8.84e-33	129	327	734	97	XP_035456136.2 juvenile hormone esterase isoform X3 [Spodoptera frugiperda]
TRINITY_DN665_c0_g1_i28.p1	XP_035456135.2	31.065	338	198	10	6	322	217	540	9.79e-33	129	327	750	97	XP_035456135.2 juvenile hormone esterase isoform X2 [Spodoptera frugiperda]
TRINITY_DN665_c0_g1_i30.p1	XP_050551626.1	74.436	532	130	3	1	529	1	529	0.0	832	530	1092	99	XP_050551626.1 uncharacterized protein LOC118275740 [Spodoptera frugiperda]
TRINITY_DN665_c0_g1_i30.p1	XP_050551626.1	47.802	546	256	9	1	525	554	1091	5.00e-168	504	530	1092	99	XP_050551626.1 uncharacterized protein LOC118275740 [Spodoptera frugiperda]
TRINITY_DN665_c0_g1_i30.p1	XP_035449861.2	60.917	545	187	6	1	527	7	543	0.0	678	530	548	99	XP_035449861.2 cholinesterase 2-like [Spodoptera frugiperda]
TRINITY_DN665_c0_g1_i30.p1	XP_050551352.1	60.000	545	192	6	1	527	7	543	0.0	667	530	548	99	XP_050551352.1 cholinesterase 2-like [Spodoptera frugiperda]
TRINITY_DN665_c0_g1_i30.p1	XP_035449450.2	59.007	544	198	6	1	527	7	542	0.0	652	530	547	99	XP_035449450.2 esterase FE4-like [Spodoptera frugiperda]
TRINITY_DN665_c0_g1_i30.p1	XP_050551354.1	58.824	544	199	6	1	527	7	542	0.0	650	530	547	99	XP_050551354.1 esterase FE4-like isoform X2 [Spodoptera frugiperda]
TRINITY_DN665_c0_g1_i30.p1	XP_050551353.1	58.824	544	199	6	1	527	7	542	0.0	642	530	547	99	XP_050551353.1 venom carboxylesterase-6-like isoform X1 [Spodoptera frugiperda]
TRINITY_DN665_c0_g1_i30.p1	XP_035449880.2	60.000	515	202	4	18	528	37	551	0.0	638	530	590	96	XP_035449880.2 para-nitrobenzyl esterase-like [Spodoptera frugiperda]
TRINITY_DN665_c0_g1_i30.p1	XP_050551355.1	57.721	544	205	6	1	527	7	542	0.0	637	530	547	99	XP_050551355.1 esterase FE4-like isoform X3 [Spodoptera frugiperda]
TRINITY_DN665_c0_g1_i30.p1	XP_035449447.2	58.011	543	203	6	1	526	7	541	0.0	629	530	547	99	XP_035449447.2 cholinesterase 2-like [Spodoptera frugiperda]
TRINITY_DN665_c0_g1_i30.p1	XP_035449863.2	54.953	535	215	7	11	527	17	543	0.0	590	530	549	98	XP_035449863.2 juvenile hormone esterase-like [Spodoptera frugiperda]
TRINITY_DN665_c0_g1_i30.p1	XP_035449830.2	53.235	541	227	7	1	523	1	533	0.0	580	530	549	99	XP_035449830.2 cholinesterase 2-like [Spodoptera frugiperda]
TRINITY_DN665_c0_g1_i30.p1	XP_035450352.2	48.598	535	239	8	16	529	24	543	5.69e-164	477	530	547	97	XP_035450352.2 bile salt-activated lipase [Spodoptera frugiperda]
TRINITY_DN665_c0_g1_i30.p1	XP_035432002.2	45.091	550	260	9	4	526	8	542	4.07e-159	464	530	543	99	XP_035432002.2 cholinesterase 2-like [Spodoptera frugiperda]
TRINITY_DN665_c0_g1_i30.p1	XP_035430306.2	42.610	521	261	14	22	521	21	524	1.56e-136	406	530	534	94	XP_035430306.2 bile salt-activated lipase [Spodoptera frugiperda]
TRINITY_DN665_c0_g1_i30.p1	XP_035450363.2	40.951	547	287	10	5	529	10	542	5.00e-134	401	530	570	99	XP_035450363.2 esterase B1-like [Spodoptera frugiperda]
TRINITY_DN665_c0_g1_i30.p1	XP_035431398.2	42.308	520	263	14	5	511	6	501	1.24e-121	367	530	501	96	XP_035431398.2 juvenile hormone esterase-like [Spodoptera frugiperda]
TRINITY_DN665_c0_g1_i30.p1	XP_035451694.2	37.899	533	294	10	5	521	6	517	2.74e-114	348	530	521	98	XP_035451694.2 juvenile hormone esterase-like [Spodoptera frugiperda]
TRINITY_DN665_c0_g1_i30.p1	XP_035451693.2	38.252	515	281	12	24	521	26	520	3.96e-106	328	530	528	94	XP_035451693.2 juvenile hormone esterase [Spodoptera frugiperda]
TRINITY_DN665_c0_g1_i30.p1	XP_035457497.2	35.130	538	291	15	5	522	7	506	1.64e-91	290	530	522	98	XP_035457497.2 cholinesterase 1 [Spodoptera frugiperda]
TRINITY_DN665_c0_g1_i30.p1	XP_035428784.2	34.508	539	301	16	18	518	27	551	1.98e-87	280	530	564	95	XP_035428784.2 juvenile hormone esterase isoform X1 [Spodoptera frugiperda]
TRINITY_DN665_c0_g1_i30.p1	XP_035459067.2	34.542	524	312	11	22	523	23	537	2.12e-87	280	530	546	95	XP_035459067.2 bile salt-activated lipase [Spodoptera frugiperda]
TRINITY_DN665_c0_g1_i30.p1	XP_035428785.2	34.515	536	299	16	21	518	3	524	4.66e-87	279	530	537	94	XP_035428785.2 juvenile hormone esterase isoform X2 [Spodoptera frugiperda]
TRINITY_DN665_c0_g1_i30.p1	XP_050550706.1	33.880	549	319	15	5	525	13	545	2.68e-86	277	530	545	98	XP_050550706.1 cholinesterase 2-like [Spodoptera frugiperda]
TRINITY_DN665_c0_g1_i30.p1	XP_050550705.1	33.880	549	319	15	5	525	13	545	2.68e-86	277	530	545	98	XP_050550705.1 cholinesterase 2-like [Spodoptera frugiperda]
TRINITY_DN665_c0_g1_i30.p1	XP_035435396.2	32.545	550	328	14	1	521	1	536	3.57e-81	264	530	560	98	XP_035435396.2 juvenile hormone esterase isoform X2 [Spodoptera frugiperda]
TRINITY_DN665_c0_g1_i32.p1	XP_050551626.1	75.431	232	55	1	1	230	147	378	3.91e-121	370	230	1092	100	XP_050551626.1 uncharacterized protein LOC118275740 [Spodoptera frugiperda]
TRINITY_DN665_c0_g1_i32.p1	XP_050551626.1	47.257	237	117	4	1	230	698	933	1.41e-61	208	230	1092	100	XP_050551626.1 uncharacterized protein LOC118275740 [Spodoptera frugiperda]
TRINITY_DN665_c0_g1_i32.p1	XP_035449880.2	67.532	231	73	1	1	229	166	396	7.42e-112	333	230	590	99	XP_035449880.2 para-nitrobenzyl esterase-like [Spodoptera frugiperda]
TRINITY_DN665_c0_g1_i32.p1	XP_035449861.2	61.207	232	87	2	1	230	150	380	1.51e-95	290	230	548	100	XP_035449861.2 cholinesterase 2-like [Spodoptera frugiperda]
TRINITY_DN665_c0_g1_i32.p1	XP_050551352.1	60.776	232	88	2	1	230	150	380	1.93e-95	289	230	548	100	XP_050551352.1 cholinesterase 2-like [Spodoptera frugiperda]
TRINITY_DN665_c0_g1_i32.p1	XP_050551354.1	56.897	232	97	2	1	230	150	380	2.27e-88	271	230	547	100	XP_050551354.1 esterase FE4-like isoform X2 [Spodoptera frugiperda]
TRINITY_DN665_c0_g1_i32.p1	XP_050551353.1	56.466	232	98	2	1	230	150	380	5.37e-88	270	230	547	100	XP_050551353.1 venom carboxylesterase-6-like isoform X1 [Spodoptera frugiperda]
TRINITY_DN665_c0_g1_i32.p1	XP_035449450.2	56.897	232	97	2	1	230	150	380	1.16e-87	269	230	547	100	XP_035449450.2 esterase FE4-like [Spodoptera frugiperda]
TRINITY_DN665_c0_g1_i32.p1	XP_035449447.2	55.603	232	100	2	1	230	150	380	2.46e-84	261	230	547	100	XP_035449447.2 cholinesterase 2-like [Spodoptera frugiperda]
TRINITY_DN665_c0_g1_i32.p1	XP_050551355.1	55.172	232	101	2	1	230	150	380	2.22e-83	258	230	547	100	XP_050551355.1 esterase FE4-like isoform X3 [Spodoptera frugiperda]
TRINITY_DN665_c0_g1_i32.p1	XP_035449863.2	54.506	233	102	2	1	230	150	381	1.65e-82	256	230	549	100	XP_035449863.2 juvenile hormone esterase-like [Spodoptera frugiperda]
TRINITY_DN665_c0_g1_i32.p1	XP_035449830.2	52.361	233	107	2	1	230	144	375	2.60e-80	250	230	549	100	XP_035449830.2 cholinesterase 2-like [Spodoptera frugiperda]
TRINITY_DN665_c0_g1_i32.p1	XP_035450352.2	50.216	231	107	2	1	230	157	380	2.11e-68	219	230	547	100	XP_035450352.2 bile salt-activated lipase [Spodoptera frugiperda]
TRINITY_DN665_c0_g1_i32.p1	XP_035432002.2	44.397	232	120	3	1	230	153	377	1.33e-61	202	230	543	100	XP_035432002.2 cholinesterase 2-like [Spodoptera frugiperda]
TRINITY_DN665_c0_g1_i32.p1	XP_035450363.2	44.444	234	115	5	2	230	155	378	4.70e-57	190	230	570	99	XP_035450363.2 esterase B1-like [Spodoptera frugiperda]
TRINITY_DN665_c0_g1_i32.p1	XP_035431398.2	43.478	230	117	4	2	229	145	363	1.41e-53	180	230	501	99	XP_035431398.2 juvenile hormone esterase-like [Spodoptera frugiperda]
TRINITY_DN665_c0_g1_i32.p1	XP_035430306.2	43.043	230	119	8	1	229	146	364	3.14e-52	177	230	534	99	XP_035430306.2 bile salt-activated lipase [Spodoptera frugiperda]
TRINITY_DN665_c0_g1_i32.p1	XP_035428785.2	39.024	246	127	6	1	230	135	373	8.70e-47	162	230	537	100	XP_035428785.2 juvenile hormone esterase isoform X2 [Spodoptera frugiperda]
TRINITY_DN665_c0_g1_i32.p1	XP_035428784.2	39.024	246	127	6	1	230	162	400	1.31e-46	162	230	564	100	XP_035428784.2 juvenile hormone esterase isoform X1 [Spodoptera frugiperda]
TRINITY_DN665_c0_g1_i32.p1	XP_035451693.2	38.197	233	132	5	1	228	144	369	4.02e-45	158	230	528	99	XP_035451693.2 juvenile hormone esterase [Spodoptera frugiperda]
TRINITY_DN665_c0_g1_i32.p1	XP_035451694.2	38.559	236	130	4	1	230	142	368	1.28e-41	148	230	521	100	XP_035451694.2 juvenile hormone esterase-like [Spodoptera frugiperda]
TRINITY_DN665_c0_g1_i32.p1	XP_050550706.1	35.745	235	146	5	1	230	152	386	1.78e-38	140	230	545	100	XP_050550706.1 cholinesterase 2-like [Spodoptera frugiperda]
TRINITY_DN665_c0_g1_i32.p1	XP_050550705.1	35.745	235	146	5	1	230	152	386	1.78e-38	140	230	545	100	XP_050550705.1 cholinesterase 2-like [Spodoptera frugiperda]
TRINITY_DN665_c0_g1_i32.p1	XP_050561842.1	43.169	183	99	3	1	178	131	313	2.73e-38	139	230	528	77	XP_050561842.1 juvenile hormone esterase isoform X4 [Spodoptera frugiperda]
TRINITY_DN665_c0_g1_i32.p1	XP_050561841.1	43.169	183	99	3	1	178	131	313	2.73e-38	139	230	528	77	XP_050561841.1 juvenile hormone esterase isoform X4 [Spodoptera frugiperda]
TRINITY_DN665_c0_g1_i32.p1	XP_050561840.1	43.169	183	99	3	1	178	131	313	2.73e-38	139	230	528	77	XP_050561840.1 juvenile hormone esterase isoform X4 [Spodoptera frugiperda]
TRINITY_DN665_c0_g1_i35.p1	XP_050551626.1	65.563	151	48	2	1	150	315	462	2.35e-60	201	150	1092	100	XP_050551626.1 uncharacterized protein LOC118275740 [Spodoptera frugiperda]
TRINITY_DN665_c0_g1_i35.p1	XP_050551626.1	30.539	167	92	5	1	150	869	1028	4.00e-18	80.5	150	1092	100	XP_050551626.1 uncharacterized protein LOC118275740 [Spodoptera frugiperda]
TRINITY_DN665_c0_g1_i35.p1	XP_035449880.2	51.974	152	71	2	1	150	334	485	8.22e-44	152	150	590	100	XP_035449880.2 para-nitrobenzyl esterase-like [Spodoptera frugiperda]
TRINITY_DN665_c0_g1_i35.p1	XP_050551352.1	46.429	168	65	5	1	150	318	478	7.02e-41	143	150	548	100	XP_050551352.1 cholinesterase 2-like [Spodoptera frugiperda]
TRINITY_DN665_c0_g1_i35.p1	XP_035449861.2	46.429	168	65	5	1	150	318	478	7.86e-41	143	150	548	100	XP_035449861.2 cholinesterase 2-like [Spodoptera frugiperda]
TRINITY_DN665_c0_g1_i35.p1	XP_035449450.2	47.904	167	63	5	1	150	318	477	2.48e-40	142	150	547	100	XP_035449450.2 esterase FE4-like [Spodoptera frugiperda]
TRINITY_DN665_c0_g1_i35.p1	XP_050551354.1	47.305	167	64	5	1	150	318	477	3.11e-40	142	150	547	100	XP_050551354.1 esterase FE4-like isoform X2 [Spodoptera frugiperda]
TRINITY_DN665_c0_g1_i35.p1	XP_050551353.1	47.305	167	64	5	1	150	318	477	3.24e-40	142	150	547	100	XP_050551353.1 venom carboxylesterase-6-like isoform X1 [Spodoptera frugiperda]
TRINITY_DN665_c0_g1_i35.p1	XP_050551355.1	44.311	167	69	5	1	150	318	477	8.40e-37	132	150	547	100	XP_050551355.1 esterase FE4-like isoform X3 [Spodoptera frugiperda]
TRINITY_DN665_c0_g1_i35.p1	XP_035449447.2	44.910	167	68	5	1	150	318	477	9.21e-37	132	150	547	100	XP_035449447.2 cholinesterase 2-like [Spodoptera frugiperda]
TRINITY_DN665_c0_g1_i35.p1	XP_035449830.2	36.527	167	82	5	1	150	313	472	1.48e-24	98.6	150	549	100	XP_035449830.2 cholinesterase 2-like [Spodoptera frugiperda]
TRINITY_DN665_c0_g1_i35.p1	XP_035449863.2	34.524	168	84	6	1	150	319	478	6.88e-23	94.0	150	549	100	XP_035449863.2 juvenile hormone esterase-like [Spodoptera frugiperda]
TRINITY_DN665_c0_g1_i35.p1	XP_035450352.2	35.542	166	84	4	2	150	317	476	1.03e-20	87.8	150	547	99	XP_035450352.2 bile salt-activated lipase [Spodoptera frugiperda]
TRINITY_DN665_c0_g1_i35.p1	XP_035430306.2	34.591	159	79	6	9	150	313	463	4.11e-19	83.2	150	534	95	XP_035430306.2 bile salt-activated lipase [Spodoptera frugiperda]
TRINITY_DN665_c0_g1_i35.p1	XP_035431398.2	32.692	156	88	5	3	150	306	452	1.15e-18	82.0	150	501	99	XP_035431398.2 juvenile hormone esterase-like [Spodoptera frugiperda]
TRINITY_DN665_c0_g1_i35.p1	XP_035432002.2	29.480	173	93	5	1	150	312	478	2.76e-17	78.2	150	543	100	XP_035432002.2 cholinesterase 2-like [Spodoptera frugiperda]
TRINITY_DN665_c0_g1_i35.p1	XP_035451693.2	26.752	157	96	4	8	150	312	463	1.41e-13	67.4	150	528	95	XP_035451693.2 juvenile hormone esterase [Spodoptera frugiperda]
TRINITY_DN665_c0_g1_i35.p1	XP_035451694.2	28.662	157	91	3	8	150	309	458	1.42e-13	67.4	150	521	95	XP_035451694.2 juvenile hormone esterase-like [Spodoptera frugiperda]
TRINITY_DN665_c0_g1_i35.p1	XP_035450363.2	31.200	125	64	5	43	150	356	475	7.39e-13	65.5	150	570	72	XP_035450363.2 esterase B1-like [Spodoptera frugiperda]
TRINITY_DN665_c0_g1_i35.p1	XP_035457497.2	28.986	138	81	2	9	131	299	434	1.11e-11	62.0	150	522	82	XP_035457497.2 cholinesterase 1 [Spodoptera frugiperda]
TRINITY_DN665_c0_g1_i35.p1	XP_035459067.2	25.444	169	102	5	1	150	314	477	1.77e-09	55.5	150	546	100	XP_035459067.2 bile salt-activated lipase [Spodoptera frugiperda]
TRINITY_DN665_c0_g1_i35.p1	XP_050550706.1	28.994	169	91	6	3	150	323	483	6.45e-08	51.2	150	545	99	XP_050550706.1 cholinesterase 2-like [Spodoptera frugiperda]
TRINITY_DN665_c0_g1_i35.p1	XP_050550705.1	28.994	169	91	6	3	150	323	483	6.45e-08	51.2	150	545	99	XP_050550705.1 cholinesterase 2-like [Spodoptera frugiperda]
TRINITY_DN665_c0_g1_i35.p1	XP_035449615.1	29.592	98	51	3	41	121	446	542	5.56e-07	48.5	150	645	54	XP_035449615.1 venom carboxylesterase-6 [Spodoptera frugiperda]
TRINITY_DN665_c0_g1_i35.p1	XP_035449614.1	29.592	98	51	3	41	121	446	542	5.56e-07	48.5	150	645	54	XP_035449614.1 venom carboxylesterase-6 [Spodoptera frugiperda]
TRINITY_DN665_c0_g1_i35.p1	XP_035430264.2	25.000	108	78	2	5	109	316	423	7.24e-07	48.1	150	562	70	XP_035430264.2 acetylcholinesterase [Spodoptera frugiperda]
TRINITY_DN665_c0_g1_i36.p1	XP_050551626.1	74.200	531	131	3	1	528	1	528	0.0	825	532	1092	99	XP_050551626.1 uncharacterized protein LOC118275740 [Spodoptera frugiperda]
TRINITY_DN665_c0_g1_i36.p1	XP_050551626.1	47.541	549	253	10	1	525	554	1091	2.69e-166	500	532	1092	99	XP_050551626.1 uncharacterized protein LOC118275740 [Spodoptera frugiperda]
TRINITY_DN665_c0_g1_i36.p1	XP_035449861.2	60.367	545	190	6	1	527	7	543	0.0	671	532	548	99	XP_035449861.2 cholinesterase 2-like [Spodoptera frugiperda]
TRINITY_DN665_c0_g1_i36.p1	XP_050551352.1	59.450	545	195	6	1	527	7	543	0.0	660	532	548	99	XP_050551352.1 cholinesterase 2-like [Spodoptera frugiperda]
TRINITY_DN665_c0_g1_i36.p1	XP_035449450.2	58.456	544	201	6	1	527	7	542	0.0	646	532	547	99	XP_035449450.2 esterase FE4-like [Spodoptera frugiperda]
TRINITY_DN665_c0_g1_i36.p1	XP_050551354.1	58.272	544	202	6	1	527	7	542	0.0	642	532	547	99	XP_050551354.1 esterase FE4-like isoform X2 [Spodoptera frugiperda]
TRINITY_DN665_c0_g1_i36.p1	XP_050551353.1	58.272	544	202	6	1	527	7	542	0.0	635	532	547	99	XP_050551353.1 venom carboxylesterase-6-like isoform X1 [Spodoptera frugiperda]
TRINITY_DN665_c0_g1_i36.p1	XP_035449880.2	60.000	515	202	4	18	528	37	551	0.0	634	532	590	96	XP_035449880.2 para-nitrobenzyl esterase-like [Spodoptera frugiperda]
TRINITY_DN665_c0_g1_i36.p1	XP_035449447.2	58.379	543	201	6	1	526	7	541	0.0	630	532	547	99	XP_035449447.2 cholinesterase 2-like [Spodoptera frugiperda]
TRINITY_DN665_c0_g1_i36.p1	XP_050551355.1	57.353	544	207	6	1	527	7	542	0.0	629	532	547	99	XP_050551355.1 esterase FE4-like isoform X3 [Spodoptera frugiperda]
TRINITY_DN665_c0_g1_i36.p1	XP_035449863.2	54.461	538	219	7	11	530	17	546	0.0	585	532	549	98	XP_035449863.2 juvenile hormone esterase-like [Spodoptera frugiperda]
TRINITY_DN665_c0_g1_i36.p1	XP_035449830.2	53.235	541	227	7	1	523	1	533	0.0	578	532	549	98	XP_035449830.2 cholinesterase 2-like [Spodoptera frugiperda]
TRINITY_DN665_c0_g1_i36.p1	XP_035450352.2	48.127	534	241	8	16	528	24	542	6.60e-162	471	532	547	96	XP_035450352.2 bile salt-activated lipase [Spodoptera frugiperda]
TRINITY_DN665_c0_g1_i36.p1	XP_035432002.2	44.727	550	262	9	4	526	8	542	3.05e-158	462	532	543	98	XP_035432002.2 cholinesterase 2-like [Spodoptera frugiperda]
TRINITY_DN665_c0_g1_i36.p1	XP_035430306.2	42.418	521	262	14	22	521	21	524	2.71e-137	408	532	534	94	XP_035430306.2 bile salt-activated lipase [Spodoptera frugiperda]
TRINITY_DN665_c0_g1_i36.p1	XP_035450363.2	40.619	549	284	12	5	528	10	541	1.24e-132	397	532	570	98	XP_035450363.2 esterase B1-like [Spodoptera frugiperda]
TRINITY_DN665_c0_g1_i36.p1	XP_035431398.2	42.308	520	263	14	5	511	6	501	3.05e-120	363	532	501	95	XP_035431398.2 juvenile hormone esterase-like [Spodoptera frugiperda]
TRINITY_DN665_c0_g1_i36.p1	XP_035451694.2	37.711	533	295	10	5	521	6	517	4.31e-113	345	532	521	97	XP_035451694.2 juvenile hormone esterase-like [Spodoptera frugiperda]
TRINITY_DN665_c0_g1_i36.p1	XP_035451693.2	38.447	515	280	12	24	521	26	520	4.82e-107	330	532	528	94	XP_035451693.2 juvenile hormone esterase [Spodoptera frugiperda]
TRINITY_DN665_c0_g1_i36.p1	XP_035457497.2	34.758	538	293	15	5	522	7	506	1.50e-90	287	532	522	97	XP_035457497.2 cholinesterase 1 [Spodoptera frugiperda]
TRINITY_DN665_c0_g1_i36.p1	XP_035428784.2	35.065	539	298	16	18	518	27	551	1.99e-90	288	532	564	94	XP_035428784.2 juvenile hormone esterase isoform X1 [Spodoptera frugiperda]
TRINITY_DN665_c0_g1_i36.p1	XP_035428785.2	35.075	536	296	16	21	518	3	524	3.71e-90	287	532	537	94	XP_035428785.2 juvenile hormone esterase isoform X2 [Spodoptera frugiperda]
TRINITY_DN665_c0_g1_i36.p1	XP_035459067.2	34.351	524	313	11	22	523	23	537	1.31e-88	283	532	546	94	XP_035459067.2 bile salt-activated lipase [Spodoptera frugiperda]
TRINITY_DN665_c0_g1_i36.p1	XP_050550706.1	34.062	549	318	15	5	525	13	545	1.49e-87	280	532	545	98	XP_050550706.1 cholinesterase 2-like [Spodoptera frugiperda]
TRINITY_DN665_c0_g1_i36.p1	XP_050550705.1	34.062	549	318	15	5	525	13	545	1.49e-87	280	532	545	98	XP_050550705.1 cholinesterase 2-like [Spodoptera frugiperda]
TRINITY_DN665_c0_g1_i36.p1	XP_035435396.2	32.807	570	327	17	1	531	1	553	3.53e-82	266	532	560	99	XP_035435396.2 juvenile hormone esterase isoform X2 [Spodoptera frugiperda]
TRINITY_DN665_c0_g1_i9.p1	XP_050551626.1	74.200	531	131	3	1	528	1	528	0.0	823	532	1092	99	XP_050551626.1 uncharacterized protein LOC118275740 [Spodoptera frugiperda]
TRINITY_DN665_c0_g1_i9.p1	XP_050551626.1	47.985	546	255	9	1	525	554	1091	1.03e-166	501	532	1092	99	XP_050551626.1 uncharacterized protein LOC118275740 [Spodoptera frugiperda]
TRINITY_DN665_c0_g1_i9.p1	XP_035449861.2	60.183	545	191	6	1	527	7	543	0.0	666	532	548	99	XP_035449861.2 cholinesterase 2-like [Spodoptera frugiperda]
TRINITY_DN665_c0_g1_i9.p1	XP_050551352.1	60.000	545	192	6	1	527	7	543	0.0	659	532	548	99	XP_050551352.1 cholinesterase 2-like [Spodoptera frugiperda]
TRINITY_DN665_c0_g1_i9.p1	XP_035449450.2	58.272	544	202	6	1	527	7	542	0.0	644	532	547	99	XP_035449450.2 esterase FE4-like [Spodoptera frugiperda]
TRINITY_DN665_c0_g1_i9.p1	XP_050551354.1	58.272	544	202	6	1	527	7	542	0.0	640	532	547	99	XP_050551354.1 esterase FE4-like isoform X2 [Spodoptera frugiperda]
TRINITY_DN665_c0_g1_i9.p1	XP_035449880.2	60.194	515	201	4	18	528	37	551	0.0	631	532	590	96	XP_035449880.2 para-nitrobenzyl esterase-like [Spodoptera frugiperda]
TRINITY_DN665_c0_g1_i9.p1	XP_050551355.1	57.169	544	208	6	1	527	7	542	0.0	629	532	547	99	XP_050551355.1 esterase FE4-like isoform X3 [Spodoptera frugiperda]
TRINITY_DN665_c0_g1_i9.p1	XP_050551353.1	57.537	544	206	6	1	527	7	542	0.0	626	532	547	99	XP_050551353.1 venom carboxylesterase-6-like isoform X1 [Spodoptera frugiperda]
TRINITY_DN665_c0_g1_i9.p1	XP_035449447.2	57.274	543	207	6	1	526	7	541	0.0	616	532	547	99	XP_035449447.2 cholinesterase 2-like [Spodoptera frugiperda]
TRINITY_DN665_c0_g1_i9.p1	XP_035449863.2	53.717	538	223	7	11	530	17	546	0.0	582	532	549	98	XP_035449863.2 juvenile hormone esterase-like [Spodoptera frugiperda]
TRINITY_DN665_c0_g1_i9.p1	XP_035449830.2	52.126	541	233	7	1	523	1	533	0.0	568	532	549	98	XP_035449830.2 cholinesterase 2-like [Spodoptera frugiperda]
TRINITY_DN665_c0_g1_i9.p1	XP_035450352.2	48.609	539	231	10	16	528	24	542	2.48e-162	473	532	547	96	XP_035450352.2 bile salt-activated lipase [Spodoptera frugiperda]
TRINITY_DN665_c0_g1_i9.p1	XP_035432002.2	45.191	551	258	10	4	526	8	542	5.66e-156	456	532	543	98	XP_035432002.2 cholinesterase 2-like [Spodoptera frugiperda]
TRINITY_DN665_c0_g1_i9.p1	XP_035430306.2	42.256	523	260	15	22	521	21	524	3.94e-135	402	532	534	94	XP_035430306.2 bile salt-activated lipase [Spodoptera frugiperda]
TRINITY_DN665_c0_g1_i9.p1	XP_035450363.2	41.455	550	278	12	5	528	10	541	1.63e-133	400	532	570	98	XP_035450363.2 esterase B1-like [Spodoptera frugiperda]
TRINITY_DN665_c0_g1_i9.p1	XP_035431398.2	42.226	521	262	15	5	511	6	501	4.85e-120	363	532	501	95	XP_035431398.2 juvenile hormone esterase-like [Spodoptera frugiperda]
TRINITY_DN665_c0_g1_i9.p1	XP_035451694.2	37.899	533	294	11	5	521	6	517	1.64e-113	347	532	521	97	XP_035451694.2 juvenile hormone esterase-like [Spodoptera frugiperda]
TRINITY_DN665_c0_g1_i9.p1	XP_035451693.2	37.670	515	284	12	24	521	26	520	1.18e-103	322	532	528	94	XP_035451693.2 juvenile hormone esterase [Spodoptera frugiperda]
TRINITY_DN665_c0_g1_i9.p1	XP_035459067.2	35.115	524	309	11	22	523	23	537	1.28e-89	286	532	546	94	XP_035459067.2 bile salt-activated lipase [Spodoptera frugiperda]
TRINITY_DN665_c0_g1_i9.p1	XP_035457497.2	35.130	538	291	15	5	522	7	506	3.95e-88	281	532	522	97	XP_035457497.2 cholinesterase 1 [Spodoptera frugiperda]
TRINITY_DN665_c0_g1_i9.p1	XP_035428784.2	34.146	533	311	14	18	518	27	551	1.32e-86	278	532	564	94	XP_035428784.2 juvenile hormone esterase isoform X1 [Spodoptera frugiperda]
TRINITY_DN665_c0_g1_i9.p1	XP_035428785.2	34.151	530	309	14	21	518	3	524	2.05e-86	277	532	537	94	XP_035428785.2 juvenile hormone esterase isoform X2 [Spodoptera frugiperda]
TRINITY_DN665_c0_g1_i9.p1	XP_035435396.2	32.628	567	332	16	1	531	1	553	2.32e-81	265	532	560	99	XP_035435396.2 juvenile hormone esterase isoform X2 [Spodoptera frugiperda]
TRINITY_DN665_c0_g1_i9.p1	XP_035435395.2	32.628	567	332	16	1	531	1	553	2.32e-81	265	532	560	99	XP_035435395.2 juvenile hormone esterase isoform X2 [Spodoptera frugiperda]
TRINITY_DN665_c0_g1_i9.p1	XP_035435394.2	32.628	567	332	16	1	531	42	594	8.95e-81	264	532	601	99	XP_035435394.2 juvenile hormone esterase isoform X1 [Spodoptera frugiperda]
TRINITY_DN69_c0_g1_i12.p1	XP_050553603.1	66.727	553	177	6	3	551	1	550	0.0	759	579	554	95	XP_050553603.1 cholinesterase 1 isoform X3 [Spodoptera frugiperda]
TRINITY_DN69_c0_g1_i12.p1	XP_035429429.2	66.727	553	177	6	3	551	1	550	0.0	759	579	554	95	XP_035429429.2 cholinesterase 1 isoform X2 [Spodoptera frugiperda]
TRINITY_DN69_c0_g1_i12.p1	XP_035429431.2	65.399	552	185	5	3	551	1	549	0.0	753	579	553	95	XP_035429431.2 cholinesterase 1 isoform X4 [Spodoptera frugiperda]
TRINITY_DN69_c0_g1_i12.p1	XP_035429428.2	67.219	543	171	6	3	541	1	540	0.0	751	579	557	93	XP_035429428.2 cholinesterase 1 isoform X1 [Spodoptera frugiperda]
TRINITY_DN69_c0_g1_i12.p1	XP_050553601.1	66.421	542	172	6	7	541	5	543	0.0	744	579	560	92	XP_050553601.1 para-nitrobenzyl esterase-like [Spodoptera frugiperda]
TRINITY_DN69_c0_g1_i12.p1	XP_035430420.2	63.419	544	195	4	3	545	1	541	0.0	725	579	554	94	XP_035430420.2 cholinesterase 1 [Spodoptera frugiperda]
TRINITY_DN69_c0_g1_i12.p1	XP_035430003.2	63.321	548	194	5	3	549	1	542	0.0	721	579	545	94	XP_035430003.2 esterase FE4-like [Spodoptera frugiperda]
TRINITY_DN69_c0_g1_i12.p1	XP_035430692.2	62.795	551	197	7	3	548	1	548	0.0	715	579	558	94	XP_035430692.2 juvenile hormone esterase-like isoform X1 [Spodoptera frugiperda]
TRINITY_DN69_c0_g1_i12.p1	XP_050553602.1	62.868	544	194	7	3	541	1	541	0.0	706	579	558	93	XP_050553602.1 juvenile hormone esterase-like isoform X2 [Spodoptera frugiperda]
TRINITY_DN69_c0_g1_i12.p1	XP_050553323.1	60.256	546	213	4	3	547	1	543	0.0	700	579	565	94	XP_050553323.1 cholinesterase 1 [Spodoptera frugiperda]
TRINITY_DN69_c0_g1_i12.p1	XP_035430182.2	53.571	532	238	6	20	547	19	545	0.0	600	579	550	91	XP_035430182.2 esterase FE4-like [Spodoptera frugiperda]
TRINITY_DN69_c0_g1_i12.p1	XP_050553599.1	52.302	543	251	6	9	547	7	545	0.0	565	579	553	93	XP_050553599.1 juvenile hormone esterase-like isoform X3 [Spodoptera frugiperda]
TRINITY_DN69_c0_g1_i12.p1	XP_050553597.1	53.107	531	241	6	21	547	19	545	0.0	564	579	553	91	XP_050553597.1 juvenile hormone esterase-like isoform X1 [Spodoptera frugiperda]
TRINITY_DN69_c0_g1_i12.p1	XP_050553600.1	51.197	543	257	6	9	547	7	545	0.0	547	579	553	93	XP_050553600.1 juvenile hormone esterase-like isoform X4 [Spodoptera frugiperda]
TRINITY_DN69_c0_g1_i12.p1	XP_050553598.1	51.197	543	257	6	9	547	7	545	0.0	546	579	553	93	XP_050553598.1 juvenile hormone esterase-like isoform X2 [Spodoptera frugiperda]
TRINITY_DN69_c0_g1_i12.p1	XP_035430694.2	47.263	548	278	8	6	549	2	542	0.0	534	579	550	94	XP_035430694.2 esterase FE4-like [Spodoptera frugiperda]
TRINITY_DN69_c0_g1_i12.p1	XP_050553307.1	46.564	582	284	12	6	574	2	569	0.0	531	579	569	98	XP_050553307.1 para-nitrobenzyl esterase-like isoform X2 [Spodoptera frugiperda]
TRINITY_DN69_c0_g1_i12.p1	XP_050553309.1	46.392	582	285	12	6	574	2	569	0.0	527	579	569	98	XP_050553309.1 para-nitrobenzyl esterase-like isoform X4 [Spodoptera frugiperda]
TRINITY_DN69_c0_g1_i12.p1	XP_035430907.2	46.341	574	285	10	6	571	2	560	0.0	526	579	562	98	XP_035430907.2 cholinesterase 1-like [Spodoptera frugiperda]
TRINITY_DN69_c0_g1_i12.p1	XP_035430264.2	48.829	555	259	12	6	552	2	539	0.0	525	579	562	94	XP_035430264.2 acetylcholinesterase [Spodoptera frugiperda]
TRINITY_DN69_c0_g1_i12.p1	XP_050553308.1	46.220	582	286	12	6	574	2	569	0.0	524	579	569	98	XP_050553308.1 para-nitrobenzyl esterase-like isoform X3 [Spodoptera frugiperda]
TRINITY_DN69_c0_g1_i12.p1	XP_035430695.2	46.048	582	287	12	6	574	15	582	0.0	523	579	582	98	XP_035430695.2 para-nitrobenzyl esterase-like isoform X1 [Spodoptera frugiperda]
TRINITY_DN69_c0_g1_i12.p1	XP_035430243.2	48.964	531	253	9	19	545	18	534	1.11e-178	516	579	540	91	XP_035430243.2 para-nitrobenzyl esterase-like [Spodoptera frugiperda]
TRINITY_DN69_c0_g1_i12.p1	XP_035429320.2	44.872	546	274	10	6	541	2	530	1.77e-161	474	579	594	93	XP_035429320.2 para-nitrobenzyl esterase-like [Spodoptera frugiperda]
TRINITY_DN69_c0_g1_i12.p1	XP_035449424.2	37.522	573	322	15	3	557	1	555	5.29e-116	356	579	556	96	XP_035449424.2 esterase FE4-like [Spodoptera frugiperda]
TRINITY_DN69_c0_g1_i15.p1	XP_035429431.2	66.787	554	174	6	3	551	1	549	0.0	762	579	553	95	XP_035429431.2 cholinesterase 1 isoform X4 [Spodoptera frugiperda]
TRINITY_DN69_c0_g1_i15.p1	XP_050553603.1	68.354	553	168	6	3	551	1	550	0.0	761	579	554	95	XP_050553603.1 cholinesterase 1 isoform X3 [Spodoptera frugiperda]
TRINITY_DN69_c0_g1_i15.p1	XP_035429429.2	68.354	553	168	6	3	551	1	550	0.0	761	579	554	95	XP_035429429.2 cholinesterase 1 isoform X2 [Spodoptera frugiperda]
TRINITY_DN69_c0_g1_i15.p1	XP_035429428.2	68.877	543	162	6	3	541	1	540	0.0	754	579	557	93	XP_035429428.2 cholinesterase 1 isoform X1 [Spodoptera frugiperda]
TRINITY_DN69_c0_g1_i15.p1	XP_050553601.1	68.066	548	161	7	3	541	1	543	0.0	750	579	560	93	XP_050553601.1 para-nitrobenzyl esterase-like [Spodoptera frugiperda]
TRINITY_DN69_c0_g1_i15.p1	XP_035430420.2	65.018	546	183	5	3	545	1	541	0.0	740	579	554	94	XP_035430420.2 cholinesterase 1 [Spodoptera frugiperda]
TRINITY_DN69_c0_g1_i15.p1	XP_035430003.2	64.416	548	188	5	3	549	1	542	0.0	730	579	545	94	XP_035430003.2 esterase FE4-like [Spodoptera frugiperda]
TRINITY_DN69_c0_g1_i15.p1	XP_035430692.2	63.472	553	190	8	3	548	1	548	0.0	720	579	558	94	XP_035430692.2 juvenile hormone esterase-like isoform X1 [Spodoptera frugiperda]
TRINITY_DN69_c0_g1_i15.p1	XP_050553602.1	63.553	546	187	8	3	541	1	541	0.0	712	579	558	93	XP_050553602.1 juvenile hormone esterase-like isoform X2 [Spodoptera frugiperda]
TRINITY_DN69_c0_g1_i15.p1	XP_050553323.1	61.172	546	208	4	3	547	1	543	0.0	712	579	565	94	XP_050553323.1 cholinesterase 1 [Spodoptera frugiperda]
TRINITY_DN69_c0_g1_i15.p1	XP_035430182.2	52.632	532	243	6	20	547	19	545	0.0	592	579	550	91	XP_035430182.2 esterase FE4-like [Spodoptera frugiperda]
TRINITY_DN69_c0_g1_i15.p1	XP_050553599.1	53.039	543	247	6	9	547	7	545	0.0	576	579	553	93	XP_050553599.1 juvenile hormone esterase-like isoform X3 [Spodoptera frugiperda]
TRINITY_DN69_c0_g1_i15.p1	XP_050553597.1	53.861	531	237	6	21	547	19	545	0.0	575	579	553	91	XP_050553597.1 juvenile hormone esterase-like isoform X1 [Spodoptera frugiperda]
TRINITY_DN69_c0_g1_i15.p1	XP_050553600.1	52.118	543	252	6	9	547	7	545	0.0	561	579	553	93	XP_050553600.1 juvenile hormone esterase-like isoform X4 [Spodoptera frugiperda]
TRINITY_DN69_c0_g1_i15.p1	XP_050553598.1	52.118	543	252	6	9	547	7	545	0.0	561	579	553	93	XP_050553598.1 juvenile hormone esterase-like isoform X2 [Spodoptera frugiperda]
TRINITY_DN69_c0_g1_i15.p1	XP_035430694.2	48.452	549	270	9	6	549	2	542	0.0	544	579	550	94	XP_035430694.2 esterase FE4-like [Spodoptera frugiperda]
TRINITY_DN69_c0_g1_i15.p1	XP_050553307.1	46.392	582	285	13	6	574	2	569	0.0	527	579	569	98	XP_050553307.1 para-nitrobenzyl esterase-like isoform X2 [Spodoptera frugiperda]
TRINITY_DN69_c0_g1_i15.p1	XP_050553309.1	46.220	582	286	13	6	574	2	569	0.0	523	579	569	98	XP_050553309.1 para-nitrobenzyl esterase-like isoform X4 [Spodoptera frugiperda]
TRINITY_DN69_c0_g1_i15.p1	XP_050553308.1	46.220	582	286	13	6	574	2	569	4.92e-180	520	579	569	98	XP_050553308.1 para-nitrobenzyl esterase-like isoform X3 [Spodoptera frugiperda]
TRINITY_DN69_c0_g1_i15.p1	XP_035430695.2	46.048	582	287	13	6	574	15	582	6.89e-179	518	579	582	98	XP_035430695.2 para-nitrobenzyl esterase-like isoform X1 [Spodoptera frugiperda]
TRINITY_DN69_c0_g1_i15.p1	XP_035430907.2	45.296	574	291	10	6	571	2	560	6.93e-179	517	579	562	98	XP_035430907.2 cholinesterase 1-like [Spodoptera frugiperda]
TRINITY_DN69_c0_g1_i15.p1	XP_035430243.2	48.776	531	254	9	19	545	18	534	2.53e-178	515	579	540	91	XP_035430243.2 para-nitrobenzyl esterase-like [Spodoptera frugiperda]
TRINITY_DN69_c0_g1_i15.p1	XP_035430264.2	46.667	555	271	12	6	552	2	539	1.20e-173	504	579	562	94	XP_035430264.2 acetylcholinesterase [Spodoptera frugiperda]
TRINITY_DN69_c0_g1_i15.p1	XP_035429320.2	44.505	546	276	11	6	541	2	530	6.11e-159	468	579	594	93	XP_035429320.2 para-nitrobenzyl esterase-like [Spodoptera frugiperda]
TRINITY_DN69_c0_g1_i15.p1	XP_035449424.2	37.961	569	325	13	3	557	1	555	1.07e-120	368	579	556	96	XP_035449424.2 esterase FE4-like [Spodoptera frugiperda]
TRINITY_DN69_c0_g1_i16.p1	XP_050553603.1	81.111	90	17	0	1	90	457	546	5.24e-49	163	102	554	88	XP_050553603.1 cholinesterase 1 isoform X3 [Spodoptera frugiperda]
TRINITY_DN69_c0_g1_i16.p1	XP_035429429.2	81.111	90	17	0	1	90	457	546	5.24e-49	163	102	554	88	XP_035429429.2 cholinesterase 1 isoform X2 [Spodoptera frugiperda]
TRINITY_DN69_c0_g1_i16.p1	XP_035429431.2	80.000	90	18	0	1	90	456	545	2.41e-48	161	102	553	88	XP_035429431.2 cholinesterase 1 isoform X4 [Spodoptera frugiperda]
TRINITY_DN69_c0_g1_i16.p1	XP_035430692.2	73.267	101	27	0	1	101	458	558	4.17e-48	160	102	558	99	XP_035430692.2 juvenile hormone esterase-like isoform X1 [Spodoptera frugiperda]
TRINITY_DN69_c0_g1_i16.p1	XP_035429428.2	81.395	86	16	0	1	86	457	542	5.19e-47	158	102	557	84	XP_035429428.2 cholinesterase 1 isoform X1 [Spodoptera frugiperda]
TRINITY_DN69_c0_g1_i16.p1	XP_050553602.1	75.248	101	25	0	1	101	458	558	5.75e-44	150	102	558	99	XP_050553602.1 juvenile hormone esterase-like isoform X2 [Spodoptera frugiperda]
TRINITY_DN69_c0_g1_i16.p1	XP_050553601.1	73.737	99	26	0	3	101	462	560	9.30e-43	146	102	560	97	XP_050553601.1 para-nitrobenzyl esterase-like [Spodoptera frugiperda]
TRINITY_DN69_c0_g1_i16.p1	XP_035430420.2	70.000	100	30	0	2	101	455	554	5.28e-42	144	102	554	98	XP_035430420.2 cholinesterase 1 [Spodoptera frugiperda]
TRINITY_DN69_c0_g1_i16.p1	XP_035430003.2	67.045	88	29	0	7	94	456	543	7.91e-38	133	102	545	86	XP_035430003.2 esterase FE4-like [Spodoptera frugiperda]
TRINITY_DN69_c0_g1_i16.p1	XP_050553323.1	58.696	92	38	0	2	93	455	546	2.81e-35	126	102	565	90	XP_050553323.1 cholinesterase 1 [Spodoptera frugiperda]
TRINITY_DN69_c0_g1_i16.p1	XP_035430182.2	54.545	88	40	0	4	91	459	546	2.47e-30	112	102	550	86	XP_035430182.2 esterase FE4-like [Spodoptera frugiperda]
TRINITY_DN69_c0_g1_i16.p1	XP_050553598.1	48.958	96	45	2	7	101	461	553	1.24e-27	105	102	553	93	XP_050553598.1 juvenile hormone esterase-like isoform X2 [Spodoptera frugiperda]
TRINITY_DN69_c0_g1_i16.p1	XP_050553600.1	48.958	96	45	2	7	101	461	553	2.76e-27	104	102	553	93	XP_050553600.1 juvenile hormone esterase-like isoform X4 [Spodoptera frugiperda]
TRINITY_DN69_c0_g1_i16.p1	XP_050553599.1	48.958	96	45	2	7	101	461	553	3.08e-27	103	102	553	93	XP_050553599.1 juvenile hormone esterase-like isoform X3 [Spodoptera frugiperda]
TRINITY_DN69_c0_g1_i16.p1	XP_050553597.1	48.958	96	45	2	7	101	461	553	4.94e-27	103	102	553	93	XP_050553597.1 juvenile hormone esterase-like isoform X1 [Spodoptera frugiperda]
TRINITY_DN69_c0_g1_i16.p1	XP_035430694.2	44.944	89	49	0	7	95	457	545	2.75e-24	95.9	102	550	87	XP_035430694.2 esterase FE4-like [Spodoptera frugiperda]
TRINITY_DN69_c0_g1_i16.p1	XP_035430243.2	44.944	89	49	0	3	91	449	537	2.50e-21	87.4	102	540	87	XP_035430243.2 para-nitrobenzyl esterase-like [Spodoptera frugiperda]
TRINITY_DN69_c0_g1_i16.p1	XP_035430695.2	40.206	97	51	3	7	97	466	561	3.44e-17	75.9	102	582	89	XP_035430695.2 para-nitrobenzyl esterase-like isoform X1 [Spodoptera frugiperda]
TRINITY_DN69_c0_g1_i16.p1	XP_050553309.1	40.206	97	51	3	7	97	453	548	4.51e-17	75.5	102	569	89	XP_050553309.1 para-nitrobenzyl esterase-like isoform X4 [Spodoptera frugiperda]
TRINITY_DN69_c0_g1_i16.p1	XP_050553308.1	40.206	97	51	3	7	97	453	548	4.73e-17	75.5	102	569	89	XP_050553308.1 para-nitrobenzyl esterase-like isoform X3 [Spodoptera frugiperda]
TRINITY_DN69_c0_g1_i16.p1	XP_050553307.1	41.053	95	51	3	7	97	453	546	6.15e-17	75.1	102	569	89	XP_050553307.1 para-nitrobenzyl esterase-like isoform X2 [Spodoptera frugiperda]
TRINITY_DN69_c0_g1_i16.p1	XP_035429320.2	39.759	83	49	1	7	88	452	534	7.36e-17	74.7	102	594	80	XP_035429320.2 para-nitrobenzyl esterase-like [Spodoptera frugiperda]
TRINITY_DN69_c0_g1_i16.p1	XP_035430264.2	40.000	85	51	0	6	90	450	534	6.11e-16	72.0	102	562	83	XP_035430264.2 acetylcholinesterase [Spodoptera frugiperda]
TRINITY_DN69_c0_g1_i16.p1	XP_035430907.2	34.118	85	56	0	6	90	450	534	1.41e-13	65.5	102	562	83	XP_035430907.2 cholinesterase 1-like [Spodoptera frugiperda]
TRINITY_DN69_c0_g1_i16.p1	XP_035435407.2	36.000	75	46	2	14	88	500	572	3.84e-09	52.8	102	583	74	XP_035435407.2 esterase E4-like [Spodoptera frugiperda]
TRINITY_DN69_c0_g1_i17.p1	XP_050553603.1	71.143	551	150	7	6	552	1	546	0.0	782	564	554	97	XP_050553603.1 cholinesterase 1 isoform X3 [Spodoptera frugiperda]
TRINITY_DN69_c0_g1_i17.p1	XP_035429429.2	71.143	551	150	7	6	552	1	546	0.0	782	564	554	97	XP_035429429.2 cholinesterase 1 isoform X2 [Spodoptera frugiperda]
TRINITY_DN69_c0_g1_i17.p1	XP_050553601.1	70.578	571	144	9	6	563	1	560	0.0	780	564	560	99	XP_050553601.1 para-nitrobenzyl esterase-like [Spodoptera frugiperda]
TRINITY_DN69_c0_g1_i17.p1	XP_035429428.2	71.115	547	149	7	6	548	1	542	0.0	778	564	557	96	XP_035429428.2 cholinesterase 1 isoform X1 [Spodoptera frugiperda]
TRINITY_DN69_c0_g1_i17.p1	XP_035429431.2	67.210	552	169	7	6	552	1	545	0.0	765	564	553	97	XP_035429431.2 cholinesterase 1 isoform X4 [Spodoptera frugiperda]
TRINITY_DN69_c0_g1_i17.p1	XP_035430692.2	65.133	565	183	9	6	563	1	558	0.0	761	564	558	99	XP_035430692.2 juvenile hormone esterase-like isoform X1 [Spodoptera frugiperda]
TRINITY_DN69_c0_g1_i17.p1	XP_050553602.1	65.487	565	181	9	6	563	1	558	0.0	748	564	558	99	XP_050553602.1 juvenile hormone esterase-like isoform X2 [Spodoptera frugiperda]
TRINITY_DN69_c0_g1_i17.p1	XP_035430420.2	64.758	559	191	5	6	563	1	554	0.0	737	564	554	99	XP_035430420.2 cholinesterase 1 [Spodoptera frugiperda]
TRINITY_DN69_c0_g1_i17.p1	XP_035430003.2	63.158	551	195	5	6	556	1	543	0.0	723	564	545	98	XP_035430003.2 esterase FE4-like [Spodoptera frugiperda]
TRINITY_DN69_c0_g1_i17.p1	XP_050553323.1	61.887	551	204	5	6	555	1	546	0.0	715	564	565	98	XP_050553323.1 cholinesterase 1 [Spodoptera frugiperda]
TRINITY_DN69_c0_g1_i17.p1	XP_050553599.1	54.399	557	240	9	12	563	6	553	0.0	596	564	553	98	XP_050553599.1 juvenile hormone esterase-like isoform X3 [Spodoptera frugiperda]
TRINITY_DN69_c0_g1_i17.p1	XP_050553597.1	54.880	543	232	8	25	563	20	553	0.0	594	564	553	96	XP_050553597.1 juvenile hormone esterase-like isoform X1 [Spodoptera frugiperda]
TRINITY_DN69_c0_g1_i17.p1	XP_050553598.1	54.122	558	240	10	12	563	6	553	0.0	586	564	553	98	XP_050553598.1 juvenile hormone esterase-like isoform X2 [Spodoptera frugiperda]
TRINITY_DN69_c0_g1_i17.p1	XP_035430182.2	52.985	536	241	7	22	553	18	546	0.0	586	564	550	94	XP_035430182.2 esterase FE4-like [Spodoptera frugiperda]
TRINITY_DN69_c0_g1_i17.p1	XP_050553600.1	54.122	558	240	10	12	563	6	553	0.0	585	564	553	98	XP_050553600.1 juvenile hormone esterase-like isoform X4 [Spodoptera frugiperda]
TRINITY_DN69_c0_g1_i17.p1	XP_035430694.2	49.819	552	262	10	9	555	2	543	0.0	558	564	550	97	XP_035430694.2 esterase FE4-like [Spodoptera frugiperda]
TRINITY_DN69_c0_g1_i17.p1	XP_035430243.2	50.278	539	244	11	22	554	18	538	0.0	530	564	540	95	XP_035430243.2 para-nitrobenzyl esterase-like [Spodoptera frugiperda]
TRINITY_DN69_c0_g1_i17.p1	XP_035430264.2	48.457	551	259	12	9	552	2	534	5.58e-177	512	564	562	96	XP_035430264.2 acetylcholinesterase [Spodoptera frugiperda]
TRINITY_DN69_c0_g1_i17.p1	XP_035430907.2	47.177	549	269	9	9	552	2	534	1.89e-176	510	564	562	96	XP_035430907.2 cholinesterase 1-like [Spodoptera frugiperda]
TRINITY_DN69_c0_g1_i17.p1	XP_050553309.1	47.518	564	266	14	9	559	2	548	4.33e-176	510	564	569	98	XP_050553309.1 para-nitrobenzyl esterase-like isoform X4 [Spodoptera frugiperda]
TRINITY_DN69_c0_g1_i17.p1	XP_050553307.1	47.687	562	266	14	9	559	2	546	7.71e-176	509	564	569	98	XP_050553307.1 para-nitrobenzyl esterase-like isoform X2 [Spodoptera frugiperda]
TRINITY_DN69_c0_g1_i17.p1	XP_050553308.1	47.518	564	266	14	9	559	2	548	3.89e-175	507	564	569	98	XP_050553308.1 para-nitrobenzyl esterase-like isoform X3 [Spodoptera frugiperda]
TRINITY_DN69_c0_g1_i17.p1	XP_035430695.2	47.266	567	269	14	6	559	12	561	4.05e-175	508	564	582	98	XP_035430695.2 para-nitrobenzyl esterase-like isoform X1 [Spodoptera frugiperda]
TRINITY_DN69_c0_g1_i17.p1	XP_035429320.2	45.833	552	271	11	8	550	2	534	6.98e-163	477	564	594	96	XP_035429320.2 para-nitrobenzyl esterase-like [Spodoptera frugiperda]
TRINITY_DN69_c0_g1_i17.p1	XP_035449424.2	37.522	565	321	14	11	559	5	553	4.39e-119	363	564	556	97	XP_035449424.2 esterase FE4-like [Spodoptera frugiperda]
TRINITY_DN69_c0_g1_i20.p1	XP_050553603.1	71.143	551	150	7	6	552	1	546	0.0	784	564	554	97	XP_050553603.1 cholinesterase 1 isoform X3 [Spodoptera frugiperda]
TRINITY_DN69_c0_g1_i20.p1	XP_035429429.2	71.143	551	150	7	6	552	1	546	0.0	784	564	554	97	XP_035429429.2 cholinesterase 1 isoform X2 [Spodoptera frugiperda]
TRINITY_DN69_c0_g1_i20.p1	XP_050553601.1	70.578	571	144	9	6	563	1	560	0.0	781	564	560	99	XP_050553601.1 para-nitrobenzyl esterase-like [Spodoptera frugiperda]
TRINITY_DN69_c0_g1_i20.p1	XP_035429428.2	71.115	547	149	7	6	548	1	542	0.0	779	564	557	96	XP_035429428.2 cholinesterase 1 isoform X1 [Spodoptera frugiperda]
TRINITY_DN69_c0_g1_i20.p1	XP_035429431.2	67.210	552	169	7	6	552	1	545	0.0	766	564	553	97	XP_035429431.2 cholinesterase 1 isoform X4 [Spodoptera frugiperda]
TRINITY_DN69_c0_g1_i20.p1	XP_035430692.2	64.779	565	185	9	6	563	1	558	0.0	760	564	558	99	XP_035430692.2 juvenile hormone esterase-like isoform X1 [Spodoptera frugiperda]
TRINITY_DN69_c0_g1_i20.p1	XP_050553602.1	65.133	565	183	9	6	563	1	558	0.0	748	564	558	99	XP_050553602.1 juvenile hormone esterase-like isoform X2 [Spodoptera frugiperda]
TRINITY_DN69_c0_g1_i20.p1	XP_035430420.2	65.295	559	188	5	6	563	1	554	0.0	743	564	554	99	XP_035430420.2 cholinesterase 1 [Spodoptera frugiperda]
TRINITY_DN69_c0_g1_i20.p1	XP_035430003.2	63.702	551	192	5	6	556	1	543	0.0	729	564	545	98	XP_035430003.2 esterase FE4-like [Spodoptera frugiperda]
TRINITY_DN69_c0_g1_i20.p1	XP_050553323.1	61.706	551	205	5	6	555	1	546	0.0	714	564	565	98	XP_050553323.1 cholinesterase 1 [Spodoptera frugiperda]
TRINITY_DN69_c0_g1_i20.p1	XP_050553599.1	54.399	557	240	9	12	563	6	553	0.0	593	564	553	98	XP_050553599.1 juvenile hormone esterase-like isoform X3 [Spodoptera frugiperda]
TRINITY_DN69_c0_g1_i20.p1	XP_035430182.2	53.172	536	240	7	22	553	18	546	0.0	593	564	550	94	XP_035430182.2 esterase FE4-like [Spodoptera frugiperda]
TRINITY_DN69_c0_g1_i20.p1	XP_050553597.1	54.880	543	232	8	25	563	20	553	0.0	592	564	553	96	XP_050553597.1 juvenile hormone esterase-like isoform X1 [Spodoptera frugiperda]
TRINITY_DN69_c0_g1_i20.p1	XP_050553598.1	54.122	558	240	10	12	563	6	553	0.0	584	564	553	98	XP_050553598.1 juvenile hormone esterase-like isoform X2 [Spodoptera frugiperda]
TRINITY_DN69_c0_g1_i20.p1	XP_050553600.1	54.122	558	240	10	12	563	6	553	0.0	583	564	553	98	XP_050553600.1 juvenile hormone esterase-like isoform X4 [Spodoptera frugiperda]
TRINITY_DN69_c0_g1_i20.p1	XP_035430694.2	49.457	552	264	10	9	555	2	543	0.0	557	564	550	97	XP_035430694.2 esterase FE4-like [Spodoptera frugiperda]
TRINITY_DN69_c0_g1_i20.p1	XP_035430243.2	50.464	539	243	11	22	554	18	538	0.0	530	564	540	95	XP_035430243.2 para-nitrobenzyl esterase-like [Spodoptera frugiperda]
TRINITY_DN69_c0_g1_i20.p1	XP_050553309.1	47.872	564	264	14	9	559	2	548	4.32e-177	512	564	569	98	XP_050553309.1 para-nitrobenzyl esterase-like isoform X4 [Spodoptera frugiperda]
TRINITY_DN69_c0_g1_i20.p1	XP_050553307.1	48.043	562	264	14	9	559	2	546	6.19e-177	512	564	569	98	XP_050553307.1 para-nitrobenzyl esterase-like isoform X2 [Spodoptera frugiperda]
TRINITY_DN69_c0_g1_i20.p1	XP_035430264.2	48.457	551	259	12	9	552	2	534	1.18e-176	511	564	562	96	XP_035430264.2 acetylcholinesterase [Spodoptera frugiperda]
TRINITY_DN69_c0_g1_i20.p1	XP_050553308.1	47.872	564	264	14	9	559	2	548	3.60e-176	510	564	569	98	XP_050553308.1 para-nitrobenzyl esterase-like isoform X3 [Spodoptera frugiperda]
TRINITY_DN69_c0_g1_i20.p1	XP_035430695.2	47.619	567	267	14	6	559	12	561	4.41e-176	510	564	582	98	XP_035430695.2 para-nitrobenzyl esterase-like isoform X1 [Spodoptera frugiperda]
TRINITY_DN69_c0_g1_i20.p1	XP_035430907.2	46.995	549	270	9	9	552	2	534	4.60e-176	509	564	562	96	XP_035430907.2 cholinesterase 1-like [Spodoptera frugiperda]
TRINITY_DN69_c0_g1_i20.p1	XP_035429320.2	45.652	552	272	11	8	550	2	534	2.20e-161	473	564	594	96	XP_035429320.2 para-nitrobenzyl esterase-like [Spodoptera frugiperda]
TRINITY_DN69_c0_g1_i20.p1	XP_035449424.2	37.345	565	322	14	11	559	5	553	4.98e-117	358	564	556	97	XP_035449424.2 esterase FE4-like [Spodoptera frugiperda]
TRINITY_DN69_c0_g1_i21.p1	XP_050553323.1	56.291	151	65	1	3	153	1	150	3.17e-59	192	153	565	99	XP_050553323.1 cholinesterase 1 [Spodoptera frugiperda]
TRINITY_DN69_c0_g1_i21.p1	XP_050553601.1	57.895	152	62	2	3	153	1	151	3.65e-58	190	153	560	99	XP_050553601.1 para-nitrobenzyl esterase-like [Spodoptera frugiperda]
TRINITY_DN69_c0_g1_i21.p1	XP_035429431.2	55.629	151	66	1	3	153	1	150	2.06e-57	187	153	553	99	XP_035429431.2 cholinesterase 1 isoform X4 [Spodoptera frugiperda]
TRINITY_DN69_c0_g1_i21.p1	XP_035429428.2	54.605	152	67	2	3	153	1	151	2.95e-55	182	153	557	99	XP_035429428.2 cholinesterase 1 isoform X1 [Spodoptera frugiperda]
TRINITY_DN69_c0_g1_i21.p1	XP_050553603.1	54.605	152	67	2	3	153	1	151	3.36e-55	182	153	554	99	XP_050553603.1 cholinesterase 1 isoform X3 [Spodoptera frugiperda]
TRINITY_DN69_c0_g1_i21.p1	XP_035429429.2	54.605	152	67	2	3	153	1	151	3.36e-55	182	153	554	99	XP_035429429.2 cholinesterase 1 isoform X2 [Spodoptera frugiperda]
TRINITY_DN69_c0_g1_i21.p1	XP_050553602.1	54.967	151	66	2	3	152	1	150	5.74e-54	179	153	558	98	XP_050553602.1 juvenile hormone esterase-like isoform X2 [Spodoptera frugiperda]
TRINITY_DN69_c0_g1_i21.p1	XP_035430692.2	54.967	151	66	2	3	152	1	150	6.78e-54	178	153	558	98	XP_035430692.2 juvenile hormone esterase-like isoform X1 [Spodoptera frugiperda]
TRINITY_DN69_c0_g1_i21.p1	XP_035430003.2	56.164	146	63	1	8	153	6	150	7.90e-53	175	153	545	95	XP_035430003.2 esterase FE4-like [Spodoptera frugiperda]
TRINITY_DN69_c0_g1_i21.p1	XP_035430420.2	50.331	151	74	1	3	153	1	150	3.74e-48	163	153	554	99	XP_035430420.2 cholinesterase 1 [Spodoptera frugiperda]
TRINITY_DN69_c0_g1_i21.p1	XP_050553309.1	50.331	151	65	4	6	153	2	145	1.03e-43	151	153	569	97	XP_050553309.1 para-nitrobenzyl esterase-like isoform X4 [Spodoptera frugiperda]
TRINITY_DN69_c0_g1_i21.p1	XP_050553308.1	50.331	151	65	4	6	153	2	145	1.03e-43	151	153	569	97	XP_050553308.1 para-nitrobenzyl esterase-like isoform X3 [Spodoptera frugiperda]
TRINITY_DN69_c0_g1_i21.p1	XP_050553307.1	50.331	151	65	4	6	153	2	145	1.36e-43	151	153	569	97	XP_050553307.1 para-nitrobenzyl esterase-like isoform X2 [Spodoptera frugiperda]
TRINITY_DN69_c0_g1_i21.p1	XP_035430695.2	49.669	151	66	4	6	153	15	158	5.58e-43	150	153	582	97	XP_035430695.2 para-nitrobenzyl esterase-like isoform X1 [Spodoptera frugiperda]
TRINITY_DN69_c0_g1_i21.p1	XP_035430182.2	49.254	134	64	3	20	153	19	148	1.98e-40	142	153	550	88	XP_035430182.2 esterase FE4-like [Spodoptera frugiperda]
TRINITY_DN69_c0_g1_i21.p1	XP_050553599.1	50.000	146	69	3	9	153	7	149	2.98e-40	142	153	553	95	XP_050553599.1 juvenile hormone esterase-like isoform X3 [Spodoptera frugiperda]
TRINITY_DN69_c0_g1_i21.p1	XP_035430907.2	47.333	150	69	4	6	153	2	143	5.05e-40	141	153	562	97	XP_035430907.2 cholinesterase 1-like [Spodoptera frugiperda]
TRINITY_DN69_c0_g1_i21.p1	XP_050553597.1	52.985	134	59	3	21	153	19	149	8.99e-40	140	153	553	87	XP_050553597.1 juvenile hormone esterase-like isoform X1 [Spodoptera frugiperda]
TRINITY_DN69_c0_g1_i21.p1	XP_035430264.2	46.358	151	70	4	6	153	2	144	3.37e-39	139	153	562	97	XP_035430264.2 acetylcholinesterase [Spodoptera frugiperda]
TRINITY_DN69_c0_g1_i21.p1	XP_050553600.1	47.945	146	72	3	9	153	7	149	9.92e-39	138	153	553	95	XP_050553600.1 juvenile hormone esterase-like isoform X4 [Spodoptera frugiperda]
TRINITY_DN69_c0_g1_i21.p1	XP_050553598.1	47.945	146	72	3	9	153	7	149	1.00e-38	138	153	553	95	XP_050553598.1 juvenile hormone esterase-like isoform X2 [Spodoptera frugiperda]
TRINITY_DN69_c0_g1_i21.p1	XP_035430243.2	50.370	135	60	3	19	153	18	145	2.10e-37	134	153	540	88	XP_035430243.2 para-nitrobenzyl esterase-like [Spodoptera frugiperda]
TRINITY_DN69_c0_g1_i21.p1	XP_035430694.2	42.667	150	82	3	6	153	2	149	2.49e-35	129	153	550	97	XP_035430694.2 esterase FE4-like [Spodoptera frugiperda]
TRINITY_DN69_c0_g1_i21.p1	XP_035429320.2	40.000	150	81	4	6	153	2	144	7.21e-30	114	153	594	97	XP_035429320.2 para-nitrobenzyl esterase-like [Spodoptera frugiperda]
TRINITY_DN69_c0_g1_i21.p1	XP_035449424.2	38.095	147	84	5	3	145	1	144	6.84e-21	88.6	153	556	93	XP_035449424.2 esterase FE4-like [Spodoptera frugiperda]
TRINITY_DN69_c0_g1_i22.p1	XP_050553603.1	70.599	551	153	7	6	552	1	546	0.0	779	564	554	97	XP_050553603.1 cholinesterase 1 isoform X3 [Spodoptera frugiperda]
TRINITY_DN69_c0_g1_i22.p1	XP_035429429.2	70.599	551	153	7	6	552	1	546	0.0	779	564	554	97	XP_035429429.2 cholinesterase 1 isoform X2 [Spodoptera frugiperda]
TRINITY_DN69_c0_g1_i22.p1	XP_050553601.1	70.053	571	147	9	6	563	1	560	0.0	777	564	560	99	XP_050553601.1 para-nitrobenzyl esterase-like [Spodoptera frugiperda]
TRINITY_DN69_c0_g1_i22.p1	XP_035429428.2	70.567	547	152	7	6	548	1	542	0.0	774	564	557	96	XP_035429428.2 cholinesterase 1 isoform X1 [Spodoptera frugiperda]
TRINITY_DN69_c0_g1_i22.p1	XP_035429431.2	66.909	550	174	6	6	552	1	545	0.0	761	564	553	97	XP_035429431.2 cholinesterase 1 isoform X4 [Spodoptera frugiperda]
TRINITY_DN69_c0_g1_i22.p1	XP_035430692.2	64.602	565	186	9	6	563	1	558	0.0	759	564	558	99	XP_035430692.2 juvenile hormone esterase-like isoform X1 [Spodoptera frugiperda]
TRINITY_DN69_c0_g1_i22.p1	XP_050553602.1	64.956	565	184	9	6	563	1	558	0.0	746	564	558	99	XP_050553602.1 juvenile hormone esterase-like isoform X2 [Spodoptera frugiperda]
TRINITY_DN69_c0_g1_i22.p1	XP_035430420.2	65.116	559	189	5	6	563	1	554	0.0	742	564	554	99	XP_035430420.2 cholinesterase 1 [Spodoptera frugiperda]
TRINITY_DN69_c0_g1_i22.p1	XP_035430003.2	63.339	551	194	5	6	556	1	543	0.0	727	564	545	98	XP_035430003.2 esterase FE4-like [Spodoptera frugiperda]
TRINITY_DN69_c0_g1_i22.p1	XP_050553323.1	61.525	551	206	5	6	555	1	546	0.0	712	564	565	98	XP_050553323.1 cholinesterase 1 [Spodoptera frugiperda]
TRINITY_DN69_c0_g1_i22.p1	XP_050553599.1	54.399	557	240	9	12	563	6	553	0.0	592	564	553	98	XP_050553599.1 juvenile hormone esterase-like isoform X3 [Spodoptera frugiperda]
TRINITY_DN69_c0_g1_i22.p1	XP_050553597.1	54.880	543	232	8	25	563	20	553	0.0	591	564	553	96	XP_050553597.1 juvenile hormone esterase-like isoform X1 [Spodoptera frugiperda]
TRINITY_DN69_c0_g1_i22.p1	XP_035430182.2	52.985	536	241	7	22	553	18	546	0.0	590	564	550	94	XP_035430182.2 esterase FE4-like [Spodoptera frugiperda]
TRINITY_DN69_c0_g1_i22.p1	XP_050553598.1	54.122	558	240	10	12	563	6	553	0.0	583	564	553	98	XP_050553598.1 juvenile hormone esterase-like isoform X2 [Spodoptera frugiperda]
TRINITY_DN69_c0_g1_i22.p1	XP_050553600.1	54.122	558	240	10	12	563	6	553	0.0	582	564	553	98	XP_050553600.1 juvenile hormone esterase-like isoform X4 [Spodoptera frugiperda]
TRINITY_DN69_c0_g1_i22.p1	XP_035430694.2	49.275	552	265	10	9	555	2	543	0.0	556	564	550	97	XP_035430694.2 esterase FE4-like [Spodoptera frugiperda]
TRINITY_DN69_c0_g1_i22.p1	XP_035430243.2	50.835	539	241	11	22	554	18	538	0.0	531	564	540	95	XP_035430243.2 para-nitrobenzyl esterase-like [Spodoptera frugiperda]
TRINITY_DN69_c0_g1_i22.p1	XP_035430264.2	49.183	551	255	12	9	552	2	534	4.23e-179	517	564	562	96	XP_035430264.2 acetylcholinesterase [Spodoptera frugiperda]
TRINITY_DN69_c0_g1_i22.p1	XP_050553309.1	47.957	563	265	14	9	559	2	548	1.40e-177	513	564	569	98	XP_050553309.1 para-nitrobenzyl esterase-like isoform X4 [Spodoptera frugiperda]
TRINITY_DN69_c0_g1_i22.p1	XP_035430907.2	47.359	549	268	9	9	552	2	534	1.74e-177	513	564	562	96	XP_035430907.2 cholinesterase 1-like [Spodoptera frugiperda]
TRINITY_DN69_c0_g1_i22.p1	XP_050553307.1	48.128	561	265	14	9	559	2	546	3.15e-177	513	564	569	98	XP_050553307.1 para-nitrobenzyl esterase-like isoform X2 [Spodoptera frugiperda]
TRINITY_DN69_c0_g1_i22.p1	XP_050553308.1	47.957	563	265	14	9	559	2	548	1.72e-176	511	564	569	98	XP_050553308.1 para-nitrobenzyl esterase-like isoform X3 [Spodoptera frugiperda]
TRINITY_DN69_c0_g1_i22.p1	XP_035430695.2	47.703	566	268	14	6	559	12	561	2.35e-176	511	564	582	98	XP_035430695.2 para-nitrobenzyl esterase-like isoform X1 [Spodoptera frugiperda]
TRINITY_DN69_c0_g1_i22.p1	XP_035429320.2	46.014	552	270	12	8	550	2	534	1.28e-162	476	564	594	96	XP_035429320.2 para-nitrobenzyl esterase-like [Spodoptera frugiperda]
TRINITY_DN69_c0_g1_i22.p1	XP_035449424.2	37.699	565	320	14	11	559	5	553	5.09e-118	360	564	556	97	XP_035449424.2 esterase FE4-like [Spodoptera frugiperda]
TRINITY_DN69_c0_g1_i23.p1	XP_050553603.1	67.509	554	173	6	3	552	1	551	0.0	766	574	554	96	XP_050553603.1 cholinesterase 1 isoform X3 [Spodoptera frugiperda]
TRINITY_DN69_c0_g1_i23.p1	XP_035429429.2	67.509	554	173	6	3	552	1	551	0.0	766	574	554	96	XP_035429429.2 cholinesterase 1 isoform X2 [Spodoptera frugiperda]
TRINITY_DN69_c0_g1_i23.p1	XP_035429431.2	66.184	553	181	5	3	552	1	550	0.0	762	574	553	96	XP_035429431.2 cholinesterase 1 isoform X4 [Spodoptera frugiperda]
TRINITY_DN69_c0_g1_i23.p1	XP_035429428.2	68.073	545	167	6	3	543	1	542	0.0	759	574	557	94	XP_035429428.2 cholinesterase 1 isoform X1 [Spodoptera frugiperda]
TRINITY_DN69_c0_g1_i23.p1	XP_050553601.1	67.096	544	169	6	7	543	5	545	0.0	753	574	560	94	XP_050553601.1 para-nitrobenzyl esterase-like [Spodoptera frugiperda]
TRINITY_DN69_c0_g1_i23.p1	XP_035430420.2	63.196	557	201	4	3	558	1	554	0.0	730	574	554	97	XP_035430420.2 cholinesterase 1 [Spodoptera frugiperda]
TRINITY_DN69_c0_g1_i23.p1	XP_035430003.2	63.919	546	190	5	3	547	1	540	0.0	726	574	545	95	XP_035430003.2 esterase FE4-like [Spodoptera frugiperda]
TRINITY_DN69_c0_g1_i23.p1	XP_035430692.2	62.567	561	202	7	3	558	1	558	0.0	724	574	558	97	XP_035430692.2 juvenile hormone esterase-like isoform X1 [Spodoptera frugiperda]
TRINITY_DN69_c0_g1_i23.p1	XP_050553323.1	61.355	546	207	4	3	547	1	543	0.0	713	574	565	95	XP_050553323.1 cholinesterase 1 [Spodoptera frugiperda]
TRINITY_DN69_c0_g1_i23.p1	XP_050553602.1	63.187	546	193	7	3	543	1	543	0.0	712	574	558	94	XP_050553602.1 juvenile hormone esterase-like isoform X2 [Spodoptera frugiperda]
TRINITY_DN69_c0_g1_i23.p1	XP_035430182.2	54.135	532	235	6	20	547	19	545	0.0	610	574	550	92	XP_035430182.2 esterase FE4-like [Spodoptera frugiperda]
TRINITY_DN69_c0_g1_i23.p1	XP_050553599.1	53.407	543	245	6	9	547	7	545	0.0	575	574	553	94	XP_050553599.1 juvenile hormone esterase-like isoform X3 [Spodoptera frugiperda]
TRINITY_DN69_c0_g1_i23.p1	XP_050553597.1	54.237	531	235	6	21	547	19	545	0.0	574	574	553	92	XP_050553597.1 juvenile hormone esterase-like isoform X1 [Spodoptera frugiperda]
TRINITY_DN69_c0_g1_i23.p1	XP_050553598.1	52.118	543	252	6	9	547	7	545	0.0	558	574	553	94	XP_050553598.1 juvenile hormone esterase-like isoform X2 [Spodoptera frugiperda]
TRINITY_DN69_c0_g1_i23.p1	XP_050553600.1	52.118	543	252	6	9	547	7	545	0.0	557	574	553	94	XP_050553600.1 juvenile hormone esterase-like isoform X4 [Spodoptera frugiperda]
TRINITY_DN69_c0_g1_i23.p1	XP_035430694.2	47.436	546	276	8	6	547	2	540	0.0	535	574	550	94	XP_035430694.2 esterase FE4-like [Spodoptera frugiperda]
TRINITY_DN69_c0_g1_i23.p1	XP_050553309.1	47.160	581	276	13	6	569	2	568	0.0	531	574	569	98	XP_050553309.1 para-nitrobenzyl esterase-like isoform X4 [Spodoptera frugiperda]
TRINITY_DN69_c0_g1_i23.p1	XP_050553307.1	46.988	581	277	13	6	569	2	568	0.0	531	574	569	98	XP_050553307.1 para-nitrobenzyl esterase-like isoform X2 [Spodoptera frugiperda]
TRINITY_DN69_c0_g1_i23.p1	XP_050553308.1	47.160	581	276	13	6	569	2	568	0.0	529	574	569	98	XP_050553308.1 para-nitrobenzyl esterase-like isoform X3 [Spodoptera frugiperda]
TRINITY_DN69_c0_g1_i23.p1	XP_035430695.2	46.988	581	277	13	6	569	15	581	0.0	527	574	582	98	XP_035430695.2 para-nitrobenzyl esterase-like isoform X1 [Spodoptera frugiperda]
TRINITY_DN69_c0_g1_i23.p1	XP_035430264.2	48.913	552	257	12	6	549	2	536	0.0	522	574	562	95	XP_035430264.2 acetylcholinesterase [Spodoptera frugiperda]
TRINITY_DN69_c0_g1_i23.p1	XP_035430243.2	49.529	531	250	9	19	545	18	534	0.0	522	574	540	92	XP_035430243.2 para-nitrobenzyl esterase-like [Spodoptera frugiperda]
TRINITY_DN69_c0_g1_i23.p1	XP_035430907.2	45.775	568	287	9	6	567	2	554	8.13e-180	520	574	562	98	XP_035430907.2 cholinesterase 1-like [Spodoptera frugiperda]
TRINITY_DN69_c0_g1_i23.p1	XP_035429320.2	45.273	550	274	10	6	545	2	534	3.98e-165	483	574	594	94	XP_035429320.2 para-nitrobenzyl esterase-like [Spodoptera frugiperda]
TRINITY_DN69_c0_g1_i23.p1	XP_035449424.2	37.658	555	314	14	3	541	1	539	1.39e-116	357	574	556	94	XP_035449424.2 esterase FE4-like [Spodoptera frugiperda]
TRINITY_DN69_c0_g1_i4.p1	XP_050553603.1	68.885	556	164	7	6	557	1	551	0.0	779	579	554	95	XP_050553603.1 cholinesterase 1 isoform X3 [Spodoptera frugiperda]
TRINITY_DN69_c0_g1_i4.p1	XP_035429429.2	68.885	556	164	7	6	557	1	551	0.0	779	579	554	95	XP_035429429.2 cholinesterase 1 isoform X2 [Spodoptera frugiperda]
TRINITY_DN69_c0_g1_i4.p1	XP_035429428.2	69.470	547	158	7	6	548	1	542	0.0	772	579	557	94	XP_035429428.2 cholinesterase 1 isoform X1 [Spodoptera frugiperda]
TRINITY_DN69_c0_g1_i4.p1	XP_050553601.1	68.592	554	154	8	6	548	1	545	0.0	771	579	560	94	XP_050553601.1 para-nitrobenzyl esterase-like [Spodoptera frugiperda]
TRINITY_DN69_c0_g1_i4.p1	XP_035429431.2	65.225	555	185	6	6	557	1	550	0.0	754	579	553	95	XP_035429431.2 cholinesterase 1 isoform X4 [Spodoptera frugiperda]
TRINITY_DN69_c0_g1_i4.p1	XP_035430692.2	63.410	563	196	8	6	563	1	558	0.0	748	579	558	96	XP_035430692.2 juvenile hormone esterase-like isoform X1 [Spodoptera frugiperda]
TRINITY_DN69_c0_g1_i4.p1	XP_050553602.1	64.051	548	187	8	6	548	1	543	0.0	736	579	558	94	XP_050553602.1 juvenile hormone esterase-like isoform X2 [Spodoptera frugiperda]
TRINITY_DN69_c0_g1_i4.p1	XP_035430003.2	63.321	548	192	6	6	552	1	540	0.0	723	579	545	94	XP_035430003.2 esterase FE4-like [Spodoptera frugiperda]
TRINITY_DN69_c0_g1_i4.p1	XP_035430420.2	62.791	559	202	5	6	563	1	554	0.0	723	579	554	96	XP_035430420.2 cholinesterase 1 [Spodoptera frugiperda]
TRINITY_DN69_c0_g1_i4.p1	XP_050553323.1	60.766	548	209	5	6	552	1	543	0.0	699	579	565	94	XP_050553323.1 cholinesterase 1 [Spodoptera frugiperda]
TRINITY_DN69_c0_g1_i4.p1	XP_035430182.2	54.206	535	234	7	22	552	18	545	0.0	603	579	550	92	XP_035430182.2 esterase FE4-like [Spodoptera frugiperda]
TRINITY_DN69_c0_g1_i4.p1	XP_050553599.1	55.311	546	233	8	12	552	6	545	0.0	587	579	553	93	XP_050553599.1 juvenile hormone esterase-like isoform X3 [Spodoptera frugiperda]
TRINITY_DN69_c0_g1_i4.p1	XP_050553597.1	55.827	532	225	7	25	552	20	545	0.0	585	579	553	91	XP_050553597.1 juvenile hormone esterase-like isoform X1 [Spodoptera frugiperda]
TRINITY_DN69_c0_g1_i4.p1	XP_050553600.1	54.662	547	235	9	12	552	6	545	0.0	574	579	553	93	XP_050553600.1 juvenile hormone esterase-like isoform X4 [Spodoptera frugiperda]
TRINITY_DN69_c0_g1_i4.p1	XP_050553598.1	54.662	547	235	9	12	552	6	545	0.0	574	579	553	93	XP_050553598.1 juvenile hormone esterase-like isoform X2 [Spodoptera frugiperda]
TRINITY_DN69_c0_g1_i4.p1	XP_035430694.2	48.175	548	271	9	9	552	2	540	0.0	542	579	550	94	XP_035430694.2 esterase FE4-like [Spodoptera frugiperda]
TRINITY_DN69_c0_g1_i4.p1	XP_035430264.2	50.814	553	247	12	9	554	2	536	0.0	534	579	562	94	XP_035430264.2 acetylcholinesterase [Spodoptera frugiperda]
TRINITY_DN69_c0_g1_i4.p1	XP_035430243.2	51.215	535	237	11	22	550	18	534	0.0	531	579	540	91	XP_035430243.2 para-nitrobenzyl esterase-like [Spodoptera frugiperda]
TRINITY_DN69_c0_g1_i4.p1	XP_035430907.2	46.749	569	282	9	9	572	2	554	0.0	523	579	562	97	XP_035430907.2 cholinesterase 1-like [Spodoptera frugiperda]
TRINITY_DN69_c0_g1_i4.p1	XP_050553309.1	47.341	583	274	14	9	574	2	568	7.04e-180	520	579	569	98	XP_050553309.1 para-nitrobenzyl esterase-like isoform X4 [Spodoptera frugiperda]
TRINITY_DN69_c0_g1_i4.p1	XP_050553307.1	47.170	583	275	14	9	574	2	568	8.84e-180	520	579	569	98	XP_050553307.1 para-nitrobenzyl esterase-like isoform X2 [Spodoptera frugiperda]
TRINITY_DN69_c0_g1_i4.p1	XP_050553308.1	47.341	583	274	14	9	574	2	568	2.71e-179	518	579	569	98	XP_050553308.1 para-nitrobenzyl esterase-like isoform X3 [Spodoptera frugiperda]
TRINITY_DN69_c0_g1_i4.p1	XP_035430695.2	47.099	586	277	14	6	574	12	581	3.47e-179	519	579	582	98	XP_035430695.2 para-nitrobenzyl esterase-like isoform X1 [Spodoptera frugiperda]
TRINITY_DN69_c0_g1_i4.p1	XP_035429320.2	46.558	552	267	11	8	550	2	534	7.89e-166	485	579	594	94	XP_035429320.2 para-nitrobenzyl esterase-like [Spodoptera frugiperda]
TRINITY_DN69_c0_g1_i4.p1	XP_035449424.2	37.319	552	311	14	12	546	6	539	6.82e-113	348	579	556	92	XP_035449424.2 esterase FE4-like [Spodoptera frugiperda]
TRINITY_DN69_c0_g1_i5.p1	XP_050553603.1	69.550	555	160	7	6	556	1	550	0.0	773	584	554	94	XP_050553603.1 cholinesterase 1 isoform X3 [Spodoptera frugiperda]
TRINITY_DN69_c0_g1_i5.p1	XP_035429429.2	69.550	555	160	7	6	556	1	550	0.0	773	584	554	94	XP_035429429.2 cholinesterase 1 isoform X2 [Spodoptera frugiperda]
TRINITY_DN69_c0_g1_i5.p1	XP_050553601.1	69.675	554	144	9	6	546	1	543	0.0	765	584	560	93	XP_050553601.1 para-nitrobenzyl esterase-like [Spodoptera frugiperda]
TRINITY_DN69_c0_g1_i5.p1	XP_035429428.2	70.092	545	154	7	6	546	1	540	0.0	764	584	557	93	XP_035429428.2 cholinesterase 1 isoform X1 [Spodoptera frugiperda]
TRINITY_DN69_c0_g1_i5.p1	XP_035429431.2	65.647	556	179	7	6	556	1	549	0.0	754	584	553	94	XP_035429431.2 cholinesterase 1 isoform X4 [Spodoptera frugiperda]
TRINITY_DN69_c0_g1_i5.p1	XP_035430692.2	64.505	555	183	9	6	553	1	548	0.0	744	584	558	94	XP_035430692.2 juvenile hormone esterase-like isoform X1 [Spodoptera frugiperda]
TRINITY_DN69_c0_g1_i5.p1	XP_050553602.1	64.599	548	180	9	6	546	1	541	0.0	737	584	558	93	XP_050553602.1 juvenile hormone esterase-like isoform X2 [Spodoptera frugiperda]
TRINITY_DN69_c0_g1_i5.p1	XP_035430420.2	63.869	548	188	6	6	550	1	541	0.0	726	584	554	93	XP_035430420.2 cholinesterase 1 [Spodoptera frugiperda]
TRINITY_DN69_c0_g1_i5.p1	XP_035430003.2	63.091	550	194	6	6	554	1	542	0.0	719	584	545	94	XP_035430003.2 esterase FE4-like [Spodoptera frugiperda]
TRINITY_DN69_c0_g1_i5.p1	XP_050553323.1	60.584	548	210	5	6	552	1	543	0.0	697	584	565	94	XP_050553323.1 cholinesterase 1 [Spodoptera frugiperda]
TRINITY_DN69_c0_g1_i5.p1	XP_050553599.1	54.762	546	236	8	12	552	6	545	0.0	589	584	553	93	XP_050553599.1 juvenile hormone esterase-like isoform X3 [Spodoptera frugiperda]
TRINITY_DN69_c0_g1_i5.p1	XP_050553597.1	55.263	532	228	7	25	552	20	545	0.0	588	584	553	90	XP_050553597.1 juvenile hormone esterase-like isoform X1 [Spodoptera frugiperda]
TRINITY_DN69_c0_g1_i5.p1	XP_050553598.1	54.479	547	236	9	12	552	6	545	0.0	579	584	553	93	XP_050553598.1 juvenile hormone esterase-like isoform X2 [Spodoptera frugiperda]
TRINITY_DN69_c0_g1_i5.p1	XP_050553600.1	54.479	547	236	9	12	552	6	545	0.0	579	584	553	93	XP_050553600.1 juvenile hormone esterase-like isoform X4 [Spodoptera frugiperda]
TRINITY_DN69_c0_g1_i5.p1	XP_035430182.2	52.434	534	243	7	23	552	19	545	0.0	577	584	550	91	XP_035430182.2 esterase FE4-like [Spodoptera frugiperda]
TRINITY_DN69_c0_g1_i5.p1	XP_035430694.2	49.365	551	264	10	9	554	2	542	0.0	551	584	550	93	XP_035430694.2 esterase FE4-like [Spodoptera frugiperda]
TRINITY_DN69_c0_g1_i5.p1	XP_035430243.2	50.471	531	239	11	22	546	18	530	0.0	524	584	540	90	XP_035430243.2 para-nitrobenzyl esterase-like [Spodoptera frugiperda]
TRINITY_DN69_c0_g1_i5.p1	XP_035430907.2	46.261	575	286	10	9	576	2	560	2.14e-180	521	584	562	97	XP_035430907.2 cholinesterase 1-like [Spodoptera frugiperda]
TRINITY_DN69_c0_g1_i5.p1	XP_035430264.2	48.381	556	262	12	9	557	2	539	3.87e-178	515	584	562	94	XP_035430264.2 acetylcholinesterase [Spodoptera frugiperda]
TRINITY_DN69_c0_g1_i5.p1	XP_050553307.1	46.233	584	285	14	9	579	2	569	1.36e-177	514	584	569	98	XP_050553307.1 para-nitrobenzyl esterase-like isoform X2 [Spodoptera frugiperda]
TRINITY_DN69_c0_g1_i5.p1	XP_050553309.1	46.062	584	286	14	9	579	2	569	3.99e-176	511	584	569	98	XP_050553309.1 para-nitrobenzyl esterase-like isoform X4 [Spodoptera frugiperda]
TRINITY_DN69_c0_g1_i5.p1	XP_050553308.1	46.062	584	286	14	9	579	2	569	4.40e-175	508	584	569	98	XP_050553308.1 para-nitrobenzyl esterase-like isoform X3 [Spodoptera frugiperda]
TRINITY_DN69_c0_g1_i5.p1	XP_035430695.2	45.826	587	289	14	6	579	12	582	6.14e-175	508	584	582	98	XP_035430695.2 para-nitrobenzyl esterase-like isoform X1 [Spodoptera frugiperda]
TRINITY_DN69_c0_g1_i5.p1	XP_035429320.2	45.985	548	268	12	8	546	2	530	1.17e-161	474	584	594	92	XP_035429320.2 para-nitrobenzyl esterase-like [Spodoptera frugiperda]
TRINITY_DN69_c0_g1_i5.p1	XP_035449424.2	37.633	566	322	13	12	562	6	555	3.38e-119	364	584	556	94	XP_035449424.2 esterase FE4-like [Spodoptera frugiperda]
TRINITY_DN69_c0_g1_i7.p1	XP_050553603.1	70.090	555	157	7	6	556	1	550	0.0	780	584	554	94	XP_050553603.1 cholinesterase 1 isoform X3 [Spodoptera frugiperda]
TRINITY_DN69_c0_g1_i7.p1	XP_035429429.2	70.090	555	157	7	6	556	1	550	0.0	780	584	554	94	XP_035429429.2 cholinesterase 1 isoform X2 [Spodoptera frugiperda]
TRINITY_DN69_c0_g1_i7.p1	XP_035429428.2	70.642	545	151	7	6	546	1	540	0.0	774	584	557	93	XP_035429428.2 cholinesterase 1 isoform X1 [Spodoptera frugiperda]
TRINITY_DN69_c0_g1_i7.p1	XP_050553601.1	70.217	554	141	9	6	546	1	543	0.0	773	584	560	93	XP_050553601.1 para-nitrobenzyl esterase-like [Spodoptera frugiperda]
TRINITY_DN69_c0_g1_i7.p1	XP_035429431.2	65.884	554	181	6	6	556	1	549	0.0	758	584	553	94	XP_035429431.2 cholinesterase 1 isoform X4 [Spodoptera frugiperda]
TRINITY_DN69_c0_g1_i7.p1	XP_035430692.2	64.505	555	183	9	6	553	1	548	0.0	748	584	558	94	XP_035430692.2 juvenile hormone esterase-like isoform X1 [Spodoptera frugiperda]
TRINITY_DN69_c0_g1_i7.p1	XP_050553602.1	64.599	548	180	9	6	546	1	541	0.0	740	584	558	93	XP_050553602.1 juvenile hormone esterase-like isoform X2 [Spodoptera frugiperda]
TRINITY_DN69_c0_g1_i7.p1	XP_035430420.2	64.781	548	183	6	6	550	1	541	0.0	736	584	554	93	XP_035430420.2 cholinesterase 1 [Spodoptera frugiperda]
TRINITY_DN69_c0_g1_i7.p1	XP_035430003.2	64.000	550	189	6	6	554	1	542	0.0	728	584	545	94	XP_035430003.2 esterase FE4-like [Spodoptera frugiperda]
TRINITY_DN69_c0_g1_i7.p1	XP_050553323.1	60.766	548	209	5	6	552	1	543	0.0	701	584	565	94	XP_050553323.1 cholinesterase 1 [Spodoptera frugiperda]
TRINITY_DN69_c0_g1_i7.p1	XP_050553599.1	54.762	546	236	8	12	552	6	545	0.0	590	584	553	93	XP_050553599.1 juvenile hormone esterase-like isoform X3 [Spodoptera frugiperda]
TRINITY_DN69_c0_g1_i7.p1	XP_050553597.1	55.263	532	228	7	25	552	20	545	0.0	588	584	553	90	XP_050553597.1 juvenile hormone esterase-like isoform X1 [Spodoptera frugiperda]
TRINITY_DN69_c0_g1_i7.p1	XP_035430182.2	52.809	534	241	7	23	552	19	545	0.0	588	584	550	91	XP_035430182.2 esterase FE4-like [Spodoptera frugiperda]
TRINITY_DN69_c0_g1_i7.p1	XP_050553600.1	54.479	547	236	9	12	552	6	545	0.0	579	584	553	93	XP_050553600.1 juvenile hormone esterase-like isoform X4 [Spodoptera frugiperda]
TRINITY_DN69_c0_g1_i7.p1	XP_050553598.1	54.479	547	236	9	12	552	6	545	0.0	579	584	553	93	XP_050553598.1 juvenile hormone esterase-like isoform X2 [Spodoptera frugiperda]
TRINITY_DN69_c0_g1_i7.p1	XP_035430694.2	49.365	551	264	10	9	554	2	542	0.0	555	584	550	93	XP_035430694.2 esterase FE4-like [Spodoptera frugiperda]
TRINITY_DN69_c0_g1_i7.p1	XP_035430243.2	50.471	531	239	11	22	546	18	530	0.0	527	584	540	90	XP_035430243.2 para-nitrobenzyl esterase-like [Spodoptera frugiperda]
TRINITY_DN69_c0_g1_i7.p1	XP_035430907.2	46.087	575	287	10	9	576	2	560	1.42e-180	522	584	562	97	XP_035430907.2 cholinesterase 1-like [Spodoptera frugiperda]
TRINITY_DN69_c0_g1_i7.p1	XP_050553307.1	46.747	584	282	14	9	579	2	569	3.26e-180	521	584	569	98	XP_050553307.1 para-nitrobenzyl esterase-like isoform X2 [Spodoptera frugiperda]
TRINITY_DN69_c0_g1_i7.p1	XP_050553309.1	46.575	584	283	14	9	579	2	569	7.78e-179	518	584	569	98	XP_050553309.1 para-nitrobenzyl esterase-like isoform X4 [Spodoptera frugiperda]
TRINITY_DN69_c0_g1_i7.p1	XP_050553308.1	46.575	584	283	14	9	579	2	569	1.02e-177	514	584	569	98	XP_050553308.1 para-nitrobenzyl esterase-like isoform X3 [Spodoptera frugiperda]
TRINITY_DN69_c0_g1_i7.p1	XP_035430695.2	46.337	587	286	14	6	579	12	582	2.16e-177	514	584	582	98	XP_035430695.2 para-nitrobenzyl esterase-like isoform X1 [Spodoptera frugiperda]
TRINITY_DN69_c0_g1_i7.p1	XP_035430264.2	48.022	556	264	12	9	557	2	539	2.38e-177	513	584	562	94	XP_035430264.2 acetylcholinesterase [Spodoptera frugiperda]
TRINITY_DN69_c0_g1_i7.p1	XP_035429320.2	45.803	548	269	12	8	546	2	530	5.23e-161	473	584	594	92	XP_035429320.2 para-nitrobenzyl esterase-like [Spodoptera frugiperda]
TRINITY_DN69_c0_g1_i7.p1	XP_035449424.2	37.456	566	323	13	12	562	6	555	2.57e-117	359	584	556	94	XP_035449424.2 esterase FE4-like [Spodoptera frugiperda]
TRINITY_DN69_c0_g1_i8.p1	XP_050553603.1	67.450	553	173	6	3	551	1	550	0.0	756	579	554	95	XP_050553603.1 cholinesterase 1 isoform X3 [Spodoptera frugiperda]
TRINITY_DN69_c0_g1_i8.p1	XP_035429429.2	67.450	553	173	6	3	551	1	550	0.0	756	579	554	95	XP_035429429.2 cholinesterase 1 isoform X2 [Spodoptera frugiperda]
TRINITY_DN69_c0_g1_i8.p1	XP_035429431.2	65.884	554	179	6	3	551	1	549	0.0	756	579	553	95	XP_035429431.2 cholinesterase 1 isoform X4 [Spodoptera frugiperda]
TRINITY_DN69_c0_g1_i8.p1	XP_035429428.2	67.956	543	167	6	3	541	1	540	0.0	749	579	557	93	XP_035429428.2 cholinesterase 1 isoform X1 [Spodoptera frugiperda]
TRINITY_DN69_c0_g1_i8.p1	XP_050553601.1	67.647	544	162	7	7	541	5	543	0.0	744	579	560	92	XP_050553601.1 para-nitrobenzyl esterase-like [Spodoptera frugiperda]
TRINITY_DN69_c0_g1_i8.p1	XP_035430420.2	64.652	546	185	5	3	545	1	541	0.0	738	579	554	94	XP_035430420.2 cholinesterase 1 [Spodoptera frugiperda]
TRINITY_DN69_c0_g1_i8.p1	XP_035430003.2	64.051	548	190	5	3	549	1	542	0.0	725	579	545	94	XP_035430003.2 esterase FE4-like [Spodoptera frugiperda]
TRINITY_DN69_c0_g1_i8.p1	XP_035430692.2	63.110	553	192	8	3	548	1	548	0.0	718	579	558	94	XP_035430692.2 juvenile hormone esterase-like isoform X1 [Spodoptera frugiperda]
TRINITY_DN69_c0_g1_i8.p1	XP_050553602.1	63.187	546	189	8	3	541	1	541	0.0	711	579	558	93	XP_050553602.1 juvenile hormone esterase-like isoform X2 [Spodoptera frugiperda]
TRINITY_DN69_c0_g1_i8.p1	XP_050553323.1	60.256	546	213	4	3	547	1	543	0.0	703	579	565	94	XP_050553323.1 cholinesterase 1 [Spodoptera frugiperda]
TRINITY_DN69_c0_g1_i8.p1	XP_035430182.2	52.256	532	245	6	20	547	19	545	0.0	585	579	550	91	XP_035430182.2 esterase FE4-like [Spodoptera frugiperda]
TRINITY_DN69_c0_g1_i8.p1	XP_050553599.1	52.302	543	251	6	9	547	7	545	0.0	573	579	553	93	XP_050553599.1 juvenile hormone esterase-like isoform X3 [Spodoptera frugiperda]
TRINITY_DN69_c0_g1_i8.p1	XP_050553597.1	53.107	531	241	6	21	547	19	545	0.0	572	579	553	91	XP_050553597.1 juvenile hormone esterase-like isoform X1 [Spodoptera frugiperda]
TRINITY_DN69_c0_g1_i8.p1	XP_050553600.1	51.565	543	255	6	9	547	7	545	0.0	556	579	553	93	XP_050553600.1 juvenile hormone esterase-like isoform X4 [Spodoptera frugiperda]
TRINITY_DN69_c0_g1_i8.p1	XP_050553598.1	51.565	543	255	6	9	547	7	545	0.0	556	579	553	93	XP_050553598.1 juvenile hormone esterase-like isoform X2 [Spodoptera frugiperda]
TRINITY_DN69_c0_g1_i8.p1	XP_035430694.2	48.270	549	271	9	6	549	2	542	0.0	543	579	550	94	XP_035430694.2 esterase FE4-like [Spodoptera frugiperda]
TRINITY_DN69_c0_g1_i8.p1	XP_050553307.1	46.048	582	287	13	6	574	2	569	2.02e-180	521	579	569	98	XP_050553307.1 para-nitrobenzyl esterase-like isoform X2 [Spodoptera frugiperda]
TRINITY_DN69_c0_g1_i8.p1	XP_050553309.1	45.876	582	288	13	6	574	2	569	8.30e-179	517	579	569	98	XP_050553309.1 para-nitrobenzyl esterase-like isoform X4 [Spodoptera frugiperda]
TRINITY_DN69_c0_g1_i8.p1	XP_035430907.2	45.296	574	291	10	6	571	2	560	5.13e-178	515	579	562	98	XP_035430907.2 cholinesterase 1-like [Spodoptera frugiperda]
TRINITY_DN69_c0_g1_i8.p1	XP_050553308.1	45.704	582	289	13	6	574	2	569	1.56e-177	514	579	569	98	XP_050553308.1 para-nitrobenzyl esterase-like isoform X3 [Spodoptera frugiperda]
TRINITY_DN69_c0_g1_i8.p1	XP_035430695.2	45.533	582	290	13	6	574	15	582	7.70e-177	513	579	582	98	XP_035430695.2 para-nitrobenzyl esterase-like isoform X1 [Spodoptera frugiperda]
TRINITY_DN69_c0_g1_i8.p1	XP_035430243.2	48.211	531	257	9	19	545	18	534	1.92e-176	510	579	540	91	XP_035430243.2 para-nitrobenzyl esterase-like [Spodoptera frugiperda]
TRINITY_DN69_c0_g1_i8.p1	XP_035430264.2	46.847	555	270	12	6	552	2	539	2.49e-175	508	579	562	94	XP_035430264.2 acetylcholinesterase [Spodoptera frugiperda]
TRINITY_DN69_c0_g1_i8.p1	XP_035429320.2	43.773	546	280	11	6	541	2	530	2.37e-156	461	579	594	93	XP_035429320.2 para-nitrobenzyl esterase-like [Spodoptera frugiperda]
TRINITY_DN69_c0_g1_i8.p1	XP_035449424.2	38.004	571	322	14	3	557	1	555	2.83e-119	364	579	556	96	XP_035449424.2 esterase FE4-like [Spodoptera frugiperda]
TRINITY_DN69_c0_g1_i9.p1	XP_035429431.2	66.968	554	173	6	3	551	1	549	0.0	764	579	553	95	XP_035429431.2 cholinesterase 1 isoform X4 [Spodoptera frugiperda]
TRINITY_DN69_c0_g1_i9.p1	XP_050553603.1	68.174	553	169	6	3	551	1	550	0.0	759	579	554	95	XP_050553603.1 cholinesterase 1 isoform X3 [Spodoptera frugiperda]
TRINITY_DN69_c0_g1_i9.p1	XP_035429429.2	68.174	553	169	6	3	551	1	550	0.0	759	579	554	95	XP_035429429.2 cholinesterase 1 isoform X2 [Spodoptera frugiperda]
TRINITY_DN69_c0_g1_i9.p1	XP_035429428.2	68.692	543	163	6	3	541	1	540	0.0	751	579	557	93	XP_035429428.2 cholinesterase 1 isoform X1 [Spodoptera frugiperda]
TRINITY_DN69_c0_g1_i9.p1	XP_050553601.1	67.883	548	162	7	3	541	1	543	0.0	747	579	560	93	XP_050553601.1 para-nitrobenzyl esterase-like [Spodoptera frugiperda]
TRINITY_DN69_c0_g1_i9.p1	XP_035430420.2	64.890	544	187	4	3	545	1	541	0.0	738	579	554	94	XP_035430420.2 cholinesterase 1 [Spodoptera frugiperda]
TRINITY_DN69_c0_g1_i9.p1	XP_035430003.2	64.416	548	188	5	3	549	1	542	0.0	728	579	545	94	XP_035430003.2 esterase FE4-like [Spodoptera frugiperda]
TRINITY_DN69_c0_g1_i9.p1	XP_035430692.2	63.291	553	191	8	3	548	1	548	0.0	717	579	558	94	XP_035430692.2 juvenile hormone esterase-like isoform X1 [Spodoptera frugiperda]
TRINITY_DN69_c0_g1_i9.p1	XP_050553602.1	63.370	546	188	8	3	541	1	541	0.0	709	579	558	93	XP_050553602.1 juvenile hormone esterase-like isoform X2 [Spodoptera frugiperda]
TRINITY_DN69_c0_g1_i9.p1	XP_050553323.1	60.989	546	209	4	3	547	1	543	0.0	709	579	565	94	XP_050553323.1 cholinesterase 1 [Spodoptera frugiperda]
TRINITY_DN69_c0_g1_i9.p1	XP_035430182.2	52.632	532	243	6	20	547	19	545	0.0	590	579	550	91	XP_035430182.2 esterase FE4-like [Spodoptera frugiperda]
TRINITY_DN69_c0_g1_i9.p1	XP_050553599.1	53.039	543	247	6	9	547	7	545	0.0	574	579	553	93	XP_050553599.1 juvenile hormone esterase-like isoform X3 [Spodoptera frugiperda]
TRINITY_DN69_c0_g1_i9.p1	XP_050553597.1	53.861	531	237	6	21	547	19	545	0.0	573	579	553	91	XP_050553597.1 juvenile hormone esterase-like isoform X1 [Spodoptera frugiperda]
TRINITY_DN69_c0_g1_i9.p1	XP_050553600.1	52.118	543	252	6	9	547	7	545	0.0	558	579	553	93	XP_050553600.1 juvenile hormone esterase-like isoform X4 [Spodoptera frugiperda]
TRINITY_DN69_c0_g1_i9.p1	XP_050553598.1	52.118	543	252	6	9	547	7	545	0.0	558	579	553	93	XP_050553598.1 juvenile hormone esterase-like isoform X2 [Spodoptera frugiperda]
TRINITY_DN69_c0_g1_i9.p1	XP_035430694.2	48.452	549	270	9	6	549	2	542	0.0	543	579	550	94	XP_035430694.2 esterase FE4-like [Spodoptera frugiperda]
TRINITY_DN69_c0_g1_i9.p1	XP_050553307.1	46.312	583	284	13	6	574	2	569	0.0	525	579	569	98	XP_050553307.1 para-nitrobenzyl esterase-like isoform X2 [Spodoptera frugiperda]
TRINITY_DN69_c0_g1_i9.p1	XP_050553309.1	46.141	583	285	13	6	574	2	569	4.22e-180	521	579	569	98	XP_050553309.1 para-nitrobenzyl esterase-like isoform X4 [Spodoptera frugiperda]
TRINITY_DN69_c0_g1_i9.p1	XP_050553308.1	46.141	583	285	13	6	574	2	569	8.58e-179	517	579	569	98	XP_050553308.1 para-nitrobenzyl esterase-like isoform X3 [Spodoptera frugiperda]
TRINITY_DN69_c0_g1_i9.p1	XP_035430695.2	45.969	583	286	13	6	574	15	582	4.05e-178	516	579	582	98	XP_035430695.2 para-nitrobenzyl esterase-like isoform X1 [Spodoptera frugiperda]
TRINITY_DN69_c0_g1_i9.p1	XP_035430907.2	45.296	574	291	10	6	571	2	560	1.09e-177	514	579	562	98	XP_035430907.2 cholinesterase 1-like [Spodoptera frugiperda]
TRINITY_DN69_c0_g1_i9.p1	XP_035430243.2	48.776	531	254	9	19	545	18	534	1.31e-177	513	579	540	91	XP_035430243.2 para-nitrobenzyl esterase-like [Spodoptera frugiperda]
TRINITY_DN69_c0_g1_i9.p1	XP_035430264.2	46.667	555	271	12	6	552	2	539	1.00e-172	501	579	562	94	XP_035430264.2 acetylcholinesterase [Spodoptera frugiperda]
TRINITY_DN69_c0_g1_i9.p1	XP_035429320.2	44.322	546	277	10	6	541	2	530	1.34e-157	464	579	594	93	XP_035429320.2 para-nitrobenzyl esterase-like [Spodoptera frugiperda]
TRINITY_DN69_c0_g1_i9.p1	XP_035449424.2	37.786	569	326	13	3	557	1	555	9.87e-120	365	579	556	96	XP_035449424.2 esterase FE4-like [Spodoptera frugiperda]
TRINITY_DN920_c0_g1_i10.p1	XP_035430907.2	67.424	396	124	3	1	396	90	480	0.0	561	447	562	89	XP_035430907.2 cholinesterase 1-like [Spodoptera frugiperda]
TRINITY_DN920_c0_g1_i10.p1	XP_035430264.2	68.878	392	116	4	2	393	92	477	0.0	556	447	562	88	XP_035430264.2 acetylcholinesterase [Spodoptera frugiperda]
TRINITY_DN920_c0_g1_i10.p1	XP_050553309.1	67.684	393	122	3	1	393	92	479	0.0	544	447	569	88	XP_050553309.1 para-nitrobenzyl esterase-like isoform X4 [Spodoptera frugiperda]
TRINITY_DN920_c0_g1_i10.p1	XP_050553307.1	67.684	393	122	3	1	393	92	479	0.0	544	447	569	88	XP_050553307.1 para-nitrobenzyl esterase-like isoform X2 [Spodoptera frugiperda]
TRINITY_DN920_c0_g1_i10.p1	XP_035430695.2	67.430	393	123	3	1	393	105	492	0.0	542	447	582	88	XP_035430695.2 para-nitrobenzyl esterase-like isoform X1 [Spodoptera frugiperda]
TRINITY_DN920_c0_g1_i10.p1	XP_050553308.1	67.430	393	123	3	1	393	92	479	0.0	542	447	569	88	XP_050553308.1 para-nitrobenzyl esterase-like isoform X3 [Spodoptera frugiperda]
TRINITY_DN920_c0_g1_i10.p1	XP_035430243.2	64.541	392	134	3	1	392	92	478	0.0	538	447	540	88	XP_035430243.2 para-nitrobenzyl esterase-like [Spodoptera frugiperda]
TRINITY_DN920_c0_g1_i10.p1	XP_035429320.2	62.437	394	143	3	3	396	93	481	1.22e-176	507	447	594	88	XP_035429320.2 para-nitrobenzyl esterase-like [Spodoptera frugiperda]
TRINITY_DN920_c0_g1_i10.p1	XP_035429431.2	51.256	398	181	4	2	393	98	488	3.28e-135	400	447	553	88	XP_035429431.2 cholinesterase 1 isoform X4 [Spodoptera frugiperda]
TRINITY_DN920_c0_g1_i10.p1	XP_035430692.2	50.630	397	184	4	3	393	100	490	2.41e-134	398	447	558	87	XP_035430692.2 juvenile hormone esterase-like isoform X1 [Spodoptera frugiperda]
TRINITY_DN920_c0_g1_i10.p1	XP_035429428.2	51.759	398	179	4	2	393	99	489	5.16e-134	397	447	557	88	XP_035429428.2 cholinesterase 1 isoform X1 [Spodoptera frugiperda]
TRINITY_DN920_c0_g1_i10.p1	XP_050553602.1	50.630	397	184	4	3	393	100	490	5.26e-134	397	447	558	87	XP_050553602.1 juvenile hormone esterase-like isoform X2 [Spodoptera frugiperda]
TRINITY_DN920_c0_g1_i10.p1	XP_050553603.1	51.759	398	179	4	2	393	99	489	5.66e-134	397	447	554	88	XP_050553603.1 cholinesterase 1 isoform X3 [Spodoptera frugiperda]
TRINITY_DN920_c0_g1_i10.p1	XP_035429429.2	51.759	398	179	4	2	393	99	489	5.66e-134	397	447	554	88	XP_035429429.2 cholinesterase 1 isoform X2 [Spodoptera frugiperda]
TRINITY_DN920_c0_g1_i10.p1	XP_050553601.1	51.870	401	177	4	2	393	99	492	3.69e-133	395	447	560	88	XP_050553601.1 para-nitrobenzyl esterase-like [Spodoptera frugiperda]
TRINITY_DN920_c0_g1_i10.p1	XP_035430420.2	49.118	397	189	5	2	393	98	486	1.68e-132	393	447	554	88	XP_035430420.2 cholinesterase 1 [Spodoptera frugiperda]
TRINITY_DN920_c0_g1_i10.p1	XP_050553323.1	50.882	397	184	4	1	393	97	486	8.87e-130	387	447	565	88	XP_050553323.1 cholinesterase 1 [Spodoptera frugiperda]
TRINITY_DN920_c0_g1_i10.p1	XP_035430003.2	48.731	394	193	5	1	393	97	482	4.86e-128	382	447	545	88	XP_035430003.2 esterase FE4-like [Spodoptera frugiperda]
TRINITY_DN920_c0_g1_i10.p1	XP_035430694.2	46.329	395	203	4	1	393	96	483	3.20e-127	380	447	550	88	XP_035430694.2 esterase FE4-like [Spodoptera frugiperda]
TRINITY_DN920_c0_g1_i10.p1	XP_050553599.1	48.608	395	190	4	1	389	96	483	2.21e-125	375	447	553	87	XP_050553599.1 juvenile hormone esterase-like isoform X3 [Spodoptera frugiperda]
TRINITY_DN920_c0_g1_i10.p1	XP_050553597.1	48.608	395	190	4	1	389	96	483	3.12e-125	375	447	553	87	XP_050553597.1 juvenile hormone esterase-like isoform X1 [Spodoptera frugiperda]
TRINITY_DN920_c0_g1_i10.p1	XP_035430182.2	45.885	401	202	6	1	393	95	488	4.60e-123	369	447	550	88	XP_035430182.2 esterase FE4-like [Spodoptera frugiperda]
TRINITY_DN920_c0_g1_i10.p1	XP_050553600.1	48.861	395	189	4	1	389	96	483	5.14e-122	367	447	553	87	XP_050553600.1 juvenile hormone esterase-like isoform X4 [Spodoptera frugiperda]
TRINITY_DN920_c0_g1_i10.p1	XP_050553598.1	48.861	395	189	4	1	389	96	483	5.98e-122	366	447	553	87	XP_050553598.1 juvenile hormone esterase-like isoform X2 [Spodoptera frugiperda]
TRINITY_DN920_c0_g1_i10.p1	XP_035449424.2	37.931	377	221	6	3	375	99	466	1.13e-79	257	447	556	83	XP_035449424.2 esterase FE4-like [Spodoptera frugiperda]
TRINITY_DN920_c0_g1_i13.p1	XP_035430907.2	60.935	535	174	5	1	535	61	560	0.0	679	538	562	99	XP_035430907.2 cholinesterase 1-like [Spodoptera frugiperda]
TRINITY_DN920_c0_g1_i13.p1	XP_035430264.2	66.053	489	154	4	1	489	62	538	0.0	667	538	562	91	XP_035430264.2 acetylcholinesterase [Spodoptera frugiperda]
TRINITY_DN920_c0_g1_i13.p1	XP_035430243.2	62.781	489	174	3	1	489	60	540	0.0	654	538	540	91	XP_035430243.2 para-nitrobenzyl esterase-like [Spodoptera frugiperda]
TRINITY_DN920_c0_g1_i13.p1	XP_050553307.1	60.448	536	179	8	1	535	62	565	0.0	634	538	569	99	XP_050553307.1 para-nitrobenzyl esterase-like isoform X2 [Spodoptera frugiperda]
TRINITY_DN920_c0_g1_i13.p1	XP_050553309.1	60.261	536	180	8	1	535	62	565	0.0	632	538	569	99	XP_050553309.1 para-nitrobenzyl esterase-like isoform X4 [Spodoptera frugiperda]
TRINITY_DN920_c0_g1_i13.p1	XP_035430695.2	60.075	536	181	8	1	535	75	578	0.0	631	538	582	99	XP_035430695.2 para-nitrobenzyl esterase-like isoform X1 [Spodoptera frugiperda]
TRINITY_DN920_c0_g1_i13.p1	XP_050553308.1	60.075	536	181	8	1	535	62	565	0.0	630	538	569	99	XP_050553308.1 para-nitrobenzyl esterase-like isoform X3 [Spodoptera frugiperda]
TRINITY_DN920_c0_g1_i13.p1	XP_035429320.2	58.763	485	190	4	1	484	60	535	0.0	595	538	594	90	XP_035429320.2 para-nitrobenzyl esterase-like [Spodoptera frugiperda]
TRINITY_DN920_c0_g1_i13.p1	XP_035429431.2	50.507	493	230	6	1	486	61	546	2.42e-169	491	538	553	90	XP_035429431.2 cholinesterase 1 isoform X4 [Spodoptera frugiperda]
TRINITY_DN920_c0_g1_i13.p1	XP_035430692.2	49.899	495	236	5	1	488	61	550	5.03e-168	488	538	558	91	XP_035430692.2 juvenile hormone esterase-like isoform X1 [Spodoptera frugiperda]
TRINITY_DN920_c0_g1_i13.p1	XP_050553603.1	50.202	496	234	5	1	489	61	550	5.99e-166	482	538	554	91	XP_050553603.1 cholinesterase 1 isoform X3 [Spodoptera frugiperda]
TRINITY_DN920_c0_g1_i13.p1	XP_035429429.2	50.202	496	234	5	1	489	61	550	5.99e-166	482	538	554	91	XP_035429429.2 cholinesterase 1 isoform X2 [Spodoptera frugiperda]
TRINITY_DN920_c0_g1_i13.p1	XP_050553601.1	50.813	492	220	6	1	479	61	543	1.46e-165	481	538	560	89	XP_050553601.1 para-nitrobenzyl esterase-like [Spodoptera frugiperda]
TRINITY_DN920_c0_g1_i13.p1	XP_050553602.1	50.000	486	231	5	1	479	61	541	2.16e-165	481	538	558	89	XP_050553602.1 juvenile hormone esterase-like isoform X2 [Spodoptera frugiperda]
TRINITY_DN920_c0_g1_i13.p1	XP_035429428.2	50.412	486	228	5	1	479	61	540	1.23e-163	476	538	557	89	XP_035429428.2 cholinesterase 1 isoform X1 [Spodoptera frugiperda]
TRINITY_DN920_c0_g1_i13.p1	XP_035430420.2	48.140	484	239	5	1	479	61	537	4.43e-162	473	538	554	89	XP_035430420.2 cholinesterase 1 [Spodoptera frugiperda]
TRINITY_DN920_c0_g1_i13.p1	XP_035430003.2	48.057	489	246	5	1	488	61	542	1.63e-159	466	538	545	91	XP_035430003.2 esterase FE4-like [Spodoptera frugiperda]
TRINITY_DN920_c0_g1_i13.p1	XP_035430694.2	45.902	488	253	6	1	485	61	540	4.82e-158	462	538	550	90	XP_035430694.2 esterase FE4-like [Spodoptera frugiperda]
TRINITY_DN920_c0_g1_i13.p1	XP_050553323.1	48.682	493	240	5	1	486	61	547	2.37e-157	461	538	565	90	XP_050553323.1 cholinesterase 1 [Spodoptera frugiperda]
TRINITY_DN920_c0_g1_i13.p1	XP_050553599.1	48.577	492	239	6	1	485	61	545	6.24e-156	457	538	553	90	XP_050553599.1 juvenile hormone esterase-like isoform X3 [Spodoptera frugiperda]
TRINITY_DN920_c0_g1_i13.p1	XP_050553597.1	48.577	492	239	6	1	485	61	545	6.88e-156	457	538	553	90	XP_050553597.1 juvenile hormone esterase-like isoform X1 [Spodoptera frugiperda]
TRINITY_DN920_c0_g1_i13.p1	XP_035430182.2	45.436	493	253	7	1	485	61	545	6.58e-155	454	538	550	90	XP_035430182.2 esterase FE4-like [Spodoptera frugiperda]
TRINITY_DN920_c0_g1_i13.p1	XP_050553600.1	48.577	492	239	6	1	485	61	545	2.27e-151	445	538	553	90	XP_050553600.1 juvenile hormone esterase-like isoform X4 [Spodoptera frugiperda]
TRINITY_DN920_c0_g1_i13.p1	XP_050553598.1	48.577	492	239	6	1	485	61	545	2.67e-151	445	538	553	90	XP_050553598.1 juvenile hormone esterase-like isoform X2 [Spodoptera frugiperda]
TRINITY_DN920_c0_g1_i13.p1	XP_035449424.2	34.694	490	306	8	1	482	59	542	2.11e-88	283	538	556	90	XP_035449424.2 esterase FE4-like [Spodoptera frugiperda]
TRINITY_DN920_c0_g1_i14.p1	XP_035430264.2	66.062	551	174	5	20	570	1	538	0.0	752	620	562	89	XP_035430264.2 acetylcholinesterase [Spodoptera frugiperda]
TRINITY_DN920_c0_g1_i14.p1	XP_035430907.2	60.702	598	197	7	20	617	1	560	0.0	748	620	562	96	XP_035430907.2 cholinesterase 1-like [Spodoptera frugiperda]
TRINITY_DN920_c0_g1_i14.p1	XP_035430695.2	59.272	604	211	9	15	617	9	578	0.0	705	620	582	97	XP_035430695.2 para-nitrobenzyl esterase-like isoform X1 [Spodoptera frugiperda]
TRINITY_DN920_c0_g1_i14.p1	XP_050553307.1	59.599	599	207	9	20	617	1	565	0.0	704	620	569	96	XP_050553307.1 para-nitrobenzyl esterase-like isoform X2 [Spodoptera frugiperda]
TRINITY_DN920_c0_g1_i14.p1	XP_035430243.2	61.343	551	202	5	20	570	1	540	0.0	703	620	540	89	XP_035430243.2 para-nitrobenzyl esterase-like [Spodoptera frugiperda]
TRINITY_DN920_c0_g1_i14.p1	XP_050553309.1	59.432	599	208	9	20	617	1	565	0.0	701	620	569	96	XP_050553309.1 para-nitrobenzyl esterase-like isoform X4 [Spodoptera frugiperda]
TRINITY_DN920_c0_g1_i14.p1	XP_050553308.1	59.265	599	209	9	20	617	1	565	0.0	700	620	569	96	XP_050553308.1 para-nitrobenzyl esterase-like isoform X3 [Spodoptera frugiperda]
TRINITY_DN920_c0_g1_i14.p1	XP_035429320.2	58.106	549	217	7	20	567	1	537	0.0	649	620	594	88	XP_035429320.2 para-nitrobenzyl esterase-like [Spodoptera frugiperda]
TRINITY_DN920_c0_g1_i14.p1	XP_035429431.2	50.722	554	256	7	21	567	3	546	0.0	561	620	553	88	XP_035429431.2 cholinesterase 1 isoform X4 [Spodoptera frugiperda]
TRINITY_DN920_c0_g1_i14.p1	XP_035430692.2	49.820	556	264	6	21	569	3	550	0.0	555	620	558	89	XP_035430692.2 juvenile hormone esterase-like isoform X1 [Spodoptera frugiperda]
TRINITY_DN920_c0_g1_i14.p1	XP_050553603.1	50.628	557	259	6	21	570	3	550	0.0	553	620	554	89	XP_050553603.1 cholinesterase 1 isoform X3 [Spodoptera frugiperda]
TRINITY_DN920_c0_g1_i14.p1	XP_035429429.2	50.628	557	259	6	21	570	3	550	0.0	553	620	554	89	XP_035429429.2 cholinesterase 1 isoform X2 [Spodoptera frugiperda]
TRINITY_DN920_c0_g1_i14.p1	XP_050553601.1	51.356	553	244	7	21	560	3	543	0.0	552	620	560	87	XP_050553601.1 para-nitrobenzyl esterase-like [Spodoptera frugiperda]
TRINITY_DN920_c0_g1_i14.p1	XP_050553602.1	50.091	547	258	6	21	560	3	541	0.0	551	620	558	87	XP_050553602.1 juvenile hormone esterase-like isoform X2 [Spodoptera frugiperda]
TRINITY_DN920_c0_g1_i14.p1	XP_035429428.2	51.005	547	252	6	21	560	3	540	0.0	549	620	557	87	XP_035429428.2 cholinesterase 1 isoform X1 [Spodoptera frugiperda]
TRINITY_DN920_c0_g1_i14.p1	XP_035430003.2	47.905	549	277	5	22	569	2	542	0.0	526	620	545	88	XP_035430003.2 esterase FE4-like [Spodoptera frugiperda]
TRINITY_DN920_c0_g1_i14.p1	XP_035430420.2	48.162	544	269	5	22	560	2	537	0.0	525	620	554	87	XP_035430420.2 cholinesterase 1 [Spodoptera frugiperda]
TRINITY_DN920_c0_g1_i14.p1	XP_050553599.1	48.816	549	265	7	26	566	5	545	3.81e-177	514	620	553	87	XP_050553599.1 juvenile hormone esterase-like isoform X3 [Spodoptera frugiperda]
TRINITY_DN920_c0_g1_i14.p1	XP_050553597.1	49.531	533	254	6	41	566	21	545	9.19e-177	513	620	553	85	XP_050553597.1 juvenile hormone esterase-like isoform X1 [Spodoptera frugiperda]
TRINITY_DN920_c0_g1_i14.p1	XP_050553323.1	49.077	542	260	5	28	560	3	537	9.50e-177	513	620	565	86	XP_050553323.1 cholinesterase 1 [Spodoptera frugiperda]
TRINITY_DN920_c0_g1_i14.p1	XP_035430694.2	45.735	551	284	8	20	566	1	540	1.98e-176	512	620	550	88	XP_035430694.2 esterase FE4-like [Spodoptera frugiperda]
TRINITY_DN920_c0_g1_i14.p1	XP_035430182.2	46.337	546	275	8	29	566	10	545	1.11e-175	510	620	550	87	XP_035430182.2 esterase FE4-like [Spodoptera frugiperda]
TRINITY_DN920_c0_g1_i14.p1	XP_050553598.1	48.816	549	265	7	26	566	5	545	1.65e-172	502	620	553	87	XP_050553598.1 juvenile hormone esterase-like isoform X2 [Spodoptera frugiperda]
TRINITY_DN920_c0_g1_i14.p1	XP_050553600.1	48.468	555	270	7	26	572	5	551	2.17e-172	502	620	553	88	XP_050553600.1 juvenile hormone esterase-like isoform X4 [Spodoptera frugiperda]
TRINITY_DN920_c0_g1_i14.p1	XP_035449424.2	36.282	554	331	11	20	563	1	542	6.27e-107	334	620	556	88	XP_035449424.2 esterase FE4-like [Spodoptera frugiperda]
TRINITY_DN920_c0_g1_i16.p1	XP_035430907.2	62.000	500	161	4	1	500	90	560	0.0	648	503	562	99	XP_035430907.2 cholinesterase 1-like [Spodoptera frugiperda]
TRINITY_DN920_c0_g1_i16.p1	XP_035430264.2	67.991	453	139	4	2	454	92	538	0.0	639	503	562	90	XP_035430264.2 acetylcholinesterase [Spodoptera frugiperda]
TRINITY_DN920_c0_g1_i16.p1	XP_035430243.2	63.877	454	159	3	1	454	92	540	0.0	622	503	540	90	XP_035430243.2 para-nitrobenzyl esterase-like [Spodoptera frugiperda]
TRINITY_DN920_c0_g1_i16.p1	XP_050553307.1	61.277	501	166	7	1	500	92	565	0.0	607	503	569	99	XP_050553307.1 para-nitrobenzyl esterase-like isoform X2 [Spodoptera frugiperda]
TRINITY_DN920_c0_g1_i16.p1	XP_050553309.1	61.078	501	167	7	1	500	92	565	0.0	606	503	569	99	XP_050553309.1 para-nitrobenzyl esterase-like isoform X4 [Spodoptera frugiperda]
TRINITY_DN920_c0_g1_i16.p1	XP_050553308.1	60.878	501	168	7	1	500	92	565	0.0	604	503	569	99	XP_050553308.1 para-nitrobenzyl esterase-like isoform X3 [Spodoptera frugiperda]
TRINITY_DN920_c0_g1_i16.p1	XP_035430695.2	60.878	501	168	7	1	500	105	578	0.0	603	503	582	99	XP_035430695.2 para-nitrobenzyl esterase-like isoform X1 [Spodoptera frugiperda]
TRINITY_DN920_c0_g1_i16.p1	XP_035429320.2	60.714	448	170	4	3	449	93	535	0.0	567	503	594	89	XP_035429320.2 para-nitrobenzyl esterase-like [Spodoptera frugiperda]
TRINITY_DN920_c0_g1_i16.p1	XP_035429431.2	51.852	459	208	4	2	454	98	549	2.61e-164	477	503	553	90	XP_035429431.2 cholinesterase 1 isoform X4 [Spodoptera frugiperda]
TRINITY_DN920_c0_g1_i16.p1	XP_050553603.1	52.288	459	206	4	2	454	99	550	7.67e-163	473	503	554	90	XP_050553603.1 cholinesterase 1 isoform X3 [Spodoptera frugiperda]
TRINITY_DN920_c0_g1_i16.p1	XP_035429429.2	52.288	459	206	4	2	454	99	550	7.67e-163	473	503	554	90	XP_035429429.2 cholinesterase 1 isoform X2 [Spodoptera frugiperda]
TRINITY_DN920_c0_g1_i16.p1	XP_035430692.2	51.422	457	210	4	3	453	100	550	2.38e-162	472	503	558	90	XP_035430692.2 juvenile hormone esterase-like isoform X1 [Spodoptera frugiperda]
TRINITY_DN920_c0_g1_i16.p1	XP_035429428.2	52.561	449	200	4	2	444	99	540	1.98e-160	467	503	557	88	XP_035429428.2 cholinesterase 1 isoform X1 [Spodoptera frugiperda]
TRINITY_DN920_c0_g1_i16.p1	XP_050553602.1	51.562	448	205	4	3	444	100	541	5.87e-160	466	503	558	88	XP_050553602.1 juvenile hormone esterase-like isoform X2 [Spodoptera frugiperda]
TRINITY_DN920_c0_g1_i16.p1	XP_050553601.1	52.434	452	199	4	2	444	99	543	1.23e-158	462	503	560	88	XP_050553601.1 para-nitrobenzyl esterase-like [Spodoptera frugiperda]
TRINITY_DN920_c0_g1_i16.p1	XP_035430420.2	49.777	448	212	5	2	444	98	537	3.00e-157	459	503	554	88	XP_035430420.2 cholinesterase 1 [Spodoptera frugiperda]
TRINITY_DN920_c0_g1_i16.p1	XP_035430003.2	49.339	454	221	5	1	453	97	542	1.45e-153	449	503	545	90	XP_035430003.2 esterase FE4-like [Spodoptera frugiperda]
TRINITY_DN920_c0_g1_i16.p1	XP_035430694.2	46.681	452	232	4	1	450	96	540	4.15e-152	446	503	550	89	XP_035430694.2 esterase FE4-like [Spodoptera frugiperda]
TRINITY_DN920_c0_g1_i16.p1	XP_050553323.1	50.218	458	214	5	1	451	97	547	4.84e-151	443	503	565	90	XP_050553323.1 cholinesterase 1 [Spodoptera frugiperda]
TRINITY_DN920_c0_g1_i16.p1	XP_050553597.1	48.596	463	224	5	1	456	96	551	4.90e-149	438	503	553	91	XP_050553597.1 juvenile hormone esterase-like isoform X1 [Spodoptera frugiperda]
TRINITY_DN920_c0_g1_i16.p1	XP_050553599.1	48.596	463	224	5	1	456	96	551	6.65e-149	437	503	553	91	XP_050553599.1 juvenile hormone esterase-like isoform X3 [Spodoptera frugiperda]
TRINITY_DN920_c0_g1_i16.p1	XP_035430182.2	45.852	458	233	6	1	450	95	545	2.21e-146	431	503	550	89	XP_035430182.2 esterase FE4-like [Spodoptera frugiperda]
TRINITY_DN920_c0_g1_i16.p1	XP_050553600.1	48.812	463	223	5	1	456	96	551	6.66e-146	430	503	553	91	XP_050553600.1 juvenile hormone esterase-like isoform X4 [Spodoptera frugiperda]
TRINITY_DN920_c0_g1_i16.p1	XP_050553598.1	49.234	457	218	5	1	450	96	545	9.94e-146	429	503	553	89	XP_050553598.1 juvenile hormone esterase-like isoform X2 [Spodoptera frugiperda]
TRINITY_DN920_c0_g1_i16.p1	XP_035449424.2	36.364	451	274	7	3	447	99	542	4.72e-92	291	503	556	88	XP_035449424.2 esterase FE4-like [Spodoptera frugiperda]
TRINITY_DN920_c0_g1_i17.p1	XP_035430264.2	66.062	551	174	5	20	570	1	538	0.0	753	619	562	89	XP_035430264.2 acetylcholinesterase [Spodoptera frugiperda]
TRINITY_DN920_c0_g1_i17.p1	XP_035430907.2	60.637	597	198	7	20	616	1	560	0.0	744	619	562	96	XP_035430907.2 cholinesterase 1-like [Spodoptera frugiperda]
TRINITY_DN920_c0_g1_i17.p1	XP_035430695.2	59.204	603	212	9	15	616	9	578	0.0	702	619	582	97	XP_035430695.2 para-nitrobenzyl esterase-like isoform X1 [Spodoptera frugiperda]
TRINITY_DN920_c0_g1_i17.p1	XP_050553307.1	59.532	598	208	9	20	616	1	565	0.0	699	619	569	96	XP_050553307.1 para-nitrobenzyl esterase-like isoform X2 [Spodoptera frugiperda]
TRINITY_DN920_c0_g1_i17.p1	XP_050553309.1	59.365	598	209	9	20	616	1	565	0.0	698	619	569	96	XP_050553309.1 para-nitrobenzyl esterase-like isoform X4 [Spodoptera frugiperda]
TRINITY_DN920_c0_g1_i17.p1	XP_050553308.1	59.197	598	210	9	20	616	1	565	0.0	696	619	569	96	XP_050553308.1 para-nitrobenzyl esterase-like isoform X3 [Spodoptera frugiperda]
TRINITY_DN920_c0_g1_i17.p1	XP_035430243.2	60.980	551	204	5	20	570	1	540	0.0	696	619	540	89	XP_035430243.2 para-nitrobenzyl esterase-like [Spodoptera frugiperda]
TRINITY_DN920_c0_g1_i17.p1	XP_035429320.2	57.587	547	219	7	20	565	1	535	0.0	643	619	594	88	XP_035429320.2 para-nitrobenzyl esterase-like [Spodoptera frugiperda]
TRINITY_DN920_c0_g1_i17.p1	XP_035429431.2	50.361	554	258	7	21	567	3	546	0.0	555	619	553	88	XP_035429431.2 cholinesterase 1 isoform X4 [Spodoptera frugiperda]
TRINITY_DN920_c0_g1_i17.p1	XP_035430692.2	49.460	556	266	6	21	569	3	550	0.0	549	619	558	89	XP_035430692.2 juvenile hormone esterase-like isoform X1 [Spodoptera frugiperda]
TRINITY_DN920_c0_g1_i17.p1	XP_050553603.1	50.090	557	262	6	21	570	3	550	0.0	546	619	554	89	XP_050553603.1 cholinesterase 1 isoform X3 [Spodoptera frugiperda]
TRINITY_DN920_c0_g1_i17.p1	XP_035429429.2	50.090	557	262	6	21	570	3	550	0.0	546	619	554	89	XP_035429429.2 cholinesterase 1 isoform X2 [Spodoptera frugiperda]
TRINITY_DN920_c0_g1_i17.p1	XP_050553602.1	49.543	547	261	6	21	560	3	541	0.0	543	619	558	87	XP_050553602.1 juvenile hormone esterase-like isoform X2 [Spodoptera frugiperda]
TRINITY_DN920_c0_g1_i17.p1	XP_050553601.1	50.633	553	248	7	21	560	3	543	0.0	543	619	560	87	XP_050553601.1 para-nitrobenzyl esterase-like [Spodoptera frugiperda]
TRINITY_DN920_c0_g1_i17.p1	XP_035429428.2	50.274	547	256	6	21	560	3	540	0.0	541	619	557	87	XP_035429428.2 cholinesterase 1 isoform X1 [Spodoptera frugiperda]
TRINITY_DN920_c0_g1_i17.p1	XP_035430003.2	47.541	549	279	5	22	569	2	542	1.09e-180	523	619	545	89	XP_035430003.2 esterase FE4-like [Spodoptera frugiperda]
TRINITY_DN920_c0_g1_i17.p1	XP_035430420.2	47.978	544	270	5	22	560	2	537	1.06e-179	520	619	554	87	XP_035430420.2 cholinesterase 1 [Spodoptera frugiperda]
TRINITY_DN920_c0_g1_i17.p1	XP_050553599.1	48.288	555	271	7	26	572	5	551	1.19e-175	510	619	553	88	XP_050553599.1 juvenile hormone esterase-like isoform X3 [Spodoptera frugiperda]
TRINITY_DN920_c0_g1_i17.p1	XP_050553323.1	48.551	552	265	6	28	567	3	547	1.60e-175	510	619	565	87	XP_050553323.1 cholinesterase 1 [Spodoptera frugiperda]
TRINITY_DN920_c0_g1_i17.p1	XP_050553597.1	48.980	539	260	6	41	572	21	551	4.29e-175	509	619	553	86	XP_050553597.1 juvenile hormone esterase-like isoform X1 [Spodoptera frugiperda]
TRINITY_DN920_c0_g1_i17.p1	XP_035430694.2	45.372	551	286	8	20	566	1	540	5.04e-175	508	619	550	88	XP_035430694.2 esterase FE4-like [Spodoptera frugiperda]
TRINITY_DN920_c0_g1_i17.p1	XP_035430182.2	45.971	546	277	8	29	566	10	545	5.99e-174	506	619	550	87	XP_035430182.2 esterase FE4-like [Spodoptera frugiperda]
TRINITY_DN920_c0_g1_i17.p1	XP_050553600.1	48.288	555	271	7	26	572	5	551	5.44e-171	498	619	553	88	XP_050553600.1 juvenile hormone esterase-like isoform X4 [Spodoptera frugiperda]
TRINITY_DN920_c0_g1_i17.p1	XP_050553598.1	48.634	549	266	7	26	566	5	545	6.19e-171	498	619	553	87	XP_050553598.1 juvenile hormone esterase-like isoform X2 [Spodoptera frugiperda]
TRINITY_DN920_c0_g1_i17.p1	XP_035449424.2	35.870	552	336	10	20	563	1	542	7.91e-106	331	619	556	88	XP_035449424.2 esterase FE4-like [Spodoptera frugiperda]
TRINITY_DN920_c0_g1_i19.p1	XP_035430264.2	72.542	539	147	1	1	539	1	538	0.0	840	588	562	92	XP_035430264.2 acetylcholinesterase [Spodoptera frugiperda]
TRINITY_DN920_c0_g1_i19.p1	XP_035430907.2	66.041	586	172	3	1	585	1	560	0.0	832	588	562	99	XP_035430907.2 cholinesterase 1-like [Spodoptera frugiperda]
TRINITY_DN920_c0_g1_i19.p1	XP_035430243.2	63.838	542	191	2	1	539	1	540	0.0	746	588	540	92	XP_035430243.2 para-nitrobenzyl esterase-like [Spodoptera frugiperda]
TRINITY_DN920_c0_g1_i19.p1	XP_050553307.1	59.796	587	212	5	1	585	1	565	0.0	727	588	569	99	XP_050553307.1 para-nitrobenzyl esterase-like isoform X2 [Spodoptera frugiperda]
TRINITY_DN920_c0_g1_i19.p1	XP_050553309.1	59.625	587	213	5	1	585	1	565	0.0	725	588	569	99	XP_050553309.1 para-nitrobenzyl esterase-like isoform X4 [Spodoptera frugiperda]
TRINITY_DN920_c0_g1_i19.p1	XP_050553308.1	59.114	587	216	5	1	585	1	565	0.0	720	588	569	99	XP_050553308.1 para-nitrobenzyl esterase-like isoform X3 [Spodoptera frugiperda]
TRINITY_DN920_c0_g1_i19.p1	XP_035430695.2	59.114	587	216	5	1	585	14	578	0.0	718	588	582	99	XP_035430695.2 para-nitrobenzyl esterase-like isoform X1 [Spodoptera frugiperda]
TRINITY_DN920_c0_g1_i19.p1	XP_035429320.2	59.555	539	209	5	1	534	1	535	0.0	673	588	594	91	XP_035429320.2 para-nitrobenzyl esterase-like [Spodoptera frugiperda]
TRINITY_DN920_c0_g1_i19.p1	XP_035429431.2	51.361	551	251	5	2	539	3	549	0.0	588	588	553	91	XP_035429431.2 cholinesterase 1 isoform X4 [Spodoptera frugiperda]
TRINITY_DN920_c0_g1_i19.p1	XP_050553603.1	51.642	548	249	3	6	539	5	550	0.0	581	588	554	91	XP_050553603.1 cholinesterase 1 isoform X3 [Spodoptera frugiperda]
TRINITY_DN920_c0_g1_i19.p1	XP_035429429.2	51.642	548	249	3	6	539	5	550	0.0	581	588	554	91	XP_035429429.2 cholinesterase 1 isoform X2 [Spodoptera frugiperda]
TRINITY_DN920_c0_g1_i19.p1	XP_035430692.2	51.548	549	249	5	2	536	3	548	0.0	580	588	558	91	XP_035430692.2 juvenile hormone esterase-like isoform X1 [Spodoptera frugiperda]
TRINITY_DN920_c0_g1_i19.p1	XP_035429428.2	51.859	538	243	3	6	529	5	540	0.0	575	588	557	89	XP_035429428.2 cholinesterase 1 isoform X1 [Spodoptera frugiperda]
TRINITY_DN920_c0_g1_i19.p1	XP_050553602.1	51.476	542	246	5	2	529	3	541	0.0	574	588	558	90	XP_050553602.1 juvenile hormone esterase-like isoform X2 [Spodoptera frugiperda]
TRINITY_DN920_c0_g1_i19.p1	XP_050553601.1	51.376	545	244	4	2	529	3	543	0.0	570	588	560	90	XP_050553601.1 para-nitrobenzyl esterase-like [Spodoptera frugiperda]
TRINITY_DN920_c0_g1_i19.p1	XP_035430003.2	49.081	544	266	5	3	538	2	542	0.0	551	588	545	91	XP_035430003.2 esterase FE4-like [Spodoptera frugiperda]
TRINITY_DN920_c0_g1_i19.p1	XP_050553323.1	50.274	547	253	5	4	536	6	547	0.0	551	588	565	91	XP_050553323.1 cholinesterase 1 [Spodoptera frugiperda]
TRINITY_DN920_c0_g1_i19.p1	XP_035430420.2	49.536	539	255	6	3	529	4	537	0.0	550	588	554	90	XP_035430420.2 cholinesterase 1 [Spodoptera frugiperda]
TRINITY_DN920_c0_g1_i19.p1	XP_035430182.2	48.308	532	259	6	17	535	17	545	0.0	540	588	550	88	XP_035430182.2 esterase FE4-like [Spodoptera frugiperda]
TRINITY_DN920_c0_g1_i19.p1	XP_050553599.1	49.449	544	259	5	6	535	4	545	0.0	540	588	553	90	XP_050553599.1 juvenile hormone esterase-like isoform X3 [Spodoptera frugiperda]
TRINITY_DN920_c0_g1_i19.p1	XP_050553597.1	50.379	528	247	4	21	535	20	545	0.0	538	588	553	88	XP_050553597.1 juvenile hormone esterase-like isoform X1 [Spodoptera frugiperda]
TRINITY_DN920_c0_g1_i19.p1	XP_035430694.2	45.488	543	285	4	1	535	1	540	0.0	538	588	550	91	XP_035430694.2 esterase FE4-like [Spodoptera frugiperda]
TRINITY_DN920_c0_g1_i19.p1	XP_050553600.1	49.728	551	259	6	6	541	4	551	0.0	535	588	553	91	XP_050553600.1 juvenile hormone esterase-like isoform X4 [Spodoptera frugiperda]
TRINITY_DN920_c0_g1_i19.p1	XP_050553598.1	50.092	545	254	6	6	535	4	545	0.0	534	588	553	90	XP_050553598.1 juvenile hormone esterase-like isoform X2 [Spodoptera frugiperda]
TRINITY_DN920_c0_g1_i19.p1	XP_035449424.2	36.096	543	326	10	7	532	4	542	9.16e-112	345	588	556	89	XP_035449424.2 esterase FE4-like [Spodoptera frugiperda]
TRINITY_DN920_c0_g1_i20.p1	XP_035430264.2	72.542	539	147	1	1	539	1	538	0.0	839	589	562	92	XP_035430264.2 acetylcholinesterase [Spodoptera frugiperda]
TRINITY_DN920_c0_g1_i20.p1	XP_035430907.2	65.928	587	172	3	1	586	1	560	0.0	831	589	562	99	XP_035430907.2 cholinesterase 1-like [Spodoptera frugiperda]
TRINITY_DN920_c0_g1_i20.p1	XP_035430243.2	63.838	542	191	2	1	539	1	540	0.0	746	589	540	92	XP_035430243.2 para-nitrobenzyl esterase-like [Spodoptera frugiperda]
TRINITY_DN920_c0_g1_i20.p1	XP_050553307.1	59.694	588	212	5	1	586	1	565	0.0	727	589	569	99	XP_050553307.1 para-nitrobenzyl esterase-like isoform X2 [Spodoptera frugiperda]
TRINITY_DN920_c0_g1_i20.p1	XP_050553309.1	59.524	588	213	5	1	586	1	565	0.0	725	589	569	99	XP_050553309.1 para-nitrobenzyl esterase-like isoform X4 [Spodoptera frugiperda]
TRINITY_DN920_c0_g1_i20.p1	XP_050553308.1	59.014	588	216	5	1	586	1	565	0.0	720	589	569	99	XP_050553308.1 para-nitrobenzyl esterase-like isoform X3 [Spodoptera frugiperda]
TRINITY_DN920_c0_g1_i20.p1	XP_035430695.2	59.014	588	216	5	1	586	14	578	0.0	718	589	582	99	XP_035430695.2 para-nitrobenzyl esterase-like isoform X1 [Spodoptera frugiperda]
TRINITY_DN920_c0_g1_i20.p1	XP_035429320.2	59.519	541	210	5	1	536	1	537	0.0	674	589	594	91	XP_035429320.2 para-nitrobenzyl esterase-like [Spodoptera frugiperda]
TRINITY_DN920_c0_g1_i20.p1	XP_035429431.2	51.180	551	252	5	2	539	3	549	0.0	587	589	553	91	XP_035429431.2 cholinesterase 1 isoform X4 [Spodoptera frugiperda]
TRINITY_DN920_c0_g1_i20.p1	XP_050553603.1	51.460	548	250	3	6	539	5	550	0.0	579	589	554	91	XP_050553603.1 cholinesterase 1 isoform X3 [Spodoptera frugiperda]
TRINITY_DN920_c0_g1_i20.p1	XP_035430692.2	51.180	551	252	5	2	538	3	550	0.0	579	589	558	91	XP_035430692.2 juvenile hormone esterase-like isoform X1 [Spodoptera frugiperda]
TRINITY_DN920_c0_g1_i20.p1	XP_035429429.2	51.460	548	250	3	6	539	5	550	0.0	579	589	554	91	XP_035429429.2 cholinesterase 1 isoform X2 [Spodoptera frugiperda]
TRINITY_DN920_c0_g1_i20.p1	XP_035429428.2	51.661	542	244	4	2	529	3	540	0.0	575	589	557	90	XP_035429428.2 cholinesterase 1 isoform X1 [Spodoptera frugiperda]
TRINITY_DN920_c0_g1_i20.p1	XP_050553602.1	51.476	542	246	5	2	529	3	541	0.0	575	589	558	90	XP_050553602.1 juvenile hormone esterase-like isoform X2 [Spodoptera frugiperda]
TRINITY_DN920_c0_g1_i20.p1	XP_050553601.1	51.376	545	244	4	2	529	3	543	0.0	570	589	560	90	XP_050553601.1 para-nitrobenzyl esterase-like [Spodoptera frugiperda]
TRINITY_DN920_c0_g1_i20.p1	XP_035430003.2	49.081	544	266	5	3	538	2	542	0.0	551	589	545	91	XP_035430003.2 esterase FE4-like [Spodoptera frugiperda]
TRINITY_DN920_c0_g1_i20.p1	XP_050553323.1	50.466	537	250	4	4	529	6	537	0.0	550	589	565	89	XP_050553323.1 cholinesterase 1 [Spodoptera frugiperda]
TRINITY_DN920_c0_g1_i20.p1	XP_035430420.2	49.536	539	255	6	3	529	4	537	0.0	550	589	554	89	XP_035430420.2 cholinesterase 1 [Spodoptera frugiperda]
TRINITY_DN920_c0_g1_i20.p1	XP_035430182.2	48.308	532	259	6	17	535	17	545	0.0	541	589	550	88	XP_035430182.2 esterase FE4-like [Spodoptera frugiperda]
TRINITY_DN920_c0_g1_i20.p1	XP_050553599.1	49.449	544	259	5	6	535	4	545	0.0	540	589	553	90	XP_050553599.1 juvenile hormone esterase-like isoform X3 [Spodoptera frugiperda]
TRINITY_DN920_c0_g1_i20.p1	XP_050553597.1	50.379	528	247	4	21	535	20	545	0.0	538	589	553	87	XP_050553597.1 juvenile hormone esterase-like isoform X1 [Spodoptera frugiperda]
TRINITY_DN920_c0_g1_i20.p1	XP_035430694.2	45.488	543	285	4	1	535	1	540	0.0	538	589	550	91	XP_035430694.2 esterase FE4-like [Spodoptera frugiperda]
TRINITY_DN920_c0_g1_i20.p1	XP_050553598.1	50.092	545	254	6	6	535	4	545	0.0	535	589	553	90	XP_050553598.1 juvenile hormone esterase-like isoform X2 [Spodoptera frugiperda]
TRINITY_DN920_c0_g1_i20.p1	XP_050553600.1	50.092	545	254	6	6	535	4	545	0.0	534	589	553	90	XP_050553600.1 juvenile hormone esterase-like isoform X4 [Spodoptera frugiperda]
TRINITY_DN920_c0_g1_i20.p1	XP_035449424.2	36.096	543	326	10	7	532	4	542	1.10e-111	345	589	556	89	XP_035449424.2 esterase FE4-like [Spodoptera frugiperda]
TRINITY_DN920_c0_g1_i7.p1	XP_035430264.2	73.849	478	124	1	1	478	1	477	0.0	757	532	562	90	XP_035430264.2 acetylcholinesterase [Spodoptera frugiperda]
TRINITY_DN920_c0_g1_i7.p1	XP_035430907.2	71.369	482	135	2	1	481	1	480	0.0	744	532	562	90	XP_035430907.2 cholinesterase 1-like [Spodoptera frugiperda]
TRINITY_DN920_c0_g1_i7.p1	XP_050553309.1	64.718	479	168	1	1	478	1	479	0.0	665	532	569	90	XP_050553309.1 para-nitrobenzyl esterase-like isoform X4 [Spodoptera frugiperda]
TRINITY_DN920_c0_g1_i7.p1	XP_050553307.1	64.718	479	168	1	1	478	1	479	0.0	664	532	569	90	XP_050553307.1 para-nitrobenzyl esterase-like isoform X2 [Spodoptera frugiperda]
TRINITY_DN920_c0_g1_i7.p1	XP_035430243.2	64.375	480	166	2	1	477	1	478	0.0	663	532	540	90	XP_035430243.2 para-nitrobenzyl esterase-like [Spodoptera frugiperda]
TRINITY_DN920_c0_g1_i7.p1	XP_050553308.1	64.092	479	171	1	1	478	1	479	0.0	659	532	569	90	XP_050553308.1 para-nitrobenzyl esterase-like isoform X3 [Spodoptera frugiperda]
TRINITY_DN920_c0_g1_i7.p1	XP_035430695.2	64.092	479	171	1	1	478	14	492	0.0	656	532	582	90	XP_035430695.2 para-nitrobenzyl esterase-like isoform X1 [Spodoptera frugiperda]
TRINITY_DN920_c0_g1_i7.p1	XP_035429320.2	60.825	485	182	4	1	481	1	481	0.0	614	532	594	90	XP_035429320.2 para-nitrobenzyl esterase-like [Spodoptera frugiperda]
TRINITY_DN920_c0_g1_i7.p1	XP_035429431.2	50.816	490	224	5	2	478	3	488	1.08e-177	512	532	553	90	XP_035429431.2 cholinesterase 1 isoform X4 [Spodoptera frugiperda]
TRINITY_DN920_c0_g1_i7.p1	XP_050553602.1	50.713	491	225	5	2	478	3	490	1.06e-175	507	532	558	90	XP_050553602.1 juvenile hormone esterase-like isoform X2 [Spodoptera frugiperda]
TRINITY_DN920_c0_g1_i7.p1	XP_035430692.2	50.713	491	225	5	2	478	3	490	1.14e-175	507	532	558	90	XP_035430692.2 juvenile hormone esterase-like isoform X1 [Spodoptera frugiperda]
TRINITY_DN920_c0_g1_i7.p1	XP_035429428.2	51.129	487	222	3	6	478	5	489	8.10e-175	505	532	557	89	XP_035429428.2 cholinesterase 1 isoform X1 [Spodoptera frugiperda]
TRINITY_DN920_c0_g1_i7.p1	XP_050553603.1	51.129	487	222	3	6	478	5	489	1.39e-174	504	532	554	89	XP_050553603.1 cholinesterase 1 isoform X3 [Spodoptera frugiperda]
TRINITY_DN920_c0_g1_i7.p1	XP_035429429.2	51.129	487	222	3	6	478	5	489	1.39e-174	504	532	554	89	XP_035429429.2 cholinesterase 1 isoform X2 [Spodoptera frugiperda]
TRINITY_DN920_c0_g1_i7.p1	XP_050553601.1	50.810	494	222	4	2	478	3	492	3.93e-174	503	532	560	90	XP_050553601.1 para-nitrobenzyl esterase-like [Spodoptera frugiperda]
TRINITY_DN920_c0_g1_i7.p1	XP_050553323.1	50.620	484	226	3	6	478	5	486	3.34e-171	496	532	565	89	XP_050553323.1 cholinesterase 1 [Spodoptera frugiperda]
TRINITY_DN920_c0_g1_i7.p1	XP_035430003.2	48.554	484	238	5	3	478	2	482	4.67e-167	484	532	545	89	XP_035430003.2 esterase FE4-like [Spodoptera frugiperda]
TRINITY_DN920_c0_g1_i7.p1	XP_035430420.2	48.975	488	232	6	3	478	4	486	2.53e-166	483	532	554	89	XP_035430420.2 cholinesterase 1 [Spodoptera frugiperda]
TRINITY_DN920_c0_g1_i7.p1	XP_035430182.2	48.632	475	228	6	17	478	17	488	5.65e-165	479	532	550	87	XP_035430182.2 esterase FE4-like [Spodoptera frugiperda]
TRINITY_DN920_c0_g1_i7.p1	XP_050553599.1	49.170	482	230	4	6	474	4	483	3.44e-164	478	532	553	88	XP_050553599.1 juvenile hormone esterase-like isoform X3 [Spodoptera frugiperda]
TRINITY_DN920_c0_g1_i7.p1	XP_050553597.1	50.107	467	219	3	20	474	19	483	1.37e-163	476	532	553	86	XP_050553597.1 juvenile hormone esterase-like isoform X1 [Spodoptera frugiperda]
TRINITY_DN920_c0_g1_i7.p1	XP_050553598.1	50.000	482	226	5	6	474	4	483	4.51e-162	472	532	553	88	XP_050553598.1 juvenile hormone esterase-like isoform X2 [Spodoptera frugiperda]
TRINITY_DN920_c0_g1_i7.p1	XP_050553600.1	50.000	482	226	5	6	474	4	483	4.98e-162	472	532	553	88	XP_050553600.1 juvenile hormone esterase-like isoform X4 [Spodoptera frugiperda]
TRINITY_DN920_c0_g1_i7.p1	XP_035430694.2	45.062	486	256	4	1	478	1	483	1.66e-161	471	532	550	90	XP_035430694.2 esterase FE4-like [Spodoptera frugiperda]
TRINITY_DN920_c0_g1_i7.p1	XP_035449424.2	37.313	469	273	9	7	460	4	466	5.06e-99	310	532	556	85	XP_035449424.2 esterase FE4-like [Spodoptera frugiperda]
TRINITY_DN9322_c0_g2_i1.p1	XP_035444718.2	73.034	534	141	2	10	542	1	532	0.0	827	543	532	98	XP_035444718.2 juvenile hormone esterase [Spodoptera frugiperda]
TRINITY_DN9322_c0_g2_i1.p1	XP_050549265.1	44.151	530	283	9	15	536	5	529	1.42e-147	435	543	532	96	XP_050549265.1 juvenile hormone esterase-like [Spodoptera frugiperda]
TRINITY_DN9322_c0_g2_i1.p1	XP_050549264.1	44.151	530	283	9	15	536	5	529	1.42e-147	435	543	532	96	XP_050549264.1 juvenile hormone esterase-like [Spodoptera frugiperda]
TRINITY_DN9322_c0_g2_i1.p1	XP_035444720.2	44.256	531	283	8	15	536	5	531	3.69e-141	419	543	534	96	XP_035444720.2 juvenile hormone esterase [Spodoptera frugiperda]
TRINITY_DN9322_c0_g2_i1.p1	XP_035428785.2	37.711	533	315	12	10	534	1	524	2.23e-112	345	543	537	97	XP_035428785.2 juvenile hormone esterase isoform X2 [Spodoptera frugiperda]
TRINITY_DN9322_c0_g2_i1.p1	XP_035428784.2	37.594	532	315	12	11	534	29	551	4.52e-111	342	543	564	97	XP_035428784.2 juvenile hormone esterase isoform X1 [Spodoptera frugiperda]
TRINITY_DN9322_c0_g2_i1.p1	XP_035434296.2	36.709	553	321	15	1	542	1	535	1.72e-110	340	543	537	99	XP_035434296.2 juvenile hormone esterase isoform X3 [Spodoptera frugiperda]
TRINITY_DN9322_c0_g2_i1.p1	XP_035434295.2	36.929	547	316	15	7	542	11	539	1.11e-109	338	543	541	99	XP_035434295.2 juvenile hormone esterase isoform X2 [Spodoptera frugiperda]
TRINITY_DN9322_c0_g2_i1.p1	XP_035434294.2	36.929	547	316	15	7	542	27	555	1.78e-109	338	543	557	99	XP_035434294.2 esterase B1 isoform X1 [Spodoptera frugiperda]
TRINITY_DN9322_c0_g2_i1.p1	XP_050561842.1	36.852	540	314	14	14	542	3	526	3.98e-109	336	543	528	97	XP_050561842.1 juvenile hormone esterase isoform X4 [Spodoptera frugiperda]
TRINITY_DN9322_c0_g2_i1.p1	XP_050561841.1	36.852	540	314	14	14	542	3	526	3.98e-109	336	543	528	97	XP_050561841.1 juvenile hormone esterase isoform X4 [Spodoptera frugiperda]
TRINITY_DN9322_c0_g2_i1.p1	XP_050561840.1	36.852	540	314	14	14	542	3	526	3.98e-109	336	543	528	97	XP_050561840.1 juvenile hormone esterase isoform X4 [Spodoptera frugiperda]
TRINITY_DN9322_c0_g2_i1.p1	XP_035456137.2	38.505	535	302	14	11	536	3	519	2.00e-106	335	543	734	97	XP_035456137.2 juvenile hormone esterase isoform X3 [Spodoptera frugiperda]
TRINITY_DN9322_c0_g2_i1.p1	XP_035456136.2	38.505	535	302	14	11	536	3	519	2.00e-106	335	543	734	97	XP_035456136.2 juvenile hormone esterase isoform X3 [Spodoptera frugiperda]
TRINITY_DN9322_c0_g2_i1.p1	XP_035456135.2	38.505	535	302	14	11	536	19	535	3.26e-106	335	543	750	97	XP_035456135.2 juvenile hormone esterase isoform X2 [Spodoptera frugiperda]
TRINITY_DN9322_c0_g2_i1.p1	XP_035456134.2	38.505	535	302	14	11	536	113	629	2.50e-105	335	543	844	97	XP_035456134.2 juvenile hormone esterase isoform X1 [Spodoptera frugiperda]
TRINITY_DN9322_c0_g2_i1.p1	XP_035449615.1	36.697	545	313	15	14	535	93	628	1.53e-100	317	543	645	96	XP_035449615.1 venom carboxylesterase-6 [Spodoptera frugiperda]
TRINITY_DN9322_c0_g2_i1.p1	XP_035449614.1	36.697	545	313	15	14	535	93	628	1.53e-100	317	543	645	96	XP_035449614.1 venom carboxylesterase-6 [Spodoptera frugiperda]
TRINITY_DN9322_c0_g2_i1.p1	XP_035459069.2	36.398	533	315	16	15	540	25	540	1.52e-98	309	543	544	97	XP_035459069.2 LOW QUALITY PROTEIN: esterase FE4 [Spodoptera frugiperda]
TRINITY_DN9322_c0_g2_i1.p1	XP_035450251.1	37.945	506	290	13	15	505	4	500	2.92e-95	300	543	541	90	XP_035450251.1 juvenile hormone esterase-like [Spodoptera frugiperda]
TRINITY_DN9322_c0_g2_i1.p1	XP_050550661.1	36.414	541	301	16	14	538	26	539	3.71e-95	300	543	547	97	XP_050550661.1 juvenile hormone esterase [Spodoptera frugiperda]
TRINITY_DN9322_c0_g2_i1.p1	XP_035435674.2	36.414	541	301	16	14	538	26	539	3.71e-95	300	543	547	97	XP_035435674.2 juvenile hormone esterase [Spodoptera frugiperda]
TRINITY_DN9322_c0_g2_i1.p1	XP_035456387.2	37.262	526	312	12	15	533	10	524	4.64e-95	300	543	531	96	XP_035456387.2 juvenile hormone esterase [Spodoptera frugiperda]
TRINITY_DN9322_c0_g2_i1.p1	XP_035446627.2	36.711	523	299	16	32	540	41	545	3.30e-93	295	543	545	94	XP_035446627.2 juvenile hormone esterase-like [Spodoptera frugiperda]
TRINITY_DN9322_c0_g2_i1.p1	XP_035450249.2	35.046	545	317	15	15	536	4	534	5.15e-93	295	543	537	96	XP_035450249.2 juvenile hormone esterase [Spodoptera frugiperda]
TRINITY_DN9322_c0_g2_i2.p1	XP_035444718.2	73.034	534	141	2	10	542	1	532	0.0	827	543	532	98	XP_035444718.2 juvenile hormone esterase [Spodoptera frugiperda]
TRINITY_DN9322_c0_g2_i2.p1	XP_050549265.1	44.151	530	283	9	15	536	5	529	1.42e-147	435	543	532	96	XP_050549265.1 juvenile hormone esterase-like [Spodoptera frugiperda]
TRINITY_DN9322_c0_g2_i2.p1	XP_050549264.1	44.151	530	283	9	15	536	5	529	1.42e-147	435	543	532	96	XP_050549264.1 juvenile hormone esterase-like [Spodoptera frugiperda]
TRINITY_DN9322_c0_g2_i2.p1	XP_035444720.2	44.256	531	283	8	15	536	5	531	3.69e-141	419	543	534	96	XP_035444720.2 juvenile hormone esterase [Spodoptera frugiperda]
TRINITY_DN9322_c0_g2_i2.p1	XP_035428785.2	37.711	533	315	12	10	534	1	524	2.23e-112	345	543	537	97	XP_035428785.2 juvenile hormone esterase isoform X2 [Spodoptera frugiperda]
TRINITY_DN9322_c0_g2_i2.p1	XP_035428784.2	37.594	532	315	12	11	534	29	551	4.52e-111	342	543	564	97	XP_035428784.2 juvenile hormone esterase isoform X1 [Spodoptera frugiperda]
TRINITY_DN9322_c0_g2_i2.p1	XP_035434296.2	36.709	553	321	15	1	542	1	535	1.72e-110	340	543	537	99	XP_035434296.2 juvenile hormone esterase isoform X3 [Spodoptera frugiperda]
TRINITY_DN9322_c0_g2_i2.p1	XP_035434295.2	36.929	547	316	15	7	542	11	539	1.11e-109	338	543	541	99	XP_035434295.2 juvenile hormone esterase isoform X2 [Spodoptera frugiperda]
TRINITY_DN9322_c0_g2_i2.p1	XP_035434294.2	36.929	547	316	15	7	542	27	555	1.78e-109	338	543	557	99	XP_035434294.2 esterase B1 isoform X1 [Spodoptera frugiperda]
TRINITY_DN9322_c0_g2_i2.p1	XP_050561842.1	36.852	540	314	14	14	542	3	526	3.98e-109	336	543	528	97	XP_050561842.1 juvenile hormone esterase isoform X4 [Spodoptera frugiperda]
TRINITY_DN9322_c0_g2_i2.p1	XP_050561841.1	36.852	540	314	14	14	542	3	526	3.98e-109	336	543	528	97	XP_050561841.1 juvenile hormone esterase isoform X4 [Spodoptera frugiperda]
TRINITY_DN9322_c0_g2_i2.p1	XP_050561840.1	36.852	540	314	14	14	542	3	526	3.98e-109	336	543	528	97	XP_050561840.1 juvenile hormone esterase isoform X4 [Spodoptera frugiperda]
TRINITY_DN9322_c0_g2_i2.p1	XP_035456137.2	38.505	535	302	14	11	536	3	519	2.00e-106	335	543	734	97	XP_035456137.2 juvenile hormone esterase isoform X3 [Spodoptera frugiperda]
TRINITY_DN9322_c0_g2_i2.p1	XP_035456136.2	38.505	535	302	14	11	536	3	519	2.00e-106	335	543	734	97	XP_035456136.2 juvenile hormone esterase isoform X3 [Spodoptera frugiperda]
TRINITY_DN9322_c0_g2_i2.p1	XP_035456135.2	38.505	535	302	14	11	536	19	535	3.26e-106	335	543	750	97	XP_035456135.2 juvenile hormone esterase isoform X2 [Spodoptera frugiperda]
TRINITY_DN9322_c0_g2_i2.p1	XP_035456134.2	38.505	535	302	14	11	536	113	629	2.50e-105	335	543	844	97	XP_035456134.2 juvenile hormone esterase isoform X1 [Spodoptera frugiperda]
TRINITY_DN9322_c0_g2_i2.p1	XP_035449615.1	36.697	545	313	15	14	535	93	628	1.53e-100	317	543	645	96	XP_035449615.1 venom carboxylesterase-6 [Spodoptera frugiperda]
TRINITY_DN9322_c0_g2_i2.p1	XP_035449614.1	36.697	545	313	15	14	535	93	628	1.53e-100	317	543	645	96	XP_035449614.1 venom carboxylesterase-6 [Spodoptera frugiperda]
TRINITY_DN9322_c0_g2_i2.p1	XP_035459069.2	36.398	533	315	16	15	540	25	540	1.52e-98	309	543	544	97	XP_035459069.2 LOW QUALITY PROTEIN: esterase FE4 [Spodoptera frugiperda]
TRINITY_DN9322_c0_g2_i2.p1	XP_035450251.1	37.945	506	290	13	15	505	4	500	2.92e-95	300	543	541	90	XP_035450251.1 juvenile hormone esterase-like [Spodoptera frugiperda]
TRINITY_DN9322_c0_g2_i2.p1	XP_050550661.1	36.414	541	301	16	14	538	26	539	3.71e-95	300	543	547	97	XP_050550661.1 juvenile hormone esterase [Spodoptera frugiperda]
TRINITY_DN9322_c0_g2_i2.p1	XP_035435674.2	36.414	541	301	16	14	538	26	539	3.71e-95	300	543	547	97	XP_035435674.2 juvenile hormone esterase [Spodoptera frugiperda]
TRINITY_DN9322_c0_g2_i2.p1	XP_035456387.2	37.262	526	312	12	15	533	10	524	4.64e-95	300	543	531	96	XP_035456387.2 juvenile hormone esterase [Spodoptera frugiperda]
TRINITY_DN9322_c0_g2_i2.p1	XP_035446627.2	36.711	523	299	16	32	540	41	545	3.30e-93	295	543	545	94	XP_035446627.2 juvenile hormone esterase-like [Spodoptera frugiperda]
TRINITY_DN9322_c0_g2_i2.p1	XP_035450249.2	35.046	545	317	15	15	536	4	534	5.15e-93	295	543	537	96	XP_035450249.2 juvenile hormone esterase [Spodoptera frugiperda]
