TRINITY_DN10214_c0_g1_i1.p1	sp|D6WMZ8|ESTJ_TRICA	32.4	559	551	588	11	528	30	575	1.46e-67	232	sp|D6WMZ8|ESTJ_TRICA Juvenile hormone esterase OS=Tribolium castaneum OX=7070 GN=Tcjhe PE=1 SV=2
TRINITY_DN10214_c0_g1_i1.p1	sp|P35502|ESTF_MYZPE	31.7	508	551	564	12	500	29	521	1.90e-62	218	sp|P35502|ESTF_MYZPE Esterase FE4 OS=Myzus persicae OX=13164 PE=1 SV=1
TRINITY_DN10214_c0_g1_i1.p1	sp|P35501|ESTE_MYZPE	31.6	503	551	552	12	495	29	516	5.72e-60	211	sp|P35501|ESTE_MYZPE Esterase E4 OS=Myzus persicae OX=13164 PE=1 SV=1
TRINITY_DN10214_c0_g1_i1.p1	sp|B2D0J5|EST6_APIME	31.1	544	551	557	12	528	28	546	6.33e-60	211	sp|B2D0J5|EST6_APIME Venom carboxylesterase-6 OS=Apis mellifera OX=7460 PE=2 SV=1
TRINITY_DN10214_c0_g1_i1.p1	sp|A0A8B0RBM2|ACES_BOMIG	30.7	524	551	555	12	512	26	523	1.64e-57	204	sp|A0A8B0RBM2|ACES_BOMIG Carboxylic ester hydrolase OS=Bombus ignitus OX=130704 GN=vCaE PE=1 SV=1
TRINITY_DN10214_c0_g1_i1.p1	sp|Q8R0W5|EST4A_MOUSE	28.8	552	551	563	11	531	35	557	1.36e-55	199	sp|Q8R0W5|EST4A_MOUSE Carboxylesterase 4A OS=Mus musculus OX=10090 GN=Ces4a PE=2 SV=2
TRINITY_DN10214_c0_g1_i1.p1	sp|Q5XG92|EST4A_HUMAN	29.2	551	551	561	12	533	29	551	3.50e-55	198	sp|Q5XG92|EST4A_HUMAN Carboxylesterase 4A OS=Homo sapiens OX=9606 GN=CES4A PE=1 SV=2
TRINITY_DN10214_c0_g1_i1.p1	sp|O00748|EST2_HUMAN	29.2	511	551	559	34	528	58	538	2.40e-54	196	sp|O00748|EST2_HUMAN Cocaine esterase OS=Homo sapiens OX=9606 GN=CES2 PE=1 SV=1
TRINITY_DN10214_c0_g1_i1.p1	sp|P0C6R3|EST4A_BOVIN	27.9	542	551	550	11	533	28	549	3.90e-54	195	sp|P0C6R3|EST4A_BOVIN Carboxylesterase 4A OS=Bos taurus OX=9913 GN=CES4A PE=2 SV=1
TRINITY_DN10214_c0_g1_i1.p1	sp|P10959|EST1C_RAT	29.1	557	551	549	11	536	25	549	7.36e-54	194	sp|P10959|EST1C_RAT Carboxylesterase 1C OS=Rattus norvegicus OX=10116 GN=Ces1c PE=1 SV=3
TRINITY_DN10214_c0_g1_i1.p1	sp|Q04791|SASB_ANAPL	32.1	542	551	557	12	528	32	539	1.18e-53	194	sp|Q04791|SASB_ANAPL Fatty acyl-CoA hydrolase precursor, medium chain OS=Anas platyrhynchos OX=8839 PE=1 SV=1
TRINITY_DN10214_c0_g1_i1.p1	sp|Q64176|EST1E_MOUSE	30.4	523	551	562	34	531	51	549	4.76e-53	192	sp|Q64176|EST1E_MOUSE Carboxylesterase 1E OS=Mus musculus OX=10090 GN=Ces1e PE=1 SV=1
TRINITY_DN10214_c0_g1_i1.p1	sp|Q86GC8|ACES_CULPI	28.7	551	551	702	11	528	134	653	2.79e-52	192	sp|Q86GC8|ACES_CULPI Acetylcholinesterase OS=Culex pipiens OX=7175 GN=ACHE1 PE=2 SV=2
TRINITY_DN10214_c0_g1_i1.p1	sp|P23953|EST1C_MOUSE	29.4	544	551	554	11	531	25	537	2.91e-52	190	sp|P23953|EST1C_MOUSE Carboxylesterase 1C OS=Mus musculus OX=10090 GN=Ces1c PE=1 SV=4
TRINITY_DN10214_c0_g1_i1.p1	sp|Q869C3|ACES_ANOGA	29.6	551	551	737	11	528	167	686	3.04e-52	193	sp|Q869C3|ACES_ANOGA Acetylcholinesterase OS=Anopheles gambiae OX=7165 GN=Ace PE=1 SV=3
TRINITY_DN10214_c0_g1_i1.p1	sp|Q8K3R0|EST2A_RAT	29.4	540	551	558	6	528	28	537	4.32e-52	189	sp|Q8K3R0|EST2A_RAT Pyrethroid hydrolase Ces2a OS=Rattus norvegicus OX=10116 GN=Ces2a PE=1 SV=1
TRINITY_DN10214_c0_g1_i1.p1	sp|P12992|ESTJ_HELVI	27.8	511	551	564	11	491	29	518	1.27e-51	188	sp|P12992|ESTJ_HELVI Juvenile hormone esterase OS=Heliothis virescens OX=7102 PE=1 SV=2
TRINITY_DN10214_c0_g1_i1.p1	sp|Q29550|EST1_PIG	29.2	545	551	566	11	531	26	549	1.32e-51	188	sp|Q29550|EST1_PIG Liver carboxylesterase OS=Sus scrofa OX=9823 PE=1 SV=1
TRINITY_DN10214_c0_g1_i1.p1	sp|Q64573|EST1F_RAT	29.7	539	551	561	11	531	25	548	1.67e-51	188	sp|Q64573|EST1F_RAT Liver carboxylesterase 1F OS=Rattus norvegicus OX=10116 GN=Ces1f PE=1 SV=2
TRINITY_DN10214_c0_g1_i1.p1	sp|Q63010|EST5_RAT	29.3	543	551	561	11	531	25	548	1.67e-51	188	sp|Q63010|EST5_RAT Liver carboxylesterase B-1 OS=Rattus norvegicus OX=10116 PE=1 SV=1
TRINITY_DN10214_c0_g1_i1.p1	sp|P06276|CHLE_HUMAN	28.5	551	551	602	11	528	33	550	2.37e-51	188	sp|P06276|CHLE_HUMAN Cholinesterase OS=Homo sapiens OX=9606 GN=BCHE PE=1 SV=1
TRINITY_DN10214_c0_g1_i1.p1	sp|P38433|ACE1_CAEEL	27.8	562	551	620	11	528	20	561	4.30e-51	188	sp|P38433|ACE1_CAEEL Acetylcholinesterase 1 OS=Caenorhabditis elegans OX=6239 GN=ace-1 PE=1 SV=1
TRINITY_DN10214_c0_g1_i1.p1	sp|G3V7J5|EST2E_RAT	29.2	545	551	567	6	528	38	546	4.89e-51	187	sp|G3V7J5|EST2E_RAT Pyrethroid hydrolase Ces2e OS=Rattus norvegicus OX=10116 GN=Ces2e PE=1 SV=2
TRINITY_DN10214_c0_g1_i1.p1	sp|P22303|ACES_HUMAN	28.8	527	551	614	6	498	35	533	7.49e-51	187	sp|P22303|ACES_HUMAN Acetylcholinesterase OS=Homo sapiens OX=9606 GN=ACHE PE=1 SV=1
TRINITY_DN10214_c0_g1_i1.p1	sp|P81908|CHLE_HORSE	28.3	554	551	574	11	528	5	522	2.00e-50	185	sp|P81908|CHLE_HORSE Cholinesterase OS=Equus caballus OX=9796 GN=BCHE PE=1 SV=1
TRINITY_DN10214_c0_g1_i2.p1	sp|D6WMZ8|ESTJ_TRICA	32.4	559	551	588	11	528	30	575	1.46e-67	232	sp|D6WMZ8|ESTJ_TRICA Juvenile hormone esterase OS=Tribolium castaneum OX=7070 GN=Tcjhe PE=1 SV=2
TRINITY_DN10214_c0_g1_i2.p1	sp|P35502|ESTF_MYZPE	31.7	508	551	564	12	500	29	521	1.90e-62	218	sp|P35502|ESTF_MYZPE Esterase FE4 OS=Myzus persicae OX=13164 PE=1 SV=1
TRINITY_DN10214_c0_g1_i2.p1	sp|P35501|ESTE_MYZPE	31.6	503	551	552	12	495	29	516	5.72e-60	211	sp|P35501|ESTE_MYZPE Esterase E4 OS=Myzus persicae OX=13164 PE=1 SV=1
TRINITY_DN10214_c0_g1_i2.p1	sp|B2D0J5|EST6_APIME	31.1	544	551	557	12	528	28	546	6.33e-60	211	sp|B2D0J5|EST6_APIME Venom carboxylesterase-6 OS=Apis mellifera OX=7460 PE=2 SV=1
TRINITY_DN10214_c0_g1_i2.p1	sp|A0A8B0RBM2|ACES_BOMIG	30.7	524	551	555	12	512	26	523	1.64e-57	204	sp|A0A8B0RBM2|ACES_BOMIG Carboxylic ester hydrolase OS=Bombus ignitus OX=130704 GN=vCaE PE=1 SV=1
TRINITY_DN10214_c0_g1_i2.p1	sp|Q8R0W5|EST4A_MOUSE	28.8	552	551	563	11	531	35	557	1.36e-55	199	sp|Q8R0W5|EST4A_MOUSE Carboxylesterase 4A OS=Mus musculus OX=10090 GN=Ces4a PE=2 SV=2
TRINITY_DN10214_c0_g1_i2.p1	sp|Q5XG92|EST4A_HUMAN	29.2	551	551	561	12	533	29	551	3.50e-55	198	sp|Q5XG92|EST4A_HUMAN Carboxylesterase 4A OS=Homo sapiens OX=9606 GN=CES4A PE=1 SV=2
TRINITY_DN10214_c0_g1_i2.p1	sp|O00748|EST2_HUMAN	29.2	511	551	559	34	528	58	538	2.40e-54	196	sp|O00748|EST2_HUMAN Cocaine esterase OS=Homo sapiens OX=9606 GN=CES2 PE=1 SV=1
TRINITY_DN10214_c0_g1_i2.p1	sp|P0C6R3|EST4A_BOVIN	27.9	542	551	550	11	533	28	549	3.90e-54	195	sp|P0C6R3|EST4A_BOVIN Carboxylesterase 4A OS=Bos taurus OX=9913 GN=CES4A PE=2 SV=1
TRINITY_DN10214_c0_g1_i2.p1	sp|P10959|EST1C_RAT	29.1	557	551	549	11	536	25	549	7.36e-54	194	sp|P10959|EST1C_RAT Carboxylesterase 1C OS=Rattus norvegicus OX=10116 GN=Ces1c PE=1 SV=3
TRINITY_DN10214_c0_g1_i2.p1	sp|Q04791|SASB_ANAPL	32.1	542	551	557	12	528	32	539	1.18e-53	194	sp|Q04791|SASB_ANAPL Fatty acyl-CoA hydrolase precursor, medium chain OS=Anas platyrhynchos OX=8839 PE=1 SV=1
TRINITY_DN10214_c0_g1_i2.p1	sp|Q64176|EST1E_MOUSE	30.4	523	551	562	34	531	51	549	4.76e-53	192	sp|Q64176|EST1E_MOUSE Carboxylesterase 1E OS=Mus musculus OX=10090 GN=Ces1e PE=1 SV=1
TRINITY_DN10214_c0_g1_i2.p1	sp|Q86GC8|ACES_CULPI	28.7	551	551	702	11	528	134	653	2.79e-52	192	sp|Q86GC8|ACES_CULPI Acetylcholinesterase OS=Culex pipiens OX=7175 GN=ACHE1 PE=2 SV=2
TRINITY_DN10214_c0_g1_i2.p1	sp|P23953|EST1C_MOUSE	29.4	544	551	554	11	531	25	537	2.91e-52	190	sp|P23953|EST1C_MOUSE Carboxylesterase 1C OS=Mus musculus OX=10090 GN=Ces1c PE=1 SV=4
TRINITY_DN10214_c0_g1_i2.p1	sp|Q869C3|ACES_ANOGA	29.6	551	551	737	11	528	167	686	3.04e-52	193	sp|Q869C3|ACES_ANOGA Acetylcholinesterase OS=Anopheles gambiae OX=7165 GN=Ace PE=1 SV=3
TRINITY_DN10214_c0_g1_i2.p1	sp|Q8K3R0|EST2A_RAT	29.4	540	551	558	6	528	28	537	4.32e-52	189	sp|Q8K3R0|EST2A_RAT Pyrethroid hydrolase Ces2a OS=Rattus norvegicus OX=10116 GN=Ces2a PE=1 SV=1
TRINITY_DN10214_c0_g1_i2.p1	sp|P12992|ESTJ_HELVI	27.8	511	551	564	11	491	29	518	1.27e-51	188	sp|P12992|ESTJ_HELVI Juvenile hormone esterase OS=Heliothis virescens OX=7102 PE=1 SV=2
TRINITY_DN10214_c0_g1_i2.p1	sp|Q29550|EST1_PIG	29.2	545	551	566	11	531	26	549	1.32e-51	188	sp|Q29550|EST1_PIG Liver carboxylesterase OS=Sus scrofa OX=9823 PE=1 SV=1
TRINITY_DN10214_c0_g1_i2.p1	sp|Q64573|EST1F_RAT	29.7	539	551	561	11	531	25	548	1.67e-51	188	sp|Q64573|EST1F_RAT Liver carboxylesterase 1F OS=Rattus norvegicus OX=10116 GN=Ces1f PE=1 SV=2
TRINITY_DN10214_c0_g1_i2.p1	sp|Q63010|EST5_RAT	29.3	543	551	561	11	531	25	548	1.67e-51	188	sp|Q63010|EST5_RAT Liver carboxylesterase B-1 OS=Rattus norvegicus OX=10116 PE=1 SV=1
TRINITY_DN10214_c0_g1_i2.p1	sp|P06276|CHLE_HUMAN	28.5	551	551	602	11	528	33	550	2.37e-51	188	sp|P06276|CHLE_HUMAN Cholinesterase OS=Homo sapiens OX=9606 GN=BCHE PE=1 SV=1
TRINITY_DN10214_c0_g1_i2.p1	sp|P38433|ACE1_CAEEL	27.8	562	551	620	11	528	20	561	4.30e-51	188	sp|P38433|ACE1_CAEEL Acetylcholinesterase 1 OS=Caenorhabditis elegans OX=6239 GN=ace-1 PE=1 SV=1
TRINITY_DN10214_c0_g1_i2.p1	sp|G3V7J5|EST2E_RAT	29.2	545	551	567	6	528	38	546	4.89e-51	187	sp|G3V7J5|EST2E_RAT Pyrethroid hydrolase Ces2e OS=Rattus norvegicus OX=10116 GN=Ces2e PE=1 SV=2
TRINITY_DN10214_c0_g1_i2.p1	sp|P22303|ACES_HUMAN	28.8	527	551	614	6	498	35	533	7.49e-51	187	sp|P22303|ACES_HUMAN Acetylcholinesterase OS=Homo sapiens OX=9606 GN=ACHE PE=1 SV=1
TRINITY_DN10214_c0_g1_i2.p1	sp|P81908|CHLE_HORSE	28.3	554	551	574	11	528	5	522	2.00e-50	185	sp|P81908|CHLE_HORSE Cholinesterase OS=Equus caballus OX=9796 GN=BCHE PE=1 SV=1
TRINITY_DN1194_c0_g1_i10.p1	sp|P12992|ESTJ_HELVI	35.0	505	736	564	22	497	29	520	1.37e-79	268	sp|P12992|ESTJ_HELVI Juvenile hormone esterase OS=Heliothis virescens OX=7102 PE=1 SV=2
TRINITY_DN1194_c0_g1_i10.p1	sp|P35502|ESTF_MYZPE	34.8	506	736	564	18	505	24	518	5.42e-77	261	sp|P35502|ESTF_MYZPE Esterase FE4 OS=Myzus persicae OX=13164 PE=1 SV=1
TRINITY_DN1194_c0_g1_i10.p1	sp|P35501|ESTE_MYZPE	34.4	506	736	552	18	505	24	518	1.55e-75	257	sp|P35501|ESTE_MYZPE Esterase E4 OS=Myzus persicae OX=13164 PE=1 SV=1
TRINITY_DN1194_c0_g1_i10.p1	sp|D6WMZ8|ESTJ_TRICA	33.5	511	736	588	21	492	29	526	2.62e-75	257	sp|D6WMZ8|ESTJ_TRICA Juvenile hormone esterase OS=Tribolium castaneum OX=7070 GN=Tcjhe PE=1 SV=2
TRINITY_DN1194_c0_g1_i10.p1	sp|A0A8B0RBM2|ACES_BOMIG	31.6	541	736	555	20	533	23	544	4.64e-72	248	sp|A0A8B0RBM2|ACES_BOMIG Carboxylic ester hydrolase OS=Bombus ignitus OX=130704 GN=vCaE PE=1 SV=1
TRINITY_DN1194_c0_g1_i10.p1	sp|B2D0J5|EST6_APIME	30.0	534	736	557	21	533	26	549	6.69e-68	236	sp|B2D0J5|EST6_APIME Venom carboxylesterase-6 OS=Apis mellifera OX=7460 PE=2 SV=1
TRINITY_DN1194_c0_g1_i10.p1	sp|P16854|EST1_CULPI	32.0	535	736	540	23	534	8	534	2.19e-63	224	sp|P16854|EST1_CULPI Esterase B1 OS=Culex pipiens OX=7175 GN=B1 PE=3 SV=1
TRINITY_DN1194_c0_g1_i10.p1	sp|Q8K3R0|EST2A_RAT	31.2	548	736	558	15	530	26	537	6.20e-63	223	sp|Q8K3R0|EST2A_RAT Pyrethroid hydrolase Ces2a OS=Rattus norvegicus OX=10116 GN=Ces2a PE=1 SV=1
TRINITY_DN1194_c0_g1_i10.p1	sp|Q64419|EST1_MESAU	30.9	543	736	561	15	533	26	543	1.75e-62	222	sp|Q64419|EST1_MESAU Liver carboxylesterase OS=Mesocricetus auratus OX=10036 PE=2 SV=1
TRINITY_DN1194_c0_g1_i10.p1	sp|P0C6R3|EST4A_BOVIN	30.9	551	736	550	14	534	20	548	1.92e-62	221	sp|P0C6R3|EST4A_BOVIN Carboxylesterase 4A OS=Bos taurus OX=9913 GN=CES4A PE=2 SV=1
TRINITY_DN1194_c0_g1_i10.p1	sp|Q8R0W5|EST4A_MOUSE	30.9	550	736	563	14	533	27	557	3.49e-62	221	sp|Q8R0W5|EST4A_MOUSE Carboxylesterase 4A OS=Mus musculus OX=10090 GN=Ces4a PE=2 SV=2
TRINITY_DN1194_c0_g1_i10.p1	sp|Q8QZR3|EST2A_MOUSE	29.7	556	736	558	15	530	26	537	2.19e-61	219	sp|Q8QZR3|EST2A_MOUSE Pyrethroid hydrolase Ces2a OS=Mus musculus OX=10090 GN=Ces2a PE=1 SV=1
TRINITY_DN1194_c0_g1_i10.p1	sp|P37967|PNBA_BACSU	30.8	519	736	489	22	528	5	481	4.64e-61	216	sp|P37967|PNBA_BACSU Para-nitrobenzyl esterase OS=Bacillus subtilis (strain 168) OX=224308 GN=pnbA PE=1 SV=2
TRINITY_DN1194_c0_g1_i10.p1	sp|Q91WG0|EST2C_MOUSE	31.0	539	736	561	21	530	34	540	1.18e-60	217	sp|Q91WG0|EST2C_MOUSE Acylcarnitine hydrolase OS=Mus musculus OX=10090 GN=Ces2c PE=1 SV=1
TRINITY_DN1194_c0_g1_i10.p1	sp|O00748|EST2_HUMAN	29.6	567	736	559	15	544	26	552	4.11e-60	215	sp|O00748|EST2_HUMAN Cocaine esterase OS=Homo sapiens OX=9606 GN=CES2 PE=1 SV=1
TRINITY_DN1194_c0_g1_i10.p1	sp|Q5XG92|EST4A_HUMAN	30.4	556	736	561	14	534	20	550	4.09e-59	213	sp|Q5XG92|EST4A_HUMAN Carboxylesterase 4A OS=Homo sapiens OX=9606 GN=CES4A PE=1 SV=2
TRINITY_DN1194_c0_g1_i10.p1	sp|Q869C3|ACES_ANOGA	31.1	549	736	737	19	530	164	686	8.77e-59	215	sp|Q869C3|ACES_ANOGA Acetylcholinesterase OS=Anopheles gambiae OX=7165 GN=Ace PE=1 SV=3
TRINITY_DN1194_c0_g1_i10.p1	sp|Q86GC8|ACES_CULPI	30.7	548	736	702	18	530	130	653	1.87e-58	214	sp|Q86GC8|ACES_CULPI Acetylcholinesterase OS=Culex pipiens OX=7175 GN=ACHE1 PE=2 SV=2
TRINITY_DN1194_c0_g1_i10.p1	sp|P16303|EST1D_RAT	30.9	560	736	565	15	536	18	551	4.20e-58	210	sp|P16303|EST1D_RAT Carboxylesterase 1D OS=Rattus norvegicus OX=10116 GN=Ces1d PE=1 SV=2
TRINITY_DN1194_c0_g1_i10.p1	sp|Q64176|EST1E_MOUSE	29.9	572	736	562	15	543	19	559	1.04e-57	209	sp|Q64176|EST1E_MOUSE Carboxylesterase 1E OS=Mus musculus OX=10090 GN=Ces1e PE=1 SV=1
TRINITY_DN1194_c0_g1_i10.p1	sp|Q29550|EST1_PIG	30.6	566	736	566	15	536	19	552	1.55e-57	208	sp|Q29550|EST1_PIG Liver carboxylesterase OS=Sus scrofa OX=9823 PE=1 SV=1
TRINITY_DN1194_c0_g1_i10.p1	sp|Q63108|EST1E_RAT	30.6	563	736	561	14	533	17	548	2.66e-57	207	sp|Q63108|EST1E_RAT Carboxylesterase 1E OS=Rattus norvegicus OX=10116 GN=Ces1e PE=1 SV=1
TRINITY_DN1194_c0_g1_i10.p1	sp|Q64573|EST1F_RAT	29.1	564	736	561	15	536	18	551	3.67e-57	207	sp|Q64573|EST1F_RAT Liver carboxylesterase 1F OS=Rattus norvegicus OX=10116 GN=Ces1f PE=1 SV=2
TRINITY_DN1194_c0_g1_i10.p1	sp|Q6AW46|EST5A_MOUSE	30.6	552	736	575	15	532	25	541	9.13e-57	206	sp|Q6AW46|EST5A_MOUSE Carboxylesterase 5A OS=Mus musculus OX=10090 GN=Ces5a PE=2 SV=1
TRINITY_DN1194_c0_g1_i10.p1	sp|O46421|EST1_MACFA	29.3	566	736	566	15	536	18	552	1.06e-56	206	sp|O46421|EST1_MACFA Liver carboxylesterase 1 OS=Macaca fascicularis OX=9541 GN=CES1 PE=2 SV=1
TRINITY_DN1194_c0_g1_i13.p1	sp|P12992|ESTJ_HELVI	35.0	505	720	564	6	481	29	520	7.03e-80	268	sp|P12992|ESTJ_HELVI Juvenile hormone esterase OS=Heliothis virescens OX=7102 PE=1 SV=2
TRINITY_DN1194_c0_g1_i13.p1	sp|P35502|ESTF_MYZPE	34.8	506	720	564	2	489	24	518	2.81e-77	261	sp|P35502|ESTF_MYZPE Esterase FE4 OS=Myzus persicae OX=13164 PE=1 SV=1
TRINITY_DN1194_c0_g1_i13.p1	sp|P35501|ESTE_MYZPE	34.4	506	720	552	2	489	24	518	8.09e-76	257	sp|P35501|ESTE_MYZPE Esterase E4 OS=Myzus persicae OX=13164 PE=1 SV=1
TRINITY_DN1194_c0_g1_i13.p1	sp|D6WMZ8|ESTJ_TRICA	33.5	511	720	588	5	476	29	526	1.37e-75	258	sp|D6WMZ8|ESTJ_TRICA Juvenile hormone esterase OS=Tribolium castaneum OX=7070 GN=Tcjhe PE=1 SV=2
TRINITY_DN1194_c0_g1_i13.p1	sp|A0A8B0RBM2|ACES_BOMIG	31.6	541	720	555	4	517	23	544	2.46e-72	248	sp|A0A8B0RBM2|ACES_BOMIG Carboxylic ester hydrolase OS=Bombus ignitus OX=130704 GN=vCaE PE=1 SV=1
TRINITY_DN1194_c0_g1_i13.p1	sp|B2D0J5|EST6_APIME	30.0	534	720	557	5	517	26	549	3.62e-68	237	sp|B2D0J5|EST6_APIME Venom carboxylesterase-6 OS=Apis mellifera OX=7460 PE=2 SV=1
TRINITY_DN1194_c0_g1_i13.p1	sp|P16854|EST1_CULPI	32.0	535	720	540	7	518	8	534	1.21e-63	224	sp|P16854|EST1_CULPI Esterase B1 OS=Culex pipiens OX=7175 GN=B1 PE=3 SV=1
TRINITY_DN1194_c0_g1_i13.p1	sp|Q8K3R0|EST2A_RAT	31.3	543	720	558	4	514	31	537	9.14e-63	222	sp|Q8K3R0|EST2A_RAT Pyrethroid hydrolase Ces2a OS=Rattus norvegicus OX=10116 GN=Ces2a PE=1 SV=1
TRINITY_DN1194_c0_g1_i13.p1	sp|Q64419|EST1_MESAU	31.0	538	720	561	4	517	31	543	1.87e-62	221	sp|Q64419|EST1_MESAU Liver carboxylesterase OS=Mesocricetus auratus OX=10036 PE=2 SV=1
TRINITY_DN1194_c0_g1_i13.p1	sp|P0C6R3|EST4A_BOVIN	30.9	547	720	550	2	518	24	548	2.04e-62	221	sp|P0C6R3|EST4A_BOVIN Carboxylesterase 4A OS=Bos taurus OX=9913 GN=CES4A PE=2 SV=1
TRINITY_DN1194_c0_g1_i13.p1	sp|Q8R0W5|EST4A_MOUSE	31.0	546	720	563	2	517	31	557	3.72e-62	221	sp|Q8R0W5|EST4A_MOUSE Carboxylesterase 4A OS=Mus musculus OX=10090 GN=Ces4a PE=2 SV=2
TRINITY_DN1194_c0_g1_i13.p1	sp|P37967|PNBA_BACSU	30.8	519	720	489	6	512	5	481	2.61e-61	216	sp|P37967|PNBA_BACSU Para-nitrobenzyl esterase OS=Bacillus subtilis (strain 168) OX=224308 GN=pnbA PE=1 SV=2
TRINITY_DN1194_c0_g1_i13.p1	sp|Q8QZR3|EST2A_MOUSE	29.8	551	720	558	4	514	31	537	3.25e-61	218	sp|Q8QZR3|EST2A_MOUSE Pyrethroid hydrolase Ces2a OS=Mus musculus OX=10090 GN=Ces2a PE=1 SV=1
TRINITY_DN1194_c0_g1_i13.p1	sp|Q91WG0|EST2C_MOUSE	31.0	539	720	561	5	514	34	540	6.62e-61	217	sp|Q91WG0|EST2C_MOUSE Acylcarnitine hydrolase OS=Mus musculus OX=10090 GN=Ces2c PE=1 SV=1
TRINITY_DN1194_c0_g1_i13.p1	sp|O00748|EST2_HUMAN	29.7	562	720	559	4	528	31	552	6.12e-60	214	sp|O00748|EST2_HUMAN Cocaine esterase OS=Homo sapiens OX=9606 GN=CES2 PE=1 SV=1
TRINITY_DN1194_c0_g1_i13.p1	sp|Q5XG92|EST4A_HUMAN	30.4	552	720	561	2	518	24	550	4.43e-59	212	sp|Q5XG92|EST4A_HUMAN Carboxylesterase 4A OS=Homo sapiens OX=9606 GN=CES4A PE=1 SV=2
TRINITY_DN1194_c0_g1_i13.p1	sp|Q869C3|ACES_ANOGA	31.1	549	720	737	3	514	164	686	4.98e-59	216	sp|Q869C3|ACES_ANOGA Acetylcholinesterase OS=Anopheles gambiae OX=7165 GN=Ace PE=1 SV=3
TRINITY_DN1194_c0_g1_i13.p1	sp|Q86GC8|ACES_CULPI	30.7	548	720	702	2	514	130	653	1.06e-58	214	sp|Q86GC8|ACES_CULPI Acetylcholinesterase OS=Culex pipiens OX=7175 GN=ACHE1 PE=2 SV=2
TRINITY_DN1194_c0_g1_i13.p1	sp|P16303|EST1D_RAT	31.0	554	720	565	5	520	24	551	4.57e-58	209	sp|P16303|EST1D_RAT Carboxylesterase 1D OS=Rattus norvegicus OX=10116 GN=Ces1d PE=1 SV=2
TRINITY_DN1194_c0_g1_i13.p1	sp|Q64176|EST1E_MOUSE	30.0	566	720	562	5	527	25	559	2.15e-57	207	sp|Q64176|EST1E_MOUSE Carboxylesterase 1E OS=Mus musculus OX=10090 GN=Ces1e PE=1 SV=1
TRINITY_DN1194_c0_g1_i13.p1	sp|Q29550|EST1_PIG	30.7	560	720	566	5	520	25	552	3.21e-57	207	sp|Q29550|EST1_PIG Liver carboxylesterase OS=Sus scrofa OX=9823 PE=1 SV=1
TRINITY_DN1194_c0_g1_i13.p1	sp|Q64573|EST1F_RAT	29.2	558	720	561	5	520	24	551	7.63e-57	206	sp|Q64573|EST1F_RAT Liver carboxylesterase 1F OS=Rattus norvegicus OX=10116 GN=Ces1f PE=1 SV=2
TRINITY_DN1194_c0_g1_i13.p1	sp|O70631|EST2C_RAT	30.1	542	720	561	12	514	41	540	1.45e-56	205	sp|O70631|EST2C_RAT Acylcarnitine hydrolase OS=Rattus norvegicus OX=10116 GN=Ces2c PE=1 SV=2
TRINITY_DN1194_c0_g1_i13.p1	sp|Q8VCT4|EST1D_MOUSE	30.6	549	720	565	5	520	24	551	1.57e-56	205	sp|Q8VCT4|EST1D_MOUSE Carboxylesterase 1D OS=Mus musculus OX=10090 GN=Ces1d PE=1 SV=1
TRINITY_DN1194_c0_g1_i13.p1	sp|O46421|EST1_MACFA	29.5	560	720	566	5	520	24	552	2.20e-56	205	sp|O46421|EST1_MACFA Liver carboxylesterase 1 OS=Macaca fascicularis OX=9541 GN=CES1 PE=2 SV=1
TRINITY_DN1194_c0_g1_i14.p1	sp|P12992|ESTJ_HELVI	35.0	505	720	564	6	481	29	520	7.03e-80	268	sp|P12992|ESTJ_HELVI Juvenile hormone esterase OS=Heliothis virescens OX=7102 PE=1 SV=2
TRINITY_DN1194_c0_g1_i14.p1	sp|P35502|ESTF_MYZPE	34.8	506	720	564	2	489	24	518	2.81e-77	261	sp|P35502|ESTF_MYZPE Esterase FE4 OS=Myzus persicae OX=13164 PE=1 SV=1
TRINITY_DN1194_c0_g1_i14.p1	sp|P35501|ESTE_MYZPE	34.4	506	720	552	2	489	24	518	8.09e-76	257	sp|P35501|ESTE_MYZPE Esterase E4 OS=Myzus persicae OX=13164 PE=1 SV=1
TRINITY_DN1194_c0_g1_i14.p1	sp|D6WMZ8|ESTJ_TRICA	33.5	511	720	588	5	476	29	526	1.37e-75	258	sp|D6WMZ8|ESTJ_TRICA Juvenile hormone esterase OS=Tribolium castaneum OX=7070 GN=Tcjhe PE=1 SV=2
TRINITY_DN1194_c0_g1_i14.p1	sp|A0A8B0RBM2|ACES_BOMIG	31.6	541	720	555	4	517	23	544	2.46e-72	248	sp|A0A8B0RBM2|ACES_BOMIG Carboxylic ester hydrolase OS=Bombus ignitus OX=130704 GN=vCaE PE=1 SV=1
TRINITY_DN1194_c0_g1_i14.p1	sp|B2D0J5|EST6_APIME	30.0	534	720	557	5	517	26	549	3.62e-68	237	sp|B2D0J5|EST6_APIME Venom carboxylesterase-6 OS=Apis mellifera OX=7460 PE=2 SV=1
TRINITY_DN1194_c0_g1_i14.p1	sp|P16854|EST1_CULPI	32.0	535	720	540	7	518	8	534	1.21e-63	224	sp|P16854|EST1_CULPI Esterase B1 OS=Culex pipiens OX=7175 GN=B1 PE=3 SV=1
TRINITY_DN1194_c0_g1_i14.p1	sp|Q8K3R0|EST2A_RAT	31.3	543	720	558	4	514	31	537	9.14e-63	222	sp|Q8K3R0|EST2A_RAT Pyrethroid hydrolase Ces2a OS=Rattus norvegicus OX=10116 GN=Ces2a PE=1 SV=1
TRINITY_DN1194_c0_g1_i14.p1	sp|Q64419|EST1_MESAU	31.0	538	720	561	4	517	31	543	1.87e-62	221	sp|Q64419|EST1_MESAU Liver carboxylesterase OS=Mesocricetus auratus OX=10036 PE=2 SV=1
TRINITY_DN1194_c0_g1_i14.p1	sp|P0C6R3|EST4A_BOVIN	30.9	547	720	550	2	518	24	548	2.04e-62	221	sp|P0C6R3|EST4A_BOVIN Carboxylesterase 4A OS=Bos taurus OX=9913 GN=CES4A PE=2 SV=1
TRINITY_DN1194_c0_g1_i14.p1	sp|Q8R0W5|EST4A_MOUSE	31.0	546	720	563	2	517	31	557	3.72e-62	221	sp|Q8R0W5|EST4A_MOUSE Carboxylesterase 4A OS=Mus musculus OX=10090 GN=Ces4a PE=2 SV=2
TRINITY_DN1194_c0_g1_i14.p1	sp|P37967|PNBA_BACSU	30.8	519	720	489	6	512	5	481	2.61e-61	216	sp|P37967|PNBA_BACSU Para-nitrobenzyl esterase OS=Bacillus subtilis (strain 168) OX=224308 GN=pnbA PE=1 SV=2
TRINITY_DN1194_c0_g1_i14.p1	sp|Q8QZR3|EST2A_MOUSE	29.8	551	720	558	4	514	31	537	3.25e-61	218	sp|Q8QZR3|EST2A_MOUSE Pyrethroid hydrolase Ces2a OS=Mus musculus OX=10090 GN=Ces2a PE=1 SV=1
TRINITY_DN1194_c0_g1_i14.p1	sp|Q91WG0|EST2C_MOUSE	31.0	539	720	561	5	514	34	540	6.62e-61	217	sp|Q91WG0|EST2C_MOUSE Acylcarnitine hydrolase OS=Mus musculus OX=10090 GN=Ces2c PE=1 SV=1
TRINITY_DN1194_c0_g1_i14.p1	sp|O00748|EST2_HUMAN	29.7	562	720	559	4	528	31	552	6.12e-60	214	sp|O00748|EST2_HUMAN Cocaine esterase OS=Homo sapiens OX=9606 GN=CES2 PE=1 SV=1
TRINITY_DN1194_c0_g1_i14.p1	sp|Q5XG92|EST4A_HUMAN	30.4	552	720	561	2	518	24	550	4.43e-59	212	sp|Q5XG92|EST4A_HUMAN Carboxylesterase 4A OS=Homo sapiens OX=9606 GN=CES4A PE=1 SV=2
TRINITY_DN1194_c0_g1_i14.p1	sp|Q869C3|ACES_ANOGA	31.1	549	720	737	3	514	164	686	4.98e-59	216	sp|Q869C3|ACES_ANOGA Acetylcholinesterase OS=Anopheles gambiae OX=7165 GN=Ace PE=1 SV=3
TRINITY_DN1194_c0_g1_i14.p1	sp|Q86GC8|ACES_CULPI	30.7	548	720	702	2	514	130	653	1.06e-58	214	sp|Q86GC8|ACES_CULPI Acetylcholinesterase OS=Culex pipiens OX=7175 GN=ACHE1 PE=2 SV=2
TRINITY_DN1194_c0_g1_i14.p1	sp|P16303|EST1D_RAT	31.0	554	720	565	5	520	24	551	4.57e-58	209	sp|P16303|EST1D_RAT Carboxylesterase 1D OS=Rattus norvegicus OX=10116 GN=Ces1d PE=1 SV=2
TRINITY_DN1194_c0_g1_i14.p1	sp|Q64176|EST1E_MOUSE	30.0	566	720	562	5	527	25	559	2.15e-57	207	sp|Q64176|EST1E_MOUSE Carboxylesterase 1E OS=Mus musculus OX=10090 GN=Ces1e PE=1 SV=1
TRINITY_DN1194_c0_g1_i14.p1	sp|Q29550|EST1_PIG	30.7	560	720	566	5	520	25	552	3.21e-57	207	sp|Q29550|EST1_PIG Liver carboxylesterase OS=Sus scrofa OX=9823 PE=1 SV=1
TRINITY_DN1194_c0_g1_i14.p1	sp|Q64573|EST1F_RAT	29.2	558	720	561	5	520	24	551	7.63e-57	206	sp|Q64573|EST1F_RAT Liver carboxylesterase 1F OS=Rattus norvegicus OX=10116 GN=Ces1f PE=1 SV=2
TRINITY_DN1194_c0_g1_i14.p1	sp|O70631|EST2C_RAT	30.1	542	720	561	12	514	41	540	1.45e-56	205	sp|O70631|EST2C_RAT Acylcarnitine hydrolase OS=Rattus norvegicus OX=10116 GN=Ces2c PE=1 SV=2
TRINITY_DN1194_c0_g1_i14.p1	sp|Q8VCT4|EST1D_MOUSE	30.6	549	720	565	5	520	24	551	1.57e-56	205	sp|Q8VCT4|EST1D_MOUSE Carboxylesterase 1D OS=Mus musculus OX=10090 GN=Ces1d PE=1 SV=1
TRINITY_DN1194_c0_g1_i14.p1	sp|O46421|EST1_MACFA	29.5	560	720	566	5	520	24	552	2.20e-56	205	sp|O46421|EST1_MACFA Liver carboxylesterase 1 OS=Macaca fascicularis OX=9541 GN=CES1 PE=2 SV=1
TRINITY_DN1194_c0_g1_i4.p1	sp|P12992|ESTJ_HELVI	35.0	505	720	564	6	481	29	520	7.03e-80	268	sp|P12992|ESTJ_HELVI Juvenile hormone esterase OS=Heliothis virescens OX=7102 PE=1 SV=2
TRINITY_DN1194_c0_g1_i4.p1	sp|P35502|ESTF_MYZPE	34.8	506	720	564	2	489	24	518	2.81e-77	261	sp|P35502|ESTF_MYZPE Esterase FE4 OS=Myzus persicae OX=13164 PE=1 SV=1
TRINITY_DN1194_c0_g1_i4.p1	sp|P35501|ESTE_MYZPE	34.4	506	720	552	2	489	24	518	8.09e-76	257	sp|P35501|ESTE_MYZPE Esterase E4 OS=Myzus persicae OX=13164 PE=1 SV=1
TRINITY_DN1194_c0_g1_i4.p1	sp|D6WMZ8|ESTJ_TRICA	33.5	511	720	588	5	476	29	526	1.37e-75	258	sp|D6WMZ8|ESTJ_TRICA Juvenile hormone esterase OS=Tribolium castaneum OX=7070 GN=Tcjhe PE=1 SV=2
TRINITY_DN1194_c0_g1_i4.p1	sp|A0A8B0RBM2|ACES_BOMIG	31.6	541	720	555	4	517	23	544	2.46e-72	248	sp|A0A8B0RBM2|ACES_BOMIG Carboxylic ester hydrolase OS=Bombus ignitus OX=130704 GN=vCaE PE=1 SV=1
TRINITY_DN1194_c0_g1_i4.p1	sp|B2D0J5|EST6_APIME	30.0	534	720	557	5	517	26	549	3.62e-68	237	sp|B2D0J5|EST6_APIME Venom carboxylesterase-6 OS=Apis mellifera OX=7460 PE=2 SV=1
TRINITY_DN1194_c0_g1_i4.p1	sp|P16854|EST1_CULPI	32.0	535	720	540	7	518	8	534	1.21e-63	224	sp|P16854|EST1_CULPI Esterase B1 OS=Culex pipiens OX=7175 GN=B1 PE=3 SV=1
TRINITY_DN1194_c0_g1_i4.p1	sp|Q8K3R0|EST2A_RAT	31.3	543	720	558	4	514	31	537	9.14e-63	222	sp|Q8K3R0|EST2A_RAT Pyrethroid hydrolase Ces2a OS=Rattus norvegicus OX=10116 GN=Ces2a PE=1 SV=1
TRINITY_DN1194_c0_g1_i4.p1	sp|Q64419|EST1_MESAU	31.0	538	720	561	4	517	31	543	1.87e-62	221	sp|Q64419|EST1_MESAU Liver carboxylesterase OS=Mesocricetus auratus OX=10036 PE=2 SV=1
TRINITY_DN1194_c0_g1_i4.p1	sp|P0C6R3|EST4A_BOVIN	30.9	547	720	550	2	518	24	548	2.04e-62	221	sp|P0C6R3|EST4A_BOVIN Carboxylesterase 4A OS=Bos taurus OX=9913 GN=CES4A PE=2 SV=1
TRINITY_DN1194_c0_g1_i4.p1	sp|Q8R0W5|EST4A_MOUSE	31.0	546	720	563	2	517	31	557	3.72e-62	221	sp|Q8R0W5|EST4A_MOUSE Carboxylesterase 4A OS=Mus musculus OX=10090 GN=Ces4a PE=2 SV=2
TRINITY_DN1194_c0_g1_i4.p1	sp|P37967|PNBA_BACSU	30.8	519	720	489	6	512	5	481	2.61e-61	216	sp|P37967|PNBA_BACSU Para-nitrobenzyl esterase OS=Bacillus subtilis (strain 168) OX=224308 GN=pnbA PE=1 SV=2
TRINITY_DN1194_c0_g1_i4.p1	sp|Q8QZR3|EST2A_MOUSE	29.8	551	720	558	4	514	31	537	3.25e-61	218	sp|Q8QZR3|EST2A_MOUSE Pyrethroid hydrolase Ces2a OS=Mus musculus OX=10090 GN=Ces2a PE=1 SV=1
TRINITY_DN1194_c0_g1_i4.p1	sp|Q91WG0|EST2C_MOUSE	31.0	539	720	561	5	514	34	540	6.62e-61	217	sp|Q91WG0|EST2C_MOUSE Acylcarnitine hydrolase OS=Mus musculus OX=10090 GN=Ces2c PE=1 SV=1
TRINITY_DN1194_c0_g1_i4.p1	sp|O00748|EST2_HUMAN	29.7	562	720	559	4	528	31	552	6.12e-60	214	sp|O00748|EST2_HUMAN Cocaine esterase OS=Homo sapiens OX=9606 GN=CES2 PE=1 SV=1
TRINITY_DN1194_c0_g1_i4.p1	sp|Q5XG92|EST4A_HUMAN	30.4	552	720	561	2	518	24	550	4.43e-59	212	sp|Q5XG92|EST4A_HUMAN Carboxylesterase 4A OS=Homo sapiens OX=9606 GN=CES4A PE=1 SV=2
TRINITY_DN1194_c0_g1_i4.p1	sp|Q869C3|ACES_ANOGA	31.1	549	720	737	3	514	164	686	4.98e-59	216	sp|Q869C3|ACES_ANOGA Acetylcholinesterase OS=Anopheles gambiae OX=7165 GN=Ace PE=1 SV=3
TRINITY_DN1194_c0_g1_i4.p1	sp|Q86GC8|ACES_CULPI	30.7	548	720	702	2	514	130	653	1.06e-58	214	sp|Q86GC8|ACES_CULPI Acetylcholinesterase OS=Culex pipiens OX=7175 GN=ACHE1 PE=2 SV=2
TRINITY_DN1194_c0_g1_i4.p1	sp|P16303|EST1D_RAT	31.0	554	720	565	5	520	24	551	4.57e-58	209	sp|P16303|EST1D_RAT Carboxylesterase 1D OS=Rattus norvegicus OX=10116 GN=Ces1d PE=1 SV=2
TRINITY_DN1194_c0_g1_i4.p1	sp|Q64176|EST1E_MOUSE	30.0	566	720	562	5	527	25	559	2.15e-57	207	sp|Q64176|EST1E_MOUSE Carboxylesterase 1E OS=Mus musculus OX=10090 GN=Ces1e PE=1 SV=1
TRINITY_DN1194_c0_g1_i4.p1	sp|Q29550|EST1_PIG	30.7	560	720	566	5	520	25	552	3.21e-57	207	sp|Q29550|EST1_PIG Liver carboxylesterase OS=Sus scrofa OX=9823 PE=1 SV=1
TRINITY_DN1194_c0_g1_i4.p1	sp|Q64573|EST1F_RAT	29.2	558	720	561	5	520	24	551	7.63e-57	206	sp|Q64573|EST1F_RAT Liver carboxylesterase 1F OS=Rattus norvegicus OX=10116 GN=Ces1f PE=1 SV=2
TRINITY_DN1194_c0_g1_i4.p1	sp|O70631|EST2C_RAT	30.1	542	720	561	12	514	41	540	1.45e-56	205	sp|O70631|EST2C_RAT Acylcarnitine hydrolase OS=Rattus norvegicus OX=10116 GN=Ces2c PE=1 SV=2
TRINITY_DN1194_c0_g1_i4.p1	sp|Q8VCT4|EST1D_MOUSE	30.6	549	720	565	5	520	24	551	1.57e-56	205	sp|Q8VCT4|EST1D_MOUSE Carboxylesterase 1D OS=Mus musculus OX=10090 GN=Ces1d PE=1 SV=1
TRINITY_DN1194_c0_g1_i4.p1	sp|O46421|EST1_MACFA	29.5	560	720	566	5	520	24	552	2.20e-56	205	sp|O46421|EST1_MACFA Liver carboxylesterase 1 OS=Macaca fascicularis OX=9541 GN=CES1 PE=2 SV=1
TRINITY_DN1194_c0_g1_i9.p1	sp|P12992|ESTJ_HELVI	35.0	505	736	564	22	497	29	520	1.37e-79	268	sp|P12992|ESTJ_HELVI Juvenile hormone esterase OS=Heliothis virescens OX=7102 PE=1 SV=2
TRINITY_DN1194_c0_g1_i9.p1	sp|P35502|ESTF_MYZPE	34.8	506	736	564	18	505	24	518	5.42e-77	261	sp|P35502|ESTF_MYZPE Esterase FE4 OS=Myzus persicae OX=13164 PE=1 SV=1
TRINITY_DN1194_c0_g1_i9.p1	sp|P35501|ESTE_MYZPE	34.4	506	736	552	18	505	24	518	1.55e-75	257	sp|P35501|ESTE_MYZPE Esterase E4 OS=Myzus persicae OX=13164 PE=1 SV=1
TRINITY_DN1194_c0_g1_i9.p1	sp|D6WMZ8|ESTJ_TRICA	33.5	511	736	588	21	492	29	526	2.62e-75	257	sp|D6WMZ8|ESTJ_TRICA Juvenile hormone esterase OS=Tribolium castaneum OX=7070 GN=Tcjhe PE=1 SV=2
TRINITY_DN1194_c0_g1_i9.p1	sp|A0A8B0RBM2|ACES_BOMIG	31.6	541	736	555	20	533	23	544	4.64e-72	248	sp|A0A8B0RBM2|ACES_BOMIG Carboxylic ester hydrolase OS=Bombus ignitus OX=130704 GN=vCaE PE=1 SV=1
TRINITY_DN1194_c0_g1_i9.p1	sp|B2D0J5|EST6_APIME	30.0	534	736	557	21	533	26	549	6.69e-68	236	sp|B2D0J5|EST6_APIME Venom carboxylesterase-6 OS=Apis mellifera OX=7460 PE=2 SV=1
TRINITY_DN1194_c0_g1_i9.p1	sp|P16854|EST1_CULPI	32.0	535	736	540	23	534	8	534	2.19e-63	224	sp|P16854|EST1_CULPI Esterase B1 OS=Culex pipiens OX=7175 GN=B1 PE=3 SV=1
TRINITY_DN1194_c0_g1_i9.p1	sp|Q8K3R0|EST2A_RAT	31.2	548	736	558	15	530	26	537	6.20e-63	223	sp|Q8K3R0|EST2A_RAT Pyrethroid hydrolase Ces2a OS=Rattus norvegicus OX=10116 GN=Ces2a PE=1 SV=1
TRINITY_DN1194_c0_g1_i9.p1	sp|Q64419|EST1_MESAU	30.9	543	736	561	15	533	26	543	1.75e-62	222	sp|Q64419|EST1_MESAU Liver carboxylesterase OS=Mesocricetus auratus OX=10036 PE=2 SV=1
TRINITY_DN1194_c0_g1_i9.p1	sp|P0C6R3|EST4A_BOVIN	30.9	551	736	550	14	534	20	548	1.92e-62	221	sp|P0C6R3|EST4A_BOVIN Carboxylesterase 4A OS=Bos taurus OX=9913 GN=CES4A PE=2 SV=1
TRINITY_DN1194_c0_g1_i9.p1	sp|Q8R0W5|EST4A_MOUSE	30.9	550	736	563	14	533	27	557	3.49e-62	221	sp|Q8R0W5|EST4A_MOUSE Carboxylesterase 4A OS=Mus musculus OX=10090 GN=Ces4a PE=2 SV=2
TRINITY_DN1194_c0_g1_i9.p1	sp|Q8QZR3|EST2A_MOUSE	29.7	556	736	558	15	530	26	537	2.19e-61	219	sp|Q8QZR3|EST2A_MOUSE Pyrethroid hydrolase Ces2a OS=Mus musculus OX=10090 GN=Ces2a PE=1 SV=1
TRINITY_DN1194_c0_g1_i9.p1	sp|P37967|PNBA_BACSU	30.8	519	736	489	22	528	5	481	4.64e-61	216	sp|P37967|PNBA_BACSU Para-nitrobenzyl esterase OS=Bacillus subtilis (strain 168) OX=224308 GN=pnbA PE=1 SV=2
TRINITY_DN1194_c0_g1_i9.p1	sp|Q91WG0|EST2C_MOUSE	31.0	539	736	561	21	530	34	540	1.18e-60	217	sp|Q91WG0|EST2C_MOUSE Acylcarnitine hydrolase OS=Mus musculus OX=10090 GN=Ces2c PE=1 SV=1
TRINITY_DN1194_c0_g1_i9.p1	sp|O00748|EST2_HUMAN	29.6	567	736	559	15	544	26	552	4.11e-60	215	sp|O00748|EST2_HUMAN Cocaine esterase OS=Homo sapiens OX=9606 GN=CES2 PE=1 SV=1
TRINITY_DN1194_c0_g1_i9.p1	sp|Q5XG92|EST4A_HUMAN	30.4	556	736	561	14	534	20	550	4.09e-59	213	sp|Q5XG92|EST4A_HUMAN Carboxylesterase 4A OS=Homo sapiens OX=9606 GN=CES4A PE=1 SV=2
TRINITY_DN1194_c0_g1_i9.p1	sp|Q869C3|ACES_ANOGA	31.1	549	736	737	19	530	164	686	8.77e-59	215	sp|Q869C3|ACES_ANOGA Acetylcholinesterase OS=Anopheles gambiae OX=7165 GN=Ace PE=1 SV=3
TRINITY_DN1194_c0_g1_i9.p1	sp|Q86GC8|ACES_CULPI	30.7	548	736	702	18	530	130	653	1.87e-58	214	sp|Q86GC8|ACES_CULPI Acetylcholinesterase OS=Culex pipiens OX=7175 GN=ACHE1 PE=2 SV=2
TRINITY_DN1194_c0_g1_i9.p1	sp|P16303|EST1D_RAT	30.9	560	736	565	15	536	18	551	4.20e-58	210	sp|P16303|EST1D_RAT Carboxylesterase 1D OS=Rattus norvegicus OX=10116 GN=Ces1d PE=1 SV=2
TRINITY_DN1194_c0_g1_i9.p1	sp|Q64176|EST1E_MOUSE	29.9	572	736	562	15	543	19	559	1.04e-57	209	sp|Q64176|EST1E_MOUSE Carboxylesterase 1E OS=Mus musculus OX=10090 GN=Ces1e PE=1 SV=1
TRINITY_DN1194_c0_g1_i9.p1	sp|Q29550|EST1_PIG	30.6	566	736	566	15	536	19	552	1.55e-57	208	sp|Q29550|EST1_PIG Liver carboxylesterase OS=Sus scrofa OX=9823 PE=1 SV=1
TRINITY_DN1194_c0_g1_i9.p1	sp|Q63108|EST1E_RAT	30.6	563	736	561	14	533	17	548	2.66e-57	207	sp|Q63108|EST1E_RAT Carboxylesterase 1E OS=Rattus norvegicus OX=10116 GN=Ces1e PE=1 SV=1
TRINITY_DN1194_c0_g1_i9.p1	sp|Q64573|EST1F_RAT	29.1	564	736	561	15	536	18	551	3.67e-57	207	sp|Q64573|EST1F_RAT Liver carboxylesterase 1F OS=Rattus norvegicus OX=10116 GN=Ces1f PE=1 SV=2
TRINITY_DN1194_c0_g1_i9.p1	sp|Q6AW46|EST5A_MOUSE	30.6	552	736	575	15	532	25	541	9.13e-57	206	sp|Q6AW46|EST5A_MOUSE Carboxylesterase 5A OS=Mus musculus OX=10090 GN=Ces5a PE=2 SV=1
TRINITY_DN1194_c0_g1_i9.p1	sp|O46421|EST1_MACFA	29.3	566	736	566	15	536	18	552	1.06e-56	206	sp|O46421|EST1_MACFA Liver carboxylesterase 1 OS=Macaca fascicularis OX=9541 GN=CES1 PE=2 SV=1
TRINITY_DN13111_c1_g1_i1.p1	sp|P35501|ESTE_MYZPE	29.1	529	529	552	7	486	12	516	3.87e-46	172	sp|P35501|ESTE_MYZPE Esterase E4 OS=Myzus persicae OX=13164 PE=1 SV=1
TRINITY_DN13111_c1_g1_i1.p1	sp|P35502|ESTF_MYZPE	29.3	529	529	564	7	486	12	516	6.41e-46	172	sp|P35502|ESTF_MYZPE Esterase FE4 OS=Myzus persicae OX=13164 PE=1 SV=1
TRINITY_DN13111_c1_g1_i1.p1	sp|D6WMZ8|ESTJ_TRICA	29.1	492	529	588	30	472	36	523	1.60e-44	169	sp|D6WMZ8|ESTJ_TRICA Juvenile hormone esterase OS=Tribolium castaneum OX=7070 GN=Tcjhe PE=1 SV=2
TRINITY_DN13111_c1_g1_i1.p1	sp|P12992|ESTJ_HELVI	32.2	422	529	564	92	471	109	511	2.56e-42	162	sp|P12992|ESTJ_HELVI Juvenile hormone esterase OS=Heliothis virescens OX=7102 PE=1 SV=2
TRINITY_DN13111_c1_g1_i1.p1	sp|Q6NT32|EST5A_HUMAN	29.6	507	529	575	41	513	55	539	9.52e-41	158	sp|Q6NT32|EST5A_HUMAN Carboxylesterase 5A OS=Homo sapiens OX=9606 GN=CES5A PE=1 SV=1
TRINITY_DN13111_c1_g1_i1.p1	sp|Q91WG0|EST2C_MOUSE	27.4	529	529	561	26	513	37	540	4.27e-38	150	sp|Q91WG0|EST2C_MOUSE Acylcarnitine hydrolase OS=Mus musculus OX=10090 GN=Ces2c PE=1 SV=1
TRINITY_DN13111_c1_g1_i1.p1	sp|O62760|CHLE_FELCA	27.3	539	529	602	21	516	30	553	6.60e-38	150	sp|O62760|CHLE_FELCA Cholinesterase OS=Felis catus OX=9685 GN=BCHE PE=2 SV=1
TRINITY_DN13111_c1_g1_i1.p1	sp|O62761|CHLE_PANTT	27.5	539	529	602	21	516	30	553	6.60e-38	150	sp|O62761|CHLE_PANTT Cholinesterase OS=Panthera tigris tigris OX=74535 GN=BCHE PE=2 SV=1
TRINITY_DN13111_c1_g1_i1.p1	sp|G3V7J5|EST2E_RAT	28.3	435	529	567	92	513	132	546	1.16e-37	149	sp|G3V7J5|EST2E_RAT Pyrethroid hydrolase Ces2e OS=Rattus norvegicus OX=10116 GN=Ces2e PE=1 SV=2
TRINITY_DN13111_c1_g1_i1.p1	sp|Q6AW46|EST5A_MOUSE	28.0	521	529	575	29	513	44	539	1.27e-37	149	sp|Q6AW46|EST5A_MOUSE Carboxylesterase 5A OS=Mus musculus OX=10090 GN=Ces5a PE=2 SV=1
TRINITY_DN13111_c1_g1_i1.p1	sp|Q8BK48|EST2E_MOUSE	27.1	535	529	559	21	513	34	538	1.45e-37	149	sp|Q8BK48|EST2E_MOUSE Pyrethroid hydrolase Ces2e OS=Mus musculus OX=10090 GN=Ces2e PE=1 SV=1
TRINITY_DN13111_c1_g1_i1.p1	sp|Q8R0W5|EST4A_MOUSE	28.1	455	529	563	92	513	123	554	7.20e-37	147	sp|Q8R0W5|EST4A_MOUSE Carboxylesterase 4A OS=Mus musculus OX=10090 GN=Ces4a PE=2 SV=2
TRINITY_DN13111_c1_g1_i1.p1	sp|Q03311|CHLE_MOUSE	27.7	530	529	603	28	516	42	554	2.70e-36	145	sp|Q03311|CHLE_MOUSE Cholinesterase OS=Mus musculus OX=10090 GN=Bche PE=1 SV=2
TRINITY_DN13111_c1_g1_i1.p1	sp|P22303|ACES_HUMAN	29.5	458	529	614	92	516	127	566	2.97e-36	145	sp|P22303|ACES_HUMAN Acetylcholinesterase OS=Homo sapiens OX=9606 GN=ACHE PE=1 SV=1
TRINITY_DN13111_c1_g1_i1.p1	sp|Q8I034|EST5A_FELCA	26.9	513	529	545	41	513	55	539	3.80e-36	144	sp|Q8I034|EST5A_FELCA Carboxylesterase 5A OS=Felis catus OX=9685 GN=CES5A PE=1 SV=1
TRINITY_DN13111_c1_g1_i1.p1	sp|Q5GRG2|EST5A_RAT	27.5	524	529	575	29	513	44	539	9.71e-36	144	sp|Q5GRG2|EST5A_RAT Carboxylesterase 5A OS=Rattus norvegicus OX=10116 GN=Ces5a PE=1 SV=1
TRINITY_DN13111_c1_g1_i1.p1	sp|Q5XG92|EST4A_HUMAN	27.9	445	529	561	92	513	116	546	1.15e-35	143	sp|Q5XG92|EST4A_HUMAN Carboxylesterase 4A OS=Homo sapiens OX=9606 GN=CES4A PE=1 SV=2
TRINITY_DN13111_c1_g1_i1.p1	sp|A0A8B0RBM2|ACES_BOMIG	27.9	409	529	555	40	428	46	452	2.00e-35	142	sp|A0A8B0RBM2|ACES_BOMIG Carboxylic ester hydrolase OS=Bombus ignitus OX=130704 GN=vCaE PE=1 SV=1
TRINITY_DN13111_c1_g1_i1.p1	sp|Q29499|ACES_RABIT	29.6	459	529	584	92	516	97	536	2.66e-35	142	sp|Q29499|ACES_RABIT Acetylcholinesterase (Fragment) OS=Oryctolagus cuniculus OX=9986 GN=ACHE PE=2 SV=1
TRINITY_DN13111_c1_g1_i1.p1	sp|O70631|EST2C_RAT	27.2	514	529	561	35	513	49	540	5.37e-35	141	sp|O70631|EST2C_RAT Acylcarnitine hydrolase OS=Rattus norvegicus OX=10116 GN=Ces2c PE=1 SV=2
TRINITY_DN13111_c1_g1_i1.p1	sp|P12337|EST1_RABIT	30.0	446	529	565	92	517	116	550	7.61e-35	141	sp|P12337|EST1_RABIT Liver carboxylesterase 1 OS=Oryctolagus cuniculus OX=9986 PE=1 SV=3
TRINITY_DN13111_c1_g1_i1.p1	sp|Q6AW47|EST5A_CANLF	28.6	511	529	575	41	513	55	539	1.14e-34	140	sp|Q6AW47|EST5A_CANLF Carboxylesterase 5A OS=Canis lupus familiaris OX=9615 GN=CES5A PE=2 SV=1
TRINITY_DN13111_c1_g1_i1.p1	sp|P32749|CHLE_BOVIN	27.0	552	529	602	21	516	30	553	1.95e-34	140	sp|P32749|CHLE_BOVIN Cholinesterase OS=Bos taurus OX=9913 GN=BCHE PE=2 SV=2
TRINITY_DN13111_c1_g1_i1.p1	sp|P81908|CHLE_HORSE	26.7	550	529	574	21	516	2	525	2.83e-34	139	sp|P81908|CHLE_HORSE Cholinesterase OS=Equus caballus OX=9796 GN=BCHE PE=1 SV=1
TRINITY_DN13111_c1_g1_i1.p1	sp|P16854|EST1_CULPI	34.5	328	529	540	21	321	4	326	5.10e-34	138	sp|P16854|EST1_CULPI Esterase B1 OS=Culex pipiens OX=7175 GN=B1 PE=3 SV=1
TRINITY_DN13111_c1_g1_i10.p1	sp|P35501|ESTE_MYZPE	29.1	529	529	552	7	486	12	516	3.87e-46	172	sp|P35501|ESTE_MYZPE Esterase E4 OS=Myzus persicae OX=13164 PE=1 SV=1
TRINITY_DN13111_c1_g1_i10.p1	sp|P35502|ESTF_MYZPE	29.3	529	529	564	7	486	12	516	6.41e-46	172	sp|P35502|ESTF_MYZPE Esterase FE4 OS=Myzus persicae OX=13164 PE=1 SV=1
TRINITY_DN13111_c1_g1_i10.p1	sp|D6WMZ8|ESTJ_TRICA	29.1	492	529	588	30	472	36	523	1.60e-44	169	sp|D6WMZ8|ESTJ_TRICA Juvenile hormone esterase OS=Tribolium castaneum OX=7070 GN=Tcjhe PE=1 SV=2
TRINITY_DN13111_c1_g1_i10.p1	sp|P12992|ESTJ_HELVI	32.2	422	529	564	92	471	109	511	2.56e-42	162	sp|P12992|ESTJ_HELVI Juvenile hormone esterase OS=Heliothis virescens OX=7102 PE=1 SV=2
TRINITY_DN13111_c1_g1_i10.p1	sp|Q6NT32|EST5A_HUMAN	29.6	507	529	575	41	513	55	539	9.52e-41	158	sp|Q6NT32|EST5A_HUMAN Carboxylesterase 5A OS=Homo sapiens OX=9606 GN=CES5A PE=1 SV=1
TRINITY_DN13111_c1_g1_i10.p1	sp|Q91WG0|EST2C_MOUSE	27.4	529	529	561	26	513	37	540	4.27e-38	150	sp|Q91WG0|EST2C_MOUSE Acylcarnitine hydrolase OS=Mus musculus OX=10090 GN=Ces2c PE=1 SV=1
TRINITY_DN13111_c1_g1_i10.p1	sp|O62760|CHLE_FELCA	27.3	539	529	602	21	516	30	553	6.60e-38	150	sp|O62760|CHLE_FELCA Cholinesterase OS=Felis catus OX=9685 GN=BCHE PE=2 SV=1
TRINITY_DN13111_c1_g1_i10.p1	sp|O62761|CHLE_PANTT	27.5	539	529	602	21	516	30	553	6.60e-38	150	sp|O62761|CHLE_PANTT Cholinesterase OS=Panthera tigris tigris OX=74535 GN=BCHE PE=2 SV=1
TRINITY_DN13111_c1_g1_i10.p1	sp|G3V7J5|EST2E_RAT	28.3	435	529	567	92	513	132	546	1.16e-37	149	sp|G3V7J5|EST2E_RAT Pyrethroid hydrolase Ces2e OS=Rattus norvegicus OX=10116 GN=Ces2e PE=1 SV=2
TRINITY_DN13111_c1_g1_i10.p1	sp|Q6AW46|EST5A_MOUSE	28.0	521	529	575	29	513	44	539	1.27e-37	149	sp|Q6AW46|EST5A_MOUSE Carboxylesterase 5A OS=Mus musculus OX=10090 GN=Ces5a PE=2 SV=1
TRINITY_DN13111_c1_g1_i10.p1	sp|Q8BK48|EST2E_MOUSE	27.1	535	529	559	21	513	34	538	1.45e-37	149	sp|Q8BK48|EST2E_MOUSE Pyrethroid hydrolase Ces2e OS=Mus musculus OX=10090 GN=Ces2e PE=1 SV=1
TRINITY_DN13111_c1_g1_i10.p1	sp|Q8R0W5|EST4A_MOUSE	28.1	455	529	563	92	513	123	554	7.20e-37	147	sp|Q8R0W5|EST4A_MOUSE Carboxylesterase 4A OS=Mus musculus OX=10090 GN=Ces4a PE=2 SV=2
TRINITY_DN13111_c1_g1_i10.p1	sp|Q03311|CHLE_MOUSE	27.7	530	529	603	28	516	42	554	2.70e-36	145	sp|Q03311|CHLE_MOUSE Cholinesterase OS=Mus musculus OX=10090 GN=Bche PE=1 SV=2
TRINITY_DN13111_c1_g1_i10.p1	sp|P22303|ACES_HUMAN	29.5	458	529	614	92	516	127	566	2.97e-36	145	sp|P22303|ACES_HUMAN Acetylcholinesterase OS=Homo sapiens OX=9606 GN=ACHE PE=1 SV=1
TRINITY_DN13111_c1_g1_i10.p1	sp|Q8I034|EST5A_FELCA	26.9	513	529	545	41	513	55	539	3.80e-36	144	sp|Q8I034|EST5A_FELCA Carboxylesterase 5A OS=Felis catus OX=9685 GN=CES5A PE=1 SV=1
TRINITY_DN13111_c1_g1_i10.p1	sp|Q5GRG2|EST5A_RAT	27.5	524	529	575	29	513	44	539	9.71e-36	144	sp|Q5GRG2|EST5A_RAT Carboxylesterase 5A OS=Rattus norvegicus OX=10116 GN=Ces5a PE=1 SV=1
TRINITY_DN13111_c1_g1_i10.p1	sp|Q5XG92|EST4A_HUMAN	27.9	445	529	561	92	513	116	546	1.15e-35	143	sp|Q5XG92|EST4A_HUMAN Carboxylesterase 4A OS=Homo sapiens OX=9606 GN=CES4A PE=1 SV=2
TRINITY_DN13111_c1_g1_i10.p1	sp|A0A8B0RBM2|ACES_BOMIG	27.9	409	529	555	40	428	46	452	2.00e-35	142	sp|A0A8B0RBM2|ACES_BOMIG Carboxylic ester hydrolase OS=Bombus ignitus OX=130704 GN=vCaE PE=1 SV=1
TRINITY_DN13111_c1_g1_i10.p1	sp|Q29499|ACES_RABIT	29.6	459	529	584	92	516	97	536	2.66e-35	142	sp|Q29499|ACES_RABIT Acetylcholinesterase (Fragment) OS=Oryctolagus cuniculus OX=9986 GN=ACHE PE=2 SV=1
TRINITY_DN13111_c1_g1_i10.p1	sp|O70631|EST2C_RAT	27.2	514	529	561	35	513	49	540	5.37e-35	141	sp|O70631|EST2C_RAT Acylcarnitine hydrolase OS=Rattus norvegicus OX=10116 GN=Ces2c PE=1 SV=2
TRINITY_DN13111_c1_g1_i10.p1	sp|P12337|EST1_RABIT	30.0	446	529	565	92	517	116	550	7.61e-35	141	sp|P12337|EST1_RABIT Liver carboxylesterase 1 OS=Oryctolagus cuniculus OX=9986 PE=1 SV=3
TRINITY_DN13111_c1_g1_i10.p1	sp|Q6AW47|EST5A_CANLF	28.6	511	529	575	41	513	55	539	1.14e-34	140	sp|Q6AW47|EST5A_CANLF Carboxylesterase 5A OS=Canis lupus familiaris OX=9615 GN=CES5A PE=2 SV=1
TRINITY_DN13111_c1_g1_i10.p1	sp|P32749|CHLE_BOVIN	27.0	552	529	602	21	516	30	553	1.95e-34	140	sp|P32749|CHLE_BOVIN Cholinesterase OS=Bos taurus OX=9913 GN=BCHE PE=2 SV=2
TRINITY_DN13111_c1_g1_i10.p1	sp|P81908|CHLE_HORSE	26.7	550	529	574	21	516	2	525	2.83e-34	139	sp|P81908|CHLE_HORSE Cholinesterase OS=Equus caballus OX=9796 GN=BCHE PE=1 SV=1
TRINITY_DN13111_c1_g1_i10.p1	sp|P16854|EST1_CULPI	34.5	328	529	540	21	321	4	326	5.10e-34	138	sp|P16854|EST1_CULPI Esterase B1 OS=Culex pipiens OX=7175 GN=B1 PE=3 SV=1
TRINITY_DN13111_c1_g1_i13.p1	sp|P35501|ESTE_MYZPE	29.1	529	529	552	7	486	12	516	3.87e-46	172	sp|P35501|ESTE_MYZPE Esterase E4 OS=Myzus persicae OX=13164 PE=1 SV=1
TRINITY_DN13111_c1_g1_i13.p1	sp|P35502|ESTF_MYZPE	29.3	529	529	564	7	486	12	516	6.41e-46	172	sp|P35502|ESTF_MYZPE Esterase FE4 OS=Myzus persicae OX=13164 PE=1 SV=1
TRINITY_DN13111_c1_g1_i13.p1	sp|D6WMZ8|ESTJ_TRICA	29.1	492	529	588	30	472	36	523	1.60e-44	169	sp|D6WMZ8|ESTJ_TRICA Juvenile hormone esterase OS=Tribolium castaneum OX=7070 GN=Tcjhe PE=1 SV=2
TRINITY_DN13111_c1_g1_i13.p1	sp|P12992|ESTJ_HELVI	32.2	422	529	564	92	471	109	511	2.56e-42	162	sp|P12992|ESTJ_HELVI Juvenile hormone esterase OS=Heliothis virescens OX=7102 PE=1 SV=2
TRINITY_DN13111_c1_g1_i13.p1	sp|Q6NT32|EST5A_HUMAN	29.6	507	529	575	41	513	55	539	9.52e-41	158	sp|Q6NT32|EST5A_HUMAN Carboxylesterase 5A OS=Homo sapiens OX=9606 GN=CES5A PE=1 SV=1
TRINITY_DN13111_c1_g1_i13.p1	sp|Q91WG0|EST2C_MOUSE	27.4	529	529	561	26	513	37	540	4.27e-38	150	sp|Q91WG0|EST2C_MOUSE Acylcarnitine hydrolase OS=Mus musculus OX=10090 GN=Ces2c PE=1 SV=1
TRINITY_DN13111_c1_g1_i13.p1	sp|O62760|CHLE_FELCA	27.3	539	529	602	21	516	30	553	6.60e-38	150	sp|O62760|CHLE_FELCA Cholinesterase OS=Felis catus OX=9685 GN=BCHE PE=2 SV=1
TRINITY_DN13111_c1_g1_i13.p1	sp|O62761|CHLE_PANTT	27.5	539	529	602	21	516	30	553	6.60e-38	150	sp|O62761|CHLE_PANTT Cholinesterase OS=Panthera tigris tigris OX=74535 GN=BCHE PE=2 SV=1
TRINITY_DN13111_c1_g1_i13.p1	sp|G3V7J5|EST2E_RAT	28.3	435	529	567	92	513	132	546	1.16e-37	149	sp|G3V7J5|EST2E_RAT Pyrethroid hydrolase Ces2e OS=Rattus norvegicus OX=10116 GN=Ces2e PE=1 SV=2
TRINITY_DN13111_c1_g1_i13.p1	sp|Q6AW46|EST5A_MOUSE	28.0	521	529	575	29	513	44	539	1.27e-37	149	sp|Q6AW46|EST5A_MOUSE Carboxylesterase 5A OS=Mus musculus OX=10090 GN=Ces5a PE=2 SV=1
TRINITY_DN13111_c1_g1_i13.p1	sp|Q8BK48|EST2E_MOUSE	27.1	535	529	559	21	513	34	538	1.45e-37	149	sp|Q8BK48|EST2E_MOUSE Pyrethroid hydrolase Ces2e OS=Mus musculus OX=10090 GN=Ces2e PE=1 SV=1
TRINITY_DN13111_c1_g1_i13.p1	sp|Q8R0W5|EST4A_MOUSE	28.1	455	529	563	92	513	123	554	7.20e-37	147	sp|Q8R0W5|EST4A_MOUSE Carboxylesterase 4A OS=Mus musculus OX=10090 GN=Ces4a PE=2 SV=2
TRINITY_DN13111_c1_g1_i13.p1	sp|Q03311|CHLE_MOUSE	27.7	530	529	603	28	516	42	554	2.70e-36	145	sp|Q03311|CHLE_MOUSE Cholinesterase OS=Mus musculus OX=10090 GN=Bche PE=1 SV=2
TRINITY_DN13111_c1_g1_i13.p1	sp|P22303|ACES_HUMAN	29.5	458	529	614	92	516	127	566	2.97e-36	145	sp|P22303|ACES_HUMAN Acetylcholinesterase OS=Homo sapiens OX=9606 GN=ACHE PE=1 SV=1
TRINITY_DN13111_c1_g1_i13.p1	sp|Q8I034|EST5A_FELCA	26.9	513	529	545	41	513	55	539	3.80e-36	144	sp|Q8I034|EST5A_FELCA Carboxylesterase 5A OS=Felis catus OX=9685 GN=CES5A PE=1 SV=1
TRINITY_DN13111_c1_g1_i13.p1	sp|Q5GRG2|EST5A_RAT	27.5	524	529	575	29	513	44	539	9.71e-36	144	sp|Q5GRG2|EST5A_RAT Carboxylesterase 5A OS=Rattus norvegicus OX=10116 GN=Ces5a PE=1 SV=1
TRINITY_DN13111_c1_g1_i13.p1	sp|Q5XG92|EST4A_HUMAN	27.9	445	529	561	92	513	116	546	1.15e-35	143	sp|Q5XG92|EST4A_HUMAN Carboxylesterase 4A OS=Homo sapiens OX=9606 GN=CES4A PE=1 SV=2
TRINITY_DN13111_c1_g1_i13.p1	sp|A0A8B0RBM2|ACES_BOMIG	27.9	409	529	555	40	428	46	452	2.00e-35	142	sp|A0A8B0RBM2|ACES_BOMIG Carboxylic ester hydrolase OS=Bombus ignitus OX=130704 GN=vCaE PE=1 SV=1
TRINITY_DN13111_c1_g1_i13.p1	sp|Q29499|ACES_RABIT	29.6	459	529	584	92	516	97	536	2.66e-35	142	sp|Q29499|ACES_RABIT Acetylcholinesterase (Fragment) OS=Oryctolagus cuniculus OX=9986 GN=ACHE PE=2 SV=1
TRINITY_DN13111_c1_g1_i13.p1	sp|O70631|EST2C_RAT	27.2	514	529	561	35	513	49	540	5.37e-35	141	sp|O70631|EST2C_RAT Acylcarnitine hydrolase OS=Rattus norvegicus OX=10116 GN=Ces2c PE=1 SV=2
TRINITY_DN13111_c1_g1_i13.p1	sp|P12337|EST1_RABIT	30.0	446	529	565	92	517	116	550	7.61e-35	141	sp|P12337|EST1_RABIT Liver carboxylesterase 1 OS=Oryctolagus cuniculus OX=9986 PE=1 SV=3
TRINITY_DN13111_c1_g1_i13.p1	sp|Q6AW47|EST5A_CANLF	28.6	511	529	575	41	513	55	539	1.14e-34	140	sp|Q6AW47|EST5A_CANLF Carboxylesterase 5A OS=Canis lupus familiaris OX=9615 GN=CES5A PE=2 SV=1
TRINITY_DN13111_c1_g1_i13.p1	sp|P32749|CHLE_BOVIN	27.0	552	529	602	21	516	30	553	1.95e-34	140	sp|P32749|CHLE_BOVIN Cholinesterase OS=Bos taurus OX=9913 GN=BCHE PE=2 SV=2
TRINITY_DN13111_c1_g1_i13.p1	sp|P81908|CHLE_HORSE	26.7	550	529	574	21	516	2	525	2.83e-34	139	sp|P81908|CHLE_HORSE Cholinesterase OS=Equus caballus OX=9796 GN=BCHE PE=1 SV=1
TRINITY_DN13111_c1_g1_i13.p1	sp|P16854|EST1_CULPI	34.5	328	529	540	21	321	4	326	5.10e-34	138	sp|P16854|EST1_CULPI Esterase B1 OS=Culex pipiens OX=7175 GN=B1 PE=3 SV=1
TRINITY_DN13111_c1_g1_i3.p1	sp|D6WMZ8|ESTJ_TRICA	29.1	495	498	588	30	475	36	526	1.80e-45	171	sp|D6WMZ8|ESTJ_TRICA Juvenile hormone esterase OS=Tribolium castaneum OX=7070 GN=Tcjhe PE=1 SV=2
TRINITY_DN13111_c1_g1_i3.p1	sp|P35501|ESTE_MYZPE	29.2	513	498	552	7	470	12	504	1.40e-44	167	sp|P35501|ESTE_MYZPE Esterase E4 OS=Myzus persicae OX=13164 PE=1 SV=1
TRINITY_DN13111_c1_g1_i3.p1	sp|P35502|ESTF_MYZPE	29.4	513	498	564	7	470	12	504	2.31e-44	167	sp|P35502|ESTF_MYZPE Esterase FE4 OS=Myzus persicae OX=13164 PE=1 SV=1
TRINITY_DN13111_c1_g1_i3.p1	sp|P12992|ESTJ_HELVI	32.1	436	498	564	92	485	109	523	4.11e-43	164	sp|P12992|ESTJ_HELVI Juvenile hormone esterase OS=Heliothis virescens OX=7102 PE=1 SV=2
TRINITY_DN13111_c1_g1_i3.p1	sp|Q6NT32|EST5A_HUMAN	30.4	464	498	575	41	470	55	501	1.19e-38	151	sp|Q6NT32|EST5A_HUMAN Carboxylesterase 5A OS=Homo sapiens OX=9606 GN=CES5A PE=1 SV=1
TRINITY_DN13111_c1_g1_i3.p1	sp|O62760|CHLE_FELCA	28.0	515	498	602	21	493	30	528	2.16e-38	151	sp|O62760|CHLE_FELCA Cholinesterase OS=Felis catus OX=9685 GN=BCHE PE=2 SV=1
TRINITY_DN13111_c1_g1_i3.p1	sp|O62761|CHLE_PANTT	28.2	515	498	602	21	493	30	528	2.16e-38	151	sp|O62761|CHLE_PANTT Cholinesterase OS=Panthera tigris tigris OX=74535 GN=BCHE PE=2 SV=1
TRINITY_DN13111_c1_g1_i3.p1	sp|Q91WG0|EST2C_MOUSE	27.4	486	498	561	26	470	37	502	1.12e-36	145	sp|Q91WG0|EST2C_MOUSE Acylcarnitine hydrolase OS=Mus musculus OX=10090 GN=Ces2c PE=1 SV=1
TRINITY_DN13111_c1_g1_i3.p1	sp|G3V7J5|EST2E_RAT	28.6	392	498	567	92	470	132	508	1.19e-36	145	sp|G3V7J5|EST2E_RAT Pyrethroid hydrolase Ces2e OS=Rattus norvegicus OX=10116 GN=Ces2e PE=1 SV=2
TRINITY_DN13111_c1_g1_i3.p1	sp|Q6AW46|EST5A_MOUSE	28.5	478	498	575	29	470	44	501	2.41e-36	145	sp|Q6AW46|EST5A_MOUSE Carboxylesterase 5A OS=Mus musculus OX=10090 GN=Ces5a PE=2 SV=1
TRINITY_DN13111_c1_g1_i3.p1	sp|Q03311|CHLE_MOUSE	28.6	483	498	603	28	470	42	509	4.27e-36	144	sp|Q03311|CHLE_MOUSE Cholinesterase OS=Mus musculus OX=10090 GN=Bche PE=1 SV=2
TRINITY_DN13111_c1_g1_i3.p1	sp|Q8BK48|EST2E_MOUSE	27.0	492	498	559	21	470	34	500	9.72e-36	143	sp|Q8BK48|EST2E_MOUSE Pyrethroid hydrolase Ces2e OS=Mus musculus OX=10090 GN=Ces2e PE=1 SV=1
TRINITY_DN13111_c1_g1_i3.p1	sp|A0A8B0RBM2|ACES_BOMIG	27.9	409	498	555	40	428	46	452	1.27e-35	142	sp|A0A8B0RBM2|ACES_BOMIG Carboxylic ester hydrolase OS=Bombus ignitus OX=130704 GN=vCaE PE=1 SV=1
TRINITY_DN13111_c1_g1_i3.p1	sp|Q5GRG2|EST5A_RAT	28.1	477	498	575	29	470	44	501	3.94e-35	141	sp|Q5GRG2|EST5A_RAT Carboxylesterase 5A OS=Rattus norvegicus OX=10116 GN=Ces5a PE=1 SV=1
TRINITY_DN13111_c1_g1_i3.p1	sp|Q8I034|EST5A_FELCA	27.9	470	498	545	41	470	55	501	7.41e-35	140	sp|Q8I034|EST5A_FELCA Carboxylesterase 5A OS=Felis catus OX=9685 GN=CES5A PE=1 SV=1
TRINITY_DN13111_c1_g1_i3.p1	sp|Q5XG92|EST4A_HUMAN	27.9	398	498	561	92	470	116	508	1.19e-34	140	sp|Q5XG92|EST4A_HUMAN Carboxylesterase 4A OS=Homo sapiens OX=9606 GN=CES4A PE=1 SV=2
TRINITY_DN13111_c1_g1_i3.p1	sp|P12337|EST1_RABIT	30.8	399	498	565	92	470	116	508	1.23e-34	140	sp|P12337|EST1_RABIT Liver carboxylesterase 1 OS=Oryctolagus cuniculus OX=9986 PE=1 SV=3
TRINITY_DN13111_c1_g1_i3.p1	sp|P81908|CHLE_HORSE	27.4	511	498	574	21	478	2	488	1.83e-34	139	sp|P81908|CHLE_HORSE Cholinesterase OS=Equus caballus OX=9796 GN=BCHE PE=1 SV=1
TRINITY_DN13111_c1_g1_i3.p1	sp|Q8R0W5|EST4A_MOUSE	28.6	416	498	563	92	474	123	520	2.25e-34	139	sp|Q8R0W5|EST4A_MOUSE Carboxylesterase 4A OS=Mus musculus OX=10090 GN=Ces4a PE=2 SV=2
TRINITY_DN13111_c1_g1_i3.p1	sp|P32749|CHLE_BOVIN	27.7	513	498	602	21	478	30	516	3.15e-34	139	sp|P32749|CHLE_BOVIN Cholinesterase OS=Bos taurus OX=9913 GN=BCHE PE=2 SV=2
TRINITY_DN13111_c1_g1_i3.p1	sp|P16854|EST1_CULPI	34.5	328	498	540	21	321	4	326	3.32e-34	138	sp|P16854|EST1_CULPI Esterase B1 OS=Culex pipiens OX=7175 GN=B1 PE=3 SV=1
TRINITY_DN13111_c1_g1_i3.p1	sp|O70631|EST2C_RAT	27.4	471	498	561	35	470	49	502	7.59e-34	137	sp|O70631|EST2C_RAT Acylcarnitine hydrolase OS=Rattus norvegicus OX=10116 GN=Ces2c PE=1 SV=2
TRINITY_DN13111_c1_g1_i3.p1	sp|P21927|CHLE_RABIT	28.2	500	498	581	21	478	9	495	9.06e-34	137	sp|P21927|CHLE_RABIT Cholinesterase OS=Oryctolagus cuniculus OX=9986 GN=BCHE PE=2 SV=1
TRINITY_DN13111_c1_g1_i3.p1	sp|Q8K3R0|EST2A_RAT	28.3	480	498	558	21	470	34	499	1.37e-33	137	sp|Q8K3R0|EST2A_RAT Pyrethroid hydrolase Ces2a OS=Rattus norvegicus OX=10116 GN=Ces2a PE=1 SV=1
TRINITY_DN13111_c1_g1_i3.p1	sp|Q07085|EST2_CAEEL	28.0	407	498	554	92	473	98	491	1.79e-33	136	sp|Q07085|EST2_CAEEL Esterase cest-33 OS=Caenorhabditis elegans OX=6239 GN=cest-33 PE=3 SV=3
TRINITY_DN1740_c0_g3_i1.p1	sp|P12992|ESTJ_HELVI	32.9	504	539	564	27	500	32	524	3.74e-64	222	sp|P12992|ESTJ_HELVI Juvenile hormone esterase OS=Heliothis virescens OX=7102 PE=1 SV=2
TRINITY_DN1740_c0_g3_i1.p1	sp|P35502|ESTF_MYZPE	29.9	551	539	564	3	512	5	531	1.44e-62	218	sp|P35502|ESTF_MYZPE Esterase FE4 OS=Myzus persicae OX=13164 PE=1 SV=1
TRINITY_DN1740_c0_g3_i1.p1	sp|P35501|ESTE_MYZPE	29.6	551	539	552	3	512	5	531	3.10e-61	214	sp|P35501|ESTE_MYZPE Esterase E4 OS=Myzus persicae OX=13164 PE=1 SV=1
TRINITY_DN1740_c0_g3_i1.p1	sp|Q64285|CEL_MOUSE	31.2	523	539	599	34	516	24	528	1.51e-60	213	sp|Q64285|CEL_MOUSE Bile salt-activated lipase OS=Mus musculus OX=10090 GN=Cel PE=1 SV=1
TRINITY_DN1740_c0_g3_i1.p1	sp|P16854|EST1_CULPI	32.2	543	539	540	25	531	8	534	1.76e-60	211	sp|P16854|EST1_CULPI Esterase B1 OS=Culex pipiens OX=7175 GN=B1 PE=3 SV=1
TRINITY_DN1740_c0_g3_i1.p1	sp|P30122|CEL_BOVIN	30.8	519	539	597	34	513	22	523	3.91e-60	212	sp|P30122|CEL_BOVIN Bile salt-activated lipase (Fragment) OS=Bos taurus OX=9913 GN=CEL PE=1 SV=2
TRINITY_DN1740_c0_g3_i1.p1	sp|A0A8B0RBM2|ACES_BOMIG	32.8	548	539	555	19	530	20	544	4.65e-60	211	sp|A0A8B0RBM2|ACES_BOMIG Carboxylic ester hydrolase OS=Bombus ignitus OX=130704 GN=vCaE PE=1 SV=1
TRINITY_DN1740_c0_g3_i1.p1	sp|P07882|CEL_RAT	30.8	520	539	612	34	513	24	525	9.93e-60	211	sp|P07882|CEL_RAT Bile salt-activated lipase OS=Rattus norvegicus OX=10116 GN=Cel PE=1 SV=2
TRINITY_DN1740_c0_g3_i1.p1	sp|P19835|CEL_HUMAN	30.8	516	539	753	34	513	24	525	1.25e-59	213	sp|P19835|CEL_HUMAN Bile salt-activated lipase OS=Homo sapiens OX=9606 GN=CEL PE=1 SV=3
TRINITY_DN1740_c0_g3_i1.p1	sp|D6WMZ8|ESTJ_TRICA	31.6	512	539	588	23	486	29	521	8.48e-55	197	sp|D6WMZ8|ESTJ_TRICA Juvenile hormone esterase OS=Tribolium castaneum OX=7070 GN=Tcjhe PE=1 SV=2
TRINITY_DN1740_c0_g3_i1.p1	sp|Q8NFZ4|NLGN2_HUMAN	29.5	559	539	835	40	526	64	598	2.06e-54	200	sp|Q8NFZ4|NLGN2_HUMAN Neuroligin-2 OS=Homo sapiens OX=9606 GN=NLGN2 PE=1 SV=1
TRINITY_DN1740_c0_g3_i1.p1	sp|Q69ZK9|NLGN2_MOUSE	29.5	559	539	836	40	526	64	598	7.27e-54	198	sp|Q69ZK9|NLGN2_MOUSE Neuroligin-2 OS=Mus musculus OX=10090 GN=Nlgn2 PE=1 SV=2
TRINITY_DN1740_c0_g3_i1.p1	sp|Q62888|NLGN2_RAT	29.3	559	539	836	40	526	64	598	2.55e-53	197	sp|Q62888|NLGN2_RAT Neuroligin-2 OS=Rattus norvegicus OX=10116 GN=Nlgn2 PE=1 SV=1
TRINITY_DN1740_c0_g3_i1.p1	sp|Q8BYM5|NLGN3_MOUSE	29.7	599	539	825	6	534	17	573	8.17e-53	195	sp|Q8BYM5|NLGN3_MOUSE Neuroligin-3 OS=Mus musculus OX=10090 GN=Nlgn3 PE=1 SV=2
TRINITY_DN1740_c0_g3_i1.p1	sp|P37967|PNBA_BACSU	32.8	518	539	489	25	522	6	478	1.27e-52	189	sp|P37967|PNBA_BACSU Para-nitrobenzyl esterase OS=Bacillus subtilis (strain 168) OX=224308 GN=pnbA PE=1 SV=2
TRINITY_DN1740_c0_g3_i1.p1	sp|Q8N0W4|NLGNX_HUMAN	30.2	490	539	816	40	488	68	538	3.64e-52	193	sp|Q8N0W4|NLGNX_HUMAN Neuroligin-4, X-linked OS=Homo sapiens OX=9606 GN=NLGN4X PE=1 SV=1
TRINITY_DN1740_c0_g3_i1.p1	sp|Q8NFZ3|NLGNY_HUMAN	30.2	490	539	816	40	488	68	538	1.27e-51	192	sp|Q8NFZ3|NLGNY_HUMAN Neuroligin-4, Y-linked OS=Homo sapiens OX=9606 GN=NLGN4Y PE=1 SV=1
TRINITY_DN1740_c0_g3_i1.p1	sp|Q9NZ94|NLGN3_HUMAN	28.8	619	539	848	6	534	20	596	2.99e-51	191	sp|Q9NZ94|NLGN3_HUMAN Neuroligin-3 OS=Homo sapiens OX=9606 GN=NLGN3 PE=1 SV=2
TRINITY_DN1740_c0_g3_i1.p1	sp|Q99K10|NLGN1_MOUSE	28.7	602	539	843	18	527	48	626	5.38e-51	190	sp|Q99K10|NLGN1_MOUSE Neuroligin-1 OS=Mus musculus OX=10090 GN=Nlgn1 PE=1 SV=2
TRINITY_DN1740_c0_g3_i1.p1	sp|Q62889|NLGN3_RAT	29.0	599	539	848	21	534	40	596	5.56e-51	190	sp|Q62889|NLGN3_RAT Neuroligin-3 OS=Rattus norvegicus OX=10116 GN=Nlgn3 PE=1 SV=1
TRINITY_DN1740_c0_g3_i1.p1	sp|Q8R0W5|EST4A_MOUSE	30.1	549	539	563	14	530	25	557	6.91e-51	186	sp|Q8R0W5|EST4A_MOUSE Carboxylesterase 4A OS=Mus musculus OX=10090 GN=Ces4a PE=2 SV=2
TRINITY_DN1740_c0_g3_i1.p1	sp|Q62765|NLGN1_RAT	28.7	602	539	843	18	527	48	626	7.33e-51	190	sp|Q62765|NLGN1_RAT Neuroligin-1 OS=Rattus norvegicus OX=10116 GN=Nlgn1 PE=1 SV=1
TRINITY_DN1740_c0_g3_i1.p1	sp|Q5XG92|EST4A_HUMAN	29.1	561	539	561	7	535	11	554	2.44e-50	184	sp|Q5XG92|EST4A_HUMAN Carboxylesterase 4A OS=Homo sapiens OX=9606 GN=CES4A PE=1 SV=2
TRINITY_DN1740_c0_g3_i1.p1	sp|P32749|CHLE_BOVIN	30.6	565	539	602	6	512	11	534	2.47e-50	185	sp|P32749|CHLE_BOVIN Cholinesterase OS=Bos taurus OX=9913 GN=BCHE PE=2 SV=2
TRINITY_DN1740_c0_g3_i1.p1	sp|B2D0J5|EST6_APIME	29.2	562	539	557	7	530	9	549	5.82e-49	181	sp|B2D0J5|EST6_APIME Venom carboxylesterase-6 OS=Apis mellifera OX=7460 PE=2 SV=1
TRINITY_DN1740_c0_g3_i3.p1	sp|P12992|ESTJ_HELVI	34.3	402	427	564	1	388	134	524	1.03e-56	199	sp|P12992|ESTJ_HELVI Juvenile hormone esterase OS=Heliothis virescens OX=7102 PE=1 SV=2
TRINITY_DN1740_c0_g3_i3.p1	sp|P30122|CEL_BOVIN	31.0	420	427	597	1	401	119	523	1.80e-49	180	sp|P30122|CEL_BOVIN Bile salt-activated lipase (Fragment) OS=Bos taurus OX=9913 GN=CEL PE=1 SV=2
TRINITY_DN1740_c0_g3_i3.p1	sp|Q64285|CEL_MOUSE	31.4	423	427	599	1	404	121	528	1.85e-49	180	sp|Q64285|CEL_MOUSE Bile salt-activated lipase OS=Mus musculus OX=10090 GN=Cel PE=1 SV=1
TRINITY_DN1740_c0_g3_i3.p1	sp|P35502|ESTF_MYZPE	29.7	427	427	564	1	400	129	531	2.87e-48	176	sp|P35502|ESTF_MYZPE Esterase FE4 OS=Myzus persicae OX=13164 PE=1 SV=1
TRINITY_DN1740_c0_g3_i3.p1	sp|P07882|CEL_RAT	30.7	420	427	612	1	401	121	525	5.73e-48	176	sp|P07882|CEL_RAT Bile salt-activated lipase OS=Rattus norvegicus OX=10116 GN=Cel PE=1 SV=2
TRINITY_DN1740_c0_g3_i3.p1	sp|P19835|CEL_HUMAN	30.9	417	427	753	1	401	121	525	7.05e-48	177	sp|P19835|CEL_HUMAN Bile salt-activated lipase OS=Homo sapiens OX=9606 GN=CEL PE=1 SV=3
TRINITY_DN1740_c0_g3_i3.p1	sp|P35501|ESTE_MYZPE	29.3	427	427	552	1	400	129	531	6.24e-47	172	sp|P35501|ESTE_MYZPE Esterase E4 OS=Myzus persicae OX=13164 PE=1 SV=1
TRINITY_DN1740_c0_g3_i3.p1	sp|Q8NFZ4|NLGN2_HUMAN	30.1	442	427	835	1	414	180	598	1.44e-46	174	sp|Q8NFZ4|NLGN2_HUMAN Neuroligin-2 OS=Homo sapiens OX=9606 GN=NLGN2 PE=1 SV=1
TRINITY_DN1740_c0_g3_i3.p1	sp|Q69ZK9|NLGN2_MOUSE	30.1	442	427	836	1	414	180	598	5.02e-46	173	sp|Q69ZK9|NLGN2_MOUSE Neuroligin-2 OS=Mus musculus OX=10090 GN=Nlgn2 PE=1 SV=2
TRINITY_DN1740_c0_g3_i3.p1	sp|P16854|EST1_CULPI	31.0	448	427	540	1	419	103	534	9.77e-46	169	sp|P16854|EST1_CULPI Esterase B1 OS=Culex pipiens OX=7175 GN=B1 PE=3 SV=1
TRINITY_DN1740_c0_g3_i3.p1	sp|Q62888|NLGN2_RAT	29.9	442	427	836	1	414	180	598	1.73e-45	171	sp|Q62888|NLGN2_RAT Neuroligin-2 OS=Rattus norvegicus OX=10116 GN=Nlgn2 PE=1 SV=1
TRINITY_DN1740_c0_g3_i3.p1	sp|A0A8B0RBM2|ACES_BOMIG	32.2	441	427	555	1	418	127	544	4.50e-45	167	sp|A0A8B0RBM2|ACES_BOMIG Carboxylic ester hydrolase OS=Bombus ignitus OX=130704 GN=vCaE PE=1 SV=1
TRINITY_DN1740_c0_g3_i3.p1	sp|Q99K10|NLGN1_MOUSE	30.2	454	427	843	1	415	196	626	1.15e-42	163	sp|Q99K10|NLGN1_MOUSE Neuroligin-1 OS=Mus musculus OX=10090 GN=Nlgn1 PE=1 SV=2
TRINITY_DN1740_c0_g3_i3.p1	sp|Q62765|NLGN1_RAT	30.2	454	427	843	1	415	196	626	1.15e-42	163	sp|Q62765|NLGN1_RAT Neuroligin-1 OS=Rattus norvegicus OX=10116 GN=Nlgn1 PE=1 SV=1
TRINITY_DN1740_c0_g3_i3.p1	sp|Q8N2Q7|NLGN1_HUMAN	30.2	454	427	863	1	415	216	646	1.22e-42	163	sp|Q8N2Q7|NLGN1_HUMAN Neuroligin-1 OS=Homo sapiens OX=9606 GN=NLGN1 PE=1 SV=3
TRINITY_DN1740_c0_g3_i3.p1	sp|Q8BYM5|NLGN3_MOUSE	30.0	436	427	825	1	422	180	573	2.73e-42	162	sp|Q8BYM5|NLGN3_MOUSE Neuroligin-3 OS=Mus musculus OX=10090 GN=Nlgn3 PE=1 SV=2
TRINITY_DN1740_c0_g3_i3.p1	sp|Q9NZ94|NLGN3_HUMAN	30.0	436	427	848	1	422	203	596	2.93e-42	162	sp|Q9NZ94|NLGN3_HUMAN Neuroligin-3 OS=Homo sapiens OX=9606 GN=NLGN3 PE=1 SV=2
TRINITY_DN1740_c0_g3_i3.p1	sp|Q62889|NLGN3_RAT	30.0	436	427	848	1	422	203	596	2.93e-42	162	sp|Q62889|NLGN3_RAT Neuroligin-3 OS=Rattus norvegicus OX=10116 GN=Nlgn3 PE=1 SV=1
TRINITY_DN1740_c0_g3_i3.p1	sp|Q8NFZ3|NLGNY_HUMAN	30.6	389	427	816	1	376	169	538	3.59e-42	162	sp|Q8NFZ3|NLGNY_HUMAN Neuroligin-4, Y-linked OS=Homo sapiens OX=9606 GN=NLGN4Y PE=1 SV=1
TRINITY_DN1740_c0_g3_i3.p1	sp|Q8N0W4|NLGNX_HUMAN	30.6	389	427	816	1	376	169	538	4.88e-42	161	sp|Q8N0W4|NLGNX_HUMAN Neuroligin-4, X-linked OS=Homo sapiens OX=9606 GN=NLGN4X PE=1 SV=1
TRINITY_DN1740_c0_g3_i3.p1	sp|D6WMZ8|ESTJ_TRICA	31.5	413	427	588	1	374	128	521	2.19e-41	157	sp|D6WMZ8|ESTJ_TRICA Juvenile hormone esterase OS=Tribolium castaneum OX=7070 GN=Tcjhe PE=1 SV=2
TRINITY_DN1740_c0_g3_i3.p1	sp|P32749|CHLE_BOVIN	31.5	438	427	602	1	400	138	534	8.44e-40	153	sp|P32749|CHLE_BOVIN Cholinesterase OS=Bos taurus OX=9913 GN=BCHE PE=2 SV=2
TRINITY_DN1740_c0_g3_i3.p1	sp|Q5XG92|EST4A_HUMAN	29.4	436	427	561	1	423	136	554	9.48e-39	150	sp|Q5XG92|EST4A_HUMAN Carboxylesterase 4A OS=Homo sapiens OX=9606 GN=CES4A PE=1 SV=2
TRINITY_DN1740_c0_g3_i3.p1	sp|Q8VCT4|EST1D_MOUSE	31.0	387	427	565	1	374	136	507	1.36e-38	149	sp|Q8VCT4|EST1D_MOUSE Carboxylesterase 1D OS=Mus musculus OX=10090 GN=Ces1d PE=1 SV=1
TRINITY_DN1740_c0_g3_i3.p1	sp|B0F2B4|NLGN4_MOUSE	54.5	145	427	945	1	144	178	320	1.68e-38	151	sp|B0F2B4|NLGN4_MOUSE Neuroligin 4-like OS=Mus musculus OX=10090 GN=Nlgn4l PE=1 SV=1
TRINITY_DN22_c1_g1_i1.p2	sp|P80608|CYSK_MAIZE	43.2	287	333	325	17	300	8	283	1.39e-63	207	sp|P80608|CYSK_MAIZE Cysteine synthase OS=Zea mays OX=4577 PE=1 SV=2
TRINITY_DN22_c1_g1_i1.p2	sp|Q9XEA6|CYSK1_ORYSJ	42.9	289	333	321	17	302	5	282	3.49e-63	206	sp|Q9XEA6|CYSK1_ORYSJ Cysteine synthase OS=Oryza sativa subsp. japonica OX=39947 GN=RCS1 PE=2 SV=2
TRINITY_DN22_c1_g1_i1.p2	sp|P38076|CYSK_WHEAT	42.2	289	333	325	17	302	9	286	5.51e-63	206	sp|P38076|CYSK_WHEAT Cysteine synthase OS=Triticum aestivum OX=4565 GN=CYS1 PE=2 SV=1
TRINITY_DN22_c1_g1_i1.p2	sp|O23733|CYSK1_BRAJU	41.4	290	333	322	15	300	3	280	1.12e-61	202	sp|O23733|CYSK1_BRAJU Cysteine synthase OS=Brassica juncea OX=3707 PE=2 SV=1
TRINITY_DN22_c1_g1_i1.p2	sp|P47998|CYSK1_ARATH	41.1	292	333	322	15	302	3	282	2.23e-61	201	sp|P47998|CYSK1_ARATH Cysteine synthase 1 OS=Arabidopsis thaliana OX=3702 GN=OASA1 PE=1 SV=2
TRINITY_DN22_c1_g1_i1.p2	sp|Q00834|CYSK_SPIOL	39.6	316	333	325	13	323	4	305	4.83e-61	201	sp|Q00834|CYSK_SPIOL Cysteine synthase OS=Spinacia oleracea OX=3562 PE=1 SV=1
TRINITY_DN22_c1_g1_i1.p2	sp|Q43317|CYSK_CITLA	39.0	315	333	325	14	323	5	305	9.60e-61	200	sp|Q43317|CYSK_CITLA Cysteine synthase OS=Citrullus lanatus OX=3654 PE=1 SV=1
TRINITY_DN22_c1_g1_i1.p2	sp|Q9XEA8|CYSK2_ORYSJ	39.5	311	333	325	17	323	8	305	1.35e-60	199	sp|Q9XEA8|CYSK2_ORYSJ Cysteine synthase OS=Oryza sativa subsp. japonica OX=39947 GN=RCS3 PE=2 SV=1
TRINITY_DN22_c1_g1_i1.p2	sp|O23735|CYSK2_BRAJU	41.1	282	333	324	23	300	13	282	5.21e-60	198	sp|O23735|CYSK2_BRAJU Cysteine synthase OS=Brassica juncea OX=3707 PE=2 SV=1
TRINITY_DN22_c1_g1_i1.p2	sp|Q43153|CYSC_SPIOL	39.4	317	333	368	12	323	44	346	3.41e-59	197	sp|Q43153|CYSC_SPIOL Bifunctional L-3-cyanoalanine synthase/cysteine synthase, mitochondrial OS=Spinacia oleracea OX=3562 GN=CYSC PE=1 SV=1
TRINITY_DN22_c1_g1_i1.p2	sp|Q76MX2|CAS1_SOLTU	38.6	311	333	351	17	323	32	329	6.07e-59	196	sp|Q76MX2|CAS1_SOLTU Bifunctional L-3-cyanoalanine synthase/cysteine synthase 1, mitochondrial OS=Solanum tuberosum OX=4113 GN=PCAS-1 PE=1 SV=1
TRINITY_DN22_c1_g1_i1.p2	sp|Q7DDL5|CYSK_NEIMB	37.7	316	333	310	16	327	2	304	7.75e-59	194	sp|Q7DDL5|CYSK_NEIMB Cysteine synthase OS=Neisseria meningitidis serogroup B (strain ATCC BAA-335 / MC58) OX=122586 GN=cysK PE=1 SV=1
TRINITY_DN22_c1_g1_i1.p2	sp|Q9S6Z7|CYSD1_ARATH	40.1	312	333	324	17	323	8	305	3.21e-58	193	sp|Q9S6Z7|CYSD1_ARATH Bifunctional L-3-cyanoalanine synthase/cysteine synthase D1 OS=Arabidopsis thaliana OX=3702 GN=CYSD1 PE=1 SV=1
TRINITY_DN22_c1_g1_i1.p2	sp|P0A1E4|CYSK_SALTI	38.8	320	333	323	12	323	5	306	4.40e-58	193	sp|P0A1E4|CYSK_SALTI Cysteine synthase A OS=Salmonella typhi OX=90370 GN=cysK PE=3 SV=2
TRINITY_DN22_c1_g1_i1.p2	sp|P0A1E3|CYSK_SALTY	38.8	320	333	323	12	323	5	306	4.40e-58	193	sp|P0A1E3|CYSK_SALTY Cysteine synthase A OS=Salmonella typhimurium (strain LT2 / SGSC1412 / ATCC 700720) OX=99287 GN=cysK PE=1 SV=2
TRINITY_DN22_c1_g1_i1.p2	sp|O81154|CYSK_SOLTU	37.7	316	333	325	13	323	4	305	4.65e-58	193	sp|O81154|CYSK_SOLTU Cysteine synthase OS=Solanum tuberosum OX=4113 PE=2 SV=1
TRINITY_DN22_c1_g1_i1.p2	sp|P0ABK6|CYSK_ECO57	39.4	307	333	323	25	323	12	306	6.20e-58	192	sp|P0ABK6|CYSK_ECO57 Cysteine synthase A OS=Escherichia coli O157:H7 OX=83334 GN=cysK PE=3 SV=2
TRINITY_DN22_c1_g1_i1.p2	sp|P0ABK5|CYSK_ECOLI	39.4	307	333	323	25	323	12	306	6.20e-58	192	sp|P0ABK5|CYSK_ECOLI Cysteine synthase A OS=Escherichia coli (strain K12) OX=83333 GN=cysK PE=1 SV=2
TRINITY_DN22_c1_g1_i1.p2	sp|Q1KLZ2|CAS1_MALDO	38.7	313	333	376	16	323	54	352	6.47e-58	194	sp|Q1KLZ2|CAS1_MALDO L-3-cyanoalanine synthase 1, mitochondrial OS=Malus domestica OX=3750 GN=CAS1 PE=1 SV=1
TRINITY_DN22_c1_g1_i1.p2	sp|P32260|CYSKP_SPIOL	39.4	310	333	383	4	310	54	349	4.27e-57	192	sp|P32260|CYSKP_SPIOL Cysteine synthase, chloroplastic/chromoplastic OS=Spinacia oleracea OX=3562 GN=CYSK PE=1 SV=2
TRINITY_DN22_c1_g1_i1.p2	sp|Q1KLZ1|CAS2_MALDO	38.3	313	333	375	16	323	55	353	9.70e-57	191	sp|Q1KLZ1|CAS2_MALDO L-3-cyanoalanine synthase 2, mitochondrial OS=Malus domestica OX=3750 GN=CAS2 PE=1 SV=1
TRINITY_DN22_c1_g1_i1.p2	sp|O81155|CYSKP_SOLTU	39.0	310	333	386	4	310	56	351	7.65e-55	186	sp|O81155|CYSKP_SOLTU Cysteine synthase, chloroplastic/chromoplastic OS=Solanum tuberosum OX=4113 PE=2 SV=1
TRINITY_DN22_c1_g1_i1.p2	sp|Q9FS29|CAS2_SOLTU	37.8	312	333	347	17	323	28	325	7.92e-55	185	sp|Q9FS29|CAS2_SOLTU Bifunctional L-3-cyanoalanine synthase/cysteine synthase 2, mitochondrial OS=Solanum tuberosum OX=4113 GN=PCAS-2 PE=1 SV=1
TRINITY_DN22_c1_g1_i1.p2	sp|F4K5T2|CGL_ARATH	39.4	312	333	323	17	323	7	304	8.31e-55	184	sp|F4K5T2|CGL_ARATH Bifunctional cystathionine gamma-lyase/cysteine synthase OS=Arabidopsis thaliana OX=3702 GN=DES1 PE=1 SV=1
TRINITY_DN22_c1_g1_i1.p2	sp|Q9SXS7|CYSD2_ARATH	38.6	311	333	323	17	323	7	304	2.32e-54	183	sp|Q9SXS7|CYSD2_ARATH Bifunctional L-3-cyanoalanine synthase/cysteine synthase D2 OS=Arabidopsis thaliana OX=3702 GN=CYSD2 PE=1 SV=1
TRINITY_DN22_c1_g1_i1.p1	sp|D6WMZ8|ESTJ_TRICA	34.2	412	435	588	2	385	123	524	3.79e-56	198	sp|D6WMZ8|ESTJ_TRICA Juvenile hormone esterase OS=Tribolium castaneum OX=7070 GN=Tcjhe PE=1 SV=2
TRINITY_DN22_c1_g1_i1.p1	sp|P12992|ESTJ_HELVI	29.7	445	435	564	3	426	130	552	1.84e-53	190	sp|P12992|ESTJ_HELVI Juvenile hormone esterase OS=Heliothis virescens OX=7102 PE=1 SV=2
TRINITY_DN22_c1_g1_i1.p1	sp|P06276|CHLE_HUMAN	35.3	417	435	602	6	408	137	532	2.48e-52	188	sp|P06276|CHLE_HUMAN Cholinesterase OS=Homo sapiens OX=9606 GN=BCHE PE=1 SV=1
TRINITY_DN22_c1_g1_i1.p1	sp|P81908|CHLE_HORSE	33.5	415	435	574	6	408	109	504	4.21e-51	184	sp|P81908|CHLE_HORSE Cholinesterase OS=Equus caballus OX=9796 GN=BCHE PE=1 SV=1
TRINITY_DN22_c1_g1_i1.p1	sp|P21927|CHLE_RABIT	34.5	417	435	581	6	408	116	511	1.75e-50	182	sp|P21927|CHLE_RABIT Cholinesterase OS=Oryctolagus cuniculus OX=9986 GN=BCHE PE=2 SV=1
TRINITY_DN22_c1_g1_i1.p1	sp|P32749|CHLE_BOVIN	34.0	415	435	602	6	408	137	532	3.33e-50	182	sp|P32749|CHLE_BOVIN Cholinesterase OS=Bos taurus OX=9913 GN=BCHE PE=2 SV=2
TRINITY_DN22_c1_g1_i1.p1	sp|A0A8B0RBM2|ACES_BOMIG	32.6	402	435	555	2	382	122	499	4.23e-49	178	sp|A0A8B0RBM2|ACES_BOMIG Carboxylic ester hydrolase OS=Bombus ignitus OX=130704 GN=vCaE PE=1 SV=1
TRINITY_DN22_c1_g1_i1.p1	sp|Q869C3|ACES_ANOGA	31.2	429	435	737	6	407	272	667	1.12e-48	180	sp|Q869C3|ACES_ANOGA Acetylcholinesterase OS=Anopheles gambiae OX=7165 GN=Ace PE=1 SV=3
TRINITY_DN22_c1_g1_i1.p1	sp|O62760|CHLE_FELCA	33.3	415	435	602	6	408	137	532	1.20e-48	178	sp|O62760|CHLE_FELCA Cholinesterase OS=Felis catus OX=9685 GN=BCHE PE=2 SV=1
TRINITY_DN22_c1_g1_i1.p1	sp|O62761|CHLE_PANTT	33.3	415	435	602	6	408	137	532	1.65e-48	177	sp|O62761|CHLE_PANTT Cholinesterase OS=Panthera tigris tigris OX=74535 GN=BCHE PE=2 SV=1
TRINITY_DN22_c1_g1_i1.p1	sp|P38433|ACE1_CAEEL	30.9	427	435	620	4	405	126	535	1.47e-47	175	sp|P38433|ACE1_CAEEL Acetylcholinesterase 1 OS=Caenorhabditis elegans OX=6239 GN=ace-1 PE=1 SV=1
TRINITY_DN22_c1_g1_i1.p1	sp|Q86GC8|ACES_CULPI	30.7	430	435	702	6	407	239	634	3.68e-47	175	sp|Q86GC8|ACES_CULPI Acetylcholinesterase OS=Culex pipiens OX=7175 GN=ACHE1 PE=2 SV=2
TRINITY_DN22_c1_g1_i1.p1	sp|P35501|ESTE_MYZPE	33.3	420	435	552	2	392	124	515	5.43e-47	172	sp|P35501|ESTE_MYZPE Esterase E4 OS=Myzus persicae OX=13164 PE=1 SV=1
TRINITY_DN22_c1_g1_i1.p1	sp|P35502|ESTF_MYZPE	33.5	415	435	564	2	392	124	515	6.53e-47	172	sp|P35502|ESTF_MYZPE Esterase FE4 OS=Myzus persicae OX=13164 PE=1 SV=1
TRINITY_DN22_c1_g1_i1.p1	sp|P22303|ACES_HUMAN	31.6	418	435	614	5	408	144	545	6.85e-47	173	sp|P22303|ACES_HUMAN Acetylcholinesterase OS=Homo sapiens OX=9606 GN=ACHE PE=1 SV=1
TRINITY_DN22_c1_g1_i1.p1	sp|Q03311|CHLE_MOUSE	32.1	418	435	603	6	408	138	533	1.13e-46	172	sp|Q03311|CHLE_MOUSE Cholinesterase OS=Mus musculus OX=10090 GN=Bche PE=1 SV=2
TRINITY_DN22_c1_g1_i1.p1	sp|Q29499|ACES_RABIT	31.6	418	435	584	5	408	114	515	8.43e-46	170	sp|Q29499|ACES_RABIT Acetylcholinesterase (Fragment) OS=Oryctolagus cuniculus OX=9986 GN=ACHE PE=2 SV=1
TRINITY_DN22_c1_g1_i1.p1	sp|Q8K3R0|EST2A_RAT	34.5	420	435	558	4	403	139	516	4.08e-45	167	sp|Q8K3R0|EST2A_RAT Pyrethroid hydrolase Ces2a OS=Rattus norvegicus OX=10116 GN=Ces2a PE=1 SV=1
TRINITY_DN22_c1_g1_i1.p1	sp|O62763|ACES_FELCA	31.1	418	435	611	5	408	141	542	5.99e-45	168	sp|O62763|ACES_FELCA Acetylcholinesterase OS=Felis catus OX=9685 GN=ACHE PE=3 SV=1
TRINITY_DN22_c1_g1_i1.p1	sp|G3V7J5|EST2E_RAT	32.7	437	435	567	4	429	149	550	6.42e-45	167	sp|G3V7J5|EST2E_RAT Pyrethroid hydrolase Ces2e OS=Rattus norvegicus OX=10116 GN=Ces2e PE=1 SV=2
TRINITY_DN22_c1_g1_i1.p1	sp|Q27459|ACE1_CAEBR	29.2	442	435	620	4	420	126	546	6.67e-45	168	sp|Q27459|ACE1_CAEBR Acetylcholinesterase 1 OS=Caenorhabditis briggsae OX=6238 GN=ace-1 PE=3 SV=1
TRINITY_DN22_c1_g1_i1.p1	sp|Q64573|EST1F_RAT	29.9	445	435	561	4	431	133	551	8.15e-45	167	sp|Q64573|EST1F_RAT Liver carboxylesterase 1F OS=Rattus norvegicus OX=10116 GN=Ces1f PE=1 SV=2
TRINITY_DN22_c1_g1_i1.p1	sp|Q95000|CHLE1_BRALA	35.8	332	435	357	6	321	24	341	1.28e-44	162	sp|Q95000|CHLE1_BRALA Cholinesterase 1 (Fragment) OS=Branchiostoma lanceolatum OX=7740 GN=CHE1 PE=3 SV=1
TRINITY_DN22_c1_g1_i1.p1	sp|Q8NFZ4|NLGN2_HUMAN	27.9	459	435	835	5	433	178	609	1.33e-44	169	sp|Q8NFZ4|NLGN2_HUMAN Neuroligin-2 OS=Homo sapiens OX=9606 GN=NLGN2 PE=1 SV=1
TRINITY_DN22_c1_g1_i1.p1	sp|Q92035|ACES_BUNFA	32.9	419	435	606	5	408	141	537	2.04e-44	166	sp|Q92035|ACES_BUNFA Acetylcholinesterase OS=Bungarus fasciatus OX=8613 GN=ACHE PE=1 SV=2
TRINITY_DN22_c1_g1_i12.p1	sp|D6WMZ8|ESTJ_TRICA	34.2	474	494	588	1	444	67	524	6.98e-67	228	sp|D6WMZ8|ESTJ_TRICA Juvenile hormone esterase OS=Tribolium castaneum OX=7070 GN=Tcjhe PE=1 SV=2
TRINITY_DN22_c1_g1_i12.p1	sp|P12992|ESTJ_HELVI	29.5	512	494	564	1	485	65	552	7.25e-60	209	sp|P12992|ESTJ_HELVI Juvenile hormone esterase OS=Heliothis virescens OX=7102 PE=1 SV=2
TRINITY_DN22_c1_g1_i12.p1	sp|P35501|ESTE_MYZPE	33.5	478	494	552	3	451	67	515	1.55e-59	208	sp|P35501|ESTE_MYZPE Esterase E4 OS=Myzus persicae OX=13164 PE=1 SV=1
TRINITY_DN22_c1_g1_i12.p1	sp|P35502|ESTF_MYZPE	33.6	473	494	564	3	451	67	515	1.96e-59	208	sp|P35502|ESTF_MYZPE Esterase FE4 OS=Myzus persicae OX=13164 PE=1 SV=1
TRINITY_DN22_c1_g1_i12.p1	sp|A0A8B0RBM2|ACES_BOMIG	32.5	467	494	555	1	441	62	499	4.51e-58	204	sp|A0A8B0RBM2|ACES_BOMIG Carboxylic ester hydrolase OS=Bombus ignitus OX=130704 GN=vCaE PE=1 SV=1
TRINITY_DN22_c1_g1_i12.p1	sp|P06276|CHLE_HUMAN	33.7	492	494	602	1	467	69	532	2.08e-57	203	sp|P06276|CHLE_HUMAN Cholinesterase OS=Homo sapiens OX=9606 GN=BCHE PE=1 SV=1
TRINITY_DN22_c1_g1_i12.p1	sp|P81908|CHLE_HORSE	32.2	490	494	574	1	467	41	504	1.26e-56	201	sp|P81908|CHLE_HORSE Cholinesterase OS=Equus caballus OX=9796 GN=BCHE PE=1 SV=1
TRINITY_DN22_c1_g1_i12.p1	sp|P21927|CHLE_RABIT	33.8	494	494	581	1	467	48	511	2.77e-56	200	sp|P21927|CHLE_RABIT Cholinesterase OS=Oryctolagus cuniculus OX=9986 GN=BCHE PE=2 SV=1
TRINITY_DN22_c1_g1_i12.p1	sp|P32749|CHLE_BOVIN	33.3	492	494	602	1	467	69	532	7.70e-56	199	sp|P32749|CHLE_BOVIN Cholinesterase OS=Bos taurus OX=9913 GN=BCHE PE=2 SV=2
TRINITY_DN22_c1_g1_i12.p1	sp|Q8K3R0|EST2A_RAT	34.5	493	494	558	1	462	71	516	9.43e-56	198	sp|Q8K3R0|EST2A_RAT Pyrethroid hydrolase Ces2a OS=Rattus norvegicus OX=10116 GN=Ces2a PE=1 SV=1
TRINITY_DN22_c1_g1_i12.p1	sp|Q869C3|ACES_ANOGA	30.4	504	494	737	1	466	204	667	3.64e-54	197	sp|Q869C3|ACES_ANOGA Acetylcholinesterase OS=Anopheles gambiae OX=7165 GN=Ace PE=1 SV=3
TRINITY_DN22_c1_g1_i12.p1	sp|Q64419|EST1_MESAU	32.1	517	494	561	1	488	71	544	3.72e-54	194	sp|Q64419|EST1_MESAU Liver carboxylesterase OS=Mesocricetus auratus OX=10036 PE=2 SV=1
TRINITY_DN22_c1_g1_i12.p1	sp|P22303|ACES_HUMAN	30.8	490	494	614	3	467	78	545	4.75e-54	194	sp|P22303|ACES_HUMAN Acetylcholinesterase OS=Homo sapiens OX=9606 GN=ACHE PE=1 SV=1
TRINITY_DN22_c1_g1_i12.p1	sp|O62760|CHLE_FELCA	32.7	492	494	602	1	467	69	532	5.42e-54	194	sp|O62760|CHLE_FELCA Cholinesterase OS=Felis catus OX=9685 GN=BCHE PE=2 SV=1
TRINITY_DN22_c1_g1_i12.p1	sp|B2D0J5|EST6_APIME	30.0	503	494	557	3	479	66	543	9.27e-54	192	sp|B2D0J5|EST6_APIME Venom carboxylesterase-6 OS=Apis mellifera OX=7460 PE=2 SV=1
TRINITY_DN22_c1_g1_i12.p1	sp|Q8QZR3|EST2A_MOUSE	32.2	518	494	558	1	488	71	541	1.82e-53	192	sp|Q8QZR3|EST2A_MOUSE Pyrethroid hydrolase Ces2a OS=Mus musculus OX=10090 GN=Ces2a PE=1 SV=1
TRINITY_DN22_c1_g1_i12.p1	sp|Q86GC8|ACES_CULPI	30.1	505	494	702	1	466	171	634	4.32e-53	193	sp|Q86GC8|ACES_CULPI Acetylcholinesterase OS=Culex pipiens OX=7175 GN=ACHE1 PE=2 SV=2
TRINITY_DN22_c1_g1_i12.p1	sp|O62761|CHLE_PANTT	32.3	492	494	602	1	467	69	532	5.32e-53	191	sp|O62761|CHLE_PANTT Cholinesterase OS=Panthera tigris tigris OX=74535 GN=BCHE PE=2 SV=1
TRINITY_DN22_c1_g1_i12.p1	sp|Q29499|ACES_RABIT	30.8	490	494	584	3	467	48	515	5.50e-53	191	sp|Q29499|ACES_RABIT Acetylcholinesterase (Fragment) OS=Oryctolagus cuniculus OX=9986 GN=ACHE PE=2 SV=1
TRINITY_DN22_c1_g1_i12.p1	sp|P38433|ACE1_CAEEL	30.3	501	494	620	1	464	58	535	7.05e-53	191	sp|P38433|ACE1_CAEEL Acetylcholinesterase 1 OS=Caenorhabditis elegans OX=6239 GN=ace-1 PE=1 SV=1
TRINITY_DN22_c1_g1_i12.p1	sp|Q03311|CHLE_MOUSE	31.4	493	494	603	1	467	70	533	1.44e-52	190	sp|Q03311|CHLE_MOUSE Cholinesterase OS=Mus musculus OX=10090 GN=Bche PE=1 SV=2
TRINITY_DN22_c1_g1_i12.p1	sp|O62763|ACES_FELCA	30.6	490	494	611	3	467	75	542	2.25e-52	190	sp|O62763|ACES_FELCA Acetylcholinesterase OS=Felis catus OX=9685 GN=ACHE PE=3 SV=1
TRINITY_DN22_c1_g1_i12.p1	sp|G3V7J5|EST2E_RAT	32.4	510	494	567	1	488	81	550	5.64e-52	188	sp|G3V7J5|EST2E_RAT Pyrethroid hydrolase Ces2e OS=Rattus norvegicus OX=10116 GN=Ces2e PE=1 SV=2
TRINITY_DN22_c1_g1_i12.p1	sp|P07882|CEL_RAT	31.2	493	494	612	2	470	61	525	2.22e-51	187	sp|P07882|CEL_RAT Bile salt-activated lipase OS=Rattus norvegicus OX=10116 GN=Cel PE=1 SV=2
TRINITY_DN22_c1_g1_i12.p1	sp|P21836|ACES_MOUSE	29.2	511	494	614	3	469	78	547	8.37e-51	186	sp|P21836|ACES_MOUSE Acetylcholinesterase OS=Mus musculus OX=10090 GN=Ache PE=1 SV=1
TRINITY_DN22_c1_g1_i12.p2	sp|P80608|CYSK_MAIZE	43.2	287	333	325	17	300	8	283	1.39e-63	207	sp|P80608|CYSK_MAIZE Cysteine synthase OS=Zea mays OX=4577 PE=1 SV=2
TRINITY_DN22_c1_g1_i12.p2	sp|Q9XEA6|CYSK1_ORYSJ	42.9	289	333	321	17	302	5	282	3.49e-63	206	sp|Q9XEA6|CYSK1_ORYSJ Cysteine synthase OS=Oryza sativa subsp. japonica OX=39947 GN=RCS1 PE=2 SV=2
TRINITY_DN22_c1_g1_i12.p2	sp|P38076|CYSK_WHEAT	42.2	289	333	325	17	302	9	286	5.51e-63	206	sp|P38076|CYSK_WHEAT Cysteine synthase OS=Triticum aestivum OX=4565 GN=CYS1 PE=2 SV=1
TRINITY_DN22_c1_g1_i12.p2	sp|O23733|CYSK1_BRAJU	41.4	290	333	322	15	300	3	280	1.12e-61	202	sp|O23733|CYSK1_BRAJU Cysteine synthase OS=Brassica juncea OX=3707 PE=2 SV=1
TRINITY_DN22_c1_g1_i12.p2	sp|P47998|CYSK1_ARATH	41.1	292	333	322	15	302	3	282	2.23e-61	201	sp|P47998|CYSK1_ARATH Cysteine synthase 1 OS=Arabidopsis thaliana OX=3702 GN=OASA1 PE=1 SV=2
TRINITY_DN22_c1_g1_i12.p2	sp|Q00834|CYSK_SPIOL	39.6	316	333	325	13	323	4	305	4.83e-61	201	sp|Q00834|CYSK_SPIOL Cysteine synthase OS=Spinacia oleracea OX=3562 PE=1 SV=1
TRINITY_DN22_c1_g1_i12.p2	sp|Q43317|CYSK_CITLA	39.0	315	333	325	14	323	5	305	9.60e-61	200	sp|Q43317|CYSK_CITLA Cysteine synthase OS=Citrullus lanatus OX=3654 PE=1 SV=1
TRINITY_DN22_c1_g1_i12.p2	sp|Q9XEA8|CYSK2_ORYSJ	39.5	311	333	325	17	323	8	305	1.35e-60	199	sp|Q9XEA8|CYSK2_ORYSJ Cysteine synthase OS=Oryza sativa subsp. japonica OX=39947 GN=RCS3 PE=2 SV=1
TRINITY_DN22_c1_g1_i12.p2	sp|O23735|CYSK2_BRAJU	41.1	282	333	324	23	300	13	282	5.21e-60	198	sp|O23735|CYSK2_BRAJU Cysteine synthase OS=Brassica juncea OX=3707 PE=2 SV=1
TRINITY_DN22_c1_g1_i12.p2	sp|Q43153|CYSC_SPIOL	39.4	317	333	368	12	323	44	346	3.41e-59	197	sp|Q43153|CYSC_SPIOL Bifunctional L-3-cyanoalanine synthase/cysteine synthase, mitochondrial OS=Spinacia oleracea OX=3562 GN=CYSC PE=1 SV=1
TRINITY_DN22_c1_g1_i12.p2	sp|Q76MX2|CAS1_SOLTU	38.6	311	333	351	17	323	32	329	6.07e-59	196	sp|Q76MX2|CAS1_SOLTU Bifunctional L-3-cyanoalanine synthase/cysteine synthase 1, mitochondrial OS=Solanum tuberosum OX=4113 GN=PCAS-1 PE=1 SV=1
TRINITY_DN22_c1_g1_i12.p2	sp|Q7DDL5|CYSK_NEIMB	37.7	316	333	310	16	327	2	304	7.75e-59	194	sp|Q7DDL5|CYSK_NEIMB Cysteine synthase OS=Neisseria meningitidis serogroup B (strain ATCC BAA-335 / MC58) OX=122586 GN=cysK PE=1 SV=1
TRINITY_DN22_c1_g1_i12.p2	sp|Q9S6Z7|CYSD1_ARATH	40.1	312	333	324	17	323	8	305	3.21e-58	193	sp|Q9S6Z7|CYSD1_ARATH Bifunctional L-3-cyanoalanine synthase/cysteine synthase D1 OS=Arabidopsis thaliana OX=3702 GN=CYSD1 PE=1 SV=1
TRINITY_DN22_c1_g1_i12.p2	sp|P0A1E4|CYSK_SALTI	38.8	320	333	323	12	323	5	306	4.40e-58	193	sp|P0A1E4|CYSK_SALTI Cysteine synthase A OS=Salmonella typhi OX=90370 GN=cysK PE=3 SV=2
TRINITY_DN22_c1_g1_i12.p2	sp|P0A1E3|CYSK_SALTY	38.8	320	333	323	12	323	5	306	4.40e-58	193	sp|P0A1E3|CYSK_SALTY Cysteine synthase A OS=Salmonella typhimurium (strain LT2 / SGSC1412 / ATCC 700720) OX=99287 GN=cysK PE=1 SV=2
TRINITY_DN22_c1_g1_i12.p2	sp|O81154|CYSK_SOLTU	37.7	316	333	325	13	323	4	305	4.65e-58	193	sp|O81154|CYSK_SOLTU Cysteine synthase OS=Solanum tuberosum OX=4113 PE=2 SV=1
TRINITY_DN22_c1_g1_i12.p2	sp|P0ABK6|CYSK_ECO57	39.4	307	333	323	25	323	12	306	6.20e-58	192	sp|P0ABK6|CYSK_ECO57 Cysteine synthase A OS=Escherichia coli O157:H7 OX=83334 GN=cysK PE=3 SV=2
TRINITY_DN22_c1_g1_i12.p2	sp|P0ABK5|CYSK_ECOLI	39.4	307	333	323	25	323	12	306	6.20e-58	192	sp|P0ABK5|CYSK_ECOLI Cysteine synthase A OS=Escherichia coli (strain K12) OX=83333 GN=cysK PE=1 SV=2
TRINITY_DN22_c1_g1_i12.p2	sp|Q1KLZ2|CAS1_MALDO	38.7	313	333	376	16	323	54	352	6.47e-58	194	sp|Q1KLZ2|CAS1_MALDO L-3-cyanoalanine synthase 1, mitochondrial OS=Malus domestica OX=3750 GN=CAS1 PE=1 SV=1
TRINITY_DN22_c1_g1_i12.p2	sp|P32260|CYSKP_SPIOL	39.4	310	333	383	4	310	54	349	4.27e-57	192	sp|P32260|CYSKP_SPIOL Cysteine synthase, chloroplastic/chromoplastic OS=Spinacia oleracea OX=3562 GN=CYSK PE=1 SV=2
TRINITY_DN22_c1_g1_i12.p2	sp|Q1KLZ1|CAS2_MALDO	38.3	313	333	375	16	323	55	353	9.70e-57	191	sp|Q1KLZ1|CAS2_MALDO L-3-cyanoalanine synthase 2, mitochondrial OS=Malus domestica OX=3750 GN=CAS2 PE=1 SV=1
TRINITY_DN22_c1_g1_i12.p2	sp|O81155|CYSKP_SOLTU	39.0	310	333	386	4	310	56	351	7.65e-55	186	sp|O81155|CYSKP_SOLTU Cysteine synthase, chloroplastic/chromoplastic OS=Solanum tuberosum OX=4113 PE=2 SV=1
TRINITY_DN22_c1_g1_i12.p2	sp|Q9FS29|CAS2_SOLTU	37.8	312	333	347	17	323	28	325	7.92e-55	185	sp|Q9FS29|CAS2_SOLTU Bifunctional L-3-cyanoalanine synthase/cysteine synthase 2, mitochondrial OS=Solanum tuberosum OX=4113 GN=PCAS-2 PE=1 SV=1
TRINITY_DN22_c1_g1_i12.p2	sp|F4K5T2|CGL_ARATH	39.4	312	333	323	17	323	7	304	8.31e-55	184	sp|F4K5T2|CGL_ARATH Bifunctional cystathionine gamma-lyase/cysteine synthase OS=Arabidopsis thaliana OX=3702 GN=DES1 PE=1 SV=1
TRINITY_DN22_c1_g1_i12.p2	sp|Q9SXS7|CYSD2_ARATH	38.6	311	333	323	17	323	7	304	2.32e-54	183	sp|Q9SXS7|CYSD2_ARATH Bifunctional L-3-cyanoalanine synthase/cysteine synthase D2 OS=Arabidopsis thaliana OX=3702 GN=CYSD2 PE=1 SV=1
TRINITY_DN22_c1_g1_i13.p2	sp|P80608|CYSK_MAIZE	43.2	287	333	325	17	300	8	283	1.39e-63	207	sp|P80608|CYSK_MAIZE Cysteine synthase OS=Zea mays OX=4577 PE=1 SV=2
TRINITY_DN22_c1_g1_i13.p2	sp|Q9XEA6|CYSK1_ORYSJ	42.9	289	333	321	17	302	5	282	3.49e-63	206	sp|Q9XEA6|CYSK1_ORYSJ Cysteine synthase OS=Oryza sativa subsp. japonica OX=39947 GN=RCS1 PE=2 SV=2
TRINITY_DN22_c1_g1_i13.p2	sp|P38076|CYSK_WHEAT	42.2	289	333	325	17	302	9	286	5.51e-63	206	sp|P38076|CYSK_WHEAT Cysteine synthase OS=Triticum aestivum OX=4565 GN=CYS1 PE=2 SV=1
TRINITY_DN22_c1_g1_i13.p2	sp|O23733|CYSK1_BRAJU	41.4	290	333	322	15	300	3	280	1.12e-61	202	sp|O23733|CYSK1_BRAJU Cysteine synthase OS=Brassica juncea OX=3707 PE=2 SV=1
TRINITY_DN22_c1_g1_i13.p2	sp|P47998|CYSK1_ARATH	41.1	292	333	322	15	302	3	282	2.23e-61	201	sp|P47998|CYSK1_ARATH Cysteine synthase 1 OS=Arabidopsis thaliana OX=3702 GN=OASA1 PE=1 SV=2
TRINITY_DN22_c1_g1_i13.p2	sp|Q00834|CYSK_SPIOL	39.6	316	333	325	13	323	4	305	4.83e-61	201	sp|Q00834|CYSK_SPIOL Cysteine synthase OS=Spinacia oleracea OX=3562 PE=1 SV=1
TRINITY_DN22_c1_g1_i13.p2	sp|Q43317|CYSK_CITLA	39.0	315	333	325	14	323	5	305	9.60e-61	200	sp|Q43317|CYSK_CITLA Cysteine synthase OS=Citrullus lanatus OX=3654 PE=1 SV=1
TRINITY_DN22_c1_g1_i13.p2	sp|Q9XEA8|CYSK2_ORYSJ	39.5	311	333	325	17	323	8	305	1.35e-60	199	sp|Q9XEA8|CYSK2_ORYSJ Cysteine synthase OS=Oryza sativa subsp. japonica OX=39947 GN=RCS3 PE=2 SV=1
TRINITY_DN22_c1_g1_i13.p2	sp|O23735|CYSK2_BRAJU	41.1	282	333	324	23	300	13	282	5.21e-60	198	sp|O23735|CYSK2_BRAJU Cysteine synthase OS=Brassica juncea OX=3707 PE=2 SV=1
TRINITY_DN22_c1_g1_i13.p2	sp|Q43153|CYSC_SPIOL	39.4	317	333	368	12	323	44	346	3.41e-59	197	sp|Q43153|CYSC_SPIOL Bifunctional L-3-cyanoalanine synthase/cysteine synthase, mitochondrial OS=Spinacia oleracea OX=3562 GN=CYSC PE=1 SV=1
TRINITY_DN22_c1_g1_i13.p2	sp|Q76MX2|CAS1_SOLTU	38.6	311	333	351	17	323	32	329	6.07e-59	196	sp|Q76MX2|CAS1_SOLTU Bifunctional L-3-cyanoalanine synthase/cysteine synthase 1, mitochondrial OS=Solanum tuberosum OX=4113 GN=PCAS-1 PE=1 SV=1
TRINITY_DN22_c1_g1_i13.p2	sp|Q7DDL5|CYSK_NEIMB	37.7	316	333	310	16	327	2	304	7.75e-59	194	sp|Q7DDL5|CYSK_NEIMB Cysteine synthase OS=Neisseria meningitidis serogroup B (strain ATCC BAA-335 / MC58) OX=122586 GN=cysK PE=1 SV=1
TRINITY_DN22_c1_g1_i13.p2	sp|Q9S6Z7|CYSD1_ARATH	40.1	312	333	324	17	323	8	305	3.21e-58	193	sp|Q9S6Z7|CYSD1_ARATH Bifunctional L-3-cyanoalanine synthase/cysteine synthase D1 OS=Arabidopsis thaliana OX=3702 GN=CYSD1 PE=1 SV=1
TRINITY_DN22_c1_g1_i13.p2	sp|P0A1E4|CYSK_SALTI	38.8	320	333	323	12	323	5	306	4.40e-58	193	sp|P0A1E4|CYSK_SALTI Cysteine synthase A OS=Salmonella typhi OX=90370 GN=cysK PE=3 SV=2
TRINITY_DN22_c1_g1_i13.p2	sp|P0A1E3|CYSK_SALTY	38.8	320	333	323	12	323	5	306	4.40e-58	193	sp|P0A1E3|CYSK_SALTY Cysteine synthase A OS=Salmonella typhimurium (strain LT2 / SGSC1412 / ATCC 700720) OX=99287 GN=cysK PE=1 SV=2
TRINITY_DN22_c1_g1_i13.p2	sp|O81154|CYSK_SOLTU	37.7	316	333	325	13	323	4	305	4.65e-58	193	sp|O81154|CYSK_SOLTU Cysteine synthase OS=Solanum tuberosum OX=4113 PE=2 SV=1
TRINITY_DN22_c1_g1_i13.p2	sp|P0ABK6|CYSK_ECO57	39.4	307	333	323	25	323	12	306	6.20e-58	192	sp|P0ABK6|CYSK_ECO57 Cysteine synthase A OS=Escherichia coli O157:H7 OX=83334 GN=cysK PE=3 SV=2
TRINITY_DN22_c1_g1_i13.p2	sp|P0ABK5|CYSK_ECOLI	39.4	307	333	323	25	323	12	306	6.20e-58	192	sp|P0ABK5|CYSK_ECOLI Cysteine synthase A OS=Escherichia coli (strain K12) OX=83333 GN=cysK PE=1 SV=2
TRINITY_DN22_c1_g1_i13.p2	sp|Q1KLZ2|CAS1_MALDO	38.7	313	333	376	16	323	54	352	6.47e-58	194	sp|Q1KLZ2|CAS1_MALDO L-3-cyanoalanine synthase 1, mitochondrial OS=Malus domestica OX=3750 GN=CAS1 PE=1 SV=1
TRINITY_DN22_c1_g1_i13.p2	sp|P32260|CYSKP_SPIOL	39.4	310	333	383	4	310	54	349	4.27e-57	192	sp|P32260|CYSKP_SPIOL Cysteine synthase, chloroplastic/chromoplastic OS=Spinacia oleracea OX=3562 GN=CYSK PE=1 SV=2
TRINITY_DN22_c1_g1_i13.p2	sp|Q1KLZ1|CAS2_MALDO	38.3	313	333	375	16	323	55	353	9.70e-57	191	sp|Q1KLZ1|CAS2_MALDO L-3-cyanoalanine synthase 2, mitochondrial OS=Malus domestica OX=3750 GN=CAS2 PE=1 SV=1
TRINITY_DN22_c1_g1_i13.p2	sp|O81155|CYSKP_SOLTU	39.0	310	333	386	4	310	56	351	7.65e-55	186	sp|O81155|CYSKP_SOLTU Cysteine synthase, chloroplastic/chromoplastic OS=Solanum tuberosum OX=4113 PE=2 SV=1
TRINITY_DN22_c1_g1_i13.p2	sp|Q9FS29|CAS2_SOLTU	37.8	312	333	347	17	323	28	325	7.92e-55	185	sp|Q9FS29|CAS2_SOLTU Bifunctional L-3-cyanoalanine synthase/cysteine synthase 2, mitochondrial OS=Solanum tuberosum OX=4113 GN=PCAS-2 PE=1 SV=1
TRINITY_DN22_c1_g1_i13.p2	sp|F4K5T2|CGL_ARATH	39.4	312	333	323	17	323	7	304	8.31e-55	184	sp|F4K5T2|CGL_ARATH Bifunctional cystathionine gamma-lyase/cysteine synthase OS=Arabidopsis thaliana OX=3702 GN=DES1 PE=1 SV=1
TRINITY_DN22_c1_g1_i13.p2	sp|Q9SXS7|CYSD2_ARATH	38.6	311	333	323	17	323	7	304	2.32e-54	183	sp|Q9SXS7|CYSD2_ARATH Bifunctional L-3-cyanoalanine synthase/cysteine synthase D2 OS=Arabidopsis thaliana OX=3702 GN=CYSD2 PE=1 SV=1
TRINITY_DN22_c1_g1_i13.p1	sp|D6WMZ8|ESTJ_TRICA	34.2	412	435	588	2	385	123	524	3.79e-56	198	sp|D6WMZ8|ESTJ_TRICA Juvenile hormone esterase OS=Tribolium castaneum OX=7070 GN=Tcjhe PE=1 SV=2
TRINITY_DN22_c1_g1_i13.p1	sp|P12992|ESTJ_HELVI	29.7	445	435	564	3	426	130	552	1.84e-53	190	sp|P12992|ESTJ_HELVI Juvenile hormone esterase OS=Heliothis virescens OX=7102 PE=1 SV=2
TRINITY_DN22_c1_g1_i13.p1	sp|P06276|CHLE_HUMAN	35.3	417	435	602	6	408	137	532	2.48e-52	188	sp|P06276|CHLE_HUMAN Cholinesterase OS=Homo sapiens OX=9606 GN=BCHE PE=1 SV=1
TRINITY_DN22_c1_g1_i13.p1	sp|P81908|CHLE_HORSE	33.5	415	435	574	6	408	109	504	4.21e-51	184	sp|P81908|CHLE_HORSE Cholinesterase OS=Equus caballus OX=9796 GN=BCHE PE=1 SV=1
TRINITY_DN22_c1_g1_i13.p1	sp|P21927|CHLE_RABIT	34.5	417	435	581	6	408	116	511	1.75e-50	182	sp|P21927|CHLE_RABIT Cholinesterase OS=Oryctolagus cuniculus OX=9986 GN=BCHE PE=2 SV=1
TRINITY_DN22_c1_g1_i13.p1	sp|P32749|CHLE_BOVIN	34.0	415	435	602	6	408	137	532	3.33e-50	182	sp|P32749|CHLE_BOVIN Cholinesterase OS=Bos taurus OX=9913 GN=BCHE PE=2 SV=2
TRINITY_DN22_c1_g1_i13.p1	sp|A0A8B0RBM2|ACES_BOMIG	32.6	402	435	555	2	382	122	499	4.23e-49	178	sp|A0A8B0RBM2|ACES_BOMIG Carboxylic ester hydrolase OS=Bombus ignitus OX=130704 GN=vCaE PE=1 SV=1
TRINITY_DN22_c1_g1_i13.p1	sp|Q869C3|ACES_ANOGA	31.2	429	435	737	6	407	272	667	1.12e-48	180	sp|Q869C3|ACES_ANOGA Acetylcholinesterase OS=Anopheles gambiae OX=7165 GN=Ace PE=1 SV=3
TRINITY_DN22_c1_g1_i13.p1	sp|O62760|CHLE_FELCA	33.3	415	435	602	6	408	137	532	1.20e-48	178	sp|O62760|CHLE_FELCA Cholinesterase OS=Felis catus OX=9685 GN=BCHE PE=2 SV=1
TRINITY_DN22_c1_g1_i13.p1	sp|O62761|CHLE_PANTT	33.3	415	435	602	6	408	137	532	1.65e-48	177	sp|O62761|CHLE_PANTT Cholinesterase OS=Panthera tigris tigris OX=74535 GN=BCHE PE=2 SV=1
TRINITY_DN22_c1_g1_i13.p1	sp|P38433|ACE1_CAEEL	30.9	427	435	620	4	405	126	535	1.47e-47	175	sp|P38433|ACE1_CAEEL Acetylcholinesterase 1 OS=Caenorhabditis elegans OX=6239 GN=ace-1 PE=1 SV=1
TRINITY_DN22_c1_g1_i13.p1	sp|Q86GC8|ACES_CULPI	30.7	430	435	702	6	407	239	634	3.68e-47	175	sp|Q86GC8|ACES_CULPI Acetylcholinesterase OS=Culex pipiens OX=7175 GN=ACHE1 PE=2 SV=2
TRINITY_DN22_c1_g1_i13.p1	sp|P35501|ESTE_MYZPE	33.3	420	435	552	2	392	124	515	5.43e-47	172	sp|P35501|ESTE_MYZPE Esterase E4 OS=Myzus persicae OX=13164 PE=1 SV=1
TRINITY_DN22_c1_g1_i13.p1	sp|P35502|ESTF_MYZPE	33.5	415	435	564	2	392	124	515	6.53e-47	172	sp|P35502|ESTF_MYZPE Esterase FE4 OS=Myzus persicae OX=13164 PE=1 SV=1
TRINITY_DN22_c1_g1_i13.p1	sp|P22303|ACES_HUMAN	31.6	418	435	614	5	408	144	545	6.85e-47	173	sp|P22303|ACES_HUMAN Acetylcholinesterase OS=Homo sapiens OX=9606 GN=ACHE PE=1 SV=1
TRINITY_DN22_c1_g1_i13.p1	sp|Q03311|CHLE_MOUSE	32.1	418	435	603	6	408	138	533	1.13e-46	172	sp|Q03311|CHLE_MOUSE Cholinesterase OS=Mus musculus OX=10090 GN=Bche PE=1 SV=2
TRINITY_DN22_c1_g1_i13.p1	sp|Q29499|ACES_RABIT	31.6	418	435	584	5	408	114	515	8.43e-46	170	sp|Q29499|ACES_RABIT Acetylcholinesterase (Fragment) OS=Oryctolagus cuniculus OX=9986 GN=ACHE PE=2 SV=1
TRINITY_DN22_c1_g1_i13.p1	sp|Q8K3R0|EST2A_RAT	34.5	420	435	558	4	403	139	516	4.08e-45	167	sp|Q8K3R0|EST2A_RAT Pyrethroid hydrolase Ces2a OS=Rattus norvegicus OX=10116 GN=Ces2a PE=1 SV=1
TRINITY_DN22_c1_g1_i13.p1	sp|O62763|ACES_FELCA	31.1	418	435	611	5	408	141	542	5.99e-45	168	sp|O62763|ACES_FELCA Acetylcholinesterase OS=Felis catus OX=9685 GN=ACHE PE=3 SV=1
TRINITY_DN22_c1_g1_i13.p1	sp|G3V7J5|EST2E_RAT	32.7	437	435	567	4	429	149	550	6.42e-45	167	sp|G3V7J5|EST2E_RAT Pyrethroid hydrolase Ces2e OS=Rattus norvegicus OX=10116 GN=Ces2e PE=1 SV=2
TRINITY_DN22_c1_g1_i13.p1	sp|Q27459|ACE1_CAEBR	29.2	442	435	620	4	420	126	546	6.67e-45	168	sp|Q27459|ACE1_CAEBR Acetylcholinesterase 1 OS=Caenorhabditis briggsae OX=6238 GN=ace-1 PE=3 SV=1
TRINITY_DN22_c1_g1_i13.p1	sp|Q64573|EST1F_RAT	29.9	445	435	561	4	431	133	551	8.15e-45	167	sp|Q64573|EST1F_RAT Liver carboxylesterase 1F OS=Rattus norvegicus OX=10116 GN=Ces1f PE=1 SV=2
TRINITY_DN22_c1_g1_i13.p1	sp|Q95000|CHLE1_BRALA	35.8	332	435	357	6	321	24	341	1.28e-44	162	sp|Q95000|CHLE1_BRALA Cholinesterase 1 (Fragment) OS=Branchiostoma lanceolatum OX=7740 GN=CHE1 PE=3 SV=1
TRINITY_DN22_c1_g1_i13.p1	sp|Q8NFZ4|NLGN2_HUMAN	27.9	459	435	835	5	433	178	609	1.33e-44	169	sp|Q8NFZ4|NLGN2_HUMAN Neuroligin-2 OS=Homo sapiens OX=9606 GN=NLGN2 PE=1 SV=1
TRINITY_DN22_c1_g1_i13.p1	sp|Q92035|ACES_BUNFA	32.9	419	435	606	5	408	141	537	2.04e-44	166	sp|Q92035|ACES_BUNFA Acetylcholinesterase OS=Bungarus fasciatus OX=8613 GN=ACHE PE=1 SV=2
TRINITY_DN22_c1_g1_i18.p1	sp|D6WMZ8|ESTJ_TRICA	34.2	412	435	588	2	385	123	524	3.79e-56	198	sp|D6WMZ8|ESTJ_TRICA Juvenile hormone esterase OS=Tribolium castaneum OX=7070 GN=Tcjhe PE=1 SV=2
TRINITY_DN22_c1_g1_i18.p1	sp|P12992|ESTJ_HELVI	29.7	445	435	564	3	426	130	552	1.84e-53	190	sp|P12992|ESTJ_HELVI Juvenile hormone esterase OS=Heliothis virescens OX=7102 PE=1 SV=2
TRINITY_DN22_c1_g1_i18.p1	sp|P06276|CHLE_HUMAN	35.3	417	435	602	6	408	137	532	2.48e-52	188	sp|P06276|CHLE_HUMAN Cholinesterase OS=Homo sapiens OX=9606 GN=BCHE PE=1 SV=1
TRINITY_DN22_c1_g1_i18.p1	sp|P81908|CHLE_HORSE	33.5	415	435	574	6	408	109	504	4.21e-51	184	sp|P81908|CHLE_HORSE Cholinesterase OS=Equus caballus OX=9796 GN=BCHE PE=1 SV=1
TRINITY_DN22_c1_g1_i18.p1	sp|P21927|CHLE_RABIT	34.5	417	435	581	6	408	116	511	1.75e-50	182	sp|P21927|CHLE_RABIT Cholinesterase OS=Oryctolagus cuniculus OX=9986 GN=BCHE PE=2 SV=1
TRINITY_DN22_c1_g1_i18.p1	sp|P32749|CHLE_BOVIN	34.0	415	435	602	6	408	137	532	3.33e-50	182	sp|P32749|CHLE_BOVIN Cholinesterase OS=Bos taurus OX=9913 GN=BCHE PE=2 SV=2
TRINITY_DN22_c1_g1_i18.p1	sp|A0A8B0RBM2|ACES_BOMIG	32.6	402	435	555	2	382	122	499	4.23e-49	178	sp|A0A8B0RBM2|ACES_BOMIG Carboxylic ester hydrolase OS=Bombus ignitus OX=130704 GN=vCaE PE=1 SV=1
TRINITY_DN22_c1_g1_i18.p1	sp|Q869C3|ACES_ANOGA	31.2	429	435	737	6	407	272	667	1.12e-48	180	sp|Q869C3|ACES_ANOGA Acetylcholinesterase OS=Anopheles gambiae OX=7165 GN=Ace PE=1 SV=3
TRINITY_DN22_c1_g1_i18.p1	sp|O62760|CHLE_FELCA	33.3	415	435	602	6	408	137	532	1.20e-48	178	sp|O62760|CHLE_FELCA Cholinesterase OS=Felis catus OX=9685 GN=BCHE PE=2 SV=1
TRINITY_DN22_c1_g1_i18.p1	sp|O62761|CHLE_PANTT	33.3	415	435	602	6	408	137	532	1.65e-48	177	sp|O62761|CHLE_PANTT Cholinesterase OS=Panthera tigris tigris OX=74535 GN=BCHE PE=2 SV=1
TRINITY_DN22_c1_g1_i18.p1	sp|P38433|ACE1_CAEEL	30.9	427	435	620	4	405	126	535	1.47e-47	175	sp|P38433|ACE1_CAEEL Acetylcholinesterase 1 OS=Caenorhabditis elegans OX=6239 GN=ace-1 PE=1 SV=1
TRINITY_DN22_c1_g1_i18.p1	sp|Q86GC8|ACES_CULPI	30.7	430	435	702	6	407	239	634	3.68e-47	175	sp|Q86GC8|ACES_CULPI Acetylcholinesterase OS=Culex pipiens OX=7175 GN=ACHE1 PE=2 SV=2
TRINITY_DN22_c1_g1_i18.p1	sp|P35501|ESTE_MYZPE	33.3	420	435	552	2	392	124	515	5.43e-47	172	sp|P35501|ESTE_MYZPE Esterase E4 OS=Myzus persicae OX=13164 PE=1 SV=1
TRINITY_DN22_c1_g1_i18.p1	sp|P35502|ESTF_MYZPE	33.5	415	435	564	2	392	124	515	6.53e-47	172	sp|P35502|ESTF_MYZPE Esterase FE4 OS=Myzus persicae OX=13164 PE=1 SV=1
TRINITY_DN22_c1_g1_i18.p1	sp|P22303|ACES_HUMAN	31.6	418	435	614	5	408	144	545	6.85e-47	173	sp|P22303|ACES_HUMAN Acetylcholinesterase OS=Homo sapiens OX=9606 GN=ACHE PE=1 SV=1
TRINITY_DN22_c1_g1_i18.p1	sp|Q03311|CHLE_MOUSE	32.1	418	435	603	6	408	138	533	1.13e-46	172	sp|Q03311|CHLE_MOUSE Cholinesterase OS=Mus musculus OX=10090 GN=Bche PE=1 SV=2
TRINITY_DN22_c1_g1_i18.p1	sp|Q29499|ACES_RABIT	31.6	418	435	584	5	408	114	515	8.43e-46	170	sp|Q29499|ACES_RABIT Acetylcholinesterase (Fragment) OS=Oryctolagus cuniculus OX=9986 GN=ACHE PE=2 SV=1
TRINITY_DN22_c1_g1_i18.p1	sp|Q8K3R0|EST2A_RAT	34.5	420	435	558	4	403	139	516	4.08e-45	167	sp|Q8K3R0|EST2A_RAT Pyrethroid hydrolase Ces2a OS=Rattus norvegicus OX=10116 GN=Ces2a PE=1 SV=1
TRINITY_DN22_c1_g1_i18.p1	sp|O62763|ACES_FELCA	31.1	418	435	611	5	408	141	542	5.99e-45	168	sp|O62763|ACES_FELCA Acetylcholinesterase OS=Felis catus OX=9685 GN=ACHE PE=3 SV=1
TRINITY_DN22_c1_g1_i18.p1	sp|G3V7J5|EST2E_RAT	32.7	437	435	567	4	429	149	550	6.42e-45	167	sp|G3V7J5|EST2E_RAT Pyrethroid hydrolase Ces2e OS=Rattus norvegicus OX=10116 GN=Ces2e PE=1 SV=2
TRINITY_DN22_c1_g1_i18.p1	sp|Q27459|ACE1_CAEBR	29.2	442	435	620	4	420	126	546	6.67e-45	168	sp|Q27459|ACE1_CAEBR Acetylcholinesterase 1 OS=Caenorhabditis briggsae OX=6238 GN=ace-1 PE=3 SV=1
TRINITY_DN22_c1_g1_i18.p1	sp|Q64573|EST1F_RAT	29.9	445	435	561	4	431	133	551	8.15e-45	167	sp|Q64573|EST1F_RAT Liver carboxylesterase 1F OS=Rattus norvegicus OX=10116 GN=Ces1f PE=1 SV=2
TRINITY_DN22_c1_g1_i18.p1	sp|Q95000|CHLE1_BRALA	35.8	332	435	357	6	321	24	341	1.28e-44	162	sp|Q95000|CHLE1_BRALA Cholinesterase 1 (Fragment) OS=Branchiostoma lanceolatum OX=7740 GN=CHE1 PE=3 SV=1
TRINITY_DN22_c1_g1_i18.p1	sp|Q8NFZ4|NLGN2_HUMAN	27.9	459	435	835	5	433	178	609	1.33e-44	169	sp|Q8NFZ4|NLGN2_HUMAN Neuroligin-2 OS=Homo sapiens OX=9606 GN=NLGN2 PE=1 SV=1
TRINITY_DN22_c1_g1_i18.p1	sp|Q92035|ACES_BUNFA	32.9	419	435	606	5	408	141	537	2.04e-44	166	sp|Q92035|ACES_BUNFA Acetylcholinesterase OS=Bungarus fasciatus OX=8613 GN=ACHE PE=1 SV=2
TRINITY_DN22_c1_g1_i18.p2	sp|P80608|CYSK_MAIZE	43.2	287	333	325	17	300	8	283	1.39e-63	207	sp|P80608|CYSK_MAIZE Cysteine synthase OS=Zea mays OX=4577 PE=1 SV=2
TRINITY_DN22_c1_g1_i18.p2	sp|Q9XEA6|CYSK1_ORYSJ	42.9	289	333	321	17	302	5	282	3.49e-63	206	sp|Q9XEA6|CYSK1_ORYSJ Cysteine synthase OS=Oryza sativa subsp. japonica OX=39947 GN=RCS1 PE=2 SV=2
TRINITY_DN22_c1_g1_i18.p2	sp|P38076|CYSK_WHEAT	42.2	289	333	325	17	302	9	286	5.51e-63	206	sp|P38076|CYSK_WHEAT Cysteine synthase OS=Triticum aestivum OX=4565 GN=CYS1 PE=2 SV=1
TRINITY_DN22_c1_g1_i18.p2	sp|O23733|CYSK1_BRAJU	41.4	290	333	322	15	300	3	280	1.12e-61	202	sp|O23733|CYSK1_BRAJU Cysteine synthase OS=Brassica juncea OX=3707 PE=2 SV=1
TRINITY_DN22_c1_g1_i18.p2	sp|P47998|CYSK1_ARATH	41.1	292	333	322	15	302	3	282	2.23e-61	201	sp|P47998|CYSK1_ARATH Cysteine synthase 1 OS=Arabidopsis thaliana OX=3702 GN=OASA1 PE=1 SV=2
TRINITY_DN22_c1_g1_i18.p2	sp|Q00834|CYSK_SPIOL	39.6	316	333	325	13	323	4	305	4.83e-61	201	sp|Q00834|CYSK_SPIOL Cysteine synthase OS=Spinacia oleracea OX=3562 PE=1 SV=1
TRINITY_DN22_c1_g1_i18.p2	sp|Q43317|CYSK_CITLA	39.0	315	333	325	14	323	5	305	9.60e-61	200	sp|Q43317|CYSK_CITLA Cysteine synthase OS=Citrullus lanatus OX=3654 PE=1 SV=1
TRINITY_DN22_c1_g1_i18.p2	sp|Q9XEA8|CYSK2_ORYSJ	39.5	311	333	325	17	323	8	305	1.35e-60	199	sp|Q9XEA8|CYSK2_ORYSJ Cysteine synthase OS=Oryza sativa subsp. japonica OX=39947 GN=RCS3 PE=2 SV=1
TRINITY_DN22_c1_g1_i18.p2	sp|O23735|CYSK2_BRAJU	41.1	282	333	324	23	300	13	282	5.21e-60	198	sp|O23735|CYSK2_BRAJU Cysteine synthase OS=Brassica juncea OX=3707 PE=2 SV=1
TRINITY_DN22_c1_g1_i18.p2	sp|Q43153|CYSC_SPIOL	39.4	317	333	368	12	323	44	346	3.41e-59	197	sp|Q43153|CYSC_SPIOL Bifunctional L-3-cyanoalanine synthase/cysteine synthase, mitochondrial OS=Spinacia oleracea OX=3562 GN=CYSC PE=1 SV=1
TRINITY_DN22_c1_g1_i18.p2	sp|Q76MX2|CAS1_SOLTU	38.6	311	333	351	17	323	32	329	6.07e-59	196	sp|Q76MX2|CAS1_SOLTU Bifunctional L-3-cyanoalanine synthase/cysteine synthase 1, mitochondrial OS=Solanum tuberosum OX=4113 GN=PCAS-1 PE=1 SV=1
TRINITY_DN22_c1_g1_i18.p2	sp|Q7DDL5|CYSK_NEIMB	37.7	316	333	310	16	327	2	304	7.75e-59	194	sp|Q7DDL5|CYSK_NEIMB Cysteine synthase OS=Neisseria meningitidis serogroup B (strain ATCC BAA-335 / MC58) OX=122586 GN=cysK PE=1 SV=1
TRINITY_DN22_c1_g1_i18.p2	sp|Q9S6Z7|CYSD1_ARATH	40.1	312	333	324	17	323	8	305	3.21e-58	193	sp|Q9S6Z7|CYSD1_ARATH Bifunctional L-3-cyanoalanine synthase/cysteine synthase D1 OS=Arabidopsis thaliana OX=3702 GN=CYSD1 PE=1 SV=1
TRINITY_DN22_c1_g1_i18.p2	sp|P0A1E4|CYSK_SALTI	38.8	320	333	323	12	323	5	306	4.40e-58	193	sp|P0A1E4|CYSK_SALTI Cysteine synthase A OS=Salmonella typhi OX=90370 GN=cysK PE=3 SV=2
TRINITY_DN22_c1_g1_i18.p2	sp|P0A1E3|CYSK_SALTY	38.8	320	333	323	12	323	5	306	4.40e-58	193	sp|P0A1E3|CYSK_SALTY Cysteine synthase A OS=Salmonella typhimurium (strain LT2 / SGSC1412 / ATCC 700720) OX=99287 GN=cysK PE=1 SV=2
TRINITY_DN22_c1_g1_i18.p2	sp|O81154|CYSK_SOLTU	37.7	316	333	325	13	323	4	305	4.65e-58	193	sp|O81154|CYSK_SOLTU Cysteine synthase OS=Solanum tuberosum OX=4113 PE=2 SV=1
TRINITY_DN22_c1_g1_i18.p2	sp|P0ABK6|CYSK_ECO57	39.4	307	333	323	25	323	12	306	6.20e-58	192	sp|P0ABK6|CYSK_ECO57 Cysteine synthase A OS=Escherichia coli O157:H7 OX=83334 GN=cysK PE=3 SV=2
TRINITY_DN22_c1_g1_i18.p2	sp|P0ABK5|CYSK_ECOLI	39.4	307	333	323	25	323	12	306	6.20e-58	192	sp|P0ABK5|CYSK_ECOLI Cysteine synthase A OS=Escherichia coli (strain K12) OX=83333 GN=cysK PE=1 SV=2
TRINITY_DN22_c1_g1_i18.p2	sp|Q1KLZ2|CAS1_MALDO	38.7	313	333	376	16	323	54	352	6.47e-58	194	sp|Q1KLZ2|CAS1_MALDO L-3-cyanoalanine synthase 1, mitochondrial OS=Malus domestica OX=3750 GN=CAS1 PE=1 SV=1
TRINITY_DN22_c1_g1_i18.p2	sp|P32260|CYSKP_SPIOL	39.4	310	333	383	4	310	54	349	4.27e-57	192	sp|P32260|CYSKP_SPIOL Cysteine synthase, chloroplastic/chromoplastic OS=Spinacia oleracea OX=3562 GN=CYSK PE=1 SV=2
TRINITY_DN22_c1_g1_i18.p2	sp|Q1KLZ1|CAS2_MALDO	38.3	313	333	375	16	323	55	353	9.70e-57	191	sp|Q1KLZ1|CAS2_MALDO L-3-cyanoalanine synthase 2, mitochondrial OS=Malus domestica OX=3750 GN=CAS2 PE=1 SV=1
TRINITY_DN22_c1_g1_i18.p2	sp|O81155|CYSKP_SOLTU	39.0	310	333	386	4	310	56	351	7.65e-55	186	sp|O81155|CYSKP_SOLTU Cysteine synthase, chloroplastic/chromoplastic OS=Solanum tuberosum OX=4113 PE=2 SV=1
TRINITY_DN22_c1_g1_i18.p2	sp|Q9FS29|CAS2_SOLTU	37.8	312	333	347	17	323	28	325	7.92e-55	185	sp|Q9FS29|CAS2_SOLTU Bifunctional L-3-cyanoalanine synthase/cysteine synthase 2, mitochondrial OS=Solanum tuberosum OX=4113 GN=PCAS-2 PE=1 SV=1
TRINITY_DN22_c1_g1_i18.p2	sp|F4K5T2|CGL_ARATH	39.4	312	333	323	17	323	7	304	8.31e-55	184	sp|F4K5T2|CGL_ARATH Bifunctional cystathionine gamma-lyase/cysteine synthase OS=Arabidopsis thaliana OX=3702 GN=DES1 PE=1 SV=1
TRINITY_DN22_c1_g1_i18.p2	sp|Q9SXS7|CYSD2_ARATH	38.6	311	333	323	17	323	7	304	2.32e-54	183	sp|Q9SXS7|CYSD2_ARATH Bifunctional L-3-cyanoalanine synthase/cysteine synthase D2 OS=Arabidopsis thaliana OX=3702 GN=CYSD2 PE=1 SV=1
TRINITY_DN22_c1_g1_i19.p1	sp|P80608|CYSK_MAIZE	43.2	287	333	325	17	300	8	283	1.39e-63	207	sp|P80608|CYSK_MAIZE Cysteine synthase OS=Zea mays OX=4577 PE=1 SV=2
TRINITY_DN22_c1_g1_i19.p1	sp|Q9XEA6|CYSK1_ORYSJ	42.9	289	333	321	17	302	5	282	3.49e-63	206	sp|Q9XEA6|CYSK1_ORYSJ Cysteine synthase OS=Oryza sativa subsp. japonica OX=39947 GN=RCS1 PE=2 SV=2
TRINITY_DN22_c1_g1_i19.p1	sp|P38076|CYSK_WHEAT	42.2	289	333	325	17	302	9	286	5.51e-63	206	sp|P38076|CYSK_WHEAT Cysteine synthase OS=Triticum aestivum OX=4565 GN=CYS1 PE=2 SV=1
TRINITY_DN22_c1_g1_i19.p1	sp|O23733|CYSK1_BRAJU	41.4	290	333	322	15	300	3	280	1.12e-61	202	sp|O23733|CYSK1_BRAJU Cysteine synthase OS=Brassica juncea OX=3707 PE=2 SV=1
TRINITY_DN22_c1_g1_i19.p1	sp|P47998|CYSK1_ARATH	41.1	292	333	322	15	302	3	282	2.23e-61	201	sp|P47998|CYSK1_ARATH Cysteine synthase 1 OS=Arabidopsis thaliana OX=3702 GN=OASA1 PE=1 SV=2
TRINITY_DN22_c1_g1_i19.p1	sp|Q00834|CYSK_SPIOL	39.6	316	333	325	13	323	4	305	4.83e-61	201	sp|Q00834|CYSK_SPIOL Cysteine synthase OS=Spinacia oleracea OX=3562 PE=1 SV=1
TRINITY_DN22_c1_g1_i19.p1	sp|Q43317|CYSK_CITLA	39.0	315	333	325	14	323	5	305	9.60e-61	200	sp|Q43317|CYSK_CITLA Cysteine synthase OS=Citrullus lanatus OX=3654 PE=1 SV=1
TRINITY_DN22_c1_g1_i19.p1	sp|Q9XEA8|CYSK2_ORYSJ	39.5	311	333	325	17	323	8	305	1.35e-60	199	sp|Q9XEA8|CYSK2_ORYSJ Cysteine synthase OS=Oryza sativa subsp. japonica OX=39947 GN=RCS3 PE=2 SV=1
TRINITY_DN22_c1_g1_i19.p1	sp|O23735|CYSK2_BRAJU	41.1	282	333	324	23	300	13	282	5.21e-60	198	sp|O23735|CYSK2_BRAJU Cysteine synthase OS=Brassica juncea OX=3707 PE=2 SV=1
TRINITY_DN22_c1_g1_i19.p1	sp|Q43153|CYSC_SPIOL	39.4	317	333	368	12	323	44	346	3.41e-59	197	sp|Q43153|CYSC_SPIOL Bifunctional L-3-cyanoalanine synthase/cysteine synthase, mitochondrial OS=Spinacia oleracea OX=3562 GN=CYSC PE=1 SV=1
TRINITY_DN22_c1_g1_i19.p1	sp|Q76MX2|CAS1_SOLTU	38.6	311	333	351	17	323	32	329	6.07e-59	196	sp|Q76MX2|CAS1_SOLTU Bifunctional L-3-cyanoalanine synthase/cysteine synthase 1, mitochondrial OS=Solanum tuberosum OX=4113 GN=PCAS-1 PE=1 SV=1
TRINITY_DN22_c1_g1_i19.p1	sp|Q7DDL5|CYSK_NEIMB	37.7	316	333	310	16	327	2	304	7.75e-59	194	sp|Q7DDL5|CYSK_NEIMB Cysteine synthase OS=Neisseria meningitidis serogroup B (strain ATCC BAA-335 / MC58) OX=122586 GN=cysK PE=1 SV=1
TRINITY_DN22_c1_g1_i19.p1	sp|Q9S6Z7|CYSD1_ARATH	40.1	312	333	324	17	323	8	305	3.21e-58	193	sp|Q9S6Z7|CYSD1_ARATH Bifunctional L-3-cyanoalanine synthase/cysteine synthase D1 OS=Arabidopsis thaliana OX=3702 GN=CYSD1 PE=1 SV=1
TRINITY_DN22_c1_g1_i19.p1	sp|P0A1E4|CYSK_SALTI	38.8	320	333	323	12	323	5	306	4.40e-58	193	sp|P0A1E4|CYSK_SALTI Cysteine synthase A OS=Salmonella typhi OX=90370 GN=cysK PE=3 SV=2
TRINITY_DN22_c1_g1_i19.p1	sp|P0A1E3|CYSK_SALTY	38.8	320	333	323	12	323	5	306	4.40e-58	193	sp|P0A1E3|CYSK_SALTY Cysteine synthase A OS=Salmonella typhimurium (strain LT2 / SGSC1412 / ATCC 700720) OX=99287 GN=cysK PE=1 SV=2
TRINITY_DN22_c1_g1_i19.p1	sp|O81154|CYSK_SOLTU	37.7	316	333	325	13	323	4	305	4.65e-58	193	sp|O81154|CYSK_SOLTU Cysteine synthase OS=Solanum tuberosum OX=4113 PE=2 SV=1
TRINITY_DN22_c1_g1_i19.p1	sp|P0ABK6|CYSK_ECO57	39.4	307	333	323	25	323	12	306	6.20e-58	192	sp|P0ABK6|CYSK_ECO57 Cysteine synthase A OS=Escherichia coli O157:H7 OX=83334 GN=cysK PE=3 SV=2
TRINITY_DN22_c1_g1_i19.p1	sp|P0ABK5|CYSK_ECOLI	39.4	307	333	323	25	323	12	306	6.20e-58	192	sp|P0ABK5|CYSK_ECOLI Cysteine synthase A OS=Escherichia coli (strain K12) OX=83333 GN=cysK PE=1 SV=2
TRINITY_DN22_c1_g1_i19.p1	sp|Q1KLZ2|CAS1_MALDO	38.7	313	333	376	16	323	54	352	6.47e-58	194	sp|Q1KLZ2|CAS1_MALDO L-3-cyanoalanine synthase 1, mitochondrial OS=Malus domestica OX=3750 GN=CAS1 PE=1 SV=1
TRINITY_DN22_c1_g1_i19.p1	sp|P32260|CYSKP_SPIOL	39.4	310	333	383	4	310	54	349	4.27e-57	192	sp|P32260|CYSKP_SPIOL Cysteine synthase, chloroplastic/chromoplastic OS=Spinacia oleracea OX=3562 GN=CYSK PE=1 SV=2
TRINITY_DN22_c1_g1_i19.p1	sp|Q1KLZ1|CAS2_MALDO	38.3	313	333	375	16	323	55	353	9.70e-57	191	sp|Q1KLZ1|CAS2_MALDO L-3-cyanoalanine synthase 2, mitochondrial OS=Malus domestica OX=3750 GN=CAS2 PE=1 SV=1
TRINITY_DN22_c1_g1_i19.p1	sp|O81155|CYSKP_SOLTU	39.0	310	333	386	4	310	56	351	7.65e-55	186	sp|O81155|CYSKP_SOLTU Cysteine synthase, chloroplastic/chromoplastic OS=Solanum tuberosum OX=4113 PE=2 SV=1
TRINITY_DN22_c1_g1_i19.p1	sp|Q9FS29|CAS2_SOLTU	37.8	312	333	347	17	323	28	325	7.92e-55	185	sp|Q9FS29|CAS2_SOLTU Bifunctional L-3-cyanoalanine synthase/cysteine synthase 2, mitochondrial OS=Solanum tuberosum OX=4113 GN=PCAS-2 PE=1 SV=1
TRINITY_DN22_c1_g1_i19.p1	sp|F4K5T2|CGL_ARATH	39.4	312	333	323	17	323	7	304	8.31e-55	184	sp|F4K5T2|CGL_ARATH Bifunctional cystathionine gamma-lyase/cysteine synthase OS=Arabidopsis thaliana OX=3702 GN=DES1 PE=1 SV=1
TRINITY_DN22_c1_g1_i19.p1	sp|Q9SXS7|CYSD2_ARATH	38.6	311	333	323	17	323	7	304	2.32e-54	183	sp|Q9SXS7|CYSD2_ARATH Bifunctional L-3-cyanoalanine synthase/cysteine synthase D2 OS=Arabidopsis thaliana OX=3702 GN=CYSD2 PE=1 SV=1
TRINITY_DN22_c1_g1_i22.p2	sp|P80608|CYSK_MAIZE	43.2	287	333	325	17	300	8	283	1.39e-63	207	sp|P80608|CYSK_MAIZE Cysteine synthase OS=Zea mays OX=4577 PE=1 SV=2
TRINITY_DN22_c1_g1_i22.p2	sp|Q9XEA6|CYSK1_ORYSJ	42.9	289	333	321	17	302	5	282	3.49e-63	206	sp|Q9XEA6|CYSK1_ORYSJ Cysteine synthase OS=Oryza sativa subsp. japonica OX=39947 GN=RCS1 PE=2 SV=2
TRINITY_DN22_c1_g1_i22.p2	sp|P38076|CYSK_WHEAT	42.2	289	333	325	17	302	9	286	5.51e-63	206	sp|P38076|CYSK_WHEAT Cysteine synthase OS=Triticum aestivum OX=4565 GN=CYS1 PE=2 SV=1
TRINITY_DN22_c1_g1_i22.p2	sp|O23733|CYSK1_BRAJU	41.4	290	333	322	15	300	3	280	1.12e-61	202	sp|O23733|CYSK1_BRAJU Cysteine synthase OS=Brassica juncea OX=3707 PE=2 SV=1
TRINITY_DN22_c1_g1_i22.p2	sp|P47998|CYSK1_ARATH	41.1	292	333	322	15	302	3	282	2.23e-61	201	sp|P47998|CYSK1_ARATH Cysteine synthase 1 OS=Arabidopsis thaliana OX=3702 GN=OASA1 PE=1 SV=2
TRINITY_DN22_c1_g1_i22.p2	sp|Q00834|CYSK_SPIOL	39.6	316	333	325	13	323	4	305	4.83e-61	201	sp|Q00834|CYSK_SPIOL Cysteine synthase OS=Spinacia oleracea OX=3562 PE=1 SV=1
TRINITY_DN22_c1_g1_i22.p2	sp|Q43317|CYSK_CITLA	39.0	315	333	325	14	323	5	305	9.60e-61	200	sp|Q43317|CYSK_CITLA Cysteine synthase OS=Citrullus lanatus OX=3654 PE=1 SV=1
TRINITY_DN22_c1_g1_i22.p2	sp|Q9XEA8|CYSK2_ORYSJ	39.5	311	333	325	17	323	8	305	1.35e-60	199	sp|Q9XEA8|CYSK2_ORYSJ Cysteine synthase OS=Oryza sativa subsp. japonica OX=39947 GN=RCS3 PE=2 SV=1
TRINITY_DN22_c1_g1_i22.p2	sp|O23735|CYSK2_BRAJU	41.1	282	333	324	23	300	13	282	5.21e-60	198	sp|O23735|CYSK2_BRAJU Cysteine synthase OS=Brassica juncea OX=3707 PE=2 SV=1
TRINITY_DN22_c1_g1_i22.p2	sp|Q43153|CYSC_SPIOL	39.4	317	333	368	12	323	44	346	3.41e-59	197	sp|Q43153|CYSC_SPIOL Bifunctional L-3-cyanoalanine synthase/cysteine synthase, mitochondrial OS=Spinacia oleracea OX=3562 GN=CYSC PE=1 SV=1
TRINITY_DN22_c1_g1_i22.p2	sp|Q76MX2|CAS1_SOLTU	38.6	311	333	351	17	323	32	329	6.07e-59	196	sp|Q76MX2|CAS1_SOLTU Bifunctional L-3-cyanoalanine synthase/cysteine synthase 1, mitochondrial OS=Solanum tuberosum OX=4113 GN=PCAS-1 PE=1 SV=1
TRINITY_DN22_c1_g1_i22.p2	sp|Q7DDL5|CYSK_NEIMB	37.7	316	333	310	16	327	2	304	7.75e-59	194	sp|Q7DDL5|CYSK_NEIMB Cysteine synthase OS=Neisseria meningitidis serogroup B (strain ATCC BAA-335 / MC58) OX=122586 GN=cysK PE=1 SV=1
TRINITY_DN22_c1_g1_i22.p2	sp|Q9S6Z7|CYSD1_ARATH	40.1	312	333	324	17	323	8	305	3.21e-58	193	sp|Q9S6Z7|CYSD1_ARATH Bifunctional L-3-cyanoalanine synthase/cysteine synthase D1 OS=Arabidopsis thaliana OX=3702 GN=CYSD1 PE=1 SV=1
TRINITY_DN22_c1_g1_i22.p2	sp|P0A1E4|CYSK_SALTI	38.8	320	333	323	12	323	5	306	4.40e-58	193	sp|P0A1E4|CYSK_SALTI Cysteine synthase A OS=Salmonella typhi OX=90370 GN=cysK PE=3 SV=2
TRINITY_DN22_c1_g1_i22.p2	sp|P0A1E3|CYSK_SALTY	38.8	320	333	323	12	323	5	306	4.40e-58	193	sp|P0A1E3|CYSK_SALTY Cysteine synthase A OS=Salmonella typhimurium (strain LT2 / SGSC1412 / ATCC 700720) OX=99287 GN=cysK PE=1 SV=2
TRINITY_DN22_c1_g1_i22.p2	sp|O81154|CYSK_SOLTU	37.7	316	333	325	13	323	4	305	4.65e-58	193	sp|O81154|CYSK_SOLTU Cysteine synthase OS=Solanum tuberosum OX=4113 PE=2 SV=1
TRINITY_DN22_c1_g1_i22.p2	sp|P0ABK6|CYSK_ECO57	39.4	307	333	323	25	323	12	306	6.20e-58	192	sp|P0ABK6|CYSK_ECO57 Cysteine synthase A OS=Escherichia coli O157:H7 OX=83334 GN=cysK PE=3 SV=2
TRINITY_DN22_c1_g1_i22.p2	sp|P0ABK5|CYSK_ECOLI	39.4	307	333	323	25	323	12	306	6.20e-58	192	sp|P0ABK5|CYSK_ECOLI Cysteine synthase A OS=Escherichia coli (strain K12) OX=83333 GN=cysK PE=1 SV=2
TRINITY_DN22_c1_g1_i22.p2	sp|Q1KLZ2|CAS1_MALDO	38.7	313	333	376	16	323	54	352	6.47e-58	194	sp|Q1KLZ2|CAS1_MALDO L-3-cyanoalanine synthase 1, mitochondrial OS=Malus domestica OX=3750 GN=CAS1 PE=1 SV=1
TRINITY_DN22_c1_g1_i22.p2	sp|P32260|CYSKP_SPIOL	39.4	310	333	383	4	310	54	349	4.27e-57	192	sp|P32260|CYSKP_SPIOL Cysteine synthase, chloroplastic/chromoplastic OS=Spinacia oleracea OX=3562 GN=CYSK PE=1 SV=2
TRINITY_DN22_c1_g1_i22.p2	sp|Q1KLZ1|CAS2_MALDO	38.3	313	333	375	16	323	55	353	9.70e-57	191	sp|Q1KLZ1|CAS2_MALDO L-3-cyanoalanine synthase 2, mitochondrial OS=Malus domestica OX=3750 GN=CAS2 PE=1 SV=1
TRINITY_DN22_c1_g1_i22.p2	sp|O81155|CYSKP_SOLTU	39.0	310	333	386	4	310	56	351	7.65e-55	186	sp|O81155|CYSKP_SOLTU Cysteine synthase, chloroplastic/chromoplastic OS=Solanum tuberosum OX=4113 PE=2 SV=1
TRINITY_DN22_c1_g1_i22.p2	sp|Q9FS29|CAS2_SOLTU	37.8	312	333	347	17	323	28	325	7.92e-55	185	sp|Q9FS29|CAS2_SOLTU Bifunctional L-3-cyanoalanine synthase/cysteine synthase 2, mitochondrial OS=Solanum tuberosum OX=4113 GN=PCAS-2 PE=1 SV=1
TRINITY_DN22_c1_g1_i22.p2	sp|F4K5T2|CGL_ARATH	39.4	312	333	323	17	323	7	304	8.31e-55	184	sp|F4K5T2|CGL_ARATH Bifunctional cystathionine gamma-lyase/cysteine synthase OS=Arabidopsis thaliana OX=3702 GN=DES1 PE=1 SV=1
TRINITY_DN22_c1_g1_i22.p2	sp|Q9SXS7|CYSD2_ARATH	38.6	311	333	323	17	323	7	304	2.32e-54	183	sp|Q9SXS7|CYSD2_ARATH Bifunctional L-3-cyanoalanine synthase/cysteine synthase D2 OS=Arabidopsis thaliana OX=3702 GN=CYSD2 PE=1 SV=1
TRINITY_DN22_c1_g1_i22.p1	sp|D6WMZ8|ESTJ_TRICA	34.2	412	435	588	2	385	123	524	3.79e-56	198	sp|D6WMZ8|ESTJ_TRICA Juvenile hormone esterase OS=Tribolium castaneum OX=7070 GN=Tcjhe PE=1 SV=2
TRINITY_DN22_c1_g1_i22.p1	sp|P12992|ESTJ_HELVI	29.7	445	435	564	3	426	130	552	1.84e-53	190	sp|P12992|ESTJ_HELVI Juvenile hormone esterase OS=Heliothis virescens OX=7102 PE=1 SV=2
TRINITY_DN22_c1_g1_i22.p1	sp|P06276|CHLE_HUMAN	35.3	417	435	602	6	408	137	532	2.48e-52	188	sp|P06276|CHLE_HUMAN Cholinesterase OS=Homo sapiens OX=9606 GN=BCHE PE=1 SV=1
TRINITY_DN22_c1_g1_i22.p1	sp|P81908|CHLE_HORSE	33.5	415	435	574	6	408	109	504	4.21e-51	184	sp|P81908|CHLE_HORSE Cholinesterase OS=Equus caballus OX=9796 GN=BCHE PE=1 SV=1
TRINITY_DN22_c1_g1_i22.p1	sp|P21927|CHLE_RABIT	34.5	417	435	581	6	408	116	511	1.75e-50	182	sp|P21927|CHLE_RABIT Cholinesterase OS=Oryctolagus cuniculus OX=9986 GN=BCHE PE=2 SV=1
TRINITY_DN22_c1_g1_i22.p1	sp|P32749|CHLE_BOVIN	34.0	415	435	602	6	408	137	532	3.33e-50	182	sp|P32749|CHLE_BOVIN Cholinesterase OS=Bos taurus OX=9913 GN=BCHE PE=2 SV=2
TRINITY_DN22_c1_g1_i22.p1	sp|A0A8B0RBM2|ACES_BOMIG	32.6	402	435	555	2	382	122	499	4.23e-49	178	sp|A0A8B0RBM2|ACES_BOMIG Carboxylic ester hydrolase OS=Bombus ignitus OX=130704 GN=vCaE PE=1 SV=1
TRINITY_DN22_c1_g1_i22.p1	sp|Q869C3|ACES_ANOGA	31.2	429	435	737	6	407	272	667	1.12e-48	180	sp|Q869C3|ACES_ANOGA Acetylcholinesterase OS=Anopheles gambiae OX=7165 GN=Ace PE=1 SV=3
TRINITY_DN22_c1_g1_i22.p1	sp|O62760|CHLE_FELCA	33.3	415	435	602	6	408	137	532	1.20e-48	178	sp|O62760|CHLE_FELCA Cholinesterase OS=Felis catus OX=9685 GN=BCHE PE=2 SV=1
TRINITY_DN22_c1_g1_i22.p1	sp|O62761|CHLE_PANTT	33.3	415	435	602	6	408	137	532	1.65e-48	177	sp|O62761|CHLE_PANTT Cholinesterase OS=Panthera tigris tigris OX=74535 GN=BCHE PE=2 SV=1
TRINITY_DN22_c1_g1_i22.p1	sp|P38433|ACE1_CAEEL	30.9	427	435	620	4	405	126	535	1.47e-47	175	sp|P38433|ACE1_CAEEL Acetylcholinesterase 1 OS=Caenorhabditis elegans OX=6239 GN=ace-1 PE=1 SV=1
TRINITY_DN22_c1_g1_i22.p1	sp|Q86GC8|ACES_CULPI	30.7	430	435	702	6	407	239	634	3.68e-47	175	sp|Q86GC8|ACES_CULPI Acetylcholinesterase OS=Culex pipiens OX=7175 GN=ACHE1 PE=2 SV=2
TRINITY_DN22_c1_g1_i22.p1	sp|P35501|ESTE_MYZPE	33.3	420	435	552	2	392	124	515	5.43e-47	172	sp|P35501|ESTE_MYZPE Esterase E4 OS=Myzus persicae OX=13164 PE=1 SV=1
TRINITY_DN22_c1_g1_i22.p1	sp|P35502|ESTF_MYZPE	33.5	415	435	564	2	392	124	515	6.53e-47	172	sp|P35502|ESTF_MYZPE Esterase FE4 OS=Myzus persicae OX=13164 PE=1 SV=1
TRINITY_DN22_c1_g1_i22.p1	sp|P22303|ACES_HUMAN	31.6	418	435	614	5	408	144	545	6.85e-47	173	sp|P22303|ACES_HUMAN Acetylcholinesterase OS=Homo sapiens OX=9606 GN=ACHE PE=1 SV=1
TRINITY_DN22_c1_g1_i22.p1	sp|Q03311|CHLE_MOUSE	32.1	418	435	603	6	408	138	533	1.13e-46	172	sp|Q03311|CHLE_MOUSE Cholinesterase OS=Mus musculus OX=10090 GN=Bche PE=1 SV=2
TRINITY_DN22_c1_g1_i22.p1	sp|Q29499|ACES_RABIT	31.6	418	435	584	5	408	114	515	8.43e-46	170	sp|Q29499|ACES_RABIT Acetylcholinesterase (Fragment) OS=Oryctolagus cuniculus OX=9986 GN=ACHE PE=2 SV=1
TRINITY_DN22_c1_g1_i22.p1	sp|Q8K3R0|EST2A_RAT	34.5	420	435	558	4	403	139	516	4.08e-45	167	sp|Q8K3R0|EST2A_RAT Pyrethroid hydrolase Ces2a OS=Rattus norvegicus OX=10116 GN=Ces2a PE=1 SV=1
TRINITY_DN22_c1_g1_i22.p1	sp|O62763|ACES_FELCA	31.1	418	435	611	5	408	141	542	5.99e-45	168	sp|O62763|ACES_FELCA Acetylcholinesterase OS=Felis catus OX=9685 GN=ACHE PE=3 SV=1
TRINITY_DN22_c1_g1_i22.p1	sp|G3V7J5|EST2E_RAT	32.7	437	435	567	4	429	149	550	6.42e-45	167	sp|G3V7J5|EST2E_RAT Pyrethroid hydrolase Ces2e OS=Rattus norvegicus OX=10116 GN=Ces2e PE=1 SV=2
TRINITY_DN22_c1_g1_i22.p1	sp|Q27459|ACE1_CAEBR	29.2	442	435	620	4	420	126	546	6.67e-45	168	sp|Q27459|ACE1_CAEBR Acetylcholinesterase 1 OS=Caenorhabditis briggsae OX=6238 GN=ace-1 PE=3 SV=1
TRINITY_DN22_c1_g1_i22.p1	sp|Q64573|EST1F_RAT	29.9	445	435	561	4	431	133	551	8.15e-45	167	sp|Q64573|EST1F_RAT Liver carboxylesterase 1F OS=Rattus norvegicus OX=10116 GN=Ces1f PE=1 SV=2
TRINITY_DN22_c1_g1_i22.p1	sp|Q95000|CHLE1_BRALA	35.8	332	435	357	6	321	24	341	1.28e-44	162	sp|Q95000|CHLE1_BRALA Cholinesterase 1 (Fragment) OS=Branchiostoma lanceolatum OX=7740 GN=CHE1 PE=3 SV=1
TRINITY_DN22_c1_g1_i22.p1	sp|Q8NFZ4|NLGN2_HUMAN	27.9	459	435	835	5	433	178	609	1.33e-44	169	sp|Q8NFZ4|NLGN2_HUMAN Neuroligin-2 OS=Homo sapiens OX=9606 GN=NLGN2 PE=1 SV=1
TRINITY_DN22_c1_g1_i22.p1	sp|Q92035|ACES_BUNFA	32.9	419	435	606	5	408	141	537	2.04e-44	166	sp|Q92035|ACES_BUNFA Acetylcholinesterase OS=Bungarus fasciatus OX=8613 GN=ACHE PE=1 SV=2
TRINITY_DN22_c1_g1_i3.p2	sp|P80608|CYSK_MAIZE	43.2	287	333	325	17	300	8	283	1.39e-63	207	sp|P80608|CYSK_MAIZE Cysteine synthase OS=Zea mays OX=4577 PE=1 SV=2
TRINITY_DN22_c1_g1_i3.p2	sp|Q9XEA6|CYSK1_ORYSJ	42.9	289	333	321	17	302	5	282	3.49e-63	206	sp|Q9XEA6|CYSK1_ORYSJ Cysteine synthase OS=Oryza sativa subsp. japonica OX=39947 GN=RCS1 PE=2 SV=2
TRINITY_DN22_c1_g1_i3.p2	sp|P38076|CYSK_WHEAT	42.2	289	333	325	17	302	9	286	5.51e-63	206	sp|P38076|CYSK_WHEAT Cysteine synthase OS=Triticum aestivum OX=4565 GN=CYS1 PE=2 SV=1
TRINITY_DN22_c1_g1_i3.p2	sp|O23733|CYSK1_BRAJU	41.4	290	333	322	15	300	3	280	1.12e-61	202	sp|O23733|CYSK1_BRAJU Cysteine synthase OS=Brassica juncea OX=3707 PE=2 SV=1
TRINITY_DN22_c1_g1_i3.p2	sp|P47998|CYSK1_ARATH	41.1	292	333	322	15	302	3	282	2.23e-61	201	sp|P47998|CYSK1_ARATH Cysteine synthase 1 OS=Arabidopsis thaliana OX=3702 GN=OASA1 PE=1 SV=2
TRINITY_DN22_c1_g1_i3.p2	sp|Q00834|CYSK_SPIOL	39.6	316	333	325	13	323	4	305	4.83e-61	201	sp|Q00834|CYSK_SPIOL Cysteine synthase OS=Spinacia oleracea OX=3562 PE=1 SV=1
TRINITY_DN22_c1_g1_i3.p2	sp|Q43317|CYSK_CITLA	39.0	315	333	325	14	323	5	305	9.60e-61	200	sp|Q43317|CYSK_CITLA Cysteine synthase OS=Citrullus lanatus OX=3654 PE=1 SV=1
TRINITY_DN22_c1_g1_i3.p2	sp|Q9XEA8|CYSK2_ORYSJ	39.5	311	333	325	17	323	8	305	1.35e-60	199	sp|Q9XEA8|CYSK2_ORYSJ Cysteine synthase OS=Oryza sativa subsp. japonica OX=39947 GN=RCS3 PE=2 SV=1
TRINITY_DN22_c1_g1_i3.p2	sp|O23735|CYSK2_BRAJU	41.1	282	333	324	23	300	13	282	5.21e-60	198	sp|O23735|CYSK2_BRAJU Cysteine synthase OS=Brassica juncea OX=3707 PE=2 SV=1
TRINITY_DN22_c1_g1_i3.p2	sp|Q43153|CYSC_SPIOL	39.4	317	333	368	12	323	44	346	3.41e-59	197	sp|Q43153|CYSC_SPIOL Bifunctional L-3-cyanoalanine synthase/cysteine synthase, mitochondrial OS=Spinacia oleracea OX=3562 GN=CYSC PE=1 SV=1
TRINITY_DN22_c1_g1_i3.p2	sp|Q76MX2|CAS1_SOLTU	38.6	311	333	351	17	323	32	329	6.07e-59	196	sp|Q76MX2|CAS1_SOLTU Bifunctional L-3-cyanoalanine synthase/cysteine synthase 1, mitochondrial OS=Solanum tuberosum OX=4113 GN=PCAS-1 PE=1 SV=1
TRINITY_DN22_c1_g1_i3.p2	sp|Q7DDL5|CYSK_NEIMB	37.7	316	333	310	16	327	2	304	7.75e-59	194	sp|Q7DDL5|CYSK_NEIMB Cysteine synthase OS=Neisseria meningitidis serogroup B (strain ATCC BAA-335 / MC58) OX=122586 GN=cysK PE=1 SV=1
TRINITY_DN22_c1_g1_i3.p2	sp|Q9S6Z7|CYSD1_ARATH	40.1	312	333	324	17	323	8	305	3.21e-58	193	sp|Q9S6Z7|CYSD1_ARATH Bifunctional L-3-cyanoalanine synthase/cysteine synthase D1 OS=Arabidopsis thaliana OX=3702 GN=CYSD1 PE=1 SV=1
TRINITY_DN22_c1_g1_i3.p2	sp|P0A1E4|CYSK_SALTI	38.8	320	333	323	12	323	5	306	4.40e-58	193	sp|P0A1E4|CYSK_SALTI Cysteine synthase A OS=Salmonella typhi OX=90370 GN=cysK PE=3 SV=2
TRINITY_DN22_c1_g1_i3.p2	sp|P0A1E3|CYSK_SALTY	38.8	320	333	323	12	323	5	306	4.40e-58	193	sp|P0A1E3|CYSK_SALTY Cysteine synthase A OS=Salmonella typhimurium (strain LT2 / SGSC1412 / ATCC 700720) OX=99287 GN=cysK PE=1 SV=2
TRINITY_DN22_c1_g1_i3.p2	sp|O81154|CYSK_SOLTU	37.7	316	333	325	13	323	4	305	4.65e-58	193	sp|O81154|CYSK_SOLTU Cysteine synthase OS=Solanum tuberosum OX=4113 PE=2 SV=1
TRINITY_DN22_c1_g1_i3.p2	sp|P0ABK6|CYSK_ECO57	39.4	307	333	323	25	323	12	306	6.20e-58	192	sp|P0ABK6|CYSK_ECO57 Cysteine synthase A OS=Escherichia coli O157:H7 OX=83334 GN=cysK PE=3 SV=2
TRINITY_DN22_c1_g1_i3.p2	sp|P0ABK5|CYSK_ECOLI	39.4	307	333	323	25	323	12	306	6.20e-58	192	sp|P0ABK5|CYSK_ECOLI Cysteine synthase A OS=Escherichia coli (strain K12) OX=83333 GN=cysK PE=1 SV=2
TRINITY_DN22_c1_g1_i3.p2	sp|Q1KLZ2|CAS1_MALDO	38.7	313	333	376	16	323	54	352	6.47e-58	194	sp|Q1KLZ2|CAS1_MALDO L-3-cyanoalanine synthase 1, mitochondrial OS=Malus domestica OX=3750 GN=CAS1 PE=1 SV=1
TRINITY_DN22_c1_g1_i3.p2	sp|P32260|CYSKP_SPIOL	39.4	310	333	383	4	310	54	349	4.27e-57	192	sp|P32260|CYSKP_SPIOL Cysteine synthase, chloroplastic/chromoplastic OS=Spinacia oleracea OX=3562 GN=CYSK PE=1 SV=2
TRINITY_DN22_c1_g1_i3.p2	sp|Q1KLZ1|CAS2_MALDO	38.3	313	333	375	16	323	55	353	9.70e-57	191	sp|Q1KLZ1|CAS2_MALDO L-3-cyanoalanine synthase 2, mitochondrial OS=Malus domestica OX=3750 GN=CAS2 PE=1 SV=1
TRINITY_DN22_c1_g1_i3.p2	sp|O81155|CYSKP_SOLTU	39.0	310	333	386	4	310	56	351	7.65e-55	186	sp|O81155|CYSKP_SOLTU Cysteine synthase, chloroplastic/chromoplastic OS=Solanum tuberosum OX=4113 PE=2 SV=1
TRINITY_DN22_c1_g1_i3.p2	sp|Q9FS29|CAS2_SOLTU	37.8	312	333	347	17	323	28	325	7.92e-55	185	sp|Q9FS29|CAS2_SOLTU Bifunctional L-3-cyanoalanine synthase/cysteine synthase 2, mitochondrial OS=Solanum tuberosum OX=4113 GN=PCAS-2 PE=1 SV=1
TRINITY_DN22_c1_g1_i3.p2	sp|F4K5T2|CGL_ARATH	39.4	312	333	323	17	323	7	304	8.31e-55	184	sp|F4K5T2|CGL_ARATH Bifunctional cystathionine gamma-lyase/cysteine synthase OS=Arabidopsis thaliana OX=3702 GN=DES1 PE=1 SV=1
TRINITY_DN22_c1_g1_i3.p2	sp|Q9SXS7|CYSD2_ARATH	38.6	311	333	323	17	323	7	304	2.32e-54	183	sp|Q9SXS7|CYSD2_ARATH Bifunctional L-3-cyanoalanine synthase/cysteine synthase D2 OS=Arabidopsis thaliana OX=3702 GN=CYSD2 PE=1 SV=1
TRINITY_DN22_c1_g1_i3.p1	sp|D6WMZ8|ESTJ_TRICA	34.2	412	435	588	2	385	123	524	3.79e-56	198	sp|D6WMZ8|ESTJ_TRICA Juvenile hormone esterase OS=Tribolium castaneum OX=7070 GN=Tcjhe PE=1 SV=2
TRINITY_DN22_c1_g1_i3.p1	sp|P12992|ESTJ_HELVI	29.7	445	435	564	3	426	130	552	1.84e-53	190	sp|P12992|ESTJ_HELVI Juvenile hormone esterase OS=Heliothis virescens OX=7102 PE=1 SV=2
TRINITY_DN22_c1_g1_i3.p1	sp|P06276|CHLE_HUMAN	35.3	417	435	602	6	408	137	532	2.48e-52	188	sp|P06276|CHLE_HUMAN Cholinesterase OS=Homo sapiens OX=9606 GN=BCHE PE=1 SV=1
TRINITY_DN22_c1_g1_i3.p1	sp|P81908|CHLE_HORSE	33.5	415	435	574	6	408	109	504	4.21e-51	184	sp|P81908|CHLE_HORSE Cholinesterase OS=Equus caballus OX=9796 GN=BCHE PE=1 SV=1
TRINITY_DN22_c1_g1_i3.p1	sp|P21927|CHLE_RABIT	34.5	417	435	581	6	408	116	511	1.75e-50	182	sp|P21927|CHLE_RABIT Cholinesterase OS=Oryctolagus cuniculus OX=9986 GN=BCHE PE=2 SV=1
TRINITY_DN22_c1_g1_i3.p1	sp|P32749|CHLE_BOVIN	34.0	415	435	602	6	408	137	532	3.33e-50	182	sp|P32749|CHLE_BOVIN Cholinesterase OS=Bos taurus OX=9913 GN=BCHE PE=2 SV=2
TRINITY_DN22_c1_g1_i3.p1	sp|A0A8B0RBM2|ACES_BOMIG	32.6	402	435	555	2	382	122	499	4.23e-49	178	sp|A0A8B0RBM2|ACES_BOMIG Carboxylic ester hydrolase OS=Bombus ignitus OX=130704 GN=vCaE PE=1 SV=1
TRINITY_DN22_c1_g1_i3.p1	sp|Q869C3|ACES_ANOGA	31.2	429	435	737	6	407	272	667	1.12e-48	180	sp|Q869C3|ACES_ANOGA Acetylcholinesterase OS=Anopheles gambiae OX=7165 GN=Ace PE=1 SV=3
TRINITY_DN22_c1_g1_i3.p1	sp|O62760|CHLE_FELCA	33.3	415	435	602	6	408	137	532	1.20e-48	178	sp|O62760|CHLE_FELCA Cholinesterase OS=Felis catus OX=9685 GN=BCHE PE=2 SV=1
TRINITY_DN22_c1_g1_i3.p1	sp|O62761|CHLE_PANTT	33.3	415	435	602	6	408	137	532	1.65e-48	177	sp|O62761|CHLE_PANTT Cholinesterase OS=Panthera tigris tigris OX=74535 GN=BCHE PE=2 SV=1
TRINITY_DN22_c1_g1_i3.p1	sp|P38433|ACE1_CAEEL	30.9	427	435	620	4	405	126	535	1.47e-47	175	sp|P38433|ACE1_CAEEL Acetylcholinesterase 1 OS=Caenorhabditis elegans OX=6239 GN=ace-1 PE=1 SV=1
TRINITY_DN22_c1_g1_i3.p1	sp|Q86GC8|ACES_CULPI	30.7	430	435	702	6	407	239	634	3.68e-47	175	sp|Q86GC8|ACES_CULPI Acetylcholinesterase OS=Culex pipiens OX=7175 GN=ACHE1 PE=2 SV=2
TRINITY_DN22_c1_g1_i3.p1	sp|P35501|ESTE_MYZPE	33.3	420	435	552	2	392	124	515	5.43e-47	172	sp|P35501|ESTE_MYZPE Esterase E4 OS=Myzus persicae OX=13164 PE=1 SV=1
TRINITY_DN22_c1_g1_i3.p1	sp|P35502|ESTF_MYZPE	33.5	415	435	564	2	392	124	515	6.53e-47	172	sp|P35502|ESTF_MYZPE Esterase FE4 OS=Myzus persicae OX=13164 PE=1 SV=1
TRINITY_DN22_c1_g1_i3.p1	sp|P22303|ACES_HUMAN	31.6	418	435	614	5	408	144	545	6.85e-47	173	sp|P22303|ACES_HUMAN Acetylcholinesterase OS=Homo sapiens OX=9606 GN=ACHE PE=1 SV=1
TRINITY_DN22_c1_g1_i3.p1	sp|Q03311|CHLE_MOUSE	32.1	418	435	603	6	408	138	533	1.13e-46	172	sp|Q03311|CHLE_MOUSE Cholinesterase OS=Mus musculus OX=10090 GN=Bche PE=1 SV=2
TRINITY_DN22_c1_g1_i3.p1	sp|Q29499|ACES_RABIT	31.6	418	435	584	5	408	114	515	8.43e-46	170	sp|Q29499|ACES_RABIT Acetylcholinesterase (Fragment) OS=Oryctolagus cuniculus OX=9986 GN=ACHE PE=2 SV=1
TRINITY_DN22_c1_g1_i3.p1	sp|Q8K3R0|EST2A_RAT	34.5	420	435	558	4	403	139	516	4.08e-45	167	sp|Q8K3R0|EST2A_RAT Pyrethroid hydrolase Ces2a OS=Rattus norvegicus OX=10116 GN=Ces2a PE=1 SV=1
TRINITY_DN22_c1_g1_i3.p1	sp|O62763|ACES_FELCA	31.1	418	435	611	5	408	141	542	5.99e-45	168	sp|O62763|ACES_FELCA Acetylcholinesterase OS=Felis catus OX=9685 GN=ACHE PE=3 SV=1
TRINITY_DN22_c1_g1_i3.p1	sp|G3V7J5|EST2E_RAT	32.7	437	435	567	4	429	149	550	6.42e-45	167	sp|G3V7J5|EST2E_RAT Pyrethroid hydrolase Ces2e OS=Rattus norvegicus OX=10116 GN=Ces2e PE=1 SV=2
TRINITY_DN22_c1_g1_i3.p1	sp|Q27459|ACE1_CAEBR	29.2	442	435	620	4	420	126	546	6.67e-45	168	sp|Q27459|ACE1_CAEBR Acetylcholinesterase 1 OS=Caenorhabditis briggsae OX=6238 GN=ace-1 PE=3 SV=1
TRINITY_DN22_c1_g1_i3.p1	sp|Q64573|EST1F_RAT	29.9	445	435	561	4	431	133	551	8.15e-45	167	sp|Q64573|EST1F_RAT Liver carboxylesterase 1F OS=Rattus norvegicus OX=10116 GN=Ces1f PE=1 SV=2
TRINITY_DN22_c1_g1_i3.p1	sp|Q95000|CHLE1_BRALA	35.8	332	435	357	6	321	24	341	1.28e-44	162	sp|Q95000|CHLE1_BRALA Cholinesterase 1 (Fragment) OS=Branchiostoma lanceolatum OX=7740 GN=CHE1 PE=3 SV=1
TRINITY_DN22_c1_g1_i3.p1	sp|Q8NFZ4|NLGN2_HUMAN	27.9	459	435	835	5	433	178	609	1.33e-44	169	sp|Q8NFZ4|NLGN2_HUMAN Neuroligin-2 OS=Homo sapiens OX=9606 GN=NLGN2 PE=1 SV=1
TRINITY_DN22_c1_g1_i3.p1	sp|Q92035|ACES_BUNFA	32.9	419	435	606	5	408	141	537	2.04e-44	166	sp|Q92035|ACES_BUNFA Acetylcholinesterase OS=Bungarus fasciatus OX=8613 GN=ACHE PE=1 SV=2
TRINITY_DN22_c2_g1_i1.p1	sp|D6WMZ8|ESTJ_TRICA	30.8	565	557	588	11	533	30	575	1.32e-60	213	sp|D6WMZ8|ESTJ_TRICA Juvenile hormone esterase OS=Tribolium castaneum OX=7070 GN=Tcjhe PE=1 SV=2
TRINITY_DN22_c2_g1_i1.p1	sp|P35502|ESTF_MYZPE	30.5	511	557	564	12	505	29	521	2.20e-56	201	sp|P35502|ESTF_MYZPE Esterase FE4 OS=Myzus persicae OX=13164 PE=1 SV=1
TRINITY_DN22_c2_g1_i1.p1	sp|Q5XG92|EST4A_HUMAN	31.0	548	557	561	12	538	29	551	5.56e-56	200	sp|Q5XG92|EST4A_HUMAN Carboxylesterase 4A OS=Homo sapiens OX=9606 GN=CES4A PE=1 SV=2
TRINITY_DN22_c2_g1_i1.p1	sp|P35501|ESTE_MYZPE	30.0	506	557	552	12	500	29	516	2.33e-53	193	sp|P35501|ESTE_MYZPE Esterase E4 OS=Myzus persicae OX=13164 PE=1 SV=1
TRINITY_DN22_c2_g1_i1.p1	sp|B2D0J5|EST6_APIME	31.2	443	557	557	12	439	28	453	2.56e-53	193	sp|B2D0J5|EST6_APIME Venom carboxylesterase-6 OS=Apis mellifera OX=7460 PE=2 SV=1
TRINITY_DN22_c2_g1_i1.p1	sp|P0C6R3|EST4A_BOVIN	30.6	552	557	550	11	538	28	549	4.32e-53	192	sp|P0C6R3|EST4A_BOVIN Carboxylesterase 4A OS=Bos taurus OX=9913 GN=CES4A PE=2 SV=1
TRINITY_DN22_c2_g1_i1.p1	sp|P37967|PNBA_BACSU	31.0	533	557	489	11	529	5	479	1.81e-52	189	sp|P37967|PNBA_BACSU Para-nitrobenzyl esterase OS=Bacillus subtilis (strain 168) OX=224308 GN=pnbA PE=1 SV=2
TRINITY_DN22_c2_g1_i1.p1	sp|Q91WG0|EST2C_MOUSE	29.7	545	557	561	7	533	31	540	5.12e-52	189	sp|Q91WG0|EST2C_MOUSE Acylcarnitine hydrolase OS=Mus musculus OX=10090 GN=Ces2c PE=1 SV=1
TRINITY_DN22_c2_g1_i1.p1	sp|Q8R0W5|EST4A_MOUSE	31.2	541	557	563	14	538	38	559	7.34e-52	189	sp|Q8R0W5|EST4A_MOUSE Carboxylesterase 4A OS=Mus musculus OX=10090 GN=Ces4a PE=2 SV=2
TRINITY_DN22_c2_g1_i1.p1	sp|Q6AW47|EST5A_CANLF	31.7	524	557	575	34	533	57	539	4.54e-51	187	sp|Q6AW47|EST5A_CANLF Carboxylesterase 5A OS=Canis lupus familiaris OX=9615 GN=CES5A PE=2 SV=1
TRINITY_DN22_c2_g1_i1.p1	sp|Q8BK48|EST2E_MOUSE	29.5	539	557	559	11	533	33	538	4.79e-51	187	sp|Q8BK48|EST2E_MOUSE Pyrethroid hydrolase Ces2e OS=Mus musculus OX=10090 GN=Ces2e PE=1 SV=1
TRINITY_DN22_c2_g1_i1.p1	sp|Q04791|SASB_ANAPL	31.6	550	557	557	12	539	32	545	1.69e-50	185	sp|Q04791|SASB_ANAPL Fatty acyl-CoA hydrolase precursor, medium chain OS=Anas platyrhynchos OX=8839 PE=1 SV=1
TRINITY_DN22_c2_g1_i1.p1	sp|Q69ZK9|NLGN2_MOUSE	28.6	615	557	836	6	545	38	617	2.54e-50	189	sp|Q69ZK9|NLGN2_MOUSE Neuroligin-2 OS=Mus musculus OX=10090 GN=Nlgn2 PE=1 SV=2
TRINITY_DN22_c2_g1_i1.p1	sp|A0A8B0RBM2|ACES_BOMIG	33.8	402	557	555	12	401	26	411	3.12e-50	184	sp|A0A8B0RBM2|ACES_BOMIG Carboxylic ester hydrolase OS=Bombus ignitus OX=130704 GN=vCaE PE=1 SV=1
TRINITY_DN22_c2_g1_i1.p1	sp|Q8NFZ4|NLGN2_HUMAN	28.6	616	557	835	6	545	38	617	8.71e-50	187	sp|Q8NFZ4|NLGN2_HUMAN Neuroligin-2 OS=Homo sapiens OX=9606 GN=NLGN2 PE=1 SV=1
TRINITY_DN22_c2_g1_i1.p1	sp|Q62888|NLGN2_RAT	28.5	615	557	836	6	545	38	617	8.77e-50	187	sp|Q62888|NLGN2_RAT Neuroligin-2 OS=Rattus norvegicus OX=10116 GN=Nlgn2 PE=1 SV=1
TRINITY_DN22_c2_g1_i1.p1	sp|O00748|EST2_HUMAN	29.9	518	557	559	34	533	58	538	1.22e-49	183	sp|O00748|EST2_HUMAN Cocaine esterase OS=Homo sapiens OX=9606 GN=CES2 PE=1 SV=1
TRINITY_DN22_c2_g1_i1.p1	sp|Q6NT32|EST5A_HUMAN	30.5	524	557	575	34	535	57	541	1.58e-49	183	sp|Q6NT32|EST5A_HUMAN Carboxylesterase 5A OS=Homo sapiens OX=9606 GN=CES5A PE=1 SV=1
TRINITY_DN22_c2_g1_i1.p1	sp|G3V7J5|EST2E_RAT	29.8	526	557	567	25	533	59	546	2.65e-49	182	sp|G3V7J5|EST2E_RAT Pyrethroid hydrolase Ces2e OS=Rattus norvegicus OX=10116 GN=Ces2e PE=1 SV=2
TRINITY_DN22_c2_g1_i1.p1	sp|O70631|EST2C_RAT	29.0	544	557	561	7	533	31	540	4.57e-49	181	sp|O70631|EST2C_RAT Acylcarnitine hydrolase OS=Rattus norvegicus OX=10116 GN=Ces2c PE=1 SV=2
TRINITY_DN22_c2_g1_i1.p1	sp|P12992|ESTJ_HELVI	27.8	511	557	564	11	496	29	518	1.26e-48	180	sp|P12992|ESTJ_HELVI Juvenile hormone esterase OS=Heliothis virescens OX=7102 PE=1 SV=2
TRINITY_DN22_c2_g1_i1.p1	sp|Q62765|NLGN1_RAT	29.4	595	557	843	6	516	49	609	1.47e-48	184	sp|Q62765|NLGN1_RAT Neuroligin-1 OS=Rattus norvegicus OX=10116 GN=Nlgn1 PE=1 SV=1
TRINITY_DN22_c2_g1_i1.p1	sp|P81908|CHLE_HORSE	28.9	558	557	574	7	533	1	522	1.48e-48	180	sp|P81908|CHLE_HORSE Cholinesterase OS=Equus caballus OX=9796 GN=BCHE PE=1 SV=1
TRINITY_DN22_c2_g1_i1.p1	sp|P22303|ACES_HUMAN	28.7	513	557	614	6	488	35	520	1.95e-48	181	sp|P22303|ACES_HUMAN Acetylcholinesterase OS=Homo sapiens OX=9606 GN=ACHE PE=1 SV=1
TRINITY_DN22_c2_g1_i1.p1	sp|P38433|ACE1_CAEEL	27.3	535	557	620	33	533	44	561	2.11e-48	181	sp|P38433|ACE1_CAEEL Acetylcholinesterase 1 OS=Caenorhabditis elegans OX=6239 GN=ace-1 PE=1 SV=1
TRINITY_DN2312_c0_g1_i1.p1	sp|P12992|ESTJ_HELVI	32.8	533	533	564	24	531	48	564	9.61e-83	271	sp|P12992|ESTJ_HELVI Juvenile hormone esterase OS=Heliothis virescens OX=7102 PE=1 SV=2
TRINITY_DN2312_c0_g1_i1.p1	sp|D6WMZ8|ESTJ_TRICA	34.8	511	533	588	16	505	42	544	8.02e-79	261	sp|D6WMZ8|ESTJ_TRICA Juvenile hormone esterase OS=Tribolium castaneum OX=7070 GN=Tcjhe PE=1 SV=2
TRINITY_DN2312_c0_g1_i1.p1	sp|A0A8B0RBM2|ACES_BOMIG	32.8	540	533	555	3	524	25	544	1.97e-72	243	sp|A0A8B0RBM2|ACES_BOMIG Carboxylic ester hydrolase OS=Bombus ignitus OX=130704 GN=vCaE PE=1 SV=1
TRINITY_DN2312_c0_g1_i1.p1	sp|P16854|EST1_CULPI	33.1	523	533	540	24	525	27	534	2.71e-72	243	sp|P16854|EST1_CULPI Esterase B1 OS=Culex pipiens OX=7175 GN=B1 PE=3 SV=1
TRINITY_DN2312_c0_g1_i1.p1	sp|B2D0J5|EST6_APIME	32.4	561	533	557	6	524	16	549	8.27e-71	239	sp|B2D0J5|EST6_APIME Venom carboxylesterase-6 OS=Apis mellifera OX=7460 PE=2 SV=1
TRINITY_DN2312_c0_g1_i1.p1	sp|Q92035|ACES_BUNFA	32.1	546	533	606	3	521	38	555	2.76e-65	226	sp|Q92035|ACES_BUNFA Acetylcholinesterase OS=Bungarus fasciatus OX=8613 GN=ACHE PE=1 SV=2
TRINITY_DN2312_c0_g1_i1.p1	sp|Q869C3|ACES_ANOGA	32.7	542	533	737	4	522	168	687	5.29e-65	228	sp|Q869C3|ACES_ANOGA Acetylcholinesterase OS=Anopheles gambiae OX=7165 GN=Ace PE=1 SV=3
TRINITY_DN2312_c0_g1_i1.p1	sp|P35502|ESTF_MYZPE	33.4	503	533	564	3	485	28	509	1.67e-64	223	sp|P35502|ESTF_MYZPE Esterase FE4 OS=Myzus persicae OX=13164 PE=1 SV=1
TRINITY_DN2312_c0_g1_i1.p1	sp|Q86GC8|ACES_CULPI	32.4	537	533	702	9	522	140	654	2.17e-64	225	sp|Q86GC8|ACES_CULPI Acetylcholinesterase OS=Culex pipiens OX=7175 GN=ACHE1 PE=2 SV=2
TRINITY_DN2312_c0_g1_i1.p1	sp|P04058|ACES_TETCF	32.5	517	533	586	12	503	33	526	3.66e-64	222	sp|P04058|ACES_TETCF Acetylcholinesterase OS=Tetronarce californica OX=7787 GN=ache PE=1 SV=2
TRINITY_DN2312_c0_g1_i1.p1	sp|P35501|ESTE_MYZPE	33.0	503	533	552	3	485	28	509	2.58e-63	219	sp|P35501|ESTE_MYZPE Esterase E4 OS=Myzus persicae OX=13164 PE=1 SV=1
TRINITY_DN2312_c0_g1_i1.p1	sp|P21836|ACES_MOUSE	32.7	547	533	614	4	521	41	563	6.41e-63	219	sp|P21836|ACES_MOUSE Acetylcholinesterase OS=Mus musculus OX=10090 GN=Ache PE=1 SV=1
TRINITY_DN2312_c0_g1_i1.p1	sp|P37136|ACES_RAT	32.4	547	533	614	4	521	41	563	1.73e-61	216	sp|P37136|ACES_RAT Acetylcholinesterase OS=Rattus norvegicus OX=10116 GN=Ache PE=1 SV=1
TRINITY_DN2312_c0_g1_i1.p1	sp|Q29499|ACES_RABIT	32.8	524	533	584	27	521	32	533	2.64e-61	214	sp|Q29499|ACES_RABIT Acetylcholinesterase (Fragment) OS=Oryctolagus cuniculus OX=9986 GN=ACHE PE=2 SV=1
TRINITY_DN2312_c0_g1_i1.p1	sp|P23795|ACES_BOVIN	32.3	523	533	613	27	521	61	562	6.35e-61	214	sp|P23795|ACES_BOVIN Acetylcholinesterase OS=Bos taurus OX=9913 GN=ACHE PE=1 SV=2
TRINITY_DN2312_c0_g1_i1.p1	sp|P07692|ACES_TORMA	31.7	517	533	590	12	503	36	529	7.98e-61	213	sp|P07692|ACES_TORMA Acetylcholinesterase OS=Torpedo marmorata OX=7788 GN=ache PE=1 SV=2
TRINITY_DN2312_c0_g1_i1.p1	sp|Q27677|ACES_LEPDE	29.8	564	533	629	15	524	43	580	8.47e-61	214	sp|Q27677|ACES_LEPDE Acetylcholinesterase OS=Leptinotarsa decemlineata OX=7539 PE=2 SV=1
TRINITY_DN2312_c0_g1_i1.p1	sp|O62763|ACES_FELCA	32.7	523	533	611	27	521	59	560	8.51e-61	214	sp|O62763|ACES_FELCA Acetylcholinesterase OS=Felis catus OX=9685 GN=ACHE PE=3 SV=1
TRINITY_DN2312_c0_g1_i1.p1	sp|P22303|ACES_HUMAN	32.2	546	533	614	4	521	41	563	8.99e-61	214	sp|P22303|ACES_HUMAN Acetylcholinesterase OS=Homo sapiens OX=9606 GN=ACHE PE=1 SV=1
TRINITY_DN2312_c0_g1_i1.p1	sp|P21927|CHLE_RABIT	31.6	525	533	581	27	525	34	533	6.76e-60	211	sp|P21927|CHLE_RABIT Cholinesterase OS=Oryctolagus cuniculus OX=9986 GN=BCHE PE=2 SV=1
TRINITY_DN2312_c0_g1_i1.p1	sp|P37967|PNBA_BACSU	32.8	522	533	489	13	516	11	478	7.26e-60	208	sp|P37967|PNBA_BACSU Para-nitrobenzyl esterase OS=Bacillus subtilis (strain 168) OX=224308 GN=pnbA PE=1 SV=2
TRINITY_DN2312_c0_g1_i1.p1	sp|O62761|CHLE_PANTT	31.2	532	533	602	22	525	50	554	1.39e-59	210	sp|O62761|CHLE_PANTT Cholinesterase OS=Panthera tigris tigris OX=74535 GN=BCHE PE=2 SV=1
TRINITY_DN2312_c0_g1_i1.p1	sp|P81908|CHLE_HORSE	30.7	527	533	574	27	525	27	526	1.60e-58	207	sp|P81908|CHLE_HORSE Cholinesterase OS=Equus caballus OX=9796 GN=BCHE PE=1 SV=1
TRINITY_DN2312_c0_g1_i1.p1	sp|Q8R0W5|EST4A_MOUSE	30.7	541	533	563	9	524	41	557	1.80e-58	206	sp|Q8R0W5|EST4A_MOUSE Carboxylesterase 4A OS=Mus musculus OX=10090 GN=Ces4a PE=2 SV=2
TRINITY_DN2312_c0_g1_i1.p1	sp|O46421|EST1_MACFA	31.6	547	533	566	28	531	50	556	2.64e-58	206	sp|O46421|EST1_MACFA Liver carboxylesterase 1 OS=Macaca fascicularis OX=9541 GN=CES1 PE=2 SV=1
TRINITY_DN2312_c0_g1_i11.p1	sp|P12992|ESTJ_HELVI	33.5	531	536	564	20	530	43	553	5.67e-82	269	sp|P12992|ESTJ_HELVI Juvenile hormone esterase OS=Heliothis virescens OX=7102 PE=1 SV=2
TRINITY_DN2312_c0_g1_i11.p1	sp|D6WMZ8|ESTJ_TRICA	34.1	504	536	588	25	508	51	544	5.21e-76	254	sp|D6WMZ8|ESTJ_TRICA Juvenile hormone esterase OS=Tribolium castaneum OX=7070 GN=Tcjhe PE=1 SV=2
TRINITY_DN2312_c0_g1_i11.p1	sp|P16854|EST1_CULPI	33.7	495	536	540	4	483	8	484	2.78e-73	245	sp|P16854|EST1_CULPI Esterase B1 OS=Culex pipiens OX=7175 GN=B1 PE=3 SV=1
TRINITY_DN2312_c0_g1_i11.p1	sp|A0A8B0RBM2|ACES_BOMIG	32.1	517	536	555	24	527	45	544	3.40e-69	235	sp|A0A8B0RBM2|ACES_BOMIG Carboxylic ester hydrolase OS=Bombus ignitus OX=130704 GN=vCaE PE=1 SV=1
TRINITY_DN2312_c0_g1_i11.p1	sp|B2D0J5|EST6_APIME	33.2	491	536	557	22	497	45	515	3.70e-68	232	sp|B2D0J5|EST6_APIME Venom carboxylesterase-6 OS=Apis mellifera OX=7460 PE=2 SV=1
TRINITY_DN2312_c0_g1_i11.p1	sp|P35502|ESTF_MYZPE	33.7	499	536	564	3	488	28	509	3.20e-67	230	sp|P35502|ESTF_MYZPE Esterase FE4 OS=Myzus persicae OX=13164 PE=1 SV=1
TRINITY_DN2312_c0_g1_i11.p1	sp|P35501|ESTE_MYZPE	33.3	499	536	552	3	488	28	509	9.66e-66	226	sp|P35501|ESTE_MYZPE Esterase E4 OS=Myzus persicae OX=13164 PE=1 SV=1
TRINITY_DN2312_c0_g1_i11.p1	sp|Q92035|ACES_BUNFA	32.5	548	536	606	2	524	37	555	8.14e-64	222	sp|Q92035|ACES_BUNFA Acetylcholinesterase OS=Bungarus fasciatus OX=8613 GN=ACHE PE=1 SV=2
TRINITY_DN2312_c0_g1_i11.p1	sp|Q869C3|ACES_ANOGA	32.5	548	536	737	4	525	168	687	7.33e-62	219	sp|Q869C3|ACES_ANOGA Acetylcholinesterase OS=Anopheles gambiae OX=7165 GN=Ace PE=1 SV=3
TRINITY_DN2312_c0_g1_i11.p1	sp|Q86GC8|ACES_CULPI	32.6	546	536	702	4	525	135	654	8.34e-62	218	sp|Q86GC8|ACES_CULPI Acetylcholinesterase OS=Culex pipiens OX=7175 GN=ACHE1 PE=2 SV=2
TRINITY_DN2312_c0_g1_i11.p1	sp|P21836|ACES_MOUSE	32.0	550	536	614	4	524	41	563	1.34e-61	216	sp|P21836|ACES_MOUSE Acetylcholinesterase OS=Mus musculus OX=10090 GN=Ache PE=1 SV=1
TRINITY_DN2312_c0_g1_i11.p1	sp|P37136|ACES_RAT	32.4	549	536	614	4	524	41	563	1.34e-61	216	sp|P37136|ACES_RAT Acetylcholinesterase OS=Rattus norvegicus OX=10116 GN=Ache PE=1 SV=1
TRINITY_DN2312_c0_g1_i11.p1	sp|P23795|ACES_BOVIN	32.2	549	536	613	4	524	40	562	2.54e-61	215	sp|P23795|ACES_BOVIN Acetylcholinesterase OS=Bos taurus OX=9913 GN=ACHE PE=1 SV=2
TRINITY_DN2312_c0_g1_i11.p1	sp|P22303|ACES_HUMAN	32.1	549	536	614	4	524	41	563	1.34e-60	213	sp|P22303|ACES_HUMAN Acetylcholinesterase OS=Homo sapiens OX=9606 GN=ACHE PE=1 SV=1
TRINITY_DN2312_c0_g1_i11.p1	sp|O62763|ACES_FELCA	32.4	549	536	611	4	524	38	560	1.76e-60	213	sp|O62763|ACES_FELCA Acetylcholinesterase OS=Felis catus OX=9685 GN=ACHE PE=3 SV=1
TRINITY_DN2312_c0_g1_i11.p1	sp|Q29499|ACES_RABIT	32.2	549	536	584	4	524	11	533	2.85e-60	212	sp|Q29499|ACES_RABIT Acetylcholinesterase (Fragment) OS=Oryctolagus cuniculus OX=9986 GN=ACHE PE=2 SV=1
TRINITY_DN2312_c0_g1_i11.p1	sp|P04058|ACES_TETCF	32.5	507	536	586	27	506	50	526	1.11e-59	210	sp|P04058|ACES_TETCF Acetylcholinesterase OS=Tetronarce californica OX=7787 GN=ache PE=1 SV=2
TRINITY_DN2312_c0_g1_i11.p1	sp|Q64573|EST1F_RAT	31.4	548	536	561	12	527	22	548	2.57e-58	206	sp|Q64573|EST1F_RAT Liver carboxylesterase 1F OS=Rattus norvegicus OX=10116 GN=Ces1f PE=1 SV=2
TRINITY_DN2312_c0_g1_i11.p1	sp|P37967|PNBA_BACSU	32.1	511	536	489	20	519	16	478	1.13e-57	202	sp|P37967|PNBA_BACSU Para-nitrobenzyl esterase OS=Bacillus subtilis (strain 168) OX=224308 GN=pnbA PE=1 SV=2
TRINITY_DN2312_c0_g1_i11.p1	sp|O46421|EST1_MACFA	30.2	577	536	566	12	534	22	556	2.04e-57	204	sp|O46421|EST1_MACFA Liver carboxylesterase 1 OS=Macaca fascicularis OX=9541 GN=CES1 PE=2 SV=1
TRINITY_DN2312_c0_g1_i11.p1	sp|Q63010|EST5_RAT	29.9	548	536	561	12	527	22	548	6.90e-57	202	sp|Q63010|EST5_RAT Liver carboxylesterase B-1 OS=Rattus norvegicus OX=10116 PE=1 SV=1
TRINITY_DN2312_c0_g1_i11.p1	sp|P21927|CHLE_RABIT	31.6	528	536	581	23	528	30	533	1.39e-56	202	sp|P21927|CHLE_RABIT Cholinesterase OS=Oryctolagus cuniculus OX=9986 GN=BCHE PE=2 SV=1
TRINITY_DN2312_c0_g1_i11.p1	sp|Q8R0W5|EST4A_MOUSE	29.8	540	536	563	7	527	39	557	1.92e-56	201	sp|Q8R0W5|EST4A_MOUSE Carboxylesterase 4A OS=Mus musculus OX=10090 GN=Ces4a PE=2 SV=2
TRINITY_DN2312_c0_g1_i11.p1	sp|P23953|EST1C_MOUSE	31.3	544	536	554	4	527	26	537	2.25e-56	201	sp|P23953|EST1C_MOUSE Carboxylesterase 1C OS=Mus musculus OX=10090 GN=Ces1c PE=1 SV=4
TRINITY_DN2312_c0_g1_i11.p1	sp|P07692|ACES_TORMA	31.8	507	536	590	27	506	53	529	4.36e-56	201	sp|P07692|ACES_TORMA Acetylcholinesterase OS=Torpedo marmorata OX=7788 GN=ache PE=1 SV=2
TRINITY_DN2312_c0_g1_i11.p2	sp|P12992|ESTJ_HELVI	38.6	352	362	564	24	362	48	391	5.10e-73	239	sp|P12992|ESTJ_HELVI Juvenile hormone esterase OS=Heliothis virescens OX=7102 PE=1 SV=2
TRINITY_DN2312_c0_g1_i11.p2	sp|D6WMZ8|ESTJ_TRICA	40.1	339	362	588	25	354	51	383	5.04e-71	235	sp|D6WMZ8|ESTJ_TRICA Juvenile hormone esterase OS=Tribolium castaneum OX=7070 GN=Tcjhe PE=1 SV=2
TRINITY_DN2312_c0_g1_i11.p2	sp|B2D0J5|EST6_APIME	42.3	331	362	557	25	348	48	368	7.08e-71	234	sp|B2D0J5|EST6_APIME Venom carboxylesterase-6 OS=Apis mellifera OX=7460 PE=2 SV=1
TRINITY_DN2312_c0_g1_i11.p2	sp|P16854|EST1_CULPI	37.8	362	362	540	4	360	8	353	7.30e-70	231	sp|P16854|EST1_CULPI Esterase B1 OS=Culex pipiens OX=7175 GN=B1 PE=3 SV=1
TRINITY_DN2312_c0_g1_i11.p2	sp|A0A8B0RBM2|ACES_BOMIG	40.2	333	362	555	24	348	45	363	5.55e-69	229	sp|A0A8B0RBM2|ACES_BOMIG Carboxylic ester hydrolase OS=Bombus ignitus OX=130704 GN=vCaE PE=1 SV=1
TRINITY_DN2312_c0_g1_i11.p2	sp|P35502|ESTF_MYZPE	40.2	326	362	564	3	323	28	339	5.48e-67	224	sp|P35502|ESTF_MYZPE Esterase FE4 OS=Myzus persicae OX=13164 PE=1 SV=1
TRINITY_DN2312_c0_g1_i11.p2	sp|P35501|ESTE_MYZPE	39.6	326	362	552	3	323	28	339	1.25e-65	220	sp|P35501|ESTE_MYZPE Esterase E4 OS=Myzus persicae OX=13164 PE=1 SV=1
TRINITY_DN2312_c0_g1_i11.p2	sp|Q92035|ACES_BUNFA	37.2	358	362	606	2	341	37	380	3.02e-62	212	sp|Q92035|ACES_BUNFA Acetylcholinesterase OS=Bungarus fasciatus OX=8613 GN=ACHE PE=1 SV=2
TRINITY_DN2312_c0_g1_i11.p2	sp|O62763|ACES_FELCA	38.1	341	362	611	4	326	38	365	9.00e-62	211	sp|O62763|ACES_FELCA Acetylcholinesterase OS=Felis catus OX=9685 GN=ACHE PE=3 SV=1
TRINITY_DN2312_c0_g1_i11.p2	sp|P23795|ACES_BOVIN	37.8	341	362	613	4	326	40	367	9.33e-62	211	sp|P23795|ACES_BOVIN Acetylcholinesterase OS=Bos taurus OX=9913 GN=ACHE PE=1 SV=2
TRINITY_DN2312_c0_g1_i11.p2	sp|Q29499|ACES_RABIT	38.4	341	362	584	4	326	11	338	1.11e-60	207	sp|Q29499|ACES_RABIT Acetylcholinesterase (Fragment) OS=Oryctolagus cuniculus OX=9986 GN=ACHE PE=2 SV=1
TRINITY_DN2312_c0_g1_i11.p2	sp|P21836|ACES_MOUSE	36.7	360	362	614	4	341	41	387	1.91e-60	207	sp|P21836|ACES_MOUSE Acetylcholinesterase OS=Mus musculus OX=10090 GN=Ache PE=1 SV=1
TRINITY_DN2312_c0_g1_i11.p2	sp|P04058|ACES_TETCF	37.7	334	362	586	27	341	50	370	3.15e-60	206	sp|P04058|ACES_TETCF Acetylcholinesterase OS=Tetronarce californica OX=7787 GN=ache PE=1 SV=2
TRINITY_DN2312_c0_g1_i11.p2	sp|P37136|ACES_RAT	36.7	360	362	614	4	341	41	387	3.73e-60	207	sp|P37136|ACES_RAT Acetylcholinesterase OS=Rattus norvegicus OX=10116 GN=Ache PE=1 SV=1
TRINITY_DN2312_c0_g1_i11.p2	sp|P22303|ACES_HUMAN	37.5	341	362	614	4	326	41	368	1.01e-59	206	sp|P22303|ACES_HUMAN Acetylcholinesterase OS=Homo sapiens OX=9606 GN=ACHE PE=1 SV=1
TRINITY_DN2312_c0_g1_i11.p2	sp|Q86GC8|ACES_CULPI	38.2	346	362	702	4	337	135	467	1.48e-58	204	sp|Q86GC8|ACES_CULPI Acetylcholinesterase OS=Culex pipiens OX=7175 GN=ACHE1 PE=2 SV=2
TRINITY_DN2312_c0_g1_i11.p2	sp|O42275|ACES_ELEEL	39.4	315	362	633	27	326	53	355	7.48e-58	201	sp|O42275|ACES_ELEEL Acetylcholinesterase OS=Electrophorus electricus OX=8005 GN=ache PE=3 SV=1
TRINITY_DN2312_c0_g1_i11.p2	sp|O62761|CHLE_PANTT	38.9	332	362	602	22	333	50	367	4.59e-57	198	sp|O62761|CHLE_PANTT Cholinesterase OS=Panthera tigris tigris OX=74535 GN=BCHE PE=2 SV=1
TRINITY_DN2312_c0_g1_i11.p2	sp|P07692|ACES_TORMA	36.4	335	362	590	27	341	53	373	5.21e-57	198	sp|P07692|ACES_TORMA Acetylcholinesterase OS=Torpedo marmorata OX=7788 GN=ache PE=1 SV=2
TRINITY_DN2312_c0_g1_i11.p2	sp|P81908|CHLE_HORSE	38.3	329	362	574	23	333	23	339	5.49e-57	197	sp|P81908|CHLE_HORSE Cholinesterase OS=Equus caballus OX=9796 GN=BCHE PE=1 SV=1
TRINITY_DN2312_c0_g1_i11.p2	sp|Q9DDE3|ACES_DANRE	38.1	315	362	634	27	326	53	355	1.49e-56	197	sp|Q9DDE3|ACES_DANRE Acetylcholinesterase OS=Danio rerio OX=7955 GN=ache PE=1 SV=1
TRINITY_DN2312_c0_g1_i11.p2	sp|P21927|CHLE_RABIT	37.4	337	362	581	23	341	30	354	1.69e-56	196	sp|P21927|CHLE_RABIT Cholinesterase OS=Oryctolagus cuniculus OX=9986 GN=BCHE PE=2 SV=1
TRINITY_DN2312_c0_g1_i11.p2	sp|P37967|PNBA_BACSU	38.6	311	362	489	20	323	16	310	3.00e-56	194	sp|P37967|PNBA_BACSU Para-nitrobenzyl esterase OS=Bacillus subtilis (strain 168) OX=224308 GN=pnbA PE=1 SV=2
TRINITY_DN2312_c0_g1_i11.p2	sp|Q62765|NLGN1_RAT	35.2	349	362	843	23	318	75	406	8.56e-56	198	sp|Q62765|NLGN1_RAT Neuroligin-1 OS=Rattus norvegicus OX=10116 GN=Nlgn1 PE=1 SV=1
TRINITY_DN2312_c0_g1_i11.p2	sp|Q99K10|NLGN1_MOUSE	35.2	349	362	843	23	318	75	406	1.62e-55	197	sp|Q99K10|NLGN1_MOUSE Neuroligin-1 OS=Mus musculus OX=10090 GN=Nlgn1 PE=1 SV=2
TRINITY_DN2312_c0_g1_i12.p2	sp|P12992|ESTJ_HELVI	38.9	352	362	564	24	362	48	391	5.10e-73	239	sp|P12992|ESTJ_HELVI Juvenile hormone esterase OS=Heliothis virescens OX=7102 PE=1 SV=2
TRINITY_DN2312_c0_g1_i12.p2	sp|D6WMZ8|ESTJ_TRICA	40.4	339	362	588	25	354	51	383	1.83e-71	236	sp|D6WMZ8|ESTJ_TRICA Juvenile hormone esterase OS=Tribolium castaneum OX=7070 GN=Tcjhe PE=1 SV=2
TRINITY_DN2312_c0_g1_i12.p2	sp|B2D0J5|EST6_APIME	42.6	331	362	557	25	348	48	368	5.04e-71	234	sp|B2D0J5|EST6_APIME Venom carboxylesterase-6 OS=Apis mellifera OX=7460 PE=2 SV=1
TRINITY_DN2312_c0_g1_i12.p2	sp|P16854|EST1_CULPI	38.1	362	362	540	4	360	8	353	3.98e-69	229	sp|P16854|EST1_CULPI Esterase B1 OS=Culex pipiens OX=7175 GN=B1 PE=3 SV=1
TRINITY_DN2312_c0_g1_i12.p2	sp|A0A8B0RBM2|ACES_BOMIG	40.5	333	362	555	24	348	45	363	5.55e-69	229	sp|A0A8B0RBM2|ACES_BOMIG Carboxylic ester hydrolase OS=Bombus ignitus OX=130704 GN=vCaE PE=1 SV=1
TRINITY_DN2312_c0_g1_i12.p2	sp|P35502|ESTF_MYZPE	40.5	326	362	564	3	323	28	339	2.11e-66	222	sp|P35502|ESTF_MYZPE Esterase FE4 OS=Myzus persicae OX=13164 PE=1 SV=1
TRINITY_DN2312_c0_g1_i12.p2	sp|P35501|ESTE_MYZPE	39.9	326	362	552	3	323	28	339	4.81e-65	218	sp|P35501|ESTE_MYZPE Esterase E4 OS=Myzus persicae OX=13164 PE=1 SV=1
TRINITY_DN2312_c0_g1_i12.p2	sp|Q92035|ACES_BUNFA	38.0	358	362	606	2	341	37	380	5.89e-62	211	sp|Q92035|ACES_BUNFA Acetylcholinesterase OS=Bungarus fasciatus OX=8613 GN=ACHE PE=1 SV=2
TRINITY_DN2312_c0_g1_i12.p2	sp|O62763|ACES_FELCA	38.7	341	362	611	4	326	38	365	6.45e-62	211	sp|O62763|ACES_FELCA Acetylcholinesterase OS=Felis catus OX=9685 GN=ACHE PE=3 SV=1
TRINITY_DN2312_c0_g1_i12.p2	sp|P23795|ACES_BOVIN	38.4	341	362	613	4	326	40	367	6.68e-62	211	sp|P23795|ACES_BOVIN Acetylcholinesterase OS=Bos taurus OX=9913 GN=ACHE PE=1 SV=2
TRINITY_DN2312_c0_g1_i12.p2	sp|Q29499|ACES_RABIT	39.0	341	362	584	4	326	11	338	7.96e-61	208	sp|Q29499|ACES_RABIT Acetylcholinesterase (Fragment) OS=Oryctolagus cuniculus OX=9986 GN=ACHE PE=2 SV=1
TRINITY_DN2312_c0_g1_i12.p2	sp|P21836|ACES_MOUSE	37.2	360	362	614	4	341	41	387	1.37e-60	208	sp|P21836|ACES_MOUSE Acetylcholinesterase OS=Mus musculus OX=10090 GN=Ache PE=1 SV=1
TRINITY_DN2312_c0_g1_i12.p2	sp|P04058|ACES_TETCF	38.3	334	362	586	27	341	50	370	2.25e-60	207	sp|P04058|ACES_TETCF Acetylcholinesterase OS=Tetronarce californica OX=7787 GN=ache PE=1 SV=2
TRINITY_DN2312_c0_g1_i12.p2	sp|P37136|ACES_RAT	37.2	360	362	614	4	341	41	387	2.67e-60	207	sp|P37136|ACES_RAT Acetylcholinesterase OS=Rattus norvegicus OX=10116 GN=Ache PE=1 SV=1
TRINITY_DN2312_c0_g1_i12.p2	sp|P22303|ACES_HUMAN	38.1	341	362	614	4	326	41	368	7.26e-60	206	sp|P22303|ACES_HUMAN Acetylcholinesterase OS=Homo sapiens OX=9606 GN=ACHE PE=1 SV=1
TRINITY_DN2312_c0_g1_i12.p2	sp|Q86GC8|ACES_CULPI	37.9	346	362	702	4	337	135	467	5.51e-58	202	sp|Q86GC8|ACES_CULPI Acetylcholinesterase OS=Culex pipiens OX=7175 GN=ACHE1 PE=2 SV=2
TRINITY_DN2312_c0_g1_i12.p2	sp|O42275|ACES_ELEEL	39.7	315	362	633	27	326	53	355	2.02e-57	200	sp|O42275|ACES_ELEEL Acetylcholinesterase OS=Electrophorus electricus OX=8005 GN=ache PE=3 SV=1
TRINITY_DN2312_c0_g1_i12.p2	sp|P07692|ACES_TORMA	37.0	335	362	590	27	341	53	373	2.68e-57	199	sp|P07692|ACES_TORMA Acetylcholinesterase OS=Torpedo marmorata OX=7788 GN=ache PE=1 SV=2
TRINITY_DN2312_c0_g1_i12.p2	sp|Q9DDE3|ACES_DANRE	38.4	315	362	634	27	326	53	355	2.89e-56	197	sp|Q9DDE3|ACES_DANRE Acetylcholinesterase OS=Danio rerio OX=7955 GN=ache PE=1 SV=1
TRINITY_DN2312_c0_g1_i12.p2	sp|P81908|CHLE_HORSE	38.0	329	362	574	23	333	23	339	2.91e-56	196	sp|P81908|CHLE_HORSE Cholinesterase OS=Equus caballus OX=9796 GN=BCHE PE=1 SV=1
TRINITY_DN2312_c0_g1_i12.p2	sp|O62761|CHLE_PANTT	38.6	332	362	602	22	333	50	367	3.36e-56	196	sp|O62761|CHLE_PANTT Cholinesterase OS=Panthera tigris tigris OX=74535 GN=BCHE PE=2 SV=1
TRINITY_DN2312_c0_g1_i12.p2	sp|P21927|CHLE_RABIT	37.1	337	362	581	23	341	30	354	8.91e-56	194	sp|P21927|CHLE_RABIT Cholinesterase OS=Oryctolagus cuniculus OX=9986 GN=BCHE PE=2 SV=1
TRINITY_DN2312_c0_g1_i12.p2	sp|P37967|PNBA_BACSU	38.3	311	362	489	20	323	16	310	2.26e-55	191	sp|P37967|PNBA_BACSU Para-nitrobenzyl esterase OS=Bacillus subtilis (strain 168) OX=224308 GN=pnbA PE=1 SV=2
TRINITY_DN2312_c0_g1_i12.p2	sp|P47982|EST6_DROMA	36.3	328	362	542	4	326	28	341	4.57e-55	192	sp|P47982|EST6_DROMA Esterase 6 OS=Drosophila mauritiana OX=7226 GN=Est-6 PE=3 SV=1
TRINITY_DN2312_c0_g1_i12.p2	sp|Q03311|CHLE_MOUSE	37.7	329	362	603	23	333	52	368	9.41e-55	192	sp|Q03311|CHLE_MOUSE Cholinesterase OS=Mus musculus OX=10090 GN=Bche PE=1 SV=2
TRINITY_DN2312_c0_g1_i12.p1	sp|P12992|ESTJ_HELVI	33.5	531	536	564	20	530	43	553	5.67e-82	269	sp|P12992|ESTJ_HELVI Juvenile hormone esterase OS=Heliothis virescens OX=7102 PE=1 SV=2
TRINITY_DN2312_c0_g1_i12.p1	sp|D6WMZ8|ESTJ_TRICA	34.1	504	536	588	25	508	51	544	5.21e-76	254	sp|D6WMZ8|ESTJ_TRICA Juvenile hormone esterase OS=Tribolium castaneum OX=7070 GN=Tcjhe PE=1 SV=2
TRINITY_DN2312_c0_g1_i12.p1	sp|P16854|EST1_CULPI	33.7	495	536	540	4	483	8	484	2.78e-73	245	sp|P16854|EST1_CULPI Esterase B1 OS=Culex pipiens OX=7175 GN=B1 PE=3 SV=1
TRINITY_DN2312_c0_g1_i12.p1	sp|A0A8B0RBM2|ACES_BOMIG	32.1	517	536	555	24	527	45	544	3.40e-69	235	sp|A0A8B0RBM2|ACES_BOMIG Carboxylic ester hydrolase OS=Bombus ignitus OX=130704 GN=vCaE PE=1 SV=1
TRINITY_DN2312_c0_g1_i12.p1	sp|B2D0J5|EST6_APIME	33.2	491	536	557	22	497	45	515	3.70e-68	232	sp|B2D0J5|EST6_APIME Venom carboxylesterase-6 OS=Apis mellifera OX=7460 PE=2 SV=1
TRINITY_DN2312_c0_g1_i12.p1	sp|P35502|ESTF_MYZPE	33.7	499	536	564	3	488	28	509	3.20e-67	230	sp|P35502|ESTF_MYZPE Esterase FE4 OS=Myzus persicae OX=13164 PE=1 SV=1
TRINITY_DN2312_c0_g1_i12.p1	sp|P35501|ESTE_MYZPE	33.3	499	536	552	3	488	28	509	9.66e-66	226	sp|P35501|ESTE_MYZPE Esterase E4 OS=Myzus persicae OX=13164 PE=1 SV=1
TRINITY_DN2312_c0_g1_i12.p1	sp|Q92035|ACES_BUNFA	32.5	548	536	606	2	524	37	555	8.14e-64	222	sp|Q92035|ACES_BUNFA Acetylcholinesterase OS=Bungarus fasciatus OX=8613 GN=ACHE PE=1 SV=2
TRINITY_DN2312_c0_g1_i12.p1	sp|Q869C3|ACES_ANOGA	32.5	548	536	737	4	525	168	687	7.33e-62	219	sp|Q869C3|ACES_ANOGA Acetylcholinesterase OS=Anopheles gambiae OX=7165 GN=Ace PE=1 SV=3
TRINITY_DN2312_c0_g1_i12.p1	sp|Q86GC8|ACES_CULPI	32.6	546	536	702	4	525	135	654	8.34e-62	218	sp|Q86GC8|ACES_CULPI Acetylcholinesterase OS=Culex pipiens OX=7175 GN=ACHE1 PE=2 SV=2
TRINITY_DN2312_c0_g1_i12.p1	sp|P21836|ACES_MOUSE	32.0	550	536	614	4	524	41	563	1.34e-61	216	sp|P21836|ACES_MOUSE Acetylcholinesterase OS=Mus musculus OX=10090 GN=Ache PE=1 SV=1
TRINITY_DN2312_c0_g1_i12.p1	sp|P37136|ACES_RAT	32.4	549	536	614	4	524	41	563	1.34e-61	216	sp|P37136|ACES_RAT Acetylcholinesterase OS=Rattus norvegicus OX=10116 GN=Ache PE=1 SV=1
TRINITY_DN2312_c0_g1_i12.p1	sp|P23795|ACES_BOVIN	32.2	549	536	613	4	524	40	562	2.54e-61	215	sp|P23795|ACES_BOVIN Acetylcholinesterase OS=Bos taurus OX=9913 GN=ACHE PE=1 SV=2
TRINITY_DN2312_c0_g1_i12.p1	sp|P22303|ACES_HUMAN	32.1	549	536	614	4	524	41	563	1.34e-60	213	sp|P22303|ACES_HUMAN Acetylcholinesterase OS=Homo sapiens OX=9606 GN=ACHE PE=1 SV=1
TRINITY_DN2312_c0_g1_i12.p1	sp|O62763|ACES_FELCA	32.4	549	536	611	4	524	38	560	1.76e-60	213	sp|O62763|ACES_FELCA Acetylcholinesterase OS=Felis catus OX=9685 GN=ACHE PE=3 SV=1
TRINITY_DN2312_c0_g1_i12.p1	sp|Q29499|ACES_RABIT	32.2	549	536	584	4	524	11	533	2.85e-60	212	sp|Q29499|ACES_RABIT Acetylcholinesterase (Fragment) OS=Oryctolagus cuniculus OX=9986 GN=ACHE PE=2 SV=1
TRINITY_DN2312_c0_g1_i12.p1	sp|P04058|ACES_TETCF	32.5	507	536	586	27	506	50	526	1.11e-59	210	sp|P04058|ACES_TETCF Acetylcholinesterase OS=Tetronarce californica OX=7787 GN=ache PE=1 SV=2
TRINITY_DN2312_c0_g1_i12.p1	sp|Q64573|EST1F_RAT	31.4	548	536	561	12	527	22	548	2.57e-58	206	sp|Q64573|EST1F_RAT Liver carboxylesterase 1F OS=Rattus norvegicus OX=10116 GN=Ces1f PE=1 SV=2
TRINITY_DN2312_c0_g1_i12.p1	sp|P37967|PNBA_BACSU	32.1	511	536	489	20	519	16	478	1.13e-57	202	sp|P37967|PNBA_BACSU Para-nitrobenzyl esterase OS=Bacillus subtilis (strain 168) OX=224308 GN=pnbA PE=1 SV=2
TRINITY_DN2312_c0_g1_i12.p1	sp|O46421|EST1_MACFA	30.2	577	536	566	12	534	22	556	2.04e-57	204	sp|O46421|EST1_MACFA Liver carboxylesterase 1 OS=Macaca fascicularis OX=9541 GN=CES1 PE=2 SV=1
TRINITY_DN2312_c0_g1_i12.p1	sp|Q63010|EST5_RAT	29.9	548	536	561	12	527	22	548	6.90e-57	202	sp|Q63010|EST5_RAT Liver carboxylesterase B-1 OS=Rattus norvegicus OX=10116 PE=1 SV=1
TRINITY_DN2312_c0_g1_i12.p1	sp|P21927|CHLE_RABIT	31.6	528	536	581	23	528	30	533	1.39e-56	202	sp|P21927|CHLE_RABIT Cholinesterase OS=Oryctolagus cuniculus OX=9986 GN=BCHE PE=2 SV=1
TRINITY_DN2312_c0_g1_i12.p1	sp|Q8R0W5|EST4A_MOUSE	29.8	540	536	563	7	527	39	557	1.92e-56	201	sp|Q8R0W5|EST4A_MOUSE Carboxylesterase 4A OS=Mus musculus OX=10090 GN=Ces4a PE=2 SV=2
TRINITY_DN2312_c0_g1_i12.p1	sp|P23953|EST1C_MOUSE	31.3	544	536	554	4	527	26	537	2.25e-56	201	sp|P23953|EST1C_MOUSE Carboxylesterase 1C OS=Mus musculus OX=10090 GN=Ces1c PE=1 SV=4
TRINITY_DN2312_c0_g1_i12.p1	sp|P07692|ACES_TORMA	31.8	507	536	590	27	506	53	529	4.36e-56	201	sp|P07692|ACES_TORMA Acetylcholinesterase OS=Torpedo marmorata OX=7788 GN=ache PE=1 SV=2
TRINITY_DN2312_c0_g1_i14.p1	sp|P12992|ESTJ_HELVI	33.4	530	533	564	24	531	48	564	2.31e-84	275	sp|P12992|ESTJ_HELVI Juvenile hormone esterase OS=Heliothis virescens OX=7102 PE=1 SV=2
TRINITY_DN2312_c0_g1_i14.p1	sp|D6WMZ8|ESTJ_TRICA	33.7	513	533	588	16	505	42	544	1.66e-77	258	sp|D6WMZ8|ESTJ_TRICA Juvenile hormone esterase OS=Tribolium castaneum OX=7070 GN=Tcjhe PE=1 SV=2
TRINITY_DN2312_c0_g1_i14.p1	sp|P16854|EST1_CULPI	34.1	528	533	540	24	525	27	534	3.41e-74	248	sp|P16854|EST1_CULPI Esterase B1 OS=Culex pipiens OX=7175 GN=B1 PE=3 SV=1
TRINITY_DN2312_c0_g1_i14.p1	sp|A0A8B0RBM2|ACES_BOMIG	32.3	539	533	555	3	524	25	544	4.41e-69	234	sp|A0A8B0RBM2|ACES_BOMIG Carboxylic ester hydrolase OS=Bombus ignitus OX=130704 GN=vCaE PE=1 SV=1
TRINITY_DN2312_c0_g1_i14.p1	sp|P35502|ESTF_MYZPE	32.8	503	533	564	3	484	28	508	7.53e-69	234	sp|P35502|ESTF_MYZPE Esterase FE4 OS=Myzus persicae OX=13164 PE=1 SV=1
TRINITY_DN2312_c0_g1_i14.p1	sp|B2D0J5|EST6_APIME	31.6	561	533	557	6	524	16	549	9.00e-69	234	sp|B2D0J5|EST6_APIME Venom carboxylesterase-6 OS=Apis mellifera OX=7460 PE=2 SV=1
TRINITY_DN2312_c0_g1_i14.p1	sp|P35501|ESTE_MYZPE	32.4	503	533	552	3	484	28	508	1.17e-67	231	sp|P35501|ESTE_MYZPE Esterase E4 OS=Myzus persicae OX=13164 PE=1 SV=1
TRINITY_DN2312_c0_g1_i14.p1	sp|Q869C3|ACES_ANOGA	32.5	547	533	737	4	522	168	687	5.29e-65	228	sp|Q869C3|ACES_ANOGA Acetylcholinesterase OS=Anopheles gambiae OX=7165 GN=Ace PE=1 SV=3
TRINITY_DN2312_c0_g1_i14.p1	sp|Q86GC8|ACES_CULPI	33.0	543	533	702	9	522	140	654	4.17e-64	224	sp|Q86GC8|ACES_CULPI Acetylcholinesterase OS=Culex pipiens OX=7175 GN=ACHE1 PE=2 SV=2
TRINITY_DN2312_c0_g1_i14.p1	sp|P04058|ACES_TETCF	30.6	516	533	586	12	503	33	526	5.19e-63	219	sp|P04058|ACES_TETCF Acetylcholinesterase OS=Tetronarce californica OX=7787 GN=ache PE=1 SV=2
TRINITY_DN2312_c0_g1_i14.p1	sp|Q92035|ACES_BUNFA	31.0	546	533	606	3	521	38	555	1.48e-62	218	sp|Q92035|ACES_BUNFA Acetylcholinesterase OS=Bungarus fasciatus OX=8613 GN=ACHE PE=1 SV=2
TRINITY_DN2312_c0_g1_i14.p1	sp|Q6NT32|EST5A_HUMAN	30.6	549	533	575	7	523	36	541	8.38e-60	210	sp|Q6NT32|EST5A_HUMAN Carboxylesterase 5A OS=Homo sapiens OX=9606 GN=CES5A PE=1 SV=1
TRINITY_DN2312_c0_g1_i14.p1	sp|P37967|PNBA_BACSU	31.3	520	533	489	13	516	11	478	1.01e-59	208	sp|P37967|PNBA_BACSU Para-nitrobenzyl esterase OS=Bacillus subtilis (strain 168) OX=224308 GN=pnbA PE=1 SV=2
TRINITY_DN2312_c0_g1_i14.p1	sp|P21836|ACES_MOUSE	30.6	546	533	614	4	521	41	563	1.73e-59	210	sp|P21836|ACES_MOUSE Acetylcholinesterase OS=Mus musculus OX=10090 GN=Ache PE=1 SV=1
TRINITY_DN2312_c0_g1_i14.p1	sp|P07692|ACES_TORMA	29.8	516	533	590	12	503	36	529	2.15e-59	209	sp|P07692|ACES_TORMA Acetylcholinesterase OS=Torpedo marmorata OX=7788 GN=ache PE=1 SV=2
TRINITY_DN2312_c0_g1_i14.p1	sp|Q27677|ACES_LEPDE	29.5	572	533	629	15	524	43	580	3.12e-59	210	sp|Q27677|ACES_LEPDE Acetylcholinesterase OS=Leptinotarsa decemlineata OX=7539 PE=2 SV=1
TRINITY_DN2312_c0_g1_i14.p1	sp|Q8I034|EST5A_FELCA	31.5	549	533	545	7	521	36	539	3.35e-59	208	sp|Q8I034|EST5A_FELCA Carboxylesterase 5A OS=Felis catus OX=9685 GN=CES5A PE=1 SV=1
TRINITY_DN2312_c0_g1_i14.p1	sp|G3V7J5|EST2E_RAT	31.3	530	533	567	9	521	49	546	5.19e-59	208	sp|G3V7J5|EST2E_RAT Pyrethroid hydrolase Ces2e OS=Rattus norvegicus OX=10116 GN=Ces2e PE=1 SV=2
TRINITY_DN2312_c0_g1_i14.p1	sp|P37136|ACES_RAT	30.6	546	533	614	4	521	41	563	3.31e-58	207	sp|P37136|ACES_RAT Acetylcholinesterase OS=Rattus norvegicus OX=10116 GN=Ache PE=1 SV=1
TRINITY_DN2312_c0_g1_i14.p1	sp|O62763|ACES_FELCA	39.0	318	533	611	27	322	59	365	1.16e-57	205	sp|O62763|ACES_FELCA Acetylcholinesterase OS=Felis catus OX=9685 GN=ACHE PE=3 SV=1
TRINITY_DN2312_c0_g1_i14.p1	sp|P23795|ACES_BOVIN	38.4	318	533	613	27	322	61	367	3.21e-57	204	sp|P23795|ACES_BOVIN Acetylcholinesterase OS=Bos taurus OX=9913 GN=ACHE PE=1 SV=2
TRINITY_DN2312_c0_g1_i14.p1	sp|Q5XG92|EST4A_HUMAN	30.3	552	533	561	3	526	28	551	4.65e-57	202	sp|Q5XG92|EST4A_HUMAN Carboxylesterase 4A OS=Homo sapiens OX=9606 GN=CES4A PE=1 SV=2
TRINITY_DN2312_c0_g1_i14.p1	sp|O62761|CHLE_PANTT	30.3	532	533	602	22	525	50	554	5.10e-57	203	sp|O62761|CHLE_PANTT Cholinesterase OS=Panthera tigris tigris OX=74535 GN=BCHE PE=2 SV=1
TRINITY_DN2312_c0_g1_i14.p1	sp|Q29499|ACES_RABIT	30.4	523	533	584	27	521	32	533	7.13e-57	202	sp|Q29499|ACES_RABIT Acetylcholinesterase (Fragment) OS=Oryctolagus cuniculus OX=9986 GN=ACHE PE=2 SV=1
TRINITY_DN2312_c0_g1_i14.p1	sp|P16303|EST1D_RAT	31.1	534	533	565	28	524	50	548	1.34e-56	201	sp|P16303|EST1D_RAT Carboxylesterase 1D OS=Rattus norvegicus OX=10116 GN=Ces1d PE=1 SV=2
TRINITY_DN2312_c0_g1_i16.p1	sp|P12992|ESTJ_HELVI	33.4	530	533	564	24	531	48	564	2.31e-84	275	sp|P12992|ESTJ_HELVI Juvenile hormone esterase OS=Heliothis virescens OX=7102 PE=1 SV=2
TRINITY_DN2312_c0_g1_i16.p1	sp|D6WMZ8|ESTJ_TRICA	33.7	514	533	588	15	505	41	544	3.26e-77	257	sp|D6WMZ8|ESTJ_TRICA Juvenile hormone esterase OS=Tribolium castaneum OX=7070 GN=Tcjhe PE=1 SV=2
TRINITY_DN2312_c0_g1_i16.p1	sp|P16854|EST1_CULPI	33.6	548	533	540	4	525	8	534	6.32e-75	249	sp|P16854|EST1_CULPI Esterase B1 OS=Culex pipiens OX=7175 GN=B1 PE=3 SV=1
TRINITY_DN2312_c0_g1_i16.p1	sp|B2D0J5|EST6_APIME	32.0	532	533	557	22	524	45	549	1.26e-68	233	sp|B2D0J5|EST6_APIME Venom carboxylesterase-6 OS=Apis mellifera OX=7460 PE=2 SV=1
TRINITY_DN2312_c0_g1_i16.p1	sp|A0A8B0RBM2|ACES_BOMIG	32.4	518	533	555	24	524	45	544	4.59e-68	232	sp|A0A8B0RBM2|ACES_BOMIG Carboxylic ester hydrolase OS=Bombus ignitus OX=130704 GN=vCaE PE=1 SV=1
TRINITY_DN2312_c0_g1_i16.p1	sp|P35502|ESTF_MYZPE	32.4	503	533	564	3	484	28	508	5.59e-68	232	sp|P35502|ESTF_MYZPE Esterase FE4 OS=Myzus persicae OX=13164 PE=1 SV=1
TRINITY_DN2312_c0_g1_i16.p1	sp|P35501|ESTE_MYZPE	32.0	503	533	552	3	484	28	508	8.69e-67	228	sp|P35501|ESTE_MYZPE Esterase E4 OS=Myzus persicae OX=13164 PE=1 SV=1
TRINITY_DN2312_c0_g1_i16.p1	sp|Q869C3|ACES_ANOGA	32.7	547	533	737	4	522	168	687	1.03e-65	229	sp|Q869C3|ACES_ANOGA Acetylcholinesterase OS=Anopheles gambiae OX=7165 GN=Ace PE=1 SV=3
TRINITY_DN2312_c0_g1_i16.p1	sp|Q86GC8|ACES_CULPI	32.8	548	533	702	4	522	135	654	8.11e-65	226	sp|Q86GC8|ACES_CULPI Acetylcholinesterase OS=Culex pipiens OX=7175 GN=ACHE1 PE=2 SV=2
TRINITY_DN2312_c0_g1_i16.p1	sp|P04058|ACES_TETCF	30.3	522	533	586	4	503	29	526	5.19e-63	219	sp|P04058|ACES_TETCF Acetylcholinesterase OS=Tetronarce californica OX=7787 GN=ache PE=1 SV=2
TRINITY_DN2312_c0_g1_i16.p1	sp|Q92035|ACES_BUNFA	30.7	547	533	606	2	521	37	555	1.48e-62	218	sp|Q92035|ACES_BUNFA Acetylcholinesterase OS=Bungarus fasciatus OX=8613 GN=ACHE PE=1 SV=2
TRINITY_DN2312_c0_g1_i16.p1	sp|P37967|PNBA_BACSU	31.0	529	533	489	4	516	6	478	5.21e-60	209	sp|P37967|PNBA_BACSU Para-nitrobenzyl esterase OS=Bacillus subtilis (strain 168) OX=224308 GN=pnbA PE=1 SV=2
TRINITY_DN2312_c0_g1_i16.p1	sp|P21836|ACES_MOUSE	30.6	546	533	614	4	521	41	563	1.25e-59	211	sp|P21836|ACES_MOUSE Acetylcholinesterase OS=Mus musculus OX=10090 GN=Ache PE=1 SV=1
TRINITY_DN2312_c0_g1_i16.p1	sp|Q6NT32|EST5A_HUMAN	30.5	547	533	575	9	523	38	541	2.25e-59	209	sp|Q6NT32|EST5A_HUMAN Carboxylesterase 5A OS=Homo sapiens OX=9606 GN=CES5A PE=1 SV=1
TRINITY_DN2312_c0_g1_i16.p1	sp|P07692|ACES_TORMA	29.9	499	533	590	27	503	53	529	8.03e-59	208	sp|P07692|ACES_TORMA Acetylcholinesterase OS=Torpedo marmorata OX=7788 GN=ache PE=1 SV=2
TRINITY_DN2312_c0_g1_i16.p1	sp|Q8I034|EST5A_FELCA	31.4	547	533	545	9	521	38	539	9.04e-59	207	sp|Q8I034|EST5A_FELCA Carboxylesterase 5A OS=Felis catus OX=9685 GN=CES5A PE=1 SV=1
TRINITY_DN2312_c0_g1_i16.p1	sp|P37136|ACES_RAT	30.6	546	533	614	4	521	41	563	2.38e-58	207	sp|P37136|ACES_RAT Acetylcholinesterase OS=Rattus norvegicus OX=10116 GN=Ache PE=1 SV=1
TRINITY_DN2312_c0_g1_i16.p1	sp|G3V7J5|EST2E_RAT	31.3	530	533	567	9	521	49	546	2.70e-58	206	sp|G3V7J5|EST2E_RAT Pyrethroid hydrolase Ces2e OS=Rattus norvegicus OX=10116 GN=Ces2e PE=1 SV=2
TRINITY_DN2312_c0_g1_i16.p1	sp|O62763|ACES_FELCA	38.1	341	533	611	4	322	38	365	6.04e-58	206	sp|O62763|ACES_FELCA Acetylcholinesterase OS=Felis catus OX=9685 GN=ACHE PE=3 SV=1
TRINITY_DN2312_c0_g1_i16.p1	sp|Q5XG92|EST4A_HUMAN	30.3	552	533	561	3	526	28	551	1.73e-57	204	sp|Q5XG92|EST4A_HUMAN Carboxylesterase 4A OS=Homo sapiens OX=9606 GN=CES4A PE=1 SV=2
TRINITY_DN2312_c0_g1_i16.p1	sp|Q27677|ACES_LEPDE	29.3	549	533	629	28	524	66	580	2.19e-57	205	sp|Q27677|ACES_LEPDE Acetylcholinesterase OS=Leptinotarsa decemlineata OX=7539 PE=2 SV=1
TRINITY_DN2312_c0_g1_i16.p1	sp|P23795|ACES_BOVIN	38.4	318	533	613	27	322	61	367	3.21e-57	204	sp|P23795|ACES_BOVIN Acetylcholinesterase OS=Bos taurus OX=9913 GN=ACHE PE=1 SV=2
TRINITY_DN2312_c0_g1_i16.p1	sp|O62761|CHLE_PANTT	30.3	532	533	602	22	525	50	554	5.10e-57	203	sp|O62761|CHLE_PANTT Cholinesterase OS=Panthera tigris tigris OX=74535 GN=BCHE PE=2 SV=1
TRINITY_DN2312_c0_g1_i16.p1	sp|Q29499|ACES_RABIT	30.4	523	533	584	27	521	32	533	7.13e-57	202	sp|Q29499|ACES_RABIT Acetylcholinesterase (Fragment) OS=Oryctolagus cuniculus OX=9986 GN=ACHE PE=2 SV=1
TRINITY_DN2312_c0_g1_i16.p1	sp|P16303|EST1D_RAT	31.1	534	533	565	28	524	50	548	1.34e-56	201	sp|P16303|EST1D_RAT Carboxylesterase 1D OS=Rattus norvegicus OX=10116 GN=Ces1d PE=1 SV=2
TRINITY_DN2312_c0_g1_i2.p1	sp|P12992|ESTJ_HELVI	32.5	538	536	564	20	534	43	564	9.06e-80	263	sp|P12992|ESTJ_HELVI Juvenile hormone esterase OS=Heliothis virescens OX=7102 PE=1 SV=2
TRINITY_DN2312_c0_g1_i2.p1	sp|D6WMZ8|ESTJ_TRICA	34.9	502	536	588	25	508	51	544	9.19e-78	258	sp|D6WMZ8|ESTJ_TRICA Juvenile hormone esterase OS=Tribolium castaneum OX=7070 GN=Tcjhe PE=1 SV=2
TRINITY_DN2312_c0_g1_i2.p1	sp|P16854|EST1_CULPI	32.5	545	536	540	4	528	8	534	8.04e-72	241	sp|P16854|EST1_CULPI Esterase B1 OS=Culex pipiens OX=7175 GN=B1 PE=3 SV=1
TRINITY_DN2312_c0_g1_i2.p1	sp|A0A8B0RBM2|ACES_BOMIG	32.6	519	536	555	24	527	45	544	8.91e-70	236	sp|A0A8B0RBM2|ACES_BOMIG Carboxylic ester hydrolase OS=Bombus ignitus OX=130704 GN=vCaE PE=1 SV=1
TRINITY_DN2312_c0_g1_i2.p1	sp|B2D0J5|EST6_APIME	32.9	532	536	557	22	527	45	549	2.54e-69	235	sp|B2D0J5|EST6_APIME Venom carboxylesterase-6 OS=Apis mellifera OX=7460 PE=2 SV=1
TRINITY_DN2312_c0_g1_i2.p1	sp|Q92035|ACES_BUNFA	32.2	547	536	606	2	524	37	555	1.56e-64	224	sp|Q92035|ACES_BUNFA Acetylcholinesterase OS=Bungarus fasciatus OX=8613 GN=ACHE PE=1 SV=2
TRINITY_DN2312_c0_g1_i2.p1	sp|P35502|ESTF_MYZPE	33.1	499	536	564	3	488	28	509	3.49e-64	222	sp|P35502|ESTF_MYZPE Esterase FE4 OS=Myzus persicae OX=13164 PE=1 SV=1
TRINITY_DN2312_c0_g1_i2.p1	sp|P35501|ESTE_MYZPE	32.7	499	536	552	3	488	28	509	5.39e-63	218	sp|P35501|ESTE_MYZPE Esterase E4 OS=Myzus persicae OX=13164 PE=1 SV=1
TRINITY_DN2312_c0_g1_i2.p1	sp|P04058|ACES_TETCF	32.0	503	536	586	27	506	50	526	5.64e-62	216	sp|P04058|ACES_TETCF Acetylcholinesterase OS=Tetronarce californica OX=7787 GN=ache PE=1 SV=2
TRINITY_DN2312_c0_g1_i2.p1	sp|Q869C3|ACES_ANOGA	32.4	546	536	737	4	525	168	687	7.33e-62	219	sp|Q869C3|ACES_ANOGA Acetylcholinesterase OS=Anopheles gambiae OX=7165 GN=Ace PE=1 SV=3
TRINITY_DN2312_c0_g1_i2.p1	sp|P21836|ACES_MOUSE	32.7	550	536	614	4	524	41	563	1.34e-61	216	sp|P21836|ACES_MOUSE Acetylcholinesterase OS=Mus musculus OX=10090 GN=Ache PE=1 SV=1
TRINITY_DN2312_c0_g1_i2.p1	sp|Q86GC8|ACES_CULPI	32.1	546	536	702	4	525	135	654	1.60e-61	218	sp|Q86GC8|ACES_CULPI Acetylcholinesterase OS=Culex pipiens OX=7175 GN=ACHE1 PE=2 SV=2
TRINITY_DN2312_c0_g1_i2.p1	sp|P37136|ACES_RAT	32.4	550	536	614	4	524	41	563	3.59e-60	212	sp|P37136|ACES_RAT Acetylcholinesterase OS=Rattus norvegicus OX=10116 GN=Ache PE=1 SV=1
TRINITY_DN2312_c0_g1_i2.p1	sp|P23795|ACES_BOVIN	32.1	549	536	613	4	524	40	562	4.89e-60	212	sp|P23795|ACES_BOVIN Acetylcholinesterase OS=Bos taurus OX=9913 GN=ACHE PE=1 SV=2
TRINITY_DN2312_c0_g1_i2.p1	sp|P37967|PNBA_BACSU	33.3	516	536	489	20	519	16	478	7.77e-60	208	sp|P37967|PNBA_BACSU Para-nitrobenzyl esterase OS=Bacillus subtilis (strain 168) OX=224308 GN=pnbA PE=1 SV=2
TRINITY_DN2312_c0_g1_i2.p1	sp|O62763|ACES_FELCA	32.2	549	536	611	4	524	38	560	9.11e-60	211	sp|O62763|ACES_FELCA Acetylcholinesterase OS=Felis catus OX=9685 GN=ACHE PE=3 SV=1
TRINITY_DN2312_c0_g1_i2.p1	sp|Q29499|ACES_RABIT	32.7	550	536	584	4	524	11	533	1.07e-59	210	sp|Q29499|ACES_RABIT Acetylcholinesterase (Fragment) OS=Oryctolagus cuniculus OX=9986 GN=ACHE PE=2 SV=1
TRINITY_DN2312_c0_g1_i2.p1	sp|P22303|ACES_HUMAN	32.2	549	536	614	4	524	41	563	1.85e-59	210	sp|P22303|ACES_HUMAN Acetylcholinesterase OS=Homo sapiens OX=9606 GN=ACHE PE=1 SV=1
TRINITY_DN2312_c0_g1_i2.p1	sp|P07692|ACES_TORMA	31.2	503	536	590	27	506	53	529	1.66e-58	207	sp|P07692|ACES_TORMA Acetylcholinesterase OS=Torpedo marmorata OX=7788 GN=ache PE=1 SV=2
TRINITY_DN2312_c0_g1_i2.p1	sp|Q8R0W5|EST4A_MOUSE	30.4	542	536	563	7	527	39	557	1.92e-58	206	sp|Q8R0W5|EST4A_MOUSE Carboxylesterase 4A OS=Mus musculus OX=10090 GN=Ces4a PE=2 SV=2
TRINITY_DN2312_c0_g1_i2.p1	sp|O62761|CHLE_PANTT	31.2	532	536	602	22	528	50	554	2.06e-58	207	sp|O62761|CHLE_PANTT Cholinesterase OS=Panthera tigris tigris OX=74535 GN=BCHE PE=2 SV=1
TRINITY_DN2312_c0_g1_i2.p1	sp|P21927|CHLE_RABIT	31.4	529	536	581	23	528	30	533	1.01e-57	205	sp|P21927|CHLE_RABIT Cholinesterase OS=Oryctolagus cuniculus OX=9986 GN=BCHE PE=2 SV=1
TRINITY_DN2312_c0_g1_i2.p1	sp|P81908|CHLE_HORSE	30.7	531	536	574	23	528	23	526	1.23e-57	204	sp|P81908|CHLE_HORSE Cholinesterase OS=Equus caballus OX=9796 GN=BCHE PE=1 SV=1
TRINITY_DN2312_c0_g1_i2.p1	sp|O46421|EST1_MACFA	30.8	575	536	566	12	534	22	556	3.93e-57	203	sp|O46421|EST1_MACFA Liver carboxylesterase 1 OS=Macaca fascicularis OX=9541 GN=CES1 PE=2 SV=1
TRINITY_DN2312_c0_g1_i2.p1	sp|O62760|CHLE_FELCA	31.0	532	536	602	22	528	50	554	7.56e-57	203	sp|O62760|CHLE_FELCA Cholinesterase OS=Felis catus OX=9685 GN=BCHE PE=2 SV=1
TRINITY_DN2312_c0_g1_i3.p1	sp|D6WMZ8|ESTJ_TRICA	52.6	196	212	588	16	210	42	237	6.46e-61	202	sp|D6WMZ8|ESTJ_TRICA Juvenile hormone esterase OS=Tribolium castaneum OX=7070 GN=Tcjhe PE=1 SV=2
TRINITY_DN2312_c0_g1_i3.p1	sp|P16854|EST1_CULPI	52.6	194	212	540	24	212	27	216	8.27e-59	196	sp|P16854|EST1_CULPI Esterase B1 OS=Culex pipiens OX=7175 GN=B1 PE=3 SV=1
TRINITY_DN2312_c0_g1_i3.p1	sp|P37967|PNBA_BACSU	50.7	205	212	489	13	210	11	212	1.56e-54	184	sp|P37967|PNBA_BACSU Para-nitrobenzyl esterase OS=Bacillus subtilis (strain 168) OX=224308 GN=pnbA PE=1 SV=2
TRINITY_DN2312_c0_g1_i3.p1	sp|A0A8B0RBM2|ACES_BOMIG	47.4	213	212	555	3	210	25	234	2.68e-54	184	sp|A0A8B0RBM2|ACES_BOMIG Carboxylic ester hydrolase OS=Bombus ignitus OX=130704 GN=vCaE PE=1 SV=1
TRINITY_DN2312_c0_g1_i3.p1	sp|P12992|ESTJ_HELVI	46.5	198	212	564	24	212	48	245	6.09e-54	184	sp|P12992|ESTJ_HELVI Juvenile hormone esterase OS=Heliothis virescens OX=7102 PE=1 SV=2
TRINITY_DN2312_c0_g1_i3.p1	sp|P23795|ACES_BOVIN	48.2	199	212	613	27	210	61	256	9.55e-53	181	sp|P23795|ACES_BOVIN Acetylcholinesterase OS=Bos taurus OX=9913 GN=ACHE PE=1 SV=2
TRINITY_DN2312_c0_g1_i3.p1	sp|B2D0J5|EST6_APIME	45.9	222	212	557	6	210	16	235	1.55e-52	180	sp|B2D0J5|EST6_APIME Venom carboxylesterase-6 OS=Apis mellifera OX=7460 PE=2 SV=1
TRINITY_DN2312_c0_g1_i3.p1	sp|O62763|ACES_FELCA	48.2	199	212	611	27	210	59	254	1.80e-52	181	sp|O62763|ACES_FELCA Acetylcholinesterase OS=Felis catus OX=9685 GN=ACHE PE=3 SV=1
TRINITY_DN2312_c0_g1_i3.p1	sp|Q29499|ACES_RABIT	48.2	199	212	584	27	210	32	227	2.37e-52	180	sp|Q29499|ACES_RABIT Acetylcholinesterase (Fragment) OS=Oryctolagus cuniculus OX=9986 GN=ACHE PE=2 SV=1
TRINITY_DN2312_c0_g1_i3.p1	sp|P22303|ACES_HUMAN	45.9	222	212	614	4	210	41	257	2.62e-52	180	sp|P22303|ACES_HUMAN Acetylcholinesterase OS=Homo sapiens OX=9606 GN=ACHE PE=1 SV=1
TRINITY_DN2312_c0_g1_i3.p1	sp|P14943|EST2_RABIT	45.6	217	212	532	9	210	13	224	7.64e-52	177	sp|P14943|EST2_RABIT Cocaine esterase OS=Oryctolagus cuniculus OX=9986 GN=CES2 PE=1 SV=2
TRINITY_DN2312_c0_g1_i3.p1	sp|P35502|ESTF_MYZPE	48.4	213	212	564	3	210	28	237	1.29e-51	177	sp|P35502|ESTF_MYZPE Esterase FE4 OS=Myzus persicae OX=13164 PE=1 SV=1
TRINITY_DN2312_c0_g1_i3.p1	sp|P04058|ACES_TETCF	44.9	216	212	586	12	210	33	244	1.33e-50	175	sp|P04058|ACES_TETCF Acetylcholinesterase OS=Tetronarce californica OX=7787 GN=ache PE=1 SV=2
TRINITY_DN2312_c0_g1_i3.p1	sp|P35501|ESTE_MYZPE	47.9	213	212	552	3	210	28	237	1.55e-50	174	sp|P35501|ESTE_MYZPE Esterase E4 OS=Myzus persicae OX=13164 PE=1 SV=1
TRINITY_DN2312_c0_g1_i3.p1	sp|P37136|ACES_RAT	45.0	222	212	614	4	210	41	257	1.95e-50	175	sp|P37136|ACES_RAT Acetylcholinesterase OS=Rattus norvegicus OX=10116 GN=Ache PE=1 SV=1
TRINITY_DN2312_c0_g1_i3.p1	sp|P21836|ACES_MOUSE	44.6	222	212	614	4	210	41	257	2.71e-50	175	sp|P21836|ACES_MOUSE Acetylcholinesterase OS=Mus musculus OX=10090 GN=Ache PE=1 SV=1
TRINITY_DN2312_c0_g1_i3.p1	sp|Q86GC8|ACES_CULPI	47.4	213	212	702	9	210	140	350	2.72e-50	176	sp|Q86GC8|ACES_CULPI Acetylcholinesterase OS=Culex pipiens OX=7175 GN=ACHE1 PE=2 SV=2
TRINITY_DN2312_c0_g1_i3.p1	sp|P07692|ACES_TORMA	45.1	213	212	590	12	210	36	247	1.43e-49	172	sp|P07692|ACES_TORMA Acetylcholinesterase OS=Torpedo marmorata OX=7788 GN=ache PE=1 SV=2
TRINITY_DN2312_c0_g1_i3.p1	sp|W4VSJ0|ACES_TRILK	47.5	200	212	559	18	208	45	244	1.78e-49	172	sp|W4VSJ0|ACES_TRILK Acetylcholinesterase-1 OS=Trittame loki OX=1295018 PE=1 SV=1
TRINITY_DN2312_c0_g1_i3.p1	sp|O62761|CHLE_PANTT	48.3	201	212	602	22	210	50	249	2.35e-49	172	sp|O62761|CHLE_PANTT Cholinesterase OS=Panthera tigris tigris OX=74535 GN=BCHE PE=2 SV=1
TRINITY_DN2312_c0_g1_i3.p1	sp|P86325|EST1_THEFU	44.5	209	212	497	15	210	4	208	4.84e-49	169	sp|P86325|EST1_THEFU Carboxylesterase OS=Thermobifida fusca OX=2021 PE=1 SV=1
TRINITY_DN2312_c0_g1_i3.p1	sp|Q47M62|EST1_THEFY	44.5	209	212	497	15	210	4	208	4.84e-49	169	sp|Q47M62|EST1_THEFY Carboxylesterase OS=Thermobifida fusca (strain YX) OX=269800 GN=Tfu_2427 PE=3 SV=1
TRINITY_DN2312_c0_g1_i3.p1	sp|Q63880|EST3A_MOUSE	45.7	219	212	571	3	210	38	255	5.77e-49	171	sp|Q63880|EST3A_MOUSE Carboxylesterase 3A OS=Mus musculus OX=10090 GN=Ces3a PE=1 SV=2
TRINITY_DN2312_c0_g1_i3.p1	sp|P81908|CHLE_HORSE	48.7	199	212	574	27	210	27	221	6.03e-49	171	sp|P81908|CHLE_HORSE Cholinesterase OS=Equus caballus OX=9796 GN=BCHE PE=1 SV=1
TRINITY_DN2312_c0_g1_i3.p1	sp|Q869C3|ACES_ANOGA	45.9	218	212	737	4	210	168	383	9.37e-49	172	sp|Q869C3|ACES_ANOGA Acetylcholinesterase OS=Anopheles gambiae OX=7165 GN=Ace PE=1 SV=3
TRINITY_DN2312_c0_g1_i5.p1	sp|D6WMZ8|ESTJ_TRICA	52.3	197	212	588	15	210	41	237	1.78e-60	201	sp|D6WMZ8|ESTJ_TRICA Juvenile hormone esterase OS=Tribolium castaneum OX=7070 GN=Tcjhe PE=1 SV=2
TRINITY_DN2312_c0_g1_i5.p1	sp|P16854|EST1_CULPI	49.5	214	212	540	4	212	8	216	2.14e-59	197	sp|P16854|EST1_CULPI Esterase B1 OS=Culex pipiens OX=7175 GN=B1 PE=3 SV=1
TRINITY_DN2312_c0_g1_i5.p1	sp|P37967|PNBA_BACSU	49.1	214	212	489	4	210	6	212	1.11e-54	184	sp|P37967|PNBA_BACSU Para-nitrobenzyl esterase OS=Bacillus subtilis (strain 168) OX=224308 GN=pnbA PE=1 SV=2
TRINITY_DN2312_c0_g1_i5.p1	sp|P12992|ESTJ_HELVI	46.5	198	212	564	24	212	48	245	8.52e-54	183	sp|P12992|ESTJ_HELVI Juvenile hormone esterase OS=Heliothis virescens OX=7102 PE=1 SV=2
TRINITY_DN2312_c0_g1_i5.p1	sp|A0A8B0RBM2|ACES_BOMIG	49.5	192	212	555	24	210	45	234	3.92e-53	181	sp|A0A8B0RBM2|ACES_BOMIG Carboxylic ester hydrolase OS=Bombus ignitus OX=130704 GN=vCaE PE=1 SV=1
TRINITY_DN2312_c0_g1_i5.p1	sp|O62763|ACES_FELCA	45.9	222	212	611	4	210	38	254	1.29e-52	181	sp|O62763|ACES_FELCA Acetylcholinesterase OS=Felis catus OX=9685 GN=ACHE PE=3 SV=1
TRINITY_DN2312_c0_g1_i5.p1	sp|P23795|ACES_BOVIN	48.2	199	212	613	27	210	61	256	1.33e-52	181	sp|P23795|ACES_BOVIN Acetylcholinesterase OS=Bos taurus OX=9913 GN=ACHE PE=1 SV=2
TRINITY_DN2312_c0_g1_i5.p1	sp|B2D0J5|EST6_APIME	49.2	193	212	557	22	210	45	235	3.03e-52	179	sp|B2D0J5|EST6_APIME Venom carboxylesterase-6 OS=Apis mellifera OX=7460 PE=2 SV=1
TRINITY_DN2312_c0_g1_i5.p1	sp|Q29499|ACES_RABIT	48.2	199	212	584	27	210	32	227	3.31e-52	179	sp|Q29499|ACES_RABIT Acetylcholinesterase (Fragment) OS=Oryctolagus cuniculus OX=9986 GN=ACHE PE=2 SV=1
TRINITY_DN2312_c0_g1_i5.p1	sp|P22303|ACES_HUMAN	45.5	222	212	614	4	210	41	257	7.09e-52	179	sp|P22303|ACES_HUMAN Acetylcholinesterase OS=Homo sapiens OX=9606 GN=ACHE PE=1 SV=1
TRINITY_DN2312_c0_g1_i5.p1	sp|Q86GC8|ACES_CULPI	46.8	218	212	702	4	210	135	350	7.40e-51	177	sp|Q86GC8|ACES_CULPI Acetylcholinesterase OS=Culex pipiens OX=7175 GN=ACHE1 PE=2 SV=2
TRINITY_DN2312_c0_g1_i5.p1	sp|P14943|EST2_RABIT	45.6	217	212	532	9	210	13	224	8.01e-51	175	sp|P14943|EST2_RABIT Cocaine esterase OS=Oryctolagus cuniculus OX=9986 GN=CES2 PE=1 SV=2
TRINITY_DN2312_c0_g1_i5.p1	sp|P35502|ESTF_MYZPE	47.4	213	212	564	3	210	28	237	1.34e-50	175	sp|P35502|ESTF_MYZPE Esterase FE4 OS=Myzus persicae OX=13164 PE=1 SV=1
TRINITY_DN2312_c0_g1_i5.p1	sp|P04058|ACES_TETCF	43.7	222	212	586	4	210	29	244	1.85e-50	175	sp|P04058|ACES_TETCF Acetylcholinesterase OS=Tetronarce californica OX=7787 GN=ache PE=1 SV=2
TRINITY_DN2312_c0_g1_i5.p1	sp|P37136|ACES_RAT	45.0	222	212	614	4	210	41	257	1.95e-50	175	sp|P37136|ACES_RAT Acetylcholinesterase OS=Rattus norvegicus OX=10116 GN=Ache PE=1 SV=1
TRINITY_DN2312_c0_g1_i5.p1	sp|P21836|ACES_MOUSE	44.6	222	212	614	4	210	41	257	2.71e-50	175	sp|P21836|ACES_MOUSE Acetylcholinesterase OS=Mus musculus OX=10090 GN=Ache PE=1 SV=1
TRINITY_DN2312_c0_g1_i5.p1	sp|P35501|ESTE_MYZPE	46.9	213	212	552	3	210	28	237	1.60e-49	172	sp|P35501|ESTE_MYZPE Esterase E4 OS=Myzus persicae OX=13164 PE=1 SV=1
TRINITY_DN2312_c0_g1_i5.p1	sp|Q869C3|ACES_ANOGA	46.3	218	212	737	4	210	168	383	2.58e-49	174	sp|Q869C3|ACES_ANOGA Acetylcholinesterase OS=Anopheles gambiae OX=7165 GN=Ace PE=1 SV=3
TRINITY_DN2312_c0_g1_i5.p1	sp|O62761|CHLE_PANTT	48.3	201	212	602	22	210	50	249	3.27e-49	172	sp|O62761|CHLE_PANTT Cholinesterase OS=Panthera tigris tigris OX=74535 GN=BCHE PE=2 SV=1
TRINITY_DN2312_c0_g1_i5.p1	sp|Q8R0W5|EST4A_MOUSE	44.4	216	212	563	7	210	39	251	5.14e-49	171	sp|Q8R0W5|EST4A_MOUSE Carboxylesterase 4A OS=Mus musculus OX=10090 GN=Ces4a PE=2 SV=2
TRINITY_DN2312_c0_g1_i5.p1	sp|P07692|ACES_TORMA	46.4	196	212	590	27	210	53	247	7.52e-49	171	sp|P07692|ACES_TORMA Acetylcholinesterase OS=Torpedo marmorata OX=7788 GN=ache PE=1 SV=2
TRINITY_DN2312_c0_g1_i5.p1	sp|P81908|CHLE_HORSE	48.7	199	212	574	27	210	27	221	8.40e-49	170	sp|P81908|CHLE_HORSE Cholinesterase OS=Equus caballus OX=9796 GN=BCHE PE=1 SV=1
TRINITY_DN2312_c0_g1_i5.p1	sp|P86325|EST1_THEFU	46.8	190	212	497	28	210	23	208	9.49e-49	169	sp|P86325|EST1_THEFU Carboxylesterase OS=Thermobifida fusca OX=2021 PE=1 SV=1
TRINITY_DN2312_c0_g1_i5.p1	sp|Q47M62|EST1_THEFY	46.8	190	212	497	28	210	23	208	9.49e-49	169	sp|Q47M62|EST1_THEFY Carboxylesterase OS=Thermobifida fusca (strain YX) OX=269800 GN=Tfu_2427 PE=3 SV=1
TRINITY_DN2312_c0_g1_i5.p1	sp|Q91WU0|EST1F_MOUSE	45.2	221	212	561	4	210	26	244	1.36e-48	169	sp|Q91WU0|EST1F_MOUSE Carboxylesterase 1F OS=Mus musculus OX=10090 GN=Ces1f PE=1 SV=1
TRINITY_DN2312_c0_g1_i7.p2	sp|P12992|ESTJ_HELVI	38.9	352	362	564	24	362	48	391	1.31e-73	241	sp|P12992|ESTJ_HELVI Juvenile hormone esterase OS=Heliothis virescens OX=7102 PE=1 SV=2
TRINITY_DN2312_c0_g1_i7.p2	sp|D6WMZ8|ESTJ_TRICA	40.4	339	362	588	25	354	51	383	1.30e-71	236	sp|D6WMZ8|ESTJ_TRICA Juvenile hormone esterase OS=Tribolium castaneum OX=7070 GN=Tcjhe PE=1 SV=2
TRINITY_DN2312_c0_g1_i7.p2	sp|B2D0J5|EST6_APIME	42.3	331	362	557	25	348	48	368	7.08e-71	234	sp|B2D0J5|EST6_APIME Venom carboxylesterase-6 OS=Apis mellifera OX=7460 PE=2 SV=1
TRINITY_DN2312_c0_g1_i7.p2	sp|P16854|EST1_CULPI	37.6	362	362	540	4	360	8	353	2.02e-69	229	sp|P16854|EST1_CULPI Esterase B1 OS=Culex pipiens OX=7175 GN=B1 PE=3 SV=1
TRINITY_DN2312_c0_g1_i7.p2	sp|A0A8B0RBM2|ACES_BOMIG	40.2	333	362	555	24	348	45	363	5.55e-69	229	sp|A0A8B0RBM2|ACES_BOMIG Carboxylic ester hydrolase OS=Bombus ignitus OX=130704 GN=vCaE PE=1 SV=1
TRINITY_DN2312_c0_g1_i7.p2	sp|P35502|ESTF_MYZPE	40.2	326	362	564	3	323	28	339	1.08e-66	223	sp|P35502|ESTF_MYZPE Esterase FE4 OS=Myzus persicae OX=13164 PE=1 SV=1
TRINITY_DN2312_c0_g1_i7.p2	sp|P35501|ESTE_MYZPE	39.6	326	362	552	3	323	28	339	2.45e-65	219	sp|P35501|ESTE_MYZPE Esterase E4 OS=Myzus persicae OX=13164 PE=1 SV=1
TRINITY_DN2312_c0_g1_i7.p2	sp|Q92035|ACES_BUNFA	37.2	358	362	606	2	341	37	380	3.02e-62	212	sp|Q92035|ACES_BUNFA Acetylcholinesterase OS=Bungarus fasciatus OX=8613 GN=ACHE PE=1 SV=2
TRINITY_DN2312_c0_g1_i7.p2	sp|O62763|ACES_FELCA	38.1	341	362	611	4	326	38	365	9.00e-62	211	sp|O62763|ACES_FELCA Acetylcholinesterase OS=Felis catus OX=9685 GN=ACHE PE=3 SV=1
TRINITY_DN2312_c0_g1_i7.p2	sp|P23795|ACES_BOVIN	37.8	341	362	613	4	326	40	367	9.33e-62	211	sp|P23795|ACES_BOVIN Acetylcholinesterase OS=Bos taurus OX=9913 GN=ACHE PE=1 SV=2
TRINITY_DN2312_c0_g1_i7.p2	sp|Q29499|ACES_RABIT	38.4	341	362	584	4	326	11	338	1.11e-60	207	sp|Q29499|ACES_RABIT Acetylcholinesterase (Fragment) OS=Oryctolagus cuniculus OX=9986 GN=ACHE PE=2 SV=1
TRINITY_DN2312_c0_g1_i7.p2	sp|P21836|ACES_MOUSE	36.7	360	362	614	4	341	41	387	1.91e-60	207	sp|P21836|ACES_MOUSE Acetylcholinesterase OS=Mus musculus OX=10090 GN=Ache PE=1 SV=1
TRINITY_DN2312_c0_g1_i7.p2	sp|P04058|ACES_TETCF	37.7	334	362	586	27	341	50	370	3.15e-60	206	sp|P04058|ACES_TETCF Acetylcholinesterase OS=Tetronarce californica OX=7787 GN=ache PE=1 SV=2
TRINITY_DN2312_c0_g1_i7.p2	sp|P37136|ACES_RAT	36.7	360	362	614	4	341	41	387	3.73e-60	207	sp|P37136|ACES_RAT Acetylcholinesterase OS=Rattus norvegicus OX=10116 GN=Ache PE=1 SV=1
TRINITY_DN2312_c0_g1_i7.p2	sp|P22303|ACES_HUMAN	37.5	341	362	614	4	326	41	368	1.01e-59	206	sp|P22303|ACES_HUMAN Acetylcholinesterase OS=Homo sapiens OX=9606 GN=ACHE PE=1 SV=1
TRINITY_DN2312_c0_g1_i7.p2	sp|Q86GC8|ACES_CULPI	38.2	346	362	702	4	337	135	467	1.48e-58	204	sp|Q86GC8|ACES_CULPI Acetylcholinesterase OS=Culex pipiens OX=7175 GN=ACHE1 PE=2 SV=2
TRINITY_DN2312_c0_g1_i7.p2	sp|O42275|ACES_ELEEL	39.4	315	362	633	27	326	53	355	7.48e-58	201	sp|O42275|ACES_ELEEL Acetylcholinesterase OS=Electrophorus electricus OX=8005 GN=ache PE=3 SV=1
TRINITY_DN2312_c0_g1_i7.p2	sp|O62761|CHLE_PANTT	38.9	332	362	602	22	333	50	367	4.59e-57	198	sp|O62761|CHLE_PANTT Cholinesterase OS=Panthera tigris tigris OX=74535 GN=BCHE PE=2 SV=1
TRINITY_DN2312_c0_g1_i7.p2	sp|P07692|ACES_TORMA	36.4	335	362	590	27	341	53	373	5.21e-57	198	sp|P07692|ACES_TORMA Acetylcholinesterase OS=Torpedo marmorata OX=7788 GN=ache PE=1 SV=2
TRINITY_DN2312_c0_g1_i7.p2	sp|P81908|CHLE_HORSE	38.3	329	362	574	23	333	23	339	5.49e-57	197	sp|P81908|CHLE_HORSE Cholinesterase OS=Equus caballus OX=9796 GN=BCHE PE=1 SV=1
TRINITY_DN2312_c0_g1_i7.p2	sp|Q9DDE3|ACES_DANRE	38.1	315	362	634	27	326	53	355	1.49e-56	197	sp|Q9DDE3|ACES_DANRE Acetylcholinesterase OS=Danio rerio OX=7955 GN=ache PE=1 SV=1
TRINITY_DN2312_c0_g1_i7.p2	sp|P21927|CHLE_RABIT	37.4	337	362	581	23	341	30	354	1.69e-56	196	sp|P21927|CHLE_RABIT Cholinesterase OS=Oryctolagus cuniculus OX=9986 GN=BCHE PE=2 SV=1
TRINITY_DN2312_c0_g1_i7.p2	sp|P37967|PNBA_BACSU	38.6	311	362	489	20	323	16	310	3.00e-56	194	sp|P37967|PNBA_BACSU Para-nitrobenzyl esterase OS=Bacillus subtilis (strain 168) OX=224308 GN=pnbA PE=1 SV=2
TRINITY_DN2312_c0_g1_i7.p2	sp|O62760|CHLE_FELCA	38.6	332	362	602	22	333	50	367	1.77e-55	194	sp|O62760|CHLE_FELCA Cholinesterase OS=Felis catus OX=9685 GN=BCHE PE=2 SV=1
TRINITY_DN2312_c0_g1_i7.p2	sp|Q03311|CHLE_MOUSE	38.0	329	362	603	23	333	52	368	1.80e-55	194	sp|Q03311|CHLE_MOUSE Cholinesterase OS=Mus musculus OX=10090 GN=Bche PE=1 SV=2
TRINITY_DN2312_c0_g1_i7.p1	sp|P12992|ESTJ_HELVI	33.5	531	536	564	20	530	43	553	5.67e-82	269	sp|P12992|ESTJ_HELVI Juvenile hormone esterase OS=Heliothis virescens OX=7102 PE=1 SV=2
TRINITY_DN2312_c0_g1_i7.p1	sp|D6WMZ8|ESTJ_TRICA	34.1	504	536	588	25	508	51	544	5.21e-76	254	sp|D6WMZ8|ESTJ_TRICA Juvenile hormone esterase OS=Tribolium castaneum OX=7070 GN=Tcjhe PE=1 SV=2
TRINITY_DN2312_c0_g1_i7.p1	sp|P16854|EST1_CULPI	33.7	495	536	540	4	483	8	484	2.78e-73	245	sp|P16854|EST1_CULPI Esterase B1 OS=Culex pipiens OX=7175 GN=B1 PE=3 SV=1
TRINITY_DN2312_c0_g1_i7.p1	sp|A0A8B0RBM2|ACES_BOMIG	32.1	517	536	555	24	527	45	544	3.40e-69	235	sp|A0A8B0RBM2|ACES_BOMIG Carboxylic ester hydrolase OS=Bombus ignitus OX=130704 GN=vCaE PE=1 SV=1
TRINITY_DN2312_c0_g1_i7.p1	sp|B2D0J5|EST6_APIME	33.2	491	536	557	22	497	45	515	3.70e-68	232	sp|B2D0J5|EST6_APIME Venom carboxylesterase-6 OS=Apis mellifera OX=7460 PE=2 SV=1
TRINITY_DN2312_c0_g1_i7.p1	sp|P35502|ESTF_MYZPE	33.7	499	536	564	3	488	28	509	3.20e-67	230	sp|P35502|ESTF_MYZPE Esterase FE4 OS=Myzus persicae OX=13164 PE=1 SV=1
TRINITY_DN2312_c0_g1_i7.p1	sp|P35501|ESTE_MYZPE	33.3	499	536	552	3	488	28	509	9.66e-66	226	sp|P35501|ESTE_MYZPE Esterase E4 OS=Myzus persicae OX=13164 PE=1 SV=1
TRINITY_DN2312_c0_g1_i7.p1	sp|Q92035|ACES_BUNFA	32.5	548	536	606	2	524	37	555	8.14e-64	222	sp|Q92035|ACES_BUNFA Acetylcholinesterase OS=Bungarus fasciatus OX=8613 GN=ACHE PE=1 SV=2
TRINITY_DN2312_c0_g1_i7.p1	sp|Q869C3|ACES_ANOGA	32.5	548	536	737	4	525	168	687	7.33e-62	219	sp|Q869C3|ACES_ANOGA Acetylcholinesterase OS=Anopheles gambiae OX=7165 GN=Ace PE=1 SV=3
TRINITY_DN2312_c0_g1_i7.p1	sp|Q86GC8|ACES_CULPI	32.6	546	536	702	4	525	135	654	8.34e-62	218	sp|Q86GC8|ACES_CULPI Acetylcholinesterase OS=Culex pipiens OX=7175 GN=ACHE1 PE=2 SV=2
TRINITY_DN2312_c0_g1_i7.p1	sp|P21836|ACES_MOUSE	32.0	550	536	614	4	524	41	563	1.34e-61	216	sp|P21836|ACES_MOUSE Acetylcholinesterase OS=Mus musculus OX=10090 GN=Ache PE=1 SV=1
TRINITY_DN2312_c0_g1_i7.p1	sp|P37136|ACES_RAT	32.4	549	536	614	4	524	41	563	1.34e-61	216	sp|P37136|ACES_RAT Acetylcholinesterase OS=Rattus norvegicus OX=10116 GN=Ache PE=1 SV=1
TRINITY_DN2312_c0_g1_i7.p1	sp|P23795|ACES_BOVIN	32.2	549	536	613	4	524	40	562	2.54e-61	215	sp|P23795|ACES_BOVIN Acetylcholinesterase OS=Bos taurus OX=9913 GN=ACHE PE=1 SV=2
TRINITY_DN2312_c0_g1_i7.p1	sp|P22303|ACES_HUMAN	32.1	549	536	614	4	524	41	563	1.34e-60	213	sp|P22303|ACES_HUMAN Acetylcholinesterase OS=Homo sapiens OX=9606 GN=ACHE PE=1 SV=1
TRINITY_DN2312_c0_g1_i7.p1	sp|O62763|ACES_FELCA	32.4	549	536	611	4	524	38	560	1.76e-60	213	sp|O62763|ACES_FELCA Acetylcholinesterase OS=Felis catus OX=9685 GN=ACHE PE=3 SV=1
TRINITY_DN2312_c0_g1_i7.p1	sp|Q29499|ACES_RABIT	32.2	549	536	584	4	524	11	533	2.85e-60	212	sp|Q29499|ACES_RABIT Acetylcholinesterase (Fragment) OS=Oryctolagus cuniculus OX=9986 GN=ACHE PE=2 SV=1
TRINITY_DN2312_c0_g1_i7.p1	sp|P04058|ACES_TETCF	32.5	507	536	586	27	506	50	526	1.11e-59	210	sp|P04058|ACES_TETCF Acetylcholinesterase OS=Tetronarce californica OX=7787 GN=ache PE=1 SV=2
TRINITY_DN2312_c0_g1_i7.p1	sp|Q64573|EST1F_RAT	31.4	548	536	561	12	527	22	548	2.57e-58	206	sp|Q64573|EST1F_RAT Liver carboxylesterase 1F OS=Rattus norvegicus OX=10116 GN=Ces1f PE=1 SV=2
TRINITY_DN2312_c0_g1_i7.p1	sp|P37967|PNBA_BACSU	32.1	511	536	489	20	519	16	478	1.13e-57	202	sp|P37967|PNBA_BACSU Para-nitrobenzyl esterase OS=Bacillus subtilis (strain 168) OX=224308 GN=pnbA PE=1 SV=2
TRINITY_DN2312_c0_g1_i7.p1	sp|O46421|EST1_MACFA	30.2	577	536	566	12	534	22	556	2.04e-57	204	sp|O46421|EST1_MACFA Liver carboxylesterase 1 OS=Macaca fascicularis OX=9541 GN=CES1 PE=2 SV=1
TRINITY_DN2312_c0_g1_i7.p1	sp|Q63010|EST5_RAT	29.9	548	536	561	12	527	22	548	6.90e-57	202	sp|Q63010|EST5_RAT Liver carboxylesterase B-1 OS=Rattus norvegicus OX=10116 PE=1 SV=1
TRINITY_DN2312_c0_g1_i7.p1	sp|P21927|CHLE_RABIT	31.6	528	536	581	23	528	30	533	1.39e-56	202	sp|P21927|CHLE_RABIT Cholinesterase OS=Oryctolagus cuniculus OX=9986 GN=BCHE PE=2 SV=1
TRINITY_DN2312_c0_g1_i7.p1	sp|Q8R0W5|EST4A_MOUSE	29.8	540	536	563	7	527	39	557	1.92e-56	201	sp|Q8R0W5|EST4A_MOUSE Carboxylesterase 4A OS=Mus musculus OX=10090 GN=Ces4a PE=2 SV=2
TRINITY_DN2312_c0_g1_i7.p1	sp|P23953|EST1C_MOUSE	31.3	544	536	554	4	527	26	537	2.25e-56	201	sp|P23953|EST1C_MOUSE Carboxylesterase 1C OS=Mus musculus OX=10090 GN=Ces1c PE=1 SV=4
TRINITY_DN2312_c0_g1_i7.p1	sp|P07692|ACES_TORMA	31.8	507	536	590	27	506	53	529	4.36e-56	201	sp|P07692|ACES_TORMA Acetylcholinesterase OS=Torpedo marmorata OX=7788 GN=ache PE=1 SV=2
TRINITY_DN2312_c0_g1_i9.p1	sp|P12992|ESTJ_HELVI	33.5	531	536	564	20	530	43	553	5.67e-82	269	sp|P12992|ESTJ_HELVI Juvenile hormone esterase OS=Heliothis virescens OX=7102 PE=1 SV=2
TRINITY_DN2312_c0_g1_i9.p1	sp|D6WMZ8|ESTJ_TRICA	34.1	504	536	588	25	508	51	544	5.21e-76	254	sp|D6WMZ8|ESTJ_TRICA Juvenile hormone esterase OS=Tribolium castaneum OX=7070 GN=Tcjhe PE=1 SV=2
TRINITY_DN2312_c0_g1_i9.p1	sp|P16854|EST1_CULPI	33.7	495	536	540	4	483	8	484	2.78e-73	245	sp|P16854|EST1_CULPI Esterase B1 OS=Culex pipiens OX=7175 GN=B1 PE=3 SV=1
TRINITY_DN2312_c0_g1_i9.p1	sp|A0A8B0RBM2|ACES_BOMIG	32.1	517	536	555	24	527	45	544	3.40e-69	235	sp|A0A8B0RBM2|ACES_BOMIG Carboxylic ester hydrolase OS=Bombus ignitus OX=130704 GN=vCaE PE=1 SV=1
TRINITY_DN2312_c0_g1_i9.p1	sp|B2D0J5|EST6_APIME	33.2	491	536	557	22	497	45	515	3.70e-68	232	sp|B2D0J5|EST6_APIME Venom carboxylesterase-6 OS=Apis mellifera OX=7460 PE=2 SV=1
TRINITY_DN2312_c0_g1_i9.p1	sp|P35502|ESTF_MYZPE	33.7	499	536	564	3	488	28	509	3.20e-67	230	sp|P35502|ESTF_MYZPE Esterase FE4 OS=Myzus persicae OX=13164 PE=1 SV=1
TRINITY_DN2312_c0_g1_i9.p1	sp|P35501|ESTE_MYZPE	33.3	499	536	552	3	488	28	509	9.66e-66	226	sp|P35501|ESTE_MYZPE Esterase E4 OS=Myzus persicae OX=13164 PE=1 SV=1
TRINITY_DN2312_c0_g1_i9.p1	sp|Q92035|ACES_BUNFA	32.5	548	536	606	2	524	37	555	8.14e-64	222	sp|Q92035|ACES_BUNFA Acetylcholinesterase OS=Bungarus fasciatus OX=8613 GN=ACHE PE=1 SV=2
TRINITY_DN2312_c0_g1_i9.p1	sp|Q869C3|ACES_ANOGA	32.5	548	536	737	4	525	168	687	7.33e-62	219	sp|Q869C3|ACES_ANOGA Acetylcholinesterase OS=Anopheles gambiae OX=7165 GN=Ace PE=1 SV=3
TRINITY_DN2312_c0_g1_i9.p1	sp|Q86GC8|ACES_CULPI	32.6	546	536	702	4	525	135	654	8.34e-62	218	sp|Q86GC8|ACES_CULPI Acetylcholinesterase OS=Culex pipiens OX=7175 GN=ACHE1 PE=2 SV=2
TRINITY_DN2312_c0_g1_i9.p1	sp|P21836|ACES_MOUSE	32.0	550	536	614	4	524	41	563	1.34e-61	216	sp|P21836|ACES_MOUSE Acetylcholinesterase OS=Mus musculus OX=10090 GN=Ache PE=1 SV=1
TRINITY_DN2312_c0_g1_i9.p1	sp|P37136|ACES_RAT	32.4	549	536	614	4	524	41	563	1.34e-61	216	sp|P37136|ACES_RAT Acetylcholinesterase OS=Rattus norvegicus OX=10116 GN=Ache PE=1 SV=1
TRINITY_DN2312_c0_g1_i9.p1	sp|P23795|ACES_BOVIN	32.2	549	536	613	4	524	40	562	2.54e-61	215	sp|P23795|ACES_BOVIN Acetylcholinesterase OS=Bos taurus OX=9913 GN=ACHE PE=1 SV=2
TRINITY_DN2312_c0_g1_i9.p1	sp|P22303|ACES_HUMAN	32.1	549	536	614	4	524	41	563	1.34e-60	213	sp|P22303|ACES_HUMAN Acetylcholinesterase OS=Homo sapiens OX=9606 GN=ACHE PE=1 SV=1
TRINITY_DN2312_c0_g1_i9.p1	sp|O62763|ACES_FELCA	32.4	549	536	611	4	524	38	560	1.76e-60	213	sp|O62763|ACES_FELCA Acetylcholinesterase OS=Felis catus OX=9685 GN=ACHE PE=3 SV=1
TRINITY_DN2312_c0_g1_i9.p1	sp|Q29499|ACES_RABIT	32.2	549	536	584	4	524	11	533	2.85e-60	212	sp|Q29499|ACES_RABIT Acetylcholinesterase (Fragment) OS=Oryctolagus cuniculus OX=9986 GN=ACHE PE=2 SV=1
TRINITY_DN2312_c0_g1_i9.p1	sp|P04058|ACES_TETCF	32.5	507	536	586	27	506	50	526	1.11e-59	210	sp|P04058|ACES_TETCF Acetylcholinesterase OS=Tetronarce californica OX=7787 GN=ache PE=1 SV=2
TRINITY_DN2312_c0_g1_i9.p1	sp|Q64573|EST1F_RAT	31.4	548	536	561	12	527	22	548	2.57e-58	206	sp|Q64573|EST1F_RAT Liver carboxylesterase 1F OS=Rattus norvegicus OX=10116 GN=Ces1f PE=1 SV=2
TRINITY_DN2312_c0_g1_i9.p1	sp|P37967|PNBA_BACSU	32.1	511	536	489	20	519	16	478	1.13e-57	202	sp|P37967|PNBA_BACSU Para-nitrobenzyl esterase OS=Bacillus subtilis (strain 168) OX=224308 GN=pnbA PE=1 SV=2
TRINITY_DN2312_c0_g1_i9.p1	sp|O46421|EST1_MACFA	30.2	577	536	566	12	534	22	556	2.04e-57	204	sp|O46421|EST1_MACFA Liver carboxylesterase 1 OS=Macaca fascicularis OX=9541 GN=CES1 PE=2 SV=1
TRINITY_DN2312_c0_g1_i9.p1	sp|Q63010|EST5_RAT	29.9	548	536	561	12	527	22	548	6.90e-57	202	sp|Q63010|EST5_RAT Liver carboxylesterase B-1 OS=Rattus norvegicus OX=10116 PE=1 SV=1
TRINITY_DN2312_c0_g1_i9.p1	sp|P21927|CHLE_RABIT	31.6	528	536	581	23	528	30	533	1.39e-56	202	sp|P21927|CHLE_RABIT Cholinesterase OS=Oryctolagus cuniculus OX=9986 GN=BCHE PE=2 SV=1
TRINITY_DN2312_c0_g1_i9.p1	sp|Q8R0W5|EST4A_MOUSE	29.8	540	536	563	7	527	39	557	1.92e-56	201	sp|Q8R0W5|EST4A_MOUSE Carboxylesterase 4A OS=Mus musculus OX=10090 GN=Ces4a PE=2 SV=2
TRINITY_DN2312_c0_g1_i9.p1	sp|P23953|EST1C_MOUSE	31.3	544	536	554	4	527	26	537	2.25e-56	201	sp|P23953|EST1C_MOUSE Carboxylesterase 1C OS=Mus musculus OX=10090 GN=Ces1c PE=1 SV=4
TRINITY_DN2312_c0_g1_i9.p1	sp|P07692|ACES_TORMA	31.8	507	536	590	27	506	53	529	4.36e-56	201	sp|P07692|ACES_TORMA Acetylcholinesterase OS=Torpedo marmorata OX=7788 GN=ache PE=1 SV=2
TRINITY_DN2312_c0_g1_i9.p2	sp|P12992|ESTJ_HELVI	38.9	352	362	564	24	362	48	391	5.10e-73	239	sp|P12992|ESTJ_HELVI Juvenile hormone esterase OS=Heliothis virescens OX=7102 PE=1 SV=2
TRINITY_DN2312_c0_g1_i9.p2	sp|D6WMZ8|ESTJ_TRICA	40.4	339	362	588	25	354	51	383	1.83e-71	236	sp|D6WMZ8|ESTJ_TRICA Juvenile hormone esterase OS=Tribolium castaneum OX=7070 GN=Tcjhe PE=1 SV=2
TRINITY_DN2312_c0_g1_i9.p2	sp|B2D0J5|EST6_APIME	42.6	331	362	557	25	348	48	368	5.04e-71	234	sp|B2D0J5|EST6_APIME Venom carboxylesterase-6 OS=Apis mellifera OX=7460 PE=2 SV=1
TRINITY_DN2312_c0_g1_i9.p2	sp|P16854|EST1_CULPI	38.1	362	362	540	4	360	8	353	3.98e-69	229	sp|P16854|EST1_CULPI Esterase B1 OS=Culex pipiens OX=7175 GN=B1 PE=3 SV=1
TRINITY_DN2312_c0_g1_i9.p2	sp|A0A8B0RBM2|ACES_BOMIG	40.5	333	362	555	24	348	45	363	5.55e-69	229	sp|A0A8B0RBM2|ACES_BOMIG Carboxylic ester hydrolase OS=Bombus ignitus OX=130704 GN=vCaE PE=1 SV=1
TRINITY_DN2312_c0_g1_i9.p2	sp|P35502|ESTF_MYZPE	40.5	326	362	564	3	323	28	339	2.11e-66	222	sp|P35502|ESTF_MYZPE Esterase FE4 OS=Myzus persicae OX=13164 PE=1 SV=1
TRINITY_DN2312_c0_g1_i9.p2	sp|P35501|ESTE_MYZPE	39.9	326	362	552	3	323	28	339	4.81e-65	218	sp|P35501|ESTE_MYZPE Esterase E4 OS=Myzus persicae OX=13164 PE=1 SV=1
TRINITY_DN2312_c0_g1_i9.p2	sp|Q92035|ACES_BUNFA	38.0	358	362	606	2	341	37	380	5.89e-62	211	sp|Q92035|ACES_BUNFA Acetylcholinesterase OS=Bungarus fasciatus OX=8613 GN=ACHE PE=1 SV=2
TRINITY_DN2312_c0_g1_i9.p2	sp|O62763|ACES_FELCA	38.7	341	362	611	4	326	38	365	6.45e-62	211	sp|O62763|ACES_FELCA Acetylcholinesterase OS=Felis catus OX=9685 GN=ACHE PE=3 SV=1
TRINITY_DN2312_c0_g1_i9.p2	sp|P23795|ACES_BOVIN	38.4	341	362	613	4	326	40	367	6.68e-62	211	sp|P23795|ACES_BOVIN Acetylcholinesterase OS=Bos taurus OX=9913 GN=ACHE PE=1 SV=2
TRINITY_DN2312_c0_g1_i9.p2	sp|Q29499|ACES_RABIT	39.0	341	362	584	4	326	11	338	7.96e-61	208	sp|Q29499|ACES_RABIT Acetylcholinesterase (Fragment) OS=Oryctolagus cuniculus OX=9986 GN=ACHE PE=2 SV=1
TRINITY_DN2312_c0_g1_i9.p2	sp|P21836|ACES_MOUSE	37.2	360	362	614	4	341	41	387	1.37e-60	208	sp|P21836|ACES_MOUSE Acetylcholinesterase OS=Mus musculus OX=10090 GN=Ache PE=1 SV=1
TRINITY_DN2312_c0_g1_i9.p2	sp|P04058|ACES_TETCF	38.3	334	362	586	27	341	50	370	2.25e-60	207	sp|P04058|ACES_TETCF Acetylcholinesterase OS=Tetronarce californica OX=7787 GN=ache PE=1 SV=2
TRINITY_DN2312_c0_g1_i9.p2	sp|P37136|ACES_RAT	37.2	360	362	614	4	341	41	387	2.67e-60	207	sp|P37136|ACES_RAT Acetylcholinesterase OS=Rattus norvegicus OX=10116 GN=Ache PE=1 SV=1
TRINITY_DN2312_c0_g1_i9.p2	sp|P22303|ACES_HUMAN	38.1	341	362	614	4	326	41	368	7.26e-60	206	sp|P22303|ACES_HUMAN Acetylcholinesterase OS=Homo sapiens OX=9606 GN=ACHE PE=1 SV=1
TRINITY_DN2312_c0_g1_i9.p2	sp|Q86GC8|ACES_CULPI	37.9	346	362	702	4	337	135	467	5.51e-58	202	sp|Q86GC8|ACES_CULPI Acetylcholinesterase OS=Culex pipiens OX=7175 GN=ACHE1 PE=2 SV=2
TRINITY_DN2312_c0_g1_i9.p2	sp|O42275|ACES_ELEEL	39.7	315	362	633	27	326	53	355	2.02e-57	200	sp|O42275|ACES_ELEEL Acetylcholinesterase OS=Electrophorus electricus OX=8005 GN=ache PE=3 SV=1
TRINITY_DN2312_c0_g1_i9.p2	sp|P07692|ACES_TORMA	37.0	335	362	590	27	341	53	373	2.68e-57	199	sp|P07692|ACES_TORMA Acetylcholinesterase OS=Torpedo marmorata OX=7788 GN=ache PE=1 SV=2
TRINITY_DN2312_c0_g1_i9.p2	sp|Q9DDE3|ACES_DANRE	38.4	315	362	634	27	326	53	355	2.89e-56	197	sp|Q9DDE3|ACES_DANRE Acetylcholinesterase OS=Danio rerio OX=7955 GN=ache PE=1 SV=1
TRINITY_DN2312_c0_g1_i9.p2	sp|P81908|CHLE_HORSE	38.0	329	362	574	23	333	23	339	2.91e-56	196	sp|P81908|CHLE_HORSE Cholinesterase OS=Equus caballus OX=9796 GN=BCHE PE=1 SV=1
TRINITY_DN2312_c0_g1_i9.p2	sp|O62761|CHLE_PANTT	38.6	332	362	602	22	333	50	367	3.36e-56	196	sp|O62761|CHLE_PANTT Cholinesterase OS=Panthera tigris tigris OX=74535 GN=BCHE PE=2 SV=1
TRINITY_DN2312_c0_g1_i9.p2	sp|P21927|CHLE_RABIT	37.1	337	362	581	23	341	30	354	8.91e-56	194	sp|P21927|CHLE_RABIT Cholinesterase OS=Oryctolagus cuniculus OX=9986 GN=BCHE PE=2 SV=1
TRINITY_DN2312_c0_g1_i9.p2	sp|P37967|PNBA_BACSU	38.3	311	362	489	20	323	16	310	2.26e-55	191	sp|P37967|PNBA_BACSU Para-nitrobenzyl esterase OS=Bacillus subtilis (strain 168) OX=224308 GN=pnbA PE=1 SV=2
TRINITY_DN2312_c0_g1_i9.p2	sp|P47982|EST6_DROMA	36.3	328	362	542	4	326	28	341	4.57e-55	192	sp|P47982|EST6_DROMA Esterase 6 OS=Drosophila mauritiana OX=7226 GN=Est-6 PE=3 SV=1
TRINITY_DN2312_c0_g1_i9.p2	sp|Q03311|CHLE_MOUSE	37.7	329	362	603	23	333	52	368	9.41e-55	192	sp|Q03311|CHLE_MOUSE Cholinesterase OS=Mus musculus OX=10090 GN=Bche PE=1 SV=2
TRINITY_DN235_c0_g1_i1.p1	sp|P37967|PNBA_BACSU	34.5	313	331	489	23	331	6	310	2.60e-46	166	sp|P37967|PNBA_BACSU Para-nitrobenzyl esterase OS=Bacillus subtilis (strain 168) OX=224308 GN=pnbA PE=1 SV=2
TRINITY_DN235_c0_g1_i1.p1	sp|P12992|ESTJ_HELVI	32.9	343	331	564	6	331	11	351	6.10e-46	167	sp|P12992|ESTJ_HELVI Juvenile hormone esterase OS=Heliothis virescens OX=7102 PE=1 SV=2
TRINITY_DN235_c0_g1_i1.p1	sp|Q8N0W4|NLGNX_HUMAN	29.8	349	331	816	7	326	32	370	8.41e-46	169	sp|Q8N0W4|NLGNX_HUMAN Neuroligin-4, X-linked OS=Homo sapiens OX=9606 GN=NLGN4X PE=1 SV=1
TRINITY_DN235_c0_g1_i1.p1	sp|Q8NFZ3|NLGNY_HUMAN	29.5	352	331	816	4	326	29	370	4.03e-45	167	sp|Q8NFZ3|NLGNY_HUMAN Neuroligin-4, Y-linked OS=Homo sapiens OX=9606 GN=NLGN4Y PE=1 SV=1
TRINITY_DN235_c0_g1_i1.p1	sp|P47982|EST6_DROMA	35.5	307	331	542	23	322	28	329	6.16e-45	164	sp|P47982|EST6_DROMA Esterase 6 OS=Drosophila mauritiana OX=7226 GN=Est-6 PE=3 SV=1
TRINITY_DN235_c0_g1_i1.p1	sp|Q64419|EST1_MESAU	32.6	341	331	561	5	331	15	345	1.12e-44	163	sp|Q64419|EST1_MESAU Liver carboxylesterase OS=Mesocricetus auratus OX=10036 PE=2 SV=1
TRINITY_DN235_c0_g1_i1.p1	sp|Q08662|EST6_DROSI	35.2	307	331	542	23	322	28	329	3.19e-44	162	sp|Q08662|EST6_DROSI Esterase 6 OS=Drosophila simulans OX=7240 GN=Est-6 PE=3 SV=1
TRINITY_DN235_c0_g1_i1.p1	sp|P08171|EST6_DROME	34.9	307	331	544	23	322	30	331	4.55e-44	161	sp|P08171|EST6_DROME Esterase-6 OS=Drosophila melanogaster OX=7227 GN=Est-6 PE=1 SV=2
TRINITY_DN235_c0_g1_i1.p1	sp|Q69ZK9|NLGN2_MOUSE	31.8	352	331	836	15	326	36	381	5.27e-44	164	sp|Q69ZK9|NLGN2_MOUSE Neuroligin-2 OS=Mus musculus OX=10090 GN=Nlgn2 PE=1 SV=2
TRINITY_DN235_c0_g1_i1.p1	sp|Q8K3R0|EST2A_RAT	32.6	340	331	558	5	331	15	344	1.06e-43	160	sp|Q8K3R0|EST2A_RAT Pyrethroid hydrolase Ces2a OS=Rattus norvegicus OX=10116 GN=Ces2a PE=1 SV=1
TRINITY_DN235_c0_g1_i1.p1	sp|O62760|CHLE_FELCA	34.2	339	331	602	8	326	16	348	1.32e-43	161	sp|O62760|CHLE_FELCA Cholinesterase OS=Felis catus OX=9685 GN=BCHE PE=2 SV=1
TRINITY_DN235_c0_g1_i1.p1	sp|Q62888|NLGN2_RAT	31.5	352	331	836	15	326	36	381	1.83e-43	162	sp|Q62888|NLGN2_RAT Neuroligin-2 OS=Rattus norvegicus OX=10116 GN=Nlgn2 PE=1 SV=1
TRINITY_DN235_c0_g1_i1.p1	sp|O62761|CHLE_PANTT	34.5	339	331	602	8	326	16	348	2.53e-43	160	sp|O62761|CHLE_PANTT Cholinesterase OS=Panthera tigris tigris OX=74535 GN=BCHE PE=2 SV=1
TRINITY_DN235_c0_g1_i1.p1	sp|Q8NFZ4|NLGN2_HUMAN	31.5	352	331	835	15	326	36	381	3.40e-43	162	sp|Q8NFZ4|NLGN2_HUMAN Neuroligin-2 OS=Homo sapiens OX=9606 GN=NLGN2 PE=1 SV=1
TRINITY_DN235_c0_g1_i1.p1	sp|A0A8B0RBM2|ACES_BOMIG	34.1	314	331	555	23	331	26	336	5.23e-43	159	sp|A0A8B0RBM2|ACES_BOMIG Carboxylic ester hydrolase OS=Bombus ignitus OX=130704 GN=vCaE PE=1 SV=1
TRINITY_DN235_c0_g1_i1.p1	sp|P23953|EST1C_MOUSE	32.7	333	331	554	23	331	26	342	9.92e-43	158	sp|P23953|EST1C_MOUSE Carboxylesterase 1C OS=Mus musculus OX=10090 GN=Ces1c PE=1 SV=4
TRINITY_DN235_c0_g1_i1.p1	sp|Q5XG92|EST4A_HUMAN	33.3	330	331	561	22	331	28	353	1.09e-42	158	sp|Q5XG92|EST4A_HUMAN Carboxylesterase 4A OS=Homo sapiens OX=9606 GN=CES4A PE=1 SV=2
TRINITY_DN235_c0_g1_i1.p1	sp|Q8BYM5|NLGN3_MOUSE	30.0	347	331	825	23	326	41	381	1.56e-42	160	sp|Q8BYM5|NLGN3_MOUSE Neuroligin-3 OS=Mus musculus OX=10090 GN=Nlgn3 PE=1 SV=2
TRINITY_DN235_c0_g1_i1.p1	sp|P23141|EST1_HUMAN	34.9	335	331	567	23	331	26	354	1.62e-42	157	sp|P23141|EST1_HUMAN Liver carboxylesterase 1 OS=Homo sapiens OX=9606 GN=CES1 PE=1 SV=2
TRINITY_DN235_c0_g1_i1.p1	sp|P12337|EST1_RABIT	33.1	335	331	565	23	331	26	353	2.19e-42	157	sp|P12337|EST1_RABIT Liver carboxylesterase 1 OS=Oryctolagus cuniculus OX=9986 PE=1 SV=3
TRINITY_DN235_c0_g1_i1.p1	sp|D6WMZ8|ESTJ_TRICA	36.4	305	331	588	42	331	53	350	3.98e-42	157	sp|D6WMZ8|ESTJ_TRICA Juvenile hormone esterase OS=Tribolium castaneum OX=7070 GN=Tcjhe PE=1 SV=2
TRINITY_DN235_c0_g1_i1.p1	sp|P06276|CHLE_HUMAN	35.0	354	331	602	4	326	8	348	6.42e-42	156	sp|P06276|CHLE_HUMAN Cholinesterase OS=Homo sapiens OX=9606 GN=BCHE PE=1 SV=1
TRINITY_DN235_c0_g1_i1.p1	sp|Q64176|EST1E_MOUSE	34.8	333	331	562	23	331	27	354	7.76e-42	155	sp|Q64176|EST1E_MOUSE Carboxylesterase 1E OS=Mus musculus OX=10090 GN=Ces1e PE=1 SV=1
TRINITY_DN235_c0_g1_i1.p1	sp|P16854|EST1_CULPI	40.3	226	331	540	23	241	8	228	8.11e-42	155	sp|P16854|EST1_CULPI Esterase B1 OS=Culex pipiens OX=7175 GN=B1 PE=3 SV=1
TRINITY_DN235_c0_g1_i1.p1	sp|O46421|EST1_MACFA	34.1	334	331	566	23	331	26	354	8.15e-42	155	sp|O46421|EST1_MACFA Liver carboxylesterase 1 OS=Macaca fascicularis OX=9541 GN=CES1 PE=2 SV=1
TRINITY_DN235_c0_g1_i2.p1	sp|P12992|ESTJ_HELVI	38.9	244	253	564	6	237	11	253	1.13e-44	160	sp|P12992|ESTJ_HELVI Juvenile hormone esterase OS=Heliothis virescens OX=7102 PE=1 SV=2
TRINITY_DN235_c0_g1_i2.p1	sp|P37967|PNBA_BACSU	40.9	215	253	489	23	233	6	218	1.97e-44	159	sp|P37967|PNBA_BACSU Para-nitrobenzyl esterase OS=Bacillus subtilis (strain 168) OX=224308 GN=pnbA PE=1 SV=2
TRINITY_DN235_c0_g1_i2.p1	sp|Q8N0W4|NLGNX_HUMAN	34.2	272	253	816	7	253	32	303	2.24e-44	162	sp|Q8N0W4|NLGNX_HUMAN Neuroligin-4, X-linked OS=Homo sapiens OX=9606 GN=NLGN4X PE=1 SV=1
TRINITY_DN235_c0_g1_i2.p1	sp|P86325|EST1_THEFU	39.2	232	253	497	23	250	5	232	8.50e-44	157	sp|P86325|EST1_THEFU Carboxylesterase OS=Thermobifida fusca OX=2021 PE=1 SV=1
TRINITY_DN235_c0_g1_i2.p1	sp|Q47M62|EST1_THEFY	39.2	232	253	497	23	250	5	232	8.50e-44	157	sp|Q47M62|EST1_THEFY Carboxylesterase OS=Thermobifida fusca (strain YX) OX=269800 GN=Tfu_2427 PE=3 SV=1
TRINITY_DN235_c0_g1_i2.p1	sp|Q8NFZ3|NLGNY_HUMAN	33.8	275	253	816	4	253	29	303	2.02e-43	159	sp|Q8NFZ3|NLGNY_HUMAN Neuroligin-4, Y-linked OS=Homo sapiens OX=9606 GN=NLGN4Y PE=1 SV=1
TRINITY_DN235_c0_g1_i2.p1	sp|P16854|EST1_CULPI	40.3	226	253	540	23	241	8	228	4.29e-43	156	sp|P16854|EST1_CULPI Esterase B1 OS=Culex pipiens OX=7175 GN=B1 PE=3 SV=1
TRINITY_DN235_c0_g1_i2.p1	sp|Q64419|EST1_MESAU	37.9	253	253	561	5	243	15	266	1.09e-42	155	sp|Q64419|EST1_MESAU Liver carboxylesterase OS=Mesocricetus auratus OX=10036 PE=2 SV=1
TRINITY_DN235_c0_g1_i2.p1	sp|P35502|ESTF_MYZPE	34.2	237	253	564	25	248	26	258	2.17e-42	154	sp|P35502|ESTF_MYZPE Esterase FE4 OS=Myzus persicae OX=13164 PE=1 SV=1
TRINITY_DN235_c0_g1_i2.p1	sp|Q8BYM5|NLGN3_MOUSE	33.7	297	253	825	3	253	18	314	6.46e-42	155	sp|Q8BYM5|NLGN3_MOUSE Neuroligin-3 OS=Mus musculus OX=10090 GN=Nlgn3 PE=1 SV=2
TRINITY_DN235_c0_g1_i2.p1	sp|P35501|ESTE_MYZPE	33.8	237	253	552	25	248	26	258	2.58e-41	151	sp|P35501|ESTE_MYZPE Esterase E4 OS=Myzus persicae OX=13164 PE=1 SV=1
TRINITY_DN235_c0_g1_i2.p1	sp|A0A8B0RBM2|ACES_BOMIG	39.7	234	253	555	23	251	26	258	2.68e-41	151	sp|A0A8B0RBM2|ACES_BOMIG Carboxylic ester hydrolase OS=Bombus ignitus OX=130704 GN=vCaE PE=1 SV=1
TRINITY_DN235_c0_g1_i2.p1	sp|Q9UKY3|CES1P_HUMAN	37.8	238	253	287	23	245	27	263	3.02e-41	145	sp|Q9UKY3|CES1P_HUMAN Putative inactive carboxylesterase 4 OS=Homo sapiens OX=9606 GN=CES1P1 PE=5 SV=2
TRINITY_DN235_c0_g1_i2.p1	sp|O46421|EST1_MACFA	39.1	238	253	566	23	245	26	262	5.85e-41	150	sp|O46421|EST1_MACFA Liver carboxylesterase 1 OS=Macaca fascicularis OX=9541 GN=CES1 PE=2 SV=1
TRINITY_DN235_c0_g1_i2.p1	sp|Q69ZK9|NLGN2_MOUSE	34.4	279	253	836	15	253	36	314	1.49e-40	151	sp|Q69ZK9|NLGN2_MOUSE Neuroligin-2 OS=Mus musculus OX=10090 GN=Nlgn2 PE=1 SV=2
TRINITY_DN235_c0_g1_i2.p1	sp|P23141|EST1_HUMAN	39.1	238	253	567	23	245	26	262	1.57e-40	149	sp|P23141|EST1_HUMAN Liver carboxylesterase 1 OS=Homo sapiens OX=9606 GN=CES1 PE=1 SV=2
TRINITY_DN235_c0_g1_i2.p1	sp|Q62889|NLGN3_RAT	31.9	317	253	848	3	253	21	337	2.07e-40	151	sp|Q62889|NLGN3_RAT Neuroligin-3 OS=Rattus norvegicus OX=10116 GN=Nlgn3 PE=1 SV=1
TRINITY_DN235_c0_g1_i2.p1	sp|Q8VCT4|EST1D_MOUSE	38.3	240	253	565	23	247	26	264	2.13e-40	149	sp|Q8VCT4|EST1D_MOUSE Carboxylesterase 1D OS=Mus musculus OX=10090 GN=Ces1d PE=1 SV=1
TRINITY_DN235_c0_g1_i2.p1	sp|Q8K3R0|EST2A_RAT	36.2	260	253	558	5	251	15	274	2.74e-40	149	sp|Q8K3R0|EST2A_RAT Pyrethroid hydrolase Ces2a OS=Rattus norvegicus OX=10116 GN=Ces2a PE=1 SV=1
TRINITY_DN235_c0_g1_i2.p1	sp|P47982|EST6_DROMA	39.2	222	253	542	23	241	28	244	3.15e-40	148	sp|P47982|EST6_DROMA Esterase 6 OS=Drosophila mauritiana OX=7226 GN=Est-6 PE=3 SV=1
TRINITY_DN235_c0_g1_i2.p1	sp|P08171|EST6_DROME	39.2	222	253	544	23	241	30	246	4.48e-40	148	sp|P08171|EST6_DROME Esterase-6 OS=Drosophila melanogaster OX=7227 GN=Est-6 PE=1 SV=2
TRINITY_DN235_c0_g1_i2.p1	sp|Q62888|NLGN2_RAT	34.1	279	253	836	15	253	36	314	5.16e-40	150	sp|Q62888|NLGN2_RAT Neuroligin-2 OS=Rattus norvegicus OX=10116 GN=Nlgn2 PE=1 SV=1
TRINITY_DN235_c0_g1_i2.p1	sp|Q8NFZ4|NLGN2_HUMAN	34.1	279	253	835	15	253	36	314	7.02e-40	149	sp|Q8NFZ4|NLGN2_HUMAN Neuroligin-2 OS=Homo sapiens OX=9606 GN=NLGN2 PE=1 SV=1
TRINITY_DN235_c0_g1_i2.p1	sp|Q63880|EST3A_MOUSE	38.5	244	253	571	1	231	16	259	8.37e-40	147	sp|Q63880|EST3A_MOUSE Carboxylesterase 3A OS=Mus musculus OX=10090 GN=Ces3a PE=1 SV=2
TRINITY_DN235_c0_g1_i2.p1	sp|O62760|CHLE_FELCA	39.9	228	253	602	23	239	34	261	1.13e-39	147	sp|O62760|CHLE_FELCA Cholinesterase OS=Felis catus OX=9685 GN=BCHE PE=2 SV=1
TRINITY_DN235_c0_g1_i5.p1	sp|P12992|ESTJ_HELVI	38.9	244	253	564	6	237	11	253	5.85e-45	161	sp|P12992|ESTJ_HELVI Juvenile hormone esterase OS=Heliothis virescens OX=7102 PE=1 SV=2
TRINITY_DN235_c0_g1_i5.p1	sp|P37967|PNBA_BACSU	41.4	215	253	489	23	233	6	218	1.01e-44	159	sp|P37967|PNBA_BACSU Para-nitrobenzyl esterase OS=Bacillus subtilis (strain 168) OX=224308 GN=pnbA PE=1 SV=2
TRINITY_DN235_c0_g1_i5.p1	sp|Q8N0W4|NLGNX_HUMAN	33.5	272	253	816	7	253	32	303	5.76e-44	161	sp|Q8N0W4|NLGNX_HUMAN Neuroligin-4, X-linked OS=Homo sapiens OX=9606 GN=NLGN4X PE=1 SV=1
TRINITY_DN235_c0_g1_i5.p1	sp|Q8NFZ3|NLGNY_HUMAN	33.1	275	253	816	4	253	29	303	2.76e-43	159	sp|Q8NFZ3|NLGNY_HUMAN Neuroligin-4, Y-linked OS=Homo sapiens OX=9606 GN=NLGN4Y PE=1 SV=1
TRINITY_DN235_c0_g1_i5.p1	sp|P16854|EST1_CULPI	40.3	226	253	540	23	241	8	228	5.97e-43	155	sp|P16854|EST1_CULPI Esterase B1 OS=Culex pipiens OX=7175 GN=B1 PE=3 SV=1
TRINITY_DN235_c0_g1_i5.p1	sp|Q64419|EST1_MESAU	37.9	253	253	561	5	243	15	266	7.82e-43	155	sp|Q64419|EST1_MESAU Liver carboxylesterase OS=Mesocricetus auratus OX=10036 PE=2 SV=1
TRINITY_DN235_c0_g1_i5.p1	sp|P86325|EST1_THEFU	38.8	232	253	497	23	250	5	232	1.69e-42	154	sp|P86325|EST1_THEFU Carboxylesterase OS=Thermobifida fusca OX=2021 PE=1 SV=1
TRINITY_DN235_c0_g1_i5.p1	sp|Q47M62|EST1_THEFY	38.8	232	253	497	23	250	5	232	1.69e-42	154	sp|Q47M62|EST1_THEFY Carboxylesterase OS=Thermobifida fusca (strain YX) OX=269800 GN=Tfu_2427 PE=3 SV=1
TRINITY_DN235_c0_g1_i5.p1	sp|P35502|ESTF_MYZPE	34.2	237	253	564	25	248	26	258	2.17e-42	154	sp|P35502|ESTF_MYZPE Esterase FE4 OS=Myzus persicae OX=13164 PE=1 SV=1
TRINITY_DN235_c0_g1_i5.p1	sp|Q9UKY3|CES1P_HUMAN	37.8	238	253	287	23	245	27	263	1.52e-41	146	sp|Q9UKY3|CES1P_HUMAN Putative inactive carboxylesterase 4 OS=Homo sapiens OX=9606 GN=CES1P1 PE=5 SV=2
TRINITY_DN235_c0_g1_i5.p1	sp|P35501|ESTE_MYZPE	33.8	237	253	552	25	248	26	258	2.58e-41	151	sp|P35501|ESTE_MYZPE Esterase E4 OS=Myzus persicae OX=13164 PE=1 SV=1
TRINITY_DN235_c0_g1_i5.p1	sp|O46421|EST1_MACFA	39.1	238	253	566	23	245	26	262	3.04e-41	151	sp|O46421|EST1_MACFA Liver carboxylesterase 1 OS=Macaca fascicularis OX=9541 GN=CES1 PE=2 SV=1
TRINITY_DN235_c0_g1_i5.p1	sp|A0A8B0RBM2|ACES_BOMIG	39.3	234	253	555	23	251	26	258	5.15e-41	150	sp|A0A8B0RBM2|ACES_BOMIG Carboxylic ester hydrolase OS=Bombus ignitus OX=130704 GN=vCaE PE=1 SV=1
TRINITY_DN235_c0_g1_i5.p1	sp|Q69ZK9|NLGN2_MOUSE	34.4	279	253	836	15	253	36	314	7.99e-41	152	sp|Q69ZK9|NLGN2_MOUSE Neuroligin-2 OS=Mus musculus OX=10090 GN=Nlgn2 PE=1 SV=2
TRINITY_DN235_c0_g1_i5.p1	sp|P23141|EST1_HUMAN	39.1	238	253	567	23	245	26	262	8.20e-41	150	sp|P23141|EST1_HUMAN Liver carboxylesterase 1 OS=Homo sapiens OX=9606 GN=CES1 PE=1 SV=2
TRINITY_DN235_c0_g1_i5.p1	sp|Q8VCT4|EST1D_MOUSE	38.3	240	253	565	23	247	26	264	1.11e-40	150	sp|Q8VCT4|EST1D_MOUSE Carboxylesterase 1D OS=Mus musculus OX=10090 GN=Ces1d PE=1 SV=1
TRINITY_DN235_c0_g1_i5.p1	sp|Q8BYM5|NLGN3_MOUSE	34.3	274	253	825	23	253	41	314	1.46e-40	151	sp|Q8BYM5|NLGN3_MOUSE Neuroligin-3 OS=Mus musculus OX=10090 GN=Nlgn3 PE=1 SV=2
TRINITY_DN235_c0_g1_i5.p1	sp|Q8NFZ4|NLGN2_HUMAN	34.1	279	253	835	15	253	36	314	2.77e-40	150	sp|Q8NFZ4|NLGN2_HUMAN Neuroligin-2 OS=Homo sapiens OX=9606 GN=NLGN2 PE=1 SV=1
TRINITY_DN235_c0_g1_i5.p1	sp|Q62888|NLGN2_RAT	34.1	279	253	836	15	253	36	314	2.77e-40	150	sp|Q62888|NLGN2_RAT Neuroligin-2 OS=Rattus norvegicus OX=10116 GN=Nlgn2 PE=1 SV=1
TRINITY_DN235_c0_g1_i5.p1	sp|O62760|CHLE_FELCA	38.2	246	253	602	8	239	16	261	3.10e-40	149	sp|O62760|CHLE_FELCA Cholinesterase OS=Felis catus OX=9685 GN=BCHE PE=2 SV=1
TRINITY_DN235_c0_g1_i5.p1	sp|Q8K3R0|EST2A_RAT	36.2	260	253	558	5	251	15	274	3.79e-40	148	sp|Q8K3R0|EST2A_RAT Pyrethroid hydrolase Ces2a OS=Rattus norvegicus OX=10116 GN=Ces2a PE=1 SV=1
TRINITY_DN235_c0_g1_i5.p1	sp|P06276|CHLE_HUMAN	39.1	258	253	602	4	239	8	261	4.28e-40	149	sp|P06276|CHLE_HUMAN Cholinesterase OS=Homo sapiens OX=9606 GN=BCHE PE=1 SV=1
TRINITY_DN235_c0_g1_i5.p1	sp|P47982|EST6_DROMA	39.2	222	253	542	23	241	28	244	4.37e-40	148	sp|P47982|EST6_DROMA Esterase 6 OS=Drosophila mauritiana OX=7226 GN=Est-6 PE=3 SV=1
TRINITY_DN235_c0_g1_i5.p1	sp|P08171|EST6_DROME	39.2	222	253	544	23	241	30	246	4.48e-40	148	sp|P08171|EST6_DROME Esterase-6 OS=Drosophila melanogaster OX=7227 GN=Est-6 PE=1 SV=2
TRINITY_DN235_c0_g1_i5.p1	sp|P14943|EST2_RABIT	39.9	218	253	532	25	230	10	227	5.37e-40	147	sp|P14943|EST2_RABIT Cocaine esterase OS=Oryctolagus cuniculus OX=9986 GN=CES2 PE=1 SV=2
TRINITY_DN235_c0_g1_i8.p1	sp|P37967|PNBA_BACSU	34.5	313	331	489	23	331	6	310	2.60e-46	166	sp|P37967|PNBA_BACSU Para-nitrobenzyl esterase OS=Bacillus subtilis (strain 168) OX=224308 GN=pnbA PE=1 SV=2
TRINITY_DN235_c0_g1_i8.p1	sp|P12992|ESTJ_HELVI	32.9	343	331	564	6	331	11	351	8.47e-46	166	sp|P12992|ESTJ_HELVI Juvenile hormone esterase OS=Heliothis virescens OX=7102 PE=1 SV=2
TRINITY_DN235_c0_g1_i8.p1	sp|Q8N0W4|NLGNX_HUMAN	29.8	349	331	816	7	326	32	370	1.15e-45	169	sp|Q8N0W4|NLGNX_HUMAN Neuroligin-4, X-linked OS=Homo sapiens OX=9606 GN=NLGN4X PE=1 SV=1
TRINITY_DN235_c0_g1_i8.p1	sp|Q8NFZ3|NLGNY_HUMAN	29.5	352	331	816	4	326	29	370	5.51e-45	167	sp|Q8NFZ3|NLGNY_HUMAN Neuroligin-4, Y-linked OS=Homo sapiens OX=9606 GN=NLGN4Y PE=1 SV=1
TRINITY_DN235_c0_g1_i8.p1	sp|P47982|EST6_DROMA	35.5	307	331	542	23	322	28	329	6.16e-45	164	sp|P47982|EST6_DROMA Esterase 6 OS=Drosophila mauritiana OX=7226 GN=Est-6 PE=3 SV=1
TRINITY_DN235_c0_g1_i8.p1	sp|Q64419|EST1_MESAU	32.6	341	331	561	5	331	15	345	1.55e-44	163	sp|Q64419|EST1_MESAU Liver carboxylesterase OS=Mesocricetus auratus OX=10036 PE=2 SV=1
TRINITY_DN235_c0_g1_i8.p1	sp|Q08662|EST6_DROSI	35.2	307	331	542	23	322	28	329	3.19e-44	162	sp|Q08662|EST6_DROSI Esterase 6 OS=Drosophila simulans OX=7240 GN=Est-6 PE=3 SV=1
TRINITY_DN235_c0_g1_i8.p1	sp|P08171|EST6_DROME	34.9	307	331	544	23	322	30	331	4.55e-44	161	sp|P08171|EST6_DROME Esterase-6 OS=Drosophila melanogaster OX=7227 GN=Est-6 PE=1 SV=2
TRINITY_DN235_c0_g1_i8.p1	sp|Q69ZK9|NLGN2_MOUSE	31.8	352	331	836	15	326	36	381	5.27e-44	164	sp|Q69ZK9|NLGN2_MOUSE Neuroligin-2 OS=Mus musculus OX=10090 GN=Nlgn2 PE=1 SV=2
TRINITY_DN235_c0_g1_i8.p1	sp|Q8K3R0|EST2A_RAT	32.6	340	331	558	5	331	15	344	1.47e-43	160	sp|Q8K3R0|EST2A_RAT Pyrethroid hydrolase Ces2a OS=Rattus norvegicus OX=10116 GN=Ces2a PE=1 SV=1
TRINITY_DN235_c0_g1_i8.p1	sp|O62760|CHLE_FELCA	35.2	321	331	602	23	326	34	348	1.83e-43	160	sp|O62760|CHLE_FELCA Cholinesterase OS=Felis catus OX=9685 GN=BCHE PE=2 SV=1
TRINITY_DN235_c0_g1_i8.p1	sp|Q62888|NLGN2_RAT	31.5	352	331	836	15	326	36	381	1.83e-43	162	sp|Q62888|NLGN2_RAT Neuroligin-2 OS=Rattus norvegicus OX=10116 GN=Nlgn2 PE=1 SV=1
TRINITY_DN235_c0_g1_i8.p1	sp|Q8NFZ4|NLGN2_HUMAN	31.5	352	331	835	15	326	36	381	3.40e-43	162	sp|Q8NFZ4|NLGN2_HUMAN Neuroligin-2 OS=Homo sapiens OX=9606 GN=NLGN2 PE=1 SV=1
TRINITY_DN235_c0_g1_i8.p1	sp|O62761|CHLE_PANTT	35.5	321	331	602	23	326	34	348	3.49e-43	160	sp|O62761|CHLE_PANTT Cholinesterase OS=Panthera tigris tigris OX=74535 GN=BCHE PE=2 SV=1
TRINITY_DN235_c0_g1_i8.p1	sp|A0A8B0RBM2|ACES_BOMIG	34.1	314	331	555	23	331	26	336	5.23e-43	159	sp|A0A8B0RBM2|ACES_BOMIG Carboxylic ester hydrolase OS=Bombus ignitus OX=130704 GN=vCaE PE=1 SV=1
TRINITY_DN235_c0_g1_i8.p1	sp|P23953|EST1C_MOUSE	32.7	333	331	554	23	331	26	342	9.92e-43	158	sp|P23953|EST1C_MOUSE Carboxylesterase 1C OS=Mus musculus OX=10090 GN=Ces1c PE=1 SV=4
TRINITY_DN235_c0_g1_i8.p1	sp|Q5XG92|EST4A_HUMAN	33.3	330	331	561	22	331	28	353	1.09e-42	158	sp|Q5XG92|EST4A_HUMAN Carboxylesterase 4A OS=Homo sapiens OX=9606 GN=CES4A PE=1 SV=2
TRINITY_DN235_c0_g1_i8.p1	sp|Q8BYM5|NLGN3_MOUSE	29.5	370	331	825	3	326	18	381	1.14e-42	160	sp|Q8BYM5|NLGN3_MOUSE Neuroligin-3 OS=Mus musculus OX=10090 GN=Nlgn3 PE=1 SV=2
TRINITY_DN235_c0_g1_i8.p1	sp|P23141|EST1_HUMAN	34.9	335	331	567	23	331	26	354	1.62e-42	157	sp|P23141|EST1_HUMAN Liver carboxylesterase 1 OS=Homo sapiens OX=9606 GN=CES1 PE=1 SV=2
TRINITY_DN235_c0_g1_i8.p1	sp|P12337|EST1_RABIT	33.1	335	331	565	23	331	26	353	2.19e-42	157	sp|P12337|EST1_RABIT Liver carboxylesterase 1 OS=Oryctolagus cuniculus OX=9986 PE=1 SV=3
TRINITY_DN235_c0_g1_i8.p1	sp|D6WMZ8|ESTJ_TRICA	36.4	305	331	588	42	331	53	350	3.98e-42	157	sp|D6WMZ8|ESTJ_TRICA Juvenile hormone esterase OS=Tribolium castaneum OX=7070 GN=Tcjhe PE=1 SV=2
TRINITY_DN235_c0_g1_i8.p1	sp|Q64176|EST1E_MOUSE	34.8	333	331	562	23	331	27	354	7.76e-42	155	sp|Q64176|EST1E_MOUSE Carboxylesterase 1E OS=Mus musculus OX=10090 GN=Ces1e PE=1 SV=1
TRINITY_DN235_c0_g1_i8.p1	sp|P16854|EST1_CULPI	40.3	226	331	540	23	241	8	228	8.11e-42	155	sp|P16854|EST1_CULPI Esterase B1 OS=Culex pipiens OX=7175 GN=B1 PE=3 SV=1
TRINITY_DN235_c0_g1_i8.p1	sp|O46421|EST1_MACFA	34.1	334	331	566	23	331	26	354	8.15e-42	155	sp|O46421|EST1_MACFA Liver carboxylesterase 1 OS=Macaca fascicularis OX=9541 GN=CES1 PE=2 SV=1
TRINITY_DN235_c0_g1_i8.p1	sp|P06276|CHLE_HUMAN	35.0	354	331	602	4	326	8	348	8.86e-42	156	sp|P06276|CHLE_HUMAN Cholinesterase OS=Homo sapiens OX=9606 GN=BCHE PE=1 SV=1
TRINITY_DN25123_c0_g1_i1.p1	sp|D6WMZ8|ESTJ_TRICA	30.6	360	427	588	26	361	34	376	7.29e-40	153	sp|D6WMZ8|ESTJ_TRICA Juvenile hormone esterase OS=Tribolium castaneum OX=7070 GN=Tcjhe PE=1 SV=2
TRINITY_DN25123_c0_g1_i1.p1	sp|B2D0J5|EST6_APIME	28.1	402	427	557	22	406	27	413	9.05e-39	150	sp|B2D0J5|EST6_APIME Venom carboxylesterase-6 OS=Apis mellifera OX=7460 PE=2 SV=1
TRINITY_DN25123_c0_g1_i1.p1	sp|P35501|ESTE_MYZPE	38.8	219	427	552	22	237	28	244	4.20e-38	148	sp|P35501|ESTE_MYZPE Esterase E4 OS=Myzus persicae OX=13164 PE=1 SV=1
TRINITY_DN25123_c0_g1_i1.p1	sp|P35502|ESTF_MYZPE	38.8	219	427	564	22	237	28	244	9.07e-38	147	sp|P35502|ESTF_MYZPE Esterase FE4 OS=Myzus persicae OX=13164 PE=1 SV=1
TRINITY_DN25123_c0_g1_i1.p1	sp|P37967|PNBA_BACSU	41.0	195	427	489	50	234	27	216	2.95e-35	139	sp|P37967|PNBA_BACSU Para-nitrobenzyl esterase OS=Bacillus subtilis (strain 168) OX=224308 GN=pnbA PE=1 SV=2
TRINITY_DN25123_c0_g1_i1.p1	sp|W4VSJ0|ACES_TRILK	35.9	237	427	559	35	262	43	270	4.77e-35	139	sp|W4VSJ0|ACES_TRILK Acetylcholinesterase-1 OS=Trittame loki OX=1295018 PE=1 SV=1
TRINITY_DN25123_c0_g1_i1.p1	sp|P12992|ESTJ_HELVI	27.4	419	427	564	44	425	49	436	5.00e-35	139	sp|P12992|ESTJ_HELVI Juvenile hormone esterase OS=Heliothis virescens OX=7102 PE=1 SV=2
TRINITY_DN25123_c0_g1_i1.p1	sp|A0A8B0RBM2|ACES_BOMIG	29.5	383	427	555	22	387	25	388	8.60e-35	139	sp|A0A8B0RBM2|ACES_BOMIG Carboxylic ester hydrolase OS=Bombus ignitus OX=130704 GN=vCaE PE=1 SV=1
TRINITY_DN25123_c0_g1_i1.p1	sp|P81429|EST1_SCHGA	39.4	188	427	198	7	192	11	196	1.98e-33	127	sp|P81429|EST1_SCHGA Esterase SG1 (Fragment) OS=Schizaphis graminum OX=13262 GN=SG1 PE=1 SV=1
TRINITY_DN25123_c0_g1_i1.p1	sp|P06276|CHLE_HUMAN	33.3	345	427	602	20	341	31	359	2.86e-33	135	sp|P06276|CHLE_HUMAN Cholinesterase OS=Homo sapiens OX=9606 GN=BCHE PE=1 SV=1
TRINITY_DN25123_c0_g1_i1.p1	sp|P16854|EST1_CULPI	29.4	405	427	540	20	403	5	385	3.21e-33	134	sp|P16854|EST1_CULPI Esterase B1 OS=Culex pipiens OX=7175 GN=B1 PE=3 SV=1
TRINITY_DN25123_c0_g1_i1.p1	sp|Q27459|ACE1_CAEBR	34.0	206	427	620	47	238	45	247	4.37e-33	134	sp|Q27459|ACE1_CAEBR Acetylcholinesterase 1 OS=Caenorhabditis briggsae OX=6238 GN=ace-1 PE=3 SV=1
TRINITY_DN25123_c0_g1_i1.p1	sp|Q92035|ACES_BUNFA	38.0	205	427	606	46	235	60	259	1.37e-32	133	sp|Q92035|ACES_BUNFA Acetylcholinesterase OS=Bungarus fasciatus OX=8613 GN=ACHE PE=1 SV=2
TRINITY_DN25123_c0_g1_i1.p1	sp|P38433|ACE1_CAEEL	34.0	206	427	620	47	238	45	247	3.75e-32	132	sp|P38433|ACE1_CAEEL Acetylcholinesterase 1 OS=Caenorhabditis elegans OX=6239 GN=ace-1 PE=1 SV=1
TRINITY_DN25123_c0_g1_i1.p1	sp|P32749|CHLE_BOVIN	31.7	315	427	602	46	341	55	359	4.59e-32	131	sp|P32749|CHLE_BOVIN Cholinesterase OS=Bos taurus OX=9913 GN=BCHE PE=2 SV=2
TRINITY_DN25123_c0_g1_i1.p1	sp|P81908|CHLE_HORSE	38.2	204	427	574	46	234	27	225	9.58e-32	130	sp|P81908|CHLE_HORSE Cholinesterase OS=Equus caballus OX=9796 GN=BCHE PE=1 SV=1
TRINITY_DN25123_c0_g1_i1.p1	sp|Q6NT32|EST5A_HUMAN	38.5	200	427	575	47	234	57	253	9.65e-32	130	sp|Q6NT32|EST5A_HUMAN Carboxylesterase 5A OS=Homo sapiens OX=9606 GN=CES5A PE=1 SV=1
TRINITY_DN25123_c0_g1_i1.p1	sp|P21927|CHLE_RABIT	29.3	382	427	581	46	408	34	384	1.01e-31	130	sp|P21927|CHLE_RABIT Cholinesterase OS=Oryctolagus cuniculus OX=9986 GN=BCHE PE=2 SV=1
TRINITY_DN25123_c0_g1_i1.p1	sp|Q9DDE3|ACES_DANRE	36.3	204	427	634	46	234	53	252	1.37e-31	130	sp|Q9DDE3|ACES_DANRE Acetylcholinesterase OS=Danio rerio OX=7955 GN=ache PE=1 SV=1
TRINITY_DN25123_c0_g1_i1.p1	sp|O62760|CHLE_FELCA	29.8	386	427	602	46	408	55	405	3.93e-31	129	sp|O62760|CHLE_FELCA Cholinesterase OS=Felis catus OX=9685 GN=BCHE PE=2 SV=1
TRINITY_DN25123_c0_g1_i1.p1	sp|O62761|CHLE_PANTT	29.8	386	427	602	46	408	55	405	3.93e-31	129	sp|O62761|CHLE_PANTT Cholinesterase OS=Panthera tigris tigris OX=74535 GN=BCHE PE=2 SV=1
TRINITY_DN25123_c0_g1_i1.p1	sp|P04058|ACES_TETCF	26.2	435	427	586	23	426	29	439	6.59e-31	128	sp|P04058|ACES_TETCF Acetylcholinesterase OS=Tetronarce californica OX=7787 GN=ache PE=1 SV=2
TRINITY_DN25123_c0_g1_i1.p1	sp|Q64419|EST1_MESAU	34.5	220	427	561	27	234	42	254	7.56e-31	127	sp|Q64419|EST1_MESAU Liver carboxylesterase OS=Mesocricetus auratus OX=10036 PE=2 SV=1
TRINITY_DN25123_c0_g1_i1.p1	sp|Q5XG92|EST4A_HUMAN	38.5	200	427	561	47	234	51	248	7.56e-31	127	sp|Q5XG92|EST4A_HUMAN Carboxylesterase 4A OS=Homo sapiens OX=9606 GN=CES4A PE=1 SV=2
TRINITY_DN25123_c0_g1_i1.p1	sp|A0A060S684|CHLE_MYCMD	36.0	253	427	585	23	258	38	281	1.21e-30	127	sp|A0A060S684|CHLE_MYCMD Chlorogenic acid esterase OS=Mycosarcoma maydis OX=5270 GN=chlE PE=1 SV=1
TRINITY_DN256_c0_g1_i1.p1	sp|B2D0J5|EST6_APIME	28.5	512	635	557	34	523	23	528	1.38e-51	190	sp|B2D0J5|EST6_APIME Venom carboxylesterase-6 OS=Apis mellifera OX=7460 PE=2 SV=1
TRINITY_DN256_c0_g1_i1.p1	sp|A0A8B0RBM2|ACES_BOMIG	30.5	537	635	555	34	549	21	544	4.22e-49	183	sp|A0A8B0RBM2|ACES_BOMIG Carboxylic ester hydrolase OS=Bombus ignitus OX=130704 GN=vCaE PE=1 SV=1
TRINITY_DN256_c0_g1_i1.p1	sp|D6WMZ8|ESTJ_TRICA	28.7	564	635	588	37	562	29	576	6.62e-48	180	sp|D6WMZ8|ESTJ_TRICA Juvenile hormone esterase OS=Tribolium castaneum OX=7070 GN=Tcjhe PE=1 SV=2
TRINITY_DN256_c0_g1_i1.p1	sp|P30122|CEL_BOVIN	28.3	569	635	597	27	552	1	546	1.04e-44	171	sp|P30122|CEL_BOVIN Bile salt-activated lipase (Fragment) OS=Bos taurus OX=9913 GN=CEL PE=1 SV=2
TRINITY_DN256_c0_g1_i1.p1	sp|P07882|CEL_RAT	30.4	516	635	612	59	546	51	542	2.36e-44	171	sp|P07882|CEL_RAT Bile salt-activated lipase OS=Rattus norvegicus OX=10116 GN=Cel PE=1 SV=2
TRINITY_DN256_c0_g1_i1.p1	sp|Q64285|CEL_MOUSE	29.7	518	635	599	59	546	51	542	2.73e-44	170	sp|Q64285|CEL_MOUSE Bile salt-activated lipase OS=Mus musculus OX=10090 GN=Cel PE=1 SV=1
TRINITY_DN256_c0_g1_i1.p1	sp|P19835|CEL_HUMAN	28.5	562	635	753	41	550	17	546	2.61e-42	166	sp|P19835|CEL_HUMAN Bile salt-activated lipase OS=Homo sapiens OX=9606 GN=CEL PE=1 SV=3
TRINITY_DN256_c0_g1_i1.p1	sp|P35502|ESTF_MYZPE	28.1	531	635	564	36	530	26	534	1.18e-41	162	sp|P35502|ESTF_MYZPE Esterase FE4 OS=Myzus persicae OX=13164 PE=1 SV=1
TRINITY_DN256_c0_g1_i1.p1	sp|Q64176|EST1E_MOUSE	29.3	518	635	562	16	499	4	508	1.87e-40	159	sp|Q64176|EST1E_MOUSE Carboxylesterase 1E OS=Mus musculus OX=10090 GN=Ces1e PE=1 SV=1
TRINITY_DN256_c0_g1_i1.p1	sp|P16854|EST1_CULPI	27.0	525	635	540	56	550	28	534	4.78e-40	157	sp|P16854|EST1_CULPI Esterase B1 OS=Culex pipiens OX=7175 GN=B1 PE=3 SV=1
TRINITY_DN256_c0_g1_i1.p1	sp|P35501|ESTE_MYZPE	27.4	521	635	552	36	510	26	514	5.63e-40	157	sp|P35501|ESTE_MYZPE Esterase E4 OS=Myzus persicae OX=13164 PE=1 SV=1
TRINITY_DN256_c0_g1_i1.p1	sp|Q69ZK9|NLGN2_MOUSE	28.9	536	635	836	34	507	39	555	1.57e-38	155	sp|Q69ZK9|NLGN2_MOUSE Neuroligin-2 OS=Mus musculus OX=10090 GN=Nlgn2 PE=1 SV=2
TRINITY_DN256_c0_g1_i1.p1	sp|Q62888|NLGN2_RAT	28.7	536	635	836	34	507	39	555	5.06e-38	154	sp|Q62888|NLGN2_RAT Neuroligin-2 OS=Rattus norvegicus OX=10116 GN=Nlgn2 PE=1 SV=1
TRINITY_DN256_c0_g1_i1.p1	sp|Q91WU0|EST1F_MOUSE	29.1	509	635	561	37	499	24	507	1.17e-37	150	sp|Q91WU0|EST1F_MOUSE Carboxylesterase 1F OS=Mus musculus OX=10090 GN=Ces1f PE=1 SV=1
TRINITY_DN256_c0_g1_i1.p1	sp|Q8NFZ4|NLGN2_HUMAN	28.7	536	635	835	34	507	39	555	3.90e-37	151	sp|Q8NFZ4|NLGN2_HUMAN Neuroligin-2 OS=Homo sapiens OX=9606 GN=NLGN2 PE=1 SV=1
TRINITY_DN256_c0_g1_i1.p1	sp|Q8BYM5|NLGN3_MOUSE	27.5	556	635	825	16	507	18	555	3.92e-36	148	sp|Q8BYM5|NLGN3_MOUSE Neuroligin-3 OS=Mus musculus OX=10090 GN=Nlgn3 PE=1 SV=2
TRINITY_DN256_c0_g1_i1.p1	sp|Q63108|EST1E_RAT	28.5	522	635	561	17	499	1	507	4.54e-36	146	sp|Q63108|EST1E_RAT Carboxylesterase 1E OS=Rattus norvegicus OX=10116 GN=Ces1e PE=1 SV=1
TRINITY_DN256_c0_g1_i1.p1	sp|Q63010|EST5_RAT	27.4	507	635	561	37	501	24	509	3.78e-35	143	sp|Q63010|EST5_RAT Liver carboxylesterase B-1 OS=Rattus norvegicus OX=10116 PE=1 SV=1
TRINITY_DN256_c0_g1_i1.p1	sp|Q04456|EST1_CAEBR	28.8	434	635	562	108	510	91	503	5.17e-35	143	sp|Q04456|EST1_CAEBR Gut esterase 1 OS=Caenorhabditis briggsae OX=6238 GN=ges-1 PE=2 SV=1
TRINITY_DN256_c0_g1_i1.p1	sp|Q64573|EST1F_RAT	27.7	505	635	561	37	499	24	507	9.36e-35	142	sp|Q64573|EST1F_RAT Liver carboxylesterase 1F OS=Rattus norvegicus OX=10116 GN=Ces1f PE=1 SV=2
TRINITY_DN256_c0_g1_i1.p1	sp|P12992|ESTJ_HELVI	26.7	536	635	564	16	516	7	529	2.38e-34	141	sp|P12992|ESTJ_HELVI Juvenile hormone esterase OS=Heliothis virescens OX=7102 PE=1 SV=2
TRINITY_DN256_c0_g1_i1.p1	sp|Q29499|ACES_RABIT	28.6	500	635	584	51	512	25	505	5.26e-34	140	sp|Q29499|ACES_RABIT Acetylcholinesterase (Fragment) OS=Oryctolagus cuniculus OX=9986 GN=ACHE PE=2 SV=1
TRINITY_DN256_c0_g1_i1.p1	sp|Q8N0W4|NLGNX_HUMAN	26.5	498	635	816	58	507	72	544	9.49e-34	141	sp|Q8N0W4|NLGNX_HUMAN Neuroligin-4, X-linked OS=Homo sapiens OX=9606 GN=NLGN4X PE=1 SV=1
TRINITY_DN256_c0_g1_i1.p1	sp|Q8NFZ3|NLGNY_HUMAN	25.6	492	635	816	58	507	72	544	1.69e-33	140	sp|Q8NFZ3|NLGNY_HUMAN Neuroligin-4, Y-linked OS=Homo sapiens OX=9606 GN=NLGN4Y PE=1 SV=1
TRINITY_DN256_c0_g1_i1.p1	sp|P21836|ACES_MOUSE	29.1	505	635	614	51	512	55	535	2.22e-33	139	sp|P21836|ACES_MOUSE Acetylcholinesterase OS=Mus musculus OX=10090 GN=Ache PE=1 SV=1
TRINITY_DN256_c0_g1_i11.p1	sp|B2D0J5|EST6_APIME	28.1	512	635	557	34	523	23	528	4.97e-51	188	sp|B2D0J5|EST6_APIME Venom carboxylesterase-6 OS=Apis mellifera OX=7460 PE=2 SV=1
TRINITY_DN256_c0_g1_i11.p1	sp|A0A8B0RBM2|ACES_BOMIG	30.2	537	635	555	34	549	21	544	7.99e-49	182	sp|A0A8B0RBM2|ACES_BOMIG Carboxylic ester hydrolase OS=Bombus ignitus OX=130704 GN=vCaE PE=1 SV=1
TRINITY_DN256_c0_g1_i11.p1	sp|D6WMZ8|ESTJ_TRICA	28.2	564	635	588	37	562	29	576	2.92e-46	176	sp|D6WMZ8|ESTJ_TRICA Juvenile hormone esterase OS=Tribolium castaneum OX=7070 GN=Tcjhe PE=1 SV=2
TRINITY_DN256_c0_g1_i11.p1	sp|P30122|CEL_BOVIN	28.3	572	635	597	27	552	1	546	1.72e-43	168	sp|P30122|CEL_BOVIN Bile salt-activated lipase (Fragment) OS=Bos taurus OX=9913 GN=CEL PE=1 SV=2
TRINITY_DN256_c0_g1_i11.p1	sp|Q64285|CEL_MOUSE	29.3	518	635	599	59	546	51	542	3.93e-42	164	sp|Q64285|CEL_MOUSE Bile salt-activated lipase OS=Mus musculus OX=10090 GN=Cel PE=1 SV=1
TRINITY_DN256_c0_g1_i11.p1	sp|P35502|ESTF_MYZPE	28.1	533	635	564	36	530	26	534	6.32e-42	163	sp|P35502|ESTF_MYZPE Esterase FE4 OS=Myzus persicae OX=13164 PE=1 SV=1
TRINITY_DN256_c0_g1_i11.p1	sp|P07882|CEL_RAT	30.0	517	635	612	59	546	51	542	1.16e-41	163	sp|P07882|CEL_RAT Bile salt-activated lipase OS=Rattus norvegicus OX=10116 GN=Cel PE=1 SV=2
TRINITY_DN256_c0_g1_i11.p1	sp|P19835|CEL_HUMAN	28.5	555	635	753	41	550	17	546	1.75e-40	161	sp|P19835|CEL_HUMAN Bile salt-activated lipase OS=Homo sapiens OX=9606 GN=CEL PE=1 SV=3
TRINITY_DN256_c0_g1_i11.p1	sp|P35501|ESTE_MYZPE	27.5	523	635	552	36	510	26	514	3.03e-40	158	sp|P35501|ESTE_MYZPE Esterase E4 OS=Myzus persicae OX=13164 PE=1 SV=1
TRINITY_DN256_c0_g1_i11.p1	sp|Q69ZK9|NLGN2_MOUSE	29.1	543	635	836	34	507	39	555	1.49e-39	159	sp|Q69ZK9|NLGN2_MOUSE Neuroligin-2 OS=Mus musculus OX=10090 GN=Nlgn2 PE=1 SV=2
TRINITY_DN256_c0_g1_i11.p1	sp|Q64176|EST1E_MOUSE	28.7	523	635	562	16	499	4	508	2.20e-39	155	sp|Q64176|EST1E_MOUSE Carboxylesterase 1E OS=Mus musculus OX=10090 GN=Ces1e PE=1 SV=1
TRINITY_DN256_c0_g1_i11.p1	sp|Q62888|NLGN2_RAT	28.9	543	635	836	34	507	39	555	4.84e-39	157	sp|Q62888|NLGN2_RAT Neuroligin-2 OS=Rattus norvegicus OX=10116 GN=Nlgn2 PE=1 SV=1
TRINITY_DN256_c0_g1_i11.p1	sp|Q8NFZ4|NLGN2_HUMAN	28.7	543	635	835	34	507	39	555	3.76e-38	154	sp|Q8NFZ4|NLGN2_HUMAN Neuroligin-2 OS=Homo sapiens OX=9606 GN=NLGN2 PE=1 SV=1
TRINITY_DN256_c0_g1_i11.p1	sp|P16854|EST1_CULPI	26.1	529	635	540	56	550	28	534	2.27e-37	149	sp|P16854|EST1_CULPI Esterase B1 OS=Culex pipiens OX=7175 GN=B1 PE=3 SV=1
TRINITY_DN256_c0_g1_i11.p1	sp|Q29499|ACES_RABIT	28.9	501	635	584	51	512	25	505	6.96e-37	149	sp|Q29499|ACES_RABIT Acetylcholinesterase (Fragment) OS=Oryctolagus cuniculus OX=9986 GN=ACHE PE=2 SV=1
TRINITY_DN256_c0_g1_i11.p1	sp|P37136|ACES_RAT	29.3	501	635	614	51	512	55	535	9.33e-37	149	sp|P37136|ACES_RAT Acetylcholinesterase OS=Rattus norvegicus OX=10116 GN=Ache PE=1 SV=1
TRINITY_DN256_c0_g1_i11.p1	sp|P21836|ACES_MOUSE	28.9	501	635	614	51	512	55	535	2.30e-36	147	sp|P21836|ACES_MOUSE Acetylcholinesterase OS=Mus musculus OX=10090 GN=Ache PE=1 SV=1
TRINITY_DN256_c0_g1_i11.p1	sp|P22303|ACES_HUMAN	29.2	493	635	614	59	512	63	535	3.11e-36	147	sp|P22303|ACES_HUMAN Acetylcholinesterase OS=Homo sapiens OX=9606 GN=ACHE PE=1 SV=1
TRINITY_DN256_c0_g1_i11.p1	sp|Q91WU0|EST1F_MOUSE	28.7	508	635	561	37	499	24	507	4.54e-36	146	sp|Q91WU0|EST1F_MOUSE Carboxylesterase 1F OS=Mus musculus OX=10090 GN=Ces1f PE=1 SV=1
TRINITY_DN256_c0_g1_i11.p1	sp|Q8BYM5|NLGN3_MOUSE	27.8	558	635	825	16	507	18	555	1.25e-35	147	sp|Q8BYM5|NLGN3_MOUSE Neuroligin-3 OS=Mus musculus OX=10090 GN=Nlgn3 PE=1 SV=2
TRINITY_DN256_c0_g1_i11.p1	sp|Q63108|EST1E_RAT	27.8	540	635	561	17	499	1	507	1.53e-35	144	sp|Q63108|EST1E_RAT Carboxylesterase 1E OS=Rattus norvegicus OX=10116 GN=Ces1e PE=1 SV=1
TRINITY_DN256_c0_g1_i11.p1	sp|Q8N0W4|NLGNX_HUMAN	27.2	497	635	816	58	507	72	544	7.00e-35	144	sp|Q8N0W4|NLGNX_HUMAN Neuroligin-4, X-linked OS=Homo sapiens OX=9606 GN=NLGN4X PE=1 SV=1
TRINITY_DN256_c0_g1_i11.p1	sp|Q8NFZ3|NLGNY_HUMAN	26.3	491	635	816	58	507	72	544	1.25e-34	144	sp|Q8NFZ3|NLGNY_HUMAN Neuroligin-4, Y-linked OS=Homo sapiens OX=9606 GN=NLGN4Y PE=1 SV=1
TRINITY_DN256_c0_g1_i11.p1	sp|P12992|ESTJ_HELVI	26.5	540	635	564	16	516	7	529	1.31e-34	142	sp|P12992|ESTJ_HELVI Juvenile hormone esterase OS=Heliothis virescens OX=7102 PE=1 SV=2
TRINITY_DN256_c0_g1_i11.p1	sp|Q63010|EST5_RAT	26.5	506	635	561	37	501	24	509	3.12e-34	140	sp|Q63010|EST5_RAT Liver carboxylesterase B-1 OS=Rattus norvegicus OX=10116 PE=1 SV=1
TRINITY_DN256_c0_g1_i12.p1	sp|B2D0J5|EST6_APIME	27.5	534	641	557	34	544	23	549	1.05e-46	176	sp|B2D0J5|EST6_APIME Venom carboxylesterase-6 OS=Apis mellifera OX=7460 PE=2 SV=1
TRINITY_DN256_c0_g1_i12.p1	sp|A0A8B0RBM2|ACES_BOMIG	29.7	536	641	555	34	544	21	544	3.61e-46	175	sp|A0A8B0RBM2|ACES_BOMIG Carboxylic ester hydrolase OS=Bombus ignitus OX=130704 GN=vCaE PE=1 SV=1
TRINITY_DN256_c0_g1_i12.p1	sp|D6WMZ8|ESTJ_TRICA	28.7	534	641	588	37	532	29	546	2.85e-45	173	sp|D6WMZ8|ESTJ_TRICA Juvenile hormone esterase OS=Tribolium castaneum OX=7070 GN=Tcjhe PE=1 SV=2
TRINITY_DN256_c0_g1_i12.p1	sp|P30122|CEL_BOVIN	28.6	567	641	597	27	545	1	544	1.54e-44	171	sp|P30122|CEL_BOVIN Bile salt-activated lipase (Fragment) OS=Bos taurus OX=9913 GN=CEL PE=1 SV=2
TRINITY_DN256_c0_g1_i12.p1	sp|Q64285|CEL_MOUSE	29.6	521	641	599	59	541	51	542	1.91e-43	168	sp|Q64285|CEL_MOUSE Bile salt-activated lipase OS=Mus musculus OX=10090 GN=Cel PE=1 SV=1
TRINITY_DN256_c0_g1_i12.p1	sp|P19835|CEL_HUMAN	28.8	559	641	753	41	545	17	546	6.25e-43	168	sp|P19835|CEL_HUMAN Bile salt-activated lipase OS=Homo sapiens OX=9606 GN=CEL PE=1 SV=3
TRINITY_DN256_c0_g1_i12.p1	sp|P07882|CEL_RAT	29.9	519	641	612	59	541	51	542	1.05e-42	166	sp|P07882|CEL_RAT Bile salt-activated lipase OS=Rattus norvegicus OX=10116 GN=Cel PE=1 SV=2
TRINITY_DN256_c0_g1_i12.p1	sp|P35502|ESTF_MYZPE	27.0	529	641	564	36	527	26	535	1.30e-39	156	sp|P35502|ESTF_MYZPE Esterase FE4 OS=Myzus persicae OX=13164 PE=1 SV=1
TRINITY_DN256_c0_g1_i12.p1	sp|P35501|ESTE_MYZPE	26.8	529	641	552	36	521	26	532	2.42e-38	152	sp|P35501|ESTE_MYZPE Esterase E4 OS=Myzus persicae OX=13164 PE=1 SV=1
TRINITY_DN256_c0_g1_i12.p1	sp|P12992|ESTJ_HELVI	28.3	513	641	564	16	496	7	511	1.29e-37	150	sp|P12992|ESTJ_HELVI Juvenile hormone esterase OS=Heliothis virescens OX=7102 PE=1 SV=2
TRINITY_DN256_c0_g1_i12.p1	sp|Q64176|EST1E_MOUSE	28.3	519	641	562	16	495	4	508	1.71e-37	150	sp|Q64176|EST1E_MOUSE Carboxylesterase 1E OS=Mus musculus OX=10090 GN=Ces1e PE=1 SV=1
TRINITY_DN256_c0_g1_i12.p1	sp|P16303|EST1D_RAT	27.5	567	641	565	37	557	24	561	8.12e-37	148	sp|P16303|EST1D_RAT Carboxylesterase 1D OS=Rattus norvegicus OX=10116 GN=Ces1d PE=1 SV=2
TRINITY_DN256_c0_g1_i12.p1	sp|Q69ZK9|NLGN2_MOUSE	28.7	527	641	836	34	495	39	547	3.20e-36	149	sp|Q69ZK9|NLGN2_MOUSE Neuroligin-2 OS=Mus musculus OX=10090 GN=Nlgn2 PE=1 SV=2
TRINITY_DN256_c0_g1_i12.p1	sp|Q91WU0|EST1F_MOUSE	28.7	557	641	561	37	541	24	545	4.80e-36	146	sp|Q91WU0|EST1F_MOUSE Carboxylesterase 1F OS=Mus musculus OX=10090 GN=Ces1f PE=1 SV=1
TRINITY_DN256_c0_g1_i12.p1	sp|Q62888|NLGN2_RAT	28.5	527	641	836	34	495	39	547	1.02e-35	147	sp|Q62888|NLGN2_RAT Neuroligin-2 OS=Rattus norvegicus OX=10116 GN=Nlgn2 PE=1 SV=1
TRINITY_DN256_c0_g1_i12.p1	sp|Q63010|EST5_RAT	27.2	555	641	561	37	544	24	548	1.61e-35	144	sp|Q63010|EST5_RAT Liver carboxylesterase B-1 OS=Rattus norvegicus OX=10116 PE=1 SV=1
TRINITY_DN256_c0_g1_i12.p1	sp|P16854|EST1_CULPI	28.1	469	641	540	56	495	28	484	1.72e-35	144	sp|P16854|EST1_CULPI Esterase B1 OS=Culex pipiens OX=7175 GN=B1 PE=3 SV=1
TRINITY_DN256_c0_g1_i12.p1	sp|Q29499|ACES_RABIT	27.2	558	641	584	51	559	25	557	3.72e-35	144	sp|Q29499|ACES_RABIT Acetylcholinesterase (Fragment) OS=Oryctolagus cuniculus OX=9986 GN=ACHE PE=2 SV=1
TRINITY_DN256_c0_g1_i12.p1	sp|Q8BYM5|NLGN3_MOUSE	28.4	553	641	825	16	495	18	547	4.25e-35	145	sp|Q8BYM5|NLGN3_MOUSE Neuroligin-3 OS=Mus musculus OX=10090 GN=Nlgn3 PE=1 SV=2
TRINITY_DN256_c0_g1_i12.p1	sp|Q64573|EST1F_RAT	27.2	555	641	561	37	544	24	548	7.29e-35	142	sp|Q64573|EST1F_RAT Liver carboxylesterase 1F OS=Rattus norvegicus OX=10116 GN=Ces1f PE=1 SV=2
TRINITY_DN256_c0_g1_i12.p1	sp|Q8NFZ4|NLGN2_HUMAN	28.5	527	641	835	34	495	39	547	7.76e-35	144	sp|Q8NFZ4|NLGN2_HUMAN Neuroligin-2 OS=Homo sapiens OX=9606 GN=NLGN2 PE=1 SV=1
TRINITY_DN256_c0_g1_i12.p1	sp|Q8N0W4|NLGNX_HUMAN	28.5	494	641	816	58	495	72	536	2.36e-34	143	sp|Q8N0W4|NLGNX_HUMAN Neuroligin-4, X-linked OS=Homo sapiens OX=9606 GN=NLGN4X PE=1 SV=1
TRINITY_DN256_c0_g1_i12.p1	sp|Q8NFZ3|NLGNY_HUMAN	27.7	488	641	816	58	495	72	536	4.21e-34	142	sp|Q8NFZ3|NLGNY_HUMAN Neuroligin-4, Y-linked OS=Homo sapiens OX=9606 GN=NLGN4Y PE=1 SV=1
TRINITY_DN256_c0_g1_i12.p1	sp|Q91WG0|EST2C_MOUSE	28.2	549	641	561	12	517	13	522	4.43e-34	140	sp|Q91WG0|EST2C_MOUSE Acylcarnitine hydrolase OS=Mus musculus OX=10090 GN=Ces2c PE=1 SV=1
TRINITY_DN256_c0_g1_i12.p1	sp|Q86GC8|ACES_CULPI	28.2	556	641	702	61	558	160	669	5.09e-34	141	sp|Q86GC8|ACES_CULPI Acetylcholinesterase OS=Culex pipiens OX=7175 GN=ACHE1 PE=2 SV=2
TRINITY_DN256_c0_g1_i13.p1	sp|B2D0J5|EST6_APIME	27.7	538	640	557	34	551	23	549	1.20e-53	196	sp|B2D0J5|EST6_APIME Venom carboxylesterase-6 OS=Apis mellifera OX=7460 PE=2 SV=1
TRINITY_DN256_c0_g1_i13.p1	sp|A0A8B0RBM2|ACES_BOMIG	29.3	536	640	555	34	551	21	544	5.50e-52	191	sp|A0A8B0RBM2|ACES_BOMIG Carboxylic ester hydrolase OS=Bombus ignitus OX=130704 GN=vCaE PE=1 SV=1
TRINITY_DN256_c0_g1_i13.p1	sp|D6WMZ8|ESTJ_TRICA	30.0	534	640	588	37	535	29	544	4.46e-50	186	sp|D6WMZ8|ESTJ_TRICA Juvenile hormone esterase OS=Tribolium castaneum OX=7070 GN=Tcjhe PE=1 SV=2
TRINITY_DN256_c0_g1_i13.p1	sp|Q64285|CEL_MOUSE	30.4	493	640	599	59	521	51	521	3.66e-46	176	sp|Q64285|CEL_MOUSE Bile salt-activated lipase OS=Mus musculus OX=10090 GN=Cel PE=1 SV=1
TRINITY_DN256_c0_g1_i13.p1	sp|P07882|CEL_RAT	29.8	524	640	612	59	552	51	546	8.17e-46	175	sp|P07882|CEL_RAT Bile salt-activated lipase OS=Rattus norvegicus OX=10116 GN=Cel PE=1 SV=2
TRINITY_DN256_c0_g1_i13.p1	sp|P19835|CEL_HUMAN	29.6	527	640	753	41	521	17	521	1.94e-45	176	sp|P19835|CEL_HUMAN Bile salt-activated lipase OS=Homo sapiens OX=9606 GN=CEL PE=1 SV=3
TRINITY_DN256_c0_g1_i13.p1	sp|P30122|CEL_BOVIN	27.7	574	640	597	27	552	1	544	3.87e-44	170	sp|P30122|CEL_BOVIN Bile salt-activated lipase (Fragment) OS=Bos taurus OX=9913 GN=CEL PE=1 SV=2
TRINITY_DN256_c0_g1_i13.p1	sp|P35502|ESTF_MYZPE	28.6	511	640	564	36	510	26	514	4.92e-42	163	sp|P35502|ESTF_MYZPE Esterase FE4 OS=Myzus persicae OX=13164 PE=1 SV=1
TRINITY_DN256_c0_g1_i13.p1	sp|Q69ZK9|NLGN2_MOUSE	29.4	544	640	836	34	515	39	563	6.18e-41	163	sp|Q69ZK9|NLGN2_MOUSE Neuroligin-2 OS=Mus musculus OX=10090 GN=Nlgn2 PE=1 SV=2
TRINITY_DN256_c0_g1_i13.p1	sp|P35501|ESTE_MYZPE	28.0	511	640	552	36	510	26	514	9.29e-41	159	sp|P35501|ESTE_MYZPE Esterase E4 OS=Myzus persicae OX=13164 PE=1 SV=1
TRINITY_DN256_c0_g1_i13.p1	sp|P16854|EST1_CULPI	28.6	468	640	540	56	499	28	484	1.99e-40	158	sp|P16854|EST1_CULPI Esterase B1 OS=Culex pipiens OX=7175 GN=B1 PE=3 SV=1
TRINITY_DN256_c0_g1_i13.p1	sp|Q62888|NLGN2_RAT	29.2	544	640	836	34	515	39	563	2.01e-40	161	sp|Q62888|NLGN2_RAT Neuroligin-2 OS=Rattus norvegicus OX=10116 GN=Nlgn2 PE=1 SV=1
TRINITY_DN256_c0_g1_i13.p1	sp|Q8NFZ4|NLGN2_HUMAN	29.2	544	640	835	34	515	39	563	3.62e-40	160	sp|Q8NFZ4|NLGN2_HUMAN Neuroligin-2 OS=Homo sapiens OX=9606 GN=NLGN2 PE=1 SV=1
TRINITY_DN256_c0_g1_i13.p1	sp|Q64176|EST1E_MOUSE	27.8	571	640	562	16	551	4	549	3.66e-40	158	sp|Q64176|EST1E_MOUSE Carboxylesterase 1E OS=Mus musculus OX=10090 GN=Ces1e PE=1 SV=1
TRINITY_DN256_c0_g1_i13.p1	sp|Q8BYM5|NLGN3_MOUSE	27.8	565	640	825	16	515	18	563	5.18e-38	154	sp|Q8BYM5|NLGN3_MOUSE Neuroligin-3 OS=Mus musculus OX=10090 GN=Nlgn3 PE=1 SV=2
TRINITY_DN256_c0_g1_i13.p1	sp|P23953|EST1C_MOUSE	27.0	560	640	554	21	537	11	532	8.35e-38	151	sp|P23953|EST1C_MOUSE Carboxylesterase 1C OS=Mus musculus OX=10090 GN=Ces1c PE=1 SV=4
TRINITY_DN256_c0_g1_i13.p1	sp|Q91WU0|EST1F_MOUSE	28.0	561	640	561	37	548	24	545	2.27e-37	150	sp|Q91WU0|EST1F_MOUSE Carboxylesterase 1F OS=Mus musculus OX=10090 GN=Ces1f PE=1 SV=1
TRINITY_DN256_c0_g1_i13.p1	sp|P16303|EST1D_RAT	27.1	573	640	565	37	563	24	560	2.38e-37	150	sp|P16303|EST1D_RAT Carboxylesterase 1D OS=Rattus norvegicus OX=10116 GN=Ces1d PE=1 SV=2
TRINITY_DN256_c0_g1_i13.p1	sp|Q63010|EST5_RAT	26.4	546	640	561	37	537	24	543	4.18e-37	149	sp|Q63010|EST5_RAT Liver carboxylesterase B-1 OS=Rattus norvegicus OX=10116 PE=1 SV=1
TRINITY_DN256_c0_g1_i13.p1	sp|Q29499|ACES_RABIT	28.8	518	640	584	51	522	25	522	5.39e-37	149	sp|Q29499|ACES_RABIT Acetylcholinesterase (Fragment) OS=Oryctolagus cuniculus OX=9986 GN=ACHE PE=2 SV=1
TRINITY_DN256_c0_g1_i13.p1	sp|Q63108|EST1E_RAT	27.0	596	640	561	17	559	1	556	7.68e-37	148	sp|Q63108|EST1E_RAT Carboxylesterase 1E OS=Rattus norvegicus OX=10116 GN=Ces1e PE=1 SV=1
TRINITY_DN256_c0_g1_i13.p1	sp|Q8N0W4|NLGNX_HUMAN	27.0	504	640	816	58	515	72	552	9.37e-37	150	sp|Q8N0W4|NLGNX_HUMAN Neuroligin-4, X-linked OS=Homo sapiens OX=9606 GN=NLGN4X PE=1 SV=1
TRINITY_DN256_c0_g1_i13.p1	sp|Q8NFZ3|NLGNY_HUMAN	26.1	498	640	816	58	515	72	552	1.68e-36	149	sp|Q8NFZ3|NLGNY_HUMAN Neuroligin-4, Y-linked OS=Homo sapiens OX=9606 GN=NLGN4Y PE=1 SV=1
TRINITY_DN256_c0_g1_i13.p1	sp|Q64573|EST1F_RAT	26.9	542	640	561	37	537	24	543	2.59e-36	147	sp|Q64573|EST1F_RAT Liver carboxylesterase 1F OS=Rattus norvegicus OX=10116 GN=Ces1f PE=1 SV=2
TRINITY_DN256_c0_g1_i13.p1	sp|Q8VCT4|EST1D_MOUSE	27.1	564	640	565	37	551	24	548	2.71e-36	147	sp|Q8VCT4|EST1D_MOUSE Carboxylesterase 1D OS=Mus musculus OX=10090 GN=Ces1d PE=1 SV=1
TRINITY_DN256_c0_g1_i14.p1	sp|B2D0J5|EST6_APIME	27.7	534	617	557	34	544	23	549	7.45e-47	176	sp|B2D0J5|EST6_APIME Venom carboxylesterase-6 OS=Apis mellifera OX=7460 PE=2 SV=1
TRINITY_DN256_c0_g1_i14.p1	sp|A0A8B0RBM2|ACES_BOMIG	29.5	536	617	555	34	544	21	544	8.34e-45	171	sp|A0A8B0RBM2|ACES_BOMIG Carboxylic ester hydrolase OS=Bombus ignitus OX=130704 GN=vCaE PE=1 SV=1
TRINITY_DN256_c0_g1_i14.p1	sp|D6WMZ8|ESTJ_TRICA	28.5	534	617	588	37	532	29	546	2.52e-44	170	sp|D6WMZ8|ESTJ_TRICA Juvenile hormone esterase OS=Tribolium castaneum OX=7070 GN=Tcjhe PE=1 SV=2
TRINITY_DN256_c0_g1_i14.p1	sp|P30122|CEL_BOVIN	28.6	567	617	597	27	545	1	544	2.84e-44	170	sp|P30122|CEL_BOVIN Bile salt-activated lipase (Fragment) OS=Bos taurus OX=9913 GN=CEL PE=1 SV=2
TRINITY_DN256_c0_g1_i14.p1	sp|Q64285|CEL_MOUSE	29.4	521	617	599	59	541	51	542	2.29e-42	164	sp|Q64285|CEL_MOUSE Bile salt-activated lipase OS=Mus musculus OX=10090 GN=Cel PE=1 SV=1
TRINITY_DN256_c0_g1_i14.p1	sp|P07882|CEL_RAT	29.7	519	617	612	59	541	51	542	1.26e-41	162	sp|P07882|CEL_RAT Bile salt-activated lipase OS=Rattus norvegicus OX=10116 GN=Cel PE=1 SV=2
TRINITY_DN256_c0_g1_i14.p1	sp|P19835|CEL_HUMAN	28.3	559	617	753	41	545	17	546	4.20e-41	162	sp|P19835|CEL_HUMAN Bile salt-activated lipase OS=Homo sapiens OX=9606 GN=CEL PE=1 SV=3
TRINITY_DN256_c0_g1_i14.p1	sp|P35502|ESTF_MYZPE	27.1	531	617	564	36	527	26	535	6.34e-39	154	sp|P35502|ESTF_MYZPE Esterase FE4 OS=Myzus persicae OX=13164 PE=1 SV=1
TRINITY_DN256_c0_g1_i14.p1	sp|P12992|ESTJ_HELVI	28.4	517	617	564	16	496	7	511	8.63e-39	154	sp|P12992|ESTJ_HELVI Juvenile hormone esterase OS=Heliothis virescens OX=7102 PE=1 SV=2
TRINITY_DN256_c0_g1_i14.p1	sp|P35501|ESTE_MYZPE	26.9	531	617	552	36	521	26	532	1.19e-37	150	sp|P35501|ESTE_MYZPE Esterase E4 OS=Myzus persicae OX=13164 PE=1 SV=1
TRINITY_DN256_c0_g1_i14.p1	sp|Q64176|EST1E_MOUSE	27.7	524	617	562	16	495	4	508	8.40e-37	148	sp|Q64176|EST1E_MOUSE Carboxylesterase 1E OS=Mus musculus OX=10090 GN=Ces1e PE=1 SV=1
TRINITY_DN256_c0_g1_i14.p1	sp|Q29499|ACES_RABIT	27.6	558	617	584	51	559	25	557	1.44e-36	147	sp|Q29499|ACES_RABIT Acetylcholinesterase (Fragment) OS=Oryctolagus cuniculus OX=9986 GN=ACHE PE=2 SV=1
TRINITY_DN256_c0_g1_i14.p1	sp|P37136|ACES_RAT	28.8	555	617	614	51	559	55	587	1.92e-36	147	sp|P37136|ACES_RAT Acetylcholinesterase OS=Rattus norvegicus OX=10116 GN=Ache PE=1 SV=1
TRINITY_DN256_c0_g1_i14.p1	sp|Q91WU0|EST1F_MOUSE	28.5	555	617	561	37	541	24	545	3.82e-36	146	sp|Q91WU0|EST1F_MOUSE Carboxylesterase 1F OS=Mus musculus OX=10090 GN=Ces1f PE=1 SV=1
TRINITY_DN256_c0_g1_i14.p1	sp|Q69ZK9|NLGN2_MOUSE	28.8	534	617	836	34	495	39	547	4.44e-36	148	sp|Q69ZK9|NLGN2_MOUSE Neuroligin-2 OS=Mus musculus OX=10090 GN=Nlgn2 PE=1 SV=2
TRINITY_DN256_c0_g1_i14.p1	sp|P16303|EST1D_RAT	27.3	568	617	565	37	557	24	561	7.33e-36	145	sp|P16303|EST1D_RAT Carboxylesterase 1D OS=Rattus norvegicus OX=10116 GN=Ces1d PE=1 SV=2
TRINITY_DN256_c0_g1_i14.p1	sp|Q86GC8|ACES_CULPI	28.6	556	617	702	61	558	160	669	8.79e-36	146	sp|Q86GC8|ACES_CULPI Acetylcholinesterase OS=Culex pipiens OX=7175 GN=ACHE1 PE=2 SV=2
TRINITY_DN256_c0_g1_i14.p1	sp|P21836|ACES_MOUSE	27.9	555	617	614	51	559	55	587	1.17e-35	145	sp|P21836|ACES_MOUSE Acetylcholinesterase OS=Mus musculus OX=10090 GN=Ache PE=1 SV=1
TRINITY_DN256_c0_g1_i14.p1	sp|Q63010|EST5_RAT	26.9	553	617	561	37	544	24	548	1.29e-35	144	sp|Q63010|EST5_RAT Liver carboxylesterase B-1 OS=Rattus norvegicus OX=10116 PE=1 SV=1
TRINITY_DN256_c0_g1_i14.p1	sp|Q62888|NLGN2_RAT	28.7	534	617	836	34	495	39	547	1.42e-35	146	sp|Q62888|NLGN2_RAT Neuroligin-2 OS=Rattus norvegicus OX=10116 GN=Nlgn2 PE=1 SV=1
TRINITY_DN256_c0_g1_i14.p1	sp|Q64573|EST1F_RAT	26.9	553	617	561	37	544	24	548	5.88e-35	142	sp|Q64573|EST1F_RAT Liver carboxylesterase 1F OS=Rattus norvegicus OX=10116 GN=Ces1f PE=1 SV=2
TRINITY_DN256_c0_g1_i14.p1	sp|Q92035|ACES_BUNFA	26.1	589	617	606	17	559	19	579	6.66e-35	143	sp|Q92035|ACES_BUNFA Acetylcholinesterase OS=Bungarus fasciatus OX=8613 GN=ACHE PE=1 SV=2
TRINITY_DN256_c0_g1_i14.p1	sp|P22303|ACES_HUMAN	27.5	552	617	614	59	559	63	587	7.12e-35	143	sp|P22303|ACES_HUMAN Acetylcholinesterase OS=Homo sapiens OX=9606 GN=ACHE PE=1 SV=1
TRINITY_DN256_c0_g1_i14.p1	sp|Q8NFZ4|NLGN2_HUMAN	28.5	534	617	835	34	495	39	547	1.09e-34	144	sp|Q8NFZ4|NLGN2_HUMAN Neuroligin-2 OS=Homo sapiens OX=9606 GN=NLGN2 PE=1 SV=1
TRINITY_DN256_c0_g1_i14.p1	sp|Q869C3|ACES_ANOGA	28.9	551	617	737	61	555	193	699	1.47e-34	143	sp|Q869C3|ACES_ANOGA Acetylcholinesterase OS=Anopheles gambiae OX=7165 GN=Ace PE=1 SV=3
TRINITY_DN256_c0_g1_i7.p1	sp|B2D0J5|EST6_APIME	28.5	512	635	557	34	523	23	528	1.38e-51	190	sp|B2D0J5|EST6_APIME Venom carboxylesterase-6 OS=Apis mellifera OX=7460 PE=2 SV=1
TRINITY_DN256_c0_g1_i7.p1	sp|A0A8B0RBM2|ACES_BOMIG	30.5	537	635	555	34	549	21	544	4.22e-49	183	sp|A0A8B0RBM2|ACES_BOMIG Carboxylic ester hydrolase OS=Bombus ignitus OX=130704 GN=vCaE PE=1 SV=1
TRINITY_DN256_c0_g1_i7.p1	sp|D6WMZ8|ESTJ_TRICA	28.7	564	635	588	37	562	29	576	6.62e-48	180	sp|D6WMZ8|ESTJ_TRICA Juvenile hormone esterase OS=Tribolium castaneum OX=7070 GN=Tcjhe PE=1 SV=2
TRINITY_DN256_c0_g1_i7.p1	sp|P30122|CEL_BOVIN	28.3	569	635	597	27	552	1	546	1.04e-44	171	sp|P30122|CEL_BOVIN Bile salt-activated lipase (Fragment) OS=Bos taurus OX=9913 GN=CEL PE=1 SV=2
TRINITY_DN256_c0_g1_i7.p1	sp|P07882|CEL_RAT	30.4	516	635	612	59	546	51	542	2.36e-44	171	sp|P07882|CEL_RAT Bile salt-activated lipase OS=Rattus norvegicus OX=10116 GN=Cel PE=1 SV=2
TRINITY_DN256_c0_g1_i7.p1	sp|Q64285|CEL_MOUSE	29.7	518	635	599	59	546	51	542	2.73e-44	170	sp|Q64285|CEL_MOUSE Bile salt-activated lipase OS=Mus musculus OX=10090 GN=Cel PE=1 SV=1
TRINITY_DN256_c0_g1_i7.p1	sp|P19835|CEL_HUMAN	28.5	562	635	753	41	550	17	546	2.61e-42	166	sp|P19835|CEL_HUMAN Bile salt-activated lipase OS=Homo sapiens OX=9606 GN=CEL PE=1 SV=3
TRINITY_DN256_c0_g1_i7.p1	sp|P35502|ESTF_MYZPE	28.1	531	635	564	36	530	26	534	1.18e-41	162	sp|P35502|ESTF_MYZPE Esterase FE4 OS=Myzus persicae OX=13164 PE=1 SV=1
TRINITY_DN256_c0_g1_i7.p1	sp|Q64176|EST1E_MOUSE	29.3	518	635	562	16	499	4	508	1.87e-40	159	sp|Q64176|EST1E_MOUSE Carboxylesterase 1E OS=Mus musculus OX=10090 GN=Ces1e PE=1 SV=1
TRINITY_DN256_c0_g1_i7.p1	sp|P16854|EST1_CULPI	27.0	525	635	540	56	550	28	534	4.78e-40	157	sp|P16854|EST1_CULPI Esterase B1 OS=Culex pipiens OX=7175 GN=B1 PE=3 SV=1
TRINITY_DN256_c0_g1_i7.p1	sp|P35501|ESTE_MYZPE	27.4	521	635	552	36	510	26	514	5.63e-40	157	sp|P35501|ESTE_MYZPE Esterase E4 OS=Myzus persicae OX=13164 PE=1 SV=1
TRINITY_DN256_c0_g1_i7.p1	sp|Q69ZK9|NLGN2_MOUSE	28.9	536	635	836	34	507	39	555	1.57e-38	155	sp|Q69ZK9|NLGN2_MOUSE Neuroligin-2 OS=Mus musculus OX=10090 GN=Nlgn2 PE=1 SV=2
TRINITY_DN256_c0_g1_i7.p1	sp|Q62888|NLGN2_RAT	28.7	536	635	836	34	507	39	555	5.06e-38	154	sp|Q62888|NLGN2_RAT Neuroligin-2 OS=Rattus norvegicus OX=10116 GN=Nlgn2 PE=1 SV=1
TRINITY_DN256_c0_g1_i7.p1	sp|Q91WU0|EST1F_MOUSE	29.1	509	635	561	37	499	24	507	1.17e-37	150	sp|Q91WU0|EST1F_MOUSE Carboxylesterase 1F OS=Mus musculus OX=10090 GN=Ces1f PE=1 SV=1
TRINITY_DN256_c0_g1_i7.p1	sp|Q8NFZ4|NLGN2_HUMAN	28.7	536	635	835	34	507	39	555	3.90e-37	151	sp|Q8NFZ4|NLGN2_HUMAN Neuroligin-2 OS=Homo sapiens OX=9606 GN=NLGN2 PE=1 SV=1
TRINITY_DN256_c0_g1_i7.p1	sp|Q8BYM5|NLGN3_MOUSE	27.5	556	635	825	16	507	18	555	3.92e-36	148	sp|Q8BYM5|NLGN3_MOUSE Neuroligin-3 OS=Mus musculus OX=10090 GN=Nlgn3 PE=1 SV=2
TRINITY_DN256_c0_g1_i7.p1	sp|Q63108|EST1E_RAT	28.5	522	635	561	17	499	1	507	4.54e-36	146	sp|Q63108|EST1E_RAT Carboxylesterase 1E OS=Rattus norvegicus OX=10116 GN=Ces1e PE=1 SV=1
TRINITY_DN256_c0_g1_i7.p1	sp|Q63010|EST5_RAT	27.4	507	635	561	37	501	24	509	3.78e-35	143	sp|Q63010|EST5_RAT Liver carboxylesterase B-1 OS=Rattus norvegicus OX=10116 PE=1 SV=1
TRINITY_DN256_c0_g1_i7.p1	sp|Q04456|EST1_CAEBR	28.8	434	635	562	108	510	91	503	5.17e-35	143	sp|Q04456|EST1_CAEBR Gut esterase 1 OS=Caenorhabditis briggsae OX=6238 GN=ges-1 PE=2 SV=1
TRINITY_DN256_c0_g1_i7.p1	sp|Q64573|EST1F_RAT	27.7	505	635	561	37	499	24	507	9.36e-35	142	sp|Q64573|EST1F_RAT Liver carboxylesterase 1F OS=Rattus norvegicus OX=10116 GN=Ces1f PE=1 SV=2
TRINITY_DN256_c0_g1_i7.p1	sp|P12992|ESTJ_HELVI	26.7	536	635	564	16	516	7	529	2.38e-34	141	sp|P12992|ESTJ_HELVI Juvenile hormone esterase OS=Heliothis virescens OX=7102 PE=1 SV=2
TRINITY_DN256_c0_g1_i7.p1	sp|Q29499|ACES_RABIT	28.6	500	635	584	51	512	25	505	5.26e-34	140	sp|Q29499|ACES_RABIT Acetylcholinesterase (Fragment) OS=Oryctolagus cuniculus OX=9986 GN=ACHE PE=2 SV=1
TRINITY_DN256_c0_g1_i7.p1	sp|Q8N0W4|NLGNX_HUMAN	26.5	498	635	816	58	507	72	544	9.49e-34	141	sp|Q8N0W4|NLGNX_HUMAN Neuroligin-4, X-linked OS=Homo sapiens OX=9606 GN=NLGN4X PE=1 SV=1
TRINITY_DN256_c0_g1_i7.p1	sp|Q8NFZ3|NLGNY_HUMAN	25.6	492	635	816	58	507	72	544	1.69e-33	140	sp|Q8NFZ3|NLGNY_HUMAN Neuroligin-4, Y-linked OS=Homo sapiens OX=9606 GN=NLGN4Y PE=1 SV=1
TRINITY_DN256_c0_g1_i7.p1	sp|P21836|ACES_MOUSE	29.1	505	635	614	51	512	55	535	2.22e-33	139	sp|P21836|ACES_MOUSE Acetylcholinesterase OS=Mus musculus OX=10090 GN=Ache PE=1 SV=1
TRINITY_DN256_c0_g1_i8.p1	sp|B2D0J5|EST6_APIME	27.7	513	642	557	58	553	48	549	6.80e-55	199	sp|B2D0J5|EST6_APIME Venom carboxylesterase-6 OS=Apis mellifera OX=7460 PE=2 SV=1
TRINITY_DN256_c0_g1_i8.p1	sp|D6WMZ8|ESTJ_TRICA	29.2	530	642	588	37	537	29	544	1.20e-54	199	sp|D6WMZ8|ESTJ_TRICA Juvenile hormone esterase OS=Tribolium castaneum OX=7070 GN=Tcjhe PE=1 SV=2
TRINITY_DN256_c0_g1_i8.p1	sp|A0A8B0RBM2|ACES_BOMIG	28.9	536	642	555	34	553	21	544	3.15e-53	194	sp|A0A8B0RBM2|ACES_BOMIG Carboxylic ester hydrolase OS=Bombus ignitus OX=130704 GN=vCaE PE=1 SV=1
TRINITY_DN256_c0_g1_i8.p1	sp|P19835|CEL_HUMAN	30.0	527	642	753	41	523	17	521	4.35e-48	183	sp|P19835|CEL_HUMAN Bile salt-activated lipase OS=Homo sapiens OX=9606 GN=CEL PE=1 SV=3
TRINITY_DN256_c0_g1_i8.p1	sp|Q64285|CEL_MOUSE	30.2	493	642	599	61	523	51	521	1.62e-47	179	sp|Q64285|CEL_MOUSE Bile salt-activated lipase OS=Mus musculus OX=10090 GN=Cel PE=1 SV=1
TRINITY_DN256_c0_g1_i8.p1	sp|P07882|CEL_RAT	29.6	524	642	612	61	554	51	546	6.86e-47	178	sp|P07882|CEL_RAT Bile salt-activated lipase OS=Rattus norvegicus OX=10116 GN=Cel PE=1 SV=2
TRINITY_DN256_c0_g1_i8.p1	sp|P16854|EST1_CULPI	29.5	468	642	540	58	501	28	484	7.41e-46	174	sp|P16854|EST1_CULPI Esterase B1 OS=Culex pipiens OX=7175 GN=B1 PE=3 SV=1
TRINITY_DN256_c0_g1_i8.p1	sp|P30122|CEL_BOVIN	27.9	574	642	597	27	554	1	544	1.28e-45	174	sp|P30122|CEL_BOVIN Bile salt-activated lipase (Fragment) OS=Bos taurus OX=9913 GN=CEL PE=1 SV=2
TRINITY_DN256_c0_g1_i8.p1	sp|P35502|ESTF_MYZPE	28.9	508	642	564	36	512	26	514	5.70e-43	166	sp|P35502|ESTF_MYZPE Esterase FE4 OS=Myzus persicae OX=13164 PE=1 SV=1
TRINITY_DN256_c0_g1_i8.p1	sp|P35501|ESTE_MYZPE	28.3	508	642	552	36	512	26	514	1.08e-41	162	sp|P35501|ESTE_MYZPE Esterase E4 OS=Myzus persicae OX=13164 PE=1 SV=1
TRINITY_DN256_c0_g1_i8.p1	sp|P23953|EST1C_MOUSE	27.1	560	642	554	21	539	11	532	1.81e-40	159	sp|P23953|EST1C_MOUSE Carboxylesterase 1C OS=Mus musculus OX=10090 GN=Ces1c PE=1 SV=4
TRINITY_DN256_c0_g1_i8.p1	sp|Q64176|EST1E_MOUSE	27.5	571	642	562	16	553	4	549	2.75e-40	158	sp|Q64176|EST1E_MOUSE Carboxylesterase 1E OS=Mus musculus OX=10090 GN=Ces1e PE=1 SV=1
TRINITY_DN256_c0_g1_i8.p1	sp|Q29499|ACES_RABIT	29.0	510	642	584	61	524	33	522	4.92e-40	158	sp|Q29499|ACES_RABIT Acetylcholinesterase (Fragment) OS=Oryctolagus cuniculus OX=9986 GN=ACHE PE=2 SV=1
TRINITY_DN256_c0_g1_i8.p1	sp|Q91WU0|EST1F_MOUSE	28.5	562	642	561	37	550	24	545	3.19e-39	155	sp|Q91WU0|EST1F_MOUSE Carboxylesterase 1F OS=Mus musculus OX=10090 GN=Ces1f PE=1 SV=1
TRINITY_DN256_c0_g1_i8.p1	sp|P12992|ESTJ_HELVI	27.5	528	642	564	16	510	7	521	3.31e-39	155	sp|P12992|ESTJ_HELVI Juvenile hormone esterase OS=Heliothis virescens OX=7102 PE=1 SV=2
TRINITY_DN256_c0_g1_i8.p1	sp|Q64573|EST1F_RAT	27.5	542	642	561	37	539	24	543	1.48e-38	153	sp|Q64573|EST1F_RAT Liver carboxylesterase 1F OS=Rattus norvegicus OX=10116 GN=Ces1f PE=1 SV=2
TRINITY_DN256_c0_g1_i8.p1	sp|Q29550|EST1_PIG	28.9	589	642	566	17	555	1	551	1.57e-38	153	sp|Q29550|EST1_PIG Liver carboxylesterase OS=Sus scrofa OX=9823 PE=1 SV=1
TRINITY_DN256_c0_g1_i8.p1	sp|Q63108|EST1E_RAT	27.2	596	642	561	17	561	1	556	2.01e-38	153	sp|Q63108|EST1E_RAT Carboxylesterase 1E OS=Rattus norvegicus OX=10116 GN=Ces1e PE=1 SV=1
TRINITY_DN256_c0_g1_i8.p1	sp|Q63010|EST5_RAT	26.6	546	642	561	37	539	24	543	2.73e-38	152	sp|Q63010|EST5_RAT Liver carboxylesterase B-1 OS=Rattus norvegicus OX=10116 PE=1 SV=1
TRINITY_DN256_c0_g1_i8.p1	sp|P21836|ACES_MOUSE	29.1	508	642	614	61	524	63	552	4.88e-38	152	sp|P21836|ACES_MOUSE Acetylcholinesterase OS=Mus musculus OX=10090 GN=Ache PE=1 SV=1
TRINITY_DN256_c0_g1_i8.p1	sp|P37136|ACES_RAT	29.5	509	642	614	61	524	63	552	4.88e-38	152	sp|P37136|ACES_RAT Acetylcholinesterase OS=Rattus norvegicus OX=10116 GN=Ache PE=1 SV=1
TRINITY_DN256_c0_g1_i8.p1	sp|Q86GC8|ACES_CULPI	27.8	543	642	702	63	551	160	654	5.43e-38	153	sp|Q86GC8|ACES_CULPI Acetylcholinesterase OS=Culex pipiens OX=7175 GN=ACHE1 PE=2 SV=2
TRINITY_DN256_c0_g1_i8.p1	sp|P16303|EST1D_RAT	27.1	573	642	565	37	565	24	560	7.16e-38	151	sp|P16303|EST1D_RAT Carboxylesterase 1D OS=Rattus norvegicus OX=10116 GN=Ces1d PE=1 SV=2
TRINITY_DN256_c0_g1_i8.p1	sp|Q8BYM5|NLGN3_MOUSE	27.1	565	642	825	16	517	18	563	9.50e-38	153	sp|Q8BYM5|NLGN3_MOUSE Neuroligin-3 OS=Mus musculus OX=10090 GN=Nlgn3 PE=1 SV=2
TRINITY_DN256_c0_g1_i8.p1	sp|Q869C3|ACES_ANOGA	28.1	544	642	737	63	551	193	687	1.20e-37	152	sp|Q869C3|ACES_ANOGA Acetylcholinesterase OS=Anopheles gambiae OX=7165 GN=Ace PE=1 SV=3
TRINITY_DN256_c0_g1_i9.p1	sp|B2D0J5|EST6_APIME	27.7	534	641	557	34	544	23	549	1.05e-46	176	sp|B2D0J5|EST6_APIME Venom carboxylesterase-6 OS=Apis mellifera OX=7460 PE=2 SV=1
TRINITY_DN256_c0_g1_i9.p1	sp|A0A8B0RBM2|ACES_BOMIG	29.5	536	641	555	34	544	21	544	1.15e-44	171	sp|A0A8B0RBM2|ACES_BOMIG Carboxylic ester hydrolase OS=Bombus ignitus OX=130704 GN=vCaE PE=1 SV=1
TRINITY_DN256_c0_g1_i9.p1	sp|D6WMZ8|ESTJ_TRICA	28.5	534	641	588	37	532	29	546	3.47e-44	170	sp|D6WMZ8|ESTJ_TRICA Juvenile hormone esterase OS=Tribolium castaneum OX=7070 GN=Tcjhe PE=1 SV=2
TRINITY_DN256_c0_g1_i9.p1	sp|P30122|CEL_BOVIN	28.6	567	641	597	27	545	1	544	3.92e-44	170	sp|P30122|CEL_BOVIN Bile salt-activated lipase (Fragment) OS=Bos taurus OX=9913 GN=CEL PE=1 SV=2
TRINITY_DN256_c0_g1_i9.p1	sp|Q64285|CEL_MOUSE	29.4	521	641	599	59	541	51	542	3.10e-42	164	sp|Q64285|CEL_MOUSE Bile salt-activated lipase OS=Mus musculus OX=10090 GN=Cel PE=1 SV=1
TRINITY_DN256_c0_g1_i9.p1	sp|P07882|CEL_RAT	29.7	519	641	612	59	541	51	542	1.69e-41	162	sp|P07882|CEL_RAT Bile salt-activated lipase OS=Rattus norvegicus OX=10116 GN=Cel PE=1 SV=2
TRINITY_DN256_c0_g1_i9.p1	sp|P19835|CEL_HUMAN	28.3	559	641	753	41	545	17	546	5.68e-41	162	sp|P19835|CEL_HUMAN Bile salt-activated lipase OS=Homo sapiens OX=9606 GN=CEL PE=1 SV=3
TRINITY_DN256_c0_g1_i9.p1	sp|P35502|ESTF_MYZPE	27.1	531	641	564	36	527	26	535	8.22e-39	154	sp|P35502|ESTF_MYZPE Esterase FE4 OS=Myzus persicae OX=13164 PE=1 SV=1
TRINITY_DN256_c0_g1_i9.p1	sp|P12992|ESTJ_HELVI	28.4	517	641	564	16	496	7	511	1.12e-38	154	sp|P12992|ESTJ_HELVI Juvenile hormone esterase OS=Heliothis virescens OX=7102 PE=1 SV=2
TRINITY_DN256_c0_g1_i9.p1	sp|P35501|ESTE_MYZPE	26.9	531	641	552	36	521	26	532	1.52e-37	150	sp|P35501|ESTE_MYZPE Esterase E4 OS=Myzus persicae OX=13164 PE=1 SV=1
TRINITY_DN256_c0_g1_i9.p1	sp|Q64176|EST1E_MOUSE	27.7	524	641	562	16	495	4	508	1.06e-36	148	sp|Q64176|EST1E_MOUSE Carboxylesterase 1E OS=Mus musculus OX=10090 GN=Ces1e PE=1 SV=1
TRINITY_DN256_c0_g1_i9.p1	sp|Q29499|ACES_RABIT	27.6	558	641	584	51	559	25	557	1.83e-36	147	sp|Q29499|ACES_RABIT Acetylcholinesterase (Fragment) OS=Oryctolagus cuniculus OX=9986 GN=ACHE PE=2 SV=1
TRINITY_DN256_c0_g1_i9.p1	sp|P37136|ACES_RAT	28.8	555	641	614	51	559	55	587	2.44e-36	147	sp|P37136|ACES_RAT Acetylcholinesterase OS=Rattus norvegicus OX=10116 GN=Ache PE=1 SV=1
TRINITY_DN256_c0_g1_i9.p1	sp|Q91WU0|EST1F_MOUSE	28.5	555	641	561	37	541	24	545	4.80e-36	146	sp|Q91WU0|EST1F_MOUSE Carboxylesterase 1F OS=Mus musculus OX=10090 GN=Ces1f PE=1 SV=1
TRINITY_DN256_c0_g1_i9.p1	sp|Q69ZK9|NLGN2_MOUSE	28.8	534	641	836	34	495	39	547	5.73e-36	148	sp|Q69ZK9|NLGN2_MOUSE Neuroligin-2 OS=Mus musculus OX=10090 GN=Nlgn2 PE=1 SV=2
TRINITY_DN256_c0_g1_i9.p1	sp|P16303|EST1D_RAT	27.3	568	641	565	37	557	24	561	9.18e-36	145	sp|P16303|EST1D_RAT Carboxylesterase 1D OS=Rattus norvegicus OX=10116 GN=Ces1d PE=1 SV=2
TRINITY_DN256_c0_g1_i9.p1	sp|Q86GC8|ACES_CULPI	28.6	556	641	702	61	558	160	669	1.12e-35	146	sp|Q86GC8|ACES_CULPI Acetylcholinesterase OS=Culex pipiens OX=7175 GN=ACHE1 PE=2 SV=2
TRINITY_DN256_c0_g1_i9.p1	sp|P21836|ACES_MOUSE	27.9	555	641	614	51	559	55	587	1.47e-35	145	sp|P21836|ACES_MOUSE Acetylcholinesterase OS=Mus musculus OX=10090 GN=Ache PE=1 SV=1
TRINITY_DN256_c0_g1_i9.p1	sp|Q63010|EST5_RAT	26.9	553	641	561	37	544	24	548	1.61e-35	144	sp|Q63010|EST5_RAT Liver carboxylesterase B-1 OS=Rattus norvegicus OX=10116 PE=1 SV=1
TRINITY_DN256_c0_g1_i9.p1	sp|Q62888|NLGN2_RAT	28.7	534	641	836	34	495	39	547	1.83e-35	146	sp|Q62888|NLGN2_RAT Neuroligin-2 OS=Rattus norvegicus OX=10116 GN=Nlgn2 PE=1 SV=1
TRINITY_DN256_c0_g1_i9.p1	sp|Q64573|EST1F_RAT	26.9	553	641	561	37	544	24	548	7.29e-35	142	sp|Q64573|EST1F_RAT Liver carboxylesterase 1F OS=Rattus norvegicus OX=10116 GN=Ces1f PE=1 SV=2
TRINITY_DN256_c0_g1_i9.p1	sp|Q92035|ACES_BUNFA	26.1	589	641	606	17	559	19	579	8.29e-35	143	sp|Q92035|ACES_BUNFA Acetylcholinesterase OS=Bungarus fasciatus OX=8613 GN=ACHE PE=1 SV=2
TRINITY_DN256_c0_g1_i9.p1	sp|P22303|ACES_HUMAN	27.5	552	641	614	59	559	63	587	8.86e-35	143	sp|P22303|ACES_HUMAN Acetylcholinesterase OS=Homo sapiens OX=9606 GN=ACHE PE=1 SV=1
TRINITY_DN256_c0_g1_i9.p1	sp|Q8NFZ4|NLGN2_HUMAN	28.5	534	641	835	34	495	39	547	1.38e-34	144	sp|Q8NFZ4|NLGN2_HUMAN Neuroligin-2 OS=Homo sapiens OX=9606 GN=NLGN2 PE=1 SV=1
TRINITY_DN256_c0_g1_i9.p1	sp|Q869C3|ACES_ANOGA	28.9	551	641	737	61	555	193	699	1.84e-34	143	sp|Q869C3|ACES_ANOGA Acetylcholinesterase OS=Anopheles gambiae OX=7165 GN=Ace PE=1 SV=3
TRINITY_DN3016_c0_g1_i1.p1	sp|D6WMZ8|ESTJ_TRICA	31.6	525	587	588	25	529	29	534	3.48e-65	226	sp|D6WMZ8|ESTJ_TRICA Juvenile hormone esterase OS=Tribolium castaneum OX=7070 GN=Tcjhe PE=1 SV=2
TRINITY_DN3016_c0_g1_i1.p1	sp|P35501|ESTE_MYZPE	28.2	531	587	552	5	522	8	510	1.52e-52	191	sp|P35501|ESTE_MYZPE Esterase E4 OS=Myzus persicae OX=13164 PE=1 SV=1
TRINITY_DN3016_c0_g1_i1.p1	sp|B2D0J5|EST6_APIME	26.4	550	587	557	22	560	23	546	3.18e-52	191	sp|B2D0J5|EST6_APIME Venom carboxylesterase-6 OS=Apis mellifera OX=7460 PE=2 SV=1
TRINITY_DN3016_c0_g1_i1.p1	sp|P35502|ESTF_MYZPE	28.1	531	587	564	5	522	8	510	1.31e-51	189	sp|P35502|ESTF_MYZPE Esterase FE4 OS=Myzus persicae OX=13164 PE=1 SV=1
TRINITY_DN3016_c0_g1_i1.p1	sp|A0A8B0RBM2|ACES_BOMIG	27.9	555	587	555	22	561	21	542	1.95e-49	183	sp|A0A8B0RBM2|ACES_BOMIG Carboxylic ester hydrolase OS=Bombus ignitus OX=130704 GN=vCaE PE=1 SV=1
TRINITY_DN3016_c0_g1_i1.p1	sp|Q29550|EST1_PIG	29.1	563	587	566	25	566	25	552	2.24e-44	169	sp|Q29550|EST1_PIG Liver carboxylesterase OS=Sus scrofa OX=9823 PE=1 SV=1
TRINITY_DN3016_c0_g1_i1.p1	sp|Q63108|EST1E_RAT	26.6	567	587	561	25	564	24	549	5.38e-44	168	sp|Q63108|EST1E_RAT Carboxylesterase 1E OS=Rattus norvegicus OX=10116 GN=Ces1e PE=1 SV=1
TRINITY_DN3016_c0_g1_i1.p1	sp|Q8I034|EST5A_FELCA	28.8	552	587	545	23	560	29	539	5.33e-43	165	sp|Q8I034|EST5A_FELCA Carboxylesterase 5A OS=Felis catus OX=9685 GN=CES5A PE=1 SV=1
TRINITY_DN3016_c0_g1_i1.p1	sp|Q64573|EST1F_RAT	27.2	578	587	561	12	566	11	551	1.26e-42	164	sp|Q64573|EST1F_RAT Liver carboxylesterase 1F OS=Rattus norvegicus OX=10116 GN=Ces1f PE=1 SV=2
TRINITY_DN3016_c0_g1_i1.p1	sp|O46421|EST1_MACFA	27.6	577	587	566	22	566	21	552	2.53e-42	163	sp|O46421|EST1_MACFA Liver carboxylesterase 1 OS=Macaca fascicularis OX=9541 GN=CES1 PE=2 SV=1
TRINITY_DN3016_c0_g1_i1.p1	sp|Q6NT32|EST5A_HUMAN	29.6	560	587	575	23	564	29	543	3.90e-42	163	sp|Q6NT32|EST5A_HUMAN Carboxylesterase 5A OS=Homo sapiens OX=9606 GN=CES5A PE=1 SV=1
TRINITY_DN3016_c0_g1_i1.p1	sp|P23141|EST1_HUMAN	27.9	570	587	567	22	566	21	553	4.80e-42	162	sp|P23141|EST1_HUMAN Liver carboxylesterase 1 OS=Homo sapiens OX=9606 GN=CES1 PE=1 SV=2
TRINITY_DN3016_c0_g1_i1.p1	sp|Q64419|EST1_MESAU	26.3	562	587	561	24	564	31	544	1.13e-41	161	sp|Q64419|EST1_MESAU Liver carboxylesterase OS=Mesocricetus auratus OX=10036 PE=2 SV=1
TRINITY_DN3016_c0_g1_i1.p1	sp|Q64176|EST1E_MOUSE	26.7	576	587	562	22	566	22	552	1.15e-41	161	sp|Q64176|EST1E_MOUSE Carboxylesterase 1E OS=Mus musculus OX=10090 GN=Ces1e PE=1 SV=1
TRINITY_DN3016_c0_g1_i1.p1	sp|Q6AW46|EST5A_MOUSE	29.9	558	587	575	23	560	29	539	4.76e-41	160	sp|Q6AW46|EST5A_MOUSE Carboxylesterase 5A OS=Mus musculus OX=10090 GN=Ces5a PE=2 SV=1
TRINITY_DN3016_c0_g1_i1.p1	sp|Q86GC8|ACES_CULPI	29.0	575	587	702	23	564	130	657	6.68e-41	161	sp|Q86GC8|ACES_CULPI Acetylcholinesterase OS=Culex pipiens OX=7175 GN=ACHE1 PE=2 SV=2
TRINITY_DN3016_c0_g1_i1.p1	sp|Q869C3|ACES_ANOGA	29.8	540	587	737	51	564	191	690	1.15e-40	160	sp|Q869C3|ACES_ANOGA Acetylcholinesterase OS=Anopheles gambiae OX=7165 GN=Ace PE=1 SV=3
TRINITY_DN3016_c0_g1_i1.p1	sp|Q62765|NLGN1_RAT	26.5	612	587	843	25	564	53	630	3.36e-40	160	sp|Q62765|NLGN1_RAT Neuroligin-1 OS=Rattus norvegicus OX=10116 GN=Nlgn1 PE=1 SV=1
TRINITY_DN3016_c0_g1_i1.p1	sp|P16854|EST1_CULPI	28.8	472	587	540	23	477	4	450	3.65e-40	157	sp|P16854|EST1_CULPI Esterase B1 OS=Culex pipiens OX=7175 GN=B1 PE=3 SV=1
TRINITY_DN3016_c0_g1_i1.p1	sp|Q5XG92|EST4A_HUMAN	26.8	570	587	561	23	560	25	546	4.82e-40	157	sp|Q5XG92|EST4A_HUMAN Carboxylesterase 4A OS=Homo sapiens OX=9606 GN=CES4A PE=1 SV=2
TRINITY_DN3016_c0_g1_i1.p1	sp|Q63010|EST5_RAT	26.3	582	587	561	12	566	8	551	8.99e-40	156	sp|Q63010|EST5_RAT Liver carboxylesterase B-1 OS=Rattus norvegicus OX=10116 PE=1 SV=1
TRINITY_DN3016_c0_g1_i1.p1	sp|Q99K10|NLGN1_MOUSE	26.6	612	587	843	25	564	53	630	1.10e-39	158	sp|Q99K10|NLGN1_MOUSE Neuroligin-1 OS=Mus musculus OX=10090 GN=Nlgn1 PE=1 SV=2
TRINITY_DN3016_c0_g1_i1.p1	sp|Q8R0W5|EST4A_MOUSE	26.5	586	587	563	6	562	14	556	1.72e-39	155	sp|Q8R0W5|EST4A_MOUSE Carboxylesterase 4A OS=Mus musculus OX=10090 GN=Ces4a PE=2 SV=2
TRINITY_DN3016_c0_g1_i1.p1	sp|Q8NFZ4|NLGN2_HUMAN	24.9	602	587	835	22	564	39	605	1.95e-39	157	sp|Q8NFZ4|NLGN2_HUMAN Neuroligin-2 OS=Homo sapiens OX=9606 GN=NLGN2 PE=1 SV=1
TRINITY_DN3016_c0_g1_i1.p1	sp|Q5GRG2|EST5A_RAT	29.3	557	587	575	23	560	29	539	1.99e-39	155	sp|Q5GRG2|EST5A_RAT Carboxylesterase 5A OS=Rattus norvegicus OX=10116 GN=Ces5a PE=1 SV=1
TRINITY_DN3016_c0_g1_i10.p1	sp|D6WMZ8|ESTJ_TRICA	31.6	525	587	588	25	529	29	534	3.48e-65	226	sp|D6WMZ8|ESTJ_TRICA Juvenile hormone esterase OS=Tribolium castaneum OX=7070 GN=Tcjhe PE=1 SV=2
TRINITY_DN3016_c0_g1_i10.p1	sp|P35501|ESTE_MYZPE	28.2	531	587	552	5	522	8	510	1.52e-52	191	sp|P35501|ESTE_MYZPE Esterase E4 OS=Myzus persicae OX=13164 PE=1 SV=1
TRINITY_DN3016_c0_g1_i10.p1	sp|B2D0J5|EST6_APIME	26.4	550	587	557	22	560	23	546	3.18e-52	191	sp|B2D0J5|EST6_APIME Venom carboxylesterase-6 OS=Apis mellifera OX=7460 PE=2 SV=1
TRINITY_DN3016_c0_g1_i10.p1	sp|P35502|ESTF_MYZPE	28.1	531	587	564	5	522	8	510	1.31e-51	189	sp|P35502|ESTF_MYZPE Esterase FE4 OS=Myzus persicae OX=13164 PE=1 SV=1
TRINITY_DN3016_c0_g1_i10.p1	sp|A0A8B0RBM2|ACES_BOMIG	27.9	555	587	555	22	561	21	542	1.95e-49	183	sp|A0A8B0RBM2|ACES_BOMIG Carboxylic ester hydrolase OS=Bombus ignitus OX=130704 GN=vCaE PE=1 SV=1
TRINITY_DN3016_c0_g1_i10.p1	sp|Q29550|EST1_PIG	29.1	563	587	566	25	566	25	552	2.24e-44	169	sp|Q29550|EST1_PIG Liver carboxylesterase OS=Sus scrofa OX=9823 PE=1 SV=1
TRINITY_DN3016_c0_g1_i10.p1	sp|Q63108|EST1E_RAT	26.6	567	587	561	25	564	24	549	5.38e-44	168	sp|Q63108|EST1E_RAT Carboxylesterase 1E OS=Rattus norvegicus OX=10116 GN=Ces1e PE=1 SV=1
TRINITY_DN3016_c0_g1_i10.p1	sp|Q8I034|EST5A_FELCA	28.8	552	587	545	23	560	29	539	5.33e-43	165	sp|Q8I034|EST5A_FELCA Carboxylesterase 5A OS=Felis catus OX=9685 GN=CES5A PE=1 SV=1
TRINITY_DN3016_c0_g1_i10.p1	sp|Q64573|EST1F_RAT	27.2	578	587	561	12	566	11	551	1.26e-42	164	sp|Q64573|EST1F_RAT Liver carboxylesterase 1F OS=Rattus norvegicus OX=10116 GN=Ces1f PE=1 SV=2
TRINITY_DN3016_c0_g1_i10.p1	sp|O46421|EST1_MACFA	27.6	577	587	566	22	566	21	552	2.53e-42	163	sp|O46421|EST1_MACFA Liver carboxylesterase 1 OS=Macaca fascicularis OX=9541 GN=CES1 PE=2 SV=1
TRINITY_DN3016_c0_g1_i10.p1	sp|Q6NT32|EST5A_HUMAN	29.6	560	587	575	23	564	29	543	3.90e-42	163	sp|Q6NT32|EST5A_HUMAN Carboxylesterase 5A OS=Homo sapiens OX=9606 GN=CES5A PE=1 SV=1
TRINITY_DN3016_c0_g1_i10.p1	sp|P23141|EST1_HUMAN	27.9	570	587	567	22	566	21	553	4.80e-42	162	sp|P23141|EST1_HUMAN Liver carboxylesterase 1 OS=Homo sapiens OX=9606 GN=CES1 PE=1 SV=2
TRINITY_DN3016_c0_g1_i10.p1	sp|Q64419|EST1_MESAU	26.3	562	587	561	24	564	31	544	1.13e-41	161	sp|Q64419|EST1_MESAU Liver carboxylesterase OS=Mesocricetus auratus OX=10036 PE=2 SV=1
TRINITY_DN3016_c0_g1_i10.p1	sp|Q64176|EST1E_MOUSE	26.7	576	587	562	22	566	22	552	1.15e-41	161	sp|Q64176|EST1E_MOUSE Carboxylesterase 1E OS=Mus musculus OX=10090 GN=Ces1e PE=1 SV=1
TRINITY_DN3016_c0_g1_i10.p1	sp|Q6AW46|EST5A_MOUSE	29.9	558	587	575	23	560	29	539	4.76e-41	160	sp|Q6AW46|EST5A_MOUSE Carboxylesterase 5A OS=Mus musculus OX=10090 GN=Ces5a PE=2 SV=1
TRINITY_DN3016_c0_g1_i10.p1	sp|Q86GC8|ACES_CULPI	29.0	575	587	702	23	564	130	657	6.68e-41	161	sp|Q86GC8|ACES_CULPI Acetylcholinesterase OS=Culex pipiens OX=7175 GN=ACHE1 PE=2 SV=2
TRINITY_DN3016_c0_g1_i10.p1	sp|Q869C3|ACES_ANOGA	29.8	540	587	737	51	564	191	690	1.15e-40	160	sp|Q869C3|ACES_ANOGA Acetylcholinesterase OS=Anopheles gambiae OX=7165 GN=Ace PE=1 SV=3
TRINITY_DN3016_c0_g1_i10.p1	sp|Q62765|NLGN1_RAT	26.5	612	587	843	25	564	53	630	3.36e-40	160	sp|Q62765|NLGN1_RAT Neuroligin-1 OS=Rattus norvegicus OX=10116 GN=Nlgn1 PE=1 SV=1
TRINITY_DN3016_c0_g1_i10.p1	sp|P16854|EST1_CULPI	28.8	472	587	540	23	477	4	450	3.65e-40	157	sp|P16854|EST1_CULPI Esterase B1 OS=Culex pipiens OX=7175 GN=B1 PE=3 SV=1
TRINITY_DN3016_c0_g1_i10.p1	sp|Q5XG92|EST4A_HUMAN	26.8	570	587	561	23	560	25	546	4.82e-40	157	sp|Q5XG92|EST4A_HUMAN Carboxylesterase 4A OS=Homo sapiens OX=9606 GN=CES4A PE=1 SV=2
TRINITY_DN3016_c0_g1_i10.p1	sp|Q63010|EST5_RAT	26.3	582	587	561	12	566	8	551	8.99e-40	156	sp|Q63010|EST5_RAT Liver carboxylesterase B-1 OS=Rattus norvegicus OX=10116 PE=1 SV=1
TRINITY_DN3016_c0_g1_i10.p1	sp|Q99K10|NLGN1_MOUSE	26.6	612	587	843	25	564	53	630	1.10e-39	158	sp|Q99K10|NLGN1_MOUSE Neuroligin-1 OS=Mus musculus OX=10090 GN=Nlgn1 PE=1 SV=2
TRINITY_DN3016_c0_g1_i10.p1	sp|Q8R0W5|EST4A_MOUSE	26.5	586	587	563	6	562	14	556	1.72e-39	155	sp|Q8R0W5|EST4A_MOUSE Carboxylesterase 4A OS=Mus musculus OX=10090 GN=Ces4a PE=2 SV=2
TRINITY_DN3016_c0_g1_i10.p1	sp|Q8NFZ4|NLGN2_HUMAN	24.9	602	587	835	22	564	39	605	1.95e-39	157	sp|Q8NFZ4|NLGN2_HUMAN Neuroligin-2 OS=Homo sapiens OX=9606 GN=NLGN2 PE=1 SV=1
TRINITY_DN3016_c0_g1_i10.p1	sp|Q5GRG2|EST5A_RAT	29.3	557	587	575	23	560	29	539	1.99e-39	155	sp|Q5GRG2|EST5A_RAT Carboxylesterase 5A OS=Rattus norvegicus OX=10116 GN=Ces5a PE=1 SV=1
TRINITY_DN3016_c0_g1_i3.p1	sp|D6WMZ8|ESTJ_TRICA	31.6	525	587	588	25	529	29	534	1.80e-65	227	sp|D6WMZ8|ESTJ_TRICA Juvenile hormone esterase OS=Tribolium castaneum OX=7070 GN=Tcjhe PE=1 SV=2
TRINITY_DN3016_c0_g1_i3.p1	sp|P35501|ESTE_MYZPE	28.2	531	587	552	5	522	8	510	2.10e-52	191	sp|P35501|ESTE_MYZPE Esterase E4 OS=Myzus persicae OX=13164 PE=1 SV=1
TRINITY_DN3016_c0_g1_i3.p1	sp|B2D0J5|EST6_APIME	26.4	550	587	557	22	560	23	546	4.39e-52	190	sp|B2D0J5|EST6_APIME Venom carboxylesterase-6 OS=Apis mellifera OX=7460 PE=2 SV=1
TRINITY_DN3016_c0_g1_i3.p1	sp|P35502|ESTF_MYZPE	28.1	531	587	564	5	522	8	510	1.81e-51	189	sp|P35502|ESTF_MYZPE Esterase FE4 OS=Myzus persicae OX=13164 PE=1 SV=1
TRINITY_DN3016_c0_g1_i3.p1	sp|A0A8B0RBM2|ACES_BOMIG	27.9	555	587	555	22	561	21	542	2.68e-49	182	sp|A0A8B0RBM2|ACES_BOMIG Carboxylic ester hydrolase OS=Bombus ignitus OX=130704 GN=vCaE PE=1 SV=1
TRINITY_DN3016_c0_g1_i3.p1	sp|Q29550|EST1_PIG	29.1	563	587	566	25	566	25	552	8.67e-45	170	sp|Q29550|EST1_PIG Liver carboxylesterase OS=Sus scrofa OX=9823 PE=1 SV=1
TRINITY_DN3016_c0_g1_i3.p1	sp|Q63108|EST1E_RAT	26.6	567	587	561	25	564	24	549	2.08e-44	169	sp|Q63108|EST1E_RAT Carboxylesterase 1E OS=Rattus norvegicus OX=10116 GN=Ces1e PE=1 SV=1
TRINITY_DN3016_c0_g1_i3.p1	sp|Q64573|EST1F_RAT	27.2	578	587	561	12	566	11	551	4.90e-43	165	sp|Q64573|EST1F_RAT Liver carboxylesterase 1F OS=Rattus norvegicus OX=10116 GN=Ces1f PE=1 SV=2
TRINITY_DN3016_c0_g1_i3.p1	sp|O46421|EST1_MACFA	27.6	577	587	566	22	566	21	552	9.85e-43	164	sp|O46421|EST1_MACFA Liver carboxylesterase 1 OS=Macaca fascicularis OX=9541 GN=CES1 PE=2 SV=1
TRINITY_DN3016_c0_g1_i3.p1	sp|P23141|EST1_HUMAN	27.9	570	587	567	22	566	21	553	1.87e-42	164	sp|P23141|EST1_HUMAN Liver carboxylesterase 1 OS=Homo sapiens OX=9606 GN=CES1 PE=1 SV=2
TRINITY_DN3016_c0_g1_i3.p1	sp|Q8I034|EST5A_FELCA	28.6	552	587	545	23	560	29	539	2.58e-42	163	sp|Q8I034|EST5A_FELCA Carboxylesterase 5A OS=Felis catus OX=9685 GN=CES5A PE=1 SV=1
TRINITY_DN3016_c0_g1_i3.p1	sp|Q64176|EST1E_MOUSE	26.7	576	587	562	22	566	22	552	4.49e-42	162	sp|Q64176|EST1E_MOUSE Carboxylesterase 1E OS=Mus musculus OX=10090 GN=Ces1e PE=1 SV=1
TRINITY_DN3016_c0_g1_i3.p1	sp|Q6NT32|EST5A_HUMAN	29.6	560	587	575	23	564	29	543	5.34e-42	162	sp|Q6NT32|EST5A_HUMAN Carboxylesterase 5A OS=Homo sapiens OX=9606 GN=CES5A PE=1 SV=1
TRINITY_DN3016_c0_g1_i3.p1	sp|Q6AW46|EST5A_MOUSE	30.1	558	587	575	23	560	29	539	7.30e-42	162	sp|Q6AW46|EST5A_MOUSE Carboxylesterase 5A OS=Mus musculus OX=10090 GN=Ces5a PE=2 SV=1
TRINITY_DN3016_c0_g1_i3.p1	sp|Q64419|EST1_MESAU	26.3	562	587	561	24	564	31	544	1.55e-41	161	sp|Q64419|EST1_MESAU Liver carboxylesterase OS=Mesocricetus auratus OX=10036 PE=2 SV=1
TRINITY_DN3016_c0_g1_i3.p1	sp|Q86GC8|ACES_CULPI	29.2	575	587	702	23	564	130	657	3.63e-41	162	sp|Q86GC8|ACES_CULPI Acetylcholinesterase OS=Culex pipiens OX=7175 GN=ACHE1 PE=2 SV=2
TRINITY_DN3016_c0_g1_i3.p1	sp|Q869C3|ACES_ANOGA	30.0	540	587	737	51	564	191	690	4.62e-41	162	sp|Q869C3|ACES_ANOGA Acetylcholinesterase OS=Anopheles gambiae OX=7165 GN=Ace PE=1 SV=3
TRINITY_DN3016_c0_g1_i3.p1	sp|Q62765|NLGN1_RAT	26.5	612	587	843	25	564	53	630	1.85e-40	160	sp|Q62765|NLGN1_RAT Neuroligin-1 OS=Rattus norvegicus OX=10116 GN=Nlgn1 PE=1 SV=1
TRINITY_DN3016_c0_g1_i3.p1	sp|Q5GRG2|EST5A_RAT	29.4	557	587	575	23	560	29	539	3.08e-40	157	sp|Q5GRG2|EST5A_RAT Carboxylesterase 5A OS=Rattus norvegicus OX=10116 GN=Ces5a PE=1 SV=1
TRINITY_DN3016_c0_g1_i3.p1	sp|Q63010|EST5_RAT	26.3	582	587	561	12	566	8	551	3.53e-40	157	sp|Q63010|EST5_RAT Liver carboxylesterase B-1 OS=Rattus norvegicus OX=10116 PE=1 SV=1
TRINITY_DN3016_c0_g1_i3.p1	sp|Q99K10|NLGN1_MOUSE	26.6	612	587	843	25	564	53	630	6.08e-40	159	sp|Q99K10|NLGN1_MOUSE Neuroligin-1 OS=Mus musculus OX=10090 GN=Nlgn1 PE=1 SV=2
TRINITY_DN3016_c0_g1_i3.p1	sp|P12337|EST1_RABIT	27.4	577	587	565	25	578	24	561	9.45e-40	156	sp|P12337|EST1_RABIT Liver carboxylesterase 1 OS=Oryctolagus cuniculus OX=9986 PE=1 SV=3
TRINITY_DN3016_c0_g1_i3.p1	sp|Q04791|SASB_ANAPL	27.5	564	587	557	23	565	28	544	1.17e-39	155	sp|Q04791|SASB_ANAPL Fatty acyl-CoA hydrolase precursor, medium chain OS=Anas platyrhynchos OX=8839 PE=1 SV=1
TRINITY_DN3016_c0_g1_i3.p1	sp|P04058|ACES_TETCF	27.2	580	587	586	26	579	28	565	1.22e-39	156	sp|P04058|ACES_TETCF Acetylcholinesterase OS=Tetronarce californica OX=7787 GN=ache PE=1 SV=2
TRINITY_DN3016_c0_g1_i3.p1	sp|P16854|EST1_CULPI	28.6	472	587	540	23	477	4	450	1.27e-39	155	sp|P16854|EST1_CULPI Esterase B1 OS=Culex pipiens OX=7175 GN=B1 PE=3 SV=1
TRINITY_DN3016_c0_g1_i9.p1	sp|D6WMZ8|ESTJ_TRICA	31.6	525	587	588	25	529	29	534	4.85e-65	226	sp|D6WMZ8|ESTJ_TRICA Juvenile hormone esterase OS=Tribolium castaneum OX=7070 GN=Tcjhe PE=1 SV=2
TRINITY_DN3016_c0_g1_i9.p1	sp|P35501|ESTE_MYZPE	28.2	531	587	552	5	522	8	510	2.10e-52	191	sp|P35501|ESTE_MYZPE Esterase E4 OS=Myzus persicae OX=13164 PE=1 SV=1
TRINITY_DN3016_c0_g1_i9.p1	sp|B2D0J5|EST6_APIME	26.4	550	587	557	22	560	23	546	4.39e-52	190	sp|B2D0J5|EST6_APIME Venom carboxylesterase-6 OS=Apis mellifera OX=7460 PE=2 SV=1
TRINITY_DN3016_c0_g1_i9.p1	sp|P35502|ESTF_MYZPE	28.1	531	587	564	5	522	8	510	1.81e-51	189	sp|P35502|ESTF_MYZPE Esterase FE4 OS=Myzus persicae OX=13164 PE=1 SV=1
TRINITY_DN3016_c0_g1_i9.p1	sp|A0A8B0RBM2|ACES_BOMIG	27.9	555	587	555	22	561	21	542	3.70e-49	182	sp|A0A8B0RBM2|ACES_BOMIG Carboxylic ester hydrolase OS=Bombus ignitus OX=130704 GN=vCaE PE=1 SV=1
TRINITY_DN3016_c0_g1_i9.p1	sp|Q29550|EST1_PIG	29.1	563	587	566	25	566	25	552	3.07e-44	169	sp|Q29550|EST1_PIG Liver carboxylesterase OS=Sus scrofa OX=9823 PE=1 SV=1
TRINITY_DN3016_c0_g1_i9.p1	sp|Q63108|EST1E_RAT	26.6	567	587	561	25	564	24	549	7.38e-44	167	sp|Q63108|EST1E_RAT Carboxylesterase 1E OS=Rattus norvegicus OX=10116 GN=Ces1e PE=1 SV=1
TRINITY_DN3016_c0_g1_i9.p1	sp|Q64573|EST1F_RAT	27.2	578	587	561	12	566	11	551	1.72e-42	164	sp|Q64573|EST1F_RAT Liver carboxylesterase 1F OS=Rattus norvegicus OX=10116 GN=Ces1f PE=1 SV=2
TRINITY_DN3016_c0_g1_i9.p1	sp|Q64419|EST1_MESAU	26.5	562	587	561	24	564	31	544	1.72e-42	164	sp|Q64419|EST1_MESAU Liver carboxylesterase OS=Mesocricetus auratus OX=10036 PE=2 SV=1
TRINITY_DN3016_c0_g1_i9.p1	sp|Q8I034|EST5A_FELCA	28.6	552	587	545	23	560	29	539	1.88e-42	163	sp|Q8I034|EST5A_FELCA Carboxylesterase 5A OS=Felis catus OX=9685 GN=CES5A PE=1 SV=1
TRINITY_DN3016_c0_g1_i9.p1	sp|O46421|EST1_MACFA	27.6	577	587	566	22	566	21	552	3.46e-42	163	sp|O46421|EST1_MACFA Liver carboxylesterase 1 OS=Macaca fascicularis OX=9541 GN=CES1 PE=2 SV=1
TRINITY_DN3016_c0_g1_i9.p1	sp|P23141|EST1_HUMAN	27.9	570	587	567	22	566	21	553	6.57e-42	162	sp|P23141|EST1_HUMAN Liver carboxylesterase 1 OS=Homo sapiens OX=9606 GN=CES1 PE=1 SV=2
TRINITY_DN3016_c0_g1_i9.p1	sp|Q6NT32|EST5A_HUMAN	29.6	560	587	575	23	564	29	543	7.30e-42	162	sp|Q6NT32|EST5A_HUMAN Carboxylesterase 5A OS=Homo sapiens OX=9606 GN=CES5A PE=1 SV=1
TRINITY_DN3016_c0_g1_i9.p1	sp|Q64176|EST1E_MOUSE	26.7	576	587	562	22	566	22	552	1.57e-41	161	sp|Q64176|EST1E_MOUSE Carboxylesterase 1E OS=Mus musculus OX=10090 GN=Ces1e PE=1 SV=1
TRINITY_DN3016_c0_g1_i9.p1	sp|Q6AW46|EST5A_MOUSE	29.9	558	587	575	23	560	29	539	6.50e-41	159	sp|Q6AW46|EST5A_MOUSE Carboxylesterase 5A OS=Mus musculus OX=10090 GN=Ces5a PE=2 SV=1
TRINITY_DN3016_c0_g1_i9.p1	sp|Q86GC8|ACES_CULPI	29.0	575	587	702	23	564	130	657	9.05e-41	160	sp|Q86GC8|ACES_CULPI Acetylcholinesterase OS=Culex pipiens OX=7175 GN=ACHE1 PE=2 SV=2
TRINITY_DN3016_c0_g1_i9.p1	sp|Q869C3|ACES_ANOGA	29.8	540	587	737	51	564	191	690	1.15e-40	160	sp|Q869C3|ACES_ANOGA Acetylcholinesterase OS=Anopheles gambiae OX=7165 GN=Ace PE=1 SV=3
TRINITY_DN3016_c0_g1_i9.p1	sp|Q62765|NLGN1_RAT	26.5	612	587	843	25	564	53	630	4.52e-40	159	sp|Q62765|NLGN1_RAT Neuroligin-1 OS=Rattus norvegicus OX=10116 GN=Nlgn1 PE=1 SV=1
TRINITY_DN3016_c0_g1_i9.p1	sp|Q63010|EST5_RAT	26.3	582	587	561	12	566	8	551	1.23e-39	155	sp|Q63010|EST5_RAT Liver carboxylesterase B-1 OS=Rattus norvegicus OX=10116 PE=1 SV=1
TRINITY_DN3016_c0_g1_i9.p1	sp|P16854|EST1_CULPI	28.6	472	587	540	23	477	4	450	1.27e-39	155	sp|P16854|EST1_CULPI Esterase B1 OS=Culex pipiens OX=7175 GN=B1 PE=3 SV=1
TRINITY_DN3016_c0_g1_i9.p1	sp|Q99K10|NLGN1_MOUSE	26.6	612	587	843	25	564	53	630	1.48e-39	158	sp|Q99K10|NLGN1_MOUSE Neuroligin-1 OS=Mus musculus OX=10090 GN=Nlgn1 PE=1 SV=2
TRINITY_DN3016_c0_g1_i9.p1	sp|Q5XG92|EST4A_HUMAN	26.7	570	587	561	23	560	25	546	1.67e-39	155	sp|Q5XG92|EST4A_HUMAN Carboxylesterase 4A OS=Homo sapiens OX=9606 GN=CES4A PE=1 SV=2
TRINITY_DN3016_c0_g1_i9.p1	sp|Q8R0W5|EST4A_MOUSE	26.5	586	587	563	6	562	14	556	2.34e-39	155	sp|Q8R0W5|EST4A_MOUSE Carboxylesterase 4A OS=Mus musculus OX=10090 GN=Ces4a PE=2 SV=2
TRINITY_DN3016_c0_g1_i9.p1	sp|Q8NFZ4|NLGN2_HUMAN	24.9	602	587	835	22	564	39	605	2.62e-39	157	sp|Q8NFZ4|NLGN2_HUMAN Neuroligin-2 OS=Homo sapiens OX=9606 GN=NLGN2 PE=1 SV=1
TRINITY_DN3016_c0_g1_i9.p1	sp|Q5GRG2|EST5A_RAT	29.3	557	587	575	23	560	29	539	2.71e-39	155	sp|Q5GRG2|EST5A_RAT Carboxylesterase 5A OS=Rattus norvegicus OX=10116 GN=Ces5a PE=1 SV=1
TRINITY_DN5029_c0_g1_i1.p1	sp|P12992|ESTJ_HELVI	63.8	588	592	564	6	590	1	563	8.40e-259	723	sp|P12992|ESTJ_HELVI Juvenile hormone esterase OS=Heliothis virescens OX=7102 PE=1 SV=2
TRINITY_DN5029_c0_g1_i1.p1	sp|D6WMZ8|ESTJ_TRICA	31.5	530	592	588	42	539	33	521	1.77e-54	197	sp|D6WMZ8|ESTJ_TRICA Juvenile hormone esterase OS=Tribolium castaneum OX=7070 GN=Tcjhe PE=1 SV=2
TRINITY_DN5029_c0_g1_i1.p1	sp|P16854|EST1_CULPI	29.3	522	592	540	38	541	6	486	2.37e-50	185	sp|P16854|EST1_CULPI Esterase B1 OS=Culex pipiens OX=7175 GN=B1 PE=3 SV=1
TRINITY_DN5029_c0_g1_i1.p1	sp|P35502|ESTF_MYZPE	28.4	559	592	564	40	582	29	546	2.46e-49	183	sp|P35502|ESTF_MYZPE Esterase FE4 OS=Myzus persicae OX=13164 PE=1 SV=1
TRINITY_DN5029_c0_g1_i1.p1	sp|Q8R0W5|EST4A_MOUSE	27.8	557	592	563	63	589	58	562	1.13e-47	178	sp|Q8R0W5|EST4A_MOUSE Carboxylesterase 4A OS=Mus musculus OX=10090 GN=Ces4a PE=2 SV=2
TRINITY_DN5029_c0_g1_i1.p1	sp|P35501|ESTE_MYZPE	28.1	551	592	552	40	574	29	538	2.46e-47	177	sp|P35501|ESTE_MYZPE Esterase E4 OS=Myzus persicae OX=13164 PE=1 SV=1
TRINITY_DN5029_c0_g1_i1.p1	sp|A0A8B0RBM2|ACES_BOMIG	29.0	514	592	555	40	533	26	493	8.61e-46	173	sp|A0A8B0RBM2|ACES_BOMIG Carboxylic ester hydrolase OS=Bombus ignitus OX=130704 GN=vCaE PE=1 SV=1
TRINITY_DN5029_c0_g1_i1.p1	sp|P37967|PNBA_BACSU	29.1	516	592	489	63	571	24	470	3.42e-44	167	sp|P37967|PNBA_BACSU Para-nitrobenzyl esterase OS=Bacillus subtilis (strain 168) OX=224308 GN=pnbA PE=1 SV=2
TRINITY_DN5029_c0_g1_i1.p1	sp|B2D0J5|EST6_APIME	27.0	529	592	557	40	552	28	515	1.75e-42	164	sp|B2D0J5|EST6_APIME Venom carboxylesterase-6 OS=Apis mellifera OX=7460 PE=2 SV=1
TRINITY_DN5029_c0_g1_i1.p1	sp|P0C6R3|EST4A_BOVIN	28.5	509	592	550	63	552	51	518	1.96e-41	160	sp|P0C6R3|EST4A_BOVIN Carboxylesterase 4A OS=Bos taurus OX=9913 GN=CES4A PE=2 SV=1
TRINITY_DN5029_c0_g1_i1.p1	sp|Q86GC8|ACES_CULPI	28.7	551	592	702	36	554	131	627	7.16e-41	161	sp|Q86GC8|ACES_CULPI Acetylcholinesterase OS=Culex pipiens OX=7175 GN=ACHE1 PE=2 SV=2
TRINITY_DN5029_c0_g1_i1.p1	sp|Q64176|EST1E_MOUSE	29.1	561	592	562	61	591	49	556	1.50e-40	158	sp|Q64176|EST1E_MOUSE Carboxylesterase 1E OS=Mus musculus OX=10090 GN=Ces1e PE=1 SV=1
TRINITY_DN5029_c0_g1_i1.p1	sp|Q64573|EST1F_RAT	27.1	601	592	561	17	589	11	553	7.03e-40	156	sp|Q64573|EST1F_RAT Liver carboxylesterase 1F OS=Rattus norvegicus OX=10116 GN=Ces1f PE=1 SV=2
TRINITY_DN5029_c0_g1_i1.p1	sp|Q5XG92|EST4A_HUMAN	27.0	511	592	561	63	552	51	520	2.44e-39	155	sp|Q5XG92|EST4A_HUMAN Carboxylesterase 4A OS=Homo sapiens OX=9606 GN=CES4A PE=1 SV=2
TRINITY_DN5029_c0_g1_i1.p1	sp|O42275|ACES_ELEEL	32.1	383	592	633	10	383	11	356	2.88e-39	155	sp|O42275|ACES_ELEEL Acetylcholinesterase OS=Electrophorus electricus OX=8005 GN=ache PE=3 SV=1
TRINITY_DN5029_c0_g1_i1.p1	sp|Q869C3|ACES_ANOGA	28.0	558	592	737	36	554	164	660	4.57e-39	156	sp|Q869C3|ACES_ANOGA Acetylcholinesterase OS=Anopheles gambiae OX=7165 GN=Ace PE=1 SV=3
TRINITY_DN5029_c0_g1_i1.p1	sp|Q6NT32|EST5A_HUMAN	27.3	501	592	575	63	552	57	513	7.30e-39	154	sp|Q6NT32|EST5A_HUMAN Carboxylesterase 5A OS=Homo sapiens OX=9606 GN=CES5A PE=1 SV=1
TRINITY_DN5029_c0_g1_i1.p1	sp|P37136|ACES_RAT	26.8	522	592	614	52	549	52	532	8.17e-39	154	sp|P37136|ACES_RAT Acetylcholinesterase OS=Rattus norvegicus OX=10116 GN=Ache PE=1 SV=1
TRINITY_DN5029_c0_g1_i1.p1	sp|P10959|EST1C_RAT	26.9	569	592	549	17	563	11	518	1.35e-38	152	sp|P10959|EST1C_RAT Carboxylesterase 1C OS=Rattus norvegicus OX=10116 GN=Ces1c PE=1 SV=3
TRINITY_DN5029_c0_g1_i1.p1	sp|Q8NFZ4|NLGN2_HUMAN	28.8	548	592	835	40	539	44	547	1.65e-38	155	sp|Q8NFZ4|NLGN2_HUMAN Neuroligin-2 OS=Homo sapiens OX=9606 GN=NLGN2 PE=1 SV=1
TRINITY_DN5029_c0_g1_i1.p1	sp|Q62765|NLGN1_RAT	26.7	525	592	843	63	539	80	572	1.69e-38	155	sp|Q62765|NLGN1_RAT Neuroligin-1 OS=Rattus norvegicus OX=10116 GN=Nlgn1 PE=1 SV=1
TRINITY_DN5029_c0_g1_i1.p1	sp|P21836|ACES_MOUSE	26.8	522	592	614	52	549	52	532	2.05e-38	153	sp|P21836|ACES_MOUSE Acetylcholinesterase OS=Mus musculus OX=10090 GN=Ache PE=1 SV=1
TRINITY_DN5029_c0_g1_i1.p1	sp|Q8BYM5|NLGN3_MOUSE	28.0	521	592	825	63	539	66	547	2.16e-38	154	sp|Q8BYM5|NLGN3_MOUSE Neuroligin-3 OS=Mus musculus OX=10090 GN=Nlgn3 PE=1 SV=2
TRINITY_DN5029_c0_g1_i1.p1	sp|Q9DDE3|ACES_DANRE	32.6	389	592	634	6	383	8	356	3.35e-38	152	sp|Q9DDE3|ACES_DANRE Acetylcholinesterase OS=Danio rerio OX=7955 GN=ache PE=1 SV=1
TRINITY_DN5029_c0_g1_i1.p1	sp|Q8N0W4|NLGNX_HUMAN	27.3	538	592	816	40	539	48	536	3.80e-38	154	sp|Q8N0W4|NLGNX_HUMAN Neuroligin-4, X-linked OS=Homo sapiens OX=9606 GN=NLGN4X PE=1 SV=1
TRINITY_DN5029_c0_g1_i4.p1	sp|P12992|ESTJ_HELVI	63.6	588	592	564	6	590	1	563	2.40e-258	722	sp|P12992|ESTJ_HELVI Juvenile hormone esterase OS=Heliothis virescens OX=7102 PE=1 SV=2
TRINITY_DN5029_c0_g1_i4.p1	sp|D6WMZ8|ESTJ_TRICA	31.5	530	592	588	42	539	33	521	1.28e-54	198	sp|D6WMZ8|ESTJ_TRICA Juvenile hormone esterase OS=Tribolium castaneum OX=7070 GN=Tcjhe PE=1 SV=2
TRINITY_DN5029_c0_g1_i4.p1	sp|P16854|EST1_CULPI	29.3	522	592	540	38	541	6	486	1.24e-50	186	sp|P16854|EST1_CULPI Esterase B1 OS=Culex pipiens OX=7175 GN=B1 PE=3 SV=1
TRINITY_DN5029_c0_g1_i4.p1	sp|P35502|ESTF_MYZPE	28.4	559	592	564	40	582	29	546	1.79e-49	183	sp|P35502|ESTF_MYZPE Esterase FE4 OS=Myzus persicae OX=13164 PE=1 SV=1
TRINITY_DN5029_c0_g1_i4.p1	sp|Q8R0W5|EST4A_MOUSE	27.8	557	592	563	63	589	58	562	5.96e-48	179	sp|Q8R0W5|EST4A_MOUSE Carboxylesterase 4A OS=Mus musculus OX=10090 GN=Ces4a PE=2 SV=2
TRINITY_DN5029_c0_g1_i4.p1	sp|P35501|ESTE_MYZPE	28.1	551	592	552	40	574	29	538	1.79e-47	177	sp|P35501|ESTE_MYZPE Esterase E4 OS=Myzus persicae OX=13164 PE=1 SV=1
TRINITY_DN5029_c0_g1_i4.p1	sp|A0A8B0RBM2|ACES_BOMIG	29.0	514	592	555	40	533	26	493	6.27e-46	173	sp|A0A8B0RBM2|ACES_BOMIG Carboxylic ester hydrolase OS=Bombus ignitus OX=130704 GN=vCaE PE=1 SV=1
TRINITY_DN5029_c0_g1_i4.p1	sp|P37967|PNBA_BACSU	29.1	516	592	489	63	571	24	470	2.49e-44	167	sp|P37967|PNBA_BACSU Para-nitrobenzyl esterase OS=Bacillus subtilis (strain 168) OX=224308 GN=pnbA PE=1 SV=2
TRINITY_DN5029_c0_g1_i4.p1	sp|B2D0J5|EST6_APIME	27.0	529	592	557	40	552	28	515	1.28e-42	164	sp|B2D0J5|EST6_APIME Venom carboxylesterase-6 OS=Apis mellifera OX=7460 PE=2 SV=1
TRINITY_DN5029_c0_g1_i4.p1	sp|P0C6R3|EST4A_BOVIN	28.5	509	592	550	63	552	51	518	1.04e-41	161	sp|P0C6R3|EST4A_BOVIN Carboxylesterase 4A OS=Bos taurus OX=9913 GN=CES4A PE=2 SV=1
TRINITY_DN5029_c0_g1_i4.p1	sp|Q86GC8|ACES_CULPI	28.9	551	592	702	36	554	131	627	1.56e-41	163	sp|Q86GC8|ACES_CULPI Acetylcholinesterase OS=Culex pipiens OX=7175 GN=ACHE1 PE=2 SV=2
TRINITY_DN5029_c0_g1_i4.p1	sp|Q64176|EST1E_MOUSE	29.1	561	592	562	61	591	49	556	8.04e-41	159	sp|Q64176|EST1E_MOUSE Carboxylesterase 1E OS=Mus musculus OX=10090 GN=Ces1e PE=1 SV=1
TRINITY_DN5029_c0_g1_i4.p1	sp|Q64573|EST1F_RAT	27.1	601	592	561	17	589	11	553	3.77e-40	157	sp|Q64573|EST1F_RAT Liver carboxylesterase 1F OS=Rattus norvegicus OX=10116 GN=Ces1f PE=1 SV=2
TRINITY_DN5029_c0_g1_i4.p1	sp|O42275|ACES_ELEEL	32.4	383	592	633	10	383	11	356	6.22e-40	157	sp|O42275|ACES_ELEEL Acetylcholinesterase OS=Electrophorus electricus OX=8005 GN=ache PE=3 SV=1
TRINITY_DN5029_c0_g1_i4.p1	sp|Q869C3|ACES_ANOGA	28.1	558	592	737	36	554	164	660	1.02e-39	158	sp|Q869C3|ACES_ANOGA Acetylcholinesterase OS=Anopheles gambiae OX=7165 GN=Ace PE=1 SV=3
TRINITY_DN5029_c0_g1_i4.p1	sp|Q5XG92|EST4A_HUMAN	27.0	511	592	561	63	552	51	520	1.31e-39	155	sp|Q5XG92|EST4A_HUMAN Carboxylesterase 4A OS=Homo sapiens OX=9606 GN=CES4A PE=1 SV=2
TRINITY_DN5029_c0_g1_i4.p1	sp|P37136|ACES_RAT	27.0	522	592	614	52	549	52	532	1.76e-39	156	sp|P37136|ACES_RAT Acetylcholinesterase OS=Rattus norvegicus OX=10116 GN=Ache PE=1 SV=1
TRINITY_DN5029_c0_g1_i4.p1	sp|Q6NT32|EST5A_HUMAN	27.3	501	592	575	63	552	57	513	3.94e-39	154	sp|Q6NT32|EST5A_HUMAN Carboxylesterase 5A OS=Homo sapiens OX=9606 GN=CES5A PE=1 SV=1
TRINITY_DN5029_c0_g1_i4.p1	sp|P21836|ACES_MOUSE	27.0	522	592	614	52	549	52	532	4.42e-39	155	sp|P21836|ACES_MOUSE Acetylcholinesterase OS=Mus musculus OX=10090 GN=Ache PE=1 SV=1
TRINITY_DN5029_c0_g1_i4.p1	sp|P10959|EST1C_RAT	26.9	569	592	549	17	563	11	518	7.25e-39	153	sp|P10959|EST1C_RAT Carboxylesterase 1C OS=Rattus norvegicus OX=10116 GN=Ces1c PE=1 SV=3
TRINITY_DN5029_c0_g1_i4.p1	sp|Q9DDE3|ACES_DANRE	32.6	389	592	634	6	383	8	356	9.88e-39	154	sp|Q9DDE3|ACES_DANRE Acetylcholinesterase OS=Danio rerio OX=7955 GN=ache PE=1 SV=1
TRINITY_DN5029_c0_g1_i4.p1	sp|Q8NFZ4|NLGN2_HUMAN	28.8	548	592	835	40	539	44	547	1.23e-38	155	sp|Q8NFZ4|NLGN2_HUMAN Neuroligin-2 OS=Homo sapiens OX=9606 GN=NLGN2 PE=1 SV=1
TRINITY_DN5029_c0_g1_i4.p1	sp|Q62765|NLGN1_RAT	26.7	525	592	843	63	539	80	572	1.26e-38	155	sp|Q62765|NLGN1_RAT Neuroligin-1 OS=Rattus norvegicus OX=10116 GN=Nlgn1 PE=1 SV=1
TRINITY_DN5029_c0_g1_i4.p1	sp|Q8BYM5|NLGN3_MOUSE	28.0	521	592	825	63	539	66	547	1.61e-38	155	sp|Q8BYM5|NLGN3_MOUSE Neuroligin-3 OS=Mus musculus OX=10090 GN=Nlgn3 PE=1 SV=2
TRINITY_DN5029_c0_g1_i4.p1	sp|Q8N0W4|NLGNX_HUMAN	27.3	538	592	816	40	539	48	536	2.83e-38	154	sp|Q8N0W4|NLGNX_HUMAN Neuroligin-4, X-linked OS=Homo sapiens OX=9606 GN=NLGN4X PE=1 SV=1
TRINITY_DN5285_c0_g1_i1.p1	sp|D6WMZ8|ESTJ_TRICA	28.7	582	584	588	24	560	30	575	2.17e-55	200	sp|D6WMZ8|ESTJ_TRICA Juvenile hormone esterase OS=Tribolium castaneum OX=7070 GN=Tcjhe PE=1 SV=2
TRINITY_DN5285_c0_g1_i1.p1	sp|P35502|ESTF_MYZPE	30.5	515	584	564	30	540	34	523	3.53e-53	193	sp|P35502|ESTF_MYZPE Esterase FE4 OS=Myzus persicae OX=13164 PE=1 SV=1
TRINITY_DN5285_c0_g1_i1.p1	sp|P35501|ESTE_MYZPE	30.3	509	584	552	30	534	34	517	7.27e-52	189	sp|P35501|ESTE_MYZPE Esterase E4 OS=Myzus persicae OX=13164 PE=1 SV=1
TRINITY_DN5285_c0_g1_i1.p1	sp|A0A8B0RBM2|ACES_BOMIG	27.1	550	584	555	25	561	26	542	2.92e-46	174	sp|A0A8B0RBM2|ACES_BOMIG Carboxylic ester hydrolase OS=Bombus ignitus OX=130704 GN=vCaE PE=1 SV=1
TRINITY_DN5285_c0_g1_i1.p1	sp|P16854|EST1_CULPI	27.5	552	584	540	25	561	8	531	2.30e-42	163	sp|P16854|EST1_CULPI Esterase B1 OS=Culex pipiens OX=7175 GN=B1 PE=3 SV=1
TRINITY_DN5285_c0_g1_i1.p1	sp|Q8QZR3|EST2A_MOUSE	27.9	577	584	558	7	560	11	537	6.84e-41	159	sp|Q8QZR3|EST2A_MOUSE Pyrethroid hydrolase Ces2a OS=Mus musculus OX=10090 GN=Ces2a PE=1 SV=1
TRINITY_DN5285_c0_g1_i1.p1	sp|B2D0J5|EST6_APIME	25.5	548	584	557	25	560	28	546	4.40e-40	157	sp|B2D0J5|EST6_APIME Venom carboxylesterase-6 OS=Apis mellifera OX=7460 PE=2 SV=1
TRINITY_DN5285_c0_g1_i1.p1	sp|Q5RCL7|EST3_PONAB	26.8	571	584	569	9	564	13	549	5.13e-40	157	sp|Q5RCL7|EST3_PONAB Carboxylesterase 3 OS=Pongo abelii OX=9601 GN=CES3 PE=2 SV=2
TRINITY_DN5285_c0_g1_i1.p1	sp|Q6UWW8|EST3_HUMAN	26.4	549	584	571	25	564	36	551	9.78e-40	156	sp|Q6UWW8|EST3_HUMAN Carboxylesterase 3 OS=Homo sapiens OX=9606 GN=CES3 PE=1 SV=1
TRINITY_DN5285_c0_g1_i1.p1	sp|Q6AW47|EST5A_CANLF	27.0	545	584	575	27	564	35	543	1.03e-39	156	sp|Q6AW47|EST5A_CANLF Carboxylesterase 5A OS=Canis lupus familiaris OX=9615 GN=CES5A PE=2 SV=1
TRINITY_DN5285_c0_g1_i1.p1	sp|Q64419|EST1_MESAU	27.0	533	584	561	47	564	56	544	1.18e-39	155	sp|Q64419|EST1_MESAU Liver carboxylesterase OS=Mesocricetus auratus OX=10036 PE=2 SV=1
TRINITY_DN5285_c0_g1_i1.p1	sp|O70631|EST2C_RAT	27.4	599	584	561	9	578	13	557	1.61e-39	155	sp|O70631|EST2C_RAT Acylcarnitine hydrolase OS=Rattus norvegicus OX=10116 GN=Ces2c PE=1 SV=2
TRINITY_DN5285_c0_g1_i1.p1	sp|Q91WG0|EST2C_MOUSE	27.4	569	584	561	11	560	15	540	2.20e-39	155	sp|Q91WG0|EST2C_MOUSE Acylcarnitine hydrolase OS=Mus musculus OX=10090 GN=Ces2c PE=1 SV=1
TRINITY_DN5285_c0_g1_i1.p1	sp|Q64176|EST1E_MOUSE	27.5	557	584	562	25	566	27	552	3.04e-39	154	sp|Q64176|EST1E_MOUSE Carboxylesterase 1E OS=Mus musculus OX=10090 GN=Ces1e PE=1 SV=1
TRINITY_DN5285_c0_g1_i1.p1	sp|Q5GRG2|EST5A_RAT	27.7	548	584	575	27	564	35	543	4.84e-39	154	sp|Q5GRG2|EST5A_RAT Carboxylesterase 5A OS=Rattus norvegicus OX=10116 GN=Ces5a PE=1 SV=1
TRINITY_DN5285_c0_g1_i1.p1	sp|Q8R0W5|EST4A_MOUSE	28.9	530	584	563	49	560	58	554	1.06e-38	153	sp|Q8R0W5|EST4A_MOUSE Carboxylesterase 4A OS=Mus musculus OX=10090 GN=Ces4a PE=2 SV=2
TRINITY_DN5285_c0_g1_i1.p1	sp|G3V7J5|EST2E_RAT	28.2	550	584	567	21	560	40	546	1.52e-38	152	sp|G3V7J5|EST2E_RAT Pyrethroid hydrolase Ces2e OS=Rattus norvegicus OX=10116 GN=Ces2e PE=1 SV=2
TRINITY_DN5285_c0_g1_i1.p1	sp|Q8I034|EST5A_FELCA	27.7	546	584	545	27	560	35	539	1.58e-38	152	sp|Q8I034|EST5A_FELCA Carboxylesterase 5A OS=Felis catus OX=9685 GN=CES5A PE=1 SV=1
TRINITY_DN5285_c0_g1_i1.p1	sp|Q04791|SASB_ANAPL	26.1	548	584	557	27	560	34	539	3.41e-38	151	sp|Q04791|SASB_ANAPL Fatty acyl-CoA hydrolase precursor, medium chain OS=Anas platyrhynchos OX=8839 PE=1 SV=1
TRINITY_DN5285_c0_g1_i1.p1	sp|Q8VCU1|EST3B_MOUSE	26.5	550	584	571	25	564	39	551	4.02e-38	151	sp|Q8VCU1|EST3B_MOUSE Carboxylesterase 3B OS=Mus musculus OX=10090 GN=Ces3b PE=1 SV=2
TRINITY_DN5285_c0_g1_i1.p1	sp|Q29550|EST1_PIG	27.1	568	584	566	24	566	26	552	5.17e-38	151	sp|Q29550|EST1_PIG Liver carboxylesterase OS=Sus scrofa OX=9823 PE=1 SV=1
TRINITY_DN5285_c0_g1_i1.p1	sp|Q6AW46|EST5A_MOUSE	28.2	549	584	575	27	564	35	543	5.73e-38	151	sp|Q6AW46|EST5A_MOUSE Carboxylesterase 5A OS=Mus musculus OX=10090 GN=Ces5a PE=2 SV=1
TRINITY_DN5285_c0_g1_i1.p1	sp|Q63108|EST1E_RAT	27.6	557	584	561	24	565	25	550	6.65e-38	150	sp|Q63108|EST1E_RAT Carboxylesterase 1E OS=Rattus norvegicus OX=10116 GN=Ces1e PE=1 SV=1
TRINITY_DN5285_c0_g1_i1.p1	sp|Q6NT32|EST5A_HUMAN	27.6	557	584	575	26	560	34	539	1.06e-37	150	sp|Q6NT32|EST5A_HUMAN Carboxylesterase 5A OS=Homo sapiens OX=9606 GN=CES5A PE=1 SV=1
TRINITY_DN5285_c0_g1_i1.p1	sp|Q8K3R0|EST2A_RAT	27.2	570	584	558	13	560	18	537	1.19e-37	150	sp|Q8K3R0|EST2A_RAT Pyrethroid hydrolase Ces2a OS=Rattus norvegicus OX=10116 GN=Ces2a PE=1 SV=1
TRINITY_DN552_c0_g1_i15.p1	sp|Q8R0W5|EST4A_MOUSE	31.2	401	394	563	1	378	178	559	1.07e-36	143	sp|Q8R0W5|EST4A_MOUSE Carboxylesterase 4A OS=Mus musculus OX=10090 GN=Ces4a PE=2 SV=2
TRINITY_DN552_c0_g1_i15.p1	sp|Q5XG92|EST4A_HUMAN	30.6	392	394	561	1	378	171	551	1.33e-35	140	sp|Q5XG92|EST4A_HUMAN Carboxylesterase 4A OS=Homo sapiens OX=9606 GN=CES4A PE=1 SV=2
TRINITY_DN552_c0_g1_i15.p1	sp|P0C6R3|EST4A_BOVIN	30.2	414	394	550	1	378	171	549	2.83e-34	136	sp|P0C6R3|EST4A_BOVIN Carboxylesterase 4A OS=Bos taurus OX=9913 GN=CES4A PE=2 SV=1
TRINITY_DN552_c0_g1_i15.p1	sp|P12992|ESTJ_HELVI	30.3	416	394	564	1	392	170	564	4.40e-34	136	sp|P12992|ESTJ_HELVI Juvenile hormone esterase OS=Heliothis virescens OX=7102 PE=1 SV=2
TRINITY_DN552_c0_g1_i15.p1	sp|A0A8B0RBM2|ACES_BOMIG	29.8	342	394	555	1	332	161	499	2.14e-31	128	sp|A0A8B0RBM2|ACES_BOMIG Carboxylic ester hydrolase OS=Bombus ignitus OX=130704 GN=vCaE PE=1 SV=1
TRINITY_DN552_c0_g1_i15.p1	sp|P12337|EST1_RABIT	27.4	405	394	565	1	389	171	559	2.76e-30	125	sp|P12337|EST1_RABIT Liver carboxylesterase 1 OS=Oryctolagus cuniculus OX=9986 PE=1 SV=3
TRINITY_DN552_c0_g1_i15.p1	sp|P10959|EST1C_RAT	27.8	407	394	549	1	390	171	544	1.18e-27	117	sp|P10959|EST1C_RAT Carboxylesterase 1C OS=Rattus norvegicus OX=10116 GN=Ces1c PE=1 SV=3
TRINITY_DN552_c0_g1_i15.p1	sp|O46421|EST1_MACFA	27.5	407	394	566	1	390	171	562	2.39e-27	117	sp|O46421|EST1_MACFA Liver carboxylesterase 1 OS=Macaca fascicularis OX=9541 GN=CES1 PE=2 SV=1
TRINITY_DN552_c0_g1_i15.p1	sp|Q04791|SASB_ANAPL	27.5	418	394	557	1	391	177	557	5.69e-27	115	sp|Q04791|SASB_ANAPL Fatty acyl-CoA hydrolase precursor, medium chain OS=Anas platyrhynchos OX=8839 PE=1 SV=1
TRINITY_DN552_c0_g1_i15.p1	sp|Q64176|EST1E_MOUSE	28.2	404	394	562	1	382	172	555	7.92e-27	115	sp|Q64176|EST1E_MOUSE Carboxylesterase 1E OS=Mus musculus OX=10090 GN=Ces1e PE=1 SV=1
TRINITY_DN552_c0_g1_i15.p1	sp|P23141|EST1_HUMAN	27.6	406	394	567	1	390	171	563	1.10e-26	115	sp|P23141|EST1_HUMAN Liver carboxylesterase 1 OS=Homo sapiens OX=9606 GN=CES1 PE=1 SV=2
TRINITY_DN552_c0_g1_i15.p1	sp|Q29550|EST1_PIG	27.2	408	394	566	1	386	172	559	1.48e-26	114	sp|Q29550|EST1_PIG Liver carboxylesterase OS=Sus scrofa OX=9823 PE=1 SV=1
TRINITY_DN552_c0_g1_i15.p1	sp|Q6NT32|EST5A_HUMAN	30.0	393	394	575	1	373	176	539	1.55e-26	114	sp|Q6NT32|EST5A_HUMAN Carboxylesterase 5A OS=Homo sapiens OX=9606 GN=CES5A PE=1 SV=1
TRINITY_DN552_c0_g1_i15.p1	sp|O00748|EST2_HUMAN	28.0	400	394	559	1	389	178	554	1.94e-26	114	sp|O00748|EST2_HUMAN Cocaine esterase OS=Homo sapiens OX=9606 GN=CES2 PE=1 SV=1
TRINITY_DN552_c0_g1_i15.p1	sp|Q8QZR3|EST2A_MOUSE	28.8	385	394	558	1	373	177	537	3.55e-26	113	sp|Q8QZR3|EST2A_MOUSE Pyrethroid hydrolase Ces2a OS=Mus musculus OX=10090 GN=Ces2a PE=1 SV=1
TRINITY_DN552_c0_g1_i15.p1	sp|Q8VCT4|EST1D_MOUSE	28.5	410	394	565	1	376	171	548	3.67e-26	113	sp|Q8VCT4|EST1D_MOUSE Carboxylesterase 1D OS=Mus musculus OX=10090 GN=Ces1d PE=1 SV=1
TRINITY_DN552_c0_g1_i15.p1	sp|P30122|CEL_BOVIN	28.7	397	394	597	1	378	162	545	5.64e-26	113	sp|P30122|CEL_BOVIN Bile salt-activated lipase (Fragment) OS=Bos taurus OX=9913 GN=CEL PE=1 SV=2
TRINITY_DN552_c0_g1_i15.p1	sp|P23953|EST1C_MOUSE	27.1	414	394	554	1	390	171	546	6.40e-26	112	sp|P23953|EST1C_MOUSE Carboxylesterase 1C OS=Mus musculus OX=10090 GN=Ces1c PE=1 SV=4
TRINITY_DN552_c0_g1_i15.p1	sp|P16303|EST1D_RAT	28.4	409	394	565	1	376	171	548	6.73e-26	112	sp|P16303|EST1D_RAT Carboxylesterase 1D OS=Rattus norvegicus OX=10116 GN=Ces1d PE=1 SV=2
TRINITY_DN552_c0_g1_i15.p1	sp|B2D0J5|EST6_APIME	26.9	368	394	557	1	355	162	524	8.79e-26	112	sp|B2D0J5|EST6_APIME Venom carboxylesterase-6 OS=Apis mellifera OX=7460 PE=2 SV=1
TRINITY_DN552_c0_g1_i15.p1	sp|O70631|EST2C_RAT	28.6	381	394	561	1	373	180	540	1.21e-25	112	sp|O70631|EST2C_RAT Acylcarnitine hydrolase OS=Rattus norvegicus OX=10116 GN=Ces2c PE=1 SV=2
TRINITY_DN552_c0_g1_i15.p1	sp|Q6AW47|EST5A_CANLF	28.9	398	394	575	1	387	176	554	1.29e-25	112	sp|Q6AW47|EST5A_CANLF Carboxylesterase 5A OS=Canis lupus familiaris OX=9615 GN=CES5A PE=2 SV=1
TRINITY_DN552_c0_g1_i15.p1	sp|Q5GRG2|EST5A_RAT	27.3	384	394	575	1	375	176	541	1.29e-25	112	sp|Q5GRG2|EST5A_RAT Carboxylesterase 5A OS=Rattus norvegicus OX=10116 GN=Ces5a PE=1 SV=1
TRINITY_DN552_c0_g1_i15.p1	sp|P06276|CHLE_HUMAN	27.8	410	394	602	1	379	175	556	1.41e-25	112	sp|P06276|CHLE_HUMAN Cholinesterase OS=Homo sapiens OX=9606 GN=BCHE PE=1 SV=1
TRINITY_DN552_c0_g1_i15.p1	sp|P19835|CEL_HUMAN	29.3	392	394	753	1	377	164	546	1.84e-25	112	sp|P19835|CEL_HUMAN Bile salt-activated lipase OS=Homo sapiens OX=9606 GN=CEL PE=1 SV=3
TRINITY_DN552_c0_g1_i19.p1	sp|Q8R0W5|EST4A_MOUSE	31.2	401	394	563	1	378	178	559	1.07e-36	143	sp|Q8R0W5|EST4A_MOUSE Carboxylesterase 4A OS=Mus musculus OX=10090 GN=Ces4a PE=2 SV=2
TRINITY_DN552_c0_g1_i19.p1	sp|Q5XG92|EST4A_HUMAN	30.6	392	394	561	1	378	171	551	1.33e-35	140	sp|Q5XG92|EST4A_HUMAN Carboxylesterase 4A OS=Homo sapiens OX=9606 GN=CES4A PE=1 SV=2
TRINITY_DN552_c0_g1_i19.p1	sp|P0C6R3|EST4A_BOVIN	30.2	414	394	550	1	378	171	549	2.83e-34	136	sp|P0C6R3|EST4A_BOVIN Carboxylesterase 4A OS=Bos taurus OX=9913 GN=CES4A PE=2 SV=1
TRINITY_DN552_c0_g1_i19.p1	sp|P12992|ESTJ_HELVI	30.3	416	394	564	1	392	170	564	4.40e-34	136	sp|P12992|ESTJ_HELVI Juvenile hormone esterase OS=Heliothis virescens OX=7102 PE=1 SV=2
TRINITY_DN552_c0_g1_i19.p1	sp|A0A8B0RBM2|ACES_BOMIG	29.8	342	394	555	1	332	161	499	2.14e-31	128	sp|A0A8B0RBM2|ACES_BOMIG Carboxylic ester hydrolase OS=Bombus ignitus OX=130704 GN=vCaE PE=1 SV=1
TRINITY_DN552_c0_g1_i19.p1	sp|P12337|EST1_RABIT	27.4	405	394	565	1	389	171	559	2.76e-30	125	sp|P12337|EST1_RABIT Liver carboxylesterase 1 OS=Oryctolagus cuniculus OX=9986 PE=1 SV=3
TRINITY_DN552_c0_g1_i19.p1	sp|P10959|EST1C_RAT	27.8	407	394	549	1	390	171	544	1.18e-27	117	sp|P10959|EST1C_RAT Carboxylesterase 1C OS=Rattus norvegicus OX=10116 GN=Ces1c PE=1 SV=3
TRINITY_DN552_c0_g1_i19.p1	sp|O46421|EST1_MACFA	27.5	407	394	566	1	390	171	562	2.39e-27	117	sp|O46421|EST1_MACFA Liver carboxylesterase 1 OS=Macaca fascicularis OX=9541 GN=CES1 PE=2 SV=1
TRINITY_DN552_c0_g1_i19.p1	sp|Q04791|SASB_ANAPL	27.5	418	394	557	1	391	177	557	5.69e-27	115	sp|Q04791|SASB_ANAPL Fatty acyl-CoA hydrolase precursor, medium chain OS=Anas platyrhynchos OX=8839 PE=1 SV=1
TRINITY_DN552_c0_g1_i19.p1	sp|Q64176|EST1E_MOUSE	28.2	404	394	562	1	382	172	555	7.92e-27	115	sp|Q64176|EST1E_MOUSE Carboxylesterase 1E OS=Mus musculus OX=10090 GN=Ces1e PE=1 SV=1
TRINITY_DN552_c0_g1_i19.p1	sp|P23141|EST1_HUMAN	27.6	406	394	567	1	390	171	563	1.10e-26	115	sp|P23141|EST1_HUMAN Liver carboxylesterase 1 OS=Homo sapiens OX=9606 GN=CES1 PE=1 SV=2
TRINITY_DN552_c0_g1_i19.p1	sp|Q29550|EST1_PIG	27.2	408	394	566	1	386	172	559	1.48e-26	114	sp|Q29550|EST1_PIG Liver carboxylesterase OS=Sus scrofa OX=9823 PE=1 SV=1
TRINITY_DN552_c0_g1_i19.p1	sp|Q6NT32|EST5A_HUMAN	30.0	393	394	575	1	373	176	539	1.55e-26	114	sp|Q6NT32|EST5A_HUMAN Carboxylesterase 5A OS=Homo sapiens OX=9606 GN=CES5A PE=1 SV=1
TRINITY_DN552_c0_g1_i19.p1	sp|O00748|EST2_HUMAN	28.0	400	394	559	1	389	178	554	1.94e-26	114	sp|O00748|EST2_HUMAN Cocaine esterase OS=Homo sapiens OX=9606 GN=CES2 PE=1 SV=1
TRINITY_DN552_c0_g1_i19.p1	sp|Q8QZR3|EST2A_MOUSE	28.8	385	394	558	1	373	177	537	3.55e-26	113	sp|Q8QZR3|EST2A_MOUSE Pyrethroid hydrolase Ces2a OS=Mus musculus OX=10090 GN=Ces2a PE=1 SV=1
TRINITY_DN552_c0_g1_i19.p1	sp|Q8VCT4|EST1D_MOUSE	28.5	410	394	565	1	376	171	548	3.67e-26	113	sp|Q8VCT4|EST1D_MOUSE Carboxylesterase 1D OS=Mus musculus OX=10090 GN=Ces1d PE=1 SV=1
TRINITY_DN552_c0_g1_i19.p1	sp|P30122|CEL_BOVIN	28.7	397	394	597	1	378	162	545	5.64e-26	113	sp|P30122|CEL_BOVIN Bile salt-activated lipase (Fragment) OS=Bos taurus OX=9913 GN=CEL PE=1 SV=2
TRINITY_DN552_c0_g1_i19.p1	sp|P23953|EST1C_MOUSE	27.1	414	394	554	1	390	171	546	6.40e-26	112	sp|P23953|EST1C_MOUSE Carboxylesterase 1C OS=Mus musculus OX=10090 GN=Ces1c PE=1 SV=4
TRINITY_DN552_c0_g1_i19.p1	sp|P16303|EST1D_RAT	28.4	409	394	565	1	376	171	548	6.73e-26	112	sp|P16303|EST1D_RAT Carboxylesterase 1D OS=Rattus norvegicus OX=10116 GN=Ces1d PE=1 SV=2
TRINITY_DN552_c0_g1_i19.p1	sp|B2D0J5|EST6_APIME	26.9	368	394	557	1	355	162	524	8.79e-26	112	sp|B2D0J5|EST6_APIME Venom carboxylesterase-6 OS=Apis mellifera OX=7460 PE=2 SV=1
TRINITY_DN552_c0_g1_i19.p1	sp|O70631|EST2C_RAT	28.6	381	394	561	1	373	180	540	1.21e-25	112	sp|O70631|EST2C_RAT Acylcarnitine hydrolase OS=Rattus norvegicus OX=10116 GN=Ces2c PE=1 SV=2
TRINITY_DN552_c0_g1_i19.p1	sp|Q6AW47|EST5A_CANLF	28.9	398	394	575	1	387	176	554	1.29e-25	112	sp|Q6AW47|EST5A_CANLF Carboxylesterase 5A OS=Canis lupus familiaris OX=9615 GN=CES5A PE=2 SV=1
TRINITY_DN552_c0_g1_i19.p1	sp|Q5GRG2|EST5A_RAT	27.3	384	394	575	1	375	176	541	1.29e-25	112	sp|Q5GRG2|EST5A_RAT Carboxylesterase 5A OS=Rattus norvegicus OX=10116 GN=Ces5a PE=1 SV=1
TRINITY_DN552_c0_g1_i19.p1	sp|P06276|CHLE_HUMAN	27.8	410	394	602	1	379	175	556	1.41e-25	112	sp|P06276|CHLE_HUMAN Cholinesterase OS=Homo sapiens OX=9606 GN=BCHE PE=1 SV=1
TRINITY_DN552_c0_g1_i19.p1	sp|P19835|CEL_HUMAN	29.3	392	394	753	1	377	164	546	1.84e-25	112	sp|P19835|CEL_HUMAN Bile salt-activated lipase OS=Homo sapiens OX=9606 GN=CEL PE=1 SV=3
TRINITY_DN552_c0_g1_i22.p1	sp|Q8R0W5|EST4A_MOUSE	31.2	401	394	563	1	378	178	559	1.07e-36	143	sp|Q8R0W5|EST4A_MOUSE Carboxylesterase 4A OS=Mus musculus OX=10090 GN=Ces4a PE=2 SV=2
TRINITY_DN552_c0_g1_i22.p1	sp|Q5XG92|EST4A_HUMAN	30.6	392	394	561	1	378	171	551	1.33e-35	140	sp|Q5XG92|EST4A_HUMAN Carboxylesterase 4A OS=Homo sapiens OX=9606 GN=CES4A PE=1 SV=2
TRINITY_DN552_c0_g1_i22.p1	sp|P0C6R3|EST4A_BOVIN	30.2	414	394	550	1	378	171	549	2.83e-34	136	sp|P0C6R3|EST4A_BOVIN Carboxylesterase 4A OS=Bos taurus OX=9913 GN=CES4A PE=2 SV=1
TRINITY_DN552_c0_g1_i22.p1	sp|P12992|ESTJ_HELVI	30.3	416	394	564	1	392	170	564	4.40e-34	136	sp|P12992|ESTJ_HELVI Juvenile hormone esterase OS=Heliothis virescens OX=7102 PE=1 SV=2
TRINITY_DN552_c0_g1_i22.p1	sp|A0A8B0RBM2|ACES_BOMIG	29.8	342	394	555	1	332	161	499	2.14e-31	128	sp|A0A8B0RBM2|ACES_BOMIG Carboxylic ester hydrolase OS=Bombus ignitus OX=130704 GN=vCaE PE=1 SV=1
TRINITY_DN552_c0_g1_i22.p1	sp|P12337|EST1_RABIT	27.4	405	394	565	1	389	171	559	2.76e-30	125	sp|P12337|EST1_RABIT Liver carboxylesterase 1 OS=Oryctolagus cuniculus OX=9986 PE=1 SV=3
TRINITY_DN552_c0_g1_i22.p1	sp|P10959|EST1C_RAT	27.8	407	394	549	1	390	171	544	1.18e-27	117	sp|P10959|EST1C_RAT Carboxylesterase 1C OS=Rattus norvegicus OX=10116 GN=Ces1c PE=1 SV=3
TRINITY_DN552_c0_g1_i22.p1	sp|O46421|EST1_MACFA	27.5	407	394	566	1	390	171	562	2.39e-27	117	sp|O46421|EST1_MACFA Liver carboxylesterase 1 OS=Macaca fascicularis OX=9541 GN=CES1 PE=2 SV=1
TRINITY_DN552_c0_g1_i22.p1	sp|Q04791|SASB_ANAPL	27.5	418	394	557	1	391	177	557	5.69e-27	115	sp|Q04791|SASB_ANAPL Fatty acyl-CoA hydrolase precursor, medium chain OS=Anas platyrhynchos OX=8839 PE=1 SV=1
TRINITY_DN552_c0_g1_i22.p1	sp|Q64176|EST1E_MOUSE	28.2	404	394	562	1	382	172	555	7.92e-27	115	sp|Q64176|EST1E_MOUSE Carboxylesterase 1E OS=Mus musculus OX=10090 GN=Ces1e PE=1 SV=1
TRINITY_DN552_c0_g1_i22.p1	sp|P23141|EST1_HUMAN	27.6	406	394	567	1	390	171	563	1.10e-26	115	sp|P23141|EST1_HUMAN Liver carboxylesterase 1 OS=Homo sapiens OX=9606 GN=CES1 PE=1 SV=2
TRINITY_DN552_c0_g1_i22.p1	sp|Q29550|EST1_PIG	27.2	408	394	566	1	386	172	559	1.48e-26	114	sp|Q29550|EST1_PIG Liver carboxylesterase OS=Sus scrofa OX=9823 PE=1 SV=1
TRINITY_DN552_c0_g1_i22.p1	sp|Q6NT32|EST5A_HUMAN	30.0	393	394	575	1	373	176	539	1.55e-26	114	sp|Q6NT32|EST5A_HUMAN Carboxylesterase 5A OS=Homo sapiens OX=9606 GN=CES5A PE=1 SV=1
TRINITY_DN552_c0_g1_i22.p1	sp|O00748|EST2_HUMAN	28.0	400	394	559	1	389	178	554	1.94e-26	114	sp|O00748|EST2_HUMAN Cocaine esterase OS=Homo sapiens OX=9606 GN=CES2 PE=1 SV=1
TRINITY_DN552_c0_g1_i22.p1	sp|Q8QZR3|EST2A_MOUSE	28.8	385	394	558	1	373	177	537	3.55e-26	113	sp|Q8QZR3|EST2A_MOUSE Pyrethroid hydrolase Ces2a OS=Mus musculus OX=10090 GN=Ces2a PE=1 SV=1
TRINITY_DN552_c0_g1_i22.p1	sp|Q8VCT4|EST1D_MOUSE	28.5	410	394	565	1	376	171	548	3.67e-26	113	sp|Q8VCT4|EST1D_MOUSE Carboxylesterase 1D OS=Mus musculus OX=10090 GN=Ces1d PE=1 SV=1
TRINITY_DN552_c0_g1_i22.p1	sp|P30122|CEL_BOVIN	28.7	397	394	597	1	378	162	545	5.64e-26	113	sp|P30122|CEL_BOVIN Bile salt-activated lipase (Fragment) OS=Bos taurus OX=9913 GN=CEL PE=1 SV=2
TRINITY_DN552_c0_g1_i22.p1	sp|P23953|EST1C_MOUSE	27.1	414	394	554	1	390	171	546	6.40e-26	112	sp|P23953|EST1C_MOUSE Carboxylesterase 1C OS=Mus musculus OX=10090 GN=Ces1c PE=1 SV=4
TRINITY_DN552_c0_g1_i22.p1	sp|P16303|EST1D_RAT	28.4	409	394	565	1	376	171	548	6.73e-26	112	sp|P16303|EST1D_RAT Carboxylesterase 1D OS=Rattus norvegicus OX=10116 GN=Ces1d PE=1 SV=2
TRINITY_DN552_c0_g1_i22.p1	sp|B2D0J5|EST6_APIME	26.9	368	394	557	1	355	162	524	8.79e-26	112	sp|B2D0J5|EST6_APIME Venom carboxylesterase-6 OS=Apis mellifera OX=7460 PE=2 SV=1
TRINITY_DN552_c0_g1_i22.p1	sp|O70631|EST2C_RAT	28.6	381	394	561	1	373	180	540	1.21e-25	112	sp|O70631|EST2C_RAT Acylcarnitine hydrolase OS=Rattus norvegicus OX=10116 GN=Ces2c PE=1 SV=2
TRINITY_DN552_c0_g1_i22.p1	sp|Q6AW47|EST5A_CANLF	28.9	398	394	575	1	387	176	554	1.29e-25	112	sp|Q6AW47|EST5A_CANLF Carboxylesterase 5A OS=Canis lupus familiaris OX=9615 GN=CES5A PE=2 SV=1
TRINITY_DN552_c0_g1_i22.p1	sp|Q5GRG2|EST5A_RAT	27.3	384	394	575	1	375	176	541	1.29e-25	112	sp|Q5GRG2|EST5A_RAT Carboxylesterase 5A OS=Rattus norvegicus OX=10116 GN=Ces5a PE=1 SV=1
TRINITY_DN552_c0_g1_i22.p1	sp|P06276|CHLE_HUMAN	27.8	410	394	602	1	379	175	556	1.41e-25	112	sp|P06276|CHLE_HUMAN Cholinesterase OS=Homo sapiens OX=9606 GN=BCHE PE=1 SV=1
TRINITY_DN552_c0_g1_i22.p1	sp|P19835|CEL_HUMAN	29.3	392	394	753	1	377	164	546	1.84e-25	112	sp|P19835|CEL_HUMAN Bile salt-activated lipase OS=Homo sapiens OX=9606 GN=CEL PE=1 SV=3
TRINITY_DN58976_c0_g1_i1.p1	sp|P12992|ESTJ_HELVI	46.5	565	583	564	14	574	5	557	2.28e-171	501	sp|P12992|ESTJ_HELVI Juvenile hormone esterase OS=Heliothis virescens OX=7102 PE=1 SV=2
TRINITY_DN58976_c0_g1_i1.p1	sp|P35502|ESTF_MYZPE	29.2	535	583	564	25	541	20	518	9.16e-53	192	sp|P35502|ESTF_MYZPE Esterase FE4 OS=Myzus persicae OX=13164 PE=1 SV=1
TRINITY_DN58976_c0_g1_i1.p1	sp|D6WMZ8|ESTJ_TRICA	28.4	549	583	588	36	546	19	535	5.03e-52	191	sp|D6WMZ8|ESTJ_TRICA Juvenile hormone esterase OS=Tribolium castaneum OX=7070 GN=Tcjhe PE=1 SV=2
TRINITY_DN58976_c0_g1_i1.p1	sp|P35501|ESTE_MYZPE	28.8	534	583	552	25	541	20	518	2.60e-51	188	sp|P35501|ESTE_MYZPE Esterase E4 OS=Myzus persicae OX=13164 PE=1 SV=1
TRINITY_DN58976_c0_g1_i1.p1	sp|A0A8B0RBM2|ACES_BOMIG	27.6	525	583	555	45	548	31	519	9.99e-51	186	sp|A0A8B0RBM2|ACES_BOMIG Carboxylic ester hydrolase OS=Bombus ignitus OX=130704 GN=vCaE PE=1 SV=1
TRINITY_DN58976_c0_g1_i1.p1	sp|B2D0J5|EST6_APIME	25.5	533	583	557	44	562	32	536	3.57e-49	182	sp|B2D0J5|EST6_APIME Venom carboxylesterase-6 OS=Apis mellifera OX=7460 PE=2 SV=1
TRINITY_DN58976_c0_g1_i1.p1	sp|P37967|PNBA_BACSU	28.5	498	583	489	63	537	24	454	1.27e-46	174	sp|P37967|PNBA_BACSU Para-nitrobenzyl esterase OS=Bacillus subtilis (strain 168) OX=224308 GN=pnbA PE=1 SV=2
TRINITY_DN58976_c0_g1_i1.p1	sp|Q07085|EST2_CAEEL	27.7	498	583	554	48	527	21	488	6.27e-44	167	sp|Q07085|EST2_CAEEL Esterase cest-33 OS=Caenorhabditis elegans OX=6239 GN=cest-33 PE=3 SV=3
TRINITY_DN58976_c0_g1_i1.p1	sp|Q47M62|EST1_THEFY	28.4	472	583	497	37	489	2	424	4.42e-43	164	sp|Q47M62|EST1_THEFY Carboxylesterase OS=Thermobifida fusca (strain YX) OX=269800 GN=Tfu_2427 PE=3 SV=1
TRINITY_DN58976_c0_g1_i1.p1	sp|P86325|EST1_THEFU	28.2	472	583	497	37	489	2	424	1.15e-42	163	sp|P86325|EST1_THEFU Carboxylesterase OS=Thermobifida fusca OX=2021 PE=1 SV=1
TRINITY_DN58976_c0_g1_i1.p1	sp|Q6NT32|EST5A_HUMAN	27.6	526	583	575	45	551	38	534	8.40e-41	159	sp|Q6NT32|EST5A_HUMAN Carboxylesterase 5A OS=Homo sapiens OX=9606 GN=CES5A PE=1 SV=1
TRINITY_DN58976_c0_g1_i1.p1	sp|P16854|EST1_CULPI	27.5	469	583	540	58	504	26	466	3.46e-40	157	sp|P16854|EST1_CULPI Esterase B1 OS=Culex pipiens OX=7175 GN=B1 PE=3 SV=1
TRINITY_DN58976_c0_g1_i1.p1	sp|Q6AW46|EST5A_MOUSE	28.1	527	583	575	45	554	38	525	5.44e-40	157	sp|Q6AW46|EST5A_MOUSE Carboxylesterase 5A OS=Mus musculus OX=10090 GN=Ces5a PE=2 SV=1
TRINITY_DN58976_c0_g1_i1.p1	sp|Q5GRG2|EST5A_RAT	26.8	526	583	575	45	542	38	516	1.01e-39	156	sp|Q5GRG2|EST5A_RAT Carboxylesterase 5A OS=Rattus norvegicus OX=10116 GN=Ces5a PE=1 SV=1
TRINITY_DN58976_c0_g1_i1.p1	sp|O42275|ACES_ELEEL	32.6	344	583	633	38	369	31	356	1.88e-39	156	sp|O42275|ACES_ELEEL Acetylcholinesterase OS=Electrophorus electricus OX=8005 GN=ache PE=3 SV=1
TRINITY_DN58976_c0_g1_i1.p1	sp|Q27677|ACES_LEPDE	26.3	556	583	629	38	545	42	555	2.47e-39	155	sp|Q27677|ACES_LEPDE Acetylcholinesterase OS=Leptinotarsa decemlineata OX=7539 PE=2 SV=1
TRINITY_DN58976_c0_g1_i1.p1	sp|P21836|ACES_MOUSE	29.4	537	583	614	38	536	39	532	5.35e-39	154	sp|P21836|ACES_MOUSE Acetylcholinesterase OS=Mus musculus OX=10090 GN=Ache PE=1 SV=1
TRINITY_DN58976_c0_g1_i1.p1	sp|Q6AW47|EST5A_CANLF	25.8	546	583	575	45	574	38	543	8.87e-39	153	sp|Q6AW47|EST5A_CANLF Carboxylesterase 5A OS=Canis lupus familiaris OX=9615 GN=CES5A PE=2 SV=1
TRINITY_DN58976_c0_g1_i1.p1	sp|P37136|ACES_RAT	33.0	349	583	614	38	369	39	369	9.90e-39	154	sp|P37136|ACES_RAT Acetylcholinesterase OS=Rattus norvegicus OX=10116 GN=Ache PE=1 SV=1
TRINITY_DN58976_c0_g1_i1.p1	sp|Q92035|ACES_BUNFA	28.2	518	583	606	62	553	60	541	3.12e-38	152	sp|Q92035|ACES_BUNFA Acetylcholinesterase OS=Bungarus fasciatus OX=8613 GN=ACHE PE=1 SV=2
TRINITY_DN58976_c0_g1_i1.p1	sp|P22303|ACES_HUMAN	29.3	529	583	614	50	545	50	541	3.38e-38	152	sp|P22303|ACES_HUMAN Acetylcholinesterase OS=Homo sapiens OX=9606 GN=ACHE PE=1 SV=1
TRINITY_DN58976_c0_g1_i1.p1	sp|P23795|ACES_BOVIN	29.1	508	583	613	50	527	49	519	6.17e-38	151	sp|P23795|ACES_BOVIN Acetylcholinesterase OS=Bos taurus OX=9913 GN=ACHE PE=1 SV=2
TRINITY_DN58976_c0_g1_i1.p1	sp|Q8QZR3|EST2A_MOUSE	27.3	542	583	558	45	553	39	525	8.63e-38	150	sp|Q8QZR3|EST2A_MOUSE Pyrethroid hydrolase Ces2a OS=Mus musculus OX=10090 GN=Ces2a PE=1 SV=1
TRINITY_DN58976_c0_g1_i1.p1	sp|P21837|CRYS_DICDI	28.1	498	583	550	49	527	41	486	1.46e-37	149	sp|P21837|CRYS_DICDI Crystal protein OS=Dictyostelium discoideum OX=44689 GN=cryS PE=1 SV=1
TRINITY_DN58976_c0_g1_i1.p1	sp|Q9DDE3|ACES_DANRE	26.9	561	583	634	50	555	40	572	3.42e-37	149	sp|Q9DDE3|ACES_DANRE Acetylcholinesterase OS=Danio rerio OX=7955 GN=ache PE=1 SV=1
TRINITY_DN604_c0_g1_i1.p1	sp|Q03311|CHLE_MOUSE	30.1	562	547	603	30	538	32	555	4.43e-52	190	sp|Q03311|CHLE_MOUSE Cholinesterase OS=Mus musculus OX=10090 GN=Bche PE=1 SV=2
TRINITY_DN604_c0_g1_i1.p1	sp|P35502|ESTF_MYZPE	32.1	508	547	564	31	506	27	515	8.22e-51	186	sp|P35502|ESTF_MYZPE Esterase FE4 OS=Myzus persicae OX=13164 PE=1 SV=1
TRINITY_DN604_c0_g1_i1.p1	sp|D6WMZ8|ESTJ_TRICA	31.2	506	547	588	31	495	29	525	3.21e-50	185	sp|D6WMZ8|ESTJ_TRICA Juvenile hormone esterase OS=Tribolium castaneum OX=7070 GN=Tcjhe PE=1 SV=2
TRINITY_DN604_c0_g1_i1.p1	sp|O62760|CHLE_FELCA	30.0	557	547	602	30	538	31	554	7.58e-50	184	sp|O62760|CHLE_FELCA Cholinesterase OS=Felis catus OX=9685 GN=BCHE PE=2 SV=1
TRINITY_DN604_c0_g1_i1.p1	sp|P12992|ESTJ_HELVI	29.7	505	547	564	37	499	34	518	7.92e-50	183	sp|P12992|ESTJ_HELVI Juvenile hormone esterase OS=Heliothis virescens OX=7102 PE=1 SV=2
TRINITY_DN604_c0_g1_i1.p1	sp|P35501|ESTE_MYZPE	31.7	508	547	552	31	506	27	515	2.36e-49	182	sp|P35501|ESTE_MYZPE Esterase E4 OS=Myzus persicae OX=13164 PE=1 SV=1
TRINITY_DN604_c0_g1_i1.p1	sp|O62761|CHLE_PANTT	29.0	556	547	602	30	538	31	554	7.17e-49	181	sp|O62761|CHLE_PANTT Cholinesterase OS=Panthera tigris tigris OX=74535 GN=BCHE PE=2 SV=1
TRINITY_DN604_c0_g1_i1.p1	sp|Q6AW46|EST5A_MOUSE	30.8	555	547	575	22	534	22	539	3.27e-48	179	sp|Q6AW46|EST5A_MOUSE Carboxylesterase 5A OS=Mus musculus OX=10090 GN=Ces5a PE=2 SV=1
TRINITY_DN604_c0_g1_i1.p1	sp|P81908|CHLE_HORSE	29.5	559	547	574	30	538	3	526	8.45e-48	178	sp|P81908|CHLE_HORSE Cholinesterase OS=Equus caballus OX=9796 GN=BCHE PE=1 SV=1
TRINITY_DN604_c0_g1_i1.p1	sp|P21927|CHLE_RABIT	29.1	556	547	581	30	538	10	533	4.66e-47	176	sp|P21927|CHLE_RABIT Cholinesterase OS=Oryctolagus cuniculus OX=9986 GN=BCHE PE=2 SV=1
TRINITY_DN604_c0_g1_i1.p1	sp|G3V7J5|EST2E_RAT	29.5	550	547	567	23	534	34	546	7.17e-47	175	sp|G3V7J5|EST2E_RAT Pyrethroid hydrolase Ces2e OS=Rattus norvegicus OX=10116 GN=Ces2e PE=1 SV=2
TRINITY_DN604_c0_g1_i1.p1	sp|P32749|CHLE_BOVIN	29.2	559	547	602	30	538	31	554	1.64e-46	175	sp|P32749|CHLE_BOVIN Cholinesterase OS=Bos taurus OX=9913 GN=BCHE PE=2 SV=2
TRINITY_DN604_c0_g1_i1.p1	sp|P19835|CEL_HUMAN	28.7	567	547	753	13	538	7	546	1.71e-46	177	sp|P19835|CEL_HUMAN Bile salt-activated lipase OS=Homo sapiens OX=9606 GN=CEL PE=1 SV=3
TRINITY_DN604_c0_g1_i1.p1	sp|P06276|CHLE_HUMAN	28.6	555	547	602	30	538	31	554	5.85e-46	173	sp|P06276|CHLE_HUMAN Cholinesterase OS=Homo sapiens OX=9606 GN=BCHE PE=1 SV=1
TRINITY_DN604_c0_g1_i1.p1	sp|Q92035|ACES_BUNFA	31.0	558	547	606	33	537	39	558	6.17e-46	173	sp|Q92035|ACES_BUNFA Acetylcholinesterase OS=Bungarus fasciatus OX=8613 GN=ACHE PE=1 SV=2
TRINITY_DN604_c0_g1_i1.p1	sp|Q8I034|EST5A_FELCA	27.4	552	547	545	19	534	19	539	1.26e-45	171	sp|Q8I034|EST5A_FELCA Carboxylesterase 5A OS=Felis catus OX=9685 GN=CES5A PE=1 SV=1
TRINITY_DN604_c0_g1_i1.p1	sp|Q29499|ACES_RABIT	29.5	567	547	584	28	537	4	536	4.24e-45	171	sp|Q29499|ACES_RABIT Acetylcholinesterase (Fragment) OS=Oryctolagus cuniculus OX=9986 GN=ACHE PE=2 SV=1
TRINITY_DN604_c0_g1_i1.p1	sp|P07882|CEL_RAT	28.4	549	547	612	33	540	26	548	4.47e-45	171	sp|P07882|CEL_RAT Bile salt-activated lipase OS=Rattus norvegicus OX=10116 GN=Cel PE=1 SV=2
TRINITY_DN604_c0_g1_i1.p1	sp|Q86GC8|ACES_CULPI	29.3	556	547	702	30	534	131	653	6.33e-45	172	sp|Q86GC8|ACES_CULPI Acetylcholinesterase OS=Culex pipiens OX=7175 GN=ACHE1 PE=2 SV=2
TRINITY_DN604_c0_g1_i1.p1	sp|P30122|CEL_BOVIN	29.1	554	547	597	33	539	24	545	9.53e-45	170	sp|P30122|CEL_BOVIN Bile salt-activated lipase (Fragment) OS=Bos taurus OX=9913 GN=CEL PE=1 SV=2
TRINITY_DN604_c0_g1_i1.p1	sp|Q6NT32|EST5A_HUMAN	28.2	518	547	575	52	534	57	539	9.70e-45	169	sp|Q6NT32|EST5A_HUMAN Carboxylesterase 5A OS=Homo sapiens OX=9606 GN=CES5A PE=1 SV=1
TRINITY_DN604_c0_g1_i1.p1	sp|Q8K3R0|EST2A_RAT	28.1	572	547	558	15	534	10	537	2.71e-44	168	sp|Q8K3R0|EST2A_RAT Pyrethroid hydrolase Ces2a OS=Rattus norvegicus OX=10116 GN=Ces2a PE=1 SV=1
TRINITY_DN604_c0_g1_i1.p1	sp|Q8R0W5|EST4A_MOUSE	30.5	561	547	563	15	534	14	554	2.92e-44	168	sp|Q8R0W5|EST4A_MOUSE Carboxylesterase 4A OS=Mus musculus OX=10090 GN=Ces4a PE=2 SV=2
TRINITY_DN604_c0_g1_i1.p1	sp|P21836|ACES_MOUSE	28.8	579	547	614	10	537	17	566	4.19e-44	168	sp|P21836|ACES_MOUSE Acetylcholinesterase OS=Mus musculus OX=10090 GN=Ache PE=1 SV=1
TRINITY_DN604_c0_g1_i1.p1	sp|Q5GRG2|EST5A_RAT	29.7	549	547	575	22	534	22	539	1.69e-43	166	sp|Q5GRG2|EST5A_RAT Carboxylesterase 5A OS=Rattus norvegicus OX=10116 GN=Ces5a PE=1 SV=1
TRINITY_DN604_c0_g1_i10.p1	sp|P35502|ESTF_MYZPE	31.4	510	548	564	31	506	27	519	1.47e-48	180	sp|P35502|ESTF_MYZPE Esterase FE4 OS=Myzus persicae OX=13164 PE=1 SV=1
TRINITY_DN604_c0_g1_i10.p1	sp|D6WMZ8|ESTJ_TRICA	30.4	506	548	588	31	496	29	525	1.06e-47	178	sp|D6WMZ8|ESTJ_TRICA Juvenile hormone esterase OS=Tribolium castaneum OX=7070 GN=Tcjhe PE=1 SV=2
TRINITY_DN604_c0_g1_i10.p1	sp|P19835|CEL_HUMAN	29.0	575	548	753	13	539	7	546	2.70e-47	179	sp|P19835|CEL_HUMAN Bile salt-activated lipase OS=Homo sapiens OX=9606 GN=CEL PE=1 SV=3
TRINITY_DN604_c0_g1_i10.p1	sp|P35501|ESTE_MYZPE	30.7	511	548	552	31	508	27	516	1.10e-46	174	sp|P35501|ESTE_MYZPE Esterase E4 OS=Myzus persicae OX=13164 PE=1 SV=1
TRINITY_DN604_c0_g1_i10.p1	sp|P12992|ESTJ_HELVI	29.2	503	548	564	37	502	34	520	3.46e-46	173	sp|P12992|ESTJ_HELVI Juvenile hormone esterase OS=Heliothis virescens OX=7102 PE=1 SV=2
TRINITY_DN604_c0_g1_i10.p1	sp|P21927|CHLE_RABIT	28.9	550	548	581	30	539	10	533	6.12e-46	173	sp|P21927|CHLE_RABIT Cholinesterase OS=Oryctolagus cuniculus OX=9986 GN=BCHE PE=2 SV=1
TRINITY_DN604_c0_g1_i10.p1	sp|O62760|CHLE_FELCA	29.1	550	548	602	30	539	31	554	8.19e-46	173	sp|O62760|CHLE_FELCA Cholinesterase OS=Felis catus OX=9685 GN=BCHE PE=2 SV=1
TRINITY_DN604_c0_g1_i10.p1	sp|Q6AW46|EST5A_MOUSE	29.2	551	548	575	22	535	22	539	3.80e-45	171	sp|Q6AW46|EST5A_MOUSE Carboxylesterase 5A OS=Mus musculus OX=10090 GN=Ces5a PE=2 SV=1
TRINITY_DN604_c0_g1_i10.p1	sp|O62761|CHLE_PANTT	28.1	549	548	602	30	539	31	554	7.54e-45	170	sp|O62761|CHLE_PANTT Cholinesterase OS=Panthera tigris tigris OX=74535 GN=BCHE PE=2 SV=1
TRINITY_DN604_c0_g1_i10.p1	sp|B2D0J5|EST6_APIME	29.5	491	548	557	31	492	26	504	7.60e-45	169	sp|B2D0J5|EST6_APIME Venom carboxylesterase-6 OS=Apis mellifera OX=7460 PE=2 SV=1
TRINITY_DN604_c0_g1_i10.p1	sp|Q03311|CHLE_MOUSE	28.7	561	548	603	30	539	32	555	1.05e-44	170	sp|Q03311|CHLE_MOUSE Cholinesterase OS=Mus musculus OX=10090 GN=Bche PE=1 SV=2
TRINITY_DN604_c0_g1_i10.p1	sp|P07882|CEL_RAT	28.8	542	548	612	33	541	26	548	3.03e-44	169	sp|P07882|CEL_RAT Bile salt-activated lipase OS=Rattus norvegicus OX=10116 GN=Cel PE=1 SV=2
TRINITY_DN604_c0_g1_i10.p1	sp|Q64285|CEL_MOUSE	29.2	552	548	599	33	541	26	548	3.53e-44	168	sp|Q64285|CEL_MOUSE Bile salt-activated lipase OS=Mus musculus OX=10090 GN=Cel PE=1 SV=1
TRINITY_DN604_c0_g1_i10.p1	sp|P30122|CEL_BOVIN	28.4	550	548	597	33	540	24	545	1.67e-43	166	sp|P30122|CEL_BOVIN Bile salt-activated lipase (Fragment) OS=Bos taurus OX=9913 GN=CEL PE=1 SV=2
TRINITY_DN604_c0_g1_i10.p1	sp|Q86GC8|ACES_CULPI	29.0	552	548	702	30	535	131	653	2.67e-43	167	sp|Q86GC8|ACES_CULPI Acetylcholinesterase OS=Culex pipiens OX=7175 GN=ACHE1 PE=2 SV=2
TRINITY_DN604_c0_g1_i10.p1	sp|P81908|CHLE_HORSE	29.2	552	548	574	30	539	3	526	3.19e-43	165	sp|P81908|CHLE_HORSE Cholinesterase OS=Equus caballus OX=9796 GN=BCHE PE=1 SV=1
TRINITY_DN604_c0_g1_i10.p1	sp|Q8I034|EST5A_FELCA	28.4	564	548	545	19	535	19	539	4.00e-43	164	sp|Q8I034|EST5A_FELCA Carboxylesterase 5A OS=Felis catus OX=9685 GN=CES5A PE=1 SV=1
TRINITY_DN604_c0_g1_i10.p1	sp|Q92035|ACES_BUNFA	28.8	552	548	606	33	538	39	558	6.58e-43	165	sp|Q92035|ACES_BUNFA Acetylcholinesterase OS=Bungarus fasciatus OX=8613 GN=ACHE PE=1 SV=2
TRINITY_DN604_c0_g1_i10.p1	sp|Q869C3|ACES_ANOGA	29.8	550	548	737	30	535	164	686	8.79e-43	166	sp|Q869C3|ACES_ANOGA Acetylcholinesterase OS=Anopheles gambiae OX=7165 GN=Ace PE=1 SV=3
TRINITY_DN604_c0_g1_i10.p1	sp|Q6NT32|EST5A_HUMAN	29.5	519	548	575	52	535	57	539	1.15e-42	164	sp|Q6NT32|EST5A_HUMAN Carboxylesterase 5A OS=Homo sapiens OX=9606 GN=CES5A PE=1 SV=1
TRINITY_DN604_c0_g1_i10.p1	sp|Q8R0W5|EST4A_MOUSE	28.2	564	548	563	15	535	14	554	1.84e-42	163	sp|Q8R0W5|EST4A_MOUSE Carboxylesterase 4A OS=Mus musculus OX=10090 GN=Ces4a PE=2 SV=2
TRINITY_DN604_c0_g1_i10.p1	sp|G3V7J5|EST2E_RAT	28.5	550	548	567	23	535	34	546	3.65e-42	162	sp|G3V7J5|EST2E_RAT Pyrethroid hydrolase Ces2e OS=Rattus norvegicus OX=10116 GN=Ces2e PE=1 SV=2
TRINITY_DN604_c0_g1_i10.p1	sp|P06276|CHLE_HUMAN	28.3	548	548	602	30	539	31	554	4.13e-42	162	sp|P06276|CHLE_HUMAN Cholinesterase OS=Homo sapiens OX=9606 GN=BCHE PE=1 SV=1
TRINITY_DN604_c0_g1_i10.p1	sp|A0A8B0RBM2|ACES_BOMIG	27.7	563	548	555	14	536	5	542	4.25e-42	162	sp|A0A8B0RBM2|ACES_BOMIG Carboxylic ester hydrolase OS=Bombus ignitus OX=130704 GN=vCaE PE=1 SV=1
TRINITY_DN604_c0_g1_i10.p1	sp|Q5GRG2|EST5A_RAT	28.7	565	548	575	22	535	22	539	5.55e-42	162	sp|Q5GRG2|EST5A_RAT Carboxylesterase 5A OS=Rattus norvegicus OX=10116 GN=Ces5a PE=1 SV=1
TRINITY_DN604_c0_g1_i13.p1	sp|P35502|ESTF_MYZPE	32.5	508	547	564	31	505	27	519	1.63e-51	188	sp|P35502|ESTF_MYZPE Esterase FE4 OS=Myzus persicae OX=13164 PE=1 SV=1
TRINITY_DN604_c0_g1_i13.p1	sp|Q03311|CHLE_MOUSE	29.9	562	547	603	30	538	32	555	8.09e-51	187	sp|Q03311|CHLE_MOUSE Cholinesterase OS=Mus musculus OX=10090 GN=Bche PE=1 SV=2
TRINITY_DN604_c0_g1_i13.p1	sp|P35501|ESTE_MYZPE	31.8	509	547	552	31	507	27	516	8.95e-50	183	sp|P35501|ESTE_MYZPE Esterase E4 OS=Myzus persicae OX=13164 PE=1 SV=1
TRINITY_DN604_c0_g1_i13.p1	sp|P12992|ESTJ_HELVI	29.6	507	547	564	37	501	34	520	1.51e-49	182	sp|P12992|ESTJ_HELVI Juvenile hormone esterase OS=Heliothis virescens OX=7102 PE=1 SV=2
TRINITY_DN604_c0_g1_i13.p1	sp|D6WMZ8|ESTJ_TRICA	31.0	506	547	588	31	495	29	525	2.22e-49	182	sp|D6WMZ8|ESTJ_TRICA Juvenile hormone esterase OS=Tribolium castaneum OX=7070 GN=Tcjhe PE=1 SV=2
TRINITY_DN604_c0_g1_i13.p1	sp|Q6AW46|EST5A_MOUSE	31.0	555	547	575	22	534	22	539	1.25e-48	180	sp|Q6AW46|EST5A_MOUSE Carboxylesterase 5A OS=Mus musculus OX=10090 GN=Ces5a PE=2 SV=1
TRINITY_DN604_c0_g1_i13.p1	sp|O62760|CHLE_FELCA	29.6	557	547	602	30	538	31	554	2.58e-48	180	sp|O62760|CHLE_FELCA Cholinesterase OS=Felis catus OX=9685 GN=BCHE PE=2 SV=1
TRINITY_DN604_c0_g1_i13.p1	sp|O62761|CHLE_PANTT	28.6	556	547	602	30	538	31	554	2.42e-47	177	sp|O62761|CHLE_PANTT Cholinesterase OS=Panthera tigris tigris OX=74535 GN=BCHE PE=2 SV=1
TRINITY_DN604_c0_g1_i13.p1	sp|P19835|CEL_HUMAN	29.1	567	547	753	13	538	7	546	2.65e-47	179	sp|P19835|CEL_HUMAN Bile salt-activated lipase OS=Homo sapiens OX=9606 GN=CEL PE=1 SV=3
TRINITY_DN604_c0_g1_i13.p1	sp|Q8I034|EST5A_FELCA	27.7	552	547	545	19	534	19	539	3.67e-47	176	sp|Q8I034|EST5A_FELCA Carboxylesterase 5A OS=Felis catus OX=9685 GN=CES5A PE=1 SV=1
TRINITY_DN604_c0_g1_i13.p1	sp|G3V7J5|EST2E_RAT	29.5	550	547	567	23	534	34	546	7.17e-47	175	sp|G3V7J5|EST2E_RAT Pyrethroid hydrolase Ces2e OS=Rattus norvegicus OX=10116 GN=Ces2e PE=1 SV=2
TRINITY_DN604_c0_g1_i13.p1	sp|P81908|CHLE_HORSE	29.2	559	547	574	30	538	3	526	2.87e-46	174	sp|P81908|CHLE_HORSE Cholinesterase OS=Equus caballus OX=9796 GN=BCHE PE=1 SV=1
TRINITY_DN604_c0_g1_i13.p1	sp|P07882|CEL_RAT	28.8	549	547	612	33	540	26	548	3.54e-46	174	sp|P07882|CEL_RAT Bile salt-activated lipase OS=Rattus norvegicus OX=10116 GN=Cel PE=1 SV=2
TRINITY_DN604_c0_g1_i13.p1	sp|P30122|CEL_BOVIN	29.4	554	547	597	33	539	24	545	5.47e-46	173	sp|P30122|CEL_BOVIN Bile salt-activated lipase (Fragment) OS=Bos taurus OX=9913 GN=CEL PE=1 SV=2
TRINITY_DN604_c0_g1_i13.p1	sp|P21927|CHLE_RABIT	28.6	555	547	581	30	538	10	533	1.14e-45	172	sp|P21927|CHLE_RABIT Cholinesterase OS=Oryctolagus cuniculus OX=9986 GN=BCHE PE=2 SV=1
TRINITY_DN604_c0_g1_i13.p1	sp|Q86GC8|ACES_CULPI	29.3	556	547	702	30	534	131	653	1.82e-45	173	sp|Q86GC8|ACES_CULPI Acetylcholinesterase OS=Culex pipiens OX=7175 GN=ACHE1 PE=2 SV=2
TRINITY_DN604_c0_g1_i13.p1	sp|Q92035|ACES_BUNFA	30.5	557	547	606	33	537	39	558	4.14e-45	171	sp|Q92035|ACES_BUNFA Acetylcholinesterase OS=Bungarus fasciatus OX=8613 GN=ACHE PE=1 SV=2
TRINITY_DN604_c0_g1_i13.p1	sp|Q6NT32|EST5A_HUMAN	28.4	518	547	575	52	534	57	539	5.13e-45	170	sp|Q6NT32|EST5A_HUMAN Carboxylesterase 5A OS=Homo sapiens OX=9606 GN=CES5A PE=1 SV=1
TRINITY_DN604_c0_g1_i13.p1	sp|Q8R0W5|EST4A_MOUSE	30.5	561	547	563	15	534	14	554	5.94e-45	170	sp|Q8R0W5|EST4A_MOUSE Carboxylesterase 4A OS=Mus musculus OX=10090 GN=Ces4a PE=2 SV=2
TRINITY_DN604_c0_g1_i13.p1	sp|Q5GRG2|EST5A_RAT	30.2	549	547	575	22	534	22	539	1.33e-44	169	sp|Q5GRG2|EST5A_RAT Carboxylesterase 5A OS=Rattus norvegicus OX=10116 GN=Ces5a PE=1 SV=1
TRINITY_DN604_c0_g1_i13.p1	sp|P06276|CHLE_HUMAN	28.3	555	547	602	30	538	31	554	1.40e-44	169	sp|P06276|CHLE_HUMAN Cholinesterase OS=Homo sapiens OX=9606 GN=BCHE PE=1 SV=1
TRINITY_DN604_c0_g1_i13.p1	sp|P32749|CHLE_BOVIN	28.6	559	547	602	30	538	31	554	1.92e-44	169	sp|P32749|CHLE_BOVIN Cholinesterase OS=Bos taurus OX=9913 GN=BCHE PE=2 SV=2
TRINITY_DN604_c0_g1_i13.p1	sp|Q8K3R0|EST2A_RAT	28.1	572	547	558	15	534	10	537	7.06e-44	167	sp|Q8K3R0|EST2A_RAT Pyrethroid hydrolase Ces2a OS=Rattus norvegicus OX=10116 GN=Ces2a PE=1 SV=1
TRINITY_DN604_c0_g1_i13.p1	sp|Q29499|ACES_RABIT	28.9	567	547	584	28	537	4	536	7.37e-44	167	sp|Q29499|ACES_RABIT Acetylcholinesterase (Fragment) OS=Oryctolagus cuniculus OX=9986 GN=ACHE PE=2 SV=1
TRINITY_DN604_c0_g1_i13.p1	sp|Q6AW47|EST5A_CANLF	29.0	549	547	575	27	534	26	539	2.32e-43	166	sp|Q6AW47|EST5A_CANLF Carboxylesterase 5A OS=Canis lupus familiaris OX=9615 GN=CES5A PE=2 SV=1
TRINITY_DN604_c0_g1_i15.p1	sp|P35502|ESTF_MYZPE	32.5	508	547	564	31	505	27	519	1.63e-51	188	sp|P35502|ESTF_MYZPE Esterase FE4 OS=Myzus persicae OX=13164 PE=1 SV=1
TRINITY_DN604_c0_g1_i15.p1	sp|Q03311|CHLE_MOUSE	29.9	562	547	603	30	538	32	555	8.09e-51	187	sp|Q03311|CHLE_MOUSE Cholinesterase OS=Mus musculus OX=10090 GN=Bche PE=1 SV=2
TRINITY_DN604_c0_g1_i15.p1	sp|P35501|ESTE_MYZPE	31.8	509	547	552	31	507	27	516	8.95e-50	183	sp|P35501|ESTE_MYZPE Esterase E4 OS=Myzus persicae OX=13164 PE=1 SV=1
TRINITY_DN604_c0_g1_i15.p1	sp|P12992|ESTJ_HELVI	29.6	507	547	564	37	501	34	520	1.51e-49	182	sp|P12992|ESTJ_HELVI Juvenile hormone esterase OS=Heliothis virescens OX=7102 PE=1 SV=2
TRINITY_DN604_c0_g1_i15.p1	sp|D6WMZ8|ESTJ_TRICA	31.0	506	547	588	31	495	29	525	2.22e-49	182	sp|D6WMZ8|ESTJ_TRICA Juvenile hormone esterase OS=Tribolium castaneum OX=7070 GN=Tcjhe PE=1 SV=2
TRINITY_DN604_c0_g1_i15.p1	sp|Q6AW46|EST5A_MOUSE	31.0	555	547	575	22	534	22	539	1.25e-48	180	sp|Q6AW46|EST5A_MOUSE Carboxylesterase 5A OS=Mus musculus OX=10090 GN=Ces5a PE=2 SV=1
TRINITY_DN604_c0_g1_i15.p1	sp|O62760|CHLE_FELCA	29.6	557	547	602	30	538	31	554	2.58e-48	180	sp|O62760|CHLE_FELCA Cholinesterase OS=Felis catus OX=9685 GN=BCHE PE=2 SV=1
TRINITY_DN604_c0_g1_i15.p1	sp|O62761|CHLE_PANTT	28.6	556	547	602	30	538	31	554	2.42e-47	177	sp|O62761|CHLE_PANTT Cholinesterase OS=Panthera tigris tigris OX=74535 GN=BCHE PE=2 SV=1
TRINITY_DN604_c0_g1_i15.p1	sp|P19835|CEL_HUMAN	29.1	567	547	753	13	538	7	546	2.65e-47	179	sp|P19835|CEL_HUMAN Bile salt-activated lipase OS=Homo sapiens OX=9606 GN=CEL PE=1 SV=3
TRINITY_DN604_c0_g1_i15.p1	sp|Q8I034|EST5A_FELCA	27.7	552	547	545	19	534	19	539	3.67e-47	176	sp|Q8I034|EST5A_FELCA Carboxylesterase 5A OS=Felis catus OX=9685 GN=CES5A PE=1 SV=1
TRINITY_DN604_c0_g1_i15.p1	sp|G3V7J5|EST2E_RAT	29.5	550	547	567	23	534	34	546	7.17e-47	175	sp|G3V7J5|EST2E_RAT Pyrethroid hydrolase Ces2e OS=Rattus norvegicus OX=10116 GN=Ces2e PE=1 SV=2
TRINITY_DN604_c0_g1_i15.p1	sp|P81908|CHLE_HORSE	29.2	559	547	574	30	538	3	526	2.87e-46	174	sp|P81908|CHLE_HORSE Cholinesterase OS=Equus caballus OX=9796 GN=BCHE PE=1 SV=1
TRINITY_DN604_c0_g1_i15.p1	sp|P07882|CEL_RAT	28.8	549	547	612	33	540	26	548	3.54e-46	174	sp|P07882|CEL_RAT Bile salt-activated lipase OS=Rattus norvegicus OX=10116 GN=Cel PE=1 SV=2
TRINITY_DN604_c0_g1_i15.p1	sp|P30122|CEL_BOVIN	29.4	554	547	597	33	539	24	545	5.47e-46	173	sp|P30122|CEL_BOVIN Bile salt-activated lipase (Fragment) OS=Bos taurus OX=9913 GN=CEL PE=1 SV=2
TRINITY_DN604_c0_g1_i15.p1	sp|P21927|CHLE_RABIT	28.6	555	547	581	30	538	10	533	1.14e-45	172	sp|P21927|CHLE_RABIT Cholinesterase OS=Oryctolagus cuniculus OX=9986 GN=BCHE PE=2 SV=1
TRINITY_DN604_c0_g1_i15.p1	sp|Q86GC8|ACES_CULPI	29.3	556	547	702	30	534	131	653	1.82e-45	173	sp|Q86GC8|ACES_CULPI Acetylcholinesterase OS=Culex pipiens OX=7175 GN=ACHE1 PE=2 SV=2
TRINITY_DN604_c0_g1_i15.p1	sp|Q92035|ACES_BUNFA	30.5	557	547	606	33	537	39	558	4.14e-45	171	sp|Q92035|ACES_BUNFA Acetylcholinesterase OS=Bungarus fasciatus OX=8613 GN=ACHE PE=1 SV=2
TRINITY_DN604_c0_g1_i15.p1	sp|Q6NT32|EST5A_HUMAN	28.4	518	547	575	52	534	57	539	5.13e-45	170	sp|Q6NT32|EST5A_HUMAN Carboxylesterase 5A OS=Homo sapiens OX=9606 GN=CES5A PE=1 SV=1
TRINITY_DN604_c0_g1_i15.p1	sp|Q8R0W5|EST4A_MOUSE	30.5	561	547	563	15	534	14	554	5.94e-45	170	sp|Q8R0W5|EST4A_MOUSE Carboxylesterase 4A OS=Mus musculus OX=10090 GN=Ces4a PE=2 SV=2
TRINITY_DN604_c0_g1_i15.p1	sp|Q5GRG2|EST5A_RAT	30.2	549	547	575	22	534	22	539	1.33e-44	169	sp|Q5GRG2|EST5A_RAT Carboxylesterase 5A OS=Rattus norvegicus OX=10116 GN=Ces5a PE=1 SV=1
TRINITY_DN604_c0_g1_i15.p1	sp|P06276|CHLE_HUMAN	28.3	555	547	602	30	538	31	554	1.40e-44	169	sp|P06276|CHLE_HUMAN Cholinesterase OS=Homo sapiens OX=9606 GN=BCHE PE=1 SV=1
TRINITY_DN604_c0_g1_i15.p1	sp|P32749|CHLE_BOVIN	28.6	559	547	602	30	538	31	554	1.92e-44	169	sp|P32749|CHLE_BOVIN Cholinesterase OS=Bos taurus OX=9913 GN=BCHE PE=2 SV=2
TRINITY_DN604_c0_g1_i15.p1	sp|Q8K3R0|EST2A_RAT	28.1	572	547	558	15	534	10	537	7.06e-44	167	sp|Q8K3R0|EST2A_RAT Pyrethroid hydrolase Ces2a OS=Rattus norvegicus OX=10116 GN=Ces2a PE=1 SV=1
TRINITY_DN604_c0_g1_i15.p1	sp|Q29499|ACES_RABIT	28.9	567	547	584	28	537	4	536	7.37e-44	167	sp|Q29499|ACES_RABIT Acetylcholinesterase (Fragment) OS=Oryctolagus cuniculus OX=9986 GN=ACHE PE=2 SV=1
TRINITY_DN604_c0_g1_i15.p1	sp|Q6AW47|EST5A_CANLF	29.0	549	547	575	27	534	26	539	2.32e-43	166	sp|Q6AW47|EST5A_CANLF Carboxylesterase 5A OS=Canis lupus familiaris OX=9615 GN=CES5A PE=2 SV=1
TRINITY_DN604_c0_g1_i18.p1	sp|P35502|ESTF_MYZPE	31.4	510	548	564	31	506	27	519	1.47e-48	180	sp|P35502|ESTF_MYZPE Esterase FE4 OS=Myzus persicae OX=13164 PE=1 SV=1
TRINITY_DN604_c0_g1_i18.p1	sp|D6WMZ8|ESTJ_TRICA	30.4	506	548	588	31	496	29	525	1.06e-47	178	sp|D6WMZ8|ESTJ_TRICA Juvenile hormone esterase OS=Tribolium castaneum OX=7070 GN=Tcjhe PE=1 SV=2
TRINITY_DN604_c0_g1_i18.p1	sp|P19835|CEL_HUMAN	29.0	575	548	753	13	539	7	546	2.70e-47	179	sp|P19835|CEL_HUMAN Bile salt-activated lipase OS=Homo sapiens OX=9606 GN=CEL PE=1 SV=3
TRINITY_DN604_c0_g1_i18.p1	sp|P35501|ESTE_MYZPE	30.7	511	548	552	31	508	27	516	1.10e-46	174	sp|P35501|ESTE_MYZPE Esterase E4 OS=Myzus persicae OX=13164 PE=1 SV=1
TRINITY_DN604_c0_g1_i18.p1	sp|P12992|ESTJ_HELVI	29.2	503	548	564	37	502	34	520	3.46e-46	173	sp|P12992|ESTJ_HELVI Juvenile hormone esterase OS=Heliothis virescens OX=7102 PE=1 SV=2
TRINITY_DN604_c0_g1_i18.p1	sp|P21927|CHLE_RABIT	28.9	550	548	581	30	539	10	533	6.12e-46	173	sp|P21927|CHLE_RABIT Cholinesterase OS=Oryctolagus cuniculus OX=9986 GN=BCHE PE=2 SV=1
TRINITY_DN604_c0_g1_i18.p1	sp|O62760|CHLE_FELCA	29.1	550	548	602	30	539	31	554	8.19e-46	173	sp|O62760|CHLE_FELCA Cholinesterase OS=Felis catus OX=9685 GN=BCHE PE=2 SV=1
TRINITY_DN604_c0_g1_i18.p1	sp|Q6AW46|EST5A_MOUSE	29.2	551	548	575	22	535	22	539	3.80e-45	171	sp|Q6AW46|EST5A_MOUSE Carboxylesterase 5A OS=Mus musculus OX=10090 GN=Ces5a PE=2 SV=1
TRINITY_DN604_c0_g1_i18.p1	sp|O62761|CHLE_PANTT	28.1	549	548	602	30	539	31	554	7.54e-45	170	sp|O62761|CHLE_PANTT Cholinesterase OS=Panthera tigris tigris OX=74535 GN=BCHE PE=2 SV=1
TRINITY_DN604_c0_g1_i18.p1	sp|B2D0J5|EST6_APIME	29.5	491	548	557	31	492	26	504	7.60e-45	169	sp|B2D0J5|EST6_APIME Venom carboxylesterase-6 OS=Apis mellifera OX=7460 PE=2 SV=1
TRINITY_DN604_c0_g1_i18.p1	sp|Q03311|CHLE_MOUSE	28.7	561	548	603	30	539	32	555	1.05e-44	170	sp|Q03311|CHLE_MOUSE Cholinesterase OS=Mus musculus OX=10090 GN=Bche PE=1 SV=2
TRINITY_DN604_c0_g1_i18.p1	sp|P07882|CEL_RAT	28.8	542	548	612	33	541	26	548	3.03e-44	169	sp|P07882|CEL_RAT Bile salt-activated lipase OS=Rattus norvegicus OX=10116 GN=Cel PE=1 SV=2
TRINITY_DN604_c0_g1_i18.p1	sp|Q64285|CEL_MOUSE	29.2	552	548	599	33	541	26	548	3.53e-44	168	sp|Q64285|CEL_MOUSE Bile salt-activated lipase OS=Mus musculus OX=10090 GN=Cel PE=1 SV=1
TRINITY_DN604_c0_g1_i18.p1	sp|P30122|CEL_BOVIN	28.4	550	548	597	33	540	24	545	1.67e-43	166	sp|P30122|CEL_BOVIN Bile salt-activated lipase (Fragment) OS=Bos taurus OX=9913 GN=CEL PE=1 SV=2
TRINITY_DN604_c0_g1_i18.p1	sp|Q86GC8|ACES_CULPI	29.0	552	548	702	30	535	131	653	2.67e-43	167	sp|Q86GC8|ACES_CULPI Acetylcholinesterase OS=Culex pipiens OX=7175 GN=ACHE1 PE=2 SV=2
TRINITY_DN604_c0_g1_i18.p1	sp|P81908|CHLE_HORSE	29.2	552	548	574	30	539	3	526	3.19e-43	165	sp|P81908|CHLE_HORSE Cholinesterase OS=Equus caballus OX=9796 GN=BCHE PE=1 SV=1
TRINITY_DN604_c0_g1_i18.p1	sp|Q8I034|EST5A_FELCA	28.4	564	548	545	19	535	19	539	4.00e-43	164	sp|Q8I034|EST5A_FELCA Carboxylesterase 5A OS=Felis catus OX=9685 GN=CES5A PE=1 SV=1
TRINITY_DN604_c0_g1_i18.p1	sp|Q92035|ACES_BUNFA	28.8	552	548	606	33	538	39	558	6.58e-43	165	sp|Q92035|ACES_BUNFA Acetylcholinesterase OS=Bungarus fasciatus OX=8613 GN=ACHE PE=1 SV=2
TRINITY_DN604_c0_g1_i18.p1	sp|Q869C3|ACES_ANOGA	29.8	550	548	737	30	535	164	686	8.79e-43	166	sp|Q869C3|ACES_ANOGA Acetylcholinesterase OS=Anopheles gambiae OX=7165 GN=Ace PE=1 SV=3
TRINITY_DN604_c0_g1_i18.p1	sp|Q6NT32|EST5A_HUMAN	29.5	519	548	575	52	535	57	539	1.15e-42	164	sp|Q6NT32|EST5A_HUMAN Carboxylesterase 5A OS=Homo sapiens OX=9606 GN=CES5A PE=1 SV=1
TRINITY_DN604_c0_g1_i18.p1	sp|Q8R0W5|EST4A_MOUSE	28.2	564	548	563	15	535	14	554	1.84e-42	163	sp|Q8R0W5|EST4A_MOUSE Carboxylesterase 4A OS=Mus musculus OX=10090 GN=Ces4a PE=2 SV=2
TRINITY_DN604_c0_g1_i18.p1	sp|G3V7J5|EST2E_RAT	28.5	550	548	567	23	535	34	546	3.65e-42	162	sp|G3V7J5|EST2E_RAT Pyrethroid hydrolase Ces2e OS=Rattus norvegicus OX=10116 GN=Ces2e PE=1 SV=2
TRINITY_DN604_c0_g1_i18.p1	sp|P06276|CHLE_HUMAN	28.3	548	548	602	30	539	31	554	4.13e-42	162	sp|P06276|CHLE_HUMAN Cholinesterase OS=Homo sapiens OX=9606 GN=BCHE PE=1 SV=1
TRINITY_DN604_c0_g1_i18.p1	sp|A0A8B0RBM2|ACES_BOMIG	27.7	563	548	555	14	536	5	542	4.25e-42	162	sp|A0A8B0RBM2|ACES_BOMIG Carboxylic ester hydrolase OS=Bombus ignitus OX=130704 GN=vCaE PE=1 SV=1
TRINITY_DN604_c0_g1_i18.p1	sp|Q5GRG2|EST5A_RAT	28.7	565	548	575	22	535	22	539	5.55e-42	162	sp|Q5GRG2|EST5A_RAT Carboxylesterase 5A OS=Rattus norvegicus OX=10116 GN=Ces5a PE=1 SV=1
TRINITY_DN604_c0_g1_i2.p1	sp|P35502|ESTF_MYZPE	31.4	510	548	564	31	506	27	519	1.47e-48	180	sp|P35502|ESTF_MYZPE Esterase FE4 OS=Myzus persicae OX=13164 PE=1 SV=1
TRINITY_DN604_c0_g1_i2.p1	sp|D6WMZ8|ESTJ_TRICA	30.4	506	548	588	31	496	29	525	1.06e-47	178	sp|D6WMZ8|ESTJ_TRICA Juvenile hormone esterase OS=Tribolium castaneum OX=7070 GN=Tcjhe PE=1 SV=2
TRINITY_DN604_c0_g1_i2.p1	sp|P19835|CEL_HUMAN	29.0	575	548	753	13	539	7	546	2.70e-47	179	sp|P19835|CEL_HUMAN Bile salt-activated lipase OS=Homo sapiens OX=9606 GN=CEL PE=1 SV=3
TRINITY_DN604_c0_g1_i2.p1	sp|P35501|ESTE_MYZPE	30.7	511	548	552	31	508	27	516	1.10e-46	174	sp|P35501|ESTE_MYZPE Esterase E4 OS=Myzus persicae OX=13164 PE=1 SV=1
TRINITY_DN604_c0_g1_i2.p1	sp|P12992|ESTJ_HELVI	29.2	503	548	564	37	502	34	520	3.46e-46	173	sp|P12992|ESTJ_HELVI Juvenile hormone esterase OS=Heliothis virescens OX=7102 PE=1 SV=2
TRINITY_DN604_c0_g1_i2.p1	sp|P21927|CHLE_RABIT	28.9	550	548	581	30	539	10	533	6.12e-46	173	sp|P21927|CHLE_RABIT Cholinesterase OS=Oryctolagus cuniculus OX=9986 GN=BCHE PE=2 SV=1
TRINITY_DN604_c0_g1_i2.p1	sp|O62760|CHLE_FELCA	29.1	550	548	602	30	539	31	554	8.19e-46	173	sp|O62760|CHLE_FELCA Cholinesterase OS=Felis catus OX=9685 GN=BCHE PE=2 SV=1
TRINITY_DN604_c0_g1_i2.p1	sp|Q6AW46|EST5A_MOUSE	29.2	551	548	575	22	535	22	539	3.80e-45	171	sp|Q6AW46|EST5A_MOUSE Carboxylesterase 5A OS=Mus musculus OX=10090 GN=Ces5a PE=2 SV=1
TRINITY_DN604_c0_g1_i2.p1	sp|O62761|CHLE_PANTT	28.1	549	548	602	30	539	31	554	7.54e-45	170	sp|O62761|CHLE_PANTT Cholinesterase OS=Panthera tigris tigris OX=74535 GN=BCHE PE=2 SV=1
TRINITY_DN604_c0_g1_i2.p1	sp|B2D0J5|EST6_APIME	29.5	491	548	557	31	492	26	504	7.60e-45	169	sp|B2D0J5|EST6_APIME Venom carboxylesterase-6 OS=Apis mellifera OX=7460 PE=2 SV=1
TRINITY_DN604_c0_g1_i2.p1	sp|Q03311|CHLE_MOUSE	28.7	561	548	603	30	539	32	555	1.05e-44	170	sp|Q03311|CHLE_MOUSE Cholinesterase OS=Mus musculus OX=10090 GN=Bche PE=1 SV=2
TRINITY_DN604_c0_g1_i2.p1	sp|P07882|CEL_RAT	28.8	542	548	612	33	541	26	548	3.03e-44	169	sp|P07882|CEL_RAT Bile salt-activated lipase OS=Rattus norvegicus OX=10116 GN=Cel PE=1 SV=2
TRINITY_DN604_c0_g1_i2.p1	sp|Q64285|CEL_MOUSE	29.2	552	548	599	33	541	26	548	3.53e-44	168	sp|Q64285|CEL_MOUSE Bile salt-activated lipase OS=Mus musculus OX=10090 GN=Cel PE=1 SV=1
TRINITY_DN604_c0_g1_i2.p1	sp|P30122|CEL_BOVIN	28.4	550	548	597	33	540	24	545	1.67e-43	166	sp|P30122|CEL_BOVIN Bile salt-activated lipase (Fragment) OS=Bos taurus OX=9913 GN=CEL PE=1 SV=2
TRINITY_DN604_c0_g1_i2.p1	sp|Q86GC8|ACES_CULPI	29.0	552	548	702	30	535	131	653	2.67e-43	167	sp|Q86GC8|ACES_CULPI Acetylcholinesterase OS=Culex pipiens OX=7175 GN=ACHE1 PE=2 SV=2
TRINITY_DN604_c0_g1_i2.p1	sp|P81908|CHLE_HORSE	29.2	552	548	574	30	539	3	526	3.19e-43	165	sp|P81908|CHLE_HORSE Cholinesterase OS=Equus caballus OX=9796 GN=BCHE PE=1 SV=1
TRINITY_DN604_c0_g1_i2.p1	sp|Q8I034|EST5A_FELCA	28.4	564	548	545	19	535	19	539	4.00e-43	164	sp|Q8I034|EST5A_FELCA Carboxylesterase 5A OS=Felis catus OX=9685 GN=CES5A PE=1 SV=1
TRINITY_DN604_c0_g1_i2.p1	sp|Q92035|ACES_BUNFA	28.8	552	548	606	33	538	39	558	6.58e-43	165	sp|Q92035|ACES_BUNFA Acetylcholinesterase OS=Bungarus fasciatus OX=8613 GN=ACHE PE=1 SV=2
TRINITY_DN604_c0_g1_i2.p1	sp|Q869C3|ACES_ANOGA	29.8	550	548	737	30	535	164	686	8.79e-43	166	sp|Q869C3|ACES_ANOGA Acetylcholinesterase OS=Anopheles gambiae OX=7165 GN=Ace PE=1 SV=3
TRINITY_DN604_c0_g1_i2.p1	sp|Q6NT32|EST5A_HUMAN	29.5	519	548	575	52	535	57	539	1.15e-42	164	sp|Q6NT32|EST5A_HUMAN Carboxylesterase 5A OS=Homo sapiens OX=9606 GN=CES5A PE=1 SV=1
TRINITY_DN604_c0_g1_i2.p1	sp|Q8R0W5|EST4A_MOUSE	28.2	564	548	563	15	535	14	554	1.84e-42	163	sp|Q8R0W5|EST4A_MOUSE Carboxylesterase 4A OS=Mus musculus OX=10090 GN=Ces4a PE=2 SV=2
TRINITY_DN604_c0_g1_i2.p1	sp|G3V7J5|EST2E_RAT	28.5	550	548	567	23	535	34	546	3.65e-42	162	sp|G3V7J5|EST2E_RAT Pyrethroid hydrolase Ces2e OS=Rattus norvegicus OX=10116 GN=Ces2e PE=1 SV=2
TRINITY_DN604_c0_g1_i2.p1	sp|P06276|CHLE_HUMAN	28.3	548	548	602	30	539	31	554	4.13e-42	162	sp|P06276|CHLE_HUMAN Cholinesterase OS=Homo sapiens OX=9606 GN=BCHE PE=1 SV=1
TRINITY_DN604_c0_g1_i2.p1	sp|A0A8B0RBM2|ACES_BOMIG	27.7	563	548	555	14	536	5	542	4.25e-42	162	sp|A0A8B0RBM2|ACES_BOMIG Carboxylic ester hydrolase OS=Bombus ignitus OX=130704 GN=vCaE PE=1 SV=1
TRINITY_DN604_c0_g1_i2.p1	sp|Q5GRG2|EST5A_RAT	28.7	565	548	575	22	535	22	539	5.55e-42	162	sp|Q5GRG2|EST5A_RAT Carboxylesterase 5A OS=Rattus norvegicus OX=10116 GN=Ces5a PE=1 SV=1
TRINITY_DN604_c0_g1_i3.p1	sp|P35502|ESTF_MYZPE	31.4	510	548	564	31	506	27	519	1.47e-48	180	sp|P35502|ESTF_MYZPE Esterase FE4 OS=Myzus persicae OX=13164 PE=1 SV=1
TRINITY_DN604_c0_g1_i3.p1	sp|D6WMZ8|ESTJ_TRICA	30.4	506	548	588	31	496	29	525	1.06e-47	178	sp|D6WMZ8|ESTJ_TRICA Juvenile hormone esterase OS=Tribolium castaneum OX=7070 GN=Tcjhe PE=1 SV=2
TRINITY_DN604_c0_g1_i3.p1	sp|P19835|CEL_HUMAN	29.0	575	548	753	13	539	7	546	2.70e-47	179	sp|P19835|CEL_HUMAN Bile salt-activated lipase OS=Homo sapiens OX=9606 GN=CEL PE=1 SV=3
TRINITY_DN604_c0_g1_i3.p1	sp|P35501|ESTE_MYZPE	30.7	511	548	552	31	508	27	516	1.10e-46	174	sp|P35501|ESTE_MYZPE Esterase E4 OS=Myzus persicae OX=13164 PE=1 SV=1
TRINITY_DN604_c0_g1_i3.p1	sp|P12992|ESTJ_HELVI	29.2	503	548	564	37	502	34	520	3.46e-46	173	sp|P12992|ESTJ_HELVI Juvenile hormone esterase OS=Heliothis virescens OX=7102 PE=1 SV=2
TRINITY_DN604_c0_g1_i3.p1	sp|P21927|CHLE_RABIT	28.9	550	548	581	30	539	10	533	6.12e-46	173	sp|P21927|CHLE_RABIT Cholinesterase OS=Oryctolagus cuniculus OX=9986 GN=BCHE PE=2 SV=1
TRINITY_DN604_c0_g1_i3.p1	sp|O62760|CHLE_FELCA	29.1	550	548	602	30	539	31	554	8.19e-46	173	sp|O62760|CHLE_FELCA Cholinesterase OS=Felis catus OX=9685 GN=BCHE PE=2 SV=1
TRINITY_DN604_c0_g1_i3.p1	sp|Q6AW46|EST5A_MOUSE	29.2	551	548	575	22	535	22	539	3.80e-45	171	sp|Q6AW46|EST5A_MOUSE Carboxylesterase 5A OS=Mus musculus OX=10090 GN=Ces5a PE=2 SV=1
TRINITY_DN604_c0_g1_i3.p1	sp|O62761|CHLE_PANTT	28.1	549	548	602	30	539	31	554	7.54e-45	170	sp|O62761|CHLE_PANTT Cholinesterase OS=Panthera tigris tigris OX=74535 GN=BCHE PE=2 SV=1
TRINITY_DN604_c0_g1_i3.p1	sp|B2D0J5|EST6_APIME	29.5	491	548	557	31	492	26	504	7.60e-45	169	sp|B2D0J5|EST6_APIME Venom carboxylesterase-6 OS=Apis mellifera OX=7460 PE=2 SV=1
TRINITY_DN604_c0_g1_i3.p1	sp|Q03311|CHLE_MOUSE	28.7	561	548	603	30	539	32	555	1.05e-44	170	sp|Q03311|CHLE_MOUSE Cholinesterase OS=Mus musculus OX=10090 GN=Bche PE=1 SV=2
TRINITY_DN604_c0_g1_i3.p1	sp|P07882|CEL_RAT	28.8	542	548	612	33	541	26	548	3.03e-44	169	sp|P07882|CEL_RAT Bile salt-activated lipase OS=Rattus norvegicus OX=10116 GN=Cel PE=1 SV=2
TRINITY_DN604_c0_g1_i3.p1	sp|Q64285|CEL_MOUSE	29.2	552	548	599	33	541	26	548	3.53e-44	168	sp|Q64285|CEL_MOUSE Bile salt-activated lipase OS=Mus musculus OX=10090 GN=Cel PE=1 SV=1
TRINITY_DN604_c0_g1_i3.p1	sp|P30122|CEL_BOVIN	28.4	550	548	597	33	540	24	545	1.67e-43	166	sp|P30122|CEL_BOVIN Bile salt-activated lipase (Fragment) OS=Bos taurus OX=9913 GN=CEL PE=1 SV=2
TRINITY_DN604_c0_g1_i3.p1	sp|Q86GC8|ACES_CULPI	29.0	552	548	702	30	535	131	653	2.67e-43	167	sp|Q86GC8|ACES_CULPI Acetylcholinesterase OS=Culex pipiens OX=7175 GN=ACHE1 PE=2 SV=2
TRINITY_DN604_c0_g1_i3.p1	sp|P81908|CHLE_HORSE	29.2	552	548	574	30	539	3	526	3.19e-43	165	sp|P81908|CHLE_HORSE Cholinesterase OS=Equus caballus OX=9796 GN=BCHE PE=1 SV=1
TRINITY_DN604_c0_g1_i3.p1	sp|Q8I034|EST5A_FELCA	28.4	564	548	545	19	535	19	539	4.00e-43	164	sp|Q8I034|EST5A_FELCA Carboxylesterase 5A OS=Felis catus OX=9685 GN=CES5A PE=1 SV=1
TRINITY_DN604_c0_g1_i3.p1	sp|Q92035|ACES_BUNFA	28.8	552	548	606	33	538	39	558	6.58e-43	165	sp|Q92035|ACES_BUNFA Acetylcholinesterase OS=Bungarus fasciatus OX=8613 GN=ACHE PE=1 SV=2
TRINITY_DN604_c0_g1_i3.p1	sp|Q869C3|ACES_ANOGA	29.8	550	548	737	30	535	164	686	8.79e-43	166	sp|Q869C3|ACES_ANOGA Acetylcholinesterase OS=Anopheles gambiae OX=7165 GN=Ace PE=1 SV=3
TRINITY_DN604_c0_g1_i3.p1	sp|Q6NT32|EST5A_HUMAN	29.5	519	548	575	52	535	57	539	1.15e-42	164	sp|Q6NT32|EST5A_HUMAN Carboxylesterase 5A OS=Homo sapiens OX=9606 GN=CES5A PE=1 SV=1
TRINITY_DN604_c0_g1_i3.p1	sp|Q8R0W5|EST4A_MOUSE	28.2	564	548	563	15	535	14	554	1.84e-42	163	sp|Q8R0W5|EST4A_MOUSE Carboxylesterase 4A OS=Mus musculus OX=10090 GN=Ces4a PE=2 SV=2
TRINITY_DN604_c0_g1_i3.p1	sp|G3V7J5|EST2E_RAT	28.5	550	548	567	23	535	34	546	3.65e-42	162	sp|G3V7J5|EST2E_RAT Pyrethroid hydrolase Ces2e OS=Rattus norvegicus OX=10116 GN=Ces2e PE=1 SV=2
TRINITY_DN604_c0_g1_i3.p1	sp|P06276|CHLE_HUMAN	28.3	548	548	602	30	539	31	554	4.13e-42	162	sp|P06276|CHLE_HUMAN Cholinesterase OS=Homo sapiens OX=9606 GN=BCHE PE=1 SV=1
TRINITY_DN604_c0_g1_i3.p1	sp|A0A8B0RBM2|ACES_BOMIG	27.7	563	548	555	14	536	5	542	4.25e-42	162	sp|A0A8B0RBM2|ACES_BOMIG Carboxylic ester hydrolase OS=Bombus ignitus OX=130704 GN=vCaE PE=1 SV=1
TRINITY_DN604_c0_g1_i3.p1	sp|Q5GRG2|EST5A_RAT	28.7	565	548	575	22	535	22	539	5.55e-42	162	sp|Q5GRG2|EST5A_RAT Carboxylesterase 5A OS=Rattus norvegicus OX=10116 GN=Ces5a PE=1 SV=1
TRINITY_DN604_c0_g1_i7.p1	sp|P07882|CEL_RAT	31.7	126	130	612	3	123	430	548	1.15e-09	58.2	sp|P07882|CEL_RAT Bile salt-activated lipase OS=Rattus norvegicus OX=10116 GN=Cel PE=1 SV=2
TRINITY_DN604_c0_g1_i7.p1	sp|P19835|CEL_HUMAN	31.5	124	130	753	3	121	430	546	2.18e-09	57.4	sp|P19835|CEL_HUMAN Bile salt-activated lipase OS=Homo sapiens OX=9606 GN=CEL PE=1 SV=3
TRINITY_DN604_c0_g1_i7.p1	sp|P30122|CEL_BOVIN	31.2	125	130	597	3	122	428	545	5.37e-09	56.2	sp|P30122|CEL_BOVIN Bile salt-activated lipase (Fragment) OS=Bos taurus OX=9913 GN=CEL PE=1 SV=2
TRINITY_DN604_c0_g1_i7.p1	sp|Q64285|CEL_MOUSE	30.2	126	130	599	3	123	430	548	7.31e-09	55.8	sp|Q64285|CEL_MOUSE Bile salt-activated lipase OS=Mus musculus OX=10090 GN=Cel PE=1 SV=1
TRINITY_DN604_c0_g1_i7.p1	sp|Q8I034|EST5A_FELCA	30.9	94	130	545	31	117	452	539	1.88e-06	48.9	sp|Q8I034|EST5A_FELCA Carboxylesterase 5A OS=Felis catus OX=9685 GN=CES5A PE=1 SV=1
TRINITY_DN604_c0_g1_i7.p1	sp|Q6AW46|EST5A_MOUSE	31.2	93	130	575	31	117	452	539	3.52e-06	48.1	sp|Q6AW46|EST5A_MOUSE Carboxylesterase 5A OS=Mus musculus OX=10090 GN=Ces5a PE=2 SV=1
TRINITY_DN604_c0_g1_i7.p1	sp|Q5GRG2|EST5A_RAT	32.3	93	130	575	31	117	452	539	1.65e-05	46.2	sp|Q5GRG2|EST5A_RAT Carboxylesterase 5A OS=Rattus norvegicus OX=10116 GN=Ces5a PE=1 SV=1
TRINITY_DN604_c0_g1_i7.p1	sp|Q6AW47|EST5A_CANLF	29.8	94	130	575	31	117	452	539	2.24e-05	45.8	sp|Q6AW47|EST5A_CANLF Carboxylesterase 5A OS=Canis lupus familiaris OX=9615 GN=CES5A PE=2 SV=1
TRINITY_DN604_c0_g1_i7.p1	sp|Q6NT32|EST5A_HUMAN	30.9	94	130	575	31	117	452	539	4.15e-05	45.1	sp|Q6NT32|EST5A_HUMAN Carboxylesterase 5A OS=Homo sapiens OX=9606 GN=CES5A PE=1 SV=1
TRINITY_DN604_c0_g1_i7.p1	sp|P21836|ACES_MOUSE	27.7	119	130	614	6	120	456	566	4.19e-05	45.1	sp|P21836|ACES_MOUSE Acetylcholinesterase OS=Mus musculus OX=10090 GN=Ache PE=1 SV=1
TRINITY_DN604_c0_g1_i7.p1	sp|Q8NFZ4|NLGN2_HUMAN	29.2	106	130	835	29	117	496	601	4.33e-05	45.1	sp|Q8NFZ4|NLGN2_HUMAN Neuroligin-2 OS=Homo sapiens OX=9606 GN=NLGN2 PE=1 SV=1
TRINITY_DN604_c0_g1_i7.p1	sp|Q69ZK9|NLGN2_MOUSE	29.2	106	130	836	29	117	496	601	4.33e-05	45.1	sp|Q69ZK9|NLGN2_MOUSE Neuroligin-2 OS=Mus musculus OX=10090 GN=Nlgn2 PE=1 SV=2
TRINITY_DN604_c0_g1_i7.p1	sp|Q62888|NLGN2_RAT	29.2	106	130	836	29	117	496	601	4.33e-05	45.1	sp|Q62888|NLGN2_RAT Neuroligin-2 OS=Rattus norvegicus OX=10116 GN=Nlgn2 PE=1 SV=1
TRINITY_DN604_c0_g1_i7.p1	sp|P37136|ACES_RAT	26.5	117	130	614	6	120	456	566	7.75e-05	44.3	sp|P37136|ACES_RAT Acetylcholinesterase OS=Rattus norvegicus OX=10116 GN=Ache PE=1 SV=1
TRINITY_DN604_c0_g1_i7.p1	sp|D6WMZ8|ESTJ_TRICA	32.5	83	130	588	2	78	443	525	2.64e-04	42.7	sp|D6WMZ8|ESTJ_TRICA Juvenile hormone esterase OS=Tribolium castaneum OX=7070 GN=Tcjhe PE=1 SV=2
TRINITY_DN604_c0_g1_i7.p1	sp|Q8N0W4|NLGNX_HUMAN	28.3	106	130	816	29	117	485	590	2.74e-04	42.7	sp|Q8N0W4|NLGNX_HUMAN Neuroligin-4, X-linked OS=Homo sapiens OX=9606 GN=NLGN4X PE=1 SV=1
TRINITY_DN604_c0_g1_i7.p1	sp|Q8NFZ3|NLGNY_HUMAN	28.3	106	130	816	29	117	485	590	2.74e-04	42.7	sp|Q8NFZ3|NLGNY_HUMAN Neuroligin-4, Y-linked OS=Homo sapiens OX=9606 GN=NLGN4Y PE=1 SV=1
TRINITY_DN604_c0_g1_i7.p1	sp|Q86GC8|ACES_CULPI	28.9	90	130	702	30	117	564	653	3.67e-04	42.4	sp|Q86GC8|ACES_CULPI Acetylcholinesterase OS=Culex pipiens OX=7175 GN=ACHE1 PE=2 SV=2
TRINITY_DN665_c0_g1_i12.p1	sp|P07882|CEL_RAT	30.7	561	584	612	76	572	26	548	4.19e-48	180	sp|P07882|CEL_RAT Bile salt-activated lipase OS=Rattus norvegicus OX=10116 GN=Cel PE=1 SV=2
TRINITY_DN665_c0_g1_i12.p1	sp|Q64285|CEL_MOUSE	30.4	550	584	599	76	572	26	548	4.78e-48	180	sp|Q64285|CEL_MOUSE Bile salt-activated lipase OS=Mus musculus OX=10090 GN=Cel PE=1 SV=1
TRINITY_DN665_c0_g1_i12.p1	sp|Q8R0W5|EST4A_MOUSE	30.3	565	584	563	53	566	8	554	1.36e-47	178	sp|Q8R0W5|EST4A_MOUSE Carboxylesterase 4A OS=Mus musculus OX=10090 GN=Ces4a PE=2 SV=2
TRINITY_DN665_c0_g1_i12.p1	sp|Q64176|EST1E_MOUSE	29.6	567	584	562	56	566	5	546	4.81e-47	176	sp|Q64176|EST1E_MOUSE Carboxylesterase 1E OS=Mus musculus OX=10090 GN=Ces1e PE=1 SV=1
TRINITY_DN665_c0_g1_i12.p1	sp|Q6NT32|EST5A_HUMAN	29.8	557	584	575	50	566	9	539	8.08e-47	176	sp|Q6NT32|EST5A_HUMAN Carboxylesterase 5A OS=Homo sapiens OX=9606 GN=CES5A PE=1 SV=1
TRINITY_DN665_c0_g1_i12.p1	sp|Q29550|EST1_PIG	29.6	554	584	566	68	567	19	547	1.83e-46	175	sp|Q29550|EST1_PIG Liver carboxylesterase OS=Sus scrofa OX=9823 PE=1 SV=1
TRINITY_DN665_c0_g1_i12.p1	sp|P30122|CEL_BOVIN	29.5	552	584	597	63	571	12	545	5.43e-46	174	sp|P30122|CEL_BOVIN Bile salt-activated lipase (Fragment) OS=Bos taurus OX=9913 GN=CEL PE=1 SV=2
TRINITY_DN665_c0_g1_i12.p1	sp|P19835|CEL_HUMAN	29.6	554	584	753	60	570	11	546	1.53e-45	175	sp|P19835|CEL_HUMAN Bile salt-activated lipase OS=Homo sapiens OX=9606 GN=CEL PE=1 SV=3
TRINITY_DN665_c0_g1_i12.p1	sp|Q8I034|EST5A_FELCA	28.3	559	584	545	50	566	9	539	4.38e-45	171	sp|Q8I034|EST5A_FELCA Carboxylesterase 5A OS=Felis catus OX=9685 GN=CES5A PE=1 SV=1
TRINITY_DN665_c0_g1_i12.p1	sp|D6WMZ8|ESTJ_TRICA	30.0	506	584	588	74	525	29	523	1.13e-44	170	sp|D6WMZ8|ESTJ_TRICA Juvenile hormone esterase OS=Tribolium castaneum OX=7070 GN=Tcjhe PE=1 SV=2
TRINITY_DN665_c0_g1_i12.p1	sp|P21927|CHLE_RABIT	29.0	558	584	581	65	570	2	533	1.41e-44	170	sp|P21927|CHLE_RABIT Cholinesterase OS=Oryctolagus cuniculus OX=9986 GN=BCHE PE=2 SV=1
TRINITY_DN665_c0_g1_i12.p1	sp|Q63108|EST1E_RAT	28.7	544	584	561	74	566	24	545	1.45e-44	169	sp|Q63108|EST1E_RAT Carboxylesterase 1E OS=Rattus norvegicus OX=10116 GN=Ces1e PE=1 SV=1
TRINITY_DN665_c0_g1_i12.p1	sp|G3V7J5|EST2E_RAT	29.0	555	584	567	55	566	25	546	2.98e-44	169	sp|G3V7J5|EST2E_RAT Pyrethroid hydrolase Ces2e OS=Rattus norvegicus OX=10116 GN=Ces2e PE=1 SV=2
TRINITY_DN665_c0_g1_i12.p1	sp|Q8QZR3|EST2A_MOUSE	27.8	557	584	558	66	566	24	537	4.92e-44	168	sp|Q8QZR3|EST2A_MOUSE Pyrethroid hydrolase Ces2a OS=Mus musculus OX=10090 GN=Ces2a PE=1 SV=1
TRINITY_DN665_c0_g1_i12.p1	sp|Q91WG0|EST2C_MOUSE	30.0	446	584	561	143	566	124	540	5.14e-44	168	sp|Q91WG0|EST2C_MOUSE Acylcarnitine hydrolase OS=Mus musculus OX=10090 GN=Ces2c PE=1 SV=1
TRINITY_DN665_c0_g1_i12.p1	sp|P12337|EST1_RABIT	27.5	553	584	565	68	566	18	546	7.47e-44	167	sp|P12337|EST1_RABIT Liver carboxylesterase 1 OS=Oryctolagus cuniculus OX=9986 PE=1 SV=3
TRINITY_DN665_c0_g1_i12.p1	sp|Q86GC8|ACES_CULPI	30.1	545	584	702	73	566	131	653	1.39e-43	169	sp|Q86GC8|ACES_CULPI Acetylcholinesterase OS=Culex pipiens OX=7175 GN=ACHE1 PE=2 SV=2
TRINITY_DN665_c0_g1_i12.p1	sp|Q8VCT4|EST1D_MOUSE	28.5	502	584	565	68	523	18	507	2.64e-43	166	sp|Q8VCT4|EST1D_MOUSE Carboxylesterase 1D OS=Mus musculus OX=10090 GN=Ces1d PE=1 SV=1
TRINITY_DN665_c0_g1_i12.p1	sp|P16303|EST1D_RAT	28.8	548	584	565	68	566	18	545	2.64e-43	166	sp|P16303|EST1D_RAT Carboxylesterase 1D OS=Rattus norvegicus OX=10116 GN=Ces1d PE=1 SV=2
TRINITY_DN665_c0_g1_i12.p1	sp|P23141|EST1_HUMAN	27.8	550	584	567	74	571	24	553	2.71e-43	166	sp|P23141|EST1_HUMAN Liver carboxylesterase 1 OS=Homo sapiens OX=9606 GN=CES1 PE=1 SV=2
TRINITY_DN665_c0_g1_i12.p1	sp|Q869C3|ACES_ANOGA	30.3	545	584	737	73	566	164	686	3.39e-43	168	sp|Q869C3|ACES_ANOGA Acetylcholinesterase OS=Anopheles gambiae OX=7165 GN=Ace PE=1 SV=3
TRINITY_DN665_c0_g1_i12.p1	sp|P23953|EST1C_MOUSE	28.2	557	584	554	60	566	11	534	1.09e-42	164	sp|P23953|EST1C_MOUSE Carboxylesterase 1C OS=Mus musculus OX=10090 GN=Ces1c PE=1 SV=4
TRINITY_DN665_c0_g1_i12.p1	sp|O46421|EST1_MACFA	27.5	545	584	566	74	566	24	546	1.29e-42	164	sp|O46421|EST1_MACFA Liver carboxylesterase 1 OS=Macaca fascicularis OX=9541 GN=CES1 PE=2 SV=1
TRINITY_DN665_c0_g1_i12.p1	sp|Q8BK48|EST2E_MOUSE	29.2	562	584	559	63	566	15	538	3.01e-42	163	sp|Q8BK48|EST2E_MOUSE Pyrethroid hydrolase Ces2e OS=Mus musculus OX=10090 GN=Ces2e PE=1 SV=1
TRINITY_DN665_c0_g1_i12.p1	sp|Q5XG92|EST4A_HUMAN	27.5	567	584	561	52	571	4	551	3.10e-42	163	sp|Q5XG92|EST4A_HUMAN Carboxylesterase 4A OS=Homo sapiens OX=9606 GN=CES4A PE=1 SV=2
TRINITY_DN665_c0_g1_i13.p1	sp|Q64176|EST1E_MOUSE	23.8	286	325	562	1	266	231	508	2.92e-10	64.7	sp|Q64176|EST1E_MOUSE Carboxylesterase 1E OS=Mus musculus OX=10090 GN=Ces1e PE=1 SV=1
TRINITY_DN665_c0_g1_i13.p1	sp|Q29550|EST1_PIG	22.9	332	325	566	1	310	231	547	3.96e-09	61.2	sp|Q29550|EST1_PIG Liver carboxylesterase OS=Sus scrofa OX=9823 PE=1 SV=1
TRINITY_DN665_c0_g1_i13.p1	sp|Q8R0W5|EST4A_MOUSE	24.4	328	325	563	6	309	242	554	7.03e-09	60.5	sp|Q8R0W5|EST4A_MOUSE Carboxylesterase 4A OS=Mus musculus OX=10090 GN=Ces4a PE=2 SV=2
TRINITY_DN665_c0_g1_i13.p1	sp|P35502|ESTF_MYZPE	24.5	327	325	564	2	283	223	517	1.67e-08	59.3	sp|P35502|ESTF_MYZPE Esterase FE4 OS=Myzus persicae OX=13164 PE=1 SV=1
TRINITY_DN665_c0_g1_i13.p1	sp|Q63108|EST1E_RAT	23.1	286	325	561	1	266	230	507	2.96e-08	58.5	sp|Q63108|EST1E_RAT Carboxylesterase 1E OS=Rattus norvegicus OX=10116 GN=Ces1e PE=1 SV=1
TRINITY_DN665_c0_g1_i13.p1	sp|P35501|ESTE_MYZPE	23.4	325	325	552	2	283	223	517	5.22e-08	57.8	sp|P35501|ESTE_MYZPE Esterase E4 OS=Myzus persicae OX=13164 PE=1 SV=1
TRINITY_DN665_c0_g1_i13.p1	sp|Q86GC8|ACES_CULPI	25.1	339	325	702	1	312	335	656	7.71e-08	57.4	sp|Q86GC8|ACES_CULPI Acetylcholinesterase OS=Culex pipiens OX=7175 GN=ACHE1 PE=2 SV=2
TRINITY_DN665_c0_g1_i13.p1	sp|Q869C3|ACES_ANOGA	25.1	339	325	737	1	312	368	689	1.04e-07	57.0	sp|Q869C3|ACES_ANOGA Acetylcholinesterase OS=Anopheles gambiae OX=7165 GN=Ace PE=1 SV=3
TRINITY_DN665_c0_g1_i13.p1	sp|P21927|CHLE_RABIT	23.5	341	325	581	1	313	213	533	7.05e-07	54.3	sp|P21927|CHLE_RABIT Cholinesterase OS=Oryctolagus cuniculus OX=9986 GN=BCHE PE=2 SV=1
TRINITY_DN665_c0_g1_i13.p1	sp|P23141|EST1_HUMAN	21.9	338	325	567	1	314	230	553	2.18e-06	52.8	sp|P23141|EST1_HUMAN Liver carboxylesterase 1 OS=Homo sapiens OX=9606 GN=CES1 PE=1 SV=2
TRINITY_DN665_c0_g1_i13.p1	sp|O70631|EST2C_RAT	23.7	337	325	561	2	309	239	540	5.11e-06	51.6	sp|O70631|EST2C_RAT Acylcarnitine hydrolase OS=Rattus norvegicus OX=10116 GN=Ces2c PE=1 SV=2
TRINITY_DN665_c0_g1_i13.p1	sp|P12337|EST1_RABIT	20.8	289	325	565	1	266	230	508	9.07e-06	50.8	sp|P12337|EST1_RABIT Liver carboxylesterase 1 OS=Oryctolagus cuniculus OX=9986 PE=1 SV=3
TRINITY_DN665_c0_g1_i13.p1	sp|P22303|ACES_HUMAN	26.8	142	325	614	186	312	430	566	1.25e-05	50.4	sp|P22303|ACES_HUMAN Acetylcholinesterase OS=Homo sapiens OX=9606 GN=ACHE PE=1 SV=1
TRINITY_DN665_c0_g1_i13.p1	sp|Q64419|EST1_MESAU	27.5	160	325	561	167	309	393	540	1.60e-05	50.1	sp|Q64419|EST1_MESAU Liver carboxylesterase OS=Mesocricetus auratus OX=10036 PE=2 SV=1
TRINITY_DN665_c0_g1_i13.p1	sp|P37136|ACES_RAT	26.7	131	325	614	193	312	441	566	2.20e-05	49.7	sp|P37136|ACES_RAT Acetylcholinesterase OS=Rattus norvegicus OX=10116 GN=Ache PE=1 SV=1
TRINITY_DN665_c0_g1_i13.p1	sp|P21836|ACES_MOUSE	26.7	131	325	614	193	312	441	566	6.83e-05	48.1	sp|P21836|ACES_MOUSE Acetylcholinesterase OS=Mus musculus OX=10090 GN=Ache PE=1 SV=1
TRINITY_DN665_c0_g1_i13.p1	sp|O62760|CHLE_FELCA	22.3	341	325	602	1	313	234	554	9.01e-05	47.8	sp|O62760|CHLE_FELCA Cholinesterase OS=Felis catus OX=9685 GN=BCHE PE=2 SV=1
TRINITY_DN665_c0_g1_i13.p1	sp|O62761|CHLE_PANTT	22.3	341	325	602	1	313	234	554	9.01e-05	47.8	sp|O62761|CHLE_PANTT Cholinesterase OS=Panthera tigris tigris OX=74535 GN=BCHE PE=2 SV=1
TRINITY_DN665_c0_g1_i13.p1	sp|Q8VCC2|EST1_MOUSE	19.2	286	325	565	1	266	230	507	2.73e-04	46.2	sp|Q8VCC2|EST1_MOUSE Liver carboxylesterase 1 OS=Mus musculus OX=10090 GN=Ces1 PE=1 SV=1
TRINITY_DN665_c0_g1_i13.p1	sp|P06276|CHLE_HUMAN	22.5	338	325	602	1	313	234	554	8.64e-04	44.7	sp|P06276|CHLE_HUMAN Cholinesterase OS=Homo sapiens OX=9606 GN=BCHE PE=1 SV=1
TRINITY_DN665_c0_g1_i14.p1	sp|Q64176|EST1E_MOUSE	31.0	523	532	562	4	471	5	508	1.39e-47	177	sp|Q64176|EST1E_MOUSE Carboxylesterase 1E OS=Mus musculus OX=10090 GN=Ces1e PE=1 SV=1
TRINITY_DN665_c0_g1_i14.p1	sp|Q8R0W5|EST4A_MOUSE	30.3	561	532	563	1	514	8	554	3.71e-47	176	sp|Q8R0W5|EST4A_MOUSE Carboxylesterase 4A OS=Mus musculus OX=10090 GN=Ces4a PE=2 SV=2
TRINITY_DN665_c0_g1_i14.p1	sp|Q8I034|EST5A_FELCA	29.1	554	532	545	3	514	14	539	1.01e-46	174	sp|Q8I034|EST5A_FELCA Carboxylesterase 5A OS=Felis catus OX=9685 GN=CES5A PE=1 SV=1
TRINITY_DN665_c0_g1_i14.p1	sp|Q6NT32|EST5A_HUMAN	30.3	554	532	575	3	514	14	539	1.10e-45	172	sp|Q6NT32|EST5A_HUMAN Carboxylesterase 5A OS=Homo sapiens OX=9606 GN=CES5A PE=1 SV=1
TRINITY_DN665_c0_g1_i14.p1	sp|Q64285|CEL_MOUSE	31.0	554	532	599	24	520	26	548	1.53e-45	172	sp|Q64285|CEL_MOUSE Bile salt-activated lipase OS=Mus musculus OX=10090 GN=Cel PE=1 SV=1
TRINITY_DN665_c0_g1_i14.p1	sp|P07882|CEL_RAT	31.6	557	532	612	24	520	26	548	1.81e-45	172	sp|P07882|CEL_RAT Bile salt-activated lipase OS=Rattus norvegicus OX=10116 GN=Cel PE=1 SV=2
TRINITY_DN665_c0_g1_i14.p1	sp|Q29550|EST1_PIG	29.5	545	532	566	22	515	25	547	4.44e-44	167	sp|Q29550|EST1_PIG Liver carboxylesterase OS=Sus scrofa OX=9823 PE=1 SV=1
TRINITY_DN665_c0_g1_i14.p1	sp|P16303|EST1D_RAT	28.9	501	532	565	16	471	18	507	6.03e-44	167	sp|P16303|EST1D_RAT Carboxylesterase 1D OS=Rattus norvegicus OX=10116 GN=Ces1d PE=1 SV=2
TRINITY_DN665_c0_g1_i14.p1	sp|Q63108|EST1E_RAT	30.1	495	532	561	22	471	24	507	7.83e-44	166	sp|Q63108|EST1E_RAT Carboxylesterase 1E OS=Rattus norvegicus OX=10116 GN=Ces1e PE=1 SV=1
TRINITY_DN665_c0_g1_i14.p1	sp|G3V7J5|EST2E_RAT	29.3	553	532	567	3	514	25	546	1.61e-43	166	sp|G3V7J5|EST2E_RAT Pyrethroid hydrolase Ces2e OS=Rattus norvegicus OX=10116 GN=Ces2e PE=1 SV=2
TRINITY_DN665_c0_g1_i14.p1	sp|P12337|EST1_RABIT	28.2	514	532	565	4	471	7	508	2.15e-43	165	sp|P12337|EST1_RABIT Liver carboxylesterase 1 OS=Oryctolagus cuniculus OX=9986 PE=1 SV=3
TRINITY_DN665_c0_g1_i14.p1	sp|P30122|CEL_BOVIN	29.6	538	532	597	24	519	24	545	2.39e-43	166	sp|P30122|CEL_BOVIN Bile salt-activated lipase (Fragment) OS=Bos taurus OX=9913 GN=CEL PE=1 SV=2
TRINITY_DN665_c0_g1_i14.p1	sp|Q8VCT4|EST1D_MOUSE	28.9	501	532	565	16	471	18	507	4.07e-43	164	sp|Q8VCT4|EST1D_MOUSE Carboxylesterase 1D OS=Mus musculus OX=10090 GN=Ces1d PE=1 SV=1
TRINITY_DN665_c0_g1_i14.p1	sp|D6WMZ8|ESTJ_TRICA	30.6	506	532	588	22	473	29	523	5.51e-43	164	sp|D6WMZ8|ESTJ_TRICA Juvenile hormone esterase OS=Tribolium castaneum OX=7070 GN=Tcjhe PE=1 SV=2
TRINITY_DN665_c0_g1_i14.p1	sp|Q6AW46|EST5A_MOUSE	27.6	551	532	575	13	514	22	539	6.39e-43	164	sp|Q6AW46|EST5A_MOUSE Carboxylesterase 5A OS=Mus musculus OX=10090 GN=Ces5a PE=2 SV=1
TRINITY_DN665_c0_g1_i14.p1	sp|Q91WG0|EST2C_MOUSE	28.3	538	532	561	21	514	33	540	9.98e-43	163	sp|Q91WG0|EST2C_MOUSE Acylcarnitine hydrolase OS=Mus musculus OX=10090 GN=Ces2c PE=1 SV=1
TRINITY_DN665_c0_g1_i14.p1	sp|P21927|CHLE_RABIT	28.8	560	532	581	13	518	2	533	1.79e-42	163	sp|P21927|CHLE_RABIT Cholinesterase OS=Oryctolagus cuniculus OX=9986 GN=BCHE PE=2 SV=1
TRINITY_DN665_c0_g1_i14.p1	sp|P19835|CEL_HUMAN	30.1	558	532	753	8	518	11	546	3.43e-42	164	sp|P19835|CEL_HUMAN Bile salt-activated lipase OS=Homo sapiens OX=9606 GN=CEL PE=1 SV=3
TRINITY_DN665_c0_g1_i14.p1	sp|P06276|CHLE_HUMAN	28.2	567	532	602	1	518	13	554	4.34e-42	162	sp|P06276|CHLE_HUMAN Cholinesterase OS=Homo sapiens OX=9606 GN=BCHE PE=1 SV=1
TRINITY_DN665_c0_g1_i14.p1	sp|Q8QZR3|EST2A_MOUSE	27.4	554	532	558	14	514	24	537	6.42e-42	161	sp|Q8QZR3|EST2A_MOUSE Pyrethroid hydrolase Ces2a OS=Mus musculus OX=10090 GN=Ces2a PE=1 SV=1
TRINITY_DN665_c0_g1_i14.p1	sp|Q86GC8|ACES_CULPI	30.8	548	532	702	21	514	131	653	8.31e-42	162	sp|Q86GC8|ACES_CULPI Acetylcholinesterase OS=Culex pipiens OX=7175 GN=ACHE1 PE=2 SV=2
TRINITY_DN665_c0_g1_i14.p1	sp|P35502|ESTF_MYZPE	29.6	523	532	564	22	488	27	517	9.55e-42	160	sp|P35502|ESTF_MYZPE Esterase FE4 OS=Myzus persicae OX=13164 PE=1 SV=1
TRINITY_DN665_c0_g1_i14.p1	sp|P23141|EST1_HUMAN	28.6	546	532	567	22	519	24	553	9.94e-42	160	sp|P23141|EST1_HUMAN Liver carboxylesterase 1 OS=Homo sapiens OX=9606 GN=CES1 PE=1 SV=2
TRINITY_DN665_c0_g1_i14.p1	sp|Q869C3|ACES_ANOGA	30.0	547	532	737	21	514	164	686	1.95e-41	162	sp|Q869C3|ACES_ANOGA Acetylcholinesterase OS=Anopheles gambiae OX=7165 GN=Ace PE=1 SV=3
TRINITY_DN665_c0_g1_i14.p1	sp|Q5GRG2|EST5A_RAT	29.1	557	532	575	13	514	22	539	2.07e-41	160	sp|Q5GRG2|EST5A_RAT Carboxylesterase 5A OS=Rattus norvegicus OX=10116 GN=Ces5a PE=1 SV=1
TRINITY_DN665_c0_g1_i16.p1	sp|Q6NT32|EST5A_HUMAN	27.6	163	218	575	53	202	382	539	1.44e-07	54.7	sp|Q6NT32|EST5A_HUMAN Carboxylesterase 5A OS=Homo sapiens OX=9606 GN=CES5A PE=1 SV=1
TRINITY_DN665_c0_g1_i16.p1	sp|P35502|ESTF_MYZPE	28.6	140	218	564	56	176	387	517	1.93e-07	54.3	sp|P35502|ESTF_MYZPE Esterase FE4 OS=Myzus persicae OX=13164 PE=1 SV=1
TRINITY_DN665_c0_g1_i16.p1	sp|P35501|ESTE_MYZPE	28.6	140	218	552	56	176	387	517	2.58e-07	53.9	sp|P35501|ESTE_MYZPE Esterase E4 OS=Myzus persicae OX=13164 PE=1 SV=1
TRINITY_DN665_c0_g1_i16.p1	sp|Q6AW46|EST5A_MOUSE	26.4	163	218	575	53	202	382	539	2.61e-07	53.9	sp|Q6AW46|EST5A_MOUSE Carboxylesterase 5A OS=Mus musculus OX=10090 GN=Ces5a PE=2 SV=1
TRINITY_DN665_c0_g1_i16.p1	sp|Q8R0W5|EST4A_MOUSE	32.4	142	218	563	72	202	423	554	3.50e-07	53.5	sp|Q8R0W5|EST4A_MOUSE Carboxylesterase 4A OS=Mus musculus OX=10090 GN=Ces4a PE=2 SV=2
TRINITY_DN665_c0_g1_i16.p1	sp|Q8QZR3|EST2A_MOUSE	28.4	155	218	558	60	202	392	537	3.77e-06	50.4	sp|Q8QZR3|EST2A_MOUSE Pyrethroid hydrolase Ces2a OS=Mus musculus OX=10090 GN=Ces2a PE=1 SV=1
TRINITY_DN665_c0_g1_i16.p1	sp|Q64419|EST1_MESAU	28.7	157	218	561	60	202	393	540	3.78e-06	50.4	sp|Q64419|EST1_MESAU Liver carboxylesterase OS=Mesocricetus auratus OX=10036 PE=2 SV=1
TRINITY_DN665_c0_g1_i16.p1	sp|Q91WG0|EST2C_MOUSE	27.1	155	218	561	60	202	395	540	5.08e-06	50.1	sp|Q91WG0|EST2C_MOUSE Acylcarnitine hydrolase OS=Mus musculus OX=10090 GN=Ces2c PE=1 SV=1
TRINITY_DN665_c0_g1_i16.p1	sp|Q8K3R0|EST2A_RAT	26.8	164	218	558	51	202	383	537	9.18e-06	49.3	sp|Q8K3R0|EST2A_RAT Pyrethroid hydrolase Ces2a OS=Rattus norvegicus OX=10116 GN=Ces2a PE=1 SV=1
TRINITY_DN665_c0_g1_i16.p1	sp|Q5GRG2|EST5A_RAT	25.8	163	218	575	53	202	382	539	1.25e-05	48.9	sp|Q5GRG2|EST5A_RAT Carboxylesterase 5A OS=Rattus norvegicus OX=10116 GN=Ces5a PE=1 SV=1
TRINITY_DN665_c0_g1_i16.p1	sp|Q8I034|EST5A_FELCA	25.2	163	218	545	53	202	382	539	1.65e-05	48.5	sp|Q8I034|EST5A_FELCA Carboxylesterase 5A OS=Felis catus OX=9685 GN=CES5A PE=1 SV=1
TRINITY_DN665_c0_g1_i16.p1	sp|Q86GC8|ACES_CULPI	29.7	155	218	702	65	205	512	656	1.76e-05	48.5	sp|Q86GC8|ACES_CULPI Acetylcholinesterase OS=Culex pipiens OX=7175 GN=ACHE1 PE=2 SV=2
TRINITY_DN665_c0_g1_i16.p1	sp|O70631|EST2C_RAT	27.1	155	218	561	60	202	395	540	2.24e-05	48.1	sp|O70631|EST2C_RAT Acylcarnitine hydrolase OS=Rattus norvegicus OX=10116 GN=Ces2c PE=1 SV=2
TRINITY_DN665_c0_g1_i16.p1	sp|P22303|ACES_HUMAN	27.7	148	218	614	74	205	425	566	1.00e-04	46.2	sp|P22303|ACES_HUMAN Acetylcholinesterase OS=Homo sapiens OX=9606 GN=ACHE PE=1 SV=1
TRINITY_DN665_c0_g1_i16.p1	sp|P06276|CHLE_HUMAN	25.0	156	218	602	63	206	406	554	2.41e-04	45.1	sp|P06276|CHLE_HUMAN Cholinesterase OS=Homo sapiens OX=9606 GN=BCHE PE=1 SV=1
TRINITY_DN665_c0_g1_i16.p1	sp|Q6AW47|EST5A_CANLF	25.4	169	218	575	53	202	382	539	5.76e-04	43.9	sp|Q6AW47|EST5A_CANLF Carboxylesterase 5A OS=Canis lupus familiaris OX=9615 GN=CES5A PE=2 SV=1
TRINITY_DN665_c0_g1_i16.p1	sp|Q29499|ACES_RABIT	26.9	145	218	584	72	205	397	536	5.78e-04	43.9	sp|Q29499|ACES_RABIT Acetylcholinesterase (Fragment) OS=Oryctolagus cuniculus OX=9986 GN=ACHE PE=2 SV=1
TRINITY_DN665_c0_g1_i16.p1	sp|Q869C3|ACES_ANOGA	26.6	154	218	737	65	205	545	689	6.08e-04	43.9	sp|Q869C3|ACES_ANOGA Acetylcholinesterase OS=Anopheles gambiae OX=7165 GN=Ace PE=1 SV=3
TRINITY_DN665_c0_g1_i17.p1	sp|P07882|CEL_RAT	30.8	561	560	612	52	548	26	548	1.55e-49	184	sp|P07882|CEL_RAT Bile salt-activated lipase OS=Rattus norvegicus OX=10116 GN=Cel PE=1 SV=2
TRINITY_DN665_c0_g1_i17.p1	sp|Q64285|CEL_MOUSE	30.5	550	560	599	52	548	26	548	1.76e-49	183	sp|Q64285|CEL_MOUSE Bile salt-activated lipase OS=Mus musculus OX=10090 GN=Cel PE=1 SV=1
TRINITY_DN665_c0_g1_i17.p1	sp|Q8R0W5|EST4A_MOUSE	30.2	566	560	563	26	542	5	554	2.62e-49	182	sp|Q8R0W5|EST4A_MOUSE Carboxylesterase 4A OS=Mus musculus OX=10090 GN=Ces4a PE=2 SV=2
TRINITY_DN665_c0_g1_i17.p1	sp|P30122|CEL_BOVIN	29.8	551	560	597	39	547	12	545	2.21e-48	180	sp|P30122|CEL_BOVIN Bile salt-activated lipase (Fragment) OS=Bos taurus OX=9913 GN=CEL PE=1 SV=2
TRINITY_DN665_c0_g1_i17.p1	sp|Q64176|EST1E_MOUSE	29.7	566	560	562	32	542	5	546	8.86e-48	178	sp|Q64176|EST1E_MOUSE Carboxylesterase 1E OS=Mus musculus OX=10090 GN=Ces1e PE=1 SV=1
TRINITY_DN665_c0_g1_i17.p1	sp|P19835|CEL_HUMAN	29.8	554	560	753	36	546	11	546	2.47e-47	179	sp|P19835|CEL_HUMAN Bile salt-activated lipase OS=Homo sapiens OX=9606 GN=CEL PE=1 SV=3
TRINITY_DN665_c0_g1_i17.p1	sp|Q8I034|EST5A_FELCA	28.1	559	560	545	26	542	9	539	1.67e-46	174	sp|Q8I034|EST5A_FELCA Carboxylesterase 5A OS=Felis catus OX=9685 GN=CES5A PE=1 SV=1
TRINITY_DN665_c0_g1_i17.p1	sp|Q29550|EST1_PIG	29.1	553	560	566	44	543	19	547	2.98e-45	171	sp|Q29550|EST1_PIG Liver carboxylesterase OS=Sus scrofa OX=9823 PE=1 SV=1
TRINITY_DN665_c0_g1_i17.p1	sp|Q6NT32|EST5A_HUMAN	29.4	554	560	575	31	542	14	539	3.39e-45	171	sp|Q6NT32|EST5A_HUMAN Carboxylesterase 5A OS=Homo sapiens OX=9606 GN=CES5A PE=1 SV=1
TRINITY_DN665_c0_g1_i17.p1	sp|P16303|EST1D_RAT	28.5	547	560	565	44	542	18	545	1.05e-44	169	sp|P16303|EST1D_RAT Carboxylesterase 1D OS=Rattus norvegicus OX=10116 GN=Ces1d PE=1 SV=2
TRINITY_DN665_c0_g1_i17.p1	sp|Q91WG0|EST2C_MOUSE	28.5	541	560	561	49	542	33	540	1.87e-44	169	sp|Q91WG0|EST2C_MOUSE Acylcarnitine hydrolase OS=Mus musculus OX=10090 GN=Ces2c PE=1 SV=1
TRINITY_DN665_c0_g1_i17.p1	sp|D6WMZ8|ESTJ_TRICA	30.0	506	560	588	50	501	29	523	2.72e-44	169	sp|D6WMZ8|ESTJ_TRICA Juvenile hormone esterase OS=Tribolium castaneum OX=7070 GN=Tcjhe PE=1 SV=2
TRINITY_DN665_c0_g1_i17.p1	sp|G3V7J5|EST2E_RAT	28.9	551	560	567	31	542	25	546	2.80e-44	168	sp|G3V7J5|EST2E_RAT Pyrethroid hydrolase Ces2e OS=Rattus norvegicus OX=10116 GN=Ces2e PE=1 SV=2
TRINITY_DN665_c0_g1_i17.p1	sp|P21927|CHLE_RABIT	29.0	558	560	581	41	546	2	533	3.40e-44	168	sp|P21927|CHLE_RABIT Cholinesterase OS=Oryctolagus cuniculus OX=9986 GN=BCHE PE=2 SV=1
TRINITY_DN665_c0_g1_i17.p1	sp|P12337|EST1_RABIT	27.5	559	560	565	32	542	7	546	5.12e-44	167	sp|P12337|EST1_RABIT Liver carboxylesterase 1 OS=Oryctolagus cuniculus OX=9986 PE=1 SV=3
TRINITY_DN665_c0_g1_i17.p1	sp|P23953|EST1C_MOUSE	28.3	554	560	554	36	542	11	534	8.25e-44	167	sp|P23953|EST1C_MOUSE Carboxylesterase 1C OS=Mus musculus OX=10090 GN=Ces1c PE=1 SV=4
TRINITY_DN665_c0_g1_i17.p1	sp|Q63108|EST1E_RAT	28.6	538	560	561	50	542	24	545	9.13e-44	167	sp|Q63108|EST1E_RAT Carboxylesterase 1E OS=Rattus norvegicus OX=10116 GN=Ces1e PE=1 SV=1
TRINITY_DN665_c0_g1_i17.p1	sp|Q91WU0|EST1F_MOUSE	28.8	511	560	561	33	499	8	507	3.24e-43	165	sp|Q91WU0|EST1F_MOUSE Carboxylesterase 1F OS=Mus musculus OX=10090 GN=Ces1f PE=1 SV=1
TRINITY_DN665_c0_g1_i17.p1	sp|Q5XG92|EST4A_HUMAN	28.4	566	560	561	31	547	7	551	3.24e-43	165	sp|Q5XG92|EST4A_HUMAN Carboxylesterase 4A OS=Homo sapiens OX=9606 GN=CES4A PE=1 SV=2
TRINITY_DN665_c0_g1_i17.p1	sp|Q8QZR3|EST2A_MOUSE	27.5	557	560	558	42	542	24	537	4.27e-43	165	sp|Q8QZR3|EST2A_MOUSE Pyrethroid hydrolase Ces2a OS=Mus musculus OX=10090 GN=Ces2a PE=1 SV=1
TRINITY_DN665_c0_g1_i17.p1	sp|Q8VCT4|EST1D_MOUSE	28.1	501	560	565	44	499	18	507	4.71e-43	165	sp|Q8VCT4|EST1D_MOUSE Carboxylesterase 1D OS=Mus musculus OX=10090 GN=Ces1d PE=1 SV=1
TRINITY_DN665_c0_g1_i17.p1	sp|P23141|EST1_HUMAN	28.0	546	560	567	50	547	24	553	1.25e-42	164	sp|P23141|EST1_HUMAN Liver carboxylesterase 1 OS=Homo sapiens OX=9606 GN=CES1 PE=1 SV=2
TRINITY_DN665_c0_g1_i17.p1	sp|P10959|EST1C_RAT	28.4	553	560	549	36	542	11	532	1.83e-42	163	sp|P10959|EST1C_RAT Carboxylesterase 1C OS=Rattus norvegicus OX=10116 GN=Ces1c PE=1 SV=3
TRINITY_DN665_c0_g1_i17.p1	sp|Q6AW46|EST5A_MOUSE	26.8	557	560	575	41	542	22	539	4.89e-42	162	sp|Q6AW46|EST5A_MOUSE Carboxylesterase 5A OS=Mus musculus OX=10090 GN=Ces5a PE=2 SV=1
TRINITY_DN665_c0_g1_i17.p1	sp|Q63010|EST5_RAT	27.6	555	560	561	33	542	8	545	5.57e-42	162	sp|Q63010|EST5_RAT Liver carboxylesterase B-1 OS=Rattus norvegicus OX=10116 PE=1 SV=1
TRINITY_DN665_c0_g1_i19.p1	sp|Q6NT32|EST5A_HUMAN	26.9	227	241	575	14	225	318	539	1.95e-08	57.8	sp|Q6NT32|EST5A_HUMAN Carboxylesterase 5A OS=Homo sapiens OX=9606 GN=CES5A PE=1 SV=1
TRINITY_DN665_c0_g1_i19.p1	sp|Q6AW46|EST5A_MOUSE	25.4	236	241	575	14	225	318	539	1.15e-07	55.5	sp|Q6AW46|EST5A_MOUSE Carboxylesterase 5A OS=Mus musculus OX=10090 GN=Ces5a PE=2 SV=1
TRINITY_DN665_c0_g1_i19.p1	sp|Q8I034|EST5A_FELCA	24.1	228	241	545	12	225	317	539	2.04e-07	54.7	sp|Q8I034|EST5A_FELCA Carboxylesterase 5A OS=Felis catus OX=9685 GN=CES5A PE=1 SV=1
TRINITY_DN665_c0_g1_i19.p1	sp|P35502|ESTF_MYZPE	28.6	140	241	564	79	199	387	517	2.78e-07	54.3	sp|P35502|ESTF_MYZPE Esterase FE4 OS=Myzus persicae OX=13164 PE=1 SV=1
TRINITY_DN665_c0_g1_i19.p1	sp|P35501|ESTE_MYZPE	28.6	140	241	552	79	199	387	517	3.70e-07	53.9	sp|P35501|ESTE_MYZPE Esterase E4 OS=Myzus persicae OX=13164 PE=1 SV=1
TRINITY_DN665_c0_g1_i19.p1	sp|Q8R0W5|EST4A_MOUSE	32.4	142	241	563	95	225	423	554	3.73e-07	53.9	sp|Q8R0W5|EST4A_MOUSE Carboxylesterase 4A OS=Mus musculus OX=10090 GN=Ces4a PE=2 SV=2
TRINITY_DN665_c0_g1_i19.p1	sp|Q5GRG2|EST5A_RAT	25.8	236	241	575	14	225	318	539	1.22e-06	52.4	sp|Q5GRG2|EST5A_RAT Carboxylesterase 5A OS=Rattus norvegicus OX=10116 GN=Ces5a PE=1 SV=1
TRINITY_DN665_c0_g1_i19.p1	sp|Q8QZR3|EST2A_MOUSE	28.4	155	241	558	83	225	392	537	2.92e-06	51.2	sp|Q8QZR3|EST2A_MOUSE Pyrethroid hydrolase Ces2a OS=Mus musculus OX=10090 GN=Ces2a PE=1 SV=1
TRINITY_DN665_c0_g1_i19.p1	sp|Q64419|EST1_MESAU	28.7	157	241	561	83	225	393	540	5.27e-06	50.4	sp|Q64419|EST1_MESAU Liver carboxylesterase OS=Mesocricetus auratus OX=10036 PE=2 SV=1
TRINITY_DN665_c0_g1_i19.p1	sp|Q91WG0|EST2C_MOUSE	27.1	155	241	561	83	225	395	540	5.27e-06	50.4	sp|Q91WG0|EST2C_MOUSE Acylcarnitine hydrolase OS=Mus musculus OX=10090 GN=Ces2c PE=1 SV=1
TRINITY_DN665_c0_g1_i19.p1	sp|Q8K3R0|EST2A_RAT	26.8	164	241	558	74	225	383	537	9.46e-06	49.7	sp|Q8K3R0|EST2A_RAT Pyrethroid hydrolase Ces2a OS=Rattus norvegicus OX=10116 GN=Ces2a PE=1 SV=1
TRINITY_DN665_c0_g1_i19.p1	sp|Q86GC8|ACES_CULPI	29.7	155	241	702	88	228	512	656	1.35e-05	49.3	sp|Q86GC8|ACES_CULPI Acetylcholinesterase OS=Culex pipiens OX=7175 GN=ACHE1 PE=2 SV=2
TRINITY_DN665_c0_g1_i19.p1	sp|O70631|EST2C_RAT	27.1	155	241	561	83	225	395	540	2.28e-05	48.5	sp|O70631|EST2C_RAT Acylcarnitine hydrolase OS=Rattus norvegicus OX=10116 GN=Ces2c PE=1 SV=2
TRINITY_DN665_c0_g1_i19.p1	sp|P22303|ACES_HUMAN	27.7	148	241	614	97	228	425	566	7.54e-05	47.0	sp|P22303|ACES_HUMAN Acetylcholinesterase OS=Homo sapiens OX=9606 GN=ACHE PE=1 SV=1
TRINITY_DN665_c0_g1_i19.p1	sp|P06276|CHLE_HUMAN	25.0	156	241	602	86	229	406	554	1.80e-04	45.8	sp|P06276|CHLE_HUMAN Cholinesterase OS=Homo sapiens OX=9606 GN=BCHE PE=1 SV=1
TRINITY_DN665_c0_g1_i19.p1	sp|Q29499|ACES_RABIT	26.9	145	241	584	95	228	397	536	4.27e-04	44.7	sp|Q29499|ACES_RABIT Acetylcholinesterase (Fragment) OS=Oryctolagus cuniculus OX=9986 GN=ACHE PE=2 SV=1
TRINITY_DN665_c0_g1_i19.p1	sp|Q869C3|ACES_ANOGA	26.6	154	241	737	88	228	545	689	4.52e-04	44.7	sp|Q869C3|ACES_ANOGA Acetylcholinesterase OS=Anopheles gambiae OX=7165 GN=Ace PE=1 SV=3
TRINITY_DN665_c0_g1_i19.p1	sp|Q6AW47|EST5A_CANLF	25.4	169	241	575	76	225	382	539	5.68e-04	44.3	sp|Q6AW47|EST5A_CANLF Carboxylesterase 5A OS=Canis lupus familiaris OX=9615 GN=CES5A PE=2 SV=1
TRINITY_DN665_c0_g1_i2.p1	sp|Q64176|EST1E_MOUSE	25.0	200	241	562	2	182	317	508	3.50e-08	57.0	sp|Q64176|EST1E_MOUSE Carboxylesterase 1E OS=Mus musculus OX=10090 GN=Ces1e PE=1 SV=1
TRINITY_DN665_c0_g1_i2.p1	sp|Q8R0W5|EST4A_MOUSE	31.1	148	241	563	91	225	419	554	6.33e-08	56.2	sp|Q8R0W5|EST4A_MOUSE Carboxylesterase 4A OS=Mus musculus OX=10090 GN=Ces4a PE=2 SV=2
TRINITY_DN665_c0_g1_i2.p1	sp|P35502|ESTF_MYZPE	28.2	142	241	564	79	199	387	517	2.19e-06	51.6	sp|P35502|ESTF_MYZPE Esterase FE4 OS=Myzus persicae OX=13164 PE=1 SV=1
TRINITY_DN665_c0_g1_i2.p1	sp|P35501|ESTE_MYZPE	26.4	140	241	552	79	199	387	517	3.91e-06	50.8	sp|P35501|ESTE_MYZPE Esterase E4 OS=Myzus persicae OX=13164 PE=1 SV=1
TRINITY_DN665_c0_g1_i2.p1	sp|Q64419|EST1_MESAU	27.5	160	241	561	83	225	393	540	7.07e-06	50.1	sp|Q64419|EST1_MESAU Liver carboxylesterase OS=Mesocricetus auratus OX=10036 PE=2 SV=1
TRINITY_DN665_c0_g1_i2.p1	sp|Q29550|EST1_PIG	22.8	246	241	566	2	226	317	547	9.51e-06	49.7	sp|Q29550|EST1_PIG Liver carboxylesterase OS=Sus scrofa OX=9823 PE=1 SV=1
TRINITY_DN665_c0_g1_i2.p1	sp|P22303|ACES_HUMAN	26.8	142	241	614	102	228	430	566	1.31e-05	49.3	sp|P22303|ACES_HUMAN Acetylcholinesterase OS=Homo sapiens OX=9606 GN=ACHE PE=1 SV=1
TRINITY_DN665_c0_g1_i2.p1	sp|P0C6R3|EST4A_BOVIN	25.8	151	241	550	86	225	404	544	1.69e-05	48.9	sp|P0C6R3|EST4A_BOVIN Carboxylesterase 4A OS=Bos taurus OX=9913 GN=CES4A PE=2 SV=1
TRINITY_DN665_c0_g1_i2.p1	sp|P37136|ACES_RAT	26.7	131	241	614	109	228	441	566	1.75e-05	48.9	sp|P37136|ACES_RAT Acetylcholinesterase OS=Rattus norvegicus OX=10116 GN=Ache PE=1 SV=1
TRINITY_DN665_c0_g1_i2.p1	sp|P21836|ACES_MOUSE	26.7	131	241	614	109	228	441	566	5.63e-05	47.4	sp|P21836|ACES_MOUSE Acetylcholinesterase OS=Mus musculus OX=10090 GN=Ache PE=1 SV=1
TRINITY_DN665_c0_g1_i2.p1	sp|Q63108|EST1E_RAT	24.0	200	241	561	2	182	316	507	7.35e-05	47.0	sp|Q63108|EST1E_RAT Carboxylesterase 1E OS=Rattus norvegicus OX=10116 GN=Ces1e PE=1 SV=1
TRINITY_DN665_c0_g1_i2.p1	sp|P23141|EST1_HUMAN	24.8	161	241	567	83	230	403	553	2.37e-04	45.4	sp|P23141|EST1_HUMAN Liver carboxylesterase 1 OS=Homo sapiens OX=9606 GN=CES1 PE=1 SV=2
TRINITY_DN665_c0_g1_i2.p1	sp|Q29499|ACES_RABIT	26.1	142	241	584	102	228	400	536	3.19e-04	45.1	sp|Q29499|ACES_RABIT Acetylcholinesterase (Fragment) OS=Oryctolagus cuniculus OX=9986 GN=ACHE PE=2 SV=1
TRINITY_DN665_c0_g1_i2.p1	sp|Q86GC8|ACES_CULPI	26.8	127	241	702	114	228	535	656	3.34e-04	45.1	sp|Q86GC8|ACES_CULPI Acetylcholinesterase OS=Culex pipiens OX=7175 GN=ACHE1 PE=2 SV=2
TRINITY_DN665_c0_g1_i24.p1	sp|Q6NT32|EST5A_HUMAN	27.3	227	243	575	14	225	318	539	3.38e-09	60.1	sp|Q6NT32|EST5A_HUMAN Carboxylesterase 5A OS=Homo sapiens OX=9606 GN=CES5A PE=1 SV=1
TRINITY_DN665_c0_g1_i24.p1	sp|Q6AW46|EST5A_MOUSE	25.8	236	243	575	14	225	318	539	2.01e-08	57.8	sp|Q6AW46|EST5A_MOUSE Carboxylesterase 5A OS=Mus musculus OX=10090 GN=Ces5a PE=2 SV=1
TRINITY_DN665_c0_g1_i24.p1	sp|Q8I034|EST5A_FELCA	24.6	228	243	545	12	225	317	539	3.57e-08	57.0	sp|Q8I034|EST5A_FELCA Carboxylesterase 5A OS=Felis catus OX=9685 GN=CES5A PE=1 SV=1
TRINITY_DN665_c0_g1_i24.p1	sp|Q8R0W5|EST4A_MOUSE	33.1	142	243	563	95	225	423	554	6.52e-08	56.2	sp|Q8R0W5|EST4A_MOUSE Carboxylesterase 4A OS=Mus musculus OX=10090 GN=Ces4a PE=2 SV=2
TRINITY_DN665_c0_g1_i24.p1	sp|Q5GRG2|EST5A_RAT	26.3	236	243	575	14	225	318	539	2.14e-07	54.7	sp|Q5GRG2|EST5A_RAT Carboxylesterase 5A OS=Rattus norvegicus OX=10116 GN=Ces5a PE=1 SV=1
TRINITY_DN665_c0_g1_i24.p1	sp|P35502|ESTF_MYZPE	28.6	140	243	564	79	199	387	517	2.86e-07	54.3	sp|P35502|ESTF_MYZPE Esterase FE4 OS=Myzus persicae OX=13164 PE=1 SV=1
TRINITY_DN665_c0_g1_i24.p1	sp|P35501|ESTE_MYZPE	28.6	140	243	552	79	199	387	517	3.81e-07	53.9	sp|P35501|ESTE_MYZPE Esterase E4 OS=Myzus persicae OX=13164 PE=1 SV=1
TRINITY_DN665_c0_g1_i24.p1	sp|Q8QZR3|EST2A_MOUSE	29.0	155	243	558	83	225	392	537	5.14e-07	53.5	sp|Q8QZR3|EST2A_MOUSE Pyrethroid hydrolase Ces2a OS=Mus musculus OX=10090 GN=Ces2a PE=1 SV=1
TRINITY_DN665_c0_g1_i24.p1	sp|Q64419|EST1_MESAU	29.3	157	243	561	83	225	393	540	9.28e-07	52.8	sp|Q64419|EST1_MESAU Liver carboxylesterase OS=Mesocricetus auratus OX=10036 PE=2 SV=1
TRINITY_DN665_c0_g1_i24.p1	sp|Q91WG0|EST2C_MOUSE	27.7	155	243	561	83	225	395	540	9.28e-07	52.8	sp|Q91WG0|EST2C_MOUSE Acylcarnitine hydrolase OS=Mus musculus OX=10090 GN=Ces2c PE=1 SV=1
TRINITY_DN665_c0_g1_i24.p1	sp|Q8K3R0|EST2A_RAT	27.4	164	243	558	74	225	383	537	1.67e-06	52.0	sp|Q8K3R0|EST2A_RAT Pyrethroid hydrolase Ces2a OS=Rattus norvegicus OX=10116 GN=Ces2a PE=1 SV=1
TRINITY_DN665_c0_g1_i24.p1	sp|O70631|EST2C_RAT	27.7	155	243	561	83	225	395	540	4.03e-06	50.8	sp|O70631|EST2C_RAT Acylcarnitine hydrolase OS=Rattus norvegicus OX=10116 GN=Ces2c PE=1 SV=2
TRINITY_DN665_c0_g1_i24.p1	sp|Q86GC8|ACES_CULPI	30.3	152	243	702	88	225	512	653	5.77e-06	50.4	sp|Q86GC8|ACES_CULPI Acetylcholinesterase OS=Culex pipiens OX=7175 GN=ACHE1 PE=2 SV=2
TRINITY_DN665_c0_g1_i24.p1	sp|P22303|ACES_HUMAN	27.7	148	243	614	97	228	425	566	3.22e-05	48.1	sp|P22303|ACES_HUMAN Acetylcholinesterase OS=Homo sapiens OX=9606 GN=ACHE PE=1 SV=1
TRINITY_DN665_c0_g1_i24.p1	sp|P06276|CHLE_HUMAN	25.0	156	243	602	86	229	406	554	7.68e-05	47.0	sp|P06276|CHLE_HUMAN Cholinesterase OS=Homo sapiens OX=9606 GN=BCHE PE=1 SV=1
TRINITY_DN665_c0_g1_i24.p1	sp|Q6AW47|EST5A_CANLF	26.0	169	243	575	76	225	382	539	1.01e-04	46.6	sp|Q6AW47|EST5A_CANLF Carboxylesterase 5A OS=Canis lupus familiaris OX=9615 GN=CES5A PE=2 SV=1
TRINITY_DN665_c0_g1_i24.p1	sp|Q29499|ACES_RABIT	26.9	145	243	584	95	228	397	536	1.82e-04	45.8	sp|Q29499|ACES_RABIT Acetylcholinesterase (Fragment) OS=Oryctolagus cuniculus OX=9986 GN=ACHE PE=2 SV=1
TRINITY_DN665_c0_g1_i24.p1	sp|Q869C3|ACES_ANOGA	27.2	151	243	737	88	225	545	686	1.93e-04	45.8	sp|Q869C3|ACES_ANOGA Acetylcholinesterase OS=Anopheles gambiae OX=7165 GN=Ace PE=1 SV=3
TRINITY_DN665_c0_g1_i24.p1	sp|P23795|ACES_BOVIN	26.5	147	243	613	97	228	424	565	5.91e-04	44.3	sp|P23795|ACES_BOVIN Acetylcholinesterase OS=Bos taurus OX=9913 GN=ACHE PE=1 SV=2
TRINITY_DN665_c0_g1_i27.p1	sp|P07882|CEL_RAT	30.7	561	532	612	24	520	26	548	1.25e-49	183	sp|P07882|CEL_RAT Bile salt-activated lipase OS=Rattus norvegicus OX=10116 GN=Cel PE=1 SV=2
TRINITY_DN665_c0_g1_i27.p1	sp|Q64285|CEL_MOUSE	30.4	550	532	599	24	520	26	548	1.42e-49	183	sp|Q64285|CEL_MOUSE Bile salt-activated lipase OS=Mus musculus OX=10090 GN=Cel PE=1 SV=1
TRINITY_DN665_c0_g1_i27.p1	sp|Q8R0W5|EST4A_MOUSE	30.2	563	532	563	1	514	8	554	2.94e-49	181	sp|Q8R0W5|EST4A_MOUSE Carboxylesterase 4A OS=Mus musculus OX=10090 GN=Ces4a PE=2 SV=2
TRINITY_DN665_c0_g1_i27.p1	sp|Q64176|EST1E_MOUSE	29.0	558	532	562	4	514	5	546	3.99e-49	181	sp|Q64176|EST1E_MOUSE Carboxylesterase 1E OS=Mus musculus OX=10090 GN=Ces1e PE=1 SV=1
TRINITY_DN665_c0_g1_i27.p1	sp|P19835|CEL_HUMAN	29.8	554	532	753	8	518	11	546	4.18e-48	181	sp|P19835|CEL_HUMAN Bile salt-activated lipase OS=Homo sapiens OX=9606 GN=CEL PE=1 SV=3
TRINITY_DN665_c0_g1_i27.p1	sp|P30122|CEL_BOVIN	29.6	537	532	597	24	519	24	545	4.73e-48	179	sp|P30122|CEL_BOVIN Bile salt-activated lipase (Fragment) OS=Bos taurus OX=9913 GN=CEL PE=1 SV=2
TRINITY_DN665_c0_g1_i27.p1	sp|Q29550|EST1_PIG	28.8	539	532	566	22	515	25	547	1.94e-46	174	sp|Q29550|EST1_PIG Liver carboxylesterase OS=Sus scrofa OX=9823 PE=1 SV=1
TRINITY_DN665_c0_g1_i27.p1	sp|P21927|CHLE_RABIT	29.4	558	532	581	13	518	2	533	2.42e-46	174	sp|P21927|CHLE_RABIT Cholinesterase OS=Oryctolagus cuniculus OX=9986 GN=BCHE PE=2 SV=1
TRINITY_DN665_c0_g1_i27.p1	sp|Q91WG0|EST2C_MOUSE	29.1	543	532	561	21	514	33	540	8.92e-46	172	sp|Q91WG0|EST2C_MOUSE Acylcarnitine hydrolase OS=Mus musculus OX=10090 GN=Ces2c PE=1 SV=1
TRINITY_DN665_c0_g1_i27.p1	sp|Q8I034|EST5A_FELCA	27.8	554	532	545	3	514	14	539	2.52e-45	170	sp|Q8I034|EST5A_FELCA Carboxylesterase 5A OS=Felis catus OX=9685 GN=CES5A PE=1 SV=1
TRINITY_DN665_c0_g1_i27.p1	sp|G3V7J5|EST2E_RAT	28.9	553	532	567	3	514	25	546	2.55e-45	171	sp|G3V7J5|EST2E_RAT Pyrethroid hydrolase Ces2e OS=Rattus norvegicus OX=10116 GN=Ces2e PE=1 SV=2
TRINITY_DN665_c0_g1_i27.p1	sp|Q6NT32|EST5A_HUMAN	29.2	554	532	575	3	514	14	539	2.86e-45	171	sp|Q6NT32|EST5A_HUMAN Carboxylesterase 5A OS=Homo sapiens OX=9606 GN=CES5A PE=1 SV=1
TRINITY_DN665_c0_g1_i27.p1	sp|P23953|EST1C_MOUSE	29.1	554	532	554	8	514	11	534	3.98e-45	170	sp|P23953|EST1C_MOUSE Carboxylesterase 1C OS=Mus musculus OX=10090 GN=Ces1c PE=1 SV=4
TRINITY_DN665_c0_g1_i27.p1	sp|P16303|EST1D_RAT	28.8	548	532	565	16	514	18	545	4.69e-45	170	sp|P16303|EST1D_RAT Carboxylesterase 1D OS=Rattus norvegicus OX=10116 GN=Ces1d PE=1 SV=2
TRINITY_DN665_c0_g1_i27.p1	sp|P12337|EST1_RABIT	27.7	559	532	565	4	514	7	546	4.69e-45	170	sp|P12337|EST1_RABIT Liver carboxylesterase 1 OS=Oryctolagus cuniculus OX=9986 PE=1 SV=3
TRINITY_DN665_c0_g1_i27.p1	sp|Q63108|EST1E_RAT	28.4	538	532	561	22	514	24	545	8.39e-45	169	sp|Q63108|EST1E_RAT Carboxylesterase 1E OS=Rattus norvegicus OX=10116 GN=Ces1e PE=1 SV=1
TRINITY_DN665_c0_g1_i27.p1	sp|D6WMZ8|ESTJ_TRICA	30.0	506	532	588	22	473	29	523	8.24e-44	167	sp|D6WMZ8|ESTJ_TRICA Juvenile hormone esterase OS=Tribolium castaneum OX=7070 GN=Tcjhe PE=1 SV=2
TRINITY_DN665_c0_g1_i27.p1	sp|P23141|EST1_HUMAN	28.0	546	532	567	22	519	24	553	8.52e-44	166	sp|P23141|EST1_HUMAN Liver carboxylesterase 1 OS=Homo sapiens OX=9606 GN=CES1 PE=1 SV=2
TRINITY_DN665_c0_g1_i27.p1	sp|Q8QZR3|EST2A_MOUSE	27.5	557	532	558	14	514	24	537	1.03e-43	166	sp|Q8QZR3|EST2A_MOUSE Pyrethroid hydrolase Ces2a OS=Mus musculus OX=10090 GN=Ces2a PE=1 SV=1
TRINITY_DN665_c0_g1_i27.p1	sp|P10959|EST1C_RAT	28.4	553	532	549	8	514	11	532	1.71e-43	165	sp|P10959|EST1C_RAT Carboxylesterase 1C OS=Rattus norvegicus OX=10116 GN=Ces1c PE=1 SV=3
TRINITY_DN665_c0_g1_i27.p1	sp|Q5XG92|EST4A_HUMAN	28.4	566	532	561	3	519	7	551	2.04e-43	165	sp|Q5XG92|EST4A_HUMAN Carboxylesterase 4A OS=Homo sapiens OX=9606 GN=CES4A PE=1 SV=2
TRINITY_DN665_c0_g1_i27.p1	sp|Q8VCT4|EST1D_MOUSE	28.1	545	532	565	16	514	18	545	2.15e-43	165	sp|Q8VCT4|EST1D_MOUSE Carboxylesterase 1D OS=Mus musculus OX=10090 GN=Ces1d PE=1 SV=1
TRINITY_DN665_c0_g1_i27.p1	sp|Q91WU0|EST1F_MOUSE	28.2	554	532	561	5	514	8	545	5.29e-43	164	sp|Q91WU0|EST1F_MOUSE Carboxylesterase 1F OS=Mus musculus OX=10090 GN=Ces1f PE=1 SV=1
TRINITY_DN665_c0_g1_i27.p1	sp|O46421|EST1_MACFA	27.3	543	532	566	22	514	24	546	5.66e-43	164	sp|O46421|EST1_MACFA Liver carboxylesterase 1 OS=Macaca fascicularis OX=9541 GN=CES1 PE=2 SV=1
TRINITY_DN665_c0_g1_i27.p1	sp|Q8BK48|EST2E_MOUSE	28.8	572	532	559	11	514	15	538	7.06e-43	164	sp|Q8BK48|EST2E_MOUSE Pyrethroid hydrolase Ces2e OS=Mus musculus OX=10090 GN=Ces2e PE=1 SV=1
TRINITY_DN665_c0_g1_i28.p1	sp|Q64176|EST1E_MOUSE	23.8	286	327	562	1	266	231	508	2.98e-10	64.7	sp|Q64176|EST1E_MOUSE Carboxylesterase 1E OS=Mus musculus OX=10090 GN=Ces1e PE=1 SV=1
TRINITY_DN665_c0_g1_i28.p1	sp|Q29550|EST1_PIG	22.9	332	327	566	1	310	231	547	1.70e-09	62.4	sp|Q29550|EST1_PIG Liver carboxylesterase OS=Sus scrofa OX=9823 PE=1 SV=1
TRINITY_DN665_c0_g1_i28.p1	sp|Q8R0W5|EST4A_MOUSE	24.4	328	327	563	6	309	242	554	5.37e-09	60.8	sp|Q8R0W5|EST4A_MOUSE Carboxylesterase 4A OS=Mus musculus OX=10090 GN=Ces4a PE=2 SV=2
TRINITY_DN665_c0_g1_i28.p1	sp|P35502|ESTF_MYZPE	24.5	327	327	564	2	283	223	517	1.70e-08	59.3	sp|P35502|ESTF_MYZPE Esterase FE4 OS=Myzus persicae OX=13164 PE=1 SV=1
TRINITY_DN665_c0_g1_i28.p1	sp|Q63108|EST1E_RAT	23.1	286	327	561	1	266	230	507	3.01e-08	58.5	sp|Q63108|EST1E_RAT Carboxylesterase 1E OS=Rattus norvegicus OX=10116 GN=Ces1e PE=1 SV=1
TRINITY_DN665_c0_g1_i28.p1	sp|P35501|ESTE_MYZPE	23.4	325	327	552	2	283	223	517	5.31e-08	57.8	sp|P35501|ESTE_MYZPE Esterase E4 OS=Myzus persicae OX=13164 PE=1 SV=1
TRINITY_DN665_c0_g1_i28.p1	sp|Q86GC8|ACES_CULPI	25.3	336	327	702	1	309	335	653	7.84e-08	57.4	sp|Q86GC8|ACES_CULPI Acetylcholinesterase OS=Culex pipiens OX=7175 GN=ACHE1 PE=2 SV=2
TRINITY_DN665_c0_g1_i28.p1	sp|Q869C3|ACES_ANOGA	25.3	336	327	737	1	309	368	686	1.06e-07	57.0	sp|Q869C3|ACES_ANOGA Acetylcholinesterase OS=Anopheles gambiae OX=7165 GN=Ace PE=1 SV=3
TRINITY_DN665_c0_g1_i28.p1	sp|P21927|CHLE_RABIT	23.5	341	327	581	1	313	213	533	7.16e-07	54.3	sp|P21927|CHLE_RABIT Cholinesterase OS=Oryctolagus cuniculus OX=9986 GN=BCHE PE=2 SV=1
TRINITY_DN665_c0_g1_i28.p1	sp|P23141|EST1_HUMAN	21.9	338	327	567	1	314	230	553	1.25e-06	53.5	sp|P23141|EST1_HUMAN Liver carboxylesterase 1 OS=Homo sapiens OX=9606 GN=CES1 PE=1 SV=2
TRINITY_DN665_c0_g1_i28.p1	sp|O70631|EST2C_RAT	23.7	337	327	561	2	309	239	540	3.90e-06	52.0	sp|O70631|EST2C_RAT Acylcarnitine hydrolase OS=Rattus norvegicus OX=10116 GN=Ces2c PE=1 SV=2
TRINITY_DN665_c0_g1_i28.p1	sp|P12337|EST1_RABIT	21.1	332	327	565	1	309	230	546	6.92e-06	51.2	sp|P12337|EST1_RABIT Liver carboxylesterase 1 OS=Oryctolagus cuniculus OX=9986 PE=1 SV=3
TRINITY_DN665_c0_g1_i28.p1	sp|P22303|ACES_HUMAN	27.0	122	327	614	186	293	430	546	1.26e-05	50.4	sp|P22303|ACES_HUMAN Acetylcholinesterase OS=Homo sapiens OX=9606 GN=ACHE PE=1 SV=1
TRINITY_DN665_c0_g1_i28.p1	sp|Q64419|EST1_MESAU	27.5	160	327	561	167	309	393	540	1.62e-05	50.1	sp|Q64419|EST1_MESAU Liver carboxylesterase OS=Mesocricetus auratus OX=10036 PE=2 SV=1
TRINITY_DN665_c0_g1_i28.p1	sp|P37136|ACES_RAT	26.7	131	327	614	193	312	441	566	2.23e-05	49.7	sp|P37136|ACES_RAT Acetylcholinesterase OS=Rattus norvegicus OX=10116 GN=Ache PE=1 SV=1
TRINITY_DN665_c0_g1_i28.p1	sp|P21836|ACES_MOUSE	26.7	131	327	614	193	312	441	566	6.92e-05	48.1	sp|P21836|ACES_MOUSE Acetylcholinesterase OS=Mus musculus OX=10090 GN=Ache PE=1 SV=1
TRINITY_DN665_c0_g1_i28.p1	sp|O62760|CHLE_FELCA	22.3	341	327	602	1	313	234	554	9.13e-05	47.8	sp|O62760|CHLE_FELCA Cholinesterase OS=Felis catus OX=9685 GN=BCHE PE=2 SV=1
TRINITY_DN665_c0_g1_i28.p1	sp|O62761|CHLE_PANTT	22.3	341	327	602	1	313	234	554	9.13e-05	47.8	sp|O62761|CHLE_PANTT Cholinesterase OS=Panthera tigris tigris OX=74535 GN=BCHE PE=2 SV=1
TRINITY_DN665_c0_g1_i28.p1	sp|Q8VCC2|EST1_MOUSE	19.2	286	327	565	1	266	230	507	2.77e-04	46.2	sp|Q8VCC2|EST1_MOUSE Liver carboxylesterase 1 OS=Mus musculus OX=10090 GN=Ces1 PE=1 SV=1
TRINITY_DN665_c0_g1_i28.p1	sp|P06276|CHLE_HUMAN	22.5	338	327	602	1	313	234	554	8.75e-04	44.7	sp|P06276|CHLE_HUMAN Cholinesterase OS=Homo sapiens OX=9606 GN=BCHE PE=1 SV=1
TRINITY_DN665_c0_g1_i30.p1	sp|P07882|CEL_RAT	30.7	561	530	612	24	520	26	548	5.97e-49	181	sp|P07882|CEL_RAT Bile salt-activated lipase OS=Rattus norvegicus OX=10116 GN=Cel PE=1 SV=2
TRINITY_DN665_c0_g1_i30.p1	sp|Q64285|CEL_MOUSE	30.4	550	530	599	24	520	26	548	6.81e-49	181	sp|Q64285|CEL_MOUSE Bile salt-activated lipase OS=Mus musculus OX=10090 GN=Cel PE=1 SV=1
TRINITY_DN665_c0_g1_i30.p1	sp|Q8R0W5|EST4A_MOUSE	30.1	565	530	563	1	514	8	554	2.59e-47	176	sp|Q8R0W5|EST4A_MOUSE Carboxylesterase 4A OS=Mus musculus OX=10090 GN=Ces4a PE=2 SV=2
TRINITY_DN665_c0_g1_i30.p1	sp|Q64176|EST1E_MOUSE	30.2	524	530	562	4	471	5	508	3.52e-47	176	sp|Q64176|EST1E_MOUSE Carboxylesterase 1E OS=Mus musculus OX=10090 GN=Ces1e PE=1 SV=1
TRINITY_DN665_c0_g1_i30.p1	sp|P30122|CEL_BOVIN	29.9	539	530	597	24	519	24	545	4.01e-46	173	sp|P30122|CEL_BOVIN Bile salt-activated lipase (Fragment) OS=Bos taurus OX=9913 GN=CEL PE=1 SV=2
TRINITY_DN665_c0_g1_i30.p1	sp|Q29550|EST1_PIG	29.6	548	530	566	22	515	25	547	6.73e-46	172	sp|Q29550|EST1_PIG Liver carboxylesterase OS=Sus scrofa OX=9823 PE=1 SV=1
TRINITY_DN665_c0_g1_i30.p1	sp|P19835|CEL_HUMAN	29.6	554	530	753	8	518	11	546	1.49e-45	174	sp|P19835|CEL_HUMAN Bile salt-activated lipase OS=Homo sapiens OX=9606 GN=CEL PE=1 SV=3
TRINITY_DN665_c0_g1_i30.p1	sp|Q6NT32|EST5A_HUMAN	29.7	552	530	575	3	514	14	539	2.00e-45	171	sp|Q6NT32|EST5A_HUMAN Carboxylesterase 5A OS=Homo sapiens OX=9606 GN=CES5A PE=1 SV=1
TRINITY_DN665_c0_g1_i30.p1	sp|D6WMZ8|ESTJ_TRICA	30.0	506	530	588	22	473	29	523	4.55e-45	170	sp|D6WMZ8|ESTJ_TRICA Juvenile hormone esterase OS=Tribolium castaneum OX=7070 GN=Tcjhe PE=1 SV=2
TRINITY_DN665_c0_g1_i30.p1	sp|Q63108|EST1E_RAT	29.1	501	530	561	22	471	24	507	1.11e-44	169	sp|Q63108|EST1E_RAT Carboxylesterase 1E OS=Rattus norvegicus OX=10116 GN=Ces1e PE=1 SV=1
TRINITY_DN665_c0_g1_i30.p1	sp|P21927|CHLE_RABIT	29.0	558	530	581	13	518	2	533	2.03e-44	168	sp|P21927|CHLE_RABIT Cholinesterase OS=Oryctolagus cuniculus OX=9986 GN=BCHE PE=2 SV=1
TRINITY_DN665_c0_g1_i30.p1	sp|Q8I034|EST5A_FELCA	28.2	554	530	545	3	514	14	539	3.16e-44	167	sp|Q8I034|EST5A_FELCA Carboxylesterase 5A OS=Felis catus OX=9685 GN=CES5A PE=1 SV=1
TRINITY_DN665_c0_g1_i30.p1	sp|G3V7J5|EST2E_RAT	28.8	555	530	567	3	514	25	546	8.23e-44	166	sp|G3V7J5|EST2E_RAT Pyrethroid hydrolase Ces2e OS=Rattus norvegicus OX=10116 GN=Ces2e PE=1 SV=2
TRINITY_DN665_c0_g1_i30.p1	sp|P12337|EST1_RABIT	27.8	522	530	565	4	471	7	508	1.10e-43	166	sp|P12337|EST1_RABIT Liver carboxylesterase 1 OS=Oryctolagus cuniculus OX=9986 PE=1 SV=3
TRINITY_DN665_c0_g1_i30.p1	sp|Q91WG0|EST2C_MOUSE	29.8	446	530	561	91	514	124	540	1.43e-43	166	sp|Q91WG0|EST2C_MOUSE Acylcarnitine hydrolase OS=Mus musculus OX=10090 GN=Ces2c PE=1 SV=1
TRINITY_DN665_c0_g1_i30.p1	sp|Q86GC8|ACES_CULPI	29.9	548	530	702	21	517	131	656	1.43e-43	167	sp|Q86GC8|ACES_CULPI Acetylcholinesterase OS=Culex pipiens OX=7175 GN=ACHE1 PE=2 SV=2
TRINITY_DN665_c0_g1_i30.p1	sp|Q8VCT4|EST1D_MOUSE	28.5	502	530	565	16	471	18	507	1.51e-43	166	sp|Q8VCT4|EST1D_MOUSE Carboxylesterase 1D OS=Mus musculus OX=10090 GN=Ces1d PE=1 SV=1
TRINITY_DN665_c0_g1_i30.p1	sp|Q8QZR3|EST2A_MOUSE	27.6	557	530	558	14	514	24	537	1.88e-43	165	sp|Q8QZR3|EST2A_MOUSE Pyrethroid hydrolase Ces2a OS=Mus musculus OX=10090 GN=Ces2a PE=1 SV=1
TRINITY_DN665_c0_g1_i30.p1	sp|Q869C3|ACES_ANOGA	30.1	548	530	737	21	517	164	689	3.48e-43	167	sp|Q869C3|ACES_ANOGA Acetylcholinesterase OS=Anopheles gambiae OX=7165 GN=Ace PE=1 SV=3
TRINITY_DN665_c0_g1_i30.p1	sp|P16303|EST1D_RAT	29.1	505	530	565	16	471	18	507	3.93e-43	164	sp|P16303|EST1D_RAT Carboxylesterase 1D OS=Rattus norvegicus OX=10116 GN=Ces1d PE=1 SV=2
TRINITY_DN665_c0_g1_i30.p1	sp|P23141|EST1_HUMAN	27.6	550	530	567	22	519	24	553	5.55e-43	164	sp|P23141|EST1_HUMAN Liver carboxylesterase 1 OS=Homo sapiens OX=9606 GN=CES1 PE=1 SV=2
TRINITY_DN665_c0_g1_i30.p1	sp|A0A8B0RBM2|ACES_BOMIG	31.3	501	530	555	22	471	24	499	1.68e-42	162	sp|A0A8B0RBM2|ACES_BOMIG Carboxylic ester hydrolase OS=Bombus ignitus OX=130704 GN=vCaE PE=1 SV=1
TRINITY_DN665_c0_g1_i30.p1	sp|Q91WU0|EST1F_MOUSE	28.6	511	530	561	5	471	8	507	1.82e-42	162	sp|Q91WU0|EST1F_MOUSE Carboxylesterase 1F OS=Mus musculus OX=10090 GN=Ces1f PE=1 SV=1
TRINITY_DN665_c0_g1_i30.p1	sp|O46421|EST1_MACFA	27.1	549	530	566	22	518	24	550	2.67e-42	162	sp|O46421|EST1_MACFA Liver carboxylesterase 1 OS=Macaca fascicularis OX=9541 GN=CES1 PE=2 SV=1
TRINITY_DN665_c0_g1_i30.p1	sp|P23953|EST1C_MOUSE	28.0	557	530	554	8	514	11	534	3.12e-42	162	sp|P23953|EST1C_MOUSE Carboxylesterase 1C OS=Mus musculus OX=10090 GN=Ces1c PE=1 SV=4
TRINITY_DN665_c0_g1_i32.p1	sp|Q869C3|ACES_ANOGA	39.7	189	230	737	1	183	307	486	3.74e-28	115	sp|Q869C3|ACES_ANOGA Acetylcholinesterase OS=Anopheles gambiae OX=7165 GN=Ace PE=1 SV=3
TRINITY_DN665_c0_g1_i32.p1	sp|Q95001|CHLE2_BRALA	37.8	188	230	337	1	183	46	224	7.06e-28	111	sp|Q95001|CHLE2_BRALA Cholinesterase 2 (Fragment) OS=Branchiostoma lanceolatum OX=7740 GN=CHE2 PE=3 SV=1
TRINITY_DN665_c0_g1_i32.p1	sp|Q86GC8|ACES_CULPI	38.6	189	230	702	1	183	274	453	2.71e-26	109	sp|Q86GC8|ACES_CULPI Acetylcholinesterase OS=Culex pipiens OX=7175 GN=ACHE1 PE=2 SV=2
TRINITY_DN665_c0_g1_i32.p1	sp|P21927|CHLE_RABIT	38.2	191	230	581	1	185	151	334	2.70e-25	106	sp|P21927|CHLE_RABIT Cholinesterase OS=Oryctolagus cuniculus OX=9986 GN=BCHE PE=2 SV=1
TRINITY_DN665_c0_g1_i32.p1	sp|O62760|CHLE_FELCA	37.9	190	230	602	1	185	172	355	7.14e-25	105	sp|O62760|CHLE_FELCA Cholinesterase OS=Felis catus OX=9685 GN=BCHE PE=2 SV=1
TRINITY_DN665_c0_g1_i32.p1	sp|O62761|CHLE_PANTT	37.4	190	230	602	1	185	172	355	9.73e-25	105	sp|O62761|CHLE_PANTT Cholinesterase OS=Panthera tigris tigris OX=74535 GN=BCHE PE=2 SV=1
TRINITY_DN665_c0_g1_i32.p1	sp|Q92081|ACES_MYXGL	36.3	190	230	338	1	186	46	229	3.87e-24	101	sp|Q92081|ACES_MYXGL Acetylcholinesterase (Fragment) OS=Myxine glutinosa OX=7769 GN=ache PE=3 SV=1
TRINITY_DN665_c0_g1_i32.p1	sp|P81908|CHLE_HORSE	46.0	126	230	574	1	121	144	268	4.32e-24	103	sp|P81908|CHLE_HORSE Cholinesterase OS=Equus caballus OX=9796 GN=BCHE PE=1 SV=1
TRINITY_DN665_c0_g1_i32.p1	sp|D6WMZ8|ESTJ_TRICA	35.5	186	230	588	2	178	162	345	4.45e-24	103	sp|D6WMZ8|ESTJ_TRICA Juvenile hormone esterase OS=Tribolium castaneum OX=7070 GN=Tcjhe PE=1 SV=2
TRINITY_DN665_c0_g1_i32.p1	sp|P35502|ESTF_MYZPE	45.8	118	230	564	1	117	161	278	1.99e-23	101	sp|P35502|ESTF_MYZPE Esterase FE4 OS=Myzus persicae OX=13164 PE=1 SV=1
TRINITY_DN665_c0_g1_i32.p1	sp|P06276|CHLE_HUMAN	37.5	192	230	602	1	185	172	355	2.13e-23	101	sp|P06276|CHLE_HUMAN Cholinesterase OS=Homo sapiens OX=9606 GN=BCHE PE=1 SV=1
TRINITY_DN665_c0_g1_i32.p1	sp|P32749|CHLE_BOVIN	46.0	126	230	602	1	121	172	296	3.94e-23	100	sp|P32749|CHLE_BOVIN Cholinesterase OS=Bos taurus OX=9913 GN=BCHE PE=2 SV=2
TRINITY_DN665_c0_g1_i32.p1	sp|A0A8B0RBM2|ACES_BOMIG	38.0	179	230	555	2	178	159	331	9.16e-23	99.4	sp|A0A8B0RBM2|ACES_BOMIG Carboxylic ester hydrolase OS=Bombus ignitus OX=130704 GN=vCaE PE=1 SV=1
TRINITY_DN665_c0_g1_i32.p1	sp|P07882|CEL_RAT	43.2	125	230	612	2	125	162	286	1.00e-22	99.4	sp|P07882|CEL_RAT Bile salt-activated lipase OS=Rattus norvegicus OX=10116 GN=Cel PE=1 SV=2
TRINITY_DN665_c0_g1_i32.p1	sp|P16854|EST1_CULPI	47.7	107	230	540	2	105	137	242	1.21e-22	99.0	sp|P16854|EST1_CULPI Esterase B1 OS=Culex pipiens OX=7175 GN=B1 PE=3 SV=1
TRINITY_DN665_c0_g1_i32.p1	sp|Q64285|CEL_MOUSE	42.4	125	230	599	2	125	162	286	1.34e-22	99.0	sp|Q64285|CEL_MOUSE Bile salt-activated lipase OS=Mus musculus OX=10090 GN=Cel PE=1 SV=1
TRINITY_DN665_c0_g1_i32.p1	sp|P38433|ACE1_CAEEL	50.6	87	230	620	1	86	163	249	1.37e-22	99.0	sp|P38433|ACE1_CAEEL Acetylcholinesterase 1 OS=Caenorhabditis elegans OX=6239 GN=ace-1 PE=1 SV=1
TRINITY_DN665_c0_g1_i32.p1	sp|Q29499|ACES_RABIT	53.8	91	230	584	1	89	150	240	1.79e-22	98.6	sp|Q29499|ACES_RABIT Acetylcholinesterase (Fragment) OS=Oryctolagus cuniculus OX=9986 GN=ACHE PE=2 SV=1
TRINITY_DN665_c0_g1_i32.p1	sp|P21836|ACES_MOUSE	51.6	93	230	614	1	91	180	272	2.52e-22	98.2	sp|P21836|ACES_MOUSE Acetylcholinesterase OS=Mus musculus OX=10090 GN=Ache PE=1 SV=1
TRINITY_DN665_c0_g1_i32.p1	sp|P37136|ACES_RAT	51.6	93	230	614	1	91	180	272	2.52e-22	98.2	sp|P37136|ACES_RAT Acetylcholinesterase OS=Rattus norvegicus OX=10116 GN=Ache PE=1 SV=1
TRINITY_DN665_c0_g1_i32.p1	sp|O70631|EST2C_RAT	34.8	187	230	561	1	184	177	348	3.19e-22	97.8	sp|O70631|EST2C_RAT Acylcarnitine hydrolase OS=Rattus norvegicus OX=10116 GN=Ces2c PE=1 SV=2
TRINITY_DN665_c0_g1_i32.p1	sp|Q95000|CHLE1_BRALA	48.9	92	230	357	1	91	59	150	3.43e-22	96.3	sp|Q95000|CHLE1_BRALA Cholinesterase 1 (Fragment) OS=Branchiostoma lanceolatum OX=7740 GN=CHE1 PE=3 SV=1
TRINITY_DN665_c0_g1_i32.p1	sp|P35501|ESTE_MYZPE	44.1	118	230	552	1	117	161	278	4.27e-22	97.4	sp|P35501|ESTE_MYZPE Esterase E4 OS=Myzus persicae OX=13164 PE=1 SV=1
TRINITY_DN665_c0_g1_i32.p1	sp|P19835|CEL_HUMAN	42.4	125	230	753	2	125	162	286	5.04e-22	97.4	sp|P19835|CEL_HUMAN Bile salt-activated lipase OS=Homo sapiens OX=9606 GN=CEL PE=1 SV=3
TRINITY_DN665_c0_g1_i32.p1	sp|Q03311|CHLE_MOUSE	35.3	190	230	603	1	185	173	356	8.51e-22	96.7	sp|Q03311|CHLE_MOUSE Cholinesterase OS=Mus musculus OX=10090 GN=Bche PE=1 SV=2
TRINITY_DN665_c0_g1_i35.p1	sp|P35502|ESTF_MYZPE	29.7	101	150	564	56	135	387	487	1.71e-04	43.9	sp|P35502|ESTF_MYZPE Esterase FE4 OS=Myzus persicae OX=13164 PE=1 SV=1
TRINITY_DN665_c0_g1_i35.p1	sp|P35501|ESTE_MYZPE	28.7	101	150	552	56	135	387	487	5.78e-04	42.4	sp|P35501|ESTE_MYZPE Esterase E4 OS=Myzus persicae OX=13164 PE=1 SV=1
TRINITY_DN665_c0_g1_i36.p1	sp|P07882|CEL_RAT	30.5	561	532	612	24	520	26	548	1.18e-48	181	sp|P07882|CEL_RAT Bile salt-activated lipase OS=Rattus norvegicus OX=10116 GN=Cel PE=1 SV=2
TRINITY_DN665_c0_g1_i36.p1	sp|Q64285|CEL_MOUSE	30.2	550	532	599	24	520	26	548	1.35e-48	180	sp|Q64285|CEL_MOUSE Bile salt-activated lipase OS=Mus musculus OX=10090 GN=Cel PE=1 SV=1
TRINITY_DN665_c0_g1_i36.p1	sp|Q64176|EST1E_MOUSE	29.5	516	532	562	4	471	5	508	1.01e-47	177	sp|Q64176|EST1E_MOUSE Carboxylesterase 1E OS=Mus musculus OX=10090 GN=Ces1e PE=1 SV=1
TRINITY_DN665_c0_g1_i36.p1	sp|Q8R0W5|EST4A_MOUSE	30.1	565	532	563	1	514	8	554	1.41e-47	177	sp|Q8R0W5|EST4A_MOUSE Carboxylesterase 4A OS=Mus musculus OX=10090 GN=Ces4a PE=2 SV=2
TRINITY_DN665_c0_g1_i36.p1	sp|Q29550|EST1_PIG	29.1	540	532	566	22	515	25	547	2.67e-46	173	sp|Q29550|EST1_PIG Liver carboxylesterase OS=Sus scrofa OX=9823 PE=1 SV=1
TRINITY_DN665_c0_g1_i36.p1	sp|P21927|CHLE_RABIT	29.4	558	532	581	13	518	2	533	4.58e-46	173	sp|P21927|CHLE_RABIT Cholinesterase OS=Oryctolagus cuniculus OX=9986 GN=BCHE PE=2 SV=1
TRINITY_DN665_c0_g1_i36.p1	sp|Q6NT32|EST5A_HUMAN	29.7	552	532	575	3	514	14	539	1.10e-45	172	sp|Q6NT32|EST5A_HUMAN Carboxylesterase 5A OS=Homo sapiens OX=9606 GN=CES5A PE=1 SV=1
TRINITY_DN665_c0_g1_i36.p1	sp|P19835|CEL_HUMAN	29.6	554	532	753	8	518	11	546	1.55e-45	174	sp|P19835|CEL_HUMAN Bile salt-activated lipase OS=Homo sapiens OX=9606 GN=CEL PE=1 SV=3
TRINITY_DN665_c0_g1_i36.p1	sp|P30122|CEL_BOVIN	29.4	538	532	597	24	519	24	545	2.05e-45	171	sp|P30122|CEL_BOVIN Bile salt-activated lipase (Fragment) OS=Bos taurus OX=9913 GN=CEL PE=1 SV=2
TRINITY_DN665_c0_g1_i36.p1	sp|Q63108|EST1E_RAT	28.9	501	532	561	22	471	24	507	8.39e-45	169	sp|Q63108|EST1E_RAT Carboxylesterase 1E OS=Rattus norvegicus OX=10116 GN=Ces1e PE=1 SV=1
TRINITY_DN665_c0_g1_i36.p1	sp|D6WMZ8|ESTJ_TRICA	30.0	506	532	588	22	473	29	523	2.31e-44	168	sp|D6WMZ8|ESTJ_TRICA Juvenile hormone esterase OS=Tribolium castaneum OX=7070 GN=Tcjhe PE=1 SV=2
TRINITY_DN665_c0_g1_i36.p1	sp|G3V7J5|EST2E_RAT	28.9	557	532	567	3	514	25	546	2.38e-44	168	sp|G3V7J5|EST2E_RAT Pyrethroid hydrolase Ces2e OS=Rattus norvegicus OX=10116 GN=Ces2e PE=1 SV=2
TRINITY_DN665_c0_g1_i36.p1	sp|Q91WG0|EST2C_MOUSE	30.6	448	532	561	91	514	124	540	3.01e-44	167	sp|Q91WG0|EST2C_MOUSE Acylcarnitine hydrolase OS=Mus musculus OX=10090 GN=Ces2c PE=1 SV=1
TRINITY_DN665_c0_g1_i36.p1	sp|P12337|EST1_RABIT	28.0	522	532	565	4	471	7	508	6.03e-44	167	sp|P12337|EST1_RABIT Liver carboxylesterase 1 OS=Oryctolagus cuniculus OX=9986 PE=1 SV=3
TRINITY_DN665_c0_g1_i36.p1	sp|Q8QZR3|EST2A_MOUSE	27.6	557	532	558	14	514	24	537	1.42e-43	166	sp|Q8QZR3|EST2A_MOUSE Pyrethroid hydrolase Ces2a OS=Mus musculus OX=10090 GN=Ces2a PE=1 SV=1
TRINITY_DN665_c0_g1_i36.p1	sp|Q86GC8|ACES_CULPI	30.2	546	532	702	21	514	131	653	1.49e-43	167	sp|Q86GC8|ACES_CULPI Acetylcholinesterase OS=Culex pipiens OX=7175 GN=ACHE1 PE=2 SV=2
TRINITY_DN665_c0_g1_i36.p1	sp|Q8VCT4|EST1D_MOUSE	28.8	503	532	565	16	471	18	507	4.07e-43	164	sp|Q8VCT4|EST1D_MOUSE Carboxylesterase 1D OS=Mus musculus OX=10090 GN=Ces1d PE=1 SV=1
TRINITY_DN665_c0_g1_i36.p1	sp|P23141|EST1_HUMAN	27.6	550	532	567	22	519	24	553	4.18e-43	164	sp|P23141|EST1_HUMAN Liver carboxylesterase 1 OS=Homo sapiens OX=9606 GN=CES1 PE=1 SV=2
TRINITY_DN665_c0_g1_i36.p1	sp|Q8I034|EST5A_FELCA	27.8	554	532	545	3	514	14	539	4.21e-43	164	sp|Q8I034|EST5A_FELCA Carboxylesterase 5A OS=Felis catus OX=9685 GN=CES5A PE=1 SV=1
TRINITY_DN665_c0_g1_i36.p1	sp|A0A8B0RBM2|ACES_BOMIG	31.4	500	532	555	22	471	24	499	6.68e-43	164	sp|A0A8B0RBM2|ACES_BOMIG Carboxylic ester hydrolase OS=Bombus ignitus OX=130704 GN=vCaE PE=1 SV=1
TRINITY_DN665_c0_g1_i36.p1	sp|P23953|EST1C_MOUSE	28.7	557	532	554	8	514	11	534	9.05e-43	163	sp|P23953|EST1C_MOUSE Carboxylesterase 1C OS=Mus musculus OX=10090 GN=Ces1c PE=1 SV=4
TRINITY_DN665_c0_g1_i36.p1	sp|P16303|EST1D_RAT	29.4	506	532	565	16	471	18	507	1.05e-42	163	sp|P16303|EST1D_RAT Carboxylesterase 1D OS=Rattus norvegicus OX=10116 GN=Ces1d PE=1 SV=2
TRINITY_DN665_c0_g1_i36.p1	sp|O46421|EST1_MACFA	27.7	502	532	566	22	471	24	508	2.01e-42	162	sp|O46421|EST1_MACFA Liver carboxylesterase 1 OS=Macaca fascicularis OX=9541 GN=CES1 PE=2 SV=1
TRINITY_DN665_c0_g1_i36.p1	sp|P06276|CHLE_HUMAN	28.4	567	532	602	1	518	13	554	2.31e-42	163	sp|P06276|CHLE_HUMAN Cholinesterase OS=Homo sapiens OX=9606 GN=BCHE PE=1 SV=1
TRINITY_DN665_c0_g1_i36.p1	sp|Q8BK48|EST2E_MOUSE	29.6	564	532	559	11	514	15	538	2.52e-42	162	sp|Q8BK48|EST2E_MOUSE Pyrethroid hydrolase Ces2e OS=Mus musculus OX=10090 GN=Ces2e PE=1 SV=1
TRINITY_DN665_c0_g1_i9.p1	sp|Q64176|EST1E_MOUSE	30.7	567	532	562	4	514	5	546	1.51e-49	182	sp|Q64176|EST1E_MOUSE Carboxylesterase 1E OS=Mus musculus OX=10090 GN=Ces1e PE=1 SV=1
TRINITY_DN665_c0_g1_i9.p1	sp|Q8R0W5|EST4A_MOUSE	30.7	561	532	563	1	514	8	554	3.89e-48	178	sp|Q8R0W5|EST4A_MOUSE Carboxylesterase 4A OS=Mus musculus OX=10090 GN=Ces4a PE=2 SV=2
TRINITY_DN665_c0_g1_i9.p1	sp|Q29550|EST1_PIG	30.4	546	532	566	22	515	25	547	2.82e-47	176	sp|Q29550|EST1_PIG Liver carboxylesterase OS=Sus scrofa OX=9823 PE=1 SV=1
TRINITY_DN665_c0_g1_i9.p1	sp|Q8I034|EST5A_FELCA	29.1	554	532	545	3	514	14	539	3.84e-47	175	sp|Q8I034|EST5A_FELCA Carboxylesterase 5A OS=Felis catus OX=9685 GN=CES5A PE=1 SV=1
TRINITY_DN665_c0_g1_i9.p1	sp|Q6NT32|EST5A_HUMAN	30.6	555	532	575	3	514	14	539	2.21e-46	174	sp|Q6NT32|EST5A_HUMAN Carboxylesterase 5A OS=Homo sapiens OX=9606 GN=CES5A PE=1 SV=1
TRINITY_DN665_c0_g1_i9.p1	sp|Q63108|EST1E_RAT	29.9	539	532	561	22	514	24	545	4.70e-46	172	sp|Q63108|EST1E_RAT Carboxylesterase 1E OS=Rattus norvegicus OX=10116 GN=Ces1e PE=1 SV=1
TRINITY_DN665_c0_g1_i9.p1	sp|P12337|EST1_RABIT	28.3	558	532	565	4	514	7	546	9.47e-46	172	sp|P12337|EST1_RABIT Liver carboxylesterase 1 OS=Oryctolagus cuniculus OX=9986 PE=1 SV=3
TRINITY_DN665_c0_g1_i9.p1	sp|G3V7J5|EST2E_RAT	29.7	553	532	567	3	514	25	546	1.34e-45	171	sp|G3V7J5|EST2E_RAT Pyrethroid hydrolase Ces2e OS=Rattus norvegicus OX=10116 GN=Ces2e PE=1 SV=2
TRINITY_DN665_c0_g1_i9.p1	sp|Q8VCT4|EST1D_MOUSE	29.3	502	532	565	16	471	18	507	6.46e-45	169	sp|Q8VCT4|EST1D_MOUSE Carboxylesterase 1D OS=Mus musculus OX=10090 GN=Ces1d PE=1 SV=1
TRINITY_DN665_c0_g1_i9.p1	sp|Q91WG0|EST2C_MOUSE	28.6	538	532	561	21	514	33	540	8.39e-45	169	sp|Q91WG0|EST2C_MOUSE Acylcarnitine hydrolase OS=Mus musculus OX=10090 GN=Ces2c PE=1 SV=1
TRINITY_DN665_c0_g1_i9.p1	sp|P16303|EST1D_RAT	29.0	545	532	565	16	514	18	545	1.68e-44	168	sp|P16303|EST1D_RAT Carboxylesterase 1D OS=Rattus norvegicus OX=10116 GN=Ces1d PE=1 SV=2
TRINITY_DN665_c0_g1_i9.p1	sp|P23141|EST1_HUMAN	29.1	546	532	567	22	519	24	553	1.73e-44	168	sp|P23141|EST1_HUMAN Liver carboxylesterase 1 OS=Homo sapiens OX=9606 GN=CES1 PE=1 SV=2
TRINITY_DN665_c0_g1_i9.p1	sp|Q8QZR3|EST2A_MOUSE	28.0	554	532	558	14	514	24	537	5.45e-44	167	sp|Q8QZR3|EST2A_MOUSE Pyrethroid hydrolase Ces2a OS=Mus musculus OX=10090 GN=Ces2a PE=1 SV=1
TRINITY_DN665_c0_g1_i9.p1	sp|Q64285|CEL_MOUSE	30.5	554	532	599	24	520	26	548	6.91e-44	167	sp|Q64285|CEL_MOUSE Bile salt-activated lipase OS=Mus musculus OX=10090 GN=Cel PE=1 SV=1
TRINITY_DN665_c0_g1_i9.p1	sp|P07882|CEL_RAT	31.1	557	532	612	24	520	26	548	8.12e-44	167	sp|P07882|CEL_RAT Bile salt-activated lipase OS=Rattus norvegicus OX=10116 GN=Cel PE=1 SV=2
TRINITY_DN665_c0_g1_i9.p1	sp|O46421|EST1_MACFA	28.1	541	532	566	22	514	24	546	1.16e-43	166	sp|O46421|EST1_MACFA Liver carboxylesterase 1 OS=Macaca fascicularis OX=9541 GN=CES1 PE=2 SV=1
TRINITY_DN665_c0_g1_i9.p1	sp|P30122|CEL_BOVIN	29.7	539	532	597	24	519	24	545	1.27e-43	166	sp|P30122|CEL_BOVIN Bile salt-activated lipase (Fragment) OS=Bos taurus OX=9913 GN=CEL PE=1 SV=2
TRINITY_DN665_c0_g1_i9.p1	sp|Q6AW46|EST5A_MOUSE	27.6	551	532	575	13	514	22	539	2.47e-43	165	sp|Q6AW46|EST5A_MOUSE Carboxylesterase 5A OS=Mus musculus OX=10090 GN=Ces5a PE=2 SV=1
TRINITY_DN665_c0_g1_i9.p1	sp|Q86GC8|ACES_CULPI	31.2	548	532	702	21	514	131	653	3.77e-43	166	sp|Q86GC8|ACES_CULPI Acetylcholinesterase OS=Culex pipiens OX=7175 GN=ACHE1 PE=2 SV=2
TRINITY_DN665_c0_g1_i9.p1	sp|P19835|CEL_HUMAN	30.3	558	532	753	8	518	11	546	5.45e-43	166	sp|P19835|CEL_HUMAN Bile salt-activated lipase OS=Homo sapiens OX=9606 GN=CEL PE=1 SV=3
TRINITY_DN665_c0_g1_i9.p1	sp|D6WMZ8|ESTJ_TRICA	30.4	506	532	588	22	473	29	523	5.51e-43	164	sp|D6WMZ8|ESTJ_TRICA Juvenile hormone esterase OS=Tribolium castaneum OX=7070 GN=Tcjhe PE=1 SV=2
TRINITY_DN665_c0_g1_i9.p1	sp|P21927|CHLE_RABIT	28.8	560	532	581	13	518	2	533	6.91e-43	164	sp|P21927|CHLE_RABIT Cholinesterase OS=Oryctolagus cuniculus OX=9986 GN=BCHE PE=2 SV=1
TRINITY_DN665_c0_g1_i9.p1	sp|Q869C3|ACES_ANOGA	30.3	547	532	737	21	514	164	686	9.08e-43	166	sp|Q869C3|ACES_ANOGA Acetylcholinesterase OS=Anopheles gambiae OX=7165 GN=Ace PE=1 SV=3
TRINITY_DN665_c0_g1_i9.p1	sp|O00748|EST2_HUMAN	28.9	564	532	559	5	514	17	538	1.33e-42	163	sp|O00748|EST2_HUMAN Cocaine esterase OS=Homo sapiens OX=9606 GN=CES2 PE=1 SV=1
TRINITY_DN665_c0_g1_i9.p1	sp|P06276|CHLE_HUMAN	28.2	567	532	602	1	518	13	554	1.69e-42	163	sp|P06276|CHLE_HUMAN Cholinesterase OS=Homo sapiens OX=9606 GN=BCHE PE=1 SV=1
TRINITY_DN69_c0_g1_i12.p1	sp|P12337|EST1_RABIT	29.8	523	579	565	46	539	50	552	1.27e-54	197	sp|P12337|EST1_RABIT Liver carboxylesterase 1 OS=Oryctolagus cuniculus OX=9986 PE=1 SV=3
TRINITY_DN69_c0_g1_i12.p1	sp|P16854|EST1_CULPI	31.1	492	579	540	22	492	4	484	1.49e-53	194	sp|P16854|EST1_CULPI Esterase B1 OS=Culex pipiens OX=7175 GN=B1 PE=3 SV=1
TRINITY_DN69_c0_g1_i12.p1	sp|P23953|EST1C_MOUSE	29.2	551	579	554	26	546	26	547	2.68e-53	193	sp|P23953|EST1C_MOUSE Carboxylesterase 1C OS=Mus musculus OX=10090 GN=Ces1c PE=1 SV=4
TRINITY_DN69_c0_g1_i12.p1	sp|Q64419|EST1_MESAU	30.2	526	579	561	31	536	39	543	3.04e-53	193	sp|Q64419|EST1_MESAU Liver carboxylesterase OS=Mesocricetus auratus OX=10036 PE=2 SV=1
TRINITY_DN69_c0_g1_i12.p1	sp|A0A8B0RBM2|ACES_BOMIG	30.6	496	579	555	20	492	20	499	1.00e-52	192	sp|A0A8B0RBM2|ACES_BOMIG Carboxylic ester hydrolase OS=Bombus ignitus OX=130704 GN=vCaE PE=1 SV=1
TRINITY_DN69_c0_g1_i12.p1	sp|O46421|EST1_MACFA	29.2	530	579	566	46	546	50	559	6.14e-52	190	sp|O46421|EST1_MACFA Liver carboxylesterase 1 OS=Macaca fascicularis OX=9541 GN=CES1 PE=2 SV=1
TRINITY_DN69_c0_g1_i12.p1	sp|Q29550|EST1_PIG	29.8	551	579	566	26	546	27	559	6.14e-52	190	sp|Q29550|EST1_PIG Liver carboxylesterase OS=Sus scrofa OX=9823 PE=1 SV=1
TRINITY_DN69_c0_g1_i12.p1	sp|P12992|ESTJ_HELVI	30.8	506	579	564	28	504	32	523	8.20e-52	189	sp|P12992|ESTJ_HELVI Juvenile hormone esterase OS=Heliothis virescens OX=7102 PE=1 SV=2
TRINITY_DN69_c0_g1_i12.p1	sp|P23141|EST1_HUMAN	29.1	537	579	567	46	546	50	560	1.19e-51	189	sp|P23141|EST1_HUMAN Liver carboxylesterase 1 OS=Homo sapiens OX=9606 GN=CES1 PE=1 SV=2
TRINITY_DN69_c0_g1_i12.p1	sp|P16303|EST1D_RAT	29.5	519	579	565	46	539	50	551	3.04e-51	188	sp|P16303|EST1D_RAT Carboxylesterase 1D OS=Rattus norvegicus OX=10116 GN=Ces1d PE=1 SV=2
TRINITY_DN69_c0_g1_i12.p1	sp|Q8VCT4|EST1D_MOUSE	29.0	517	579	565	46	539	50	551	2.90e-50	185	sp|Q8VCT4|EST1D_MOUSE Carboxylesterase 1D OS=Mus musculus OX=10090 GN=Ces1d PE=1 SV=1
TRINITY_DN69_c0_g1_i12.p1	sp|O70631|EST2C_RAT	30.5	528	579	561	31	533	41	540	7.13e-50	184	sp|O70631|EST2C_RAT Acylcarnitine hydrolase OS=Rattus norvegicus OX=10116 GN=Ces2c PE=1 SV=2
TRINITY_DN69_c0_g1_i12.p1	sp|Q64176|EST1E_MOUSE	28.3	551	579	562	26	542	27	555	1.38e-49	183	sp|Q64176|EST1E_MOUSE Carboxylesterase 1E OS=Mus musculus OX=10090 GN=Ces1e PE=1 SV=1
TRINITY_DN69_c0_g1_i12.p1	sp|Q8QZR3|EST2A_MOUSE	29.0	555	579	558	6	533	9	537	2.46e-49	182	sp|Q8QZR3|EST2A_MOUSE Pyrethroid hydrolase Ces2a OS=Mus musculus OX=10090 GN=Ces2a PE=1 SV=1
TRINITY_DN69_c0_g1_i12.p1	sp|Q63108|EST1E_RAT	29.4	517	579	561	46	536	50	548	2.58e-49	182	sp|Q63108|EST1E_RAT Carboxylesterase 1E OS=Rattus norvegicus OX=10116 GN=Ces1e PE=1 SV=1
TRINITY_DN69_c0_g1_i12.p1	sp|Q63010|EST5_RAT	30.1	532	579	561	46	539	50	551	3.56e-49	182	sp|Q63010|EST5_RAT Liver carboxylesterase B-1 OS=Rattus norvegicus OX=10116 PE=1 SV=1
TRINITY_DN69_c0_g1_i12.p1	sp|P10959|EST1C_RAT	28.7	512	579	549	46	540	50	539	4.02e-49	182	sp|P10959|EST1C_RAT Carboxylesterase 1C OS=Rattus norvegicus OX=10116 GN=Ces1c PE=1 SV=3
TRINITY_DN69_c0_g1_i12.p1	sp|P06276|CHLE_HUMAN	29.9	558	579	602	21	539	29	556	4.92e-49	182	sp|P06276|CHLE_HUMAN Cholinesterase OS=Homo sapiens OX=9606 GN=BCHE PE=1 SV=1
TRINITY_DN69_c0_g1_i12.p1	sp|B2D0J5|EST6_APIME	28.9	509	579	557	20	504	22	513	1.20e-48	181	sp|B2D0J5|EST6_APIME Venom carboxylesterase-6 OS=Apis mellifera OX=7460 PE=2 SV=1
TRINITY_DN69_c0_g1_i12.p1	sp|D6WMZ8|ESTJ_TRICA	30.4	481	579	588	45	494	53	523	1.97e-48	181	sp|D6WMZ8|ESTJ_TRICA Juvenile hormone esterase OS=Tribolium castaneum OX=7070 GN=Tcjhe PE=1 SV=2
TRINITY_DN69_c0_g1_i12.p1	sp|G3V7J5|EST2E_RAT	31.0	529	579	567	31	533	49	546	2.69e-48	180	sp|G3V7J5|EST2E_RAT Pyrethroid hydrolase Ces2e OS=Rattus norvegicus OX=10116 GN=Ces2e PE=1 SV=2
TRINITY_DN69_c0_g1_i12.p1	sp|P21927|CHLE_RABIT	29.6	551	579	581	26	539	13	535	3.35e-48	180	sp|P21927|CHLE_RABIT Cholinesterase OS=Oryctolagus cuniculus OX=9986 GN=BCHE PE=2 SV=1
TRINITY_DN69_c0_g1_i12.p1	sp|O62760|CHLE_FELCA	30.2	547	579	602	21	539	29	556	6.30e-48	179	sp|O62760|CHLE_FELCA Cholinesterase OS=Felis catus OX=9685 GN=BCHE PE=2 SV=1
TRINITY_DN69_c0_g1_i12.p1	sp|O62761|CHLE_PANTT	30.3	547	579	602	21	539	29	556	1.19e-47	179	sp|O62761|CHLE_PANTT Cholinesterase OS=Panthera tigris tigris OX=74535 GN=BCHE PE=2 SV=1
TRINITY_DN69_c0_g1_i12.p1	sp|Q91WG0|EST2C_MOUSE	28.8	520	579	561	30	533	44	540	1.21e-47	178	sp|Q91WG0|EST2C_MOUSE Acylcarnitine hydrolase OS=Mus musculus OX=10090 GN=Ces2c PE=1 SV=1
TRINITY_DN69_c0_g1_i15.p1	sp|Q29550|EST1_PIG	30.9	534	579	566	46	546	51	559	4.44e-52	190	sp|Q29550|EST1_PIG Liver carboxylesterase OS=Sus scrofa OX=9823 PE=1 SV=1
TRINITY_DN69_c0_g1_i15.p1	sp|A0A8B0RBM2|ACES_BOMIG	30.6	496	579	555	20	492	20	499	9.67e-52	189	sp|A0A8B0RBM2|ACES_BOMIG Carboxylic ester hydrolase OS=Bombus ignitus OX=130704 GN=vCaE PE=1 SV=1
TRINITY_DN69_c0_g1_i15.p1	sp|Q64419|EST1_MESAU	30.7	527	579	561	31	536	39	543	1.49e-51	189	sp|Q64419|EST1_MESAU Liver carboxylesterase OS=Mesocricetus auratus OX=10036 PE=2 SV=1
TRINITY_DN69_c0_g1_i15.p1	sp|P12337|EST1_RABIT	29.6	521	579	565	46	539	50	552	2.20e-51	188	sp|P12337|EST1_RABIT Liver carboxylesterase 1 OS=Oryctolagus cuniculus OX=9986 PE=1 SV=3
TRINITY_DN69_c0_g1_i15.p1	sp|P0C6R3|EST4A_BOVIN	29.6	537	579	550	27	538	30	549	8.52e-51	186	sp|P0C6R3|EST4A_BOVIN Carboxylesterase 4A OS=Bos taurus OX=9913 GN=CES4A PE=2 SV=1
TRINITY_DN69_c0_g1_i15.p1	sp|O62760|CHLE_FELCA	30.9	550	579	602	21	539	29	556	1.46e-50	187	sp|O62760|CHLE_FELCA Cholinesterase OS=Felis catus OX=9685 GN=BCHE PE=2 SV=1
TRINITY_DN69_c0_g1_i15.p1	sp|P12992|ESTJ_HELVI	31.1	505	579	564	28	504	32	523	2.07e-50	186	sp|P12992|ESTJ_HELVI Juvenile hormone esterase OS=Heliothis virescens OX=7102 PE=1 SV=2
TRINITY_DN69_c0_g1_i15.p1	sp|P21927|CHLE_RABIT	30.3	552	579	581	26	539	13	535	2.74e-50	186	sp|P21927|CHLE_RABIT Cholinesterase OS=Oryctolagus cuniculus OX=9986 GN=BCHE PE=2 SV=1
TRINITY_DN69_c0_g1_i15.p1	sp|O62761|CHLE_PANTT	31.1	550	579	602	21	539	29	556	2.76e-50	186	sp|O62761|CHLE_PANTT Cholinesterase OS=Panthera tigris tigris OX=74535 GN=BCHE PE=2 SV=1
TRINITY_DN69_c0_g1_i15.p1	sp|P16854|EST1_CULPI	31.3	492	579	540	22	492	4	484	3.59e-50	184	sp|P16854|EST1_CULPI Esterase B1 OS=Culex pipiens OX=7175 GN=B1 PE=3 SV=1
TRINITY_DN69_c0_g1_i15.p1	sp|O46421|EST1_MACFA	29.2	528	579	566	46	546	50	559	5.62e-50	184	sp|O46421|EST1_MACFA Liver carboxylesterase 1 OS=Macaca fascicularis OX=9541 GN=CES1 PE=2 SV=1
TRINITY_DN69_c0_g1_i15.p1	sp|Q8R0W5|EST4A_MOUSE	31.1	541	579	563	29	536	39	557	1.02e-49	184	sp|Q8R0W5|EST4A_MOUSE Carboxylesterase 4A OS=Mus musculus OX=10090 GN=Ces4a PE=2 SV=2
TRINITY_DN69_c0_g1_i15.p1	sp|P23141|EST1_HUMAN	29.2	535	579	567	46	546	50	560	1.09e-49	184	sp|P23141|EST1_HUMAN Liver carboxylesterase 1 OS=Homo sapiens OX=9606 GN=CES1 PE=1 SV=2
TRINITY_DN69_c0_g1_i15.p1	sp|P06276|CHLE_HUMAN	30.2	559	579	602	21	539	29	556	1.37e-49	184	sp|P06276|CHLE_HUMAN Cholinesterase OS=Homo sapiens OX=9606 GN=BCHE PE=1 SV=1
TRINITY_DN69_c0_g1_i15.p1	sp|Q8BK48|EST2E_MOUSE	30.6	532	579	559	31	533	39	538	1.81e-49	183	sp|Q8BK48|EST2E_MOUSE Pyrethroid hydrolase Ces2e OS=Mus musculus OX=10090 GN=Ces2e PE=1 SV=1
TRINITY_DN69_c0_g1_i15.p1	sp|B2D0J5|EST6_APIME	29.7	505	579	557	20	501	22	513	2.42e-49	182	sp|B2D0J5|EST6_APIME Venom carboxylesterase-6 OS=Apis mellifera OX=7460 PE=2 SV=1
TRINITY_DN69_c0_g1_i15.p1	sp|O70631|EST2C_RAT	30.1	528	579	561	31	533	41	540	2.58e-49	182	sp|O70631|EST2C_RAT Acylcarnitine hydrolase OS=Rattus norvegicus OX=10116 GN=Ces2c PE=1 SV=2
TRINITY_DN69_c0_g1_i15.p1	sp|D6WMZ8|ESTJ_TRICA	30.4	480	579	588	45	494	53	523	3.98e-49	182	sp|D6WMZ8|ESTJ_TRICA Juvenile hormone esterase OS=Tribolium castaneum OX=7070 GN=Tcjhe PE=1 SV=2
TRINITY_DN69_c0_g1_i15.p1	sp|P32749|CHLE_BOVIN	30.1	555	579	602	21	539	29	556	6.77e-49	182	sp|P32749|CHLE_BOVIN Cholinesterase OS=Bos taurus OX=9913 GN=BCHE PE=2 SV=2
TRINITY_DN69_c0_g1_i15.p1	sp|Q5XG92|EST4A_HUMAN	29.7	546	579	561	25	538	28	551	6.77e-49	181	sp|Q5XG92|EST4A_HUMAN Carboxylesterase 4A OS=Homo sapiens OX=9606 GN=CES4A PE=1 SV=2
TRINITY_DN69_c0_g1_i15.p1	sp|P35502|ESTF_MYZPE	29.6	487	579	564	32	499	43	511	7.11e-49	181	sp|P35502|ESTF_MYZPE Esterase FE4 OS=Myzus persicae OX=13164 PE=1 SV=1
TRINITY_DN69_c0_g1_i15.p1	sp|P23953|EST1C_MOUSE	28.8	552	579	554	26	546	26	547	8.31e-49	181	sp|P23953|EST1C_MOUSE Carboxylesterase 1C OS=Mus musculus OX=10090 GN=Ces1c PE=1 SV=4
TRINITY_DN69_c0_g1_i15.p1	sp|P16303|EST1D_RAT	29.5	542	579	565	32	539	28	551	4.95e-48	179	sp|P16303|EST1D_RAT Carboxylesterase 1D OS=Rattus norvegicus OX=10116 GN=Ces1d PE=1 SV=2
TRINITY_DN69_c0_g1_i15.p1	sp|Q03311|CHLE_MOUSE	29.8	554	579	603	21	539	30	557	6.40e-48	179	sp|Q03311|CHLE_MOUSE Cholinesterase OS=Mus musculus OX=10090 GN=Bche PE=1 SV=2
TRINITY_DN69_c0_g1_i15.p1	sp|Q8VCT4|EST1D_MOUSE	29.8	520	579	565	46	539	50	551	9.38e-48	178	sp|Q8VCT4|EST1D_MOUSE Carboxylesterase 1D OS=Mus musculus OX=10090 GN=Ces1d PE=1 SV=1
TRINITY_DN69_c0_g1_i17.p1	sp|P12992|ESTJ_HELVI	31.9	521	564	564	16	509	15	523	9.55e-57	202	sp|P12992|ESTJ_HELVI Juvenile hormone esterase OS=Heliothis virescens OX=7102 PE=1 SV=2
TRINITY_DN69_c0_g1_i17.p1	sp|Q64419|EST1_MESAU	30.4	553	564	561	11	541	15	543	3.34e-56	201	sp|Q64419|EST1_MESAU Liver carboxylesterase OS=Mesocricetus auratus OX=10036 PE=2 SV=1
TRINITY_DN69_c0_g1_i17.p1	sp|Q8QZR3|EST2A_MOUSE	30.3	554	564	558	9	538	9	537	1.13e-53	194	sp|Q8QZR3|EST2A_MOUSE Pyrethroid hydrolase Ces2a OS=Mus musculus OX=10090 GN=Ces2a PE=1 SV=1
TRINITY_DN69_c0_g1_i17.p1	sp|Q8R0W5|EST4A_MOUSE	31.2	523	564	563	46	543	55	559	4.53e-53	192	sp|Q8R0W5|EST4A_MOUSE Carboxylesterase 4A OS=Mus musculus OX=10090 GN=Ces4a PE=2 SV=2
TRINITY_DN69_c0_g1_i17.p1	sp|Q29550|EST1_PIG	30.3	564	564	566	33	563	31	566	3.23e-51	187	sp|Q29550|EST1_PIG Liver carboxylesterase OS=Sus scrofa OX=9823 PE=1 SV=1
TRINITY_DN69_c0_g1_i17.p1	sp|Q91WG0|EST2C_MOUSE	29.7	528	564	561	33	538	44	540	1.08e-50	186	sp|Q91WG0|EST2C_MOUSE Acylcarnitine hydrolase OS=Mus musculus OX=10090 GN=Ces2c PE=1 SV=1
TRINITY_DN69_c0_g1_i17.p1	sp|A0A8B0RBM2|ACES_BOMIG	31.2	491	564	555	29	497	26	499	4.91e-50	184	sp|A0A8B0RBM2|ACES_BOMIG Carboxylic ester hydrolase OS=Bombus ignitus OX=130704 GN=vCaE PE=1 SV=1
TRINITY_DN69_c0_g1_i17.p1	sp|O70631|EST2C_RAT	29.6	530	564	561	34	538	41	540	5.44e-50	184	sp|O70631|EST2C_RAT Acylcarnitine hydrolase OS=Rattus norvegicus OX=10116 GN=Ces2c PE=1 SV=2
TRINITY_DN69_c0_g1_i17.p1	sp|Q8K3R0|EST2A_RAT	29.5	552	564	558	11	538	15	537	7.14e-50	184	sp|Q8K3R0|EST2A_RAT Pyrethroid hydrolase Ces2a OS=Rattus norvegicus OX=10116 GN=Ces2a PE=1 SV=1
TRINITY_DN69_c0_g1_i17.p1	sp|O62760|CHLE_FELCA	30.1	545	564	602	29	544	34	556	7.58e-50	184	sp|O62760|CHLE_FELCA Cholinesterase OS=Felis catus OX=9685 GN=BCHE PE=2 SV=1
TRINITY_DN69_c0_g1_i17.p1	sp|D6WMZ8|ESTJ_TRICA	30.3	482	564	588	48	499	53	523	1.16e-49	184	sp|D6WMZ8|ESTJ_TRICA Juvenile hormone esterase OS=Tribolium castaneum OX=7070 GN=Tcjhe PE=1 SV=2
TRINITY_DN69_c0_g1_i17.p1	sp|Q8BK48|EST2E_MOUSE	29.4	558	564	559	6	538	10	538	1.91e-49	182	sp|Q8BK48|EST2E_MOUSE Pyrethroid hydrolase Ces2e OS=Mus musculus OX=10090 GN=Ces2e PE=1 SV=1
TRINITY_DN69_c0_g1_i17.p1	sp|P21927|CHLE_RABIT	29.4	551	564	581	29	544	13	535	1.98e-49	183	sp|P21927|CHLE_RABIT Cholinesterase OS=Oryctolagus cuniculus OX=9986 GN=BCHE PE=2 SV=1
TRINITY_DN69_c0_g1_i17.p1	sp|P35502|ESTF_MYZPE	29.6	503	564	564	28	504	28	511	2.86e-49	182	sp|P35502|ESTF_MYZPE Esterase FE4 OS=Myzus persicae OX=13164 PE=1 SV=1
TRINITY_DN69_c0_g1_i17.p1	sp|G3V7J5|EST2E_RAT	29.4	564	564	567	9	538	25	546	3.01e-49	182	sp|G3V7J5|EST2E_RAT Pyrethroid hydrolase Ces2e OS=Rattus norvegicus OX=10116 GN=Ces2e PE=1 SV=2
TRINITY_DN69_c0_g1_i17.p1	sp|O62761|CHLE_PANTT	29.9	545	564	602	29	544	34	556	3.76e-49	182	sp|O62761|CHLE_PANTT Cholinesterase OS=Panthera tigris tigris OX=74535 GN=BCHE PE=2 SV=1
TRINITY_DN69_c0_g1_i17.p1	sp|P06276|CHLE_HUMAN	29.8	554	564	602	29	544	34	556	1.35e-48	181	sp|P06276|CHLE_HUMAN Cholinesterase OS=Homo sapiens OX=9606 GN=BCHE PE=1 SV=1
TRINITY_DN69_c0_g1_i17.p1	sp|Q5XG92|EST4A_HUMAN	28.9	567	564	561	5	543	4	551	1.36e-48	180	sp|Q5XG92|EST4A_HUMAN Carboxylesterase 4A OS=Homo sapiens OX=9606 GN=CES4A PE=1 SV=2
TRINITY_DN69_c0_g1_i17.p1	sp|P12337|EST1_RABIT	28.6	521	564	565	49	544	50	552	1.45e-48	180	sp|P12337|EST1_RABIT Liver carboxylesterase 1 OS=Oryctolagus cuniculus OX=9986 PE=1 SV=3
TRINITY_DN69_c0_g1_i17.p1	sp|Q03311|CHLE_MOUSE	29.7	552	564	603	29	544	35	557	2.60e-48	180	sp|Q03311|CHLE_MOUSE Cholinesterase OS=Mus musculus OX=10090 GN=Bche PE=1 SV=2
TRINITY_DN69_c0_g1_i17.p1	sp|Q6AW47|EST5A_CANLF	30.8	548	564	575	29	556	40	557	3.24e-48	179	sp|Q6AW47|EST5A_CANLF Carboxylesterase 5A OS=Canis lupus familiaris OX=9615 GN=CES5A PE=2 SV=1
TRINITY_DN69_c0_g1_i17.p1	sp|P0C6R3|EST4A_BOVIN	28.7	571	564	550	6	543	1	549	4.12e-48	179	sp|P0C6R3|EST4A_BOVIN Carboxylesterase 4A OS=Bos taurus OX=9913 GN=CES4A PE=2 SV=1
TRINITY_DN69_c0_g1_i17.p1	sp|P35501|ESTE_MYZPE	29.2	503	564	552	28	504	28	511	4.26e-48	179	sp|P35501|ESTE_MYZPE Esterase E4 OS=Myzus persicae OX=13164 PE=1 SV=1
TRINITY_DN69_c0_g1_i17.p1	sp|P37967|PNBA_BACSU	30.2	503	564	489	29	526	6	471	1.34e-47	176	sp|P37967|PNBA_BACSU Para-nitrobenzyl esterase OS=Bacillus subtilis (strain 168) OX=224308 GN=pnbA PE=1 SV=2
TRINITY_DN69_c0_g1_i17.p1	sp|B2D0J5|EST6_APIME	29.7	516	564	557	21	506	15	513	1.67e-47	177	sp|B2D0J5|EST6_APIME Venom carboxylesterase-6 OS=Apis mellifera OX=7460 PE=2 SV=1
TRINITY_DN69_c0_g1_i20.p1	sp|Q64419|EST1_MESAU	30.7	553	564	561	11	541	15	543	1.25e-56	202	sp|Q64419|EST1_MESAU Liver carboxylesterase OS=Mesocricetus auratus OX=10036 PE=2 SV=1
TRINITY_DN69_c0_g1_i20.p1	sp|P12992|ESTJ_HELVI	32.2	521	564	564	16	509	15	523	9.43e-56	200	sp|P12992|ESTJ_HELVI Juvenile hormone esterase OS=Heliothis virescens OX=7102 PE=1 SV=2
TRINITY_DN69_c0_g1_i20.p1	sp|Q8QZR3|EST2A_MOUSE	30.7	554	564	558	9	538	9	537	8.13e-54	194	sp|Q8QZR3|EST2A_MOUSE Pyrethroid hydrolase Ces2a OS=Mus musculus OX=10090 GN=Ces2a PE=1 SV=1
TRINITY_DN69_c0_g1_i20.p1	sp|Q8R0W5|EST4A_MOUSE	31.2	523	564	563	46	543	55	559	3.27e-53	193	sp|Q8R0W5|EST4A_MOUSE Carboxylesterase 4A OS=Mus musculus OX=10090 GN=Ces4a PE=2 SV=2
TRINITY_DN69_c0_g1_i20.p1	sp|Q8BK48|EST2E_MOUSE	30.2	559	564	559	6	538	10	538	2.14e-52	191	sp|Q8BK48|EST2E_MOUSE Pyrethroid hydrolase Ces2e OS=Mus musculus OX=10090 GN=Ces2e PE=1 SV=1
TRINITY_DN69_c0_g1_i20.p1	sp|D6WMZ8|ESTJ_TRICA	30.7	482	564	588	48	499	53	523	3.51e-52	191	sp|D6WMZ8|ESTJ_TRICA Juvenile hormone esterase OS=Tribolium castaneum OX=7070 GN=Tcjhe PE=1 SV=2
TRINITY_DN69_c0_g1_i20.p1	sp|Q29550|EST1_PIG	30.1	565	564	566	33	563	31	566	1.69e-51	188	sp|Q29550|EST1_PIG Liver carboxylesterase OS=Sus scrofa OX=9823 PE=1 SV=1
TRINITY_DN69_c0_g1_i20.p1	sp|A0A8B0RBM2|ACES_BOMIG	31.3	492	564	555	29	497	26	499	3.69e-51	187	sp|A0A8B0RBM2|ACES_BOMIG Carboxylic ester hydrolase OS=Bombus ignitus OX=130704 GN=vCaE PE=1 SV=1
TRINITY_DN69_c0_g1_i20.p1	sp|O70631|EST2C_RAT	30.0	530	564	561	34	538	41	540	7.82e-51	186	sp|O70631|EST2C_RAT Acylcarnitine hydrolase OS=Rattus norvegicus OX=10116 GN=Ces2c PE=1 SV=2
TRINITY_DN69_c0_g1_i20.p1	sp|P35502|ESTF_MYZPE	29.4	503	564	564	28	504	28	511	1.57e-50	186	sp|P35502|ESTF_MYZPE Esterase FE4 OS=Myzus persicae OX=13164 PE=1 SV=1
TRINITY_DN69_c0_g1_i20.p1	sp|Q91WG0|EST2C_MOUSE	29.5	528	564	561	33	538	44	540	2.85e-50	185	sp|Q91WG0|EST2C_MOUSE Acylcarnitine hydrolase OS=Mus musculus OX=10090 GN=Ces2c PE=1 SV=1
TRINITY_DN69_c0_g1_i20.p1	sp|Q8K3R0|EST2A_RAT	29.5	552	564	558	11	538	15	537	3.74e-50	184	sp|Q8K3R0|EST2A_RAT Pyrethroid hydrolase Ces2a OS=Rattus norvegicus OX=10116 GN=Ces2a PE=1 SV=1
TRINITY_DN69_c0_g1_i20.p1	sp|G3V7J5|EST2E_RAT	30.0	556	564	567	9	538	25	546	6.01e-50	184	sp|G3V7J5|EST2E_RAT Pyrethroid hydrolase Ces2e OS=Rattus norvegicus OX=10116 GN=Ces2e PE=1 SV=2
TRINITY_DN69_c0_g1_i20.p1	sp|P21927|CHLE_RABIT	29.8	551	564	581	29	544	13	535	1.04e-49	184	sp|P21927|CHLE_RABIT Cholinesterase OS=Oryctolagus cuniculus OX=9986 GN=BCHE PE=2 SV=1
TRINITY_DN69_c0_g1_i20.p1	sp|O62760|CHLE_FELCA	30.3	545	564	602	29	544	34	556	1.98e-49	183	sp|O62760|CHLE_FELCA Cholinesterase OS=Felis catus OX=9685 GN=BCHE PE=2 SV=1
TRINITY_DN69_c0_g1_i20.p1	sp|P35501|ESTE_MYZPE	29.0	503	564	552	28	504	28	511	2.34e-49	182	sp|P35501|ESTE_MYZPE Esterase E4 OS=Myzus persicae OX=13164 PE=1 SV=1
TRINITY_DN69_c0_g1_i20.p1	sp|Q6AW47|EST5A_CANLF	30.8	548	564	575	29	556	40	557	4.72e-49	182	sp|Q6AW47|EST5A_CANLF Carboxylesterase 5A OS=Canis lupus familiaris OX=9615 GN=CES5A PE=2 SV=1
TRINITY_DN69_c0_g1_i20.p1	sp|P0C6R3|EST4A_BOVIN	28.7	571	564	550	6	543	1	549	5.96e-49	181	sp|P0C6R3|EST4A_BOVIN Carboxylesterase 4A OS=Bos taurus OX=9913 GN=CES4A PE=2 SV=1
TRINITY_DN69_c0_g1_i20.p1	sp|P06276|CHLE_HUMAN	30.1	554	564	602	29	544	34	556	9.82e-49	181	sp|P06276|CHLE_HUMAN Cholinesterase OS=Homo sapiens OX=9606 GN=BCHE PE=1 SV=1
TRINITY_DN69_c0_g1_i20.p1	sp|O62761|CHLE_PANTT	30.1	545	564	602	29	544	34	556	9.82e-49	181	sp|O62761|CHLE_PANTT Cholinesterase OS=Panthera tigris tigris OX=74535 GN=BCHE PE=2 SV=1
TRINITY_DN69_c0_g1_i20.p1	sp|Q03311|CHLE_MOUSE	30.2	549	564	603	29	544	35	557	4.92e-48	179	sp|Q03311|CHLE_MOUSE Cholinesterase OS=Mus musculus OX=10090 GN=Bche PE=1 SV=2
TRINITY_DN69_c0_g1_i20.p1	sp|P16854|EST1_CULPI	31.1	499	564	540	29	497	8	484	6.63e-48	178	sp|P16854|EST1_CULPI Esterase B1 OS=Culex pipiens OX=7175 GN=B1 PE=3 SV=1
TRINITY_DN69_c0_g1_i20.p1	sp|Q5XG92|EST4A_HUMAN	28.4	567	564	561	5	543	4	551	9.36e-48	178	sp|Q5XG92|EST4A_HUMAN Carboxylesterase 4A OS=Homo sapiens OX=9606 GN=CES4A PE=1 SV=2
TRINITY_DN69_c0_g1_i20.p1	sp|P37967|PNBA_BACSU	30.5	505	564	489	29	526	6	471	9.67e-48	176	sp|P37967|PNBA_BACSU Para-nitrobenzyl esterase OS=Bacillus subtilis (strain 168) OX=224308 GN=pnbA PE=1 SV=2
TRINITY_DN69_c0_g1_i20.p1	sp|P32749|CHLE_BOVIN	29.2	551	564	602	29	544	34	556	2.39e-47	177	sp|P32749|CHLE_BOVIN Cholinesterase OS=Bos taurus OX=9913 GN=BCHE PE=2 SV=2
TRINITY_DN69_c0_g1_i21.p1	sp|P37967|PNBA_BACSU	37.4	131	153	489	26	153	6	133	3.30e-19	86.3	sp|P37967|PNBA_BACSU Para-nitrobenzyl esterase OS=Bacillus subtilis (strain 168) OX=224308 GN=pnbA PE=1 SV=2
TRINITY_DN69_c0_g1_i21.p1	sp|P04058|ACES_TETCF	33.3	147	153	586	20	153	23	166	4.33e-18	83.2	sp|P04058|ACES_TETCF Acetylcholinesterase OS=Tetronarce californica OX=7787 GN=ache PE=1 SV=2
TRINITY_DN69_c0_g1_i21.p1	sp|Q8N0W4|NLGNX_HUMAN	32.8	174	153	816	6	153	28	200	1.57e-17	81.6	sp|Q8N0W4|NLGNX_HUMAN Neuroligin-4, X-linked OS=Homo sapiens OX=9606 GN=NLGN4X PE=1 SV=1
TRINITY_DN69_c0_g1_i21.p1	sp|O62760|CHLE_FELCA	33.6	143	153	602	21	153	29	171	3.80e-17	80.5	sp|O62760|CHLE_FELCA Cholinesterase OS=Felis catus OX=9685 GN=BCHE PE=2 SV=1
TRINITY_DN69_c0_g1_i21.p1	sp|P21927|CHLE_RABIT	34.0	141	153	581	26	153	13	150	5.13e-17	80.1	sp|P21927|CHLE_RABIT Cholinesterase OS=Oryctolagus cuniculus OX=9986 GN=BCHE PE=2 SV=1
TRINITY_DN69_c0_g1_i21.p1	sp|P07692|ACES_TORMA	32.0	147	153	590	20	153	26	169	7.02e-17	79.7	sp|P07692|ACES_TORMA Acetylcholinesterase OS=Torpedo marmorata OX=7788 GN=ache PE=1 SV=2
TRINITY_DN69_c0_g1_i21.p1	sp|O42275|ACES_ELEEL	34.5	145	153	633	24	153	29	170	7.11e-17	79.7	sp|O42275|ACES_ELEEL Acetylcholinesterase OS=Electrophorus electricus OX=8005 GN=ache PE=3 SV=1
TRINITY_DN69_c0_g1_i21.p1	sp|P06276|CHLE_HUMAN	34.2	146	153	602	21	153	29	171	9.59e-17	79.3	sp|P06276|CHLE_HUMAN Cholinesterase OS=Homo sapiens OX=9606 GN=BCHE PE=1 SV=1
TRINITY_DN69_c0_g1_i21.p1	sp|O62761|CHLE_PANTT	33.6	143	153	602	21	153	29	171	9.59e-17	79.3	sp|O62761|CHLE_PANTT Cholinesterase OS=Panthera tigris tigris OX=74535 GN=BCHE PE=2 SV=1
TRINITY_DN69_c0_g1_i21.p1	sp|Q03311|CHLE_MOUSE	35.6	146	153	603	21	153	30	172	1.31e-16	79.0	sp|Q03311|CHLE_MOUSE Cholinesterase OS=Mus musculus OX=10090 GN=Bche PE=1 SV=2
TRINITY_DN69_c0_g1_i21.p1	sp|P81908|CHLE_HORSE	36.1	144	153	574	21	153	1	143	2.40e-16	78.2	sp|P81908|CHLE_HORSE Cholinesterase OS=Equus caballus OX=9796 GN=BCHE PE=1 SV=1
TRINITY_DN69_c0_g1_i21.p1	sp|Q8NFZ3|NLGNY_HUMAN	32.2	174	153	816	6	153	28	200	2.54e-16	78.2	sp|Q8NFZ3|NLGNY_HUMAN Neuroligin-4, Y-linked OS=Homo sapiens OX=9606 GN=NLGN4Y PE=1 SV=1
TRINITY_DN69_c0_g1_i21.p1	sp|Q92035|ACES_BUNFA	33.3	165	153	606	6	153	15	176	6.14e-16	77.0	sp|Q92035|ACES_BUNFA Acetylcholinesterase OS=Bungarus fasciatus OX=8613 GN=ACHE PE=1 SV=2
TRINITY_DN69_c0_g1_i21.p1	sp|P18167|ESTP_DROME	31.3	150	153	544	5	152	6	151	8.17e-16	76.6	sp|P18167|ESTP_DROME Esterase P OS=Drosophila melanogaster OX=7227 GN=Est-P PE=2 SV=2
TRINITY_DN69_c0_g1_i21.p1	sp|Q64419|EST1_MESAU	31.9	135	153	561	31	153	39	173	1.12e-15	76.3	sp|Q64419|EST1_MESAU Liver carboxylesterase OS=Mesocricetus auratus OX=10036 PE=2 SV=1
TRINITY_DN69_c0_g1_i21.p1	sp|P14943|EST2_RABIT	33.8	136	153	532	31	153	13	147	1.51e-15	75.9	sp|P14943|EST2_RABIT Cocaine esterase OS=Oryctolagus cuniculus OX=9986 GN=CES2 PE=1 SV=2
TRINITY_DN69_c0_g1_i21.p1	sp|Q9DDE3|ACES_DANRE	34.5	145	153	634	24	153	29	170	1.56e-15	75.9	sp|Q9DDE3|ACES_DANRE Acetylcholinesterase OS=Danio rerio OX=7955 GN=ache PE=1 SV=1
TRINITY_DN69_c0_g1_i21.p1	sp|P16854|EST1_CULPI	35.8	137	153	540	22	153	4	135	2.81e-15	75.1	sp|P16854|EST1_CULPI Esterase B1 OS=Culex pipiens OX=7175 GN=B1 PE=3 SV=1
TRINITY_DN69_c0_g1_i21.p1	sp|P32749|CHLE_BOVIN	34.7	144	153	602	21	153	29	171	2.87e-15	75.1	sp|P32749|CHLE_BOVIN Cholinesterase OS=Bos taurus OX=9913 GN=BCHE PE=2 SV=2
TRINITY_DN69_c0_g1_i21.p1	sp|Q8BK48|EST2E_MOUSE	30.3	119	153	559	43	152	55	173	7.15e-15	73.9	sp|Q8BK48|EST2E_MOUSE Pyrethroid hydrolase Ces2e OS=Mus musculus OX=10090 GN=Ces2e PE=1 SV=1
TRINITY_DN69_c0_g1_i21.p1	sp|P35501|ESTE_MYZPE	30.4	138	153	552	25	153	28	160	2.45e-14	72.4	sp|P35501|ESTE_MYZPE Esterase E4 OS=Myzus persicae OX=13164 PE=1 SV=1
TRINITY_DN69_c0_g1_i21.p1	sp|P35502|ESTF_MYZPE	30.4	138	153	564	25	153	28	160	2.46e-14	72.4	sp|P35502|ESTF_MYZPE Esterase FE4 OS=Myzus persicae OX=13164 PE=1 SV=1
TRINITY_DN69_c0_g1_i21.p1	sp|Q8QZR3|EST2A_MOUSE	28.5	165	153	558	6	152	9	172	4.56e-14	71.6	sp|Q8QZR3|EST2A_MOUSE Pyrethroid hydrolase Ces2a OS=Mus musculus OX=10090 GN=Ces2a PE=1 SV=1
TRINITY_DN69_c0_g1_i21.p1	sp|A0A8B0RBM2|ACES_BOMIG	33.8	142	153	555	20	153	20	157	6.20e-14	71.2	sp|A0A8B0RBM2|ACES_BOMIG Carboxylic ester hydrolase OS=Bombus ignitus OX=130704 GN=vCaE PE=1 SV=1
TRINITY_DN69_c0_g1_i21.p1	sp|G3V7J5|EST2E_RAT	30.9	136	153	567	31	153	49	183	1.15e-13	70.5	sp|G3V7J5|EST2E_RAT Pyrethroid hydrolase Ces2e OS=Rattus norvegicus OX=10116 GN=Ces2e PE=1 SV=2
TRINITY_DN69_c0_g1_i22.p1	sp|Q64419|EST1_MESAU	31.3	553	564	561	11	541	15	543	9.02e-57	202	sp|Q64419|EST1_MESAU Liver carboxylesterase OS=Mesocricetus auratus OX=10036 PE=2 SV=1
TRINITY_DN69_c0_g1_i22.p1	sp|P12992|ESTJ_HELVI	32.0	519	564	564	16	509	15	523	2.55e-56	201	sp|P12992|ESTJ_HELVI Juvenile hormone esterase OS=Heliothis virescens OX=7102 PE=1 SV=2
TRINITY_DN69_c0_g1_i22.p1	sp|Q8QZR3|EST2A_MOUSE	31.1	557	564	558	9	538	9	537	5.87e-54	195	sp|Q8QZR3|EST2A_MOUSE Pyrethroid hydrolase Ces2a OS=Mus musculus OX=10090 GN=Ces2a PE=1 SV=1
TRINITY_DN69_c0_g1_i22.p1	sp|Q8BK48|EST2E_MOUSE	30.6	559	564	559	6	538	10	538	1.15e-53	194	sp|Q8BK48|EST2E_MOUSE Pyrethroid hydrolase Ces2e OS=Mus musculus OX=10090 GN=Ces2e PE=1 SV=1
TRINITY_DN69_c0_g1_i22.p1	sp|Q8R0W5|EST4A_MOUSE	31.2	525	564	563	46	543	55	559	4.24e-51	187	sp|Q8R0W5|EST4A_MOUSE Carboxylesterase 4A OS=Mus musculus OX=10090 GN=Ces4a PE=2 SV=2
TRINITY_DN69_c0_g1_i22.p1	sp|Q29550|EST1_PIG	30.1	565	564	566	33	563	31	566	4.46e-51	187	sp|Q29550|EST1_PIG Liver carboxylesterase OS=Sus scrofa OX=9823 PE=1 SV=1
TRINITY_DN69_c0_g1_i22.p1	sp|A0A8B0RBM2|ACES_BOMIG	31.0	490	564	555	29	497	26	499	7.06e-51	186	sp|A0A8B0RBM2|ACES_BOMIG Carboxylic ester hydrolase OS=Bombus ignitus OX=130704 GN=vCaE PE=1 SV=1
TRINITY_DN69_c0_g1_i22.p1	sp|G3V7J5|EST2E_RAT	29.8	553	564	567	9	538	25	546	1.20e-50	186	sp|G3V7J5|EST2E_RAT Pyrethroid hydrolase Ces2e OS=Rattus norvegicus OX=10116 GN=Ces2e PE=1 SV=2
TRINITY_DN69_c0_g1_i22.p1	sp|P35502|ESTF_MYZPE	29.6	503	564	564	28	504	28	511	3.00e-50	185	sp|P35502|ESTF_MYZPE Esterase FE4 OS=Myzus persicae OX=13164 PE=1 SV=1
TRINITY_DN69_c0_g1_i22.p1	sp|D6WMZ8|ESTJ_TRICA	30.5	482	564	588	48	499	53	523	4.43e-50	185	sp|D6WMZ8|ESTJ_TRICA Juvenile hormone esterase OS=Tribolium castaneum OX=7070 GN=Tcjhe PE=1 SV=2
TRINITY_DN69_c0_g1_i22.p1	sp|Q91WG0|EST2C_MOUSE	29.9	528	564	561	33	538	44	540	5.44e-50	184	sp|Q91WG0|EST2C_MOUSE Acylcarnitine hydrolase OS=Mus musculus OX=10090 GN=Ces2c PE=1 SV=1
TRINITY_DN69_c0_g1_i22.p1	sp|O70631|EST2C_RAT	30.0	530	564	561	34	538	41	540	5.44e-50	184	sp|O70631|EST2C_RAT Acylcarnitine hydrolase OS=Rattus norvegicus OX=10116 GN=Ces2c PE=1 SV=2
TRINITY_DN69_c0_g1_i22.p1	sp|P21927|CHLE_RABIT	29.6	551	564	581	29	544	13	535	7.54e-50	184	sp|P21927|CHLE_RABIT Cholinesterase OS=Oryctolagus cuniculus OX=9986 GN=BCHE PE=2 SV=1
TRINITY_DN69_c0_g1_i22.p1	sp|O62760|CHLE_FELCA	30.1	545	564	602	29	544	34	556	7.58e-50	184	sp|O62760|CHLE_FELCA Cholinesterase OS=Felis catus OX=9685 GN=BCHE PE=2 SV=1
TRINITY_DN69_c0_g1_i22.p1	sp|Q8K3R0|EST2A_RAT	29.3	546	564	558	11	538	15	537	1.88e-49	182	sp|Q8K3R0|EST2A_RAT Pyrethroid hydrolase Ces2a OS=Rattus norvegicus OX=10116 GN=Ces2a PE=1 SV=1
TRINITY_DN69_c0_g1_i22.p1	sp|O62761|CHLE_PANTT	29.9	545	564	602	29	544	34	556	3.76e-49	182	sp|O62761|CHLE_PANTT Cholinesterase OS=Panthera tigris tigris OX=74535 GN=BCHE PE=2 SV=1
TRINITY_DN69_c0_g1_i22.p1	sp|P35501|ESTE_MYZPE	29.2	503	564	552	28	504	28	511	6.17e-49	181	sp|P35501|ESTE_MYZPE Esterase E4 OS=Myzus persicae OX=13164 PE=1 SV=1
TRINITY_DN69_c0_g1_i22.p1	sp|P06276|CHLE_HUMAN	30.0	554	564	602	29	544	34	556	1.35e-48	181	sp|P06276|CHLE_HUMAN Cholinesterase OS=Homo sapiens OX=9606 GN=BCHE PE=1 SV=1
TRINITY_DN69_c0_g1_i22.p1	sp|Q03311|CHLE_MOUSE	30.1	549	564	603	29	544	35	557	1.37e-48	181	sp|Q03311|CHLE_MOUSE Cholinesterase OS=Mus musculus OX=10090 GN=Bche PE=1 SV=2
TRINITY_DN69_c0_g1_i22.p1	sp|Q6AW47|EST5A_CANLF	30.7	547	564	575	29	556	40	557	1.70e-48	180	sp|Q6AW47|EST5A_CANLF Carboxylesterase 5A OS=Canis lupus familiaris OX=9615 GN=CES5A PE=2 SV=1
TRINITY_DN69_c0_g1_i22.p1	sp|P37967|PNBA_BACSU	30.4	507	564	489	29	526	6	471	1.91e-48	178	sp|P37967|PNBA_BACSU Para-nitrobenzyl esterase OS=Bacillus subtilis (strain 168) OX=224308 GN=pnbA PE=1 SV=2
TRINITY_DN69_c0_g1_i22.p1	sp|P0C6R3|EST4A_BOVIN	28.2	570	564	550	6	543	1	549	5.68e-48	178	sp|P0C6R3|EST4A_BOVIN Carboxylesterase 4A OS=Bos taurus OX=9913 GN=CES4A PE=2 SV=1
TRINITY_DN69_c0_g1_i22.p1	sp|P32749|CHLE_BOVIN	29.0	551	564	602	29	544	34	556	1.26e-47	178	sp|P32749|CHLE_BOVIN Cholinesterase OS=Bos taurus OX=9913 GN=BCHE PE=2 SV=2
TRINITY_DN69_c0_g1_i22.p1	sp|O00748|EST2_HUMAN	27.8	536	564	559	40	552	49	552	1.72e-47	177	sp|O00748|EST2_HUMAN Cocaine esterase OS=Homo sapiens OX=9606 GN=CES2 PE=1 SV=1
TRINITY_DN69_c0_g1_i22.p1	sp|P16854|EST1_CULPI	30.7	499	564	540	29	497	8	484	2.40e-47	176	sp|P16854|EST1_CULPI Esterase B1 OS=Culex pipiens OX=7175 GN=B1 PE=3 SV=1
TRINITY_DN69_c0_g1_i23.p1	sp|P12337|EST1_RABIT	30.0	534	574	565	46	550	50	560	1.18e-55	200	sp|P12337|EST1_RABIT Liver carboxylesterase 1 OS=Oryctolagus cuniculus OX=9986 PE=1 SV=3
TRINITY_DN69_c0_g1_i23.p1	sp|P16854|EST1_CULPI	31.5	492	574	540	22	492	4	484	9.98e-55	197	sp|P16854|EST1_CULPI Esterase B1 OS=Culex pipiens OX=7175 GN=B1 PE=3 SV=1
TRINITY_DN69_c0_g1_i23.p1	sp|P23953|EST1C_MOUSE	29.2	558	574	554	26	553	26	554	2.50e-54	196	sp|P23953|EST1C_MOUSE Carboxylesterase 1C OS=Mus musculus OX=10090 GN=Ces1c PE=1 SV=4
TRINITY_DN69_c0_g1_i23.p1	sp|A0A8B0RBM2|ACES_BOMIG	30.6	496	574	555	20	492	20	499	6.76e-54	195	sp|A0A8B0RBM2|ACES_BOMIG Carboxylic ester hydrolase OS=Bombus ignitus OX=130704 GN=vCaE PE=1 SV=1
TRINITY_DN69_c0_g1_i23.p1	sp|P12992|ESTJ_HELVI	31.2	506	574	564	28	504	32	523	4.04e-53	193	sp|P12992|ESTJ_HELVI Juvenile hormone esterase OS=Heliothis virescens OX=7102 PE=1 SV=2
TRINITY_DN69_c0_g1_i23.p1	sp|P23141|EST1_HUMAN	29.8	530	574	567	46	539	50	553	7.87e-52	189	sp|P23141|EST1_HUMAN Liver carboxylesterase 1 OS=Homo sapiens OX=9606 GN=CES1 PE=1 SV=2
TRINITY_DN69_c0_g1_i23.p1	sp|O46421|EST1_MACFA	29.8	523	574	566	46	539	50	552	1.48e-51	189	sp|O46421|EST1_MACFA Liver carboxylesterase 1 OS=Macaca fascicularis OX=9541 GN=CES1 PE=2 SV=1
TRINITY_DN69_c0_g1_i23.p1	sp|Q29550|EST1_PIG	30.9	521	574	566	46	539	51	552	2.82e-51	188	sp|Q29550|EST1_PIG Liver carboxylesterase OS=Sus scrofa OX=9823 PE=1 SV=1
TRINITY_DN69_c0_g1_i23.p1	sp|P10959|EST1C_RAT	29.5	512	574	549	46	540	50	539	2.90e-51	187	sp|P10959|EST1C_RAT Carboxylesterase 1C OS=Rattus norvegicus OX=10116 GN=Ces1c PE=1 SV=3
TRINITY_DN69_c0_g1_i23.p1	sp|Q8VCT4|EST1D_MOUSE	29.6	517	574	565	46	539	50	551	5.29e-51	187	sp|Q8VCT4|EST1D_MOUSE Carboxylesterase 1D OS=Mus musculus OX=10090 GN=Ces1d PE=1 SV=1
TRINITY_DN69_c0_g1_i23.p1	sp|Q64419|EST1_MESAU	29.7	526	574	561	31	536	39	543	1.80e-50	186	sp|Q64419|EST1_MESAU Liver carboxylesterase OS=Mesocricetus auratus OX=10036 PE=2 SV=1
TRINITY_DN69_c0_g1_i23.p1	sp|P16303|EST1D_RAT	29.6	541	574	565	32	539	28	551	1.92e-50	186	sp|P16303|EST1D_RAT Carboxylesterase 1D OS=Rattus norvegicus OX=10116 GN=Ces1d PE=1 SV=2
TRINITY_DN69_c0_g1_i23.p1	sp|O70631|EST2C_RAT	30.5	528	574	561	31	533	41	540	9.00e-50	184	sp|O70631|EST2C_RAT Acylcarnitine hydrolase OS=Rattus norvegicus OX=10116 GN=Ces2c PE=1 SV=2
TRINITY_DN69_c0_g1_i23.p1	sp|D6WMZ8|ESTJ_TRICA	30.2	480	574	588	45	494	53	523	1.92e-49	183	sp|D6WMZ8|ESTJ_TRICA Juvenile hormone esterase OS=Tribolium castaneum OX=7070 GN=Tcjhe PE=1 SV=2
TRINITY_DN69_c0_g1_i23.p1	sp|Q8QZR3|EST2A_MOUSE	29.2	555	574	558	6	533	9	537	4.28e-49	182	sp|Q8QZR3|EST2A_MOUSE Pyrethroid hydrolase Ces2a OS=Mus musculus OX=10090 GN=Ces2a PE=1 SV=1
TRINITY_DN69_c0_g1_i23.p1	sp|Q63108|EST1E_RAT	29.6	517	574	561	46	536	50	548	8.56e-49	181	sp|Q63108|EST1E_RAT Carboxylesterase 1E OS=Rattus norvegicus OX=10116 GN=Ces1e PE=1 SV=1
TRINITY_DN69_c0_g1_i23.p1	sp|P35502|ESTF_MYZPE	29.8	487	574	564	32	499	43	511	8.98e-49	181	sp|P35502|ESTF_MYZPE Esterase FE4 OS=Myzus persicae OX=13164 PE=1 SV=1
TRINITY_DN69_c0_g1_i23.p1	sp|P37967|PNBA_BACSU	29.9	505	574	489	26	521	6	471	1.19e-48	179	sp|P37967|PNBA_BACSU Para-nitrobenzyl esterase OS=Bacillus subtilis (strain 168) OX=224308 GN=pnbA PE=1 SV=2
TRINITY_DN69_c0_g1_i23.p1	sp|G3V7J5|EST2E_RAT	31.2	529	574	567	31	533	49	546	1.30e-48	181	sp|G3V7J5|EST2E_RAT Pyrethroid hydrolase Ces2e OS=Rattus norvegicus OX=10116 GN=Ces2e PE=1 SV=2
TRINITY_DN69_c0_g1_i23.p1	sp|B2D0J5|EST6_APIME	28.4	507	574	557	20	504	22	513	2.10e-48	180	sp|B2D0J5|EST6_APIME Venom carboxylesterase-6 OS=Apis mellifera OX=7460 PE=2 SV=1
TRINITY_DN69_c0_g1_i23.p1	sp|Q91WG0|EST2C_MOUSE	29.0	520	574	561	30	533	44	540	2.24e-48	180	sp|Q91WG0|EST2C_MOUSE Acylcarnitine hydrolase OS=Mus musculus OX=10090 GN=Ces2c PE=1 SV=1
TRINITY_DN69_c0_g1_i23.p1	sp|Q64176|EST1E_MOUSE	28.6	524	574	562	46	539	51	552	2.28e-48	180	sp|Q64176|EST1E_MOUSE Carboxylesterase 1E OS=Mus musculus OX=10090 GN=Ces1e PE=1 SV=1
TRINITY_DN69_c0_g1_i23.p1	sp|Q63010|EST5_RAT	29.9	532	574	561	46	539	50	551	4.26e-48	179	sp|Q63010|EST5_RAT Liver carboxylesterase B-1 OS=Rattus norvegicus OX=10116 PE=1 SV=1
TRINITY_DN69_c0_g1_i23.p1	sp|P06276|CHLE_HUMAN	29.6	558	574	602	21	539	29	556	5.78e-48	179	sp|P06276|CHLE_HUMAN Cholinesterase OS=Homo sapiens OX=9606 GN=BCHE PE=1 SV=1
TRINITY_DN69_c0_g1_i23.p1	sp|P35501|ESTE_MYZPE	29.6	487	574	552	32	499	43	511	6.99e-48	178	sp|P35501|ESTE_MYZPE Esterase E4 OS=Myzus persicae OX=13164 PE=1 SV=1
TRINITY_DN69_c0_g1_i4.p1	sp|P12992|ESTJ_HELVI	32.1	520	579	564	16	509	15	523	9.55e-59	208	sp|P12992|ESTJ_HELVI Juvenile hormone esterase OS=Heliothis virescens OX=7102 PE=1 SV=2
TRINITY_DN69_c0_g1_i4.p1	sp|Q8QZR3|EST2A_MOUSE	30.5	557	579	558	9	538	9	537	4.10e-54	196	sp|Q8QZR3|EST2A_MOUSE Pyrethroid hydrolase Ces2a OS=Mus musculus OX=10090 GN=Ces2a PE=1 SV=1
TRINITY_DN69_c0_g1_i4.p1	sp|Q64419|EST1_MESAU	30.1	552	579	561	11	541	15	543	4.33e-54	196	sp|Q64419|EST1_MESAU Liver carboxylesterase OS=Mesocricetus auratus OX=10036 PE=2 SV=1
TRINITY_DN69_c0_g1_i4.p1	sp|A0A8B0RBM2|ACES_BOMIG	31.0	490	579	555	29	497	26	499	5.23e-53	192	sp|A0A8B0RBM2|ACES_BOMIG Carboxylic ester hydrolase OS=Bombus ignitus OX=130704 GN=vCaE PE=1 SV=1
TRINITY_DN69_c0_g1_i4.p1	sp|P12337|EST1_RABIT	29.0	534	579	565	49	555	50	560	8.34e-52	189	sp|P12337|EST1_RABIT Liver carboxylesterase 1 OS=Oryctolagus cuniculus OX=9986 PE=1 SV=3
TRINITY_DN69_c0_g1_i4.p1	sp|P16854|EST1_CULPI	30.9	499	579	540	29	497	8	484	1.41e-51	188	sp|P16854|EST1_CULPI Esterase B1 OS=Culex pipiens OX=7175 GN=B1 PE=3 SV=1
TRINITY_DN69_c0_g1_i4.p1	sp|P23953|EST1C_MOUSE	29.0	534	579	554	49	558	50	554	1.82e-51	188	sp|P23953|EST1C_MOUSE Carboxylesterase 1C OS=Mus musculus OX=10090 GN=Ces1c PE=1 SV=4
TRINITY_DN69_c0_g1_i4.p1	sp|G3V7J5|EST2E_RAT	30.6	559	579	567	9	538	25	546	8.27e-51	187	sp|G3V7J5|EST2E_RAT Pyrethroid hydrolase Ces2e OS=Rattus norvegicus OX=10116 GN=Ces2e PE=1 SV=2
TRINITY_DN69_c0_g1_i4.p1	sp|O00748|EST2_HUMAN	28.2	542	579	559	40	552	49	552	1.38e-50	186	sp|O00748|EST2_HUMAN Cocaine esterase OS=Homo sapiens OX=9606 GN=CES2 PE=1 SV=1
TRINITY_DN69_c0_g1_i4.p1	sp|P35502|ESTF_MYZPE	30.0	503	579	564	28	504	28	511	1.50e-50	186	sp|P35502|ESTF_MYZPE Esterase FE4 OS=Myzus persicae OX=13164 PE=1 SV=1
TRINITY_DN69_c0_g1_i4.p1	sp|D6WMZ8|ESTJ_TRICA	30.3	482	579	588	48	499	53	523	1.61e-50	186	sp|D6WMZ8|ESTJ_TRICA Juvenile hormone esterase OS=Tribolium castaneum OX=7070 GN=Tcjhe PE=1 SV=2
TRINITY_DN69_c0_g1_i4.p1	sp|P35501|ESTE_MYZPE	29.6	503	579	552	28	504	28	511	1.61e-49	183	sp|P35501|ESTE_MYZPE Esterase E4 OS=Myzus persicae OX=13164 PE=1 SV=1
TRINITY_DN69_c0_g1_i4.p1	sp|Q91WG0|EST2C_MOUSE	29.7	522	579	561	33	538	44	540	2.58e-49	182	sp|Q91WG0|EST2C_MOUSE Acylcarnitine hydrolase OS=Mus musculus OX=10090 GN=Ces2c PE=1 SV=1
TRINITY_DN69_c0_g1_i4.p1	sp|O70631|EST2C_RAT	30.2	530	579	561	34	538	41	540	6.77e-49	181	sp|O70631|EST2C_RAT Acylcarnitine hydrolase OS=Rattus norvegicus OX=10116 GN=Ces2c PE=1 SV=2
TRINITY_DN69_c0_g1_i4.p1	sp|Q8K3R0|EST2A_RAT	29.0	545	579	558	11	538	15	537	8.89e-49	181	sp|Q8K3R0|EST2A_RAT Pyrethroid hydrolase Ces2a OS=Rattus norvegicus OX=10116 GN=Ces2a PE=1 SV=1
TRINITY_DN69_c0_g1_i4.p1	sp|Q29550|EST1_PIG	30.0	540	579	566	33	544	31	552	1.01e-48	181	sp|Q29550|EST1_PIG Liver carboxylesterase OS=Sus scrofa OX=9823 PE=1 SV=1
TRINITY_DN69_c0_g1_i4.p1	sp|P37967|PNBA_BACSU	30.4	507	579	489	29	526	6	471	2.47e-48	178	sp|P37967|PNBA_BACSU Para-nitrobenzyl esterase OS=Bacillus subtilis (strain 168) OX=224308 GN=pnbA PE=1 SV=2
TRINITY_DN69_c0_g1_i4.p1	sp|P10959|EST1C_RAT	28.3	512	579	549	49	545	50	539	3.81e-48	179	sp|P10959|EST1C_RAT Carboxylesterase 1C OS=Rattus norvegicus OX=10116 GN=Ces1c PE=1 SV=3
TRINITY_DN69_c0_g1_i4.p1	sp|Q8BK48|EST2E_MOUSE	29.1	556	579	559	6	538	10	538	1.62e-47	177	sp|Q8BK48|EST2E_MOUSE Pyrethroid hydrolase Ces2e OS=Mus musculus OX=10090 GN=Ces2e PE=1 SV=1
TRINITY_DN69_c0_g1_i4.p1	sp|P06276|CHLE_HUMAN	29.5	553	579	602	29	544	34	556	3.09e-47	177	sp|P06276|CHLE_HUMAN Cholinesterase OS=Homo sapiens OX=9606 GN=BCHE PE=1 SV=1
TRINITY_DN69_c0_g1_i4.p1	sp|P21927|CHLE_RABIT	28.7	550	579	581	29	544	13	535	3.13e-47	177	sp|P21927|CHLE_RABIT Cholinesterase OS=Oryctolagus cuniculus OX=9986 GN=BCHE PE=2 SV=1
TRINITY_DN69_c0_g1_i4.p1	sp|O46421|EST1_MACFA	27.9	519	579	566	49	544	50	552	3.42e-47	177	sp|O46421|EST1_MACFA Liver carboxylesterase 1 OS=Macaca fascicularis OX=9541 GN=CES1 PE=2 SV=1
TRINITY_DN69_c0_g1_i4.p1	sp|O62760|CHLE_FELCA	29.4	540	579	602	29	544	34	556	4.25e-47	177	sp|O62760|CHLE_FELCA Cholinesterase OS=Felis catus OX=9685 GN=BCHE PE=2 SV=1
TRINITY_DN69_c0_g1_i4.p1	sp|P23141|EST1_HUMAN	29.2	530	579	567	49	544	50	553	4.79e-47	176	sp|P23141|EST1_HUMAN Liver carboxylesterase 1 OS=Homo sapiens OX=9606 GN=CES1 PE=1 SV=2
TRINITY_DN69_c0_g1_i4.p1	sp|Q8VCT4|EST1D_MOUSE	28.2	517	579	565	49	544	50	551	8.78e-47	176	sp|Q8VCT4|EST1D_MOUSE Carboxylesterase 1D OS=Mus musculus OX=10090 GN=Ces1d PE=1 SV=1
TRINITY_DN69_c0_g1_i5.p1	sp|P12992|ESTJ_HELVI	32.0	519	584	564	16	509	15	523	7.46e-57	203	sp|P12992|ESTJ_HELVI Juvenile hormone esterase OS=Heliothis virescens OX=7102 PE=1 SV=2
TRINITY_DN69_c0_g1_i5.p1	sp|Q64419|EST1_MESAU	30.6	553	584	561	11	541	15	543	2.49e-54	196	sp|Q64419|EST1_MESAU Liver carboxylesterase OS=Mesocricetus auratus OX=10036 PE=2 SV=1
TRINITY_DN69_c0_g1_i5.p1	sp|Q8QZR3|EST2A_MOUSE	30.3	557	584	558	9	538	9	537	8.09e-52	189	sp|Q8QZR3|EST2A_MOUSE Pyrethroid hydrolase Ces2a OS=Mus musculus OX=10090 GN=Ces2a PE=1 SV=1
TRINITY_DN69_c0_g1_i5.p1	sp|O62760|CHLE_FELCA	30.1	545	584	602	29	544	34	556	1.59e-50	187	sp|O62760|CHLE_FELCA Cholinesterase OS=Felis catus OX=9685 GN=BCHE PE=2 SV=1
TRINITY_DN69_c0_g1_i5.p1	sp|P21927|CHLE_RABIT	29.4	551	584	581	29	544	13	535	7.84e-50	184	sp|P21927|CHLE_RABIT Cholinesterase OS=Oryctolagus cuniculus OX=9986 GN=BCHE PE=2 SV=1
TRINITY_DN69_c0_g1_i5.p1	sp|O62761|CHLE_PANTT	29.9	545	584	602	29	544	34	556	7.90e-50	185	sp|O62761|CHLE_PANTT Cholinesterase OS=Panthera tigris tigris OX=74535 GN=BCHE PE=2 SV=1
TRINITY_DN69_c0_g1_i5.p1	sp|A0A8B0RBM2|ACES_BOMIG	31.2	491	584	555	29	497	26	499	9.71e-50	184	sp|A0A8B0RBM2|ACES_BOMIG Carboxylic ester hydrolase OS=Bombus ignitus OX=130704 GN=vCaE PE=1 SV=1
TRINITY_DN69_c0_g1_i5.p1	sp|Q8R0W5|EST4A_MOUSE	31.2	523	584	563	46	541	55	557	1.53e-49	183	sp|Q8R0W5|EST4A_MOUSE Carboxylesterase 4A OS=Mus musculus OX=10090 GN=Ces4a PE=2 SV=2
TRINITY_DN69_c0_g1_i5.p1	sp|P35502|ESTF_MYZPE	29.8	503	584	564	28	504	28	511	2.15e-49	183	sp|P35502|ESTF_MYZPE Esterase FE4 OS=Myzus persicae OX=13164 PE=1 SV=1
TRINITY_DN69_c0_g1_i5.p1	sp|Q29550|EST1_PIG	30.3	552	584	566	33	551	31	559	3.06e-49	182	sp|Q29550|EST1_PIG Liver carboxylesterase OS=Sus scrofa OX=9823 PE=1 SV=1
TRINITY_DN69_c0_g1_i5.p1	sp|P12337|EST1_RABIT	29.0	521	584	565	49	544	50	552	5.72e-49	182	sp|P12337|EST1_RABIT Liver carboxylesterase 1 OS=Oryctolagus cuniculus OX=9986 PE=1 SV=3
TRINITY_DN69_c0_g1_i5.p1	sp|Q8BK48|EST2E_MOUSE	29.4	558	584	559	6	538	10	538	9.85e-49	181	sp|Q8BK48|EST2E_MOUSE Pyrethroid hydrolase Ces2e OS=Mus musculus OX=10090 GN=Ces2e PE=1 SV=1
TRINITY_DN69_c0_g1_i5.p1	sp|P06276|CHLE_HUMAN	29.8	554	584	602	29	544	34	556	1.02e-48	182	sp|P06276|CHLE_HUMAN Cholinesterase OS=Homo sapiens OX=9606 GN=BCHE PE=1 SV=1
TRINITY_DN69_c0_g1_i5.p1	sp|Q8K3R0|EST2A_RAT	29.3	546	584	558	11	538	15	537	1.33e-48	181	sp|Q8K3R0|EST2A_RAT Pyrethroid hydrolase Ces2a OS=Rattus norvegicus OX=10116 GN=Ces2a PE=1 SV=1
TRINITY_DN69_c0_g1_i5.p1	sp|Q91WG0|EST2C_MOUSE	29.7	528	584	561	33	538	44	540	1.93e-48	180	sp|Q91WG0|EST2C_MOUSE Acylcarnitine hydrolase OS=Mus musculus OX=10090 GN=Ces2c PE=1 SV=1
TRINITY_DN69_c0_g1_i5.p1	sp|Q03311|CHLE_MOUSE	29.5	552	584	603	29	544	35	557	2.68e-48	181	sp|Q03311|CHLE_MOUSE Cholinesterase OS=Mus musculus OX=10090 GN=Bche PE=1 SV=2
TRINITY_DN69_c0_g1_i5.p1	sp|G3V7J5|EST2E_RAT	28.9	561	584	567	9	538	25	546	4.04e-48	179	sp|G3V7J5|EST2E_RAT Pyrethroid hydrolase Ces2e OS=Rattus norvegicus OX=10116 GN=Ces2e PE=1 SV=2
TRINITY_DN69_c0_g1_i5.p1	sp|P35501|ESTE_MYZPE	29.4	503	584	552	28	504	28	511	4.36e-48	179	sp|P35501|ESTE_MYZPE Esterase E4 OS=Myzus persicae OX=13164 PE=1 SV=1
TRINITY_DN69_c0_g1_i5.p1	sp|O70631|EST2C_RAT	29.6	530	584	561	34	538	41	540	5.05e-48	179	sp|O70631|EST2C_RAT Acylcarnitine hydrolase OS=Rattus norvegicus OX=10116 GN=Ces2c PE=1 SV=2
TRINITY_DN69_c0_g1_i5.p1	sp|P32749|CHLE_BOVIN	28.9	551	584	602	29	544	34	556	9.43e-48	179	sp|P32749|CHLE_BOVIN Cholinesterase OS=Bos taurus OX=9913 GN=BCHE PE=2 SV=2
TRINITY_DN69_c0_g1_i5.p1	sp|D6WMZ8|ESTJ_TRICA	30.1	482	584	588	48	499	53	523	1.06e-47	179	sp|D6WMZ8|ESTJ_TRICA Juvenile hormone esterase OS=Tribolium castaneum OX=7070 GN=Tcjhe PE=1 SV=2
TRINITY_DN69_c0_g1_i5.p1	sp|P16854|EST1_CULPI	30.7	499	584	540	29	497	8	484	6.39e-47	176	sp|P16854|EST1_CULPI Esterase B1 OS=Culex pipiens OX=7175 GN=B1 PE=3 SV=1
TRINITY_DN69_c0_g1_i5.p1	sp|B2D0J5|EST6_APIME	29.7	516	584	557	21	506	15	513	1.16e-46	175	sp|B2D0J5|EST6_APIME Venom carboxylesterase-6 OS=Apis mellifera OX=7460 PE=2 SV=1
TRINITY_DN69_c0_g1_i5.p1	sp|O00748|EST2_HUMAN	28.5	529	584	559	40	539	49	539	1.19e-46	175	sp|O00748|EST2_HUMAN Cocaine esterase OS=Homo sapiens OX=9606 GN=CES2 PE=1 SV=1
TRINITY_DN69_c0_g1_i5.p1	sp|P0C6R3|EST4A_BOVIN	28.1	570	584	550	6	543	1	549	1.42e-46	175	sp|P0C6R3|EST4A_BOVIN Carboxylesterase 4A OS=Bos taurus OX=9913 GN=CES4A PE=2 SV=1
TRINITY_DN69_c0_g1_i7.p1	sp|P12992|ESTJ_HELVI	32.4	519	584	564	16	509	15	523	1.03e-56	203	sp|P12992|ESTJ_HELVI Juvenile hormone esterase OS=Heliothis virescens OX=7102 PE=1 SV=2
TRINITY_DN69_c0_g1_i7.p1	sp|Q64419|EST1_MESAU	30.9	553	584	561	11	541	15	543	3.53e-55	199	sp|Q64419|EST1_MESAU Liver carboxylesterase OS=Mesocricetus auratus OX=10036 PE=2 SV=1
TRINITY_DN69_c0_g1_i7.p1	sp|Q8BK48|EST2E_MOUSE	30.2	559	584	559	6	538	10	538	2.26e-52	191	sp|Q8BK48|EST2E_MOUSE Pyrethroid hydrolase Ces2e OS=Mus musculus OX=10090 GN=Ces2e PE=1 SV=1
TRINITY_DN69_c0_g1_i7.p1	sp|Q8QZR3|EST2A_MOUSE	30.7	557	584	558	9	538	9	537	3.06e-52	191	sp|Q8QZR3|EST2A_MOUSE Pyrethroid hydrolase Ces2a OS=Mus musculus OX=10090 GN=Ces2a PE=1 SV=1
TRINITY_DN69_c0_g1_i7.p1	sp|A0A8B0RBM2|ACES_BOMIG	31.5	492	584	555	29	497	26	499	4.01e-52	190	sp|A0A8B0RBM2|ACES_BOMIG Carboxylic ester hydrolase OS=Bombus ignitus OX=130704 GN=vCaE PE=1 SV=1
TRINITY_DN69_c0_g1_i7.p1	sp|P35502|ESTF_MYZPE	29.6	503	584	564	28	504	28	511	6.50e-52	190	sp|P35502|ESTF_MYZPE Esterase FE4 OS=Myzus persicae OX=13164 PE=1 SV=1
TRINITY_DN69_c0_g1_i7.p1	sp|Q8R0W5|EST4A_MOUSE	31.4	523	584	563	46	541	55	557	6.13e-51	187	sp|Q8R0W5|EST4A_MOUSE Carboxylesterase 4A OS=Mus musculus OX=10090 GN=Ces4a PE=2 SV=2
TRINITY_DN69_c0_g1_i7.p1	sp|D6WMZ8|ESTJ_TRICA	30.5	482	584	588	48	499	53	523	9.27e-51	187	sp|D6WMZ8|ESTJ_TRICA Juvenile hormone esterase OS=Tribolium castaneum OX=7070 GN=Tcjhe PE=1 SV=2
TRINITY_DN69_c0_g1_i7.p1	sp|P35501|ESTE_MYZPE	29.2	503	584	552	28	504	28	511	1.33e-50	186	sp|P35501|ESTE_MYZPE Esterase E4 OS=Myzus persicae OX=13164 PE=1 SV=1
TRINITY_DN69_c0_g1_i7.p1	sp|P21927|CHLE_RABIT	29.8	551	584	581	29	544	13	535	2.17e-50	186	sp|P21927|CHLE_RABIT Cholinesterase OS=Oryctolagus cuniculus OX=9986 GN=BCHE PE=2 SV=1
TRINITY_DN69_c0_g1_i7.p1	sp|O62760|CHLE_FELCA	30.3	545	584	602	29	544	34	556	4.16e-50	186	sp|O62760|CHLE_FELCA Cholinesterase OS=Felis catus OX=9685 GN=BCHE PE=2 SV=1
TRINITY_DN69_c0_g1_i7.p1	sp|Q8K3R0|EST2A_RAT	29.3	546	584	558	11	538	15	537	1.02e-49	184	sp|Q8K3R0|EST2A_RAT Pyrethroid hydrolase Ces2a OS=Rattus norvegicus OX=10116 GN=Ces2a PE=1 SV=1
TRINITY_DN69_c0_g1_i7.p1	sp|O70631|EST2C_RAT	30.0	530	584	561	34	538	41	540	1.48e-49	183	sp|O70631|EST2C_RAT Acylcarnitine hydrolase OS=Rattus norvegicus OX=10116 GN=Ces2c PE=1 SV=2
TRINITY_DN69_c0_g1_i7.p1	sp|Q29550|EST1_PIG	30.0	553	584	566	33	551	31	559	1.61e-49	183	sp|Q29550|EST1_PIG Liver carboxylesterase OS=Sus scrofa OX=9823 PE=1 SV=1
TRINITY_DN69_c0_g1_i7.p1	sp|O62761|CHLE_PANTT	30.1	545	584	602	29	544	34	556	2.06e-49	184	sp|O62761|CHLE_PANTT Cholinesterase OS=Panthera tigris tigris OX=74535 GN=BCHE PE=2 SV=1
TRINITY_DN69_c0_g1_i7.p1	sp|Q91WG0|EST2C_MOUSE	29.5	528	584	561	33	538	44	540	7.38e-49	181	sp|Q91WG0|EST2C_MOUSE Acylcarnitine hydrolase OS=Mus musculus OX=10090 GN=Ces2c PE=1 SV=1
TRINITY_DN69_c0_g1_i7.p1	sp|P06276|CHLE_HUMAN	30.1	554	584	602	29	544	34	556	7.39e-49	182	sp|P06276|CHLE_HUMAN Cholinesterase OS=Homo sapiens OX=9606 GN=BCHE PE=1 SV=1
TRINITY_DN69_c0_g1_i7.p1	sp|P0C6R3|EST4A_BOVIN	28.1	570	584	550	6	543	1	549	8.47e-49	181	sp|P0C6R3|EST4A_BOVIN Carboxylesterase 4A OS=Bos taurus OX=9913 GN=CES4A PE=2 SV=1
TRINITY_DN69_c0_g1_i7.p1	sp|P16854|EST1_CULPI	31.1	499	584	540	29	497	8	484	1.36e-48	180	sp|P16854|EST1_CULPI Esterase B1 OS=Culex pipiens OX=7175 GN=B1 PE=3 SV=1
TRINITY_DN69_c0_g1_i7.p1	sp|G3V7J5|EST2E_RAT	29.5	553	584	567	9	538	25	546	2.13e-48	180	sp|G3V7J5|EST2E_RAT Pyrethroid hydrolase Ces2e OS=Rattus norvegicus OX=10116 GN=Ces2e PE=1 SV=2
TRINITY_DN69_c0_g1_i7.p1	sp|P32749|CHLE_BOVIN	29.2	551	584	602	29	544	34	556	4.99e-48	180	sp|P32749|CHLE_BOVIN Cholinesterase OS=Bos taurus OX=9913 GN=BCHE PE=2 SV=2
TRINITY_DN69_c0_g1_i7.p1	sp|Q03311|CHLE_MOUSE	30.1	549	584	603	29	544	35	557	5.07e-48	180	sp|Q03311|CHLE_MOUSE Cholinesterase OS=Mus musculus OX=10090 GN=Bche PE=1 SV=2
TRINITY_DN69_c0_g1_i7.p1	sp|P12337|EST1_RABIT	28.6	521	584	565	49	544	50	552	1.02e-47	178	sp|P12337|EST1_RABIT Liver carboxylesterase 1 OS=Oryctolagus cuniculus OX=9986 PE=1 SV=3
TRINITY_DN69_c0_g1_i7.p1	sp|B2D0J5|EST6_APIME	29.7	516	584	557	21	506	15	513	1.70e-47	177	sp|B2D0J5|EST6_APIME Venom carboxylesterase-6 OS=Apis mellifera OX=7460 PE=2 SV=1
TRINITY_DN69_c0_g1_i7.p1	sp|P37967|PNBA_BACSU	30.3	505	584	489	29	526	6	471	1.87e-47	176	sp|P37967|PNBA_BACSU Para-nitrobenzyl esterase OS=Bacillus subtilis (strain 168) OX=224308 GN=pnbA PE=1 SV=2
TRINITY_DN69_c0_g1_i8.p1	sp|Q64419|EST1_MESAU	31.1	527	579	561	31	536	39	543	1.59e-53	194	sp|Q64419|EST1_MESAU Liver carboxylesterase OS=Mesocricetus auratus OX=10036 PE=2 SV=1
TRINITY_DN69_c0_g1_i8.p1	sp|Q29550|EST1_PIG	30.0	557	579	566	26	546	27	559	1.22e-52	192	sp|Q29550|EST1_PIG Liver carboxylesterase OS=Sus scrofa OX=9823 PE=1 SV=1
TRINITY_DN69_c0_g1_i8.p1	sp|A0A8B0RBM2|ACES_BOMIG	30.6	496	579	555	20	492	20	499	1.28e-50	186	sp|A0A8B0RBM2|ACES_BOMIG Carboxylic ester hydrolase OS=Bombus ignitus OX=130704 GN=vCaE PE=1 SV=1
TRINITY_DN69_c0_g1_i8.p1	sp|P21927|CHLE_RABIT	30.4	552	579	581	26	539	13	535	3.78e-50	185	sp|P21927|CHLE_RABIT Cholinesterase OS=Oryctolagus cuniculus OX=9986 GN=BCHE PE=2 SV=1
TRINITY_DN69_c0_g1_i8.p1	sp|P12337|EST1_RABIT	29.2	521	579	565	46	539	50	552	4.01e-50	185	sp|P12337|EST1_RABIT Liver carboxylesterase 1 OS=Oryctolagus cuniculus OX=9986 PE=1 SV=3
TRINITY_DN69_c0_g1_i8.p1	sp|O62760|CHLE_FELCA	30.8	552	579	602	21	539	29	556	5.25e-50	185	sp|O62760|CHLE_FELCA Cholinesterase OS=Felis catus OX=9685 GN=BCHE PE=2 SV=1
TRINITY_DN69_c0_g1_i8.p1	sp|P06276|CHLE_HUMAN	30.4	559	579	602	21	539	29	556	9.95e-50	184	sp|P06276|CHLE_HUMAN Cholinesterase OS=Homo sapiens OX=9606 GN=BCHE PE=1 SV=1
TRINITY_DN69_c0_g1_i8.p1	sp|O62761|CHLE_PANTT	31.0	552	579	602	21	539	29	556	9.95e-50	184	sp|O62761|CHLE_PANTT Cholinesterase OS=Panthera tigris tigris OX=74535 GN=BCHE PE=2 SV=1
TRINITY_DN69_c0_g1_i8.p1	sp|B2D0J5|EST6_APIME	30.2	507	579	557	20	501	22	513	1.27e-49	183	sp|B2D0J5|EST6_APIME Venom carboxylesterase-6 OS=Apis mellifera OX=7460 PE=2 SV=1
TRINITY_DN69_c0_g1_i8.p1	sp|Q8BK48|EST2E_MOUSE	30.3	532	579	559	31	533	39	538	2.50e-49	182	sp|Q8BK48|EST2E_MOUSE Pyrethroid hydrolase Ces2e OS=Mus musculus OX=10090 GN=Ces2e PE=1 SV=1
TRINITY_DN69_c0_g1_i8.p1	sp|P0C6R3|EST4A_BOVIN	28.7	537	579	550	27	538	30	549	2.96e-49	182	sp|P0C6R3|EST4A_BOVIN Carboxylesterase 4A OS=Bos taurus OX=9913 GN=CES4A PE=2 SV=1
TRINITY_DN69_c0_g1_i8.p1	sp|P12992|ESTJ_HELVI	30.7	505	579	564	28	504	32	523	3.74e-49	182	sp|P12992|ESTJ_HELVI Juvenile hormone esterase OS=Heliothis virescens OX=7102 PE=1 SV=2
TRINITY_DN69_c0_g1_i8.p1	sp|P16854|EST1_CULPI	30.9	492	579	540	22	492	4	484	4.75e-49	181	sp|P16854|EST1_CULPI Esterase B1 OS=Culex pipiens OX=7175 GN=B1 PE=3 SV=1
TRINITY_DN69_c0_g1_i8.p1	sp|O46421|EST1_MACFA	28.6	528	579	566	46	546	50	559	7.35e-49	181	sp|O46421|EST1_MACFA Liver carboxylesterase 1 OS=Macaca fascicularis OX=9541 GN=CES1 PE=2 SV=1
TRINITY_DN69_c0_g1_i8.p1	sp|Q8R0W5|EST4A_MOUSE	30.4	539	579	563	29	536	39	557	9.65e-49	181	sp|Q8R0W5|EST4A_MOUSE Carboxylesterase 4A OS=Mus musculus OX=10090 GN=Ces4a PE=2 SV=2
TRINITY_DN69_c0_g1_i8.p1	sp|O70631|EST2C_RAT	29.9	528	579	561	31	533	41	540	1.29e-48	181	sp|O70631|EST2C_RAT Acylcarnitine hydrolase OS=Rattus norvegicus OX=10116 GN=Ces2c PE=1 SV=2
TRINITY_DN69_c0_g1_i8.p1	sp|P16303|EST1D_RAT	29.2	520	579	565	46	539	50	551	1.89e-48	180	sp|P16303|EST1D_RAT Carboxylesterase 1D OS=Rattus norvegicus OX=10116 GN=Ces1d PE=1 SV=2
TRINITY_DN69_c0_g1_i8.p1	sp|P32749|CHLE_BOVIN	30.2	557	579	602	21	539	29	556	2.42e-48	181	sp|P32749|CHLE_BOVIN Cholinesterase OS=Bos taurus OX=9913 GN=BCHE PE=2 SV=2
TRINITY_DN69_c0_g1_i8.p1	sp|P23953|EST1C_MOUSE	28.6	552	579	554	26	546	26	547	3.00e-48	179	sp|P23953|EST1C_MOUSE Carboxylesterase 1C OS=Mus musculus OX=10090 GN=Ces1c PE=1 SV=4
TRINITY_DN69_c0_g1_i8.p1	sp|D6WMZ8|ESTJ_TRICA	30.6	481	579	588	45	494	53	523	3.73e-48	180	sp|D6WMZ8|ESTJ_TRICA Juvenile hormone esterase OS=Tribolium castaneum OX=7070 GN=Tcjhe PE=1 SV=2
TRINITY_DN69_c0_g1_i8.p1	sp|P23141|EST1_HUMAN	28.4	535	579	567	46	546	50	560	5.11e-48	179	sp|P23141|EST1_HUMAN Liver carboxylesterase 1 OS=Homo sapiens OX=9606 GN=CES1 PE=1 SV=2
TRINITY_DN69_c0_g1_i8.p1	sp|Q03311|CHLE_MOUSE	30.3	558	579	603	21	539	30	557	6.40e-48	179	sp|Q03311|CHLE_MOUSE Cholinesterase OS=Mus musculus OX=10090 GN=Bche PE=1 SV=2
TRINITY_DN69_c0_g1_i8.p1	sp|P35502|ESTF_MYZPE	29.4	486	579	564	32	499	43	511	1.27e-47	178	sp|P35502|ESTF_MYZPE Esterase FE4 OS=Myzus persicae OX=13164 PE=1 SV=1
TRINITY_DN69_c0_g1_i8.p1	sp|P81908|CHLE_HORSE	30.1	559	579	574	21	539	1	528	1.49e-47	178	sp|P81908|CHLE_HORSE Cholinesterase OS=Equus caballus OX=9796 GN=BCHE PE=1 SV=1
TRINITY_DN69_c0_g1_i8.p1	sp|Q5XG92|EST4A_HUMAN	29.1	546	579	561	25	538	28	551	3.17e-47	177	sp|Q5XG92|EST4A_HUMAN Carboxylesterase 4A OS=Homo sapiens OX=9606 GN=CES4A PE=1 SV=2
TRINITY_DN69_c0_g1_i9.p1	sp|Q29550|EST1_PIG	30.3	558	579	566	26	546	27	559	1.22e-52	192	sp|Q29550|EST1_PIG Liver carboxylesterase OS=Sus scrofa OX=9823 PE=1 SV=1
TRINITY_DN69_c0_g1_i9.p1	sp|Q64419|EST1_MESAU	30.4	527	579	561	31	536	39	543	1.07e-51	189	sp|Q64419|EST1_MESAU Liver carboxylesterase OS=Mesocricetus auratus OX=10036 PE=2 SV=1
TRINITY_DN69_c0_g1_i9.p1	sp|P12337|EST1_RABIT	29.4	521	579	565	46	539	50	552	5.79e-51	187	sp|P12337|EST1_RABIT Liver carboxylesterase 1 OS=Oryctolagus cuniculus OX=9986 PE=1 SV=3
TRINITY_DN69_c0_g1_i9.p1	sp|P0C6R3|EST4A_BOVIN	30.1	538	579	550	27	538	30	549	8.52e-51	186	sp|P0C6R3|EST4A_BOVIN Carboxylesterase 4A OS=Bos taurus OX=9913 GN=CES4A PE=2 SV=1
TRINITY_DN69_c0_g1_i9.p1	sp|O46421|EST1_MACFA	29.4	528	579	566	46	546	50	559	1.12e-50	186	sp|O46421|EST1_MACFA Liver carboxylesterase 1 OS=Macaca fascicularis OX=9541 GN=CES1 PE=2 SV=1
TRINITY_DN69_c0_g1_i9.p1	sp|A0A8B0RBM2|ACES_BOMIG	30.6	496	579	555	20	492	20	499	1.77e-50	186	sp|A0A8B0RBM2|ACES_BOMIG Carboxylic ester hydrolase OS=Bombus ignitus OX=130704 GN=vCaE PE=1 SV=1
TRINITY_DN69_c0_g1_i9.p1	sp|Q8R0W5|EST4A_MOUSE	30.6	539	579	563	29	536	39	557	2.03e-50	186	sp|Q8R0W5|EST4A_MOUSE Carboxylesterase 4A OS=Mus musculus OX=10090 GN=Ces4a PE=2 SV=2
TRINITY_DN69_c0_g1_i9.p1	sp|P23141|EST1_HUMAN	29.3	535	579	567	46	546	50	560	2.18e-50	186	sp|P23141|EST1_HUMAN Liver carboxylesterase 1 OS=Homo sapiens OX=9606 GN=CES1 PE=1 SV=2
TRINITY_DN69_c0_g1_i9.p1	sp|D6WMZ8|ESTJ_TRICA	30.6	480	579	588	45	494	53	523	2.22e-50	186	sp|D6WMZ8|ESTJ_TRICA Juvenile hormone esterase OS=Tribolium castaneum OX=7070 GN=Tcjhe PE=1 SV=2
TRINITY_DN69_c0_g1_i9.p1	sp|O62760|CHLE_FELCA	31.1	550	579	602	21	539	29	556	2.76e-50	186	sp|O62760|CHLE_FELCA Cholinesterase OS=Felis catus OX=9685 GN=BCHE PE=2 SV=1
TRINITY_DN69_c0_g1_i9.p1	sp|P21927|CHLE_RABIT	30.4	552	579	581	26	539	13	535	3.78e-50	185	sp|P21927|CHLE_RABIT Cholinesterase OS=Oryctolagus cuniculus OX=9986 GN=BCHE PE=2 SV=1
TRINITY_DN69_c0_g1_i9.p1	sp|P06276|CHLE_HUMAN	30.4	559	579	602	21	539	29	556	5.25e-50	185	sp|P06276|CHLE_HUMAN Cholinesterase OS=Homo sapiens OX=9606 GN=BCHE PE=1 SV=1
TRINITY_DN69_c0_g1_i9.p1	sp|O62761|CHLE_PANTT	31.3	550	579	602	21	539	29	556	5.25e-50	185	sp|O62761|CHLE_PANTT Cholinesterase OS=Panthera tigris tigris OX=74535 GN=BCHE PE=2 SV=1
TRINITY_DN69_c0_g1_i9.p1	sp|P16854|EST1_CULPI	31.5	492	579	540	22	492	4	484	9.47e-50	183	sp|P16854|EST1_CULPI Esterase B1 OS=Culex pipiens OX=7175 GN=B1 PE=3 SV=1
TRINITY_DN69_c0_g1_i9.p1	sp|O70631|EST2C_RAT	29.9	528	579	561	31	533	41	540	2.58e-49	182	sp|O70631|EST2C_RAT Acylcarnitine hydrolase OS=Rattus norvegicus OX=10116 GN=Ces2c PE=1 SV=2
TRINITY_DN69_c0_g1_i9.p1	sp|Q5XG92|EST4A_HUMAN	29.2	544	579	561	25	538	28	551	2.58e-49	182	sp|Q5XG92|EST4A_HUMAN Carboxylesterase 4A OS=Homo sapiens OX=9606 GN=CES4A PE=1 SV=2
TRINITY_DN69_c0_g1_i9.p1	sp|P12992|ESTJ_HELVI	30.8	507	579	564	28	504	32	523	2.71e-49	182	sp|P12992|ESTJ_HELVI Juvenile hormone esterase OS=Heliothis virescens OX=7102 PE=1 SV=2
TRINITY_DN69_c0_g1_i9.p1	sp|B2D0J5|EST6_APIME	29.7	505	579	557	20	501	22	513	4.60e-49	182	sp|B2D0J5|EST6_APIME Venom carboxylesterase-6 OS=Apis mellifera OX=7460 PE=2 SV=1
TRINITY_DN69_c0_g1_i9.p1	sp|P32749|CHLE_BOVIN	30.3	555	579	602	21	539	29	556	9.32e-49	182	sp|P32749|CHLE_BOVIN Cholinesterase OS=Bos taurus OX=9913 GN=BCHE PE=2 SV=2
TRINITY_DN69_c0_g1_i9.p1	sp|Q8BK48|EST2E_MOUSE	30.5	532	579	559	31	533	39	538	4.49e-48	179	sp|Q8BK48|EST2E_MOUSE Pyrethroid hydrolase Ces2e OS=Mus musculus OX=10090 GN=Ces2e PE=1 SV=1
TRINITY_DN69_c0_g1_i9.p1	sp|P23953|EST1C_MOUSE	28.3	552	579	554	26	546	26	547	5.71e-48	179	sp|P23953|EST1C_MOUSE Carboxylesterase 1C OS=Mus musculus OX=10090 GN=Ces1c PE=1 SV=4
TRINITY_DN69_c0_g1_i9.p1	sp|Q03311|CHLE_MOUSE	30.0	554	579	603	21	539	30	557	8.79e-48	179	sp|Q03311|CHLE_MOUSE Cholinesterase OS=Mus musculus OX=10090 GN=Bche PE=1 SV=2
TRINITY_DN69_c0_g1_i9.p1	sp|Q8QZR3|EST2A_MOUSE	29.3	552	579	558	6	533	9	537	1.16e-47	178	sp|Q8QZR3|EST2A_MOUSE Pyrethroid hydrolase Ces2a OS=Mus musculus OX=10090 GN=Ces2a PE=1 SV=1
TRINITY_DN69_c0_g1_i9.p1	sp|Q91WG0|EST2C_MOUSE	28.9	526	579	561	30	533	44	540	1.21e-47	178	sp|Q91WG0|EST2C_MOUSE Acylcarnitine hydrolase OS=Mus musculus OX=10090 GN=Ces2c PE=1 SV=1
TRINITY_DN69_c0_g1_i9.p1	sp|Q8VCT4|EST1D_MOUSE	30.0	520	579	565	46	539	50	551	1.78e-47	177	sp|Q8VCT4|EST1D_MOUSE Carboxylesterase 1D OS=Mus musculus OX=10090 GN=Ces1d PE=1 SV=1
TRINITY_DN920_c0_g1_i10.p1	sp|P12992|ESTJ_HELVI	31.8	409	447	564	1	390	105	505	2.50e-41	157	sp|P12992|ESTJ_HELVI Juvenile hormone esterase OS=Heliothis virescens OX=7102 PE=1 SV=2
TRINITY_DN920_c0_g1_i10.p1	sp|B2D0J5|EST6_APIME	30.2	351	447	557	3	345	106	449	2.01e-39	152	sp|B2D0J5|EST6_APIME Venom carboxylesterase-6 OS=Apis mellifera OX=7460 PE=2 SV=1
TRINITY_DN920_c0_g1_i10.p1	sp|A0A8B0RBM2|ACES_BOMIG	30.7	349	447	555	3	345	105	444	2.69e-39	152	sp|A0A8B0RBM2|ACES_BOMIG Carboxylic ester hydrolase OS=Bombus ignitus OX=130704 GN=vCaE PE=1 SV=1
TRINITY_DN920_c0_g1_i10.p1	sp|P35502|ESTF_MYZPE	28.8	351	447	564	2	343	103	445	4.75e-37	145	sp|P35502|ESTF_MYZPE Esterase FE4 OS=Myzus persicae OX=13164 PE=1 SV=1
TRINITY_DN920_c0_g1_i10.p1	sp|P35501|ESTE_MYZPE	28.2	351	447	552	2	343	103	445	9.78e-36	142	sp|P35501|ESTE_MYZPE Esterase E4 OS=Myzus persicae OX=13164 PE=1 SV=1
TRINITY_DN920_c0_g1_i10.p1	sp|P16854|EST1_CULPI	29.3	368	447	540	3	357	82	443	2.00e-34	138	sp|P16854|EST1_CULPI Esterase B1 OS=Culex pipiens OX=7175 GN=B1 PE=3 SV=1
TRINITY_DN920_c0_g1_i10.p1	sp|P37967|PNBA_BACSU	33.1	338	447	489	3	336	80	387	1.91e-33	134	sp|P37967|PNBA_BACSU Para-nitrobenzyl esterase OS=Bacillus subtilis (strain 168) OX=224308 GN=pnbA PE=1 SV=2
TRINITY_DN920_c0_g1_i10.p1	sp|Q04456|EST1_CAEBR	29.9	385	447	562	3	348	91	451	4.20e-31	129	sp|Q04456|EST1_CAEBR Gut esterase 1 OS=Caenorhabditis briggsae OX=6238 GN=ges-1 PE=2 SV=1
TRINITY_DN920_c0_g1_i10.p1	sp|P23953|EST1C_MOUSE	29.9	348	447	554	1	341	112	445	7.31e-31	128	sp|P23953|EST1C_MOUSE Carboxylesterase 1C OS=Mus musculus OX=10090 GN=Ces1c PE=1 SV=4
TRINITY_DN920_c0_g1_i10.p1	sp|Q95000|CHLE1_BRALA	33.3	249	447	357	1	244	3	245	7.44e-31	125	sp|Q95000|CHLE1_BRALA Cholinesterase 1 (Fragment) OS=Branchiostoma lanceolatum OX=7740 GN=CHE1 PE=3 SV=1
TRINITY_DN920_c0_g1_i10.p1	sp|W4VSJ0|ACES_TRILK	36.7	270	447	559	1	251	110	362	7.60e-31	128	sp|W4VSJ0|ACES_TRILK Acetylcholinesterase-1 OS=Trittame loki OX=1295018 PE=1 SV=1
TRINITY_DN920_c0_g1_i10.p1	sp|Q8NFZ3|NLGNY_HUMAN	33.7	258	447	816	3	252	144	381	4.46e-30	127	sp|Q8NFZ3|NLGNY_HUMAN Neuroligin-4, Y-linked OS=Homo sapiens OX=9606 GN=NLGN4Y PE=1 SV=1
TRINITY_DN920_c0_g1_i10.p1	sp|Q8N0W4|NLGNX_HUMAN	33.6	256	447	816	3	252	144	381	1.46e-29	125	sp|Q8N0W4|NLGNX_HUMAN Neuroligin-4, X-linked OS=Homo sapiens OX=9606 GN=NLGN4X PE=1 SV=1
TRINITY_DN920_c0_g1_i10.p1	sp|O16172|EST5B_DROPE	29.2	349	447	545	3	336	101	443	1.47e-29	124	sp|O16172|EST5B_DROPE Esterase-5B OS=Drosophila persimilis OX=7234 GN=Est-5B PE=3 SV=1
TRINITY_DN920_c0_g1_i10.p1	sp|Q64285|CEL_MOUSE	31.2	378	447	599	2	357	97	456	1.53e-29	124	sp|Q64285|CEL_MOUSE Bile salt-activated lipase OS=Mus musculus OX=10090 GN=Cel PE=1 SV=1
TRINITY_DN920_c0_g1_i10.p1	sp|Q9UKY3|CES1P_HUMAN	45.5	145	447	287	1	145	113	255	3.22e-29	119	sp|Q9UKY3|CES1P_HUMAN Putative inactive carboxylesterase 4 OS=Homo sapiens OX=9606 GN=CES1P1 PE=5 SV=2
TRINITY_DN920_c0_g1_i10.p1	sp|P07882|CEL_RAT	36.0	258	447	612	2	246	97	343	5.45e-29	123	sp|P07882|CEL_RAT Bile salt-activated lipase OS=Rattus norvegicus OX=10116 GN=Cel PE=1 SV=2
TRINITY_DN920_c0_g1_i10.p1	sp|Q8VCU1|EST3B_MOUSE	28.2	365	447	571	1	363	123	467	8.05e-29	122	sp|Q8VCU1|EST3B_MOUSE Carboxylesterase 3B OS=Mus musculus OX=10090 GN=Ces3b PE=1 SV=2
TRINITY_DN920_c0_g1_i10.p1	sp|P25726|EST5B_DROPS	30.1	349	447	545	3	336	101	443	9.22e-29	122	sp|P25726|EST5B_DROPS Esterase-5B OS=Drosophila pseudoobscura pseudoobscura OX=46245 GN=Est-5B PE=2 SV=2
TRINITY_DN920_c0_g1_i10.p1	sp|P25727|EST5A_DROPS	29.1	350	447	548	3	336	104	446	9.42e-29	122	sp|P25727|EST5A_DROPS Esterase-5A OS=Drosophila pseudoobscura pseudoobscura OX=46245 GN=Est-5A PE=3 SV=3
TRINITY_DN920_c0_g1_i10.p1	sp|P12337|EST1_RABIT	30.5	357	447	565	3	338	114	450	1.43e-28	121	sp|P12337|EST1_RABIT Liver carboxylesterase 1 OS=Oryctolagus cuniculus OX=9986 PE=1 SV=3
TRINITY_DN920_c0_g1_i10.p1	sp|D6WMZ8|ESTJ_TRICA	28.2	380	447	588	3	357	107	480	1.62e-28	121	sp|D6WMZ8|ESTJ_TRICA Juvenile hormone esterase OS=Tribolium castaneum OX=7070 GN=Tcjhe PE=1 SV=2
TRINITY_DN920_c0_g1_i10.p1	sp|O16173|EST5A_DROPE	29.1	350	447	548	3	336	104	446	1.73e-28	121	sp|O16173|EST5A_DROPE Esterase-5A OS=Drosophila persimilis OX=7234 GN=Est-5A PE=3 SV=1
TRINITY_DN920_c0_g1_i10.p1	sp|Q63880|EST3A_MOUSE	28.7	341	447	571	1	336	123	441	2.00e-28	121	sp|Q63880|EST3A_MOUSE Carboxylesterase 3A OS=Mus musculus OX=10090 GN=Ces3a PE=1 SV=2
TRINITY_DN920_c0_g1_i10.p1	sp|Q5RCL7|EST3_PONAB	29.2	342	447	569	1	336	118	439	2.68e-28	120	sp|Q5RCL7|EST3_PONAB Carboxylesterase 3 OS=Pongo abelii OX=9601 GN=CES3 PE=2 SV=2
TRINITY_DN920_c0_g1_i13.p1	sp|P12992|ESTJ_HELVI	31.2	455	538	564	37	461	105	542	6.60e-44	167	sp|P12992|ESTJ_HELVI Juvenile hormone esterase OS=Heliothis virescens OX=7102 PE=1 SV=2
TRINITY_DN920_c0_g1_i13.p1	sp|A0A8B0RBM2|ACES_BOMIG	27.2	489	538	555	2	474	67	544	6.81e-42	161	sp|A0A8B0RBM2|ACES_BOMIG Carboxylic ester hydrolase OS=Bombus ignitus OX=130704 GN=vCaE PE=1 SV=1
TRINITY_DN920_c0_g1_i13.p1	sp|P35502|ESTF_MYZPE	29.2	387	538	564	2	378	70	445	3.73e-41	159	sp|P35502|ESTF_MYZPE Esterase FE4 OS=Myzus persicae OX=13164 PE=1 SV=1
TRINITY_DN920_c0_g1_i13.p1	sp|P35501|ESTE_MYZPE	28.7	387	538	552	2	378	70	445	7.45e-40	155	sp|P35501|ESTE_MYZPE Esterase E4 OS=Myzus persicae OX=13164 PE=1 SV=1
TRINITY_DN920_c0_g1_i13.p1	sp|B2D0J5|EST6_APIME	30.5	351	538	557	39	380	106	449	7.13e-39	152	sp|B2D0J5|EST6_APIME Venom carboxylesterase-6 OS=Apis mellifera OX=7460 PE=2 SV=1
TRINITY_DN920_c0_g1_i13.p1	sp|P12337|EST1_RABIT	28.3	467	538	565	35	477	110	552	1.47e-38	152	sp|P12337|EST1_RABIT Liver carboxylesterase 1 OS=Oryctolagus cuniculus OX=9986 PE=1 SV=3
TRINITY_DN920_c0_g1_i13.p1	sp|P37967|PNBA_BACSU	29.1	475	538	489	1	462	41	474	1.24e-37	148	sp|P37967|PNBA_BACSU Para-nitrobenzyl esterase OS=Bacillus subtilis (strain 168) OX=224308 GN=pnbA PE=1 SV=2
TRINITY_DN920_c0_g1_i13.p1	sp|P23953|EST1C_MOUSE	28.4	451	538	554	35	477	110	540	1.38e-36	146	sp|P23953|EST1C_MOUSE Carboxylesterase 1C OS=Mus musculus OX=10090 GN=Ces1c PE=1 SV=4
TRINITY_DN920_c0_g1_i13.p1	sp|P16854|EST1_CULPI	27.8	464	538	540	39	475	82	534	4.07e-36	144	sp|P16854|EST1_CULPI Esterase B1 OS=Culex pipiens OX=7175 GN=B1 PE=3 SV=1
TRINITY_DN920_c0_g1_i13.p1	sp|P23141|EST1_HUMAN	27.5	459	538	567	35	477	110	553	1.88e-35	143	sp|P23141|EST1_HUMAN Liver carboxylesterase 1 OS=Homo sapiens OX=9606 GN=CES1 PE=1 SV=2
TRINITY_DN920_c0_g1_i13.p1	sp|Q8VCU1|EST3B_MOUSE	27.8	450	538	571	34	471	120	547	2.28e-34	140	sp|Q8VCU1|EST3B_MOUSE Carboxylesterase 3B OS=Mus musculus OX=10090 GN=Ces3b PE=1 SV=2
TRINITY_DN920_c0_g1_i13.p1	sp|O46421|EST1_MACFA	27.8	457	538	566	35	477	110	552	1.36e-33	137	sp|O46421|EST1_MACFA Liver carboxylesterase 1 OS=Macaca fascicularis OX=9541 GN=CES1 PE=2 SV=1
TRINITY_DN920_c0_g1_i13.p1	sp|Q63880|EST3A_MOUSE	27.4	453	538	571	34	471	120	547	1.43e-33	137	sp|Q63880|EST3A_MOUSE Carboxylesterase 3A OS=Mus musculus OX=10090 GN=Ces3a PE=1 SV=2
TRINITY_DN920_c0_g1_i13.p1	sp|P16303|EST1D_RAT	28.6	462	538	565	35	477	110	551	2.49e-33	137	sp|P16303|EST1D_RAT Carboxylesterase 1D OS=Rattus norvegicus OX=10116 GN=Ces1d PE=1 SV=2
TRINITY_DN920_c0_g1_i13.p1	sp|P10959|EST1C_RAT	28.9	454	538	549	35	477	110	538	2.90e-33	136	sp|P10959|EST1C_RAT Carboxylesterase 1C OS=Rattus norvegicus OX=10116 GN=Ces1c PE=1 SV=3
TRINITY_DN920_c0_g1_i13.p1	sp|Q8VCT4|EST1D_MOUSE	27.9	462	538	565	35	477	110	551	3.38e-33	136	sp|Q8VCT4|EST1D_MOUSE Carboxylesterase 1D OS=Mus musculus OX=10090 GN=Ces1d PE=1 SV=1
TRINITY_DN920_c0_g1_i13.p1	sp|Q64285|CEL_MOUSE	28.8	469	538	599	38	476	97	547	6.04e-33	136	sp|Q64285|CEL_MOUSE Bile salt-activated lipase OS=Mus musculus OX=10090 GN=Cel PE=1 SV=1
TRINITY_DN920_c0_g1_i13.p1	sp|Q5RCL7|EST3_PONAB	28.4	458	538	569	30	471	111	545	8.72e-33	135	sp|Q5RCL7|EST3_PONAB Carboxylesterase 3 OS=Pongo abelii OX=9601 GN=CES3 PE=2 SV=2
TRINITY_DN920_c0_g1_i13.p1	sp|P07882|CEL_RAT	28.9	470	538	612	38	476	97	547	1.21e-32	135	sp|P07882|CEL_RAT Bile salt-activated lipase OS=Rattus norvegicus OX=10116 GN=Cel PE=1 SV=2
TRINITY_DN920_c0_g1_i13.p1	sp|Q63010|EST5_RAT	26.9	461	538	561	35	477	110	551	5.03e-32	133	sp|Q63010|EST5_RAT Liver carboxylesterase B-1 OS=Rattus norvegicus OX=10116 PE=1 SV=1
TRINITY_DN920_c0_g1_i13.p1	sp|Q64573|EST1F_RAT	27.4	460	538	561	35	477	110	551	6.82e-32	132	sp|Q64573|EST1F_RAT Liver carboxylesterase 1F OS=Rattus norvegicus OX=10116 GN=Ces1f PE=1 SV=2
TRINITY_DN920_c0_g1_i13.p1	sp|Q64419|EST1_MESAU	27.7	458	538	561	2	441	76	511	9.23e-32	132	sp|Q64419|EST1_MESAU Liver carboxylesterase OS=Mesocricetus auratus OX=10036 PE=2 SV=1
TRINITY_DN920_c0_g1_i13.p1	sp|Q6UWW8|EST3_HUMAN	28.4	457	538	571	30	471	113	547	1.00e-31	132	sp|Q6UWW8|EST3_HUMAN Carboxylesterase 3 OS=Homo sapiens OX=9606 GN=CES3 PE=1 SV=1
TRINITY_DN920_c0_g1_i13.p1	sp|O62760|CHLE_FELCA	26.7	475	538	602	27	477	102	556	1.26e-31	132	sp|O62760|CHLE_FELCA Cholinesterase OS=Felis catus OX=9685 GN=BCHE PE=2 SV=1
TRINITY_DN920_c0_g1_i13.p1	sp|Q64176|EST1E_MOUSE	25.6	472	538	562	35	477	111	552	2.31e-31	131	sp|Q64176|EST1E_MOUSE Carboxylesterase 1E OS=Mus musculus OX=10090 GN=Ces1e PE=1 SV=1
TRINITY_DN920_c0_g1_i14.p1	sp|P12992|ESTJ_HELVI	30.1	541	620	564	26	542	10	542	1.92e-48	181	sp|P12992|ESTJ_HELVI Juvenile hormone esterase OS=Heliothis virescens OX=7102 PE=1 SV=2
TRINITY_DN920_c0_g1_i14.p1	sp|A0A8B0RBM2|ACES_BOMIG	28.3	526	620	555	49	555	31	544	1.95e-46	175	sp|A0A8B0RBM2|ACES_BOMIG Carboxylic ester hydrolase OS=Bombus ignitus OX=130704 GN=vCaE PE=1 SV=1
TRINITY_DN920_c0_g1_i14.p1	sp|P35502|ESTF_MYZPE	29.3	409	620	564	60	459	48	445	7.98e-46	174	sp|P35502|ESTF_MYZPE Esterase FE4 OS=Myzus persicae OX=13164 PE=1 SV=1
TRINITY_DN920_c0_g1_i14.p1	sp|B2D0J5|EST6_APIME	29.3	434	620	557	42	461	23	449	6.54e-45	171	sp|B2D0J5|EST6_APIME Venom carboxylesterase-6 OS=Apis mellifera OX=7460 PE=2 SV=1
TRINITY_DN920_c0_g1_i14.p1	sp|P35501|ESTE_MYZPE	28.9	409	620	552	60	459	48	445	1.56e-44	170	sp|P35501|ESTE_MYZPE Esterase E4 OS=Myzus persicae OX=13164 PE=1 SV=1
TRINITY_DN920_c0_g1_i14.p1	sp|P37967|PNBA_BACSU	29.6	507	620	489	49	543	11	474	4.66e-43	164	sp|P37967|PNBA_BACSU Para-nitrobenzyl esterase OS=Bacillus subtilis (strain 168) OX=224308 GN=pnbA PE=1 SV=2
TRINITY_DN920_c0_g1_i14.p1	sp|P16854|EST1_CULPI	28.3	537	620	540	49	556	13	534	3.33e-41	160	sp|P16854|EST1_CULPI Esterase B1 OS=Culex pipiens OX=7175 GN=B1 PE=3 SV=1
TRINITY_DN920_c0_g1_i14.p1	sp|Q8VCU1|EST3B_MOUSE	28.1	533	620	571	43	552	40	547	9.46e-41	159	sp|Q8VCU1|EST3B_MOUSE Carboxylesterase 3B OS=Mus musculus OX=10090 GN=Ces3b PE=1 SV=2
TRINITY_DN920_c0_g1_i14.p1	sp|Q63880|EST3A_MOUSE	28.0	536	620	571	43	552	40	547	1.29e-40	159	sp|Q63880|EST3A_MOUSE Carboxylesterase 3A OS=Mus musculus OX=10090 GN=Ces3a PE=1 SV=2
TRINITY_DN920_c0_g1_i14.p1	sp|Q5RCL7|EST3_PONAB	27.8	546	620	569	40	552	30	545	5.91e-40	157	sp|Q5RCL7|EST3_PONAB Carboxylesterase 3 OS=Pongo abelii OX=9601 GN=CES3 PE=2 SV=2
TRINITY_DN920_c0_g1_i14.p1	sp|Q64419|EST1_MESAU	28.9	499	620	561	49	522	39	511	6.32e-39	154	sp|Q64419|EST1_MESAU Liver carboxylesterase OS=Mesocricetus auratus OX=10036 PE=2 SV=1
TRINITY_DN920_c0_g1_i14.p1	sp|P23953|EST1C_MOUSE	27.2	540	620	554	44	558	26	540	7.88e-39	154	sp|P23953|EST1C_MOUSE Carboxylesterase 1C OS=Mus musculus OX=10090 GN=Ces1c PE=1 SV=4
TRINITY_DN920_c0_g1_i14.p1	sp|P23141|EST1_HUMAN	26.9	520	620	567	63	558	49	553	1.26e-38	153	sp|P23141|EST1_HUMAN Liver carboxylesterase 1 OS=Homo sapiens OX=9606 GN=CES1 PE=1 SV=2
TRINITY_DN920_c0_g1_i14.p1	sp|Q6UWW8|EST3_HUMAN	28.7	536	620	571	43	552	35	547	1.79e-38	153	sp|Q6UWW8|EST3_HUMAN Carboxylesterase 3 OS=Homo sapiens OX=9606 GN=CES3 PE=1 SV=1
TRINITY_DN920_c0_g1_i14.p1	sp|P12337|EST1_RABIT	27.7	528	620	565	63	558	49	552	3.09e-38	152	sp|P12337|EST1_RABIT Liver carboxylesterase 1 OS=Oryctolagus cuniculus OX=9986 PE=1 SV=3
TRINITY_DN920_c0_g1_i14.p1	sp|W4VSJ0|ACES_TRILK	34.9	335	620	559	61	367	52	362	7.23e-38	151	sp|W4VSJ0|ACES_TRILK Acetylcholinesterase-1 OS=Trittame loki OX=1295018 PE=1 SV=1
TRINITY_DN920_c0_g1_i14.p1	sp|Q8K3R0|EST2A_RAT	26.8	519	620	558	49	552	39	537	4.49e-37	149	sp|Q8K3R0|EST2A_RAT Pyrethroid hydrolase Ces2a OS=Rattus norvegicus OX=10116 GN=Ces2a PE=1 SV=1
TRINITY_DN920_c0_g1_i14.p1	sp|O46421|EST1_MACFA	27.3	516	620	566	63	558	49	552	4.92e-37	149	sp|O46421|EST1_MACFA Liver carboxylesterase 1 OS=Macaca fascicularis OX=9541 GN=CES1 PE=2 SV=1
TRINITY_DN920_c0_g1_i14.p1	sp|O16172|EST5B_DROPE	30.0	426	620	545	44	452	28	443	5.22e-37	148	sp|O16172|EST5B_DROPE Esterase-5B OS=Drosophila persimilis OX=7234 GN=Est-5B PE=3 SV=1
TRINITY_DN920_c0_g1_i14.p1	sp|P25727|EST5A_DROPS	29.5	427	620	548	44	452	31	446	1.36e-36	147	sp|P25727|EST5A_DROPS Esterase-5A OS=Drosophila pseudoobscura pseudoobscura OX=46245 GN=Est-5A PE=3 SV=3
TRINITY_DN920_c0_g1_i14.p1	sp|O16173|EST5A_DROPE	29.5	427	620	548	44	452	31	446	2.50e-36	146	sp|O16173|EST5A_DROPE Esterase-5A OS=Drosophila persimilis OX=7234 GN=Est-5A PE=3 SV=1
TRINITY_DN920_c0_g1_i14.p1	sp|P08171|EST6_DROME	27.9	420	620	544	44	452	30	442	3.24e-36	146	sp|P08171|EST6_DROME Esterase-6 OS=Drosophila melanogaster OX=7227 GN=Est-6 PE=1 SV=2
TRINITY_DN920_c0_g1_i14.p1	sp|P25726|EST5B_DROPS	30.8	426	620	545	44	452	28	443	3.28e-36	146	sp|P25726|EST5B_DROPS Esterase-5B OS=Drosophila pseudoobscura pseudoobscura OX=46245 GN=Est-5B PE=2 SV=2
TRINITY_DN920_c0_g1_i14.p1	sp|P22303|ACES_HUMAN	27.5	539	620	614	49	558	46	569	3.63e-36	147	sp|P22303|ACES_HUMAN Acetylcholinesterase OS=Homo sapiens OX=9606 GN=ACHE PE=1 SV=1
TRINITY_DN920_c0_g1_i14.p1	sp|Q29499|ACES_RABIT	27.4	551	620	584	42	558	4	539	6.78e-36	145	sp|Q29499|ACES_RABIT Acetylcholinesterase (Fragment) OS=Oryctolagus cuniculus OX=9986 GN=ACHE PE=2 SV=1
TRINITY_DN920_c0_g1_i16.p1	sp|P12992|ESTJ_HELVI	30.7	446	503	564	1	426	105	542	1.73e-43	165	sp|P12992|ESTJ_HELVI Juvenile hormone esterase OS=Heliothis virescens OX=7102 PE=1 SV=2
TRINITY_DN920_c0_g1_i16.p1	sp|A0A8B0RBM2|ACES_BOMIG	28.4	450	503	555	3	439	105	544	1.13e-39	154	sp|A0A8B0RBM2|ACES_BOMIG Carboxylic ester hydrolase OS=Bombus ignitus OX=130704 GN=vCaE PE=1 SV=1
TRINITY_DN920_c0_g1_i16.p1	sp|B2D0J5|EST6_APIME	30.2	351	503	557	3	345	106	449	5.60e-39	152	sp|B2D0J5|EST6_APIME Venom carboxylesterase-6 OS=Apis mellifera OX=7460 PE=2 SV=1
TRINITY_DN920_c0_g1_i16.p1	sp|P35502|ESTF_MYZPE	28.8	351	503	564	2	343	103	445	1.25e-36	145	sp|P35502|ESTF_MYZPE Esterase FE4 OS=Myzus persicae OX=13164 PE=1 SV=1
TRINITY_DN920_c0_g1_i16.p1	sp|P12337|EST1_RABIT	28.7	463	503	565	3	442	114	552	8.18e-36	143	sp|P12337|EST1_RABIT Liver carboxylesterase 1 OS=Oryctolagus cuniculus OX=9986 PE=1 SV=3
TRINITY_DN920_c0_g1_i16.p1	sp|P23953|EST1C_MOUSE	28.2	450	503	554	1	442	112	540	1.36e-35	142	sp|P23953|EST1C_MOUSE Carboxylesterase 1C OS=Mus musculus OX=10090 GN=Ces1c PE=1 SV=4
TRINITY_DN920_c0_g1_i16.p1	sp|P35501|ESTE_MYZPE	28.2	351	503	552	2	343	103	445	2.48e-35	142	sp|P35501|ESTE_MYZPE Esterase E4 OS=Myzus persicae OX=13164 PE=1 SV=1
TRINITY_DN920_c0_g1_i16.p1	sp|P23141|EST1_HUMAN	27.3	455	503	567	1	442	112	553	1.36e-34	140	sp|P23141|EST1_HUMAN Liver carboxylesterase 1 OS=Homo sapiens OX=9606 GN=CES1 PE=1 SV=2
TRINITY_DN920_c0_g1_i16.p1	sp|P16854|EST1_CULPI	27.8	464	503	540	3	440	82	534	1.92e-34	139	sp|P16854|EST1_CULPI Esterase B1 OS=Culex pipiens OX=7175 GN=B1 PE=3 SV=1
TRINITY_DN920_c0_g1_i16.p1	sp|P37967|PNBA_BACSU	29.4	436	503	489	3	427	80	474	2.40e-33	135	sp|P37967|PNBA_BACSU Para-nitrobenzyl esterase OS=Bacillus subtilis (strain 168) OX=224308 GN=pnbA PE=1 SV=2
TRINITY_DN920_c0_g1_i16.p1	sp|O46421|EST1_MACFA	28.0	453	503	566	1	442	112	552	3.97e-33	135	sp|O46421|EST1_MACFA Liver carboxylesterase 1 OS=Macaca fascicularis OX=9541 GN=CES1 PE=2 SV=1
TRINITY_DN920_c0_g1_i16.p1	sp|Q64285|CEL_MOUSE	28.9	470	503	599	2	441	97	547	9.51e-33	135	sp|Q64285|CEL_MOUSE Bile salt-activated lipase OS=Mus musculus OX=10090 GN=Cel PE=1 SV=1
TRINITY_DN920_c0_g1_i16.p1	sp|P07882|CEL_RAT	29.1	471	503	612	2	441	97	547	1.91e-32	134	sp|P07882|CEL_RAT Bile salt-activated lipase OS=Rattus norvegicus OX=10116 GN=Cel PE=1 SV=2
TRINITY_DN920_c0_g1_i16.p1	sp|Q8VCU1|EST3B_MOUSE	27.2	448	503	571	1	436	123	547	1.92e-32	134	sp|Q8VCU1|EST3B_MOUSE Carboxylesterase 3B OS=Mus musculus OX=10090 GN=Ces3b PE=1 SV=2
TRINITY_DN920_c0_g1_i16.p1	sp|Q63880|EST3A_MOUSE	27.1	451	503	571	1	436	123	547	4.79e-32	132	sp|Q63880|EST3A_MOUSE Carboxylesterase 3A OS=Mus musculus OX=10090 GN=Ces3a PE=1 SV=2
TRINITY_DN920_c0_g1_i16.p1	sp|P16303|EST1D_RAT	28.8	459	503	565	3	442	114	551	1.14e-31	131	sp|P16303|EST1D_RAT Carboxylesterase 1D OS=Rattus norvegicus OX=10116 GN=Ces1d PE=1 SV=2
TRINITY_DN920_c0_g1_i16.p1	sp|Q5RCL7|EST3_PONAB	27.9	452	503	569	1	436	118	545	1.59e-31	131	sp|Q5RCL7|EST3_PONAB Carboxylesterase 3 OS=Pongo abelii OX=9601 GN=CES3 PE=2 SV=2
TRINITY_DN920_c0_g1_i16.p1	sp|Q8R0W5|EST4A_MOUSE	27.7	455	503	563	3	439	121	557	2.79e-31	130	sp|Q8R0W5|EST4A_MOUSE Carboxylesterase 4A OS=Mus musculus OX=10090 GN=Ces4a PE=2 SV=2
TRINITY_DN920_c0_g1_i16.p1	sp|P10959|EST1C_RAT	28.6	451	503	549	3	442	114	538	3.38e-31	130	sp|P10959|EST1C_RAT Carboxylesterase 1C OS=Rattus norvegicus OX=10116 GN=Ces1c PE=1 SV=3
TRINITY_DN920_c0_g1_i16.p1	sp|Q8VCT4|EST1D_MOUSE	27.9	459	503	565	3	442	114	551	3.85e-31	130	sp|Q8VCT4|EST1D_MOUSE Carboxylesterase 1D OS=Mus musculus OX=10090 GN=Ces1d PE=1 SV=1
TRINITY_DN920_c0_g1_i16.p1	sp|Q64419|EST1_MESAU	28.8	420	503	561	1	406	118	511	9.28e-31	129	sp|Q64419|EST1_MESAU Liver carboxylesterase OS=Mesocricetus auratus OX=10036 PE=2 SV=1
TRINITY_DN920_c0_g1_i16.p1	sp|Q04456|EST1_CAEBR	29.9	385	503	562	3	348	91	451	9.35e-31	129	sp|Q04456|EST1_CAEBR Gut esterase 1 OS=Caenorhabditis briggsae OX=6238 GN=ges-1 PE=2 SV=1
TRINITY_DN920_c0_g1_i16.p1	sp|Q95000|CHLE1_BRALA	33.3	249	503	357	1	244	3	245	1.55e-30	125	sp|Q95000|CHLE1_BRALA Cholinesterase 1 (Fragment) OS=Branchiostoma lanceolatum OX=7740 GN=CHE1 PE=3 SV=1
TRINITY_DN920_c0_g1_i16.p1	sp|W4VSJ0|ACES_TRILK	36.7	270	503	559	1	251	110	362	1.68e-30	128	sp|W4VSJ0|ACES_TRILK Acetylcholinesterase-1 OS=Trittame loki OX=1295018 PE=1 SV=1
TRINITY_DN920_c0_g1_i16.p1	sp|Q8K3R0|EST2A_RAT	27.0	440	503	558	1	436	118	537	2.25e-30	127	sp|Q8K3R0|EST2A_RAT Pyrethroid hydrolase Ces2a OS=Rattus norvegicus OX=10116 GN=Ces2a PE=1 SV=1
TRINITY_DN920_c0_g1_i17.p1	sp|P12992|ESTJ_HELVI	30.1	541	619	564	26	542	10	542	4.91e-48	180	sp|P12992|ESTJ_HELVI Juvenile hormone esterase OS=Heliothis virescens OX=7102 PE=1 SV=2
TRINITY_DN920_c0_g1_i17.p1	sp|A0A8B0RBM2|ACES_BOMIG	27.9	526	619	555	49	555	31	544	2.87e-47	177	sp|A0A8B0RBM2|ACES_BOMIG Carboxylic ester hydrolase OS=Bombus ignitus OX=130704 GN=vCaE PE=1 SV=1
TRINITY_DN920_c0_g1_i17.p1	sp|P35502|ESTF_MYZPE	29.3	409	619	564	60	459	48	445	1.62e-46	176	sp|P35502|ESTF_MYZPE Esterase FE4 OS=Myzus persicae OX=13164 PE=1 SV=1
TRINITY_DN920_c0_g1_i17.p1	sp|B2D0J5|EST6_APIME	29.2	424	619	557	49	461	33	449	1.33e-45	173	sp|B2D0J5|EST6_APIME Venom carboxylesterase-6 OS=Apis mellifera OX=7460 PE=2 SV=1
TRINITY_DN920_c0_g1_i17.p1	sp|P35501|ESTE_MYZPE	28.9	409	619	552	60	459	48	445	3.18e-45	172	sp|P35501|ESTE_MYZPE Esterase E4 OS=Myzus persicae OX=13164 PE=1 SV=1
TRINITY_DN920_c0_g1_i17.p1	sp|P37967|PNBA_BACSU	29.4	507	619	489	49	543	11	474	1.19e-42	163	sp|P37967|PNBA_BACSU Para-nitrobenzyl esterase OS=Bacillus subtilis (strain 168) OX=224308 GN=pnbA PE=1 SV=2
TRINITY_DN920_c0_g1_i17.p1	sp|Q8VCU1|EST3B_MOUSE	28.2	531	619	571	43	552	40	547	4.18e-42	163	sp|Q8VCU1|EST3B_MOUSE Carboxylesterase 3B OS=Mus musculus OX=10090 GN=Ces3b PE=1 SV=2
TRINITY_DN920_c0_g1_i17.p1	sp|P16854|EST1_CULPI	28.3	537	619	540	49	556	13	534	9.43e-42	162	sp|P16854|EST1_CULPI Esterase B1 OS=Culex pipiens OX=7175 GN=B1 PE=3 SV=1
TRINITY_DN920_c0_g1_i17.p1	sp|Q63880|EST3A_MOUSE	27.9	534	619	571	43	552	40	547	1.45e-41	162	sp|Q63880|EST3A_MOUSE Carboxylesterase 3A OS=Mus musculus OX=10090 GN=Ces3a PE=1 SV=2
TRINITY_DN920_c0_g1_i17.p1	sp|P23953|EST1C_MOUSE	27.4	522	619	554	58	558	44	540	6.57e-40	157	sp|P23953|EST1C_MOUSE Carboxylesterase 1C OS=Mus musculus OX=10090 GN=Ces1c PE=1 SV=4
TRINITY_DN920_c0_g1_i17.p1	sp|P12337|EST1_RABIT	27.8	528	619	565	63	558	49	552	7.57e-40	157	sp|P12337|EST1_RABIT Liver carboxylesterase 1 OS=Oryctolagus cuniculus OX=9986 PE=1 SV=3
TRINITY_DN920_c0_g1_i17.p1	sp|P23141|EST1_HUMAN	26.9	520	619	567	63	558	49	553	2.67e-39	155	sp|P23141|EST1_HUMAN Liver carboxylesterase 1 OS=Homo sapiens OX=9606 GN=CES1 PE=1 SV=2
TRINITY_DN920_c0_g1_i17.p1	sp|Q5RCL7|EST3_PONAB	27.5	546	619	569	40	552	30	545	2.74e-39	155	sp|Q5RCL7|EST3_PONAB Carboxylesterase 3 OS=Pongo abelii OX=9601 GN=CES3 PE=2 SV=2
TRINITY_DN920_c0_g1_i17.p1	sp|Q64419|EST1_MESAU	28.7	499	619	561	49	522	39	511	1.16e-38	153	sp|Q64419|EST1_MESAU Liver carboxylesterase OS=Mesocricetus auratus OX=10036 PE=2 SV=1
TRINITY_DN920_c0_g1_i17.p1	sp|W4VSJ0|ACES_TRILK	34.9	335	619	559	61	367	52	362	5.26e-38	151	sp|W4VSJ0|ACES_TRILK Acetylcholinesterase-1 OS=Trittame loki OX=1295018 PE=1 SV=1
TRINITY_DN920_c0_g1_i17.p1	sp|Q6UWW8|EST3_HUMAN	28.5	534	619	571	43	552	37	547	6.06e-38	151	sp|Q6UWW8|EST3_HUMAN Carboxylesterase 3 OS=Homo sapiens OX=9606 GN=CES3 PE=1 SV=1
TRINITY_DN920_c0_g1_i17.p1	sp|O46421|EST1_MACFA	27.3	516	619	566	63	558	49	552	1.06e-37	150	sp|O46421|EST1_MACFA Liver carboxylesterase 1 OS=Macaca fascicularis OX=9541 GN=CES1 PE=2 SV=1
TRINITY_DN920_c0_g1_i17.p1	sp|Q8K3R0|EST2A_RAT	26.8	519	619	558	49	552	39	537	1.31e-37	150	sp|Q8K3R0|EST2A_RAT Pyrethroid hydrolase Ces2a OS=Rattus norvegicus OX=10116 GN=Ces2a PE=1 SV=1
TRINITY_DN920_c0_g1_i17.p1	sp|O16172|EST5B_DROPE	29.6	426	619	545	44	452	28	443	7.03e-37	148	sp|O16172|EST5B_DROPE Esterase-5B OS=Drosophila persimilis OX=7234 GN=Est-5B PE=3 SV=1
TRINITY_DN920_c0_g1_i17.p1	sp|P25726|EST5B_DROPS	30.3	426	619	545	44	452	28	443	4.40e-36	145	sp|P25726|EST5B_DROPS Esterase-5B OS=Drosophila pseudoobscura pseudoobscura OX=46245 GN=Est-5B PE=2 SV=2
TRINITY_DN920_c0_g1_i17.p1	sp|Q8N0W4|NLGNX_HUMAN	30.7	384	619	816	12	368	19	381	5.78e-36	147	sp|Q8N0W4|NLGNX_HUMAN Neuroligin-4, X-linked OS=Homo sapiens OX=9606 GN=NLGN4X PE=1 SV=1
TRINITY_DN920_c0_g1_i17.p1	sp|P22303|ACES_HUMAN	27.0	529	619	614	57	558	56	569	6.56e-36	146	sp|P22303|ACES_HUMAN Acetylcholinesterase OS=Homo sapiens OX=9606 GN=ACHE PE=1 SV=1
TRINITY_DN920_c0_g1_i17.p1	sp|P86325|EST1_THEFU	41.2	221	619	497	47	264	8	221	2.04e-35	143	sp|P86325|EST1_THEFU Carboxylesterase OS=Thermobifida fusca OX=2021 PE=1 SV=1
TRINITY_DN920_c0_g1_i17.p1	sp|Q47M62|EST1_THEFY	41.2	221	619	497	47	264	8	221	2.04e-35	143	sp|Q47M62|EST1_THEFY Carboxylesterase OS=Thermobifida fusca (strain YX) OX=269800 GN=Tfu_2427 PE=3 SV=1
TRINITY_DN920_c0_g1_i17.p1	sp|Q29499|ACES_RABIT	27.0	529	619	584	57	558	26	539	2.25e-35	144	sp|Q29499|ACES_RABIT Acetylcholinesterase (Fragment) OS=Oryctolagus cuniculus OX=9986 GN=ACHE PE=2 SV=1
TRINITY_DN920_c0_g1_i19.p1	sp|P12992|ESTJ_HELVI	29.0	541	588	564	8	511	11	542	1.58e-48	181	sp|P12992|ESTJ_HELVI Juvenile hormone esterase OS=Heliothis virescens OX=7102 PE=1 SV=2
TRINITY_DN920_c0_g1_i19.p1	sp|P37967|PNBA_BACSU	30.9	515	588	489	23	512	4	474	5.00e-46	172	sp|P37967|PNBA_BACSU Para-nitrobenzyl esterase OS=Bacillus subtilis (strain 168) OX=224308 GN=pnbA PE=1 SV=2
TRINITY_DN920_c0_g1_i19.p1	sp|A0A8B0RBM2|ACES_BOMIG	28.1	526	588	555	25	524	26	544	2.66e-44	169	sp|A0A8B0RBM2|ACES_BOMIG Carboxylic ester hydrolase OS=Bombus ignitus OX=130704 GN=vCaE PE=1 SV=1
TRINITY_DN920_c0_g1_i19.p1	sp|Q64285|CEL_MOUSE	29.0	520	588	599	42	526	48	547	2.35e-43	167	sp|Q64285|CEL_MOUSE Bile salt-activated lipase OS=Mus musculus OX=10090 GN=Cel PE=1 SV=1
TRINITY_DN920_c0_g1_i19.p1	sp|P35502|ESTF_MYZPE	28.6	402	588	564	42	428	49	445	1.82e-42	164	sp|P35502|ESTF_MYZPE Esterase FE4 OS=Myzus persicae OX=13164 PE=1 SV=1
TRINITY_DN920_c0_g1_i19.p1	sp|Q8N0W4|NLGNX_HUMAN	31.3	348	588	816	15	329	38	376	8.58e-42	164	sp|Q8N0W4|NLGNX_HUMAN Neuroligin-4, X-linked OS=Homo sapiens OX=9606 GN=NLGN4X PE=1 SV=1
TRINITY_DN920_c0_g1_i19.p1	sp|Q8NFZ3|NLGNY_HUMAN	31.6	348	588	816	15	329	38	376	1.16e-41	164	sp|Q8NFZ3|NLGNY_HUMAN Neuroligin-4, Y-linked OS=Homo sapiens OX=9606 GN=NLGN4Y PE=1 SV=1
TRINITY_DN920_c0_g1_i19.p1	sp|P16854|EST1_CULPI	28.2	536	588	540	25	525	8	534	1.61e-41	160	sp|P16854|EST1_CULPI Esterase B1 OS=Culex pipiens OX=7175 GN=B1 PE=3 SV=1
TRINITY_DN920_c0_g1_i19.p1	sp|P08171|EST6_DROME	29.7	427	588	544	20	421	25	442	1.70e-41	160	sp|P08171|EST6_DROME Esterase-6 OS=Drosophila melanogaster OX=7227 GN=Est-6 PE=1 SV=2
TRINITY_DN920_c0_g1_i19.p1	sp|P35501|ESTE_MYZPE	28.1	402	588	552	42	428	49	445	3.56e-41	160	sp|P35501|ESTE_MYZPE Esterase E4 OS=Myzus persicae OX=13164 PE=1 SV=1
TRINITY_DN920_c0_g1_i19.p1	sp|P07882|CEL_RAT	28.6	521	588	612	42	526	48	547	7.46e-41	160	sp|P07882|CEL_RAT Bile salt-activated lipase OS=Rattus norvegicus OX=10116 GN=Cel PE=1 SV=2
TRINITY_DN920_c0_g1_i19.p1	sp|Q08662|EST6_DROSI	29.3	427	588	542	20	421	23	440	2.03e-40	157	sp|Q08662|EST6_DROSI Esterase 6 OS=Drosophila simulans OX=7240 GN=Est-6 PE=3 SV=1
TRINITY_DN920_c0_g1_i19.p1	sp|O62760|CHLE_FELCA	27.1	543	588	602	24	527	33	556	2.31e-40	158	sp|O62760|CHLE_FELCA Cholinesterase OS=Felis catus OX=9685 GN=BCHE PE=2 SV=1
TRINITY_DN920_c0_g1_i19.p1	sp|P16303|EST1D_RAT	28.2	547	588	565	24	527	25	551	3.77e-40	157	sp|P16303|EST1D_RAT Carboxylesterase 1D OS=Rattus norvegicus OX=10116 GN=Ces1d PE=1 SV=2
TRINITY_DN920_c0_g1_i19.p1	sp|P12337|EST1_RABIT	26.5	520	588	565	44	527	49	552	3.77e-40	157	sp|P12337|EST1_RABIT Liver carboxylesterase 1 OS=Oryctolagus cuniculus OX=9986 PE=1 SV=3
TRINITY_DN920_c0_g1_i19.p1	sp|P23141|EST1_HUMAN	26.8	519	588	567	44	527	49	553	7.20e-40	156	sp|P23141|EST1_HUMAN Liver carboxylesterase 1 OS=Homo sapiens OX=9606 GN=CES1 PE=1 SV=2
TRINITY_DN920_c0_g1_i19.p1	sp|O62761|CHLE_PANTT	27.1	543	588	602	24	527	33	556	7.94e-40	157	sp|O62761|CHLE_PANTT Cholinesterase OS=Panthera tigris tigris OX=74535 GN=BCHE PE=2 SV=1
TRINITY_DN920_c0_g1_i19.p1	sp|Q8R0W5|EST4A_MOUSE	27.9	517	588	563	42	524	55	557	9.34e-40	156	sp|Q8R0W5|EST4A_MOUSE Carboxylesterase 4A OS=Mus musculus OX=10090 GN=Ces4a PE=2 SV=2
TRINITY_DN920_c0_g1_i19.p1	sp|P23953|EST1C_MOUSE	27.7	535	588	554	24	527	25	540	1.14e-39	155	sp|P23953|EST1C_MOUSE Carboxylesterase 1C OS=Mus musculus OX=10090 GN=Ces1c PE=1 SV=4
TRINITY_DN920_c0_g1_i19.p1	sp|B2D0J5|EST6_APIME	30.6	435	588	557	25	430	28	449	1.18e-39	155	sp|B2D0J5|EST6_APIME Venom carboxylesterase-6 OS=Apis mellifera OX=7460 PE=2 SV=1
TRINITY_DN920_c0_g1_i19.p1	sp|Q29499|ACES_RABIT	28.9	547	588	584	24	527	10	539	1.20e-39	156	sp|Q29499|ACES_RABIT Acetylcholinesterase (Fragment) OS=Oryctolagus cuniculus OX=9986 GN=ACHE PE=2 SV=1
TRINITY_DN920_c0_g1_i19.p1	sp|P22303|ACES_HUMAN	29.3	550	588	614	24	527	40	569	1.23e-39	156	sp|P22303|ACES_HUMAN Acetylcholinesterase OS=Homo sapiens OX=9606 GN=ACHE PE=1 SV=1
TRINITY_DN920_c0_g1_i19.p1	sp|O46421|EST1_MACFA	27.1	516	588	566	44	527	49	552	1.81e-39	155	sp|O46421|EST1_MACFA Liver carboxylesterase 1 OS=Macaca fascicularis OX=9541 GN=CES1 PE=2 SV=1
TRINITY_DN920_c0_g1_i19.p1	sp|Q8K3R0|EST2A_RAT	27.6	526	588	558	26	521	35	537	3.04e-39	154	sp|Q8K3R0|EST2A_RAT Pyrethroid hydrolase Ces2a OS=Rattus norvegicus OX=10116 GN=Ces2a PE=1 SV=1
TRINITY_DN920_c0_g1_i19.p1	sp|Q5XG92|EST4A_HUMAN	27.6	519	588	561	42	526	48	551	4.31e-39	154	sp|Q5XG92|EST4A_HUMAN Carboxylesterase 4A OS=Homo sapiens OX=9606 GN=CES4A PE=1 SV=2
TRINITY_DN920_c0_g1_i20.p1	sp|P12992|ESTJ_HELVI	29.0	541	589	564	8	511	11	542	1.60e-48	181	sp|P12992|ESTJ_HELVI Juvenile hormone esterase OS=Heliothis virescens OX=7102 PE=1 SV=2
TRINITY_DN920_c0_g1_i20.p1	sp|P37967|PNBA_BACSU	30.9	515	589	489	23	512	4	474	5.08e-46	172	sp|P37967|PNBA_BACSU Para-nitrobenzyl esterase OS=Bacillus subtilis (strain 168) OX=224308 GN=pnbA PE=1 SV=2
TRINITY_DN920_c0_g1_i20.p1	sp|A0A8B0RBM2|ACES_BOMIG	28.1	526	589	555	25	524	26	544	2.70e-44	169	sp|A0A8B0RBM2|ACES_BOMIG Carboxylic ester hydrolase OS=Bombus ignitus OX=130704 GN=vCaE PE=1 SV=1
TRINITY_DN920_c0_g1_i20.p1	sp|Q64285|CEL_MOUSE	29.1	532	589	599	42	538	48	553	6.81e-44	168	sp|Q64285|CEL_MOUSE Bile salt-activated lipase OS=Mus musculus OX=10090 GN=Cel PE=1 SV=1
TRINITY_DN920_c0_g1_i20.p1	sp|P35502|ESTF_MYZPE	28.6	402	589	564	42	428	49	445	1.85e-42	164	sp|P35502|ESTF_MYZPE Esterase FE4 OS=Myzus persicae OX=13164 PE=1 SV=1
TRINITY_DN920_c0_g1_i20.p1	sp|Q8N0W4|NLGNX_HUMAN	31.3	348	589	816	15	329	38	376	8.71e-42	164	sp|Q8N0W4|NLGNX_HUMAN Neuroligin-4, X-linked OS=Homo sapiens OX=9606 GN=NLGN4X PE=1 SV=1
TRINITY_DN920_c0_g1_i20.p1	sp|Q8NFZ3|NLGNY_HUMAN	31.6	348	589	816	15	329	38	376	1.18e-41	164	sp|Q8NFZ3|NLGNY_HUMAN Neuroligin-4, Y-linked OS=Homo sapiens OX=9606 GN=NLGN4Y PE=1 SV=1
TRINITY_DN920_c0_g1_i20.p1	sp|P16854|EST1_CULPI	28.2	536	589	540	25	525	8	534	1.63e-41	160	sp|P16854|EST1_CULPI Esterase B1 OS=Culex pipiens OX=7175 GN=B1 PE=3 SV=1
TRINITY_DN920_c0_g1_i20.p1	sp|P08171|EST6_DROME	29.7	427	589	544	20	421	25	442	1.73e-41	160	sp|P08171|EST6_DROME Esterase-6 OS=Drosophila melanogaster OX=7227 GN=Est-6 PE=1 SV=2
TRINITY_DN920_c0_g1_i20.p1	sp|P35501|ESTE_MYZPE	28.1	402	589	552	42	428	49	445	3.61e-41	160	sp|P35501|ESTE_MYZPE Esterase E4 OS=Myzus persicae OX=13164 PE=1 SV=1
TRINITY_DN920_c0_g1_i20.p1	sp|P07882|CEL_RAT	28.6	521	589	612	42	526	48	547	7.57e-41	160	sp|P07882|CEL_RAT Bile salt-activated lipase OS=Rattus norvegicus OX=10116 GN=Cel PE=1 SV=2
TRINITY_DN920_c0_g1_i20.p1	sp|Q08662|EST6_DROSI	29.3	427	589	542	20	421	23	440	2.06e-40	157	sp|Q08662|EST6_DROSI Esterase 6 OS=Drosophila simulans OX=7240 GN=Est-6 PE=3 SV=1
TRINITY_DN920_c0_g1_i20.p1	sp|O62760|CHLE_FELCA	27.1	543	589	602	24	527	33	556	2.34e-40	158	sp|O62760|CHLE_FELCA Cholinesterase OS=Felis catus OX=9685 GN=BCHE PE=2 SV=1
TRINITY_DN920_c0_g1_i20.p1	sp|P16303|EST1D_RAT	28.2	547	589	565	24	527	25	551	3.82e-40	157	sp|P16303|EST1D_RAT Carboxylesterase 1D OS=Rattus norvegicus OX=10116 GN=Ces1d PE=1 SV=2
TRINITY_DN920_c0_g1_i20.p1	sp|P12337|EST1_RABIT	26.5	520	589	565	44	527	49	552	3.82e-40	157	sp|P12337|EST1_RABIT Liver carboxylesterase 1 OS=Oryctolagus cuniculus OX=9986 PE=1 SV=3
TRINITY_DN920_c0_g1_i20.p1	sp|P23141|EST1_HUMAN	26.8	519	589	567	44	527	49	553	7.29e-40	156	sp|P23141|EST1_HUMAN Liver carboxylesterase 1 OS=Homo sapiens OX=9606 GN=CES1 PE=1 SV=2
TRINITY_DN920_c0_g1_i20.p1	sp|O62761|CHLE_PANTT	27.1	543	589	602	24	527	33	556	8.05e-40	157	sp|O62761|CHLE_PANTT Cholinesterase OS=Panthera tigris tigris OX=74535 GN=BCHE PE=2 SV=1
TRINITY_DN920_c0_g1_i20.p1	sp|Q8R0W5|EST4A_MOUSE	27.9	517	589	563	42	524	55	557	9.46e-40	156	sp|Q8R0W5|EST4A_MOUSE Carboxylesterase 4A OS=Mus musculus OX=10090 GN=Ces4a PE=2 SV=2
TRINITY_DN920_c0_g1_i20.p1	sp|P23953|EST1C_MOUSE	27.7	535	589	554	24	527	25	540	1.15e-39	155	sp|P23953|EST1C_MOUSE Carboxylesterase 1C OS=Mus musculus OX=10090 GN=Ces1c PE=1 SV=4
TRINITY_DN920_c0_g1_i20.p1	sp|B2D0J5|EST6_APIME	30.6	435	589	557	25	430	28	449	1.20e-39	155	sp|B2D0J5|EST6_APIME Venom carboxylesterase-6 OS=Apis mellifera OX=7460 PE=2 SV=1
TRINITY_DN920_c0_g1_i20.p1	sp|Q29499|ACES_RABIT	28.9	547	589	584	24	527	10	539	1.22e-39	156	sp|Q29499|ACES_RABIT Acetylcholinesterase (Fragment) OS=Oryctolagus cuniculus OX=9986 GN=ACHE PE=2 SV=1
TRINITY_DN920_c0_g1_i20.p1	sp|P22303|ACES_HUMAN	29.3	550	589	614	24	527	40	569	1.24e-39	156	sp|P22303|ACES_HUMAN Acetylcholinesterase OS=Homo sapiens OX=9606 GN=ACHE PE=1 SV=1
TRINITY_DN920_c0_g1_i20.p1	sp|O46421|EST1_MACFA	27.1	516	589	566	44	527	49	552	1.83e-39	155	sp|O46421|EST1_MACFA Liver carboxylesterase 1 OS=Macaca fascicularis OX=9541 GN=CES1 PE=2 SV=1
TRINITY_DN920_c0_g1_i20.p1	sp|Q8K3R0|EST2A_RAT	27.6	526	589	558	26	521	35	537	3.08e-39	154	sp|Q8K3R0|EST2A_RAT Pyrethroid hydrolase Ces2a OS=Rattus norvegicus OX=10116 GN=Ces2a PE=1 SV=1
TRINITY_DN920_c0_g1_i20.p1	sp|Q5XG92|EST4A_HUMAN	27.6	519	589	561	42	526	48	551	4.36e-39	154	sp|Q5XG92|EST4A_HUMAN Carboxylesterase 4A OS=Homo sapiens OX=9606 GN=CES4A PE=1 SV=2
TRINITY_DN920_c0_g1_i7.p1	sp|P12992|ESTJ_HELVI	29.8	504	532	564	8	475	11	505	2.59e-46	173	sp|P12992|ESTJ_HELVI Juvenile hormone esterase OS=Heliothis virescens OX=7102 PE=1 SV=2
TRINITY_DN920_c0_g1_i7.p1	sp|P37967|PNBA_BACSU	34.3	417	532	489	23	421	4	387	3.71e-46	171	sp|P37967|PNBA_BACSU Para-nitrobenzyl esterase OS=Bacillus subtilis (strain 168) OX=224308 GN=pnbA PE=1 SV=2
TRINITY_DN920_c0_g1_i7.p1	sp|A0A8B0RBM2|ACES_BOMIG	29.9	425	532	555	25	430	26	444	7.18e-44	166	sp|A0A8B0RBM2|ACES_BOMIG Carboxylic ester hydrolase OS=Bombus ignitus OX=130704 GN=vCaE PE=1 SV=1
TRINITY_DN920_c0_g1_i7.p1	sp|P35502|ESTF_MYZPE	28.6	402	532	564	42	428	49	445	7.57e-43	164	sp|P35502|ESTF_MYZPE Esterase FE4 OS=Myzus persicae OX=13164 PE=1 SV=1
TRINITY_DN920_c0_g1_i7.p1	sp|Q8N0W4|NLGNX_HUMAN	31.3	348	532	816	15	329	38	376	3.47e-42	164	sp|Q8N0W4|NLGNX_HUMAN Neuroligin-4, X-linked OS=Homo sapiens OX=9606 GN=NLGN4X PE=1 SV=1
TRINITY_DN920_c0_g1_i7.p1	sp|Q8NFZ3|NLGNY_HUMAN	31.6	348	532	816	15	329	38	376	4.70e-42	164	sp|Q8NFZ3|NLGNY_HUMAN Neuroligin-4, Y-linked OS=Homo sapiens OX=9606 GN=NLGN4Y PE=1 SV=1
TRINITY_DN920_c0_g1_i7.p1	sp|P08171|EST6_DROME	29.7	427	532	544	20	421	25	442	7.27e-42	160	sp|P08171|EST6_DROME Esterase-6 OS=Drosophila melanogaster OX=7227 GN=Est-6 PE=1 SV=2
TRINITY_DN920_c0_g1_i7.p1	sp|P35501|ESTE_MYZPE	28.1	402	532	552	42	428	49	445	1.53e-41	160	sp|P35501|ESTE_MYZPE Esterase E4 OS=Myzus persicae OX=13164 PE=1 SV=1
TRINITY_DN920_c0_g1_i7.p1	sp|P16854|EST1_CULPI	29.5	440	532	540	25	442	8	443	1.78e-41	159	sp|P16854|EST1_CULPI Esterase B1 OS=Culex pipiens OX=7175 GN=B1 PE=3 SV=1
TRINITY_DN920_c0_g1_i7.p1	sp|Q08662|EST6_DROSI	29.3	427	532	542	20	421	23	440	8.93e-41	157	sp|Q08662|EST6_DROSI Esterase 6 OS=Drosophila simulans OX=7240 GN=Est-6 PE=3 SV=1
TRINITY_DN920_c0_g1_i7.p1	sp|Q64285|CEL_MOUSE	31.1	428	532	599	42	442	48	456	4.63e-40	156	sp|Q64285|CEL_MOUSE Bile salt-activated lipase OS=Mus musculus OX=10090 GN=Cel PE=1 SV=1
TRINITY_DN920_c0_g1_i7.p1	sp|B2D0J5|EST6_APIME	30.6	435	532	557	25	430	28	449	5.28e-40	155	sp|B2D0J5|EST6_APIME Venom carboxylesterase-6 OS=Apis mellifera OX=7460 PE=2 SV=1
TRINITY_DN920_c0_g1_i7.p1	sp|Q69ZK9|NLGN2_MOUSE	32.6	359	532	836	19	329	38	387	9.25e-39	154	sp|Q69ZK9|NLGN2_MOUSE Neuroligin-2 OS=Mus musculus OX=10090 GN=Nlgn2 PE=1 SV=2
TRINITY_DN920_c0_g1_i7.p1	sp|O16172|EST5B_DROPE	28.9	419	532	545	24	421	27	443	1.44e-38	151	sp|O16172|EST5B_DROPE Esterase-5B OS=Drosophila persimilis OX=7234 GN=Est-5B PE=3 SV=1
TRINITY_DN920_c0_g1_i7.p1	sp|Q62888|NLGN2_RAT	32.6	359	532	836	19	329	38	387	1.68e-38	154	sp|Q62888|NLGN2_RAT Neuroligin-2 OS=Rattus norvegicus OX=10116 GN=Nlgn2 PE=1 SV=1
TRINITY_DN920_c0_g1_i7.p1	sp|O62760|CHLE_FELCA	28.2	485	532	602	24	474	33	498	3.72e-38	151	sp|O62760|CHLE_FELCA Cholinesterase OS=Felis catus OX=9685 GN=BCHE PE=2 SV=1
TRINITY_DN920_c0_g1_i7.p1	sp|P47982|EST6_DROMA	27.9	427	532	542	20	421	23	440	4.85e-38	150	sp|P47982|EST6_DROMA Esterase 6 OS=Drosophila mauritiana OX=7226 GN=Est-6 PE=3 SV=1
TRINITY_DN920_c0_g1_i7.p1	sp|P25726|EST5B_DROPS	29.1	419	532	545	24	421	27	443	6.89e-38	149	sp|P25726|EST5B_DROPS Esterase-5B OS=Drosophila pseudoobscura pseudoobscura OX=46245 GN=Est-5B PE=2 SV=2
TRINITY_DN920_c0_g1_i7.p1	sp|D6WMZ8|ESTJ_TRICA	28.4	440	532	588	45	442	54	480	1.12e-37	149	sp|D6WMZ8|ESTJ_TRICA Juvenile hormone esterase OS=Tribolium castaneum OX=7070 GN=Tcjhe PE=1 SV=2
TRINITY_DN920_c0_g1_i7.p1	sp|O62761|CHLE_PANTT	28.2	485	532	602	24	474	33	498	1.28e-37	149	sp|O62761|CHLE_PANTT Cholinesterase OS=Panthera tigris tigris OX=74535 GN=BCHE PE=2 SV=1
TRINITY_DN920_c0_g1_i7.p1	sp|Q8NFZ4|NLGN2_HUMAN	31.8	359	532	835	19	329	38	387	1.35e-37	151	sp|Q8NFZ4|NLGN2_HUMAN Neuroligin-2 OS=Homo sapiens OX=9606 GN=NLGN2 PE=1 SV=1
TRINITY_DN920_c0_g1_i7.p1	sp|P07882|CEL_RAT	30.5	429	532	612	42	442	48	456	2.61e-37	149	sp|P07882|CEL_RAT Bile salt-activated lipase OS=Rattus norvegicus OX=10116 GN=Cel PE=1 SV=2
TRINITY_DN920_c0_g1_i7.p1	sp|Q04456|EST1_CAEBR	30.4	461	532	562	24	433	19	451	7.44e-37	147	sp|Q04456|EST1_CAEBR Gut esterase 1 OS=Caenorhabditis briggsae OX=6238 GN=ges-1 PE=2 SV=1
TRINITY_DN920_c0_g1_i7.p1	sp|Q8QZR3|EST2A_MOUSE	36.9	252	532	558	2	227	9	256	1.32e-36	146	sp|Q8QZR3|EST2A_MOUSE Pyrethroid hydrolase Ces2a OS=Mus musculus OX=10090 GN=Ces2a PE=1 SV=1
TRINITY_DN920_c0_g1_i7.p1	sp|Q64419|EST1_MESAU	40.5	222	532	561	26	227	35	256	3.47e-36	145	sp|Q64419|EST1_MESAU Liver carboxylesterase OS=Mesocricetus auratus OX=10036 PE=2 SV=1
TRINITY_DN9322_c0_g2_i1.p1	sp|D6WMZ8|ESTJ_TRICA	37.0	511	543	588	14	489	30	523	3.40e-81	268	sp|D6WMZ8|ESTJ_TRICA Juvenile hormone esterase OS=Tribolium castaneum OX=7070 GN=Tcjhe PE=1 SV=2
TRINITY_DN9322_c0_g2_i1.p1	sp|P35502|ESTF_MYZPE	34.2	491	543	564	15	487	29	504	1.20e-71	242	sp|P35502|ESTF_MYZPE Esterase FE4 OS=Myzus persicae OX=13164 PE=1 SV=1
TRINITY_DN9322_c0_g2_i1.p1	sp|P35501|ESTE_MYZPE	34.0	491	543	552	15	487	29	504	6.79e-71	239	sp|P35501|ESTE_MYZPE Esterase E4 OS=Myzus persicae OX=13164 PE=1 SV=1
TRINITY_DN9322_c0_g2_i1.p1	sp|P12992|ESTJ_HELVI	32.2	500	543	564	14	488	29	511	1.30e-69	236	sp|P12992|ESTJ_HELVI Juvenile hormone esterase OS=Heliothis virescens OX=7102 PE=1 SV=2
TRINITY_DN9322_c0_g2_i1.p1	sp|P16854|EST1_CULPI	33.3	456	543	540	10	453	3	449	1.47e-69	236	sp|P16854|EST1_CULPI Esterase B1 OS=Culex pipiens OX=7175 GN=B1 PE=3 SV=1
TRINITY_DN9322_c0_g2_i1.p1	sp|Q64419|EST1_MESAU	33.9	496	543	561	17	488	36	503	6.70e-68	232	sp|Q64419|EST1_MESAU Liver carboxylesterase OS=Mesocricetus auratus OX=10036 PE=2 SV=1
TRINITY_DN9322_c0_g2_i1.p1	sp|Q8QZR3|EST2A_MOUSE	33.9	495	543	558	17	488	36	500	1.82e-65	225	sp|Q8QZR3|EST2A_MOUSE Pyrethroid hydrolase Ces2a OS=Mus musculus OX=10090 GN=Ces2a PE=1 SV=1
TRINITY_DN9322_c0_g2_i1.p1	sp|Q8R0W5|EST4A_MOUSE	33.6	497	543	563	17	488	38	517	2.07e-64	223	sp|Q8R0W5|EST4A_MOUSE Carboxylesterase 4A OS=Mus musculus OX=10090 GN=Ces4a PE=2 SV=2
TRINITY_DN9322_c0_g2_i1.p1	sp|G3V7J5|EST2E_RAT	32.7	495	543	567	17	488	46	509	2.26e-64	223	sp|G3V7J5|EST2E_RAT Pyrethroid hydrolase Ces2e OS=Rattus norvegicus OX=10116 GN=Ces2e PE=1 SV=2
TRINITY_DN9322_c0_g2_i1.p1	sp|Q8VCT4|EST1D_MOUSE	32.5	495	543	565	22	488	29	508	3.01e-64	222	sp|Q8VCT4|EST1D_MOUSE Carboxylesterase 1D OS=Mus musculus OX=10090 GN=Ces1d PE=1 SV=1
TRINITY_DN9322_c0_g2_i1.p1	sp|B2D0J5|EST6_APIME	32.4	500	543	557	15	487	28	504	3.55e-64	222	sp|B2D0J5|EST6_APIME Venom carboxylesterase-6 OS=Apis mellifera OX=7460 PE=2 SV=1
TRINITY_DN9322_c0_g2_i1.p1	sp|Q8K3R0|EST2A_RAT	33.5	490	543	558	17	488	36	500	3.63e-64	222	sp|Q8K3R0|EST2A_RAT Pyrethroid hydrolase Ces2a OS=Rattus norvegicus OX=10116 GN=Ces2a PE=1 SV=1
TRINITY_DN9322_c0_g2_i1.p1	sp|Q8VCC2|EST1_MOUSE	34.6	503	543	565	22	488	29	508	5.86e-64	221	sp|Q8VCC2|EST1_MOUSE Liver carboxylesterase 1 OS=Mus musculus OX=10090 GN=Ces1 PE=1 SV=1
TRINITY_DN9322_c0_g2_i1.p1	sp|P16303|EST1D_RAT	33.1	499	543	565	22	488	29	508	1.14e-63	221	sp|P16303|EST1D_RAT Carboxylesterase 1D OS=Rattus norvegicus OX=10116 GN=Ces1d PE=1 SV=2
TRINITY_DN9322_c0_g2_i1.p1	sp|P23953|EST1C_MOUSE	30.8	493	543	554	14	488	25	497	9.23e-63	218	sp|P23953|EST1C_MOUSE Carboxylesterase 1C OS=Mus musculus OX=10090 GN=Ces1c PE=1 SV=4
TRINITY_DN9322_c0_g2_i1.p1	sp|P10959|EST1C_RAT	31.5	499	543	549	9	488	20	495	1.61e-62	217	sp|P10959|EST1C_RAT Carboxylesterase 1C OS=Rattus norvegicus OX=10116 GN=Ces1c PE=1 SV=3
TRINITY_DN9322_c0_g2_i1.p1	sp|P12337|EST1_RABIT	32.4	506	543	565	14	488	25	509	4.36e-62	216	sp|P12337|EST1_RABIT Liver carboxylesterase 1 OS=Oryctolagus cuniculus OX=9986 PE=1 SV=3
TRINITY_DN9322_c0_g2_i1.p1	sp|P23141|EST1_HUMAN	32.2	513	543	567	9	488	20	510	4.54e-62	216	sp|P23141|EST1_HUMAN Liver carboxylesterase 1 OS=Homo sapiens OX=9606 GN=CES1 PE=1 SV=2
TRINITY_DN9322_c0_g2_i1.p1	sp|Q29550|EST1_PIG	32.5	505	543	566	9	488	21	509	6.20e-62	216	sp|Q29550|EST1_PIG Liver carboxylesterase OS=Sus scrofa OX=9823 PE=1 SV=1
TRINITY_DN9322_c0_g2_i1.p1	sp|O70631|EST2C_RAT	32.3	493	543	561	17	488	38	503	7.80e-62	216	sp|O70631|EST2C_RAT Acylcarnitine hydrolase OS=Rattus norvegicus OX=10116 GN=Ces2c PE=1 SV=2
TRINITY_DN9322_c0_g2_i1.p1	sp|Q64176|EST1E_MOUSE	31.5	518	543	562	9	488	21	509	7.96e-62	216	sp|Q64176|EST1E_MOUSE Carboxylesterase 1E OS=Mus musculus OX=10090 GN=Ces1e PE=1 SV=1
TRINITY_DN9322_c0_g2_i1.p1	sp|Q63108|EST1E_RAT	32.4	500	543	561	14	488	25	508	1.51e-61	215	sp|Q63108|EST1E_RAT Carboxylesterase 1E OS=Rattus norvegicus OX=10116 GN=Ces1e PE=1 SV=1
TRINITY_DN9322_c0_g2_i1.p1	sp|O46421|EST1_MACFA	32.4	515	543	566	9	488	20	509	1.67e-61	215	sp|O46421|EST1_MACFA Liver carboxylesterase 1 OS=Macaca fascicularis OX=9541 GN=CES1 PE=2 SV=1
TRINITY_DN9322_c0_g2_i1.p1	sp|P37967|PNBA_BACSU	31.5	524	543	489	10	521	1	474	2.34e-61	213	sp|P37967|PNBA_BACSU Para-nitrobenzyl esterase OS=Bacillus subtilis (strain 168) OX=224308 GN=pnbA PE=1 SV=2
TRINITY_DN9322_c0_g2_i1.p1	sp|A0A8B0RBM2|ACES_BOMIG	30.4	490	543	555	15	487	26	499	3.61e-61	214	sp|A0A8B0RBM2|ACES_BOMIG Carboxylic ester hydrolase OS=Bombus ignitus OX=130704 GN=vCaE PE=1 SV=1
TRINITY_DN9322_c0_g2_i2.p1	sp|D6WMZ8|ESTJ_TRICA	37.0	511	543	588	14	489	30	523	3.40e-81	268	sp|D6WMZ8|ESTJ_TRICA Juvenile hormone esterase OS=Tribolium castaneum OX=7070 GN=Tcjhe PE=1 SV=2
TRINITY_DN9322_c0_g2_i2.p1	sp|P35502|ESTF_MYZPE	34.2	491	543	564	15	487	29	504	1.20e-71	242	sp|P35502|ESTF_MYZPE Esterase FE4 OS=Myzus persicae OX=13164 PE=1 SV=1
TRINITY_DN9322_c0_g2_i2.p1	sp|P35501|ESTE_MYZPE	34.0	491	543	552	15	487	29	504	6.79e-71	239	sp|P35501|ESTE_MYZPE Esterase E4 OS=Myzus persicae OX=13164 PE=1 SV=1
TRINITY_DN9322_c0_g2_i2.p1	sp|P12992|ESTJ_HELVI	32.2	500	543	564	14	488	29	511	1.30e-69	236	sp|P12992|ESTJ_HELVI Juvenile hormone esterase OS=Heliothis virescens OX=7102 PE=1 SV=2
TRINITY_DN9322_c0_g2_i2.p1	sp|P16854|EST1_CULPI	33.3	456	543	540	10	453	3	449	1.47e-69	236	sp|P16854|EST1_CULPI Esterase B1 OS=Culex pipiens OX=7175 GN=B1 PE=3 SV=1
TRINITY_DN9322_c0_g2_i2.p1	sp|Q64419|EST1_MESAU	33.9	496	543	561	17	488	36	503	6.70e-68	232	sp|Q64419|EST1_MESAU Liver carboxylesterase OS=Mesocricetus auratus OX=10036 PE=2 SV=1
TRINITY_DN9322_c0_g2_i2.p1	sp|Q8QZR3|EST2A_MOUSE	33.9	495	543	558	17	488	36	500	1.82e-65	225	sp|Q8QZR3|EST2A_MOUSE Pyrethroid hydrolase Ces2a OS=Mus musculus OX=10090 GN=Ces2a PE=1 SV=1
TRINITY_DN9322_c0_g2_i2.p1	sp|Q8R0W5|EST4A_MOUSE	33.6	497	543	563	17	488	38	517	2.07e-64	223	sp|Q8R0W5|EST4A_MOUSE Carboxylesterase 4A OS=Mus musculus OX=10090 GN=Ces4a PE=2 SV=2
TRINITY_DN9322_c0_g2_i2.p1	sp|G3V7J5|EST2E_RAT	32.7	495	543	567	17	488	46	509	2.26e-64	223	sp|G3V7J5|EST2E_RAT Pyrethroid hydrolase Ces2e OS=Rattus norvegicus OX=10116 GN=Ces2e PE=1 SV=2
TRINITY_DN9322_c0_g2_i2.p1	sp|Q8VCT4|EST1D_MOUSE	32.5	495	543	565	22	488	29	508	3.01e-64	222	sp|Q8VCT4|EST1D_MOUSE Carboxylesterase 1D OS=Mus musculus OX=10090 GN=Ces1d PE=1 SV=1
TRINITY_DN9322_c0_g2_i2.p1	sp|B2D0J5|EST6_APIME	32.4	500	543	557	15	487	28	504	3.55e-64	222	sp|B2D0J5|EST6_APIME Venom carboxylesterase-6 OS=Apis mellifera OX=7460 PE=2 SV=1
TRINITY_DN9322_c0_g2_i2.p1	sp|Q8K3R0|EST2A_RAT	33.5	490	543	558	17	488	36	500	3.63e-64	222	sp|Q8K3R0|EST2A_RAT Pyrethroid hydrolase Ces2a OS=Rattus norvegicus OX=10116 GN=Ces2a PE=1 SV=1
TRINITY_DN9322_c0_g2_i2.p1	sp|Q8VCC2|EST1_MOUSE	34.6	503	543	565	22	488	29	508	5.86e-64	221	sp|Q8VCC2|EST1_MOUSE Liver carboxylesterase 1 OS=Mus musculus OX=10090 GN=Ces1 PE=1 SV=1
TRINITY_DN9322_c0_g2_i2.p1	sp|P16303|EST1D_RAT	33.1	499	543	565	22	488	29	508	1.14e-63	221	sp|P16303|EST1D_RAT Carboxylesterase 1D OS=Rattus norvegicus OX=10116 GN=Ces1d PE=1 SV=2
TRINITY_DN9322_c0_g2_i2.p1	sp|P23953|EST1C_MOUSE	30.8	493	543	554	14	488	25	497	9.23e-63	218	sp|P23953|EST1C_MOUSE Carboxylesterase 1C OS=Mus musculus OX=10090 GN=Ces1c PE=1 SV=4
TRINITY_DN9322_c0_g2_i2.p1	sp|P10959|EST1C_RAT	31.5	499	543	549	9	488	20	495	1.61e-62	217	sp|P10959|EST1C_RAT Carboxylesterase 1C OS=Rattus norvegicus OX=10116 GN=Ces1c PE=1 SV=3
TRINITY_DN9322_c0_g2_i2.p1	sp|P12337|EST1_RABIT	32.4	506	543	565	14	488	25	509	4.36e-62	216	sp|P12337|EST1_RABIT Liver carboxylesterase 1 OS=Oryctolagus cuniculus OX=9986 PE=1 SV=3
TRINITY_DN9322_c0_g2_i2.p1	sp|P23141|EST1_HUMAN	32.2	513	543	567	9	488	20	510	4.54e-62	216	sp|P23141|EST1_HUMAN Liver carboxylesterase 1 OS=Homo sapiens OX=9606 GN=CES1 PE=1 SV=2
TRINITY_DN9322_c0_g2_i2.p1	sp|Q29550|EST1_PIG	32.5	505	543	566	9	488	21	509	6.20e-62	216	sp|Q29550|EST1_PIG Liver carboxylesterase OS=Sus scrofa OX=9823 PE=1 SV=1
TRINITY_DN9322_c0_g2_i2.p1	sp|O70631|EST2C_RAT	32.3	493	543	561	17	488	38	503	7.80e-62	216	sp|O70631|EST2C_RAT Acylcarnitine hydrolase OS=Rattus norvegicus OX=10116 GN=Ces2c PE=1 SV=2
TRINITY_DN9322_c0_g2_i2.p1	sp|Q64176|EST1E_MOUSE	31.5	518	543	562	9	488	21	509	7.96e-62	216	sp|Q64176|EST1E_MOUSE Carboxylesterase 1E OS=Mus musculus OX=10090 GN=Ces1e PE=1 SV=1
TRINITY_DN9322_c0_g2_i2.p1	sp|Q63108|EST1E_RAT	32.4	500	543	561	14	488	25	508	1.51e-61	215	sp|Q63108|EST1E_RAT Carboxylesterase 1E OS=Rattus norvegicus OX=10116 GN=Ces1e PE=1 SV=1
TRINITY_DN9322_c0_g2_i2.p1	sp|O46421|EST1_MACFA	32.4	515	543	566	9	488	20	509	1.67e-61	215	sp|O46421|EST1_MACFA Liver carboxylesterase 1 OS=Macaca fascicularis OX=9541 GN=CES1 PE=2 SV=1
TRINITY_DN9322_c0_g2_i2.p1	sp|P37967|PNBA_BACSU	31.5	524	543	489	10	521	1	474	2.34e-61	213	sp|P37967|PNBA_BACSU Para-nitrobenzyl esterase OS=Bacillus subtilis (strain 168) OX=224308 GN=pnbA PE=1 SV=2
TRINITY_DN9322_c0_g2_i2.p1	sp|A0A8B0RBM2|ACES_BOMIG	30.4	490	543	555	15	487	26	499	3.61e-61	214	sp|A0A8B0RBM2|ACES_BOMIG Carboxylic ester hydrolase OS=Bombus ignitus OX=130704 GN=vCaE PE=1 SV=1
