TRINITY_DN114_c0_g1_i10.p1	XP_035443791.1	98.268	231	4	0	1	231	1	231	8.99e-174	481	272	283	85	XP_035443791.1 chloride intracellular channel exc-4 isoform X1 [Spodoptera frugiperda]
TRINITY_DN114_c0_g1_i10.p1	XP_035443792.1	97.845	232	5	0	1	232	1	232	1.08e-173	479	272	260	85	XP_035443792.1 chloride intracellular channel exc-4 isoform X2 [Spodoptera frugiperda]
TRINITY_DN114_c0_g1_i11.p1	XP_035443791.1	97.880	283	6	0	1	283	1	283	0.0	579	284	283	99	XP_035443791.1 chloride intracellular channel exc-4 isoform X1 [Spodoptera frugiperda]
TRINITY_DN114_c0_g1_i11.p1	XP_035443792.1	90.459	283	4	1	1	283	1	260	0.0	524	284	260	99	XP_035443792.1 chloride intracellular channel exc-4 isoform X2 [Spodoptera frugiperda]
TRINITY_DN114_c0_g1_i13.p1	XP_035443791.1	97.880	283	6	0	1	283	1	283	0.0	579	284	283	99	XP_035443791.1 chloride intracellular channel exc-4 isoform X1 [Spodoptera frugiperda]
TRINITY_DN114_c0_g1_i13.p1	XP_035443792.1	90.459	283	4	1	1	283	1	260	0.0	524	284	260	99	XP_035443792.1 chloride intracellular channel exc-4 isoform X2 [Spodoptera frugiperda]
TRINITY_DN114_c0_g1_i4.p1	XP_035443791.1	98.268	231	4	0	1	231	1	231	8.99e-174	481	272	283	85	XP_035443791.1 chloride intracellular channel exc-4 isoform X1 [Spodoptera frugiperda]
TRINITY_DN114_c0_g1_i4.p1	XP_035443792.1	97.845	232	5	0	1	232	1	232	1.08e-173	479	272	260	85	XP_035443792.1 chloride intracellular channel exc-4 isoform X2 [Spodoptera frugiperda]
TRINITY_DN114_c0_g1_i6.p2	XP_035443792.1	98.462	260	4	0	1	260	1	260	0.0	537	261	260	99	XP_035443792.1 chloride intracellular channel exc-4 isoform X2 [Spodoptera frugiperda]
TRINITY_DN114_c0_g1_i6.p2	XP_035443791.1	90.459	283	4	1	1	260	1	283	0.0	524	261	283	99	XP_035443791.1 chloride intracellular channel exc-4 isoform X1 [Spodoptera frugiperda]
TRINITY_DN114_c0_g1_i7.p1	XP_035443791.1	98.268	231	4	0	1	231	1	231	8.99e-174	481	272	283	85	XP_035443791.1 chloride intracellular channel exc-4 isoform X1 [Spodoptera frugiperda]
TRINITY_DN114_c0_g1_i7.p1	XP_035443792.1	97.845	232	5	0	1	232	1	232	1.08e-173	479	272	260	85	XP_035443792.1 chloride intracellular channel exc-4 isoform X2 [Spodoptera frugiperda]
TRINITY_DN11666_c0_g1_i1.p1	XP_050563972.1	88.725	204	23	0	1	204	130	333	1.50e-135	383	205	333	99	XP_050563972.1 ganglioside-induced differentiation-associated protein 1 isoform X2 [Spodoptera frugiperda]
TRINITY_DN11666_c0_g1_i1.p1	XP_035444919.1	88.235	204	24	0	1	204	130	333	2.21e-134	380	205	333	99	XP_035444919.1 ganglioside-induced differentiation-associated protein 1 isoform X1 [Spodoptera frugiperda]
TRINITY_DN11666_c0_g1_i1.p2	XP_035444919.1	84.259	108	17	0	1	108	1	108	1.01e-64	199	125	333	86	XP_035444919.1 ganglioside-induced differentiation-associated protein 1 isoform X1 [Spodoptera frugiperda]
TRINITY_DN11666_c0_g1_i1.p2	XP_050563972.1	84.259	108	17	0	1	108	1	108	1.15e-64	199	125	333	86	XP_050563972.1 ganglioside-induced differentiation-associated protein 1 isoform X2 [Spodoptera frugiperda]
TRINITY_DN11666_c0_g1_i1.p2	XP_035435212.1	32.990	97	60	2	21	112	4	100	1.03e-06	46.6	125	252	74	XP_035435212.1 glutathione S-transferase 1 [Spodoptera frugiperda]
TRINITY_DN11666_c0_g1_i1.p2	XP_035430575.2	36.111	72	45	1	31	101	8	79	1.52e-05	43.1	125	212	57	XP_035430575.2 probable maleylacetoacetate isomerase 1 [Spodoptera frugiperda]
TRINITY_DN11666_c0_g1_i1.p2	XP_050557481.1	33.333	84	51	1	17	100	243	321	1.21e-04	40.8	125	465	67	XP_050557481.1 uncharacterized protein LOC118261724 [Spodoptera frugiperda]
TRINITY_DN11666_c0_g1_i1.p2	XP_035440418.1	31.429	70	48	0	31	100	5	74	5.28e-04	38.5	125	228	56	XP_035440418.1 glutathione S-transferase theta-1 [Spodoptera frugiperda]
TRINITY_DN11666_c0_g1_i1.p2	XP_050557506.1	30.303	99	65	2	29	123	220	318	5.76e-04	38.9	125	433	76	XP_050557506.1 uncharacterized protein LOC118261723 [Spodoptera frugiperda]
TRINITY_DN11666_c0_g1_i2.p1	XP_050563972.1	86.186	333	46	0	1	333	1	333	0.0	612	334	333	99	XP_050563972.1 ganglioside-induced differentiation-associated protein 1 isoform X2 [Spodoptera frugiperda]
TRINITY_DN11666_c0_g1_i2.p1	XP_035444919.1	85.886	333	47	0	1	333	1	333	0.0	610	334	333	99	XP_035444919.1 ganglioside-induced differentiation-associated protein 1 isoform X1 [Spodoptera frugiperda]
TRINITY_DN11666_c0_g1_i2.p1	XP_035430575.2	32.727	110	64	3	31	138	8	109	4.04e-06	47.8	334	212	32	XP_035430575.2 probable maleylacetoacetate isomerase 1 [Spodoptera frugiperda]
TRINITY_DN11666_c0_g1_i2.p1	XP_035449460.1	28.182	110	71	3	31	138	6	109	4.05e-04	41.6	334	215	32	XP_035449460.1 probable maleylacetoacetate isomerase 2 isoform X2 [Spodoptera frugiperda]
TRINITY_DN11666_c0_g1_i2.p1	XP_035449459.1	28.182	110	71	3	31	138	11	114	4.19e-04	41.6	334	220	32	XP_035449459.1 probable maleylacetoacetate isomerase 2 isoform X1 [Spodoptera frugiperda]
TRINITY_DN11666_c0_g1_i2.p1	XP_035435212.1	32.143	84	53	1	21	100	4	87	7.22e-04	41.2	334	252	24	XP_035435212.1 glutathione S-transferase 1 [Spodoptera frugiperda]
TRINITY_DN11666_c0_g1_i2.p1	XP_035440418.1	25.758	132	92	2	31	159	5	133	7.78e-04	40.8	334	228	39	XP_035440418.1 glutathione S-transferase theta-1 [Spodoptera frugiperda]
TRINITY_DN12434_c0_g2_i1.p1	XP_050557506.1	66.204	216	73	0	1	216	1	216	3.27e-109	320	217	433	99	XP_050557506.1 uncharacterized protein LOC118261723 [Spodoptera frugiperda]
TRINITY_DN12434_c0_g2_i1.p1	XP_050557506.1	59.259	216	88	0	1	216	218	433	4.90e-95	284	217	433	99	XP_050557506.1 uncharacterized protein LOC118261723 [Spodoptera frugiperda]
TRINITY_DN12434_c0_g2_i1.p1	XP_050557548.1	62.037	216	82	0	1	216	1	216	6.11e-102	294	217	217	99	XP_050557548.1 glutathione S-transferase 1 [Spodoptera frugiperda]
TRINITY_DN12434_c0_g2_i1.p1	XP_035428870.1	58.796	216	89	0	1	216	1	216	3.53e-99	287	217	217	99	XP_035428870.1 glutathione S-transferase 1 [Spodoptera frugiperda]
TRINITY_DN12434_c0_g2_i1.p1	XP_050557481.1	60.648	216	85	0	1	216	248	463	1.09e-94	284	217	465	99	XP_050557481.1 uncharacterized protein LOC118261724 [Spodoptera frugiperda]
TRINITY_DN12434_c0_g2_i1.p1	XP_050557481.1	54.419	215	98	0	1	215	1	215	1.71e-84	258	217	465	99	XP_050557481.1 uncharacterized protein LOC118261724 [Spodoptera frugiperda]
TRINITY_DN12434_c0_g2_i1.p1	XP_050557549.1	49.528	212	107	0	1	212	7	218	4.38e-75	226	217	223	98	XP_050557549.1 glutathione S-transferase 1-like [Spodoptera frugiperda]
TRINITY_DN12434_c0_g2_i1.p1	XP_050556285.1	39.631	217	129	2	1	216	1	216	1.37e-54	174	217	217	99	XP_050556285.1 glutathione S-transferase 1 [Spodoptera frugiperda]
TRINITY_DN12434_c0_g2_i1.p1	XP_050556284.1	39.631	217	129	2	1	216	1	216	1.37e-54	174	217	217	99	XP_050556284.1 glutathione S-transferase 1 [Spodoptera frugiperda]
TRINITY_DN12434_c0_g2_i1.p1	XP_035452575.1	39.631	217	129	2	1	216	1	216	1.37e-54	174	217	217	99	XP_035452575.1 glutathione S-transferase 1 [Spodoptera frugiperda]
TRINITY_DN12434_c0_g2_i1.p1	XP_035452574.1	39.631	217	129	2	1	216	1	216	1.37e-54	174	217	217	99	XP_035452574.1 glutathione S-transferase 1 [Spodoptera frugiperda]
TRINITY_DN12434_c0_g2_i1.p1	XP_035441818.2	40.741	216	124	4	1	215	18	230	1.81e-52	169	217	230	99	XP_035441818.2 glutathione S-transferase 1-like [Spodoptera frugiperda]
TRINITY_DN12434_c0_g2_i1.p1	XP_050558885.1	45.972	211	109	2	1	209	229	436	2.50e-52	175	217	450	98	XP_050558885.1 uncharacterized protein LOC118266848 [Spodoptera frugiperda]
TRINITY_DN12434_c0_g2_i1.p1	XP_050558885.1	35.122	205	131	1	11	213	14	218	3.77e-38	137	217	450	98	XP_050558885.1 uncharacterized protein LOC118266848 [Spodoptera frugiperda]
TRINITY_DN12434_c0_g2_i1.p1	XP_035447327.2	41.121	214	124	1	5	216	5	218	1.51e-51	166	217	228	98	XP_035447327.2 glutathione S-transferase 1-like isoform X2 [Spodoptera frugiperda]
TRINITY_DN12434_c0_g2_i1.p1	XP_050563540.1	38.710	217	132	1	1	216	1	217	1.79e-51	166	217	218	99	XP_050563540.1 glutathione S-transferase 1-like [Spodoptera frugiperda]
TRINITY_DN12434_c0_g2_i1.p1	XP_035447326.2	41.121	214	124	1	5	216	10	223	1.95e-51	166	217	233	98	XP_035447326.2 glutathione S-transferase 1-like isoform X1 [Spodoptera frugiperda]
TRINITY_DN12434_c0_g2_i1.p1	XP_035434894.2	37.674	215	132	2	1	215	1	213	2.06e-50	163	217	214	99	XP_035434894.2 glutathione S-transferase 1-like [Spodoptera frugiperda]
TRINITY_DN12434_c0_g2_i1.p1	XP_050559253.1	41.837	196	112	1	1	194	1	196	1.41e-49	161	217	223	89	XP_050559253.1 glutathione S-transferase 1 [Spodoptera frugiperda]
TRINITY_DN12434_c0_g2_i1.p1	XP_050562829.1	39.252	214	125	4	3	213	33	244	2.42e-47	156	217	245	97	XP_050562829.1 glutathione S-transferase D7 isoform X1 [Spodoptera frugiperda]
TRINITY_DN12434_c0_g2_i1.p1	XP_050562830.1	39.252	214	125	4	3	213	32	243	2.48e-47	156	217	244	97	XP_050562830.1 glutathione S-transferase D7 isoform X2 [Spodoptera frugiperda]
TRINITY_DN12434_c0_g2_i1.p1	XP_050562831.1	39.252	214	125	4	3	213	28	239	2.50e-47	156	217	240	97	XP_050562831.1 glutathione S-transferase D7 isoform X3 [Spodoptera frugiperda]
TRINITY_DN12434_c0_g2_i1.p1	XP_035435212.1	33.971	209	138	0	3	211	16	224	2.81e-43	146	217	252	96	XP_035435212.1 glutathione S-transferase 1 [Spodoptera frugiperda]
TRINITY_DN12434_c0_g2_i1.p1	XP_035436804.2	36.548	197	122	1	1	194	1	197	1.60e-39	135	217	223	89	XP_035436804.2 glutathione S-transferase 1-like [Spodoptera frugiperda]
TRINITY_DN12434_c0_g2_i1.p1	XP_035440580.2	34.634	205	131	3	1	203	1	204	6.66e-34	121	217	221	94	XP_035440580.2 glutathione S-transferase 1 [Spodoptera frugiperda]
TRINITY_DN12434_c0_g2_i1.p1	XP_050562948.1	32.075	212	141	3	1	211	1	210	2.49e-32	117	217	216	97	XP_050562948.1 glutathione S-transferase 1 [Spodoptera frugiperda]
TRINITY_DN12434_c0_g2_i1.p1	XP_050562947.1	32.075	212	141	3	1	211	1	210	2.49e-32	117	217	216	97	XP_050562947.1 glutathione S-transferase 1 [Spodoptera frugiperda]
TRINITY_DN12434_c0_g2_i1.p1	XP_050562946.1	32.075	212	141	3	1	211	1	210	2.49e-32	117	217	216	97	XP_050562946.1 glutathione S-transferase 1 [Spodoptera frugiperda]
TRINITY_DN12434_c0_g2_i2.p1	XP_050557506.1	66.204	216	73	0	1	216	1	216	3.27e-109	320	217	433	99	XP_050557506.1 uncharacterized protein LOC118261723 [Spodoptera frugiperda]
TRINITY_DN12434_c0_g2_i2.p1	XP_050557506.1	59.259	216	88	0	1	216	218	433	4.90e-95	284	217	433	99	XP_050557506.1 uncharacterized protein LOC118261723 [Spodoptera frugiperda]
TRINITY_DN12434_c0_g2_i2.p1	XP_050557548.1	62.037	216	82	0	1	216	1	216	6.11e-102	294	217	217	99	XP_050557548.1 glutathione S-transferase 1 [Spodoptera frugiperda]
TRINITY_DN12434_c0_g2_i2.p1	XP_035428870.1	58.796	216	89	0	1	216	1	216	3.53e-99	287	217	217	99	XP_035428870.1 glutathione S-transferase 1 [Spodoptera frugiperda]
TRINITY_DN12434_c0_g2_i2.p1	XP_050557481.1	60.648	216	85	0	1	216	248	463	1.09e-94	284	217	465	99	XP_050557481.1 uncharacterized protein LOC118261724 [Spodoptera frugiperda]
TRINITY_DN12434_c0_g2_i2.p1	XP_050557481.1	54.419	215	98	0	1	215	1	215	1.71e-84	258	217	465	99	XP_050557481.1 uncharacterized protein LOC118261724 [Spodoptera frugiperda]
TRINITY_DN12434_c0_g2_i2.p1	XP_050557549.1	49.528	212	107	0	1	212	7	218	4.38e-75	226	217	223	98	XP_050557549.1 glutathione S-transferase 1-like [Spodoptera frugiperda]
TRINITY_DN12434_c0_g2_i2.p1	XP_050556285.1	39.631	217	129	2	1	216	1	216	1.37e-54	174	217	217	99	XP_050556285.1 glutathione S-transferase 1 [Spodoptera frugiperda]
TRINITY_DN12434_c0_g2_i2.p1	XP_050556284.1	39.631	217	129	2	1	216	1	216	1.37e-54	174	217	217	99	XP_050556284.1 glutathione S-transferase 1 [Spodoptera frugiperda]
TRINITY_DN12434_c0_g2_i2.p1	XP_035452575.1	39.631	217	129	2	1	216	1	216	1.37e-54	174	217	217	99	XP_035452575.1 glutathione S-transferase 1 [Spodoptera frugiperda]
TRINITY_DN12434_c0_g2_i2.p1	XP_035452574.1	39.631	217	129	2	1	216	1	216	1.37e-54	174	217	217	99	XP_035452574.1 glutathione S-transferase 1 [Spodoptera frugiperda]
TRINITY_DN12434_c0_g2_i2.p1	XP_035441818.2	40.741	216	124	4	1	215	18	230	1.81e-52	169	217	230	99	XP_035441818.2 glutathione S-transferase 1-like [Spodoptera frugiperda]
TRINITY_DN12434_c0_g2_i2.p1	XP_050558885.1	45.972	211	109	2	1	209	229	436	2.50e-52	175	217	450	98	XP_050558885.1 uncharacterized protein LOC118266848 [Spodoptera frugiperda]
TRINITY_DN12434_c0_g2_i2.p1	XP_050558885.1	35.122	205	131	1	11	213	14	218	3.77e-38	137	217	450	98	XP_050558885.1 uncharacterized protein LOC118266848 [Spodoptera frugiperda]
TRINITY_DN12434_c0_g2_i2.p1	XP_035447327.2	41.121	214	124	1	5	216	5	218	1.51e-51	166	217	228	98	XP_035447327.2 glutathione S-transferase 1-like isoform X2 [Spodoptera frugiperda]
TRINITY_DN12434_c0_g2_i2.p1	XP_050563540.1	38.710	217	132	1	1	216	1	217	1.79e-51	166	217	218	99	XP_050563540.1 glutathione S-transferase 1-like [Spodoptera frugiperda]
TRINITY_DN12434_c0_g2_i2.p1	XP_035447326.2	41.121	214	124	1	5	216	10	223	1.95e-51	166	217	233	98	XP_035447326.2 glutathione S-transferase 1-like isoform X1 [Spodoptera frugiperda]
TRINITY_DN12434_c0_g2_i2.p1	XP_035434894.2	37.674	215	132	2	1	215	1	213	2.06e-50	163	217	214	99	XP_035434894.2 glutathione S-transferase 1-like [Spodoptera frugiperda]
TRINITY_DN12434_c0_g2_i2.p1	XP_050559253.1	41.837	196	112	1	1	194	1	196	1.41e-49	161	217	223	89	XP_050559253.1 glutathione S-transferase 1 [Spodoptera frugiperda]
TRINITY_DN12434_c0_g2_i2.p1	XP_050562829.1	39.252	214	125	4	3	213	33	244	2.42e-47	156	217	245	97	XP_050562829.1 glutathione S-transferase D7 isoform X1 [Spodoptera frugiperda]
TRINITY_DN12434_c0_g2_i2.p1	XP_050562830.1	39.252	214	125	4	3	213	32	243	2.48e-47	156	217	244	97	XP_050562830.1 glutathione S-transferase D7 isoform X2 [Spodoptera frugiperda]
TRINITY_DN12434_c0_g2_i2.p1	XP_050562831.1	39.252	214	125	4	3	213	28	239	2.50e-47	156	217	240	97	XP_050562831.1 glutathione S-transferase D7 isoform X3 [Spodoptera frugiperda]
TRINITY_DN12434_c0_g2_i2.p1	XP_035435212.1	33.971	209	138	0	3	211	16	224	2.81e-43	146	217	252	96	XP_035435212.1 glutathione S-transferase 1 [Spodoptera frugiperda]
TRINITY_DN12434_c0_g2_i2.p1	XP_035436804.2	36.548	197	122	1	1	194	1	197	1.60e-39	135	217	223	89	XP_035436804.2 glutathione S-transferase 1-like [Spodoptera frugiperda]
TRINITY_DN12434_c0_g2_i2.p1	XP_035440580.2	34.634	205	131	3	1	203	1	204	6.66e-34	121	217	221	94	XP_035440580.2 glutathione S-transferase 1 [Spodoptera frugiperda]
TRINITY_DN12434_c0_g2_i2.p1	XP_050562948.1	32.075	212	141	3	1	211	1	210	2.49e-32	117	217	216	97	XP_050562948.1 glutathione S-transferase 1 [Spodoptera frugiperda]
TRINITY_DN12434_c0_g2_i2.p1	XP_050562947.1	32.075	212	141	3	1	211	1	210	2.49e-32	117	217	216	97	XP_050562947.1 glutathione S-transferase 1 [Spodoptera frugiperda]
TRINITY_DN12434_c0_g2_i2.p1	XP_050562946.1	32.075	212	141	3	1	211	1	210	2.49e-32	117	217	216	97	XP_050562946.1 glutathione S-transferase 1 [Spodoptera frugiperda]
TRINITY_DN1310_c0_g1_i1.p1	XP_050559253.1	72.444	225	60	1	1	225	1	223	2.52e-126	357	228	223	99	XP_050559253.1 glutathione S-transferase 1 [Spodoptera frugiperda]
TRINITY_DN1310_c0_g1_i1.p1	XP_035436804.2	63.393	224	79	2	1	223	1	222	7.13e-106	305	228	223	98	XP_035436804.2 glutathione S-transferase 1-like [Spodoptera frugiperda]
TRINITY_DN1310_c0_g1_i1.p1	XP_050558885.1	50.000	206	101	1	1	206	229	432	8.95e-69	218	228	450	98	XP_050558885.1 uncharacterized protein LOC118266848 [Spodoptera frugiperda]
TRINITY_DN1310_c0_g1_i1.p1	XP_050558885.1	46.262	214	113	1	11	224	14	225	3.90e-65	208	228	450	98	XP_050558885.1 uncharacterized protein LOC118266848 [Spodoptera frugiperda]
TRINITY_DN1310_c0_g1_i1.p1	XP_035447326.2	33.641	217	142	2	1	217	6	220	3.08e-43	146	228	233	95	XP_035447326.2 glutathione S-transferase 1-like isoform X1 [Spodoptera frugiperda]
TRINITY_DN1310_c0_g1_i1.p1	XP_035447327.2	33.641	217	142	2	1	217	1	215	3.33e-43	145	228	228	95	XP_035447327.2 glutathione S-transferase 1-like isoform X2 [Spodoptera frugiperda]
TRINITY_DN1310_c0_g1_i1.p1	XP_050557548.1	33.488	215	139	2	1	215	1	211	2.70e-41	140	228	217	94	XP_050557548.1 glutathione S-transferase 1 [Spodoptera frugiperda]
TRINITY_DN1310_c0_g1_i1.p1	XP_050557506.1	33.990	203	130	2	1	203	218	416	3.13e-37	135	228	433	93	XP_050557506.1 uncharacterized protein LOC118261723 [Spodoptera frugiperda]
TRINITY_DN1310_c0_g1_i1.p1	XP_050557506.1	33.019	212	138	2	1	212	1	208	4.70e-37	134	228	433	93	XP_050557506.1 uncharacterized protein LOC118261723 [Spodoptera frugiperda]
TRINITY_DN1310_c0_g1_i1.p1	XP_035441818.2	33.953	215	136	4	1	215	18	226	1.10e-36	129	228	230	94	XP_035441818.2 glutathione S-transferase 1-like [Spodoptera frugiperda]
TRINITY_DN1310_c0_g1_i1.p1	XP_050557481.1	32.710	214	137	3	1	214	1	207	3.34e-36	133	228	465	96	XP_050557481.1 uncharacterized protein LOC118261724 [Spodoptera frugiperda]
TRINITY_DN1310_c0_g1_i1.p1	XP_050557481.1	32.569	218	143	2	1	218	248	461	3.38e-35	130	228	465	96	XP_050557481.1 uncharacterized protein LOC118261724 [Spodoptera frugiperda]
TRINITY_DN1310_c0_g1_i1.p1	XP_035428870.1	30.275	218	148	2	1	218	1	214	2.74e-35	125	228	217	96	XP_035428870.1 glutathione S-transferase 1 [Spodoptera frugiperda]
TRINITY_DN1310_c0_g1_i1.p1	XP_050557549.1	31.308	214	143	2	1	214	7	216	3.57e-32	117	228	223	94	XP_050557549.1 glutathione S-transferase 1-like [Spodoptera frugiperda]
TRINITY_DN1310_c0_g1_i1.p1	XP_050556285.1	29.167	216	147	3	1	215	1	211	4.86e-32	116	228	217	94	XP_050556285.1 glutathione S-transferase 1 [Spodoptera frugiperda]
TRINITY_DN1310_c0_g1_i1.p1	XP_050556284.1	29.167	216	147	3	1	215	1	211	4.86e-32	116	228	217	94	XP_050556284.1 glutathione S-transferase 1 [Spodoptera frugiperda]
TRINITY_DN1310_c0_g1_i1.p1	XP_035452575.1	29.167	216	147	3	1	215	1	211	4.86e-32	116	228	217	94	XP_035452575.1 glutathione S-transferase 1 [Spodoptera frugiperda]
TRINITY_DN1310_c0_g1_i1.p1	XP_035452574.1	29.167	216	147	3	1	215	1	211	4.86e-32	116	228	217	94	XP_035452574.1 glutathione S-transferase 1 [Spodoptera frugiperda]
TRINITY_DN1310_c0_g1_i1.p1	XP_035440580.2	35.789	190	118	3	1	190	1	186	1.10e-31	115	228	221	83	XP_035440580.2 glutathione S-transferase 1 [Spodoptera frugiperda]
TRINITY_DN1310_c0_g1_i1.p1	XP_050563540.1	31.818	198	130	3	1	197	1	194	2.44e-29	109	228	218	86	XP_050563540.1 glutathione S-transferase 1-like [Spodoptera frugiperda]
TRINITY_DN1310_c0_g1_i1.p1	XP_050562829.1	33.673	196	116	6	5	196	35	220	2.48e-29	110	228	245	84	XP_050562829.1 glutathione S-transferase D7 isoform X1 [Spodoptera frugiperda]
TRINITY_DN1310_c0_g1_i1.p1	XP_050562831.1	33.673	196	116	6	5	196	30	215	2.57e-29	110	228	240	84	XP_050562831.1 glutathione S-transferase D7 isoform X3 [Spodoptera frugiperda]
TRINITY_DN1310_c0_g1_i1.p1	XP_050562830.1	33.673	196	116	6	5	196	34	219	2.87e-29	110	228	244	84	XP_050562830.1 glutathione S-transferase D7 isoform X2 [Spodoptera frugiperda]
TRINITY_DN1310_c0_g1_i1.p1	XP_050562948.1	34.225	187	115	5	5	190	5	184	3.93e-25	98.6	228	216	82	XP_050562948.1 glutathione S-transferase 1 [Spodoptera frugiperda]
TRINITY_DN1310_c0_g1_i1.p1	XP_050562947.1	34.225	187	115	5	5	190	5	184	3.93e-25	98.6	228	216	82	XP_050562947.1 glutathione S-transferase 1 [Spodoptera frugiperda]
TRINITY_DN1310_c0_g1_i1.p1	XP_050562946.1	34.225	187	115	5	5	190	5	184	3.93e-25	98.6	228	216	82	XP_050562946.1 glutathione S-transferase 1 [Spodoptera frugiperda]
TRINITY_DN1310_c0_g1_i1.p1	XP_035434894.2	29.902	204	126	6	1	198	1	193	2.76e-24	96.7	228	214	87	XP_035434894.2 glutathione S-transferase 1-like [Spodoptera frugiperda]
TRINITY_DN1310_c0_g1_i1.p1	XP_035441082.1	28.796	191	130	4	1	190	1	186	1.22e-21	89.7	228	232	83	XP_035441082.1 glutathione S-transferase 1-1 [Spodoptera frugiperda]
TRINITY_DN1310_c0_g1_i20.p1	XP_050559253.1	72.650	117	32	0	3	119	1	117	7.43e-65	197	149	223	79	XP_050559253.1 glutathione S-transferase 1 [Spodoptera frugiperda]
TRINITY_DN1310_c0_g1_i20.p1	XP_035436804.2	69.912	113	33	1	3	114	1	113	4.15e-56	175	149	223	75	XP_035436804.2 glutathione S-transferase 1-like [Spodoptera frugiperda]
TRINITY_DN1310_c0_g1_i20.p1	XP_050558885.1	56.303	119	52	0	3	121	229	347	1.87e-44	151	149	450	80	XP_050558885.1 uncharacterized protein LOC118266848 [Spodoptera frugiperda]
TRINITY_DN1310_c0_g1_i20.p1	XP_050558885.1	63.636	99	36	0	13	111	14	112	2.67e-40	140	149	450	80	XP_050558885.1 uncharacterized protein LOC118266848 [Spodoptera frugiperda]
TRINITY_DN1310_c0_g1_i20.p1	XP_035447326.2	39.669	121	73	0	1	121	4	124	1.14e-30	110	149	233	81	XP_035447326.2 glutathione S-transferase 1-like isoform X1 [Spodoptera frugiperda]
TRINITY_DN1310_c0_g1_i20.p1	XP_035447327.2	39.496	119	72	0	3	121	1	119	8.99e-30	108	149	228	80	XP_035447327.2 glutathione S-transferase 1-like isoform X2 [Spodoptera frugiperda]
TRINITY_DN1310_c0_g1_i20.p1	XP_050557548.1	39.130	115	68	1	3	117	1	113	5.16e-27	100	149	217	77	XP_050557548.1 glutathione S-transferase 1 [Spodoptera frugiperda]
TRINITY_DN1310_c0_g1_i20.p1	XP_035441818.2	37.398	123	76	1	7	129	22	143	3.02e-26	99.4	149	230	83	XP_035441818.2 glutathione S-transferase 1-like [Spodoptera frugiperda]
TRINITY_DN1310_c0_g1_i20.p1	XP_050557481.1	40.870	115	66	1	3	117	1	113	4.70e-26	102	149	465	77	XP_050557481.1 uncharacterized protein LOC118261724 [Spodoptera frugiperda]
TRINITY_DN1310_c0_g1_i20.p1	XP_050557481.1	38.261	115	69	1	3	117	248	360	1.25e-24	98.6	149	465	77	XP_050557481.1 uncharacterized protein LOC118261724 [Spodoptera frugiperda]
TRINITY_DN1310_c0_g1_i20.p1	XP_050557506.1	40.000	115	67	1	3	117	1	113	9.41e-25	98.6	149	433	93	XP_050557506.1 uncharacterized protein LOC118261723 [Spodoptera frugiperda]
TRINITY_DN1310_c0_g1_i20.p1	XP_050557506.1	32.051	156	87	3	3	141	218	371	8.08e-21	87.8	149	433	93	XP_050557506.1 uncharacterized protein LOC118261723 [Spodoptera frugiperda]
TRINITY_DN1310_c0_g1_i20.p1	XP_035440580.2	41.964	112	64	1	3	114	1	111	4.74e-24	93.6	149	221	75	XP_035440580.2 glutathione S-transferase 1 [Spodoptera frugiperda]
TRINITY_DN1310_c0_g1_i20.p1	XP_050556285.1	38.983	118	69	2	3	119	1	116	3.95e-23	90.9	149	217	79	XP_050556285.1 glutathione S-transferase 1 [Spodoptera frugiperda]
TRINITY_DN1310_c0_g1_i20.p1	XP_050556284.1	38.983	118	69	2	3	119	1	116	3.95e-23	90.9	149	217	79	XP_050556284.1 glutathione S-transferase 1 [Spodoptera frugiperda]
TRINITY_DN1310_c0_g1_i20.p1	XP_035452575.1	38.983	118	69	2	3	119	1	116	3.95e-23	90.9	149	217	79	XP_035452575.1 glutathione S-transferase 1 [Spodoptera frugiperda]
TRINITY_DN1310_c0_g1_i20.p1	XP_035452574.1	38.983	118	69	2	3	119	1	116	3.95e-23	90.9	149	217	79	XP_035452574.1 glutathione S-transferase 1 [Spodoptera frugiperda]
TRINITY_DN1310_c0_g1_i20.p1	XP_035428870.1	37.391	115	70	1	3	117	1	113	4.17e-23	90.9	149	217	77	XP_035428870.1 glutathione S-transferase 1 [Spodoptera frugiperda]
TRINITY_DN1310_c0_g1_i20.p1	XP_050562829.1	36.449	107	66	1	7	113	35	139	6.15e-21	85.9	149	245	72	XP_050562829.1 glutathione S-transferase D7 isoform X1 [Spodoptera frugiperda]
TRINITY_DN1310_c0_g1_i20.p1	XP_050562831.1	36.449	107	66	1	7	113	30	134	8.06e-21	85.5	149	240	72	XP_050562831.1 glutathione S-transferase D7 isoform X3 [Spodoptera frugiperda]
TRINITY_DN1310_c0_g1_i20.p1	XP_050562830.1	36.449	107	66	1	7	113	34	138	8.28e-21	85.5	149	244	72	XP_050562830.1 glutathione S-transferase D7 isoform X2 [Spodoptera frugiperda]
TRINITY_DN1310_c0_g1_i20.p1	XP_050562948.1	42.593	108	60	1	7	114	5	110	1.20e-20	84.3	149	216	72	XP_050562948.1 glutathione S-transferase 1 [Spodoptera frugiperda]
TRINITY_DN1310_c0_g1_i20.p1	XP_050562947.1	42.593	108	60	1	7	114	5	110	1.20e-20	84.3	149	216	72	XP_050562947.1 glutathione S-transferase 1 [Spodoptera frugiperda]
TRINITY_DN1310_c0_g1_i20.p1	XP_050562946.1	42.593	108	60	1	7	114	5	110	1.20e-20	84.3	149	216	72	XP_050562946.1 glutathione S-transferase 1 [Spodoptera frugiperda]
TRINITY_DN1310_c0_g1_i20.p1	XP_050563540.1	37.719	114	68	2	3	115	1	112	4.00e-19	80.5	149	218	76	XP_050563540.1 glutathione S-transferase 1-like [Spodoptera frugiperda]
TRINITY_DN1310_c0_g1_i20.p1	XP_050557549.1	33.613	119	77	1	2	120	6	122	1.70e-16	73.6	149	223	80	XP_050557549.1 glutathione S-transferase 1-like [Spodoptera frugiperda]
TRINITY_DN1310_c0_g1_i20.p1	XP_035434894.2	30.172	116	79	1	3	118	1	114	1.50e-15	70.9	149	214	78	XP_035434894.2 glutathione S-transferase 1-like [Spodoptera frugiperda]
TRINITY_DN1310_c0_g1_i20.p1	XP_035441082.1	27.465	142	88	2	7	148	5	131	2.68e-14	67.8	149	232	95	XP_035441082.1 glutathione S-transferase 1-1 [Spodoptera frugiperda]
TRINITY_DN1310_c0_g1_i26.p1	XP_050559253.1	71.111	225	63	1	1	225	1	223	3.99e-125	353	228	223	99	XP_050559253.1 glutathione S-transferase 1 [Spodoptera frugiperda]
TRINITY_DN1310_c0_g1_i26.p1	XP_035436804.2	62.946	224	80	2	1	223	1	222	1.64e-105	304	228	223	98	XP_035436804.2 glutathione S-transferase 1-like [Spodoptera frugiperda]
TRINITY_DN1310_c0_g1_i26.p1	XP_050558885.1	50.485	206	100	1	1	206	229	432	1.35e-69	220	228	450	98	XP_050558885.1 uncharacterized protein LOC118266848 [Spodoptera frugiperda]
TRINITY_DN1310_c0_g1_i26.p1	XP_050558885.1	45.327	214	115	1	11	224	14	225	3.74e-64	206	228	450	98	XP_050558885.1 uncharacterized protein LOC118266848 [Spodoptera frugiperda]
TRINITY_DN1310_c0_g1_i26.p1	XP_035447326.2	33.641	217	142	2	1	217	6	220	2.23e-43	146	228	233	95	XP_035447326.2 glutathione S-transferase 1-like isoform X1 [Spodoptera frugiperda]
TRINITY_DN1310_c0_g1_i26.p1	XP_035447327.2	33.641	217	142	2	1	217	1	215	2.51e-43	146	228	228	95	XP_035447327.2 glutathione S-transferase 1-like isoform X2 [Spodoptera frugiperda]
TRINITY_DN1310_c0_g1_i26.p1	XP_050557548.1	33.023	215	140	2	1	215	1	211	3.77e-41	140	228	217	94	XP_050557548.1 glutathione S-transferase 1 [Spodoptera frugiperda]
TRINITY_DN1310_c0_g1_i26.p1	XP_050557506.1	33.498	203	131	2	1	203	218	416	4.24e-37	135	228	433	93	XP_050557506.1 uncharacterized protein LOC118261723 [Spodoptera frugiperda]
TRINITY_DN1310_c0_g1_i26.p1	XP_050557506.1	32.547	212	139	2	1	212	1	208	8.06e-37	134	228	433	93	XP_050557506.1 uncharacterized protein LOC118261723 [Spodoptera frugiperda]
TRINITY_DN1310_c0_g1_i26.p1	XP_035441818.2	33.953	215	136	4	1	215	18	226	5.05e-37	130	228	230	94	XP_035441818.2 glutathione S-transferase 1-like [Spodoptera frugiperda]
TRINITY_DN1310_c0_g1_i26.p1	XP_050557481.1	32.710	214	137	3	1	214	1	207	1.77e-36	134	228	465	96	XP_050557481.1 uncharacterized protein LOC118261724 [Spodoptera frugiperda]
TRINITY_DN1310_c0_g1_i26.p1	XP_050557481.1	31.651	218	145	2	1	218	248	461	1.46e-34	128	228	465	96	XP_050557481.1 uncharacterized protein LOC118261724 [Spodoptera frugiperda]
TRINITY_DN1310_c0_g1_i26.p1	XP_035428870.1	30.233	215	146	2	1	215	1	211	5.38e-35	124	228	217	94	XP_035428870.1 glutathione S-transferase 1 [Spodoptera frugiperda]
TRINITY_DN1310_c0_g1_i26.p1	XP_050557549.1	31.308	214	143	2	1	214	7	216	1.98e-32	117	228	223	94	XP_050557549.1 glutathione S-transferase 1-like [Spodoptera frugiperda]
TRINITY_DN1310_c0_g1_i26.p1	XP_050556285.1	28.704	216	148	3	1	215	1	211	5.24e-32	116	228	217	94	XP_050556285.1 glutathione S-transferase 1 [Spodoptera frugiperda]
TRINITY_DN1310_c0_g1_i26.p1	XP_050556284.1	28.704	216	148	3	1	215	1	211	5.24e-32	116	228	217	94	XP_050556284.1 glutathione S-transferase 1 [Spodoptera frugiperda]
TRINITY_DN1310_c0_g1_i26.p1	XP_035452575.1	28.704	216	148	3	1	215	1	211	5.24e-32	116	228	217	94	XP_035452575.1 glutathione S-transferase 1 [Spodoptera frugiperda]
TRINITY_DN1310_c0_g1_i26.p1	XP_035452574.1	28.704	216	148	3	1	215	1	211	5.24e-32	116	228	217	94	XP_035452574.1 glutathione S-transferase 1 [Spodoptera frugiperda]
TRINITY_DN1310_c0_g1_i26.p1	XP_035440580.2	35.263	190	119	3	1	190	1	186	8.97e-32	116	228	221	83	XP_035440580.2 glutathione S-transferase 1 [Spodoptera frugiperda]
TRINITY_DN1310_c0_g1_i26.p1	XP_050563540.1	31.818	198	130	3	1	197	1	194	1.12e-29	110	228	218	86	XP_050563540.1 glutathione S-transferase 1-like [Spodoptera frugiperda]
TRINITY_DN1310_c0_g1_i26.p1	XP_050562829.1	33.163	196	117	6	5	196	35	220	2.67e-29	110	228	245	84	XP_050562829.1 glutathione S-transferase D7 isoform X1 [Spodoptera frugiperda]
TRINITY_DN1310_c0_g1_i26.p1	XP_050562831.1	33.163	196	117	6	5	196	30	215	2.95e-29	110	228	240	84	XP_050562831.1 glutathione S-transferase D7 isoform X3 [Spodoptera frugiperda]
TRINITY_DN1310_c0_g1_i26.p1	XP_050562830.1	33.163	196	117	6	5	196	34	219	3.23e-29	110	228	244	84	XP_050562830.1 glutathione S-transferase D7 isoform X2 [Spodoptera frugiperda]
TRINITY_DN1310_c0_g1_i26.p1	XP_050562948.1	34.759	187	114	5	5	190	5	184	6.94e-26	100	228	216	82	XP_050562948.1 glutathione S-transferase 1 [Spodoptera frugiperda]
TRINITY_DN1310_c0_g1_i26.p1	XP_050562947.1	34.759	187	114	5	5	190	5	184	6.94e-26	100	228	216	82	XP_050562947.1 glutathione S-transferase 1 [Spodoptera frugiperda]
TRINITY_DN1310_c0_g1_i26.p1	XP_050562946.1	34.759	187	114	5	5	190	5	184	6.94e-26	100	228	216	82	XP_050562946.1 glutathione S-transferase 1 [Spodoptera frugiperda]
TRINITY_DN1310_c0_g1_i26.p1	XP_035434894.2	29.412	204	127	6	1	198	1	193	3.10e-24	96.3	228	214	87	XP_035434894.2 glutathione S-transferase 1-like [Spodoptera frugiperda]
TRINITY_DN1310_c0_g1_i26.p1	XP_035441082.1	28.796	191	130	4	1	190	1	186	1.74e-21	89.4	228	232	83	XP_035441082.1 glutathione S-transferase 1-1 [Spodoptera frugiperda]
TRINITY_DN1310_c0_g1_i32.p1	XP_050559253.1	72.650	117	32	0	1	117	1	117	7.02e-65	197	147	223	80	XP_050559253.1 glutathione S-transferase 1 [Spodoptera frugiperda]
TRINITY_DN1310_c0_g1_i32.p1	XP_035436804.2	69.912	113	33	1	1	112	1	113	3.72e-56	175	147	223	76	XP_035436804.2 glutathione S-transferase 1-like [Spodoptera frugiperda]
TRINITY_DN1310_c0_g1_i32.p1	XP_050558885.1	56.303	119	52	0	1	119	229	347	2.31e-44	151	147	450	81	XP_050558885.1 uncharacterized protein LOC118266848 [Spodoptera frugiperda]
TRINITY_DN1310_c0_g1_i32.p1	XP_050558885.1	63.636	99	36	0	11	109	14	112	2.78e-40	140	147	450	81	XP_050558885.1 uncharacterized protein LOC118266848 [Spodoptera frugiperda]
TRINITY_DN1310_c0_g1_i32.p1	XP_035447327.2	39.496	119	72	0	1	119	1	119	8.21e-30	108	147	228	81	XP_035447327.2 glutathione S-transferase 1-like isoform X2 [Spodoptera frugiperda]
TRINITY_DN1310_c0_g1_i32.p1	XP_035447326.2	39.496	119	72	0	1	119	6	124	9.12e-30	108	147	233	81	XP_035447326.2 glutathione S-transferase 1-like isoform X1 [Spodoptera frugiperda]
TRINITY_DN1310_c0_g1_i32.p1	XP_050557548.1	39.130	115	68	1	1	115	1	113	3.85e-27	101	147	217	78	XP_050557548.1 glutathione S-transferase 1 [Spodoptera frugiperda]
TRINITY_DN1310_c0_g1_i32.p1	XP_035441818.2	37.398	123	76	1	5	127	22	143	2.59e-26	99.4	147	230	84	XP_035441818.2 glutathione S-transferase 1-like [Spodoptera frugiperda]
TRINITY_DN1310_c0_g1_i32.p1	XP_050557481.1	40.870	115	66	1	1	115	1	113	3.97e-26	102	147	465	78	XP_050557481.1 uncharacterized protein LOC118261724 [Spodoptera frugiperda]
TRINITY_DN1310_c0_g1_i32.p1	XP_050557481.1	38.261	115	69	1	1	115	248	360	1.15e-24	98.6	147	465	78	XP_050557481.1 uncharacterized protein LOC118261724 [Spodoptera frugiperda]
TRINITY_DN1310_c0_g1_i32.p1	XP_050557506.1	40.000	115	67	1	1	115	1	113	7.56e-25	99.0	147	433	95	XP_050557506.1 uncharacterized protein LOC118261723 [Spodoptera frugiperda]
TRINITY_DN1310_c0_g1_i32.p1	XP_050557506.1	32.051	156	87	3	1	139	218	371	6.93e-21	87.8	147	433	95	XP_050557506.1 uncharacterized protein LOC118261723 [Spodoptera frugiperda]
TRINITY_DN1310_c0_g1_i32.p1	XP_035440580.2	41.964	112	64	1	1	112	1	111	3.78e-24	93.6	147	221	76	XP_035440580.2 glutathione S-transferase 1 [Spodoptera frugiperda]
TRINITY_DN1310_c0_g1_i32.p1	XP_035428870.1	37.391	115	70	1	1	115	1	113	3.33e-23	90.9	147	217	78	XP_035428870.1 glutathione S-transferase 1 [Spodoptera frugiperda]
TRINITY_DN1310_c0_g1_i32.p1	XP_050556285.1	38.983	118	69	2	1	117	1	116	3.44e-23	90.9	147	217	80	XP_050556285.1 glutathione S-transferase 1 [Spodoptera frugiperda]
TRINITY_DN1310_c0_g1_i32.p1	XP_050556284.1	38.983	118	69	2	1	117	1	116	3.44e-23	90.9	147	217	80	XP_050556284.1 glutathione S-transferase 1 [Spodoptera frugiperda]
TRINITY_DN1310_c0_g1_i32.p1	XP_035452575.1	38.983	118	69	2	1	117	1	116	3.44e-23	90.9	147	217	80	XP_035452575.1 glutathione S-transferase 1 [Spodoptera frugiperda]
TRINITY_DN1310_c0_g1_i32.p1	XP_035452574.1	38.983	118	69	2	1	117	1	116	3.44e-23	90.9	147	217	80	XP_035452574.1 glutathione S-transferase 1 [Spodoptera frugiperda]
TRINITY_DN1310_c0_g1_i32.p1	XP_050562829.1	36.449	107	66	1	5	111	35	139	6.02e-21	85.9	147	245	73	XP_050562829.1 glutathione S-transferase D7 isoform X1 [Spodoptera frugiperda]
TRINITY_DN1310_c0_g1_i32.p1	XP_050562831.1	36.449	107	66	1	5	111	30	134	8.67e-21	85.1	147	240	73	XP_050562831.1 glutathione S-transferase D7 isoform X3 [Spodoptera frugiperda]
TRINITY_DN1310_c0_g1_i32.p1	XP_050562830.1	36.449	107	66	1	5	111	34	138	9.39e-21	85.1	147	244	73	XP_050562830.1 glutathione S-transferase D7 isoform X2 [Spodoptera frugiperda]
TRINITY_DN1310_c0_g1_i32.p1	XP_050562948.1	42.593	108	60	1	5	112	5	110	1.23e-20	84.3	147	216	73	XP_050562948.1 glutathione S-transferase 1 [Spodoptera frugiperda]
TRINITY_DN1310_c0_g1_i32.p1	XP_050562947.1	42.593	108	60	1	5	112	5	110	1.23e-20	84.3	147	216	73	XP_050562947.1 glutathione S-transferase 1 [Spodoptera frugiperda]
TRINITY_DN1310_c0_g1_i32.p1	XP_050562946.1	42.593	108	60	1	5	112	5	110	1.23e-20	84.3	147	216	73	XP_050562946.1 glutathione S-transferase 1 [Spodoptera frugiperda]
TRINITY_DN1310_c0_g1_i32.p1	XP_050563540.1	37.719	114	68	2	1	113	1	112	3.42e-19	80.5	147	218	77	XP_050563540.1 glutathione S-transferase 1-like [Spodoptera frugiperda]
TRINITY_DN1310_c0_g1_i32.p1	XP_050557549.1	33.913	115	74	1	1	115	7	119	2.03e-16	73.6	147	223	78	XP_050557549.1 glutathione S-transferase 1-like [Spodoptera frugiperda]
TRINITY_DN1310_c0_g1_i32.p1	XP_035434894.2	30.172	116	79	1	1	116	1	114	1.35e-15	70.9	147	214	79	XP_035434894.2 glutathione S-transferase 1-like [Spodoptera frugiperda]
TRINITY_DN1310_c0_g1_i32.p1	XP_035441082.1	27.465	142	88	2	5	146	5	131	3.05e-14	67.8	147	232	97	XP_035441082.1 glutathione S-transferase 1-1 [Spodoptera frugiperda]
TRINITY_DN1310_c0_g1_i33.p1	XP_050559253.1	72.444	225	60	1	1	225	1	223	2.52e-126	357	228	223	99	XP_050559253.1 glutathione S-transferase 1 [Spodoptera frugiperda]
TRINITY_DN1310_c0_g1_i33.p1	XP_035436804.2	63.393	224	79	2	1	223	1	222	7.13e-106	305	228	223	98	XP_035436804.2 glutathione S-transferase 1-like [Spodoptera frugiperda]
TRINITY_DN1310_c0_g1_i33.p1	XP_050558885.1	50.000	206	101	1	1	206	229	432	8.95e-69	218	228	450	98	XP_050558885.1 uncharacterized protein LOC118266848 [Spodoptera frugiperda]
TRINITY_DN1310_c0_g1_i33.p1	XP_050558885.1	46.262	214	113	1	11	224	14	225	3.90e-65	208	228	450	98	XP_050558885.1 uncharacterized protein LOC118266848 [Spodoptera frugiperda]
TRINITY_DN1310_c0_g1_i33.p1	XP_035447326.2	33.641	217	142	2	1	217	6	220	3.08e-43	146	228	233	95	XP_035447326.2 glutathione S-transferase 1-like isoform X1 [Spodoptera frugiperda]
TRINITY_DN1310_c0_g1_i33.p1	XP_035447327.2	33.641	217	142	2	1	217	1	215	3.33e-43	145	228	228	95	XP_035447327.2 glutathione S-transferase 1-like isoform X2 [Spodoptera frugiperda]
TRINITY_DN1310_c0_g1_i33.p1	XP_050557548.1	33.488	215	139	2	1	215	1	211	2.70e-41	140	228	217	94	XP_050557548.1 glutathione S-transferase 1 [Spodoptera frugiperda]
TRINITY_DN1310_c0_g1_i33.p1	XP_050557506.1	33.990	203	130	2	1	203	218	416	3.13e-37	135	228	433	93	XP_050557506.1 uncharacterized protein LOC118261723 [Spodoptera frugiperda]
TRINITY_DN1310_c0_g1_i33.p1	XP_050557506.1	33.019	212	138	2	1	212	1	208	4.70e-37	134	228	433	93	XP_050557506.1 uncharacterized protein LOC118261723 [Spodoptera frugiperda]
TRINITY_DN1310_c0_g1_i33.p1	XP_035441818.2	33.953	215	136	4	1	215	18	226	1.10e-36	129	228	230	94	XP_035441818.2 glutathione S-transferase 1-like [Spodoptera frugiperda]
TRINITY_DN1310_c0_g1_i33.p1	XP_050557481.1	32.710	214	137	3	1	214	1	207	3.34e-36	133	228	465	96	XP_050557481.1 uncharacterized protein LOC118261724 [Spodoptera frugiperda]
TRINITY_DN1310_c0_g1_i33.p1	XP_050557481.1	32.569	218	143	2	1	218	248	461	3.38e-35	130	228	465	96	XP_050557481.1 uncharacterized protein LOC118261724 [Spodoptera frugiperda]
TRINITY_DN1310_c0_g1_i33.p1	XP_035428870.1	30.275	218	148	2	1	218	1	214	2.74e-35	125	228	217	96	XP_035428870.1 glutathione S-transferase 1 [Spodoptera frugiperda]
TRINITY_DN1310_c0_g1_i33.p1	XP_050557549.1	31.308	214	143	2	1	214	7	216	3.57e-32	117	228	223	94	XP_050557549.1 glutathione S-transferase 1-like [Spodoptera frugiperda]
TRINITY_DN1310_c0_g1_i33.p1	XP_050556285.1	29.167	216	147	3	1	215	1	211	4.86e-32	116	228	217	94	XP_050556285.1 glutathione S-transferase 1 [Spodoptera frugiperda]
TRINITY_DN1310_c0_g1_i33.p1	XP_050556284.1	29.167	216	147	3	1	215	1	211	4.86e-32	116	228	217	94	XP_050556284.1 glutathione S-transferase 1 [Spodoptera frugiperda]
TRINITY_DN1310_c0_g1_i33.p1	XP_035452575.1	29.167	216	147	3	1	215	1	211	4.86e-32	116	228	217	94	XP_035452575.1 glutathione S-transferase 1 [Spodoptera frugiperda]
TRINITY_DN1310_c0_g1_i33.p1	XP_035452574.1	29.167	216	147	3	1	215	1	211	4.86e-32	116	228	217	94	XP_035452574.1 glutathione S-transferase 1 [Spodoptera frugiperda]
TRINITY_DN1310_c0_g1_i33.p1	XP_035440580.2	35.789	190	118	3	1	190	1	186	1.10e-31	115	228	221	83	XP_035440580.2 glutathione S-transferase 1 [Spodoptera frugiperda]
TRINITY_DN1310_c0_g1_i33.p1	XP_050563540.1	31.818	198	130	3	1	197	1	194	2.44e-29	109	228	218	86	XP_050563540.1 glutathione S-transferase 1-like [Spodoptera frugiperda]
TRINITY_DN1310_c0_g1_i33.p1	XP_050562829.1	33.673	196	116	6	5	196	35	220	2.48e-29	110	228	245	84	XP_050562829.1 glutathione S-transferase D7 isoform X1 [Spodoptera frugiperda]
TRINITY_DN1310_c0_g1_i33.p1	XP_050562831.1	33.673	196	116	6	5	196	30	215	2.57e-29	110	228	240	84	XP_050562831.1 glutathione S-transferase D7 isoform X3 [Spodoptera frugiperda]
TRINITY_DN1310_c0_g1_i33.p1	XP_050562830.1	33.673	196	116	6	5	196	34	219	2.87e-29	110	228	244	84	XP_050562830.1 glutathione S-transferase D7 isoform X2 [Spodoptera frugiperda]
TRINITY_DN1310_c0_g1_i33.p1	XP_050562948.1	34.225	187	115	5	5	190	5	184	3.93e-25	98.6	228	216	82	XP_050562948.1 glutathione S-transferase 1 [Spodoptera frugiperda]
TRINITY_DN1310_c0_g1_i33.p1	XP_050562947.1	34.225	187	115	5	5	190	5	184	3.93e-25	98.6	228	216	82	XP_050562947.1 glutathione S-transferase 1 [Spodoptera frugiperda]
TRINITY_DN1310_c0_g1_i33.p1	XP_050562946.1	34.225	187	115	5	5	190	5	184	3.93e-25	98.6	228	216	82	XP_050562946.1 glutathione S-transferase 1 [Spodoptera frugiperda]
TRINITY_DN1310_c0_g1_i33.p1	XP_035434894.2	29.902	204	126	6	1	198	1	193	2.76e-24	96.7	228	214	87	XP_035434894.2 glutathione S-transferase 1-like [Spodoptera frugiperda]
TRINITY_DN1310_c0_g1_i33.p1	XP_035441082.1	28.796	191	130	4	1	190	1	186	1.22e-21	89.7	228	232	83	XP_035441082.1 glutathione S-transferase 1-1 [Spodoptera frugiperda]
TRINITY_DN1310_c0_g1_i39.p1	XP_050559253.1	75.214	117	29	0	1	117	1	117	3.24e-66	200	135	223	87	XP_050559253.1 glutathione S-transferase 1 [Spodoptera frugiperda]
TRINITY_DN1310_c0_g1_i39.p1	XP_035436804.2	70.796	113	32	1	1	112	1	113	1.07e-56	176	135	223	83	XP_035436804.2 glutathione S-transferase 1-like [Spodoptera frugiperda]
TRINITY_DN1310_c0_g1_i39.p1	XP_050558885.1	55.462	119	53	0	1	119	229	347	1.00e-43	149	135	450	88	XP_050558885.1 uncharacterized protein LOC118266848 [Spodoptera frugiperda]
TRINITY_DN1310_c0_g1_i39.p1	XP_050558885.1	65.657	99	34	0	11	109	14	112	2.23e-41	142	135	450	88	XP_050558885.1 uncharacterized protein LOC118266848 [Spodoptera frugiperda]
TRINITY_DN1310_c0_g1_i39.p1	XP_035447327.2	39.496	119	72	0	1	119	1	119	9.20e-30	107	135	228	88	XP_035447327.2 glutathione S-transferase 1-like isoform X2 [Spodoptera frugiperda]
TRINITY_DN1310_c0_g1_i39.p1	XP_035447326.2	39.496	119	72	0	1	119	6	124	1.04e-29	107	135	233	88	XP_035447326.2 glutathione S-transferase 1-like isoform X1 [Spodoptera frugiperda]
TRINITY_DN1310_c0_g1_i39.p1	XP_050557548.1	40.000	115	67	1	1	115	1	113	2.52e-27	101	135	217	85	XP_050557548.1 glutathione S-transferase 1 [Spodoptera frugiperda]
TRINITY_DN1310_c0_g1_i39.p1	XP_035441818.2	38.211	123	75	1	5	127	22	143	7.44e-27	100	135	230	91	XP_035441818.2 glutathione S-transferase 1-like [Spodoptera frugiperda]
TRINITY_DN1310_c0_g1_i39.p1	XP_050557481.1	40.870	115	66	1	1	115	1	113	5.27e-26	101	135	465	85	XP_050557481.1 uncharacterized protein LOC118261724 [Spodoptera frugiperda]
TRINITY_DN1310_c0_g1_i39.p1	XP_050557481.1	40.000	115	67	1	1	115	248	360	2.00e-25	100	135	465	85	XP_050557481.1 uncharacterized protein LOC118261724 [Spodoptera frugiperda]
TRINITY_DN1310_c0_g1_i39.p1	XP_050557506.1	40.870	115	66	1	1	115	1	113	4.29e-25	99.0	135	433	85	XP_050557506.1 uncharacterized protein LOC118261723 [Spodoptera frugiperda]
TRINITY_DN1310_c0_g1_i39.p1	XP_050557506.1	37.391	115	70	1	1	115	218	330	3.73e-21	88.2	135	433	85	XP_050557506.1 uncharacterized protein LOC118261723 [Spodoptera frugiperda]
TRINITY_DN1310_c0_g1_i39.p1	XP_035440580.2	42.857	112	63	1	1	112	1	111	4.03e-24	93.2	135	221	83	XP_035440580.2 glutathione S-transferase 1 [Spodoptera frugiperda]
TRINITY_DN1310_c0_g1_i39.p1	XP_035428870.1	38.261	115	69	1	1	115	1	113	1.64e-23	91.3	135	217	85	XP_035428870.1 glutathione S-transferase 1 [Spodoptera frugiperda]
TRINITY_DN1310_c0_g1_i39.p1	XP_050556285.1	39.831	118	68	2	1	117	1	116	1.94e-23	91.3	135	217	87	XP_050556285.1 glutathione S-transferase 1 [Spodoptera frugiperda]
TRINITY_DN1310_c0_g1_i39.p1	XP_050556284.1	39.831	118	68	2	1	117	1	116	1.94e-23	91.3	135	217	87	XP_050556284.1 glutathione S-transferase 1 [Spodoptera frugiperda]
TRINITY_DN1310_c0_g1_i39.p1	XP_035452575.1	39.831	118	68	2	1	117	1	116	1.94e-23	91.3	135	217	87	XP_035452575.1 glutathione S-transferase 1 [Spodoptera frugiperda]
TRINITY_DN1310_c0_g1_i39.p1	XP_035452574.1	39.831	118	68	2	1	117	1	116	1.94e-23	91.3	135	217	87	XP_035452574.1 glutathione S-transferase 1 [Spodoptera frugiperda]
TRINITY_DN1310_c0_g1_i39.p1	XP_050562829.1	37.383	107	65	1	5	111	35	139	4.47e-21	85.5	135	245	79	XP_050562829.1 glutathione S-transferase D7 isoform X1 [Spodoptera frugiperda]
TRINITY_DN1310_c0_g1_i39.p1	XP_050562830.1	37.383	107	65	1	5	111	34	138	6.70e-21	85.1	135	244	79	XP_050562830.1 glutathione S-transferase D7 isoform X2 [Spodoptera frugiperda]
TRINITY_DN1310_c0_g1_i39.p1	XP_050562831.1	37.383	107	65	1	5	111	30	134	6.72e-21	85.1	135	240	79	XP_050562831.1 glutathione S-transferase D7 isoform X3 [Spodoptera frugiperda]
TRINITY_DN1310_c0_g1_i39.p1	XP_050562948.1	41.667	108	61	1	5	112	5	110	4.64e-20	82.4	135	216	80	XP_050562948.1 glutathione S-transferase 1 [Spodoptera frugiperda]
TRINITY_DN1310_c0_g1_i39.p1	XP_050562947.1	41.667	108	61	1	5	112	5	110	4.64e-20	82.4	135	216	80	XP_050562947.1 glutathione S-transferase 1 [Spodoptera frugiperda]
TRINITY_DN1310_c0_g1_i39.p1	XP_050562946.1	41.667	108	61	1	5	112	5	110	4.64e-20	82.4	135	216	80	XP_050562946.1 glutathione S-transferase 1 [Spodoptera frugiperda]
TRINITY_DN1310_c0_g1_i39.p1	XP_050563540.1	37.719	114	68	2	1	113	1	112	5.67e-19	79.7	135	218	84	XP_050563540.1 glutathione S-transferase 1-like [Spodoptera frugiperda]
TRINITY_DN1310_c0_g1_i39.p1	XP_050557549.1	33.898	118	76	1	1	118	7	122	2.61e-16	72.8	135	223	87	XP_050557549.1 glutathione S-transferase 1-like [Spodoptera frugiperda]
TRINITY_DN1310_c0_g1_i39.p1	XP_035434894.2	31.034	116	78	1	1	116	1	114	6.53e-16	71.6	135	214	86	XP_035434894.2 glutathione S-transferase 1-like [Spodoptera frugiperda]
TRINITY_DN1310_c0_g1_i39.p1	XP_035441082.1	30.556	108	73	1	5	112	5	110	1.21e-12	63.2	135	232	80	XP_035441082.1 glutathione S-transferase 1-1 [Spodoptera frugiperda]
TRINITY_DN1310_c0_g1_i47.p1	XP_050559253.1	71.111	225	63	1	1	225	1	223	3.99e-125	353	228	223	99	XP_050559253.1 glutathione S-transferase 1 [Spodoptera frugiperda]
TRINITY_DN1310_c0_g1_i47.p1	XP_035436804.2	62.946	224	80	2	1	223	1	222	1.64e-105	304	228	223	98	XP_035436804.2 glutathione S-transferase 1-like [Spodoptera frugiperda]
TRINITY_DN1310_c0_g1_i47.p1	XP_050558885.1	50.485	206	100	1	1	206	229	432	1.35e-69	220	228	450	98	XP_050558885.1 uncharacterized protein LOC118266848 [Spodoptera frugiperda]
TRINITY_DN1310_c0_g1_i47.p1	XP_050558885.1	45.327	214	115	1	11	224	14	225	3.74e-64	206	228	450	98	XP_050558885.1 uncharacterized protein LOC118266848 [Spodoptera frugiperda]
TRINITY_DN1310_c0_g1_i47.p1	XP_035447326.2	33.641	217	142	2	1	217	6	220	2.23e-43	146	228	233	95	XP_035447326.2 glutathione S-transferase 1-like isoform X1 [Spodoptera frugiperda]
TRINITY_DN1310_c0_g1_i47.p1	XP_035447327.2	33.641	217	142	2	1	217	1	215	2.51e-43	146	228	228	95	XP_035447327.2 glutathione S-transferase 1-like isoform X2 [Spodoptera frugiperda]
TRINITY_DN1310_c0_g1_i47.p1	XP_050557548.1	33.023	215	140	2	1	215	1	211	3.77e-41	140	228	217	94	XP_050557548.1 glutathione S-transferase 1 [Spodoptera frugiperda]
TRINITY_DN1310_c0_g1_i47.p1	XP_050557506.1	33.498	203	131	2	1	203	218	416	4.24e-37	135	228	433	93	XP_050557506.1 uncharacterized protein LOC118261723 [Spodoptera frugiperda]
TRINITY_DN1310_c0_g1_i47.p1	XP_050557506.1	32.547	212	139	2	1	212	1	208	8.06e-37	134	228	433	93	XP_050557506.1 uncharacterized protein LOC118261723 [Spodoptera frugiperda]
TRINITY_DN1310_c0_g1_i47.p1	XP_035441818.2	33.953	215	136	4	1	215	18	226	5.05e-37	130	228	230	94	XP_035441818.2 glutathione S-transferase 1-like [Spodoptera frugiperda]
TRINITY_DN1310_c0_g1_i47.p1	XP_050557481.1	32.710	214	137	3	1	214	1	207	1.77e-36	134	228	465	96	XP_050557481.1 uncharacterized protein LOC118261724 [Spodoptera frugiperda]
TRINITY_DN1310_c0_g1_i47.p1	XP_050557481.1	31.651	218	145	2	1	218	248	461	1.46e-34	128	228	465	96	XP_050557481.1 uncharacterized protein LOC118261724 [Spodoptera frugiperda]
TRINITY_DN1310_c0_g1_i47.p1	XP_035428870.1	30.233	215	146	2	1	215	1	211	5.38e-35	124	228	217	94	XP_035428870.1 glutathione S-transferase 1 [Spodoptera frugiperda]
TRINITY_DN1310_c0_g1_i47.p1	XP_050557549.1	31.308	214	143	2	1	214	7	216	1.98e-32	117	228	223	94	XP_050557549.1 glutathione S-transferase 1-like [Spodoptera frugiperda]
TRINITY_DN1310_c0_g1_i47.p1	XP_050556285.1	28.704	216	148	3	1	215	1	211	5.24e-32	116	228	217	94	XP_050556285.1 glutathione S-transferase 1 [Spodoptera frugiperda]
TRINITY_DN1310_c0_g1_i47.p1	XP_050556284.1	28.704	216	148	3	1	215	1	211	5.24e-32	116	228	217	94	XP_050556284.1 glutathione S-transferase 1 [Spodoptera frugiperda]
TRINITY_DN1310_c0_g1_i47.p1	XP_035452575.1	28.704	216	148	3	1	215	1	211	5.24e-32	116	228	217	94	XP_035452575.1 glutathione S-transferase 1 [Spodoptera frugiperda]
TRINITY_DN1310_c0_g1_i47.p1	XP_035452574.1	28.704	216	148	3	1	215	1	211	5.24e-32	116	228	217	94	XP_035452574.1 glutathione S-transferase 1 [Spodoptera frugiperda]
TRINITY_DN1310_c0_g1_i47.p1	XP_035440580.2	35.263	190	119	3	1	190	1	186	8.97e-32	116	228	221	83	XP_035440580.2 glutathione S-transferase 1 [Spodoptera frugiperda]
TRINITY_DN1310_c0_g1_i47.p1	XP_050563540.1	31.818	198	130	3	1	197	1	194	1.12e-29	110	228	218	86	XP_050563540.1 glutathione S-transferase 1-like [Spodoptera frugiperda]
TRINITY_DN1310_c0_g1_i47.p1	XP_050562829.1	33.163	196	117	6	5	196	35	220	2.67e-29	110	228	245	84	XP_050562829.1 glutathione S-transferase D7 isoform X1 [Spodoptera frugiperda]
TRINITY_DN1310_c0_g1_i47.p1	XP_050562831.1	33.163	196	117	6	5	196	30	215	2.95e-29	110	228	240	84	XP_050562831.1 glutathione S-transferase D7 isoform X3 [Spodoptera frugiperda]
TRINITY_DN1310_c0_g1_i47.p1	XP_050562830.1	33.163	196	117	6	5	196	34	219	3.23e-29	110	228	244	84	XP_050562830.1 glutathione S-transferase D7 isoform X2 [Spodoptera frugiperda]
TRINITY_DN1310_c0_g1_i47.p1	XP_050562948.1	34.759	187	114	5	5	190	5	184	6.94e-26	100	228	216	82	XP_050562948.1 glutathione S-transferase 1 [Spodoptera frugiperda]
TRINITY_DN1310_c0_g1_i47.p1	XP_050562947.1	34.759	187	114	5	5	190	5	184	6.94e-26	100	228	216	82	XP_050562947.1 glutathione S-transferase 1 [Spodoptera frugiperda]
TRINITY_DN1310_c0_g1_i47.p1	XP_050562946.1	34.759	187	114	5	5	190	5	184	6.94e-26	100	228	216	82	XP_050562946.1 glutathione S-transferase 1 [Spodoptera frugiperda]
TRINITY_DN1310_c0_g1_i47.p1	XP_035434894.2	29.412	204	127	6	1	198	1	193	3.10e-24	96.3	228	214	87	XP_035434894.2 glutathione S-transferase 1-like [Spodoptera frugiperda]
TRINITY_DN1310_c0_g1_i47.p1	XP_035441082.1	28.796	191	130	4	1	190	1	186	1.74e-21	89.4	228	232	83	XP_035441082.1 glutathione S-transferase 1-1 [Spodoptera frugiperda]
TRINITY_DN1310_c0_g1_i8.p1	XP_050559253.1	72.650	117	32	0	1	117	1	117	6.61e-65	197	135	223	87	XP_050559253.1 glutathione S-transferase 1 [Spodoptera frugiperda]
TRINITY_DN1310_c0_g1_i8.p1	XP_035436804.2	69.912	113	33	1	1	112	1	113	2.54e-56	175	135	223	83	XP_035436804.2 glutathione S-transferase 1-like [Spodoptera frugiperda]
TRINITY_DN1310_c0_g1_i8.p1	XP_050558885.1	56.303	119	52	0	1	119	229	347	1.62e-44	151	135	450	88	XP_050558885.1 uncharacterized protein LOC118266848 [Spodoptera frugiperda]
TRINITY_DN1310_c0_g1_i8.p1	XP_050558885.1	63.636	99	36	0	11	109	14	112	2.07e-40	140	135	450	88	XP_050558885.1 uncharacterized protein LOC118266848 [Spodoptera frugiperda]
TRINITY_DN1310_c0_g1_i8.p1	XP_035447327.2	39.496	119	72	0	1	119	1	119	6.53e-30	108	135	228	88	XP_035447327.2 glutathione S-transferase 1-like isoform X2 [Spodoptera frugiperda]
TRINITY_DN1310_c0_g1_i8.p1	XP_035447326.2	39.496	119	72	0	1	119	6	124	7.98e-30	108	135	233	88	XP_035447326.2 glutathione S-transferase 1-like isoform X1 [Spodoptera frugiperda]
TRINITY_DN1310_c0_g1_i8.p1	XP_035441818.2	38.211	123	75	1	5	127	22	143	2.50e-27	101	135	230	91	XP_035441818.2 glutathione S-transferase 1-like [Spodoptera frugiperda]
TRINITY_DN1310_c0_g1_i8.p1	XP_050557548.1	39.130	115	68	1	1	115	1	113	3.12e-27	100	135	217	85	XP_050557548.1 glutathione S-transferase 1 [Spodoptera frugiperda]
TRINITY_DN1310_c0_g1_i8.p1	XP_050557481.1	40.870	115	66	1	1	115	1	113	2.48e-26	102	135	465	85	XP_050557481.1 uncharacterized protein LOC118261724 [Spodoptera frugiperda]
TRINITY_DN1310_c0_g1_i8.p1	XP_050557481.1	38.261	115	69	1	1	115	248	360	7.06e-25	98.6	135	465	85	XP_050557481.1 uncharacterized protein LOC118261724 [Spodoptera frugiperda]
TRINITY_DN1310_c0_g1_i8.p1	XP_050557506.1	40.000	115	67	1	1	115	1	113	6.69e-25	98.6	135	433	85	XP_050557506.1 uncharacterized protein LOC118261723 [Spodoptera frugiperda]
TRINITY_DN1310_c0_g1_i8.p1	XP_050557506.1	36.522	115	71	1	1	115	218	330	5.95e-21	87.4	135	433	85	XP_050557506.1 uncharacterized protein LOC118261723 [Spodoptera frugiperda]
TRINITY_DN1310_c0_g1_i8.p1	XP_035440580.2	41.964	112	64	1	1	112	1	111	2.47e-24	93.6	135	221	83	XP_035440580.2 glutathione S-transferase 1 [Spodoptera frugiperda]
TRINITY_DN1310_c0_g1_i8.p1	XP_050556285.1	38.983	118	69	2	1	117	1	116	2.11e-23	91.3	135	217	87	XP_050556285.1 glutathione S-transferase 1 [Spodoptera frugiperda]
TRINITY_DN1310_c0_g1_i8.p1	XP_050556284.1	38.983	118	69	2	1	117	1	116	2.11e-23	91.3	135	217	87	XP_050556284.1 glutathione S-transferase 1 [Spodoptera frugiperda]
TRINITY_DN1310_c0_g1_i8.p1	XP_035452575.1	38.983	118	69	2	1	117	1	116	2.11e-23	91.3	135	217	87	XP_035452575.1 glutathione S-transferase 1 [Spodoptera frugiperda]
TRINITY_DN1310_c0_g1_i8.p1	XP_035452574.1	38.983	118	69	2	1	117	1	116	2.11e-23	91.3	135	217	87	XP_035452574.1 glutathione S-transferase 1 [Spodoptera frugiperda]
TRINITY_DN1310_c0_g1_i8.p1	XP_035428870.1	37.391	115	70	1	1	115	1	113	2.64e-23	90.9	135	217	85	XP_035428870.1 glutathione S-transferase 1 [Spodoptera frugiperda]
TRINITY_DN1310_c0_g1_i8.p1	XP_050562829.1	36.449	107	66	1	5	111	35	139	5.02e-21	85.5	135	245	79	XP_050562829.1 glutathione S-transferase D7 isoform X1 [Spodoptera frugiperda]
TRINITY_DN1310_c0_g1_i8.p1	XP_050562831.1	36.449	107	66	1	5	111	30	134	6.94e-21	85.1	135	240	79	XP_050562831.1 glutathione S-transferase D7 isoform X3 [Spodoptera frugiperda]
TRINITY_DN1310_c0_g1_i8.p1	XP_050562830.1	36.449	107	66	1	5	111	34	138	7.28e-21	85.1	135	244	79	XP_050562830.1 glutathione S-transferase D7 isoform X2 [Spodoptera frugiperda]
TRINITY_DN1310_c0_g1_i8.p1	XP_050562948.1	42.593	108	60	1	5	112	5	110	8.23e-21	84.3	135	216	80	XP_050562948.1 glutathione S-transferase 1 [Spodoptera frugiperda]
TRINITY_DN1310_c0_g1_i8.p1	XP_050562947.1	42.593	108	60	1	5	112	5	110	8.23e-21	84.3	135	216	80	XP_050562947.1 glutathione S-transferase 1 [Spodoptera frugiperda]
TRINITY_DN1310_c0_g1_i8.p1	XP_050562946.1	42.593	108	60	1	5	112	5	110	8.23e-21	84.3	135	216	80	XP_050562946.1 glutathione S-transferase 1 [Spodoptera frugiperda]
TRINITY_DN1310_c0_g1_i8.p1	XP_050563540.1	37.719	114	68	2	1	113	1	112	2.46e-19	80.5	135	218	84	XP_050563540.1 glutathione S-transferase 1-like [Spodoptera frugiperda]
TRINITY_DN1310_c0_g1_i8.p1	XP_050557549.1	33.898	118	76	1	1	118	7	122	1.19e-16	73.6	135	223	87	XP_050557549.1 glutathione S-transferase 1-like [Spodoptera frugiperda]
TRINITY_DN1310_c0_g1_i8.p1	XP_035434894.2	30.172	116	79	1	1	116	1	114	8.58e-16	71.2	135	214	86	XP_035434894.2 glutathione S-transferase 1-like [Spodoptera frugiperda]
TRINITY_DN1310_c0_g1_i8.p1	XP_035441082.1	30.556	108	73	1	5	112	5	110	1.84e-12	62.4	135	232	80	XP_035441082.1 glutathione S-transferase 1-1 [Spodoptera frugiperda]
TRINITY_DN1343_c0_g1_i12.p1	XP_050558941.1	85.000	200	29	1	2	201	239	437	1.92e-114	345	201	821	99	XP_050558941.1 S1 RNA-binding domain-containing protein 1 isoform X2 [Spodoptera frugiperda]
TRINITY_DN1343_c0_g1_i12.p1	XP_050558940.1	85.000	200	29	1	2	201	239	437	5.86e-114	345	201	877	99	XP_050558940.1 uncharacterized protein YdcI isoform X1 [Spodoptera frugiperda]
TRINITY_DN1343_c0_g1_i12.p2	XP_050558941.1	48.344	151	75	3	1	149	1	150	3.83e-30	114	150	821	99	XP_050558941.1 S1 RNA-binding domain-containing protein 1 isoform X2 [Spodoptera frugiperda]
TRINITY_DN1343_c0_g1_i12.p2	XP_050558940.1	48.344	151	75	3	1	149	1	150	3.87e-30	114	150	877	99	XP_050558940.1 uncharacterized protein YdcI isoform X1 [Spodoptera frugiperda]
TRINITY_DN1343_c0_g1_i14.p1	XP_050558941.1	78.571	826	170	6	1	824	1	821	0.0	1303	826	821	99	XP_050558941.1 S1 RNA-binding domain-containing protein 1 isoform X2 [Spodoptera frugiperda]
TRINITY_DN1343_c0_g1_i14.p1	XP_050558940.1	78.113	763	160	6	1	761	1	758	0.0	1184	826	877	92	XP_050558940.1 uncharacterized protein YdcI isoform X1 [Spodoptera frugiperda]
TRINITY_DN1343_c0_g1_i14.p1	XP_050557944.1	26.804	194	116	8	506	676	879	1069	1.77e-08	59.3	826	1701	21	XP_050557944.1 transcription elongation factor SPT6 [Spodoptera frugiperda]
TRINITY_DN1343_c0_g1_i15.p1	XP_050558941.1	84.127	63	10	0	45	107	759	821	1.91e-32	119	109	821	58	XP_050558941.1 S1 RNA-binding domain-containing protein 1 isoform X2 [Spodoptera frugiperda]
TRINITY_DN1343_c0_g1_i15.p1	XP_050560502.1	50.000	40	20	0	7	46	67	106	8.71e-05	40.4	109	305	37	XP_050560502.1 uncharacterized protein LOC118268518 [Spodoptera frugiperda]
TRINITY_DN1343_c0_g1_i15.p1	XP_035438946.2	50.000	40	20	0	7	46	67	106	8.71e-05	40.4	109	305	37	XP_035438946.2 uncharacterized protein LOC118268518 [Spodoptera frugiperda]
TRINITY_DN1343_c0_g1_i15.p1	XP_035456736.1	44.186	43	24	0	5	47	14	56	3.75e-04	38.9	109	341	39	XP_035456736.1 uncharacterized protein LOC118280626 [Spodoptera frugiperda]
TRINITY_DN1343_c0_g1_i15.p1	XP_035452256.2	35.000	40	26	0	5	44	45	84	8.56e-04	37.7	109	327	37	XP_035452256.2 uncharacterized protein LOC118277529 [Spodoptera frugiperda]
TRINITY_DN1343_c0_g1_i17.p2	XP_050558941.1	83.462	260	40	2	1	260	565	821	4.16e-155	452	262	821	99	XP_050558941.1 S1 RNA-binding domain-containing protein 1 isoform X2 [Spodoptera frugiperda]
TRINITY_DN1343_c0_g1_i17.p2	XP_050558940.1	83.249	197	30	2	1	197	565	758	2.86e-109	335	262	877	75	XP_050558940.1 uncharacterized protein YdcI isoform X1 [Spodoptera frugiperda]
TRINITY_DN1343_c0_g1_i17.p2	XP_050557944.1	29.524	105	59	4	23	112	965	1069	9.15e-06	47.4	262	1701	34	XP_050557944.1 transcription elongation factor SPT6 [Spodoptera frugiperda]
TRINITY_DN1343_c0_g1_i17.p1	XP_050558940.1	75.752	565	133	4	1	563	1	563	0.0	844	569	877	99	XP_050558940.1 uncharacterized protein YdcI isoform X1 [Spodoptera frugiperda]
TRINITY_DN1343_c0_g1_i17.p1	XP_050558941.1	75.887	564	132	4	1	562	1	562	0.0	843	569	821	99	XP_050558941.1 S1 RNA-binding domain-containing protein 1 isoform X2 [Spodoptera frugiperda]
TRINITY_DN1343_c0_g1_i18.p1	XP_050560502.1	32.246	276	128	9	7	275	67	290	3.43e-20	89.7	329	305	82	XP_050560502.1 uncharacterized protein LOC118268518 [Spodoptera frugiperda]
TRINITY_DN1343_c0_g1_i18.p1	XP_035438946.2	32.246	276	128	9	7	275	67	290	3.43e-20	89.7	329	305	82	XP_035438946.2 uncharacterized protein LOC118268518 [Spodoptera frugiperda]
TRINITY_DN1343_c0_g1_i18.p1	XP_035449468.2	27.437	277	167	10	7	273	24	276	6.42e-20	88.6	329	290	81	XP_035449468.2 uncharacterized protein LOC118275566 [Spodoptera frugiperda]
TRINITY_DN1343_c0_g1_i18.p1	XP_035433249.2	28.058	278	133	9	6	279	14	228	6.08e-19	85.1	329	238	83	XP_035433249.2 uncharacterized protein LOC118264737 [Spodoptera frugiperda]
TRINITY_DN1343_c0_g1_i18.p1	XP_050559703.1	30.818	159	92	3	7	155	86	236	3.78e-11	63.5	329	315	45	XP_050559703.1 uncharacterized protein LOC118278965 [Spodoptera frugiperda]
TRINITY_DN1343_c0_g1_i18.p1	XP_050559702.1	30.818	159	92	3	7	155	86	236	3.78e-11	63.5	329	315	45	XP_050559702.1 uncharacterized protein LOC118278965 [Spodoptera frugiperda]
TRINITY_DN1343_c0_g1_i18.p1	XP_050559701.1	30.818	159	92	3	7	155	86	236	3.78e-11	63.5	329	315	45	XP_050559701.1 uncharacterized protein LOC118278965 [Spodoptera frugiperda]
TRINITY_DN1343_c0_g1_i18.p1	XP_035449607.2	24.460	278	130	8	5	270	6	215	7.30e-11	61.6	329	223	81	XP_035449607.2 uncharacterized protein LOC118275660 [Spodoptera frugiperda]
TRINITY_DN1343_c0_g1_i18.p1	XP_035453190.2	29.630	135	78	3	3	126	4	132	2.00e-09	58.2	329	273	38	XP_035453190.2 uncharacterized protein LOC118278190 [Spodoptera frugiperda]
TRINITY_DN1343_c0_g1_i18.p1	XP_035442825.2	31.852	135	75	4	3	126	81	209	2.25e-09	58.5	329	317	38	XP_035442825.2 uncharacterized protein LOC118271056 [Spodoptera frugiperda]
TRINITY_DN1343_c0_g1_i18.p1	XP_050558037.1	31.818	132	72	6	5	126	7	130	3.15e-09	57.8	329	282	37	XP_050558037.1 uncharacterized protein LOC126912018 [Spodoptera frugiperda]
TRINITY_DN1343_c0_g1_i18.p1	XP_050559719.1	31.818	132	72	6	5	126	7	130	3.52e-09	57.4	329	282	37	XP_050559719.1 uncharacterized protein LOC118280374 [Spodoptera frugiperda]
TRINITY_DN1343_c0_g1_i18.p1	XP_035456736.1	37.634	93	43	2	5	97	14	91	5.07e-09	57.4	329	341	37	XP_035456736.1 uncharacterized protein LOC118280626 [Spodoptera frugiperda]
TRINITY_DN1343_c0_g1_i18.p1	XP_035456736.1	31.707	123	61	4	5	127	144	243	1.67e-04	43.5	329	341	37	XP_035456736.1 uncharacterized protein LOC118280626 [Spodoptera frugiperda]
TRINITY_DN1343_c0_g1_i18.p1	XP_035430559.2	39.683	63	38	0	4	66	5	67	8.27e-09	56.2	329	255	19	XP_035430559.2 uncharacterized protein LOC118262954 [Spodoptera frugiperda]
TRINITY_DN1343_c0_g1_i18.p1	XP_050563588.1	28.358	134	87	3	7	140	14	138	1.87e-08	55.1	329	240	41	XP_050563588.1 uncharacterized protein LOC126912992 [Spodoptera frugiperda]
TRINITY_DN1343_c0_g1_i18.p1	XP_035433121.2	20.513	273	146	6	5	276	7	209	2.50e-08	54.3	329	217	83	XP_035433121.2 uncharacterized protein LOC118264649 [Spodoptera frugiperda]
TRINITY_DN1343_c0_g1_i18.p1	XP_035445287.2	28.319	113	63	3	1	101	1	107	3.03e-08	54.3	329	227	31	XP_035445287.2 uncharacterized protein LOC118272742 [Spodoptera frugiperda]
TRINITY_DN1343_c0_g1_i18.p1	XP_050556381.1	27.481	131	84	4	7	136	12	132	3.90e-08	54.7	329	295	40	XP_050556381.1 uncharacterized protein LOC118264269 [Spodoptera frugiperda]
TRINITY_DN1343_c0_g1_i18.p1	XP_050556115.1	27.481	131	84	4	7	136	12	132	4.32e-08	54.3	329	297	40	XP_050556115.1 transcription factor Adf-1-like [Spodoptera frugiperda]
TRINITY_DN1343_c0_g1_i18.p1	XP_035444227.2	29.348	92	58	1	7	98	67	151	1.83e-07	52.4	329	305	28	XP_035444227.2 uncharacterized protein LOC118272034 [Spodoptera frugiperda]
TRINITY_DN1343_c0_g1_i18.p1	XP_050552393.1	21.933	269	154	6	7	266	10	231	5.62e-07	51.6	329	430	79	XP_050552393.1 uncharacterized protein LOC126911147 [Spodoptera frugiperda]
TRINITY_DN1343_c0_g1_i18.p1	XP_035442577.2	36.667	60	38	0	6	65	14	73	2.54e-06	48.5	329	247	18	XP_035442577.2 uncharacterized protein LOC118270891 [Spodoptera frugiperda]
TRINITY_DN1343_c0_g1_i18.p1	XP_035433224.2	31.818	88	58	1	11	98	13	98	4.41e-06	48.1	329	294	27	XP_035433224.2 uncharacterized protein LOC118264725 [Spodoptera frugiperda]
TRINITY_DN1343_c0_g1_i18.p1	XP_035448787.1	28.058	139	70	6	7	133	11	131	5.57e-06	47.8	329	249	39	XP_035448787.1 uncharacterized protein LOC118275049 [Spodoptera frugiperda]
TRINITY_DN1343_c0_g1_i18.p1	XP_035456931.1	30.526	95	60	2	6	100	18	106	7.07e-06	47.4	329	249	29	XP_035456931.1 uncharacterized protein LOC118280715 [Spodoptera frugiperda]
TRINITY_DN1343_c0_g1_i19.p1	XP_050558941.1	78.571	826	170	6	1	824	1	821	0.0	1303	826	821	99	XP_050558941.1 S1 RNA-binding domain-containing protein 1 isoform X2 [Spodoptera frugiperda]
TRINITY_DN1343_c0_g1_i19.p1	XP_050558940.1	78.113	763	160	6	1	761	1	758	0.0	1184	826	877	92	XP_050558940.1 uncharacterized protein YdcI isoform X1 [Spodoptera frugiperda]
TRINITY_DN1343_c0_g1_i19.p1	XP_050557944.1	26.804	194	116	8	506	676	879	1069	1.77e-08	59.3	826	1701	21	XP_050557944.1 transcription elongation factor SPT6 [Spodoptera frugiperda]
TRINITY_DN1343_c0_g1_i2.p1	XP_050558940.1	74.669	529	130	4	1	527	1	527	0.0	776	532	877	99	XP_050558940.1 uncharacterized protein YdcI isoform X1 [Spodoptera frugiperda]
TRINITY_DN1343_c0_g1_i2.p1	XP_050558941.1	74.669	529	130	4	1	527	1	527	0.0	776	532	821	99	XP_050558941.1 S1 RNA-binding domain-containing protein 1 isoform X2 [Spodoptera frugiperda]
TRINITY_DN1343_c0_g1_i20.p2	XP_050558941.1	48.344	151	75	3	1	149	1	150	3.83e-30	114	150	821	99	XP_050558941.1 S1 RNA-binding domain-containing protein 1 isoform X2 [Spodoptera frugiperda]
TRINITY_DN1343_c0_g1_i20.p2	XP_050558940.1	48.344	151	75	3	1	149	1	150	3.87e-30	114	150	877	99	XP_050558940.1 uncharacterized protein YdcI isoform X1 [Spodoptera frugiperda]
TRINITY_DN1343_c0_g1_i20.p1	XP_050558941.1	85.000	200	29	1	2	201	239	437	1.92e-114	345	201	821	99	XP_050558941.1 S1 RNA-binding domain-containing protein 1 isoform X2 [Spodoptera frugiperda]
TRINITY_DN1343_c0_g1_i20.p1	XP_050558940.1	85.000	200	29	1	2	201	239	437	5.86e-114	345	201	877	99	XP_050558940.1 uncharacterized protein YdcI isoform X1 [Spodoptera frugiperda]
TRINITY_DN1343_c0_g1_i4.p1	XP_050558941.1	78.571	826	170	6	1	824	1	821	0.0	1303	826	821	99	XP_050558941.1 S1 RNA-binding domain-containing protein 1 isoform X2 [Spodoptera frugiperda]
TRINITY_DN1343_c0_g1_i4.p1	XP_050558940.1	78.113	763	160	6	1	761	1	758	0.0	1184	826	877	92	XP_050558940.1 uncharacterized protein YdcI isoform X1 [Spodoptera frugiperda]
TRINITY_DN1343_c0_g1_i4.p1	XP_050557944.1	26.804	194	116	8	506	676	879	1069	1.77e-08	59.3	826	1701	21	XP_050557944.1 transcription elongation factor SPT6 [Spodoptera frugiperda]
TRINITY_DN1343_c0_g1_i5.p1	XP_050558940.1	85.652	230	30	2	1	230	532	758	1.92e-136	404	231	877	99	XP_050558940.1 uncharacterized protein YdcI isoform X1 [Spodoptera frugiperda]
TRINITY_DN1343_c0_g1_i5.p1	XP_050558941.1	85.652	230	30	2	1	230	532	758	2.18e-136	402	231	821	99	XP_050558941.1 S1 RNA-binding domain-containing protein 1 isoform X2 [Spodoptera frugiperda]
TRINITY_DN1343_c0_g1_i7.p1	XP_050558941.1	83.462	260	40	2	1	260	565	821	4.16e-155	452	262	821	99	XP_050558941.1 S1 RNA-binding domain-containing protein 1 isoform X2 [Spodoptera frugiperda]
TRINITY_DN1343_c0_g1_i7.p1	XP_050558940.1	83.249	197	30	2	1	197	565	758	2.86e-109	335	262	877	75	XP_050558940.1 uncharacterized protein YdcI isoform X1 [Spodoptera frugiperda]
TRINITY_DN1343_c0_g1_i7.p1	XP_050557944.1	29.524	105	59	4	23	112	965	1069	9.15e-06	47.4	262	1701	34	XP_050557944.1 transcription elongation factor SPT6 [Spodoptera frugiperda]
TRINITY_DN1343_c0_g1_i8.p1	XP_050558940.1	75.752	565	133	4	1	563	1	563	0.0	844	569	877	99	XP_050558940.1 uncharacterized protein YdcI isoform X1 [Spodoptera frugiperda]
TRINITY_DN1343_c0_g1_i8.p1	XP_050558941.1	75.887	564	132	4	1	562	1	562	0.0	843	569	821	99	XP_050558941.1 S1 RNA-binding domain-containing protein 1 isoform X2 [Spodoptera frugiperda]
TRINITY_DN1343_c0_g1_i8.p2	XP_050558941.1	83.462	260	40	2	1	260	565	821	4.16e-155	452	262	821	99	XP_050558941.1 S1 RNA-binding domain-containing protein 1 isoform X2 [Spodoptera frugiperda]
TRINITY_DN1343_c0_g1_i8.p2	XP_050558940.1	83.249	197	30	2	1	197	565	758	2.86e-109	335	262	877	75	XP_050558940.1 uncharacterized protein YdcI isoform X1 [Spodoptera frugiperda]
TRINITY_DN1343_c0_g1_i8.p2	XP_050557944.1	29.524	105	59	4	23	112	965	1069	9.15e-06	47.4	262	1701	34	XP_050557944.1 transcription elongation factor SPT6 [Spodoptera frugiperda]
TRINITY_DN1343_c0_g1_i9.p1	XP_050558940.1	85.652	230	30	2	1	230	532	758	1.92e-136	404	231	877	99	XP_050558940.1 uncharacterized protein YdcI isoform X1 [Spodoptera frugiperda]
TRINITY_DN1343_c0_g1_i9.p1	XP_050558941.1	85.652	230	30	2	1	230	532	758	2.18e-136	402	231	821	99	XP_050558941.1 S1 RNA-binding domain-containing protein 1 isoform X2 [Spodoptera frugiperda]
TRINITY_DN13779_c0_g1_i1.p1	XP_035440580.2	78.281	221	46	2	1	219	1	221	3.37e-125	353	220	221	99	XP_035440580.2 glutathione S-transferase 1 [Spodoptera frugiperda]
TRINITY_DN13779_c0_g1_i1.p1	XP_050562948.1	64.286	210	75	0	1	210	1	210	2.79e-94	275	220	216	95	XP_050562948.1 glutathione S-transferase 1 [Spodoptera frugiperda]
TRINITY_DN13779_c0_g1_i1.p1	XP_050562947.1	64.286	210	75	0	1	210	1	210	2.79e-94	275	220	216	95	XP_050562947.1 glutathione S-transferase 1 [Spodoptera frugiperda]
TRINITY_DN13779_c0_g1_i1.p1	XP_050562946.1	64.286	210	75	0	1	210	1	210	2.79e-94	275	220	216	95	XP_050562946.1 glutathione S-transferase 1 [Spodoptera frugiperda]
TRINITY_DN13779_c0_g1_i1.p1	XP_050562829.1	45.283	212	114	1	3	212	33	244	1.49e-68	211	220	245	95	XP_050562829.1 glutathione S-transferase D7 isoform X1 [Spodoptera frugiperda]
TRINITY_DN13779_c0_g1_i1.p1	XP_050562831.1	45.283	212	114	1	3	212	28	239	1.53e-68	210	220	240	95	XP_050562831.1 glutathione S-transferase D7 isoform X3 [Spodoptera frugiperda]
TRINITY_DN13779_c0_g1_i1.p1	XP_050562830.1	45.283	212	114	1	3	212	32	243	1.77e-68	210	220	244	95	XP_050562830.1 glutathione S-transferase D7 isoform X2 [Spodoptera frugiperda]
TRINITY_DN13779_c0_g1_i1.p1	XP_050563540.1	41.096	219	125	4	1	216	1	218	1.72e-50	164	220	218	98	XP_050563540.1 glutathione S-transferase 1-like [Spodoptera frugiperda]
TRINITY_DN13779_c0_g1_i1.p1	XP_035434894.2	42.995	207	115	3	1	206	1	205	5.68e-50	162	220	214	94	XP_035434894.2 glutathione S-transferase 1-like [Spodoptera frugiperda]
TRINITY_DN13779_c0_g1_i1.p1	XP_050556285.1	38.967	213	125	5	1	210	1	211	3.68e-46	152	220	217	95	XP_050556285.1 glutathione S-transferase 1 [Spodoptera frugiperda]
TRINITY_DN13779_c0_g1_i1.p1	XP_050556284.1	38.967	213	125	5	1	210	1	211	3.68e-46	152	220	217	95	XP_050556284.1 glutathione S-transferase 1 [Spodoptera frugiperda]
TRINITY_DN13779_c0_g1_i1.p1	XP_035452575.1	38.967	213	125	5	1	210	1	211	3.68e-46	152	220	217	95	XP_035452575.1 glutathione S-transferase 1 [Spodoptera frugiperda]
TRINITY_DN13779_c0_g1_i1.p1	XP_035452574.1	38.967	213	125	5	1	210	1	211	3.68e-46	152	220	217	95	XP_035452574.1 glutathione S-transferase 1 [Spodoptera frugiperda]
TRINITY_DN13779_c0_g1_i1.p1	XP_035441818.2	35.545	211	133	3	1	210	18	226	1.68e-36	128	220	230	95	XP_035441818.2 glutathione S-transferase 1-like [Spodoptera frugiperda]
TRINITY_DN13779_c0_g1_i1.p1	XP_035428870.1	31.308	214	144	3	1	212	1	213	1.96e-36	127	220	217	96	XP_035428870.1 glutathione S-transferase 1 [Spodoptera frugiperda]
TRINITY_DN13779_c0_g1_i1.p1	XP_050557506.1	34.135	208	134	3	1	206	1	207	4.19e-36	132	220	433	94	XP_050557506.1 uncharacterized protein LOC118261723 [Spodoptera frugiperda]
TRINITY_DN13779_c0_g1_i1.p1	XP_050557506.1	32.353	204	135	3	1	202	218	420	4.70e-32	121	220	433	94	XP_050557506.1 uncharacterized protein LOC118261723 [Spodoptera frugiperda]
TRINITY_DN13779_c0_g1_i1.p1	XP_050557548.1	33.962	212	137	3	1	210	1	211	2.84e-35	124	220	217	95	XP_050557548.1 glutathione S-transferase 1 [Spodoptera frugiperda]
TRINITY_DN13779_c0_g1_i1.p1	XP_050557481.1	33.491	212	138	3	1	210	1	211	3.83e-34	127	220	465	95	XP_050557481.1 uncharacterized protein LOC118261724 [Spodoptera frugiperda]
TRINITY_DN13779_c0_g1_i1.p1	XP_050557481.1	32.547	212	140	3	1	210	248	458	7.22e-32	121	220	465	95	XP_050557481.1 uncharacterized protein LOC118261724 [Spodoptera frugiperda]
TRINITY_DN13779_c0_g1_i1.p1	XP_050558885.1	35.294	221	136	5	1	216	229	447	2.18e-32	122	220	450	98	XP_050558885.1 uncharacterized protein LOC118266848 [Spodoptera frugiperda]
TRINITY_DN13779_c0_g1_i1.p1	XP_050558885.1	35.821	201	118	5	5	194	8	208	3.33e-31	119	220	450	98	XP_050558885.1 uncharacterized protein LOC118266848 [Spodoptera frugiperda]
TRINITY_DN13779_c0_g1_i1.p1	XP_035441082.1	33.333	198	124	3	1	193	1	195	1.49e-30	113	220	232	88	XP_035441082.1 glutathione S-transferase 1-1 [Spodoptera frugiperda]
TRINITY_DN13779_c0_g1_i1.p1	XP_035436804.2	32.227	211	137	4	1	206	1	210	4.98e-29	108	220	223	94	XP_035436804.2 glutathione S-transferase 1-like [Spodoptera frugiperda]
TRINITY_DN13779_c0_g1_i1.p1	XP_035447327.2	31.336	217	137	5	1	206	1	216	6.86e-29	108	220	228	94	XP_035447327.2 glutathione S-transferase 1-like isoform X2 [Spodoptera frugiperda]
TRINITY_DN13779_c0_g1_i1.p1	XP_035447326.2	31.336	217	137	5	1	206	6	221	8.04e-29	108	220	233	94	XP_035447326.2 glutathione S-transferase 1-like isoform X1 [Spodoptera frugiperda]
TRINITY_DN13779_c0_g1_i1.p1	XP_035435212.1	30.806	211	141	4	3	210	16	224	1.16e-27	105	220	252	95	XP_035435212.1 glutathione S-transferase 1 [Spodoptera frugiperda]
TRINITY_DN13779_c0_g1_i1.p1	XP_050559253.1	33.140	172	112	2	1	169	1	172	2.03e-27	104	220	223	77	XP_050559253.1 glutathione S-transferase 1 [Spodoptera frugiperda]
TRINITY_DN13779_c0_g1_i5.p1	XP_035440580.2	78.281	221	46	2	1	219	1	221	3.37e-125	353	220	221	99	XP_035440580.2 glutathione S-transferase 1 [Spodoptera frugiperda]
TRINITY_DN13779_c0_g1_i5.p1	XP_050562948.1	64.286	210	75	0	1	210	1	210	2.79e-94	275	220	216	95	XP_050562948.1 glutathione S-transferase 1 [Spodoptera frugiperda]
TRINITY_DN13779_c0_g1_i5.p1	XP_050562947.1	64.286	210	75	0	1	210	1	210	2.79e-94	275	220	216	95	XP_050562947.1 glutathione S-transferase 1 [Spodoptera frugiperda]
TRINITY_DN13779_c0_g1_i5.p1	XP_050562946.1	64.286	210	75	0	1	210	1	210	2.79e-94	275	220	216	95	XP_050562946.1 glutathione S-transferase 1 [Spodoptera frugiperda]
TRINITY_DN13779_c0_g1_i5.p1	XP_050562829.1	45.283	212	114	1	3	212	33	244	1.49e-68	211	220	245	95	XP_050562829.1 glutathione S-transferase D7 isoform X1 [Spodoptera frugiperda]
TRINITY_DN13779_c0_g1_i5.p1	XP_050562831.1	45.283	212	114	1	3	212	28	239	1.53e-68	210	220	240	95	XP_050562831.1 glutathione S-transferase D7 isoform X3 [Spodoptera frugiperda]
TRINITY_DN13779_c0_g1_i5.p1	XP_050562830.1	45.283	212	114	1	3	212	32	243	1.77e-68	210	220	244	95	XP_050562830.1 glutathione S-transferase D7 isoform X2 [Spodoptera frugiperda]
TRINITY_DN13779_c0_g1_i5.p1	XP_050563540.1	41.096	219	125	4	1	216	1	218	1.72e-50	164	220	218	98	XP_050563540.1 glutathione S-transferase 1-like [Spodoptera frugiperda]
TRINITY_DN13779_c0_g1_i5.p1	XP_035434894.2	42.995	207	115	3	1	206	1	205	5.68e-50	162	220	214	94	XP_035434894.2 glutathione S-transferase 1-like [Spodoptera frugiperda]
TRINITY_DN13779_c0_g1_i5.p1	XP_050556285.1	38.967	213	125	5	1	210	1	211	3.68e-46	152	220	217	95	XP_050556285.1 glutathione S-transferase 1 [Spodoptera frugiperda]
TRINITY_DN13779_c0_g1_i5.p1	XP_050556284.1	38.967	213	125	5	1	210	1	211	3.68e-46	152	220	217	95	XP_050556284.1 glutathione S-transferase 1 [Spodoptera frugiperda]
TRINITY_DN13779_c0_g1_i5.p1	XP_035452575.1	38.967	213	125	5	1	210	1	211	3.68e-46	152	220	217	95	XP_035452575.1 glutathione S-transferase 1 [Spodoptera frugiperda]
TRINITY_DN13779_c0_g1_i5.p1	XP_035452574.1	38.967	213	125	5	1	210	1	211	3.68e-46	152	220	217	95	XP_035452574.1 glutathione S-transferase 1 [Spodoptera frugiperda]
TRINITY_DN13779_c0_g1_i5.p1	XP_035441818.2	35.545	211	133	3	1	210	18	226	1.68e-36	128	220	230	95	XP_035441818.2 glutathione S-transferase 1-like [Spodoptera frugiperda]
TRINITY_DN13779_c0_g1_i5.p1	XP_035428870.1	31.308	214	144	3	1	212	1	213	1.96e-36	127	220	217	96	XP_035428870.1 glutathione S-transferase 1 [Spodoptera frugiperda]
TRINITY_DN13779_c0_g1_i5.p1	XP_050557506.1	34.135	208	134	3	1	206	1	207	4.19e-36	132	220	433	94	XP_050557506.1 uncharacterized protein LOC118261723 [Spodoptera frugiperda]
TRINITY_DN13779_c0_g1_i5.p1	XP_050557506.1	32.353	204	135	3	1	202	218	420	4.70e-32	121	220	433	94	XP_050557506.1 uncharacterized protein LOC118261723 [Spodoptera frugiperda]
TRINITY_DN13779_c0_g1_i5.p1	XP_050557548.1	33.962	212	137	3	1	210	1	211	2.84e-35	124	220	217	95	XP_050557548.1 glutathione S-transferase 1 [Spodoptera frugiperda]
TRINITY_DN13779_c0_g1_i5.p1	XP_050557481.1	33.491	212	138	3	1	210	1	211	3.83e-34	127	220	465	95	XP_050557481.1 uncharacterized protein LOC118261724 [Spodoptera frugiperda]
TRINITY_DN13779_c0_g1_i5.p1	XP_050557481.1	32.547	212	140	3	1	210	248	458	7.22e-32	121	220	465	95	XP_050557481.1 uncharacterized protein LOC118261724 [Spodoptera frugiperda]
TRINITY_DN13779_c0_g1_i5.p1	XP_050558885.1	35.294	221	136	5	1	216	229	447	2.18e-32	122	220	450	98	XP_050558885.1 uncharacterized protein LOC118266848 [Spodoptera frugiperda]
TRINITY_DN13779_c0_g1_i5.p1	XP_050558885.1	35.821	201	118	5	5	194	8	208	3.33e-31	119	220	450	98	XP_050558885.1 uncharacterized protein LOC118266848 [Spodoptera frugiperda]
TRINITY_DN13779_c0_g1_i5.p1	XP_035441082.1	33.333	198	124	3	1	193	1	195	1.49e-30	113	220	232	88	XP_035441082.1 glutathione S-transferase 1-1 [Spodoptera frugiperda]
TRINITY_DN13779_c0_g1_i5.p1	XP_035436804.2	32.227	211	137	4	1	206	1	210	4.98e-29	108	220	223	94	XP_035436804.2 glutathione S-transferase 1-like [Spodoptera frugiperda]
TRINITY_DN13779_c0_g1_i5.p1	XP_035447327.2	31.336	217	137	5	1	206	1	216	6.86e-29	108	220	228	94	XP_035447327.2 glutathione S-transferase 1-like isoform X2 [Spodoptera frugiperda]
TRINITY_DN13779_c0_g1_i5.p1	XP_035447326.2	31.336	217	137	5	1	206	6	221	8.04e-29	108	220	233	94	XP_035447326.2 glutathione S-transferase 1-like isoform X1 [Spodoptera frugiperda]
TRINITY_DN13779_c0_g1_i5.p1	XP_035435212.1	30.806	211	141	4	3	210	16	224	1.16e-27	105	220	252	95	XP_035435212.1 glutathione S-transferase 1 [Spodoptera frugiperda]
TRINITY_DN13779_c0_g1_i5.p1	XP_050559253.1	33.140	172	112	2	1	169	1	172	2.03e-27	104	220	223	77	XP_050559253.1 glutathione S-transferase 1 [Spodoptera frugiperda]
TRINITY_DN13779_c0_g1_i6.p1	XP_035440580.2	78.281	221	46	2	1	219	1	221	3.37e-125	353	220	221	99	XP_035440580.2 glutathione S-transferase 1 [Spodoptera frugiperda]
TRINITY_DN13779_c0_g1_i6.p1	XP_050562948.1	64.286	210	75	0	1	210	1	210	2.79e-94	275	220	216	95	XP_050562948.1 glutathione S-transferase 1 [Spodoptera frugiperda]
TRINITY_DN13779_c0_g1_i6.p1	XP_050562947.1	64.286	210	75	0	1	210	1	210	2.79e-94	275	220	216	95	XP_050562947.1 glutathione S-transferase 1 [Spodoptera frugiperda]
TRINITY_DN13779_c0_g1_i6.p1	XP_050562946.1	64.286	210	75	0	1	210	1	210	2.79e-94	275	220	216	95	XP_050562946.1 glutathione S-transferase 1 [Spodoptera frugiperda]
TRINITY_DN13779_c0_g1_i6.p1	XP_050562829.1	45.283	212	114	1	3	212	33	244	1.49e-68	211	220	245	95	XP_050562829.1 glutathione S-transferase D7 isoform X1 [Spodoptera frugiperda]
TRINITY_DN13779_c0_g1_i6.p1	XP_050562831.1	45.283	212	114	1	3	212	28	239	1.53e-68	210	220	240	95	XP_050562831.1 glutathione S-transferase D7 isoform X3 [Spodoptera frugiperda]
TRINITY_DN13779_c0_g1_i6.p1	XP_050562830.1	45.283	212	114	1	3	212	32	243	1.77e-68	210	220	244	95	XP_050562830.1 glutathione S-transferase D7 isoform X2 [Spodoptera frugiperda]
TRINITY_DN13779_c0_g1_i6.p1	XP_050563540.1	41.096	219	125	4	1	216	1	218	1.72e-50	164	220	218	98	XP_050563540.1 glutathione S-transferase 1-like [Spodoptera frugiperda]
TRINITY_DN13779_c0_g1_i6.p1	XP_035434894.2	42.995	207	115	3	1	206	1	205	5.68e-50	162	220	214	94	XP_035434894.2 glutathione S-transferase 1-like [Spodoptera frugiperda]
TRINITY_DN13779_c0_g1_i6.p1	XP_050556285.1	38.967	213	125	5	1	210	1	211	3.68e-46	152	220	217	95	XP_050556285.1 glutathione S-transferase 1 [Spodoptera frugiperda]
TRINITY_DN13779_c0_g1_i6.p1	XP_050556284.1	38.967	213	125	5	1	210	1	211	3.68e-46	152	220	217	95	XP_050556284.1 glutathione S-transferase 1 [Spodoptera frugiperda]
TRINITY_DN13779_c0_g1_i6.p1	XP_035452575.1	38.967	213	125	5	1	210	1	211	3.68e-46	152	220	217	95	XP_035452575.1 glutathione S-transferase 1 [Spodoptera frugiperda]
TRINITY_DN13779_c0_g1_i6.p1	XP_035452574.1	38.967	213	125	5	1	210	1	211	3.68e-46	152	220	217	95	XP_035452574.1 glutathione S-transferase 1 [Spodoptera frugiperda]
TRINITY_DN13779_c0_g1_i6.p1	XP_035441818.2	35.545	211	133	3	1	210	18	226	1.68e-36	128	220	230	95	XP_035441818.2 glutathione S-transferase 1-like [Spodoptera frugiperda]
TRINITY_DN13779_c0_g1_i6.p1	XP_035428870.1	31.308	214	144	3	1	212	1	213	1.96e-36	127	220	217	96	XP_035428870.1 glutathione S-transferase 1 [Spodoptera frugiperda]
TRINITY_DN13779_c0_g1_i6.p1	XP_050557506.1	34.135	208	134	3	1	206	1	207	4.19e-36	132	220	433	94	XP_050557506.1 uncharacterized protein LOC118261723 [Spodoptera frugiperda]
TRINITY_DN13779_c0_g1_i6.p1	XP_050557506.1	32.353	204	135	3	1	202	218	420	4.70e-32	121	220	433	94	XP_050557506.1 uncharacterized protein LOC118261723 [Spodoptera frugiperda]
TRINITY_DN13779_c0_g1_i6.p1	XP_050557548.1	33.962	212	137	3	1	210	1	211	2.84e-35	124	220	217	95	XP_050557548.1 glutathione S-transferase 1 [Spodoptera frugiperda]
TRINITY_DN13779_c0_g1_i6.p1	XP_050557481.1	33.491	212	138	3	1	210	1	211	3.83e-34	127	220	465	95	XP_050557481.1 uncharacterized protein LOC118261724 [Spodoptera frugiperda]
TRINITY_DN13779_c0_g1_i6.p1	XP_050557481.1	32.547	212	140	3	1	210	248	458	7.22e-32	121	220	465	95	XP_050557481.1 uncharacterized protein LOC118261724 [Spodoptera frugiperda]
TRINITY_DN13779_c0_g1_i6.p1	XP_050558885.1	35.294	221	136	5	1	216	229	447	2.18e-32	122	220	450	98	XP_050558885.1 uncharacterized protein LOC118266848 [Spodoptera frugiperda]
TRINITY_DN13779_c0_g1_i6.p1	XP_050558885.1	35.821	201	118	5	5	194	8	208	3.33e-31	119	220	450	98	XP_050558885.1 uncharacterized protein LOC118266848 [Spodoptera frugiperda]
TRINITY_DN13779_c0_g1_i6.p1	XP_035441082.1	33.333	198	124	3	1	193	1	195	1.49e-30	113	220	232	88	XP_035441082.1 glutathione S-transferase 1-1 [Spodoptera frugiperda]
TRINITY_DN13779_c0_g1_i6.p1	XP_035436804.2	32.227	211	137	4	1	206	1	210	4.98e-29	108	220	223	94	XP_035436804.2 glutathione S-transferase 1-like [Spodoptera frugiperda]
TRINITY_DN13779_c0_g1_i6.p1	XP_035447327.2	31.336	217	137	5	1	206	1	216	6.86e-29	108	220	228	94	XP_035447327.2 glutathione S-transferase 1-like isoform X2 [Spodoptera frugiperda]
TRINITY_DN13779_c0_g1_i6.p1	XP_035447326.2	31.336	217	137	5	1	206	6	221	8.04e-29	108	220	233	94	XP_035447326.2 glutathione S-transferase 1-like isoform X1 [Spodoptera frugiperda]
TRINITY_DN13779_c0_g1_i6.p1	XP_035435212.1	30.806	211	141	4	3	210	16	224	1.16e-27	105	220	252	95	XP_035435212.1 glutathione S-transferase 1 [Spodoptera frugiperda]
TRINITY_DN13779_c0_g1_i6.p1	XP_050559253.1	33.140	172	112	2	1	169	1	172	2.03e-27	104	220	223	77	XP_050559253.1 glutathione S-transferase 1 [Spodoptera frugiperda]
TRINITY_DN1407_c0_g1_i1.p1	XP_050562835.1	75.385	130	27	1	1	125	17	146	1.00e-59	202	207	1896	60	XP_050562835.1 uncharacterized protein LOC118269650 isoform X1 [Spodoptera frugiperda]
TRINITY_DN1407_c0_g1_i1.p1	XP_050549772.1	35.025	197	127	1	3	199	2	197	3.19e-37	134	207	410	96	XP_050549772.1 LOW QUALITY PROTEIN: uncharacterized protein LOC118271633 [Spodoptera frugiperda]
TRINITY_DN1407_c0_g1_i1.p1	XP_050549772.1	32.673	202	129	3	1	199	205	402	1.66e-28	110	207	410	96	XP_050549772.1 LOW QUALITY PROTEIN: uncharacterized protein LOC118271633 [Spodoptera frugiperda]
TRINITY_DN1407_c0_g1_i1.p1	XP_050549798.1	31.156	199	132	2	3	199	2	197	7.71e-31	112	207	204	95	XP_050549798.1 glutathione S-transferase 2 isoform X2 [Spodoptera frugiperda]
TRINITY_DN1407_c0_g1_i1.p1	XP_050549797.1	31.156	199	132	2	3	199	9	204	1.02e-30	112	207	211	95	XP_050549797.1 glutathione S-transferase 2 isoform X1 [Spodoptera frugiperda]
TRINITY_DN1407_c0_g1_i1.p1	XP_050549800.1	33.500	200	126	3	3	199	2	197	2.71e-30	111	207	205	95	XP_050549800.1 glutathione S-transferase 2-like isoform X1 [Spodoptera frugiperda]
TRINITY_DN1407_c0_g1_i1.p1	XP_050549799.1	33.500	200	126	3	3	199	2	197	2.71e-30	111	207	205	95	XP_050549799.1 glutathione S-transferase 2-like isoform X1 [Spodoptera frugiperda]
TRINITY_DN1407_c0_g1_i1.p1	XP_050563101.1	31.818	198	128	5	6	200	4	197	6.28e-30	114	207	417	95	XP_050563101.1 uncharacterized protein LOC118270149 [Spodoptera frugiperda]
TRINITY_DN1407_c0_g1_i1.p1	XP_050563101.1	31.818	198	130	4	6	201	216	410	6.34e-29	112	207	417	95	XP_050563101.1 uncharacterized protein LOC118270149 [Spodoptera frugiperda]
TRINITY_DN1407_c0_g1_i1.p1	XP_050549802.1	31.282	195	133	1	3	197	2	195	1.34e-29	109	207	201	94	XP_050549802.1 glutathione S-transferase 2-like isoform X2 [Spodoptera frugiperda]
TRINITY_DN1407_c0_g1_i1.p1	XP_050549801.1	31.282	195	133	1	3	197	2	195	1.34e-29	109	207	201	94	XP_050549801.1 glutathione S-transferase 2-like isoform X2 [Spodoptera frugiperda]
TRINITY_DN1407_c0_g1_i1.p1	XP_050549803.1	32.500	200	128	4	3	199	2	197	1.43e-28	106	207	204	95	XP_050549803.1 glutathione S-transferase 2-like [Spodoptera frugiperda]
TRINITY_DN1407_c0_g1_i1.p1	XP_035444198.2	31.795	195	130	3	9	202	8	200	5.42e-26	100	207	204	94	XP_035444198.2 glutathione S-transferase 2 [Spodoptera frugiperda]
TRINITY_DN1407_c0_g1_i1.p1	XP_035430575.2	27.273	143	93	5	49	185	54	191	1.08e-04	42.4	207	212	66	XP_035430575.2 probable maleylacetoacetate isomerase 1 [Spodoptera frugiperda]
TRINITY_DN1430_c2_g2_i1.p1	XP_035445331.2	84.667	150	21	2	1	149	1	149	1.90e-88	254	150	149	99	XP_035445331.2 thioredoxin, mitochondrial [Spodoptera frugiperda]
TRINITY_DN1430_c2_g2_i1.p1	XP_050550206.1	36.522	115	72	1	26	140	32	145	3.29e-24	92.0	150	150	77	XP_050550206.1 thioredoxin, mitochondrial isoform X1 [Spodoptera frugiperda]
TRINITY_DN1430_c2_g2_i1.p1	XP_050550207.1	36.207	116	73	1	25	140	25	139	3.35e-24	91.7	150	144	77	XP_050550207.1 thioredoxin, mitochondrial isoform X2 [Spodoptera frugiperda]
TRINITY_DN1430_c2_g2_i1.p1	XP_050550208.1	38.182	110	67	1	26	135	32	140	3.39e-24	91.7	150	144	73	XP_050550208.1 thioredoxin, mitochondrial isoform X3 [Spodoptera frugiperda]
TRINITY_DN1430_c2_g2_i1.p1	XP_035450904.1	37.624	101	61	2	35	134	3	102	4.30e-20	80.1	150	106	67	XP_035450904.1 thioredoxin-2 [Spodoptera frugiperda]
TRINITY_DN1430_c2_g2_i1.p1	XP_035450903.1	37.624	101	61	2	35	134	3	102	4.30e-20	80.1	150	106	67	XP_035450903.1 thioredoxin-2 [Spodoptera frugiperda]
TRINITY_DN1430_c2_g2_i1.p1	XP_035450902.1	37.624	101	61	2	35	134	3	102	4.30e-20	80.1	150	106	67	XP_035450902.1 thioredoxin-2 [Spodoptera frugiperda]
TRINITY_DN1430_c2_g2_i1.p1	XP_035445168.1	30.928	97	63	2	45	138	35	130	7.17e-11	59.7	150	494	63	XP_035445168.1 protein disulfide-isomerase [Spodoptera frugiperda]
TRINITY_DN1430_c2_g2_i1.p1	XP_035430544.2	28.704	108	74	3	37	143	7	112	7.81e-10	56.2	150	286	71	XP_035430544.2 thioredoxin-like protein 1 [Spodoptera frugiperda]
TRINITY_DN1430_c2_g2_i1.p1	XP_050555118.1	32.895	76	51	0	41	116	158	233	6.80e-09	53.9	150	426	56	XP_050555118.1 protein disulfide-isomerase A6 homolog [Spodoptera frugiperda]
TRINITY_DN1430_c2_g2_i1.p1	XP_050555118.1	29.762	84	58	1	33	116	25	107	3.31e-06	46.2	150	426	56	XP_050555118.1 protein disulfide-isomerase A6 homolog [Spodoptera frugiperda]
TRINITY_DN1430_c2_g2_i1.p1	XP_035437059.1	29.870	77	48	1	45	115	42	118	4.27e-07	48.5	150	407	47	XP_035437059.1 endoplasmic reticulum resident protein 44 [Spodoptera frugiperda]
TRINITY_DN1430_c2_g2_i1.p1	XP_035431152.2	32.184	87	54	3	33	116	281	365	1.31e-05	44.3	150	638	76	XP_035431152.2 protein disulfide-isomerase A5 isoform X2 [Spodoptera frugiperda]
TRINITY_DN1430_c2_g2_i1.p1	XP_035431152.2	24.468	94	69	1	55	146	176	269	1.29e-04	41.6	150	638	76	XP_035431152.2 protein disulfide-isomerase A5 isoform X2 [Spodoptera frugiperda]
TRINITY_DN1430_c2_g2_i1.p1	XP_035431152.2	23.585	106	77	2	35	137	532	636	2.72e-04	40.4	150	638	76	XP_035431152.2 protein disulfide-isomerase A5 isoform X2 [Spodoptera frugiperda]
TRINITY_DN1430_c2_g2_i1.p1	XP_035431143.2	32.184	87	54	3	33	116	281	365	1.37e-05	44.3	150	643	76	XP_035431143.2 protein disulfide-isomerase A5 isoform X1 [Spodoptera frugiperda]
TRINITY_DN1430_c2_g2_i1.p1	XP_035431143.2	24.468	94	69	1	55	146	176	269	1.39e-04	41.6	150	643	76	XP_035431143.2 protein disulfide-isomerase A5 isoform X1 [Spodoptera frugiperda]
TRINITY_DN1430_c2_g2_i1.p1	XP_035431143.2	23.585	106	77	2	35	137	532	636	2.88e-04	40.4	150	643	76	XP_035431143.2 protein disulfide-isomerase A5 isoform X1 [Spodoptera frugiperda]
TRINITY_DN1430_c2_g2_i1.p1	XP_035444305.2	28.261	92	62	2	47	134	35	126	1.67e-05	43.9	150	490	59	XP_035444305.2 protein disulfide-isomerase A3 [Spodoptera frugiperda]
TRINITY_DN1430_c2_g2_i1.p1	XP_035433867.1	26.549	113	69	4	31	132	37	146	2.17e-05	43.9	150	569	68	XP_035433867.1 sulfhydryl oxidase 1 isoform X3 [Spodoptera frugiperda]
TRINITY_DN1430_c2_g2_i1.p1	XP_050560406.1	26.549	113	69	4	31	132	37	146	2.21e-05	43.9	150	570	68	XP_050560406.1 sulfhydryl oxidase 1 isoform X2 [Spodoptera frugiperda]
TRINITY_DN1430_c2_g2_i1.p1	XP_035441302.2	24.211	95	64	3	34	123	3	94	2.59e-05	43.1	150	220	60	XP_035441302.2 glutaredoxin-3 [Spodoptera frugiperda]
TRINITY_DN1430_c2_g2_i1.p1	XP_050560405.1	26.549	113	69	4	31	132	37	146	2.73e-05	43.5	150	573	68	XP_050560405.1 sulfhydryl oxidase 1 isoform X1 [Spodoptera frugiperda]
TRINITY_DN1430_c2_g2_i1.p1	XP_035440547.2	26.471	68	48	1	54	119	290	357	4.89e-04	39.7	150	400	44	XP_035440547.2 thioredoxin domain-containing protein 5 homolog [Spodoptera frugiperda]
TRINITY_DN1430_c2_g2_i1.p1	XP_050550711.1	25.000	108	80	1	39	146	18	124	5.10e-04	39.7	150	540	72	XP_050550711.1 thioredoxin domain-containing protein 3 isoform X2 [Spodoptera frugiperda]
TRINITY_DN1430_c2_g2_i1.p1	XP_035446072.2	25.000	108	80	1	39	146	89	195	5.20e-04	39.7	150	611	72	XP_035446072.2 uncharacterized protein LOC118273280 isoform X1 [Spodoptera frugiperda]
TRINITY_DN163_c3_g1_i1.p1	XP_050557548.1	64.977	217	76	0	1	217	1	217	1.62e-106	306	218	217	99	XP_050557548.1 glutathione S-transferase 1 [Spodoptera frugiperda]
TRINITY_DN163_c3_g1_i1.p1	XP_050557506.1	66.981	212	70	0	1	212	1	212	2.42e-101	300	218	433	97	XP_050557506.1 uncharacterized protein LOC118261723 [Spodoptera frugiperda]
TRINITY_DN163_c3_g1_i1.p1	XP_050557506.1	63.725	204	74	0	1	204	218	421	9.55e-94	281	218	433	97	XP_050557506.1 uncharacterized protein LOC118261723 [Spodoptera frugiperda]
TRINITY_DN163_c3_g1_i1.p1	XP_035428870.1	60.829	217	85	0	1	217	1	217	1.73e-99	288	218	217	99	XP_035428870.1 glutathione S-transferase 1 [Spodoptera frugiperda]
TRINITY_DN163_c3_g1_i1.p1	XP_050557481.1	64.455	211	75	0	1	211	248	458	4.71e-96	288	218	465	99	XP_050557481.1 uncharacterized protein LOC118261724 [Spodoptera frugiperda]
TRINITY_DN163_c3_g1_i1.p1	XP_050557481.1	58.986	217	89	0	1	217	1	217	2.33e-92	278	218	465	99	XP_050557481.1 uncharacterized protein LOC118261724 [Spodoptera frugiperda]
TRINITY_DN163_c3_g1_i1.p1	XP_050557549.1	48.585	212	109	0	1	212	7	218	1.15e-70	215	218	223	97	XP_050557549.1 glutathione S-transferase 1-like [Spodoptera frugiperda]
TRINITY_DN163_c3_g1_i1.p1	XP_050556285.1	42.254	213	121	2	1	212	1	212	4.47e-58	183	218	217	97	XP_050556285.1 glutathione S-transferase 1 [Spodoptera frugiperda]
TRINITY_DN163_c3_g1_i1.p1	XP_050556284.1	42.254	213	121	2	1	212	1	212	4.47e-58	183	218	217	97	XP_050556284.1 glutathione S-transferase 1 [Spodoptera frugiperda]
TRINITY_DN163_c3_g1_i1.p1	XP_035452575.1	42.254	213	121	2	1	212	1	212	4.47e-58	183	218	217	97	XP_035452575.1 glutathione S-transferase 1 [Spodoptera frugiperda]
TRINITY_DN163_c3_g1_i1.p1	XP_035452574.1	42.254	213	121	2	1	212	1	212	4.47e-58	183	218	217	97	XP_035452574.1 glutathione S-transferase 1 [Spodoptera frugiperda]
TRINITY_DN163_c3_g1_i1.p1	XP_050558885.1	48.756	201	101	1	5	203	233	433	4.79e-58	190	218	450	96	XP_050558885.1 uncharacterized protein LOC118266848 [Spodoptera frugiperda]
TRINITY_DN163_c3_g1_i1.p1	XP_050558885.1	35.545	211	134	1	5	213	8	218	2.69e-43	151	218	450	96	XP_050558885.1 uncharacterized protein LOC118266848 [Spodoptera frugiperda]
TRINITY_DN163_c3_g1_i1.p1	XP_035441818.2	43.519	216	118	4	1	215	18	230	6.51e-58	183	218	230	99	XP_035441818.2 glutathione S-transferase 1-like [Spodoptera frugiperda]
TRINITY_DN163_c3_g1_i1.p1	XP_050559253.1	43.192	213	117	3	5	214	5	216	3.45e-56	178	218	223	96	XP_050559253.1 glutathione S-transferase 1 [Spodoptera frugiperda]
TRINITY_DN163_c3_g1_i1.p1	XP_035447327.2	42.791	215	121	1	5	217	5	219	5.98e-53	170	218	228	98	XP_035447327.2 glutathione S-transferase 1-like isoform X2 [Spodoptera frugiperda]
TRINITY_DN163_c3_g1_i1.p1	XP_035447326.2	42.791	215	121	1	5	217	10	224	8.52e-53	170	218	233	98	XP_035447326.2 glutathione S-transferase 1-like isoform X1 [Spodoptera frugiperda]
TRINITY_DN163_c3_g1_i1.p1	XP_050562831.1	39.720	214	124	4	3	213	28	239	1.39e-49	162	218	240	97	XP_050562831.1 glutathione S-transferase D7 isoform X3 [Spodoptera frugiperda]
TRINITY_DN163_c3_g1_i1.p1	XP_050562829.1	39.720	214	124	4	3	213	33	244	1.47e-49	162	218	245	97	XP_050562829.1 glutathione S-transferase D7 isoform X1 [Spodoptera frugiperda]
TRINITY_DN163_c3_g1_i1.p1	XP_050562830.1	39.720	214	124	4	3	213	32	243	1.68e-49	162	218	244	97	XP_050562830.1 glutathione S-transferase D7 isoform X2 [Spodoptera frugiperda]
TRINITY_DN163_c3_g1_i1.p1	XP_050563540.1	37.089	213	133	1	1	212	1	213	1.93e-49	161	218	218	97	XP_050563540.1 glutathione S-transferase 1-like [Spodoptera frugiperda]
TRINITY_DN163_c3_g1_i1.p1	XP_035436804.2	39.810	211	122	3	1	207	1	210	2.65e-47	155	218	223	95	XP_035436804.2 glutathione S-transferase 1-like [Spodoptera frugiperda]
TRINITY_DN163_c3_g1_i1.p1	XP_035434894.2	38.140	215	131	2	1	215	1	213	3.82e-47	155	218	214	99	XP_035434894.2 glutathione S-transferase 1-like [Spodoptera frugiperda]
TRINITY_DN163_c3_g1_i1.p1	XP_035435212.1	36.979	192	121	0	5	196	18	209	2.64e-43	146	218	252	88	XP_035435212.1 glutathione S-transferase 1 [Spodoptera frugiperda]
TRINITY_DN163_c3_g1_i1.p1	XP_035440580.2	35.122	205	130	3	1	203	1	204	1.40e-36	128	218	221	93	XP_035440580.2 glutathione S-transferase 1 [Spodoptera frugiperda]
TRINITY_DN163_c3_g1_i1.p1	XP_050562948.1	30.415	217	148	3	1	216	1	215	6.69e-31	113	218	216	99	XP_050562948.1 glutathione S-transferase 1 [Spodoptera frugiperda]
TRINITY_DN163_c3_g1_i1.p1	XP_050562947.1	30.415	217	148	3	1	216	1	215	6.69e-31	113	218	216	99	XP_050562947.1 glutathione S-transferase 1 [Spodoptera frugiperda]
TRINITY_DN163_c3_g1_i1.p1	XP_050562946.1	30.415	217	148	3	1	216	1	215	6.69e-31	113	218	216	99	XP_050562946.1 glutathione S-transferase 1 [Spodoptera frugiperda]
TRINITY_DN1682_c0_g2_i1.p1	XP_050558885.1	71.171	222	64	0	1	222	229	450	2.56e-116	339	223	450	99	XP_050558885.1 uncharacterized protein LOC118266848 [Spodoptera frugiperda]
TRINITY_DN1682_c0_g2_i1.p1	XP_050558885.1	43.836	219	123	0	4	222	7	225	7.04e-68	215	223	450	99	XP_050558885.1 uncharacterized protein LOC118266848 [Spodoptera frugiperda]
TRINITY_DN1682_c0_g2_i1.p1	XP_050559253.1	53.604	222	103	0	1	222	1	222	3.26e-84	249	223	223	99	XP_050559253.1 glutathione S-transferase 1 [Spodoptera frugiperda]
TRINITY_DN1682_c0_g2_i1.p1	XP_035436804.2	49.776	223	111	1	1	222	1	223	1.29e-77	233	223	223	99	XP_035436804.2 glutathione S-transferase 1-like [Spodoptera frugiperda]
TRINITY_DN1682_c0_g2_i1.p1	XP_035447326.2	41.463	205	120	0	1	205	6	210	8.17e-54	172	223	233	92	XP_035447326.2 glutathione S-transferase 1-like isoform X1 [Spodoptera frugiperda]
TRINITY_DN1682_c0_g2_i1.p1	XP_035447327.2	41.463	205	120	0	1	205	1	205	8.29e-54	172	223	228	92	XP_035447327.2 glutathione S-transferase 1-like isoform X2 [Spodoptera frugiperda]
TRINITY_DN1682_c0_g2_i1.p1	XP_035441818.2	40.741	216	124	4	1	216	18	229	1.04e-51	167	223	230	97	XP_035441818.2 glutathione S-transferase 1-like [Spodoptera frugiperda]
TRINITY_DN1682_c0_g2_i1.p1	XP_050557481.1	39.535	215	128	1	1	215	248	460	1.93e-49	168	223	465	96	XP_050557481.1 uncharacterized protein LOC118261724 [Spodoptera frugiperda]
TRINITY_DN1682_c0_g2_i1.p1	XP_050557481.1	35.981	214	135	1	1	214	1	212	4.87e-43	151	223	465	96	XP_050557481.1 uncharacterized protein LOC118261724 [Spodoptera frugiperda]
TRINITY_DN1682_c0_g2_i1.p1	XP_050557548.1	40.000	205	121	1	1	205	1	203	4.73e-49	160	223	217	92	XP_050557548.1 glutathione S-transferase 1 [Spodoptera frugiperda]
TRINITY_DN1682_c0_g2_i1.p1	XP_050557506.1	39.524	210	125	1	5	214	5	212	5.13e-46	158	223	433	94	XP_050557506.1 uncharacterized protein LOC118261723 [Spodoptera frugiperda]
TRINITY_DN1682_c0_g2_i1.p1	XP_050557506.1	33.816	207	135	1	5	211	222	426	8.57e-37	134	223	433	94	XP_050557506.1 uncharacterized protein LOC118261723 [Spodoptera frugiperda]
TRINITY_DN1682_c0_g2_i1.p1	XP_035428870.1	34.579	214	138	1	1	214	1	212	3.65e-43	145	223	217	96	XP_035428870.1 glutathione S-transferase 1 [Spodoptera frugiperda]
TRINITY_DN1682_c0_g2_i1.p1	XP_050557549.1	35.714	210	133	1	5	214	11	218	2.29e-41	140	223	223	94	XP_050557549.1 glutathione S-transferase 1-like [Spodoptera frugiperda]
TRINITY_DN1682_c0_g2_i1.p1	XP_035440580.2	38.636	220	132	3	1	219	1	218	1.30e-40	139	223	221	98	XP_035440580.2 glutathione S-transferase 1 [Spodoptera frugiperda]
TRINITY_DN1682_c0_g2_i1.p1	XP_050556285.1	32.093	215	142	3	1	214	1	212	4.83e-38	132	223	217	96	XP_050556285.1 glutathione S-transferase 1 [Spodoptera frugiperda]
TRINITY_DN1682_c0_g2_i1.p1	XP_050556284.1	32.093	215	142	3	1	214	1	212	4.83e-38	132	223	217	96	XP_050556284.1 glutathione S-transferase 1 [Spodoptera frugiperda]
TRINITY_DN1682_c0_g2_i1.p1	XP_035452575.1	32.093	215	142	3	1	214	1	212	4.83e-38	132	223	217	96	XP_035452575.1 glutathione S-transferase 1 [Spodoptera frugiperda]
TRINITY_DN1682_c0_g2_i1.p1	XP_035452574.1	32.093	215	142	3	1	214	1	212	4.83e-38	132	223	217	96	XP_035452574.1 glutathione S-transferase 1 [Spodoptera frugiperda]
TRINITY_DN1682_c0_g2_i1.p1	XP_050563540.1	33.641	217	141	2	1	216	1	215	5.40e-37	129	223	218	97	XP_050563540.1 glutathione S-transferase 1-like [Spodoptera frugiperda]
TRINITY_DN1682_c0_g2_i1.p1	XP_050562830.1	38.235	170	102	2	5	174	34	200	8.21e-34	122	223	244	76	XP_050562830.1 glutathione S-transferase D7 isoform X2 [Spodoptera frugiperda]
TRINITY_DN1682_c0_g2_i1.p1	XP_050562831.1	38.235	170	102	2	5	174	30	196	8.64e-34	121	223	240	76	XP_050562831.1 glutathione S-transferase D7 isoform X3 [Spodoptera frugiperda]
TRINITY_DN1682_c0_g2_i1.p1	XP_050562829.1	38.235	170	102	2	5	174	35	201	8.68e-34	122	223	245	76	XP_050562829.1 glutathione S-transferase D7 isoform X1 [Spodoptera frugiperda]
TRINITY_DN1682_c0_g2_i1.p1	XP_035435212.1	30.275	218	150	1	5	222	18	233	4.57e-33	120	223	252	98	XP_035435212.1 glutathione S-transferase 1 [Spodoptera frugiperda]
TRINITY_DN1682_c0_g2_i1.p1	XP_035434894.2	31.633	196	131	2	1	196	1	193	7.29e-29	108	223	214	88	XP_035434894.2 glutathione S-transferase 1-like [Spodoptera frugiperda]
TRINITY_DN1682_c0_g2_i1.p1	XP_050562948.1	32.870	216	140	4	5	219	5	216	2.80e-28	106	223	216	96	XP_050562948.1 glutathione S-transferase 1 [Spodoptera frugiperda]
TRINITY_DN1682_c0_g2_i1.p1	XP_050562947.1	32.870	216	140	4	5	219	5	216	2.80e-28	106	223	216	96	XP_050562947.1 glutathione S-transferase 1 [Spodoptera frugiperda]
TRINITY_DN1682_c0_g2_i1.p1	XP_050562946.1	32.870	216	140	4	5	219	5	216	2.80e-28	106	223	216	96	XP_050562946.1 glutathione S-transferase 1 [Spodoptera frugiperda]
TRINITY_DN1682_c0_g2_i2.p1	XP_050558885.1	71.171	222	64	0	25	246	229	450	4.67e-116	340	247	450	90	XP_050558885.1 uncharacterized protein LOC118266848 [Spodoptera frugiperda]
TRINITY_DN1682_c0_g2_i2.p1	XP_050558885.1	43.836	219	123	0	28	246	7	225	1.84e-67	215	247	450	90	XP_050558885.1 uncharacterized protein LOC118266848 [Spodoptera frugiperda]
TRINITY_DN1682_c0_g2_i2.p1	XP_050559253.1	53.604	222	103	0	25	246	1	222	5.55e-84	250	247	223	90	XP_050559253.1 glutathione S-transferase 1 [Spodoptera frugiperda]
TRINITY_DN1682_c0_g2_i2.p1	XP_035436804.2	49.776	223	111	1	25	246	1	223	2.37e-77	233	247	223	90	XP_035436804.2 glutathione S-transferase 1-like [Spodoptera frugiperda]
TRINITY_DN1682_c0_g2_i2.p1	XP_035447326.2	41.748	206	120	0	24	229	5	210	2.68e-54	175	247	233	83	XP_035447326.2 glutathione S-transferase 1-like isoform X1 [Spodoptera frugiperda]
TRINITY_DN1682_c0_g2_i2.p1	XP_035447327.2	41.463	205	120	0	25	229	1	205	9.22e-54	173	247	228	83	XP_035447327.2 glutathione S-transferase 1-like isoform X2 [Spodoptera frugiperda]
TRINITY_DN1682_c0_g2_i2.p1	XP_035441818.2	40.741	216	124	4	25	240	18	229	2.03e-51	167	247	230	87	XP_035441818.2 glutathione S-transferase 1-like [Spodoptera frugiperda]
TRINITY_DN1682_c0_g2_i2.p1	XP_050557481.1	37.872	235	140	2	5	239	232	460	1.13e-49	169	247	465	95	XP_050557481.1 uncharacterized protein LOC118261724 [Spodoptera frugiperda]
TRINITY_DN1682_c0_g2_i2.p1	XP_050557481.1	35.981	214	135	1	25	238	1	212	7.97e-43	151	247	465	95	XP_050557481.1 uncharacterized protein LOC118261724 [Spodoptera frugiperda]
TRINITY_DN1682_c0_g2_i2.p1	XP_050557548.1	40.000	205	121	1	25	229	1	203	1.10e-48	160	247	217	83	XP_050557548.1 glutathione S-transferase 1 [Spodoptera frugiperda]
TRINITY_DN1682_c0_g2_i2.p1	XP_050557506.1	39.524	210	125	1	29	238	5	212	7.24e-46	159	247	433	85	XP_050557506.1 uncharacterized protein LOC118261723 [Spodoptera frugiperda]
TRINITY_DN1682_c0_g2_i2.p1	XP_050557506.1	33.816	207	135	1	29	235	222	426	1.47e-36	134	247	433	85	XP_050557506.1 uncharacterized protein LOC118261723 [Spodoptera frugiperda]
TRINITY_DN1682_c0_g2_i2.p1	XP_035428870.1	34.579	214	138	1	25	238	1	212	6.35e-43	145	247	217	87	XP_035428870.1 glutathione S-transferase 1 [Spodoptera frugiperda]
TRINITY_DN1682_c0_g2_i2.p1	XP_050557549.1	35.349	215	137	1	24	238	6	218	2.46e-41	141	247	223	87	XP_050557549.1 glutathione S-transferase 1-like [Spodoptera frugiperda]
TRINITY_DN1682_c0_g2_i2.p1	XP_035440580.2	38.636	220	132	3	25	243	1	218	2.64e-40	139	247	221	89	XP_035440580.2 glutathione S-transferase 1 [Spodoptera frugiperda]
TRINITY_DN1682_c0_g2_i2.p1	XP_050556285.1	32.093	215	142	3	25	238	1	212	8.88e-38	132	247	217	87	XP_050556285.1 glutathione S-transferase 1 [Spodoptera frugiperda]
TRINITY_DN1682_c0_g2_i2.p1	XP_050556284.1	32.093	215	142	3	25	238	1	212	8.88e-38	132	247	217	87	XP_050556284.1 glutathione S-transferase 1 [Spodoptera frugiperda]
TRINITY_DN1682_c0_g2_i2.p1	XP_035452575.1	32.093	215	142	3	25	238	1	212	8.88e-38	132	247	217	87	XP_035452575.1 glutathione S-transferase 1 [Spodoptera frugiperda]
TRINITY_DN1682_c0_g2_i2.p1	XP_035452574.1	32.093	215	142	3	25	238	1	212	8.88e-38	132	247	217	87	XP_035452574.1 glutathione S-transferase 1 [Spodoptera frugiperda]
TRINITY_DN1682_c0_g2_i2.p1	XP_050563540.1	33.641	217	141	2	25	240	1	215	9.97e-37	129	247	218	87	XP_050563540.1 glutathione S-transferase 1-like [Spodoptera frugiperda]
TRINITY_DN1682_c0_g2_i2.p1	XP_050562830.1	36.923	195	113	5	5	196	11	198	2.43e-34	124	247	244	78	XP_050562830.1 glutathione S-transferase D7 isoform X2 [Spodoptera frugiperda]
TRINITY_DN1682_c0_g2_i2.p1	XP_050562831.1	38.235	170	102	2	29	198	30	196	1.12e-33	122	247	240	69	XP_050562831.1 glutathione S-transferase D7 isoform X3 [Spodoptera frugiperda]
TRINITY_DN1682_c0_g2_i2.p1	XP_050562829.1	38.690	168	100	2	29	196	35	199	1.32e-33	122	247	245	68	XP_050562829.1 glutathione S-transferase D7 isoform X1 [Spodoptera frugiperda]
TRINITY_DN1682_c0_g2_i2.p1	XP_035435212.1	30.275	218	150	1	29	246	18	233	6.93e-33	120	247	252	88	XP_035435212.1 glutathione S-transferase 1 [Spodoptera frugiperda]
TRINITY_DN1682_c0_g2_i2.p1	XP_035434894.2	31.633	196	131	2	25	220	1	193	1.65e-28	108	247	214	79	XP_035434894.2 glutathione S-transferase 1-like [Spodoptera frugiperda]
TRINITY_DN1682_c0_g2_i2.p1	XP_050562948.1	32.870	216	140	4	29	243	5	216	6.66e-28	106	247	216	87	XP_050562948.1 glutathione S-transferase 1 [Spodoptera frugiperda]
TRINITY_DN1682_c0_g2_i2.p1	XP_050562947.1	32.870	216	140	4	29	243	5	216	6.66e-28	106	247	216	87	XP_050562947.1 glutathione S-transferase 1 [Spodoptera frugiperda]
TRINITY_DN1682_c0_g2_i2.p1	XP_050562946.1	32.870	216	140	4	29	243	5	216	6.66e-28	106	247	216	87	XP_050562946.1 glutathione S-transferase 1 [Spodoptera frugiperda]
TRINITY_DN18158_c2_g1_i1.p1	XP_050559253.1	72.807	114	29	1	1	114	110	221	4.22e-56	174	114	223	100	XP_050559253.1 glutathione S-transferase 1 [Spodoptera frugiperda]
TRINITY_DN18158_c2_g1_i1.p1	XP_035436804.2	57.895	114	46	1	1	114	111	222	3.61e-44	143	114	223	100	XP_035436804.2 glutathione S-transferase 1-like [Spodoptera frugiperda]
TRINITY_DN18158_c2_g1_i1.p1	XP_050558885.1	42.268	97	54	1	1	97	338	432	6.08e-21	86.7	114	450	99	XP_050558885.1 uncharacterized protein LOC118266848 [Spodoptera frugiperda]
TRINITY_DN18158_c2_g1_i1.p1	XP_050558885.1	34.653	101	64	1	13	113	125	223	2.59e-16	73.6	114	450	99	XP_050558885.1 uncharacterized protein LOC118266848 [Spodoptera frugiperda]
TRINITY_DN18158_c2_g1_i1.p1	XP_050557506.1	36.232	69	42	1	25	93	349	415	2.39e-11	59.7	114	433	61	XP_050557506.1 uncharacterized protein LOC118261723 [Spodoptera frugiperda]
TRINITY_DN18158_c2_g1_i1.p1	XP_050557506.1	33.824	68	43	1	26	93	133	198	1.57e-09	54.3	114	433	61	XP_050557506.1 uncharacterized protein LOC118261723 [Spodoptera frugiperda]
TRINITY_DN18158_c2_g1_i1.p1	XP_035447327.2	28.283	99	69	2	2	100	111	207	3.79e-09	52.8	114	228	87	XP_035447327.2 glutathione S-transferase 1-like isoform X2 [Spodoptera frugiperda]
TRINITY_DN18158_c2_g1_i1.p1	XP_035447326.2	28.283	99	69	2	2	100	116	212	4.21e-09	52.8	114	233	87	XP_035447326.2 glutathione S-transferase 1-like isoform X1 [Spodoptera frugiperda]
TRINITY_DN18158_c2_g1_i1.p1	XP_050557549.1	31.250	80	53	1	26	105	139	216	9.64e-09	51.6	114	223	70	XP_050557549.1 glutathione S-transferase 1-like [Spodoptera frugiperda]
TRINITY_DN18158_c2_g1_i1.p1	XP_050557548.1	27.711	83	58	1	25	107	132	212	2.79e-07	47.4	114	217	73	XP_050557548.1 glutathione S-transferase 1 [Spodoptera frugiperda]
TRINITY_DN18158_c2_g1_i1.p1	XP_035441818.2	30.000	90	59	2	19	108	143	228	5.60e-07	46.6	114	230	79	XP_035441818.2 glutathione S-transferase 1-like [Spodoptera frugiperda]
TRINITY_DN18158_c2_g1_i1.p1	XP_050557481.1	26.087	92	66	1	2	93	109	198	8.83e-07	46.6	114	465	81	XP_050557481.1 uncharacterized protein LOC118261724 [Spodoptera frugiperda]
TRINITY_DN18158_c2_g1_i1.p1	XP_050557481.1	26.087	92	66	1	2	93	356	445	1.39e-05	43.1	114	465	81	XP_050557481.1 uncharacterized protein LOC118261724 [Spodoptera frugiperda]
TRINITY_DN18158_c2_g1_i1.p1	XP_035428870.1	28.205	78	54	1	26	103	133	208	2.77e-06	44.7	114	217	68	XP_035428870.1 glutathione S-transferase 1 [Spodoptera frugiperda]
TRINITY_DN18158_c2_g1_i1.p1	XP_050563540.1	28.750	80	55	1	9	88	117	194	6.73e-05	40.8	114	218	70	XP_050563540.1 glutathione S-transferase 1-like [Spodoptera frugiperda]
TRINITY_DN18158_c2_g1_i1.p1	XP_035441082.1	30.380	79	52	2	3	81	111	186	1.17e-04	40.0	114	232	69	XP_035441082.1 glutathione S-transferase 1-1 [Spodoptera frugiperda]
TRINITY_DN18158_c2_g2_i1.p1	XP_050559253.1	78.667	225	46	1	1	225	1	223	4.03e-131	369	227	223	99	XP_050559253.1 glutathione S-transferase 1 [Spodoptera frugiperda]
TRINITY_DN18158_c2_g2_i1.p1	XP_035436804.2	69.778	225	65	2	1	224	1	223	1.91e-114	327	227	223	99	XP_035436804.2 glutathione S-transferase 1-like [Spodoptera frugiperda]
TRINITY_DN18158_c2_g2_i1.p1	XP_050558885.1	55.556	207	90	1	1	207	229	433	2.30e-77	240	227	450	99	XP_050558885.1 uncharacterized protein LOC118266848 [Spodoptera frugiperda]
TRINITY_DN18158_c2_g2_i1.p1	XP_050558885.1	52.489	221	103	1	4	224	7	225	5.20e-76	236	227	450	99	XP_050558885.1 uncharacterized protein LOC118266848 [Spodoptera frugiperda]
TRINITY_DN18158_c2_g2_i1.p1	XP_035447327.2	39.171	217	130	1	1	217	1	215	2.41e-50	164	227	228	96	XP_035447327.2 glutathione S-transferase 1-like isoform X2 [Spodoptera frugiperda]
TRINITY_DN18158_c2_g2_i1.p1	XP_035447326.2	39.171	217	130	1	1	217	6	220	3.10e-50	164	227	233	96	XP_035447326.2 glutathione S-transferase 1-like isoform X1 [Spodoptera frugiperda]
TRINITY_DN18158_c2_g2_i1.p1	XP_050557548.1	39.352	216	125	4	1	215	1	211	1.21e-46	154	227	217	95	XP_050557548.1 glutathione S-transferase 1 [Spodoptera frugiperda]
TRINITY_DN18158_c2_g2_i1.p1	XP_035441818.2	36.406	217	132	4	1	217	18	228	1.03e-41	142	227	230	96	XP_035441818.2 glutathione S-transferase 1-like [Spodoptera frugiperda]
TRINITY_DN18158_c2_g2_i1.p1	XP_035428870.1	34.862	218	138	2	1	218	1	214	4.63e-41	140	227	217	96	XP_035428870.1 glutathione S-transferase 1 [Spodoptera frugiperda]
TRINITY_DN18158_c2_g2_i1.p1	XP_050557506.1	35.211	213	134	2	5	217	5	213	2.34e-40	143	227	433	94	XP_050557506.1 uncharacterized protein LOC118261723 [Spodoptera frugiperda]
TRINITY_DN18158_c2_g2_i1.p1	XP_050557506.1	34.742	213	135	2	5	217	222	430	4.61e-40	142	227	433	94	XP_050557506.1 uncharacterized protein LOC118261723 [Spodoptera frugiperda]
TRINITY_DN18158_c2_g2_i1.p1	XP_050563540.1	37.500	208	125	3	1	207	1	204	5.44e-39	134	227	218	91	XP_050563540.1 glutathione S-transferase 1-like [Spodoptera frugiperda]
TRINITY_DN18158_c2_g2_i1.p1	XP_050557481.1	33.028	218	142	2	5	222	5	218	5.18e-38	137	227	465	98	XP_050557481.1 uncharacterized protein LOC118261724 [Spodoptera frugiperda]
TRINITY_DN18158_c2_g2_i1.p1	XP_050557481.1	34.862	218	138	2	1	218	248	461	8.50e-38	137	227	465	98	XP_050557481.1 uncharacterized protein LOC118261724 [Spodoptera frugiperda]
TRINITY_DN18158_c2_g2_i1.p1	XP_035440580.2	40.526	190	109	3	1	190	1	186	3.25e-37	130	227	221	84	XP_035440580.2 glutathione S-transferase 1 [Spodoptera frugiperda]
TRINITY_DN18158_c2_g2_i1.p1	XP_050556285.1	31.944	216	141	4	1	215	1	211	4.90e-37	129	227	217	95	XP_050556285.1 glutathione S-transferase 1 [Spodoptera frugiperda]
TRINITY_DN18158_c2_g2_i1.p1	XP_050556284.1	31.944	216	141	4	1	215	1	211	4.90e-37	129	227	217	95	XP_050556284.1 glutathione S-transferase 1 [Spodoptera frugiperda]
TRINITY_DN18158_c2_g2_i1.p1	XP_035452575.1	31.944	216	141	4	1	215	1	211	4.90e-37	129	227	217	95	XP_035452575.1 glutathione S-transferase 1 [Spodoptera frugiperda]
TRINITY_DN18158_c2_g2_i1.p1	XP_035452574.1	31.944	216	141	4	1	215	1	211	4.90e-37	129	227	217	95	XP_035452574.1 glutathione S-transferase 1 [Spodoptera frugiperda]
TRINITY_DN18158_c2_g2_i1.p1	XP_050562829.1	32.558	215	134	6	5	215	35	242	1.93e-32	118	227	245	93	XP_050562829.1 glutathione S-transferase D7 isoform X1 [Spodoptera frugiperda]
TRINITY_DN18158_c2_g2_i1.p1	XP_050562831.1	32.558	215	134	6	5	215	30	237	2.04e-32	118	227	240	93	XP_050562831.1 glutathione S-transferase D7 isoform X3 [Spodoptera frugiperda]
TRINITY_DN18158_c2_g2_i1.p1	XP_050562830.1	32.558	215	134	6	5	215	34	241	2.19e-32	118	227	244	93	XP_050562830.1 glutathione S-transferase D7 isoform X2 [Spodoptera frugiperda]
TRINITY_DN18158_c2_g2_i1.p1	XP_050557549.1	32.857	210	137	2	5	214	11	216	2.52e-31	115	227	223	93	XP_050557549.1 glutathione S-transferase 1-like [Spodoptera frugiperda]
TRINITY_DN18158_c2_g2_i1.p1	XP_050562948.1	36.364	187	111	5	5	190	5	184	1.54e-27	105	227	216	82	XP_050562948.1 glutathione S-transferase 1 [Spodoptera frugiperda]
TRINITY_DN18158_c2_g2_i1.p1	XP_050562947.1	36.364	187	111	5	5	190	5	184	1.54e-27	105	227	216	82	XP_050562947.1 glutathione S-transferase 1 [Spodoptera frugiperda]
TRINITY_DN18158_c2_g2_i1.p1	XP_050562946.1	36.364	187	111	5	5	190	5	184	1.54e-27	105	227	216	82	XP_050562946.1 glutathione S-transferase 1 [Spodoptera frugiperda]
TRINITY_DN18158_c2_g2_i1.p1	XP_035435212.1	30.570	193	130	2	5	197	18	206	2.43e-27	105	227	252	85	XP_035435212.1 glutathione S-transferase 1 [Spodoptera frugiperda]
TRINITY_DN18158_c2_g2_i1.p1	XP_035441082.1	27.230	213	148	5	5	215	5	212	8.27e-24	95.5	227	232	93	XP_035441082.1 glutathione S-transferase 1-1 [Spodoptera frugiperda]
TRINITY_DN1824_c0_g1_i1.p1	XP_035441818.2	73.364	214	56	1	12	225	18	230	6.39e-117	333	226	230	95	XP_035441818.2 glutathione S-transferase 1-like [Spodoptera frugiperda]
TRINITY_DN1824_c0_g1_i1.p1	XP_050563540.1	42.857	217	120	4	12	225	1	216	6.06e-51	165	226	218	95	XP_050563540.1 glutathione S-transferase 1-like [Spodoptera frugiperda]
TRINITY_DN1824_c0_g1_i1.p1	XP_035447327.2	39.512	205	121	3	12	213	1	205	3.09e-50	164	226	228	89	XP_035447327.2 glutathione S-transferase 1-like isoform X2 [Spodoptera frugiperda]
TRINITY_DN1824_c0_g1_i1.p1	XP_035447326.2	39.512	205	121	3	12	213	6	210	3.57e-50	164	226	233	89	XP_035447326.2 glutathione S-transferase 1-like isoform X1 [Spodoptera frugiperda]
TRINITY_DN1824_c0_g1_i1.p1	XP_035428870.1	36.916	214	132	3	12	223	1	213	4.03e-49	160	226	217	94	XP_035428870.1 glutathione S-transferase 1 [Spodoptera frugiperda]
TRINITY_DN1824_c0_g1_i1.p1	XP_050557506.1	40.187	214	125	3	12	223	1	213	2.14e-48	164	226	433	94	XP_050557506.1 uncharacterized protein LOC118261723 [Spodoptera frugiperda]
TRINITY_DN1824_c0_g1_i1.p1	XP_050557506.1	35.047	214	136	3	12	223	218	430	1.36e-40	144	226	433	94	XP_050557506.1 uncharacterized protein LOC118261723 [Spodoptera frugiperda]
TRINITY_DN1824_c0_g1_i1.p1	XP_050556285.1	40.376	213	124	3	12	222	1	212	4.87e-48	157	226	217	93	XP_050556285.1 glutathione S-transferase 1 [Spodoptera frugiperda]
TRINITY_DN1824_c0_g1_i1.p1	XP_050556284.1	40.376	213	124	3	12	222	1	212	4.87e-48	157	226	217	93	XP_050556284.1 glutathione S-transferase 1 [Spodoptera frugiperda]
TRINITY_DN1824_c0_g1_i1.p1	XP_035452575.1	40.376	213	124	3	12	222	1	212	4.87e-48	157	226	217	93	XP_035452575.1 glutathione S-transferase 1 [Spodoptera frugiperda]
TRINITY_DN1824_c0_g1_i1.p1	XP_035452574.1	40.376	213	124	3	12	222	1	212	4.87e-48	157	226	217	93	XP_035452574.1 glutathione S-transferase 1 [Spodoptera frugiperda]
TRINITY_DN1824_c0_g1_i1.p1	XP_050557548.1	38.426	216	130	3	12	225	1	215	1.38e-47	156	226	217	95	XP_050557548.1 glutathione S-transferase 1 [Spodoptera frugiperda]
TRINITY_DN1824_c0_g1_i1.p1	XP_050559253.1	40.000	210	123	3	12	218	1	210	2.24e-45	151	226	223	92	XP_050559253.1 glutathione S-transferase 1 [Spodoptera frugiperda]
TRINITY_DN1824_c0_g1_i1.p1	XP_050557481.1	39.320	206	122	3	11	214	247	451	5.00e-43	151	226	465	94	XP_050557481.1 uncharacterized protein LOC118261724 [Spodoptera frugiperda]
TRINITY_DN1824_c0_g1_i1.p1	XP_050557481.1	36.916	214	132	3	12	223	1	213	5.01e-41	145	226	465	94	XP_050557481.1 uncharacterized protein LOC118261724 [Spodoptera frugiperda]
TRINITY_DN1824_c0_g1_i1.p1	XP_050558885.1	36.842	228	140	4	1	224	217	444	5.67e-43	150	226	450	99	XP_050558885.1 uncharacterized protein LOC118266848 [Spodoptera frugiperda]
TRINITY_DN1824_c0_g1_i1.p1	XP_050558885.1	33.803	213	138	3	14	223	6	218	5.45e-39	140	226	450	99	XP_050558885.1 uncharacterized protein LOC118266848 [Spodoptera frugiperda]
TRINITY_DN1824_c0_g1_i1.p1	XP_050557549.1	36.744	215	133	3	10	222	5	218	1.02e-42	144	226	223	94	XP_050557549.1 glutathione S-transferase 1-like [Spodoptera frugiperda]
TRINITY_DN1824_c0_g1_i1.p1	XP_035436804.2	35.211	213	134	3	12	220	1	213	8.88e-41	139	226	223	92	XP_035436804.2 glutathione S-transferase 1-like [Spodoptera frugiperda]
TRINITY_DN1824_c0_g1_i1.p1	XP_035440580.2	35.484	217	134	5	12	224	1	215	3.53e-36	127	226	221	94	XP_035440580.2 glutathione S-transferase 1 [Spodoptera frugiperda]
TRINITY_DN1824_c0_g1_i1.p1	XP_050562948.1	38.942	208	123	4	12	217	1	206	1.36e-35	125	226	216	91	XP_050562948.1 glutathione S-transferase 1 [Spodoptera frugiperda]
TRINITY_DN1824_c0_g1_i1.p1	XP_050562947.1	38.942	208	123	4	12	217	1	206	1.36e-35	125	226	216	91	XP_050562947.1 glutathione S-transferase 1 [Spodoptera frugiperda]
TRINITY_DN1824_c0_g1_i1.p1	XP_050562946.1	38.942	208	123	4	12	217	1	206	1.36e-35	125	226	216	91	XP_050562946.1 glutathione S-transferase 1 [Spodoptera frugiperda]
TRINITY_DN1824_c0_g1_i1.p1	XP_035435212.1	35.294	204	129	3	18	219	20	222	1.79e-35	126	226	252	89	XP_035435212.1 glutathione S-transferase 1 [Spodoptera frugiperda]
TRINITY_DN1824_c0_g1_i1.p1	XP_050562830.1	33.028	218	138	6	11	223	29	243	4.13e-33	120	226	244	94	XP_050562830.1 glutathione S-transferase D7 isoform X2 [Spodoptera frugiperda]
TRINITY_DN1824_c0_g1_i1.p1	XP_050562831.1	33.028	218	138	6	11	223	25	239	4.59e-33	120	226	240	94	XP_050562831.1 glutathione S-transferase D7 isoform X3 [Spodoptera frugiperda]
TRINITY_DN1824_c0_g1_i1.p1	XP_050562829.1	33.028	218	138	6	11	223	30	244	5.46e-33	120	226	245	94	XP_050562829.1 glutathione S-transferase D7 isoform X1 [Spodoptera frugiperda]
TRINITY_DN1824_c0_g1_i1.p1	XP_035434894.2	29.767	215	148	3	12	225	1	213	4.44e-28	106	226	214	95	XP_035434894.2 glutathione S-transferase 1-like [Spodoptera frugiperda]
TRINITY_DN196_c0_g1_i1.p1	XP_035444198.2	65.517	116	40	0	1	116	87	202	3.91e-50	158	119	204	97	XP_035444198.2 glutathione S-transferase 2 [Spodoptera frugiperda]
TRINITY_DN196_c0_g1_i1.p1	XP_050549798.1	59.322	118	48	0	1	118	87	204	7.18e-45	145	119	204	99	XP_050549798.1 glutathione S-transferase 2 isoform X2 [Spodoptera frugiperda]
TRINITY_DN196_c0_g1_i1.p1	XP_050549797.1	59.322	118	48	0	1	118	94	211	1.07e-44	144	119	211	99	XP_050549797.1 glutathione S-transferase 2 isoform X1 [Spodoptera frugiperda]
TRINITY_DN196_c0_g1_i1.p1	XP_050549803.1	55.085	118	53	0	1	118	87	204	3.49e-41	135	119	204	99	XP_050549803.1 glutathione S-transferase 2-like [Spodoptera frugiperda]
TRINITY_DN196_c0_g1_i1.p1	XP_050549772.1	55.172	116	52	0	1	116	87	202	9.76e-40	137	119	410	97	XP_050549772.1 LOW QUALITY PROTEIN: uncharacterized protein LOC118271633 [Spodoptera frugiperda]
TRINITY_DN196_c0_g1_i1.p1	XP_050549772.1	55.856	111	49	0	1	111	292	402	8.93e-38	132	119	410	97	XP_050549772.1 LOW QUALITY PROTEIN: uncharacterized protein LOC118271633 [Spodoptera frugiperda]
TRINITY_DN196_c0_g1_i1.p1	XP_050549802.1	56.757	111	48	0	1	111	87	197	3.52e-39	130	119	201	93	XP_050549802.1 glutathione S-transferase 2-like isoform X2 [Spodoptera frugiperda]
TRINITY_DN196_c0_g1_i1.p1	XP_050549801.1	56.757	111	48	0	1	111	87	197	3.52e-39	130	119	201	93	XP_050549801.1 glutathione S-transferase 2-like isoform X2 [Spodoptera frugiperda]
TRINITY_DN196_c0_g1_i1.p1	XP_050549800.1	54.054	111	51	0	1	111	87	197	2.66e-38	128	119	205	93	XP_050549800.1 glutathione S-transferase 2-like isoform X1 [Spodoptera frugiperda]
TRINITY_DN196_c0_g1_i1.p1	XP_050549799.1	54.054	111	51	0	1	111	87	197	2.66e-38	128	119	205	93	XP_050549799.1 glutathione S-transferase 2-like isoform X1 [Spodoptera frugiperda]
TRINITY_DN196_c0_g1_i1.p1	XP_050563101.1	31.461	89	59	2	22	110	109	195	5.24e-08	50.1	119	417	75	XP_050563101.1 uncharacterized protein LOC118270149 [Spodoptera frugiperda]
TRINITY_DN196_c0_g1_i1.p1	XP_050563101.1	29.412	68	46	2	43	110	342	407	7.98e-05	41.2	119	417	75	XP_050563101.1 uncharacterized protein LOC118270149 [Spodoptera frugiperda]
TRINITY_DN196_c1_g2_i1.p1	XP_035444198.2	69.591	171	52	0	47	217	1	171	1.34e-86	255	217	204	79	XP_035444198.2 glutathione S-transferase 2 [Spodoptera frugiperda]
TRINITY_DN196_c1_g2_i1.p1	XP_050549798.1	61.404	171	66	0	47	217	1	171	7.08e-80	238	217	204	79	XP_050549798.1 glutathione S-transferase 2 isoform X2 [Spodoptera frugiperda]
TRINITY_DN196_c1_g2_i1.p1	XP_050549797.1	61.404	171	66	0	47	217	8	178	1.37e-79	237	217	211	79	XP_050549797.1 glutathione S-transferase 2 isoform X1 [Spodoptera frugiperda]
TRINITY_DN196_c1_g2_i1.p1	XP_050549802.1	61.988	171	65	0	47	217	1	171	1.66e-79	237	217	201	79	XP_050549802.1 glutathione S-transferase 2-like isoform X2 [Spodoptera frugiperda]
TRINITY_DN196_c1_g2_i1.p1	XP_050549801.1	61.988	171	65	0	47	217	1	171	1.66e-79	237	217	201	79	XP_050549801.1 glutathione S-transferase 2-like isoform X2 [Spodoptera frugiperda]
TRINITY_DN196_c1_g2_i1.p1	XP_050549800.1	59.649	171	69	0	47	217	1	171	2.25e-75	226	217	205	79	XP_050549800.1 glutathione S-transferase 2-like isoform X1 [Spodoptera frugiperda]
TRINITY_DN196_c1_g2_i1.p1	XP_050549799.1	59.649	171	69	0	47	217	1	171	2.25e-75	226	217	205	79	XP_050549799.1 glutathione S-transferase 2-like isoform X1 [Spodoptera frugiperda]
TRINITY_DN196_c1_g2_i1.p1	XP_050549772.1	61.047	172	67	0	46	217	205	376	1.65e-72	226	217	410	79	XP_050549772.1 LOW QUALITY PROTEIN: uncharacterized protein LOC118271633 [Spodoptera frugiperda]
TRINITY_DN196_c1_g2_i1.p1	XP_050549772.1	57.310	171	73	0	47	217	1	171	3.94e-69	217	217	410	79	XP_050549772.1 LOW QUALITY PROTEIN: uncharacterized protein LOC118271633 [Spodoptera frugiperda]
TRINITY_DN196_c1_g2_i1.p1	XP_050549803.1	59.064	171	70	0	47	217	1	171	1.18e-71	217	217	204	79	XP_050549803.1 glutathione S-transferase 2-like [Spodoptera frugiperda]
TRINITY_DN196_c1_g2_i1.p1	XP_050563101.1	37.423	163	97	4	54	213	7	167	2.66e-21	91.3	217	417	75	XP_050563101.1 uncharacterized protein LOC118270149 [Spodoptera frugiperda]
TRINITY_DN196_c1_g2_i1.p1	XP_050563101.1	31.646	158	105	2	52	207	217	373	1.63e-19	86.3	217	417	75	XP_050563101.1 uncharacterized protein LOC118270149 [Spodoptera frugiperda]
TRINITY_DN196_c1_g2_i1.p1	XP_050562835.1	35.200	125	66	2	24	147	9	119	3.87e-14	71.6	217	1896	57	XP_050562835.1 uncharacterized protein LOC118269650 isoform X1 [Spodoptera frugiperda]
TRINITY_DN196_c6_g1_i1.p1	XP_050549798.1	56.954	151	63	1	1	151	1	149	1.98e-58	181	171	204	88	XP_050549798.1 glutathione S-transferase 2 isoform X2 [Spodoptera frugiperda]
TRINITY_DN196_c6_g1_i1.p1	XP_050549797.1	56.954	151	63	1	1	151	8	156	3.12e-58	181	171	211	88	XP_050549797.1 glutathione S-transferase 2 isoform X1 [Spodoptera frugiperda]
TRINITY_DN196_c6_g1_i1.p1	XP_035444198.2	58.278	151	61	1	1	151	1	149	5.75e-58	180	171	204	88	XP_035444198.2 glutathione S-transferase 2 [Spodoptera frugiperda]
TRINITY_DN196_c6_g1_i1.p1	XP_050549802.1	56.291	151	64	1	1	151	1	149	2.25e-55	174	171	201	88	XP_050549802.1 glutathione S-transferase 2-like isoform X2 [Spodoptera frugiperda]
TRINITY_DN196_c6_g1_i1.p1	XP_050549801.1	56.291	151	64	1	1	151	1	149	2.25e-55	174	171	201	88	XP_050549801.1 glutathione S-transferase 2-like isoform X2 [Spodoptera frugiperda]
TRINITY_DN196_c6_g1_i1.p1	XP_050549803.1	56.954	151	63	1	1	151	1	149	2.44e-55	174	171	204	88	XP_050549803.1 glutathione S-transferase 2-like [Spodoptera frugiperda]
TRINITY_DN196_c6_g1_i1.p1	XP_050549800.1	54.967	151	66	1	1	151	1	149	2.72e-55	173	171	205	88	XP_050549800.1 glutathione S-transferase 2-like isoform X1 [Spodoptera frugiperda]
TRINITY_DN196_c6_g1_i1.p1	XP_050549799.1	54.967	151	66	1	1	151	1	149	2.72e-55	173	171	205	88	XP_050549799.1 glutathione S-transferase 2-like isoform X1 [Spodoptera frugiperda]
TRINITY_DN196_c6_g1_i1.p1	XP_050549772.1	54.305	151	67	1	1	151	1	149	2.50e-53	174	171	410	88	XP_050549772.1 LOW QUALITY PROTEIN: uncharacterized protein LOC118271633 [Spodoptera frugiperda]
TRINITY_DN196_c6_g1_i1.p1	XP_050549772.1	56.291	151	64	1	1	151	206	354	5.12e-53	174	171	410	88	XP_050549772.1 LOW QUALITY PROTEIN: uncharacterized protein LOC118271633 [Spodoptera frugiperda]
TRINITY_DN196_c6_g1_i1.p1	XP_050563101.1	34.247	146	84	5	8	147	7	146	3.10e-15	72.8	171	417	83	XP_050563101.1 uncharacterized protein LOC118270149 [Spodoptera frugiperda]
TRINITY_DN196_c6_g1_i1.p1	XP_050563101.1	31.304	115	68	2	6	118	217	322	2.16e-10	58.9	171	417	83	XP_050563101.1 uncharacterized protein LOC118270149 [Spodoptera frugiperda]
TRINITY_DN196_c6_g1_i1.p1	XP_050562835.1	41.414	99	57	1	4	101	21	119	9.09e-15	71.6	171	1896	57	XP_050562835.1 uncharacterized protein LOC118269650 isoform X1 [Spodoptera frugiperda]
TRINITY_DN196_c6_g1_i10.p1	XP_035444198.2	63.317	199	71	1	1	199	1	197	2.95e-89	261	201	204	99	XP_035444198.2 glutathione S-transferase 2 [Spodoptera frugiperda]
TRINITY_DN196_c6_g1_i10.p1	XP_050549802.1	62.312	199	73	1	1	199	1	197	1.22e-86	254	201	201	99	XP_050549802.1 glutathione S-transferase 2-like isoform X2 [Spodoptera frugiperda]
TRINITY_DN196_c6_g1_i10.p1	XP_050549801.1	62.312	199	73	1	1	199	1	197	1.22e-86	254	201	201	99	XP_050549801.1 glutathione S-transferase 2-like isoform X2 [Spodoptera frugiperda]
TRINITY_DN196_c6_g1_i10.p1	XP_050549798.1	59.296	199	79	1	1	199	1	197	8.22e-86	252	201	204	99	XP_050549798.1 glutathione S-transferase 2 isoform X2 [Spodoptera frugiperda]
TRINITY_DN196_c6_g1_i10.p1	XP_050549797.1	59.296	199	79	1	1	199	8	204	1.56e-85	251	201	211	99	XP_050549797.1 glutathione S-transferase 2 isoform X1 [Spodoptera frugiperda]
TRINITY_DN196_c6_g1_i10.p1	XP_050549800.1	59.296	199	79	1	1	199	1	197	2.63e-83	246	201	205	99	XP_050549800.1 glutathione S-transferase 2-like isoform X1 [Spodoptera frugiperda]
TRINITY_DN196_c6_g1_i10.p1	XP_050549799.1	59.296	199	79	1	1	199	1	197	2.63e-83	246	201	205	99	XP_050549799.1 glutathione S-transferase 2-like isoform X1 [Spodoptera frugiperda]
TRINITY_DN196_c6_g1_i10.p1	XP_050549803.1	57.789	199	82	1	1	199	1	197	5.86e-82	242	201	204	99	XP_050549803.1 glutathione S-transferase 2-like [Spodoptera frugiperda]
TRINITY_DN196_c6_g1_i10.p1	XP_050549772.1	60.804	199	76	1	1	199	206	402	6.83e-82	249	201	410	99	XP_050549772.1 LOW QUALITY PROTEIN: uncharacterized protein LOC118271633 [Spodoptera frugiperda]
TRINITY_DN196_c6_g1_i10.p1	XP_050549772.1	57.789	199	82	1	1	199	1	197	2.52e-80	245	201	410	99	XP_050549772.1 LOW QUALITY PROTEIN: uncharacterized protein LOC118271633 [Spodoptera frugiperda]
TRINITY_DN196_c6_g1_i10.p1	XP_050563101.1	33.333	192	122	4	8	197	7	194	6.60e-26	103	201	417	96	XP_050563101.1 uncharacterized protein LOC118270149 [Spodoptera frugiperda]
TRINITY_DN196_c6_g1_i10.p1	XP_050563101.1	27.179	195	136	4	6	198	217	407	2.03e-16	77.0	201	417	96	XP_050563101.1 uncharacterized protein LOC118270149 [Spodoptera frugiperda]
TRINITY_DN196_c6_g1_i10.p1	XP_050562835.1	41.414	99	57	1	4	101	21	119	4.78e-15	73.6	201	1896	49	XP_050562835.1 uncharacterized protein LOC118269650 isoform X1 [Spodoptera frugiperda]
TRINITY_DN196_c6_g1_i3.p1	XP_035444198.2	60.265	151	58	1	1	151	1	149	2.46e-60	186	171	204	88	XP_035444198.2 glutathione S-transferase 2 [Spodoptera frugiperda]
TRINITY_DN196_c6_g1_i3.p1	XP_050549798.1	56.954	151	63	1	1	151	1	149	1.36e-59	184	171	204	88	XP_050549798.1 glutathione S-transferase 2 isoform X2 [Spodoptera frugiperda]
TRINITY_DN196_c6_g1_i3.p1	XP_050549797.1	56.954	151	63	1	1	151	8	156	2.25e-59	184	171	211	88	XP_050549797.1 glutathione S-transferase 2 isoform X1 [Spodoptera frugiperda]
TRINITY_DN196_c6_g1_i3.p1	XP_050549802.1	57.616	151	62	1	1	151	1	149	3.43e-58	181	171	201	88	XP_050549802.1 glutathione S-transferase 2-like isoform X2 [Spodoptera frugiperda]
TRINITY_DN196_c6_g1_i3.p1	XP_050549801.1	57.616	151	62	1	1	151	1	149	3.43e-58	181	171	201	88	XP_050549801.1 glutathione S-transferase 2-like isoform X2 [Spodoptera frugiperda]
TRINITY_DN196_c6_g1_i3.p1	XP_050549800.1	56.291	151	64	1	1	151	1	149	8.31e-57	177	171	205	88	XP_050549800.1 glutathione S-transferase 2-like isoform X1 [Spodoptera frugiperda]
TRINITY_DN196_c6_g1_i3.p1	XP_050549799.1	56.291	151	64	1	1	151	1	149	8.31e-57	177	171	205	88	XP_050549799.1 glutathione S-transferase 2-like isoform X1 [Spodoptera frugiperda]
TRINITY_DN196_c6_g1_i3.p1	XP_050549772.1	54.967	151	66	1	1	151	1	149	5.26e-55	179	171	410	88	XP_050549772.1 LOW QUALITY PROTEIN: uncharacterized protein LOC118271633 [Spodoptera frugiperda]
TRINITY_DN196_c6_g1_i3.p1	XP_050549772.1	57.616	151	62	1	1	151	206	354	1.25e-54	178	171	410	88	XP_050549772.1 LOW QUALITY PROTEIN: uncharacterized protein LOC118271633 [Spodoptera frugiperda]
TRINITY_DN196_c6_g1_i3.p1	XP_050549803.1	55.629	151	65	1	1	151	1	149	5.30e-55	172	171	204	88	XP_050549803.1 glutathione S-transferase 2-like [Spodoptera frugiperda]
TRINITY_DN196_c6_g1_i3.p1	XP_050563101.1	34.965	143	87	4	8	147	7	146	1.14e-16	76.6	171	417	83	XP_050563101.1 uncharacterized protein LOC118270149 [Spodoptera frugiperda]
TRINITY_DN196_c6_g1_i3.p1	XP_050563101.1	34.343	99	63	1	6	102	217	315	3.65e-10	58.2	171	417	83	XP_050563101.1 uncharacterized protein LOC118270149 [Spodoptera frugiperda]
TRINITY_DN196_c6_g1_i3.p1	XP_050562835.1	41.414	99	57	1	4	101	21	119	2.24e-15	73.6	171	1896	57	XP_050562835.1 uncharacterized protein LOC118269650 isoform X1 [Spodoptera frugiperda]
TRINITY_DN196_c6_g1_i4.p1	XP_035444198.2	61.809	199	74	1	1	199	1	197	7.91e-87	254	201	204	99	XP_035444198.2 glutathione S-transferase 2 [Spodoptera frugiperda]
TRINITY_DN196_c6_g1_i4.p1	XP_050549798.1	59.296	199	79	1	1	199	1	197	1.34e-84	249	201	204	99	XP_050549798.1 glutathione S-transferase 2 isoform X2 [Spodoptera frugiperda]
TRINITY_DN196_c6_g1_i4.p1	XP_050549797.1	59.296	199	79	1	1	199	8	204	2.27e-84	249	201	211	99	XP_050549797.1 glutathione S-transferase 2 isoform X1 [Spodoptera frugiperda]
TRINITY_DN196_c6_g1_i4.p1	XP_050549802.1	60.804	199	76	1	1	199	1	197	5.79e-84	247	201	201	99	XP_050549802.1 glutathione S-transferase 2-like isoform X2 [Spodoptera frugiperda]
TRINITY_DN196_c6_g1_i4.p1	XP_050549801.1	60.804	199	76	1	1	199	1	197	5.79e-84	247	201	201	99	XP_050549801.1 glutathione S-transferase 2-like isoform X2 [Spodoptera frugiperda]
TRINITY_DN196_c6_g1_i4.p1	XP_050549803.1	58.794	199	80	1	1	199	1	197	3.11e-82	243	201	204	99	XP_050549803.1 glutathione S-transferase 2-like [Spodoptera frugiperda]
TRINITY_DN196_c6_g1_i4.p1	XP_050549800.1	58.291	199	81	1	1	199	1	197	8.41e-82	242	201	205	99	XP_050549800.1 glutathione S-transferase 2-like isoform X1 [Spodoptera frugiperda]
TRINITY_DN196_c6_g1_i4.p1	XP_050549799.1	58.291	199	81	1	1	199	1	197	8.41e-82	242	201	205	99	XP_050549799.1 glutathione S-transferase 2-like isoform X1 [Spodoptera frugiperda]
TRINITY_DN196_c6_g1_i4.p1	XP_050549772.1	59.799	199	78	1	1	199	206	402	2.29e-80	245	201	410	99	XP_050549772.1 LOW QUALITY PROTEIN: uncharacterized protein LOC118271633 [Spodoptera frugiperda]
TRINITY_DN196_c6_g1_i4.p1	XP_050549772.1	57.286	199	83	1	1	199	1	197	1.08e-78	241	201	410	99	XP_050549772.1 LOW QUALITY PROTEIN: uncharacterized protein LOC118271633 [Spodoptera frugiperda]
TRINITY_DN196_c6_g1_i4.p1	XP_050563101.1	34.184	196	115	7	8	197	7	194	2.02e-24	99.4	201	417	96	XP_050563101.1 uncharacterized protein LOC118270149 [Spodoptera frugiperda]
TRINITY_DN196_c6_g1_i4.p1	XP_050563101.1	27.451	204	124	6	6	198	217	407	6.46e-17	78.6	201	417	96	XP_050563101.1 uncharacterized protein LOC118270149 [Spodoptera frugiperda]
TRINITY_DN196_c6_g1_i4.p1	XP_050562835.1	35.714	140	83	3	4	138	21	158	2.89e-15	74.3	201	1896	67	XP_050562835.1 uncharacterized protein LOC118269650 isoform X1 [Spodoptera frugiperda]
TRINITY_DN1970_c0_g1_i1.p1	XP_035453953.1	94.583	240	13	0	1	240	1	240	2.19e-172	474	241	240	99	XP_035453953.1 pyrimidodiazepine synthase-like [Spodoptera frugiperda]
TRINITY_DN1970_c0_g1_i1.p1	XP_035445314.2	32.468	231	136	7	7	230	49	266	1.34e-31	117	241	282	93	XP_035445314.2 pyrimidodiazepine synthase [Spodoptera frugiperda]
TRINITY_DN1970_c0_g1_i1.p1	XP_035445319.1	27.039	233	162	3	1	230	1	228	2.22e-25	100	241	254	95	XP_035445319.1 pyrimidodiazepine synthase [Spodoptera frugiperda]
TRINITY_DN1970_c0_g1_i1.p1	XP_035445318.1	27.039	233	162	3	1	230	1	228	2.22e-25	100	241	254	95	XP_035445318.1 pyrimidodiazepine synthase [Spodoptera frugiperda]
TRINITY_DN1970_c0_g1_i1.p1	XP_035441082.1	26.667	165	101	8	21	171	3	161	8.19e-04	40.0	241	232	63	XP_035441082.1 glutathione S-transferase 1-1 [Spodoptera frugiperda]
TRINITY_DN1970_c0_g1_i10.p1	XP_035453953.1	94.583	240	13	0	1	240	1	240	2.19e-172	474	241	240	99	XP_035453953.1 pyrimidodiazepine synthase-like [Spodoptera frugiperda]
TRINITY_DN1970_c0_g1_i10.p1	XP_035445314.2	32.468	231	136	7	7	230	49	266	1.34e-31	117	241	282	93	XP_035445314.2 pyrimidodiazepine synthase [Spodoptera frugiperda]
TRINITY_DN1970_c0_g1_i10.p1	XP_035445319.1	27.039	233	162	3	1	230	1	228	2.22e-25	100	241	254	95	XP_035445319.1 pyrimidodiazepine synthase [Spodoptera frugiperda]
TRINITY_DN1970_c0_g1_i10.p1	XP_035445318.1	27.039	233	162	3	1	230	1	228	2.22e-25	100	241	254	95	XP_035445318.1 pyrimidodiazepine synthase [Spodoptera frugiperda]
TRINITY_DN1970_c0_g1_i10.p1	XP_035441082.1	26.667	165	101	8	21	171	3	161	8.19e-04	40.0	241	232	63	XP_035441082.1 glutathione S-transferase 1-1 [Spodoptera frugiperda]
TRINITY_DN1970_c0_g1_i13.p1	XP_035453953.1	94.583	240	13	0	1	240	1	240	2.19e-172	474	241	240	99	XP_035453953.1 pyrimidodiazepine synthase-like [Spodoptera frugiperda]
TRINITY_DN1970_c0_g1_i13.p1	XP_035445314.2	32.468	231	136	7	7	230	49	266	1.34e-31	117	241	282	93	XP_035445314.2 pyrimidodiazepine synthase [Spodoptera frugiperda]
TRINITY_DN1970_c0_g1_i13.p1	XP_035445319.1	27.039	233	162	3	1	230	1	228	2.22e-25	100	241	254	95	XP_035445319.1 pyrimidodiazepine synthase [Spodoptera frugiperda]
TRINITY_DN1970_c0_g1_i13.p1	XP_035445318.1	27.039	233	162	3	1	230	1	228	2.22e-25	100	241	254	95	XP_035445318.1 pyrimidodiazepine synthase [Spodoptera frugiperda]
TRINITY_DN1970_c0_g1_i13.p1	XP_035441082.1	26.667	165	101	8	21	171	3	161	8.19e-04	40.0	241	232	63	XP_035441082.1 glutathione S-transferase 1-1 [Spodoptera frugiperda]
TRINITY_DN1970_c0_g1_i14.p1	XP_035453953.1	94.583	240	13	0	1	240	1	240	2.19e-172	474	241	240	99	XP_035453953.1 pyrimidodiazepine synthase-like [Spodoptera frugiperda]
TRINITY_DN1970_c0_g1_i14.p1	XP_035445314.2	32.468	231	136	7	7	230	49	266	1.34e-31	117	241	282	93	XP_035445314.2 pyrimidodiazepine synthase [Spodoptera frugiperda]
TRINITY_DN1970_c0_g1_i14.p1	XP_035445319.1	27.039	233	162	3	1	230	1	228	2.22e-25	100	241	254	95	XP_035445319.1 pyrimidodiazepine synthase [Spodoptera frugiperda]
TRINITY_DN1970_c0_g1_i14.p1	XP_035445318.1	27.039	233	162	3	1	230	1	228	2.22e-25	100	241	254	95	XP_035445318.1 pyrimidodiazepine synthase [Spodoptera frugiperda]
TRINITY_DN1970_c0_g1_i14.p1	XP_035441082.1	26.667	165	101	8	21	171	3	161	8.19e-04	40.0	241	232	63	XP_035441082.1 glutathione S-transferase 1-1 [Spodoptera frugiperda]
TRINITY_DN1970_c0_g1_i2.p1	XP_035453953.1	94.583	240	13	0	1	240	1	240	2.19e-172	474	241	240	99	XP_035453953.1 pyrimidodiazepine synthase-like [Spodoptera frugiperda]
TRINITY_DN1970_c0_g1_i2.p1	XP_035445314.2	32.468	231	136	7	7	230	49	266	1.34e-31	117	241	282	93	XP_035445314.2 pyrimidodiazepine synthase [Spodoptera frugiperda]
TRINITY_DN1970_c0_g1_i2.p1	XP_035445319.1	27.039	233	162	3	1	230	1	228	2.22e-25	100	241	254	95	XP_035445319.1 pyrimidodiazepine synthase [Spodoptera frugiperda]
TRINITY_DN1970_c0_g1_i2.p1	XP_035445318.1	27.039	233	162	3	1	230	1	228	2.22e-25	100	241	254	95	XP_035445318.1 pyrimidodiazepine synthase [Spodoptera frugiperda]
TRINITY_DN1970_c0_g1_i2.p1	XP_035441082.1	26.667	165	101	8	21	171	3	161	8.19e-04	40.0	241	232	63	XP_035441082.1 glutathione S-transferase 1-1 [Spodoptera frugiperda]
TRINITY_DN1970_c0_g1_i5.p1	XP_035453953.1	94.583	240	13	0	1	240	1	240	2.19e-172	474	241	240	99	XP_035453953.1 pyrimidodiazepine synthase-like [Spodoptera frugiperda]
TRINITY_DN1970_c0_g1_i5.p1	XP_035445314.2	32.468	231	136	7	7	230	49	266	1.34e-31	117	241	282	93	XP_035445314.2 pyrimidodiazepine synthase [Spodoptera frugiperda]
TRINITY_DN1970_c0_g1_i5.p1	XP_035445319.1	27.039	233	162	3	1	230	1	228	2.22e-25	100	241	254	95	XP_035445319.1 pyrimidodiazepine synthase [Spodoptera frugiperda]
TRINITY_DN1970_c0_g1_i5.p1	XP_035445318.1	27.039	233	162	3	1	230	1	228	2.22e-25	100	241	254	95	XP_035445318.1 pyrimidodiazepine synthase [Spodoptera frugiperda]
TRINITY_DN1970_c0_g1_i5.p1	XP_035441082.1	26.667	165	101	8	21	171	3	161	8.19e-04	40.0	241	232	63	XP_035441082.1 glutathione S-transferase 1-1 [Spodoptera frugiperda]
TRINITY_DN2000_c0_g1_i17.p1	XP_035431091.1	87.113	388	50	0	1	388	1	388	0.0	711	389	388	99	XP_035431091.1 prostaglandin E synthase 2 [Spodoptera frugiperda]
TRINITY_DN2000_c0_g1_i2.p1	XP_035431091.1	87.113	388	50	0	1	388	1	388	0.0	711	389	388	99	XP_035431091.1 prostaglandin E synthase 2 [Spodoptera frugiperda]
TRINITY_DN2000_c0_g1_i29.p1	XP_035431091.1	87.113	388	50	0	1	388	1	388	0.0	711	389	388	99	XP_035431091.1 prostaglandin E synthase 2 [Spodoptera frugiperda]
TRINITY_DN2000_c0_g1_i7.p1	XP_035431091.1	87.113	388	50	0	1	388	1	388	0.0	711	389	388	99	XP_035431091.1 prostaglandin E synthase 2 [Spodoptera frugiperda]
TRINITY_DN2379_c0_g3_i1.p1	XP_035435228.2	83.871	124	20	0	1	124	1	124	1.12e-75	223	143	172	87	XP_035435228.2 eukaryotic translation elongation factor 1 epsilon-1 [Spodoptera frugiperda]
TRINITY_DN2379_c0_g3_i3.p1	XP_035435228.2	79.769	173	34	1	1	173	1	172	4.67e-103	293	174	172	99	XP_035435228.2 eukaryotic translation elongation factor 1 epsilon-1 [Spodoptera frugiperda]
TRINITY_DN2379_c0_g3_i3.p1	XP_050551478.1	41.667	60	35	0	94	153	96	155	3.50e-06	47.0	174	1698	34	XP_050551478.1 bifunctional glutamate/proline--tRNA ligase isoform X1 [Spodoptera frugiperda]
TRINITY_DN2379_c0_g3_i3.p1	XP_050551492.1	41.667	60	35	0	94	153	96	155	3.50e-06	47.0	174	1490	34	XP_050551492.1 bifunctional glutamate/proline--tRNA ligase isoform X15 [Spodoptera frugiperda]
TRINITY_DN2379_c0_g3_i3.p1	XP_050551491.1	41.667	60	35	0	94	153	96	155	3.50e-06	47.0	174	1490	34	XP_050551491.1 bifunctional glutamate/proline--tRNA ligase isoform X14 [Spodoptera frugiperda]
TRINITY_DN2379_c0_g3_i3.p1	XP_050551490.1	41.667	60	35	0	94	153	96	155	3.50e-06	47.0	174	1490	34	XP_050551490.1 bifunctional glutamate/proline--tRNA ligase isoform X13 [Spodoptera frugiperda]
TRINITY_DN2379_c0_g3_i3.p1	XP_050551483.1	41.667	60	35	0	94	153	96	155	3.52e-06	47.0	174	1625	34	XP_050551483.1 bifunctional glutamate/proline--tRNA ligase isoform X6 [Spodoptera frugiperda]
TRINITY_DN2379_c0_g3_i3.p1	XP_050551482.1	41.667	60	35	0	94	153	96	155	3.55e-06	47.0	174	1630	34	XP_050551482.1 bifunctional glutamate/proline--tRNA ligase isoform X5 [Spodoptera frugiperda]
TRINITY_DN2379_c0_g3_i3.p1	XP_050551481.1	41.667	60	35	0	94	153	96	155	3.55e-06	47.0	174	1630	34	XP_050551481.1 bifunctional glutamate/proline--tRNA ligase isoform X4 [Spodoptera frugiperda]
TRINITY_DN2379_c0_g3_i3.p1	XP_050551486.1	41.667	60	35	0	94	153	96	155	3.58e-06	47.0	174	1563	34	XP_050551486.1 bifunctional glutamate/proline--tRNA ligase isoform X9 [Spodoptera frugiperda]
TRINITY_DN2379_c0_g3_i3.p1	XP_050551485.1	41.667	60	35	0	94	153	96	155	3.58e-06	47.0	174	1563	34	XP_050551485.1 bifunctional glutamate/proline--tRNA ligase isoform X8 [Spodoptera frugiperda]
TRINITY_DN2379_c0_g3_i3.p1	XP_050551484.1	41.667	60	35	0	94	153	96	155	3.58e-06	47.0	174	1563	34	XP_050551484.1 bifunctional glutamate/proline--tRNA ligase isoform X7 [Spodoptera frugiperda]
TRINITY_DN2379_c0_g3_i3.p1	XP_050551489.1	41.667	60	35	0	94	153	96	155	3.61e-06	47.0	174	1558	34	XP_050551489.1 bifunctional glutamate/proline--tRNA ligase isoform X12 [Spodoptera frugiperda]
TRINITY_DN2379_c0_g3_i3.p1	XP_050551488.1	41.667	60	35	0	94	153	96	155	3.61e-06	47.0	174	1558	34	XP_050551488.1 bifunctional glutamate/proline--tRNA ligase isoform X11 [Spodoptera frugiperda]
TRINITY_DN2379_c0_g3_i3.p1	XP_050551487.1	41.667	60	35	0	94	153	96	155	3.61e-06	47.0	174	1558	34	XP_050551487.1 bifunctional glutamate/proline--tRNA ligase isoform X10 [Spodoptera frugiperda]
TRINITY_DN2379_c0_g3_i3.p1	XP_050551480.1	41.667	60	35	0	94	153	96	155	3.69e-06	47.0	174	1631	34	XP_050551480.1 bifunctional glutamate/proline--tRNA ligase isoform X3 [Spodoptera frugiperda]
TRINITY_DN2379_c0_g3_i3.p1	XP_050551479.1	41.667	60	35	0	94	153	96	155	3.69e-06	47.0	174	1631	34	XP_050551479.1 bifunctional glutamate/proline--tRNA ligase isoform X2 [Spodoptera frugiperda]
TRINITY_DN2529_c0_g1_i19.p1	XP_050558326.1	92.925	212	15	0	16	227	100	311	6.59e-150	430	260	556	82	XP_050558326.1 uncharacterized protein LOC118279859 isoform X1 [Spodoptera frugiperda]
TRINITY_DN2529_c0_g1_i19.p1	XP_050558327.1	92.925	212	15	0	16	227	100	311	2.60e-149	431	260	630	82	XP_050558327.1 uncharacterized protein LOC118279859 isoform X2 [Spodoptera frugiperda]
TRINITY_DN2529_c0_g1_i19.p1	XP_035447496.1	26.818	220	156	2	43	258	22	240	3.05e-23	96.7	260	317	83	XP_035447496.1 metaxin-1 isoform X2 [Spodoptera frugiperda]
TRINITY_DN2529_c0_g1_i19.p1	XP_035447495.2	26.941	219	155	2	43	257	22	239	6.65e-23	96.3	260	336	83	XP_035447495.2 metaxin-1 isoform X1 [Spodoptera frugiperda]
TRINITY_DN2529_c0_g1_i19.p1	XP_035455557.1	23.629	237	157	9	36	256	77	305	5.07e-07	50.8	260	376	85	XP_035455557.1 failed axon connections [Spodoptera frugiperda]
TRINITY_DN2529_c0_g1_i23.p1	XP_050558326.1	92.925	212	15	0	16	227	100	311	6.59e-150	430	260	556	82	XP_050558326.1 uncharacterized protein LOC118279859 isoform X1 [Spodoptera frugiperda]
TRINITY_DN2529_c0_g1_i23.p1	XP_050558327.1	92.925	212	15	0	16	227	100	311	2.60e-149	431	260	630	82	XP_050558327.1 uncharacterized protein LOC118279859 isoform X2 [Spodoptera frugiperda]
TRINITY_DN2529_c0_g1_i23.p1	XP_035447496.1	26.818	220	156	2	43	258	22	240	3.05e-23	96.7	260	317	83	XP_035447496.1 metaxin-1 isoform X2 [Spodoptera frugiperda]
TRINITY_DN2529_c0_g1_i23.p1	XP_035447495.2	26.941	219	155	2	43	257	22	239	6.65e-23	96.3	260	336	83	XP_035447495.2 metaxin-1 isoform X1 [Spodoptera frugiperda]
TRINITY_DN2529_c0_g1_i23.p1	XP_035455557.1	23.629	237	157	9	36	256	77	305	5.07e-07	50.8	260	376	85	XP_035455557.1 failed axon connections [Spodoptera frugiperda]
