TRINITY_DN114_c0_g1_i10.p1	sp|Q9VY78|CLIC_DROME	87.9	223	272	260	8	230	13	235	3.74e-141	400	sp|Q9VY78|CLIC_DROME Chloride intracellular channel Clic OS=Drosophila melanogaster OX=7227 GN=Clic PE=1 SV=1
TRINITY_DN114_c0_g1_i10.p1	sp|Q8WQA4|EXC4_CAEEL	41.7	252	272	290	11	233	9	254	1.12e-44	155	sp|Q8WQA4|EXC4_CAEEL Chloride intracellular channel exc-4 OS=Caenorhabditis elegans OX=6239 GN=exc-4 PE=1 SV=2
TRINITY_DN114_c0_g1_i10.p1	sp|O15247|CLIC2_HUMAN	34.5	235	272	247	16	226	12	239	1.88e-28	112	sp|O15247|CLIC2_HUMAN Chloride intracellular channel protein 2 OS=Homo sapiens OX=9606 GN=CLIC2 PE=1 SV=3
TRINITY_DN114_c0_g1_i10.p1	sp|Q5M883|CLIC2_RAT	34.5	235	272	245	16	226	12	239	2.51e-28	111	sp|Q5M883|CLIC2_RAT Chloride intracellular channel protein 2 OS=Rattus norvegicus OX=10116 GN=Clic2 PE=2 SV=1
TRINITY_DN114_c0_g1_i10.p1	sp|Q9EPT8|CLIC5_RAT	32.2	242	272	251	5	222	1	237	4.02e-28	111	sp|Q9EPT8|CLIC5_RAT Chloride intracellular channel protein 5 OS=Rattus norvegicus OX=10116 GN=Clic5 PE=1 SV=1
TRINITY_DN114_c0_g1_i10.p1	sp|Q8BXK9|CLIC5_MOUSE	31.8	242	272	251	5	222	1	237	1.54e-27	109	sp|Q8BXK9|CLIC5_MOUSE Chloride intracellular channel protein 5 OS=Mus musculus OX=10090 GN=Clic5 PE=1 SV=1
TRINITY_DN114_c0_g1_i10.p1	sp|Q9NZA1|CLIC5_HUMAN	32.3	229	272	410	16	222	173	396	1.42e-24	104	sp|Q9NZA1|CLIC5_HUMAN Chloride intracellular channel protein 5 OS=Homo sapiens OX=9606 GN=CLIC5 PE=1 SV=3
TRINITY_DN114_c0_g1_i10.p1	sp|P35526|CLIC5_BOVIN	29.9	244	272	437	2	222	185	423	1.83e-24	104	sp|P35526|CLIC5_BOVIN Chloride intracellular channel protein 5 OS=Bos taurus OX=9913 GN=CLIC5 PE=2 SV=1
TRINITY_DN114_c0_g1_i10.p1	sp|Q9QYB1|CLIC4_MOUSE	29.3	229	272	253	16	222	17	240	1.87e-22	96.3	sp|Q9QYB1|CLIC4_MOUSE Chloride intracellular channel protein 4 OS=Mus musculus OX=10090 GN=Clic4 PE=1 SV=3
TRINITY_DN114_c0_g1_i10.p1	sp|Q9N2G5|CLIC6_RABIT	30.4	247	272	637	4	226	391	629	2.17e-22	99.8	sp|Q9N2G5|CLIC6_RABIT Chloride intracellular channel protein 6 OS=Oryctolagus cuniculus OX=9986 GN=CLIC6 PE=1 SV=1
TRINITY_DN114_c0_g1_i10.p1	sp|Q811Q2|CLIC6_RAT	30.4	247	272	612	7	226	363	604	7.13e-22	98.2	sp|Q811Q2|CLIC6_RAT Chloride intracellular channel protein 6 OS=Rattus norvegicus OX=10116 GN=Clic6 PE=1 SV=1
TRINITY_DN114_c0_g1_i10.p1	sp|Q9Z0W7|CLIC4_RAT	28.8	229	272	253	16	222	17	240	9.74e-22	94.4	sp|Q9Z0W7|CLIC4_RAT Chloride intracellular channel protein 4 OS=Rattus norvegicus OX=10116 GN=Clic4 PE=1 SV=3
TRINITY_DN114_c0_g1_i10.p1	sp|Q5R957|CLIC4_PONAB	29.3	229	272	253	16	222	17	240	1.36e-21	94.0	sp|Q5R957|CLIC4_PONAB Chloride intracellular channel protein 4 OS=Pongo abelii OX=9601 GN=CLIC4 PE=2 SV=3
TRINITY_DN114_c0_g1_i10.p1	sp|Q9XSA7|CLIC4_BOVIN	29.3	229	272	253	16	222	17	240	1.88e-21	93.6	sp|Q9XSA7|CLIC4_BOVIN Chloride intracellular channel protein 4 OS=Bos taurus OX=9913 GN=CLIC4 PE=2 SV=3
TRINITY_DN114_c0_g1_i10.p1	sp|Q9Y696|CLIC4_HUMAN	29.3	229	272	253	16	222	17	240	1.88e-21	93.6	sp|Q9Y696|CLIC4_HUMAN Chloride intracellular channel protein 4 OS=Homo sapiens OX=9606 GN=CLIC4 PE=1 SV=4
TRINITY_DN114_c0_g1_i10.p1	sp|Q8BHB9|CLIC6_MOUSE	30.1	249	272	596	7	226	347	588	2.36e-21	96.7	sp|Q8BHB9|CLIC6_MOUSE Chloride intracellular channel protein 6 OS=Mus musculus OX=10090 GN=Clic6 PE=1 SV=1
TRINITY_DN114_c0_g1_i10.p1	sp|Q96NY7|CLIC6_HUMAN	30.5	223	272	704	28	226	480	696	2.58e-21	96.7	sp|Q96NY7|CLIC6_HUMAN Chloride intracellular channel protein 6 OS=Homo sapiens OX=9606 GN=CLIC6 PE=1 SV=3
TRINITY_DN114_c0_g1_i10.p1	sp|Q9Z1Q5|CLIC1_MOUSE	26.3	232	272	241	16	222	6	229	2.23e-13	71.2	sp|Q9Z1Q5|CLIC1_MOUSE Chloride intracellular channel protein 1 OS=Mus musculus OX=10090 GN=Clic1 PE=1 SV=3
TRINITY_DN114_c0_g1_i10.p1	sp|Q6MG61|CLIC1_RAT	26.3	232	272	241	16	222	6	229	2.23e-13	71.2	sp|Q6MG61|CLIC1_RAT Chloride intracellular channel protein 1 OS=Rattus norvegicus OX=10116 GN=Clic1 PE=1 SV=1
TRINITY_DN114_c0_g1_i10.p1	sp|O00299|CLIC1_HUMAN	26.3	232	272	241	16	222	6	229	3.06e-13	70.9	sp|O00299|CLIC1_HUMAN Chloride intracellular channel protein 1 OS=Homo sapiens OX=9606 GN=CLIC1 PE=1 SV=4
TRINITY_DN114_c0_g1_i10.p1	sp|Q5E9B7|CLIC1_BOVIN	26.3	232	272	241	16	222	6	229	4.20e-13	70.5	sp|Q5E9B7|CLIC1_BOVIN Chloride intracellular channel protein 1 OS=Bos taurus OX=9913 GN=CLIC1 PE=2 SV=3
TRINITY_DN114_c0_g1_i10.p1	sp|O95833|CLIC3_HUMAN	27.6	232	272	236	17	227	5	230	5.38e-13	70.1	sp|O95833|CLIC3_HUMAN Chloride intracellular channel protein 3 OS=Homo sapiens OX=9606 GN=CLIC3 PE=1 SV=2
TRINITY_DN114_c0_g1_i10.p1	sp|Q95MF9|CLIC1_RABIT	26.3	232	272	241	16	222	6	229	5.23e-12	67.4	sp|Q95MF9|CLIC1_RABIT Chloride intracellular channel protein 1 OS=Oryctolagus cuniculus OX=9986 GN=CLIC1 PE=2 SV=3
TRINITY_DN114_c0_g1_i10.p1	sp|O45405|EXL1_CAEEL	33.7	95	272	238	132	226	116	210	2.14e-10	62.8	sp|O45405|EXL1_CAEEL Chloride intracellular channel exl-1 OS=Caenorhabditis elegans OX=6239 GN=exl-1 PE=2 SV=2
TRINITY_DN114_c0_g1_i10.p1	sp|Q67UK9|DHAR2_ORYSJ	25.0	216	272	272	10	223	55	263	1.01e-09	61.2	sp|Q67UK9|DHAR2_ORYSJ Probable glutathione S-transferase DHAR2, chloroplastic OS=Oryza sativa subsp. japonica OX=39947 GN=DHAR2 PE=2 SV=1
TRINITY_DN114_c0_g1_i11.p1	sp|Q9VY78|CLIC_DROME	80.4	271	284	260	8	278	13	260	1.60e-152	429	sp|Q9VY78|CLIC_DROME Chloride intracellular channel Clic OS=Drosophila melanogaster OX=7227 GN=Clic PE=1 SV=1
TRINITY_DN114_c0_g1_i11.p1	sp|Q8WQA4|EXC4_CAEEL	42.3	248	284	290	11	229	9	250	6.30e-44	154	sp|Q8WQA4|EXC4_CAEEL Chloride intracellular channel exc-4 OS=Caenorhabditis elegans OX=6239 GN=exc-4 PE=1 SV=2
TRINITY_DN114_c0_g1_i11.p1	sp|O15247|CLIC2_HUMAN	34.5	235	284	247	16	226	12	239	3.51e-28	111	sp|O15247|CLIC2_HUMAN Chloride intracellular channel protein 2 OS=Homo sapiens OX=9606 GN=CLIC2 PE=1 SV=3
TRINITY_DN114_c0_g1_i11.p1	sp|Q5M883|CLIC2_RAT	34.5	235	284	245	16	226	12	239	4.69e-28	111	sp|Q5M883|CLIC2_RAT Chloride intracellular channel protein 2 OS=Rattus norvegicus OX=10116 GN=Clic2 PE=2 SV=1
TRINITY_DN114_c0_g1_i11.p1	sp|Q9EPT8|CLIC5_RAT	32.2	242	284	251	5	222	1	237	1.05e-27	110	sp|Q9EPT8|CLIC5_RAT Chloride intracellular channel protein 5 OS=Rattus norvegicus OX=10116 GN=Clic5 PE=1 SV=1
TRINITY_DN114_c0_g1_i11.p1	sp|Q8BXK9|CLIC5_MOUSE	31.8	242	284	251	5	222	1	237	4.00e-27	108	sp|Q8BXK9|CLIC5_MOUSE Chloride intracellular channel protein 5 OS=Mus musculus OX=10090 GN=Clic5 PE=1 SV=1
TRINITY_DN114_c0_g1_i11.p1	sp|Q9NZA1|CLIC5_HUMAN	32.3	229	284	410	16	222	173	396	3.55e-24	103	sp|Q9NZA1|CLIC5_HUMAN Chloride intracellular channel protein 5 OS=Homo sapiens OX=9606 GN=CLIC5 PE=1 SV=3
TRINITY_DN114_c0_g1_i11.p1	sp|P35526|CLIC5_BOVIN	29.9	244	284	437	2	222	185	423	4.54e-24	103	sp|P35526|CLIC5_BOVIN Chloride intracellular channel protein 5 OS=Bos taurus OX=9913 GN=CLIC5 PE=2 SV=1
TRINITY_DN114_c0_g1_i11.p1	sp|Q9N2G5|CLIC6_RABIT	30.4	247	284	637	4	226	391	629	3.87e-22	99.4	sp|Q9N2G5|CLIC6_RABIT Chloride intracellular channel protein 6 OS=Oryctolagus cuniculus OX=9986 GN=CLIC6 PE=1 SV=1
TRINITY_DN114_c0_g1_i11.p1	sp|Q9QYB1|CLIC4_MOUSE	29.3	229	284	253	16	222	17	240	4.65e-22	95.5	sp|Q9QYB1|CLIC4_MOUSE Chloride intracellular channel protein 4 OS=Mus musculus OX=10090 GN=Clic4 PE=1 SV=3
TRINITY_DN114_c0_g1_i11.p1	sp|Q811Q2|CLIC6_RAT	30.4	247	284	612	7	226	363	604	1.26e-21	97.8	sp|Q811Q2|CLIC6_RAT Chloride intracellular channel protein 6 OS=Rattus norvegicus OX=10116 GN=Clic6 PE=1 SV=1
TRINITY_DN114_c0_g1_i11.p1	sp|Q9Z0W7|CLIC4_RAT	28.8	229	284	253	16	222	17	240	2.41e-21	93.6	sp|Q9Z0W7|CLIC4_RAT Chloride intracellular channel protein 4 OS=Rattus norvegicus OX=10116 GN=Clic4 PE=1 SV=3
TRINITY_DN114_c0_g1_i11.p1	sp|Q5R957|CLIC4_PONAB	29.3	229	284	253	16	222	17	240	3.34e-21	93.2	sp|Q5R957|CLIC4_PONAB Chloride intracellular channel protein 4 OS=Pongo abelii OX=9601 GN=CLIC4 PE=2 SV=3
TRINITY_DN114_c0_g1_i11.p1	sp|Q8BHB9|CLIC6_MOUSE	30.1	249	284	596	7	226	347	588	4.17e-21	96.3	sp|Q8BHB9|CLIC6_MOUSE Chloride intracellular channel protein 6 OS=Mus musculus OX=10090 GN=Clic6 PE=1 SV=1
TRINITY_DN114_c0_g1_i11.p1	sp|Q96NY7|CLIC6_HUMAN	30.5	223	284	704	28	226	480	696	4.58e-21	96.3	sp|Q96NY7|CLIC6_HUMAN Chloride intracellular channel protein 6 OS=Homo sapiens OX=9606 GN=CLIC6 PE=1 SV=3
TRINITY_DN114_c0_g1_i11.p1	sp|Q9XSA7|CLIC4_BOVIN	29.3	229	284	253	16	222	17	240	4.64e-21	92.8	sp|Q9XSA7|CLIC4_BOVIN Chloride intracellular channel protein 4 OS=Bos taurus OX=9913 GN=CLIC4 PE=2 SV=3
TRINITY_DN114_c0_g1_i11.p1	sp|Q9Y696|CLIC4_HUMAN	29.3	229	284	253	16	222	17	240	4.64e-21	92.8	sp|Q9Y696|CLIC4_HUMAN Chloride intracellular channel protein 4 OS=Homo sapiens OX=9606 GN=CLIC4 PE=1 SV=4
TRINITY_DN114_c0_g1_i11.p1	sp|O00299|CLIC1_HUMAN	26.8	246	284	241	16	236	6	240	3.61e-13	70.9	sp|O00299|CLIC1_HUMAN Chloride intracellular channel protein 1 OS=Homo sapiens OX=9606 GN=CLIC1 PE=1 SV=4
TRINITY_DN114_c0_g1_i11.p1	sp|Q5E9B7|CLIC1_BOVIN	26.8	246	284	241	16	236	6	240	4.95e-13	70.5	sp|Q5E9B7|CLIC1_BOVIN Chloride intracellular channel protein 1 OS=Bos taurus OX=9913 GN=CLIC1 PE=2 SV=3
TRINITY_DN114_c0_g1_i11.p1	sp|Q9Z1Q5|CLIC1_MOUSE	26.3	232	284	241	16	222	6	229	4.95e-13	70.5	sp|Q9Z1Q5|CLIC1_MOUSE Chloride intracellular channel protein 1 OS=Mus musculus OX=10090 GN=Clic1 PE=1 SV=3
TRINITY_DN114_c0_g1_i11.p1	sp|Q6MG61|CLIC1_RAT	26.3	232	284	241	16	222	6	229	4.95e-13	70.5	sp|Q6MG61|CLIC1_RAT Chloride intracellular channel protein 1 OS=Rattus norvegicus OX=10116 GN=Clic1 PE=1 SV=1
TRINITY_DN114_c0_g1_i11.p1	sp|O95833|CLIC3_HUMAN	27.6	232	284	236	17	227	5	230	8.67e-13	69.7	sp|O95833|CLIC3_HUMAN Chloride intracellular channel protein 3 OS=Homo sapiens OX=9606 GN=CLIC3 PE=1 SV=2
TRINITY_DN114_c0_g1_i11.p1	sp|Q95MF9|CLIC1_RABIT	26.8	246	284	241	16	236	6	240	6.09e-12	67.4	sp|Q95MF9|CLIC1_RABIT Chloride intracellular channel protein 1 OS=Oryctolagus cuniculus OX=9986 GN=CLIC1 PE=2 SV=3
TRINITY_DN114_c0_g1_i11.p1	sp|O45405|EXL1_CAEEL	33.7	95	284	238	132	226	116	210	3.33e-10	62.4	sp|O45405|EXL1_CAEEL Chloride intracellular channel exl-1 OS=Caenorhabditis elegans OX=6239 GN=exl-1 PE=2 SV=2
TRINITY_DN114_c0_g1_i11.p1	sp|Q67UK9|DHAR2_ORYSJ	25.0	216	284	272	10	223	55	263	2.12e-09	60.5	sp|Q67UK9|DHAR2_ORYSJ Probable glutathione S-transferase DHAR2, chloroplastic OS=Oryza sativa subsp. japonica OX=39947 GN=DHAR2 PE=2 SV=1
TRINITY_DN114_c0_g1_i13.p1	sp|Q9VY78|CLIC_DROME	80.4	271	284	260	8	278	13	260	1.60e-152	429	sp|Q9VY78|CLIC_DROME Chloride intracellular channel Clic OS=Drosophila melanogaster OX=7227 GN=Clic PE=1 SV=1
TRINITY_DN114_c0_g1_i13.p1	sp|Q8WQA4|EXC4_CAEEL	42.3	248	284	290	11	229	9	250	6.30e-44	154	sp|Q8WQA4|EXC4_CAEEL Chloride intracellular channel exc-4 OS=Caenorhabditis elegans OX=6239 GN=exc-4 PE=1 SV=2
TRINITY_DN114_c0_g1_i13.p1	sp|O15247|CLIC2_HUMAN	34.5	235	284	247	16	226	12	239	3.51e-28	111	sp|O15247|CLIC2_HUMAN Chloride intracellular channel protein 2 OS=Homo sapiens OX=9606 GN=CLIC2 PE=1 SV=3
TRINITY_DN114_c0_g1_i13.p1	sp|Q5M883|CLIC2_RAT	34.5	235	284	245	16	226	12	239	4.69e-28	111	sp|Q5M883|CLIC2_RAT Chloride intracellular channel protein 2 OS=Rattus norvegicus OX=10116 GN=Clic2 PE=2 SV=1
TRINITY_DN114_c0_g1_i13.p1	sp|Q9EPT8|CLIC5_RAT	32.2	242	284	251	5	222	1	237	1.05e-27	110	sp|Q9EPT8|CLIC5_RAT Chloride intracellular channel protein 5 OS=Rattus norvegicus OX=10116 GN=Clic5 PE=1 SV=1
TRINITY_DN114_c0_g1_i13.p1	sp|Q8BXK9|CLIC5_MOUSE	31.8	242	284	251	5	222	1	237	4.00e-27	108	sp|Q8BXK9|CLIC5_MOUSE Chloride intracellular channel protein 5 OS=Mus musculus OX=10090 GN=Clic5 PE=1 SV=1
TRINITY_DN114_c0_g1_i13.p1	sp|Q9NZA1|CLIC5_HUMAN	32.3	229	284	410	16	222	173	396	3.55e-24	103	sp|Q9NZA1|CLIC5_HUMAN Chloride intracellular channel protein 5 OS=Homo sapiens OX=9606 GN=CLIC5 PE=1 SV=3
TRINITY_DN114_c0_g1_i13.p1	sp|P35526|CLIC5_BOVIN	29.9	244	284	437	2	222	185	423	4.54e-24	103	sp|P35526|CLIC5_BOVIN Chloride intracellular channel protein 5 OS=Bos taurus OX=9913 GN=CLIC5 PE=2 SV=1
TRINITY_DN114_c0_g1_i13.p1	sp|Q9N2G5|CLIC6_RABIT	30.4	247	284	637	4	226	391	629	3.87e-22	99.4	sp|Q9N2G5|CLIC6_RABIT Chloride intracellular channel protein 6 OS=Oryctolagus cuniculus OX=9986 GN=CLIC6 PE=1 SV=1
TRINITY_DN114_c0_g1_i13.p1	sp|Q9QYB1|CLIC4_MOUSE	29.3	229	284	253	16	222	17	240	4.65e-22	95.5	sp|Q9QYB1|CLIC4_MOUSE Chloride intracellular channel protein 4 OS=Mus musculus OX=10090 GN=Clic4 PE=1 SV=3
TRINITY_DN114_c0_g1_i13.p1	sp|Q811Q2|CLIC6_RAT	30.4	247	284	612	7	226	363	604	1.26e-21	97.8	sp|Q811Q2|CLIC6_RAT Chloride intracellular channel protein 6 OS=Rattus norvegicus OX=10116 GN=Clic6 PE=1 SV=1
TRINITY_DN114_c0_g1_i13.p1	sp|Q9Z0W7|CLIC4_RAT	28.8	229	284	253	16	222	17	240	2.41e-21	93.6	sp|Q9Z0W7|CLIC4_RAT Chloride intracellular channel protein 4 OS=Rattus norvegicus OX=10116 GN=Clic4 PE=1 SV=3
TRINITY_DN114_c0_g1_i13.p1	sp|Q5R957|CLIC4_PONAB	29.3	229	284	253	16	222	17	240	3.34e-21	93.2	sp|Q5R957|CLIC4_PONAB Chloride intracellular channel protein 4 OS=Pongo abelii OX=9601 GN=CLIC4 PE=2 SV=3
TRINITY_DN114_c0_g1_i13.p1	sp|Q8BHB9|CLIC6_MOUSE	30.1	249	284	596	7	226	347	588	4.17e-21	96.3	sp|Q8BHB9|CLIC6_MOUSE Chloride intracellular channel protein 6 OS=Mus musculus OX=10090 GN=Clic6 PE=1 SV=1
TRINITY_DN114_c0_g1_i13.p1	sp|Q96NY7|CLIC6_HUMAN	30.5	223	284	704	28	226	480	696	4.58e-21	96.3	sp|Q96NY7|CLIC6_HUMAN Chloride intracellular channel protein 6 OS=Homo sapiens OX=9606 GN=CLIC6 PE=1 SV=3
TRINITY_DN114_c0_g1_i13.p1	sp|Q9XSA7|CLIC4_BOVIN	29.3	229	284	253	16	222	17	240	4.64e-21	92.8	sp|Q9XSA7|CLIC4_BOVIN Chloride intracellular channel protein 4 OS=Bos taurus OX=9913 GN=CLIC4 PE=2 SV=3
TRINITY_DN114_c0_g1_i13.p1	sp|Q9Y696|CLIC4_HUMAN	29.3	229	284	253	16	222	17	240	4.64e-21	92.8	sp|Q9Y696|CLIC4_HUMAN Chloride intracellular channel protein 4 OS=Homo sapiens OX=9606 GN=CLIC4 PE=1 SV=4
TRINITY_DN114_c0_g1_i13.p1	sp|O00299|CLIC1_HUMAN	26.8	246	284	241	16	236	6	240	3.61e-13	70.9	sp|O00299|CLIC1_HUMAN Chloride intracellular channel protein 1 OS=Homo sapiens OX=9606 GN=CLIC1 PE=1 SV=4
TRINITY_DN114_c0_g1_i13.p1	sp|Q5E9B7|CLIC1_BOVIN	26.8	246	284	241	16	236	6	240	4.95e-13	70.5	sp|Q5E9B7|CLIC1_BOVIN Chloride intracellular channel protein 1 OS=Bos taurus OX=9913 GN=CLIC1 PE=2 SV=3
TRINITY_DN114_c0_g1_i13.p1	sp|Q9Z1Q5|CLIC1_MOUSE	26.3	232	284	241	16	222	6	229	4.95e-13	70.5	sp|Q9Z1Q5|CLIC1_MOUSE Chloride intracellular channel protein 1 OS=Mus musculus OX=10090 GN=Clic1 PE=1 SV=3
TRINITY_DN114_c0_g1_i13.p1	sp|Q6MG61|CLIC1_RAT	26.3	232	284	241	16	222	6	229	4.95e-13	70.5	sp|Q6MG61|CLIC1_RAT Chloride intracellular channel protein 1 OS=Rattus norvegicus OX=10116 GN=Clic1 PE=1 SV=1
TRINITY_DN114_c0_g1_i13.p1	sp|O95833|CLIC3_HUMAN	27.6	232	284	236	17	227	5	230	8.67e-13	69.7	sp|O95833|CLIC3_HUMAN Chloride intracellular channel protein 3 OS=Homo sapiens OX=9606 GN=CLIC3 PE=1 SV=2
TRINITY_DN114_c0_g1_i13.p1	sp|Q95MF9|CLIC1_RABIT	26.8	246	284	241	16	236	6	240	6.09e-12	67.4	sp|Q95MF9|CLIC1_RABIT Chloride intracellular channel protein 1 OS=Oryctolagus cuniculus OX=9986 GN=CLIC1 PE=2 SV=3
TRINITY_DN114_c0_g1_i13.p1	sp|O45405|EXL1_CAEEL	33.7	95	284	238	132	226	116	210	3.33e-10	62.4	sp|O45405|EXL1_CAEEL Chloride intracellular channel exl-1 OS=Caenorhabditis elegans OX=6239 GN=exl-1 PE=2 SV=2
TRINITY_DN114_c0_g1_i13.p1	sp|Q67UK9|DHAR2_ORYSJ	25.0	216	284	272	10	223	55	263	2.12e-09	60.5	sp|Q67UK9|DHAR2_ORYSJ Probable glutathione S-transferase DHAR2, chloroplastic OS=Oryza sativa subsp. japonica OX=39947 GN=DHAR2 PE=2 SV=1
TRINITY_DN114_c0_g1_i4.p1	sp|Q9VY78|CLIC_DROME	87.9	223	272	260	8	230	13	235	3.74e-141	400	sp|Q9VY78|CLIC_DROME Chloride intracellular channel Clic OS=Drosophila melanogaster OX=7227 GN=Clic PE=1 SV=1
TRINITY_DN114_c0_g1_i4.p1	sp|Q8WQA4|EXC4_CAEEL	41.7	252	272	290	11	233	9	254	1.12e-44	155	sp|Q8WQA4|EXC4_CAEEL Chloride intracellular channel exc-4 OS=Caenorhabditis elegans OX=6239 GN=exc-4 PE=1 SV=2
TRINITY_DN114_c0_g1_i4.p1	sp|O15247|CLIC2_HUMAN	34.5	235	272	247	16	226	12	239	1.88e-28	112	sp|O15247|CLIC2_HUMAN Chloride intracellular channel protein 2 OS=Homo sapiens OX=9606 GN=CLIC2 PE=1 SV=3
TRINITY_DN114_c0_g1_i4.p1	sp|Q5M883|CLIC2_RAT	34.5	235	272	245	16	226	12	239	2.51e-28	111	sp|Q5M883|CLIC2_RAT Chloride intracellular channel protein 2 OS=Rattus norvegicus OX=10116 GN=Clic2 PE=2 SV=1
TRINITY_DN114_c0_g1_i4.p1	sp|Q9EPT8|CLIC5_RAT	32.2	242	272	251	5	222	1	237	4.02e-28	111	sp|Q9EPT8|CLIC5_RAT Chloride intracellular channel protein 5 OS=Rattus norvegicus OX=10116 GN=Clic5 PE=1 SV=1
TRINITY_DN114_c0_g1_i4.p1	sp|Q8BXK9|CLIC5_MOUSE	31.8	242	272	251	5	222	1	237	1.54e-27	109	sp|Q8BXK9|CLIC5_MOUSE Chloride intracellular channel protein 5 OS=Mus musculus OX=10090 GN=Clic5 PE=1 SV=1
TRINITY_DN114_c0_g1_i4.p1	sp|Q9NZA1|CLIC5_HUMAN	32.3	229	272	410	16	222	173	396	1.42e-24	104	sp|Q9NZA1|CLIC5_HUMAN Chloride intracellular channel protein 5 OS=Homo sapiens OX=9606 GN=CLIC5 PE=1 SV=3
TRINITY_DN114_c0_g1_i4.p1	sp|P35526|CLIC5_BOVIN	29.9	244	272	437	2	222	185	423	1.83e-24	104	sp|P35526|CLIC5_BOVIN Chloride intracellular channel protein 5 OS=Bos taurus OX=9913 GN=CLIC5 PE=2 SV=1
TRINITY_DN114_c0_g1_i4.p1	sp|Q9QYB1|CLIC4_MOUSE	29.3	229	272	253	16	222	17	240	1.87e-22	96.3	sp|Q9QYB1|CLIC4_MOUSE Chloride intracellular channel protein 4 OS=Mus musculus OX=10090 GN=Clic4 PE=1 SV=3
TRINITY_DN114_c0_g1_i4.p1	sp|Q9N2G5|CLIC6_RABIT	30.4	247	272	637	4	226	391	629	2.17e-22	99.8	sp|Q9N2G5|CLIC6_RABIT Chloride intracellular channel protein 6 OS=Oryctolagus cuniculus OX=9986 GN=CLIC6 PE=1 SV=1
TRINITY_DN114_c0_g1_i4.p1	sp|Q811Q2|CLIC6_RAT	30.4	247	272	612	7	226	363	604	7.13e-22	98.2	sp|Q811Q2|CLIC6_RAT Chloride intracellular channel protein 6 OS=Rattus norvegicus OX=10116 GN=Clic6 PE=1 SV=1
TRINITY_DN114_c0_g1_i4.p1	sp|Q9Z0W7|CLIC4_RAT	28.8	229	272	253	16	222	17	240	9.74e-22	94.4	sp|Q9Z0W7|CLIC4_RAT Chloride intracellular channel protein 4 OS=Rattus norvegicus OX=10116 GN=Clic4 PE=1 SV=3
TRINITY_DN114_c0_g1_i4.p1	sp|Q5R957|CLIC4_PONAB	29.3	229	272	253	16	222	17	240	1.36e-21	94.0	sp|Q5R957|CLIC4_PONAB Chloride intracellular channel protein 4 OS=Pongo abelii OX=9601 GN=CLIC4 PE=2 SV=3
TRINITY_DN114_c0_g1_i4.p1	sp|Q9XSA7|CLIC4_BOVIN	29.3	229	272	253	16	222	17	240	1.88e-21	93.6	sp|Q9XSA7|CLIC4_BOVIN Chloride intracellular channel protein 4 OS=Bos taurus OX=9913 GN=CLIC4 PE=2 SV=3
TRINITY_DN114_c0_g1_i4.p1	sp|Q9Y696|CLIC4_HUMAN	29.3	229	272	253	16	222	17	240	1.88e-21	93.6	sp|Q9Y696|CLIC4_HUMAN Chloride intracellular channel protein 4 OS=Homo sapiens OX=9606 GN=CLIC4 PE=1 SV=4
TRINITY_DN114_c0_g1_i4.p1	sp|Q8BHB9|CLIC6_MOUSE	30.1	249	272	596	7	226	347	588	2.36e-21	96.7	sp|Q8BHB9|CLIC6_MOUSE Chloride intracellular channel protein 6 OS=Mus musculus OX=10090 GN=Clic6 PE=1 SV=1
TRINITY_DN114_c0_g1_i4.p1	sp|Q96NY7|CLIC6_HUMAN	30.5	223	272	704	28	226	480	696	2.58e-21	96.7	sp|Q96NY7|CLIC6_HUMAN Chloride intracellular channel protein 6 OS=Homo sapiens OX=9606 GN=CLIC6 PE=1 SV=3
TRINITY_DN114_c0_g1_i4.p1	sp|Q9Z1Q5|CLIC1_MOUSE	26.3	232	272	241	16	222	6	229	2.23e-13	71.2	sp|Q9Z1Q5|CLIC1_MOUSE Chloride intracellular channel protein 1 OS=Mus musculus OX=10090 GN=Clic1 PE=1 SV=3
TRINITY_DN114_c0_g1_i4.p1	sp|Q6MG61|CLIC1_RAT	26.3	232	272	241	16	222	6	229	2.23e-13	71.2	sp|Q6MG61|CLIC1_RAT Chloride intracellular channel protein 1 OS=Rattus norvegicus OX=10116 GN=Clic1 PE=1 SV=1
TRINITY_DN114_c0_g1_i4.p1	sp|O00299|CLIC1_HUMAN	26.3	232	272	241	16	222	6	229	3.06e-13	70.9	sp|O00299|CLIC1_HUMAN Chloride intracellular channel protein 1 OS=Homo sapiens OX=9606 GN=CLIC1 PE=1 SV=4
TRINITY_DN114_c0_g1_i4.p1	sp|Q5E9B7|CLIC1_BOVIN	26.3	232	272	241	16	222	6	229	4.20e-13	70.5	sp|Q5E9B7|CLIC1_BOVIN Chloride intracellular channel protein 1 OS=Bos taurus OX=9913 GN=CLIC1 PE=2 SV=3
TRINITY_DN114_c0_g1_i4.p1	sp|O95833|CLIC3_HUMAN	27.6	232	272	236	17	227	5	230	5.38e-13	70.1	sp|O95833|CLIC3_HUMAN Chloride intracellular channel protein 3 OS=Homo sapiens OX=9606 GN=CLIC3 PE=1 SV=2
TRINITY_DN114_c0_g1_i4.p1	sp|Q95MF9|CLIC1_RABIT	26.3	232	272	241	16	222	6	229	5.23e-12	67.4	sp|Q95MF9|CLIC1_RABIT Chloride intracellular channel protein 1 OS=Oryctolagus cuniculus OX=9986 GN=CLIC1 PE=2 SV=3
TRINITY_DN114_c0_g1_i4.p1	sp|O45405|EXL1_CAEEL	33.7	95	272	238	132	226	116	210	2.14e-10	62.8	sp|O45405|EXL1_CAEEL Chloride intracellular channel exl-1 OS=Caenorhabditis elegans OX=6239 GN=exl-1 PE=2 SV=2
TRINITY_DN114_c0_g1_i4.p1	sp|Q67UK9|DHAR2_ORYSJ	25.0	216	272	272	10	223	55	263	1.01e-09	61.2	sp|Q67UK9|DHAR2_ORYSJ Probable glutathione S-transferase DHAR2, chloroplastic OS=Oryza sativa subsp. japonica OX=39947 GN=DHAR2 PE=2 SV=1
TRINITY_DN114_c0_g1_i6.p2	sp|Q9VY78|CLIC_DROME	87.9	248	261	260	8	255	13	260	1.49e-158	443	sp|Q9VY78|CLIC_DROME Chloride intracellular channel Clic OS=Drosophila melanogaster OX=7227 GN=Clic PE=1 SV=1
TRINITY_DN114_c0_g1_i6.p2	sp|Q8WQA4|EXC4_CAEEL	42.0	269	261	290	11	250	9	271	2.69e-49	167	sp|Q8WQA4|EXC4_CAEEL Chloride intracellular channel exc-4 OS=Caenorhabditis elegans OX=6239 GN=exc-4 PE=1 SV=2
TRINITY_DN114_c0_g1_i6.p2	sp|O15247|CLIC2_HUMAN	34.5	235	261	247	16	226	12	239	1.42e-28	112	sp|O15247|CLIC2_HUMAN Chloride intracellular channel protein 2 OS=Homo sapiens OX=9606 GN=CLIC2 PE=1 SV=3
TRINITY_DN114_c0_g1_i6.p2	sp|Q5M883|CLIC2_RAT	34.5	235	261	245	16	226	12	239	1.90e-28	111	sp|Q5M883|CLIC2_RAT Chloride intracellular channel protein 2 OS=Rattus norvegicus OX=10116 GN=Clic2 PE=2 SV=1
TRINITY_DN114_c0_g1_i6.p2	sp|Q9EPT8|CLIC5_RAT	32.2	242	261	251	5	222	1	237	4.28e-28	110	sp|Q9EPT8|CLIC5_RAT Chloride intracellular channel protein 5 OS=Rattus norvegicus OX=10116 GN=Clic5 PE=1 SV=1
TRINITY_DN114_c0_g1_i6.p2	sp|Q8BXK9|CLIC5_MOUSE	31.8	242	261	251	5	222	1	237	1.64e-27	109	sp|Q8BXK9|CLIC5_MOUSE Chloride intracellular channel protein 5 OS=Mus musculus OX=10090 GN=Clic5 PE=1 SV=1
TRINITY_DN114_c0_g1_i6.p2	sp|Q9NZA1|CLIC5_HUMAN	32.3	229	261	410	16	222	173	396	1.50e-24	104	sp|Q9NZA1|CLIC5_HUMAN Chloride intracellular channel protein 5 OS=Homo sapiens OX=9606 GN=CLIC5 PE=1 SV=3
TRINITY_DN114_c0_g1_i6.p2	sp|P35526|CLIC5_BOVIN	29.9	244	261	437	2	222	185	423	1.93e-24	104	sp|P35526|CLIC5_BOVIN Chloride intracellular channel protein 5 OS=Bos taurus OX=9913 GN=CLIC5 PE=2 SV=1
TRINITY_DN114_c0_g1_i6.p2	sp|Q9N2G5|CLIC6_RABIT	30.4	247	261	637	4	226	391	629	1.67e-22	99.8	sp|Q9N2G5|CLIC6_RABIT Chloride intracellular channel protein 6 OS=Oryctolagus cuniculus OX=9986 GN=CLIC6 PE=1 SV=1
TRINITY_DN114_c0_g1_i6.p2	sp|Q9QYB1|CLIC4_MOUSE	29.3	229	261	253	16	222	17	240	2.04e-22	95.9	sp|Q9QYB1|CLIC4_MOUSE Chloride intracellular channel protein 4 OS=Mus musculus OX=10090 GN=Clic4 PE=1 SV=3
TRINITY_DN114_c0_g1_i6.p2	sp|Q811Q2|CLIC6_RAT	30.5	256	261	612	7	235	363	612	4.06e-22	98.6	sp|Q811Q2|CLIC6_RAT Chloride intracellular channel protein 6 OS=Rattus norvegicus OX=10116 GN=Clic6 PE=1 SV=1
TRINITY_DN114_c0_g1_i6.p2	sp|Q9Z0W7|CLIC4_RAT	28.8	229	261	253	16	222	17	240	1.07e-21	94.0	sp|Q9Z0W7|CLIC4_RAT Chloride intracellular channel protein 4 OS=Rattus norvegicus OX=10116 GN=Clic4 PE=1 SV=3
TRINITY_DN114_c0_g1_i6.p2	sp|Q8BHB9|CLIC6_MOUSE	30.2	258	261	596	7	235	347	596	1.35e-21	97.1	sp|Q8BHB9|CLIC6_MOUSE Chloride intracellular channel protein 6 OS=Mus musculus OX=10090 GN=Clic6 PE=1 SV=1
TRINITY_DN114_c0_g1_i6.p2	sp|Q5R957|CLIC4_PONAB	29.3	229	261	253	16	222	17	240	1.49e-21	93.6	sp|Q5R957|CLIC4_PONAB Chloride intracellular channel protein 4 OS=Pongo abelii OX=9601 GN=CLIC4 PE=2 SV=3
TRINITY_DN114_c0_g1_i6.p2	sp|Q96NY7|CLIC6_HUMAN	30.5	223	261	704	28	226	480	696	2.00e-21	96.7	sp|Q96NY7|CLIC6_HUMAN Chloride intracellular channel protein 6 OS=Homo sapiens OX=9606 GN=CLIC6 PE=1 SV=3
TRINITY_DN114_c0_g1_i6.p2	sp|Q9XSA7|CLIC4_BOVIN	29.3	229	261	253	16	222	17	240	2.07e-21	93.2	sp|Q9XSA7|CLIC4_BOVIN Chloride intracellular channel protein 4 OS=Bos taurus OX=9913 GN=CLIC4 PE=2 SV=3
TRINITY_DN114_c0_g1_i6.p2	sp|Q9Y696|CLIC4_HUMAN	29.3	229	261	253	16	222	17	240	2.07e-21	93.2	sp|Q9Y696|CLIC4_HUMAN Chloride intracellular channel protein 4 OS=Homo sapiens OX=9606 GN=CLIC4 PE=1 SV=4
TRINITY_DN114_c0_g1_i6.p2	sp|Q9Z1Q5|CLIC1_MOUSE	26.2	244	261	241	16	233	6	241	9.98e-14	72.0	sp|Q9Z1Q5|CLIC1_MOUSE Chloride intracellular channel protein 1 OS=Mus musculus OX=10090 GN=Clic1 PE=1 SV=3
TRINITY_DN114_c0_g1_i6.p2	sp|Q6MG61|CLIC1_RAT	26.2	244	261	241	16	233	6	241	9.98e-14	72.0	sp|Q6MG61|CLIC1_RAT Chloride intracellular channel protein 1 OS=Rattus norvegicus OX=10116 GN=Clic1 PE=1 SV=1
TRINITY_DN114_c0_g1_i6.p2	sp|O00299|CLIC1_HUMAN	26.2	244	261	241	16	233	6	241	1.37e-13	71.6	sp|O00299|CLIC1_HUMAN Chloride intracellular channel protein 1 OS=Homo sapiens OX=9606 GN=CLIC1 PE=1 SV=4
TRINITY_DN114_c0_g1_i6.p2	sp|Q5E9B7|CLIC1_BOVIN	26.2	244	261	241	16	233	6	241	1.89e-13	71.2	sp|Q5E9B7|CLIC1_BOVIN Chloride intracellular channel protein 1 OS=Bos taurus OX=9913 GN=CLIC1 PE=2 SV=3
TRINITY_DN114_c0_g1_i6.p2	sp|O95833|CLIC3_HUMAN	27.6	232	261	236	17	227	5	230	4.58e-13	70.1	sp|O95833|CLIC3_HUMAN Chloride intracellular channel protein 3 OS=Homo sapiens OX=9606 GN=CLIC3 PE=1 SV=2
TRINITY_DN114_c0_g1_i6.p2	sp|Q95MF9|CLIC1_RABIT	26.2	244	261	241	16	233	6	241	2.39e-12	68.2	sp|Q95MF9|CLIC1_RABIT Chloride intracellular channel protein 1 OS=Oryctolagus cuniculus OX=9986 GN=CLIC1 PE=2 SV=3
TRINITY_DN114_c0_g1_i6.p2	sp|O45405|EXL1_CAEEL	32.5	123	261	238	132	249	116	238	7.32e-11	63.9	sp|O45405|EXL1_CAEEL Chloride intracellular channel exl-1 OS=Caenorhabditis elegans OX=6239 GN=exl-1 PE=2 SV=2
TRINITY_DN114_c0_g1_i6.p2	sp|Q67UK9|DHAR2_ORYSJ	25.0	216	261	272	10	223	55	263	1.20e-09	60.8	sp|Q67UK9|DHAR2_ORYSJ Probable glutathione S-transferase DHAR2, chloroplastic OS=Oryza sativa subsp. japonica OX=39947 GN=DHAR2 PE=2 SV=1
TRINITY_DN114_c0_g1_i7.p1	sp|Q9VY78|CLIC_DROME	87.9	223	272	260	8	230	13	235	3.74e-141	400	sp|Q9VY78|CLIC_DROME Chloride intracellular channel Clic OS=Drosophila melanogaster OX=7227 GN=Clic PE=1 SV=1
TRINITY_DN114_c0_g1_i7.p1	sp|Q8WQA4|EXC4_CAEEL	41.7	252	272	290	11	233	9	254	1.12e-44	155	sp|Q8WQA4|EXC4_CAEEL Chloride intracellular channel exc-4 OS=Caenorhabditis elegans OX=6239 GN=exc-4 PE=1 SV=2
TRINITY_DN114_c0_g1_i7.p1	sp|O15247|CLIC2_HUMAN	34.5	235	272	247	16	226	12	239	1.88e-28	112	sp|O15247|CLIC2_HUMAN Chloride intracellular channel protein 2 OS=Homo sapiens OX=9606 GN=CLIC2 PE=1 SV=3
TRINITY_DN114_c0_g1_i7.p1	sp|Q5M883|CLIC2_RAT	34.5	235	272	245	16	226	12	239	2.51e-28	111	sp|Q5M883|CLIC2_RAT Chloride intracellular channel protein 2 OS=Rattus norvegicus OX=10116 GN=Clic2 PE=2 SV=1
TRINITY_DN114_c0_g1_i7.p1	sp|Q9EPT8|CLIC5_RAT	32.2	242	272	251	5	222	1	237	4.02e-28	111	sp|Q9EPT8|CLIC5_RAT Chloride intracellular channel protein 5 OS=Rattus norvegicus OX=10116 GN=Clic5 PE=1 SV=1
TRINITY_DN114_c0_g1_i7.p1	sp|Q8BXK9|CLIC5_MOUSE	31.8	242	272	251	5	222	1	237	1.54e-27	109	sp|Q8BXK9|CLIC5_MOUSE Chloride intracellular channel protein 5 OS=Mus musculus OX=10090 GN=Clic5 PE=1 SV=1
TRINITY_DN114_c0_g1_i7.p1	sp|Q9NZA1|CLIC5_HUMAN	32.3	229	272	410	16	222	173	396	1.42e-24	104	sp|Q9NZA1|CLIC5_HUMAN Chloride intracellular channel protein 5 OS=Homo sapiens OX=9606 GN=CLIC5 PE=1 SV=3
TRINITY_DN114_c0_g1_i7.p1	sp|P35526|CLIC5_BOVIN	29.9	244	272	437	2	222	185	423	1.83e-24	104	sp|P35526|CLIC5_BOVIN Chloride intracellular channel protein 5 OS=Bos taurus OX=9913 GN=CLIC5 PE=2 SV=1
TRINITY_DN114_c0_g1_i7.p1	sp|Q9QYB1|CLIC4_MOUSE	29.3	229	272	253	16	222	17	240	1.87e-22	96.3	sp|Q9QYB1|CLIC4_MOUSE Chloride intracellular channel protein 4 OS=Mus musculus OX=10090 GN=Clic4 PE=1 SV=3
TRINITY_DN114_c0_g1_i7.p1	sp|Q9N2G5|CLIC6_RABIT	30.4	247	272	637	4	226	391	629	2.17e-22	99.8	sp|Q9N2G5|CLIC6_RABIT Chloride intracellular channel protein 6 OS=Oryctolagus cuniculus OX=9986 GN=CLIC6 PE=1 SV=1
TRINITY_DN114_c0_g1_i7.p1	sp|Q811Q2|CLIC6_RAT	30.4	247	272	612	7	226	363	604	7.13e-22	98.2	sp|Q811Q2|CLIC6_RAT Chloride intracellular channel protein 6 OS=Rattus norvegicus OX=10116 GN=Clic6 PE=1 SV=1
TRINITY_DN114_c0_g1_i7.p1	sp|Q9Z0W7|CLIC4_RAT	28.8	229	272	253	16	222	17	240	9.74e-22	94.4	sp|Q9Z0W7|CLIC4_RAT Chloride intracellular channel protein 4 OS=Rattus norvegicus OX=10116 GN=Clic4 PE=1 SV=3
TRINITY_DN114_c0_g1_i7.p1	sp|Q5R957|CLIC4_PONAB	29.3	229	272	253	16	222	17	240	1.36e-21	94.0	sp|Q5R957|CLIC4_PONAB Chloride intracellular channel protein 4 OS=Pongo abelii OX=9601 GN=CLIC4 PE=2 SV=3
TRINITY_DN114_c0_g1_i7.p1	sp|Q9XSA7|CLIC4_BOVIN	29.3	229	272	253	16	222	17	240	1.88e-21	93.6	sp|Q9XSA7|CLIC4_BOVIN Chloride intracellular channel protein 4 OS=Bos taurus OX=9913 GN=CLIC4 PE=2 SV=3
TRINITY_DN114_c0_g1_i7.p1	sp|Q9Y696|CLIC4_HUMAN	29.3	229	272	253	16	222	17	240	1.88e-21	93.6	sp|Q9Y696|CLIC4_HUMAN Chloride intracellular channel protein 4 OS=Homo sapiens OX=9606 GN=CLIC4 PE=1 SV=4
TRINITY_DN114_c0_g1_i7.p1	sp|Q8BHB9|CLIC6_MOUSE	30.1	249	272	596	7	226	347	588	2.36e-21	96.7	sp|Q8BHB9|CLIC6_MOUSE Chloride intracellular channel protein 6 OS=Mus musculus OX=10090 GN=Clic6 PE=1 SV=1
TRINITY_DN114_c0_g1_i7.p1	sp|Q96NY7|CLIC6_HUMAN	30.5	223	272	704	28	226	480	696	2.58e-21	96.7	sp|Q96NY7|CLIC6_HUMAN Chloride intracellular channel protein 6 OS=Homo sapiens OX=9606 GN=CLIC6 PE=1 SV=3
TRINITY_DN114_c0_g1_i7.p1	sp|Q9Z1Q5|CLIC1_MOUSE	26.3	232	272	241	16	222	6	229	2.23e-13	71.2	sp|Q9Z1Q5|CLIC1_MOUSE Chloride intracellular channel protein 1 OS=Mus musculus OX=10090 GN=Clic1 PE=1 SV=3
TRINITY_DN114_c0_g1_i7.p1	sp|Q6MG61|CLIC1_RAT	26.3	232	272	241	16	222	6	229	2.23e-13	71.2	sp|Q6MG61|CLIC1_RAT Chloride intracellular channel protein 1 OS=Rattus norvegicus OX=10116 GN=Clic1 PE=1 SV=1
TRINITY_DN114_c0_g1_i7.p1	sp|O00299|CLIC1_HUMAN	26.3	232	272	241	16	222	6	229	3.06e-13	70.9	sp|O00299|CLIC1_HUMAN Chloride intracellular channel protein 1 OS=Homo sapiens OX=9606 GN=CLIC1 PE=1 SV=4
TRINITY_DN114_c0_g1_i7.p1	sp|Q5E9B7|CLIC1_BOVIN	26.3	232	272	241	16	222	6	229	4.20e-13	70.5	sp|Q5E9B7|CLIC1_BOVIN Chloride intracellular channel protein 1 OS=Bos taurus OX=9913 GN=CLIC1 PE=2 SV=3
TRINITY_DN114_c0_g1_i7.p1	sp|O95833|CLIC3_HUMAN	27.6	232	272	236	17	227	5	230	5.38e-13	70.1	sp|O95833|CLIC3_HUMAN Chloride intracellular channel protein 3 OS=Homo sapiens OX=9606 GN=CLIC3 PE=1 SV=2
TRINITY_DN114_c0_g1_i7.p1	sp|Q95MF9|CLIC1_RABIT	26.3	232	272	241	16	222	6	229	5.23e-12	67.4	sp|Q95MF9|CLIC1_RABIT Chloride intracellular channel protein 1 OS=Oryctolagus cuniculus OX=9986 GN=CLIC1 PE=2 SV=3
TRINITY_DN114_c0_g1_i7.p1	sp|O45405|EXL1_CAEEL	33.7	95	272	238	132	226	116	210	2.14e-10	62.8	sp|O45405|EXL1_CAEEL Chloride intracellular channel exl-1 OS=Caenorhabditis elegans OX=6239 GN=exl-1 PE=2 SV=2
TRINITY_DN114_c0_g1_i7.p1	sp|Q67UK9|DHAR2_ORYSJ	25.0	216	272	272	10	223	55	263	1.01e-09	61.2	sp|Q67UK9|DHAR2_ORYSJ Probable glutathione S-transferase DHAR2, chloroplastic OS=Oryza sativa subsp. japonica OX=39947 GN=DHAR2 PE=2 SV=1
TRINITY_DN11666_c0_g1_i1.p1	sp|O88741|GDAP1_MOUSE	37.0	173	205	358	1	162	127	293	2.40e-21	93.2	sp|O88741|GDAP1_MOUSE Ganglioside-induced differentiation-associated protein 1 OS=Mus musculus OX=10090 GN=Gdap1 PE=1 SV=1
TRINITY_DN11666_c0_g1_i1.p1	sp|Q8TB36|GDAP1_HUMAN	35.8	173	205	358	1	162	127	293	3.32e-21	92.8	sp|Q8TB36|GDAP1_HUMAN Ganglioside-induced differentiation-associated protein 1 OS=Homo sapiens OX=9606 GN=GDAP1 PE=1 SV=3
TRINITY_DN11666_c0_g1_i1.p1	sp|A6QQZ0|GDAP1_BOVIN	35.8	173	205	358	1	162	127	293	6.35e-21	92.0	sp|A6QQZ0|GDAP1_BOVIN Ganglioside-induced differentiation-associated protein 1 OS=Bos taurus OX=9913 GN=GDAP1 PE=2 SV=1
TRINITY_DN11666_c0_g1_i1.p1	sp|Q96MZ0|GD1L1_HUMAN	29.8	205	205	367	1	184	148	345	3.95e-14	73.2	sp|Q96MZ0|GD1L1_HUMAN Ganglioside-induced differentiation-associated protein 1-like 1 OS=Homo sapiens OX=9606 GN=GDAP1L1 PE=1 SV=2
TRINITY_DN11666_c0_g1_i1.p1	sp|Q8VE33|GD1L1_MOUSE	29.8	205	205	370	1	184	151	348	4.00e-14	73.2	sp|Q8VE33|GD1L1_MOUSE Ganglioside-induced differentiation-associated protein 1-like 1 OS=Mus musculus OX=10090 GN=Gdap1l1 PE=1 SV=1
TRINITY_DN11666_c0_g1_i1.p1	sp|A0A1L5BUX8|LIND_SPHIB	27.7	119	205	346	50	168	216	333	1.13e-05	48.5	sp|A0A1L5BUX8|LIND_SPHIB 2,5-dichlorohydroquinone reductive dechlorinase OS=Sphingobium indicum (strain DSM 16412 / CCM 7286 / MTCC 6364 / B90A) OX=861109 GN=linD PE=3 SV=2
TRINITY_DN11666_c0_g1_i1.p1	sp|D4Z909|LIND_SPHIU	27.7	119	205	346	50	168	216	333	1.13e-05	48.5	sp|D4Z909|LIND_SPHIU 2,5-dichlorohydroquinone reductive dechlorinase OS=Sphingobium indicum (strain DSM 16413 / CCM 7287 / MTCC 6362 / UT26 / NBRC 101211 / UT26S) OX=452662 GN=linD PE=1 SV=1
TRINITY_DN11666_c0_g1_i1.p2	sp|P30347|LIGF_SPHSK	48.4	62	125	257	40	101	14	75	4.73e-12	63.9	sp|P30347|LIGF_SPHSK Protein LigF OS=Sphingobium sp. (strain NBRC 103272 / SYK-6) OX=627192 GN=ligF PE=1 SV=1
TRINITY_DN11666_c0_g1_i1.p2	sp|Q9FWR4|DHAR1_ARATH	40.8	71	125	213	39	108	22	89	7.87e-09	54.7	sp|Q9FWR4|DHAR1_ARATH Glutathione S-transferase DHAR1, mitochondrial OS=Arabidopsis thaliana OX=3702 GN=DHAR1 PE=1 SV=1
TRINITY_DN11666_c0_g1_i1.p2	sp|Q9ZVQ3|GSTZ1_ARATH	34.0	100	125	221	21	119	3	100	1.62e-08	53.9	sp|Q9ZVQ3|GSTZ1_ARATH Glutathione S-transferase Z1 OS=Arabidopsis thaliana OX=3702 GN=GSTZ1 PE=1 SV=1
TRINITY_DN11666_c0_g1_i1.p2	sp|Q9FRL8|DHAR2_ARATH	39.4	71	125	213	39	108	22	89	2.09e-08	53.5	sp|Q9FRL8|DHAR2_ARATH Glutathione S-transferase DHAR2 OS=Arabidopsis thaliana OX=3702 GN=DHAR2 PE=1 SV=1
TRINITY_DN11666_c0_g1_i1.p2	sp|P57108|GSTZ_EUPES	43.7	71	125	225	31	101	14	84	4.43e-08	52.8	sp|P57108|GSTZ_EUPES Glutathione S-transferase zeta class OS=Euphorbia esula OX=3993 PE=2 SV=1
TRINITY_DN11666_c0_g1_i1.p2	sp|O88741|GDAP1_MOUSE	36.4	77	125	358	25	101	22	98	1.27e-07	52.0	sp|O88741|GDAP1_MOUSE Ganglioside-induced differentiation-associated protein 1 OS=Mus musculus OX=10090 GN=Gdap1 PE=1 SV=1
TRINITY_DN11666_c0_g1_i1.p2	sp|Q8LE52|DHAR3_ARATH	34.5	84	125	258	39	121	68	148	1.40e-07	51.6	sp|Q8LE52|DHAR3_ARATH Glutathione S-transferase DHAR3, chloroplastic OS=Arabidopsis thaliana OX=3702 GN=DHAR3 PE=1 SV=1
TRINITY_DN11666_c0_g1_i1.p2	sp|P28342|GSTZ1_DIACA	37.5	80	125	221	22	101	2	81	1.56e-07	51.2	sp|P28342|GSTZ1_DIACA Glutathione S-transferase 1 OS=Dianthus caryophyllus OX=3570 GN=GST1 PE=2 SV=1
TRINITY_DN11666_c0_g1_i1.p2	sp|Q03425|GSTZ2_DIACA	36.3	80	125	145	22	101	2	81	2.45e-07	49.7	sp|Q03425|GSTZ2_DIACA Glutathione S-transferase 2 (Fragment) OS=Dianthus caryophyllus OX=3570 GN=GST2 PE=2 SV=1
TRINITY_DN11666_c0_g1_i1.p2	sp|Q9ZVQ4|GSTZ2_ARATH	34.4	90	125	223	31	119	14	103	4.15e-07	50.1	sp|Q9ZVQ4|GSTZ2_ARATH Glutathione S-transferase Z2 OS=Arabidopsis thaliana OX=3702 GN=GSTZ2 PE=3 SV=1
TRINITY_DN11666_c0_g1_i1.p2	sp|A6QQZ0|GDAP1_BOVIN	35.8	81	125	358	23	101	18	98	4.38e-07	50.4	sp|A6QQZ0|GDAP1_BOVIN Ganglioside-induced differentiation-associated protein 1 OS=Bos taurus OX=9913 GN=GDAP1 PE=2 SV=1
TRINITY_DN11666_c0_g1_i1.p2	sp|Q8TB36|GDAP1_HUMAN	38.0	71	125	358	31	101	28	98	5.97e-07	50.1	sp|Q8TB36|GDAP1_HUMAN Ganglioside-induced differentiation-associated protein 1 OS=Homo sapiens OX=9606 GN=GDAP1 PE=1 SV=3
TRINITY_DN11666_c0_g1_i1.p2	sp|B3FWR8|HPM2_HYPSB	36.4	66	125	212	42	107	14	79	1.39e-06	48.5	sp|B3FWR8|HPM2_HYPSB Glutathione S-transferase hmp2 OS=Hypomyces subiculosus OX=193393 GN=hpm2 PE=1 SV=1
TRINITY_DN11666_c0_g1_i1.p2	sp|O80662|TCHQD_ARATH	30.8	91	125	266	31	119	3	93	1.80e-06	48.5	sp|O80662|TCHQD_ARATH Glutathione S-transferase TCHQD OS=Arabidopsis thaliana OX=3702 GN=TCHQD PE=2 SV=1
TRINITY_DN11666_c0_g1_i1.p2	sp|P46422|GSTF2_ARATH	34.1	88	125	212	37	122	12	99	5.01e-06	47.0	sp|P46422|GSTF2_ARATH Glutathione S-transferase F2 OS=Arabidopsis thaliana OX=3702 GN=GSTF2 PE=1 SV=3
TRINITY_DN11666_c0_g1_i1.p2	sp|Q67UK9|DHAR2_ORYSJ	29.8	84	125	272	39	121	82	162	8.74e-06	46.6	sp|Q67UK9|DHAR2_ORYSJ Probable glutathione S-transferase DHAR2, chloroplastic OS=Oryza sativa subsp. japonica OX=39947 GN=DHAR2 PE=2 SV=1
TRINITY_DN11666_c0_g1_i1.p2	sp|Q9SLM6|GSTF3_ARATH	34.1	85	125	212	40	122	15	99	9.50e-06	46.2	sp|Q9SLM6|GSTF3_ARATH Glutathione S-transferase F3 OS=Arabidopsis thaliana OX=3702 GN=GSTF3 PE=2 SV=1
TRINITY_DN11666_c0_g1_i1.p2	sp|Q9SRY5|GSTF7_ARATH	31.3	83	125	209	40	121	15	97	1.77e-05	45.4	sp|Q9SRY5|GSTF7_ARATH Glutathione S-transferase F7 OS=Arabidopsis thaliana OX=3702 GN=GSTF7 PE=2 SV=3
TRINITY_DN11666_c0_g1_i1.p2	sp|Q96MZ0|GD1L1_HUMAN	33.8	65	125	367	37	101	55	119	2.46e-05	45.4	sp|Q96MZ0|GD1L1_HUMAN Ganglioside-induced differentiation-associated protein 1-like 1 OS=Homo sapiens OX=9606 GN=GDAP1L1 PE=1 SV=2
TRINITY_DN11666_c0_g1_i1.p2	sp|Q18938|MAAI_CAEEL	36.6	71	125	214	31	101	8	77	4.71e-05	44.3	sp|Q18938|MAAI_CAEEL Probable maleylacetoacetate isomerase OS=Caenorhabditis elegans OX=6239 GN=gst-42 PE=1 SV=1
TRINITY_DN11666_c0_g1_i1.p2	sp|P42761|GSTFA_ARATH	37.7	69	125	215	40	107	13	81	4.74e-05	44.3	sp|P42761|GSTFA_ARATH Glutathione S-transferase F10 OS=Arabidopsis thaliana OX=3702 GN=GSTF10 PE=1 SV=3
TRINITY_DN11666_c0_g1_i1.p2	sp|Q04522|GSTF_SILVU	33.3	66	125	217	40	105	14	79	6.56e-05	43.9	sp|Q04522|GSTF_SILVU Glutathione S-transferase OS=Silene vulgaris OX=42043 GN=GST PE=1 SV=3
TRINITY_DN11666_c0_g1_i1.p2	sp|P46440|GSTF2_TOBAC	30.6	85	125	213	40	121	14	98	1.66e-04	42.7	sp|P46440|GSTF2_TOBAC Glutathione S-transferase APIC OS=Nicotiana tabacum OX=4097 GN=APIC PE=2 SV=1
TRINITY_DN11666_c0_g1_i1.p2	sp|P42760|GSTF6_ARATH	34.4	61	125	208	40	100	15	75	3.05e-04	42.0	sp|P42760|GSTF6_ARATH Glutathione S-transferase F6 OS=Arabidopsis thaliana OX=3702 GN=GSTF6 PE=2 SV=2
TRINITY_DN11666_c0_g1_i1.p2	sp|P04907|GSTF3_MAIZE	39.0	59	125	222	42	100	17	75	3.24e-04	42.0	sp|P04907|GSTF3_MAIZE Glutathione S-transferase 3 OS=Zea mays OX=4577 GN=GST3 PE=1 SV=4
TRINITY_DN11666_c0_g1_i2.p1	sp|Q8TB36|GDAP1_HUMAN	34.9	272	334	358	31	291	28	293	1.12e-38	143	sp|Q8TB36|GDAP1_HUMAN Ganglioside-induced differentiation-associated protein 1 OS=Homo sapiens OX=9606 GN=GDAP1 PE=1 SV=3
TRINITY_DN11666_c0_g1_i2.p1	sp|O88741|GDAP1_MOUSE	34.9	278	334	358	25	291	22	293	1.57e-38	143	sp|O88741|GDAP1_MOUSE Ganglioside-induced differentiation-associated protein 1 OS=Mus musculus OX=10090 GN=Gdap1 PE=1 SV=1
TRINITY_DN11666_c0_g1_i2.p1	sp|A6QQZ0|GDAP1_BOVIN	34.0	282	334	358	23	291	18	293	1.63e-37	140	sp|A6QQZ0|GDAP1_BOVIN Ganglioside-induced differentiation-associated protein 1 OS=Bos taurus OX=9913 GN=GDAP1 PE=2 SV=1
TRINITY_DN11666_c0_g1_i2.p1	sp|Q96MZ0|GD1L1_HUMAN	29.8	302	334	367	37	313	55	345	1.86e-26	110	sp|Q96MZ0|GD1L1_HUMAN Ganglioside-induced differentiation-associated protein 1-like 1 OS=Homo sapiens OX=9606 GN=GDAP1L1 PE=1 SV=2
TRINITY_DN11666_c0_g1_i2.p1	sp|Q8VE33|GD1L1_MOUSE	28.6	301	334	370	37	313	55	348	1.26e-24	105	sp|Q8VE33|GD1L1_MOUSE Ganglioside-induced differentiation-associated protein 1-like 1 OS=Mus musculus OX=10090 GN=Gdap1l1 PE=1 SV=1
TRINITY_DN11666_c0_g1_i2.p1	sp|O80662|TCHQD_ARATH	27.9	262	334	266	31	291	3	237	2.17e-12	69.7	sp|O80662|TCHQD_ARATH Glutathione S-transferase TCHQD OS=Arabidopsis thaliana OX=3702 GN=TCHQD PE=2 SV=1
TRINITY_DN11666_c0_g1_i2.p1	sp|P30347|LIGF_SPHSK	48.4	62	334	257	40	101	14	75	2.54e-10	63.5	sp|P30347|LIGF_SPHSK Protein LigF OS=Sphingobium sp. (strain NBRC 103272 / SYK-6) OX=627192 GN=ligF PE=1 SV=1
TRINITY_DN11666_c0_g1_i2.p1	sp|Q9FWR4|DHAR1_ARATH	40.8	71	334	213	39	108	22	89	2.18e-07	54.3	sp|Q9FWR4|DHAR1_ARATH Glutathione S-transferase DHAR1, mitochondrial OS=Arabidopsis thaliana OX=3702 GN=DHAR1 PE=1 SV=1
TRINITY_DN11666_c0_g1_i2.p1	sp|Q9ZVQ3|GSTZ1_ARATH	37.4	91	334	221	21	110	3	91	3.22e-07	53.9	sp|Q9ZVQ3|GSTZ1_ARATH Glutathione S-transferase Z1 OS=Arabidopsis thaliana OX=3702 GN=GSTZ1 PE=1 SV=1
TRINITY_DN11666_c0_g1_i2.p1	sp|Q8LE52|DHAR3_ARATH	36.3	91	334	258	39	127	68	155	4.51e-07	53.9	sp|Q8LE52|DHAR3_ARATH Glutathione S-transferase DHAR3, chloroplastic OS=Arabidopsis thaliana OX=3702 GN=DHAR3 PE=1 SV=1
TRINITY_DN11666_c0_g1_i2.p1	sp|Q9FRL8|DHAR2_ARATH	39.4	71	334	213	39	108	22	89	7.26e-07	52.8	sp|Q9FRL8|DHAR2_ARATH Glutathione S-transferase DHAR2 OS=Arabidopsis thaliana OX=3702 GN=DHAR2 PE=1 SV=1
TRINITY_DN11666_c0_g1_i2.p1	sp|P57108|GSTZ_EUPES	43.7	71	334	225	31	101	14	84	1.11e-06	52.4	sp|P57108|GSTZ_EUPES Glutathione S-transferase zeta class OS=Euphorbia esula OX=3993 PE=2 SV=1
TRINITY_DN11666_c0_g1_i2.p1	sp|P28342|GSTZ1_DIACA	35.0	100	334	221	22	121	2	99	1.94e-06	51.6	sp|P28342|GSTZ1_DIACA Glutathione S-transferase 1 OS=Dianthus caryophyllus OX=3570 GN=GST1 PE=2 SV=1
TRINITY_DN11666_c0_g1_i2.p1	sp|Q03425|GSTZ2_DIACA	34.0	100	334	145	22	121	2	99	3.12e-06	49.7	sp|Q03425|GSTZ2_DIACA Glutathione S-transferase 2 (Fragment) OS=Dianthus caryophyllus OX=3570 GN=GST2 PE=2 SV=1
TRINITY_DN11666_c0_g1_i2.p1	sp|Q9ZVQ4|GSTZ2_ARATH	38.3	81	334	223	31	110	14	94	2.14e-05	48.5	sp|Q9ZVQ4|GSTZ2_ARATH Glutathione S-transferase Z2 OS=Arabidopsis thaliana OX=3702 GN=GSTZ2 PE=3 SV=1
TRINITY_DN11666_c0_g1_i2.p1	sp|Q67UK9|DHAR2_ORYSJ	31.9	91	334	272	39	127	82	169	3.00e-05	48.5	sp|Q67UK9|DHAR2_ORYSJ Probable glutathione S-transferase DHAR2, chloroplastic OS=Oryza sativa subsp. japonica OX=39947 GN=DHAR2 PE=2 SV=1
TRINITY_DN11666_c0_g1_i2.p1	sp|A0A1L5BUX8|LIND_SPHIB	27.7	119	334	346	179	297	216	333	3.94e-05	48.5	sp|A0A1L5BUX8|LIND_SPHIB 2,5-dichlorohydroquinone reductive dechlorinase OS=Sphingobium indicum (strain DSM 16412 / CCM 7286 / MTCC 6364 / B90A) OX=861109 GN=linD PE=3 SV=2
TRINITY_DN11666_c0_g1_i2.p1	sp|D4Z909|LIND_SPHIU	27.7	119	334	346	179	297	216	333	3.94e-05	48.5	sp|D4Z909|LIND_SPHIU 2,5-dichlorohydroquinone reductive dechlorinase OS=Sphingobium indicum (strain DSM 16413 / CCM 7287 / MTCC 6362 / UT26 / NBRC 101211 / UT26S) OX=452662 GN=linD PE=1 SV=1
TRINITY_DN11666_c0_g1_i2.p1	sp|P04907|GSTF3_MAIZE	30.0	160	334	222	42	201	17	156	5.18e-05	47.4	sp|P04907|GSTF3_MAIZE Glutathione S-transferase 3 OS=Zea mays OX=4577 GN=GST3 PE=1 SV=4
TRINITY_DN11666_c0_g1_i2.p1	sp|P46422|GSTF2_ARATH	27.1	166	334	212	37	201	12	160	1.16e-04	46.2	sp|P46422|GSTF2_ARATH Glutathione S-transferase F2 OS=Arabidopsis thaliana OX=3702 GN=GSTF2 PE=1 SV=3
TRINITY_DN11666_c0_g1_i2.p1	sp|B3FWR8|HPM2_HYPSB	37.3	59	334	212	42	100	14	72	1.16e-04	46.2	sp|B3FWR8|HPM2_HYPSB Glutathione S-transferase hmp2 OS=Hypomyces subiculosus OX=193393 GN=hpm2 PE=1 SV=1
TRINITY_DN11666_c0_g1_i2.p1	sp|Q9SLM6|GSTF3_ARATH	29.5	78	334	212	40	117	15	92	3.79e-04	44.7	sp|Q9SLM6|GSTF3_ARATH Glutathione S-transferase F3 OS=Arabidopsis thaliana OX=3702 GN=GSTF3 PE=2 SV=1
TRINITY_DN11666_c0_g1_i2.p1	sp|P31784|SSPA_HISSO	32.0	97	334	212	20	115	2	95	6.86e-04	43.9	sp|P31784|SSPA_HISSO Stringent starvation protein A homolog OS=Histophilus somni OX=731 GN=sspA PE=3 SV=1
TRINITY_DN11666_c0_g1_i2.p1	sp|P42761|GSTFA_ARATH	37.7	61	334	215	40	100	13	73	9.44e-04	43.5	sp|P42761|GSTFA_ARATH Glutathione S-transferase F10 OS=Arabidopsis thaliana OX=3702 GN=GSTF10 PE=1 SV=3
TRINITY_DN11666_c0_g1_i2.p1	sp|Q04522|GSTF_SILVU	33.3	66	334	217	40	105	14	79	9.58e-04	43.5	sp|Q04522|GSTF_SILVU Glutathione S-transferase OS=Silene vulgaris OX=42043 GN=GST PE=1 SV=3
TRINITY_DN12434_c0_g2_i1.p1	sp|P46430|GSTT1_MANSE	43.5	207	217	217	1	203	1	204	2.23e-50	166	sp|P46430|GSTT1_MANSE Glutathione S-transferase 1 OS=Manduca sexta OX=7130 GN=GST1 PE=2 SV=1
TRINITY_DN12434_c0_g2_i1.p1	sp|P28338|GSTT1_MUSDO	39.3	201	217	208	3	203	1	199	1.64e-42	145	sp|P28338|GSTT1_MUSDO Glutathione S-transferase 1 OS=Musca domestica OX=7370 GN=Gst1 PE=1 SV=1
TRINITY_DN12434_c0_g2_i1.p1	sp|P42860|GSTT1_LUCCU	38.3	201	217	208	3	203	1	199	1.30e-41	143	sp|P42860|GSTT1_LUCCU Glutathione S-transferase 1-1 OS=Lucilia cuprina OX=7375 GN=GST1 PE=1 SV=2
TRINITY_DN12434_c0_g2_i1.p1	sp|P46431|GSTT2_MUSDO	37.7	212	217	210	3	213	1	210	3.90e-41	142	sp|P46431|GSTT2_MUSDO Glutathione S-transferase 2 OS=Musca domestica OX=7370 GN=Gst2 PE=2 SV=2
TRINITY_DN12434_c0_g2_i1.p1	sp|P46432|GSTT3_MUSDO	37.7	212	217	210	3	213	1	210	7.78e-41	141	sp|P46432|GSTT3_MUSDO Glutathione S-transferase 3 OS=Musca domestica OX=7370 GN=Gst3 PE=2 SV=1
TRINITY_DN12434_c0_g2_i1.p1	sp|P46433|GSTT4_MUSDO	37.7	212	217	210	3	213	1	210	2.19e-40	140	sp|P46433|GSTT4_MUSDO Glutathione S-transferase 4 OS=Musca domestica OX=7370 GN=Gst4 PE=2 SV=1
TRINITY_DN12434_c0_g2_i1.p1	sp|P20432|GSTD1_DROME	38.8	201	217	209	3	203	2	200	6.02e-40	139	sp|P20432|GSTD1_DROME Glutathione S-transferase D1 OS=Drosophila melanogaster OX=7227 GN=GstD1 PE=1 SV=1
TRINITY_DN12434_c0_g2_i1.p1	sp|Q9VG95|GSTD5_DROME	38.9	190	217	216	15	204	13	200	1.03e-39	138	sp|Q9VG95|GSTD5_DROME Glutathione S-transferase D5 OS=Drosophila melanogaster OX=7227 GN=GstD5 PE=1 SV=2
TRINITY_DN12434_c0_g2_i1.p1	sp|O76483|GSTT7_ANOGA	35.3	218	217	218	1	215	1	216	3.07e-39	137	sp|O76483|GSTT7_ANOGA Glutathione S-transferase D7 OS=Anopheles gambiae OX=7165 GN=GstD7 PE=2 SV=1
TRINITY_DN12434_c0_g2_i1.p1	sp|P30106|GSTT1_DROSE	37.2	207	217	209	6	212	5	209	3.38e-39	137	sp|P30106|GSTT1_DROSE Glutathione S-transferase 1-1 OS=Drosophila sechellia OX=7238 GN=GstD1 PE=3 SV=2
TRINITY_DN12434_c0_g2_i1.p1	sp|P67805|GSTT1_DROSI	38.4	198	217	209	6	203	5	200	4.78e-39	136	sp|P67805|GSTT1_DROSI Glutathione S-transferase 1-1 OS=Drosophila simulans OX=7240 GN=GstD1 PE=2 SV=2
TRINITY_DN12434_c0_g2_i1.p1	sp|Q93112|GST1C_ANOGA	35.5	211	217	209	3	213	1	209	6.75e-39	136	sp|Q93112|GST1C_ANOGA Glutathione S-transferase 1, isoform C OS=Anopheles gambiae OX=7165 GN=GstD1 PE=1 SV=2
TRINITY_DN12434_c0_g2_i1.p1	sp|P30108|GSTT1_DROYA	38.4	198	217	209	6	203	5	200	9.53e-39	135	sp|P30108|GSTT1_DROYA Glutathione S-transferase 1-1 OS=Drosophila yakuba OX=7245 GN=GstD1 PE=3 SV=2
TRINITY_DN12434_c0_g2_i1.p1	sp|P67804|GSTT1_DROMA	38.3	193	217	200	11	203	2	192	1.05e-38	135	sp|P67804|GSTT1_DROMA Glutathione S-transferase 1-1 (Fragment) OS=Drosophila mauritiana OX=7226 GN=GstD1 PE=3 SV=1
TRINITY_DN12434_c0_g2_i1.p1	sp|Q9VG94|GSTD6_DROME	32.9	213	217	215	3	215	1	211	2.24e-38	135	sp|Q9VG94|GSTD6_DROME Glutathione S-transferase D6 OS=Drosophila melanogaster OX=7227 GN=GstD6 PE=1 SV=1
TRINITY_DN12434_c0_g2_i1.p1	sp|P30107|GSTT1_DROTE	37.8	193	217	200	11	203	2	192	5.89e-38	133	sp|P30107|GSTT1_DROTE Glutathione S-transferase 1-1 (Fragment) OS=Drosophila teissieri OX=7243 GN=GstD1 PE=3 SV=1
TRINITY_DN12434_c0_g2_i1.p1	sp|P30104|GSTT1_DROER	37.4	198	217	209	6	203	5	200	1.51e-37	132	sp|P30104|GSTT1_DROER Glutathione S-transferase 1-1 OS=Drosophila erecta OX=7220 GN=GstD1 PE=3 SV=2
TRINITY_DN12434_c0_g2_i1.p1	sp|Q9VG97|GSTD3_DROME	33.3	186	217	199	28	213	10	193	4.55e-37	131	sp|Q9VG97|GSTD3_DROME Inactive glutathione S-transferase D3 OS=Drosophila melanogaster OX=7227 GN=GstD3 PE=2 SV=1
TRINITY_DN12434_c0_g2_i1.p1	sp|Q93113|GST1D_ANOGA	36.6	202	217	209	3	204	1	200	5.99e-37	131	sp|Q93113|GST1D_ANOGA Glutathione S-transferase 1, isoform D OS=Anopheles gambiae OX=7165 GN=GstD1 PE=1 SV=1
TRINITY_DN12434_c0_g2_i1.p1	sp|Q9VG96|GSTD4_DROME	34.7	202	217	215	15	216	13	212	1.40e-36	130	sp|Q9VG96|GSTD4_DROME Glutathione S-transferase D4 OS=Drosophila melanogaster OX=7227 GN=GstD4 PE=1 SV=1
TRINITY_DN12434_c0_g2_i1.p1	sp|Q9VG98|GSTD2_DROME	36.5	189	217	215	15	203	13	199	8.72e-35	125	sp|Q9VG98|GSTD2_DROME Glutathione S-transferase D2 OS=Drosophila melanogaster OX=7227 GN=GstD2 PE=1 SV=1
TRINITY_DN12434_c0_g2_i1.p1	sp|Q9VG93|GSTD7_DROME	34.5	200	217	224	2	200	3	200	1.10e-34	125	sp|Q9VG93|GSTD7_DROME Glutathione S-transferase D7 OS=Drosophila melanogaster OX=7227 GN=GstD7 PE=1 SV=1
TRINITY_DN12434_c0_g2_i1.p1	sp|Q94999|GSTT2_ANOGA	37.6	165	217	209	3	166	2	165	1.42e-31	117	sp|Q94999|GSTT2_ANOGA Glutathione S-transferase 2 OS=Anopheles gambiae OX=7165 GN=GstD2 PE=3 SV=2
TRINITY_DN12434_c0_g2_i1.p1	sp|O77473|GST1B_ANOGA	33.0	215	217	216	3	213	1	213	4.76e-31	116	sp|O77473|GST1B_ANOGA Glutathione S-transferase 1, isoform B OS=Anopheles gambiae OX=7165 GN=GstD1 PE=2 SV=2
TRINITY_DN12434_c0_g2_i1.p1	sp|Q7JYX0|GSTEE_DROME	30.4	207	217	232	5	210	8	208	2.77e-30	114	sp|Q7JYX0|GSTEE_DROME Glutathione S-transferase E14 OS=Drosophila melanogaster OX=7227 GN=GstE14 PE=1 SV=1
TRINITY_DN12434_c0_g2_i2.p1	sp|P46430|GSTT1_MANSE	43.5	207	217	217	1	203	1	204	2.23e-50	166	sp|P46430|GSTT1_MANSE Glutathione S-transferase 1 OS=Manduca sexta OX=7130 GN=GST1 PE=2 SV=1
TRINITY_DN12434_c0_g2_i2.p1	sp|P28338|GSTT1_MUSDO	39.3	201	217	208	3	203	1	199	1.64e-42	145	sp|P28338|GSTT1_MUSDO Glutathione S-transferase 1 OS=Musca domestica OX=7370 GN=Gst1 PE=1 SV=1
TRINITY_DN12434_c0_g2_i2.p1	sp|P42860|GSTT1_LUCCU	38.3	201	217	208	3	203	1	199	1.30e-41	143	sp|P42860|GSTT1_LUCCU Glutathione S-transferase 1-1 OS=Lucilia cuprina OX=7375 GN=GST1 PE=1 SV=2
TRINITY_DN12434_c0_g2_i2.p1	sp|P46431|GSTT2_MUSDO	37.7	212	217	210	3	213	1	210	3.90e-41	142	sp|P46431|GSTT2_MUSDO Glutathione S-transferase 2 OS=Musca domestica OX=7370 GN=Gst2 PE=2 SV=2
TRINITY_DN12434_c0_g2_i2.p1	sp|P46432|GSTT3_MUSDO	37.7	212	217	210	3	213	1	210	7.78e-41	141	sp|P46432|GSTT3_MUSDO Glutathione S-transferase 3 OS=Musca domestica OX=7370 GN=Gst3 PE=2 SV=1
TRINITY_DN12434_c0_g2_i2.p1	sp|P46433|GSTT4_MUSDO	37.7	212	217	210	3	213	1	210	2.19e-40	140	sp|P46433|GSTT4_MUSDO Glutathione S-transferase 4 OS=Musca domestica OX=7370 GN=Gst4 PE=2 SV=1
TRINITY_DN12434_c0_g2_i2.p1	sp|P20432|GSTD1_DROME	38.8	201	217	209	3	203	2	200	6.02e-40	139	sp|P20432|GSTD1_DROME Glutathione S-transferase D1 OS=Drosophila melanogaster OX=7227 GN=GstD1 PE=1 SV=1
TRINITY_DN12434_c0_g2_i2.p1	sp|Q9VG95|GSTD5_DROME	38.9	190	217	216	15	204	13	200	1.03e-39	138	sp|Q9VG95|GSTD5_DROME Glutathione S-transferase D5 OS=Drosophila melanogaster OX=7227 GN=GstD5 PE=1 SV=2
TRINITY_DN12434_c0_g2_i2.p1	sp|O76483|GSTT7_ANOGA	35.3	218	217	218	1	215	1	216	3.07e-39	137	sp|O76483|GSTT7_ANOGA Glutathione S-transferase D7 OS=Anopheles gambiae OX=7165 GN=GstD7 PE=2 SV=1
TRINITY_DN12434_c0_g2_i2.p1	sp|P30106|GSTT1_DROSE	37.2	207	217	209	6	212	5	209	3.38e-39	137	sp|P30106|GSTT1_DROSE Glutathione S-transferase 1-1 OS=Drosophila sechellia OX=7238 GN=GstD1 PE=3 SV=2
TRINITY_DN12434_c0_g2_i2.p1	sp|P67805|GSTT1_DROSI	38.4	198	217	209	6	203	5	200	4.78e-39	136	sp|P67805|GSTT1_DROSI Glutathione S-transferase 1-1 OS=Drosophila simulans OX=7240 GN=GstD1 PE=2 SV=2
TRINITY_DN12434_c0_g2_i2.p1	sp|Q93112|GST1C_ANOGA	35.5	211	217	209	3	213	1	209	6.75e-39	136	sp|Q93112|GST1C_ANOGA Glutathione S-transferase 1, isoform C OS=Anopheles gambiae OX=7165 GN=GstD1 PE=1 SV=2
TRINITY_DN12434_c0_g2_i2.p1	sp|P30108|GSTT1_DROYA	38.4	198	217	209	6	203	5	200	9.53e-39	135	sp|P30108|GSTT1_DROYA Glutathione S-transferase 1-1 OS=Drosophila yakuba OX=7245 GN=GstD1 PE=3 SV=2
TRINITY_DN12434_c0_g2_i2.p1	sp|P67804|GSTT1_DROMA	38.3	193	217	200	11	203	2	192	1.05e-38	135	sp|P67804|GSTT1_DROMA Glutathione S-transferase 1-1 (Fragment) OS=Drosophila mauritiana OX=7226 GN=GstD1 PE=3 SV=1
TRINITY_DN12434_c0_g2_i2.p1	sp|Q9VG94|GSTD6_DROME	32.9	213	217	215	3	215	1	211	2.24e-38	135	sp|Q9VG94|GSTD6_DROME Glutathione S-transferase D6 OS=Drosophila melanogaster OX=7227 GN=GstD6 PE=1 SV=1
TRINITY_DN12434_c0_g2_i2.p1	sp|P30107|GSTT1_DROTE	37.8	193	217	200	11	203	2	192	5.89e-38	133	sp|P30107|GSTT1_DROTE Glutathione S-transferase 1-1 (Fragment) OS=Drosophila teissieri OX=7243 GN=GstD1 PE=3 SV=1
TRINITY_DN12434_c0_g2_i2.p1	sp|P30104|GSTT1_DROER	37.4	198	217	209	6	203	5	200	1.51e-37	132	sp|P30104|GSTT1_DROER Glutathione S-transferase 1-1 OS=Drosophila erecta OX=7220 GN=GstD1 PE=3 SV=2
TRINITY_DN12434_c0_g2_i2.p1	sp|Q9VG97|GSTD3_DROME	33.3	186	217	199	28	213	10	193	4.55e-37	131	sp|Q9VG97|GSTD3_DROME Inactive glutathione S-transferase D3 OS=Drosophila melanogaster OX=7227 GN=GstD3 PE=2 SV=1
TRINITY_DN12434_c0_g2_i2.p1	sp|Q93113|GST1D_ANOGA	36.6	202	217	209	3	204	1	200	5.99e-37	131	sp|Q93113|GST1D_ANOGA Glutathione S-transferase 1, isoform D OS=Anopheles gambiae OX=7165 GN=GstD1 PE=1 SV=1
TRINITY_DN12434_c0_g2_i2.p1	sp|Q9VG96|GSTD4_DROME	34.7	202	217	215	15	216	13	212	1.40e-36	130	sp|Q9VG96|GSTD4_DROME Glutathione S-transferase D4 OS=Drosophila melanogaster OX=7227 GN=GstD4 PE=1 SV=1
TRINITY_DN12434_c0_g2_i2.p1	sp|Q9VG98|GSTD2_DROME	36.5	189	217	215	15	203	13	199	8.72e-35	125	sp|Q9VG98|GSTD2_DROME Glutathione S-transferase D2 OS=Drosophila melanogaster OX=7227 GN=GstD2 PE=1 SV=1
TRINITY_DN12434_c0_g2_i2.p1	sp|Q9VG93|GSTD7_DROME	34.5	200	217	224	2	200	3	200	1.10e-34	125	sp|Q9VG93|GSTD7_DROME Glutathione S-transferase D7 OS=Drosophila melanogaster OX=7227 GN=GstD7 PE=1 SV=1
TRINITY_DN12434_c0_g2_i2.p1	sp|Q94999|GSTT2_ANOGA	37.6	165	217	209	3	166	2	165	1.42e-31	117	sp|Q94999|GSTT2_ANOGA Glutathione S-transferase 2 OS=Anopheles gambiae OX=7165 GN=GstD2 PE=3 SV=2
TRINITY_DN12434_c0_g2_i2.p1	sp|O77473|GST1B_ANOGA	33.0	215	217	216	3	213	1	213	4.76e-31	116	sp|O77473|GST1B_ANOGA Glutathione S-transferase 1, isoform B OS=Anopheles gambiae OX=7165 GN=GstD1 PE=2 SV=2
TRINITY_DN12434_c0_g2_i2.p1	sp|Q7JYX0|GSTEE_DROME	30.4	207	217	232	5	210	8	208	2.77e-30	114	sp|Q7JYX0|GSTEE_DROME Glutathione S-transferase E14 OS=Drosophila melanogaster OX=7227 GN=GstE14 PE=1 SV=1
TRINITY_DN1310_c0_g1_i1.p1	sp|P28338|GSTT1_MUSDO	33.2	190	228	208	6	195	4	187	2.51e-28	109	sp|P28338|GSTT1_MUSDO Glutathione S-transferase 1 OS=Musca domestica OX=7370 GN=Gst1 PE=1 SV=1
TRINITY_DN1310_c0_g1_i1.p1	sp|Q93112|GST1C_ANOGA	32.5	191	228	209	6	196	4	188	7.14e-28	108	sp|Q93112|GST1C_ANOGA Glutathione S-transferase 1, isoform C OS=Anopheles gambiae OX=7165 GN=GstD1 PE=1 SV=2
TRINITY_DN1310_c0_g1_i1.p1	sp|P46430|GSTT1_MANSE	28.6	217	228	217	1	215	1	212	6.67e-27	105	sp|P46430|GSTT1_MANSE Glutathione S-transferase 1 OS=Manduca sexta OX=7130 GN=GST1 PE=2 SV=1
TRINITY_DN1310_c0_g1_i1.p1	sp|Q93113|GST1D_ANOGA	33.0	188	228	209	6	193	4	185	7.74e-27	105	sp|Q93113|GST1D_ANOGA Glutathione S-transferase 1, isoform D OS=Anopheles gambiae OX=7165 GN=GstD1 PE=1 SV=1
TRINITY_DN1310_c0_g1_i1.p1	sp|P42860|GSTT1_LUCCU	32.1	187	228	208	6	192	4	184	4.13e-26	103	sp|P42860|GSTT1_LUCCU Glutathione S-transferase 1-1 OS=Lucilia cuprina OX=7375 GN=GST1 PE=1 SV=2
TRINITY_DN1310_c0_g1_i1.p1	sp|O76483|GSTT7_ANOGA	31.8	195	228	218	1	193	1	187	5.23e-26	103	sp|O76483|GSTT7_ANOGA Glutathione S-transferase D7 OS=Anopheles gambiae OX=7165 GN=GstD7 PE=2 SV=1
TRINITY_DN1310_c0_g1_i1.p1	sp|Q94999|GSTT2_ANOGA	34.1	164	228	209	6	169	5	164	2.31e-25	101	sp|Q94999|GSTT2_ANOGA Glutathione S-transferase 2 OS=Anopheles gambiae OX=7165 GN=GstD2 PE=3 SV=2
TRINITY_DN1310_c0_g1_i1.p1	sp|Q9VG96|GSTD4_DROME	30.6	186	228	215	11	196	9	188	2.84e-24	99.0	sp|Q9VG96|GSTD4_DROME Glutathione S-transferase D4 OS=Drosophila melanogaster OX=7227 GN=GstD4 PE=1 SV=1
TRINITY_DN1310_c0_g1_i1.p1	sp|P20432|GSTD1_DROME	30.8	185	228	209	6	190	5	183	1.02e-22	94.7	sp|P20432|GSTD1_DROME Glutathione S-transferase D1 OS=Drosophila melanogaster OX=7227 GN=GstD1 PE=1 SV=1
TRINITY_DN1310_c0_g1_i1.p1	sp|Q9VG95|GSTD5_DROME	28.0	182	228	216	15	196	13	188	8.92e-22	92.4	sp|Q9VG95|GSTD5_DROME Glutathione S-transferase D5 OS=Drosophila melanogaster OX=7227 GN=GstD5 PE=1 SV=2
TRINITY_DN1310_c0_g1_i1.p1	sp|O65857|GSTF1_ORYSJ	31.5	203	228	219	11	202	12	209	1.33e-21	92.0	sp|O65857|GSTF1_ORYSJ Probable glutathione S-transferase GSTF1 OS=Oryza sativa subsp. japonica OX=39947 GN=GSTF1 PE=1 SV=2
TRINITY_DN1310_c0_g1_i1.p1	sp|P30106|GSTT1_DROSE	32.3	161	228	209	6	166	5	160	2.10e-21	91.3	sp|P30106|GSTT1_DROSE Glutathione S-transferase 1-1 OS=Drosophila sechellia OX=7238 GN=GstD1 PE=3 SV=2
TRINITY_DN1310_c0_g1_i1.p1	sp|P67805|GSTT1_DROSI	32.3	161	228	209	6	166	5	160	2.10e-21	91.3	sp|P67805|GSTT1_DROSI Glutathione S-transferase 1-1 OS=Drosophila simulans OX=7240 GN=GstD1 PE=2 SV=2
TRINITY_DN1310_c0_g1_i1.p1	sp|Q9VG93|GSTD7_DROME	28.4	229	228	224	5	226	6	221	2.88e-21	91.3	sp|Q9VG93|GSTD7_DROME Glutathione S-transferase D7 OS=Drosophila melanogaster OX=7227 GN=GstD7 PE=1 SV=1
TRINITY_DN1310_c0_g1_i1.p1	sp|P30108|GSTT1_DROYA	32.3	161	228	209	6	166	5	160	2.94e-21	90.9	sp|P30108|GSTT1_DROYA Glutathione S-transferase 1-1 OS=Drosophila yakuba OX=7245 GN=GstD1 PE=3 SV=2
TRINITY_DN1310_c0_g1_i1.p1	sp|P67804|GSTT1_DROMA	32.7	156	228	200	11	166	2	152	3.38e-21	90.5	sp|P67804|GSTT1_DROMA Glutathione S-transferase 1-1 (Fragment) OS=Drosophila mauritiana OX=7226 GN=GstD1 PE=3 SV=1
TRINITY_DN1310_c0_g1_i1.p1	sp|Q9VG98|GSTD2_DROME	30.7	176	228	215	15	190	13	182	1.28e-20	89.4	sp|Q9VG98|GSTD2_DROME Glutathione S-transferase D2 OS=Drosophila melanogaster OX=7227 GN=GstD2 PE=1 SV=1
TRINITY_DN1310_c0_g1_i1.p1	sp|P30107|GSTT1_DROTE	32.1	156	228	200	11	166	2	152	1.30e-20	89.0	sp|P30107|GSTT1_DROTE Glutathione S-transferase 1-1 (Fragment) OS=Drosophila teissieri OX=7243 GN=GstD1 PE=3 SV=1
TRINITY_DN1310_c0_g1_i1.p1	sp|O77473|GST1B_ANOGA	32.1	165	228	216	6	169	4	166	1.31e-20	89.4	sp|O77473|GST1B_ANOGA Glutathione S-transferase 1, isoform B OS=Anopheles gambiae OX=7165 GN=GstD1 PE=2 SV=2
TRINITY_DN1310_c0_g1_i1.p1	sp|P46433|GSTT4_MUSDO	31.1	196	228	210	6	196	4	189	4.40e-20	87.8	sp|P46433|GSTT4_MUSDO Glutathione S-transferase 4 OS=Musca domestica OX=7370 GN=Gst4 PE=2 SV=1
TRINITY_DN1310_c0_g1_i1.p1	sp|P46431|GSTT2_MUSDO	29.5	190	228	210	6	195	4	188	8.58e-20	87.0	sp|P46431|GSTT2_MUSDO Glutathione S-transferase 2 OS=Musca domestica OX=7370 GN=Gst2 PE=2 SV=2
TRINITY_DN1310_c0_g1_i1.p1	sp|O77462|GST1A_ANOGA	32.1	165	228	186	6	166	4	167	1.00e-19	86.3	sp|O77462|GST1A_ANOGA Glutathione S-transferase 1, isoform A OS=Anopheles gambiae OX=7165 GN=GstD1 PE=2 SV=3
TRINITY_DN1310_c0_g1_i1.p1	sp|P12653|GSTF1_MAIZE	33.0	188	228	214	22	202	23	205	1.30e-19	86.7	sp|P12653|GSTF1_MAIZE Glutathione S-transferase 1 OS=Zea mays OX=4577 GN=GST1 PE=1 SV=4
TRINITY_DN1310_c0_g1_i1.p1	sp|P46432|GSTT3_MUSDO	29.5	190	228	210	6	195	4	188	1.67e-19	86.3	sp|P46432|GSTT3_MUSDO Glutathione S-transferase 3 OS=Musca domestica OX=7370 GN=Gst3 PE=2 SV=1
TRINITY_DN1310_c0_g1_i1.p1	sp|P30104|GSTT1_DROER	31.1	161	228	209	6	166	5	160	2.29e-19	85.9	sp|P30104|GSTT1_DROER Glutathione S-transferase 1-1 OS=Drosophila erecta OX=7220 GN=GstD1 PE=3 SV=2
TRINITY_DN1310_c0_g1_i20.p1	sp|O76483|GSTT7_ANOGA	38.4	112	149	218	3	114	1	110	2.90e-21	88.6	sp|O76483|GSTT7_ANOGA Glutathione S-transferase D7 OS=Anopheles gambiae OX=7165 GN=GstD7 PE=2 SV=1
TRINITY_DN1310_c0_g1_i20.p1	sp|P46430|GSTT1_MANSE	39.5	114	149	217	3	115	1	112	8.49e-20	84.7	sp|P46430|GSTT1_MANSE Glutathione S-transferase 1 OS=Manduca sexta OX=7130 GN=GST1 PE=2 SV=1
TRINITY_DN1310_c0_g1_i20.p1	sp|Q94999|GSTT2_ANOGA	40.6	106	149	209	8	113	5	109	2.01e-19	83.6	sp|Q94999|GSTT2_ANOGA Glutathione S-transferase 2 OS=Anopheles gambiae OX=7165 GN=GstD2 PE=3 SV=2
TRINITY_DN1310_c0_g1_i20.p1	sp|P28338|GSTT1_MUSDO	39.4	104	149	208	8	111	4	105	2.76e-19	83.2	sp|P28338|GSTT1_MUSDO Glutathione S-transferase 1 OS=Musca domestica OX=7370 GN=Gst1 PE=1 SV=1
TRINITY_DN1310_c0_g1_i20.p1	sp|O77473|GST1B_ANOGA	38.3	107	149	216	8	113	4	110	3.23e-19	83.2	sp|O77473|GST1B_ANOGA Glutathione S-transferase 1, isoform B OS=Anopheles gambiae OX=7165 GN=GstD1 PE=2 SV=2
TRINITY_DN1310_c0_g1_i20.p1	sp|P42860|GSTT1_LUCCU	39.4	104	149	208	8	111	4	105	5.45e-19	82.4	sp|P42860|GSTT1_LUCCU Glutathione S-transferase 1-1 OS=Lucilia cuprina OX=7375 GN=GST1 PE=1 SV=2
TRINITY_DN1310_c0_g1_i20.p1	sp|Q93112|GST1C_ANOGA	37.7	106	149	209	8	113	4	107	7.80e-19	82.0	sp|Q93112|GST1C_ANOGA Glutathione S-transferase 1, isoform C OS=Anopheles gambiae OX=7165 GN=GstD1 PE=1 SV=2
TRINITY_DN1310_c0_g1_i20.p1	sp|Q93113|GST1D_ANOGA	36.8	106	149	209	8	113	4	107	2.16e-18	80.9	sp|Q93113|GST1D_ANOGA Glutathione S-transferase 1, isoform D OS=Anopheles gambiae OX=7165 GN=GstD1 PE=1 SV=1
TRINITY_DN1310_c0_g1_i20.p1	sp|Q9VG96|GSTD4_DROME	40.6	96	149	215	13	108	9	102	6.65e-18	79.7	sp|Q9VG96|GSTD4_DROME Glutathione S-transferase D4 OS=Drosophila melanogaster OX=7227 GN=GstD4 PE=1 SV=1
TRINITY_DN1310_c0_g1_i20.p1	sp|P46431|GSTT2_MUSDO	39.6	101	149	210	8	108	4	103	1.19e-17	79.0	sp|P46431|GSTT2_MUSDO Glutathione S-transferase 2 OS=Musca domestica OX=7370 GN=Gst2 PE=2 SV=2
TRINITY_DN1310_c0_g1_i20.p1	sp|P46432|GSTT3_MUSDO	39.6	101	149	210	8	108	4	103	1.19e-17	79.0	sp|P46432|GSTT3_MUSDO Glutathione S-transferase 3 OS=Musca domestica OX=7370 GN=Gst3 PE=2 SV=1
TRINITY_DN1310_c0_g1_i20.p1	sp|P20432|GSTD1_DROME	37.5	104	149	209	8	111	5	106	3.22e-17	77.8	sp|P20432|GSTD1_DROME Glutathione S-transferase D1 OS=Drosophila melanogaster OX=7227 GN=GstD1 PE=1 SV=1
TRINITY_DN1310_c0_g1_i20.p1	sp|P30106|GSTT1_DROSE	37.5	104	149	209	8	111	5	106	3.22e-17	77.8	sp|P30106|GSTT1_DROSE Glutathione S-transferase 1-1 OS=Drosophila sechellia OX=7238 GN=GstD1 PE=3 SV=2
TRINITY_DN1310_c0_g1_i20.p1	sp|P67805|GSTT1_DROSI	37.5	104	149	209	8	111	5	106	3.22e-17	77.8	sp|P67805|GSTT1_DROSI Glutathione S-transferase 1-1 OS=Drosophila simulans OX=7240 GN=GstD1 PE=2 SV=2
TRINITY_DN1310_c0_g1_i20.p1	sp|P30108|GSTT1_DROYA	37.5	104	149	209	8	111	5	106	3.22e-17	77.8	sp|P30108|GSTT1_DROYA Glutathione S-transferase 1-1 OS=Drosophila yakuba OX=7245 GN=GstD1 PE=3 SV=2
TRINITY_DN1310_c0_g1_i20.p1	sp|P30107|GSTT1_DROTE	38.4	99	149	200	13	111	2	98	3.82e-17	77.4	sp|P30107|GSTT1_DROTE Glutathione S-transferase 1-1 (Fragment) OS=Drosophila teissieri OX=7243 GN=GstD1 PE=3 SV=1
TRINITY_DN1310_c0_g1_i20.p1	sp|O77462|GST1A_ANOGA	38.2	110	149	186	8	113	4	113	4.07e-17	77.0	sp|O77462|GST1A_ANOGA Glutathione S-transferase 1, isoform A OS=Anopheles gambiae OX=7165 GN=GstD1 PE=2 SV=3
TRINITY_DN1310_c0_g1_i20.p1	sp|P67804|GSTT1_DROMA	38.4	99	149	200	13	111	2	98	5.35e-17	77.0	sp|P67804|GSTT1_DROMA Glutathione S-transferase 1-1 (Fragment) OS=Drosophila mauritiana OX=7226 GN=GstD1 PE=3 SV=1
TRINITY_DN1310_c0_g1_i20.p1	sp|P46433|GSTT4_MUSDO	37.5	104	149	210	8	111	4	106	9.03e-17	76.6	sp|P46433|GSTT4_MUSDO Glutathione S-transferase 4 OS=Musca domestica OX=7370 GN=Gst4 PE=2 SV=1
TRINITY_DN1310_c0_g1_i20.p1	sp|O65857|GSTF1_ORYSJ	40.9	88	149	219	13	100	12	99	4.05e-16	75.1	sp|O65857|GSTF1_ORYSJ Probable glutathione S-transferase GSTF1 OS=Oryza sativa subsp. japonica OX=39947 GN=GSTF1 PE=1 SV=2
TRINITY_DN1310_c0_g1_i20.p1	sp|P30104|GSTT1_DROER	36.5	104	149	209	8	111	5	106	6.69e-16	74.3	sp|P30104|GSTT1_DROER Glutathione S-transferase 1-1 OS=Drosophila erecta OX=7220 GN=GstD1 PE=3 SV=2
TRINITY_DN1310_c0_g1_i20.p1	sp|Q9VG93|GSTD7_DROME	35.8	106	149	224	7	111	6	109	1.68e-15	73.6	sp|Q9VG93|GSTD7_DROME Glutathione S-transferase D7 OS=Drosophila melanogaster OX=7227 GN=GstD7 PE=1 SV=1
TRINITY_DN1310_c0_g1_i20.p1	sp|Q9VG95|GSTD5_DROME	35.5	93	149	216	19	111	15	105	2.14e-14	70.5	sp|Q9VG95|GSTD5_DROME Glutathione S-transferase D5 OS=Drosophila melanogaster OX=7227 GN=GstD5 PE=1 SV=2
TRINITY_DN1310_c0_g1_i20.p1	sp|Q9VG98|GSTD2_DROME	38.7	93	149	215	19	111	15	105	2.94e-14	70.1	sp|Q9VG98|GSTD2_DROME Glutathione S-transferase D2 OS=Drosophila melanogaster OX=7227 GN=GstD2 PE=1 SV=1
TRINITY_DN1310_c0_g1_i20.p1	sp|Q9VG97|GSTD3_DROME	36.3	91	149	199	21	111	1	89	6.19e-14	68.9	sp|Q9VG97|GSTD3_DROME Inactive glutathione S-transferase D3 OS=Drosophila melanogaster OX=7227 GN=GstD3 PE=2 SV=1
TRINITY_DN1310_c0_g1_i26.p1	sp|P28338|GSTT1_MUSDO	32.6	190	228	208	6	195	4	187	2.51e-28	109	sp|P28338|GSTT1_MUSDO Glutathione S-transferase 1 OS=Musca domestica OX=7370 GN=Gst1 PE=1 SV=1
TRINITY_DN1310_c0_g1_i26.p1	sp|Q93112|GST1C_ANOGA	31.9	191	228	209	6	196	4	188	7.14e-28	108	sp|Q93112|GST1C_ANOGA Glutathione S-transferase 1, isoform C OS=Anopheles gambiae OX=7165 GN=GstD1 PE=1 SV=2
TRINITY_DN1310_c0_g1_i26.p1	sp|Q93113|GST1D_ANOGA	32.4	188	228	209	6	193	4	185	7.74e-27	105	sp|Q93113|GST1D_ANOGA Glutathione S-transferase 1, isoform D OS=Anopheles gambiae OX=7165 GN=GstD1 PE=1 SV=1
TRINITY_DN1310_c0_g1_i26.p1	sp|O76483|GSTT7_ANOGA	31.8	195	228	218	1	193	1	187	1.35e-26	105	sp|O76483|GSTT7_ANOGA Glutathione S-transferase D7 OS=Anopheles gambiae OX=7165 GN=GstD7 PE=2 SV=1
TRINITY_DN1310_c0_g1_i26.p1	sp|P46430|GSTT1_MANSE	28.1	217	228	217	1	215	1	212	1.85e-26	104	sp|P46430|GSTT1_MANSE Glutathione S-transferase 1 OS=Manduca sexta OX=7130 GN=GST1 PE=2 SV=1
TRINITY_DN1310_c0_g1_i26.p1	sp|P42860|GSTT1_LUCCU	31.6	187	228	208	6	192	4	184	4.13e-26	103	sp|P42860|GSTT1_LUCCU Glutathione S-transferase 1-1 OS=Lucilia cuprina OX=7375 GN=GST1 PE=1 SV=2
TRINITY_DN1310_c0_g1_i26.p1	sp|Q94999|GSTT2_ANOGA	34.1	164	228	209	6	169	5	164	1.17e-25	102	sp|Q94999|GSTT2_ANOGA Glutathione S-transferase 2 OS=Anopheles gambiae OX=7165 GN=GstD2 PE=3 SV=2
TRINITY_DN1310_c0_g1_i26.p1	sp|Q9VG96|GSTD4_DROME	30.1	186	228	215	11	196	9	188	2.02e-24	99.4	sp|Q9VG96|GSTD4_DROME Glutathione S-transferase D4 OS=Drosophila melanogaster OX=7227 GN=GstD4 PE=1 SV=1
TRINITY_DN1310_c0_g1_i26.p1	sp|P20432|GSTD1_DROME	30.3	185	228	209	6	190	5	183	1.02e-22	94.7	sp|P20432|GSTD1_DROME Glutathione S-transferase D1 OS=Drosophila melanogaster OX=7227 GN=GstD1 PE=1 SV=1
TRINITY_DN1310_c0_g1_i26.p1	sp|Q9VG95|GSTD5_DROME	28.0	182	228	216	15	196	13	188	2.33e-22	94.0	sp|Q9VG95|GSTD5_DROME Glutathione S-transferase D5 OS=Drosophila melanogaster OX=7227 GN=GstD5 PE=1 SV=2
TRINITY_DN1310_c0_g1_i26.p1	sp|Q9VG93|GSTD7_DROME	28.4	229	228	224	5	226	6	221	7.55e-22	92.8	sp|Q9VG93|GSTD7_DROME Glutathione S-transferase D7 OS=Drosophila melanogaster OX=7227 GN=GstD7 PE=1 SV=1
TRINITY_DN1310_c0_g1_i26.p1	sp|O65857|GSTF1_ORYSJ	31.5	203	228	219	11	202	12	209	1.33e-21	92.0	sp|O65857|GSTF1_ORYSJ Probable glutathione S-transferase GSTF1 OS=Oryza sativa subsp. japonica OX=39947 GN=GSTF1 PE=1 SV=2
TRINITY_DN1310_c0_g1_i26.p1	sp|P30106|GSTT1_DROSE	31.7	161	228	209	6	166	5	160	2.10e-21	91.3	sp|P30106|GSTT1_DROSE Glutathione S-transferase 1-1 OS=Drosophila sechellia OX=7238 GN=GstD1 PE=3 SV=2
TRINITY_DN1310_c0_g1_i26.p1	sp|P67805|GSTT1_DROSI	31.7	161	228	209	6	166	5	160	2.10e-21	91.3	sp|P67805|GSTT1_DROSI Glutathione S-transferase 1-1 OS=Drosophila simulans OX=7240 GN=GstD1 PE=2 SV=2
TRINITY_DN1310_c0_g1_i26.p1	sp|P30108|GSTT1_DROYA	31.7	161	228	209	6	166	5	160	2.94e-21	90.9	sp|P30108|GSTT1_DROYA Glutathione S-transferase 1-1 OS=Drosophila yakuba OX=7245 GN=GstD1 PE=3 SV=2
TRINITY_DN1310_c0_g1_i26.p1	sp|Q9VG98|GSTD2_DROME	30.7	176	228	215	15	190	13	182	3.35e-21	90.9	sp|Q9VG98|GSTD2_DROME Glutathione S-transferase D2 OS=Drosophila melanogaster OX=7227 GN=GstD2 PE=1 SV=1
TRINITY_DN1310_c0_g1_i26.p1	sp|P67804|GSTT1_DROMA	32.1	156	228	200	11	166	2	152	3.38e-21	90.5	sp|P67804|GSTT1_DROMA Glutathione S-transferase 1-1 (Fragment) OS=Drosophila mauritiana OX=7226 GN=GstD1 PE=3 SV=1
TRINITY_DN1310_c0_g1_i26.p1	sp|P30107|GSTT1_DROTE	32.1	156	228	200	11	166	2	152	3.38e-21	90.5	sp|P30107|GSTT1_DROTE Glutathione S-transferase 1-1 (Fragment) OS=Drosophila teissieri OX=7243 GN=GstD1 PE=3 SV=1
TRINITY_DN1310_c0_g1_i26.p1	sp|O77473|GST1B_ANOGA	31.5	165	228	216	6	169	4	166	1.31e-20	89.4	sp|O77473|GST1B_ANOGA Glutathione S-transferase 1, isoform B OS=Anopheles gambiae OX=7165 GN=GstD1 PE=2 SV=2
TRINITY_DN1310_c0_g1_i26.p1	sp|P46433|GSTT4_MUSDO	30.6	196	228	210	6	196	4	189	4.40e-20	87.8	sp|P46433|GSTT4_MUSDO Glutathione S-transferase 4 OS=Musca domestica OX=7370 GN=Gst4 PE=2 SV=1
TRINITY_DN1310_c0_g1_i26.p1	sp|P30104|GSTT1_DROER	31.1	161	228	209	6	166	5	160	6.02e-20	87.4	sp|P30104|GSTT1_DROER Glutathione S-transferase 1-1 OS=Drosophila erecta OX=7220 GN=GstD1 PE=3 SV=2
TRINITY_DN1310_c0_g1_i26.p1	sp|P46431|GSTT2_MUSDO	28.9	190	228	210	6	195	4	188	8.58e-20	87.0	sp|P46431|GSTT2_MUSDO Glutathione S-transferase 2 OS=Musca domestica OX=7370 GN=Gst2 PE=2 SV=2
TRINITY_DN1310_c0_g1_i26.p1	sp|O77462|GST1A_ANOGA	31.5	165	228	186	6	166	4	167	1.00e-19	86.3	sp|O77462|GST1A_ANOGA Glutathione S-transferase 1, isoform A OS=Anopheles gambiae OX=7165 GN=GstD1 PE=2 SV=3
TRINITY_DN1310_c0_g1_i26.p1	sp|P46432|GSTT3_MUSDO	28.9	190	228	210	6	195	4	188	1.67e-19	86.3	sp|P46432|GSTT3_MUSDO Glutathione S-transferase 3 OS=Musca domestica OX=7370 GN=Gst3 PE=2 SV=1
TRINITY_DN1310_c0_g1_i26.p1	sp|Q9VG97|GSTD3_DROME	29.2	171	228	199	20	190	2	166	1.86e-19	85.9	sp|Q9VG97|GSTD3_DROME Inactive glutathione S-transferase D3 OS=Drosophila melanogaster OX=7227 GN=GstD3 PE=2 SV=1
TRINITY_DN1310_c0_g1_i32.p1	sp|O76483|GSTT7_ANOGA	38.4	112	147	218	1	112	1	110	5.37e-21	87.8	sp|O76483|GSTT7_ANOGA Glutathione S-transferase D7 OS=Anopheles gambiae OX=7165 GN=GstD7 PE=2 SV=1
TRINITY_DN1310_c0_g1_i32.p1	sp|P46430|GSTT1_MANSE	39.5	114	147	217	1	113	1	112	1.57e-19	84.0	sp|P46430|GSTT1_MANSE Glutathione S-transferase 1 OS=Manduca sexta OX=7130 GN=GST1 PE=2 SV=1
TRINITY_DN1310_c0_g1_i32.p1	sp|Q94999|GSTT2_ANOGA	40.6	106	147	209	6	111	5	109	1.89e-19	83.6	sp|Q94999|GSTT2_ANOGA Glutathione S-transferase 2 OS=Anopheles gambiae OX=7165 GN=GstD2 PE=3 SV=2
TRINITY_DN1310_c0_g1_i32.p1	sp|P28338|GSTT1_MUSDO	39.4	104	147	208	6	109	4	105	2.60e-19	83.2	sp|P28338|GSTT1_MUSDO Glutathione S-transferase 1 OS=Musca domestica OX=7370 GN=Gst1 PE=1 SV=1
TRINITY_DN1310_c0_g1_i32.p1	sp|O77473|GST1B_ANOGA	38.3	107	147	216	6	111	4	110	3.03e-19	83.2	sp|O77473|GST1B_ANOGA Glutathione S-transferase 1, isoform B OS=Anopheles gambiae OX=7165 GN=GstD1 PE=2 SV=2
TRINITY_DN1310_c0_g1_i32.p1	sp|P42860|GSTT1_LUCCU	39.4	104	147	208	6	109	4	105	5.12e-19	82.4	sp|P42860|GSTT1_LUCCU Glutathione S-transferase 1-1 OS=Lucilia cuprina OX=7375 GN=GST1 PE=1 SV=2
TRINITY_DN1310_c0_g1_i32.p1	sp|Q93112|GST1C_ANOGA	37.7	106	147	209	6	111	4	107	7.33e-19	82.0	sp|Q93112|GST1C_ANOGA Glutathione S-transferase 1, isoform C OS=Anopheles gambiae OX=7165 GN=GstD1 PE=1 SV=2
TRINITY_DN1310_c0_g1_i32.p1	sp|Q93113|GST1D_ANOGA	36.8	106	147	209	6	111	4	107	2.03e-18	80.9	sp|Q93113|GST1D_ANOGA Glutathione S-transferase 1, isoform D OS=Anopheles gambiae OX=7165 GN=GstD1 PE=1 SV=1
TRINITY_DN1310_c0_g1_i32.p1	sp|Q9VG96|GSTD4_DROME	40.6	96	147	215	11	106	9	102	6.26e-18	79.7	sp|Q9VG96|GSTD4_DROME Glutathione S-transferase D4 OS=Drosophila melanogaster OX=7227 GN=GstD4 PE=1 SV=1
TRINITY_DN1310_c0_g1_i32.p1	sp|P46431|GSTT2_MUSDO	39.6	101	147	210	6	106	4	103	1.12e-17	79.0	sp|P46431|GSTT2_MUSDO Glutathione S-transferase 2 OS=Musca domestica OX=7370 GN=Gst2 PE=2 SV=2
TRINITY_DN1310_c0_g1_i32.p1	sp|P46432|GSTT3_MUSDO	39.6	101	147	210	6	106	4	103	1.12e-17	79.0	sp|P46432|GSTT3_MUSDO Glutathione S-transferase 3 OS=Musca domestica OX=7370 GN=Gst3 PE=2 SV=1
TRINITY_DN1310_c0_g1_i32.p1	sp|P20432|GSTD1_DROME	37.5	104	147	209	6	109	5	106	3.03e-17	77.8	sp|P20432|GSTD1_DROME Glutathione S-transferase D1 OS=Drosophila melanogaster OX=7227 GN=GstD1 PE=1 SV=1
TRINITY_DN1310_c0_g1_i32.p1	sp|P30106|GSTT1_DROSE	37.5	104	147	209	6	109	5	106	3.03e-17	77.8	sp|P30106|GSTT1_DROSE Glutathione S-transferase 1-1 OS=Drosophila sechellia OX=7238 GN=GstD1 PE=3 SV=2
TRINITY_DN1310_c0_g1_i32.p1	sp|P67805|GSTT1_DROSI	37.5	104	147	209	6	109	5	106	3.03e-17	77.8	sp|P67805|GSTT1_DROSI Glutathione S-transferase 1-1 OS=Drosophila simulans OX=7240 GN=GstD1 PE=2 SV=2
TRINITY_DN1310_c0_g1_i32.p1	sp|P30108|GSTT1_DROYA	37.5	104	147	209	6	109	5	106	3.03e-17	77.8	sp|P30108|GSTT1_DROYA Glutathione S-transferase 1-1 OS=Drosophila yakuba OX=7245 GN=GstD1 PE=3 SV=2
TRINITY_DN1310_c0_g1_i32.p1	sp|P30107|GSTT1_DROTE	38.4	99	147	200	11	109	2	98	3.59e-17	77.4	sp|P30107|GSTT1_DROTE Glutathione S-transferase 1-1 (Fragment) OS=Drosophila teissieri OX=7243 GN=GstD1 PE=3 SV=1
TRINITY_DN1310_c0_g1_i32.p1	sp|O77462|GST1A_ANOGA	38.2	110	147	186	6	111	4	113	3.83e-17	77.0	sp|O77462|GST1A_ANOGA Glutathione S-transferase 1, isoform A OS=Anopheles gambiae OX=7165 GN=GstD1 PE=2 SV=3
TRINITY_DN1310_c0_g1_i32.p1	sp|P67804|GSTT1_DROMA	38.4	99	147	200	11	109	2	98	5.04e-17	77.0	sp|P67804|GSTT1_DROMA Glutathione S-transferase 1-1 (Fragment) OS=Drosophila mauritiana OX=7226 GN=GstD1 PE=3 SV=1
TRINITY_DN1310_c0_g1_i32.p1	sp|P46433|GSTT4_MUSDO	37.5	104	147	210	6	109	4	106	8.50e-17	76.6	sp|P46433|GSTT4_MUSDO Glutathione S-transferase 4 OS=Musca domestica OX=7370 GN=Gst4 PE=2 SV=1
TRINITY_DN1310_c0_g1_i32.p1	sp|O65857|GSTF1_ORYSJ	40.9	88	147	219	11	98	12	99	3.82e-16	75.1	sp|O65857|GSTF1_ORYSJ Probable glutathione S-transferase GSTF1 OS=Oryza sativa subsp. japonica OX=39947 GN=GSTF1 PE=1 SV=2
TRINITY_DN1310_c0_g1_i32.p1	sp|P30104|GSTT1_DROER	36.5	104	147	209	6	109	5	106	6.30e-16	74.3	sp|P30104|GSTT1_DROER Glutathione S-transferase 1-1 OS=Drosophila erecta OX=7220 GN=GstD1 PE=3 SV=2
TRINITY_DN1310_c0_g1_i32.p1	sp|Q9VG93|GSTD7_DROME	35.8	106	147	224	5	109	6	109	2.21e-15	73.2	sp|Q9VG93|GSTD7_DROME Glutathione S-transferase D7 OS=Drosophila melanogaster OX=7227 GN=GstD7 PE=1 SV=1
TRINITY_DN1310_c0_g1_i32.p1	sp|Q9VG95|GSTD5_DROME	34.7	95	147	216	15	109	13	105	2.02e-14	70.5	sp|Q9VG95|GSTD5_DROME Glutathione S-transferase D5 OS=Drosophila melanogaster OX=7227 GN=GstD5 PE=1 SV=2
TRINITY_DN1310_c0_g1_i32.p1	sp|Q9VG98|GSTD2_DROME	37.9	95	147	215	15	109	13	105	2.77e-14	70.1	sp|Q9VG98|GSTD2_DROME Glutathione S-transferase D2 OS=Drosophila melanogaster OX=7227 GN=GstD2 PE=1 SV=1
TRINITY_DN1310_c0_g1_i32.p1	sp|Q9VG97|GSTD3_DROME	36.7	90	147	199	20	109	2	89	8.17e-14	68.6	sp|Q9VG97|GSTD3_DROME Inactive glutathione S-transferase D3 OS=Drosophila melanogaster OX=7227 GN=GstD3 PE=2 SV=1
TRINITY_DN1310_c0_g1_i33.p1	sp|P28338|GSTT1_MUSDO	33.2	190	228	208	6	195	4	187	2.51e-28	109	sp|P28338|GSTT1_MUSDO Glutathione S-transferase 1 OS=Musca domestica OX=7370 GN=Gst1 PE=1 SV=1
TRINITY_DN1310_c0_g1_i33.p1	sp|Q93112|GST1C_ANOGA	32.5	191	228	209	6	196	4	188	7.14e-28	108	sp|Q93112|GST1C_ANOGA Glutathione S-transferase 1, isoform C OS=Anopheles gambiae OX=7165 GN=GstD1 PE=1 SV=2
TRINITY_DN1310_c0_g1_i33.p1	sp|P46430|GSTT1_MANSE	28.6	217	228	217	1	215	1	212	6.67e-27	105	sp|P46430|GSTT1_MANSE Glutathione S-transferase 1 OS=Manduca sexta OX=7130 GN=GST1 PE=2 SV=1
TRINITY_DN1310_c0_g1_i33.p1	sp|Q93113|GST1D_ANOGA	33.0	188	228	209	6	193	4	185	7.74e-27	105	sp|Q93113|GST1D_ANOGA Glutathione S-transferase 1, isoform D OS=Anopheles gambiae OX=7165 GN=GstD1 PE=1 SV=1
TRINITY_DN1310_c0_g1_i33.p1	sp|P42860|GSTT1_LUCCU	32.1	187	228	208	6	192	4	184	4.13e-26	103	sp|P42860|GSTT1_LUCCU Glutathione S-transferase 1-1 OS=Lucilia cuprina OX=7375 GN=GST1 PE=1 SV=2
TRINITY_DN1310_c0_g1_i33.p1	sp|O76483|GSTT7_ANOGA	31.8	195	228	218	1	193	1	187	5.23e-26	103	sp|O76483|GSTT7_ANOGA Glutathione S-transferase D7 OS=Anopheles gambiae OX=7165 GN=GstD7 PE=2 SV=1
TRINITY_DN1310_c0_g1_i33.p1	sp|Q94999|GSTT2_ANOGA	34.1	164	228	209	6	169	5	164	2.31e-25	101	sp|Q94999|GSTT2_ANOGA Glutathione S-transferase 2 OS=Anopheles gambiae OX=7165 GN=GstD2 PE=3 SV=2
TRINITY_DN1310_c0_g1_i33.p1	sp|Q9VG96|GSTD4_DROME	30.6	186	228	215	11	196	9	188	2.84e-24	99.0	sp|Q9VG96|GSTD4_DROME Glutathione S-transferase D4 OS=Drosophila melanogaster OX=7227 GN=GstD4 PE=1 SV=1
TRINITY_DN1310_c0_g1_i33.p1	sp|P20432|GSTD1_DROME	30.8	185	228	209	6	190	5	183	1.02e-22	94.7	sp|P20432|GSTD1_DROME Glutathione S-transferase D1 OS=Drosophila melanogaster OX=7227 GN=GstD1 PE=1 SV=1
TRINITY_DN1310_c0_g1_i33.p1	sp|Q9VG95|GSTD5_DROME	28.0	182	228	216	15	196	13	188	8.92e-22	92.4	sp|Q9VG95|GSTD5_DROME Glutathione S-transferase D5 OS=Drosophila melanogaster OX=7227 GN=GstD5 PE=1 SV=2
TRINITY_DN1310_c0_g1_i33.p1	sp|O65857|GSTF1_ORYSJ	31.5	203	228	219	11	202	12	209	1.33e-21	92.0	sp|O65857|GSTF1_ORYSJ Probable glutathione S-transferase GSTF1 OS=Oryza sativa subsp. japonica OX=39947 GN=GSTF1 PE=1 SV=2
TRINITY_DN1310_c0_g1_i33.p1	sp|P30106|GSTT1_DROSE	32.3	161	228	209	6	166	5	160	2.10e-21	91.3	sp|P30106|GSTT1_DROSE Glutathione S-transferase 1-1 OS=Drosophila sechellia OX=7238 GN=GstD1 PE=3 SV=2
TRINITY_DN1310_c0_g1_i33.p1	sp|P67805|GSTT1_DROSI	32.3	161	228	209	6	166	5	160	2.10e-21	91.3	sp|P67805|GSTT1_DROSI Glutathione S-transferase 1-1 OS=Drosophila simulans OX=7240 GN=GstD1 PE=2 SV=2
TRINITY_DN1310_c0_g1_i33.p1	sp|Q9VG93|GSTD7_DROME	28.4	229	228	224	5	226	6	221	2.88e-21	91.3	sp|Q9VG93|GSTD7_DROME Glutathione S-transferase D7 OS=Drosophila melanogaster OX=7227 GN=GstD7 PE=1 SV=1
TRINITY_DN1310_c0_g1_i33.p1	sp|P30108|GSTT1_DROYA	32.3	161	228	209	6	166	5	160	2.94e-21	90.9	sp|P30108|GSTT1_DROYA Glutathione S-transferase 1-1 OS=Drosophila yakuba OX=7245 GN=GstD1 PE=3 SV=2
TRINITY_DN1310_c0_g1_i33.p1	sp|P67804|GSTT1_DROMA	32.7	156	228	200	11	166	2	152	3.38e-21	90.5	sp|P67804|GSTT1_DROMA Glutathione S-transferase 1-1 (Fragment) OS=Drosophila mauritiana OX=7226 GN=GstD1 PE=3 SV=1
TRINITY_DN1310_c0_g1_i33.p1	sp|Q9VG98|GSTD2_DROME	30.7	176	228	215	15	190	13	182	1.28e-20	89.4	sp|Q9VG98|GSTD2_DROME Glutathione S-transferase D2 OS=Drosophila melanogaster OX=7227 GN=GstD2 PE=1 SV=1
TRINITY_DN1310_c0_g1_i33.p1	sp|P30107|GSTT1_DROTE	32.1	156	228	200	11	166	2	152	1.30e-20	89.0	sp|P30107|GSTT1_DROTE Glutathione S-transferase 1-1 (Fragment) OS=Drosophila teissieri OX=7243 GN=GstD1 PE=3 SV=1
TRINITY_DN1310_c0_g1_i33.p1	sp|O77473|GST1B_ANOGA	32.1	165	228	216	6	169	4	166	1.31e-20	89.4	sp|O77473|GST1B_ANOGA Glutathione S-transferase 1, isoform B OS=Anopheles gambiae OX=7165 GN=GstD1 PE=2 SV=2
TRINITY_DN1310_c0_g1_i33.p1	sp|P46433|GSTT4_MUSDO	31.1	196	228	210	6	196	4	189	4.40e-20	87.8	sp|P46433|GSTT4_MUSDO Glutathione S-transferase 4 OS=Musca domestica OX=7370 GN=Gst4 PE=2 SV=1
TRINITY_DN1310_c0_g1_i33.p1	sp|P46431|GSTT2_MUSDO	29.5	190	228	210	6	195	4	188	8.58e-20	87.0	sp|P46431|GSTT2_MUSDO Glutathione S-transferase 2 OS=Musca domestica OX=7370 GN=Gst2 PE=2 SV=2
TRINITY_DN1310_c0_g1_i33.p1	sp|O77462|GST1A_ANOGA	32.1	165	228	186	6	166	4	167	1.00e-19	86.3	sp|O77462|GST1A_ANOGA Glutathione S-transferase 1, isoform A OS=Anopheles gambiae OX=7165 GN=GstD1 PE=2 SV=3
TRINITY_DN1310_c0_g1_i33.p1	sp|P12653|GSTF1_MAIZE	33.0	188	228	214	22	202	23	205	1.30e-19	86.7	sp|P12653|GSTF1_MAIZE Glutathione S-transferase 1 OS=Zea mays OX=4577 GN=GST1 PE=1 SV=4
TRINITY_DN1310_c0_g1_i33.p1	sp|P46432|GSTT3_MUSDO	29.5	190	228	210	6	195	4	188	1.67e-19	86.3	sp|P46432|GSTT3_MUSDO Glutathione S-transferase 3 OS=Musca domestica OX=7370 GN=Gst3 PE=2 SV=1
TRINITY_DN1310_c0_g1_i33.p1	sp|P30104|GSTT1_DROER	31.1	161	228	209	6	166	5	160	2.29e-19	85.9	sp|P30104|GSTT1_DROER Glutathione S-transferase 1-1 OS=Drosophila erecta OX=7220 GN=GstD1 PE=3 SV=2
TRINITY_DN1310_c0_g1_i39.p1	sp|O76483|GSTT7_ANOGA	38.4	112	135	218	1	112	1	110	1.41e-20	86.3	sp|O76483|GSTT7_ANOGA Glutathione S-transferase D7 OS=Anopheles gambiae OX=7165 GN=GstD7 PE=2 SV=1
TRINITY_DN1310_c0_g1_i39.p1	sp|P46430|GSTT1_MANSE	40.4	114	135	217	1	113	1	112	3.84e-20	85.1	sp|P46430|GSTT1_MANSE Glutathione S-transferase 1 OS=Manduca sexta OX=7130 GN=GST1 PE=2 SV=1
TRINITY_DN1310_c0_g1_i39.p1	sp|P28338|GSTT1_MUSDO	40.4	104	135	208	6	109	4	105	1.76e-19	83.2	sp|P28338|GSTT1_MUSDO Glutathione S-transferase 1 OS=Musca domestica OX=7370 GN=Gst1 PE=1 SV=1
TRINITY_DN1310_c0_g1_i39.p1	sp|O77473|GST1B_ANOGA	39.3	107	135	216	6	111	4	110	2.06e-19	83.2	sp|O77473|GST1B_ANOGA Glutathione S-transferase 1, isoform B OS=Anopheles gambiae OX=7165 GN=GstD1 PE=2 SV=2
TRINITY_DN1310_c0_g1_i39.p1	sp|Q94999|GSTT2_ANOGA	40.6	106	135	209	6	111	5	109	2.53e-19	82.8	sp|Q94999|GSTT2_ANOGA Glutathione S-transferase 2 OS=Anopheles gambiae OX=7165 GN=GstD2 PE=3 SV=2
TRINITY_DN1310_c0_g1_i39.p1	sp|P42860|GSTT1_LUCCU	40.4	104	135	208	6	109	4	105	3.48e-19	82.4	sp|P42860|GSTT1_LUCCU Glutathione S-transferase 1-1 OS=Lucilia cuprina OX=7375 GN=GST1 PE=1 SV=2
TRINITY_DN1310_c0_g1_i39.p1	sp|Q93112|GST1C_ANOGA	38.7	106	135	209	6	111	4	107	4.99e-19	82.0	sp|Q93112|GST1C_ANOGA Glutathione S-transferase 1, isoform C OS=Anopheles gambiae OX=7165 GN=GstD1 PE=1 SV=2
TRINITY_DN1310_c0_g1_i39.p1	sp|Q93113|GST1D_ANOGA	37.7	106	135	209	6	111	4	107	1.38e-18	80.9	sp|Q93113|GST1D_ANOGA Glutathione S-transferase 1, isoform D OS=Anopheles gambiae OX=7165 GN=GstD1 PE=1 SV=1
TRINITY_DN1310_c0_g1_i39.p1	sp|Q9VG96|GSTD4_DROME	41.7	96	135	215	11	106	9	102	6.00e-18	79.3	sp|Q9VG96|GSTD4_DROME Glutathione S-transferase D4 OS=Drosophila melanogaster OX=7227 GN=GstD4 PE=1 SV=1
TRINITY_DN1310_c0_g1_i39.p1	sp|P46431|GSTT2_MUSDO	40.6	101	135	210	6	106	4	103	7.67e-18	79.0	sp|P46431|GSTT2_MUSDO Glutathione S-transferase 2 OS=Musca domestica OX=7370 GN=Gst2 PE=2 SV=2
TRINITY_DN1310_c0_g1_i39.p1	sp|P46432|GSTT3_MUSDO	40.6	101	135	210	6	106	4	103	7.67e-18	79.0	sp|P46432|GSTT3_MUSDO Glutathione S-transferase 3 OS=Musca domestica OX=7370 GN=Gst3 PE=2 SV=1
TRINITY_DN1310_c0_g1_i39.p1	sp|P20432|GSTD1_DROME	38.5	104	135	209	6	109	5	106	2.08e-17	77.8	sp|P20432|GSTD1_DROME Glutathione S-transferase D1 OS=Drosophila melanogaster OX=7227 GN=GstD1 PE=1 SV=1
TRINITY_DN1310_c0_g1_i39.p1	sp|P30106|GSTT1_DROSE	38.5	104	135	209	6	109	5	106	2.08e-17	77.8	sp|P30106|GSTT1_DROSE Glutathione S-transferase 1-1 OS=Drosophila sechellia OX=7238 GN=GstD1 PE=3 SV=2
TRINITY_DN1310_c0_g1_i39.p1	sp|P67805|GSTT1_DROSI	38.5	104	135	209	6	109	5	106	2.08e-17	77.8	sp|P67805|GSTT1_DROSI Glutathione S-transferase 1-1 OS=Drosophila simulans OX=7240 GN=GstD1 PE=2 SV=2
TRINITY_DN1310_c0_g1_i39.p1	sp|P30108|GSTT1_DROYA	38.5	104	135	209	6	109	5	106	2.08e-17	77.8	sp|P30108|GSTT1_DROYA Glutathione S-transferase 1-1 OS=Drosophila yakuba OX=7245 GN=GstD1 PE=3 SV=2
TRINITY_DN1310_c0_g1_i39.p1	sp|O77462|GST1A_ANOGA	39.1	110	135	186	6	111	4	113	2.63e-17	77.0	sp|O77462|GST1A_ANOGA Glutathione S-transferase 1, isoform A OS=Anopheles gambiae OX=7165 GN=GstD1 PE=2 SV=3
TRINITY_DN1310_c0_g1_i39.p1	sp|P67804|GSTT1_DROMA	39.4	99	135	200	11	109	2	98	3.46e-17	77.0	sp|P67804|GSTT1_DROMA Glutathione S-transferase 1-1 (Fragment) OS=Drosophila mauritiana OX=7226 GN=GstD1 PE=3 SV=1
TRINITY_DN1310_c0_g1_i39.p1	sp|P46433|GSTT4_MUSDO	38.5	104	135	210	6	109	4	106	5.85e-17	76.6	sp|P46433|GSTT4_MUSDO Glutathione S-transferase 4 OS=Musca domestica OX=7370 GN=Gst4 PE=2 SV=1
TRINITY_DN1310_c0_g1_i39.p1	sp|P30107|GSTT1_DROTE	38.4	99	135	200	11	109	2	98	9.58e-17	75.9	sp|P30107|GSTT1_DROTE Glutathione S-transferase 1-1 (Fragment) OS=Drosophila teissieri OX=7243 GN=GstD1 PE=3 SV=1
TRINITY_DN1310_c0_g1_i39.p1	sp|O65857|GSTF1_ORYSJ	40.9	88	135	219	11	98	12	99	2.63e-16	75.1	sp|O65857|GSTF1_ORYSJ Probable glutathione S-transferase GSTF1 OS=Oryza sativa subsp. japonica OX=39947 GN=GSTF1 PE=1 SV=2
TRINITY_DN1310_c0_g1_i39.p1	sp|P30104|GSTT1_DROER	36.5	104	135	209	6	109	5	106	1.68e-15	72.8	sp|P30104|GSTT1_DROER Glutathione S-transferase 1-1 OS=Drosophila erecta OX=7220 GN=GstD1 PE=3 SV=2
TRINITY_DN1310_c0_g1_i39.p1	sp|Q9VG93|GSTD7_DROME	35.8	106	135	224	5	109	6	109	5.83e-15	71.6	sp|Q9VG93|GSTD7_DROME Glutathione S-transferase D7 OS=Drosophila melanogaster OX=7227 GN=GstD7 PE=1 SV=1
TRINITY_DN1310_c0_g1_i39.p1	sp|Q9VG95|GSTD5_DROME	34.7	95	135	216	15	109	13	105	5.36e-14	68.9	sp|Q9VG95|GSTD5_DROME Glutathione S-transferase D5 OS=Drosophila melanogaster OX=7227 GN=GstD5 PE=1 SV=2
TRINITY_DN1310_c0_g1_i39.p1	sp|Q9VG98|GSTD2_DROME	37.9	95	135	215	15	109	13	105	7.38e-14	68.6	sp|Q9VG98|GSTD2_DROME Glutathione S-transferase D2 OS=Drosophila melanogaster OX=7227 GN=GstD2 PE=1 SV=1
TRINITY_DN1310_c0_g1_i39.p1	sp|P0CG29|GST2_HUMAN	37.9	95	135	244	5	99	5	97	1.52e-13	68.2	sp|P0CG29|GST2_HUMAN Glutathione S-transferase theta-2 OS=Homo sapiens OX=9606 GN=GSTT2 PE=1 SV=1
TRINITY_DN1310_c0_g1_i47.p1	sp|P28338|GSTT1_MUSDO	32.6	190	228	208	6	195	4	187	2.51e-28	109	sp|P28338|GSTT1_MUSDO Glutathione S-transferase 1 OS=Musca domestica OX=7370 GN=Gst1 PE=1 SV=1
TRINITY_DN1310_c0_g1_i47.p1	sp|Q93112|GST1C_ANOGA	31.9	191	228	209	6	196	4	188	7.14e-28	108	sp|Q93112|GST1C_ANOGA Glutathione S-transferase 1, isoform C OS=Anopheles gambiae OX=7165 GN=GstD1 PE=1 SV=2
TRINITY_DN1310_c0_g1_i47.p1	sp|Q93113|GST1D_ANOGA	32.4	188	228	209	6	193	4	185	7.74e-27	105	sp|Q93113|GST1D_ANOGA Glutathione S-transferase 1, isoform D OS=Anopheles gambiae OX=7165 GN=GstD1 PE=1 SV=1
TRINITY_DN1310_c0_g1_i47.p1	sp|O76483|GSTT7_ANOGA	31.8	195	228	218	1	193	1	187	1.35e-26	105	sp|O76483|GSTT7_ANOGA Glutathione S-transferase D7 OS=Anopheles gambiae OX=7165 GN=GstD7 PE=2 SV=1
TRINITY_DN1310_c0_g1_i47.p1	sp|P46430|GSTT1_MANSE	28.1	217	228	217	1	215	1	212	1.85e-26	104	sp|P46430|GSTT1_MANSE Glutathione S-transferase 1 OS=Manduca sexta OX=7130 GN=GST1 PE=2 SV=1
TRINITY_DN1310_c0_g1_i47.p1	sp|P42860|GSTT1_LUCCU	31.6	187	228	208	6	192	4	184	4.13e-26	103	sp|P42860|GSTT1_LUCCU Glutathione S-transferase 1-1 OS=Lucilia cuprina OX=7375 GN=GST1 PE=1 SV=2
TRINITY_DN1310_c0_g1_i47.p1	sp|Q94999|GSTT2_ANOGA	34.1	164	228	209	6	169	5	164	1.17e-25	102	sp|Q94999|GSTT2_ANOGA Glutathione S-transferase 2 OS=Anopheles gambiae OX=7165 GN=GstD2 PE=3 SV=2
TRINITY_DN1310_c0_g1_i47.p1	sp|Q9VG96|GSTD4_DROME	30.1	186	228	215	11	196	9	188	2.02e-24	99.4	sp|Q9VG96|GSTD4_DROME Glutathione S-transferase D4 OS=Drosophila melanogaster OX=7227 GN=GstD4 PE=1 SV=1
TRINITY_DN1310_c0_g1_i47.p1	sp|P20432|GSTD1_DROME	30.3	185	228	209	6	190	5	183	1.02e-22	94.7	sp|P20432|GSTD1_DROME Glutathione S-transferase D1 OS=Drosophila melanogaster OX=7227 GN=GstD1 PE=1 SV=1
TRINITY_DN1310_c0_g1_i47.p1	sp|Q9VG95|GSTD5_DROME	28.0	182	228	216	15	196	13	188	2.33e-22	94.0	sp|Q9VG95|GSTD5_DROME Glutathione S-transferase D5 OS=Drosophila melanogaster OX=7227 GN=GstD5 PE=1 SV=2
TRINITY_DN1310_c0_g1_i47.p1	sp|Q9VG93|GSTD7_DROME	28.4	229	228	224	5	226	6	221	7.55e-22	92.8	sp|Q9VG93|GSTD7_DROME Glutathione S-transferase D7 OS=Drosophila melanogaster OX=7227 GN=GstD7 PE=1 SV=1
TRINITY_DN1310_c0_g1_i47.p1	sp|O65857|GSTF1_ORYSJ	31.5	203	228	219	11	202	12	209	1.33e-21	92.0	sp|O65857|GSTF1_ORYSJ Probable glutathione S-transferase GSTF1 OS=Oryza sativa subsp. japonica OX=39947 GN=GSTF1 PE=1 SV=2
TRINITY_DN1310_c0_g1_i47.p1	sp|P30106|GSTT1_DROSE	31.7	161	228	209	6	166	5	160	2.10e-21	91.3	sp|P30106|GSTT1_DROSE Glutathione S-transferase 1-1 OS=Drosophila sechellia OX=7238 GN=GstD1 PE=3 SV=2
TRINITY_DN1310_c0_g1_i47.p1	sp|P67805|GSTT1_DROSI	31.7	161	228	209	6	166	5	160	2.10e-21	91.3	sp|P67805|GSTT1_DROSI Glutathione S-transferase 1-1 OS=Drosophila simulans OX=7240 GN=GstD1 PE=2 SV=2
TRINITY_DN1310_c0_g1_i47.p1	sp|P30108|GSTT1_DROYA	31.7	161	228	209	6	166	5	160	2.94e-21	90.9	sp|P30108|GSTT1_DROYA Glutathione S-transferase 1-1 OS=Drosophila yakuba OX=7245 GN=GstD1 PE=3 SV=2
TRINITY_DN1310_c0_g1_i47.p1	sp|Q9VG98|GSTD2_DROME	30.7	176	228	215	15	190	13	182	3.35e-21	90.9	sp|Q9VG98|GSTD2_DROME Glutathione S-transferase D2 OS=Drosophila melanogaster OX=7227 GN=GstD2 PE=1 SV=1
TRINITY_DN1310_c0_g1_i47.p1	sp|P67804|GSTT1_DROMA	32.1	156	228	200	11	166	2	152	3.38e-21	90.5	sp|P67804|GSTT1_DROMA Glutathione S-transferase 1-1 (Fragment) OS=Drosophila mauritiana OX=7226 GN=GstD1 PE=3 SV=1
TRINITY_DN1310_c0_g1_i47.p1	sp|P30107|GSTT1_DROTE	32.1	156	228	200	11	166	2	152	3.38e-21	90.5	sp|P30107|GSTT1_DROTE Glutathione S-transferase 1-1 (Fragment) OS=Drosophila teissieri OX=7243 GN=GstD1 PE=3 SV=1
TRINITY_DN1310_c0_g1_i47.p1	sp|O77473|GST1B_ANOGA	31.5	165	228	216	6	169	4	166	1.31e-20	89.4	sp|O77473|GST1B_ANOGA Glutathione S-transferase 1, isoform B OS=Anopheles gambiae OX=7165 GN=GstD1 PE=2 SV=2
TRINITY_DN1310_c0_g1_i47.p1	sp|P46433|GSTT4_MUSDO	30.6	196	228	210	6	196	4	189	4.40e-20	87.8	sp|P46433|GSTT4_MUSDO Glutathione S-transferase 4 OS=Musca domestica OX=7370 GN=Gst4 PE=2 SV=1
TRINITY_DN1310_c0_g1_i47.p1	sp|P30104|GSTT1_DROER	31.1	161	228	209	6	166	5	160	6.02e-20	87.4	sp|P30104|GSTT1_DROER Glutathione S-transferase 1-1 OS=Drosophila erecta OX=7220 GN=GstD1 PE=3 SV=2
TRINITY_DN1310_c0_g1_i47.p1	sp|P46431|GSTT2_MUSDO	28.9	190	228	210	6	195	4	188	8.58e-20	87.0	sp|P46431|GSTT2_MUSDO Glutathione S-transferase 2 OS=Musca domestica OX=7370 GN=Gst2 PE=2 SV=2
TRINITY_DN1310_c0_g1_i47.p1	sp|O77462|GST1A_ANOGA	31.5	165	228	186	6	166	4	167	1.00e-19	86.3	sp|O77462|GST1A_ANOGA Glutathione S-transferase 1, isoform A OS=Anopheles gambiae OX=7165 GN=GstD1 PE=2 SV=3
TRINITY_DN1310_c0_g1_i47.p1	sp|P46432|GSTT3_MUSDO	28.9	190	228	210	6	195	4	188	1.67e-19	86.3	sp|P46432|GSTT3_MUSDO Glutathione S-transferase 3 OS=Musca domestica OX=7370 GN=Gst3 PE=2 SV=1
TRINITY_DN1310_c0_g1_i47.p1	sp|Q9VG97|GSTD3_DROME	29.2	171	228	199	20	190	2	166	1.86e-19	85.9	sp|Q9VG97|GSTD3_DROME Inactive glutathione S-transferase D3 OS=Drosophila melanogaster OX=7227 GN=GstD3 PE=2 SV=1
TRINITY_DN1310_c0_g1_i8.p1	sp|O76483|GSTT7_ANOGA	38.4	112	135	218	1	112	1	110	3.62e-21	87.8	sp|O76483|GSTT7_ANOGA Glutathione S-transferase D7 OS=Anopheles gambiae OX=7165 GN=GstD7 PE=2 SV=1
TRINITY_DN1310_c0_g1_i8.p1	sp|P46430|GSTT1_MANSE	39.5	114	135	217	1	113	1	112	1.06e-19	84.0	sp|P46430|GSTT1_MANSE Glutathione S-transferase 1 OS=Manduca sexta OX=7130 GN=GST1 PE=2 SV=1
TRINITY_DN1310_c0_g1_i8.p1	sp|Q94999|GSTT2_ANOGA	40.6	106	135	209	6	111	5	109	1.28e-19	83.6	sp|Q94999|GSTT2_ANOGA Glutathione S-transferase 2 OS=Anopheles gambiae OX=7165 GN=GstD2 PE=3 SV=2
TRINITY_DN1310_c0_g1_i8.p1	sp|P28338|GSTT1_MUSDO	39.4	104	135	208	6	109	4	105	1.76e-19	83.2	sp|P28338|GSTT1_MUSDO Glutathione S-transferase 1 OS=Musca domestica OX=7370 GN=Gst1 PE=1 SV=1
TRINITY_DN1310_c0_g1_i8.p1	sp|O77473|GST1B_ANOGA	38.3	107	135	216	6	111	4	110	2.06e-19	83.2	sp|O77473|GST1B_ANOGA Glutathione S-transferase 1, isoform B OS=Anopheles gambiae OX=7165 GN=GstD1 PE=2 SV=2
TRINITY_DN1310_c0_g1_i8.p1	sp|P42860|GSTT1_LUCCU	39.4	104	135	208	6	109	4	105	3.48e-19	82.4	sp|P42860|GSTT1_LUCCU Glutathione S-transferase 1-1 OS=Lucilia cuprina OX=7375 GN=GST1 PE=1 SV=2
TRINITY_DN1310_c0_g1_i8.p1	sp|Q93112|GST1C_ANOGA	37.7	106	135	209	6	111	4	107	4.99e-19	82.0	sp|Q93112|GST1C_ANOGA Glutathione S-transferase 1, isoform C OS=Anopheles gambiae OX=7165 GN=GstD1 PE=1 SV=2
TRINITY_DN1310_c0_g1_i8.p1	sp|Q93113|GST1D_ANOGA	36.8	106	135	209	6	111	4	107	1.38e-18	80.9	sp|Q93113|GST1D_ANOGA Glutathione S-transferase 1, isoform D OS=Anopheles gambiae OX=7165 GN=GstD1 PE=1 SV=1
TRINITY_DN1310_c0_g1_i8.p1	sp|Q9VG96|GSTD4_DROME	40.6	96	135	215	11	106	9	102	4.28e-18	79.7	sp|Q9VG96|GSTD4_DROME Glutathione S-transferase D4 OS=Drosophila melanogaster OX=7227 GN=GstD4 PE=1 SV=1
TRINITY_DN1310_c0_g1_i8.p1	sp|P46431|GSTT2_MUSDO	39.6	101	135	210	6	106	4	103	7.67e-18	79.0	sp|P46431|GSTT2_MUSDO Glutathione S-transferase 2 OS=Musca domestica OX=7370 GN=Gst2 PE=2 SV=2
TRINITY_DN1310_c0_g1_i8.p1	sp|P46432|GSTT3_MUSDO	39.6	101	135	210	6	106	4	103	7.67e-18	79.0	sp|P46432|GSTT3_MUSDO Glutathione S-transferase 3 OS=Musca domestica OX=7370 GN=Gst3 PE=2 SV=1
TRINITY_DN1310_c0_g1_i8.p1	sp|P20432|GSTD1_DROME	37.5	104	135	209	6	109	5	106	2.08e-17	77.8	sp|P20432|GSTD1_DROME Glutathione S-transferase D1 OS=Drosophila melanogaster OX=7227 GN=GstD1 PE=1 SV=1
TRINITY_DN1310_c0_g1_i8.p1	sp|P30106|GSTT1_DROSE	37.5	104	135	209	6	109	5	106	2.08e-17	77.8	sp|P30106|GSTT1_DROSE Glutathione S-transferase 1-1 OS=Drosophila sechellia OX=7238 GN=GstD1 PE=3 SV=2
TRINITY_DN1310_c0_g1_i8.p1	sp|P67805|GSTT1_DROSI	37.5	104	135	209	6	109	5	106	2.08e-17	77.8	sp|P67805|GSTT1_DROSI Glutathione S-transferase 1-1 OS=Drosophila simulans OX=7240 GN=GstD1 PE=2 SV=2
TRINITY_DN1310_c0_g1_i8.p1	sp|P30108|GSTT1_DROYA	37.5	104	135	209	6	109	5	106	2.08e-17	77.8	sp|P30108|GSTT1_DROYA Glutathione S-transferase 1-1 OS=Drosophila yakuba OX=7245 GN=GstD1 PE=3 SV=2
TRINITY_DN1310_c0_g1_i8.p1	sp|P30107|GSTT1_DROTE	38.4	99	135	200	11	109	2	98	2.47e-17	77.4	sp|P30107|GSTT1_DROTE Glutathione S-transferase 1-1 (Fragment) OS=Drosophila teissieri OX=7243 GN=GstD1 PE=3 SV=1
TRINITY_DN1310_c0_g1_i8.p1	sp|O77462|GST1A_ANOGA	38.2	110	135	186	6	111	4	113	2.63e-17	77.0	sp|O77462|GST1A_ANOGA Glutathione S-transferase 1, isoform A OS=Anopheles gambiae OX=7165 GN=GstD1 PE=2 SV=3
TRINITY_DN1310_c0_g1_i8.p1	sp|P67804|GSTT1_DROMA	38.4	99	135	200	11	109	2	98	3.46e-17	77.0	sp|P67804|GSTT1_DROMA Glutathione S-transferase 1-1 (Fragment) OS=Drosophila mauritiana OX=7226 GN=GstD1 PE=3 SV=1
TRINITY_DN1310_c0_g1_i8.p1	sp|P46433|GSTT4_MUSDO	37.5	104	135	210	6	109	4	106	5.85e-17	76.6	sp|P46433|GSTT4_MUSDO Glutathione S-transferase 4 OS=Musca domestica OX=7370 GN=Gst4 PE=2 SV=1
TRINITY_DN1310_c0_g1_i8.p1	sp|O65857|GSTF1_ORYSJ	40.9	88	135	219	11	98	12	99	2.63e-16	75.1	sp|O65857|GSTF1_ORYSJ Probable glutathione S-transferase GSTF1 OS=Oryza sativa subsp. japonica OX=39947 GN=GSTF1 PE=1 SV=2
TRINITY_DN1310_c0_g1_i8.p1	sp|P30104|GSTT1_DROER	36.5	104	135	209	6	109	5	106	4.36e-16	74.3	sp|P30104|GSTT1_DROER Glutathione S-transferase 1-1 OS=Drosophila erecta OX=7220 GN=GstD1 PE=3 SV=2
TRINITY_DN1310_c0_g1_i8.p1	sp|Q9VG93|GSTD7_DROME	35.8	106	135	224	5	109	6	109	1.53e-15	73.2	sp|Q9VG93|GSTD7_DROME Glutathione S-transferase D7 OS=Drosophila melanogaster OX=7227 GN=GstD7 PE=1 SV=1
TRINITY_DN1310_c0_g1_i8.p1	sp|Q9VG95|GSTD5_DROME	34.7	95	135	216	15	109	13	105	1.41e-14	70.5	sp|Q9VG95|GSTD5_DROME Glutathione S-transferase D5 OS=Drosophila melanogaster OX=7227 GN=GstD5 PE=1 SV=2
TRINITY_DN1310_c0_g1_i8.p1	sp|Q9VG98|GSTD2_DROME	37.9	95	135	215	15	109	13	105	1.94e-14	70.1	sp|Q9VG98|GSTD2_DROME Glutathione S-transferase D2 OS=Drosophila melanogaster OX=7227 GN=GstD2 PE=1 SV=1
TRINITY_DN1310_c0_g1_i8.p1	sp|Q9VG97|GSTD3_DROME	36.7	90	135	199	20	109	2	89	5.73e-14	68.6	sp|Q9VG97|GSTD3_DROME Inactive glutathione S-transferase D3 OS=Drosophila melanogaster OX=7227 GN=GstD3 PE=2 SV=1
TRINITY_DN1343_c0_g1_i12.p1	sp|Q8N5C6|SRBD1_HUMAN	35.8	201	201	995	10	201	359	551	1.62e-30	120	sp|Q8N5C6|SRBD1_HUMAN S1 RNA-binding domain-containing protein 1 OS=Homo sapiens OX=9606 GN=SRBD1 PE=1 SV=2
TRINITY_DN1343_c0_g1_i12.p1	sp|Q5RDI0|SRBD1_PONAB	35.8	201	201	995	10	201	359	551	2.21e-30	120	sp|Q5RDI0|SRBD1_PONAB S1 RNA-binding domain-containing protein 1 OS=Pongo abelii OX=9601 GN=SRBD1 PE=2 SV=1
TRINITY_DN1343_c0_g1_i12.p1	sp|Q497V5|SRBD1_MOUSE	34.8	201	201	982	10	201	354	546	1.91e-29	117	sp|Q497V5|SRBD1_MOUSE S1 RNA-binding domain-containing protein 1 OS=Mus musculus OX=10090 GN=Srbd1 PE=2 SV=3
TRINITY_DN1343_c0_g1_i12.p1	sp|O31489|YDCI_BACSU	40.6	128	201	719	77	201	208	335	6.42e-23	99.0	sp|O31489|YDCI_BACSU Uncharacterized protein YdcI OS=Bacillus subtilis (strain 168) OX=224308 GN=ydcI PE=4 SV=2
TRINITY_DN1343_c0_g1_i12.p1	sp|Q45388|TEX_BORPE	27.4	146	201	791	72	201	213	358	1.37e-08	57.4	sp|Q45388|TEX_BORPE Protein tex OS=Bordetella pertussis (strain Tohama I / ATCC BAA-589 / NCTC 13251) OX=257313 GN=tex PE=4 SV=2
TRINITY_DN1343_c0_g1_i12.p1	sp|P57072|YHGF_NEIMA	28.1	135	201	757	75	201	198	332	1.24e-06	51.6	sp|P57072|YHGF_NEIMA Uncharacterized protein NMA0194 OS=Neisseria meningitidis serogroup A / serotype 4A (strain DSM 15465 / Z2491) OX=122587 GN=NMA0194 PE=4 SV=1
TRINITY_DN1343_c0_g1_i12.p1	sp|Q51152|YHGF_NEIMB	28.1	135	201	757	75	201	198	332	1.24e-06	51.6	sp|Q51152|YHGF_NEIMB Uncharacterized protein NMB0075 OS=Neisseria meningitidis serogroup B (strain ATCC BAA-335 / MC58) OX=122586 GN=NMB0075 PE=4 SV=2
TRINITY_DN1343_c0_g1_i12.p1	sp|Q51062|YHGF_NEIGO	28.1	135	201	757	75	201	198	332	1.67e-06	51.2	sp|Q51062|YHGF_NEIGO Transcriptional accessory protein Tex OS=Neisseria gonorrhoeae OX=485 GN=tex PE=4 SV=2
TRINITY_DN1343_c0_g1_i14.p1	sp|Q8N5C6|SRBD1_HUMAN	35.1	803	826	995	95	822	206	992	1.13e-132	423	sp|Q8N5C6|SRBD1_HUMAN S1 RNA-binding domain-containing protein 1 OS=Homo sapiens OX=9606 GN=SRBD1 PE=1 SV=2
TRINITY_DN1343_c0_g1_i14.p1	sp|Q5RDI0|SRBD1_PONAB	35.2	807	826	995	93	822	202	992	1.19e-131	420	sp|Q5RDI0|SRBD1_PONAB S1 RNA-binding domain-containing protein 1 OS=Pongo abelii OX=9601 GN=SRBD1 PE=2 SV=1
TRINITY_DN1343_c0_g1_i14.p1	sp|Q497V5|SRBD1_MOUSE	35.4	755	826	982	90	785	196	933	2.01e-128	411	sp|Q497V5|SRBD1_MOUSE S1 RNA-binding domain-containing protein 1 OS=Mus musculus OX=10090 GN=Srbd1 PE=2 SV=3
TRINITY_DN1343_c0_g1_i14.p1	sp|O31489|YDCI_BACSU	34.8	724	826	719	105	808	9	705	2.38e-118	377	sp|O31489|YDCI_BACSU Uncharacterized protein YdcI OS=Bacillus subtilis (strain 168) OX=224308 GN=ydcI PE=4 SV=2
TRINITY_DN1343_c0_g1_i14.p1	sp|P71353|Y568_HAEIN	33.1	724	826	762	122	820	25	722	1.12e-100	332	sp|P71353|Y568_HAEIN Uncharacterized protein HI_0568 OS=Haemophilus influenzae (strain ATCC 51907 / DSM 11121 / KW20 / Rd) OX=71421 GN=HI_0568 PE=4 SV=1
TRINITY_DN1343_c0_g1_i14.p1	sp|Q51152|YHGF_NEIMB	32.6	721	826	757	122	820	22	711	1.13e-95	318	sp|Q51152|YHGF_NEIMB Uncharacterized protein NMB0075 OS=Neisseria meningitidis serogroup B (strain ATCC BAA-335 / MC58) OX=122586 GN=NMB0075 PE=4 SV=2
TRINITY_DN1343_c0_g1_i14.p1	sp|P57072|YHGF_NEIMA	32.7	721	826	757	122	820	22	711	2.20e-95	318	sp|P57072|YHGF_NEIMA Uncharacterized protein NMA0194 OS=Neisseria meningitidis serogroup A / serotype 4A (strain DSM 15465 / Z2491) OX=122587 GN=NMA0194 PE=4 SV=1
TRINITY_DN1343_c0_g1_i14.p1	sp|Q51062|YHGF_NEIGO	32.5	721	826	757	122	820	22	711	3.11e-94	315	sp|Q51062|YHGF_NEIGO Transcriptional accessory protein Tex OS=Neisseria gonorrhoeae OX=485 GN=tex PE=4 SV=2
TRINITY_DN1343_c0_g1_i14.p1	sp|P46837|YHGF_ECOLI	32.6	729	826	773	122	820	25	722	3.18e-94	315	sp|P46837|YHGF_ECOLI Protein YhgF OS=Escherichia coli (strain K12) OX=83333 GN=yhgF PE=1 SV=3
TRINITY_DN1343_c0_g1_i14.p1	sp|Q45388|TEX_BORPE	31.4	716	826	791	122	807	38	725	6.54e-94	315	sp|Q45388|TEX_BORPE Protein tex OS=Bordetella pertussis (strain Tohama I / ATCC BAA-589 / NCTC 13251) OX=257313 GN=tex PE=4 SV=2
TRINITY_DN1343_c0_g1_i14.p1	sp|Q8NIV6|SPT6_NEUCR	23.2	406	826	1402	326	676	590	993	3.56e-19	97.1	sp|Q8NIV6|SPT6_NEUCR Transcription elongation factor spt-6 OS=Neurospora crassa (strain ATCC 24698 / 74-OR23-1A / CBS 708.71 / DSM 1257 / FGSC 987) OX=367110 GN=spt-6 PE=3 SV=1
TRINITY_DN1343_c0_g1_i14.p1	sp|Q4HYQ4|SPT6_GIBZE	25.4	406	826	1408	327	676	598	1000	2.82e-17	90.9	sp|Q4HYQ4|SPT6_GIBZE Transcription elongation factor SPT6 OS=Gibberella zeae (strain ATCC MYA-4620 / CBS 123657 / FGSC 9075 / NRRL 31084 / PH-1) OX=229533 GN=SPT6 PE=3 SV=1
TRINITY_DN1343_c0_g1_i14.p1	sp|Q6FLB1|SPT6_CANGA	25.8	330	826	1449	387	676	704	1032	3.88e-15	84.0	sp|Q6FLB1|SPT6_CANGA Transcription elongation factor SPT6 OS=Candida glabrata (strain ATCC 2001 / BCRC 20586 / JCM 3761 / NBRC 0622 / NRRL Y-65 / CBS 138) OX=284593 GN=SPT6 PE=1 SV=1
TRINITY_DN1343_c0_g1_i14.p1	sp|P0CR73|SPT6_CRYNB	26.6	274	826	1506	463	697	784	1053	2.01e-14	81.6	sp|P0CR73|SPT6_CRYNB Transcription elongation factor SPT6 OS=Cryptococcus neoformans var. neoformans serotype D (strain B-3501A) OX=283643 GN=SPT6 PE=3 SV=1
TRINITY_DN1343_c0_g1_i14.p1	sp|P0CR72|SPT6_CRYNJ	26.6	274	826	1506	463	697	784	1053	2.01e-14	81.6	sp|P0CR72|SPT6_CRYNJ Transcription elongation factor SPT6 OS=Cryptococcus neoformans var. neoformans serotype D (strain JEC21 / ATCC MYA-565) OX=214684 GN=SPT6 PE=3 SV=1
TRINITY_DN1343_c0_g1_i14.p1	sp|Q4WWH6|SPT6_ASPFU	25.8	256	826	1420	443	676	763	1012	1.33e-13	79.0	sp|Q4WWH6|SPT6_ASPFU Transcription elongation factor spt6 OS=Aspergillus fumigatus (strain ATCC MYA-4609 / CBS 101355 / FGSC A1100 / Af293) OX=330879 GN=spt6 PE=3 SV=1
TRINITY_DN1343_c0_g1_i14.p1	sp|Q2U561|SPT6_ASPOR	28.6	192	826	1422	502	676	822	1013	5.21e-13	77.0	sp|Q2U561|SPT6_ASPOR Transcription elongation factor spt6 OS=Aspergillus oryzae (strain ATCC 42149 / RIB 40) OX=510516 GN=spt6 PE=3 SV=1
TRINITY_DN1343_c0_g1_i14.p1	sp|P34703|SPT6H_CAEEL	24.2	298	826	1521	500	768	843	1139	2.72e-12	74.7	sp|P34703|SPT6H_CAEEL Suppressor of Ty 6 homolog OS=Caenorhabditis elegans OX=6239 GN=emb-5 PE=1 SV=1
TRINITY_DN1343_c0_g1_i14.p1	sp|Q62383|SPT6H_MOUSE	20.7	429	826	1726	322	676	644	1070	2.80e-12	74.7	sp|Q62383|SPT6H_MOUSE Transcription elongation factor SPT6 OS=Mus musculus OX=10090 GN=Supt6h PE=1 SV=2
TRINITY_DN1343_c0_g1_i14.p1	sp|P23615|SPT6_YEAST	23.2	405	826	1451	322	676	631	1033	7.98e-12	73.2	sp|P23615|SPT6_YEAST Transcription elongation factor SPT6 OS=Saccharomyces cerevisiae (strain ATCC 204508 / S288c) OX=559292 GN=SPT6 PE=1 SV=1
TRINITY_DN1343_c0_g1_i14.p1	sp|Q8UVK2|SPT6H_DANRE	24.4	352	826	1726	381	676	710	1061	1.88e-11	72.0	sp|Q8UVK2|SPT6H_DANRE Transcription elongation factor SPT6 OS=Danio rerio OX=7955 GN=supt6h PE=1 SV=1
TRINITY_DN1343_c0_g1_i14.p1	sp|Q7KZ85|SPT6H_HUMAN	27.5	193	826	1726	505	676	879	1070	1.88e-11	72.0	sp|Q7KZ85|SPT6H_HUMAN Transcription elongation factor SPT6 OS=Homo sapiens OX=9606 GN=SUPT6H PE=1 SV=2
TRINITY_DN1343_c0_g1_i14.p1	sp|Q75EP8|SPT6_EREGS	25.6	250	826	1432	456	676	763	1008	5.34e-11	70.5	sp|Q75EP8|SPT6_EREGS Transcription elongation factor SPT6 OS=Eremothecium gossypii (strain ATCC 10895 / CBS 109.51 / FGSC 9923 / NRRL Y-1056) OX=284811 GN=SPT6 PE=3 SV=2
TRINITY_DN1343_c0_g1_i14.p1	sp|Q09915|SPT6_SCHPO	27.6	185	826	1365	504	676	768	952	2.70e-10	68.2	sp|Q09915|SPT6_SCHPO Transcription elongation factor spt6 OS=Schizosaccharomyces pombe (strain 972 / ATCC 24843) OX=284812 GN=spt6 PE=1 SV=2
TRINITY_DN1343_c0_g1_i14.p1	sp|Q5B7Q7|SPT6_EMENI	25.5	196	826	1417	498	676	812	1007	2.73e-10	68.2	sp|Q5B7Q7|SPT6_EMENI Transcription elongation factor spt6 OS=Emericella nidulans (strain FGSC A4 / ATCC 38163 / CBS 112.46 / NRRL 194 / M139) OX=227321 GN=spt6 PE=3 SV=2
TRINITY_DN1343_c0_g1_i15.p1	sp|O31489|YDCI_BACSU	52.9	51	109	719	48	91	656	705	6.99e-04	40.8	sp|O31489|YDCI_BACSU Uncharacterized protein YdcI OS=Bacillus subtilis (strain 168) OX=224308 GN=ydcI PE=4 SV=2
TRINITY_DN1343_c0_g1_i17.p2	sp|P71353|Y568_HAEIN	35.8	265	262	762	2	256	470	722	6.96e-39	147	sp|P71353|Y568_HAEIN Uncharacterized protein HI_0568 OS=Haemophilus influenzae (strain ATCC 51907 / DSM 11121 / KW20 / Rd) OX=71421 GN=HI_0568 PE=4 SV=1
TRINITY_DN1343_c0_g1_i17.p2	sp|Q8N5C6|SRBD1_HUMAN	32.6	316	262	995	1	258	681	992	1.68e-38	146	sp|Q8N5C6|SRBD1_HUMAN S1 RNA-binding domain-containing protein 1 OS=Homo sapiens OX=9606 GN=SRBD1 PE=1 SV=2
TRINITY_DN1343_c0_g1_i17.p2	sp|P57072|YHGF_NEIMA	36.7	264	262	757	2	256	459	711	2.39e-38	145	sp|P57072|YHGF_NEIMA Uncharacterized protein NMA0194 OS=Neisseria meningitidis serogroup A / serotype 4A (strain DSM 15465 / Z2491) OX=122587 GN=NMA0194 PE=4 SV=1
TRINITY_DN1343_c0_g1_i17.p2	sp|Q51152|YHGF_NEIMB	36.7	264	262	757	2	256	459	711	2.39e-38	145	sp|Q51152|YHGF_NEIMB Uncharacterized protein NMB0075 OS=Neisseria meningitidis serogroup B (strain ATCC BAA-335 / MC58) OX=122586 GN=NMB0075 PE=4 SV=2
TRINITY_DN1343_c0_g1_i17.p2	sp|Q5RDI0|SRBD1_PONAB	32.6	316	262	995	1	258	681	992	3.10e-38	145	sp|Q5RDI0|SRBD1_PONAB S1 RNA-binding domain-containing protein 1 OS=Pongo abelii OX=9601 GN=SRBD1 PE=2 SV=1
TRINITY_DN1343_c0_g1_i17.p2	sp|O31489|YDCI_BACSU	36.4	250	262	719	2	244	465	705	5.40e-38	144	sp|O31489|YDCI_BACSU Uncharacterized protein YdcI OS=Bacillus subtilis (strain 168) OX=224308 GN=ydcI PE=4 SV=2
TRINITY_DN1343_c0_g1_i17.p2	sp|Q51062|YHGF_NEIGO	36.7	264	262	757	2	256	459	711	6.10e-38	144	sp|Q51062|YHGF_NEIGO Transcriptional accessory protein Tex OS=Neisseria gonorrhoeae OX=485 GN=tex PE=4 SV=2
TRINITY_DN1343_c0_g1_i17.p2	sp|Q497V5|SRBD1_MOUSE	34.8	264	262	982	1	221	676	933	1.23e-36	140	sp|Q497V5|SRBD1_MOUSE S1 RNA-binding domain-containing protein 1 OS=Mus musculus OX=10090 GN=Srbd1 PE=2 SV=3
TRINITY_DN1343_c0_g1_i17.p2	sp|P46837|YHGF_ECOLI	37.1	264	262	773	2	256	470	722	1.24e-35	137	sp|P46837|YHGF_ECOLI Protein YhgF OS=Escherichia coli (strain K12) OX=83333 GN=yhgF PE=1 SV=3
TRINITY_DN1343_c0_g1_i17.p2	sp|Q45388|TEX_BORPE	35.1	248	262	791	2	243	489	725	3.81e-34	133	sp|Q45388|TEX_BORPE Protein tex OS=Bordetella pertussis (strain Tohama I / ATCC BAA-589 / NCTC 13251) OX=257313 GN=tex PE=4 SV=2
TRINITY_DN1343_c0_g1_i17.p2	sp|Q8NIV6|SPT6_NEUCR	32.8	128	262	1402	2	112	866	993	1.28e-09	62.0	sp|Q8NIV6|SPT6_NEUCR Transcription elongation factor spt-6 OS=Neurospora crassa (strain ATCC 24698 / 74-OR23-1A / CBS 708.71 / DSM 1257 / FGSC 987) OX=367110 GN=spt-6 PE=3 SV=1
TRINITY_DN1343_c0_g1_i17.p2	sp|Q4HYQ4|SPT6_GIBZE	33.9	127	262	1408	3	112	874	1000	3.10e-09	60.8	sp|Q4HYQ4|SPT6_GIBZE Transcription elongation factor SPT6 OS=Gibberella zeae (strain ATCC MYA-4620 / CBS 123657 / FGSC 9075 / NRRL 31084 / PH-1) OX=229533 GN=SPT6 PE=3 SV=1
TRINITY_DN1343_c0_g1_i17.p2	sp|Q2U561|SPT6_ASPOR	30.4	125	262	1422	3	112	889	1013	6.06e-07	53.9	sp|Q2U561|SPT6_ASPOR Transcription elongation factor spt6 OS=Aspergillus oryzae (strain ATCC 42149 / RIB 40) OX=510516 GN=spt6 PE=3 SV=1
TRINITY_DN1343_c0_g1_i17.p2	sp|Q4WWH6|SPT6_ASPFU	29.6	125	262	1420	3	112	888	1012	1.45e-06	52.8	sp|Q4WWH6|SPT6_ASPFU Transcription elongation factor spt6 OS=Aspergillus fumigatus (strain ATCC MYA-4609 / CBS 101355 / FGSC A1100 / Af293) OX=330879 GN=spt6 PE=3 SV=1
TRINITY_DN1343_c0_g1_i17.p2	sp|Q6FLB1|SPT6_CANGA	29.1	127	262	1449	2	112	906	1032	1.46e-06	52.8	sp|Q6FLB1|SPT6_CANGA Transcription elongation factor SPT6 OS=Candida glabrata (strain ATCC 2001 / BCRC 20586 / JCM 3761 / NBRC 0622 / NRRL Y-65 / CBS 138) OX=284593 GN=SPT6 PE=1 SV=1
TRINITY_DN1343_c0_g1_i17.p2	sp|Q7KZ85|SPT6H_HUMAN	27.6	127	262	1726	1	112	945	1070	1.13e-05	50.1	sp|Q7KZ85|SPT6H_HUMAN Transcription elongation factor SPT6 OS=Homo sapiens OX=9606 GN=SUPT6H PE=1 SV=2
TRINITY_DN1343_c0_g1_i17.p2	sp|Q62383|SPT6H_MOUSE	27.6	127	262	1726	1	112	945	1070	1.13e-05	50.1	sp|Q62383|SPT6H_MOUSE Transcription elongation factor SPT6 OS=Mus musculus OX=10090 GN=Supt6h PE=1 SV=2
TRINITY_DN1343_c0_g1_i17.p2	sp|Q09915|SPT6_SCHPO	27.3	121	262	1365	2	112	832	952	1.96e-05	49.3	sp|Q09915|SPT6_SCHPO Transcription elongation factor spt6 OS=Schizosaccharomyces pombe (strain 972 / ATCC 24843) OX=284812 GN=spt6 PE=1 SV=2
TRINITY_DN1343_c0_g1_i17.p2	sp|Q5B7Q7|SPT6_EMENI	28.0	125	262	1417	3	112	883	1007	1.98e-04	46.2	sp|Q5B7Q7|SPT6_EMENI Transcription elongation factor spt6 OS=Emericella nidulans (strain FGSC A4 / ATCC 38163 / CBS 112.46 / NRRL 194 / M139) OX=227321 GN=spt6 PE=3 SV=2
TRINITY_DN1343_c0_g1_i17.p2	sp|Q75EP8|SPT6_EREGS	26.8	127	262	1432	2	112	882	1008	3.52e-04	45.4	sp|Q75EP8|SPT6_EREGS Transcription elongation factor SPT6 OS=Eremothecium gossypii (strain ATCC 10895 / CBS 109.51 / FGSC 9923 / NRRL Y-1056) OX=284811 GN=SPT6 PE=3 SV=2
TRINITY_DN1343_c0_g1_i17.p2	sp|B3EAF2|PNP_TRIL1	31.6	79	262	703	189	261	619	697	4.18e-04	45.1	sp|B3EAF2|PNP_TRIL1 Polyribonucleotide nucleotidyltransferase OS=Trichlorobacter lovleyi (strain ATCC BAA-1151 / DSM 17278 / SZ) OX=398767 GN=pnp PE=3 SV=1
TRINITY_DN1343_c0_g1_i17.p2	sp|A7NPZ1|PNP_ROSCS	33.8	77	262	746	190	259	625	701	7.52e-04	44.3	sp|A7NPZ1|PNP_ROSCS Polyribonucleotide nucleotidyltransferase OS=Roseiflexus castenholzii (strain DSM 13941 / HLO8) OX=383372 GN=pnp PE=3 SV=1
TRINITY_DN1343_c0_g1_i17.p2	sp|A5URV5|PNP_ROSS1	33.8	77	262	747	190	259	625	701	7.52e-04	44.3	sp|A5URV5|PNP_ROSS1 Polyribonucleotide nucleotidyltransferase OS=Roseiflexus sp. (strain RS-1) OX=357808 GN=pnp PE=3 SV=1
TRINITY_DN1343_c0_g1_i17.p2	sp|A1AMM6|PNP_PELPD	29.3	92	262	706	172	253	593	684	9.90e-04	43.9	sp|A1AMM6|PNP_PELPD Polyribonucleotide nucleotidyltransferase OS=Pelobacter propionicus (strain DSM 2379 / NBRC 103807 / OttBd1) OX=338966 GN=pnp PE=3 SV=1
TRINITY_DN1343_c0_g1_i17.p1	sp|Q8N5C6|SRBD1_HUMAN	36.5	485	569	995	95	562	206	678	5.26e-81	276	sp|Q8N5C6|SRBD1_HUMAN S1 RNA-binding domain-containing protein 1 OS=Homo sapiens OX=9606 GN=SRBD1 PE=1 SV=2
TRINITY_DN1343_c0_g1_i17.p1	sp|Q5RDI0|SRBD1_PONAB	36.6	489	569	995	93	562	202	678	2.66e-80	275	sp|Q5RDI0|SRBD1_PONAB S1 RNA-binding domain-containing protein 1 OS=Pongo abelii OX=9601 GN=SRBD1 PE=2 SV=1
TRINITY_DN1343_c0_g1_i17.p1	sp|Q497V5|SRBD1_MOUSE	35.4	489	569	982	90	562	196	673	8.00e-79	270	sp|Q497V5|SRBD1_MOUSE S1 RNA-binding domain-containing protein 1 OS=Mus musculus OX=10090 GN=Srbd1 PE=2 SV=3
TRINITY_DN1343_c0_g1_i17.p1	sp|O31489|YDCI_BACSU	33.8	471	569	719	105	562	9	461	7.01e-67	233	sp|O31489|YDCI_BACSU Uncharacterized protein YdcI OS=Bacillus subtilis (strain 168) OX=224308 GN=ydcI PE=4 SV=2
TRINITY_DN1343_c0_g1_i17.p1	sp|P71353|Y568_HAEIN	31.4	456	569	762	122	562	25	466	1.58e-49	186	sp|P71353|Y568_HAEIN Uncharacterized protein HI_0568 OS=Haemophilus influenzae (strain ATCC 51907 / DSM 11121 / KW20 / Rd) OX=71421 GN=HI_0568 PE=4 SV=1
TRINITY_DN1343_c0_g1_i17.p1	sp|Q45388|TEX_BORPE	29.2	465	569	791	122	562	38	485	4.47e-48	182	sp|Q45388|TEX_BORPE Protein tex OS=Bordetella pertussis (strain Tohama I / ATCC BAA-589 / NCTC 13251) OX=257313 GN=tex PE=4 SV=2
TRINITY_DN1343_c0_g1_i17.p1	sp|P46837|YHGF_ECOLI	29.9	462	569	773	122	562	25	466	1.59e-46	177	sp|P46837|YHGF_ECOLI Protein YhgF OS=Escherichia coli (strain K12) OX=83333 GN=yhgF PE=1 SV=3
TRINITY_DN1343_c0_g1_i17.p1	sp|Q51152|YHGF_NEIMB	30.0	454	569	757	122	562	22	455	4.20e-45	173	sp|Q51152|YHGF_NEIMB Uncharacterized protein NMB0075 OS=Neisseria meningitidis serogroup B (strain ATCC BAA-335 / MC58) OX=122586 GN=NMB0075 PE=4 SV=2
TRINITY_DN1343_c0_g1_i17.p1	sp|P57072|YHGF_NEIMA	30.2	454	569	757	122	562	22	455	7.77e-45	172	sp|P57072|YHGF_NEIMA Uncharacterized protein NMA0194 OS=Neisseria meningitidis serogroup A / serotype 4A (strain DSM 15465 / Z2491) OX=122587 GN=NMA0194 PE=4 SV=1
TRINITY_DN1343_c0_g1_i17.p1	sp|Q51062|YHGF_NEIGO	29.7	454	569	757	122	562	22	455	3.60e-44	171	sp|Q51062|YHGF_NEIGO Transcriptional accessory protein Tex OS=Neisseria gonorrhoeae OX=485 GN=tex PE=4 SV=2
TRINITY_DN1343_c0_g1_i19.p1	sp|Q8N5C6|SRBD1_HUMAN	35.1	803	826	995	95	822	206	992	1.13e-132	423	sp|Q8N5C6|SRBD1_HUMAN S1 RNA-binding domain-containing protein 1 OS=Homo sapiens OX=9606 GN=SRBD1 PE=1 SV=2
TRINITY_DN1343_c0_g1_i19.p1	sp|Q5RDI0|SRBD1_PONAB	35.2	807	826	995	93	822	202	992	1.19e-131	420	sp|Q5RDI0|SRBD1_PONAB S1 RNA-binding domain-containing protein 1 OS=Pongo abelii OX=9601 GN=SRBD1 PE=2 SV=1
TRINITY_DN1343_c0_g1_i19.p1	sp|Q497V5|SRBD1_MOUSE	35.4	755	826	982	90	785	196	933	2.01e-128	411	sp|Q497V5|SRBD1_MOUSE S1 RNA-binding domain-containing protein 1 OS=Mus musculus OX=10090 GN=Srbd1 PE=2 SV=3
TRINITY_DN1343_c0_g1_i19.p1	sp|O31489|YDCI_BACSU	34.8	724	826	719	105	808	9	705	2.38e-118	377	sp|O31489|YDCI_BACSU Uncharacterized protein YdcI OS=Bacillus subtilis (strain 168) OX=224308 GN=ydcI PE=4 SV=2
TRINITY_DN1343_c0_g1_i19.p1	sp|P71353|Y568_HAEIN	33.1	724	826	762	122	820	25	722	1.12e-100	332	sp|P71353|Y568_HAEIN Uncharacterized protein HI_0568 OS=Haemophilus influenzae (strain ATCC 51907 / DSM 11121 / KW20 / Rd) OX=71421 GN=HI_0568 PE=4 SV=1
TRINITY_DN1343_c0_g1_i19.p1	sp|Q51152|YHGF_NEIMB	32.6	721	826	757	122	820	22	711	1.13e-95	318	sp|Q51152|YHGF_NEIMB Uncharacterized protein NMB0075 OS=Neisseria meningitidis serogroup B (strain ATCC BAA-335 / MC58) OX=122586 GN=NMB0075 PE=4 SV=2
TRINITY_DN1343_c0_g1_i19.p1	sp|P57072|YHGF_NEIMA	32.7	721	826	757	122	820	22	711	2.20e-95	318	sp|P57072|YHGF_NEIMA Uncharacterized protein NMA0194 OS=Neisseria meningitidis serogroup A / serotype 4A (strain DSM 15465 / Z2491) OX=122587 GN=NMA0194 PE=4 SV=1
TRINITY_DN1343_c0_g1_i19.p1	sp|Q51062|YHGF_NEIGO	32.5	721	826	757	122	820	22	711	3.11e-94	315	sp|Q51062|YHGF_NEIGO Transcriptional accessory protein Tex OS=Neisseria gonorrhoeae OX=485 GN=tex PE=4 SV=2
TRINITY_DN1343_c0_g1_i19.p1	sp|P46837|YHGF_ECOLI	32.6	729	826	773	122	820	25	722	3.18e-94	315	sp|P46837|YHGF_ECOLI Protein YhgF OS=Escherichia coli (strain K12) OX=83333 GN=yhgF PE=1 SV=3
TRINITY_DN1343_c0_g1_i19.p1	sp|Q45388|TEX_BORPE	31.4	716	826	791	122	807	38	725	6.54e-94	315	sp|Q45388|TEX_BORPE Protein tex OS=Bordetella pertussis (strain Tohama I / ATCC BAA-589 / NCTC 13251) OX=257313 GN=tex PE=4 SV=2
TRINITY_DN1343_c0_g1_i19.p1	sp|Q8NIV6|SPT6_NEUCR	23.2	406	826	1402	326	676	590	993	3.56e-19	97.1	sp|Q8NIV6|SPT6_NEUCR Transcription elongation factor spt-6 OS=Neurospora crassa (strain ATCC 24698 / 74-OR23-1A / CBS 708.71 / DSM 1257 / FGSC 987) OX=367110 GN=spt-6 PE=3 SV=1
TRINITY_DN1343_c0_g1_i19.p1	sp|Q4HYQ4|SPT6_GIBZE	25.4	406	826	1408	327	676	598	1000	2.82e-17	90.9	sp|Q4HYQ4|SPT6_GIBZE Transcription elongation factor SPT6 OS=Gibberella zeae (strain ATCC MYA-4620 / CBS 123657 / FGSC 9075 / NRRL 31084 / PH-1) OX=229533 GN=SPT6 PE=3 SV=1
TRINITY_DN1343_c0_g1_i19.p1	sp|Q6FLB1|SPT6_CANGA	25.8	330	826	1449	387	676	704	1032	3.88e-15	84.0	sp|Q6FLB1|SPT6_CANGA Transcription elongation factor SPT6 OS=Candida glabrata (strain ATCC 2001 / BCRC 20586 / JCM 3761 / NBRC 0622 / NRRL Y-65 / CBS 138) OX=284593 GN=SPT6 PE=1 SV=1
TRINITY_DN1343_c0_g1_i19.p1	sp|P0CR73|SPT6_CRYNB	26.6	274	826	1506	463	697	784	1053	2.01e-14	81.6	sp|P0CR73|SPT6_CRYNB Transcription elongation factor SPT6 OS=Cryptococcus neoformans var. neoformans serotype D (strain B-3501A) OX=283643 GN=SPT6 PE=3 SV=1
TRINITY_DN1343_c0_g1_i19.p1	sp|P0CR72|SPT6_CRYNJ	26.6	274	826	1506	463	697	784	1053	2.01e-14	81.6	sp|P0CR72|SPT6_CRYNJ Transcription elongation factor SPT6 OS=Cryptococcus neoformans var. neoformans serotype D (strain JEC21 / ATCC MYA-565) OX=214684 GN=SPT6 PE=3 SV=1
TRINITY_DN1343_c0_g1_i19.p1	sp|Q4WWH6|SPT6_ASPFU	25.8	256	826	1420	443	676	763	1012	1.33e-13	79.0	sp|Q4WWH6|SPT6_ASPFU Transcription elongation factor spt6 OS=Aspergillus fumigatus (strain ATCC MYA-4609 / CBS 101355 / FGSC A1100 / Af293) OX=330879 GN=spt6 PE=3 SV=1
TRINITY_DN1343_c0_g1_i19.p1	sp|Q2U561|SPT6_ASPOR	28.6	192	826	1422	502	676	822	1013	5.21e-13	77.0	sp|Q2U561|SPT6_ASPOR Transcription elongation factor spt6 OS=Aspergillus oryzae (strain ATCC 42149 / RIB 40) OX=510516 GN=spt6 PE=3 SV=1
TRINITY_DN1343_c0_g1_i19.p1	sp|P34703|SPT6H_CAEEL	24.2	298	826	1521	500	768	843	1139	2.72e-12	74.7	sp|P34703|SPT6H_CAEEL Suppressor of Ty 6 homolog OS=Caenorhabditis elegans OX=6239 GN=emb-5 PE=1 SV=1
TRINITY_DN1343_c0_g1_i19.p1	sp|Q62383|SPT6H_MOUSE	20.7	429	826	1726	322	676	644	1070	2.80e-12	74.7	sp|Q62383|SPT6H_MOUSE Transcription elongation factor SPT6 OS=Mus musculus OX=10090 GN=Supt6h PE=1 SV=2
TRINITY_DN1343_c0_g1_i19.p1	sp|P23615|SPT6_YEAST	23.2	405	826	1451	322	676	631	1033	7.98e-12	73.2	sp|P23615|SPT6_YEAST Transcription elongation factor SPT6 OS=Saccharomyces cerevisiae (strain ATCC 204508 / S288c) OX=559292 GN=SPT6 PE=1 SV=1
TRINITY_DN1343_c0_g1_i19.p1	sp|Q8UVK2|SPT6H_DANRE	24.4	352	826	1726	381	676	710	1061	1.88e-11	72.0	sp|Q8UVK2|SPT6H_DANRE Transcription elongation factor SPT6 OS=Danio rerio OX=7955 GN=supt6h PE=1 SV=1
TRINITY_DN1343_c0_g1_i19.p1	sp|Q7KZ85|SPT6H_HUMAN	27.5	193	826	1726	505	676	879	1070	1.88e-11	72.0	sp|Q7KZ85|SPT6H_HUMAN Transcription elongation factor SPT6 OS=Homo sapiens OX=9606 GN=SUPT6H PE=1 SV=2
TRINITY_DN1343_c0_g1_i19.p1	sp|Q75EP8|SPT6_EREGS	25.6	250	826	1432	456	676	763	1008	5.34e-11	70.5	sp|Q75EP8|SPT6_EREGS Transcription elongation factor SPT6 OS=Eremothecium gossypii (strain ATCC 10895 / CBS 109.51 / FGSC 9923 / NRRL Y-1056) OX=284811 GN=SPT6 PE=3 SV=2
TRINITY_DN1343_c0_g1_i19.p1	sp|Q09915|SPT6_SCHPO	27.6	185	826	1365	504	676	768	952	2.70e-10	68.2	sp|Q09915|SPT6_SCHPO Transcription elongation factor spt6 OS=Schizosaccharomyces pombe (strain 972 / ATCC 24843) OX=284812 GN=spt6 PE=1 SV=2
TRINITY_DN1343_c0_g1_i19.p1	sp|Q5B7Q7|SPT6_EMENI	25.5	196	826	1417	498	676	812	1007	2.73e-10	68.2	sp|Q5B7Q7|SPT6_EMENI Transcription elongation factor spt6 OS=Emericella nidulans (strain FGSC A4 / ATCC 38163 / CBS 112.46 / NRRL 194 / M139) OX=227321 GN=spt6 PE=3 SV=2
TRINITY_DN1343_c0_g1_i2.p1	sp|Q8N5C6|SRBD1_HUMAN	34.2	450	532	995	95	527	206	643	3.37e-64	229	sp|Q8N5C6|SRBD1_HUMAN S1 RNA-binding domain-containing protein 1 OS=Homo sapiens OX=9606 GN=SRBD1 PE=1 SV=2
TRINITY_DN1343_c0_g1_i2.p1	sp|Q5RDI0|SRBD1_PONAB	34.4	454	532	995	93	527	202	643	1.62e-63	227	sp|Q5RDI0|SRBD1_PONAB S1 RNA-binding domain-containing protein 1 OS=Pongo abelii OX=9601 GN=SRBD1 PE=2 SV=1
TRINITY_DN1343_c0_g1_i2.p1	sp|Q497V5|SRBD1_MOUSE	32.8	454	532	982	90	527	196	638	4.70e-62	223	sp|Q497V5|SRBD1_MOUSE S1 RNA-binding domain-containing protein 1 OS=Mus musculus OX=10090 GN=Srbd1 PE=2 SV=3
TRINITY_DN1343_c0_g1_i2.p1	sp|O31489|YDCI_BACSU	32.1	436	532	719	105	527	9	426	1.80e-53	196	sp|O31489|YDCI_BACSU Uncharacterized protein YdcI OS=Bacillus subtilis (strain 168) OX=224308 GN=ydcI PE=4 SV=2
TRINITY_DN1343_c0_g1_i2.p1	sp|P71353|Y568_HAEIN	29.4	419	532	762	122	525	25	429	2.35e-35	144	sp|P71353|Y568_HAEIN Uncharacterized protein HI_0568 OS=Haemophilus influenzae (strain ATCC 51907 / DSM 11121 / KW20 / Rd) OX=71421 GN=HI_0568 PE=4 SV=1
TRINITY_DN1343_c0_g1_i2.p1	sp|Q45388|TEX_BORPE	27.1	428	532	791	122	525	38	448	1.51e-34	142	sp|Q45388|TEX_BORPE Protein tex OS=Bordetella pertussis (strain Tohama I / ATCC BAA-589 / NCTC 13251) OX=257313 GN=tex PE=4 SV=2
TRINITY_DN1343_c0_g1_i2.p1	sp|P46837|YHGF_ECOLI	27.8	425	532	773	122	525	25	429	2.19e-32	135	sp|P46837|YHGF_ECOLI Protein YhgF OS=Escherichia coli (strain K12) OX=83333 GN=yhgF PE=1 SV=3
TRINITY_DN1343_c0_g1_i2.p1	sp|Q51152|YHGF_NEIMB	27.7	419	532	757	122	527	22	420	5.35e-31	131	sp|Q51152|YHGF_NEIMB Uncharacterized protein NMB0075 OS=Neisseria meningitidis serogroup B (strain ATCC BAA-335 / MC58) OX=122586 GN=NMB0075 PE=4 SV=2
TRINITY_DN1343_c0_g1_i2.p1	sp|P57072|YHGF_NEIMA	27.9	419	532	757	122	527	22	420	9.61e-31	130	sp|P57072|YHGF_NEIMA Uncharacterized protein NMA0194 OS=Neisseria meningitidis serogroup A / serotype 4A (strain DSM 15465 / Z2491) OX=122587 GN=NMA0194 PE=4 SV=1
TRINITY_DN1343_c0_g1_i2.p1	sp|Q51062|YHGF_NEIGO	27.4	419	532	757	122	527	22	420	4.15e-30	128	sp|Q51062|YHGF_NEIGO Transcriptional accessory protein Tex OS=Neisseria gonorrhoeae OX=485 GN=tex PE=4 SV=2
TRINITY_DN1343_c0_g1_i20.p1	sp|Q8N5C6|SRBD1_HUMAN	35.8	201	201	995	10	201	359	551	1.62e-30	120	sp|Q8N5C6|SRBD1_HUMAN S1 RNA-binding domain-containing protein 1 OS=Homo sapiens OX=9606 GN=SRBD1 PE=1 SV=2
TRINITY_DN1343_c0_g1_i20.p1	sp|Q5RDI0|SRBD1_PONAB	35.8	201	201	995	10	201	359	551	2.21e-30	120	sp|Q5RDI0|SRBD1_PONAB S1 RNA-binding domain-containing protein 1 OS=Pongo abelii OX=9601 GN=SRBD1 PE=2 SV=1
TRINITY_DN1343_c0_g1_i20.p1	sp|Q497V5|SRBD1_MOUSE	34.8	201	201	982	10	201	354	546	1.91e-29	117	sp|Q497V5|SRBD1_MOUSE S1 RNA-binding domain-containing protein 1 OS=Mus musculus OX=10090 GN=Srbd1 PE=2 SV=3
TRINITY_DN1343_c0_g1_i20.p1	sp|O31489|YDCI_BACSU	40.6	128	201	719	77	201	208	335	6.42e-23	99.0	sp|O31489|YDCI_BACSU Uncharacterized protein YdcI OS=Bacillus subtilis (strain 168) OX=224308 GN=ydcI PE=4 SV=2
TRINITY_DN1343_c0_g1_i20.p1	sp|Q45388|TEX_BORPE	27.4	146	201	791	72	201	213	358	1.37e-08	57.4	sp|Q45388|TEX_BORPE Protein tex OS=Bordetella pertussis (strain Tohama I / ATCC BAA-589 / NCTC 13251) OX=257313 GN=tex PE=4 SV=2
TRINITY_DN1343_c0_g1_i20.p1	sp|P57072|YHGF_NEIMA	28.1	135	201	757	75	201	198	332	1.24e-06	51.6	sp|P57072|YHGF_NEIMA Uncharacterized protein NMA0194 OS=Neisseria meningitidis serogroup A / serotype 4A (strain DSM 15465 / Z2491) OX=122587 GN=NMA0194 PE=4 SV=1
TRINITY_DN1343_c0_g1_i20.p1	sp|Q51152|YHGF_NEIMB	28.1	135	201	757	75	201	198	332	1.24e-06	51.6	sp|Q51152|YHGF_NEIMB Uncharacterized protein NMB0075 OS=Neisseria meningitidis serogroup B (strain ATCC BAA-335 / MC58) OX=122586 GN=NMB0075 PE=4 SV=2
TRINITY_DN1343_c0_g1_i20.p1	sp|Q51062|YHGF_NEIGO	28.1	135	201	757	75	201	198	332	1.67e-06	51.2	sp|Q51062|YHGF_NEIGO Transcriptional accessory protein Tex OS=Neisseria gonorrhoeae OX=485 GN=tex PE=4 SV=2
TRINITY_DN1343_c0_g1_i4.p1	sp|Q8N5C6|SRBD1_HUMAN	35.1	803	826	995	95	822	206	992	1.13e-132	423	sp|Q8N5C6|SRBD1_HUMAN S1 RNA-binding domain-containing protein 1 OS=Homo sapiens OX=9606 GN=SRBD1 PE=1 SV=2
TRINITY_DN1343_c0_g1_i4.p1	sp|Q5RDI0|SRBD1_PONAB	35.2	807	826	995	93	822	202	992	1.19e-131	420	sp|Q5RDI0|SRBD1_PONAB S1 RNA-binding domain-containing protein 1 OS=Pongo abelii OX=9601 GN=SRBD1 PE=2 SV=1
TRINITY_DN1343_c0_g1_i4.p1	sp|Q497V5|SRBD1_MOUSE	35.4	755	826	982	90	785	196	933	2.01e-128	411	sp|Q497V5|SRBD1_MOUSE S1 RNA-binding domain-containing protein 1 OS=Mus musculus OX=10090 GN=Srbd1 PE=2 SV=3
TRINITY_DN1343_c0_g1_i4.p1	sp|O31489|YDCI_BACSU	34.8	724	826	719	105	808	9	705	2.38e-118	377	sp|O31489|YDCI_BACSU Uncharacterized protein YdcI OS=Bacillus subtilis (strain 168) OX=224308 GN=ydcI PE=4 SV=2
TRINITY_DN1343_c0_g1_i4.p1	sp|P71353|Y568_HAEIN	33.1	724	826	762	122	820	25	722	1.12e-100	332	sp|P71353|Y568_HAEIN Uncharacterized protein HI_0568 OS=Haemophilus influenzae (strain ATCC 51907 / DSM 11121 / KW20 / Rd) OX=71421 GN=HI_0568 PE=4 SV=1
TRINITY_DN1343_c0_g1_i4.p1	sp|Q51152|YHGF_NEIMB	32.6	721	826	757	122	820	22	711	1.13e-95	318	sp|Q51152|YHGF_NEIMB Uncharacterized protein NMB0075 OS=Neisseria meningitidis serogroup B (strain ATCC BAA-335 / MC58) OX=122586 GN=NMB0075 PE=4 SV=2
TRINITY_DN1343_c0_g1_i4.p1	sp|P57072|YHGF_NEIMA	32.7	721	826	757	122	820	22	711	2.20e-95	318	sp|P57072|YHGF_NEIMA Uncharacterized protein NMA0194 OS=Neisseria meningitidis serogroup A / serotype 4A (strain DSM 15465 / Z2491) OX=122587 GN=NMA0194 PE=4 SV=1
TRINITY_DN1343_c0_g1_i4.p1	sp|Q51062|YHGF_NEIGO	32.5	721	826	757	122	820	22	711	3.11e-94	315	sp|Q51062|YHGF_NEIGO Transcriptional accessory protein Tex OS=Neisseria gonorrhoeae OX=485 GN=tex PE=4 SV=2
TRINITY_DN1343_c0_g1_i4.p1	sp|P46837|YHGF_ECOLI	32.6	729	826	773	122	820	25	722	3.18e-94	315	sp|P46837|YHGF_ECOLI Protein YhgF OS=Escherichia coli (strain K12) OX=83333 GN=yhgF PE=1 SV=3
TRINITY_DN1343_c0_g1_i4.p1	sp|Q45388|TEX_BORPE	31.4	716	826	791	122	807	38	725	6.54e-94	315	sp|Q45388|TEX_BORPE Protein tex OS=Bordetella pertussis (strain Tohama I / ATCC BAA-589 / NCTC 13251) OX=257313 GN=tex PE=4 SV=2
TRINITY_DN1343_c0_g1_i4.p1	sp|Q8NIV6|SPT6_NEUCR	23.2	406	826	1402	326	676	590	993	3.56e-19	97.1	sp|Q8NIV6|SPT6_NEUCR Transcription elongation factor spt-6 OS=Neurospora crassa (strain ATCC 24698 / 74-OR23-1A / CBS 708.71 / DSM 1257 / FGSC 987) OX=367110 GN=spt-6 PE=3 SV=1
TRINITY_DN1343_c0_g1_i4.p1	sp|Q4HYQ4|SPT6_GIBZE	25.4	406	826	1408	327	676	598	1000	2.82e-17	90.9	sp|Q4HYQ4|SPT6_GIBZE Transcription elongation factor SPT6 OS=Gibberella zeae (strain ATCC MYA-4620 / CBS 123657 / FGSC 9075 / NRRL 31084 / PH-1) OX=229533 GN=SPT6 PE=3 SV=1
TRINITY_DN1343_c0_g1_i4.p1	sp|Q6FLB1|SPT6_CANGA	25.8	330	826	1449	387	676	704	1032	3.88e-15	84.0	sp|Q6FLB1|SPT6_CANGA Transcription elongation factor SPT6 OS=Candida glabrata (strain ATCC 2001 / BCRC 20586 / JCM 3761 / NBRC 0622 / NRRL Y-65 / CBS 138) OX=284593 GN=SPT6 PE=1 SV=1
TRINITY_DN1343_c0_g1_i4.p1	sp|P0CR73|SPT6_CRYNB	26.6	274	826	1506	463	697	784	1053	2.01e-14	81.6	sp|P0CR73|SPT6_CRYNB Transcription elongation factor SPT6 OS=Cryptococcus neoformans var. neoformans serotype D (strain B-3501A) OX=283643 GN=SPT6 PE=3 SV=1
TRINITY_DN1343_c0_g1_i4.p1	sp|P0CR72|SPT6_CRYNJ	26.6	274	826	1506	463	697	784	1053	2.01e-14	81.6	sp|P0CR72|SPT6_CRYNJ Transcription elongation factor SPT6 OS=Cryptococcus neoformans var. neoformans serotype D (strain JEC21 / ATCC MYA-565) OX=214684 GN=SPT6 PE=3 SV=1
TRINITY_DN1343_c0_g1_i4.p1	sp|Q4WWH6|SPT6_ASPFU	25.8	256	826	1420	443	676	763	1012	1.33e-13	79.0	sp|Q4WWH6|SPT6_ASPFU Transcription elongation factor spt6 OS=Aspergillus fumigatus (strain ATCC MYA-4609 / CBS 101355 / FGSC A1100 / Af293) OX=330879 GN=spt6 PE=3 SV=1
TRINITY_DN1343_c0_g1_i4.p1	sp|Q2U561|SPT6_ASPOR	28.6	192	826	1422	502	676	822	1013	5.21e-13	77.0	sp|Q2U561|SPT6_ASPOR Transcription elongation factor spt6 OS=Aspergillus oryzae (strain ATCC 42149 / RIB 40) OX=510516 GN=spt6 PE=3 SV=1
TRINITY_DN1343_c0_g1_i4.p1	sp|P34703|SPT6H_CAEEL	24.2	298	826	1521	500	768	843	1139	2.72e-12	74.7	sp|P34703|SPT6H_CAEEL Suppressor of Ty 6 homolog OS=Caenorhabditis elegans OX=6239 GN=emb-5 PE=1 SV=1
TRINITY_DN1343_c0_g1_i4.p1	sp|Q62383|SPT6H_MOUSE	20.7	429	826	1726	322	676	644	1070	2.80e-12	74.7	sp|Q62383|SPT6H_MOUSE Transcription elongation factor SPT6 OS=Mus musculus OX=10090 GN=Supt6h PE=1 SV=2
TRINITY_DN1343_c0_g1_i4.p1	sp|P23615|SPT6_YEAST	23.2	405	826	1451	322	676	631	1033	7.98e-12	73.2	sp|P23615|SPT6_YEAST Transcription elongation factor SPT6 OS=Saccharomyces cerevisiae (strain ATCC 204508 / S288c) OX=559292 GN=SPT6 PE=1 SV=1
TRINITY_DN1343_c0_g1_i4.p1	sp|Q8UVK2|SPT6H_DANRE	24.4	352	826	1726	381	676	710	1061	1.88e-11	72.0	sp|Q8UVK2|SPT6H_DANRE Transcription elongation factor SPT6 OS=Danio rerio OX=7955 GN=supt6h PE=1 SV=1
TRINITY_DN1343_c0_g1_i4.p1	sp|Q7KZ85|SPT6H_HUMAN	27.5	193	826	1726	505	676	879	1070	1.88e-11	72.0	sp|Q7KZ85|SPT6H_HUMAN Transcription elongation factor SPT6 OS=Homo sapiens OX=9606 GN=SUPT6H PE=1 SV=2
TRINITY_DN1343_c0_g1_i4.p1	sp|Q75EP8|SPT6_EREGS	25.6	250	826	1432	456	676	763	1008	5.34e-11	70.5	sp|Q75EP8|SPT6_EREGS Transcription elongation factor SPT6 OS=Eremothecium gossypii (strain ATCC 10895 / CBS 109.51 / FGSC 9923 / NRRL Y-1056) OX=284811 GN=SPT6 PE=3 SV=2
TRINITY_DN1343_c0_g1_i4.p1	sp|Q09915|SPT6_SCHPO	27.6	185	826	1365	504	676	768	952	2.70e-10	68.2	sp|Q09915|SPT6_SCHPO Transcription elongation factor spt6 OS=Schizosaccharomyces pombe (strain 972 / ATCC 24843) OX=284812 GN=spt6 PE=1 SV=2
TRINITY_DN1343_c0_g1_i4.p1	sp|Q5B7Q7|SPT6_EMENI	25.5	196	826	1417	498	676	812	1007	2.73e-10	68.2	sp|Q5B7Q7|SPT6_EMENI Transcription elongation factor spt6 OS=Emericella nidulans (strain FGSC A4 / ATCC 38163 / CBS 112.46 / NRRL 194 / M139) OX=227321 GN=spt6 PE=3 SV=2
TRINITY_DN1343_c0_g1_i5.p1	sp|Q8N5C6|SRBD1_HUMAN	36.3	278	231	995	1	230	648	922	4.88e-46	166	sp|Q8N5C6|SRBD1_HUMAN S1 RNA-binding domain-containing protein 1 OS=Homo sapiens OX=9606 GN=SRBD1 PE=1 SV=2
TRINITY_DN1343_c0_g1_i5.p1	sp|Q497V5|SRBD1_MOUSE	37.4	273	231	982	1	230	643	909	6.59e-46	166	sp|Q497V5|SRBD1_MOUSE S1 RNA-binding domain-containing protein 1 OS=Mus musculus OX=10090 GN=Srbd1 PE=2 SV=3
TRINITY_DN1343_c0_g1_i5.p1	sp|Q5RDI0|SRBD1_PONAB	36.3	278	231	995	1	230	648	922	9.07e-46	166	sp|Q5RDI0|SRBD1_PONAB S1 RNA-binding domain-containing protein 1 OS=Pongo abelii OX=9601 GN=SRBD1 PE=2 SV=1
TRINITY_DN1343_c0_g1_i5.p1	sp|P57072|YHGF_NEIMA	49.7	155	231	757	1	155	425	579	5.69e-44	160	sp|P57072|YHGF_NEIMA Uncharacterized protein NMA0194 OS=Neisseria meningitidis serogroup A / serotype 4A (strain DSM 15465 / Z2491) OX=122587 GN=NMA0194 PE=4 SV=1
TRINITY_DN1343_c0_g1_i5.p1	sp|Q51152|YHGF_NEIMB	49.7	155	231	757	1	155	425	579	5.69e-44	160	sp|Q51152|YHGF_NEIMB Uncharacterized protein NMB0075 OS=Neisseria meningitidis serogroup B (strain ATCC BAA-335 / MC58) OX=122586 GN=NMB0075 PE=4 SV=2
TRINITY_DN1343_c0_g1_i5.p1	sp|Q51062|YHGF_NEIGO	49.7	155	231	757	1	155	425	579	2.02e-43	158	sp|Q51062|YHGF_NEIGO Transcriptional accessory protein Tex OS=Neisseria gonorrhoeae OX=485 GN=tex PE=4 SV=2
TRINITY_DN1343_c0_g1_i5.p1	sp|P71353|Y568_HAEIN	46.5	155	231	762	1	155	436	590	4.43e-41	152	sp|P71353|Y568_HAEIN Uncharacterized protein HI_0568 OS=Haemophilus influenzae (strain ATCC 51907 / DSM 11121 / KW20 / Rd) OX=71421 GN=HI_0568 PE=4 SV=1
TRINITY_DN1343_c0_g1_i5.p1	sp|O31489|YDCI_BACSU	49.7	145	231	719	7	151	437	581	8.77e-40	148	sp|O31489|YDCI_BACSU Uncharacterized protein YdcI OS=Bacillus subtilis (strain 168) OX=224308 GN=ydcI PE=4 SV=2
TRINITY_DN1343_c0_g1_i5.p1	sp|Q45388|TEX_BORPE	47.1	155	231	791	1	155	455	609	1.11e-39	148	sp|Q45388|TEX_BORPE Protein tex OS=Bordetella pertussis (strain Tohama I / ATCC BAA-589 / NCTC 13251) OX=257313 GN=tex PE=4 SV=2
TRINITY_DN1343_c0_g1_i5.p1	sp|P46837|YHGF_ECOLI	47.7	155	231	773	1	155	436	590	1.98e-39	147	sp|P46837|YHGF_ECOLI Protein YhgF OS=Escherichia coli (strain K12) OX=83333 GN=yhgF PE=1 SV=3
TRINITY_DN1343_c0_g1_i5.p1	sp|Q8NIV6|SPT6_NEUCR	29.9	164	231	1402	1	145	830	993	4.53e-12	68.6	sp|Q8NIV6|SPT6_NEUCR Transcription elongation factor spt-6 OS=Neurospora crassa (strain ATCC 24698 / 74-OR23-1A / CBS 708.71 / DSM 1257 / FGSC 987) OX=367110 GN=spt-6 PE=3 SV=1
TRINITY_DN1343_c0_g1_i5.p1	sp|Q4HYQ4|SPT6_GIBZE	30.5	164	231	1408	1	145	837	1000	5.01e-11	65.5	sp|Q4HYQ4|SPT6_GIBZE Transcription elongation factor SPT6 OS=Gibberella zeae (strain ATCC MYA-4620 / CBS 123657 / FGSC 9075 / NRRL 31084 / PH-1) OX=229533 GN=SPT6 PE=3 SV=1
TRINITY_DN1343_c0_g1_i5.p1	sp|Q6FLB1|SPT6_CANGA	28.4	162	231	1449	3	145	871	1032	4.10e-10	62.8	sp|Q6FLB1|SPT6_CANGA Transcription elongation factor SPT6 OS=Candida glabrata (strain ATCC 2001 / BCRC 20586 / JCM 3761 / NBRC 0622 / NRRL Y-65 / CBS 138) OX=284593 GN=SPT6 PE=1 SV=1
TRINITY_DN1343_c0_g1_i5.p1	sp|Q7KZ85|SPT6H_HUMAN	28.7	164	231	1726	3	145	908	1070	7.59e-10	62.0	sp|Q7KZ85|SPT6H_HUMAN Transcription elongation factor SPT6 OS=Homo sapiens OX=9606 GN=SUPT6H PE=1 SV=2
TRINITY_DN1343_c0_g1_i5.p1	sp|Q62383|SPT6H_MOUSE	28.7	164	231	1726	3	145	908	1070	7.59e-10	62.0	sp|Q62383|SPT6H_MOUSE Transcription elongation factor SPT6 OS=Mus musculus OX=10090 GN=Supt6h PE=1 SV=2
TRINITY_DN1343_c0_g1_i5.p1	sp|Q8UVK2|SPT6H_DANRE	29.4	163	231	1726	3	145	899	1061	2.02e-08	57.8	sp|Q8UVK2|SPT6H_DANRE Transcription elongation factor SPT6 OS=Danio rerio OX=7955 GN=supt6h PE=1 SV=1
TRINITY_DN1343_c0_g1_i5.p1	sp|Q09915|SPT6_SCHPO	27.5	149	231	1365	9	145	804	952	1.17e-07	55.5	sp|Q09915|SPT6_SCHPO Transcription elongation factor spt6 OS=Schizosaccharomyces pombe (strain 972 / ATCC 24843) OX=284812 GN=spt6 PE=1 SV=2
TRINITY_DN1343_c0_g1_i5.p1	sp|Q2U561|SPT6_ASPOR	27.9	154	231	1422	9	145	860	1013	2.12e-07	54.7	sp|Q2U561|SPT6_ASPOR Transcription elongation factor spt6 OS=Aspergillus oryzae (strain ATCC 42149 / RIB 40) OX=510516 GN=spt6 PE=3 SV=1
TRINITY_DN1343_c0_g1_i5.p1	sp|Q4WWH6|SPT6_ASPFU	27.3	154	231	1420	9	145	859	1012	3.84e-07	53.9	sp|Q4WWH6|SPT6_ASPFU Transcription elongation factor spt6 OS=Aspergillus fumigatus (strain ATCC MYA-4609 / CBS 101355 / FGSC A1100 / Af293) OX=330879 GN=spt6 PE=3 SV=1
TRINITY_DN1343_c0_g1_i5.p1	sp|P34703|SPT6H_CAEEL	28.8	163	231	1521	3	145	877	1039	5.20e-07	53.5	sp|P34703|SPT6H_CAEEL Suppressor of Ty 6 homolog OS=Caenorhabditis elegans OX=6239 GN=emb-5 PE=1 SV=1
TRINITY_DN1343_c0_g1_i5.p1	sp|Q93148|SPT6H_CAEBR	26.4	163	231	1521	3	145	876	1038	1.26e-06	52.4	sp|Q93148|SPT6H_CAEBR Suppressor of Ty 6 homolog OS=Caenorhabditis briggsae OX=6238 GN=emb-5 PE=2 SV=2
TRINITY_DN1343_c0_g1_i5.p1	sp|Q3MNT0|SPT6_CANAL	27.2	162	231	1401	3	145	834	995	4.06e-06	50.8	sp|Q3MNT0|SPT6_CANAL Transcription elongation factor SPT6 OS=Candida albicans (strain SC5314 / ATCC MYA-2876) OX=237561 GN=SPT6 PE=3 SV=1
TRINITY_DN1343_c0_g1_i5.p1	sp|Q75EP8|SPT6_EREGS	26.4	163	231	1432	3	145	846	1008	4.07e-06	50.8	sp|Q75EP8|SPT6_EREGS Transcription elongation factor SPT6 OS=Eremothecium gossypii (strain ATCC 10895 / CBS 109.51 / FGSC 9923 / NRRL Y-1056) OX=284811 GN=SPT6 PE=3 SV=2
TRINITY_DN1343_c0_g1_i5.p1	sp|P23615|SPT6_YEAST	25.6	156	231	1451	9	145	878	1033	1.32e-05	49.3	sp|P23615|SPT6_YEAST Transcription elongation factor SPT6 OS=Saccharomyces cerevisiae (strain ATCC 204508 / S288c) OX=559292 GN=SPT6 PE=1 SV=1
TRINITY_DN1343_c0_g1_i5.p1	sp|Q5B7Q7|SPT6_EMENI	26.0	154	231	1417	9	145	854	1007	1.02e-04	46.6	sp|Q5B7Q7|SPT6_EMENI Transcription elongation factor spt6 OS=Emericella nidulans (strain FGSC A4 / ATCC 38163 / CBS 112.46 / NRRL 194 / M139) OX=227321 GN=spt6 PE=3 SV=2
TRINITY_DN1343_c0_g1_i7.p1	sp|P71353|Y568_HAEIN	35.8	265	262	762	2	256	470	722	6.96e-39	147	sp|P71353|Y568_HAEIN Uncharacterized protein HI_0568 OS=Haemophilus influenzae (strain ATCC 51907 / DSM 11121 / KW20 / Rd) OX=71421 GN=HI_0568 PE=4 SV=1
TRINITY_DN1343_c0_g1_i7.p1	sp|Q8N5C6|SRBD1_HUMAN	32.6	316	262	995	1	258	681	992	1.68e-38	146	sp|Q8N5C6|SRBD1_HUMAN S1 RNA-binding domain-containing protein 1 OS=Homo sapiens OX=9606 GN=SRBD1 PE=1 SV=2
TRINITY_DN1343_c0_g1_i7.p1	sp|P57072|YHGF_NEIMA	36.7	264	262	757	2	256	459	711	2.39e-38	145	sp|P57072|YHGF_NEIMA Uncharacterized protein NMA0194 OS=Neisseria meningitidis serogroup A / serotype 4A (strain DSM 15465 / Z2491) OX=122587 GN=NMA0194 PE=4 SV=1
TRINITY_DN1343_c0_g1_i7.p1	sp|Q51152|YHGF_NEIMB	36.7	264	262	757	2	256	459	711	2.39e-38	145	sp|Q51152|YHGF_NEIMB Uncharacterized protein NMB0075 OS=Neisseria meningitidis serogroup B (strain ATCC BAA-335 / MC58) OX=122586 GN=NMB0075 PE=4 SV=2
TRINITY_DN1343_c0_g1_i7.p1	sp|Q5RDI0|SRBD1_PONAB	32.6	316	262	995	1	258	681	992	3.10e-38	145	sp|Q5RDI0|SRBD1_PONAB S1 RNA-binding domain-containing protein 1 OS=Pongo abelii OX=9601 GN=SRBD1 PE=2 SV=1
TRINITY_DN1343_c0_g1_i7.p1	sp|O31489|YDCI_BACSU	36.4	250	262	719	2	244	465	705	5.40e-38	144	sp|O31489|YDCI_BACSU Uncharacterized protein YdcI OS=Bacillus subtilis (strain 168) OX=224308 GN=ydcI PE=4 SV=2
TRINITY_DN1343_c0_g1_i7.p1	sp|Q51062|YHGF_NEIGO	36.7	264	262	757	2	256	459	711	6.10e-38	144	sp|Q51062|YHGF_NEIGO Transcriptional accessory protein Tex OS=Neisseria gonorrhoeae OX=485 GN=tex PE=4 SV=2
TRINITY_DN1343_c0_g1_i7.p1	sp|Q497V5|SRBD1_MOUSE	34.8	264	262	982	1	221	676	933	1.23e-36	140	sp|Q497V5|SRBD1_MOUSE S1 RNA-binding domain-containing protein 1 OS=Mus musculus OX=10090 GN=Srbd1 PE=2 SV=3
TRINITY_DN1343_c0_g1_i7.p1	sp|P46837|YHGF_ECOLI	37.1	264	262	773	2	256	470	722	1.24e-35	137	sp|P46837|YHGF_ECOLI Protein YhgF OS=Escherichia coli (strain K12) OX=83333 GN=yhgF PE=1 SV=3
TRINITY_DN1343_c0_g1_i7.p1	sp|Q45388|TEX_BORPE	35.1	248	262	791	2	243	489	725	3.81e-34	133	sp|Q45388|TEX_BORPE Protein tex OS=Bordetella pertussis (strain Tohama I / ATCC BAA-589 / NCTC 13251) OX=257313 GN=tex PE=4 SV=2
TRINITY_DN1343_c0_g1_i7.p1	sp|Q8NIV6|SPT6_NEUCR	32.8	128	262	1402	2	112	866	993	1.28e-09	62.0	sp|Q8NIV6|SPT6_NEUCR Transcription elongation factor spt-6 OS=Neurospora crassa (strain ATCC 24698 / 74-OR23-1A / CBS 708.71 / DSM 1257 / FGSC 987) OX=367110 GN=spt-6 PE=3 SV=1
TRINITY_DN1343_c0_g1_i7.p1	sp|Q4HYQ4|SPT6_GIBZE	33.9	127	262	1408	3	112	874	1000	3.10e-09	60.8	sp|Q4HYQ4|SPT6_GIBZE Transcription elongation factor SPT6 OS=Gibberella zeae (strain ATCC MYA-4620 / CBS 123657 / FGSC 9075 / NRRL 31084 / PH-1) OX=229533 GN=SPT6 PE=3 SV=1
TRINITY_DN1343_c0_g1_i7.p1	sp|Q2U561|SPT6_ASPOR	30.4	125	262	1422	3	112	889	1013	6.06e-07	53.9	sp|Q2U561|SPT6_ASPOR Transcription elongation factor spt6 OS=Aspergillus oryzae (strain ATCC 42149 / RIB 40) OX=510516 GN=spt6 PE=3 SV=1
TRINITY_DN1343_c0_g1_i7.p1	sp|Q4WWH6|SPT6_ASPFU	29.6	125	262	1420	3	112	888	1012	1.45e-06	52.8	sp|Q4WWH6|SPT6_ASPFU Transcription elongation factor spt6 OS=Aspergillus fumigatus (strain ATCC MYA-4609 / CBS 101355 / FGSC A1100 / Af293) OX=330879 GN=spt6 PE=3 SV=1
TRINITY_DN1343_c0_g1_i7.p1	sp|Q6FLB1|SPT6_CANGA	29.1	127	262	1449	2	112	906	1032	1.46e-06	52.8	sp|Q6FLB1|SPT6_CANGA Transcription elongation factor SPT6 OS=Candida glabrata (strain ATCC 2001 / BCRC 20586 / JCM 3761 / NBRC 0622 / NRRL Y-65 / CBS 138) OX=284593 GN=SPT6 PE=1 SV=1
TRINITY_DN1343_c0_g1_i7.p1	sp|Q7KZ85|SPT6H_HUMAN	27.6	127	262	1726	1	112	945	1070	1.13e-05	50.1	sp|Q7KZ85|SPT6H_HUMAN Transcription elongation factor SPT6 OS=Homo sapiens OX=9606 GN=SUPT6H PE=1 SV=2
TRINITY_DN1343_c0_g1_i7.p1	sp|Q62383|SPT6H_MOUSE	27.6	127	262	1726	1	112	945	1070	1.13e-05	50.1	sp|Q62383|SPT6H_MOUSE Transcription elongation factor SPT6 OS=Mus musculus OX=10090 GN=Supt6h PE=1 SV=2
TRINITY_DN1343_c0_g1_i7.p1	sp|Q09915|SPT6_SCHPO	27.3	121	262	1365	2	112	832	952	1.96e-05	49.3	sp|Q09915|SPT6_SCHPO Transcription elongation factor spt6 OS=Schizosaccharomyces pombe (strain 972 / ATCC 24843) OX=284812 GN=spt6 PE=1 SV=2
TRINITY_DN1343_c0_g1_i7.p1	sp|Q5B7Q7|SPT6_EMENI	28.0	125	262	1417	3	112	883	1007	1.98e-04	46.2	sp|Q5B7Q7|SPT6_EMENI Transcription elongation factor spt6 OS=Emericella nidulans (strain FGSC A4 / ATCC 38163 / CBS 112.46 / NRRL 194 / M139) OX=227321 GN=spt6 PE=3 SV=2
TRINITY_DN1343_c0_g1_i7.p1	sp|Q75EP8|SPT6_EREGS	26.8	127	262	1432	2	112	882	1008	3.52e-04	45.4	sp|Q75EP8|SPT6_EREGS Transcription elongation factor SPT6 OS=Eremothecium gossypii (strain ATCC 10895 / CBS 109.51 / FGSC 9923 / NRRL Y-1056) OX=284811 GN=SPT6 PE=3 SV=2
TRINITY_DN1343_c0_g1_i7.p1	sp|B3EAF2|PNP_TRIL1	31.6	79	262	703	189	261	619	697	4.18e-04	45.1	sp|B3EAF2|PNP_TRIL1 Polyribonucleotide nucleotidyltransferase OS=Trichlorobacter lovleyi (strain ATCC BAA-1151 / DSM 17278 / SZ) OX=398767 GN=pnp PE=3 SV=1
TRINITY_DN1343_c0_g1_i7.p1	sp|A7NPZ1|PNP_ROSCS	33.8	77	262	746	190	259	625	701	7.52e-04	44.3	sp|A7NPZ1|PNP_ROSCS Polyribonucleotide nucleotidyltransferase OS=Roseiflexus castenholzii (strain DSM 13941 / HLO8) OX=383372 GN=pnp PE=3 SV=1
TRINITY_DN1343_c0_g1_i7.p1	sp|A5URV5|PNP_ROSS1	33.8	77	262	747	190	259	625	701	7.52e-04	44.3	sp|A5URV5|PNP_ROSS1 Polyribonucleotide nucleotidyltransferase OS=Roseiflexus sp. (strain RS-1) OX=357808 GN=pnp PE=3 SV=1
TRINITY_DN1343_c0_g1_i7.p1	sp|A1AMM6|PNP_PELPD	29.3	92	262	706	172	253	593	684	9.90e-04	43.9	sp|A1AMM6|PNP_PELPD Polyribonucleotide nucleotidyltransferase OS=Pelobacter propionicus (strain DSM 2379 / NBRC 103807 / OttBd1) OX=338966 GN=pnp PE=3 SV=1
TRINITY_DN1343_c0_g1_i8.p1	sp|Q8N5C6|SRBD1_HUMAN	36.5	485	569	995	95	562	206	678	5.26e-81	276	sp|Q8N5C6|SRBD1_HUMAN S1 RNA-binding domain-containing protein 1 OS=Homo sapiens OX=9606 GN=SRBD1 PE=1 SV=2
TRINITY_DN1343_c0_g1_i8.p1	sp|Q5RDI0|SRBD1_PONAB	36.6	489	569	995	93	562	202	678	2.66e-80	275	sp|Q5RDI0|SRBD1_PONAB S1 RNA-binding domain-containing protein 1 OS=Pongo abelii OX=9601 GN=SRBD1 PE=2 SV=1
TRINITY_DN1343_c0_g1_i8.p1	sp|Q497V5|SRBD1_MOUSE	35.4	489	569	982	90	562	196	673	8.00e-79	270	sp|Q497V5|SRBD1_MOUSE S1 RNA-binding domain-containing protein 1 OS=Mus musculus OX=10090 GN=Srbd1 PE=2 SV=3
TRINITY_DN1343_c0_g1_i8.p1	sp|O31489|YDCI_BACSU	33.8	471	569	719	105	562	9	461	7.01e-67	233	sp|O31489|YDCI_BACSU Uncharacterized protein YdcI OS=Bacillus subtilis (strain 168) OX=224308 GN=ydcI PE=4 SV=2
TRINITY_DN1343_c0_g1_i8.p1	sp|P71353|Y568_HAEIN	31.4	456	569	762	122	562	25	466	1.58e-49	186	sp|P71353|Y568_HAEIN Uncharacterized protein HI_0568 OS=Haemophilus influenzae (strain ATCC 51907 / DSM 11121 / KW20 / Rd) OX=71421 GN=HI_0568 PE=4 SV=1
TRINITY_DN1343_c0_g1_i8.p1	sp|Q45388|TEX_BORPE	29.2	465	569	791	122	562	38	485	4.47e-48	182	sp|Q45388|TEX_BORPE Protein tex OS=Bordetella pertussis (strain Tohama I / ATCC BAA-589 / NCTC 13251) OX=257313 GN=tex PE=4 SV=2
TRINITY_DN1343_c0_g1_i8.p1	sp|P46837|YHGF_ECOLI	29.9	462	569	773	122	562	25	466	1.59e-46	177	sp|P46837|YHGF_ECOLI Protein YhgF OS=Escherichia coli (strain K12) OX=83333 GN=yhgF PE=1 SV=3
TRINITY_DN1343_c0_g1_i8.p1	sp|Q51152|YHGF_NEIMB	30.0	454	569	757	122	562	22	455	4.20e-45	173	sp|Q51152|YHGF_NEIMB Uncharacterized protein NMB0075 OS=Neisseria meningitidis serogroup B (strain ATCC BAA-335 / MC58) OX=122586 GN=NMB0075 PE=4 SV=2
TRINITY_DN1343_c0_g1_i8.p1	sp|P57072|YHGF_NEIMA	30.2	454	569	757	122	562	22	455	7.77e-45	172	sp|P57072|YHGF_NEIMA Uncharacterized protein NMA0194 OS=Neisseria meningitidis serogroup A / serotype 4A (strain DSM 15465 / Z2491) OX=122587 GN=NMA0194 PE=4 SV=1
TRINITY_DN1343_c0_g1_i8.p1	sp|Q51062|YHGF_NEIGO	29.7	454	569	757	122	562	22	455	3.60e-44	171	sp|Q51062|YHGF_NEIGO Transcriptional accessory protein Tex OS=Neisseria gonorrhoeae OX=485 GN=tex PE=4 SV=2
TRINITY_DN1343_c0_g1_i8.p2	sp|P71353|Y568_HAEIN	35.8	265	262	762	2	256	470	722	6.96e-39	147	sp|P71353|Y568_HAEIN Uncharacterized protein HI_0568 OS=Haemophilus influenzae (strain ATCC 51907 / DSM 11121 / KW20 / Rd) OX=71421 GN=HI_0568 PE=4 SV=1
TRINITY_DN1343_c0_g1_i8.p2	sp|Q8N5C6|SRBD1_HUMAN	32.6	316	262	995	1	258	681	992	1.68e-38	146	sp|Q8N5C6|SRBD1_HUMAN S1 RNA-binding domain-containing protein 1 OS=Homo sapiens OX=9606 GN=SRBD1 PE=1 SV=2
TRINITY_DN1343_c0_g1_i8.p2	sp|P57072|YHGF_NEIMA	36.7	264	262	757	2	256	459	711	2.39e-38	145	sp|P57072|YHGF_NEIMA Uncharacterized protein NMA0194 OS=Neisseria meningitidis serogroup A / serotype 4A (strain DSM 15465 / Z2491) OX=122587 GN=NMA0194 PE=4 SV=1
TRINITY_DN1343_c0_g1_i8.p2	sp|Q51152|YHGF_NEIMB	36.7	264	262	757	2	256	459	711	2.39e-38	145	sp|Q51152|YHGF_NEIMB Uncharacterized protein NMB0075 OS=Neisseria meningitidis serogroup B (strain ATCC BAA-335 / MC58) OX=122586 GN=NMB0075 PE=4 SV=2
TRINITY_DN1343_c0_g1_i8.p2	sp|Q5RDI0|SRBD1_PONAB	32.6	316	262	995	1	258	681	992	3.10e-38	145	sp|Q5RDI0|SRBD1_PONAB S1 RNA-binding domain-containing protein 1 OS=Pongo abelii OX=9601 GN=SRBD1 PE=2 SV=1
TRINITY_DN1343_c0_g1_i8.p2	sp|O31489|YDCI_BACSU	36.4	250	262	719	2	244	465	705	5.40e-38	144	sp|O31489|YDCI_BACSU Uncharacterized protein YdcI OS=Bacillus subtilis (strain 168) OX=224308 GN=ydcI PE=4 SV=2
TRINITY_DN1343_c0_g1_i8.p2	sp|Q51062|YHGF_NEIGO	36.7	264	262	757	2	256	459	711	6.10e-38	144	sp|Q51062|YHGF_NEIGO Transcriptional accessory protein Tex OS=Neisseria gonorrhoeae OX=485 GN=tex PE=4 SV=2
TRINITY_DN1343_c0_g1_i8.p2	sp|Q497V5|SRBD1_MOUSE	34.8	264	262	982	1	221	676	933	1.23e-36	140	sp|Q497V5|SRBD1_MOUSE S1 RNA-binding domain-containing protein 1 OS=Mus musculus OX=10090 GN=Srbd1 PE=2 SV=3
TRINITY_DN1343_c0_g1_i8.p2	sp|P46837|YHGF_ECOLI	37.1	264	262	773	2	256	470	722	1.24e-35	137	sp|P46837|YHGF_ECOLI Protein YhgF OS=Escherichia coli (strain K12) OX=83333 GN=yhgF PE=1 SV=3
TRINITY_DN1343_c0_g1_i8.p2	sp|Q45388|TEX_BORPE	35.1	248	262	791	2	243	489	725	3.81e-34	133	sp|Q45388|TEX_BORPE Protein tex OS=Bordetella pertussis (strain Tohama I / ATCC BAA-589 / NCTC 13251) OX=257313 GN=tex PE=4 SV=2
TRINITY_DN1343_c0_g1_i8.p2	sp|Q8NIV6|SPT6_NEUCR	32.8	128	262	1402	2	112	866	993	1.28e-09	62.0	sp|Q8NIV6|SPT6_NEUCR Transcription elongation factor spt-6 OS=Neurospora crassa (strain ATCC 24698 / 74-OR23-1A / CBS 708.71 / DSM 1257 / FGSC 987) OX=367110 GN=spt-6 PE=3 SV=1
TRINITY_DN1343_c0_g1_i8.p2	sp|Q4HYQ4|SPT6_GIBZE	33.9	127	262	1408	3	112	874	1000	3.10e-09	60.8	sp|Q4HYQ4|SPT6_GIBZE Transcription elongation factor SPT6 OS=Gibberella zeae (strain ATCC MYA-4620 / CBS 123657 / FGSC 9075 / NRRL 31084 / PH-1) OX=229533 GN=SPT6 PE=3 SV=1
TRINITY_DN1343_c0_g1_i8.p2	sp|Q2U561|SPT6_ASPOR	30.4	125	262	1422	3	112	889	1013	6.06e-07	53.9	sp|Q2U561|SPT6_ASPOR Transcription elongation factor spt6 OS=Aspergillus oryzae (strain ATCC 42149 / RIB 40) OX=510516 GN=spt6 PE=3 SV=1
TRINITY_DN1343_c0_g1_i8.p2	sp|Q4WWH6|SPT6_ASPFU	29.6	125	262	1420	3	112	888	1012	1.45e-06	52.8	sp|Q4WWH6|SPT6_ASPFU Transcription elongation factor spt6 OS=Aspergillus fumigatus (strain ATCC MYA-4609 / CBS 101355 / FGSC A1100 / Af293) OX=330879 GN=spt6 PE=3 SV=1
TRINITY_DN1343_c0_g1_i8.p2	sp|Q6FLB1|SPT6_CANGA	29.1	127	262	1449	2	112	906	1032	1.46e-06	52.8	sp|Q6FLB1|SPT6_CANGA Transcription elongation factor SPT6 OS=Candida glabrata (strain ATCC 2001 / BCRC 20586 / JCM 3761 / NBRC 0622 / NRRL Y-65 / CBS 138) OX=284593 GN=SPT6 PE=1 SV=1
TRINITY_DN1343_c0_g1_i8.p2	sp|Q7KZ85|SPT6H_HUMAN	27.6	127	262	1726	1	112	945	1070	1.13e-05	50.1	sp|Q7KZ85|SPT6H_HUMAN Transcription elongation factor SPT6 OS=Homo sapiens OX=9606 GN=SUPT6H PE=1 SV=2
TRINITY_DN1343_c0_g1_i8.p2	sp|Q62383|SPT6H_MOUSE	27.6	127	262	1726	1	112	945	1070	1.13e-05	50.1	sp|Q62383|SPT6H_MOUSE Transcription elongation factor SPT6 OS=Mus musculus OX=10090 GN=Supt6h PE=1 SV=2
TRINITY_DN1343_c0_g1_i8.p2	sp|Q09915|SPT6_SCHPO	27.3	121	262	1365	2	112	832	952	1.96e-05	49.3	sp|Q09915|SPT6_SCHPO Transcription elongation factor spt6 OS=Schizosaccharomyces pombe (strain 972 / ATCC 24843) OX=284812 GN=spt6 PE=1 SV=2
TRINITY_DN1343_c0_g1_i8.p2	sp|Q5B7Q7|SPT6_EMENI	28.0	125	262	1417	3	112	883	1007	1.98e-04	46.2	sp|Q5B7Q7|SPT6_EMENI Transcription elongation factor spt6 OS=Emericella nidulans (strain FGSC A4 / ATCC 38163 / CBS 112.46 / NRRL 194 / M139) OX=227321 GN=spt6 PE=3 SV=2
TRINITY_DN1343_c0_g1_i8.p2	sp|Q75EP8|SPT6_EREGS	26.8	127	262	1432	2	112	882	1008	3.52e-04	45.4	sp|Q75EP8|SPT6_EREGS Transcription elongation factor SPT6 OS=Eremothecium gossypii (strain ATCC 10895 / CBS 109.51 / FGSC 9923 / NRRL Y-1056) OX=284811 GN=SPT6 PE=3 SV=2
TRINITY_DN1343_c0_g1_i8.p2	sp|B3EAF2|PNP_TRIL1	31.6	79	262	703	189	261	619	697	4.18e-04	45.1	sp|B3EAF2|PNP_TRIL1 Polyribonucleotide nucleotidyltransferase OS=Trichlorobacter lovleyi (strain ATCC BAA-1151 / DSM 17278 / SZ) OX=398767 GN=pnp PE=3 SV=1
TRINITY_DN1343_c0_g1_i8.p2	sp|A7NPZ1|PNP_ROSCS	33.8	77	262	746	190	259	625	701	7.52e-04	44.3	sp|A7NPZ1|PNP_ROSCS Polyribonucleotide nucleotidyltransferase OS=Roseiflexus castenholzii (strain DSM 13941 / HLO8) OX=383372 GN=pnp PE=3 SV=1
TRINITY_DN1343_c0_g1_i8.p2	sp|A5URV5|PNP_ROSS1	33.8	77	262	747	190	259	625	701	7.52e-04	44.3	sp|A5URV5|PNP_ROSS1 Polyribonucleotide nucleotidyltransferase OS=Roseiflexus sp. (strain RS-1) OX=357808 GN=pnp PE=3 SV=1
TRINITY_DN1343_c0_g1_i8.p2	sp|A1AMM6|PNP_PELPD	29.3	92	262	706	172	253	593	684	9.90e-04	43.9	sp|A1AMM6|PNP_PELPD Polyribonucleotide nucleotidyltransferase OS=Pelobacter propionicus (strain DSM 2379 / NBRC 103807 / OttBd1) OX=338966 GN=pnp PE=3 SV=1
TRINITY_DN1343_c0_g1_i9.p1	sp|Q8N5C6|SRBD1_HUMAN	36.3	278	231	995	1	230	648	922	4.88e-46	166	sp|Q8N5C6|SRBD1_HUMAN S1 RNA-binding domain-containing protein 1 OS=Homo sapiens OX=9606 GN=SRBD1 PE=1 SV=2
TRINITY_DN1343_c0_g1_i9.p1	sp|Q497V5|SRBD1_MOUSE	37.4	273	231	982	1	230	643	909	6.59e-46	166	sp|Q497V5|SRBD1_MOUSE S1 RNA-binding domain-containing protein 1 OS=Mus musculus OX=10090 GN=Srbd1 PE=2 SV=3
TRINITY_DN1343_c0_g1_i9.p1	sp|Q5RDI0|SRBD1_PONAB	36.3	278	231	995	1	230	648	922	9.07e-46	166	sp|Q5RDI0|SRBD1_PONAB S1 RNA-binding domain-containing protein 1 OS=Pongo abelii OX=9601 GN=SRBD1 PE=2 SV=1
TRINITY_DN1343_c0_g1_i9.p1	sp|P57072|YHGF_NEIMA	49.7	155	231	757	1	155	425	579	5.69e-44	160	sp|P57072|YHGF_NEIMA Uncharacterized protein NMA0194 OS=Neisseria meningitidis serogroup A / serotype 4A (strain DSM 15465 / Z2491) OX=122587 GN=NMA0194 PE=4 SV=1
TRINITY_DN1343_c0_g1_i9.p1	sp|Q51152|YHGF_NEIMB	49.7	155	231	757	1	155	425	579	5.69e-44	160	sp|Q51152|YHGF_NEIMB Uncharacterized protein NMB0075 OS=Neisseria meningitidis serogroup B (strain ATCC BAA-335 / MC58) OX=122586 GN=NMB0075 PE=4 SV=2
TRINITY_DN1343_c0_g1_i9.p1	sp|Q51062|YHGF_NEIGO	49.7	155	231	757	1	155	425	579	2.02e-43	158	sp|Q51062|YHGF_NEIGO Transcriptional accessory protein Tex OS=Neisseria gonorrhoeae OX=485 GN=tex PE=4 SV=2
TRINITY_DN1343_c0_g1_i9.p1	sp|P71353|Y568_HAEIN	46.5	155	231	762	1	155	436	590	4.43e-41	152	sp|P71353|Y568_HAEIN Uncharacterized protein HI_0568 OS=Haemophilus influenzae (strain ATCC 51907 / DSM 11121 / KW20 / Rd) OX=71421 GN=HI_0568 PE=4 SV=1
TRINITY_DN1343_c0_g1_i9.p1	sp|O31489|YDCI_BACSU	49.7	145	231	719	7	151	437	581	8.77e-40	148	sp|O31489|YDCI_BACSU Uncharacterized protein YdcI OS=Bacillus subtilis (strain 168) OX=224308 GN=ydcI PE=4 SV=2
TRINITY_DN1343_c0_g1_i9.p1	sp|Q45388|TEX_BORPE	47.1	155	231	791	1	155	455	609	1.11e-39	148	sp|Q45388|TEX_BORPE Protein tex OS=Bordetella pertussis (strain Tohama I / ATCC BAA-589 / NCTC 13251) OX=257313 GN=tex PE=4 SV=2
TRINITY_DN1343_c0_g1_i9.p1	sp|P46837|YHGF_ECOLI	47.7	155	231	773	1	155	436	590	1.98e-39	147	sp|P46837|YHGF_ECOLI Protein YhgF OS=Escherichia coli (strain K12) OX=83333 GN=yhgF PE=1 SV=3
TRINITY_DN1343_c0_g1_i9.p1	sp|Q8NIV6|SPT6_NEUCR	29.9	164	231	1402	1	145	830	993	4.53e-12	68.6	sp|Q8NIV6|SPT6_NEUCR Transcription elongation factor spt-6 OS=Neurospora crassa (strain ATCC 24698 / 74-OR23-1A / CBS 708.71 / DSM 1257 / FGSC 987) OX=367110 GN=spt-6 PE=3 SV=1
TRINITY_DN1343_c0_g1_i9.p1	sp|Q4HYQ4|SPT6_GIBZE	30.5	164	231	1408	1	145	837	1000	5.01e-11	65.5	sp|Q4HYQ4|SPT6_GIBZE Transcription elongation factor SPT6 OS=Gibberella zeae (strain ATCC MYA-4620 / CBS 123657 / FGSC 9075 / NRRL 31084 / PH-1) OX=229533 GN=SPT6 PE=3 SV=1
TRINITY_DN1343_c0_g1_i9.p1	sp|Q6FLB1|SPT6_CANGA	28.4	162	231	1449	3	145	871	1032	4.10e-10	62.8	sp|Q6FLB1|SPT6_CANGA Transcription elongation factor SPT6 OS=Candida glabrata (strain ATCC 2001 / BCRC 20586 / JCM 3761 / NBRC 0622 / NRRL Y-65 / CBS 138) OX=284593 GN=SPT6 PE=1 SV=1
TRINITY_DN1343_c0_g1_i9.p1	sp|Q7KZ85|SPT6H_HUMAN	28.7	164	231	1726	3	145	908	1070	7.59e-10	62.0	sp|Q7KZ85|SPT6H_HUMAN Transcription elongation factor SPT6 OS=Homo sapiens OX=9606 GN=SUPT6H PE=1 SV=2
TRINITY_DN1343_c0_g1_i9.p1	sp|Q62383|SPT6H_MOUSE	28.7	164	231	1726	3	145	908	1070	7.59e-10	62.0	sp|Q62383|SPT6H_MOUSE Transcription elongation factor SPT6 OS=Mus musculus OX=10090 GN=Supt6h PE=1 SV=2
TRINITY_DN1343_c0_g1_i9.p1	sp|Q8UVK2|SPT6H_DANRE	29.4	163	231	1726	3	145	899	1061	2.02e-08	57.8	sp|Q8UVK2|SPT6H_DANRE Transcription elongation factor SPT6 OS=Danio rerio OX=7955 GN=supt6h PE=1 SV=1
TRINITY_DN1343_c0_g1_i9.p1	sp|Q09915|SPT6_SCHPO	27.5	149	231	1365	9	145	804	952	1.17e-07	55.5	sp|Q09915|SPT6_SCHPO Transcription elongation factor spt6 OS=Schizosaccharomyces pombe (strain 972 / ATCC 24843) OX=284812 GN=spt6 PE=1 SV=2
TRINITY_DN1343_c0_g1_i9.p1	sp|Q2U561|SPT6_ASPOR	27.9	154	231	1422	9	145	860	1013	2.12e-07	54.7	sp|Q2U561|SPT6_ASPOR Transcription elongation factor spt6 OS=Aspergillus oryzae (strain ATCC 42149 / RIB 40) OX=510516 GN=spt6 PE=3 SV=1
TRINITY_DN1343_c0_g1_i9.p1	sp|Q4WWH6|SPT6_ASPFU	27.3	154	231	1420	9	145	859	1012	3.84e-07	53.9	sp|Q4WWH6|SPT6_ASPFU Transcription elongation factor spt6 OS=Aspergillus fumigatus (strain ATCC MYA-4609 / CBS 101355 / FGSC A1100 / Af293) OX=330879 GN=spt6 PE=3 SV=1
TRINITY_DN1343_c0_g1_i9.p1	sp|P34703|SPT6H_CAEEL	28.8	163	231	1521	3	145	877	1039	5.20e-07	53.5	sp|P34703|SPT6H_CAEEL Suppressor of Ty 6 homolog OS=Caenorhabditis elegans OX=6239 GN=emb-5 PE=1 SV=1
TRINITY_DN1343_c0_g1_i9.p1	sp|Q93148|SPT6H_CAEBR	26.4	163	231	1521	3	145	876	1038	1.26e-06	52.4	sp|Q93148|SPT6H_CAEBR Suppressor of Ty 6 homolog OS=Caenorhabditis briggsae OX=6238 GN=emb-5 PE=2 SV=2
TRINITY_DN1343_c0_g1_i9.p1	sp|Q3MNT0|SPT6_CANAL	27.2	162	231	1401	3	145	834	995	4.06e-06	50.8	sp|Q3MNT0|SPT6_CANAL Transcription elongation factor SPT6 OS=Candida albicans (strain SC5314 / ATCC MYA-2876) OX=237561 GN=SPT6 PE=3 SV=1
TRINITY_DN1343_c0_g1_i9.p1	sp|Q75EP8|SPT6_EREGS	26.4	163	231	1432	3	145	846	1008	4.07e-06	50.8	sp|Q75EP8|SPT6_EREGS Transcription elongation factor SPT6 OS=Eremothecium gossypii (strain ATCC 10895 / CBS 109.51 / FGSC 9923 / NRRL Y-1056) OX=284811 GN=SPT6 PE=3 SV=2
TRINITY_DN1343_c0_g1_i9.p1	sp|P23615|SPT6_YEAST	25.6	156	231	1451	9	145	878	1033	1.32e-05	49.3	sp|P23615|SPT6_YEAST Transcription elongation factor SPT6 OS=Saccharomyces cerevisiae (strain ATCC 204508 / S288c) OX=559292 GN=SPT6 PE=1 SV=1
TRINITY_DN1343_c0_g1_i9.p1	sp|Q5B7Q7|SPT6_EMENI	26.0	154	231	1417	9	145	854	1007	1.02e-04	46.6	sp|Q5B7Q7|SPT6_EMENI Transcription elongation factor spt6 OS=Emericella nidulans (strain FGSC A4 / ATCC 38163 / CBS 112.46 / NRRL 194 / M139) OX=227321 GN=spt6 PE=3 SV=2
TRINITY_DN13779_c0_g1_i1.p1	sp|P42860|GSTT1_LUCCU	57.9	202	220	208	6	207	4	204	1.44e-82	247	sp|P42860|GSTT1_LUCCU Glutathione S-transferase 1-1 OS=Lucilia cuprina OX=7375 GN=GST1 PE=1 SV=2
TRINITY_DN13779_c0_g1_i1.p1	sp|P28338|GSTT1_MUSDO	57.4	202	220	208	6	207	4	204	4.75e-81	243	sp|P28338|GSTT1_MUSDO Glutathione S-transferase 1 OS=Musca domestica OX=7370 GN=Gst1 PE=1 SV=1
TRINITY_DN13779_c0_g1_i1.p1	sp|P30106|GSTT1_DROSE	55.4	202	220	209	6	207	5	205	4.91e-81	243	sp|P30106|GSTT1_DROSE Glutathione S-transferase 1-1 OS=Drosophila sechellia OX=7238 GN=GstD1 PE=3 SV=2
TRINITY_DN13779_c0_g1_i1.p1	sp|P30104|GSTT1_DROER	55.4	202	220	209	6	207	5	205	6.97e-81	243	sp|P30104|GSTT1_DROER Glutathione S-transferase 1-1 OS=Drosophila erecta OX=7220 GN=GstD1 PE=3 SV=2
TRINITY_DN13779_c0_g1_i1.p1	sp|P67805|GSTT1_DROSI	55.0	202	220	209	6	207	5	205	1.99e-80	242	sp|P67805|GSTT1_DROSI Glutathione S-transferase 1-1 OS=Drosophila simulans OX=7240 GN=GstD1 PE=2 SV=2
TRINITY_DN13779_c0_g1_i1.p1	sp|P30108|GSTT1_DROYA	55.0	202	220	209	6	207	5	205	2.82e-80	241	sp|P30108|GSTT1_DROYA Glutathione S-transferase 1-1 OS=Drosophila yakuba OX=7245 GN=GstD1 PE=3 SV=2
TRINITY_DN13779_c0_g1_i1.p1	sp|P20432|GSTD1_DROME	54.5	202	220	209	6	207	5	205	3.26e-79	239	sp|P20432|GSTD1_DROME Glutathione S-transferase D1 OS=Drosophila melanogaster OX=7227 GN=GstD1 PE=1 SV=1
TRINITY_DN13779_c0_g1_i1.p1	sp|P67804|GSTT1_DROMA	54.5	198	220	200	10	207	1	197	1.13e-77	234	sp|P67804|GSTT1_DROMA Glutathione S-transferase 1-1 (Fragment) OS=Drosophila mauritiana OX=7226 GN=GstD1 PE=3 SV=1
TRINITY_DN13779_c0_g1_i1.p1	sp|Q93113|GST1D_ANOGA	54.1	205	220	209	6	210	4	207	2.17e-77	234	sp|Q93113|GST1D_ANOGA Glutathione S-transferase 1, isoform D OS=Anopheles gambiae OX=7165 GN=GstD1 PE=1 SV=1
TRINITY_DN13779_c0_g1_i1.p1	sp|P30107|GSTT1_DROTE	54.0	198	220	200	10	207	1	197	6.52e-77	233	sp|P30107|GSTT1_DROTE Glutathione S-transferase 1-1 (Fragment) OS=Drosophila teissieri OX=7243 GN=GstD1 PE=3 SV=1
TRINITY_DN13779_c0_g1_i1.p1	sp|Q93112|GST1C_ANOGA	51.5	202	220	209	6	207	4	204	1.01e-75	230	sp|Q93112|GST1C_ANOGA Glutathione S-transferase 1, isoform C OS=Anopheles gambiae OX=7165 GN=GstD1 PE=1 SV=2
TRINITY_DN13779_c0_g1_i1.p1	sp|Q9VG98|GSTD2_DROME	49.3	205	220	215	6	210	4	207	3.30e-73	224	sp|Q9VG98|GSTD2_DROME Glutathione S-transferase D2 OS=Drosophila melanogaster OX=7227 GN=GstD2 PE=1 SV=1
TRINITY_DN13779_c0_g1_i1.p1	sp|P46433|GSTT4_MUSDO	54.9	206	220	210	6	210	4	208	9.22e-72	220	sp|P46433|GSTT4_MUSDO Glutathione S-transferase 4 OS=Musca domestica OX=7370 GN=Gst4 PE=2 SV=1
TRINITY_DN13779_c0_g1_i1.p1	sp|O77473|GST1B_ANOGA	51.2	213	220	216	6	214	4	215	3.19e-71	219	sp|O77473|GST1B_ANOGA Glutathione S-transferase 1, isoform B OS=Anopheles gambiae OX=7165 GN=GstD1 PE=2 SV=2
TRINITY_DN13779_c0_g1_i1.p1	sp|Q9VG95|GSTD5_DROME	48.3	205	220	216	6	210	4	207	1.83e-70	217	sp|Q9VG95|GSTD5_DROME Glutathione S-transferase D5 OS=Drosophila melanogaster OX=7227 GN=GstD5 PE=1 SV=2
TRINITY_DN13779_c0_g1_i1.p1	sp|Q9VG96|GSTD4_DROME	45.1	213	220	215	6	218	4	215	1.25e-65	204	sp|Q9VG96|GSTD4_DROME Glutathione S-transferase D4 OS=Drosophila melanogaster OX=7227 GN=GstD4 PE=1 SV=1
TRINITY_DN13779_c0_g1_i1.p1	sp|P46431|GSTT2_MUSDO	50.3	193	220	210	6	197	4	196	1.52e-65	204	sp|P46431|GSTT2_MUSDO Glutathione S-transferase 2 OS=Musca domestica OX=7370 GN=Gst2 PE=2 SV=2
TRINITY_DN13779_c0_g1_i1.p1	sp|P46432|GSTT3_MUSDO	50.3	193	220	210	6	197	4	196	3.05e-65	203	sp|P46432|GSTT3_MUSDO Glutathione S-transferase 3 OS=Musca domestica OX=7370 GN=Gst3 PE=2 SV=1
TRINITY_DN13779_c0_g1_i1.p1	sp|Q9VG93|GSTD7_DROME	44.2	215	220	224	5	218	6	219	1.33e-59	189	sp|Q9VG93|GSTD7_DROME Glutathione S-transferase D7 OS=Drosophila melanogaster OX=7227 GN=GstD7 PE=1 SV=1
TRINITY_DN13779_c0_g1_i1.p1	sp|O76483|GSTT7_ANOGA	44.3	212	220	218	1	210	1	212	3.59e-58	186	sp|O76483|GSTT7_ANOGA Glutathione S-transferase D7 OS=Anopheles gambiae OX=7165 GN=GstD7 PE=2 SV=1
TRINITY_DN13779_c0_g1_i1.p1	sp|Q9VG94|GSTD6_DROME	41.3	208	220	215	5	212	3	209	2.13e-56	181	sp|Q9VG94|GSTD6_DROME Glutathione S-transferase D6 OS=Drosophila melanogaster OX=7227 GN=GstD6 PE=1 SV=1
TRINITY_DN13779_c0_g1_i1.p1	sp|Q9VG97|GSTD3_DROME	41.2	194	220	199	19	212	1	193	7.41e-56	179	sp|Q9VG97|GSTD3_DROME Inactive glutathione S-transferase D3 OS=Drosophila melanogaster OX=7227 GN=GstD3 PE=2 SV=1
TRINITY_DN13779_c0_g1_i1.p1	sp|O77462|GST1A_ANOGA	54.2	168	220	186	6	165	4	171	5.66e-55	176	sp|O77462|GST1A_ANOGA Glutathione S-transferase 1, isoform A OS=Anopheles gambiae OX=7165 GN=GstD1 PE=2 SV=3
TRINITY_DN13779_c0_g1_i1.p1	sp|Q94999|GSTT2_ANOGA	44.1	202	220	209	6	206	5	205	3.27e-54	175	sp|Q94999|GSTT2_ANOGA Glutathione S-transferase 2 OS=Anopheles gambiae OX=7165 GN=GstD2 PE=3 SV=2
TRINITY_DN13779_c0_g1_i1.p1	sp|P46430|GSTT1_MANSE	40.4	218	220	217	1	211	1	213	1.04e-43	149	sp|P46430|GSTT1_MANSE Glutathione S-transferase 1 OS=Manduca sexta OX=7130 GN=GST1 PE=2 SV=1
TRINITY_DN13779_c0_g1_i5.p1	sp|P42860|GSTT1_LUCCU	57.9	202	220	208	6	207	4	204	1.44e-82	247	sp|P42860|GSTT1_LUCCU Glutathione S-transferase 1-1 OS=Lucilia cuprina OX=7375 GN=GST1 PE=1 SV=2
TRINITY_DN13779_c0_g1_i5.p1	sp|P28338|GSTT1_MUSDO	57.4	202	220	208	6	207	4	204	4.75e-81	243	sp|P28338|GSTT1_MUSDO Glutathione S-transferase 1 OS=Musca domestica OX=7370 GN=Gst1 PE=1 SV=1
TRINITY_DN13779_c0_g1_i5.p1	sp|P30106|GSTT1_DROSE	55.4	202	220	209	6	207	5	205	4.91e-81	243	sp|P30106|GSTT1_DROSE Glutathione S-transferase 1-1 OS=Drosophila sechellia OX=7238 GN=GstD1 PE=3 SV=2
TRINITY_DN13779_c0_g1_i5.p1	sp|P30104|GSTT1_DROER	55.4	202	220	209	6	207	5	205	6.97e-81	243	sp|P30104|GSTT1_DROER Glutathione S-transferase 1-1 OS=Drosophila erecta OX=7220 GN=GstD1 PE=3 SV=2
TRINITY_DN13779_c0_g1_i5.p1	sp|P67805|GSTT1_DROSI	55.0	202	220	209	6	207	5	205	1.99e-80	242	sp|P67805|GSTT1_DROSI Glutathione S-transferase 1-1 OS=Drosophila simulans OX=7240 GN=GstD1 PE=2 SV=2
TRINITY_DN13779_c0_g1_i5.p1	sp|P30108|GSTT1_DROYA	55.0	202	220	209	6	207	5	205	2.82e-80	241	sp|P30108|GSTT1_DROYA Glutathione S-transferase 1-1 OS=Drosophila yakuba OX=7245 GN=GstD1 PE=3 SV=2
TRINITY_DN13779_c0_g1_i5.p1	sp|P20432|GSTD1_DROME	54.5	202	220	209	6	207	5	205	3.26e-79	239	sp|P20432|GSTD1_DROME Glutathione S-transferase D1 OS=Drosophila melanogaster OX=7227 GN=GstD1 PE=1 SV=1
TRINITY_DN13779_c0_g1_i5.p1	sp|P67804|GSTT1_DROMA	54.5	198	220	200	10	207	1	197	1.13e-77	234	sp|P67804|GSTT1_DROMA Glutathione S-transferase 1-1 (Fragment) OS=Drosophila mauritiana OX=7226 GN=GstD1 PE=3 SV=1
TRINITY_DN13779_c0_g1_i5.p1	sp|Q93113|GST1D_ANOGA	54.1	205	220	209	6	210	4	207	2.17e-77	234	sp|Q93113|GST1D_ANOGA Glutathione S-transferase 1, isoform D OS=Anopheles gambiae OX=7165 GN=GstD1 PE=1 SV=1
TRINITY_DN13779_c0_g1_i5.p1	sp|P30107|GSTT1_DROTE	54.0	198	220	200	10	207	1	197	6.52e-77	233	sp|P30107|GSTT1_DROTE Glutathione S-transferase 1-1 (Fragment) OS=Drosophila teissieri OX=7243 GN=GstD1 PE=3 SV=1
TRINITY_DN13779_c0_g1_i5.p1	sp|Q93112|GST1C_ANOGA	51.5	202	220	209	6	207	4	204	1.01e-75	230	sp|Q93112|GST1C_ANOGA Glutathione S-transferase 1, isoform C OS=Anopheles gambiae OX=7165 GN=GstD1 PE=1 SV=2
TRINITY_DN13779_c0_g1_i5.p1	sp|Q9VG98|GSTD2_DROME	49.3	205	220	215	6	210	4	207	3.30e-73	224	sp|Q9VG98|GSTD2_DROME Glutathione S-transferase D2 OS=Drosophila melanogaster OX=7227 GN=GstD2 PE=1 SV=1
TRINITY_DN13779_c0_g1_i5.p1	sp|P46433|GSTT4_MUSDO	54.9	206	220	210	6	210	4	208	9.22e-72	220	sp|P46433|GSTT4_MUSDO Glutathione S-transferase 4 OS=Musca domestica OX=7370 GN=Gst4 PE=2 SV=1
TRINITY_DN13779_c0_g1_i5.p1	sp|O77473|GST1B_ANOGA	51.2	213	220	216	6	214	4	215	3.19e-71	219	sp|O77473|GST1B_ANOGA Glutathione S-transferase 1, isoform B OS=Anopheles gambiae OX=7165 GN=GstD1 PE=2 SV=2
TRINITY_DN13779_c0_g1_i5.p1	sp|Q9VG95|GSTD5_DROME	48.3	205	220	216	6	210	4	207	1.83e-70	217	sp|Q9VG95|GSTD5_DROME Glutathione S-transferase D5 OS=Drosophila melanogaster OX=7227 GN=GstD5 PE=1 SV=2
TRINITY_DN13779_c0_g1_i5.p1	sp|Q9VG96|GSTD4_DROME	45.1	213	220	215	6	218	4	215	1.25e-65	204	sp|Q9VG96|GSTD4_DROME Glutathione S-transferase D4 OS=Drosophila melanogaster OX=7227 GN=GstD4 PE=1 SV=1
TRINITY_DN13779_c0_g1_i5.p1	sp|P46431|GSTT2_MUSDO	50.3	193	220	210	6	197	4	196	1.52e-65	204	sp|P46431|GSTT2_MUSDO Glutathione S-transferase 2 OS=Musca domestica OX=7370 GN=Gst2 PE=2 SV=2
TRINITY_DN13779_c0_g1_i5.p1	sp|P46432|GSTT3_MUSDO	50.3	193	220	210	6	197	4	196	3.05e-65	203	sp|P46432|GSTT3_MUSDO Glutathione S-transferase 3 OS=Musca domestica OX=7370 GN=Gst3 PE=2 SV=1
TRINITY_DN13779_c0_g1_i5.p1	sp|Q9VG93|GSTD7_DROME	44.2	215	220	224	5	218	6	219	1.33e-59	189	sp|Q9VG93|GSTD7_DROME Glutathione S-transferase D7 OS=Drosophila melanogaster OX=7227 GN=GstD7 PE=1 SV=1
TRINITY_DN13779_c0_g1_i5.p1	sp|O76483|GSTT7_ANOGA	44.3	212	220	218	1	210	1	212	3.59e-58	186	sp|O76483|GSTT7_ANOGA Glutathione S-transferase D7 OS=Anopheles gambiae OX=7165 GN=GstD7 PE=2 SV=1
TRINITY_DN13779_c0_g1_i5.p1	sp|Q9VG94|GSTD6_DROME	41.3	208	220	215	5	212	3	209	2.13e-56	181	sp|Q9VG94|GSTD6_DROME Glutathione S-transferase D6 OS=Drosophila melanogaster OX=7227 GN=GstD6 PE=1 SV=1
TRINITY_DN13779_c0_g1_i5.p1	sp|Q9VG97|GSTD3_DROME	41.2	194	220	199	19	212	1	193	7.41e-56	179	sp|Q9VG97|GSTD3_DROME Inactive glutathione S-transferase D3 OS=Drosophila melanogaster OX=7227 GN=GstD3 PE=2 SV=1
TRINITY_DN13779_c0_g1_i5.p1	sp|O77462|GST1A_ANOGA	54.2	168	220	186	6	165	4	171	5.66e-55	176	sp|O77462|GST1A_ANOGA Glutathione S-transferase 1, isoform A OS=Anopheles gambiae OX=7165 GN=GstD1 PE=2 SV=3
TRINITY_DN13779_c0_g1_i5.p1	sp|Q94999|GSTT2_ANOGA	44.1	202	220	209	6	206	5	205	3.27e-54	175	sp|Q94999|GSTT2_ANOGA Glutathione S-transferase 2 OS=Anopheles gambiae OX=7165 GN=GstD2 PE=3 SV=2
TRINITY_DN13779_c0_g1_i5.p1	sp|P46430|GSTT1_MANSE	40.4	218	220	217	1	211	1	213	1.04e-43	149	sp|P46430|GSTT1_MANSE Glutathione S-transferase 1 OS=Manduca sexta OX=7130 GN=GST1 PE=2 SV=1
TRINITY_DN13779_c0_g1_i6.p1	sp|P42860|GSTT1_LUCCU	57.9	202	220	208	6	207	4	204	1.44e-82	247	sp|P42860|GSTT1_LUCCU Glutathione S-transferase 1-1 OS=Lucilia cuprina OX=7375 GN=GST1 PE=1 SV=2
TRINITY_DN13779_c0_g1_i6.p1	sp|P28338|GSTT1_MUSDO	57.4	202	220	208	6	207	4	204	4.75e-81	243	sp|P28338|GSTT1_MUSDO Glutathione S-transferase 1 OS=Musca domestica OX=7370 GN=Gst1 PE=1 SV=1
TRINITY_DN13779_c0_g1_i6.p1	sp|P30106|GSTT1_DROSE	55.4	202	220	209	6	207	5	205	4.91e-81	243	sp|P30106|GSTT1_DROSE Glutathione S-transferase 1-1 OS=Drosophila sechellia OX=7238 GN=GstD1 PE=3 SV=2
TRINITY_DN13779_c0_g1_i6.p1	sp|P30104|GSTT1_DROER	55.4	202	220	209	6	207	5	205	6.97e-81	243	sp|P30104|GSTT1_DROER Glutathione S-transferase 1-1 OS=Drosophila erecta OX=7220 GN=GstD1 PE=3 SV=2
TRINITY_DN13779_c0_g1_i6.p1	sp|P67805|GSTT1_DROSI	55.0	202	220	209	6	207	5	205	1.99e-80	242	sp|P67805|GSTT1_DROSI Glutathione S-transferase 1-1 OS=Drosophila simulans OX=7240 GN=GstD1 PE=2 SV=2
TRINITY_DN13779_c0_g1_i6.p1	sp|P30108|GSTT1_DROYA	55.0	202	220	209	6	207	5	205	2.82e-80	241	sp|P30108|GSTT1_DROYA Glutathione S-transferase 1-1 OS=Drosophila yakuba OX=7245 GN=GstD1 PE=3 SV=2
TRINITY_DN13779_c0_g1_i6.p1	sp|P20432|GSTD1_DROME	54.5	202	220	209	6	207	5	205	3.26e-79	239	sp|P20432|GSTD1_DROME Glutathione S-transferase D1 OS=Drosophila melanogaster OX=7227 GN=GstD1 PE=1 SV=1
TRINITY_DN13779_c0_g1_i6.p1	sp|P67804|GSTT1_DROMA	54.5	198	220	200	10	207	1	197	1.13e-77	234	sp|P67804|GSTT1_DROMA Glutathione S-transferase 1-1 (Fragment) OS=Drosophila mauritiana OX=7226 GN=GstD1 PE=3 SV=1
TRINITY_DN13779_c0_g1_i6.p1	sp|Q93113|GST1D_ANOGA	54.1	205	220	209	6	210	4	207	2.17e-77	234	sp|Q93113|GST1D_ANOGA Glutathione S-transferase 1, isoform D OS=Anopheles gambiae OX=7165 GN=GstD1 PE=1 SV=1
TRINITY_DN13779_c0_g1_i6.p1	sp|P30107|GSTT1_DROTE	54.0	198	220	200	10	207	1	197	6.52e-77	233	sp|P30107|GSTT1_DROTE Glutathione S-transferase 1-1 (Fragment) OS=Drosophila teissieri OX=7243 GN=GstD1 PE=3 SV=1
TRINITY_DN13779_c0_g1_i6.p1	sp|Q93112|GST1C_ANOGA	51.5	202	220	209	6	207	4	204	1.01e-75	230	sp|Q93112|GST1C_ANOGA Glutathione S-transferase 1, isoform C OS=Anopheles gambiae OX=7165 GN=GstD1 PE=1 SV=2
TRINITY_DN13779_c0_g1_i6.p1	sp|Q9VG98|GSTD2_DROME	49.3	205	220	215	6	210	4	207	3.30e-73	224	sp|Q9VG98|GSTD2_DROME Glutathione S-transferase D2 OS=Drosophila melanogaster OX=7227 GN=GstD2 PE=1 SV=1
TRINITY_DN13779_c0_g1_i6.p1	sp|P46433|GSTT4_MUSDO	54.9	206	220	210	6	210	4	208	9.22e-72	220	sp|P46433|GSTT4_MUSDO Glutathione S-transferase 4 OS=Musca domestica OX=7370 GN=Gst4 PE=2 SV=1
TRINITY_DN13779_c0_g1_i6.p1	sp|O77473|GST1B_ANOGA	51.2	213	220	216	6	214	4	215	3.19e-71	219	sp|O77473|GST1B_ANOGA Glutathione S-transferase 1, isoform B OS=Anopheles gambiae OX=7165 GN=GstD1 PE=2 SV=2
TRINITY_DN13779_c0_g1_i6.p1	sp|Q9VG95|GSTD5_DROME	48.3	205	220	216	6	210	4	207	1.83e-70	217	sp|Q9VG95|GSTD5_DROME Glutathione S-transferase D5 OS=Drosophila melanogaster OX=7227 GN=GstD5 PE=1 SV=2
TRINITY_DN13779_c0_g1_i6.p1	sp|Q9VG96|GSTD4_DROME	45.1	213	220	215	6	218	4	215	1.25e-65	204	sp|Q9VG96|GSTD4_DROME Glutathione S-transferase D4 OS=Drosophila melanogaster OX=7227 GN=GstD4 PE=1 SV=1
TRINITY_DN13779_c0_g1_i6.p1	sp|P46431|GSTT2_MUSDO	50.3	193	220	210	6	197	4	196	1.52e-65	204	sp|P46431|GSTT2_MUSDO Glutathione S-transferase 2 OS=Musca domestica OX=7370 GN=Gst2 PE=2 SV=2
TRINITY_DN13779_c0_g1_i6.p1	sp|P46432|GSTT3_MUSDO	50.3	193	220	210	6	197	4	196	3.05e-65	203	sp|P46432|GSTT3_MUSDO Glutathione S-transferase 3 OS=Musca domestica OX=7370 GN=Gst3 PE=2 SV=1
TRINITY_DN13779_c0_g1_i6.p1	sp|Q9VG93|GSTD7_DROME	44.2	215	220	224	5	218	6	219	1.33e-59	189	sp|Q9VG93|GSTD7_DROME Glutathione S-transferase D7 OS=Drosophila melanogaster OX=7227 GN=GstD7 PE=1 SV=1
TRINITY_DN13779_c0_g1_i6.p1	sp|O76483|GSTT7_ANOGA	44.3	212	220	218	1	210	1	212	3.59e-58	186	sp|O76483|GSTT7_ANOGA Glutathione S-transferase D7 OS=Anopheles gambiae OX=7165 GN=GstD7 PE=2 SV=1
TRINITY_DN13779_c0_g1_i6.p1	sp|Q9VG94|GSTD6_DROME	41.3	208	220	215	5	212	3	209	2.13e-56	181	sp|Q9VG94|GSTD6_DROME Glutathione S-transferase D6 OS=Drosophila melanogaster OX=7227 GN=GstD6 PE=1 SV=1
TRINITY_DN13779_c0_g1_i6.p1	sp|Q9VG97|GSTD3_DROME	41.2	194	220	199	19	212	1	193	7.41e-56	179	sp|Q9VG97|GSTD3_DROME Inactive glutathione S-transferase D3 OS=Drosophila melanogaster OX=7227 GN=GstD3 PE=2 SV=1
TRINITY_DN13779_c0_g1_i6.p1	sp|O77462|GST1A_ANOGA	54.2	168	220	186	6	165	4	171	5.66e-55	176	sp|O77462|GST1A_ANOGA Glutathione S-transferase 1, isoform A OS=Anopheles gambiae OX=7165 GN=GstD1 PE=2 SV=3
TRINITY_DN13779_c0_g1_i6.p1	sp|Q94999|GSTT2_ANOGA	44.1	202	220	209	6	206	5	205	3.27e-54	175	sp|Q94999|GSTT2_ANOGA Glutathione S-transferase 2 OS=Anopheles gambiae OX=7165 GN=GstD2 PE=3 SV=2
TRINITY_DN13779_c0_g1_i6.p1	sp|P46430|GSTT1_MANSE	40.4	218	220	217	1	211	1	213	1.04e-43	149	sp|P46430|GSTT1_MANSE Glutathione S-transferase 1 OS=Manduca sexta OX=7130 GN=GST1 PE=2 SV=1
TRINITY_DN1407_c0_g1_i1.p1	sp|O18598|GST1_BLAGE	37.6	202	207	204	1	202	1	200	9.26e-44	148	sp|O18598|GST1_BLAGE Glutathione S-transferase OS=Blattella germanica OX=6973 PE=1 SV=3
TRINITY_DN1407_c0_g1_i1.p1	sp|P46437|GST_MUSDO	35.9	198	207	241	5	202	42	237	1.43e-36	130	sp|P46437|GST_MUSDO Glutathione S-transferase OS=Musca domestica OX=7370 PE=2 SV=1
TRINITY_DN1407_c0_g1_i1.p1	sp|P46428|GST_ANOGA	34.0	200	207	203	3	202	2	199	1.45e-33	122	sp|P46428|GST_ANOGA Glutathione S-transferase OS=Anopheles gambiae OX=7165 GN=GstS1 PE=2 SV=4
TRINITY_DN1407_c0_g1_i1.p1	sp|P41043|GSTS1_DROME	34.3	198	207	249	5	202	50	245	1.67e-33	123	sp|P41043|GSTS1_DROME Glutathione S-transferase S1 OS=Drosophila melanogaster OX=7227 GN=GstS1 PE=1 SV=2
TRINITY_DN1407_c0_g1_i1.p1	sp|O73888|HPGDS_CHICK	34.5	200	207	199	3	202	2	195	4.52e-31	115	sp|O73888|HPGDS_CHICK Hematopoietic prostaglandin D synthase OS=Gallus gallus OX=9031 GN=HPGDS PE=1 SV=3
TRINITY_DN1407_c0_g1_i1.p1	sp|O35543|HPGDS_RAT	34.4	209	207	199	3	205	2	198	2.78e-29	110	sp|O35543|HPGDS_RAT Hematopoietic prostaglandin D synthase OS=Rattus norvegicus OX=10116 GN=Hpgds PE=1 SV=3
TRINITY_DN1407_c0_g1_i1.p1	sp|Q9JHF7|HPGDS_MOUSE	35.5	203	207	199	3	205	2	198	5.52e-29	110	sp|Q9JHF7|HPGDS_MOUSE Hematopoietic prostaglandin D synthase OS=Mus musculus OX=10090 GN=Hpgds PE=1 SV=3
TRINITY_DN1407_c0_g1_i1.p1	sp|O60760|HPGDS_HUMAN	33.0	203	207	199	3	205	2	198	1.69e-27	106	sp|O60760|HPGDS_HUMAN Hematopoietic prostaglandin D synthase OS=Homo sapiens OX=9606 GN=HPGDS PE=1 SV=3
TRINITY_DN1407_c0_g1_i1.p1	sp|P46436|GST1_ASCSU	31.9	204	207	206	3	202	2	202	2.83e-27	105	sp|P46436|GST1_ASCSU Glutathione S-transferase 1 OS=Ascaris suum OX=6253 GN=GST1 PE=1 SV=3
TRINITY_DN1407_c0_g1_i1.p1	sp|P46429|GST2_MANSE	31.5	200	207	203	3	202	2	199	2.22e-25	100	sp|P46429|GST2_MANSE Glutathione S-transferase 2 OS=Manduca sexta OX=7130 GN=GST2 PE=2 SV=1
TRINITY_DN1407_c0_g1_i1.p1	sp|P46434|GST1_ONCVO	30.2	199	207	235	5	202	38	231	2.49e-24	99.0	sp|P46434|GST1_ONCVO Glutathione S-transferase 1 (Fragment) OS=Onchocerca volvulus OX=6282 GN=GST1 PE=1 SV=1
TRINITY_DN1407_c0_g1_i1.p1	sp|P91252|GST6_CAEEL	31.9	213	207	206	5	206	4	206	2.78e-23	95.5	sp|P91252|GST6_CAEEL Probable glutathione S-transferase 6 OS=Caenorhabditis elegans OX=6239 GN=gst-6 PE=3 SV=2
TRINITY_DN1407_c0_g1_i1.p1	sp|Q0ZS46|GST_PLAVI	32.1	209	207	205	1	201	1	200	2.59e-18	82.4	sp|Q0ZS46|GST_PLAVI Glutathione S-transferase OS=Plasmodium vivax OX=5855 GN=GST PE=2 SV=1
TRINITY_DN1407_c0_g1_i1.p1	sp|Q21355|GST4_CAEEL	27.3	205	207	207	3	201	2	202	7.36e-18	81.3	sp|Q21355|GST4_CAEEL Glutathione S-transferase 4 OS=Caenorhabditis elegans OX=6239 GN=gst-4 PE=2 SV=1
TRINITY_DN1407_c0_g1_i1.p1	sp|P91253|GST7_CAEEL	27.7	202	207	206	5	202	4	202	7.47e-17	78.6	sp|P91253|GST7_CAEEL Probable glutathione S-transferase 7 OS=Caenorhabditis elegans OX=6239 GN=gst-7 PE=3 SV=1
TRINITY_DN1407_c0_g1_i1.p1	sp|Q21743|GST9_CAEEL	27.7	206	207	206	5	202	4	202	2.03e-16	77.4	sp|Q21743|GST9_CAEEL Probable glutathione S-transferase 9 OS=Caenorhabditis elegans OX=6239 GN=gst-9 PE=3 SV=1
TRINITY_DN1407_c0_g1_i1.p1	sp|Q8ILQ7|GST_PLAF7	28.6	213	207	211	7	201	7	206	2.22e-16	77.4	sp|Q8ILQ7|GST_PLAF7 Glutathione S-transferase OS=Plasmodium falciparum (isolate 3D7) OX=36329 GN=GST PE=1 SV=1
TRINITY_DN1407_c0_g1_i1.p1	sp|P27012|SCRY4_ENTDO	26.8	213	207	215	3	201	2	210	6.46e-16	76.3	sp|P27012|SCRY4_ENTDO S-crystallin 4 OS=Enteroctopus dofleini OX=267067 PE=2 SV=1
TRINITY_DN1407_c0_g1_i1.p1	sp|Q7REH6|GST_PLAYO	30.3	195	207	209	14	201	18	204	8.08e-16	75.9	sp|Q7REH6|GST_PLAYO Glutathione S-transferase OS=Plasmodium yoelii yoelii OX=73239 GN=GST PE=3 SV=1
TRINITY_DN1407_c0_g1_i1.p1	sp|Q8JFZ2|GSTP1_XENLA	34.6	208	207	212	3	200	2	198	4.46e-15	73.9	sp|Q8JFZ2|GSTP1_XENLA Glutathione S-transferase P 1 OS=Xenopus laevis OX=8355 GN=gstp1 PE=1 SV=1
TRINITY_DN1407_c0_g1_i1.p1	sp|P18426|SCR11_NOTSL	27.7	202	207	205	3	201	2	200	1.06e-14	72.8	sp|P18426|SCR11_NOTSL S-crystallin SL11 OS=Nototodarus sloanii OX=215440 PE=2 SV=1
TRINITY_DN1407_c0_g1_i1.p1	sp|P91254|GST8_CAEEL	28.1	203	207	206	5	202	4	202	1.08e-14	72.8	sp|P91254|GST8_CAEEL Probable glutathione S-transferase 8 OS=Caenorhabditis elegans OX=6239 GN=gst-8 PE=3 SV=1
TRINITY_DN1407_c0_g1_i1.p1	sp|P04904|GSTA3_RAT	26.5	196	207	221	7	199	7	199	1.93e-14	72.4	sp|P04904|GSTA3_RAT Glutathione S-transferase alpha-3 OS=Rattus norvegicus OX=10116 GN=Gsta3 PE=1 SV=3
TRINITY_DN1407_c0_g1_i1.p1	sp|Q09596|GST5_CAEEL	26.5	204	207	207	5	202	4	203	2.13e-14	72.0	sp|Q09596|GST5_CAEEL Probable glutathione S-transferase 5 OS=Caenorhabditis elegans OX=6239 GN=gst-5 PE=1 SV=1
TRINITY_DN1407_c0_g1_i1.p1	sp|O16115|GST2_CAEEL	27.0	185	207	188	5	181	4	181	4.09e-14	70.9	sp|O16115|GST2_CAEEL Glutathione S-transferase 2 OS=Caenorhabditis elegans OX=6239 GN=gst-2 PE=2 SV=1
TRINITY_DN1430_c2_g2_i1.p1	sp|P97615|THIOM_RAT	50.0	114	150	166	23	136	50	163	3.68e-38	130	sp|P97615|THIOM_RAT Thioredoxin, mitochondrial OS=Rattus norvegicus OX=10116 GN=Txn2 PE=2 SV=1
TRINITY_DN1430_c2_g2_i1.p1	sp|Q95108|THIOM_BOVIN	50.0	114	150	166	23	136	50	163	1.48e-37	129	sp|Q95108|THIOM_BOVIN Thioredoxin, mitochondrial OS=Bos taurus OX=9913 GN=TXN2 PE=1 SV=2
TRINITY_DN1430_c2_g2_i1.p1	sp|Q99757|THIOM_HUMAN	48.2	114	150	166	23	136	50	163	1.70e-36	126	sp|Q99757|THIOM_HUMAN Thioredoxin, mitochondrial OS=Homo sapiens OX=9606 GN=TXN2 PE=1 SV=2
TRINITY_DN1430_c2_g2_i1.p1	sp|P97493|THIOM_MOUSE	53.0	100	150	166	37	136	64	163	1.70e-36	126	sp|P97493|THIOM_MOUSE Thioredoxin, mitochondrial OS=Mus musculus OX=10090 GN=Txn2 PE=1 SV=1
TRINITY_DN1430_c2_g2_i1.p1	sp|Q17424|THIO2_CAEEL	40.3	119	150	145	18	136	26	141	1.22e-26	100	sp|Q17424|THIO2_CAEEL Probable thioredoxin-2 OS=Caenorhabditis elegans OX=6239 GN=trx-2 PE=3 SV=2
TRINITY_DN1430_c2_g2_i1.p1	sp|Q4UNK3|THIO_RICFE	41.5	94	150	105	43	136	10	103	4.19e-24	92.8	sp|Q4UNK3|THIO_RICFE Thioredoxin OS=Rickettsia felis (strain ATCC VR-1525 / URRWXCal2) OX=315456 GN=trxA PE=3 SV=2
TRINITY_DN1430_c2_g2_i1.p1	sp|P00275|THIO1_CORNE	40.6	101	150	105	35	135	3	102	1.68e-23	91.3	sp|P00275|THIO1_CORNE Thioredoxin C-1 OS=Corynebacterium nephridii OX=1722 PE=1 SV=1
TRINITY_DN1430_c2_g2_i1.p1	sp|Q92JR5|THIO_RICCN	40.4	94	150	105	43	136	10	103	4.76e-23	90.1	sp|Q92JR5|THIO_RICCN Thioredoxin OS=Rickettsia conorii (strain ATCC VR-613 / Malish 7) OX=272944 GN=trxA PE=3 SV=1
TRINITY_DN1430_c2_g2_i1.p1	sp|P52227|THIO_CHLCV	41.9	105	150	102	34	138	1	102	1.76e-22	88.6	sp|P52227|THIO_CHLCV Thioredoxin OS=Chlamydia caviae (strain ATCC VR-813 / DSM 19441 / 03DC25 / GPIC) OX=227941 GN=trxA PE=3 SV=1
TRINITY_DN1430_c2_g2_i1.p1	sp|Q1RKN1|THIO_RICBR	40.2	92	150	105	43	134	10	101	1.91e-22	88.6	sp|Q1RKN1|THIO_RICBR Thioredoxin OS=Rickettsia bellii (strain RML369-C) OX=336407 GN=trxA PE=3 SV=2
TRINITY_DN1430_c2_g2_i1.p1	sp|P10472|THIO_CHLTI	36.5	96	150	108	42	137	11	106	4.15e-22	87.8	sp|P10472|THIO_CHLTI Thioredoxin OS=Chlorobaculum thiosulfatiphilum OX=115852 GN=trxA PE=1 SV=5
TRINITY_DN1430_c2_g2_i1.p1	sp|O84544|THIO_CHLTR	42.3	104	150	102	34	137	1	101	7.05e-22	87.0	sp|O84544|THIO_CHLTR Thioredoxin OS=Chlamydia trachomatis serovar D (strain ATCC VR-885 / DSM 19411 / UW-3/Cx) OX=272561 GN=trxA PE=3 SV=1
TRINITY_DN1430_c2_g2_i1.p1	sp|Q7M1B9|THIO_CHLAA	45.1	82	150	110	42	123	11	92	8.76e-22	87.0	sp|Q7M1B9|THIO_CHLAA Thioredoxin OS=Chloroflexus aurantiacus (strain ATCC 29366 / DSM 635 / J-10-fl) OX=324602 GN=trxA PE=1 SV=3
TRINITY_DN1430_c2_g2_i1.p1	sp|Q9Z7P5|THIO_CHLPN	45.2	104	150	102	34	137	1	101	2.00e-21	85.9	sp|Q9Z7P5|THIO_CHLPN Thioredoxin OS=Chlamydia pneumoniae OX=83558 GN=trxA PE=3 SV=1
TRINITY_DN1430_c2_g2_i1.p1	sp|Q68Y00|THIO_RICTY	39.4	94	150	105	43	136	10	103	3.06e-21	85.5	sp|Q68Y00|THIO_RICTY Thioredoxin OS=Rickettsia typhi (strain ATCC VR-144 / Wilmington) OX=257363 GN=trxA PE=3 SV=1
TRINITY_DN1430_c2_g2_i1.p1	sp|Q9PJK3|THIO_CHLMU	43.3	104	150	102	34	137	1	101	3.99e-21	85.1	sp|Q9PJK3|THIO_CHLMU Thioredoxin OS=Chlamydia muridarum (strain MoPn / Nigg) OX=243161 GN=trxA PE=3 SV=1
TRINITY_DN1430_c2_g2_i1.p1	sp|Q2FHT6|THIO_STAA3	37.5	104	150	104	34	137	3	103	4.22e-21	85.1	sp|Q2FHT6|THIO_STAA3 Thioredoxin OS=Staphylococcus aureus (strain USA300) OX=367830 GN=trxA PE=3 SV=1
TRINITY_DN1430_c2_g2_i1.p1	sp|Q2FZD2|THIO_STAA8	37.5	104	150	104	34	137	3	103	4.22e-21	85.1	sp|Q2FZD2|THIO_STAA8 Thioredoxin OS=Staphylococcus aureus (strain NCTC 8325 / PS 47) OX=93061 GN=trxA PE=2 SV=1
TRINITY_DN1430_c2_g2_i1.p1	sp|Q2YXD0|THIO_STAAB	37.5	104	150	104	34	137	3	103	4.22e-21	85.1	sp|Q2YXD0|THIO_STAAB Thioredoxin OS=Staphylococcus aureus (strain bovine RF122 / ET3-1) OX=273036 GN=trxA PE=3 SV=1
TRINITY_DN1430_c2_g2_i1.p1	sp|Q5HGT9|THIO_STAAC	37.5	104	150	104	34	137	3	103	4.22e-21	85.1	sp|Q5HGT9|THIO_STAAC Thioredoxin OS=Staphylococcus aureus (strain COL) OX=93062 GN=trxA PE=3 SV=1
TRINITY_DN1430_c2_g2_i1.p1	sp|P0A0K4|THIO_STAAM	37.5	104	150	104	34	137	3	103	4.22e-21	85.1	sp|P0A0K4|THIO_STAAM Thioredoxin OS=Staphylococcus aureus (strain Mu50 / ATCC 700699) OX=158878 GN=trxA PE=3 SV=1
TRINITY_DN1430_c2_g2_i1.p1	sp|P99122|THIO_STAAN	37.5	104	150	104	34	137	3	103	4.22e-21	85.1	sp|P99122|THIO_STAAN Thioredoxin OS=Staphylococcus aureus (strain N315) OX=158879 GN=trxA PE=1 SV=1
TRINITY_DN1430_c2_g2_i1.p1	sp|Q6GHU0|THIO_STAAR	37.5	104	150	104	34	137	3	103	4.22e-21	85.1	sp|Q6GHU0|THIO_STAAR Thioredoxin OS=Staphylococcus aureus (strain MRSA252) OX=282458 GN=trxA PE=3 SV=1
TRINITY_DN1430_c2_g2_i1.p1	sp|Q6GA69|THIO_STAAS	37.5	104	150	104	34	137	3	103	4.22e-21	85.1	sp|Q6GA69|THIO_STAAS Thioredoxin OS=Staphylococcus aureus (strain MSSA476) OX=282459 GN=trxA PE=3 SV=1
TRINITY_DN1430_c2_g2_i1.p1	sp|P0A0K6|THIO_STAAU	37.5	104	150	104	34	137	3	103	4.22e-21	85.1	sp|P0A0K6|THIO_STAAU Thioredoxin OS=Staphylococcus aureus OX=1280 GN=trxA PE=1 SV=1
TRINITY_DN163_c3_g1_i1.p1	sp|P46430|GSTT1_MANSE	42.7	213	218	217	1	211	1	212	5.51e-54	175	sp|P46430|GSTT1_MANSE Glutathione S-transferase 1 OS=Manduca sexta OX=7130 GN=GST1 PE=2 SV=1
TRINITY_DN163_c3_g1_i1.p1	sp|Q9VG94|GSTD6_DROME	38.4	190	218	215	3	192	1	188	4.63e-41	142	sp|Q9VG94|GSTD6_DROME Glutathione S-transferase D6 OS=Drosophila melanogaster OX=7227 GN=GstD6 PE=1 SV=1
TRINITY_DN163_c3_g1_i1.p1	sp|P28338|GSTT1_MUSDO	41.9	191	218	208	3	191	1	187	3.40e-39	137	sp|P28338|GSTT1_MUSDO Glutathione S-transferase 1 OS=Musca domestica OX=7370 GN=Gst1 PE=1 SV=1
TRINITY_DN163_c3_g1_i1.p1	sp|Q93112|GST1C_ANOGA	40.4	193	218	209	3	192	1	188	5.53e-38	134	sp|Q93112|GST1C_ANOGA Glutathione S-transferase 1, isoform C OS=Anopheles gambiae OX=7165 GN=GstD1 PE=1 SV=2
TRINITY_DN163_c3_g1_i1.p1	sp|P42860|GSTT1_LUCCU	40.3	191	218	208	3	191	1	187	1.07e-37	133	sp|P42860|GSTT1_LUCCU Glutathione S-transferase 1-1 OS=Lucilia cuprina OX=7375 GN=GST1 PE=1 SV=2
TRINITY_DN163_c3_g1_i1.p1	sp|Q9VG95|GSTD5_DROME	37.2	199	218	216	15	210	13	206	1.88e-37	132	sp|Q9VG95|GSTD5_DROME Glutathione S-transferase D5 OS=Drosophila melanogaster OX=7227 GN=GstD5 PE=1 SV=2
TRINITY_DN163_c3_g1_i1.p1	sp|P20432|GSTD1_DROME	40.1	192	218	209	3	192	2	189	6.18e-37	131	sp|P20432|GSTD1_DROME Glutathione S-transferase D1 OS=Drosophila melanogaster OX=7227 GN=GstD1 PE=1 SV=1
TRINITY_DN163_c3_g1_i1.p1	sp|Q9VG93|GSTD7_DROME	35.6	202	218	224	2	201	3	202	6.56e-37	131	sp|Q9VG93|GSTD7_DROME Glutathione S-transferase D7 OS=Drosophila melanogaster OX=7227 GN=GstD7 PE=1 SV=1
TRINITY_DN163_c3_g1_i1.p1	sp|Q9VG96|GSTD4_DROME	37.1	178	218	215	15	192	13	188	2.88e-36	129	sp|Q9VG96|GSTD4_DROME Glutathione S-transferase D4 OS=Drosophila melanogaster OX=7227 GN=GstD4 PE=1 SV=1
TRINITY_DN163_c3_g1_i1.p1	sp|O76483|GSTT7_ANOGA	33.8	219	218	218	1	216	1	217	4.41e-36	129	sp|O76483|GSTT7_ANOGA Glutathione S-transferase D7 OS=Anopheles gambiae OX=7165 GN=GstD7 PE=2 SV=1
TRINITY_DN163_c3_g1_i1.p1	sp|Q93113|GST1D_ANOGA	38.9	190	218	209	3	191	1	187	9.72e-36	128	sp|Q93113|GST1D_ANOGA Glutathione S-transferase 1, isoform D OS=Anopheles gambiae OX=7165 GN=GstD1 PE=1 SV=1
TRINITY_DN163_c3_g1_i1.p1	sp|P67805|GSTT1_DROSI	39.7	189	218	209	6	192	5	189	9.72e-36	128	sp|P67805|GSTT1_DROSI Glutathione S-transferase 1-1 OS=Drosophila simulans OX=7240 GN=GstD1 PE=2 SV=2
TRINITY_DN163_c3_g1_i1.p1	sp|P46431|GSTT2_MUSDO	38.5	192	218	210	3	193	1	190	9.99e-36	128	sp|P46431|GSTT2_MUSDO Glutathione S-transferase 2 OS=Musca domestica OX=7370 GN=Gst2 PE=2 SV=2
TRINITY_DN163_c3_g1_i1.p1	sp|P30106|GSTT1_DROSE	39.7	189	218	209	6	192	5	189	1.37e-35	127	sp|P30106|GSTT1_DROSE Glutathione S-transferase 1-1 OS=Drosophila sechellia OX=7238 GN=GstD1 PE=3 SV=2
TRINITY_DN163_c3_g1_i1.p1	sp|P30108|GSTT1_DROYA	39.7	189	218	209	6	192	5	189	1.37e-35	127	sp|P30108|GSTT1_DROYA Glutathione S-transferase 1-1 OS=Drosophila yakuba OX=7245 GN=GstD1 PE=3 SV=2
TRINITY_DN163_c3_g1_i1.p1	sp|Q9VG97|GSTD3_DROME	34.7	167	218	199	26	192	8	172	1.48e-35	127	sp|Q9VG97|GSTD3_DROME Inactive glutathione S-transferase D3 OS=Drosophila melanogaster OX=7227 GN=GstD3 PE=2 SV=1
TRINITY_DN163_c3_g1_i1.p1	sp|Q9VG98|GSTD2_DROME	37.8	188	218	215	15	201	13	198	1.61e-35	127	sp|Q9VG98|GSTD2_DROME Glutathione S-transferase D2 OS=Drosophila melanogaster OX=7227 GN=GstD2 PE=1 SV=1
TRINITY_DN163_c3_g1_i1.p1	sp|P46432|GSTT3_MUSDO	38.5	192	218	210	3	193	1	190	1.99e-35	127	sp|P46432|GSTT3_MUSDO Glutathione S-transferase 3 OS=Musca domestica OX=7370 GN=Gst3 PE=2 SV=1
TRINITY_DN163_c3_g1_i1.p1	sp|P67804|GSTT1_DROMA	39.7	184	218	200	11	192	2	181	6.02e-35	125	sp|P67804|GSTT1_DROMA Glutathione S-transferase 1-1 (Fragment) OS=Drosophila mauritiana OX=7226 GN=GstD1 PE=3 SV=1
TRINITY_DN163_c3_g1_i1.p1	sp|P30107|GSTT1_DROTE	39.1	184	218	200	11	192	2	181	2.38e-34	124	sp|P30107|GSTT1_DROTE Glutathione S-transferase 1-1 (Fragment) OS=Drosophila teissieri OX=7243 GN=GstD1 PE=3 SV=1
TRINITY_DN163_c3_g1_i1.p1	sp|P46433|GSTT4_MUSDO	36.9	214	218	210	3	213	1	210	3.12e-34	124	sp|P46433|GSTT4_MUSDO Glutathione S-transferase 4 OS=Musca domestica OX=7370 GN=Gst4 PE=2 SV=1
TRINITY_DN163_c3_g1_i1.p1	sp|P30104|GSTT1_DROER	37.6	189	218	209	6	192	5	189	2.39e-33	122	sp|P30104|GSTT1_DROER Glutathione S-transferase 1-1 OS=Drosophila erecta OX=7220 GN=GstD1 PE=3 SV=2
TRINITY_DN163_c3_g1_i1.p1	sp|O77473|GST1B_ANOGA	38.2	173	218	216	3	171	1	172	5.87e-29	110	sp|O77473|GST1B_ANOGA Glutathione S-transferase 1, isoform B OS=Anopheles gambiae OX=7165 GN=GstD1 PE=2 SV=2
TRINITY_DN163_c3_g1_i1.p1	sp|Q94999|GSTT2_ANOGA	35.4	164	218	209	3	165	2	164	1.94e-28	109	sp|Q94999|GSTT2_ANOGA Glutathione S-transferase 2 OS=Anopheles gambiae OX=7165 GN=GstD2 PE=3 SV=2
TRINITY_DN163_c3_g1_i1.p1	sp|Q7JYX0|GSTEE_DROME	30.5	197	218	232	5	200	8	202	2.58e-27	107	sp|Q7JYX0|GSTEE_DROME Glutathione S-transferase E14 OS=Drosophila melanogaster OX=7227 GN=GstE14 PE=1 SV=1
TRINITY_DN1682_c0_g2_i1.p1	sp|P46430|GSTT1_MANSE	38.9	203	223	217	5	205	5	204	2.86e-38	135	sp|P46430|GSTT1_MANSE Glutathione S-transferase 1 OS=Manduca sexta OX=7130 GN=GST1 PE=2 SV=1
TRINITY_DN1682_c0_g2_i1.p1	sp|Q93112|GST1C_ANOGA	36.8	204	223	209	6	209	4	203	8.94e-35	125	sp|Q93112|GST1C_ANOGA Glutathione S-transferase 1, isoform C OS=Anopheles gambiae OX=7165 GN=GstD1 PE=1 SV=2
TRINITY_DN1682_c0_g2_i1.p1	sp|Q93113|GST1D_ANOGA	42.3	168	223	209	6	173	4	168	7.03e-34	123	sp|Q93113|GST1D_ANOGA Glutathione S-transferase 1, isoform D OS=Anopheles gambiae OX=7165 GN=GstD1 PE=1 SV=1
TRINITY_DN1682_c0_g2_i1.p1	sp|P42860|GSTT1_LUCCU	38.0	184	223	208	6	188	4	182	1.92e-33	122	sp|P42860|GSTT1_LUCCU Glutathione S-transferase 1-1 OS=Lucilia cuprina OX=7375 GN=GST1 PE=1 SV=2
TRINITY_DN1682_c0_g2_i1.p1	sp|P28338|GSTT1_MUSDO	38.0	184	223	208	6	188	4	182	1.07e-32	120	sp|P28338|GSTT1_MUSDO Glutathione S-transferase 1 OS=Musca domestica OX=7370 GN=Gst1 PE=1 SV=1
TRINITY_DN1682_c0_g2_i1.p1	sp|O76483|GSTT7_ANOGA	40.7	172	223	218	1	172	1	169	1.38e-32	120	sp|O76483|GSTT7_ANOGA Glutathione S-transferase D7 OS=Anopheles gambiae OX=7165 GN=GstD7 PE=2 SV=1
TRINITY_DN1682_c0_g2_i1.p1	sp|Q9VG96|GSTD4_DROME	37.1	170	223	215	19	188	17	182	7.80e-31	115	sp|Q9VG96|GSTD4_DROME Glutathione S-transferase D4 OS=Drosophila melanogaster OX=7227 GN=GstD4 PE=1 SV=1
TRINITY_DN1682_c0_g2_i1.p1	sp|Q94999|GSTT2_ANOGA	39.8	166	223	209	6	171	5	168	1.87e-30	114	sp|Q94999|GSTT2_ANOGA Glutathione S-transferase 2 OS=Anopheles gambiae OX=7165 GN=GstD2 PE=3 SV=2
TRINITY_DN1682_c0_g2_i1.p1	sp|O77473|GST1B_ANOGA	39.4	170	223	216	6	173	4	172	4.42e-30	114	sp|O77473|GST1B_ANOGA Glutathione S-transferase 1, isoform B OS=Anopheles gambiae OX=7165 GN=GstD1 PE=2 SV=2
TRINITY_DN1682_c0_g2_i1.p1	sp|Q7JYX0|GSTEE_DROME	32.5	212	223	232	3	213	6	212	3.58e-29	112	sp|Q7JYX0|GSTEE_DROME Glutathione S-transferase E14 OS=Drosophila melanogaster OX=7227 GN=GstE14 PE=1 SV=1
TRINITY_DN1682_c0_g2_i1.p1	sp|Q9VG98|GSTD2_DROME	35.5	172	223	215	17	188	15	182	6.61e-29	110	sp|Q9VG98|GSTD2_DROME Glutathione S-transferase D2 OS=Drosophila melanogaster OX=7227 GN=GstD2 PE=1 SV=1
TRINITY_DN1682_c0_g2_i1.p1	sp|P46431|GSTT2_MUSDO	32.0	203	223	210	6	208	4	196	1.16e-28	110	sp|P46431|GSTT2_MUSDO Glutathione S-transferase 2 OS=Musca domestica OX=7370 GN=Gst2 PE=2 SV=2
TRINITY_DN1682_c0_g2_i1.p1	sp|P20432|GSTD1_DROME	34.8	184	223	209	6	188	5	183	1.59e-28	109	sp|P20432|GSTD1_DROME Glutathione S-transferase D1 OS=Drosophila melanogaster OX=7227 GN=GstD1 PE=1 SV=1
TRINITY_DN1682_c0_g2_i1.p1	sp|P30106|GSTT1_DROSE	34.8	184	223	209	6	188	5	183	2.23e-28	109	sp|P30106|GSTT1_DROSE Glutathione S-transferase 1-1 OS=Drosophila sechellia OX=7238 GN=GstD1 PE=3 SV=2
TRINITY_DN1682_c0_g2_i1.p1	sp|P67805|GSTT1_DROSI	34.8	184	223	209	6	188	5	183	2.23e-28	109	sp|P67805|GSTT1_DROSI Glutathione S-transferase 1-1 OS=Drosophila simulans OX=7240 GN=GstD1 PE=2 SV=2
TRINITY_DN1682_c0_g2_i1.p1	sp|P46432|GSTT3_MUSDO	32.0	203	223	210	6	208	4	196	2.29e-28	109	sp|P46432|GSTT3_MUSDO Glutathione S-transferase 3 OS=Musca domestica OX=7370 GN=Gst3 PE=2 SV=1
TRINITY_DN1682_c0_g2_i1.p1	sp|Q9VG94|GSTD6_DROME	31.9	191	223	215	5	195	3	189	2.59e-28	109	sp|Q9VG94|GSTD6_DROME Glutathione S-transferase D6 OS=Drosophila melanogaster OX=7227 GN=GstD6 PE=1 SV=1
TRINITY_DN1682_c0_g2_i1.p1	sp|P30108|GSTT1_DROYA	34.8	184	223	209	6	188	5	183	3.14e-28	108	sp|P30108|GSTT1_DROYA Glutathione S-transferase 1-1 OS=Drosophila yakuba OX=7245 GN=GstD1 PE=3 SV=2
TRINITY_DN1682_c0_g2_i1.p1	sp|O77462|GST1A_ANOGA	40.9	164	223	186	6	164	4	167	3.48e-28	108	sp|O77462|GST1A_ANOGA Glutathione S-transferase 1, isoform A OS=Anopheles gambiae OX=7165 GN=GstD1 PE=2 SV=3
TRINITY_DN1682_c0_g2_i1.p1	sp|P46433|GSTT4_MUSDO	33.7	190	223	210	6	194	4	189	1.26e-27	107	sp|P46433|GSTT4_MUSDO Glutathione S-transferase 4 OS=Musca domestica OX=7370 GN=Gst4 PE=2 SV=1
TRINITY_DN1682_c0_g2_i1.p1	sp|Q9VG93|GSTD7_DROME	33.2	184	223	224	5	188	6	186	1.76e-27	107	sp|Q9VG93|GSTD7_DROME Glutathione S-transferase D7 OS=Drosophila melanogaster OX=7227 GN=GstD7 PE=1 SV=1
TRINITY_DN1682_c0_g2_i1.p1	sp|P67804|GSTT1_DROMA	34.6	179	223	200	11	188	2	175	3.85e-27	105	sp|P67804|GSTT1_DROMA Glutathione S-transferase 1-1 (Fragment) OS=Drosophila mauritiana OX=7226 GN=GstD1 PE=3 SV=1
TRINITY_DN1682_c0_g2_i1.p1	sp|Q9VG95|GSTD5_DROME	33.1	172	223	216	17	188	15	182	5.67e-27	105	sp|Q9VG95|GSTD5_DROME Glutathione S-transferase D5 OS=Drosophila melanogaster OX=7227 GN=GstD5 PE=1 SV=2
TRINITY_DN1682_c0_g2_i1.p1	sp|P30107|GSTT1_DROTE	34.1	179	223	200	11	188	2	175	1.50e-26	104	sp|P30107|GSTT1_DROTE Glutathione S-transferase 1-1 (Fragment) OS=Drosophila teissieri OX=7243 GN=GstD1 PE=3 SV=1
TRINITY_DN1682_c0_g2_i1.p1	sp|P30104|GSTT1_DROER	33.7	169	223	209	6	173	5	169	1.44e-25	102	sp|P30104|GSTT1_DROER Glutathione S-transferase 1-1 OS=Drosophila erecta OX=7220 GN=GstD1 PE=3 SV=2
TRINITY_DN1682_c0_g2_i2.p1	sp|P46430|GSTT1_MANSE	38.6	207	247	217	25	229	1	204	3.01e-38	135	sp|P46430|GSTT1_MANSE Glutathione S-transferase 1 OS=Manduca sexta OX=7130 GN=GST1 PE=2 SV=1
TRINITY_DN1682_c0_g2_i2.p1	sp|Q93112|GST1C_ANOGA	36.8	204	247	209	30	233	4	203	1.29e-34	126	sp|Q93112|GST1C_ANOGA Glutathione S-transferase 1, isoform C OS=Anopheles gambiae OX=7165 GN=GstD1 PE=1 SV=2
TRINITY_DN1682_c0_g2_i2.p1	sp|Q93113|GST1D_ANOGA	42.3	168	247	209	30	197	4	168	1.01e-33	124	sp|Q93113|GST1D_ANOGA Glutathione S-transferase 1, isoform D OS=Anopheles gambiae OX=7165 GN=GstD1 PE=1 SV=1
TRINITY_DN1682_c0_g2_i2.p1	sp|P42860|GSTT1_LUCCU	38.0	184	247	208	30	212	4	182	2.74e-33	122	sp|P42860|GSTT1_LUCCU Glutathione S-transferase 1-1 OS=Lucilia cuprina OX=7375 GN=GST1 PE=1 SV=2
TRINITY_DN1682_c0_g2_i2.p1	sp|O76483|GSTT7_ANOGA	40.7	172	247	218	25	196	1	169	1.40e-32	121	sp|O76483|GSTT7_ANOGA Glutathione S-transferase D7 OS=Anopheles gambiae OX=7165 GN=GstD7 PE=2 SV=1
TRINITY_DN1682_c0_g2_i2.p1	sp|P28338|GSTT1_MUSDO	38.0	184	247	208	30	212	4	182	1.52e-32	120	sp|P28338|GSTT1_MUSDO Glutathione S-transferase 1 OS=Musca domestica OX=7370 GN=Gst1 PE=1 SV=1
TRINITY_DN1682_c0_g2_i2.p1	sp|Q9VG96|GSTD4_DROME	35.5	183	247	215	30	212	4	182	1.09e-30	116	sp|Q9VG96|GSTD4_DROME Glutathione S-transferase D4 OS=Drosophila melanogaster OX=7227 GN=GstD4 PE=1 SV=1
TRINITY_DN1682_c0_g2_i2.p1	sp|Q94999|GSTT2_ANOGA	39.8	166	247	209	30	195	5	168	2.61e-30	115	sp|Q94999|GSTT2_ANOGA Glutathione S-transferase 2 OS=Anopheles gambiae OX=7165 GN=GstD2 PE=3 SV=2
TRINITY_DN1682_c0_g2_i2.p1	sp|O77473|GST1B_ANOGA	39.4	170	247	216	30	197	4	172	6.15e-30	114	sp|O77473|GST1B_ANOGA Glutathione S-transferase 1, isoform B OS=Anopheles gambiae OX=7165 GN=GstD1 PE=2 SV=2
TRINITY_DN1682_c0_g2_i2.p1	sp|Q7JYX0|GSTEE_DROME	32.4	216	247	232	23	237	2	212	2.52e-29	113	sp|Q7JYX0|GSTEE_DROME Glutathione S-transferase E14 OS=Drosophila melanogaster OX=7227 GN=GstE14 PE=1 SV=1
TRINITY_DN1682_c0_g2_i2.p1	sp|Q9VG98|GSTD2_DROME	35.5	172	247	215	41	212	15	182	1.28e-28	110	sp|Q9VG98|GSTD2_DROME Glutathione S-transferase D2 OS=Drosophila melanogaster OX=7227 GN=GstD2 PE=1 SV=1
TRINITY_DN1682_c0_g2_i2.p1	sp|P46431|GSTT2_MUSDO	32.0	203	247	210	30	232	4	196	1.59e-28	110	sp|P46431|GSTT2_MUSDO Glutathione S-transferase 2 OS=Musca domestica OX=7370 GN=Gst2 PE=2 SV=2
TRINITY_DN1682_c0_g2_i2.p1	sp|P20432|GSTD1_DROME	34.8	184	247	209	30	212	5	183	2.18e-28	110	sp|P20432|GSTD1_DROME Glutathione S-transferase D1 OS=Drosophila melanogaster OX=7227 GN=GstD1 PE=1 SV=1
TRINITY_DN1682_c0_g2_i2.p1	sp|P30106|GSTT1_DROSE	34.8	184	247	209	30	212	5	183	3.06e-28	109	sp|P30106|GSTT1_DROSE Glutathione S-transferase 1-1 OS=Drosophila sechellia OX=7238 GN=GstD1 PE=3 SV=2
TRINITY_DN1682_c0_g2_i2.p1	sp|P67805|GSTT1_DROSI	34.8	184	247	209	30	212	5	183	3.06e-28	109	sp|P67805|GSTT1_DROSI Glutathione S-transferase 1-1 OS=Drosophila simulans OX=7240 GN=GstD1 PE=2 SV=2
TRINITY_DN1682_c0_g2_i2.p1	sp|P46432|GSTT3_MUSDO	32.0	203	247	210	30	232	4	196	3.14e-28	109	sp|P46432|GSTT3_MUSDO Glutathione S-transferase 3 OS=Musca domestica OX=7370 GN=Gst3 PE=2 SV=1
TRINITY_DN1682_c0_g2_i2.p1	sp|Q9VG94|GSTD6_DROME	31.9	191	247	215	29	219	3	189	3.55e-28	109	sp|Q9VG94|GSTD6_DROME Glutathione S-transferase D6 OS=Drosophila melanogaster OX=7227 GN=GstD6 PE=1 SV=1
TRINITY_DN1682_c0_g2_i2.p1	sp|P30108|GSTT1_DROYA	34.8	184	247	209	30	212	5	183	4.30e-28	109	sp|P30108|GSTT1_DROYA Glutathione S-transferase 1-1 OS=Drosophila yakuba OX=7245 GN=GstD1 PE=3 SV=2
TRINITY_DN1682_c0_g2_i2.p1	sp|O77462|GST1A_ANOGA	40.9	164	247	186	30	188	4	167	4.74e-28	108	sp|O77462|GST1A_ANOGA Glutathione S-transferase 1, isoform A OS=Anopheles gambiae OX=7165 GN=GstD1 PE=2 SV=3
TRINITY_DN1682_c0_g2_i2.p1	sp|P46433|GSTT4_MUSDO	33.7	190	247	210	30	218	4	189	1.71e-27	107	sp|P46433|GSTT4_MUSDO Glutathione S-transferase 4 OS=Musca domestica OX=7370 GN=Gst4 PE=2 SV=1
TRINITY_DN1682_c0_g2_i2.p1	sp|Q9VG93|GSTD7_DROME	33.2	184	247	224	29	212	6	186	2.40e-27	107	sp|Q9VG93|GSTD7_DROME Glutathione S-transferase D7 OS=Drosophila melanogaster OX=7227 GN=GstD7 PE=1 SV=1
TRINITY_DN1682_c0_g2_i2.p1	sp|P67804|GSTT1_DROMA	34.6	179	247	200	35	212	2	175	5.20e-27	106	sp|P67804|GSTT1_DROMA Glutathione S-transferase 1-1 (Fragment) OS=Drosophila mauritiana OX=7226 GN=GstD1 PE=3 SV=1
TRINITY_DN1682_c0_g2_i2.p1	sp|Q9VG95|GSTD5_DROME	33.1	172	247	216	41	212	15	182	1.08e-26	105	sp|Q9VG95|GSTD5_DROME Glutathione S-transferase D5 OS=Drosophila melanogaster OX=7227 GN=GstD5 PE=1 SV=2
TRINITY_DN1682_c0_g2_i2.p1	sp|P30107|GSTT1_DROTE	34.1	179	247	200	35	212	2	175	2.02e-26	104	sp|P30107|GSTT1_DROTE Glutathione S-transferase 1-1 (Fragment) OS=Drosophila teissieri OX=7243 GN=GstD1 PE=3 SV=1
TRINITY_DN1682_c0_g2_i2.p1	sp|P30104|GSTT1_DROER	33.7	169	247	209	30	197	5	169	1.92e-25	102	sp|P30104|GSTT1_DROER Glutathione S-transferase 1-1 OS=Drosophila erecta OX=7220 GN=GstD1 PE=3 SV=2
TRINITY_DN18158_c2_g2_i1.p1	sp|P46430|GSTT1_MANSE	36.2	218	227	217	1	215	1	212	8.85e-35	126	sp|P46430|GSTT1_MANSE Glutathione S-transferase 1 OS=Manduca sexta OX=7130 GN=GST1 PE=2 SV=1
TRINITY_DN18158_c2_g2_i1.p1	sp|O76483|GSTT7_ANOGA	34.8	198	227	218	1	197	1	191	8.62e-32	118	sp|O76483|GSTT7_ANOGA Glutathione S-transferase D7 OS=Anopheles gambiae OX=7165 GN=GstD7 PE=2 SV=1
TRINITY_DN18158_c2_g2_i1.p1	sp|Q93112|GST1C_ANOGA	37.1	194	227	209	6	197	4	189	9.64e-32	118	sp|Q93112|GST1C_ANOGA Glutathione S-transferase 1, isoform C OS=Anopheles gambiae OX=7165 GN=GstD1 PE=1 SV=2
TRINITY_DN18158_c2_g2_i1.p1	sp|P28338|GSTT1_MUSDO	34.0	191	227	208	6	195	4	187	2.05e-30	114	sp|P28338|GSTT1_MUSDO Glutathione S-transferase 1 OS=Musca domestica OX=7370 GN=Gst1 PE=1 SV=1
TRINITY_DN18158_c2_g2_i1.p1	sp|Q93113|GST1D_ANOGA	36.2	188	227	209	6	193	4	185	3.23e-29	111	sp|Q93113|GST1D_ANOGA Glutathione S-transferase 1, isoform D OS=Anopheles gambiae OX=7165 GN=GstD1 PE=1 SV=1
TRINITY_DN18158_c2_g2_i1.p1	sp|P42860|GSTT1_LUCCU	32.6	187	227	208	6	192	4	184	4.82e-28	108	sp|P42860|GSTT1_LUCCU Glutathione S-transferase 1-1 OS=Lucilia cuprina OX=7375 GN=GST1 PE=1 SV=2
TRINITY_DN18158_c2_g2_i1.p1	sp|Q9VG93|GSTD7_DROME	30.1	216	227	224	5	204	6	211	2.26e-25	102	sp|Q9VG93|GSTD7_DROME Glutathione S-transferase D7 OS=Drosophila melanogaster OX=7227 GN=GstD7 PE=1 SV=1
TRINITY_DN18158_c2_g2_i1.p1	sp|Q94999|GSTT2_ANOGA	34.8	164	227	209	6	169	5	164	3.16e-25	101	sp|Q94999|GSTT2_ANOGA Glutathione S-transferase 2 OS=Anopheles gambiae OX=7165 GN=GstD2 PE=3 SV=2
TRINITY_DN18158_c2_g2_i1.p1	sp|Q9VG94|GSTD6_DROME	31.7	186	227	215	5	190	3	182	5.09e-25	100	sp|Q9VG94|GSTD6_DROME Glutathione S-transferase D6 OS=Drosophila melanogaster OX=7227 GN=GstD6 PE=1 SV=1
TRINITY_DN18158_c2_g2_i1.p1	sp|Q9VG96|GSTD4_DROME	29.8	191	227	215	6	196	4	188	7.14e-25	100	sp|Q9VG96|GSTD4_DROME Glutathione S-transferase D4 OS=Drosophila melanogaster OX=7227 GN=GstD4 PE=1 SV=1
TRINITY_DN18158_c2_g2_i1.p1	sp|P20432|GSTD1_DROME	29.7	185	227	209	6	190	5	183	4.74e-24	98.2	sp|P20432|GSTD1_DROME Glutathione S-transferase D1 OS=Drosophila melanogaster OX=7227 GN=GstD1 PE=1 SV=1
TRINITY_DN18158_c2_g2_i1.p1	sp|Q9VG98|GSTD2_DROME	30.8	185	227	215	6	190	4	182	2.94e-23	96.3	sp|Q9VG98|GSTD2_DROME Glutathione S-transferase D2 OS=Drosophila melanogaster OX=7227 GN=GstD2 PE=1 SV=1
TRINITY_DN18158_c2_g2_i1.p1	sp|Q9VG95|GSTD5_DROME	31.3	182	227	216	17	196	15	188	3.00e-23	96.3	sp|Q9VG95|GSTD5_DROME Glutathione S-transferase D5 OS=Drosophila melanogaster OX=7227 GN=GstD5 PE=1 SV=2
TRINITY_DN18158_c2_g2_i1.p1	sp|O77473|GST1B_ANOGA	31.6	193	227	216	6	196	4	192	4.21e-23	95.9	sp|O77473|GST1B_ANOGA Glutathione S-transferase 1, isoform B OS=Anopheles gambiae OX=7165 GN=GstD1 PE=2 SV=2
TRINITY_DN18158_c2_g2_i1.p1	sp|P67805|GSTT1_DROSI	28.6	185	227	209	6	190	5	183	7.07e-23	95.1	sp|P67805|GSTT1_DROSI Glutathione S-transferase 1-1 OS=Drosophila simulans OX=7240 GN=GstD1 PE=2 SV=2
TRINITY_DN18158_c2_g2_i1.p1	sp|P30106|GSTT1_DROSE	28.6	185	227	209	6	190	5	183	9.91e-23	94.7	sp|P30106|GSTT1_DROSE Glutathione S-transferase 1-1 OS=Drosophila sechellia OX=7238 GN=GstD1 PE=3 SV=2
TRINITY_DN18158_c2_g2_i1.p1	sp|O77462|GST1A_ANOGA	34.9	166	227	186	6	166	4	167	1.15e-22	94.0	sp|O77462|GST1A_ANOGA Glutathione S-transferase 1, isoform A OS=Anopheles gambiae OX=7165 GN=GstD1 PE=2 SV=3
TRINITY_DN18158_c2_g2_i1.p1	sp|P30108|GSTT1_DROYA	28.6	185	227	209	6	190	5	183	1.95e-22	94.0	sp|P30108|GSTT1_DROYA Glutathione S-transferase 1-1 OS=Drosophila yakuba OX=7245 GN=GstD1 PE=3 SV=2
TRINITY_DN18158_c2_g2_i1.p1	sp|P30107|GSTT1_DROTE	29.4	180	227	200	11	190	2	175	3.12e-22	93.2	sp|P30107|GSTT1_DROTE Glutathione S-transferase 1-1 (Fragment) OS=Drosophila teissieri OX=7243 GN=GstD1 PE=3 SV=1
TRINITY_DN18158_c2_g2_i1.p1	sp|P67804|GSTT1_DROMA	28.9	180	227	200	11	190	2	175	6.13e-22	92.4	sp|P67804|GSTT1_DROMA Glutathione S-transferase 1-1 (Fragment) OS=Drosophila mauritiana OX=7226 GN=GstD1 PE=3 SV=1
TRINITY_DN18158_c2_g2_i1.p1	sp|P46433|GSTT4_MUSDO	31.3	195	227	210	6	196	4	189	7.65e-22	92.4	sp|P46433|GSTT4_MUSDO Glutathione S-transferase 4 OS=Musca domestica OX=7370 GN=Gst4 PE=2 SV=1
TRINITY_DN18158_c2_g2_i1.p1	sp|Q9VG97|GSTD3_DROME	30.5	167	227	199	24	190	6	166	1.18e-21	91.7	sp|Q9VG97|GSTD3_DROME Inactive glutathione S-transferase D3 OS=Drosophila melanogaster OX=7227 GN=GstD3 PE=2 SV=1
TRINITY_DN18158_c2_g2_i1.p1	sp|P30104|GSTT1_DROER	28.1	185	227	209	6	190	5	183	2.05e-21	91.3	sp|P30104|GSTT1_DROER Glutathione S-transferase 1-1 OS=Drosophila erecta OX=7220 GN=GstD1 PE=3 SV=2
TRINITY_DN18158_c2_g2_i1.p1	sp|P46431|GSTT2_MUSDO	29.8	191	227	210	6	196	4	189	2.93e-21	90.9	sp|P46431|GSTT2_MUSDO Glutathione S-transferase 2 OS=Musca domestica OX=7370 GN=Gst2 PE=2 SV=2
TRINITY_DN18158_c2_g2_i1.p1	sp|P46432|GSTT3_MUSDO	29.8	191	227	210	6	196	4	189	5.74e-21	90.1	sp|P46432|GSTT3_MUSDO Glutathione S-transferase 3 OS=Musca domestica OX=7370 GN=Gst3 PE=2 SV=1
TRINITY_DN1824_c0_g1_i1.p1	sp|P46430|GSTT1_MANSE	42.8	208	226	217	12	216	1	207	1.10e-47	159	sp|P46430|GSTT1_MANSE Glutathione S-transferase 1 OS=Manduca sexta OX=7130 GN=GST1 PE=2 SV=1
TRINITY_DN1824_c0_g1_i1.p1	sp|P30106|GSTT1_DROSE	34.2	202	226	209	22	222	10	209	7.69e-34	123	sp|P30106|GSTT1_DROSE Glutathione S-transferase 1-1 OS=Drosophila sechellia OX=7238 GN=GstD1 PE=3 SV=2
TRINITY_DN1824_c0_g1_i1.p1	sp|P67804|GSTT1_DROMA	34.5	200	226	200	22	220	2	199	8.53e-34	123	sp|P67804|GSTT1_DROMA Glutathione S-transferase 1-1 (Fragment) OS=Drosophila mauritiana OX=7226 GN=GstD1 PE=3 SV=1
TRINITY_DN1824_c0_g1_i1.p1	sp|P20432|GSTD1_DROME	33.7	202	226	209	22	222	10	209	1.53e-33	122	sp|P20432|GSTD1_DROME Glutathione S-transferase D1 OS=Drosophila melanogaster OX=7227 GN=GstD1 PE=1 SV=1
TRINITY_DN1824_c0_g1_i1.p1	sp|P30104|GSTT1_DROER	34.2	202	226	209	22	222	10	209	1.53e-33	122	sp|P30104|GSTT1_DROER Glutathione S-transferase 1-1 OS=Drosophila erecta OX=7220 GN=GstD1 PE=3 SV=2
TRINITY_DN1824_c0_g1_i1.p1	sp|P67805|GSTT1_DROSI	33.7	202	226	209	22	222	10	209	1.53e-33	122	sp|P67805|GSTT1_DROSI Glutathione S-transferase 1-1 OS=Drosophila simulans OX=7240 GN=GstD1 PE=2 SV=2
TRINITY_DN1824_c0_g1_i1.p1	sp|P30108|GSTT1_DROYA	33.2	202	226	209	22	222	10	209	6.03e-33	121	sp|P30108|GSTT1_DROYA Glutathione S-transferase 1-1 OS=Drosophila yakuba OX=7245 GN=GstD1 PE=3 SV=2
TRINITY_DN1824_c0_g1_i1.p1	sp|P30107|GSTT1_DROTE	33.5	200	226	200	22	220	2	199	6.70e-33	120	sp|P30107|GSTT1_DROTE Glutathione S-transferase 1-1 (Fragment) OS=Drosophila teissieri OX=7243 GN=GstD1 PE=3 SV=1
TRINITY_DN1824_c0_g1_i1.p1	sp|P28338|GSTT1_MUSDO	34.0	200	226	208	22	220	9	206	4.60e-32	119	sp|P28338|GSTT1_MUSDO Glutathione S-transferase 1 OS=Musca domestica OX=7370 GN=Gst1 PE=1 SV=1
TRINITY_DN1824_c0_g1_i1.p1	sp|O76483|GSTT7_ANOGA	32.1	215	226	218	15	225	4	216	1.18e-31	118	sp|O76483|GSTT7_ANOGA Glutathione S-transferase D7 OS=Anopheles gambiae OX=7165 GN=GstD7 PE=2 SV=1
TRINITY_DN1824_c0_g1_i1.p1	sp|Q9VG95|GSTD5_DROME	33.7	196	226	216	26	214	13	206	3.13e-31	117	sp|Q9VG95|GSTD5_DROME Glutathione S-transferase D5 OS=Drosophila melanogaster OX=7227 GN=GstD5 PE=1 SV=2
TRINITY_DN1824_c0_g1_i1.p1	sp|Q93112|GST1C_ANOGA	31.5	203	226	209	22	223	9	209	1.03e-30	115	sp|Q93112|GST1C_ANOGA Glutathione S-transferase 1, isoform C OS=Anopheles gambiae OX=7165 GN=GstD1 PE=1 SV=2
TRINITY_DN1824_c0_g1_i1.p1	sp|Q9VG97|GSTD3_DROME	32.8	174	226	199	30	202	1	172	1.12e-30	115	sp|Q9VG97|GSTD3_DROME Inactive glutathione S-transferase D3 OS=Drosophila melanogaster OX=7227 GN=GstD3 PE=2 SV=1
TRINITY_DN1824_c0_g1_i1.p1	sp|P46433|GSTT4_MUSDO	34.2	184	226	210	22	204	9	191	1.49e-30	115	sp|P46433|GSTT4_MUSDO Glutathione S-transferase 4 OS=Musca domestica OX=7370 GN=Gst4 PE=2 SV=1
TRINITY_DN1824_c0_g1_i1.p1	sp|P42860|GSTT1_LUCCU	32.0	200	226	208	22	220	9	206	5.54e-30	113	sp|P42860|GSTT1_LUCCU Glutathione S-transferase 1-1 OS=Lucilia cuprina OX=7375 GN=GST1 PE=1 SV=2
TRINITY_DN1824_c0_g1_i1.p1	sp|Q93113|GST1D_ANOGA	33.0	197	226	209	22	217	9	203	3.14e-29	111	sp|Q93113|GST1D_ANOGA Glutathione S-transferase 1, isoform D OS=Anopheles gambiae OX=7165 GN=GstD1 PE=1 SV=1
TRINITY_DN1824_c0_g1_i1.p1	sp|P46431|GSTT2_MUSDO	31.5	203	226	210	22	223	9	210	3.22e-29	111	sp|P46431|GSTT2_MUSDO Glutathione S-transferase 2 OS=Musca domestica OX=7370 GN=Gst2 PE=2 SV=2
TRINITY_DN1824_c0_g1_i1.p1	sp|P46432|GSTT3_MUSDO	31.5	203	226	210	22	223	9	210	3.22e-29	111	sp|P46432|GSTT3_MUSDO Glutathione S-transferase 3 OS=Musca domestica OX=7370 GN=Gst3 PE=2 SV=1
TRINITY_DN1824_c0_g1_i1.p1	sp|Q9VG98|GSTD2_DROME	33.2	190	226	215	26	214	13	200	3.64e-29	111	sp|Q9VG98|GSTD2_DROME Glutathione S-transferase D2 OS=Drosophila melanogaster OX=7227 GN=GstD2 PE=1 SV=1
TRINITY_DN1824_c0_g1_i1.p1	sp|Q9VG93|GSTD7_DROME	32.8	183	226	224	16	196	6	186	4.53e-29	111	sp|Q9VG93|GSTD7_DROME Glutathione S-transferase D7 OS=Drosophila melanogaster OX=7227 GN=GstD7 PE=1 SV=1
TRINITY_DN1824_c0_g1_i1.p1	sp|Q94999|GSTT2_ANOGA	32.0	197	226	209	22	217	10	205	3.42e-28	108	sp|Q94999|GSTT2_ANOGA Glutathione S-transferase 2 OS=Anopheles gambiae OX=7165 GN=GstD2 PE=3 SV=2
TRINITY_DN1824_c0_g1_i1.p1	sp|Q9VG94|GSTD6_DROME	31.6	177	226	215	22	197	9	183	5.56e-28	108	sp|Q9VG94|GSTD6_DROME Glutathione S-transferase D6 OS=Drosophila melanogaster OX=7227 GN=GstD6 PE=1 SV=1
TRINITY_DN1824_c0_g1_i1.p1	sp|Q9VG96|GSTD4_DROME	29.4	194	226	215	22	214	9	200	2.17e-27	107	sp|Q9VG96|GSTD4_DROME Glutathione S-transferase D4 OS=Drosophila melanogaster OX=7227 GN=GstD4 PE=1 SV=1
TRINITY_DN1824_c0_g1_i1.p1	sp|Q7JYX0|GSTEE_DROME	32.9	213	226	232	15	222	7	213	6.37e-27	106	sp|Q7JYX0|GSTEE_DROME Glutathione S-transferase E14 OS=Drosophila melanogaster OX=7227 GN=GstE14 PE=1 SV=1
TRINITY_DN1824_c0_g1_i1.p1	sp|O77473|GST1B_ANOGA	37.2	180	226	216	22	197	9	187	3.37e-26	103	sp|O77473|GST1B_ANOGA Glutathione S-transferase 1, isoform B OS=Anopheles gambiae OX=7165 GN=GstD1 PE=2 SV=2
TRINITY_DN196_c0_g1_i1.p1	sp|P46429|GST2_MANSE	50.8	118	119	203	1	118	86	203	8.56e-36	124	sp|P46429|GST2_MANSE Glutathione S-transferase 2 OS=Manduca sexta OX=7130 GN=GST2 PE=2 SV=1
TRINITY_DN196_c0_g1_i1.p1	sp|P41043|GSTS1_DROME	43.6	117	119	249	1	117	133	248	4.54e-23	92.8	sp|P41043|GSTS1_DROME Glutathione S-transferase S1 OS=Drosophila melanogaster OX=7227 GN=GstS1 PE=1 SV=2
TRINITY_DN196_c0_g1_i1.p1	sp|P46437|GST_MUSDO	41.0	117	119	241	1	117	125	240	4.22e-22	90.1	sp|P46437|GST_MUSDO Glutathione S-transferase OS=Musca domestica OX=7370 PE=2 SV=1
TRINITY_DN196_c0_g1_i1.p1	sp|P46428|GST_ANOGA	42.2	116	119	203	2	117	88	202	7.70e-22	88.6	sp|P46428|GST_ANOGA Glutathione S-transferase OS=Anopheles gambiae OX=7165 GN=GstS1 PE=2 SV=4
TRINITY_DN196_c0_g1_i1.p1	sp|O18598|GST1_BLAGE	37.9	116	119	204	1	116	88	202	3.70e-19	81.6	sp|O18598|GST1_BLAGE Glutathione S-transferase OS=Blattella germanica OX=6973 PE=1 SV=3
TRINITY_DN196_c0_g1_i1.p1	sp|O73888|HPGDS_CHICK	34.8	92	119	199	28	116	112	197	1.95e-05	45.1	sp|O73888|HPGDS_CHICK Hematopoietic prostaglandin D synthase OS=Gallus gallus OX=9031 GN=HPGDS PE=1 SV=3
TRINITY_DN196_c0_g1_i1.p1	sp|O35543|HPGDS_RAT	28.3	120	119	199	1	117	87	198	9.67e-05	43.1	sp|O35543|HPGDS_RAT Hematopoietic prostaglandin D synthase OS=Rattus norvegicus OX=10116 GN=Hpgds PE=1 SV=3
TRINITY_DN196_c1_g2_i1.p1	sp|P46429|GST2_MANSE	55.0	171	217	203	47	217	1	170	7.16e-64	199	sp|P46429|GST2_MANSE Glutathione S-transferase 2 OS=Manduca sexta OX=7130 GN=GST2 PE=2 SV=1
TRINITY_DN196_c1_g2_i1.p1	sp|P41043|GSTS1_DROME	47.3	169	217	249	46	214	46	214	1.41e-50	167	sp|P41043|GSTS1_DROME Glutathione S-transferase S1 OS=Drosophila melanogaster OX=7227 GN=GstS1 PE=1 SV=2
TRINITY_DN196_c1_g2_i1.p1	sp|P46428|GST_ANOGA	48.2	168	217	203	47	214	1	168	5.88e-50	164	sp|P46428|GST_ANOGA Glutathione S-transferase OS=Anopheles gambiae OX=7165 GN=GstS1 PE=2 SV=4
TRINITY_DN196_c1_g2_i1.p1	sp|P46437|GST_MUSDO	45.0	169	217	241	46	214	38	206	5.09e-49	163	sp|P46437|GST_MUSDO Glutathione S-transferase OS=Musca domestica OX=7370 PE=2 SV=1
TRINITY_DN196_c1_g2_i1.p1	sp|O18598|GST1_BLAGE	40.6	165	217	204	50	214	5	169	1.85e-40	140	sp|O18598|GST1_BLAGE Glutathione S-transferase OS=Blattella germanica OX=6973 PE=1 SV=3
TRINITY_DN196_c1_g2_i1.p1	sp|P46436|GST1_ASCSU	35.8	165	217	206	47	202	1	160	1.47e-26	104	sp|P46436|GST1_ASCSU Glutathione S-transferase 1 OS=Ascaris suum OX=6253 GN=GST1 PE=1 SV=3
TRINITY_DN196_c1_g2_i1.p1	sp|Q21355|GST4_CAEEL	35.1	174	217	207	47	214	1	170	5.89e-26	102	sp|Q21355|GST4_CAEEL Glutathione S-transferase 4 OS=Caenorhabditis elegans OX=6239 GN=gst-4 PE=2 SV=1
TRINITY_DN196_c1_g2_i1.p1	sp|O16116|GST3_CAEEL	37.4	163	217	207	47	203	1	162	3.47e-24	98.2	sp|O16116|GST3_CAEEL Glutathione S-transferase 3 OS=Caenorhabditis elegans OX=6239 GN=gst-3 PE=2 SV=1
TRINITY_DN196_c1_g2_i1.p1	sp|Q09607|GST36_CAEEL	34.5	171	217	210	47	209	1	170	5.93e-22	92.4	sp|Q09607|GST36_CAEEL Probable glutathione S-transferase gst-36 OS=Caenorhabditis elegans OX=6239 GN=gst-36 PE=3 SV=2
TRINITY_DN196_c1_g2_i1.p1	sp|Q21743|GST9_CAEEL	31.5	162	217	206	47	203	1	161	2.10e-21	90.9	sp|Q21743|GST9_CAEEL Probable glutathione S-transferase 9 OS=Caenorhabditis elegans OX=6239 GN=gst-9 PE=3 SV=1
TRINITY_DN196_c1_g2_i1.p1	sp|O73888|HPGDS_CHICK	34.2	155	217	199	47	200	1	151	4.94e-21	89.7	sp|O73888|HPGDS_CHICK Hematopoietic prostaglandin D synthase OS=Gallus gallus OX=9031 GN=HPGDS PE=1 SV=3
TRINITY_DN196_c1_g2_i1.p1	sp|P91252|GST6_CAEEL	38.8	98	217	206	47	144	1	98	3.09e-20	87.8	sp|P91252|GST6_CAEEL Probable glutathione S-transferase 6 OS=Caenorhabditis elegans OX=6239 GN=gst-6 PE=3 SV=2
TRINITY_DN196_c1_g2_i1.p1	sp|O16115|GST2_CAEEL	34.1	167	217	188	47	203	1	162	1.13e-19	85.9	sp|O16115|GST2_CAEEL Glutathione S-transferase 2 OS=Caenorhabditis elegans OX=6239 GN=gst-2 PE=2 SV=1
TRINITY_DN196_c1_g2_i1.p1	sp|P91253|GST7_CAEEL	42.7	103	217	206	47	145	1	103	1.66e-19	85.9	sp|P91253|GST7_CAEEL Probable glutathione S-transferase 7 OS=Caenorhabditis elegans OX=6239 GN=gst-7 PE=3 SV=1
TRINITY_DN196_c1_g2_i1.p1	sp|Q09596|GST5_CAEEL	32.9	167	217	207	47	203	1	163	2.37e-19	85.5	sp|Q09596|GST5_CAEEL Probable glutathione S-transferase 5 OS=Caenorhabditis elegans OX=6239 GN=gst-5 PE=1 SV=1
TRINITY_DN196_c1_g2_i1.p1	sp|O60760|HPGDS_HUMAN	31.2	154	217	199	47	200	1	151	5.89e-17	79.0	sp|O60760|HPGDS_HUMAN Hematopoietic prostaglandin D synthase OS=Homo sapiens OX=9606 GN=HPGDS PE=1 SV=3
TRINITY_DN196_c1_g2_i1.p1	sp|P91254|GST8_CAEEL	37.4	99	217	206	47	145	1	99	1.31e-16	78.2	sp|P91254|GST8_CAEEL Probable glutathione S-transferase 8 OS=Caenorhabditis elegans OX=6239 GN=gst-8 PE=3 SV=1
TRINITY_DN196_c1_g2_i1.p1	sp|Q9JHF7|HPGDS_MOUSE	31.2	154	217	199	47	200	1	151	2.23e-16	77.4	sp|Q9JHF7|HPGDS_MOUSE Hematopoietic prostaglandin D synthase OS=Mus musculus OX=10090 GN=Hpgds PE=1 SV=3
TRINITY_DN196_c1_g2_i1.p1	sp|O35543|HPGDS_RAT	38.8	98	217	199	47	144	1	98	4.33e-16	76.6	sp|O35543|HPGDS_RAT Hematopoietic prostaglandin D synthase OS=Rattus norvegicus OX=10116 GN=Hpgds PE=1 SV=3
TRINITY_DN196_c1_g2_i1.p1	sp|P10299|GSTP1_CAEEL	33.6	152	217	208	54	202	7	154	2.68e-15	74.7	sp|P10299|GSTP1_CAEEL Glutathione S-transferase P OS=Caenorhabditis elegans OX=6239 GN=gst-1 PE=1 SV=1
TRINITY_DN196_c1_g2_i1.p1	sp|P26624|GST28_SCHJA	28.4	162	217	206	54	209	5	165	4.99e-15	73.9	sp|P26624|GST28_SCHJA Glutathione S-transferase class-mu 28 kDa isozyme (Fragment) OS=Schistosoma japonicum OX=6182 PE=2 SV=1
TRINITY_DN196_c1_g2_i1.p1	sp|P46088|GST_NOTSL	32.1	168	217	203	47	211	1	161	9.15e-15	73.2	sp|P46088|GST_NOTSL Glutathione S-transferase OS=Nototodarus sloanii OX=215440 PE=1 SV=1
TRINITY_DN196_c1_g2_i1.p1	sp|P18426|SCR11_NOTSL	35.7	140	217	205	47	178	1	135	2.54e-14	72.0	sp|P18426|SCR11_NOTSL S-crystallin SL11 OS=Nototodarus sloanii OX=215440 PE=2 SV=1
TRINITY_DN196_c1_g2_i1.p1	sp|P18425|SCR20_NOTSL	36.9	103	217	222	47	144	1	103	6.47e-14	71.2	sp|P18425|SCR20_NOTSL S-crystallin SL20-1 OS=Nototodarus sloanii OX=215440 PE=2 SV=1
TRINITY_DN196_c1_g2_i1.p1	sp|P46434|GST1_ONCVO	24.5	184	217	235	40	217	23	206	1.99e-12	67.4	sp|P46434|GST1_ONCVO Glutathione S-transferase 1 (Fragment) OS=Onchocerca volvulus OX=6282 GN=GST1 PE=1 SV=1
TRINITY_DN196_c6_g1_i1.p1	sp|P46429|GST2_MANSE	49.0	151	171	203	1	151	1	148	1.18e-42	144	sp|P46429|GST2_MANSE Glutathione S-transferase 2 OS=Manduca sexta OX=7130 GN=GST2 PE=2 SV=1
TRINITY_DN196_c6_g1_i1.p1	sp|P46428|GST_ANOGA	47.3	150	171	203	1	150	1	148	6.67e-42	142	sp|P46428|GST_ANOGA Glutathione S-transferase OS=Anopheles gambiae OX=7165 GN=GstS1 PE=2 SV=4
TRINITY_DN196_c6_g1_i1.p1	sp|P41043|GSTS1_DROME	46.6	148	171	249	4	151	50	195	3.34e-41	141	sp|P41043|GSTS1_DROME Glutathione S-transferase S1 OS=Drosophila melanogaster OX=7227 GN=GstS1 PE=1 SV=2
TRINITY_DN196_c6_g1_i1.p1	sp|P46437|GST_MUSDO	45.3	148	171	241	4	151	42	187	1.92e-38	134	sp|P46437|GST_MUSDO Glutathione S-transferase OS=Musca domestica OX=7370 PE=2 SV=1
TRINITY_DN196_c6_g1_i1.p1	sp|O18598|GST1_BLAGE	45.8	144	171	204	8	151	9	150	4.54e-37	129	sp|O18598|GST1_BLAGE Glutathione S-transferase OS=Blattella germanica OX=6973 PE=1 SV=3
TRINITY_DN196_c6_g1_i1.p1	sp|P46436|GST1_ASCSU	37.6	157	171	206	1	153	1	154	1.32e-27	105	sp|P46436|GST1_ASCSU Glutathione S-transferase 1 OS=Ascaris suum OX=6253 GN=GST1 PE=1 SV=3
TRINITY_DN196_c6_g1_i1.p1	sp|O73888|HPGDS_CHICK	39.6	139	171	199	1	139	1	135	8.74e-27	103	sp|O73888|HPGDS_CHICK Hematopoietic prostaglandin D synthase OS=Gallus gallus OX=9031 GN=HPGDS PE=1 SV=3
TRINITY_DN196_c6_g1_i1.p1	sp|P91253|GST7_CAEEL	38.3	128	171	206	1	128	1	125	1.92e-23	94.7	sp|P91253|GST7_CAEEL Probable glutathione S-transferase 7 OS=Caenorhabditis elegans OX=6239 GN=gst-7 PE=3 SV=1
TRINITY_DN196_c6_g1_i1.p1	sp|O16116|GST3_CAEEL	48.0	98	171	207	1	98	1	98	5.48e-23	93.6	sp|O16116|GST3_CAEEL Glutathione S-transferase 3 OS=Caenorhabditis elegans OX=6239 GN=gst-3 PE=2 SV=1
TRINITY_DN196_c6_g1_i1.p1	sp|O35543|HPGDS_RAT	35.3	139	171	199	1	139	1	135	9.06e-23	92.8	sp|O35543|HPGDS_RAT Hematopoietic prostaglandin D synthase OS=Rattus norvegicus OX=10116 GN=Hpgds PE=1 SV=3
TRINITY_DN196_c6_g1_i1.p1	sp|Q21355|GST4_CAEEL	43.9	98	171	207	1	98	1	98	1.08e-22	92.8	sp|Q21355|GST4_CAEEL Glutathione S-transferase 4 OS=Caenorhabditis elegans OX=6239 GN=gst-4 PE=2 SV=1
TRINITY_DN196_c6_g1_i1.p1	sp|Q9JHF7|HPGDS_MOUSE	35.3	139	171	199	1	139	1	135	1.79e-22	92.0	sp|Q9JHF7|HPGDS_MOUSE Hematopoietic prostaglandin D synthase OS=Mus musculus OX=10090 GN=Hpgds PE=1 SV=3
TRINITY_DN196_c6_g1_i1.p1	sp|Q09607|GST36_CAEEL	43.9	98	171	210	1	98	1	98	6.34e-22	90.9	sp|Q09607|GST36_CAEEL Probable glutathione S-transferase gst-36 OS=Caenorhabditis elegans OX=6239 GN=gst-36 PE=3 SV=2
TRINITY_DN196_c6_g1_i1.p1	sp|O60760|HPGDS_HUMAN	35.3	139	171	199	1	139	1	135	2.74e-21	89.0	sp|O60760|HPGDS_HUMAN Hematopoietic prostaglandin D synthase OS=Homo sapiens OX=9606 GN=HPGDS PE=1 SV=3
TRINITY_DN196_c6_g1_i1.p1	sp|O16115|GST2_CAEEL	33.6	149	171	188	9	153	9	155	8.38e-21	87.4	sp|O16115|GST2_CAEEL Glutathione S-transferase 2 OS=Caenorhabditis elegans OX=6239 GN=gst-2 PE=2 SV=1
TRINITY_DN196_c6_g1_i1.p1	sp|Q09596|GST5_CAEEL	40.5	111	171	207	1	109	1	108	2.49e-20	86.7	sp|Q09596|GST5_CAEEL Probable glutathione S-transferase 5 OS=Caenorhabditis elegans OX=6239 GN=gst-5 PE=1 SV=1
TRINITY_DN196_c6_g1_i1.p1	sp|P91254|GST8_CAEEL	36.7	128	171	206	1	128	1	125	4.81e-20	85.9	sp|P91254|GST8_CAEEL Probable glutathione S-transferase 8 OS=Caenorhabditis elegans OX=6239 GN=gst-8 PE=3 SV=1
TRINITY_DN196_c6_g1_i1.p1	sp|P91252|GST6_CAEEL	39.8	98	171	206	1	98	1	98	2.62e-19	84.0	sp|P91252|GST6_CAEEL Probable glutathione S-transferase 6 OS=Caenorhabditis elegans OX=6239 GN=gst-6 PE=3 SV=2
TRINITY_DN196_c6_g1_i1.p1	sp|Q21743|GST9_CAEEL	40.0	110	171	206	1	110	1	107	5.15e-19	83.2	sp|Q21743|GST9_CAEEL Probable glutathione S-transferase 9 OS=Caenorhabditis elegans OX=6239 GN=gst-9 PE=3 SV=1
TRINITY_DN196_c6_g1_i1.p1	sp|P10299|GSTP1_CAEEL	36.3	146	171	208	8	149	7	144	7.97e-18	80.1	sp|P10299|GSTP1_CAEEL Glutathione S-transferase P OS=Caenorhabditis elegans OX=6239 GN=gst-1 PE=1 SV=1
TRINITY_DN196_c6_g1_i1.p1	sp|P46434|GST1_ONCVO	30.7	153	171	235	1	151	35	184	1.86e-16	77.0	sp|P46434|GST1_ONCVO Glutathione S-transferase 1 (Fragment) OS=Onchocerca volvulus OX=6282 GN=GST1 PE=1 SV=1
TRINITY_DN196_c6_g1_i1.p1	sp|P18426|SCR11_NOTSL	34.8	138	171	205	1	134	1	135	1.62e-15	73.9	sp|P18426|SCR11_NOTSL S-crystallin SL11 OS=Nototodarus sloanii OX=215440 PE=2 SV=1
TRINITY_DN196_c6_g1_i1.p1	sp|Q9N4X8|GSTPA_CAEEL	32.2	149	171	210	7	153	7	148	4.82e-15	72.8	sp|Q9N4X8|GSTPA_CAEEL Glutathione S-transferase P 10 OS=Caenorhabditis elegans OX=6239 GN=gst-10 PE=1 SV=3
TRINITY_DN196_c6_g1_i1.p1	sp|P26624|GST28_SCHJA	26.0	154	171	206	8	154	5	153	6.48e-14	69.7	sp|P26624|GST28_SCHJA Glutathione S-transferase class-mu 28 kDa isozyme (Fragment) OS=Schistosoma japonicum OX=6182 PE=2 SV=1
TRINITY_DN196_c6_g1_i1.p1	sp|P80031|GSTP1_PIG	32.6	141	171	207	4	144	3	136	6.58e-14	69.7	sp|P80031|GSTP1_PIG Glutathione S-transferase P OS=Sus scrofa OX=9823 GN=GSTP1 PE=1 SV=2
TRINITY_DN196_c6_g1_i10.p1	sp|P46429|GST2_MANSE	49.7	199	201	203	1	199	1	196	1.72e-65	203	sp|P46429|GST2_MANSE Glutathione S-transferase 2 OS=Manduca sexta OX=7130 GN=GST2 PE=2 SV=1
TRINITY_DN196_c6_g1_i10.p1	sp|P41043|GSTS1_DROME	45.7	197	201	249	4	200	50	243	2.43e-55	179	sp|P41043|GSTS1_DROME Glutathione S-transferase S1 OS=Drosophila melanogaster OX=7227 GN=GstS1 PE=1 SV=2
TRINITY_DN196_c6_g1_i10.p1	sp|P46428|GST_ANOGA	46.5	200	201	203	1	200	1	197	6.94e-55	176	sp|P46428|GST_ANOGA Glutathione S-transferase OS=Anopheles gambiae OX=7165 GN=GstS1 PE=2 SV=4
TRINITY_DN196_c6_g1_i10.p1	sp|P46437|GST_MUSDO	44.2	197	201	241	4	200	42	235	1.76e-53	174	sp|P46437|GST_MUSDO Glutathione S-transferase OS=Musca domestica OX=7370 PE=2 SV=1
TRINITY_DN196_c6_g1_i10.p1	sp|O18598|GST1_BLAGE	43.0	193	201	204	8	200	9	198	5.62e-49	161	sp|O18598|GST1_BLAGE Glutathione S-transferase OS=Blattella germanica OX=6973 PE=1 SV=3
TRINITY_DN196_c6_g1_i10.p1	sp|P46436|GST1_ASCSU	32.7	199	201	206	1	197	1	197	1.26e-30	114	sp|P46436|GST1_ASCSU Glutathione S-transferase 1 OS=Ascaris suum OX=6253 GN=GST1 PE=1 SV=3
TRINITY_DN196_c6_g1_i10.p1	sp|O73888|HPGDS_CHICK	35.8	201	201	199	1	200	1	193	1.49e-30	114	sp|O73888|HPGDS_CHICK Hematopoietic prostaglandin D synthase OS=Gallus gallus OX=9031 GN=HPGDS PE=1 SV=3
TRINITY_DN196_c6_g1_i10.p1	sp|Q21355|GST4_CAEEL	33.8	201	201	207	1	197	1	198	7.94e-29	109	sp|Q21355|GST4_CAEEL Glutathione S-transferase 4 OS=Caenorhabditis elegans OX=6239 GN=gst-4 PE=2 SV=1
TRINITY_DN196_c6_g1_i10.p1	sp|Q09607|GST36_CAEEL	32.4	210	201	210	1	200	1	204	1.20e-28	109	sp|Q09607|GST36_CAEEL Probable glutathione S-transferase gst-36 OS=Caenorhabditis elegans OX=6239 GN=gst-36 PE=3 SV=2
TRINITY_DN196_c6_g1_i10.p1	sp|O35543|HPGDS_RAT	33.0	197	201	199	1	197	1	190	1.11e-26	103	sp|O35543|HPGDS_RAT Hematopoietic prostaglandin D synthase OS=Rattus norvegicus OX=10116 GN=Hpgds PE=1 SV=3
TRINITY_DN196_c6_g1_i10.p1	sp|O16116|GST3_CAEEL	38.3	167	201	207	1	159	1	162	1.34e-26	103	sp|O16116|GST3_CAEEL Glutathione S-transferase 3 OS=Caenorhabditis elegans OX=6239 GN=gst-3 PE=2 SV=1
TRINITY_DN196_c6_g1_i10.p1	sp|Q9JHF7|HPGDS_MOUSE	32.0	197	201	199	1	197	1	190	4.73e-25	99.8	sp|Q9JHF7|HPGDS_MOUSE Hematopoietic prostaglandin D synthase OS=Mus musculus OX=10090 GN=Hpgds PE=1 SV=3
TRINITY_DN196_c6_g1_i10.p1	sp|Q09596|GST5_CAEEL	30.1	206	201	207	1	199	1	200	2.23e-24	98.2	sp|Q09596|GST5_CAEEL Probable glutathione S-transferase 5 OS=Caenorhabditis elegans OX=6239 GN=gst-5 PE=1 SV=1
TRINITY_DN196_c6_g1_i10.p1	sp|O16115|GST2_CAEEL	36.9	157	201	188	9	159	9	162	2.81e-24	97.4	sp|O16115|GST2_CAEEL Glutathione S-transferase 2 OS=Caenorhabditis elegans OX=6239 GN=gst-2 PE=2 SV=1
TRINITY_DN196_c6_g1_i10.p1	sp|P91253|GST7_CAEEL	30.4	204	201	206	1	199	1	199	4.64e-23	94.7	sp|P91253|GST7_CAEEL Probable glutathione S-transferase 7 OS=Caenorhabditis elegans OX=6239 GN=gst-7 PE=3 SV=1
TRINITY_DN196_c6_g1_i10.p1	sp|O60760|HPGDS_HUMAN	32.5	194	201	199	1	194	1	187	5.56e-23	94.4	sp|O60760|HPGDS_HUMAN Hematopoietic prostaglandin D synthase OS=Homo sapiens OX=9606 GN=HPGDS PE=1 SV=3
TRINITY_DN196_c6_g1_i10.p1	sp|P10299|GSTP1_CAEEL	33.5	200	201	208	8	200	7	194	1.02e-21	91.3	sp|P10299|GSTP1_CAEEL Glutathione S-transferase P OS=Caenorhabditis elegans OX=6239 GN=gst-1 PE=1 SV=1
TRINITY_DN196_c6_g1_i10.p1	sp|Q21743|GST9_CAEEL	29.6	206	201	206	1	200	1	200	3.79e-21	89.7	sp|Q21743|GST9_CAEEL Probable glutathione S-transferase 9 OS=Caenorhabditis elegans OX=6239 GN=gst-9 PE=3 SV=1
TRINITY_DN196_c6_g1_i10.p1	sp|Q9N4X8|GSTPA_CAEEL	31.0	197	201	210	7	200	7	194	4.13e-21	89.7	sp|Q9N4X8|GSTPA_CAEEL Glutathione S-transferase P 10 OS=Caenorhabditis elegans OX=6239 GN=gst-10 PE=1 SV=3
TRINITY_DN196_c6_g1_i10.p1	sp|P91254|GST8_CAEEL	28.8	205	201	206	1	199	1	199	1.04e-20	88.6	sp|P91254|GST8_CAEEL Probable glutathione S-transferase 8 OS=Caenorhabditis elegans OX=6239 GN=gst-8 PE=3 SV=1
TRINITY_DN196_c6_g1_i10.p1	sp|P91252|GST6_CAEEL	39.8	98	201	206	1	98	1	98	5.94e-19	84.0	sp|P91252|GST6_CAEEL Probable glutathione S-transferase 6 OS=Caenorhabditis elegans OX=6239 GN=gst-6 PE=3 SV=2
TRINITY_DN196_c6_g1_i10.p1	sp|P46434|GST1_ONCVO	28.8	208	201	235	1	200	35	229	1.06e-17	81.3	sp|P46434|GST1_ONCVO Glutathione S-transferase 1 (Fragment) OS=Onchocerca volvulus OX=6282 GN=GST1 PE=1 SV=1
TRINITY_DN196_c6_g1_i10.p1	sp|P26624|GST28_SCHJA	28.1	178	201	206	8	179	5	178	3.31e-17	79.3	sp|P26624|GST28_SCHJA Glutathione S-transferase class-mu 28 kDa isozyme (Fragment) OS=Schistosoma japonicum OX=6182 PE=2 SV=1
TRINITY_DN196_c6_g1_i10.p1	sp|P80031|GSTP1_PIG	28.8	198	201	207	4	197	3	190	6.78e-16	75.9	sp|P80031|GSTP1_PIG Glutathione S-transferase P OS=Sus scrofa OX=9823 GN=GSTP1 PE=1 SV=2
TRINITY_DN196_c6_g1_i10.p1	sp|P18426|SCR11_NOTSL	27.9	204	201	205	1	200	1	199	1.77e-15	74.7	sp|P18426|SCR11_NOTSL S-crystallin SL11 OS=Nototodarus sloanii OX=215440 PE=2 SV=1
TRINITY_DN196_c6_g1_i3.p1	sp|P46429|GST2_MANSE	49.0	151	171	203	1	151	1	148	2.07e-43	145	sp|P46429|GST2_MANSE Glutathione S-transferase 2 OS=Manduca sexta OX=7130 GN=GST2 PE=2 SV=1
TRINITY_DN196_c6_g1_i3.p1	sp|P46428|GST_ANOGA	47.3	150	171	203	1	150	1	148	3.33e-42	142	sp|P46428|GST_ANOGA Glutathione S-transferase OS=Anopheles gambiae OX=7165 GN=GstS1 PE=2 SV=4
TRINITY_DN196_c6_g1_i3.p1	sp|P41043|GSTS1_DROME	45.9	148	171	249	4	151	50	195	9.42e-41	140	sp|P41043|GSTS1_DROME Glutathione S-transferase S1 OS=Drosophila melanogaster OX=7227 GN=GstS1 PE=1 SV=2
TRINITY_DN196_c6_g1_i3.p1	sp|P46437|GST_MUSDO	44.6	148	171	241	4	151	42	187	5.41e-38	133	sp|P46437|GST_MUSDO Glutathione S-transferase OS=Musca domestica OX=7370 PE=2 SV=1
TRINITY_DN196_c6_g1_i3.p1	sp|O18598|GST1_BLAGE	45.1	144	171	204	8	151	9	150	1.28e-36	128	sp|O18598|GST1_BLAGE Glutathione S-transferase OS=Blattella germanica OX=6973 PE=1 SV=3
TRINITY_DN196_c6_g1_i3.p1	sp|P46436|GST1_ASCSU	36.4	154	171	206	1	153	1	154	1.03e-26	103	sp|P46436|GST1_ASCSU Glutathione S-transferase 1 OS=Ascaris suum OX=6253 GN=GST1 PE=1 SV=3
TRINITY_DN196_c6_g1_i3.p1	sp|O73888|HPGDS_CHICK	38.1	139	171	199	1	139	1	135	5.36e-25	98.6	sp|O73888|HPGDS_CHICK Hematopoietic prostaglandin D synthase OS=Gallus gallus OX=9031 GN=HPGDS PE=1 SV=3
TRINITY_DN196_c6_g1_i3.p1	sp|Q21355|GST4_CAEEL	34.8	155	171	207	1	153	1	155	7.07e-24	95.9	sp|Q21355|GST4_CAEEL Glutathione S-transferase 4 OS=Caenorhabditis elegans OX=6239 GN=gst-4 PE=2 SV=1
TRINITY_DN196_c6_g1_i3.p1	sp|O16116|GST3_CAEEL	36.9	160	171	207	1	153	1	155	9.95e-24	95.5	sp|O16116|GST3_CAEEL Glutathione S-transferase 3 OS=Caenorhabditis elegans OX=6239 GN=gst-3 PE=2 SV=1
TRINITY_DN196_c6_g1_i3.p1	sp|P91253|GST7_CAEEL	42.9	98	171	206	1	98	1	98	1.49e-22	92.4	sp|P91253|GST7_CAEEL Probable glutathione S-transferase 7 OS=Caenorhabditis elegans OX=6239 GN=gst-7 PE=3 SV=1
TRINITY_DN196_c6_g1_i3.p1	sp|Q09607|GST36_CAEEL	34.9	152	171	210	1	146	1	151	3.21e-22	91.7	sp|Q09607|GST36_CAEEL Probable glutathione S-transferase gst-36 OS=Caenorhabditis elegans OX=6239 GN=gst-36 PE=3 SV=2
TRINITY_DN196_c6_g1_i3.p1	sp|O16115|GST2_CAEEL	35.3	150	171	188	9	153	9	155	3.88e-22	90.9	sp|O16115|GST2_CAEEL Glutathione S-transferase 2 OS=Caenorhabditis elegans OX=6239 GN=gst-2 PE=2 SV=1
TRINITY_DN196_c6_g1_i3.p1	sp|O35543|HPGDS_RAT	35.3	139	171	199	1	139	1	135	9.86e-22	90.1	sp|O35543|HPGDS_RAT Hematopoietic prostaglandin D synthase OS=Rattus norvegicus OX=10116 GN=Hpgds PE=1 SV=3
TRINITY_DN196_c6_g1_i3.p1	sp|Q9JHF7|HPGDS_MOUSE	34.5	139	171	199	1	139	1	135	5.41e-21	88.2	sp|Q9JHF7|HPGDS_MOUSE Hematopoietic prostaglandin D synthase OS=Mus musculus OX=10090 GN=Hpgds PE=1 SV=3
TRINITY_DN196_c6_g1_i3.p1	sp|Q09596|GST5_CAEEL	41.3	104	171	207	1	102	1	104	3.50e-20	86.3	sp|Q09596|GST5_CAEEL Probable glutathione S-transferase 5 OS=Caenorhabditis elegans OX=6239 GN=gst-5 PE=1 SV=1
TRINITY_DN196_c6_g1_i3.p1	sp|P91254|GST8_CAEEL	40.4	99	171	206	1	99	1	99	1.87e-19	84.3	sp|P91254|GST8_CAEEL Probable glutathione S-transferase 8 OS=Caenorhabditis elegans OX=6239 GN=gst-8 PE=3 SV=1
TRINITY_DN196_c6_g1_i3.p1	sp|O60760|HPGDS_HUMAN	33.8	139	171	199	1	139	1	135	2.27e-19	84.0	sp|O60760|HPGDS_HUMAN Hematopoietic prostaglandin D synthase OS=Homo sapiens OX=9606 GN=HPGDS PE=1 SV=3
TRINITY_DN196_c6_g1_i3.p1	sp|P91252|GST6_CAEEL	39.8	98	171	206	1	98	1	98	2.62e-19	84.0	sp|P91252|GST6_CAEEL Probable glutathione S-transferase 6 OS=Caenorhabditis elegans OX=6239 GN=gst-6 PE=3 SV=2
TRINITY_DN196_c6_g1_i3.p1	sp|Q21743|GST9_CAEEL	41.2	102	171	206	1	102	1	102	3.67e-19	83.6	sp|Q21743|GST9_CAEEL Probable glutathione S-transferase 9 OS=Caenorhabditis elegans OX=6239 GN=gst-9 PE=3 SV=1
TRINITY_DN196_c6_g1_i3.p1	sp|P10299|GSTP1_CAEEL	36.5	148	171	208	8	149	7	144	1.56e-17	79.3	sp|P10299|GSTP1_CAEEL Glutathione S-transferase P OS=Caenorhabditis elegans OX=6239 GN=gst-1 PE=1 SV=1
TRINITY_DN196_c6_g1_i3.p1	sp|Q9N4X8|GSTPA_CAEEL	33.6	149	171	210	7	153	7	148	8.71e-17	77.4	sp|Q9N4X8|GSTPA_CAEEL Glutathione S-transferase P 10 OS=Caenorhabditis elegans OX=6239 GN=gst-10 PE=1 SV=3
TRINITY_DN196_c6_g1_i3.p1	sp|P46434|GST1_ONCVO	39.1	92	171	235	1	92	35	126	9.80e-16	75.1	sp|P46434|GST1_ONCVO Glutathione S-transferase 1 (Fragment) OS=Onchocerca volvulus OX=6282 GN=GST1 PE=1 SV=1
TRINITY_DN196_c6_g1_i3.p1	sp|P18426|SCR11_NOTSL	41.7	96	171	205	1	95	1	96	4.43e-15	72.8	sp|P18426|SCR11_NOTSL S-crystallin SL11 OS=Nototodarus sloanii OX=215440 PE=2 SV=1
TRINITY_DN196_c6_g1_i3.p1	sp|P26624|GST28_SCHJA	25.7	152	171	206	8	154	5	153	6.48e-14	69.7	sp|P26624|GST28_SCHJA Glutathione S-transferase class-mu 28 kDa isozyme (Fragment) OS=Schistosoma japonicum OX=6182 PE=2 SV=1
TRINITY_DN196_c6_g1_i3.p1	sp|P80031|GSTP1_PIG	31.9	141	171	207	4	144	3	136	6.58e-14	69.7	sp|P80031|GSTP1_PIG Glutathione S-transferase P OS=Sus scrofa OX=9823 GN=GSTP1 PE=1 SV=2
TRINITY_DN196_c6_g1_i4.p1	sp|P46429|GST2_MANSE	49.7	199	201	203	1	199	1	196	9.88e-65	201	sp|P46429|GST2_MANSE Glutathione S-transferase 2 OS=Manduca sexta OX=7130 GN=GST2 PE=2 SV=1
TRINITY_DN196_c6_g1_i4.p1	sp|P41043|GSTS1_DROME	46.2	197	201	249	4	200	50	243	8.56e-56	180	sp|P41043|GSTS1_DROME Glutathione S-transferase S1 OS=Drosophila melanogaster OX=7227 GN=GstS1 PE=1 SV=2
TRINITY_DN196_c6_g1_i4.p1	sp|P46428|GST_ANOGA	46.5	200	201	203	1	200	1	197	1.39e-54	175	sp|P46428|GST_ANOGA Glutathione S-transferase OS=Anopheles gambiae OX=7165 GN=GstS1 PE=2 SV=4
TRINITY_DN196_c6_g1_i4.p1	sp|P46437|GST_MUSDO	44.7	197	201	241	4	200	42	235	6.20e-54	175	sp|P46437|GST_MUSDO Glutathione S-transferase OS=Musca domestica OX=7370 PE=2 SV=1
TRINITY_DN196_c6_g1_i4.p1	sp|O18598|GST1_BLAGE	43.5	193	201	204	8	200	9	198	1.98e-49	162	sp|O18598|GST1_BLAGE Glutathione S-transferase OS=Blattella germanica OX=6973 PE=1 SV=3
TRINITY_DN196_c6_g1_i4.p1	sp|O73888|HPGDS_CHICK	36.8	201	201	199	1	200	1	193	2.40e-32	118	sp|O73888|HPGDS_CHICK Hematopoietic prostaglandin D synthase OS=Gallus gallus OX=9031 GN=HPGDS PE=1 SV=3
TRINITY_DN196_c6_g1_i4.p1	sp|P46436|GST1_ASCSU	33.7	202	201	206	1	197	1	197	1.61e-31	116	sp|P46436|GST1_ASCSU Glutathione S-transferase 1 OS=Ascaris suum OX=6253 GN=GST1 PE=1 SV=3
TRINITY_DN196_c6_g1_i4.p1	sp|Q09607|GST36_CAEEL	31.9	210	201	210	1	200	1	204	9.38e-28	107	sp|Q09607|GST36_CAEEL Probable glutathione S-transferase gst-36 OS=Caenorhabditis elegans OX=6239 GN=gst-36 PE=3 SV=2
TRINITY_DN196_c6_g1_i4.p1	sp|O35543|HPGDS_RAT	33.0	197	201	199	1	197	1	190	1.01e-27	106	sp|O35543|HPGDS_RAT Hematopoietic prostaglandin D synthase OS=Rattus norvegicus OX=10116 GN=Hpgds PE=1 SV=3
TRINITY_DN196_c6_g1_i4.p1	sp|Q21355|GST4_CAEEL	32.3	201	201	207	1	197	1	198	9.54e-27	104	sp|Q21355|GST4_CAEEL Glutathione S-transferase 4 OS=Caenorhabditis elegans OX=6239 GN=gst-4 PE=2 SV=1
TRINITY_DN196_c6_g1_i4.p1	sp|Q9JHF7|HPGDS_MOUSE	32.5	197	201	199	1	197	1	190	1.56e-26	103	sp|Q9JHF7|HPGDS_MOUSE Hematopoietic prostaglandin D synthase OS=Mus musculus OX=10090 GN=Hpgds PE=1 SV=3
TRINITY_DN196_c6_g1_i4.p1	sp|O16116|GST3_CAEEL	37.6	170	201	207	1	159	1	162	1.46e-25	101	sp|O16116|GST3_CAEEL Glutathione S-transferase 3 OS=Caenorhabditis elegans OX=6239 GN=gst-3 PE=2 SV=1
TRINITY_DN196_c6_g1_i4.p1	sp|Q09596|GST5_CAEEL	30.6	206	201	207	1	199	1	200	2.89e-25	100	sp|Q09596|GST5_CAEEL Probable glutathione S-transferase 5 OS=Caenorhabditis elegans OX=6239 GN=gst-5 PE=1 SV=1
TRINITY_DN196_c6_g1_i4.p1	sp|O60760|HPGDS_HUMAN	33.5	194	201	199	1	194	1	187	6.65e-25	99.4	sp|O60760|HPGDS_HUMAN Hematopoietic prostaglandin D synthase OS=Homo sapiens OX=9606 GN=HPGDS PE=1 SV=3
TRINITY_DN196_c6_g1_i4.p1	sp|P91253|GST7_CAEEL	31.9	204	201	206	1	199	1	199	2.18e-24	98.2	sp|P91253|GST7_CAEEL Probable glutathione S-transferase 7 OS=Caenorhabditis elegans OX=6239 GN=gst-7 PE=3 SV=1
TRINITY_DN196_c6_g1_i4.p1	sp|O16115|GST2_CAEEL	35.3	156	201	188	9	159	9	162	6.04e-23	94.0	sp|O16115|GST2_CAEEL Glutathione S-transferase 2 OS=Caenorhabditis elegans OX=6239 GN=gst-2 PE=2 SV=1
TRINITY_DN196_c6_g1_i4.p1	sp|P91254|GST8_CAEEL	29.3	205	201	206	1	199	1	199	3.55e-22	92.4	sp|P91254|GST8_CAEEL Probable glutathione S-transferase 8 OS=Caenorhabditis elegans OX=6239 GN=gst-8 PE=3 SV=1
TRINITY_DN196_c6_g1_i4.p1	sp|P10299|GSTP1_CAEEL	33.3	198	201	208	8	200	7	194	5.20e-22	92.0	sp|P10299|GSTP1_CAEEL Glutathione S-transferase P OS=Caenorhabditis elegans OX=6239 GN=gst-1 PE=1 SV=1
TRINITY_DN196_c6_g1_i4.p1	sp|Q21743|GST9_CAEEL	30.1	206	201	206	1	200	1	200	1.37e-21	90.9	sp|Q21743|GST9_CAEEL Probable glutathione S-transferase 9 OS=Caenorhabditis elegans OX=6239 GN=gst-9 PE=3 SV=1
TRINITY_DN196_c6_g1_i4.p1	sp|P91252|GST6_CAEEL	30.8	169	201	206	1	159	1	161	2.05e-20	87.8	sp|P91252|GST6_CAEEL Probable glutathione S-transferase 6 OS=Caenorhabditis elegans OX=6239 GN=gst-6 PE=3 SV=2
TRINITY_DN196_c6_g1_i4.p1	sp|Q9N4X8|GSTPA_CAEEL	29.9	197	201	210	7	200	7	194	2.35e-19	85.1	sp|Q9N4X8|GSTPA_CAEEL Glutathione S-transferase P 10 OS=Caenorhabditis elegans OX=6239 GN=gst-10 PE=1 SV=3
TRINITY_DN196_c6_g1_i4.p1	sp|P46434|GST1_ONCVO	27.2	202	201	235	1	200	35	229	5.30e-19	84.7	sp|P46434|GST1_ONCVO Glutathione S-transferase 1 (Fragment) OS=Onchocerca volvulus OX=6282 GN=GST1 PE=1 SV=1
TRINITY_DN196_c6_g1_i4.p1	sp|P26624|GST28_SCHJA	28.3	180	201	206	8	179	5	178	3.31e-17	79.3	sp|P26624|GST28_SCHJA Glutathione S-transferase class-mu 28 kDa isozyme (Fragment) OS=Schistosoma japonicum OX=6182 PE=2 SV=1
TRINITY_DN196_c6_g1_i4.p1	sp|P18426|SCR11_NOTSL	28.9	204	201	205	1	200	1	199	1.72e-16	77.4	sp|P18426|SCR11_NOTSL S-crystallin SL11 OS=Nototodarus sloanii OX=215440 PE=2 SV=1
TRINITY_DN196_c6_g1_i4.p1	sp|P80031|GSTP1_PIG	29.3	198	201	207	4	197	3	190	6.78e-16	75.9	sp|P80031|GSTP1_PIG Glutathione S-transferase P OS=Sus scrofa OX=9823 GN=GSTP1 PE=1 SV=2
TRINITY_DN1970_c0_g1_i1.p1	sp|Q9VSL3|SEPIA_DROME	41.0	205	241	243	10	214	11	212	1.20e-48	163	sp|Q9VSL3|SEPIA_DROME Pyrimidodiazepine synthase OS=Drosophila melanogaster OX=7227 GN=se PE=1 SV=1
TRINITY_DN1970_c0_g1_i1.p1	sp|Q9Z339|GSTO1_RAT	31.4	223	241	241	10	227	12	225	8.87e-31	117	sp|Q9Z339|GSTO1_RAT Glutathione S-transferase omega-1 OS=Rattus norvegicus OX=10116 GN=Gsto1 PE=1 SV=2
TRINITY_DN1970_c0_g1_i1.p1	sp|Q6AXV9|GSTO2_RAT	33.1	178	241	248	10	180	12	185	1.12e-29	114	sp|Q6AXV9|GSTO2_RAT Glutathione S-transferase omega-2 OS=Rattus norvegicus OX=10116 GN=Gsto2 PE=2 SV=1
TRINITY_DN1970_c0_g1_i1.p1	sp|O09131|GSTO1_MOUSE	31.8	223	241	240	10	227	12	224	1.31e-29	114	sp|O09131|GSTO1_MOUSE Glutathione S-transferase omega-1 OS=Mus musculus OX=10090 GN=Gsto1 PE=1 SV=2
TRINITY_DN1970_c0_g1_i1.p1	sp|Q9H4Y5|GSTO2_HUMAN	35.6	180	241	243	10	180	12	185	1.41e-29	114	sp|Q9H4Y5|GSTO2_HUMAN Glutathione S-transferase omega-2 OS=Homo sapiens OX=9606 GN=GSTO2 PE=1 SV=1
TRINITY_DN1970_c0_g1_i1.p1	sp|P78417|GSTO1_HUMAN	30.9	220	241	241	10	224	12	222	1.88e-29	113	sp|P78417|GSTO1_HUMAN Glutathione S-transferase omega-1 OS=Homo sapiens OX=9606 GN=GSTO1 PE=1 SV=2
TRINITY_DN1970_c0_g1_i1.p1	sp|Q8K2Q2|GSTO2_MOUSE	34.6	182	241	248	10	180	12	185	3.11e-29	113	sp|Q8K2Q2|GSTO2_MOUSE Glutathione S-transferase omega-2 OS=Mus musculus OX=10090 GN=Gsto2 PE=1 SV=1
TRINITY_DN1970_c0_g1_i1.p1	sp|Q9N1F5|GSTO1_PIG	34.1	179	241	241	10	183	12	187	2.02e-28	110	sp|Q9N1F5|GSTO1_PIG Glutathione S-transferase omega-1 OS=Sus scrofa OX=9823 GN=GSTO1 PE=1 SV=2
TRINITY_DN1970_c0_g1_i1.p1	sp|P34277|GSTO2_CAEEL	30.4	184	241	254	10	181	18	189	3.67e-20	89.4	sp|P34277|GSTO2_CAEEL Probable glutathione transferase omega-2 OS=Caenorhabditis elegans OX=6239 GN=gsto-2 PE=3 SV=5
TRINITY_DN1970_c0_g1_i1.p1	sp|A8XT16|GSTO2_CAEBR	27.5	244	241	253	11	237	19	252	2.60e-18	84.3	sp|A8XT16|GSTO2_CAEBR Probable glutathione transferase omega-2 OS=Caenorhabditis briggsae OX=6238 GN=gsto-2 PE=3 SV=1
TRINITY_DN1970_c0_g1_i1.p1	sp|P34345|GSTO1_CAEEL	24.9	221	241	250	10	220	14	227	1.68e-15	76.6	sp|P34345|GSTO1_CAEEL Glutathione transferase omega-1 OS=Caenorhabditis elegans OX=6239 GN=gsto-1 PE=1 SV=1
TRINITY_DN1970_c0_g1_i1.p1	sp|Q9ZW26|GSTU6_ARATH	28.2	206	241	223	18	214	4	199	4.92e-12	66.6	sp|Q9ZW26|GSTU6_ARATH Glutathione S-transferase U6 OS=Arabidopsis thaliana OX=3702 GN=GSTU6 PE=2 SV=1
TRINITY_DN1970_c0_g1_i1.p1	sp|P46421|GSTU5_ARATH	25.9	232	241	224	16	227	2	213	2.46e-11	64.7	sp|P46421|GSTU5_ARATH Glutathione S-transferase U5 OS=Arabidopsis thaliana OX=3702 GN=GSTU5 PE=2 SV=1
TRINITY_DN1970_c0_g1_i1.p1	sp|Q03664|GSTX3_TOBAC	26.5	211	241	223	29	229	12	209	2.23e-10	62.0	sp|Q03664|GSTX3_TOBAC Probable glutathione S-transferase OS=Nicotiana tabacum OX=4097 PE=2 SV=1
TRINITY_DN1970_c0_g1_i1.p1	sp|Q03663|GSTX2_TOBAC	26.5	189	241	223	29	207	12	187	3.06e-10	61.6	sp|Q03663|GSTX2_TOBAC Probable glutathione S-transferase OS=Nicotiana tabacum OX=4097 PE=2 SV=1
TRINITY_DN1970_c0_g1_i1.p1	sp|Q9ZW29|GSTU2_ARATH	29.0	162	241	225	19	170	6	156	1.10e-09	60.1	sp|Q9ZW29|GSTU2_ARATH Glutathione S-transferase U2 OS=Arabidopsis thaliana OX=3702 GN=GSTU2 PE=2 SV=1
TRINITY_DN1970_c0_g1_i1.p1	sp|Q9FWR4|DHAR1_ARATH	28.0	157	241	213	25	180	16	161	1.31e-09	59.7	sp|Q9FWR4|DHAR1_ARATH Glutathione S-transferase DHAR1, mitochondrial OS=Arabidopsis thaliana OX=3702 GN=DHAR1 PE=1 SV=1
TRINITY_DN1970_c0_g1_i1.p1	sp|Q9ZW30|GSTU1_ARATH	27.6	192	241	224	19	193	6	186	2.04e-09	59.3	sp|Q9ZW30|GSTU1_ARATH Glutathione S-transferase U1 OS=Arabidopsis thaliana OX=3702 GN=GSTU1 PE=2 SV=1
TRINITY_DN1970_c0_g1_i1.p1	sp|Q7VLK4|SSPA_HAEDU	26.6	158	241	214	31	183	21	172	2.48e-09	58.9	sp|Q7VLK4|SSPA_HAEDU Stringent starvation protein A homolog OS=Haemophilus ducreyi (strain 35000HP / ATCC 700724) OX=233412 GN=sspA PE=3 SV=1
TRINITY_DN1970_c0_g1_i1.p1	sp|Q9FG59|DHAR4_ARATH	24.1	158	241	217	30	186	21	168	1.68e-08	56.6	sp|Q9FG59|DHAR4_ARATH Probable glutathione S-transferase DHAR4 OS=Arabidopsis thaliana OX=3702 GN=DHAR4 PE=3 SV=1
TRINITY_DN1970_c0_g1_i1.p1	sp|Q9ZW24|GSTU7_ARATH	25.2	218	241	227	18	227	7	214	1.86e-08	56.6	sp|Q9ZW24|GSTU7_ARATH Glutathione S-transferase U7 OS=Arabidopsis thaliana OX=3702 GN=GSTU7 PE=2 SV=1
TRINITY_DN1970_c0_g1_i1.p1	sp|P32111|GSTX1_SOLTU	28.7	195	241	217	20	207	3	187	4.27e-08	55.5	sp|P32111|GSTX1_SOLTU Probable glutathione S-transferase OS=Solanum tuberosum OX=4113 GN=PRP1 PE=2 SV=1
TRINITY_DN1970_c0_g1_i1.p1	sp|Q03662|GSTX1_TOBAC	23.5	213	241	223	29	230	12	210	1.56e-07	53.9	sp|Q03662|GSTX1_TOBAC Probable glutathione S-transferase OS=Nicotiana tabacum OX=4097 PE=2 SV=1
TRINITY_DN1970_c0_g1_i1.p1	sp|P45207|SSPA_HAEIN	34.8	92	241	212	31	122	21	108	4.81e-07	52.4	sp|P45207|SSPA_HAEIN Stringent starvation protein A homolog OS=Haemophilus influenzae (strain ATCC 51907 / DSM 11121 / KW20 / Rd) OX=71421 GN=sspA PE=1 SV=1
TRINITY_DN1970_c0_g1_i1.p1	sp|Q83AY0|SSPA_COXBU	25.3	162	241	209	21	180	7	164	6.35e-07	52.0	sp|Q83AY0|SSPA_COXBU Stringent starvation protein A homolog OS=Coxiella burnetii (strain RSA 493 / Nine Mile phase I) OX=227377 GN=sspA PE=1 SV=1
TRINITY_DN1970_c0_g1_i10.p1	sp|Q9VSL3|SEPIA_DROME	41.0	205	241	243	10	214	11	212	1.20e-48	163	sp|Q9VSL3|SEPIA_DROME Pyrimidodiazepine synthase OS=Drosophila melanogaster OX=7227 GN=se PE=1 SV=1
TRINITY_DN1970_c0_g1_i10.p1	sp|Q9Z339|GSTO1_RAT	31.4	223	241	241	10	227	12	225	8.87e-31	117	sp|Q9Z339|GSTO1_RAT Glutathione S-transferase omega-1 OS=Rattus norvegicus OX=10116 GN=Gsto1 PE=1 SV=2
TRINITY_DN1970_c0_g1_i10.p1	sp|Q6AXV9|GSTO2_RAT	33.1	178	241	248	10	180	12	185	1.12e-29	114	sp|Q6AXV9|GSTO2_RAT Glutathione S-transferase omega-2 OS=Rattus norvegicus OX=10116 GN=Gsto2 PE=2 SV=1
TRINITY_DN1970_c0_g1_i10.p1	sp|O09131|GSTO1_MOUSE	31.8	223	241	240	10	227	12	224	1.31e-29	114	sp|O09131|GSTO1_MOUSE Glutathione S-transferase omega-1 OS=Mus musculus OX=10090 GN=Gsto1 PE=1 SV=2
TRINITY_DN1970_c0_g1_i10.p1	sp|Q9H4Y5|GSTO2_HUMAN	35.6	180	241	243	10	180	12	185	1.41e-29	114	sp|Q9H4Y5|GSTO2_HUMAN Glutathione S-transferase omega-2 OS=Homo sapiens OX=9606 GN=GSTO2 PE=1 SV=1
TRINITY_DN1970_c0_g1_i10.p1	sp|P78417|GSTO1_HUMAN	30.9	220	241	241	10	224	12	222	1.88e-29	113	sp|P78417|GSTO1_HUMAN Glutathione S-transferase omega-1 OS=Homo sapiens OX=9606 GN=GSTO1 PE=1 SV=2
TRINITY_DN1970_c0_g1_i10.p1	sp|Q8K2Q2|GSTO2_MOUSE	34.6	182	241	248	10	180	12	185	3.11e-29	113	sp|Q8K2Q2|GSTO2_MOUSE Glutathione S-transferase omega-2 OS=Mus musculus OX=10090 GN=Gsto2 PE=1 SV=1
TRINITY_DN1970_c0_g1_i10.p1	sp|Q9N1F5|GSTO1_PIG	34.1	179	241	241	10	183	12	187	2.02e-28	110	sp|Q9N1F5|GSTO1_PIG Glutathione S-transferase omega-1 OS=Sus scrofa OX=9823 GN=GSTO1 PE=1 SV=2
TRINITY_DN1970_c0_g1_i10.p1	sp|P34277|GSTO2_CAEEL	30.4	184	241	254	10	181	18	189	3.67e-20	89.4	sp|P34277|GSTO2_CAEEL Probable glutathione transferase omega-2 OS=Caenorhabditis elegans OX=6239 GN=gsto-2 PE=3 SV=5
TRINITY_DN1970_c0_g1_i10.p1	sp|A8XT16|GSTO2_CAEBR	27.5	244	241	253	11	237	19	252	2.60e-18	84.3	sp|A8XT16|GSTO2_CAEBR Probable glutathione transferase omega-2 OS=Caenorhabditis briggsae OX=6238 GN=gsto-2 PE=3 SV=1
TRINITY_DN1970_c0_g1_i10.p1	sp|P34345|GSTO1_CAEEL	24.9	221	241	250	10	220	14	227	1.68e-15	76.6	sp|P34345|GSTO1_CAEEL Glutathione transferase omega-1 OS=Caenorhabditis elegans OX=6239 GN=gsto-1 PE=1 SV=1
TRINITY_DN1970_c0_g1_i10.p1	sp|Q9ZW26|GSTU6_ARATH	28.2	206	241	223	18	214	4	199	4.92e-12	66.6	sp|Q9ZW26|GSTU6_ARATH Glutathione S-transferase U6 OS=Arabidopsis thaliana OX=3702 GN=GSTU6 PE=2 SV=1
TRINITY_DN1970_c0_g1_i10.p1	sp|P46421|GSTU5_ARATH	25.9	232	241	224	16	227	2	213	2.46e-11	64.7	sp|P46421|GSTU5_ARATH Glutathione S-transferase U5 OS=Arabidopsis thaliana OX=3702 GN=GSTU5 PE=2 SV=1
TRINITY_DN1970_c0_g1_i10.p1	sp|Q03664|GSTX3_TOBAC	26.5	211	241	223	29	229	12	209	2.23e-10	62.0	sp|Q03664|GSTX3_TOBAC Probable glutathione S-transferase OS=Nicotiana tabacum OX=4097 PE=2 SV=1
TRINITY_DN1970_c0_g1_i10.p1	sp|Q03663|GSTX2_TOBAC	26.5	189	241	223	29	207	12	187	3.06e-10	61.6	sp|Q03663|GSTX2_TOBAC Probable glutathione S-transferase OS=Nicotiana tabacum OX=4097 PE=2 SV=1
TRINITY_DN1970_c0_g1_i10.p1	sp|Q9ZW29|GSTU2_ARATH	29.0	162	241	225	19	170	6	156	1.10e-09	60.1	sp|Q9ZW29|GSTU2_ARATH Glutathione S-transferase U2 OS=Arabidopsis thaliana OX=3702 GN=GSTU2 PE=2 SV=1
TRINITY_DN1970_c0_g1_i10.p1	sp|Q9FWR4|DHAR1_ARATH	28.0	157	241	213	25	180	16	161	1.31e-09	59.7	sp|Q9FWR4|DHAR1_ARATH Glutathione S-transferase DHAR1, mitochondrial OS=Arabidopsis thaliana OX=3702 GN=DHAR1 PE=1 SV=1
TRINITY_DN1970_c0_g1_i10.p1	sp|Q9ZW30|GSTU1_ARATH	27.6	192	241	224	19	193	6	186	2.04e-09	59.3	sp|Q9ZW30|GSTU1_ARATH Glutathione S-transferase U1 OS=Arabidopsis thaliana OX=3702 GN=GSTU1 PE=2 SV=1
TRINITY_DN1970_c0_g1_i10.p1	sp|Q7VLK4|SSPA_HAEDU	26.6	158	241	214	31	183	21	172	2.48e-09	58.9	sp|Q7VLK4|SSPA_HAEDU Stringent starvation protein A homolog OS=Haemophilus ducreyi (strain 35000HP / ATCC 700724) OX=233412 GN=sspA PE=3 SV=1
TRINITY_DN1970_c0_g1_i10.p1	sp|Q9FG59|DHAR4_ARATH	24.1	158	241	217	30	186	21	168	1.68e-08	56.6	sp|Q9FG59|DHAR4_ARATH Probable glutathione S-transferase DHAR4 OS=Arabidopsis thaliana OX=3702 GN=DHAR4 PE=3 SV=1
TRINITY_DN1970_c0_g1_i10.p1	sp|Q9ZW24|GSTU7_ARATH	25.2	218	241	227	18	227	7	214	1.86e-08	56.6	sp|Q9ZW24|GSTU7_ARATH Glutathione S-transferase U7 OS=Arabidopsis thaliana OX=3702 GN=GSTU7 PE=2 SV=1
TRINITY_DN1970_c0_g1_i10.p1	sp|P32111|GSTX1_SOLTU	28.7	195	241	217	20	207	3	187	4.27e-08	55.5	sp|P32111|GSTX1_SOLTU Probable glutathione S-transferase OS=Solanum tuberosum OX=4113 GN=PRP1 PE=2 SV=1
TRINITY_DN1970_c0_g1_i10.p1	sp|Q03662|GSTX1_TOBAC	23.5	213	241	223	29	230	12	210	1.56e-07	53.9	sp|Q03662|GSTX1_TOBAC Probable glutathione S-transferase OS=Nicotiana tabacum OX=4097 PE=2 SV=1
TRINITY_DN1970_c0_g1_i10.p1	sp|P45207|SSPA_HAEIN	34.8	92	241	212	31	122	21	108	4.81e-07	52.4	sp|P45207|SSPA_HAEIN Stringent starvation protein A homolog OS=Haemophilus influenzae (strain ATCC 51907 / DSM 11121 / KW20 / Rd) OX=71421 GN=sspA PE=1 SV=1
TRINITY_DN1970_c0_g1_i10.p1	sp|Q83AY0|SSPA_COXBU	25.3	162	241	209	21	180	7	164	6.35e-07	52.0	sp|Q83AY0|SSPA_COXBU Stringent starvation protein A homolog OS=Coxiella burnetii (strain RSA 493 / Nine Mile phase I) OX=227377 GN=sspA PE=1 SV=1
TRINITY_DN1970_c0_g1_i13.p1	sp|Q9VSL3|SEPIA_DROME	41.0	205	241	243	10	214	11	212	1.20e-48	163	sp|Q9VSL3|SEPIA_DROME Pyrimidodiazepine synthase OS=Drosophila melanogaster OX=7227 GN=se PE=1 SV=1
TRINITY_DN1970_c0_g1_i13.p1	sp|Q9Z339|GSTO1_RAT	31.4	223	241	241	10	227	12	225	8.87e-31	117	sp|Q9Z339|GSTO1_RAT Glutathione S-transferase omega-1 OS=Rattus norvegicus OX=10116 GN=Gsto1 PE=1 SV=2
TRINITY_DN1970_c0_g1_i13.p1	sp|Q6AXV9|GSTO2_RAT	33.1	178	241	248	10	180	12	185	1.12e-29	114	sp|Q6AXV9|GSTO2_RAT Glutathione S-transferase omega-2 OS=Rattus norvegicus OX=10116 GN=Gsto2 PE=2 SV=1
TRINITY_DN1970_c0_g1_i13.p1	sp|O09131|GSTO1_MOUSE	31.8	223	241	240	10	227	12	224	1.31e-29	114	sp|O09131|GSTO1_MOUSE Glutathione S-transferase omega-1 OS=Mus musculus OX=10090 GN=Gsto1 PE=1 SV=2
TRINITY_DN1970_c0_g1_i13.p1	sp|Q9H4Y5|GSTO2_HUMAN	35.6	180	241	243	10	180	12	185	1.41e-29	114	sp|Q9H4Y5|GSTO2_HUMAN Glutathione S-transferase omega-2 OS=Homo sapiens OX=9606 GN=GSTO2 PE=1 SV=1
TRINITY_DN1970_c0_g1_i13.p1	sp|P78417|GSTO1_HUMAN	30.9	220	241	241	10	224	12	222	1.88e-29	113	sp|P78417|GSTO1_HUMAN Glutathione S-transferase omega-1 OS=Homo sapiens OX=9606 GN=GSTO1 PE=1 SV=2
TRINITY_DN1970_c0_g1_i13.p1	sp|Q8K2Q2|GSTO2_MOUSE	34.6	182	241	248	10	180	12	185	3.11e-29	113	sp|Q8K2Q2|GSTO2_MOUSE Glutathione S-transferase omega-2 OS=Mus musculus OX=10090 GN=Gsto2 PE=1 SV=1
TRINITY_DN1970_c0_g1_i13.p1	sp|Q9N1F5|GSTO1_PIG	34.1	179	241	241	10	183	12	187	2.02e-28	110	sp|Q9N1F5|GSTO1_PIG Glutathione S-transferase omega-1 OS=Sus scrofa OX=9823 GN=GSTO1 PE=1 SV=2
TRINITY_DN1970_c0_g1_i13.p1	sp|P34277|GSTO2_CAEEL	30.4	184	241	254	10	181	18	189	3.67e-20	89.4	sp|P34277|GSTO2_CAEEL Probable glutathione transferase omega-2 OS=Caenorhabditis elegans OX=6239 GN=gsto-2 PE=3 SV=5
TRINITY_DN1970_c0_g1_i13.p1	sp|A8XT16|GSTO2_CAEBR	27.5	244	241	253	11	237	19	252	2.60e-18	84.3	sp|A8XT16|GSTO2_CAEBR Probable glutathione transferase omega-2 OS=Caenorhabditis briggsae OX=6238 GN=gsto-2 PE=3 SV=1
TRINITY_DN1970_c0_g1_i13.p1	sp|P34345|GSTO1_CAEEL	24.9	221	241	250	10	220	14	227	1.68e-15	76.6	sp|P34345|GSTO1_CAEEL Glutathione transferase omega-1 OS=Caenorhabditis elegans OX=6239 GN=gsto-1 PE=1 SV=1
TRINITY_DN1970_c0_g1_i13.p1	sp|Q9ZW26|GSTU6_ARATH	28.2	206	241	223	18	214	4	199	4.92e-12	66.6	sp|Q9ZW26|GSTU6_ARATH Glutathione S-transferase U6 OS=Arabidopsis thaliana OX=3702 GN=GSTU6 PE=2 SV=1
TRINITY_DN1970_c0_g1_i13.p1	sp|P46421|GSTU5_ARATH	25.9	232	241	224	16	227	2	213	2.46e-11	64.7	sp|P46421|GSTU5_ARATH Glutathione S-transferase U5 OS=Arabidopsis thaliana OX=3702 GN=GSTU5 PE=2 SV=1
TRINITY_DN1970_c0_g1_i13.p1	sp|Q03664|GSTX3_TOBAC	26.5	211	241	223	29	229	12	209	2.23e-10	62.0	sp|Q03664|GSTX3_TOBAC Probable glutathione S-transferase OS=Nicotiana tabacum OX=4097 PE=2 SV=1
TRINITY_DN1970_c0_g1_i13.p1	sp|Q03663|GSTX2_TOBAC	26.5	189	241	223	29	207	12	187	3.06e-10	61.6	sp|Q03663|GSTX2_TOBAC Probable glutathione S-transferase OS=Nicotiana tabacum OX=4097 PE=2 SV=1
TRINITY_DN1970_c0_g1_i13.p1	sp|Q9ZW29|GSTU2_ARATH	29.0	162	241	225	19	170	6	156	1.10e-09	60.1	sp|Q9ZW29|GSTU2_ARATH Glutathione S-transferase U2 OS=Arabidopsis thaliana OX=3702 GN=GSTU2 PE=2 SV=1
TRINITY_DN1970_c0_g1_i13.p1	sp|Q9FWR4|DHAR1_ARATH	28.0	157	241	213	25	180	16	161	1.31e-09	59.7	sp|Q9FWR4|DHAR1_ARATH Glutathione S-transferase DHAR1, mitochondrial OS=Arabidopsis thaliana OX=3702 GN=DHAR1 PE=1 SV=1
TRINITY_DN1970_c0_g1_i13.p1	sp|Q9ZW30|GSTU1_ARATH	27.6	192	241	224	19	193	6	186	2.04e-09	59.3	sp|Q9ZW30|GSTU1_ARATH Glutathione S-transferase U1 OS=Arabidopsis thaliana OX=3702 GN=GSTU1 PE=2 SV=1
TRINITY_DN1970_c0_g1_i13.p1	sp|Q7VLK4|SSPA_HAEDU	26.6	158	241	214	31	183	21	172	2.48e-09	58.9	sp|Q7VLK4|SSPA_HAEDU Stringent starvation protein A homolog OS=Haemophilus ducreyi (strain 35000HP / ATCC 700724) OX=233412 GN=sspA PE=3 SV=1
TRINITY_DN1970_c0_g1_i13.p1	sp|Q9FG59|DHAR4_ARATH	24.1	158	241	217	30	186	21	168	1.68e-08	56.6	sp|Q9FG59|DHAR4_ARATH Probable glutathione S-transferase DHAR4 OS=Arabidopsis thaliana OX=3702 GN=DHAR4 PE=3 SV=1
TRINITY_DN1970_c0_g1_i13.p1	sp|Q9ZW24|GSTU7_ARATH	25.2	218	241	227	18	227	7	214	1.86e-08	56.6	sp|Q9ZW24|GSTU7_ARATH Glutathione S-transferase U7 OS=Arabidopsis thaliana OX=3702 GN=GSTU7 PE=2 SV=1
TRINITY_DN1970_c0_g1_i13.p1	sp|P32111|GSTX1_SOLTU	28.7	195	241	217	20	207	3	187	4.27e-08	55.5	sp|P32111|GSTX1_SOLTU Probable glutathione S-transferase OS=Solanum tuberosum OX=4113 GN=PRP1 PE=2 SV=1
TRINITY_DN1970_c0_g1_i13.p1	sp|Q03662|GSTX1_TOBAC	23.5	213	241	223	29	230	12	210	1.56e-07	53.9	sp|Q03662|GSTX1_TOBAC Probable glutathione S-transferase OS=Nicotiana tabacum OX=4097 PE=2 SV=1
TRINITY_DN1970_c0_g1_i13.p1	sp|P45207|SSPA_HAEIN	34.8	92	241	212	31	122	21	108	4.81e-07	52.4	sp|P45207|SSPA_HAEIN Stringent starvation protein A homolog OS=Haemophilus influenzae (strain ATCC 51907 / DSM 11121 / KW20 / Rd) OX=71421 GN=sspA PE=1 SV=1
TRINITY_DN1970_c0_g1_i13.p1	sp|Q83AY0|SSPA_COXBU	25.3	162	241	209	21	180	7	164	6.35e-07	52.0	sp|Q83AY0|SSPA_COXBU Stringent starvation protein A homolog OS=Coxiella burnetii (strain RSA 493 / Nine Mile phase I) OX=227377 GN=sspA PE=1 SV=1
TRINITY_DN1970_c0_g1_i14.p1	sp|Q9VSL3|SEPIA_DROME	41.0	205	241	243	10	214	11	212	1.20e-48	163	sp|Q9VSL3|SEPIA_DROME Pyrimidodiazepine synthase OS=Drosophila melanogaster OX=7227 GN=se PE=1 SV=1
TRINITY_DN1970_c0_g1_i14.p1	sp|Q9Z339|GSTO1_RAT	31.4	223	241	241	10	227	12	225	8.87e-31	117	sp|Q9Z339|GSTO1_RAT Glutathione S-transferase omega-1 OS=Rattus norvegicus OX=10116 GN=Gsto1 PE=1 SV=2
TRINITY_DN1970_c0_g1_i14.p1	sp|Q6AXV9|GSTO2_RAT	33.1	178	241	248	10	180	12	185	1.12e-29	114	sp|Q6AXV9|GSTO2_RAT Glutathione S-transferase omega-2 OS=Rattus norvegicus OX=10116 GN=Gsto2 PE=2 SV=1
TRINITY_DN1970_c0_g1_i14.p1	sp|O09131|GSTO1_MOUSE	31.8	223	241	240	10	227	12	224	1.31e-29	114	sp|O09131|GSTO1_MOUSE Glutathione S-transferase omega-1 OS=Mus musculus OX=10090 GN=Gsto1 PE=1 SV=2
TRINITY_DN1970_c0_g1_i14.p1	sp|Q9H4Y5|GSTO2_HUMAN	35.6	180	241	243	10	180	12	185	1.41e-29	114	sp|Q9H4Y5|GSTO2_HUMAN Glutathione S-transferase omega-2 OS=Homo sapiens OX=9606 GN=GSTO2 PE=1 SV=1
TRINITY_DN1970_c0_g1_i14.p1	sp|P78417|GSTO1_HUMAN	30.9	220	241	241	10	224	12	222	1.88e-29	113	sp|P78417|GSTO1_HUMAN Glutathione S-transferase omega-1 OS=Homo sapiens OX=9606 GN=GSTO1 PE=1 SV=2
TRINITY_DN1970_c0_g1_i14.p1	sp|Q8K2Q2|GSTO2_MOUSE	34.6	182	241	248	10	180	12	185	3.11e-29	113	sp|Q8K2Q2|GSTO2_MOUSE Glutathione S-transferase omega-2 OS=Mus musculus OX=10090 GN=Gsto2 PE=1 SV=1
TRINITY_DN1970_c0_g1_i14.p1	sp|Q9N1F5|GSTO1_PIG	34.1	179	241	241	10	183	12	187	2.02e-28	110	sp|Q9N1F5|GSTO1_PIG Glutathione S-transferase omega-1 OS=Sus scrofa OX=9823 GN=GSTO1 PE=1 SV=2
TRINITY_DN1970_c0_g1_i14.p1	sp|P34277|GSTO2_CAEEL	30.4	184	241	254	10	181	18	189	3.67e-20	89.4	sp|P34277|GSTO2_CAEEL Probable glutathione transferase omega-2 OS=Caenorhabditis elegans OX=6239 GN=gsto-2 PE=3 SV=5
TRINITY_DN1970_c0_g1_i14.p1	sp|A8XT16|GSTO2_CAEBR	27.5	244	241	253	11	237	19	252	2.60e-18	84.3	sp|A8XT16|GSTO2_CAEBR Probable glutathione transferase omega-2 OS=Caenorhabditis briggsae OX=6238 GN=gsto-2 PE=3 SV=1
TRINITY_DN1970_c0_g1_i14.p1	sp|P34345|GSTO1_CAEEL	24.9	221	241	250	10	220	14	227	1.68e-15	76.6	sp|P34345|GSTO1_CAEEL Glutathione transferase omega-1 OS=Caenorhabditis elegans OX=6239 GN=gsto-1 PE=1 SV=1
TRINITY_DN1970_c0_g1_i14.p1	sp|Q9ZW26|GSTU6_ARATH	28.2	206	241	223	18	214	4	199	4.92e-12	66.6	sp|Q9ZW26|GSTU6_ARATH Glutathione S-transferase U6 OS=Arabidopsis thaliana OX=3702 GN=GSTU6 PE=2 SV=1
TRINITY_DN1970_c0_g1_i14.p1	sp|P46421|GSTU5_ARATH	25.9	232	241	224	16	227	2	213	2.46e-11	64.7	sp|P46421|GSTU5_ARATH Glutathione S-transferase U5 OS=Arabidopsis thaliana OX=3702 GN=GSTU5 PE=2 SV=1
TRINITY_DN1970_c0_g1_i14.p1	sp|Q03664|GSTX3_TOBAC	26.5	211	241	223	29	229	12	209	2.23e-10	62.0	sp|Q03664|GSTX3_TOBAC Probable glutathione S-transferase OS=Nicotiana tabacum OX=4097 PE=2 SV=1
TRINITY_DN1970_c0_g1_i14.p1	sp|Q03663|GSTX2_TOBAC	26.5	189	241	223	29	207	12	187	3.06e-10	61.6	sp|Q03663|GSTX2_TOBAC Probable glutathione S-transferase OS=Nicotiana tabacum OX=4097 PE=2 SV=1
TRINITY_DN1970_c0_g1_i14.p1	sp|Q9ZW29|GSTU2_ARATH	29.0	162	241	225	19	170	6	156	1.10e-09	60.1	sp|Q9ZW29|GSTU2_ARATH Glutathione S-transferase U2 OS=Arabidopsis thaliana OX=3702 GN=GSTU2 PE=2 SV=1
TRINITY_DN1970_c0_g1_i14.p1	sp|Q9FWR4|DHAR1_ARATH	28.0	157	241	213	25	180	16	161	1.31e-09	59.7	sp|Q9FWR4|DHAR1_ARATH Glutathione S-transferase DHAR1, mitochondrial OS=Arabidopsis thaliana OX=3702 GN=DHAR1 PE=1 SV=1
TRINITY_DN1970_c0_g1_i14.p1	sp|Q9ZW30|GSTU1_ARATH	27.6	192	241	224	19	193	6	186	2.04e-09	59.3	sp|Q9ZW30|GSTU1_ARATH Glutathione S-transferase U1 OS=Arabidopsis thaliana OX=3702 GN=GSTU1 PE=2 SV=1
TRINITY_DN1970_c0_g1_i14.p1	sp|Q7VLK4|SSPA_HAEDU	26.6	158	241	214	31	183	21	172	2.48e-09	58.9	sp|Q7VLK4|SSPA_HAEDU Stringent starvation protein A homolog OS=Haemophilus ducreyi (strain 35000HP / ATCC 700724) OX=233412 GN=sspA PE=3 SV=1
TRINITY_DN1970_c0_g1_i14.p1	sp|Q9FG59|DHAR4_ARATH	24.1	158	241	217	30	186	21	168	1.68e-08	56.6	sp|Q9FG59|DHAR4_ARATH Probable glutathione S-transferase DHAR4 OS=Arabidopsis thaliana OX=3702 GN=DHAR4 PE=3 SV=1
TRINITY_DN1970_c0_g1_i14.p1	sp|Q9ZW24|GSTU7_ARATH	25.2	218	241	227	18	227	7	214	1.86e-08	56.6	sp|Q9ZW24|GSTU7_ARATH Glutathione S-transferase U7 OS=Arabidopsis thaliana OX=3702 GN=GSTU7 PE=2 SV=1
TRINITY_DN1970_c0_g1_i14.p1	sp|P32111|GSTX1_SOLTU	28.7	195	241	217	20	207	3	187	4.27e-08	55.5	sp|P32111|GSTX1_SOLTU Probable glutathione S-transferase OS=Solanum tuberosum OX=4113 GN=PRP1 PE=2 SV=1
TRINITY_DN1970_c0_g1_i14.p1	sp|Q03662|GSTX1_TOBAC	23.5	213	241	223	29	230	12	210	1.56e-07	53.9	sp|Q03662|GSTX1_TOBAC Probable glutathione S-transferase OS=Nicotiana tabacum OX=4097 PE=2 SV=1
TRINITY_DN1970_c0_g1_i14.p1	sp|P45207|SSPA_HAEIN	34.8	92	241	212	31	122	21	108	4.81e-07	52.4	sp|P45207|SSPA_HAEIN Stringent starvation protein A homolog OS=Haemophilus influenzae (strain ATCC 51907 / DSM 11121 / KW20 / Rd) OX=71421 GN=sspA PE=1 SV=1
TRINITY_DN1970_c0_g1_i14.p1	sp|Q83AY0|SSPA_COXBU	25.3	162	241	209	21	180	7	164	6.35e-07	52.0	sp|Q83AY0|SSPA_COXBU Stringent starvation protein A homolog OS=Coxiella burnetii (strain RSA 493 / Nine Mile phase I) OX=227377 GN=sspA PE=1 SV=1
TRINITY_DN1970_c0_g1_i2.p1	sp|Q9VSL3|SEPIA_DROME	41.0	205	241	243	10	214	11	212	1.20e-48	163	sp|Q9VSL3|SEPIA_DROME Pyrimidodiazepine synthase OS=Drosophila melanogaster OX=7227 GN=se PE=1 SV=1
TRINITY_DN1970_c0_g1_i2.p1	sp|Q9Z339|GSTO1_RAT	31.4	223	241	241	10	227	12	225	8.87e-31	117	sp|Q9Z339|GSTO1_RAT Glutathione S-transferase omega-1 OS=Rattus norvegicus OX=10116 GN=Gsto1 PE=1 SV=2
TRINITY_DN1970_c0_g1_i2.p1	sp|Q6AXV9|GSTO2_RAT	33.1	178	241	248	10	180	12	185	1.12e-29	114	sp|Q6AXV9|GSTO2_RAT Glutathione S-transferase omega-2 OS=Rattus norvegicus OX=10116 GN=Gsto2 PE=2 SV=1
TRINITY_DN1970_c0_g1_i2.p1	sp|O09131|GSTO1_MOUSE	31.8	223	241	240	10	227	12	224	1.31e-29	114	sp|O09131|GSTO1_MOUSE Glutathione S-transferase omega-1 OS=Mus musculus OX=10090 GN=Gsto1 PE=1 SV=2
TRINITY_DN1970_c0_g1_i2.p1	sp|Q9H4Y5|GSTO2_HUMAN	35.6	180	241	243	10	180	12	185	1.41e-29	114	sp|Q9H4Y5|GSTO2_HUMAN Glutathione S-transferase omega-2 OS=Homo sapiens OX=9606 GN=GSTO2 PE=1 SV=1
TRINITY_DN1970_c0_g1_i2.p1	sp|P78417|GSTO1_HUMAN	30.9	220	241	241	10	224	12	222	1.88e-29	113	sp|P78417|GSTO1_HUMAN Glutathione S-transferase omega-1 OS=Homo sapiens OX=9606 GN=GSTO1 PE=1 SV=2
TRINITY_DN1970_c0_g1_i2.p1	sp|Q8K2Q2|GSTO2_MOUSE	34.6	182	241	248	10	180	12	185	3.11e-29	113	sp|Q8K2Q2|GSTO2_MOUSE Glutathione S-transferase omega-2 OS=Mus musculus OX=10090 GN=Gsto2 PE=1 SV=1
TRINITY_DN1970_c0_g1_i2.p1	sp|Q9N1F5|GSTO1_PIG	34.1	179	241	241	10	183	12	187	2.02e-28	110	sp|Q9N1F5|GSTO1_PIG Glutathione S-transferase omega-1 OS=Sus scrofa OX=9823 GN=GSTO1 PE=1 SV=2
TRINITY_DN1970_c0_g1_i2.p1	sp|P34277|GSTO2_CAEEL	30.4	184	241	254	10	181	18	189	3.67e-20	89.4	sp|P34277|GSTO2_CAEEL Probable glutathione transferase omega-2 OS=Caenorhabditis elegans OX=6239 GN=gsto-2 PE=3 SV=5
TRINITY_DN1970_c0_g1_i2.p1	sp|A8XT16|GSTO2_CAEBR	27.5	244	241	253	11	237	19	252	2.60e-18	84.3	sp|A8XT16|GSTO2_CAEBR Probable glutathione transferase omega-2 OS=Caenorhabditis briggsae OX=6238 GN=gsto-2 PE=3 SV=1
TRINITY_DN1970_c0_g1_i2.p1	sp|P34345|GSTO1_CAEEL	24.9	221	241	250	10	220	14	227	1.68e-15	76.6	sp|P34345|GSTO1_CAEEL Glutathione transferase omega-1 OS=Caenorhabditis elegans OX=6239 GN=gsto-1 PE=1 SV=1
TRINITY_DN1970_c0_g1_i2.p1	sp|Q9ZW26|GSTU6_ARATH	28.2	206	241	223	18	214	4	199	4.92e-12	66.6	sp|Q9ZW26|GSTU6_ARATH Glutathione S-transferase U6 OS=Arabidopsis thaliana OX=3702 GN=GSTU6 PE=2 SV=1
TRINITY_DN1970_c0_g1_i2.p1	sp|P46421|GSTU5_ARATH	25.9	232	241	224	16	227	2	213	2.46e-11	64.7	sp|P46421|GSTU5_ARATH Glutathione S-transferase U5 OS=Arabidopsis thaliana OX=3702 GN=GSTU5 PE=2 SV=1
TRINITY_DN1970_c0_g1_i2.p1	sp|Q03664|GSTX3_TOBAC	26.5	211	241	223	29	229	12	209	2.23e-10	62.0	sp|Q03664|GSTX3_TOBAC Probable glutathione S-transferase OS=Nicotiana tabacum OX=4097 PE=2 SV=1
TRINITY_DN1970_c0_g1_i2.p1	sp|Q03663|GSTX2_TOBAC	26.5	189	241	223	29	207	12	187	3.06e-10	61.6	sp|Q03663|GSTX2_TOBAC Probable glutathione S-transferase OS=Nicotiana tabacum OX=4097 PE=2 SV=1
TRINITY_DN1970_c0_g1_i2.p1	sp|Q9ZW29|GSTU2_ARATH	29.0	162	241	225	19	170	6	156	1.10e-09	60.1	sp|Q9ZW29|GSTU2_ARATH Glutathione S-transferase U2 OS=Arabidopsis thaliana OX=3702 GN=GSTU2 PE=2 SV=1
TRINITY_DN1970_c0_g1_i2.p1	sp|Q9FWR4|DHAR1_ARATH	28.0	157	241	213	25	180	16	161	1.31e-09	59.7	sp|Q9FWR4|DHAR1_ARATH Glutathione S-transferase DHAR1, mitochondrial OS=Arabidopsis thaliana OX=3702 GN=DHAR1 PE=1 SV=1
TRINITY_DN1970_c0_g1_i2.p1	sp|Q9ZW30|GSTU1_ARATH	27.6	192	241	224	19	193	6	186	2.04e-09	59.3	sp|Q9ZW30|GSTU1_ARATH Glutathione S-transferase U1 OS=Arabidopsis thaliana OX=3702 GN=GSTU1 PE=2 SV=1
TRINITY_DN1970_c0_g1_i2.p1	sp|Q7VLK4|SSPA_HAEDU	26.6	158	241	214	31	183	21	172	2.48e-09	58.9	sp|Q7VLK4|SSPA_HAEDU Stringent starvation protein A homolog OS=Haemophilus ducreyi (strain 35000HP / ATCC 700724) OX=233412 GN=sspA PE=3 SV=1
TRINITY_DN1970_c0_g1_i2.p1	sp|Q9FG59|DHAR4_ARATH	24.1	158	241	217	30	186	21	168	1.68e-08	56.6	sp|Q9FG59|DHAR4_ARATH Probable glutathione S-transferase DHAR4 OS=Arabidopsis thaliana OX=3702 GN=DHAR4 PE=3 SV=1
TRINITY_DN1970_c0_g1_i2.p1	sp|Q9ZW24|GSTU7_ARATH	25.2	218	241	227	18	227	7	214	1.86e-08	56.6	sp|Q9ZW24|GSTU7_ARATH Glutathione S-transferase U7 OS=Arabidopsis thaliana OX=3702 GN=GSTU7 PE=2 SV=1
TRINITY_DN1970_c0_g1_i2.p1	sp|P32111|GSTX1_SOLTU	28.7	195	241	217	20	207	3	187	4.27e-08	55.5	sp|P32111|GSTX1_SOLTU Probable glutathione S-transferase OS=Solanum tuberosum OX=4113 GN=PRP1 PE=2 SV=1
TRINITY_DN1970_c0_g1_i2.p1	sp|Q03662|GSTX1_TOBAC	23.5	213	241	223	29	230	12	210	1.56e-07	53.9	sp|Q03662|GSTX1_TOBAC Probable glutathione S-transferase OS=Nicotiana tabacum OX=4097 PE=2 SV=1
TRINITY_DN1970_c0_g1_i2.p1	sp|P45207|SSPA_HAEIN	34.8	92	241	212	31	122	21	108	4.81e-07	52.4	sp|P45207|SSPA_HAEIN Stringent starvation protein A homolog OS=Haemophilus influenzae (strain ATCC 51907 / DSM 11121 / KW20 / Rd) OX=71421 GN=sspA PE=1 SV=1
TRINITY_DN1970_c0_g1_i2.p1	sp|Q83AY0|SSPA_COXBU	25.3	162	241	209	21	180	7	164	6.35e-07	52.0	sp|Q83AY0|SSPA_COXBU Stringent starvation protein A homolog OS=Coxiella burnetii (strain RSA 493 / Nine Mile phase I) OX=227377 GN=sspA PE=1 SV=1
TRINITY_DN1970_c0_g1_i5.p1	sp|Q9VSL3|SEPIA_DROME	41.0	205	241	243	10	214	11	212	1.20e-48	163	sp|Q9VSL3|SEPIA_DROME Pyrimidodiazepine synthase OS=Drosophila melanogaster OX=7227 GN=se PE=1 SV=1
TRINITY_DN1970_c0_g1_i5.p1	sp|Q9Z339|GSTO1_RAT	31.4	223	241	241	10	227	12	225	8.87e-31	117	sp|Q9Z339|GSTO1_RAT Glutathione S-transferase omega-1 OS=Rattus norvegicus OX=10116 GN=Gsto1 PE=1 SV=2
TRINITY_DN1970_c0_g1_i5.p1	sp|Q6AXV9|GSTO2_RAT	33.1	178	241	248	10	180	12	185	1.12e-29	114	sp|Q6AXV9|GSTO2_RAT Glutathione S-transferase omega-2 OS=Rattus norvegicus OX=10116 GN=Gsto2 PE=2 SV=1
TRINITY_DN1970_c0_g1_i5.p1	sp|O09131|GSTO1_MOUSE	31.8	223	241	240	10	227	12	224	1.31e-29	114	sp|O09131|GSTO1_MOUSE Glutathione S-transferase omega-1 OS=Mus musculus OX=10090 GN=Gsto1 PE=1 SV=2
TRINITY_DN1970_c0_g1_i5.p1	sp|Q9H4Y5|GSTO2_HUMAN	35.6	180	241	243	10	180	12	185	1.41e-29	114	sp|Q9H4Y5|GSTO2_HUMAN Glutathione S-transferase omega-2 OS=Homo sapiens OX=9606 GN=GSTO2 PE=1 SV=1
TRINITY_DN1970_c0_g1_i5.p1	sp|P78417|GSTO1_HUMAN	30.9	220	241	241	10	224	12	222	1.88e-29	113	sp|P78417|GSTO1_HUMAN Glutathione S-transferase omega-1 OS=Homo sapiens OX=9606 GN=GSTO1 PE=1 SV=2
TRINITY_DN1970_c0_g1_i5.p1	sp|Q8K2Q2|GSTO2_MOUSE	34.6	182	241	248	10	180	12	185	3.11e-29	113	sp|Q8K2Q2|GSTO2_MOUSE Glutathione S-transferase omega-2 OS=Mus musculus OX=10090 GN=Gsto2 PE=1 SV=1
TRINITY_DN1970_c0_g1_i5.p1	sp|Q9N1F5|GSTO1_PIG	34.1	179	241	241	10	183	12	187	2.02e-28	110	sp|Q9N1F5|GSTO1_PIG Glutathione S-transferase omega-1 OS=Sus scrofa OX=9823 GN=GSTO1 PE=1 SV=2
TRINITY_DN1970_c0_g1_i5.p1	sp|P34277|GSTO2_CAEEL	30.4	184	241	254	10	181	18	189	3.67e-20	89.4	sp|P34277|GSTO2_CAEEL Probable glutathione transferase omega-2 OS=Caenorhabditis elegans OX=6239 GN=gsto-2 PE=3 SV=5
TRINITY_DN1970_c0_g1_i5.p1	sp|A8XT16|GSTO2_CAEBR	27.5	244	241	253	11	237	19	252	2.60e-18	84.3	sp|A8XT16|GSTO2_CAEBR Probable glutathione transferase omega-2 OS=Caenorhabditis briggsae OX=6238 GN=gsto-2 PE=3 SV=1
TRINITY_DN1970_c0_g1_i5.p1	sp|P34345|GSTO1_CAEEL	24.9	221	241	250	10	220	14	227	1.68e-15	76.6	sp|P34345|GSTO1_CAEEL Glutathione transferase omega-1 OS=Caenorhabditis elegans OX=6239 GN=gsto-1 PE=1 SV=1
TRINITY_DN1970_c0_g1_i5.p1	sp|Q9ZW26|GSTU6_ARATH	28.2	206	241	223	18	214	4	199	4.92e-12	66.6	sp|Q9ZW26|GSTU6_ARATH Glutathione S-transferase U6 OS=Arabidopsis thaliana OX=3702 GN=GSTU6 PE=2 SV=1
TRINITY_DN1970_c0_g1_i5.p1	sp|P46421|GSTU5_ARATH	25.9	232	241	224	16	227	2	213	2.46e-11	64.7	sp|P46421|GSTU5_ARATH Glutathione S-transferase U5 OS=Arabidopsis thaliana OX=3702 GN=GSTU5 PE=2 SV=1
TRINITY_DN1970_c0_g1_i5.p1	sp|Q03664|GSTX3_TOBAC	26.5	211	241	223	29	229	12	209	2.23e-10	62.0	sp|Q03664|GSTX3_TOBAC Probable glutathione S-transferase OS=Nicotiana tabacum OX=4097 PE=2 SV=1
TRINITY_DN1970_c0_g1_i5.p1	sp|Q03663|GSTX2_TOBAC	26.5	189	241	223	29	207	12	187	3.06e-10	61.6	sp|Q03663|GSTX2_TOBAC Probable glutathione S-transferase OS=Nicotiana tabacum OX=4097 PE=2 SV=1
TRINITY_DN1970_c0_g1_i5.p1	sp|Q9ZW29|GSTU2_ARATH	29.0	162	241	225	19	170	6	156	1.10e-09	60.1	sp|Q9ZW29|GSTU2_ARATH Glutathione S-transferase U2 OS=Arabidopsis thaliana OX=3702 GN=GSTU2 PE=2 SV=1
TRINITY_DN1970_c0_g1_i5.p1	sp|Q9FWR4|DHAR1_ARATH	28.0	157	241	213	25	180	16	161	1.31e-09	59.7	sp|Q9FWR4|DHAR1_ARATH Glutathione S-transferase DHAR1, mitochondrial OS=Arabidopsis thaliana OX=3702 GN=DHAR1 PE=1 SV=1
TRINITY_DN1970_c0_g1_i5.p1	sp|Q9ZW30|GSTU1_ARATH	27.6	192	241	224	19	193	6	186	2.04e-09	59.3	sp|Q9ZW30|GSTU1_ARATH Glutathione S-transferase U1 OS=Arabidopsis thaliana OX=3702 GN=GSTU1 PE=2 SV=1
TRINITY_DN1970_c0_g1_i5.p1	sp|Q7VLK4|SSPA_HAEDU	26.6	158	241	214	31	183	21	172	2.48e-09	58.9	sp|Q7VLK4|SSPA_HAEDU Stringent starvation protein A homolog OS=Haemophilus ducreyi (strain 35000HP / ATCC 700724) OX=233412 GN=sspA PE=3 SV=1
TRINITY_DN1970_c0_g1_i5.p1	sp|Q9FG59|DHAR4_ARATH	24.1	158	241	217	30	186	21	168	1.68e-08	56.6	sp|Q9FG59|DHAR4_ARATH Probable glutathione S-transferase DHAR4 OS=Arabidopsis thaliana OX=3702 GN=DHAR4 PE=3 SV=1
TRINITY_DN1970_c0_g1_i5.p1	sp|Q9ZW24|GSTU7_ARATH	25.2	218	241	227	18	227	7	214	1.86e-08	56.6	sp|Q9ZW24|GSTU7_ARATH Glutathione S-transferase U7 OS=Arabidopsis thaliana OX=3702 GN=GSTU7 PE=2 SV=1
TRINITY_DN1970_c0_g1_i5.p1	sp|P32111|GSTX1_SOLTU	28.7	195	241	217	20	207	3	187	4.27e-08	55.5	sp|P32111|GSTX1_SOLTU Probable glutathione S-transferase OS=Solanum tuberosum OX=4113 GN=PRP1 PE=2 SV=1
TRINITY_DN1970_c0_g1_i5.p1	sp|Q03662|GSTX1_TOBAC	23.5	213	241	223	29	230	12	210	1.56e-07	53.9	sp|Q03662|GSTX1_TOBAC Probable glutathione S-transferase OS=Nicotiana tabacum OX=4097 PE=2 SV=1
TRINITY_DN1970_c0_g1_i5.p1	sp|P45207|SSPA_HAEIN	34.8	92	241	212	31	122	21	108	4.81e-07	52.4	sp|P45207|SSPA_HAEIN Stringent starvation protein A homolog OS=Haemophilus influenzae (strain ATCC 51907 / DSM 11121 / KW20 / Rd) OX=71421 GN=sspA PE=1 SV=1
TRINITY_DN1970_c0_g1_i5.p1	sp|Q83AY0|SSPA_COXBU	25.3	162	241	209	21	180	7	164	6.35e-07	52.0	sp|Q83AY0|SSPA_COXBU Stringent starvation protein A homolog OS=Coxiella burnetii (strain RSA 493 / Nine Mile phase I) OX=227377 GN=sspA PE=1 SV=1
TRINITY_DN2000_c0_g1_i17.p1	sp|Q9N0A4|PGES2_MACFA	48.2	280	389	377	99	376	97	370	1.13e-79	252	sp|Q9N0A4|PGES2_MACFA Prostaglandin E synthase 2 OS=Macaca fascicularis OX=9541 GN=PTGES2 PE=1 SV=1
TRINITY_DN2000_c0_g1_i17.p1	sp|Q8BWM0|PGES2_MOUSE	47.6	286	389	384	99	377	96	370	3.91e-79	251	sp|Q8BWM0|PGES2_MOUSE Prostaglandin E synthase 2 OS=Mus musculus OX=10090 GN=Ptges2 PE=1 SV=3
TRINITY_DN2000_c0_g1_i17.p1	sp|Q66LN0|PGES2_BOVIN	48.1	285	389	372	99	376	94	367	7.73e-79	250	sp|Q66LN0|PGES2_BOVIN Prostaglandin E synthase 2 OS=Bos taurus OX=9913 GN=PTGES2 PE=1 SV=3
TRINITY_DN2000_c0_g1_i17.p1	sp|Q9H7Z7|PGES2_HUMAN	47.9	280	389	377	99	376	97	370	3.55e-78	248	sp|Q9H7Z7|PGES2_HUMAN Prostaglandin E synthase 2 OS=Homo sapiens OX=9606 GN=PTGES2 PE=1 SV=1
TRINITY_DN2000_c0_g1_i17.p1	sp|Q7ZUC7|PGES2_DANRE	44.1	324	389	377	51	369	72	366	9.99e-78	247	sp|Q7ZUC7|PGES2_DANRE Prostaglandin E synthase 2 OS=Danio rerio OX=7955 GN=ptges2 PE=2 SV=1
TRINITY_DN2000_c0_g1_i2.p1	sp|Q9N0A4|PGES2_MACFA	48.2	280	389	377	99	376	97	370	1.13e-79	252	sp|Q9N0A4|PGES2_MACFA Prostaglandin E synthase 2 OS=Macaca fascicularis OX=9541 GN=PTGES2 PE=1 SV=1
TRINITY_DN2000_c0_g1_i2.p1	sp|Q8BWM0|PGES2_MOUSE	47.6	286	389	384	99	377	96	370	3.91e-79	251	sp|Q8BWM0|PGES2_MOUSE Prostaglandin E synthase 2 OS=Mus musculus OX=10090 GN=Ptges2 PE=1 SV=3
TRINITY_DN2000_c0_g1_i2.p1	sp|Q66LN0|PGES2_BOVIN	48.1	285	389	372	99	376	94	367	7.73e-79	250	sp|Q66LN0|PGES2_BOVIN Prostaglandin E synthase 2 OS=Bos taurus OX=9913 GN=PTGES2 PE=1 SV=3
TRINITY_DN2000_c0_g1_i2.p1	sp|Q9H7Z7|PGES2_HUMAN	47.9	280	389	377	99	376	97	370	3.55e-78	248	sp|Q9H7Z7|PGES2_HUMAN Prostaglandin E synthase 2 OS=Homo sapiens OX=9606 GN=PTGES2 PE=1 SV=1
TRINITY_DN2000_c0_g1_i2.p1	sp|Q7ZUC7|PGES2_DANRE	44.1	324	389	377	51	369	72	366	9.99e-78	247	sp|Q7ZUC7|PGES2_DANRE Prostaglandin E synthase 2 OS=Danio rerio OX=7955 GN=ptges2 PE=2 SV=1
TRINITY_DN2000_c0_g1_i29.p1	sp|Q9N0A4|PGES2_MACFA	48.2	280	389	377	99	376	97	370	1.13e-79	252	sp|Q9N0A4|PGES2_MACFA Prostaglandin E synthase 2 OS=Macaca fascicularis OX=9541 GN=PTGES2 PE=1 SV=1
TRINITY_DN2000_c0_g1_i29.p1	sp|Q8BWM0|PGES2_MOUSE	47.6	286	389	384	99	377	96	370	3.91e-79	251	sp|Q8BWM0|PGES2_MOUSE Prostaglandin E synthase 2 OS=Mus musculus OX=10090 GN=Ptges2 PE=1 SV=3
TRINITY_DN2000_c0_g1_i29.p1	sp|Q66LN0|PGES2_BOVIN	48.1	285	389	372	99	376	94	367	7.73e-79	250	sp|Q66LN0|PGES2_BOVIN Prostaglandin E synthase 2 OS=Bos taurus OX=9913 GN=PTGES2 PE=1 SV=3
TRINITY_DN2000_c0_g1_i29.p1	sp|Q9H7Z7|PGES2_HUMAN	47.9	280	389	377	99	376	97	370	3.55e-78	248	sp|Q9H7Z7|PGES2_HUMAN Prostaglandin E synthase 2 OS=Homo sapiens OX=9606 GN=PTGES2 PE=1 SV=1
TRINITY_DN2000_c0_g1_i29.p1	sp|Q7ZUC7|PGES2_DANRE	44.1	324	389	377	51	369	72	366	9.99e-78	247	sp|Q7ZUC7|PGES2_DANRE Prostaglandin E synthase 2 OS=Danio rerio OX=7955 GN=ptges2 PE=2 SV=1
TRINITY_DN2000_c0_g1_i7.p1	sp|Q9N0A4|PGES2_MACFA	48.2	280	389	377	99	376	97	370	1.13e-79	252	sp|Q9N0A4|PGES2_MACFA Prostaglandin E synthase 2 OS=Macaca fascicularis OX=9541 GN=PTGES2 PE=1 SV=1
TRINITY_DN2000_c0_g1_i7.p1	sp|Q8BWM0|PGES2_MOUSE	47.6	286	389	384	99	377	96	370	3.91e-79	251	sp|Q8BWM0|PGES2_MOUSE Prostaglandin E synthase 2 OS=Mus musculus OX=10090 GN=Ptges2 PE=1 SV=3
TRINITY_DN2000_c0_g1_i7.p1	sp|Q66LN0|PGES2_BOVIN	48.1	285	389	372	99	376	94	367	7.73e-79	250	sp|Q66LN0|PGES2_BOVIN Prostaglandin E synthase 2 OS=Bos taurus OX=9913 GN=PTGES2 PE=1 SV=3
TRINITY_DN2000_c0_g1_i7.p1	sp|Q9H7Z7|PGES2_HUMAN	47.9	280	389	377	99	376	97	370	3.55e-78	248	sp|Q9H7Z7|PGES2_HUMAN Prostaglandin E synthase 2 OS=Homo sapiens OX=9606 GN=PTGES2 PE=1 SV=1
TRINITY_DN2000_c0_g1_i7.p1	sp|Q7ZUC7|PGES2_DANRE	44.1	324	389	377	51	369	72	366	9.99e-78	247	sp|Q7ZUC7|PGES2_DANRE Prostaglandin E synthase 2 OS=Danio rerio OX=7955 GN=ptges2 PE=2 SV=1
TRINITY_DN2379_c0_g3_i1.p1	sp|O43324|MCA3_HUMAN	30.5	95	143	174	36	125	37	129	5.01e-04	41.6	sp|O43324|MCA3_HUMAN Eukaryotic translation elongation factor 1 epsilon-1 OS=Homo sapiens OX=9606 GN=EEF1E1 PE=1 SV=1
TRINITY_DN2379_c0_g3_i3.p1	sp|O43324|MCA3_HUMAN	33.1	121	174	174	36	151	37	155	4.35e-11	61.6	sp|O43324|MCA3_HUMAN Eukaryotic translation elongation factor 1 epsilon-1 OS=Homo sapiens OX=9606 GN=EEF1E1 PE=1 SV=1
TRINITY_DN2529_c0_g1_i19.p1	sp|Q2L969|MTX2_PIG	53.0	251	260	267	6	256	4	254	1.08e-91	274	sp|Q2L969|MTX2_PIG Metaxin-2 OS=Sus scrofa OX=9823 GN=MTX2 PE=2 SV=1
TRINITY_DN2529_c0_g1_i19.p1	sp|O75431|MTX2_HUMAN	53.0	251	260	263	6	256	4	254	1.89e-91	273	sp|O75431|MTX2_HUMAN Metaxin-2 OS=Homo sapiens OX=9606 GN=MTX2 PE=1 SV=1
TRINITY_DN2529_c0_g1_i19.p1	sp|O88441|MTX2_MOUSE	53.0	251	260	263	6	256	4	254	1.89e-91	273	sp|O88441|MTX2_MOUSE Metaxin-2 OS=Mus musculus OX=10090 GN=Mtx2 PE=1 SV=1
TRINITY_DN2529_c0_g1_i19.p1	sp|P34599|MTX2_CAEEL	41.9	229	260	230	7	228	3	230	2.62e-55	180	sp|P34599|MTX2_CAEEL Metaxin-2 homolog OS=Caenorhabditis elegans OX=6239 GN=mtx-2 PE=2 SV=3
TRINITY_DN2529_c0_g1_i19.p1	sp|Q3KPT9|MTX3_XENLA	28.7	223	260	309	43	256	20	238	1.80e-19	89.0	sp|Q3KPT9|MTX3_XENLA Metaxin-3 OS=Xenopus laevis OX=8355 GN=mtx3 PE=2 SV=2
TRINITY_DN2529_c0_g1_i19.p1	sp|Q5HYI7|MTX3_HUMAN	26.3	224	260	312	40	257	20	242	2.58e-19	88.6	sp|Q5HYI7|MTX3_HUMAN Metaxin-3 OS=Homo sapiens OX=9606 GN=MTX3 PE=1 SV=2
TRINITY_DN2529_c0_g1_i19.p1	sp|P47802|MTX1_MOUSE	26.6	222	260	317	44	258	24	244	2.75e-19	88.6	sp|P47802|MTX1_MOUSE Metaxin-1 OS=Mus musculus OX=10090 GN=Mtx1 PE=1 SV=1
TRINITY_DN2529_c0_g1_i19.p1	sp|Q4R3I0|MTX1_MACFA	26.8	220	260	317	44	256	24	242	4.93e-18	85.1	sp|Q4R3I0|MTX1_MACFA Metaxin-1 OS=Macaca fascicularis OX=9541 GN=MTX1 PE=2 SV=1
TRINITY_DN2529_c0_g1_i19.p1	sp|Q13505|MTX1_HUMAN	26.8	220	260	466	44	256	173	391	7.14e-18	85.9	sp|Q13505|MTX1_HUMAN Metaxin-1 OS=Homo sapiens OX=9606 GN=MTX1 PE=1 SV=3
TRINITY_DN2529_c0_g1_i19.p1	sp|Q4VBW0|MTX3_DANRE	26.8	220	260	313	44	256	24	241	1.23e-17	84.0	sp|Q4VBW0|MTX3_DANRE Metaxin-3 OS=Danio rerio OX=7955 GN=mtx3 PE=2 SV=2
TRINITY_DN2529_c0_g1_i19.p1	sp|Q2TBS1|MTX1_BOVIN	26.8	220	260	317	44	256	24	242	4.59e-17	82.4	sp|Q2TBS1|MTX1_BOVIN Metaxin-1 OS=Bos taurus OX=9913 GN=MTX1 PE=2 SV=1
TRINITY_DN2529_c0_g1_i19.p1	sp|Q27HK4|MTX1_PIG	26.8	220	260	317	44	256	24	242	4.59e-17	82.4	sp|Q27HK4|MTX1_PIG Metaxin-1 OS=Sus scrofa OX=9823 GN=MTX1 PE=2 SV=1
TRINITY_DN2529_c0_g1_i19.p1	sp|A8XWD1|MTX1_CAEBR	29.9	224	260	312	40	256	16	231	7.54e-16	79.0	sp|A8XWD1|MTX1_CAEBR Metaxin-1 homolog OS=Caenorhabditis briggsae OX=6238 GN=mtx-1 PE=3 SV=1
TRINITY_DN2529_c0_g1_i19.p1	sp|O45503|MTX1_CAEEL	28.7	216	260	312	51	256	27	231	1.42e-15	78.2	sp|O45503|MTX1_CAEEL Metaxin-1 homolog OS=Caenorhabditis elegans OX=6239 GN=mtx-1 PE=1 SV=1
TRINITY_DN2529_c0_g1_i19.p1	sp|D3ZAT9|FAXC_RAT	27.7	184	260	409	43	221	119	296	3.43e-10	63.2	sp|D3ZAT9|FAXC_RAT Failed axon connections homolog OS=Rattus norvegicus OX=10116 GN=Faxc PE=3 SV=1
TRINITY_DN2529_c0_g1_i19.p1	sp|Q9VHB6|MTX1_DROME	20.9	235	260	327	30	257	12	245	3.62e-10	62.8	sp|Q9VHB6|MTX1_DROME Metaxin-1 homolog OS=Drosophila melanogaster OX=7227 GN=CG9393 PE=1 SV=1
TRINITY_DN2529_c0_g1_i19.p1	sp|Q5TGI0|FAXC_HUMAN	27.7	184	260	409	43	221	119	296	4.62e-10	62.8	sp|Q5TGI0|FAXC_HUMAN Failed axon connections homolog OS=Homo sapiens OX=9606 GN=FAXC PE=1 SV=2
TRINITY_DN2529_c0_g1_i19.p1	sp|Q3UMF9|FAXC_MOUSE	27.7	184	260	409	43	221	119	296	4.62e-10	62.8	sp|Q3UMF9|FAXC_MOUSE Failed axon connections homolog OS=Mus musculus OX=10090 GN=Faxc PE=2 SV=1
TRINITY_DN2529_c0_g1_i19.p1	sp|F7E235|FAXC_XENTR	23.8	181	260	406	43	221	118	293	2.40e-06	51.6	sp|F7E235|FAXC_XENTR Failed axon connections homolog OS=Xenopus tropicalis OX=8364 GN=faxc PE=3 SV=1
TRINITY_DN2529_c0_g1_i23.p1	sp|Q2L969|MTX2_PIG	53.0	251	260	267	6	256	4	254	1.08e-91	274	sp|Q2L969|MTX2_PIG Metaxin-2 OS=Sus scrofa OX=9823 GN=MTX2 PE=2 SV=1
TRINITY_DN2529_c0_g1_i23.p1	sp|O75431|MTX2_HUMAN	53.0	251	260	263	6	256	4	254	1.89e-91	273	sp|O75431|MTX2_HUMAN Metaxin-2 OS=Homo sapiens OX=9606 GN=MTX2 PE=1 SV=1
TRINITY_DN2529_c0_g1_i23.p1	sp|O88441|MTX2_MOUSE	53.0	251	260	263	6	256	4	254	1.89e-91	273	sp|O88441|MTX2_MOUSE Metaxin-2 OS=Mus musculus OX=10090 GN=Mtx2 PE=1 SV=1
TRINITY_DN2529_c0_g1_i23.p1	sp|P34599|MTX2_CAEEL	41.9	229	260	230	7	228	3	230	2.62e-55	180	sp|P34599|MTX2_CAEEL Metaxin-2 homolog OS=Caenorhabditis elegans OX=6239 GN=mtx-2 PE=2 SV=3
TRINITY_DN2529_c0_g1_i23.p1	sp|Q3KPT9|MTX3_XENLA	28.7	223	260	309	43	256	20	238	1.80e-19	89.0	sp|Q3KPT9|MTX3_XENLA Metaxin-3 OS=Xenopus laevis OX=8355 GN=mtx3 PE=2 SV=2
TRINITY_DN2529_c0_g1_i23.p1	sp|Q5HYI7|MTX3_HUMAN	26.3	224	260	312	40	257	20	242	2.58e-19	88.6	sp|Q5HYI7|MTX3_HUMAN Metaxin-3 OS=Homo sapiens OX=9606 GN=MTX3 PE=1 SV=2
TRINITY_DN2529_c0_g1_i23.p1	sp|P47802|MTX1_MOUSE	26.6	222	260	317	44	258	24	244	2.75e-19	88.6	sp|P47802|MTX1_MOUSE Metaxin-1 OS=Mus musculus OX=10090 GN=Mtx1 PE=1 SV=1
TRINITY_DN2529_c0_g1_i23.p1	sp|Q4R3I0|MTX1_MACFA	26.8	220	260	317	44	256	24	242	4.93e-18	85.1	sp|Q4R3I0|MTX1_MACFA Metaxin-1 OS=Macaca fascicularis OX=9541 GN=MTX1 PE=2 SV=1
TRINITY_DN2529_c0_g1_i23.p1	sp|Q13505|MTX1_HUMAN	26.8	220	260	466	44	256	173	391	7.14e-18	85.9	sp|Q13505|MTX1_HUMAN Metaxin-1 OS=Homo sapiens OX=9606 GN=MTX1 PE=1 SV=3
TRINITY_DN2529_c0_g1_i23.p1	sp|Q4VBW0|MTX3_DANRE	26.8	220	260	313	44	256	24	241	1.23e-17	84.0	sp|Q4VBW0|MTX3_DANRE Metaxin-3 OS=Danio rerio OX=7955 GN=mtx3 PE=2 SV=2
TRINITY_DN2529_c0_g1_i23.p1	sp|Q2TBS1|MTX1_BOVIN	26.8	220	260	317	44	256	24	242	4.59e-17	82.4	sp|Q2TBS1|MTX1_BOVIN Metaxin-1 OS=Bos taurus OX=9913 GN=MTX1 PE=2 SV=1
TRINITY_DN2529_c0_g1_i23.p1	sp|Q27HK4|MTX1_PIG	26.8	220	260	317	44	256	24	242	4.59e-17	82.4	sp|Q27HK4|MTX1_PIG Metaxin-1 OS=Sus scrofa OX=9823 GN=MTX1 PE=2 SV=1
TRINITY_DN2529_c0_g1_i23.p1	sp|A8XWD1|MTX1_CAEBR	29.9	224	260	312	40	256	16	231	7.54e-16	79.0	sp|A8XWD1|MTX1_CAEBR Metaxin-1 homolog OS=Caenorhabditis briggsae OX=6238 GN=mtx-1 PE=3 SV=1
TRINITY_DN2529_c0_g1_i23.p1	sp|O45503|MTX1_CAEEL	28.7	216	260	312	51	256	27	231	1.42e-15	78.2	sp|O45503|MTX1_CAEEL Metaxin-1 homolog OS=Caenorhabditis elegans OX=6239 GN=mtx-1 PE=1 SV=1
TRINITY_DN2529_c0_g1_i23.p1	sp|D3ZAT9|FAXC_RAT	27.7	184	260	409	43	221	119	296	3.43e-10	63.2	sp|D3ZAT9|FAXC_RAT Failed axon connections homolog OS=Rattus norvegicus OX=10116 GN=Faxc PE=3 SV=1
TRINITY_DN2529_c0_g1_i23.p1	sp|Q9VHB6|MTX1_DROME	20.9	235	260	327	30	257	12	245	3.62e-10	62.8	sp|Q9VHB6|MTX1_DROME Metaxin-1 homolog OS=Drosophila melanogaster OX=7227 GN=CG9393 PE=1 SV=1
TRINITY_DN2529_c0_g1_i23.p1	sp|Q5TGI0|FAXC_HUMAN	27.7	184	260	409	43	221	119	296	4.62e-10	62.8	sp|Q5TGI0|FAXC_HUMAN Failed axon connections homolog OS=Homo sapiens OX=9606 GN=FAXC PE=1 SV=2
TRINITY_DN2529_c0_g1_i23.p1	sp|Q3UMF9|FAXC_MOUSE	27.7	184	260	409	43	221	119	296	4.62e-10	62.8	sp|Q3UMF9|FAXC_MOUSE Failed axon connections homolog OS=Mus musculus OX=10090 GN=Faxc PE=2 SV=1
TRINITY_DN2529_c0_g1_i23.p1	sp|F7E235|FAXC_XENTR	23.8	181	260	406	43	221	118	293	2.40e-06	51.6	sp|F7E235|FAXC_XENTR Failed axon connections homolog OS=Xenopus tropicalis OX=8364 GN=faxc PE=3 SV=1
