TRINITY_DN114_c0_g1_i10.p1	NP_001040533.1	96.983	232	7	0	1	232	1	232	4.57e-172	475	272	260	85	NP_001040533.1 chloride intracellular channel isoform 1 [Bombyx mori]
TRINITY_DN114_c0_g1_i10.p1	XP_012544301.1	97.826	230	5	0	1	230	1	230	5.82e-172	476	272	282	85	XP_012544301.1 chloride intracellular channel isoform X1 [Bombyx mori]
TRINITY_DN114_c0_g1_i10.p1	NP_001041702.1	95.270	148	7	0	85	232	12	159	3.38e-105	303	272	187	54	NP_001041702.1 chloride intracellular channel isoform 2 [Bombyx mori]
TRINITY_DN114_c0_g1_i11.p1	XP_012544301.1	92.580	283	20	1	1	283	1	282	0.0	542	284	282	99	XP_012544301.1 chloride intracellular channel isoform X1 [Bombyx mori]
TRINITY_DN114_c0_g1_i11.p1	NP_001040533.1	88.693	283	9	1	1	283	1	260	0.0	513	284	260	99	NP_001040533.1 chloride intracellular channel isoform 1 [Bombyx mori]
TRINITY_DN114_c0_g1_i11.p1	NP_001041702.1	83.920	199	9	1	85	283	12	187	5.49e-120	341	284	187	70	NP_001041702.1 chloride intracellular channel isoform 2 [Bombyx mori]
TRINITY_DN114_c0_g1_i13.p1	XP_012544301.1	92.580	283	20	1	1	283	1	282	0.0	542	284	282	99	XP_012544301.1 chloride intracellular channel isoform X1 [Bombyx mori]
TRINITY_DN114_c0_g1_i13.p1	NP_001040533.1	88.693	283	9	1	1	283	1	260	0.0	513	284	260	99	NP_001040533.1 chloride intracellular channel isoform 1 [Bombyx mori]
TRINITY_DN114_c0_g1_i13.p1	NP_001041702.1	83.920	199	9	1	85	283	12	187	5.49e-120	341	284	187	70	NP_001041702.1 chloride intracellular channel isoform 2 [Bombyx mori]
TRINITY_DN114_c0_g1_i4.p1	NP_001040533.1	96.983	232	7	0	1	232	1	232	4.57e-172	475	272	260	85	NP_001040533.1 chloride intracellular channel isoform 1 [Bombyx mori]
TRINITY_DN114_c0_g1_i4.p1	XP_012544301.1	97.826	230	5	0	1	230	1	230	5.82e-172	476	272	282	85	XP_012544301.1 chloride intracellular channel isoform X1 [Bombyx mori]
TRINITY_DN114_c0_g1_i4.p1	NP_001041702.1	95.270	148	7	0	85	232	12	159	3.38e-105	303	272	187	54	NP_001041702.1 chloride intracellular channel isoform 2 [Bombyx mori]
TRINITY_DN114_c0_g1_i6.p2	NP_001040533.1	96.538	260	9	0	1	260	1	260	0.0	525	261	260	99	NP_001040533.1 chloride intracellular channel isoform 1 [Bombyx mori]
TRINITY_DN114_c0_g1_i6.p2	XP_012544301.1	89.007	282	9	1	1	260	1	282	0.0	514	261	282	99	XP_012544301.1 chloride intracellular channel isoform X1 [Bombyx mori]
TRINITY_DN114_c0_g1_i6.p2	NP_001041702.1	94.886	176	9	0	85	260	12	187	4.20e-125	353	261	187	67	NP_001041702.1 chloride intracellular channel isoform 2 [Bombyx mori]
TRINITY_DN114_c0_g1_i7.p1	NP_001040533.1	96.983	232	7	0	1	232	1	232	4.57e-172	475	272	260	85	NP_001040533.1 chloride intracellular channel isoform 1 [Bombyx mori]
TRINITY_DN114_c0_g1_i7.p1	XP_012544301.1	97.826	230	5	0	1	230	1	230	5.82e-172	476	272	282	85	XP_012544301.1 chloride intracellular channel isoform X1 [Bombyx mori]
TRINITY_DN114_c0_g1_i7.p1	NP_001041702.1	95.270	148	7	0	85	232	12	159	3.38e-105	303	272	187	54	NP_001041702.1 chloride intracellular channel isoform 2 [Bombyx mori]
TRINITY_DN11666_c0_g1_i1.p1	XP_062526798.1	75.369	203	50	0	1	203	129	331	2.95e-115	332	205	332	99	XP_062526798.1 ganglioside-induced differentiation-associated-protein isoform X1 [Bombyx mori]
TRINITY_DN11666_c0_g1_i1.p1	NP_001186866.1	75.369	203	50	0	1	203	129	331	2.95e-115	332	205	332	99	NP_001186866.1 ganglioside-induced differentiation-associated-protein [Bombyx mori]
TRINITY_DN11666_c0_g1_i1.p2	XP_062526798.1	83.333	108	17	1	1	108	1	107	2.24e-58	183	125	332	86	XP_062526798.1 ganglioside-induced differentiation-associated-protein isoform X1 [Bombyx mori]
TRINITY_DN11666_c0_g1_i1.p2	NP_001186866.1	83.333	108	17	1	1	108	1	107	2.24e-58	183	125	332	86	NP_001186866.1 ganglioside-induced differentiation-associated-protein [Bombyx mori]
TRINITY_DN11666_c0_g1_i1.p2	NP_001040453.1	29.870	77	53	1	26	101	3	79	6.24e-05	41.2	125	216	61	NP_001040453.1 glutathione S-transferae zeta 2 [Bombyx mori]
TRINITY_DN11666_c0_g1_i1.p2	XP_037873489.1	43.333	60	30	2	43	100	51	108	2.88e-04	39.3	125	246	46	XP_037873489.1 glutathione S-transferase 2 isoform X2 [Bombyx mori]
TRINITY_DN11666_c0_g1_i1.p2	XP_037873488.1	43.333	60	30	2	43	100	52	109	2.89e-04	39.3	125	247	46	XP_037873488.1 glutathione S-transferase 2 isoform X1 [Bombyx mori]
TRINITY_DN11666_c0_g1_i1.p2	XP_037873490.1	43.333	60	30	2	43	100	31	88	3.80e-04	38.9	125	226	46	XP_037873490.1 glutathione S-transferase 2 isoform X4 [Bombyx mori]
TRINITY_DN11666_c0_g1_i1.p2	XP_062529825.1	43.333	60	30	2	43	100	32	89	4.04e-04	38.9	125	227	46	XP_062529825.1 glutathione S-transferase 2 isoform X3 [Bombyx mori]
TRINITY_DN11666_c0_g1_i1.p2	XP_062529826.1	44.000	50	26	1	51	100	10	57	4.54e-04	38.5	125	195	40	XP_062529826.1 glutathione S-transferase 2 isoform X5 [Bombyx mori]
TRINITY_DN11666_c0_g1_i2.p1	XP_062526798.1	77.108	332	75	1	1	332	1	331	0.0	537	334	332	99	XP_062526798.1 ganglioside-induced differentiation-associated-protein isoform X1 [Bombyx mori]
TRINITY_DN11666_c0_g1_i2.p1	NP_001186866.1	77.108	332	75	1	1	332	1	331	0.0	537	334	332	99	NP_001186866.1 ganglioside-induced differentiation-associated-protein [Bombyx mori]
TRINITY_DN11666_c0_g1_i2.p1	NP_001040453.1	26.667	120	78	3	27	144	4	115	9.07e-05	43.5	334	216	35	NP_001040453.1 glutathione S-transferae zeta 2 [Bombyx mori]
TRINITY_DN12434_c0_g2_i1.p1	XP_037874601.1	52.315	216	103	0	1	216	1	216	5.40e-88	258	217	217	99	XP_037874601.1 glutathione S-transferase epsilon 3 isoform X1 [Bombyx mori]
TRINITY_DN12434_c0_g2_i1.p1	XP_037874600.1	52.315	216	103	0	1	216	1	216	5.40e-88	258	217	217	99	XP_037874600.1 glutathione S-transferase epsilon 3 isoform X1 [Bombyx mori]
TRINITY_DN12434_c0_g2_i1.p1	XP_012546875.1	52.315	216	103	0	1	216	1	216	5.40e-88	258	217	217	99	XP_012546875.1 glutathione S-transferase epsilon 3 isoform X1 [Bombyx mori]
TRINITY_DN12434_c0_g2_i1.p1	NP_001108466.1	52.315	216	103	0	1	216	1	216	5.40e-88	258	217	217	99	NP_001108466.1 glutathione S-transferase epsilon 3 [Bombyx mori]
TRINITY_DN12434_c0_g2_i1.p1	NP_001108460.1	41.395	215	120	3	5	216	5	216	7.85e-56	177	217	217	98	NP_001108460.1 glutathione S-transferase epsilon 4 [Bombyx mori]
TRINITY_DN12434_c0_g2_i1.p1	NP_001037197.1	39.908	218	129	2	1	216	1	218	1.68e-53	171	217	222	99	NP_001037197.1 glutathione S-transferase epsilon 1 [Bombyx mori]
TRINITY_DN12434_c0_g2_i1.p1	XP_062532228.1	39.171	217	127	4	1	215	1	214	2.17e-52	168	217	215	99	XP_062532228.1 glutathione S-transferase epsilon 2 isoform X1 [Bombyx mori]
TRINITY_DN12434_c0_g2_i1.p1	XP_062532227.1	39.171	217	127	4	1	215	1	214	2.17e-52	168	217	215	99	XP_062532227.1 glutathione S-transferase epsilon 2 isoform X1 [Bombyx mori]
TRINITY_DN12434_c0_g2_i1.p1	XP_062532226.1	39.171	217	127	4	1	215	1	214	2.17e-52	168	217	215	99	XP_062532226.1 glutathione S-transferase epsilon 2 isoform X1 [Bombyx mori]
TRINITY_DN12434_c0_g2_i1.p1	NP_001037420.1	39.171	217	127	4	1	215	1	214	6.57e-52	167	217	215	99	NP_001037420.1 glutathione S-transferase epsilon 2 [Bombyx mori]
TRINITY_DN12434_c0_g2_i1.p1	NP_001040130.1	36.916	214	133	2	2	215	3	214	9.27e-52	166	217	216	99	NP_001040130.1 glutathione S-transferase 1, isoform C-like [Bombyx mori]
TRINITY_DN12434_c0_g2_i1.p1	NP_001108464.1	39.823	226	121	3	1	212	1	225	1.28e-50	164	217	229	98	NP_001108464.1 glutathione S-transferase epsilon 5 [Bombyx mori]
TRINITY_DN12434_c0_g2_i1.p1	XP_062530525.1	38.389	211	120	3	1	205	1	207	2.06e-49	161	217	228	94	XP_062530525.1 glutathione S-transferase epsilon 6 isoform X1 [Bombyx mori]
TRINITY_DN12434_c0_g2_i1.p1	XP_062530524.1	38.389	211	120	3	1	205	1	207	2.06e-49	161	217	228	94	XP_062530524.1 glutathione S-transferase epsilon 6 isoform X1 [Bombyx mori]
TRINITY_DN12434_c0_g2_i1.p1	XP_021205855.1	38.389	211	120	3	1	205	1	207	2.06e-49	161	217	228	94	XP_021205855.1 glutathione S-transferase epsilon 6 isoform X1 [Bombyx mori]
TRINITY_DN12434_c0_g2_i1.p1	XP_021205854.1	38.389	211	120	3	1	205	1	207	2.06e-49	161	217	228	94	XP_021205854.1 glutathione S-transferase epsilon 6 isoform X1 [Bombyx mori]
TRINITY_DN12434_c0_g2_i1.p1	XP_012548743.1	38.389	211	120	3	1	205	1	207	2.06e-49	161	217	228	94	XP_012548743.1 glutathione S-transferase epsilon 6 isoform X1 [Bombyx mori]
TRINITY_DN12434_c0_g2_i1.p1	XP_004930497.3	37.736	212	130	1	5	214	133	344	1.69e-45	155	217	364	97	XP_004930497.3 glutathione S-transferase D7 [Bombyx mori]
TRINITY_DN12434_c0_g2_i1.p1	NP_001108465.1	37.441	211	117	4	1	205	1	202	5.63e-45	149	217	223	94	NP_001108465.1 glutathione S-transferase epsilon 6 [Bombyx mori]
TRINITY_DN12434_c0_g2_i1.p1	NP_001037183.1	35.814	215	133	4	3	214	6	218	3.23e-42	142	217	218	98	NP_001037183.1 glutathione S-transferase delta 1 [Bombyx mori]
TRINITY_DN12434_c0_g2_i1.p1	XP_037877193.1	33.796	216	140	3	1	215	1	214	7.99e-35	123	217	216	99	XP_037877193.1 glutathione S-transferase delta 2 isoform X1 [Bombyx mori]
TRINITY_DN12434_c0_g2_i1.p1	NP_001036974.1	33.796	216	140	3	1	215	1	214	7.99e-35	123	217	216	99	NP_001036974.1 glutathione S-transferase delta 2 [Bombyx mori]
TRINITY_DN12434_c0_g2_i1.p1	NP_001037546.1	33.488	215	139	4	1	213	1	213	1.35e-32	117	217	220	98	NP_001037546.1 glutathione S-transferase delta 3 [Bombyx mori]
TRINITY_DN12434_c0_g2_i1.p1	XP_012546385.1	33.488	215	139	4	1	213	128	340	4.10e-31	117	217	347	98	XP_012546385.1 glutathione S-transferase delta 3 isoform X17 [Bombyx mori]
TRINITY_DN12434_c0_g2_i1.p1	XP_062524888.1	33.488	215	139	4	1	213	166	378	9.45e-31	116	217	385	98	XP_062524888.1 glutathione S-transferase delta 3 isoform X16 [Bombyx mori]
TRINITY_DN12434_c0_g2_i2.p1	XP_037874601.1	52.315	216	103	0	1	216	1	216	5.40e-88	258	217	217	99	XP_037874601.1 glutathione S-transferase epsilon 3 isoform X1 [Bombyx mori]
TRINITY_DN12434_c0_g2_i2.p1	XP_037874600.1	52.315	216	103	0	1	216	1	216	5.40e-88	258	217	217	99	XP_037874600.1 glutathione S-transferase epsilon 3 isoform X1 [Bombyx mori]
TRINITY_DN12434_c0_g2_i2.p1	XP_012546875.1	52.315	216	103	0	1	216	1	216	5.40e-88	258	217	217	99	XP_012546875.1 glutathione S-transferase epsilon 3 isoform X1 [Bombyx mori]
TRINITY_DN12434_c0_g2_i2.p1	NP_001108466.1	52.315	216	103	0	1	216	1	216	5.40e-88	258	217	217	99	NP_001108466.1 glutathione S-transferase epsilon 3 [Bombyx mori]
TRINITY_DN12434_c0_g2_i2.p1	NP_001108460.1	41.395	215	120	3	5	216	5	216	7.85e-56	177	217	217	98	NP_001108460.1 glutathione S-transferase epsilon 4 [Bombyx mori]
TRINITY_DN12434_c0_g2_i2.p1	NP_001037197.1	39.908	218	129	2	1	216	1	218	1.68e-53	171	217	222	99	NP_001037197.1 glutathione S-transferase epsilon 1 [Bombyx mori]
TRINITY_DN12434_c0_g2_i2.p1	XP_062532228.1	39.171	217	127	4	1	215	1	214	2.17e-52	168	217	215	99	XP_062532228.1 glutathione S-transferase epsilon 2 isoform X1 [Bombyx mori]
TRINITY_DN12434_c0_g2_i2.p1	XP_062532227.1	39.171	217	127	4	1	215	1	214	2.17e-52	168	217	215	99	XP_062532227.1 glutathione S-transferase epsilon 2 isoform X1 [Bombyx mori]
TRINITY_DN12434_c0_g2_i2.p1	XP_062532226.1	39.171	217	127	4	1	215	1	214	2.17e-52	168	217	215	99	XP_062532226.1 glutathione S-transferase epsilon 2 isoform X1 [Bombyx mori]
TRINITY_DN12434_c0_g2_i2.p1	NP_001037420.1	39.171	217	127	4	1	215	1	214	6.57e-52	167	217	215	99	NP_001037420.1 glutathione S-transferase epsilon 2 [Bombyx mori]
TRINITY_DN12434_c0_g2_i2.p1	NP_001040130.1	36.916	214	133	2	2	215	3	214	9.27e-52	166	217	216	99	NP_001040130.1 glutathione S-transferase 1, isoform C-like [Bombyx mori]
TRINITY_DN12434_c0_g2_i2.p1	NP_001108464.1	39.823	226	121	3	1	212	1	225	1.28e-50	164	217	229	98	NP_001108464.1 glutathione S-transferase epsilon 5 [Bombyx mori]
TRINITY_DN12434_c0_g2_i2.p1	XP_062530525.1	38.389	211	120	3	1	205	1	207	2.06e-49	161	217	228	94	XP_062530525.1 glutathione S-transferase epsilon 6 isoform X1 [Bombyx mori]
TRINITY_DN12434_c0_g2_i2.p1	XP_062530524.1	38.389	211	120	3	1	205	1	207	2.06e-49	161	217	228	94	XP_062530524.1 glutathione S-transferase epsilon 6 isoform X1 [Bombyx mori]
TRINITY_DN12434_c0_g2_i2.p1	XP_021205855.1	38.389	211	120	3	1	205	1	207	2.06e-49	161	217	228	94	XP_021205855.1 glutathione S-transferase epsilon 6 isoform X1 [Bombyx mori]
TRINITY_DN12434_c0_g2_i2.p1	XP_021205854.1	38.389	211	120	3	1	205	1	207	2.06e-49	161	217	228	94	XP_021205854.1 glutathione S-transferase epsilon 6 isoform X1 [Bombyx mori]
TRINITY_DN12434_c0_g2_i2.p1	XP_012548743.1	38.389	211	120	3	1	205	1	207	2.06e-49	161	217	228	94	XP_012548743.1 glutathione S-transferase epsilon 6 isoform X1 [Bombyx mori]
TRINITY_DN12434_c0_g2_i2.p1	XP_004930497.3	37.736	212	130	1	5	214	133	344	1.69e-45	155	217	364	97	XP_004930497.3 glutathione S-transferase D7 [Bombyx mori]
TRINITY_DN12434_c0_g2_i2.p1	NP_001108465.1	37.441	211	117	4	1	205	1	202	5.63e-45	149	217	223	94	NP_001108465.1 glutathione S-transferase epsilon 6 [Bombyx mori]
TRINITY_DN12434_c0_g2_i2.p1	NP_001037183.1	35.814	215	133	4	3	214	6	218	3.23e-42	142	217	218	98	NP_001037183.1 glutathione S-transferase delta 1 [Bombyx mori]
TRINITY_DN12434_c0_g2_i2.p1	XP_037877193.1	33.796	216	140	3	1	215	1	214	7.99e-35	123	217	216	99	XP_037877193.1 glutathione S-transferase delta 2 isoform X1 [Bombyx mori]
TRINITY_DN12434_c0_g2_i2.p1	NP_001036974.1	33.796	216	140	3	1	215	1	214	7.99e-35	123	217	216	99	NP_001036974.1 glutathione S-transferase delta 2 [Bombyx mori]
TRINITY_DN12434_c0_g2_i2.p1	NP_001037546.1	33.488	215	139	4	1	213	1	213	1.35e-32	117	217	220	98	NP_001037546.1 glutathione S-transferase delta 3 [Bombyx mori]
TRINITY_DN12434_c0_g2_i2.p1	XP_012546385.1	33.488	215	139	4	1	213	128	340	4.10e-31	117	217	347	98	XP_012546385.1 glutathione S-transferase delta 3 isoform X17 [Bombyx mori]
TRINITY_DN12434_c0_g2_i2.p1	XP_062524888.1	33.488	215	139	4	1	213	166	378	9.45e-31	116	217	385	98	XP_062524888.1 glutathione S-transferase delta 3 isoform X16 [Bombyx mori]
TRINITY_DN1310_c0_g1_i1.p1	XP_004930497.3	50.000	220	108	1	5	224	133	350	3.43e-75	231	228	364	96	XP_004930497.3 glutathione S-transferase D7 [Bombyx mori]
TRINITY_DN1310_c0_g1_i1.p1	XP_037874601.1	37.674	215	130	2	1	215	1	211	1.25e-50	164	228	217	94	XP_037874601.1 glutathione S-transferase epsilon 3 isoform X1 [Bombyx mori]
TRINITY_DN1310_c0_g1_i1.p1	XP_037874600.1	37.674	215	130	2	1	215	1	211	1.25e-50	164	228	217	94	XP_037874600.1 glutathione S-transferase epsilon 3 isoform X1 [Bombyx mori]
TRINITY_DN1310_c0_g1_i1.p1	XP_012546875.1	37.674	215	130	2	1	215	1	211	1.25e-50	164	228	217	94	XP_012546875.1 glutathione S-transferase epsilon 3 isoform X1 [Bombyx mori]
TRINITY_DN1310_c0_g1_i1.p1	NP_001108466.1	37.674	215	130	2	1	215	1	211	1.25e-50	164	228	217	94	NP_001108466.1 glutathione S-transferase epsilon 3 [Bombyx mori]
TRINITY_DN1310_c0_g1_i1.p1	XP_062530525.1	34.450	209	135	2	1	209	1	207	7.59e-43	144	228	228	92	XP_062530525.1 glutathione S-transferase epsilon 6 isoform X1 [Bombyx mori]
TRINITY_DN1310_c0_g1_i1.p1	XP_062530524.1	34.450	209	135	2	1	209	1	207	7.59e-43	144	228	228	92	XP_062530524.1 glutathione S-transferase epsilon 6 isoform X1 [Bombyx mori]
TRINITY_DN1310_c0_g1_i1.p1	XP_021205855.1	34.450	209	135	2	1	209	1	207	7.59e-43	144	228	228	92	XP_021205855.1 glutathione S-transferase epsilon 6 isoform X1 [Bombyx mori]
TRINITY_DN1310_c0_g1_i1.p1	XP_021205854.1	34.450	209	135	2	1	209	1	207	7.59e-43	144	228	228	92	XP_021205854.1 glutathione S-transferase epsilon 6 isoform X1 [Bombyx mori]
TRINITY_DN1310_c0_g1_i1.p1	XP_012548743.1	34.450	209	135	2	1	209	1	207	7.59e-43	144	228	228	92	XP_012548743.1 glutathione S-transferase epsilon 6 isoform X1 [Bombyx mori]
TRINITY_DN1310_c0_g1_i1.p1	NP_001108465.1	33.971	209	131	3	1	209	1	202	2.27e-38	133	228	223	92	NP_001108465.1 glutathione S-transferase epsilon 6 [Bombyx mori]
TRINITY_DN1310_c0_g1_i1.p1	XP_062532228.1	32.039	206	135	3	1	206	1	201	1.63e-35	125	228	215	90	XP_062532228.1 glutathione S-transferase epsilon 2 isoform X1 [Bombyx mori]
TRINITY_DN1310_c0_g1_i1.p1	XP_062532227.1	32.039	206	135	3	1	206	1	201	1.63e-35	125	228	215	90	XP_062532227.1 glutathione S-transferase epsilon 2 isoform X1 [Bombyx mori]
TRINITY_DN1310_c0_g1_i1.p1	XP_062532226.1	32.039	206	135	3	1	206	1	201	1.63e-35	125	228	215	90	XP_062532226.1 glutathione S-transferase epsilon 2 isoform X1 [Bombyx mori]
TRINITY_DN1310_c0_g1_i1.p1	NP_001037420.1	31.553	206	136	3	1	206	1	201	1.20e-34	123	228	215	90	NP_001037420.1 glutathione S-transferase epsilon 2 [Bombyx mori]
TRINITY_DN1310_c0_g1_i1.p1	NP_001108460.1	29.279	222	143	4	1	213	1	217	4.60e-34	121	228	217	93	NP_001108460.1 glutathione S-transferase epsilon 4 [Bombyx mori]
TRINITY_DN1310_c0_g1_i1.p1	NP_001108464.1	31.944	216	128	5	1	202	1	211	2.63e-28	107	228	229	89	NP_001108464.1 glutathione S-transferase epsilon 5 [Bombyx mori]
TRINITY_DN1310_c0_g1_i1.p1	NP_001037546.1	34.737	190	119	4	1	190	1	185	1.83e-27	104	228	220	83	NP_001037546.1 glutathione S-transferase delta 3 [Bombyx mori]
TRINITY_DN1310_c0_g1_i1.p1	NP_001037183.1	32.653	196	118	6	5	196	8	193	1.07e-26	102	228	218	84	NP_001037183.1 glutathione S-transferase delta 1 [Bombyx mori]
TRINITY_DN1310_c0_g1_i1.p1	XP_012546385.1	34.737	190	119	4	1	190	128	312	1.42e-26	105	228	347	83	XP_012546385.1 glutathione S-transferase delta 3 isoform X17 [Bombyx mori]
TRINITY_DN1310_c0_g1_i1.p1	XP_062524888.1	34.737	190	119	4	1	190	166	350	3.34e-26	104	228	385	83	XP_062524888.1 glutathione S-transferase delta 3 isoform X16 [Bombyx mori]
TRINITY_DN1310_c0_g1_i1.p1	XP_037877201.1	34.737	190	119	4	1	190	174	358	3.41e-26	104	228	393	83	XP_037877201.1 glutathione S-transferase delta 3 isoform X15 [Bombyx mori]
TRINITY_DN1310_c0_g1_i1.p1	XP_062524885.1	34.737	190	119	4	1	190	176	360	3.67e-26	104	228	395	83	XP_062524885.1 glutathione S-transferase delta 3 isoform X14 [Bombyx mori]
TRINITY_DN1310_c0_g1_i1.p1	XP_062524884.1	34.737	190	119	4	1	190	187	371	4.43e-26	104	228	406	83	XP_062524884.1 glutathione S-transferase delta 3 isoform X13 [Bombyx mori]
TRINITY_DN1310_c0_g1_i1.p1	XP_062524879.1	34.737	190	119	4	1	190	228	412	5.05e-26	105	228	447	83	XP_062524879.1 glutathione S-transferase delta 3 isoform X7 [Bombyx mori]
TRINITY_DN1310_c0_g1_i20.p1	XP_004930497.3	55.652	115	51	0	7	121	133	247	8.54e-43	145	149	364	77	XP_004930497.3 glutathione S-transferase D7 [Bombyx mori]
TRINITY_DN1310_c0_g1_i20.p1	NP_001108465.1	40.000	125	75	0	3	127	1	125	2.40e-29	107	149	223	84	NP_001108465.1 glutathione S-transferase epsilon 6 [Bombyx mori]
TRINITY_DN1310_c0_g1_i20.p1	XP_062530525.1	40.000	125	75	0	3	127	1	125	2.67e-29	107	149	228	84	XP_062530525.1 glutathione S-transferase epsilon 6 isoform X1 [Bombyx mori]
TRINITY_DN1310_c0_g1_i20.p1	XP_062530524.1	40.000	125	75	0	3	127	1	125	2.67e-29	107	149	228	84	XP_062530524.1 glutathione S-transferase epsilon 6 isoform X1 [Bombyx mori]
TRINITY_DN1310_c0_g1_i20.p1	XP_021205855.1	40.000	125	75	0	3	127	1	125	2.67e-29	107	149	228	84	XP_021205855.1 glutathione S-transferase epsilon 6 isoform X1 [Bombyx mori]
TRINITY_DN1310_c0_g1_i20.p1	XP_021205854.1	40.000	125	75	0	3	127	1	125	2.67e-29	107	149	228	84	XP_021205854.1 glutathione S-transferase epsilon 6 isoform X1 [Bombyx mori]
TRINITY_DN1310_c0_g1_i20.p1	XP_012548743.1	40.000	125	75	0	3	127	1	125	2.67e-29	107	149	228	84	XP_012548743.1 glutathione S-transferase epsilon 6 isoform X1 [Bombyx mori]
TRINITY_DN1310_c0_g1_i20.p1	XP_062532228.1	37.288	118	74	0	3	120	1	118	4.88e-28	103	149	215	79	XP_062532228.1 glutathione S-transferase epsilon 2 isoform X1 [Bombyx mori]
TRINITY_DN1310_c0_g1_i20.p1	XP_062532227.1	37.288	118	74	0	3	120	1	118	4.88e-28	103	149	215	79	XP_062532227.1 glutathione S-transferase epsilon 2 isoform X1 [Bombyx mori]
TRINITY_DN1310_c0_g1_i20.p1	XP_062532226.1	37.288	118	74	0	3	120	1	118	4.88e-28	103	149	215	79	XP_062532226.1 glutathione S-transferase epsilon 2 isoform X1 [Bombyx mori]
TRINITY_DN1310_c0_g1_i20.p1	NP_001037420.1	36.441	118	75	0	3	120	1	118	2.99e-27	101	149	215	79	NP_001037420.1 glutathione S-transferase epsilon 2 [Bombyx mori]
TRINITY_DN1310_c0_g1_i20.p1	XP_037874601.1	38.261	115	69	1	3	117	1	113	3.84e-26	98.6	149	217	77	XP_037874601.1 glutathione S-transferase epsilon 3 isoform X1 [Bombyx mori]
TRINITY_DN1310_c0_g1_i20.p1	XP_037874600.1	38.261	115	69	1	3	117	1	113	3.84e-26	98.6	149	217	77	XP_037874600.1 glutathione S-transferase epsilon 3 isoform X1 [Bombyx mori]
TRINITY_DN1310_c0_g1_i20.p1	XP_012546875.1	38.261	115	69	1	3	117	1	113	3.84e-26	98.6	149	217	77	XP_012546875.1 glutathione S-transferase epsilon 3 isoform X1 [Bombyx mori]
TRINITY_DN1310_c0_g1_i20.p1	NP_001108466.1	38.261	115	69	1	3	117	1	113	3.84e-26	98.6	149	217	77	NP_001108466.1 glutathione S-transferase epsilon 3 [Bombyx mori]
TRINITY_DN1310_c0_g1_i20.p1	NP_001037183.1	39.252	107	63	1	7	113	8	112	3.58e-22	88.2	149	218	72	NP_001037183.1 glutathione S-transferase delta 1 [Bombyx mori]
TRINITY_DN1310_c0_g1_i20.p1	NP_001037546.1	39.286	112	67	1	3	114	1	111	4.06e-21	85.5	149	220	75	NP_001037546.1 glutathione S-transferase delta 3 [Bombyx mori]
TRINITY_DN1310_c0_g1_i20.p1	NP_001108464.1	38.136	118	70	2	3	119	1	116	6.75e-21	85.1	149	229	79	NP_001108464.1 glutathione S-transferase epsilon 5 [Bombyx mori]
TRINITY_DN1310_c0_g1_i20.p1	NP_001108460.1	35.965	114	70	2	3	115	1	112	9.72e-21	84.3	149	217	76	NP_001108460.1 glutathione S-transferase epsilon 4 [Bombyx mori]
TRINITY_DN1310_c0_g1_i20.p1	XP_012546385.1	38.938	113	68	1	2	114	127	238	1.22e-20	86.3	149	347	76	XP_012546385.1 glutathione S-transferase delta 3 isoform X17 [Bombyx mori]
TRINITY_DN1310_c0_g1_i20.p1	XP_062524885.1	38.938	113	68	1	2	114	175	286	1.92e-20	86.3	149	395	76	XP_062524885.1 glutathione S-transferase delta 3 isoform X14 [Bombyx mori]
TRINITY_DN1310_c0_g1_i20.p1	XP_062524881.1	38.938	113	68	1	2	114	198	309	2.06e-20	86.3	149	418	76	XP_062524881.1 glutathione S-transferase delta 3 isoform X10 [Bombyx mori]
TRINITY_DN1310_c0_g1_i20.p1	XP_037877200.1	38.938	113	68	1	2	114	206	317	2.12e-20	86.3	149	426	76	XP_037877200.1 glutathione S-transferase delta 3 isoform X8 [Bombyx mori]
TRINITY_DN1310_c0_g1_i20.p1	XP_062524884.1	38.938	113	68	1	2	114	186	297	2.25e-20	86.3	149	406	76	XP_062524884.1 glutathione S-transferase delta 3 isoform X13 [Bombyx mori]
TRINITY_DN1310_c0_g1_i20.p1	XP_062524883.1	38.938	113	68	1	2	114	190	301	2.28e-20	86.3	149	410	76	XP_062524883.1 glutathione S-transferase delta 3 isoform X12 [Bombyx mori]
TRINITY_DN1310_c0_g1_i26.p1	XP_004930497.3	49.545	220	109	1	5	224	133	350	3.66e-75	231	228	364	96	XP_004930497.3 glutathione S-transferase D7 [Bombyx mori]
TRINITY_DN1310_c0_g1_i26.p1	XP_037874601.1	36.744	215	132	2	1	215	1	211	1.35e-49	161	228	217	94	XP_037874601.1 glutathione S-transferase epsilon 3 isoform X1 [Bombyx mori]
TRINITY_DN1310_c0_g1_i26.p1	XP_037874600.1	36.744	215	132	2	1	215	1	211	1.35e-49	161	228	217	94	XP_037874600.1 glutathione S-transferase epsilon 3 isoform X1 [Bombyx mori]
TRINITY_DN1310_c0_g1_i26.p1	XP_012546875.1	36.744	215	132	2	1	215	1	211	1.35e-49	161	228	217	94	XP_012546875.1 glutathione S-transferase epsilon 3 isoform X1 [Bombyx mori]
TRINITY_DN1310_c0_g1_i26.p1	NP_001108466.1	36.744	215	132	2	1	215	1	211	1.35e-49	161	228	217	94	NP_001108466.1 glutathione S-transferase epsilon 3 [Bombyx mori]
TRINITY_DN1310_c0_g1_i26.p1	XP_062530525.1	34.928	209	134	2	1	209	1	207	2.17e-43	146	228	228	92	XP_062530525.1 glutathione S-transferase epsilon 6 isoform X1 [Bombyx mori]
TRINITY_DN1310_c0_g1_i26.p1	XP_062530524.1	34.928	209	134	2	1	209	1	207	2.17e-43	146	228	228	92	XP_062530524.1 glutathione S-transferase epsilon 6 isoform X1 [Bombyx mori]
TRINITY_DN1310_c0_g1_i26.p1	XP_021205855.1	34.928	209	134	2	1	209	1	207	2.17e-43	146	228	228	92	XP_021205855.1 glutathione S-transferase epsilon 6 isoform X1 [Bombyx mori]
TRINITY_DN1310_c0_g1_i26.p1	XP_021205854.1	34.928	209	134	2	1	209	1	207	2.17e-43	146	228	228	92	XP_021205854.1 glutathione S-transferase epsilon 6 isoform X1 [Bombyx mori]
TRINITY_DN1310_c0_g1_i26.p1	XP_012548743.1	34.928	209	134	2	1	209	1	207	2.17e-43	146	228	228	92	XP_012548743.1 glutathione S-transferase epsilon 6 isoform X1 [Bombyx mori]
TRINITY_DN1310_c0_g1_i26.p1	NP_001108465.1	34.450	209	130	3	1	209	1	202	5.10e-39	134	228	223	92	NP_001108465.1 glutathione S-transferase epsilon 6 [Bombyx mori]
TRINITY_DN1310_c0_g1_i26.p1	XP_062532228.1	32.039	206	135	3	1	206	1	201	9.62e-36	126	228	215	90	XP_062532228.1 glutathione S-transferase epsilon 2 isoform X1 [Bombyx mori]
TRINITY_DN1310_c0_g1_i26.p1	XP_062532227.1	32.039	206	135	3	1	206	1	201	9.62e-36	126	228	215	90	XP_062532227.1 glutathione S-transferase epsilon 2 isoform X1 [Bombyx mori]
TRINITY_DN1310_c0_g1_i26.p1	XP_062532226.1	32.039	206	135	3	1	206	1	201	9.62e-36	126	228	215	90	XP_062532226.1 glutathione S-transferase epsilon 2 isoform X1 [Bombyx mori]
TRINITY_DN1310_c0_g1_i26.p1	NP_001037420.1	31.553	206	136	3	1	206	1	201	5.89e-35	124	228	215	90	NP_001037420.1 glutathione S-transferase epsilon 2 [Bombyx mori]
TRINITY_DN1310_c0_g1_i26.p1	NP_001108460.1	30.047	213	135	4	1	204	1	208	2.42e-34	122	228	217	89	NP_001108460.1 glutathione S-transferase epsilon 4 [Bombyx mori]
TRINITY_DN1310_c0_g1_i26.p1	NP_001108464.1	31.019	216	130	5	1	202	1	211	1.29e-27	105	228	229	89	NP_001108464.1 glutathione S-transferase epsilon 5 [Bombyx mori]
TRINITY_DN1310_c0_g1_i26.p1	NP_001037546.1	34.211	190	120	4	1	190	1	185	2.04e-27	104	228	220	83	NP_001037546.1 glutathione S-transferase delta 3 [Bombyx mori]
TRINITY_DN1310_c0_g1_i26.p1	NP_001037183.1	32.143	196	119	6	5	196	8	193	1.38e-26	102	228	218	84	NP_001037183.1 glutathione S-transferase delta 1 [Bombyx mori]
TRINITY_DN1310_c0_g1_i26.p1	XP_012546385.1	34.211	190	120	4	1	190	128	312	1.73e-26	104	228	347	83	XP_012546385.1 glutathione S-transferase delta 3 isoform X17 [Bombyx mori]
TRINITY_DN1310_c0_g1_i26.p1	XP_062524888.1	34.211	190	120	4	1	190	166	350	3.63e-26	104	228	385	83	XP_062524888.1 glutathione S-transferase delta 3 isoform X16 [Bombyx mori]
TRINITY_DN1310_c0_g1_i26.p1	XP_037877201.1	34.211	190	120	4	1	190	174	358	3.70e-26	104	228	393	83	XP_037877201.1 glutathione S-transferase delta 3 isoform X15 [Bombyx mori]
TRINITY_DN1310_c0_g1_i26.p1	XP_062524885.1	34.211	190	120	4	1	190	176	360	3.86e-26	104	228	395	83	XP_062524885.1 glutathione S-transferase delta 3 isoform X14 [Bombyx mori]
TRINITY_DN1310_c0_g1_i26.p1	XP_062524883.1	34.211	190	120	4	1	190	191	375	5.37e-26	104	228	410	83	XP_062524883.1 glutathione S-transferase delta 3 isoform X12 [Bombyx mori]
TRINITY_DN1310_c0_g1_i26.p1	XP_062524884.1	34.211	190	120	4	1	190	187	371	5.43e-26	104	228	406	83	XP_062524884.1 glutathione S-transferase delta 3 isoform X13 [Bombyx mori]
TRINITY_DN1310_c0_g1_i32.p1	XP_004930497.3	55.652	115	51	0	5	119	133	247	1.12e-42	144	147	364	78	XP_004930497.3 glutathione S-transferase D7 [Bombyx mori]
TRINITY_DN1310_c0_g1_i32.p1	NP_001108465.1	40.000	125	75	0	1	125	1	125	2.78e-29	106	147	223	85	NP_001108465.1 glutathione S-transferase epsilon 6 [Bombyx mori]
TRINITY_DN1310_c0_g1_i32.p1	XP_062530525.1	40.000	125	75	0	1	125	1	125	2.89e-29	106	147	228	85	XP_062530525.1 glutathione S-transferase epsilon 6 isoform X1 [Bombyx mori]
TRINITY_DN1310_c0_g1_i32.p1	XP_062530524.1	40.000	125	75	0	1	125	1	125	2.89e-29	106	147	228	85	XP_062530524.1 glutathione S-transferase epsilon 6 isoform X1 [Bombyx mori]
TRINITY_DN1310_c0_g1_i32.p1	XP_021205855.1	40.000	125	75	0	1	125	1	125	2.89e-29	106	147	228	85	XP_021205855.1 glutathione S-transferase epsilon 6 isoform X1 [Bombyx mori]
TRINITY_DN1310_c0_g1_i32.p1	XP_021205854.1	40.000	125	75	0	1	125	1	125	2.89e-29	106	147	228	85	XP_021205854.1 glutathione S-transferase epsilon 6 isoform X1 [Bombyx mori]
TRINITY_DN1310_c0_g1_i32.p1	XP_012548743.1	40.000	125	75	0	1	125	1	125	2.89e-29	106	147	228	85	XP_012548743.1 glutathione S-transferase epsilon 6 isoform X1 [Bombyx mori]
TRINITY_DN1310_c0_g1_i32.p1	XP_062532228.1	37.288	118	74	0	1	118	1	118	5.53e-28	103	147	215	80	XP_062532228.1 glutathione S-transferase epsilon 2 isoform X1 [Bombyx mori]
TRINITY_DN1310_c0_g1_i32.p1	XP_062532227.1	37.288	118	74	0	1	118	1	118	5.53e-28	103	147	215	80	XP_062532227.1 glutathione S-transferase epsilon 2 isoform X1 [Bombyx mori]
TRINITY_DN1310_c0_g1_i32.p1	XP_062532226.1	37.288	118	74	0	1	118	1	118	5.53e-28	103	147	215	80	XP_062532226.1 glutathione S-transferase epsilon 2 isoform X1 [Bombyx mori]
TRINITY_DN1310_c0_g1_i32.p1	NP_001037420.1	36.441	118	75	0	1	118	1	118	3.18e-27	101	147	215	80	NP_001037420.1 glutathione S-transferase epsilon 2 [Bombyx mori]
TRINITY_DN1310_c0_g1_i32.p1	XP_037874601.1	38.261	115	69	1	1	115	1	113	3.26e-26	98.6	147	217	78	XP_037874601.1 glutathione S-transferase epsilon 3 isoform X1 [Bombyx mori]
TRINITY_DN1310_c0_g1_i32.p1	XP_037874600.1	38.261	115	69	1	1	115	1	113	3.26e-26	98.6	147	217	78	XP_037874600.1 glutathione S-transferase epsilon 3 isoform X1 [Bombyx mori]
TRINITY_DN1310_c0_g1_i32.p1	XP_012546875.1	38.261	115	69	1	1	115	1	113	3.26e-26	98.6	147	217	78	XP_012546875.1 glutathione S-transferase epsilon 3 isoform X1 [Bombyx mori]
TRINITY_DN1310_c0_g1_i32.p1	NP_001108466.1	38.261	115	69	1	1	115	1	113	3.26e-26	98.6	147	217	78	NP_001108466.1 glutathione S-transferase epsilon 3 [Bombyx mori]
TRINITY_DN1310_c0_g1_i32.p1	NP_001037183.1	39.252	107	63	1	5	111	8	112	2.83e-22	88.6	147	218	73	NP_001037183.1 glutathione S-transferase delta 1 [Bombyx mori]
TRINITY_DN1310_c0_g1_i32.p1	NP_001037546.1	39.286	112	67	1	1	112	1	111	4.14e-21	85.5	147	220	76	NP_001037546.1 glutathione S-transferase delta 3 [Bombyx mori]
TRINITY_DN1310_c0_g1_i32.p1	NP_001108464.1	38.136	118	70	2	1	117	1	116	6.61e-21	85.1	147	229	80	NP_001108464.1 glutathione S-transferase epsilon 5 [Bombyx mori]
TRINITY_DN1310_c0_g1_i32.p1	NP_001108460.1	35.965	114	70	2	1	113	1	112	9.32e-21	84.3	147	217	77	NP_001108460.1 glutathione S-transferase epsilon 4 [Bombyx mori]
TRINITY_DN1310_c0_g1_i32.p1	XP_012546385.1	39.286	112	67	1	1	112	128	238	1.43e-20	86.3	147	347	76	XP_012546385.1 glutathione S-transferase delta 3 isoform X17 [Bombyx mori]
TRINITY_DN1310_c0_g1_i32.p1	XP_062524885.1	39.286	112	67	1	1	112	176	286	2.26e-20	85.9	147	395	76	XP_062524885.1 glutathione S-transferase delta 3 isoform X14 [Bombyx mori]
TRINITY_DN1310_c0_g1_i32.p1	XP_062524884.1	39.286	112	67	1	1	112	187	297	2.55e-20	85.9	147	406	76	XP_062524884.1 glutathione S-transferase delta 3 isoform X13 [Bombyx mori]
TRINITY_DN1310_c0_g1_i32.p1	XP_062524883.1	39.286	112	67	1	1	112	191	301	2.58e-20	85.9	147	410	76	XP_062524883.1 glutathione S-transferase delta 3 isoform X12 [Bombyx mori]
TRINITY_DN1310_c0_g1_i32.p1	XP_062524881.1	39.286	112	67	1	1	112	199	309	2.63e-20	85.9	147	418	76	XP_062524881.1 glutathione S-transferase delta 3 isoform X10 [Bombyx mori]
TRINITY_DN1310_c0_g1_i32.p1	XP_062524880.1	39.286	112	67	1	1	112	199	309	2.74e-20	85.9	147	418	76	XP_062524880.1 glutathione S-transferase delta 3 isoform X9 [Bombyx mori]
TRINITY_DN1310_c0_g1_i33.p1	XP_004930497.3	50.000	220	108	1	5	224	133	350	3.43e-75	231	228	364	96	XP_004930497.3 glutathione S-transferase D7 [Bombyx mori]
TRINITY_DN1310_c0_g1_i33.p1	XP_037874601.1	37.674	215	130	2	1	215	1	211	1.25e-50	164	228	217	94	XP_037874601.1 glutathione S-transferase epsilon 3 isoform X1 [Bombyx mori]
TRINITY_DN1310_c0_g1_i33.p1	XP_037874600.1	37.674	215	130	2	1	215	1	211	1.25e-50	164	228	217	94	XP_037874600.1 glutathione S-transferase epsilon 3 isoform X1 [Bombyx mori]
TRINITY_DN1310_c0_g1_i33.p1	XP_012546875.1	37.674	215	130	2	1	215	1	211	1.25e-50	164	228	217	94	XP_012546875.1 glutathione S-transferase epsilon 3 isoform X1 [Bombyx mori]
TRINITY_DN1310_c0_g1_i33.p1	NP_001108466.1	37.674	215	130	2	1	215	1	211	1.25e-50	164	228	217	94	NP_001108466.1 glutathione S-transferase epsilon 3 [Bombyx mori]
TRINITY_DN1310_c0_g1_i33.p1	XP_062530525.1	34.450	209	135	2	1	209	1	207	7.59e-43	144	228	228	92	XP_062530525.1 glutathione S-transferase epsilon 6 isoform X1 [Bombyx mori]
TRINITY_DN1310_c0_g1_i33.p1	XP_062530524.1	34.450	209	135	2	1	209	1	207	7.59e-43	144	228	228	92	XP_062530524.1 glutathione S-transferase epsilon 6 isoform X1 [Bombyx mori]
TRINITY_DN1310_c0_g1_i33.p1	XP_021205855.1	34.450	209	135	2	1	209	1	207	7.59e-43	144	228	228	92	XP_021205855.1 glutathione S-transferase epsilon 6 isoform X1 [Bombyx mori]
TRINITY_DN1310_c0_g1_i33.p1	XP_021205854.1	34.450	209	135	2	1	209	1	207	7.59e-43	144	228	228	92	XP_021205854.1 glutathione S-transferase epsilon 6 isoform X1 [Bombyx mori]
TRINITY_DN1310_c0_g1_i33.p1	XP_012548743.1	34.450	209	135	2	1	209	1	207	7.59e-43	144	228	228	92	XP_012548743.1 glutathione S-transferase epsilon 6 isoform X1 [Bombyx mori]
TRINITY_DN1310_c0_g1_i33.p1	NP_001108465.1	33.971	209	131	3	1	209	1	202	2.27e-38	133	228	223	92	NP_001108465.1 glutathione S-transferase epsilon 6 [Bombyx mori]
TRINITY_DN1310_c0_g1_i33.p1	XP_062532228.1	32.039	206	135	3	1	206	1	201	1.63e-35	125	228	215	90	XP_062532228.1 glutathione S-transferase epsilon 2 isoform X1 [Bombyx mori]
TRINITY_DN1310_c0_g1_i33.p1	XP_062532227.1	32.039	206	135	3	1	206	1	201	1.63e-35	125	228	215	90	XP_062532227.1 glutathione S-transferase epsilon 2 isoform X1 [Bombyx mori]
TRINITY_DN1310_c0_g1_i33.p1	XP_062532226.1	32.039	206	135	3	1	206	1	201	1.63e-35	125	228	215	90	XP_062532226.1 glutathione S-transferase epsilon 2 isoform X1 [Bombyx mori]
TRINITY_DN1310_c0_g1_i33.p1	NP_001037420.1	31.553	206	136	3	1	206	1	201	1.20e-34	123	228	215	90	NP_001037420.1 glutathione S-transferase epsilon 2 [Bombyx mori]
TRINITY_DN1310_c0_g1_i33.p1	NP_001108460.1	29.279	222	143	4	1	213	1	217	4.60e-34	121	228	217	93	NP_001108460.1 glutathione S-transferase epsilon 4 [Bombyx mori]
TRINITY_DN1310_c0_g1_i33.p1	NP_001108464.1	31.944	216	128	5	1	202	1	211	2.63e-28	107	228	229	89	NP_001108464.1 glutathione S-transferase epsilon 5 [Bombyx mori]
TRINITY_DN1310_c0_g1_i33.p1	NP_001037546.1	34.737	190	119	4	1	190	1	185	1.83e-27	104	228	220	83	NP_001037546.1 glutathione S-transferase delta 3 [Bombyx mori]
TRINITY_DN1310_c0_g1_i33.p1	NP_001037183.1	32.653	196	118	6	5	196	8	193	1.07e-26	102	228	218	84	NP_001037183.1 glutathione S-transferase delta 1 [Bombyx mori]
TRINITY_DN1310_c0_g1_i33.p1	XP_012546385.1	34.737	190	119	4	1	190	128	312	1.42e-26	105	228	347	83	XP_012546385.1 glutathione S-transferase delta 3 isoform X17 [Bombyx mori]
TRINITY_DN1310_c0_g1_i33.p1	XP_062524888.1	34.737	190	119	4	1	190	166	350	3.34e-26	104	228	385	83	XP_062524888.1 glutathione S-transferase delta 3 isoform X16 [Bombyx mori]
TRINITY_DN1310_c0_g1_i33.p1	XP_037877201.1	34.737	190	119	4	1	190	174	358	3.41e-26	104	228	393	83	XP_037877201.1 glutathione S-transferase delta 3 isoform X15 [Bombyx mori]
TRINITY_DN1310_c0_g1_i33.p1	XP_062524885.1	34.737	190	119	4	1	190	176	360	3.67e-26	104	228	395	83	XP_062524885.1 glutathione S-transferase delta 3 isoform X14 [Bombyx mori]
TRINITY_DN1310_c0_g1_i33.p1	XP_062524884.1	34.737	190	119	4	1	190	187	371	4.43e-26	104	228	406	83	XP_062524884.1 glutathione S-transferase delta 3 isoform X13 [Bombyx mori]
TRINITY_DN1310_c0_g1_i33.p1	XP_062524879.1	34.737	190	119	4	1	190	228	412	5.05e-26	105	228	447	83	XP_062524879.1 glutathione S-transferase delta 3 isoform X7 [Bombyx mori]
TRINITY_DN1310_c0_g1_i39.p1	XP_004930497.3	56.522	115	50	0	5	119	133	247	8.97e-43	144	135	364	85	XP_004930497.3 glutathione S-transferase D7 [Bombyx mori]
TRINITY_DN1310_c0_g1_i39.p1	NP_001108465.1	39.200	125	76	0	1	125	1	125	1.16e-28	104	135	223	93	NP_001108465.1 glutathione S-transferase epsilon 6 [Bombyx mori]
TRINITY_DN1310_c0_g1_i39.p1	XP_062530525.1	39.200	125	76	0	1	125	1	125	1.19e-28	104	135	228	93	XP_062530525.1 glutathione S-transferase epsilon 6 isoform X1 [Bombyx mori]
TRINITY_DN1310_c0_g1_i39.p1	XP_062530524.1	39.200	125	76	0	1	125	1	125	1.19e-28	104	135	228	93	XP_062530524.1 glutathione S-transferase epsilon 6 isoform X1 [Bombyx mori]
TRINITY_DN1310_c0_g1_i39.p1	XP_021205855.1	39.200	125	76	0	1	125	1	125	1.19e-28	104	135	228	93	XP_021205855.1 glutathione S-transferase epsilon 6 isoform X1 [Bombyx mori]
TRINITY_DN1310_c0_g1_i39.p1	XP_021205854.1	39.200	125	76	0	1	125	1	125	1.19e-28	104	135	228	93	XP_021205854.1 glutathione S-transferase epsilon 6 isoform X1 [Bombyx mori]
TRINITY_DN1310_c0_g1_i39.p1	XP_012548743.1	39.200	125	76	0	1	125	1	125	1.19e-28	104	135	228	93	XP_012548743.1 glutathione S-transferase epsilon 6 isoform X1 [Bombyx mori]
TRINITY_DN1310_c0_g1_i39.p1	XP_062532228.1	37.288	118	74	0	1	118	1	118	6.73e-28	102	135	215	87	XP_062532228.1 glutathione S-transferase epsilon 2 isoform X1 [Bombyx mori]
TRINITY_DN1310_c0_g1_i39.p1	XP_062532227.1	37.288	118	74	0	1	118	1	118	6.73e-28	102	135	215	87	XP_062532227.1 glutathione S-transferase epsilon 2 isoform X1 [Bombyx mori]
TRINITY_DN1310_c0_g1_i39.p1	XP_062532226.1	37.288	118	74	0	1	118	1	118	6.73e-28	102	135	215	87	XP_062532226.1 glutathione S-transferase epsilon 2 isoform X1 [Bombyx mori]
TRINITY_DN1310_c0_g1_i39.p1	XP_037874601.1	40.000	115	67	1	1	115	1	113	2.61e-27	100	135	217	85	XP_037874601.1 glutathione S-transferase epsilon 3 isoform X1 [Bombyx mori]
TRINITY_DN1310_c0_g1_i39.p1	XP_037874600.1	40.000	115	67	1	1	115	1	113	2.61e-27	100	135	217	85	XP_037874600.1 glutathione S-transferase epsilon 3 isoform X1 [Bombyx mori]
TRINITY_DN1310_c0_g1_i39.p1	XP_012546875.1	40.000	115	67	1	1	115	1	113	2.61e-27	100	135	217	85	XP_012546875.1 glutathione S-transferase epsilon 3 isoform X1 [Bombyx mori]
TRINITY_DN1310_c0_g1_i39.p1	NP_001108466.1	40.000	115	67	1	1	115	1	113	2.61e-27	100	135	217	85	NP_001108466.1 glutathione S-transferase epsilon 3 [Bombyx mori]
TRINITY_DN1310_c0_g1_i39.p1	NP_001037420.1	36.441	118	75	0	1	118	1	118	3.79e-27	100	135	215	87	NP_001037420.1 glutathione S-transferase epsilon 2 [Bombyx mori]
TRINITY_DN1310_c0_g1_i39.p1	NP_001037183.1	40.187	107	62	1	5	111	8	112	1.93e-22	88.6	135	218	79	NP_001037183.1 glutathione S-transferase delta 1 [Bombyx mori]
TRINITY_DN1310_c0_g1_i39.p1	NP_001108464.1	39.831	118	68	2	1	117	1	116	9.41e-22	87.0	135	229	87	NP_001108464.1 glutathione S-transferase epsilon 5 [Bombyx mori]
TRINITY_DN1310_c0_g1_i39.p1	NP_001037546.1	40.179	112	66	1	1	112	1	111	2.83e-21	85.5	135	220	83	NP_001037546.1 glutathione S-transferase delta 3 [Bombyx mori]
TRINITY_DN1310_c0_g1_i39.p1	NP_001108460.1	35.965	114	70	2	1	113	1	112	1.44e-20	83.6	135	217	84	NP_001108460.1 glutathione S-transferase epsilon 4 [Bombyx mori]
TRINITY_DN1310_c0_g1_i39.p1	XP_012546385.1	40.179	112	66	1	1	112	128	238	1.60e-20	85.5	135	347	83	XP_012546385.1 glutathione S-transferase delta 3 isoform X17 [Bombyx mori]
TRINITY_DN1310_c0_g1_i39.p1	XP_062524885.1	40.179	112	66	1	1	112	176	286	2.25e-20	85.5	135	395	83	XP_062524885.1 glutathione S-transferase delta 3 isoform X14 [Bombyx mori]
TRINITY_DN1310_c0_g1_i39.p1	XP_062524881.1	40.179	112	66	1	1	112	199	309	2.38e-20	85.5	135	418	83	XP_062524881.1 glutathione S-transferase delta 3 isoform X10 [Bombyx mori]
TRINITY_DN1310_c0_g1_i39.p1	XP_062524888.1	40.179	112	66	1	1	112	166	276	2.72e-20	85.1	135	385	83	XP_062524888.1 glutathione S-transferase delta 3 isoform X16 [Bombyx mori]
TRINITY_DN1310_c0_g1_i39.p1	XP_062524879.1	40.179	112	66	1	1	112	228	338	2.80e-20	85.5	135	447	83	XP_062524879.1 glutathione S-transferase delta 3 isoform X7 [Bombyx mori]
TRINITY_DN1310_c0_g1_i39.p1	XP_037877201.1	40.179	112	66	1	1	112	174	284	2.83e-20	85.1	135	393	83	XP_037877201.1 glutathione S-transferase delta 3 isoform X15 [Bombyx mori]
TRINITY_DN1310_c0_g1_i47.p1	XP_004930497.3	49.545	220	109	1	5	224	133	350	3.66e-75	231	228	364	96	XP_004930497.3 glutathione S-transferase D7 [Bombyx mori]
TRINITY_DN1310_c0_g1_i47.p1	XP_037874601.1	36.744	215	132	2	1	215	1	211	1.35e-49	161	228	217	94	XP_037874601.1 glutathione S-transferase epsilon 3 isoform X1 [Bombyx mori]
TRINITY_DN1310_c0_g1_i47.p1	XP_037874600.1	36.744	215	132	2	1	215	1	211	1.35e-49	161	228	217	94	XP_037874600.1 glutathione S-transferase epsilon 3 isoform X1 [Bombyx mori]
TRINITY_DN1310_c0_g1_i47.p1	XP_012546875.1	36.744	215	132	2	1	215	1	211	1.35e-49	161	228	217	94	XP_012546875.1 glutathione S-transferase epsilon 3 isoform X1 [Bombyx mori]
TRINITY_DN1310_c0_g1_i47.p1	NP_001108466.1	36.744	215	132	2	1	215	1	211	1.35e-49	161	228	217	94	NP_001108466.1 glutathione S-transferase epsilon 3 [Bombyx mori]
TRINITY_DN1310_c0_g1_i47.p1	XP_062530525.1	34.928	209	134	2	1	209	1	207	2.17e-43	146	228	228	92	XP_062530525.1 glutathione S-transferase epsilon 6 isoform X1 [Bombyx mori]
TRINITY_DN1310_c0_g1_i47.p1	XP_062530524.1	34.928	209	134	2	1	209	1	207	2.17e-43	146	228	228	92	XP_062530524.1 glutathione S-transferase epsilon 6 isoform X1 [Bombyx mori]
TRINITY_DN1310_c0_g1_i47.p1	XP_021205855.1	34.928	209	134	2	1	209	1	207	2.17e-43	146	228	228	92	XP_021205855.1 glutathione S-transferase epsilon 6 isoform X1 [Bombyx mori]
TRINITY_DN1310_c0_g1_i47.p1	XP_021205854.1	34.928	209	134	2	1	209	1	207	2.17e-43	146	228	228	92	XP_021205854.1 glutathione S-transferase epsilon 6 isoform X1 [Bombyx mori]
TRINITY_DN1310_c0_g1_i47.p1	XP_012548743.1	34.928	209	134	2	1	209	1	207	2.17e-43	146	228	228	92	XP_012548743.1 glutathione S-transferase epsilon 6 isoform X1 [Bombyx mori]
TRINITY_DN1310_c0_g1_i47.p1	NP_001108465.1	34.450	209	130	3	1	209	1	202	5.10e-39	134	228	223	92	NP_001108465.1 glutathione S-transferase epsilon 6 [Bombyx mori]
TRINITY_DN1310_c0_g1_i47.p1	XP_062532228.1	32.039	206	135	3	1	206	1	201	9.62e-36	126	228	215	90	XP_062532228.1 glutathione S-transferase epsilon 2 isoform X1 [Bombyx mori]
TRINITY_DN1310_c0_g1_i47.p1	XP_062532227.1	32.039	206	135	3	1	206	1	201	9.62e-36	126	228	215	90	XP_062532227.1 glutathione S-transferase epsilon 2 isoform X1 [Bombyx mori]
TRINITY_DN1310_c0_g1_i47.p1	XP_062532226.1	32.039	206	135	3	1	206	1	201	9.62e-36	126	228	215	90	XP_062532226.1 glutathione S-transferase epsilon 2 isoform X1 [Bombyx mori]
TRINITY_DN1310_c0_g1_i47.p1	NP_001037420.1	31.553	206	136	3	1	206	1	201	5.89e-35	124	228	215	90	NP_001037420.1 glutathione S-transferase epsilon 2 [Bombyx mori]
TRINITY_DN1310_c0_g1_i47.p1	NP_001108460.1	30.047	213	135	4	1	204	1	208	2.42e-34	122	228	217	89	NP_001108460.1 glutathione S-transferase epsilon 4 [Bombyx mori]
TRINITY_DN1310_c0_g1_i47.p1	NP_001108464.1	31.019	216	130	5	1	202	1	211	1.29e-27	105	228	229	89	NP_001108464.1 glutathione S-transferase epsilon 5 [Bombyx mori]
TRINITY_DN1310_c0_g1_i47.p1	NP_001037546.1	34.211	190	120	4	1	190	1	185	2.04e-27	104	228	220	83	NP_001037546.1 glutathione S-transferase delta 3 [Bombyx mori]
TRINITY_DN1310_c0_g1_i47.p1	NP_001037183.1	32.143	196	119	6	5	196	8	193	1.38e-26	102	228	218	84	NP_001037183.1 glutathione S-transferase delta 1 [Bombyx mori]
TRINITY_DN1310_c0_g1_i47.p1	XP_012546385.1	34.211	190	120	4	1	190	128	312	1.73e-26	104	228	347	83	XP_012546385.1 glutathione S-transferase delta 3 isoform X17 [Bombyx mori]
TRINITY_DN1310_c0_g1_i47.p1	XP_062524888.1	34.211	190	120	4	1	190	166	350	3.63e-26	104	228	385	83	XP_062524888.1 glutathione S-transferase delta 3 isoform X16 [Bombyx mori]
TRINITY_DN1310_c0_g1_i47.p1	XP_037877201.1	34.211	190	120	4	1	190	174	358	3.70e-26	104	228	393	83	XP_037877201.1 glutathione S-transferase delta 3 isoform X15 [Bombyx mori]
TRINITY_DN1310_c0_g1_i47.p1	XP_062524885.1	34.211	190	120	4	1	190	176	360	3.86e-26	104	228	395	83	XP_062524885.1 glutathione S-transferase delta 3 isoform X14 [Bombyx mori]
TRINITY_DN1310_c0_g1_i47.p1	XP_062524883.1	34.211	190	120	4	1	190	191	375	5.37e-26	104	228	410	83	XP_062524883.1 glutathione S-transferase delta 3 isoform X12 [Bombyx mori]
TRINITY_DN1310_c0_g1_i47.p1	XP_062524884.1	34.211	190	120	4	1	190	187	371	5.43e-26	104	228	406	83	XP_062524884.1 glutathione S-transferase delta 3 isoform X13 [Bombyx mori]
TRINITY_DN1310_c0_g1_i8.p1	XP_004930497.3	55.652	115	51	0	5	119	133	247	8.15e-43	144	135	364	85	XP_004930497.3 glutathione S-transferase D7 [Bombyx mori]
TRINITY_DN1310_c0_g1_i8.p1	NP_001108465.1	40.000	125	75	0	1	125	1	125	2.36e-29	106	135	223	93	NP_001108465.1 glutathione S-transferase epsilon 6 [Bombyx mori]
TRINITY_DN1310_c0_g1_i8.p1	XP_062530525.1	40.000	125	75	0	1	125	1	125	2.46e-29	106	135	228	93	XP_062530525.1 glutathione S-transferase epsilon 6 isoform X1 [Bombyx mori]
TRINITY_DN1310_c0_g1_i8.p1	XP_062530524.1	40.000	125	75	0	1	125	1	125	2.46e-29	106	135	228	93	XP_062530524.1 glutathione S-transferase epsilon 6 isoform X1 [Bombyx mori]
TRINITY_DN1310_c0_g1_i8.p1	XP_021205855.1	40.000	125	75	0	1	125	1	125	2.46e-29	106	135	228	93	XP_021205855.1 glutathione S-transferase epsilon 6 isoform X1 [Bombyx mori]
TRINITY_DN1310_c0_g1_i8.p1	XP_021205854.1	40.000	125	75	0	1	125	1	125	2.46e-29	106	135	228	93	XP_021205854.1 glutathione S-transferase epsilon 6 isoform X1 [Bombyx mori]
TRINITY_DN1310_c0_g1_i8.p1	XP_012548743.1	40.000	125	75	0	1	125	1	125	2.46e-29	106	135	228	93	XP_012548743.1 glutathione S-transferase epsilon 6 isoform X1 [Bombyx mori]
TRINITY_DN1310_c0_g1_i8.p1	XP_062532228.1	37.288	118	74	0	1	118	1	118	3.72e-28	103	135	215	87	XP_062532228.1 glutathione S-transferase epsilon 2 isoform X1 [Bombyx mori]
TRINITY_DN1310_c0_g1_i8.p1	XP_062532227.1	37.288	118	74	0	1	118	1	118	3.72e-28	103	135	215	87	XP_062532227.1 glutathione S-transferase epsilon 2 isoform X1 [Bombyx mori]
TRINITY_DN1310_c0_g1_i8.p1	XP_062532226.1	37.288	118	74	0	1	118	1	118	3.72e-28	103	135	215	87	XP_062532226.1 glutathione S-transferase epsilon 2 isoform X1 [Bombyx mori]
TRINITY_DN1310_c0_g1_i8.p1	NP_001037420.1	36.441	118	75	0	1	118	1	118	2.29e-27	101	135	215	87	NP_001037420.1 glutathione S-transferase epsilon 2 [Bombyx mori]
TRINITY_DN1310_c0_g1_i8.p1	XP_037874601.1	38.261	115	69	1	1	115	1	113	1.64e-26	99.0	135	217	85	XP_037874601.1 glutathione S-transferase epsilon 3 isoform X1 [Bombyx mori]
TRINITY_DN1310_c0_g1_i8.p1	XP_037874600.1	38.261	115	69	1	1	115	1	113	1.64e-26	99.0	135	217	85	XP_037874600.1 glutathione S-transferase epsilon 3 isoform X1 [Bombyx mori]
TRINITY_DN1310_c0_g1_i8.p1	XP_012546875.1	38.261	115	69	1	1	115	1	113	1.64e-26	99.0	135	217	85	XP_012546875.1 glutathione S-transferase epsilon 3 isoform X1 [Bombyx mori]
TRINITY_DN1310_c0_g1_i8.p1	NP_001108466.1	38.261	115	69	1	1	115	1	113	1.64e-26	99.0	135	217	85	NP_001108466.1 glutathione S-transferase epsilon 3 [Bombyx mori]
TRINITY_DN1310_c0_g1_i8.p1	NP_001037183.1	39.252	107	63	1	5	111	8	112	2.38e-22	88.2	135	218	79	NP_001037183.1 glutathione S-transferase delta 1 [Bombyx mori]
TRINITY_DN1310_c0_g1_i8.p1	NP_001037546.1	39.286	112	67	1	1	112	1	111	2.63e-21	85.5	135	220	83	NP_001037546.1 glutathione S-transferase delta 3 [Bombyx mori]
TRINITY_DN1310_c0_g1_i8.p1	NP_001108464.1	38.136	118	70	2	1	117	1	116	4.92e-21	85.1	135	229	87	NP_001108464.1 glutathione S-transferase epsilon 5 [Bombyx mori]
TRINITY_DN1310_c0_g1_i8.p1	NP_001108460.1	36.364	110	67	2	5	113	5	112	6.38e-21	84.3	135	217	81	NP_001108460.1 glutathione S-transferase epsilon 4 [Bombyx mori]
TRINITY_DN1310_c0_g1_i8.p1	XP_012546385.1	39.286	112	67	1	1	112	128	238	1.43e-20	85.5	135	347	83	XP_012546385.1 glutathione S-transferase delta 3 isoform X17 [Bombyx mori]
TRINITY_DN1310_c0_g1_i8.p1	XP_062524885.1	39.286	112	67	1	1	112	176	286	1.88e-20	85.9	135	395	83	XP_062524885.1 glutathione S-transferase delta 3 isoform X14 [Bombyx mori]
TRINITY_DN1310_c0_g1_i8.p1	XP_037877201.1	39.286	112	67	1	1	112	174	284	2.56e-20	85.5	135	393	83	XP_037877201.1 glutathione S-transferase delta 3 isoform X15 [Bombyx mori]
TRINITY_DN1310_c0_g1_i8.p1	XP_062524888.1	39.286	112	67	1	1	112	166	276	2.56e-20	85.1	135	385	83	XP_062524888.1 glutathione S-transferase delta 3 isoform X16 [Bombyx mori]
TRINITY_DN1310_c0_g1_i8.p1	XP_062524879.1	39.286	112	67	1	1	112	228	338	1.18e-19	84.0	135	447	83	XP_062524879.1 glutathione S-transferase delta 3 isoform X7 [Bombyx mori]
TRINITY_DN1310_c0_g1_i8.p1	XP_037877196.1	39.286	112	67	1	1	112	251	361	1.55e-19	83.6	135	470	83	XP_037877196.1 glutathione S-transferase delta 3 isoform X3 [Bombyx mori]
TRINITY_DN1343_c0_g1_i12.p1	XP_004930432.1	74.627	201	50	1	2	201	218	418	1.27e-107	322	201	658	99	XP_004930432.1 S1 RNA-binding domain-containing protein 1 isoform X2 [Bombyx mori]
TRINITY_DN1343_c0_g1_i12.p1	XP_004930431.1	74.627	201	50	1	2	201	218	418	1.42e-106	323	201	802	99	XP_004930431.1 S1 RNA-binding domain-containing protein 1 isoform X1 [Bombyx mori]
TRINITY_DN1343_c0_g1_i12.p2	XP_004930432.1	36.601	153	69	3	1	149	1	129	4.85e-21	88.6	150	658	99	XP_004930432.1 S1 RNA-binding domain-containing protein 1 isoform X2 [Bombyx mori]
TRINITY_DN1343_c0_g1_i12.p2	XP_004930431.1	36.601	153	69	3	1	149	1	129	4.89e-21	88.6	150	802	99	XP_004930431.1 S1 RNA-binding domain-containing protein 1 isoform X1 [Bombyx mori]
TRINITY_DN1343_c0_g1_i14.p1	XP_004930431.1	64.536	829	262	5	1	824	1	802	0.0	1091	826	802	99	XP_004930431.1 S1 RNA-binding domain-containing protein 1 isoform X1 [Bombyx mori]
TRINITY_DN1343_c0_g1_i14.p1	XP_004930432.1	65.390	679	206	4	1	674	1	655	0.0	900	826	658	82	XP_004930432.1 S1 RNA-binding domain-containing protein 1 isoform X2 [Bombyx mori]
TRINITY_DN1343_c0_g1_i14.p1	XP_037868375.1	26.289	194	117	8	506	676	879	1069	3.87e-08	57.8	826	1727	21	XP_037868375.1 transcription elongation factor SPT6 [Bombyx mori]
TRINITY_DN1343_c0_g1_i15.p1	XP_004930431.1	69.841	63	19	0	45	107	740	802	9.84e-27	103	109	802	58	XP_004930431.1 S1 RNA-binding domain-containing protein 1 isoform X1 [Bombyx mori]
TRINITY_DN1343_c0_g1_i17.p2	XP_004930431.1	66.154	260	85	1	1	260	546	802	4.91e-120	361	262	802	99	XP_004930431.1 S1 RNA-binding domain-containing protein 1 isoform X1 [Bombyx mori]
TRINITY_DN1343_c0_g1_i17.p2	XP_004930432.1	73.636	110	29	0	1	110	546	655	1.38e-50	176	262	658	42	XP_004930432.1 S1 RNA-binding domain-containing protein 1 isoform X2 [Bombyx mori]
TRINITY_DN1343_c0_g1_i17.p2	XP_037868375.1	29.524	105	59	4	23	112	965	1069	5.17e-06	48.1	262	1727	34	XP_037868375.1 transcription elongation factor SPT6 [Bombyx mori]
TRINITY_DN1343_c0_g1_i17.p1	XP_004930431.1	63.380	568	179	4	1	563	1	544	0.0	723	569	802	99	XP_004930431.1 S1 RNA-binding domain-containing protein 1 isoform X1 [Bombyx mori]
TRINITY_DN1343_c0_g1_i17.p1	XP_004930432.1	63.380	568	179	4	1	563	1	544	0.0	721	569	658	99	XP_004930432.1 S1 RNA-binding domain-containing protein 1 isoform X2 [Bombyx mori]
TRINITY_DN1343_c0_g1_i18.p1	XP_012546165.2	28.276	145	96	3	5	149	3	139	6.07e-10	59.7	329	276	44	XP_012546165.2 uncharacterized protein LOC101737154 [Bombyx mori]
TRINITY_DN1343_c0_g1_i18.p1	XP_004925760.2	29.323	133	69	4	7	127	12	131	8.12e-09	55.8	329	254	37	XP_004925760.2 uncharacterized protein LOC101739359 [Bombyx mori]
TRINITY_DN1343_c0_g1_i18.p1	XP_021206723.2	26.897	145	98	2	5	149	3	139	4.56e-08	53.9	329	278	44	XP_021206723.2 uncharacterized protein LOC101741829 [Bombyx mori]
TRINITY_DN1343_c0_g1_i18.p1	XP_062532448.1	34.409	93	46	2	5	97	14	91	8.54e-08	53.5	329	346	28	XP_062532448.1 uncharacterized protein LOC134201530 [Bombyx mori]
TRINITY_DN1343_c0_g1_i18.p1	XP_062532448.1	37.097	62	39	0	5	66	144	205	7.36e-04	41.2	329	346	28	XP_062532448.1 uncharacterized protein LOC134201530 [Bombyx mori]
TRINITY_DN1343_c0_g1_i18.p1	XP_004926405.1	40.625	64	35	1	226	289	150	210	3.28e-07	50.8	329	222	51	XP_004926405.1 transcription factor Adf-1 [Bombyx mori]
TRINITY_DN1343_c0_g1_i18.p1	XP_004926405.1	29.245	106	60	2	7	109	15	108	8.97e-07	49.7	329	222	51	XP_004926405.1 transcription factor Adf-1 [Bombyx mori]
TRINITY_DN1343_c0_g1_i18.p1	XP_037868940.1	28.369	141	80	4	2	130	16	147	4.02e-07	51.6	329	336	39	XP_037868940.1 uncharacterized protein LOC119628912 [Bombyx mori]
TRINITY_DN1343_c0_g1_i18.p1	XP_062526899.1	28.369	141	80	4	2	130	16	147	4.24e-07	51.2	329	336	39	XP_062526899.1 uncharacterized protein LOC134199628 [Bombyx mori]
TRINITY_DN1343_c0_g1_i18.p1	XP_062531804.1	28.369	141	80	4	2	130	16	147	4.99e-07	51.2	329	336	39	XP_062531804.1 uncharacterized protein LOC134201303 [Bombyx mori]
TRINITY_DN1343_c0_g1_i18.p1	XP_037876480.1	28.369	141	80	4	2	130	16	147	4.99e-07	51.2	329	336	39	XP_037876480.1 uncharacterized protein LOC119630624 [Bombyx mori]
TRINITY_DN1343_c0_g1_i18.p1	XP_037870006.2	28.369	141	80	4	2	130	16	147	4.99e-07	51.2	329	336	39	XP_037870006.2 uncharacterized protein LOC119629146 [Bombyx mori]
TRINITY_DN1343_c0_g1_i18.p1	XP_037869968.1	28.369	141	80	4	2	130	16	147	4.99e-07	51.2	329	336	39	XP_037869968.1 uncharacterized protein LOC119629132 [Bombyx mori]
TRINITY_DN1343_c0_g1_i18.p1	XP_037867396.1	28.777	139	78	4	2	128	16	145	7.78e-07	48.9	329	173	39	XP_037867396.1 uncharacterized protein LOC119628609 [Bombyx mori]
TRINITY_DN1343_c0_g1_i18.p1	NP_001182382.1	24.219	128	91	1	3	130	8	129	1.62e-06	48.5	329	193	39	NP_001182382.1 Bm8 interacting protein 2d-2 [Bombyx mori]
TRINITY_DN1343_c0_g1_i18.p1	XP_062529256.1	29.592	98	54	2	7	104	6	88	1.67e-06	48.5	329	210	30	XP_062529256.1 transcription factor Adf-1 isoform X2 [Bombyx mori]
TRINITY_DN1343_c0_g1_i18.p1	XP_004922050.1	29.592	98	54	2	7	104	6	88	1.67e-06	48.5	329	210	30	XP_004922050.1 transcription factor Adf-1 isoform X2 [Bombyx mori]
TRINITY_DN1343_c0_g1_i18.p1	XP_004923611.2	32.692	104	43	3	7	97	11	100	3.63e-06	47.8	329	239	28	XP_004923611.2 uncharacterized protein LOC101739011 [Bombyx mori]
TRINITY_DN1343_c0_g1_i18.p1	XP_012553292.2	32.979	94	61	1	6	99	17	108	4.00e-06	48.1	329	268	29	XP_012553292.2 uncharacterized protein LOC105843009 [Bombyx mori]
TRINITY_DN1343_c0_g1_i18.p1	XP_004930346.3	32.432	111	58	6	1	101	23	126	8.47e-06	47.0	329	291	31	XP_004930346.3 uncharacterized protein LOC101738540 [Bombyx mori]
TRINITY_DN1343_c0_g1_i18.p1	XP_004922069.2	36.508	63	40	0	6	68	5	67	3.33e-05	45.1	329	270	19	XP_004922069.2 uncharacterized protein LOC101736872 [Bombyx mori]
TRINITY_DN1343_c0_g1_i18.p1	XP_062529255.1	28.431	102	54	3	7	104	6	92	1.58e-04	42.7	329	214	30	XP_062529255.1 transcription factor Adf-1 isoform X1 [Bombyx mori]
TRINITY_DN1343_c0_g1_i18.p1	XP_021203869.1	28.431	102	54	3	7	104	6	92	1.58e-04	42.7	329	214	30	XP_021203869.1 transcription factor Adf-1 isoform X1 [Bombyx mori]
TRINITY_DN1343_c0_g1_i18.p1	XP_021203868.1	28.431	102	54	3	7	104	6	92	1.58e-04	42.7	329	214	30	XP_021203868.1 transcription factor Adf-1 isoform X1 [Bombyx mori]
TRINITY_DN1343_c0_g1_i18.p1	XP_062531795.1	29.915	117	69	5	15	127	17	124	2.43e-04	42.7	329	320	34	XP_062531795.1 uncharacterized protein LOC134201295 [Bombyx mori]
TRINITY_DN1343_c0_g1_i18.p1	XP_004922555.2	26.016	123	81	3	6	124	17	133	2.95e-04	42.7	329	347	36	XP_004922555.2 uncharacterized protein LOC101736167 [Bombyx mori]
TRINITY_DN1343_c0_g1_i18.p1	XP_037874534.2	26.667	120	82	4	6	124	36	150	3.22e-04	42.0	329	230	36	XP_037874534.2 uncharacterized protein LOC119628408 isoform X1 [Bombyx mori]
TRINITY_DN1343_c0_g1_i19.p1	XP_004930431.1	64.536	829	262	5	1	824	1	802	0.0	1091	826	802	99	XP_004930431.1 S1 RNA-binding domain-containing protein 1 isoform X1 [Bombyx mori]
TRINITY_DN1343_c0_g1_i19.p1	XP_004930432.1	65.390	679	206	4	1	674	1	655	0.0	900	826	658	82	XP_004930432.1 S1 RNA-binding domain-containing protein 1 isoform X2 [Bombyx mori]
TRINITY_DN1343_c0_g1_i19.p1	XP_037868375.1	26.289	194	117	8	506	676	879	1069	3.87e-08	57.8	826	1727	21	XP_037868375.1 transcription elongation factor SPT6 [Bombyx mori]
TRINITY_DN1343_c0_g1_i2.p1	XP_004930431.1	61.654	532	175	4	1	527	1	508	0.0	655	532	802	99	XP_004930431.1 S1 RNA-binding domain-containing protein 1 isoform X1 [Bombyx mori]
TRINITY_DN1343_c0_g1_i2.p1	XP_004930432.1	61.654	532	175	4	1	527	1	508	0.0	655	532	658	99	XP_004930432.1 S1 RNA-binding domain-containing protein 1 isoform X2 [Bombyx mori]
TRINITY_DN1343_c0_g1_i20.p2	XP_004930432.1	36.601	153	69	3	1	149	1	129	4.85e-21	88.6	150	658	99	XP_004930432.1 S1 RNA-binding domain-containing protein 1 isoform X2 [Bombyx mori]
TRINITY_DN1343_c0_g1_i20.p2	XP_004930431.1	36.601	153	69	3	1	149	1	129	4.89e-21	88.6	150	802	99	XP_004930431.1 S1 RNA-binding domain-containing protein 1 isoform X1 [Bombyx mori]
TRINITY_DN1343_c0_g1_i20.p1	XP_004930432.1	74.627	201	50	1	2	201	218	418	1.27e-107	322	201	658	99	XP_004930432.1 S1 RNA-binding domain-containing protein 1 isoform X2 [Bombyx mori]
TRINITY_DN1343_c0_g1_i20.p1	XP_004930431.1	74.627	201	50	1	2	201	218	418	1.42e-106	323	201	802	99	XP_004930431.1 S1 RNA-binding domain-containing protein 1 isoform X1 [Bombyx mori]
TRINITY_DN1343_c0_g1_i4.p1	XP_004930431.1	64.536	829	262	5	1	824	1	802	0.0	1091	826	802	99	XP_004930431.1 S1 RNA-binding domain-containing protein 1 isoform X1 [Bombyx mori]
TRINITY_DN1343_c0_g1_i4.p1	XP_004930432.1	65.390	679	206	4	1	674	1	655	0.0	900	826	658	82	XP_004930432.1 S1 RNA-binding domain-containing protein 1 isoform X2 [Bombyx mori]
TRINITY_DN1343_c0_g1_i4.p1	XP_037868375.1	26.289	194	117	8	506	676	879	1069	3.87e-08	57.8	826	1727	21	XP_037868375.1 transcription elongation factor SPT6 [Bombyx mori]
TRINITY_DN1343_c0_g1_i5.p1	XP_004930431.1	69.130	230	68	1	1	230	513	739	1.58e-106	325	231	802	99	XP_004930431.1 S1 RNA-binding domain-containing protein 1 isoform X1 [Bombyx mori]
TRINITY_DN1343_c0_g1_i5.p1	XP_004930432.1	77.241	145	33	0	1	145	513	657	6.29e-75	239	231	658	63	XP_004930432.1 S1 RNA-binding domain-containing protein 1 isoform X2 [Bombyx mori]
TRINITY_DN1343_c0_g1_i7.p1	XP_004930431.1	66.154	260	85	1	1	260	546	802	4.91e-120	361	262	802	99	XP_004930431.1 S1 RNA-binding domain-containing protein 1 isoform X1 [Bombyx mori]
TRINITY_DN1343_c0_g1_i7.p1	XP_004930432.1	73.636	110	29	0	1	110	546	655	1.38e-50	176	262	658	42	XP_004930432.1 S1 RNA-binding domain-containing protein 1 isoform X2 [Bombyx mori]
TRINITY_DN1343_c0_g1_i7.p1	XP_037868375.1	29.524	105	59	4	23	112	965	1069	5.17e-06	48.1	262	1727	34	XP_037868375.1 transcription elongation factor SPT6 [Bombyx mori]
TRINITY_DN1343_c0_g1_i8.p1	XP_004930431.1	63.380	568	179	4	1	563	1	544	0.0	723	569	802	99	XP_004930431.1 S1 RNA-binding domain-containing protein 1 isoform X1 [Bombyx mori]
TRINITY_DN1343_c0_g1_i8.p1	XP_004930432.1	63.380	568	179	4	1	563	1	544	0.0	721	569	658	99	XP_004930432.1 S1 RNA-binding domain-containing protein 1 isoform X2 [Bombyx mori]
TRINITY_DN1343_c0_g1_i8.p2	XP_004930431.1	66.154	260	85	1	1	260	546	802	4.91e-120	361	262	802	99	XP_004930431.1 S1 RNA-binding domain-containing protein 1 isoform X1 [Bombyx mori]
TRINITY_DN1343_c0_g1_i8.p2	XP_004930432.1	73.636	110	29	0	1	110	546	655	1.38e-50	176	262	658	42	XP_004930432.1 S1 RNA-binding domain-containing protein 1 isoform X2 [Bombyx mori]
TRINITY_DN1343_c0_g1_i8.p2	XP_037868375.1	29.524	105	59	4	23	112	965	1069	5.17e-06	48.1	262	1727	34	XP_037868375.1 transcription elongation factor SPT6 [Bombyx mori]
TRINITY_DN1343_c0_g1_i9.p1	XP_004930431.1	69.130	230	68	1	1	230	513	739	1.58e-106	325	231	802	99	XP_004930431.1 S1 RNA-binding domain-containing protein 1 isoform X1 [Bombyx mori]
TRINITY_DN1343_c0_g1_i9.p1	XP_004930432.1	77.241	145	33	0	1	145	513	657	6.29e-75	239	231	658	63	XP_004930432.1 S1 RNA-binding domain-containing protein 1 isoform X2 [Bombyx mori]
TRINITY_DN13779_c0_g1_i1.p1	NP_001037546.1	70.455	220	64	1	1	219	1	220	1.14e-109	314	220	220	99	NP_001037546.1 glutathione S-transferase delta 3 [Bombyx mori]
TRINITY_DN13779_c0_g1_i1.p1	XP_062524883.1	70.455	220	64	1	1	219	191	410	5.10e-109	319	220	410	99	XP_062524883.1 glutathione S-transferase delta 3 isoform X12 [Bombyx mori]
TRINITY_DN13779_c0_g1_i1.p1	XP_062524885.1	70.455	220	64	1	1	219	176	395	5.42e-109	318	220	395	99	XP_062524885.1 glutathione S-transferase delta 3 isoform X14 [Bombyx mori]
TRINITY_DN13779_c0_g1_i1.p1	XP_062524884.1	70.455	220	64	1	1	219	187	406	5.47e-109	319	220	406	99	XP_062524884.1 glutathione S-transferase delta 3 isoform X13 [Bombyx mori]
TRINITY_DN13779_c0_g1_i1.p1	XP_062524882.1	70.455	220	64	1	1	219	195	414	6.44e-109	319	220	414	99	XP_062524882.1 glutathione S-transferase delta 3 isoform X11 [Bombyx mori]
TRINITY_DN13779_c0_g1_i1.p1	XP_062524881.1	70.455	220	64	1	1	219	199	418	6.91e-109	319	220	418	99	XP_062524881.1 glutathione S-transferase delta 3 isoform X10 [Bombyx mori]
TRINITY_DN13779_c0_g1_i1.p1	XP_062524880.1	70.455	220	64	1	1	219	199	418	7.30e-109	319	220	418	99	XP_062524880.1 glutathione S-transferase delta 3 isoform X9 [Bombyx mori]
TRINITY_DN13779_c0_g1_i1.p1	XP_037877200.1	70.455	220	64	1	1	219	207	426	8.12e-109	319	220	426	99	XP_037877200.1 glutathione S-transferase delta 3 isoform X8 [Bombyx mori]
TRINITY_DN13779_c0_g1_i1.p1	XP_062524888.1	70.455	220	64	1	1	219	166	385	3.10e-108	316	220	385	99	XP_062524888.1 glutathione S-transferase delta 3 isoform X16 [Bombyx mori]
TRINITY_DN13779_c0_g1_i1.p1	XP_012546385.1	70.455	220	64	1	1	219	128	347	3.19e-108	315	220	347	99	XP_012546385.1 glutathione S-transferase delta 3 isoform X17 [Bombyx mori]
TRINITY_DN13779_c0_g1_i1.p1	XP_062524879.1	70.455	220	64	1	1	219	228	447	3.78e-108	318	220	447	99	XP_062524879.1 glutathione S-transferase delta 3 isoform X7 [Bombyx mori]
TRINITY_DN13779_c0_g1_i1.p1	XP_037877201.1	70.455	220	64	1	1	219	174	393	5.07e-108	316	220	393	99	XP_037877201.1 glutathione S-transferase delta 3 isoform X15 [Bombyx mori]
TRINITY_DN13779_c0_g1_i1.p1	XP_062524877.1	70.455	220	64	1	1	219	243	462	5.17e-108	318	220	462	99	XP_062524877.1 glutathione S-transferase delta 3 isoform X5 [Bombyx mori]
TRINITY_DN13779_c0_g1_i1.p1	XP_037877196.1	70.455	220	64	1	1	219	251	470	5.34e-108	318	220	470	99	XP_037877196.1 glutathione S-transferase delta 3 isoform X3 [Bombyx mori]
TRINITY_DN13779_c0_g1_i1.p1	XP_037877195.1	70.455	220	64	1	1	219	255	474	5.58e-108	318	220	474	99	XP_037877195.1 glutathione S-transferase delta 3 isoform X2 [Bombyx mori]
TRINITY_DN13779_c0_g1_i1.p1	XP_062524878.1	70.455	220	64	1	1	219	239	458	5.88e-108	318	220	458	99	XP_062524878.1 glutathione S-transferase delta 3 isoform X6 [Bombyx mori]
TRINITY_DN13779_c0_g1_i1.p1	XP_062524875.1	70.455	220	64	1	1	219	247	466	6.86e-108	318	220	466	99	XP_062524875.1 glutathione S-transferase delta 3 isoform X4 [Bombyx mori]
TRINITY_DN13779_c0_g1_i1.p1	XP_037877194.1	70.455	220	64	1	1	219	259	478	7.64e-108	318	220	478	99	XP_037877194.1 glutathione S-transferase delta 3 isoform X1 [Bombyx mori]
TRINITY_DN13779_c0_g1_i1.p1	XP_037877193.1	63.810	210	76	0	1	210	1	210	1.01e-94	276	220	216	95	XP_037877193.1 glutathione S-transferase delta 2 isoform X1 [Bombyx mori]
TRINITY_DN13779_c0_g1_i1.p1	NP_001036974.1	63.810	210	76	0	1	210	1	210	1.01e-94	276	220	216	95	NP_001036974.1 glutathione S-transferase delta 2 [Bombyx mori]
TRINITY_DN13779_c0_g1_i1.p1	NP_001037183.1	44.811	212	115	1	3	212	6	217	1.75e-66	204	220	218	95	NP_001037183.1 glutathione S-transferase delta 1 [Bombyx mori]
TRINITY_DN13779_c0_g1_i1.p1	NP_001108460.1	40.094	212	122	5	1	209	1	210	7.39e-49	159	220	217	95	NP_001108460.1 glutathione S-transferase epsilon 4 [Bombyx mori]
TRINITY_DN13779_c0_g1_i1.p1	NP_001040130.1	41.748	206	117	3	2	206	3	206	6.13e-48	157	220	216	93	NP_001040130.1 glutathione S-transferase 1, isoform C-like [Bombyx mori]
TRINITY_DN13779_c0_g1_i1.p1	NP_001037197.1	37.900	219	133	3	1	216	1	219	1.04e-44	149	220	222	98	NP_001037197.1 glutathione S-transferase epsilon 1 [Bombyx mori]
TRINITY_DN13779_c0_g1_i1.p1	NP_001108464.1	38.136	236	119	9	1	217	1	228	1.16e-40	139	220	229	99	NP_001108464.1 glutathione S-transferase epsilon 5 [Bombyx mori]
TRINITY_DN13779_c0_g1_i5.p1	NP_001037546.1	70.455	220	64	1	1	219	1	220	1.14e-109	314	220	220	99	NP_001037546.1 glutathione S-transferase delta 3 [Bombyx mori]
TRINITY_DN13779_c0_g1_i5.p1	XP_062524883.1	70.455	220	64	1	1	219	191	410	5.10e-109	319	220	410	99	XP_062524883.1 glutathione S-transferase delta 3 isoform X12 [Bombyx mori]
TRINITY_DN13779_c0_g1_i5.p1	XP_062524885.1	70.455	220	64	1	1	219	176	395	5.42e-109	318	220	395	99	XP_062524885.1 glutathione S-transferase delta 3 isoform X14 [Bombyx mori]
TRINITY_DN13779_c0_g1_i5.p1	XP_062524884.1	70.455	220	64	1	1	219	187	406	5.47e-109	319	220	406	99	XP_062524884.1 glutathione S-transferase delta 3 isoform X13 [Bombyx mori]
TRINITY_DN13779_c0_g1_i5.p1	XP_062524882.1	70.455	220	64	1	1	219	195	414	6.44e-109	319	220	414	99	XP_062524882.1 glutathione S-transferase delta 3 isoform X11 [Bombyx mori]
TRINITY_DN13779_c0_g1_i5.p1	XP_062524881.1	70.455	220	64	1	1	219	199	418	6.91e-109	319	220	418	99	XP_062524881.1 glutathione S-transferase delta 3 isoform X10 [Bombyx mori]
TRINITY_DN13779_c0_g1_i5.p1	XP_062524880.1	70.455	220	64	1	1	219	199	418	7.30e-109	319	220	418	99	XP_062524880.1 glutathione S-transferase delta 3 isoform X9 [Bombyx mori]
TRINITY_DN13779_c0_g1_i5.p1	XP_037877200.1	70.455	220	64	1	1	219	207	426	8.12e-109	319	220	426	99	XP_037877200.1 glutathione S-transferase delta 3 isoform X8 [Bombyx mori]
TRINITY_DN13779_c0_g1_i5.p1	XP_062524888.1	70.455	220	64	1	1	219	166	385	3.10e-108	316	220	385	99	XP_062524888.1 glutathione S-transferase delta 3 isoform X16 [Bombyx mori]
TRINITY_DN13779_c0_g1_i5.p1	XP_012546385.1	70.455	220	64	1	1	219	128	347	3.19e-108	315	220	347	99	XP_012546385.1 glutathione S-transferase delta 3 isoform X17 [Bombyx mori]
TRINITY_DN13779_c0_g1_i5.p1	XP_062524879.1	70.455	220	64	1	1	219	228	447	3.78e-108	318	220	447	99	XP_062524879.1 glutathione S-transferase delta 3 isoform X7 [Bombyx mori]
TRINITY_DN13779_c0_g1_i5.p1	XP_037877201.1	70.455	220	64	1	1	219	174	393	5.07e-108	316	220	393	99	XP_037877201.1 glutathione S-transferase delta 3 isoform X15 [Bombyx mori]
TRINITY_DN13779_c0_g1_i5.p1	XP_062524877.1	70.455	220	64	1	1	219	243	462	5.17e-108	318	220	462	99	XP_062524877.1 glutathione S-transferase delta 3 isoform X5 [Bombyx mori]
TRINITY_DN13779_c0_g1_i5.p1	XP_037877196.1	70.455	220	64	1	1	219	251	470	5.34e-108	318	220	470	99	XP_037877196.1 glutathione S-transferase delta 3 isoform X3 [Bombyx mori]
TRINITY_DN13779_c0_g1_i5.p1	XP_037877195.1	70.455	220	64	1	1	219	255	474	5.58e-108	318	220	474	99	XP_037877195.1 glutathione S-transferase delta 3 isoform X2 [Bombyx mori]
TRINITY_DN13779_c0_g1_i5.p1	XP_062524878.1	70.455	220	64	1	1	219	239	458	5.88e-108	318	220	458	99	XP_062524878.1 glutathione S-transferase delta 3 isoform X6 [Bombyx mori]
TRINITY_DN13779_c0_g1_i5.p1	XP_062524875.1	70.455	220	64	1	1	219	247	466	6.86e-108	318	220	466	99	XP_062524875.1 glutathione S-transferase delta 3 isoform X4 [Bombyx mori]
TRINITY_DN13779_c0_g1_i5.p1	XP_037877194.1	70.455	220	64	1	1	219	259	478	7.64e-108	318	220	478	99	XP_037877194.1 glutathione S-transferase delta 3 isoform X1 [Bombyx mori]
TRINITY_DN13779_c0_g1_i5.p1	XP_037877193.1	63.810	210	76	0	1	210	1	210	1.01e-94	276	220	216	95	XP_037877193.1 glutathione S-transferase delta 2 isoform X1 [Bombyx mori]
TRINITY_DN13779_c0_g1_i5.p1	NP_001036974.1	63.810	210	76	0	1	210	1	210	1.01e-94	276	220	216	95	NP_001036974.1 glutathione S-transferase delta 2 [Bombyx mori]
TRINITY_DN13779_c0_g1_i5.p1	NP_001037183.1	44.811	212	115	1	3	212	6	217	1.75e-66	204	220	218	95	NP_001037183.1 glutathione S-transferase delta 1 [Bombyx mori]
TRINITY_DN13779_c0_g1_i5.p1	NP_001108460.1	40.094	212	122	5	1	209	1	210	7.39e-49	159	220	217	95	NP_001108460.1 glutathione S-transferase epsilon 4 [Bombyx mori]
TRINITY_DN13779_c0_g1_i5.p1	NP_001040130.1	41.748	206	117	3	2	206	3	206	6.13e-48	157	220	216	93	NP_001040130.1 glutathione S-transferase 1, isoform C-like [Bombyx mori]
TRINITY_DN13779_c0_g1_i5.p1	NP_001037197.1	37.900	219	133	3	1	216	1	219	1.04e-44	149	220	222	98	NP_001037197.1 glutathione S-transferase epsilon 1 [Bombyx mori]
TRINITY_DN13779_c0_g1_i5.p1	NP_001108464.1	38.136	236	119	9	1	217	1	228	1.16e-40	139	220	229	99	NP_001108464.1 glutathione S-transferase epsilon 5 [Bombyx mori]
TRINITY_DN13779_c0_g1_i6.p1	NP_001037546.1	70.455	220	64	1	1	219	1	220	1.14e-109	314	220	220	99	NP_001037546.1 glutathione S-transferase delta 3 [Bombyx mori]
TRINITY_DN13779_c0_g1_i6.p1	XP_062524883.1	70.455	220	64	1	1	219	191	410	5.10e-109	319	220	410	99	XP_062524883.1 glutathione S-transferase delta 3 isoform X12 [Bombyx mori]
TRINITY_DN13779_c0_g1_i6.p1	XP_062524885.1	70.455	220	64	1	1	219	176	395	5.42e-109	318	220	395	99	XP_062524885.1 glutathione S-transferase delta 3 isoform X14 [Bombyx mori]
TRINITY_DN13779_c0_g1_i6.p1	XP_062524884.1	70.455	220	64	1	1	219	187	406	5.47e-109	319	220	406	99	XP_062524884.1 glutathione S-transferase delta 3 isoform X13 [Bombyx mori]
TRINITY_DN13779_c0_g1_i6.p1	XP_062524882.1	70.455	220	64	1	1	219	195	414	6.44e-109	319	220	414	99	XP_062524882.1 glutathione S-transferase delta 3 isoform X11 [Bombyx mori]
TRINITY_DN13779_c0_g1_i6.p1	XP_062524881.1	70.455	220	64	1	1	219	199	418	6.91e-109	319	220	418	99	XP_062524881.1 glutathione S-transferase delta 3 isoform X10 [Bombyx mori]
TRINITY_DN13779_c0_g1_i6.p1	XP_062524880.1	70.455	220	64	1	1	219	199	418	7.30e-109	319	220	418	99	XP_062524880.1 glutathione S-transferase delta 3 isoform X9 [Bombyx mori]
TRINITY_DN13779_c0_g1_i6.p1	XP_037877200.1	70.455	220	64	1	1	219	207	426	8.12e-109	319	220	426	99	XP_037877200.1 glutathione S-transferase delta 3 isoform X8 [Bombyx mori]
TRINITY_DN13779_c0_g1_i6.p1	XP_062524888.1	70.455	220	64	1	1	219	166	385	3.10e-108	316	220	385	99	XP_062524888.1 glutathione S-transferase delta 3 isoform X16 [Bombyx mori]
TRINITY_DN13779_c0_g1_i6.p1	XP_012546385.1	70.455	220	64	1	1	219	128	347	3.19e-108	315	220	347	99	XP_012546385.1 glutathione S-transferase delta 3 isoform X17 [Bombyx mori]
TRINITY_DN13779_c0_g1_i6.p1	XP_062524879.1	70.455	220	64	1	1	219	228	447	3.78e-108	318	220	447	99	XP_062524879.1 glutathione S-transferase delta 3 isoform X7 [Bombyx mori]
TRINITY_DN13779_c0_g1_i6.p1	XP_037877201.1	70.455	220	64	1	1	219	174	393	5.07e-108	316	220	393	99	XP_037877201.1 glutathione S-transferase delta 3 isoform X15 [Bombyx mori]
TRINITY_DN13779_c0_g1_i6.p1	XP_062524877.1	70.455	220	64	1	1	219	243	462	5.17e-108	318	220	462	99	XP_062524877.1 glutathione S-transferase delta 3 isoform X5 [Bombyx mori]
TRINITY_DN13779_c0_g1_i6.p1	XP_037877196.1	70.455	220	64	1	1	219	251	470	5.34e-108	318	220	470	99	XP_037877196.1 glutathione S-transferase delta 3 isoform X3 [Bombyx mori]
TRINITY_DN13779_c0_g1_i6.p1	XP_037877195.1	70.455	220	64	1	1	219	255	474	5.58e-108	318	220	474	99	XP_037877195.1 glutathione S-transferase delta 3 isoform X2 [Bombyx mori]
TRINITY_DN13779_c0_g1_i6.p1	XP_062524878.1	70.455	220	64	1	1	219	239	458	5.88e-108	318	220	458	99	XP_062524878.1 glutathione S-transferase delta 3 isoform X6 [Bombyx mori]
TRINITY_DN13779_c0_g1_i6.p1	XP_062524875.1	70.455	220	64	1	1	219	247	466	6.86e-108	318	220	466	99	XP_062524875.1 glutathione S-transferase delta 3 isoform X4 [Bombyx mori]
TRINITY_DN13779_c0_g1_i6.p1	XP_037877194.1	70.455	220	64	1	1	219	259	478	7.64e-108	318	220	478	99	XP_037877194.1 glutathione S-transferase delta 3 isoform X1 [Bombyx mori]
TRINITY_DN13779_c0_g1_i6.p1	XP_037877193.1	63.810	210	76	0	1	210	1	210	1.01e-94	276	220	216	95	XP_037877193.1 glutathione S-transferase delta 2 isoform X1 [Bombyx mori]
TRINITY_DN13779_c0_g1_i6.p1	NP_001036974.1	63.810	210	76	0	1	210	1	210	1.01e-94	276	220	216	95	NP_001036974.1 glutathione S-transferase delta 2 [Bombyx mori]
TRINITY_DN13779_c0_g1_i6.p1	NP_001037183.1	44.811	212	115	1	3	212	6	217	1.75e-66	204	220	218	95	NP_001037183.1 glutathione S-transferase delta 1 [Bombyx mori]
TRINITY_DN13779_c0_g1_i6.p1	NP_001108460.1	40.094	212	122	5	1	209	1	210	7.39e-49	159	220	217	95	NP_001108460.1 glutathione S-transferase epsilon 4 [Bombyx mori]
TRINITY_DN13779_c0_g1_i6.p1	NP_001040130.1	41.748	206	117	3	2	206	3	206	6.13e-48	157	220	216	93	NP_001040130.1 glutathione S-transferase 1, isoform C-like [Bombyx mori]
TRINITY_DN13779_c0_g1_i6.p1	NP_001037197.1	37.900	219	133	3	1	216	1	219	1.04e-44	149	220	222	98	NP_001037197.1 glutathione S-transferase epsilon 1 [Bombyx mori]
TRINITY_DN13779_c0_g1_i6.p1	NP_001108464.1	38.136	236	119	9	1	217	1	228	1.16e-40	139	220	229	99	NP_001108464.1 glutathione S-transferase epsilon 5 [Bombyx mori]
TRINITY_DN1407_c0_g1_i1.p1	XP_012544300.1	31.841	201	136	1	3	203	2	201	7.77e-33	117	207	204	97	XP_012544300.1 glutathione S-transferase sigma 2 isoform X1 [Bombyx mori]
TRINITY_DN1407_c0_g1_i1.p1	NP_001036994.1	31.841	201	136	1	3	203	2	201	7.77e-33	117	207	204	97	NP_001036994.1 glutathione S-transferase sigma 2 [Bombyx mori]
TRINITY_DN1407_c0_g1_i1.p1	NP_001037077.1	30.964	197	132	3	9	203	8	202	9.11e-29	107	207	206	94	NP_001037077.1 glutathione S-transferase sigma 1 [Bombyx mori]
TRINITY_DN1407_c0_g1_i1.p1	NP_001040453.1	24.503	151	93	6	49	188	54	194	2.05e-04	41.2	207	216	68	NP_001040453.1 glutathione S-transferae zeta 2 [Bombyx mori]
TRINITY_DN1430_c2_g2_i1.p1	NP_001040283.1	79.054	148	29	2	1	147	1	147	3.55e-79	231	150	149	98	NP_001040283.1 mitochondrial thioredoxin 2 [Bombyx mori]
TRINITY_DN1430_c2_g2_i1.p1	XP_037873134.1	32.308	130	83	2	11	140	13	137	4.58e-22	85.9	150	142	87	XP_037873134.1 thioredoxin, mitochondrial [Bombyx mori]
TRINITY_DN1430_c2_g2_i1.p1	XP_062531529.1	38.462	104	62	2	35	137	3	105	9.49e-22	84.3	150	106	69	XP_062531529.1 thioredoxin-like protein isoform X1 [Bombyx mori]
TRINITY_DN1430_c2_g2_i1.p1	XP_062531528.1	38.462	104	62	2	35	137	3	105	9.49e-22	84.3	150	106	69	XP_062531528.1 thioredoxin-like protein isoform X1 [Bombyx mori]
TRINITY_DN1430_c2_g2_i1.p1	XP_062531527.1	38.462	104	62	2	35	137	3	105	9.49e-22	84.3	150	106	69	XP_062531527.1 thioredoxin-like protein isoform X1 [Bombyx mori]
TRINITY_DN1430_c2_g2_i1.p1	XP_012543763.1	38.462	104	62	2	35	137	3	105	9.49e-22	84.3	150	106	69	XP_012543763.1 thioredoxin-like protein isoform X1 [Bombyx mori]
TRINITY_DN1430_c2_g2_i1.p1	XP_012543762.1	38.462	104	62	2	35	137	3	105	9.49e-22	84.3	150	106	69	XP_012543762.1 thioredoxin-like protein isoform X1 [Bombyx mori]
TRINITY_DN1430_c2_g2_i1.p1	XP_012543761.1	38.462	104	62	2	35	137	3	105	9.49e-22	84.3	150	106	69	XP_012543761.1 thioredoxin-like protein isoform X1 [Bombyx mori]
TRINITY_DN1430_c2_g2_i1.p1	NP_001091804.1	38.462	104	62	2	35	137	3	105	9.49e-22	84.3	150	106	69	NP_001091804.1 thioredoxin-like protein [Bombyx mori]
TRINITY_DN1430_c2_g2_i1.p1	NP_001037171.1	30.612	98	64	2	45	139	35	131	5.01e-11	59.7	150	494	63	NP_001037171.1 protein disulfide isomerase precursor [Bombyx mori]
TRINITY_DN1430_c2_g2_i1.p1	NP_001040348.1	35.227	88	55	2	37	123	7	93	8.56e-11	58.5	150	287	58	NP_001040348.1 thioredoxin [Bombyx mori]
TRINITY_DN1430_c2_g2_i1.p1	XP_004932411.1	34.667	75	49	0	42	116	157	231	6.17e-10	56.6	150	424	64	XP_004932411.1 protein disulfide-isomerase A6 homolog [Bombyx mori]
TRINITY_DN1430_c2_g2_i1.p1	XP_004932411.1	26.042	96	70	1	21	116	13	107	2.33e-07	49.3	150	424	64	XP_004932411.1 protein disulfide-isomerase A6 homolog [Bombyx mori]
TRINITY_DN1430_c2_g2_i1.p1	XP_062526655.1	31.169	77	47	1	45	115	153	229	1.90e-07	49.3	150	518	47	XP_062526655.1 endoplasmic reticulum resident protein 44 isoform X1 [Bombyx mori]
TRINITY_DN1430_c2_g2_i1.p1	XP_004923220.1	31.169	77	47	1	45	115	45	121	2.66e-07	48.9	150	410	47	XP_004923220.1 endoplasmic reticulum resident protein 44 isoform X2 [Bombyx mori]
TRINITY_DN1430_c2_g2_i1.p1	XP_037867390.1	31.183	93	60	2	34	123	3	94	3.15e-07	48.1	150	219	60	XP_037867390.1 glutaredoxin 3 [Bombyx mori]
TRINITY_DN1430_c2_g2_i1.p1	XP_012548339.1	25.926	108	79	1	39	146	33	139	4.11e-05	42.7	150	558	72	XP_012548339.1 thioredoxin domain-containing protein 3 homolog [Bombyx mori]
TRINITY_DN1430_c2_g2_i1.p1	NP_001036997.1	27.174	92	63	2	47	134	35	126	7.18e-05	42.0	150	491	59	NP_001036997.1 protein disulfide-isomerase like protein ERp57 precursor [Bombyx mori]
TRINITY_DN1430_c2_g2_i1.p1	XP_037877063.1	28.049	82	54	2	31	107	36	117	7.36e-05	42.0	150	564	51	XP_037877063.1 sulfhydryl oxidase 1 [Bombyx mori]
TRINITY_DN1430_c2_g2_i1.p1	XP_021206134.1	29.885	87	56	3	33	116	281	365	2.07e-04	40.8	150	664	70	XP_021206134.1 protein disulfide-isomerase A5 isoform X1 [Bombyx mori]
TRINITY_DN1430_c2_g2_i1.p1	XP_021206134.1	25.000	100	71	2	41	137	539	637	7.50e-04	38.9	150	664	70	XP_021206134.1 protein disulfide-isomerase A5 isoform X1 [Bombyx mori]
TRINITY_DN1430_c2_g2_i1.p1	XP_037867845.1	29.885	87	56	3	33	116	281	365	2.71e-04	40.4	150	537	56	XP_037867845.1 protein disulfide-isomerase A5 isoform X2 [Bombyx mori]
TRINITY_DN163_c3_g1_i1.p1	XP_037874601.1	50.691	217	107	0	1	217	1	217	1.01e-85	253	218	217	99	XP_037874601.1 glutathione S-transferase epsilon 3 isoform X1 [Bombyx mori]
TRINITY_DN163_c3_g1_i1.p1	XP_037874600.1	50.691	217	107	0	1	217	1	217	1.01e-85	253	218	217	99	XP_037874600.1 glutathione S-transferase epsilon 3 isoform X1 [Bombyx mori]
TRINITY_DN163_c3_g1_i1.p1	XP_012546875.1	50.691	217	107	0	1	217	1	217	1.01e-85	253	218	217	99	XP_012546875.1 glutathione S-transferase epsilon 3 isoform X1 [Bombyx mori]
TRINITY_DN163_c3_g1_i1.p1	NP_001108466.1	50.691	217	107	0	1	217	1	217	1.01e-85	253	218	217	99	NP_001108466.1 glutathione S-transferase epsilon 3 [Bombyx mori]
TRINITY_DN163_c3_g1_i1.p1	NP_001108460.1	42.500	200	113	2	5	203	5	203	1.12e-56	179	218	217	91	NP_001108460.1 glutathione S-transferase epsilon 4 [Bombyx mori]
TRINITY_DN163_c3_g1_i1.p1	XP_062530525.1	40.196	204	120	1	5	206	5	208	1.44e-54	174	218	228	93	XP_062530525.1 glutathione S-transferase epsilon 6 isoform X1 [Bombyx mori]
TRINITY_DN163_c3_g1_i1.p1	XP_062530524.1	40.196	204	120	1	5	206	5	208	1.44e-54	174	218	228	93	XP_062530524.1 glutathione S-transferase epsilon 6 isoform X1 [Bombyx mori]
TRINITY_DN163_c3_g1_i1.p1	XP_021205855.1	40.196	204	120	1	5	206	5	208	1.44e-54	174	218	228	93	XP_021205855.1 glutathione S-transferase epsilon 6 isoform X1 [Bombyx mori]
TRINITY_DN163_c3_g1_i1.p1	XP_021205854.1	40.196	204	120	1	5	206	5	208	1.44e-54	174	218	228	93	XP_021205854.1 glutathione S-transferase epsilon 6 isoform X1 [Bombyx mori]
TRINITY_DN163_c3_g1_i1.p1	XP_012548743.1	40.196	204	120	1	5	206	5	208	1.44e-54	174	218	228	93	XP_012548743.1 glutathione S-transferase epsilon 6 isoform X1 [Bombyx mori]
TRINITY_DN163_c3_g1_i1.p1	NP_001108464.1	40.969	227	119	3	1	213	1	226	8.79e-54	172	218	229	98	NP_001108464.1 glutathione S-transferase epsilon 5 [Bombyx mori]
TRINITY_DN163_c3_g1_i1.p1	XP_062532228.1	38.356	219	128	4	1	216	1	215	6.10e-53	169	218	215	99	XP_062532228.1 glutathione S-transferase epsilon 2 isoform X1 [Bombyx mori]
TRINITY_DN163_c3_g1_i1.p1	XP_062532227.1	38.356	219	128	4	1	216	1	215	6.10e-53	169	218	215	99	XP_062532227.1 glutathione S-transferase epsilon 2 isoform X1 [Bombyx mori]
TRINITY_DN163_c3_g1_i1.p1	XP_062532226.1	38.356	219	128	4	1	216	1	215	6.10e-53	169	218	215	99	XP_062532226.1 glutathione S-transferase epsilon 2 isoform X1 [Bombyx mori]
TRINITY_DN163_c3_g1_i1.p1	NP_001037420.1	38.356	219	128	4	1	216	1	215	1.77e-52	168	218	215	99	NP_001037420.1 glutathione S-transferase epsilon 2 [Bombyx mori]
TRINITY_DN163_c3_g1_i1.p1	XP_004930497.3	41.232	211	122	1	5	213	133	343	1.45e-51	171	218	364	96	XP_004930497.3 glutathione S-transferase D7 [Bombyx mori]
TRINITY_DN163_c3_g1_i1.p1	NP_001040130.1	38.679	212	128	2	2	213	3	212	2.46e-51	166	218	216	97	NP_001040130.1 glutathione S-transferase 1, isoform C-like [Bombyx mori]
TRINITY_DN163_c3_g1_i1.p1	NP_001037197.1	40.201	199	118	1	1	198	1	199	1.65e-50	164	218	222	91	NP_001037197.1 glutathione S-transferase epsilon 1 [Bombyx mori]
TRINITY_DN163_c3_g1_i1.p1	NP_001108465.1	39.216	204	117	2	5	206	5	203	5.54e-50	162	218	223	93	NP_001108465.1 glutathione S-transferase epsilon 6 [Bombyx mori]
TRINITY_DN163_c3_g1_i1.p1	NP_001037183.1	37.383	214	129	4	3	213	6	217	3.73e-44	147	218	218	97	NP_001037183.1 glutathione S-transferase delta 1 [Bombyx mori]
TRINITY_DN163_c3_g1_i1.p1	XP_037877193.1	31.797	217	145	3	1	216	1	215	3.55e-33	119	218	216	99	XP_037877193.1 glutathione S-transferase delta 2 isoform X1 [Bombyx mori]
TRINITY_DN163_c3_g1_i1.p1	NP_001036974.1	31.797	217	145	3	1	216	1	215	3.55e-33	119	218	216	99	NP_001036974.1 glutathione S-transferase delta 2 [Bombyx mori]
TRINITY_DN163_c3_g1_i1.p1	NP_001037546.1	33.171	205	133	4	1	203	1	203	1.93e-31	114	218	220	93	NP_001037546.1 glutathione S-transferase delta 3 [Bombyx mori]
TRINITY_DN163_c3_g1_i1.p1	XP_012546385.1	33.171	205	133	4	1	203	128	330	4.64e-30	114	218	347	93	XP_012546385.1 glutathione S-transferase delta 3 isoform X17 [Bombyx mori]
TRINITY_DN163_c3_g1_i1.p1	XP_062524885.1	33.171	205	133	4	1	203	176	378	1.30e-29	113	218	395	93	XP_062524885.1 glutathione S-transferase delta 3 isoform X14 [Bombyx mori]
TRINITY_DN1682_c0_g2_i1.p1	XP_004930497.3	51.598	219	106	0	4	222	132	350	4.36e-79	241	223	364	98	XP_004930497.3 glutathione S-transferase D7 [Bombyx mori]
TRINITY_DN1682_c0_g2_i1.p1	XP_037874601.1	42.791	215	121	1	1	215	1	213	9.35e-61	190	223	217	96	XP_037874601.1 glutathione S-transferase epsilon 3 isoform X1 [Bombyx mori]
TRINITY_DN1682_c0_g2_i1.p1	XP_037874600.1	42.791	215	121	1	1	215	1	213	9.35e-61	190	223	217	96	XP_037874600.1 glutathione S-transferase epsilon 3 isoform X1 [Bombyx mori]
TRINITY_DN1682_c0_g2_i1.p1	XP_012546875.1	42.791	215	121	1	1	215	1	213	9.35e-61	190	223	217	96	XP_012546875.1 glutathione S-transferase epsilon 3 isoform X1 [Bombyx mori]
TRINITY_DN1682_c0_g2_i1.p1	NP_001108466.1	42.791	215	121	1	1	215	1	213	9.35e-61	190	223	217	96	NP_001108466.1 glutathione S-transferase epsilon 3 [Bombyx mori]
TRINITY_DN1682_c0_g2_i1.p1	XP_062530525.1	39.512	205	124	0	1	205	1	205	1.13e-54	174	223	228	92	XP_062530525.1 glutathione S-transferase epsilon 6 isoform X1 [Bombyx mori]
TRINITY_DN1682_c0_g2_i1.p1	XP_062530524.1	39.512	205	124	0	1	205	1	205	1.13e-54	174	223	228	92	XP_062530524.1 glutathione S-transferase epsilon 6 isoform X1 [Bombyx mori]
TRINITY_DN1682_c0_g2_i1.p1	XP_021205855.1	39.512	205	124	0	1	205	1	205	1.13e-54	174	223	228	92	XP_021205855.1 glutathione S-transferase epsilon 6 isoform X1 [Bombyx mori]
TRINITY_DN1682_c0_g2_i1.p1	XP_021205854.1	39.512	205	124	0	1	205	1	205	1.13e-54	174	223	228	92	XP_021205854.1 glutathione S-transferase epsilon 6 isoform X1 [Bombyx mori]
TRINITY_DN1682_c0_g2_i1.p1	XP_012548743.1	39.512	205	124	0	1	205	1	205	1.13e-54	174	223	228	92	XP_012548743.1 glutathione S-transferase epsilon 6 isoform X1 [Bombyx mori]
TRINITY_DN1682_c0_g2_i1.p1	XP_062532228.1	35.616	219	136	3	1	218	1	215	4.65e-54	172	223	215	98	XP_062532228.1 glutathione S-transferase epsilon 2 isoform X1 [Bombyx mori]
TRINITY_DN1682_c0_g2_i1.p1	XP_062532227.1	35.616	219	136	3	1	218	1	215	4.65e-54	172	223	215	98	XP_062532227.1 glutathione S-transferase epsilon 2 isoform X1 [Bombyx mori]
TRINITY_DN1682_c0_g2_i1.p1	XP_062532226.1	35.616	219	136	3	1	218	1	215	4.65e-54	172	223	215	98	XP_062532226.1 glutathione S-transferase epsilon 2 isoform X1 [Bombyx mori]
TRINITY_DN1682_c0_g2_i1.p1	NP_001037420.1	35.160	219	137	3	1	218	1	215	1.26e-53	171	223	215	98	NP_001037420.1 glutathione S-transferase epsilon 2 [Bombyx mori]
TRINITY_DN1682_c0_g2_i1.p1	NP_001108465.1	39.512	205	119	1	1	205	1	200	2.52e-52	168	223	223	92	NP_001108465.1 glutathione S-transferase epsilon 6 [Bombyx mori]
TRINITY_DN1682_c0_g2_i1.p1	NP_001108460.1	33.796	216	139	3	1	215	1	213	9.11e-45	149	223	217	96	NP_001108460.1 glutathione S-transferase epsilon 4 [Bombyx mori]
TRINITY_DN1682_c0_g2_i1.p1	NP_001037197.1	34.821	224	142	3	1	222	1	222	1.20e-41	141	223	222	99	NP_001037197.1 glutathione S-transferase epsilon 1 [Bombyx mori]
TRINITY_DN1682_c0_g2_i1.p1	NP_001108464.1	34.061	229	134	4	1	215	1	226	1.82e-38	133	223	229	96	NP_001108464.1 glutathione S-transferase epsilon 5 [Bombyx mori]
TRINITY_DN1682_c0_g2_i1.p1	NP_001037546.1	39.171	217	122	5	1	213	1	211	1.50e-35	125	223	220	96	NP_001037546.1 glutathione S-transferase delta 3 [Bombyx mori]
TRINITY_DN1682_c0_g2_i1.p1	XP_012546385.1	39.171	217	122	5	1	213	128	338	1.58e-34	126	223	347	96	XP_012546385.1 glutathione S-transferase delta 3 isoform X17 [Bombyx mori]
TRINITY_DN1682_c0_g2_i1.p1	XP_062524885.1	39.171	217	122	5	1	213	176	386	4.68e-34	125	223	395	96	XP_062524885.1 glutathione S-transferase delta 3 isoform X14 [Bombyx mori]
TRINITY_DN1682_c0_g2_i1.p1	XP_062524888.1	39.171	217	122	5	1	213	166	376	6.51e-34	125	223	385	96	XP_062524888.1 glutathione S-transferase delta 3 isoform X16 [Bombyx mori]
TRINITY_DN1682_c0_g2_i1.p1	XP_062524884.1	39.171	217	122	5	1	213	187	397	6.68e-34	125	223	406	96	XP_062524884.1 glutathione S-transferase delta 3 isoform X13 [Bombyx mori]
TRINITY_DN1682_c0_g2_i1.p1	XP_062524881.1	39.171	217	122	5	1	213	199	409	6.75e-34	125	223	418	96	XP_062524881.1 glutathione S-transferase delta 3 isoform X10 [Bombyx mori]
TRINITY_DN1682_c0_g2_i1.p1	XP_037877201.1	39.171	217	122	5	1	213	174	384	6.87e-34	125	223	393	96	XP_037877201.1 glutathione S-transferase delta 3 isoform X15 [Bombyx mori]
TRINITY_DN1682_c0_g2_i2.p1	XP_004930497.3	51.598	219	106	0	28	246	132	350	1.02e-78	241	247	364	89	XP_004930497.3 glutathione S-transferase D7 [Bombyx mori]
TRINITY_DN1682_c0_g2_i2.p1	XP_037874601.1	42.791	215	121	1	25	239	1	213	1.70e-60	190	247	217	87	XP_037874601.1 glutathione S-transferase epsilon 3 isoform X1 [Bombyx mori]
TRINITY_DN1682_c0_g2_i2.p1	XP_037874600.1	42.791	215	121	1	25	239	1	213	1.70e-60	190	247	217	87	XP_037874600.1 glutathione S-transferase epsilon 3 isoform X1 [Bombyx mori]
TRINITY_DN1682_c0_g2_i2.p1	XP_012546875.1	42.791	215	121	1	25	239	1	213	1.70e-60	190	247	217	87	XP_012546875.1 glutathione S-transferase epsilon 3 isoform X1 [Bombyx mori]
TRINITY_DN1682_c0_g2_i2.p1	NP_001108466.1	42.791	215	121	1	25	239	1	213	1.70e-60	190	247	217	87	NP_001108466.1 glutathione S-transferase epsilon 3 [Bombyx mori]
TRINITY_DN1682_c0_g2_i2.p1	XP_062530525.1	39.512	205	124	0	25	229	1	205	1.49e-54	175	247	228	83	XP_062530525.1 glutathione S-transferase epsilon 6 isoform X1 [Bombyx mori]
TRINITY_DN1682_c0_g2_i2.p1	XP_062530524.1	39.512	205	124	0	25	229	1	205	1.49e-54	175	247	228	83	XP_062530524.1 glutathione S-transferase epsilon 6 isoform X1 [Bombyx mori]
TRINITY_DN1682_c0_g2_i2.p1	XP_021205855.1	39.512	205	124	0	25	229	1	205	1.49e-54	175	247	228	83	XP_021205855.1 glutathione S-transferase epsilon 6 isoform X1 [Bombyx mori]
TRINITY_DN1682_c0_g2_i2.p1	XP_021205854.1	39.512	205	124	0	25	229	1	205	1.49e-54	175	247	228	83	XP_021205854.1 glutathione S-transferase epsilon 6 isoform X1 [Bombyx mori]
TRINITY_DN1682_c0_g2_i2.p1	XP_012548743.1	39.512	205	124	0	25	229	1	205	1.49e-54	175	247	228	83	XP_012548743.1 glutathione S-transferase epsilon 6 isoform X1 [Bombyx mori]
TRINITY_DN1682_c0_g2_i2.p1	XP_062532228.1	35.616	219	136	3	25	242	1	215	9.58e-54	172	247	215	88	XP_062532228.1 glutathione S-transferase epsilon 2 isoform X1 [Bombyx mori]
TRINITY_DN1682_c0_g2_i2.p1	XP_062532227.1	35.616	219	136	3	25	242	1	215	9.58e-54	172	247	215	88	XP_062532227.1 glutathione S-transferase epsilon 2 isoform X1 [Bombyx mori]
TRINITY_DN1682_c0_g2_i2.p1	XP_062532226.1	35.616	219	136	3	25	242	1	215	9.58e-54	172	247	215	88	XP_062532226.1 glutathione S-transferase epsilon 2 isoform X1 [Bombyx mori]
TRINITY_DN1682_c0_g2_i2.p1	NP_001037420.1	35.616	219	136	3	25	242	1	215	2.28e-53	172	247	215	88	NP_001037420.1 glutathione S-transferase epsilon 2 [Bombyx mori]
TRINITY_DN1682_c0_g2_i2.p1	NP_001108465.1	39.512	205	119	1	25	229	1	200	4.49e-52	169	247	223	83	NP_001108465.1 glutathione S-transferase epsilon 6 [Bombyx mori]
TRINITY_DN1682_c0_g2_i2.p1	NP_001108460.1	33.796	216	139	3	25	239	1	213	1.47e-44	149	247	217	87	NP_001108460.1 glutathione S-transferase epsilon 4 [Bombyx mori]
TRINITY_DN1682_c0_g2_i2.p1	NP_001037197.1	34.821	224	142	3	25	246	1	222	2.18e-41	141	247	222	90	NP_001037197.1 glutathione S-transferase epsilon 1 [Bombyx mori]
TRINITY_DN1682_c0_g2_i2.p1	NP_001108464.1	34.061	229	134	4	25	239	1	226	5.27e-38	132	247	229	87	NP_001108464.1 glutathione S-transferase epsilon 5 [Bombyx mori]
TRINITY_DN1682_c0_g2_i2.p1	NP_001037546.1	39.171	217	122	5	25	237	1	211	2.73e-35	125	247	220	86	NP_001037546.1 glutathione S-transferase delta 3 [Bombyx mori]
TRINITY_DN1682_c0_g2_i2.p1	XP_062524888.1	37.826	230	133	5	12	237	153	376	7.13e-35	128	247	385	91	XP_062524888.1 glutathione S-transferase delta 3 isoform X16 [Bombyx mori]
TRINITY_DN1682_c0_g2_i2.p1	XP_012546385.1	38.496	226	129	5	16	237	119	338	1.16e-34	127	247	347	90	XP_012546385.1 glutathione S-transferase delta 3 isoform X17 [Bombyx mori]
TRINITY_DN1682_c0_g2_i2.p1	XP_062524885.1	38.991	218	123	5	24	237	175	386	5.12e-34	126	247	395	87	XP_062524885.1 glutathione S-transferase delta 3 isoform X14 [Bombyx mori]
TRINITY_DN1682_c0_g2_i2.p1	XP_062524883.1	38.991	218	123	5	24	237	190	401	6.52e-34	126	247	410	87	XP_062524883.1 glutathione S-transferase delta 3 isoform X12 [Bombyx mori]
TRINITY_DN1682_c0_g2_i2.p1	XP_062524881.1	38.991	218	123	5	24	237	198	409	7.41e-34	126	247	418	87	XP_062524881.1 glutathione S-transferase delta 3 isoform X10 [Bombyx mori]
TRINITY_DN1682_c0_g2_i2.p1	XP_062524882.1	38.991	218	123	5	24	237	194	405	7.44e-34	126	247	414	87	XP_062524882.1 glutathione S-transferase delta 3 isoform X11 [Bombyx mori]
TRINITY_DN18158_c2_g1_i1.p1	XP_004930497.3	43.860	114	62	1	1	114	238	349	2.46e-28	105	114	364	100	XP_004930497.3 glutathione S-transferase D7 [Bombyx mori]
TRINITY_DN18158_c2_g1_i1.p1	XP_037874601.1	34.286	105	67	1	2	106	109	211	3.34e-14	65.9	114	217	92	XP_037874601.1 glutathione S-transferase epsilon 3 isoform X1 [Bombyx mori]
TRINITY_DN18158_c2_g1_i1.p1	XP_037874600.1	34.286	105	67	1	2	106	109	211	3.34e-14	65.9	114	217	92	XP_037874600.1 glutathione S-transferase epsilon 3 isoform X1 [Bombyx mori]
TRINITY_DN18158_c2_g1_i1.p1	XP_012546875.1	34.286	105	67	1	2	106	109	211	3.34e-14	65.9	114	217	92	XP_012546875.1 glutathione S-transferase epsilon 3 isoform X1 [Bombyx mori]
TRINITY_DN18158_c2_g1_i1.p1	NP_001108466.1	34.286	105	67	1	2	106	109	211	3.34e-14	65.9	114	217	92	NP_001108466.1 glutathione S-transferase epsilon 3 [Bombyx mori]
TRINITY_DN18158_c2_g1_i1.p1	XP_062530525.1	30.000	100	68	2	2	101	111	208	1.52e-10	56.2	114	228	88	XP_062530525.1 glutathione S-transferase epsilon 6 isoform X1 [Bombyx mori]
TRINITY_DN18158_c2_g1_i1.p1	XP_062530524.1	30.000	100	68	2	2	101	111	208	1.52e-10	56.2	114	228	88	XP_062530524.1 glutathione S-transferase epsilon 6 isoform X1 [Bombyx mori]
TRINITY_DN18158_c2_g1_i1.p1	XP_021205855.1	30.000	100	68	2	2	101	111	208	1.52e-10	56.2	114	228	88	XP_021205855.1 glutathione S-transferase epsilon 6 isoform X1 [Bombyx mori]
TRINITY_DN18158_c2_g1_i1.p1	XP_021205854.1	30.000	100	68	2	2	101	111	208	1.52e-10	56.2	114	228	88	XP_021205854.1 glutathione S-transferase epsilon 6 isoform X1 [Bombyx mori]
TRINITY_DN18158_c2_g1_i1.p1	XP_012548743.1	30.000	100	68	2	2	101	111	208	1.52e-10	56.2	114	228	88	XP_012548743.1 glutathione S-transferase epsilon 6 isoform X1 [Bombyx mori]
TRINITY_DN18158_c2_g1_i1.p1	NP_001108465.1	29.000	100	64	3	2	101	111	203	1.42e-06	45.4	114	223	88	NP_001108465.1 glutathione S-transferase epsilon 6 [Bombyx mori]
TRINITY_DN18158_c2_g1_i1.p1	NP_001108460.1	23.077	104	77	1	3	106	111	211	9.60e-06	43.1	114	217	91	NP_001108460.1 glutathione S-transferase epsilon 4 [Bombyx mori]
TRINITY_DN18158_c2_g1_i1.p1	NP_001037197.1	31.250	64	42	1	24	87	132	193	7.60e-05	40.4	114	222	56	NP_001037197.1 glutathione S-transferase epsilon 1 [Bombyx mori]
TRINITY_DN18158_c2_g2_i1.p1	XP_004930497.3	54.751	221	98	1	4	224	132	350	6.31e-85	256	227	364	97	XP_004930497.3 glutathione S-transferase D7 [Bombyx mori]
TRINITY_DN18158_c2_g2_i1.p1	XP_037874601.1	42.453	212	118	2	1	212	1	208	2.54e-54	173	227	217	93	XP_037874601.1 glutathione S-transferase epsilon 3 isoform X1 [Bombyx mori]
TRINITY_DN18158_c2_g2_i1.p1	XP_037874600.1	42.453	212	118	2	1	212	1	208	2.54e-54	173	227	217	93	XP_037874600.1 glutathione S-transferase epsilon 3 isoform X1 [Bombyx mori]
TRINITY_DN18158_c2_g2_i1.p1	XP_012546875.1	42.453	212	118	2	1	212	1	208	2.54e-54	173	227	217	93	XP_012546875.1 glutathione S-transferase epsilon 3 isoform X1 [Bombyx mori]
TRINITY_DN18158_c2_g2_i1.p1	NP_001108466.1	42.453	212	118	2	1	212	1	208	2.54e-54	173	227	217	93	NP_001108466.1 glutathione S-transferase epsilon 3 [Bombyx mori]
TRINITY_DN18158_c2_g2_i1.p1	XP_062530525.1	38.571	210	127	1	1	210	1	208	4.98e-51	165	227	228	93	XP_062530525.1 glutathione S-transferase epsilon 6 isoform X1 [Bombyx mori]
TRINITY_DN18158_c2_g2_i1.p1	XP_062530524.1	38.571	210	127	1	1	210	1	208	4.98e-51	165	227	228	93	XP_062530524.1 glutathione S-transferase epsilon 6 isoform X1 [Bombyx mori]
TRINITY_DN18158_c2_g2_i1.p1	XP_021205855.1	38.571	210	127	1	1	210	1	208	4.98e-51	165	227	228	93	XP_021205855.1 glutathione S-transferase epsilon 6 isoform X1 [Bombyx mori]
TRINITY_DN18158_c2_g2_i1.p1	XP_021205854.1	38.571	210	127	1	1	210	1	208	4.98e-51	165	227	228	93	XP_021205854.1 glutathione S-transferase epsilon 6 isoform X1 [Bombyx mori]
TRINITY_DN18158_c2_g2_i1.p1	XP_012548743.1	38.571	210	127	1	1	210	1	208	4.98e-51	165	227	228	93	XP_012548743.1 glutathione S-transferase epsilon 6 isoform X1 [Bombyx mori]
TRINITY_DN18158_c2_g2_i1.p1	NP_001108465.1	38.095	210	123	2	1	210	1	203	7.02e-47	154	227	223	93	NP_001108465.1 glutathione S-transferase epsilon 6 [Bombyx mori]
TRINITY_DN18158_c2_g2_i1.p1	XP_062532228.1	36.232	207	127	3	1	207	1	202	7.01e-45	149	227	215	91	XP_062532228.1 glutathione S-transferase epsilon 2 isoform X1 [Bombyx mori]
TRINITY_DN18158_c2_g2_i1.p1	XP_062532227.1	36.232	207	127	3	1	207	1	202	7.01e-45	149	227	215	91	XP_062532227.1 glutathione S-transferase epsilon 2 isoform X1 [Bombyx mori]
TRINITY_DN18158_c2_g2_i1.p1	XP_062532226.1	36.232	207	127	3	1	207	1	202	7.01e-45	149	227	215	91	XP_062532226.1 glutathione S-transferase epsilon 2 isoform X1 [Bombyx mori]
TRINITY_DN18158_c2_g2_i1.p1	NP_001037420.1	36.232	207	127	3	1	207	1	202	1.78e-44	148	227	215	91	NP_001037420.1 glutathione S-transferase epsilon 2 [Bombyx mori]
TRINITY_DN18158_c2_g2_i1.p1	NP_001108460.1	35.238	210	130	3	1	209	1	205	3.11e-42	142	227	217	92	NP_001108460.1 glutathione S-transferase epsilon 4 [Bombyx mori]
TRINITY_DN18158_c2_g2_i1.p1	NP_001037546.1	38.947	190	111	4	1	190	1	185	4.72e-35	124	227	220	84	NP_001037546.1 glutathione S-transferase delta 3 [Bombyx mori]
TRINITY_DN18158_c2_g2_i1.p1	XP_012546385.1	38.947	190	111	4	1	190	128	312	1.05e-33	124	227	347	84	XP_012546385.1 glutathione S-transferase delta 3 isoform X17 [Bombyx mori]
TRINITY_DN18158_c2_g2_i1.p1	XP_062524885.1	38.947	190	111	4	1	190	176	360	1.09e-33	125	227	395	84	XP_062524885.1 glutathione S-transferase delta 3 isoform X14 [Bombyx mori]
TRINITY_DN18158_c2_g2_i1.p1	XP_062524884.1	38.947	190	111	4	1	190	187	371	1.86e-33	124	227	406	84	XP_062524884.1 glutathione S-transferase delta 3 isoform X13 [Bombyx mori]
TRINITY_DN18158_c2_g2_i1.p1	XP_062524882.1	38.947	190	111	4	1	190	195	379	1.86e-33	124	227	414	84	XP_062524882.1 glutathione S-transferase delta 3 isoform X11 [Bombyx mori]
TRINITY_DN18158_c2_g2_i1.p1	XP_062524883.1	38.947	190	111	4	1	190	191	375	2.05e-33	124	227	410	84	XP_062524883.1 glutathione S-transferase delta 3 isoform X12 [Bombyx mori]
TRINITY_DN18158_c2_g2_i1.p1	XP_062524880.1	38.947	190	111	4	1	190	199	383	2.12e-33	124	227	418	84	XP_062524880.1 glutathione S-transferase delta 3 isoform X9 [Bombyx mori]
TRINITY_DN18158_c2_g2_i1.p1	XP_037877200.1	38.947	190	111	4	1	190	207	391	2.32e-33	124	227	426	84	XP_037877200.1 glutathione S-transferase delta 3 isoform X8 [Bombyx mori]
TRINITY_DN18158_c2_g2_i1.p1	XP_062524881.1	38.947	190	111	4	1	190	199	383	2.40e-33	124	227	418	84	XP_062524881.1 glutathione S-transferase delta 3 isoform X10 [Bombyx mori]
TRINITY_DN1824_c0_g1_i1.p1	XP_062532228.1	60.648	216	81	3	12	225	1	214	2.53e-95	277	226	215	95	XP_062532228.1 glutathione S-transferase epsilon 2 isoform X1 [Bombyx mori]
TRINITY_DN1824_c0_g1_i1.p1	XP_062532227.1	60.648	216	81	3	12	225	1	214	2.53e-95	277	226	215	95	XP_062532227.1 glutathione S-transferase epsilon 2 isoform X1 [Bombyx mori]
TRINITY_DN1824_c0_g1_i1.p1	XP_062532226.1	60.648	216	81	3	12	225	1	214	2.53e-95	277	226	215	95	XP_062532226.1 glutathione S-transferase epsilon 2 isoform X1 [Bombyx mori]
TRINITY_DN1824_c0_g1_i1.p1	NP_001037420.1	60.648	216	81	3	12	225	1	214	7.56e-95	276	226	215	95	NP_001037420.1 glutathione S-transferase epsilon 2 [Bombyx mori]
TRINITY_DN1824_c0_g1_i1.p1	XP_037874601.1	43.056	216	120	3	12	225	1	215	1.60e-56	179	226	217	95	XP_037874601.1 glutathione S-transferase epsilon 3 isoform X1 [Bombyx mori]
TRINITY_DN1824_c0_g1_i1.p1	XP_037874600.1	43.056	216	120	3	12	225	1	215	1.60e-56	179	226	217	95	XP_037874600.1 glutathione S-transferase epsilon 3 isoform X1 [Bombyx mori]
TRINITY_DN1824_c0_g1_i1.p1	XP_012546875.1	43.056	216	120	3	12	225	1	215	1.60e-56	179	226	217	95	XP_012546875.1 glutathione S-transferase epsilon 3 isoform X1 [Bombyx mori]
TRINITY_DN1824_c0_g1_i1.p1	NP_001108466.1	43.056	216	120	3	12	225	1	215	1.60e-56	179	226	217	95	NP_001108466.1 glutathione S-transferase epsilon 3 [Bombyx mori]
TRINITY_DN1824_c0_g1_i1.p1	XP_062530525.1	41.951	205	116	3	12	213	1	205	5.81e-55	175	226	228	89	XP_062530525.1 glutathione S-transferase epsilon 6 isoform X1 [Bombyx mori]
TRINITY_DN1824_c0_g1_i1.p1	XP_062530524.1	41.951	205	116	3	12	213	1	205	5.81e-55	175	226	228	89	XP_062530524.1 glutathione S-transferase epsilon 6 isoform X1 [Bombyx mori]
TRINITY_DN1824_c0_g1_i1.p1	XP_021205855.1	41.951	205	116	3	12	213	1	205	5.81e-55	175	226	228	89	XP_021205855.1 glutathione S-transferase epsilon 6 isoform X1 [Bombyx mori]
TRINITY_DN1824_c0_g1_i1.p1	XP_021205854.1	41.951	205	116	3	12	213	1	205	5.81e-55	175	226	228	89	XP_021205854.1 glutathione S-transferase epsilon 6 isoform X1 [Bombyx mori]
TRINITY_DN1824_c0_g1_i1.p1	XP_012548743.1	41.951	205	116	3	12	213	1	205	5.81e-55	175	226	228	89	XP_012548743.1 glutathione S-transferase epsilon 6 isoform X1 [Bombyx mori]
TRINITY_DN1824_c0_g1_i1.p1	NP_001108460.1	42.991	214	119	3	12	223	1	213	3.43e-54	173	226	217	94	NP_001108460.1 glutathione S-transferase epsilon 4 [Bombyx mori]
TRINITY_DN1824_c0_g1_i1.p1	NP_001108465.1	41.176	204	114	3	12	213	1	200	8.39e-53	170	226	223	89	NP_001108465.1 glutathione S-transferase epsilon 6 [Bombyx mori]
TRINITY_DN1824_c0_g1_i1.p1	NP_001108464.1	41.850	227	116	5	12	223	1	226	5.59e-51	165	226	229	94	NP_001108464.1 glutathione S-transferase epsilon 5 [Bombyx mori]
TRINITY_DN1824_c0_g1_i1.p1	NP_001037197.1	40.367	218	125	5	12	225	1	217	6.75e-46	152	226	222	95	NP_001037197.1 glutathione S-transferase epsilon 1 [Bombyx mori]
TRINITY_DN1824_c0_g1_i1.p1	NP_001037546.1	35.514	214	135	3	12	223	1	213	4.85e-37	129	226	220	94	NP_001037546.1 glutathione S-transferase delta 3 [Bombyx mori]
TRINITY_DN1824_c0_g1_i1.p1	XP_037877193.1	37.963	216	130	4	12	225	1	214	5.58e-37	129	226	216	95	XP_037877193.1 glutathione S-transferase delta 2 isoform X1 [Bombyx mori]
TRINITY_DN1824_c0_g1_i1.p1	NP_001036974.1	37.963	216	130	4	12	225	1	214	5.58e-37	129	226	216	95	NP_001036974.1 glutathione S-transferase delta 2 [Bombyx mori]
TRINITY_DN1824_c0_g1_i1.p1	XP_012546385.1	35.185	216	137	3	10	223	126	340	2.00e-35	128	226	347	95	XP_012546385.1 glutathione S-transferase delta 3 isoform X17 [Bombyx mori]
TRINITY_DN1824_c0_g1_i1.p1	XP_062524885.1	35.023	217	138	3	10	224	174	389	4.83e-35	128	226	395	95	XP_062524885.1 glutathione S-transferase delta 3 isoform X14 [Bombyx mori]
TRINITY_DN1824_c0_g1_i1.p1	XP_062524888.1	35.185	216	137	3	10	223	164	378	4.99e-35	128	226	385	95	XP_062524888.1 glutathione S-transferase delta 3 isoform X16 [Bombyx mori]
TRINITY_DN1824_c0_g1_i1.p1	XP_037877201.1	35.185	216	137	3	10	223	172	386	5.19e-35	128	226	393	95	XP_037877201.1 glutathione S-transferase delta 3 isoform X15 [Bombyx mori]
TRINITY_DN1824_c0_g1_i1.p1	XP_062524884.1	34.685	222	142	3	5	224	180	400	7.09e-35	128	226	406	97	XP_062524884.1 glutathione S-transferase delta 3 isoform X13 [Bombyx mori]
TRINITY_DN196_c0_g1_i1.p1	XP_012544300.1	54.310	116	53	0	1	116	87	202	3.85e-40	132	119	204	97	XP_012544300.1 glutathione S-transferase sigma 2 isoform X1 [Bombyx mori]
TRINITY_DN196_c0_g1_i1.p1	NP_001036994.1	54.310	116	53	0	1	116	87	202	3.85e-40	132	119	204	97	NP_001036994.1 glutathione S-transferase sigma 2 [Bombyx mori]
TRINITY_DN196_c0_g1_i1.p1	NP_001037077.1	52.252	111	53	0	1	111	87	197	1.33e-37	126	119	206	93	NP_001037077.1 glutathione S-transferase sigma 1 [Bombyx mori]
TRINITY_DN196_c1_g2_i1.p1	XP_012544300.1	60.234	171	68	0	47	217	1	171	3.06e-74	223	217	204	79	XP_012544300.1 glutathione S-transferase sigma 2 isoform X1 [Bombyx mori]
TRINITY_DN196_c1_g2_i1.p1	NP_001036994.1	60.234	171	68	0	47	217	1	171	3.06e-74	223	217	204	79	NP_001036994.1 glutathione S-transferase sigma 2 [Bombyx mori]
TRINITY_DN196_c1_g2_i1.p1	NP_001037077.1	55.556	171	76	0	47	217	1	171	5.46e-68	207	217	206	79	NP_001037077.1 glutathione S-transferase sigma 1 [Bombyx mori]
TRINITY_DN196_c6_g1_i1.p1	XP_012544300.1	52.318	151	70	1	1	151	1	149	1.27e-50	161	171	204	88	XP_012544300.1 glutathione S-transferase sigma 2 isoform X1 [Bombyx mori]
TRINITY_DN196_c6_g1_i1.p1	NP_001036994.1	52.318	151	70	1	1	151	1	149	1.27e-50	161	171	204	88	NP_001036994.1 glutathione S-transferase sigma 2 [Bombyx mori]
TRINITY_DN196_c6_g1_i1.p1	NP_001037077.1	48.344	151	76	1	1	151	1	149	7.97e-49	157	171	206	88	NP_001037077.1 glutathione S-transferase sigma 1 [Bombyx mori]
TRINITY_DN196_c6_g1_i10.p1	XP_012544300.1	53.266	199	91	1	1	199	1	197	1.79e-74	223	201	204	99	XP_012544300.1 glutathione S-transferase sigma 2 isoform X1 [Bombyx mori]
TRINITY_DN196_c6_g1_i10.p1	NP_001036994.1	53.266	199	91	1	1	199	1	197	1.79e-74	223	201	204	99	NP_001036994.1 glutathione S-transferase sigma 2 [Bombyx mori]
TRINITY_DN196_c6_g1_i10.p1	NP_001037077.1	49.749	199	98	1	1	199	1	197	1.19e-71	216	201	206	99	NP_001037077.1 glutathione S-transferase sigma 1 [Bombyx mori]
TRINITY_DN196_c6_g1_i3.p1	XP_012544300.1	52.980	151	69	1	1	151	1	149	2.57e-52	166	171	204	88	XP_012544300.1 glutathione S-transferase sigma 2 isoform X1 [Bombyx mori]
TRINITY_DN196_c6_g1_i3.p1	NP_001036994.1	52.980	151	69	1	1	151	1	149	2.57e-52	166	171	204	88	NP_001036994.1 glutathione S-transferase sigma 2 [Bombyx mori]
TRINITY_DN196_c6_g1_i3.p1	NP_001037077.1	50.331	151	73	1	1	151	1	149	1.90e-51	164	171	206	88	NP_001037077.1 glutathione S-transferase sigma 1 [Bombyx mori]
TRINITY_DN196_c6_g1_i4.p1	XP_012544300.1	52.764	199	92	1	1	199	1	197	1.04e-72	219	201	204	99	XP_012544300.1 glutathione S-transferase sigma 2 isoform X1 [Bombyx mori]
TRINITY_DN196_c6_g1_i4.p1	NP_001036994.1	52.764	199	92	1	1	199	1	197	1.04e-72	219	201	204	99	NP_001036994.1 glutathione S-transferase sigma 2 [Bombyx mori]
TRINITY_DN196_c6_g1_i4.p1	NP_001037077.1	48.241	199	101	1	1	199	1	197	5.46e-69	209	201	206	99	NP_001037077.1 glutathione S-transferase sigma 1 [Bombyx mori]
TRINITY_DN1970_c0_g1_i1.p1	NP_001040435.1	85.000	240	36	0	1	240	1	240	2.58e-158	438	241	240	99	NP_001040435.1 glutathione S-transferase omega 3 [Bombyx mori]
TRINITY_DN1970_c0_g1_i1.p1	NP_001108461.1	34.286	210	127	5	11	217	18	219	1.55e-33	121	241	247	86	NP_001108461.1 glutathione S-transferase omega 4 [Bombyx mori]
TRINITY_DN1970_c0_g1_i1.p1	NP_001037406.1	34.091	220	123	6	7	217	18	224	2.48e-32	119	241	256	88	NP_001037406.1 glutathione S-transferase omega 2 [Bombyx mori]
TRINITY_DN1970_c0_g1_i1.p1	XP_062526828.1	36.723	177	104	3	7	180	18	189	2.51e-32	119	241	256	72	XP_062526828.1 glutathione S-transferase omega 2 isoform X3 [Bombyx mori]
TRINITY_DN1970_c0_g1_i1.p1	XP_062526827.1	36.723	177	104	3	7	180	18	189	4.57e-32	118	241	260	72	XP_062526827.1 glutathione S-transferase omega 2 isoform X2 [Bombyx mori]
TRINITY_DN1970_c0_g1_i1.p1	XP_062526826.1	36.994	173	101	3	11	180	62	229	9.54e-32	118	241	300	71	XP_062526826.1 glutathione S-transferase omega 2 isoform X1 [Bombyx mori]
TRINITY_DN1970_c0_g1_i1.p1	NP_001040131.1	30.041	243	142	6	1	235	1	223	1.61e-25	100	241	254	98	NP_001040131.1 glutathione S-transferase omega 1 [Bombyx mori]
TRINITY_DN1970_c0_g1_i1.p1	NP_001108465.1	35.802	81	43	3	23	99	5	80	6.33e-04	40.4	241	223	32	NP_001108465.1 glutathione S-transferase epsilon 6 [Bombyx mori]
TRINITY_DN1970_c0_g1_i1.p1	XP_062530525.1	35.802	81	43	3	23	99	5	80	7.25e-04	40.0	241	228	32	XP_062530525.1 glutathione S-transferase epsilon 6 isoform X1 [Bombyx mori]
TRINITY_DN1970_c0_g1_i1.p1	XP_062530524.1	35.802	81	43	3	23	99	5	80	7.25e-04	40.0	241	228	32	XP_062530524.1 glutathione S-transferase epsilon 6 isoform X1 [Bombyx mori]
TRINITY_DN1970_c0_g1_i1.p1	XP_021205855.1	35.802	81	43	3	23	99	5	80	7.25e-04	40.0	241	228	32	XP_021205855.1 glutathione S-transferase epsilon 6 isoform X1 [Bombyx mori]
TRINITY_DN1970_c0_g1_i1.p1	XP_021205854.1	35.802	81	43	3	23	99	5	80	7.25e-04	40.0	241	228	32	XP_021205854.1 glutathione S-transferase epsilon 6 isoform X1 [Bombyx mori]
TRINITY_DN1970_c0_g1_i1.p1	XP_012548743.1	35.802	81	43	3	23	99	5	80	7.25e-04	40.0	241	228	32	XP_012548743.1 glutathione S-transferase epsilon 6 isoform X1 [Bombyx mori]
TRINITY_DN1970_c0_g1_i10.p1	NP_001040435.1	85.000	240	36	0	1	240	1	240	2.58e-158	438	241	240	99	NP_001040435.1 glutathione S-transferase omega 3 [Bombyx mori]
TRINITY_DN1970_c0_g1_i10.p1	NP_001108461.1	34.286	210	127	5	11	217	18	219	1.55e-33	121	241	247	86	NP_001108461.1 glutathione S-transferase omega 4 [Bombyx mori]
TRINITY_DN1970_c0_g1_i10.p1	NP_001037406.1	34.091	220	123	6	7	217	18	224	2.48e-32	119	241	256	88	NP_001037406.1 glutathione S-transferase omega 2 [Bombyx mori]
TRINITY_DN1970_c0_g1_i10.p1	XP_062526828.1	36.723	177	104	3	7	180	18	189	2.51e-32	119	241	256	72	XP_062526828.1 glutathione S-transferase omega 2 isoform X3 [Bombyx mori]
TRINITY_DN1970_c0_g1_i10.p1	XP_062526827.1	36.723	177	104	3	7	180	18	189	4.57e-32	118	241	260	72	XP_062526827.1 glutathione S-transferase omega 2 isoform X2 [Bombyx mori]
TRINITY_DN1970_c0_g1_i10.p1	XP_062526826.1	36.994	173	101	3	11	180	62	229	9.54e-32	118	241	300	71	XP_062526826.1 glutathione S-transferase omega 2 isoform X1 [Bombyx mori]
TRINITY_DN1970_c0_g1_i10.p1	NP_001040131.1	30.041	243	142	6	1	235	1	223	1.61e-25	100	241	254	98	NP_001040131.1 glutathione S-transferase omega 1 [Bombyx mori]
TRINITY_DN1970_c0_g1_i10.p1	NP_001108465.1	35.802	81	43	3	23	99	5	80	6.33e-04	40.4	241	223	32	NP_001108465.1 glutathione S-transferase epsilon 6 [Bombyx mori]
TRINITY_DN1970_c0_g1_i10.p1	XP_062530525.1	35.802	81	43	3	23	99	5	80	7.25e-04	40.0	241	228	32	XP_062530525.1 glutathione S-transferase epsilon 6 isoform X1 [Bombyx mori]
TRINITY_DN1970_c0_g1_i10.p1	XP_062530524.1	35.802	81	43	3	23	99	5	80	7.25e-04	40.0	241	228	32	XP_062530524.1 glutathione S-transferase epsilon 6 isoform X1 [Bombyx mori]
TRINITY_DN1970_c0_g1_i10.p1	XP_021205855.1	35.802	81	43	3	23	99	5	80	7.25e-04	40.0	241	228	32	XP_021205855.1 glutathione S-transferase epsilon 6 isoform X1 [Bombyx mori]
TRINITY_DN1970_c0_g1_i10.p1	XP_021205854.1	35.802	81	43	3	23	99	5	80	7.25e-04	40.0	241	228	32	XP_021205854.1 glutathione S-transferase epsilon 6 isoform X1 [Bombyx mori]
TRINITY_DN1970_c0_g1_i10.p1	XP_012548743.1	35.802	81	43	3	23	99	5	80	7.25e-04	40.0	241	228	32	XP_012548743.1 glutathione S-transferase epsilon 6 isoform X1 [Bombyx mori]
TRINITY_DN1970_c0_g1_i13.p1	NP_001040435.1	85.000	240	36	0	1	240	1	240	2.58e-158	438	241	240	99	NP_001040435.1 glutathione S-transferase omega 3 [Bombyx mori]
TRINITY_DN1970_c0_g1_i13.p1	NP_001108461.1	34.286	210	127	5	11	217	18	219	1.55e-33	121	241	247	86	NP_001108461.1 glutathione S-transferase omega 4 [Bombyx mori]
TRINITY_DN1970_c0_g1_i13.p1	NP_001037406.1	34.091	220	123	6	7	217	18	224	2.48e-32	119	241	256	88	NP_001037406.1 glutathione S-transferase omega 2 [Bombyx mori]
TRINITY_DN1970_c0_g1_i13.p1	XP_062526828.1	36.723	177	104	3	7	180	18	189	2.51e-32	119	241	256	72	XP_062526828.1 glutathione S-transferase omega 2 isoform X3 [Bombyx mori]
TRINITY_DN1970_c0_g1_i13.p1	XP_062526827.1	36.723	177	104	3	7	180	18	189	4.57e-32	118	241	260	72	XP_062526827.1 glutathione S-transferase omega 2 isoform X2 [Bombyx mori]
TRINITY_DN1970_c0_g1_i13.p1	XP_062526826.1	36.994	173	101	3	11	180	62	229	9.54e-32	118	241	300	71	XP_062526826.1 glutathione S-transferase omega 2 isoform X1 [Bombyx mori]
TRINITY_DN1970_c0_g1_i13.p1	NP_001040131.1	30.041	243	142	6	1	235	1	223	1.61e-25	100	241	254	98	NP_001040131.1 glutathione S-transferase omega 1 [Bombyx mori]
TRINITY_DN1970_c0_g1_i13.p1	NP_001108465.1	35.802	81	43	3	23	99	5	80	6.33e-04	40.4	241	223	32	NP_001108465.1 glutathione S-transferase epsilon 6 [Bombyx mori]
TRINITY_DN1970_c0_g1_i13.p1	XP_062530525.1	35.802	81	43	3	23	99	5	80	7.25e-04	40.0	241	228	32	XP_062530525.1 glutathione S-transferase epsilon 6 isoform X1 [Bombyx mori]
TRINITY_DN1970_c0_g1_i13.p1	XP_062530524.1	35.802	81	43	3	23	99	5	80	7.25e-04	40.0	241	228	32	XP_062530524.1 glutathione S-transferase epsilon 6 isoform X1 [Bombyx mori]
TRINITY_DN1970_c0_g1_i13.p1	XP_021205855.1	35.802	81	43	3	23	99	5	80	7.25e-04	40.0	241	228	32	XP_021205855.1 glutathione S-transferase epsilon 6 isoform X1 [Bombyx mori]
TRINITY_DN1970_c0_g1_i13.p1	XP_021205854.1	35.802	81	43	3	23	99	5	80	7.25e-04	40.0	241	228	32	XP_021205854.1 glutathione S-transferase epsilon 6 isoform X1 [Bombyx mori]
TRINITY_DN1970_c0_g1_i13.p1	XP_012548743.1	35.802	81	43	3	23	99	5	80	7.25e-04	40.0	241	228	32	XP_012548743.1 glutathione S-transferase epsilon 6 isoform X1 [Bombyx mori]
TRINITY_DN1970_c0_g1_i14.p1	NP_001040435.1	85.000	240	36	0	1	240	1	240	2.58e-158	438	241	240	99	NP_001040435.1 glutathione S-transferase omega 3 [Bombyx mori]
TRINITY_DN1970_c0_g1_i14.p1	NP_001108461.1	34.286	210	127	5	11	217	18	219	1.55e-33	121	241	247	86	NP_001108461.1 glutathione S-transferase omega 4 [Bombyx mori]
TRINITY_DN1970_c0_g1_i14.p1	NP_001037406.1	34.091	220	123	6	7	217	18	224	2.48e-32	119	241	256	88	NP_001037406.1 glutathione S-transferase omega 2 [Bombyx mori]
TRINITY_DN1970_c0_g1_i14.p1	XP_062526828.1	36.723	177	104	3	7	180	18	189	2.51e-32	119	241	256	72	XP_062526828.1 glutathione S-transferase omega 2 isoform X3 [Bombyx mori]
TRINITY_DN1970_c0_g1_i14.p1	XP_062526827.1	36.723	177	104	3	7	180	18	189	4.57e-32	118	241	260	72	XP_062526827.1 glutathione S-transferase omega 2 isoform X2 [Bombyx mori]
TRINITY_DN1970_c0_g1_i14.p1	XP_062526826.1	36.994	173	101	3	11	180	62	229	9.54e-32	118	241	300	71	XP_062526826.1 glutathione S-transferase omega 2 isoform X1 [Bombyx mori]
TRINITY_DN1970_c0_g1_i14.p1	NP_001040131.1	30.041	243	142	6	1	235	1	223	1.61e-25	100	241	254	98	NP_001040131.1 glutathione S-transferase omega 1 [Bombyx mori]
TRINITY_DN1970_c0_g1_i14.p1	NP_001108465.1	35.802	81	43	3	23	99	5	80	6.33e-04	40.4	241	223	32	NP_001108465.1 glutathione S-transferase epsilon 6 [Bombyx mori]
TRINITY_DN1970_c0_g1_i14.p1	XP_062530525.1	35.802	81	43	3	23	99	5	80	7.25e-04	40.0	241	228	32	XP_062530525.1 glutathione S-transferase epsilon 6 isoform X1 [Bombyx mori]
TRINITY_DN1970_c0_g1_i14.p1	XP_062530524.1	35.802	81	43	3	23	99	5	80	7.25e-04	40.0	241	228	32	XP_062530524.1 glutathione S-transferase epsilon 6 isoform X1 [Bombyx mori]
TRINITY_DN1970_c0_g1_i14.p1	XP_021205855.1	35.802	81	43	3	23	99	5	80	7.25e-04	40.0	241	228	32	XP_021205855.1 glutathione S-transferase epsilon 6 isoform X1 [Bombyx mori]
TRINITY_DN1970_c0_g1_i14.p1	XP_021205854.1	35.802	81	43	3	23	99	5	80	7.25e-04	40.0	241	228	32	XP_021205854.1 glutathione S-transferase epsilon 6 isoform X1 [Bombyx mori]
TRINITY_DN1970_c0_g1_i14.p1	XP_012548743.1	35.802	81	43	3	23	99	5	80	7.25e-04	40.0	241	228	32	XP_012548743.1 glutathione S-transferase epsilon 6 isoform X1 [Bombyx mori]
TRINITY_DN1970_c0_g1_i2.p1	NP_001040435.1	85.000	240	36	0	1	240	1	240	2.58e-158	438	241	240	99	NP_001040435.1 glutathione S-transferase omega 3 [Bombyx mori]
TRINITY_DN1970_c0_g1_i2.p1	NP_001108461.1	34.286	210	127	5	11	217	18	219	1.55e-33	121	241	247	86	NP_001108461.1 glutathione S-transferase omega 4 [Bombyx mori]
TRINITY_DN1970_c0_g1_i2.p1	NP_001037406.1	34.091	220	123	6	7	217	18	224	2.48e-32	119	241	256	88	NP_001037406.1 glutathione S-transferase omega 2 [Bombyx mori]
TRINITY_DN1970_c0_g1_i2.p1	XP_062526828.1	36.723	177	104	3	7	180	18	189	2.51e-32	119	241	256	72	XP_062526828.1 glutathione S-transferase omega 2 isoform X3 [Bombyx mori]
TRINITY_DN1970_c0_g1_i2.p1	XP_062526827.1	36.723	177	104	3	7	180	18	189	4.57e-32	118	241	260	72	XP_062526827.1 glutathione S-transferase omega 2 isoform X2 [Bombyx mori]
TRINITY_DN1970_c0_g1_i2.p1	XP_062526826.1	36.994	173	101	3	11	180	62	229	9.54e-32	118	241	300	71	XP_062526826.1 glutathione S-transferase omega 2 isoform X1 [Bombyx mori]
TRINITY_DN1970_c0_g1_i2.p1	NP_001040131.1	30.041	243	142	6	1	235	1	223	1.61e-25	100	241	254	98	NP_001040131.1 glutathione S-transferase omega 1 [Bombyx mori]
TRINITY_DN1970_c0_g1_i2.p1	NP_001108465.1	35.802	81	43	3	23	99	5	80	6.33e-04	40.4	241	223	32	NP_001108465.1 glutathione S-transferase epsilon 6 [Bombyx mori]
TRINITY_DN1970_c0_g1_i2.p1	XP_062530525.1	35.802	81	43	3	23	99	5	80	7.25e-04	40.0	241	228	32	XP_062530525.1 glutathione S-transferase epsilon 6 isoform X1 [Bombyx mori]
TRINITY_DN1970_c0_g1_i2.p1	XP_062530524.1	35.802	81	43	3	23	99	5	80	7.25e-04	40.0	241	228	32	XP_062530524.1 glutathione S-transferase epsilon 6 isoform X1 [Bombyx mori]
TRINITY_DN1970_c0_g1_i2.p1	XP_021205855.1	35.802	81	43	3	23	99	5	80	7.25e-04	40.0	241	228	32	XP_021205855.1 glutathione S-transferase epsilon 6 isoform X1 [Bombyx mori]
TRINITY_DN1970_c0_g1_i2.p1	XP_021205854.1	35.802	81	43	3	23	99	5	80	7.25e-04	40.0	241	228	32	XP_021205854.1 glutathione S-transferase epsilon 6 isoform X1 [Bombyx mori]
TRINITY_DN1970_c0_g1_i2.p1	XP_012548743.1	35.802	81	43	3	23	99	5	80	7.25e-04	40.0	241	228	32	XP_012548743.1 glutathione S-transferase epsilon 6 isoform X1 [Bombyx mori]
TRINITY_DN1970_c0_g1_i5.p1	NP_001040435.1	85.000	240	36	0	1	240	1	240	2.58e-158	438	241	240	99	NP_001040435.1 glutathione S-transferase omega 3 [Bombyx mori]
TRINITY_DN1970_c0_g1_i5.p1	NP_001108461.1	34.286	210	127	5	11	217	18	219	1.55e-33	121	241	247	86	NP_001108461.1 glutathione S-transferase omega 4 [Bombyx mori]
TRINITY_DN1970_c0_g1_i5.p1	NP_001037406.1	34.091	220	123	6	7	217	18	224	2.48e-32	119	241	256	88	NP_001037406.1 glutathione S-transferase omega 2 [Bombyx mori]
TRINITY_DN1970_c0_g1_i5.p1	XP_062526828.1	36.723	177	104	3	7	180	18	189	2.51e-32	119	241	256	72	XP_062526828.1 glutathione S-transferase omega 2 isoform X3 [Bombyx mori]
TRINITY_DN1970_c0_g1_i5.p1	XP_062526827.1	36.723	177	104	3	7	180	18	189	4.57e-32	118	241	260	72	XP_062526827.1 glutathione S-transferase omega 2 isoform X2 [Bombyx mori]
TRINITY_DN1970_c0_g1_i5.p1	XP_062526826.1	36.994	173	101	3	11	180	62	229	9.54e-32	118	241	300	71	XP_062526826.1 glutathione S-transferase omega 2 isoform X1 [Bombyx mori]
TRINITY_DN1970_c0_g1_i5.p1	NP_001040131.1	30.041	243	142	6	1	235	1	223	1.61e-25	100	241	254	98	NP_001040131.1 glutathione S-transferase omega 1 [Bombyx mori]
TRINITY_DN1970_c0_g1_i5.p1	NP_001108465.1	35.802	81	43	3	23	99	5	80	6.33e-04	40.4	241	223	32	NP_001108465.1 glutathione S-transferase epsilon 6 [Bombyx mori]
TRINITY_DN1970_c0_g1_i5.p1	XP_062530525.1	35.802	81	43	3	23	99	5	80	7.25e-04	40.0	241	228	32	XP_062530525.1 glutathione S-transferase epsilon 6 isoform X1 [Bombyx mori]
TRINITY_DN1970_c0_g1_i5.p1	XP_062530524.1	35.802	81	43	3	23	99	5	80	7.25e-04	40.0	241	228	32	XP_062530524.1 glutathione S-transferase epsilon 6 isoform X1 [Bombyx mori]
TRINITY_DN1970_c0_g1_i5.p1	XP_021205855.1	35.802	81	43	3	23	99	5	80	7.25e-04	40.0	241	228	32	XP_021205855.1 glutathione S-transferase epsilon 6 isoform X1 [Bombyx mori]
TRINITY_DN1970_c0_g1_i5.p1	XP_021205854.1	35.802	81	43	3	23	99	5	80	7.25e-04	40.0	241	228	32	XP_021205854.1 glutathione S-transferase epsilon 6 isoform X1 [Bombyx mori]
TRINITY_DN1970_c0_g1_i5.p1	XP_012548743.1	35.802	81	43	3	23	99	5	80	7.25e-04	40.0	241	228	32	XP_012548743.1 glutathione S-transferase epsilon 6 isoform X1 [Bombyx mori]
TRINITY_DN2000_c0_g1_i17.p1	XP_012548985.2	69.588	388	117	1	1	388	1	387	0.0	591	389	387	99	XP_012548985.2 prostaglandin E synthase 2 [Bombyx mori]
TRINITY_DN2000_c0_g1_i2.p1	XP_012548985.2	69.588	388	117	1	1	388	1	387	0.0	591	389	387	99	XP_012548985.2 prostaglandin E synthase 2 [Bombyx mori]
TRINITY_DN2000_c0_g1_i29.p1	XP_012548985.2	69.588	388	117	1	1	388	1	387	0.0	591	389	387	99	XP_012548985.2 prostaglandin E synthase 2 [Bombyx mori]
TRINITY_DN2000_c0_g1_i7.p1	XP_012548985.2	69.588	388	117	1	1	388	1	387	0.0	591	389	387	99	XP_012548985.2 prostaglandin E synthase 2 [Bombyx mori]
TRINITY_DN2379_c0_g3_i1.p1	XP_004922383.1	54.032	124	57	0	1	124	4	127	2.88e-48	153	143	176	87	XP_004922383.1 eukaryotic translation elongation factor 1 epsilon-1 [Bombyx mori]
TRINITY_DN2379_c0_g3_i3.p1	XP_004922383.1	56.069	173	76	0	1	173	4	176	2.19e-76	226	174	176	99	XP_004922383.1 eukaryotic translation elongation factor 1 epsilon-1 [Bombyx mori]
TRINITY_DN2379_c0_g3_i3.p1	XP_021202546.3	38.333	60	37	0	94	153	126	185	1.04e-05	45.4	174	1570	34	XP_021202546.3 bifunctional glutamate/proline--tRNA ligase isoform X1 [Bombyx mori]
TRINITY_DN2379_c0_g3_i3.p1	XP_062532143.1	38.333	60	37	0	94	153	97	156	1.05e-05	45.4	174	1541	34	XP_062532143.1 bifunctional glutamate/proline--tRNA ligase isoform X2 [Bombyx mori]
TRINITY_DN2379_c0_g3_i3.p1	XP_021202550.3	38.333	60	37	0	94	153	126	185	1.10e-05	45.1	174	1502	34	XP_021202550.3 bifunctional glutamate/proline--tRNA ligase isoform X3 [Bombyx mori]
TRINITY_DN2529_c0_g1_i19.p1	XP_062528878.1	88.803	259	29	0	1	259	1	259	0.0	499	260	259	99	XP_062528878.1 metaxin-2 isoform X4 [Bombyx mori]
TRINITY_DN2529_c0_g1_i19.p1	XP_037871617.1	89.344	244	26	0	16	259	112	355	6.76e-171	476	260	355	94	XP_037871617.1 metaxin-2 isoform X3 [Bombyx mori]
TRINITY_DN2529_c0_g1_i19.p1	XP_062528872.1	86.087	230	32	0	1	230	1	230	9.86e-152	434	260	528	88	XP_062528872.1 uncharacterized protein LOC101745843 isoform X2 [Bombyx mori]
TRINITY_DN2529_c0_g1_i19.p1	XP_037871612.1	86.512	215	29	0	16	230	112	326	1.05e-140	409	260	624	83	XP_037871612.1 uncharacterized protein LOC101745843 isoform X1 [Bombyx mori]
TRINITY_DN2529_c0_g1_i19.p1	XP_004933751.1	26.818	220	156	2	43	258	22	240	2.30e-26	105	260	317	83	XP_004933751.1 metaxin-1 [Bombyx mori]
TRINITY_DN2529_c0_g1_i23.p1	XP_062528878.1	88.803	259	29	0	1	259	1	259	0.0	499	260	259	99	XP_062528878.1 metaxin-2 isoform X4 [Bombyx mori]
TRINITY_DN2529_c0_g1_i23.p1	XP_037871617.1	89.344	244	26	0	16	259	112	355	6.76e-171	476	260	355	94	XP_037871617.1 metaxin-2 isoform X3 [Bombyx mori]
TRINITY_DN2529_c0_g1_i23.p1	XP_062528872.1	86.087	230	32	0	1	230	1	230	9.86e-152	434	260	528	88	XP_062528872.1 uncharacterized protein LOC101745843 isoform X2 [Bombyx mori]
TRINITY_DN2529_c0_g1_i23.p1	XP_037871612.1	86.512	215	29	0	16	230	112	326	1.05e-140	409	260	624	83	XP_037871612.1 uncharacterized protein LOC101745843 isoform X1 [Bombyx mori]
TRINITY_DN2529_c0_g1_i23.p1	XP_004933751.1	26.818	220	156	2	43	258	22	240	2.30e-26	105	260	317	83	XP_004933751.1 metaxin-1 [Bombyx mori]
