TRINITY_DN1282_c1_g2_i1.p1	XP_062529457.1	63.692	325	114	2	3	325	2	324	6.42e-150	424	328	326	98	XP_062529457.1 sulfotransferase 1 family member D1 [Bombyx mori]
TRINITY_DN1282_c1_g2_i1.p1	XP_062529456.1	63.692	325	114	2	3	325	2	324	6.42e-150	424	328	326	98	XP_062529456.1 sulfotransferase 1 family member D1 [Bombyx mori]
TRINITY_DN1282_c1_g2_i1.p1	XP_062529455.1	63.692	325	114	2	3	325	2	324	6.42e-150	424	328	326	98	XP_062529455.1 sulfotransferase 1 family member D1 [Bombyx mori]
TRINITY_DN1282_c1_g2_i1.p1	XP_062529454.1	63.692	325	114	2	3	325	2	324	6.42e-150	424	328	326	98	XP_062529454.1 sulfotransferase 1 family member D1 [Bombyx mori]
TRINITY_DN1282_c1_g2_i1.p1	XP_037872720.1	63.692	325	114	2	3	325	2	324	6.42e-150	424	328	326	98	XP_037872720.1 sulfotransferase 1 family member D1 [Bombyx mori]
TRINITY_DN1282_c1_g2_i1.p1	NP_001040491.1	63.385	325	115	2	3	325	2	324	3.05e-148	420	328	326	98	NP_001040491.1 estrogen sulfotransferase [Bombyx mori]
TRINITY_DN1282_c1_g2_i1.p1	XP_062529458.1	63.385	325	115	2	3	325	2	324	3.57e-147	417	328	326	98	XP_062529458.1 sulfotransferase 1 family member D1 [Bombyx mori]
TRINITY_DN1282_c1_g2_i1.p1	XP_037872721.1	63.385	325	115	2	3	325	2	324	3.57e-147	417	328	326	98	XP_037872721.1 sulfotransferase 1 family member D1 [Bombyx mori]
TRINITY_DN1282_c1_g2_i1.p1	XP_021207837.1	63.385	325	115	2	3	325	2	324	3.57e-147	417	328	326	98	XP_021207837.1 sulfotransferase 1 family member D1 [Bombyx mori]
TRINITY_DN1282_c1_g2_i1.p1	XP_004932587.1	63.385	325	115	2	3	325	2	324	3.57e-147	417	328	326	98	XP_004932587.1 sulfotransferase 1 family member D1 [Bombyx mori]
TRINITY_DN1282_c1_g2_i1.p1	XP_012551199.2	45.015	331	171	2	6	325	11	341	4.23e-90	273	328	349	98	XP_012551199.2 sulfotransferase isoform X1 [Bombyx mori]
TRINITY_DN1282_c1_g2_i1.p1	XP_012549333.1	41.667	348	180	5	1	327	1	346	8.26e-85	259	328	347	99	XP_012549333.1 sulfotransferase 1C3 isoform X2 [Bombyx mori]
TRINITY_DN1282_c1_g2_i1.p1	XP_004930400.2	44.144	333	170	3	7	323	9	341	6.88e-83	254	328	346	97	XP_004930400.2 sulfotransferase 1C4 isoform X1 [Bombyx mori]
TRINITY_DN1282_c1_g2_i1.p1	XP_062529182.1	44.337	309	161	2	28	325	4	312	1.84e-81	250	328	320	91	XP_062529182.1 sulfotransferase isoform X2 [Bombyx mori]
TRINITY_DN1282_c1_g2_i1.p1	XP_062524699.1	39.339	333	183	5	9	323	9	340	4.51e-78	242	328	343	96	XP_062524699.1 sulfotransferase 1B1 isoform X2 [Bombyx mori]
TRINITY_DN1282_c1_g2_i1.p1	XP_004930150.3	38.922	334	184	5	9	323	9	341	3.29e-77	240	328	344	96	XP_004930150.3 sulfotransferase 1B1 isoform X1 [Bombyx mori]
TRINITY_DN1282_c1_g2_i1.p1	XP_021206280.1	43.643	291	143	4	56	327	1	289	1.17e-75	234	328	290	83	XP_021206280.1 luciferin sulfotransferase isoform X3 [Bombyx mori]
TRINITY_DN1282_c1_g2_i1.p1	XP_012551200.1	44.369	293	152	2	44	325	3	295	1.82e-74	231	328	303	86	XP_012551200.1 sulfotransferase isoform X3 [Bombyx mori]
TRINITY_DN1282_c1_g2_i1.p1	NP_001037002.1	44.484	281	145	2	56	325	1	281	2.22e-70	221	328	302	82	NP_001037002.1 sulfotransferase [Bombyx mori]
TRINITY_DN1282_c1_g2_i1.p1	XP_062526412.1	45.035	282	139	3	58	323	3	284	1.02e-69	219	328	289	81	XP_062526412.1 luciferin sulfotransferase isoform X2 [Bombyx mori]
TRINITY_DN1282_c1_g2_i1.p1	XP_062524698.1	42.143	280	141	4	67	327	130	407	2.25e-67	217	328	408	80	XP_062524698.1 sulfotransferase 1C3 isoform X1 [Bombyx mori]
TRINITY_DN1282_c1_g2_i1.p1	XP_062526415.1	44.981	269	132	3	73	325	6	274	2.23e-64	205	328	277	77	XP_062526415.1 luciferin sulfotransferase isoform X3 [Bombyx mori]
TRINITY_DN1282_c1_g2_i1.p1	XP_062526413.1	44.981	269	132	3	73	325	6	274	2.23e-64	205	328	277	77	XP_062526413.1 luciferin sulfotransferase isoform X3 [Bombyx mori]
TRINITY_DN1282_c1_g2_i1.p1	XP_004933069.3	29.085	306	197	7	32	322	30	330	3.25e-45	157	328	331	89	XP_004933069.3 luciferin sulfotransferase [Bombyx mori]
TRINITY_DN1282_c1_g2_i2.p1	XP_062529457.1	63.692	325	114	2	3	325	2	324	6.42e-150	424	328	326	98	XP_062529457.1 sulfotransferase 1 family member D1 [Bombyx mori]
TRINITY_DN1282_c1_g2_i2.p1	XP_062529456.1	63.692	325	114	2	3	325	2	324	6.42e-150	424	328	326	98	XP_062529456.1 sulfotransferase 1 family member D1 [Bombyx mori]
TRINITY_DN1282_c1_g2_i2.p1	XP_062529455.1	63.692	325	114	2	3	325	2	324	6.42e-150	424	328	326	98	XP_062529455.1 sulfotransferase 1 family member D1 [Bombyx mori]
TRINITY_DN1282_c1_g2_i2.p1	XP_062529454.1	63.692	325	114	2	3	325	2	324	6.42e-150	424	328	326	98	XP_062529454.1 sulfotransferase 1 family member D1 [Bombyx mori]
TRINITY_DN1282_c1_g2_i2.p1	XP_037872720.1	63.692	325	114	2	3	325	2	324	6.42e-150	424	328	326	98	XP_037872720.1 sulfotransferase 1 family member D1 [Bombyx mori]
TRINITY_DN1282_c1_g2_i2.p1	NP_001040491.1	63.385	325	115	2	3	325	2	324	3.05e-148	420	328	326	98	NP_001040491.1 estrogen sulfotransferase [Bombyx mori]
TRINITY_DN1282_c1_g2_i2.p1	XP_062529458.1	63.385	325	115	2	3	325	2	324	3.57e-147	417	328	326	98	XP_062529458.1 sulfotransferase 1 family member D1 [Bombyx mori]
TRINITY_DN1282_c1_g2_i2.p1	XP_037872721.1	63.385	325	115	2	3	325	2	324	3.57e-147	417	328	326	98	XP_037872721.1 sulfotransferase 1 family member D1 [Bombyx mori]
TRINITY_DN1282_c1_g2_i2.p1	XP_021207837.1	63.385	325	115	2	3	325	2	324	3.57e-147	417	328	326	98	XP_021207837.1 sulfotransferase 1 family member D1 [Bombyx mori]
TRINITY_DN1282_c1_g2_i2.p1	XP_004932587.1	63.385	325	115	2	3	325	2	324	3.57e-147	417	328	326	98	XP_004932587.1 sulfotransferase 1 family member D1 [Bombyx mori]
TRINITY_DN1282_c1_g2_i2.p1	XP_012551199.2	45.015	331	171	2	6	325	11	341	4.23e-90	273	328	349	98	XP_012551199.2 sulfotransferase isoform X1 [Bombyx mori]
TRINITY_DN1282_c1_g2_i2.p1	XP_012549333.1	41.667	348	180	5	1	327	1	346	8.26e-85	259	328	347	99	XP_012549333.1 sulfotransferase 1C3 isoform X2 [Bombyx mori]
TRINITY_DN1282_c1_g2_i2.p1	XP_004930400.2	44.144	333	170	3	7	323	9	341	6.88e-83	254	328	346	97	XP_004930400.2 sulfotransferase 1C4 isoform X1 [Bombyx mori]
TRINITY_DN1282_c1_g2_i2.p1	XP_062529182.1	44.337	309	161	2	28	325	4	312	1.84e-81	250	328	320	91	XP_062529182.1 sulfotransferase isoform X2 [Bombyx mori]
TRINITY_DN1282_c1_g2_i2.p1	XP_062524699.1	39.339	333	183	5	9	323	9	340	4.51e-78	242	328	343	96	XP_062524699.1 sulfotransferase 1B1 isoform X2 [Bombyx mori]
TRINITY_DN1282_c1_g2_i2.p1	XP_004930150.3	38.922	334	184	5	9	323	9	341	3.29e-77	240	328	344	96	XP_004930150.3 sulfotransferase 1B1 isoform X1 [Bombyx mori]
TRINITY_DN1282_c1_g2_i2.p1	XP_021206280.1	43.643	291	143	4	56	327	1	289	1.17e-75	234	328	290	83	XP_021206280.1 luciferin sulfotransferase isoform X3 [Bombyx mori]
TRINITY_DN1282_c1_g2_i2.p1	XP_012551200.1	44.369	293	152	2	44	325	3	295	1.82e-74	231	328	303	86	XP_012551200.1 sulfotransferase isoform X3 [Bombyx mori]
TRINITY_DN1282_c1_g2_i2.p1	NP_001037002.1	44.484	281	145	2	56	325	1	281	2.22e-70	221	328	302	82	NP_001037002.1 sulfotransferase [Bombyx mori]
TRINITY_DN1282_c1_g2_i2.p1	XP_062526412.1	45.035	282	139	3	58	323	3	284	1.02e-69	219	328	289	81	XP_062526412.1 luciferin sulfotransferase isoform X2 [Bombyx mori]
TRINITY_DN1282_c1_g2_i2.p1	XP_062524698.1	42.143	280	141	4	67	327	130	407	2.25e-67	217	328	408	80	XP_062524698.1 sulfotransferase 1C3 isoform X1 [Bombyx mori]
TRINITY_DN1282_c1_g2_i2.p1	XP_062526415.1	44.981	269	132	3	73	325	6	274	2.23e-64	205	328	277	77	XP_062526415.1 luciferin sulfotransferase isoform X3 [Bombyx mori]
TRINITY_DN1282_c1_g2_i2.p1	XP_062526413.1	44.981	269	132	3	73	325	6	274	2.23e-64	205	328	277	77	XP_062526413.1 luciferin sulfotransferase isoform X3 [Bombyx mori]
TRINITY_DN1282_c1_g2_i2.p1	XP_004933069.3	29.085	306	197	7	32	322	30	330	3.25e-45	157	328	331	89	XP_004933069.3 luciferin sulfotransferase [Bombyx mori]
TRINITY_DN1282_c1_g2_i4.p1	XP_062529457.1	63.692	325	114	2	3	325	2	324	6.42e-150	424	328	326	98	XP_062529457.1 sulfotransferase 1 family member D1 [Bombyx mori]
TRINITY_DN1282_c1_g2_i4.p1	XP_062529456.1	63.692	325	114	2	3	325	2	324	6.42e-150	424	328	326	98	XP_062529456.1 sulfotransferase 1 family member D1 [Bombyx mori]
TRINITY_DN1282_c1_g2_i4.p1	XP_062529455.1	63.692	325	114	2	3	325	2	324	6.42e-150	424	328	326	98	XP_062529455.1 sulfotransferase 1 family member D1 [Bombyx mori]
TRINITY_DN1282_c1_g2_i4.p1	XP_062529454.1	63.692	325	114	2	3	325	2	324	6.42e-150	424	328	326	98	XP_062529454.1 sulfotransferase 1 family member D1 [Bombyx mori]
TRINITY_DN1282_c1_g2_i4.p1	XP_037872720.1	63.692	325	114	2	3	325	2	324	6.42e-150	424	328	326	98	XP_037872720.1 sulfotransferase 1 family member D1 [Bombyx mori]
TRINITY_DN1282_c1_g2_i4.p1	NP_001040491.1	63.385	325	115	2	3	325	2	324	3.05e-148	420	328	326	98	NP_001040491.1 estrogen sulfotransferase [Bombyx mori]
TRINITY_DN1282_c1_g2_i4.p1	XP_062529458.1	63.385	325	115	2	3	325	2	324	3.57e-147	417	328	326	98	XP_062529458.1 sulfotransferase 1 family member D1 [Bombyx mori]
TRINITY_DN1282_c1_g2_i4.p1	XP_037872721.1	63.385	325	115	2	3	325	2	324	3.57e-147	417	328	326	98	XP_037872721.1 sulfotransferase 1 family member D1 [Bombyx mori]
TRINITY_DN1282_c1_g2_i4.p1	XP_021207837.1	63.385	325	115	2	3	325	2	324	3.57e-147	417	328	326	98	XP_021207837.1 sulfotransferase 1 family member D1 [Bombyx mori]
TRINITY_DN1282_c1_g2_i4.p1	XP_004932587.1	63.385	325	115	2	3	325	2	324	3.57e-147	417	328	326	98	XP_004932587.1 sulfotransferase 1 family member D1 [Bombyx mori]
TRINITY_DN1282_c1_g2_i4.p1	XP_012551199.2	45.015	331	171	2	6	325	11	341	4.23e-90	273	328	349	98	XP_012551199.2 sulfotransferase isoform X1 [Bombyx mori]
TRINITY_DN1282_c1_g2_i4.p1	XP_012549333.1	41.667	348	180	5	1	327	1	346	8.26e-85	259	328	347	99	XP_012549333.1 sulfotransferase 1C3 isoform X2 [Bombyx mori]
TRINITY_DN1282_c1_g2_i4.p1	XP_004930400.2	44.144	333	170	3	7	323	9	341	6.88e-83	254	328	346	97	XP_004930400.2 sulfotransferase 1C4 isoform X1 [Bombyx mori]
TRINITY_DN1282_c1_g2_i4.p1	XP_062529182.1	44.337	309	161	2	28	325	4	312	1.84e-81	250	328	320	91	XP_062529182.1 sulfotransferase isoform X2 [Bombyx mori]
TRINITY_DN1282_c1_g2_i4.p1	XP_062524699.1	39.339	333	183	5	9	323	9	340	4.51e-78	242	328	343	96	XP_062524699.1 sulfotransferase 1B1 isoform X2 [Bombyx mori]
TRINITY_DN1282_c1_g2_i4.p1	XP_004930150.3	38.922	334	184	5	9	323	9	341	3.29e-77	240	328	344	96	XP_004930150.3 sulfotransferase 1B1 isoform X1 [Bombyx mori]
TRINITY_DN1282_c1_g2_i4.p1	XP_021206280.1	43.643	291	143	4	56	327	1	289	1.17e-75	234	328	290	83	XP_021206280.1 luciferin sulfotransferase isoform X3 [Bombyx mori]
TRINITY_DN1282_c1_g2_i4.p1	XP_012551200.1	44.369	293	152	2	44	325	3	295	1.82e-74	231	328	303	86	XP_012551200.1 sulfotransferase isoform X3 [Bombyx mori]
TRINITY_DN1282_c1_g2_i4.p1	NP_001037002.1	44.484	281	145	2	56	325	1	281	2.22e-70	221	328	302	82	NP_001037002.1 sulfotransferase [Bombyx mori]
TRINITY_DN1282_c1_g2_i4.p1	XP_062526412.1	45.035	282	139	3	58	323	3	284	1.02e-69	219	328	289	81	XP_062526412.1 luciferin sulfotransferase isoform X2 [Bombyx mori]
TRINITY_DN1282_c1_g2_i4.p1	XP_062524698.1	42.143	280	141	4	67	327	130	407	2.25e-67	217	328	408	80	XP_062524698.1 sulfotransferase 1C3 isoform X1 [Bombyx mori]
TRINITY_DN1282_c1_g2_i4.p1	XP_062526415.1	44.981	269	132	3	73	325	6	274	2.23e-64	205	328	277	77	XP_062526415.1 luciferin sulfotransferase isoform X3 [Bombyx mori]
TRINITY_DN1282_c1_g2_i4.p1	XP_062526413.1	44.981	269	132	3	73	325	6	274	2.23e-64	205	328	277	77	XP_062526413.1 luciferin sulfotransferase isoform X3 [Bombyx mori]
TRINITY_DN1282_c1_g2_i4.p1	XP_004933069.3	29.085	306	197	7	32	322	30	330	3.25e-45	157	328	331	89	XP_004933069.3 luciferin sulfotransferase [Bombyx mori]
TRINITY_DN1282_c1_g2_i5.p1	XP_062529457.1	65.842	202	67	1	23	224	125	324	4.64e-94	278	227	326	89	XP_062529457.1 sulfotransferase 1 family member D1 [Bombyx mori]
TRINITY_DN1282_c1_g2_i5.p1	XP_062529456.1	65.842	202	67	1	23	224	125	324	4.64e-94	278	227	326	89	XP_062529456.1 sulfotransferase 1 family member D1 [Bombyx mori]
TRINITY_DN1282_c1_g2_i5.p1	XP_062529455.1	65.842	202	67	1	23	224	125	324	4.64e-94	278	227	326	89	XP_062529455.1 sulfotransferase 1 family member D1 [Bombyx mori]
TRINITY_DN1282_c1_g2_i5.p1	XP_062529454.1	65.842	202	67	1	23	224	125	324	4.64e-94	278	227	326	89	XP_062529454.1 sulfotransferase 1 family member D1 [Bombyx mori]
TRINITY_DN1282_c1_g2_i5.p1	XP_037872720.1	65.842	202	67	1	23	224	125	324	4.64e-94	278	227	326	89	XP_037872720.1 sulfotransferase 1 family member D1 [Bombyx mori]
TRINITY_DN1282_c1_g2_i5.p1	NP_001040491.1	65.842	202	67	1	23	224	125	324	1.64e-92	275	227	326	89	NP_001040491.1 estrogen sulfotransferase [Bombyx mori]
TRINITY_DN1282_c1_g2_i5.p1	XP_062529458.1	65.842	202	67	1	23	224	125	324	4.00e-92	273	227	326	89	XP_062529458.1 sulfotransferase 1 family member D1 [Bombyx mori]
TRINITY_DN1282_c1_g2_i5.p1	XP_037872721.1	65.842	202	67	1	23	224	125	324	4.00e-92	273	227	326	89	XP_037872721.1 sulfotransferase 1 family member D1 [Bombyx mori]
TRINITY_DN1282_c1_g2_i5.p1	XP_021207837.1	65.842	202	67	1	23	224	125	324	4.00e-92	273	227	326	89	XP_021207837.1 sulfotransferase 1 family member D1 [Bombyx mori]
TRINITY_DN1282_c1_g2_i5.p1	XP_004932587.1	65.842	202	67	1	23	224	125	324	4.00e-92	273	227	326	89	XP_004932587.1 sulfotransferase 1 family member D1 [Bombyx mori]
TRINITY_DN1282_c1_g2_i5.p1	XP_021206280.1	47.291	203	99	2	32	226	87	289	1.23e-60	192	227	290	86	XP_021206280.1 luciferin sulfotransferase isoform X3 [Bombyx mori]
TRINITY_DN1282_c1_g2_i5.p1	XP_012549333.1	47.291	203	99	2	32	226	144	346	4.52e-60	192	227	347	86	XP_012549333.1 sulfotransferase 1C3 isoform X2 [Bombyx mori]
TRINITY_DN1282_c1_g2_i5.p1	XP_062524698.1	47.291	203	99	2	32	226	205	407	9.65e-60	193	227	408	86	XP_062524698.1 sulfotransferase 1C3 isoform X1 [Bombyx mori]
TRINITY_DN1282_c1_g2_i5.p1	XP_062524699.1	43.147	197	106	2	32	222	144	340	1.23e-53	176	227	343	84	XP_062524699.1 sulfotransferase 1B1 isoform X2 [Bombyx mori]
TRINITY_DN1282_c1_g2_i5.p1	XP_004930150.3	43.147	197	106	2	32	222	145	341	1.26e-53	176	227	344	84	XP_004930150.3 sulfotransferase 1B1 isoform X1 [Bombyx mori]
TRINITY_DN1282_c1_g2_i5.p1	XP_062526415.1	49.239	197	94	1	32	222	76	272	1.86e-52	171	227	277	84	XP_062526415.1 luciferin sulfotransferase isoform X3 [Bombyx mori]
TRINITY_DN1282_c1_g2_i5.p1	XP_062526413.1	49.239	197	94	1	32	222	76	272	1.86e-52	171	227	277	84	XP_062526413.1 luciferin sulfotransferase isoform X3 [Bombyx mori]
TRINITY_DN1282_c1_g2_i5.p1	XP_062526412.1	49.239	197	94	1	32	222	88	284	3.25e-52	170	227	289	84	XP_062526412.1 luciferin sulfotransferase isoform X2 [Bombyx mori]
TRINITY_DN1282_c1_g2_i5.p1	XP_004930400.2	49.239	197	94	1	32	222	145	341	1.49e-51	170	227	346	84	XP_004930400.2 sulfotransferase 1C4 isoform X1 [Bombyx mori]
TRINITY_DN1282_c1_g2_i5.p1	XP_012551200.1	45.545	202	109	1	24	224	94	295	1.41e-49	164	227	303	89	XP_012551200.1 sulfotransferase isoform X3 [Bombyx mori]
TRINITY_DN1282_c1_g2_i5.p1	XP_062529182.1	45.545	202	109	1	24	224	111	312	2.20e-49	164	227	320	89	XP_062529182.1 sulfotransferase isoform X2 [Bombyx mori]
TRINITY_DN1282_c1_g2_i5.p1	NP_001037002.1	45.545	202	109	1	24	224	80	281	2.28e-49	163	227	302	89	NP_001037002.1 sulfotransferase [Bombyx mori]
TRINITY_DN1282_c1_g2_i5.p1	XP_012551199.2	45.545	202	109	1	24	224	140	341	4.70e-49	164	227	349	89	XP_012551199.2 sulfotransferase isoform X1 [Bombyx mori]
TRINITY_DN1282_c1_g2_i5.p1	XP_004933069.3	30.198	202	124	4	35	221	131	330	1.40e-27	107	227	331	82	XP_004933069.3 luciferin sulfotransferase [Bombyx mori]
TRINITY_DN13428_c0_g1_i1.p1	XP_004930400.2	60.534	337	132	1	5	340	6	342	6.33e-148	421	344	346	98	XP_004930400.2 sulfotransferase 1C4 isoform X1 [Bombyx mori]
TRINITY_DN13428_c0_g1_i1.p1	XP_062526412.1	61.053	285	110	1	57	340	1	285	3.16e-122	353	344	289	83	XP_062526412.1 luciferin sulfotransferase isoform X2 [Bombyx mori]
TRINITY_DN13428_c0_g1_i1.p1	XP_062526415.1	59.328	268	108	1	74	340	6	273	4.09e-111	325	344	277	78	XP_062526415.1 luciferin sulfotransferase isoform X3 [Bombyx mori]
TRINITY_DN13428_c0_g1_i1.p1	XP_062526413.1	59.328	268	108	1	74	340	6	273	4.09e-111	325	344	277	78	XP_062526413.1 luciferin sulfotransferase isoform X3 [Bombyx mori]
TRINITY_DN13428_c0_g1_i1.p1	XP_012549333.1	45.845	349	168	5	1	339	1	338	1.26e-110	326	344	347	99	XP_012549333.1 sulfotransferase 1C3 isoform X2 [Bombyx mori]
TRINITY_DN13428_c0_g1_i1.p1	XP_062524699.1	44.578	332	182	2	10	339	9	340	1.58e-109	323	344	343	96	XP_062524699.1 sulfotransferase 1B1 isoform X2 [Bombyx mori]
TRINITY_DN13428_c0_g1_i1.p1	XP_004930150.3	44.444	333	182	2	10	339	9	341	1.94e-109	323	344	344	96	XP_004930150.3 sulfotransferase 1B1 isoform X1 [Bombyx mori]
TRINITY_DN13428_c0_g1_i1.p1	XP_021206280.1	46.735	291	137	3	57	339	1	281	3.36e-97	290	344	290	82	XP_021206280.1 luciferin sulfotransferase isoform X3 [Bombyx mori]
TRINITY_DN13428_c0_g1_i1.p1	XP_062524698.1	45.848	277	132	3	71	339	133	399	6.42e-87	268	344	408	78	XP_062524698.1 sulfotransferase 1C3 isoform X1 [Bombyx mori]
TRINITY_DN13428_c0_g1_i1.p1	XP_062529458.1	41.642	341	168	6	7	339	5	322	4.11e-86	263	344	326	97	XP_062529458.1 sulfotransferase 1 family member D1 [Bombyx mori]
TRINITY_DN13428_c0_g1_i1.p1	XP_037872721.1	41.642	341	168	6	7	339	5	322	4.11e-86	263	344	326	97	XP_037872721.1 sulfotransferase 1 family member D1 [Bombyx mori]
TRINITY_DN13428_c0_g1_i1.p1	XP_021207837.1	41.642	341	168	6	7	339	5	322	4.11e-86	263	344	326	97	XP_021207837.1 sulfotransferase 1 family member D1 [Bombyx mori]
TRINITY_DN13428_c0_g1_i1.p1	XP_004932587.1	41.642	341	168	6	7	339	5	322	4.11e-86	263	344	326	97	XP_004932587.1 sulfotransferase 1 family member D1 [Bombyx mori]
TRINITY_DN13428_c0_g1_i1.p1	XP_062529457.1	40.469	341	172	5	7	339	5	322	8.28e-85	259	344	326	97	XP_062529457.1 sulfotransferase 1 family member D1 [Bombyx mori]
TRINITY_DN13428_c0_g1_i1.p1	XP_062529456.1	40.469	341	172	5	7	339	5	322	8.28e-85	259	344	326	97	XP_062529456.1 sulfotransferase 1 family member D1 [Bombyx mori]
TRINITY_DN13428_c0_g1_i1.p1	XP_062529455.1	40.469	341	172	5	7	339	5	322	8.28e-85	259	344	326	97	XP_062529455.1 sulfotransferase 1 family member D1 [Bombyx mori]
TRINITY_DN13428_c0_g1_i1.p1	XP_062529454.1	40.469	341	172	5	7	339	5	322	8.28e-85	259	344	326	97	XP_062529454.1 sulfotransferase 1 family member D1 [Bombyx mori]
TRINITY_DN13428_c0_g1_i1.p1	XP_037872720.1	40.469	341	172	5	7	339	5	322	8.28e-85	259	344	326	97	XP_037872720.1 sulfotransferase 1 family member D1 [Bombyx mori]
TRINITY_DN13428_c0_g1_i1.p1	NP_001040491.1	40.936	342	169	6	7	339	5	322	3.46e-84	258	344	326	97	NP_001040491.1 estrogen sulfotransferase [Bombyx mori]
TRINITY_DN13428_c0_g1_i1.p1	XP_012551199.2	42.197	346	182	6	1	339	5	339	1.25e-81	252	344	349	99	XP_012551199.2 sulfotransferase isoform X1 [Bombyx mori]
TRINITY_DN13428_c0_g1_i1.p1	XP_062529182.1	44.586	314	156	6	33	339	8	310	8.94e-80	246	344	320	89	XP_062529182.1 sulfotransferase isoform X2 [Bombyx mori]
TRINITY_DN13428_c0_g1_i1.p1	XP_012551200.1	44.737	304	150	6	43	339	1	293	3.88e-75	234	344	303	86	XP_012551200.1 sulfotransferase isoform X3 [Bombyx mori]
TRINITY_DN13428_c0_g1_i1.p1	NP_001037002.1	44.828	290	142	6	57	339	1	279	5.61e-71	223	344	302	82	NP_001037002.1 sulfotransferase [Bombyx mori]
TRINITY_DN13428_c0_g1_i1.p1	XP_004933069.3	29.129	333	205	7	19	338	16	330	1.84e-53	179	344	331	93	XP_004933069.3 luciferin sulfotransferase [Bombyx mori]
TRINITY_DN13428_c0_g1_i10.p1	XP_062526415.1	61.417	127	49	0	34	160	147	273	1.28e-59	186	164	277	77	XP_062526415.1 luciferin sulfotransferase isoform X3 [Bombyx mori]
TRINITY_DN13428_c0_g1_i10.p1	XP_062526413.1	61.417	127	49	0	34	160	147	273	1.28e-59	186	164	277	77	XP_062526413.1 luciferin sulfotransferase isoform X3 [Bombyx mori]
TRINITY_DN13428_c0_g1_i10.p1	XP_062526412.1	61.417	127	49	0	34	160	159	285	2.46e-59	186	164	289	77	XP_062526412.1 luciferin sulfotransferase isoform X2 [Bombyx mori]
TRINITY_DN13428_c0_g1_i10.p1	XP_004930400.2	61.417	127	49	0	34	160	216	342	9.84e-59	186	164	346	77	XP_004930400.2 sulfotransferase 1C4 isoform X1 [Bombyx mori]
TRINITY_DN13428_c0_g1_i10.p1	XP_062524699.1	49.606	127	64	0	33	159	214	340	4.65e-44	148	164	343	77	XP_062524699.1 sulfotransferase 1B1 isoform X2 [Bombyx mori]
TRINITY_DN13428_c0_g1_i10.p1	XP_004930150.3	49.606	127	64	0	33	159	215	341	5.18e-44	148	164	344	77	XP_004930150.3 sulfotransferase 1B1 isoform X1 [Bombyx mori]
TRINITY_DN13428_c0_g1_i10.p1	XP_021206280.1	45.161	155	72	3	16	159	129	281	1.14e-43	146	164	290	88	XP_021206280.1 luciferin sulfotransferase isoform X3 [Bombyx mori]
TRINITY_DN13428_c0_g1_i10.p1	XP_012549333.1	45.161	155	72	3	16	159	186	338	3.75e-43	146	164	347	88	XP_012549333.1 sulfotransferase 1C3 isoform X2 [Bombyx mori]
TRINITY_DN13428_c0_g1_i10.p1	XP_062524698.1	45.161	155	72	3	16	159	247	399	7.73e-43	147	164	408	88	XP_062524698.1 sulfotransferase 1C3 isoform X1 [Bombyx mori]
TRINITY_DN13428_c0_g1_i10.p1	NP_001037002.1	51.200	125	56	2	35	159	160	279	4.72e-37	129	164	302	76	NP_001037002.1 sulfotransferase [Bombyx mori]
TRINITY_DN13428_c0_g1_i10.p1	XP_012551200.1	51.200	125	56	2	35	159	174	293	7.01e-37	129	164	303	76	XP_012551200.1 sulfotransferase isoform X3 [Bombyx mori]
TRINITY_DN13428_c0_g1_i10.p1	XP_062529182.1	51.200	125	56	2	35	159	191	310	7.16e-37	129	164	320	76	XP_062529182.1 sulfotransferase isoform X2 [Bombyx mori]
TRINITY_DN13428_c0_g1_i10.p1	XP_012551199.2	51.200	125	56	2	35	159	220	339	1.02e-36	129	164	349	76	XP_012551199.2 sulfotransferase isoform X1 [Bombyx mori]
TRINITY_DN13428_c0_g1_i10.p1	XP_062529458.1	49.194	124	55	2	36	159	207	322	3.30e-36	127	164	326	76	XP_062529458.1 sulfotransferase 1 family member D1 [Bombyx mori]
TRINITY_DN13428_c0_g1_i10.p1	XP_037872721.1	49.194	124	55	2	36	159	207	322	3.30e-36	127	164	326	76	XP_037872721.1 sulfotransferase 1 family member D1 [Bombyx mori]
TRINITY_DN13428_c0_g1_i10.p1	XP_021207837.1	49.194	124	55	2	36	159	207	322	3.30e-36	127	164	326	76	XP_021207837.1 sulfotransferase 1 family member D1 [Bombyx mori]
TRINITY_DN13428_c0_g1_i10.p1	XP_004932587.1	49.194	124	55	2	36	159	207	322	3.30e-36	127	164	326	76	XP_004932587.1 sulfotransferase 1 family member D1 [Bombyx mori]
TRINITY_DN13428_c0_g1_i10.p1	XP_062529457.1	45.161	124	60	1	36	159	207	322	1.69e-34	123	164	326	76	XP_062529457.1 sulfotransferase 1 family member D1 [Bombyx mori]
TRINITY_DN13428_c0_g1_i10.p1	XP_062529456.1	45.161	124	60	1	36	159	207	322	1.69e-34	123	164	326	76	XP_062529456.1 sulfotransferase 1 family member D1 [Bombyx mori]
TRINITY_DN13428_c0_g1_i10.p1	XP_062529455.1	45.161	124	60	1	36	159	207	322	1.69e-34	123	164	326	76	XP_062529455.1 sulfotransferase 1 family member D1 [Bombyx mori]
TRINITY_DN13428_c0_g1_i10.p1	XP_062529454.1	45.161	124	60	1	36	159	207	322	1.69e-34	123	164	326	76	XP_062529454.1 sulfotransferase 1 family member D1 [Bombyx mori]
TRINITY_DN13428_c0_g1_i10.p1	XP_037872720.1	45.161	124	60	1	36	159	207	322	1.69e-34	123	164	326	76	XP_037872720.1 sulfotransferase 1 family member D1 [Bombyx mori]
TRINITY_DN13428_c0_g1_i10.p1	NP_001040491.1	45.669	127	61	1	33	159	204	322	5.55e-34	122	164	326	77	NP_001040491.1 estrogen sulfotransferase [Bombyx mori]
TRINITY_DN13428_c0_g1_i10.p1	XP_004933069.3	34.921	126	78	1	37	158	205	330	8.11e-24	95.1	164	331	74	XP_004933069.3 luciferin sulfotransferase [Bombyx mori]
TRINITY_DN13428_c0_g1_i3.p1	XP_062526415.1	57.042	142	60	1	18	158	3	144	1.58e-44	147	159	277	89	XP_062526415.1 luciferin sulfotransferase isoform X3 [Bombyx mori]
TRINITY_DN13428_c0_g1_i3.p1	XP_062526413.1	57.042	142	60	1	18	158	3	144	1.58e-44	147	159	277	89	XP_062526413.1 luciferin sulfotransferase isoform X3 [Bombyx mori]
TRINITY_DN13428_c0_g1_i3.p1	XP_062526412.1	56.376	149	62	2	13	158	8	156	9.07e-44	146	159	289	92	XP_062526412.1 luciferin sulfotransferase isoform X2 [Bombyx mori]
TRINITY_DN13428_c0_g1_i3.p1	XP_004930400.2	56.376	149	62	2	13	158	65	213	2.66e-43	146	159	346	92	XP_004930400.2 sulfotransferase 1C4 isoform X1 [Bombyx mori]
TRINITY_DN13428_c0_g1_i3.p1	XP_021206280.1	43.662	142	74	3	21	159	18	156	1.23e-32	117	159	290	87	XP_021206280.1 luciferin sulfotransferase isoform X3 [Bombyx mori]
TRINITY_DN13428_c0_g1_i3.p1	XP_012549333.1	44.604	139	71	3	21	156	75	210	2.43e-32	117	159	347	86	XP_012549333.1 sulfotransferase 1C3 isoform X2 [Bombyx mori]
TRINITY_DN13428_c0_g1_i3.p1	XP_062524698.1	44.604	139	71	3	21	156	136	271	5.30e-32	118	159	408	86	XP_062524698.1 sulfotransferase 1C3 isoform X1 [Bombyx mori]
TRINITY_DN13428_c0_g1_i3.p1	XP_062524699.1	39.286	140	84	1	21	159	74	213	1.35e-30	113	159	343	87	XP_062524699.1 sulfotransferase 1B1 isoform X2 [Bombyx mori]
TRINITY_DN13428_c0_g1_i3.p1	XP_004930150.3	39.286	140	84	1	21	159	75	214	1.42e-30	113	159	344	87	XP_004930150.3 sulfotransferase 1B1 isoform X1 [Bombyx mori]
TRINITY_DN13428_c0_g1_i3.p1	XP_062529458.1	39.860	143	63	4	21	155	72	199	9.45e-28	105	159	326	85	XP_062529458.1 sulfotransferase 1 family member D1 [Bombyx mori]
TRINITY_DN13428_c0_g1_i3.p1	XP_037872721.1	39.860	143	63	4	21	155	72	199	9.45e-28	105	159	326	85	XP_037872721.1 sulfotransferase 1 family member D1 [Bombyx mori]
TRINITY_DN13428_c0_g1_i3.p1	XP_021207837.1	39.860	143	63	4	21	155	72	199	9.45e-28	105	159	326	85	XP_021207837.1 sulfotransferase 1 family member D1 [Bombyx mori]
TRINITY_DN13428_c0_g1_i3.p1	XP_004932587.1	39.860	143	63	4	21	155	72	199	9.45e-28	105	159	326	85	XP_004932587.1 sulfotransferase 1 family member D1 [Bombyx mori]
TRINITY_DN13428_c0_g1_i3.p1	XP_062529457.1	40.559	143	62	4	21	155	72	199	9.55e-28	105	159	326	85	XP_062529457.1 sulfotransferase 1 family member D1 [Bombyx mori]
TRINITY_DN13428_c0_g1_i3.p1	XP_062529456.1	40.559	143	62	4	21	155	72	199	9.55e-28	105	159	326	85	XP_062529456.1 sulfotransferase 1 family member D1 [Bombyx mori]
TRINITY_DN13428_c0_g1_i3.p1	XP_062529455.1	40.559	143	62	4	21	155	72	199	9.55e-28	105	159	326	85	XP_062529455.1 sulfotransferase 1 family member D1 [Bombyx mori]
TRINITY_DN13428_c0_g1_i3.p1	XP_062529454.1	40.559	143	62	4	21	155	72	199	9.55e-28	105	159	326	85	XP_062529454.1 sulfotransferase 1 family member D1 [Bombyx mori]
TRINITY_DN13428_c0_g1_i3.p1	XP_037872720.1	40.559	143	62	4	21	155	72	199	9.55e-28	105	159	326	85	XP_037872720.1 sulfotransferase 1 family member D1 [Bombyx mori]
TRINITY_DN13428_c0_g1_i3.p1	NP_001040491.1	39.860	143	63	4	21	155	72	199	1.20e-27	105	159	326	85	NP_001040491.1 estrogen sulfotransferase [Bombyx mori]
TRINITY_DN13428_c0_g1_i3.p1	NP_001037002.1	39.568	139	77	3	21	155	18	153	1.80e-18	80.5	159	302	85	NP_001037002.1 sulfotransferase [Bombyx mori]
TRINITY_DN13428_c0_g1_i3.p1	XP_062529182.1	39.568	139	77	3	21	155	49	184	2.00e-18	80.5	159	320	85	XP_062529182.1 sulfotransferase isoform X2 [Bombyx mori]
TRINITY_DN13428_c0_g1_i3.p1	XP_012551200.1	39.568	139	77	3	21	155	32	167	2.10e-18	80.1	159	303	85	XP_012551200.1 sulfotransferase isoform X3 [Bombyx mori]
TRINITY_DN13428_c0_g1_i3.p1	XP_012551199.2	39.568	139	77	3	21	155	78	213	2.93e-18	80.1	159	349	85	XP_012551199.2 sulfotransferase isoform X1 [Bombyx mori]
TRINITY_DN13428_c0_g1_i3.p1	XP_004933069.3	23.718	156	100	5	8	158	58	199	3.84e-09	54.3	159	331	95	XP_004933069.3 luciferin sulfotransferase [Bombyx mori]
TRINITY_DN13428_c0_g1_i4.p1	XP_062526415.1	59.328	268	108	1	29	295	6	273	1.24e-111	324	299	277	89	XP_062526415.1 luciferin sulfotransferase isoform X3 [Bombyx mori]
TRINITY_DN13428_c0_g1_i4.p1	XP_062526413.1	59.328	268	108	1	29	295	6	273	1.24e-111	324	299	277	89	XP_062526413.1 luciferin sulfotransferase isoform X3 [Bombyx mori]
TRINITY_DN13428_c0_g1_i4.p1	XP_062526412.1	59.108	269	109	1	28	295	17	285	3.40e-111	323	299	289	90	XP_062526412.1 luciferin sulfotransferase isoform X2 [Bombyx mori]
TRINITY_DN13428_c0_g1_i4.p1	XP_004930400.2	50.445	337	121	2	5	295	6	342	8.75e-111	325	299	346	97	XP_004930400.2 sulfotransferase 1C4 isoform X1 [Bombyx mori]
TRINITY_DN13428_c0_g1_i4.p1	XP_021206280.1	45.818	275	131	3	28	294	17	281	1.66e-87	263	299	290	89	XP_021206280.1 luciferin sulfotransferase isoform X3 [Bombyx mori]
TRINITY_DN13428_c0_g1_i4.p1	XP_062524698.1	46.014	276	131	3	27	294	134	399	5.27e-87	266	299	408	90	XP_062524698.1 sulfotransferase 1C3 isoform X1 [Bombyx mori]
TRINITY_DN13428_c0_g1_i4.p1	XP_012549333.1	45.818	275	131	3	28	294	74	338	6.01e-87	264	299	347	89	XP_012549333.1 sulfotransferase 1C3 isoform X2 [Bombyx mori]
TRINITY_DN13428_c0_g1_i4.p1	XP_004930150.3	44.030	268	149	1	28	294	74	341	7.92e-87	263	299	344	89	XP_004930150.3 sulfotransferase 1B1 isoform X1 [Bombyx mori]
TRINITY_DN13428_c0_g1_i4.p1	XP_062524699.1	44.030	268	149	1	28	294	73	340	9.97e-87	263	299	343	89	XP_062524699.1 sulfotransferase 1B1 isoform X2 [Bombyx mori]
TRINITY_DN13428_c0_g1_i4.p1	XP_062529458.1	42.182	275	128	6	28	294	71	322	6.81e-69	217	299	326	89	XP_062529458.1 sulfotransferase 1 family member D1 [Bombyx mori]
TRINITY_DN13428_c0_g1_i4.p1	XP_037872721.1	42.182	275	128	6	28	294	71	322	6.81e-69	217	299	326	89	XP_037872721.1 sulfotransferase 1 family member D1 [Bombyx mori]
TRINITY_DN13428_c0_g1_i4.p1	XP_021207837.1	42.182	275	128	6	28	294	71	322	6.81e-69	217	299	326	89	XP_021207837.1 sulfotransferase 1 family member D1 [Bombyx mori]
TRINITY_DN13428_c0_g1_i4.p1	XP_004932587.1	42.182	275	128	6	28	294	71	322	6.81e-69	217	299	326	89	XP_004932587.1 sulfotransferase 1 family member D1 [Bombyx mori]
TRINITY_DN13428_c0_g1_i4.p1	XP_062529457.1	40.727	275	132	5	28	294	71	322	1.34e-67	214	299	326	89	XP_062529457.1 sulfotransferase 1 family member D1 [Bombyx mori]
TRINITY_DN13428_c0_g1_i4.p1	XP_062529456.1	40.727	275	132	5	28	294	71	322	1.34e-67	214	299	326	89	XP_062529456.1 sulfotransferase 1 family member D1 [Bombyx mori]
TRINITY_DN13428_c0_g1_i4.p1	XP_062529455.1	40.727	275	132	5	28	294	71	322	1.34e-67	214	299	326	89	XP_062529455.1 sulfotransferase 1 family member D1 [Bombyx mori]
TRINITY_DN13428_c0_g1_i4.p1	XP_062529454.1	40.727	275	132	5	28	294	71	322	1.34e-67	214	299	326	89	XP_062529454.1 sulfotransferase 1 family member D1 [Bombyx mori]
TRINITY_DN13428_c0_g1_i4.p1	XP_037872720.1	40.727	275	132	5	28	294	71	322	1.34e-67	214	299	326	89	XP_037872720.1 sulfotransferase 1 family member D1 [Bombyx mori]
TRINITY_DN13428_c0_g1_i4.p1	NP_001040491.1	41.304	276	129	6	28	294	71	322	4.26e-67	213	299	326	89	NP_001040491.1 estrogen sulfotransferase [Bombyx mori]
TRINITY_DN13428_c0_g1_i4.p1	NP_001037002.1	44.526	274	134	6	28	294	17	279	4.44e-64	204	299	302	89	NP_001037002.1 sulfotransferase [Bombyx mori]
TRINITY_DN13428_c0_g1_i4.p1	XP_012551200.1	44.526	274	134	6	28	294	31	293	5.99e-64	204	299	303	89	XP_012551200.1 sulfotransferase isoform X3 [Bombyx mori]
TRINITY_DN13428_c0_g1_i4.p1	XP_062529182.1	44.526	274	134	6	28	294	48	310	6.21e-64	204	299	320	89	XP_062529182.1 sulfotransferase isoform X2 [Bombyx mori]
TRINITY_DN13428_c0_g1_i4.p1	XP_012551199.2	44.526	274	134	6	28	294	77	339	1.31e-63	204	299	349	89	XP_012551199.2 sulfotransferase isoform X1 [Bombyx mori]
TRINITY_DN13428_c0_g1_i4.p1	XP_004933069.3	29.032	279	167	7	28	293	70	330	2.12e-40	143	299	331	89	XP_004933069.3 luciferin sulfotransferase [Bombyx mori]
TRINITY_DN13428_c0_g1_i6.p1	XP_062526415.1	63.780	127	46	0	1	127	147	273	1.26e-59	185	131	277	97	XP_062526415.1 luciferin sulfotransferase isoform X3 [Bombyx mori]
TRINITY_DN13428_c0_g1_i6.p1	XP_062526413.1	63.780	127	46	0	1	127	147	273	1.26e-59	185	131	277	97	XP_062526413.1 luciferin sulfotransferase isoform X3 [Bombyx mori]
TRINITY_DN13428_c0_g1_i6.p1	XP_062526412.1	63.780	127	46	0	1	127	159	285	1.73e-59	185	131	289	97	XP_062526412.1 luciferin sulfotransferase isoform X2 [Bombyx mori]
TRINITY_DN13428_c0_g1_i6.p1	XP_004930400.2	63.780	127	46	0	1	127	216	342	5.31e-59	186	131	346	97	XP_004930400.2 sulfotransferase 1C4 isoform X1 [Bombyx mori]
TRINITY_DN13428_c0_g1_i6.p1	XP_062524699.1	51.220	123	60	0	3	125	217	339	2.03e-44	148	131	343	94	XP_062524699.1 sulfotransferase 1B1 isoform X2 [Bombyx mori]
TRINITY_DN13428_c0_g1_i6.p1	XP_004930150.3	51.220	123	60	0	3	125	218	340	2.14e-44	148	131	344	94	XP_004930150.3 sulfotransferase 1B1 isoform X1 [Bombyx mori]
TRINITY_DN13428_c0_g1_i6.p1	XP_021206280.1	53.659	123	55	1	3	125	160	280	6.34e-44	145	131	290	94	XP_021206280.1 luciferin sulfotransferase isoform X3 [Bombyx mori]
TRINITY_DN13428_c0_g1_i6.p1	XP_012549333.1	53.659	123	55	1	3	125	217	337	1.97e-43	145	131	347	94	XP_012549333.1 sulfotransferase 1C3 isoform X2 [Bombyx mori]
TRINITY_DN13428_c0_g1_i6.p1	XP_062524698.1	53.659	123	55	1	3	125	278	398	3.36e-43	146	131	408	94	XP_062524698.1 sulfotransferase 1C3 isoform X1 [Bombyx mori]
TRINITY_DN13428_c0_g1_i6.p1	NP_001037002.1	51.613	124	55	2	2	125	160	278	9.24e-37	127	131	302	95	NP_001037002.1 sulfotransferase [Bombyx mori]
TRINITY_DN13428_c0_g1_i6.p1	XP_012551200.1	51.613	124	55	2	2	125	174	292	1.08e-36	127	131	303	95	XP_012551200.1 sulfotransferase isoform X3 [Bombyx mori]
TRINITY_DN13428_c0_g1_i6.p1	XP_062529182.1	51.613	124	55	2	2	125	191	309	1.21e-36	127	131	320	95	XP_062529182.1 sulfotransferase isoform X2 [Bombyx mori]
TRINITY_DN13428_c0_g1_i6.p1	XP_012551199.2	51.613	124	55	2	2	125	220	338	1.79e-36	127	131	349	95	XP_012551199.2 sulfotransferase isoform X1 [Bombyx mori]
TRINITY_DN13428_c0_g1_i6.p1	XP_062529458.1	48.780	123	55	2	3	125	207	321	8.47e-36	125	131	326	94	XP_062529458.1 sulfotransferase 1 family member D1 [Bombyx mori]
TRINITY_DN13428_c0_g1_i6.p1	XP_037872721.1	48.780	123	55	2	3	125	207	321	8.47e-36	125	131	326	94	XP_037872721.1 sulfotransferase 1 family member D1 [Bombyx mori]
TRINITY_DN13428_c0_g1_i6.p1	XP_021207837.1	48.780	123	55	2	3	125	207	321	8.47e-36	125	131	326	94	XP_021207837.1 sulfotransferase 1 family member D1 [Bombyx mori]
TRINITY_DN13428_c0_g1_i6.p1	XP_004932587.1	48.780	123	55	2	3	125	207	321	8.47e-36	125	131	326	94	XP_004932587.1 sulfotransferase 1 family member D1 [Bombyx mori]
TRINITY_DN13428_c0_g1_i6.p1	XP_062529457.1	45.528	123	59	1	3	125	207	321	1.59e-34	122	131	326	94	XP_062529457.1 sulfotransferase 1 family member D1 [Bombyx mori]
TRINITY_DN13428_c0_g1_i6.p1	XP_062529456.1	45.528	123	59	1	3	125	207	321	1.59e-34	122	131	326	94	XP_062529456.1 sulfotransferase 1 family member D1 [Bombyx mori]
TRINITY_DN13428_c0_g1_i6.p1	XP_062529455.1	45.528	123	59	1	3	125	207	321	1.59e-34	122	131	326	94	XP_062529455.1 sulfotransferase 1 family member D1 [Bombyx mori]
TRINITY_DN13428_c0_g1_i6.p1	XP_062529454.1	45.528	123	59	1	3	125	207	321	1.59e-34	122	131	326	94	XP_062529454.1 sulfotransferase 1 family member D1 [Bombyx mori]
TRINITY_DN13428_c0_g1_i6.p1	XP_037872720.1	45.528	123	59	1	3	125	207	321	1.59e-34	122	131	326	94	XP_037872720.1 sulfotransferase 1 family member D1 [Bombyx mori]
TRINITY_DN13428_c0_g1_i6.p1	NP_001040491.1	46.341	123	58	1	3	125	207	321	6.07e-34	120	131	326	94	NP_001040491.1 estrogen sulfotransferase [Bombyx mori]
TRINITY_DN13428_c0_g1_i6.p1	XP_004933069.3	35.714	126	77	1	4	125	205	330	4.15e-25	97.4	131	331	93	XP_004933069.3 luciferin sulfotransferase [Bombyx mori]
TRINITY_DN13428_c0_g1_i9.p1	XP_004930400.2	59.615	208	83	1	5	211	6	213	2.25e-79	241	212	346	98	XP_004930400.2 sulfotransferase 1C4 isoform X1 [Bombyx mori]
TRINITY_DN13428_c0_g1_i9.p1	XP_012549333.1	44.240	217	112	5	1	212	1	213	2.20e-55	179	212	347	100	XP_012549333.1 sulfotransferase 1C3 isoform X2 [Bombyx mori]
TRINITY_DN13428_c0_g1_i9.p1	XP_062526412.1	60.256	156	61	1	57	211	1	156	1.14e-53	173	212	289	73	XP_062526412.1 luciferin sulfotransferase isoform X2 [Bombyx mori]
TRINITY_DN13428_c0_g1_i9.p1	XP_062524699.1	41.463	205	118	2	10	212	9	213	6.01e-53	173	212	343	96	XP_062524699.1 sulfotransferase 1B1 isoform X2 [Bombyx mori]
TRINITY_DN13428_c0_g1_i9.p1	XP_004930150.3	41.262	206	118	2	10	212	9	214	8.14e-53	173	212	344	96	XP_004930150.3 sulfotransferase 1B1 isoform X1 [Bombyx mori]
TRINITY_DN13428_c0_g1_i9.p1	XP_062529457.1	40.000	210	103	4	7	208	5	199	8.91e-45	152	212	326	95	XP_062529457.1 sulfotransferase 1 family member D1 [Bombyx mori]
TRINITY_DN13428_c0_g1_i9.p1	XP_062529456.1	40.000	210	103	4	7	208	5	199	8.91e-45	152	212	326	95	XP_062529456.1 sulfotransferase 1 family member D1 [Bombyx mori]
TRINITY_DN13428_c0_g1_i9.p1	XP_062529455.1	40.000	210	103	4	7	208	5	199	8.91e-45	152	212	326	95	XP_062529455.1 sulfotransferase 1 family member D1 [Bombyx mori]
TRINITY_DN13428_c0_g1_i9.p1	XP_062529454.1	40.000	210	103	4	7	208	5	199	8.91e-45	152	212	326	95	XP_062529454.1 sulfotransferase 1 family member D1 [Bombyx mori]
TRINITY_DN13428_c0_g1_i9.p1	XP_037872720.1	40.000	210	103	4	7	208	5	199	8.91e-45	152	212	326	95	XP_037872720.1 sulfotransferase 1 family member D1 [Bombyx mori]
TRINITY_DN13428_c0_g1_i9.p1	NP_001040491.1	39.524	210	104	4	7	208	5	199	1.19e-44	151	212	326	95	NP_001040491.1 estrogen sulfotransferase [Bombyx mori]
TRINITY_DN13428_c0_g1_i9.p1	XP_062529458.1	39.524	210	104	4	7	208	5	199	1.37e-44	151	212	326	95	XP_062529458.1 sulfotransferase 1 family member D1 [Bombyx mori]
TRINITY_DN13428_c0_g1_i9.p1	XP_037872721.1	39.524	210	104	4	7	208	5	199	1.37e-44	151	212	326	95	XP_037872721.1 sulfotransferase 1 family member D1 [Bombyx mori]
TRINITY_DN13428_c0_g1_i9.p1	XP_021207837.1	39.524	210	104	4	7	208	5	199	1.37e-44	151	212	326	95	XP_021207837.1 sulfotransferase 1 family member D1 [Bombyx mori]
TRINITY_DN13428_c0_g1_i9.p1	XP_004932587.1	39.524	210	104	4	7	208	5	199	1.37e-44	151	212	326	95	XP_004932587.1 sulfotransferase 1 family member D1 [Bombyx mori]
TRINITY_DN13428_c0_g1_i9.p1	XP_062526415.1	56.835	139	59	1	74	211	6	144	2.56e-42	144	212	277	65	XP_062526415.1 luciferin sulfotransferase isoform X3 [Bombyx mori]
TRINITY_DN13428_c0_g1_i9.p1	XP_062526413.1	56.835	139	59	1	74	211	6	144	2.56e-42	144	212	277	65	XP_062526413.1 luciferin sulfotransferase isoform X3 [Bombyx mori]
TRINITY_DN13428_c0_g1_i9.p1	XP_021206280.1	45.283	159	81	3	57	212	1	156	3.51e-42	144	212	290	74	XP_021206280.1 luciferin sulfotransferase isoform X3 [Bombyx mori]
TRINITY_DN13428_c0_g1_i9.p1	XP_012551199.2	37.264	212	126	3	1	208	5	213	3.74e-35	127	212	349	98	XP_012551199.2 sulfotransferase isoform X1 [Bombyx mori]
TRINITY_DN13428_c0_g1_i9.p1	XP_062529182.1	40.556	180	100	3	33	208	8	184	2.48e-33	122	212	320	83	XP_062529182.1 sulfotransferase isoform X2 [Bombyx mori]
TRINITY_DN13428_c0_g1_i9.p1	XP_062524698.1	44.366	142	73	3	71	209	133	271	9.68e-33	122	212	408	66	XP_062524698.1 sulfotransferase 1C3 isoform X1 [Bombyx mori]
TRINITY_DN13428_c0_g1_i9.p1	XP_012551200.1	40.588	170	94	3	43	208	1	167	4.65e-29	110	212	303	78	XP_012551200.1 sulfotransferase isoform X3 [Bombyx mori]
TRINITY_DN13428_c0_g1_i9.p1	NP_001037002.1	39.744	156	87	3	57	208	1	153	5.63e-25	99.8	212	302	72	NP_001037002.1 sulfotransferase [Bombyx mori]
TRINITY_DN13428_c0_g1_i9.p1	XP_004933069.3	26.238	202	122	5	19	211	16	199	1.56e-21	90.9	212	331	91	XP_004933069.3 luciferin sulfotransferase [Bombyx mori]
TRINITY_DN13428_c0_g2_i1.p1	XP_004930400.2	76.106	339	81	0	5	343	6	344	0.0	540	345	346	98	XP_004930400.2 sulfotransferase 1C4 isoform X1 [Bombyx mori]
TRINITY_DN13428_c0_g2_i1.p1	XP_062526412.1	78.049	287	63	0	57	343	1	287	1.14e-167	469	345	289	83	XP_062526412.1 luciferin sulfotransferase isoform X2 [Bombyx mori]
TRINITY_DN13428_c0_g2_i1.p1	XP_062526415.1	78.519	270	58	0	74	343	6	275	1.41e-156	440	345	277	78	XP_062526415.1 luciferin sulfotransferase isoform X3 [Bombyx mori]
TRINITY_DN13428_c0_g2_i1.p1	XP_062526413.1	78.519	270	58	0	74	343	6	275	1.41e-156	440	345	277	78	XP_062526413.1 luciferin sulfotransferase isoform X3 [Bombyx mori]
TRINITY_DN13428_c0_g2_i1.p1	XP_062524699.1	50.755	331	161	1	10	340	12	340	3.24e-122	355	345	343	96	XP_062524699.1 sulfotransferase 1B1 isoform X2 [Bombyx mori]
TRINITY_DN13428_c0_g2_i1.p1	XP_004930150.3	50.453	331	163	1	10	340	12	341	7.03e-122	355	345	344	96	XP_004930150.3 sulfotransferase 1B1 isoform X1 [Bombyx mori]
TRINITY_DN13428_c0_g2_i1.p1	XP_012549333.1	52.866	314	135	3	32	340	33	338	2.01e-120	351	345	347	90	XP_012549333.1 sulfotransferase 1C3 isoform X2 [Bombyx mori]
TRINITY_DN13428_c0_g2_i1.p1	XP_021206280.1	52.941	289	123	3	57	340	1	281	1.15e-110	324	345	290	82	XP_021206280.1 luciferin sulfotransferase isoform X3 [Bombyx mori]
TRINITY_DN13428_c0_g2_i1.p1	XP_062524698.1	51.736	288	124	4	58	340	122	399	5.31e-102	306	345	408	82	XP_062524698.1 sulfotransferase 1C3 isoform X1 [Bombyx mori]
TRINITY_DN13428_c0_g2_i1.p1	XP_012551199.2	45.930	344	179	4	1	343	5	342	9.04e-95	286	345	349	99	XP_012551199.2 sulfotransferase isoform X1 [Bombyx mori]
TRINITY_DN13428_c0_g2_i1.p1	XP_062529182.1	47.634	317	159	4	28	343	3	313	3.71e-92	278	345	320	92	XP_062529182.1 sulfotransferase isoform X2 [Bombyx mori]
TRINITY_DN13428_c0_g2_i1.p1	XP_062529458.1	43.195	338	170	6	6	340	4	322	2.78e-89	271	345	326	97	XP_062529458.1 sulfotransferase 1 family member D1 [Bombyx mori]
TRINITY_DN13428_c0_g2_i1.p1	XP_037872721.1	43.195	338	170	6	6	340	4	322	2.78e-89	271	345	326	97	XP_037872721.1 sulfotransferase 1 family member D1 [Bombyx mori]
TRINITY_DN13428_c0_g2_i1.p1	XP_021207837.1	43.195	338	170	6	6	340	4	322	2.78e-89	271	345	326	97	XP_021207837.1 sulfotransferase 1 family member D1 [Bombyx mori]
TRINITY_DN13428_c0_g2_i1.p1	XP_004932587.1	43.195	338	170	6	6	340	4	322	2.78e-89	271	345	326	97	XP_004932587.1 sulfotransferase 1 family member D1 [Bombyx mori]
TRINITY_DN13428_c0_g2_i1.p1	XP_012551200.1	48.173	301	149	4	44	343	2	296	1.93e-88	268	345	303	87	XP_012551200.1 sulfotransferase isoform X3 [Bombyx mori]
TRINITY_DN13428_c0_g2_i1.p1	XP_062529457.1	41.547	349	160	5	6	340	4	322	6.25e-88	267	345	326	97	XP_062529457.1 sulfotransferase 1 family member D1 [Bombyx mori]
TRINITY_DN13428_c0_g2_i1.p1	XP_062529456.1	41.547	349	160	5	6	340	4	322	6.25e-88	267	345	326	97	XP_062529456.1 sulfotransferase 1 family member D1 [Bombyx mori]
TRINITY_DN13428_c0_g2_i1.p1	XP_062529455.1	41.547	349	160	5	6	340	4	322	6.25e-88	267	345	326	97	XP_062529455.1 sulfotransferase 1 family member D1 [Bombyx mori]
TRINITY_DN13428_c0_g2_i1.p1	XP_062529454.1	41.547	349	160	5	6	340	4	322	6.25e-88	267	345	326	97	XP_062529454.1 sulfotransferase 1 family member D1 [Bombyx mori]
TRINITY_DN13428_c0_g2_i1.p1	XP_037872720.1	41.547	349	160	5	6	340	4	322	6.25e-88	267	345	326	97	XP_037872720.1 sulfotransferase 1 family member D1 [Bombyx mori]
TRINITY_DN13428_c0_g2_i1.p1	NP_001040491.1	43.195	338	170	6	6	340	4	322	9.75e-88	267	345	326	97	NP_001040491.1 estrogen sulfotransferase [Bombyx mori]
TRINITY_DN13428_c0_g2_i1.p1	NP_001037002.1	48.611	288	141	4	57	343	1	282	3.72e-84	257	345	302	83	NP_001037002.1 sulfotransferase [Bombyx mori]
TRINITY_DN13428_c0_g2_i1.p1	XP_004933069.3	32.362	343	200	9	14	339	3	330	8.89e-65	208	345	331	94	XP_004933069.3 luciferin sulfotransferase [Bombyx mori]
TRINITY_DN13428_c0_g2_i2.p1	XP_004930400.2	76.106	339	81	0	5	343	6	344	0.0	540	345	346	98	XP_004930400.2 sulfotransferase 1C4 isoform X1 [Bombyx mori]
TRINITY_DN13428_c0_g2_i2.p1	XP_062526412.1	78.049	287	63	0	57	343	1	287	1.14e-167	469	345	289	83	XP_062526412.1 luciferin sulfotransferase isoform X2 [Bombyx mori]
TRINITY_DN13428_c0_g2_i2.p1	XP_062526415.1	78.519	270	58	0	74	343	6	275	1.41e-156	440	345	277	78	XP_062526415.1 luciferin sulfotransferase isoform X3 [Bombyx mori]
TRINITY_DN13428_c0_g2_i2.p1	XP_062526413.1	78.519	270	58	0	74	343	6	275	1.41e-156	440	345	277	78	XP_062526413.1 luciferin sulfotransferase isoform X3 [Bombyx mori]
TRINITY_DN13428_c0_g2_i2.p1	XP_062524699.1	50.755	331	161	1	10	340	12	340	3.24e-122	355	345	343	96	XP_062524699.1 sulfotransferase 1B1 isoform X2 [Bombyx mori]
TRINITY_DN13428_c0_g2_i2.p1	XP_004930150.3	50.453	331	163	1	10	340	12	341	7.03e-122	355	345	344	96	XP_004930150.3 sulfotransferase 1B1 isoform X1 [Bombyx mori]
TRINITY_DN13428_c0_g2_i2.p1	XP_012549333.1	52.866	314	135	3	32	340	33	338	2.01e-120	351	345	347	90	XP_012549333.1 sulfotransferase 1C3 isoform X2 [Bombyx mori]
TRINITY_DN13428_c0_g2_i2.p1	XP_021206280.1	52.941	289	123	3	57	340	1	281	1.15e-110	324	345	290	82	XP_021206280.1 luciferin sulfotransferase isoform X3 [Bombyx mori]
TRINITY_DN13428_c0_g2_i2.p1	XP_062524698.1	51.736	288	124	4	58	340	122	399	5.31e-102	306	345	408	82	XP_062524698.1 sulfotransferase 1C3 isoform X1 [Bombyx mori]
TRINITY_DN13428_c0_g2_i2.p1	XP_012551199.2	45.930	344	179	4	1	343	5	342	9.04e-95	286	345	349	99	XP_012551199.2 sulfotransferase isoform X1 [Bombyx mori]
TRINITY_DN13428_c0_g2_i2.p1	XP_062529182.1	47.634	317	159	4	28	343	3	313	3.71e-92	278	345	320	92	XP_062529182.1 sulfotransferase isoform X2 [Bombyx mori]
TRINITY_DN13428_c0_g2_i2.p1	XP_062529458.1	43.195	338	170	6	6	340	4	322	2.78e-89	271	345	326	97	XP_062529458.1 sulfotransferase 1 family member D1 [Bombyx mori]
TRINITY_DN13428_c0_g2_i2.p1	XP_037872721.1	43.195	338	170	6	6	340	4	322	2.78e-89	271	345	326	97	XP_037872721.1 sulfotransferase 1 family member D1 [Bombyx mori]
TRINITY_DN13428_c0_g2_i2.p1	XP_021207837.1	43.195	338	170	6	6	340	4	322	2.78e-89	271	345	326	97	XP_021207837.1 sulfotransferase 1 family member D1 [Bombyx mori]
TRINITY_DN13428_c0_g2_i2.p1	XP_004932587.1	43.195	338	170	6	6	340	4	322	2.78e-89	271	345	326	97	XP_004932587.1 sulfotransferase 1 family member D1 [Bombyx mori]
TRINITY_DN13428_c0_g2_i2.p1	XP_012551200.1	48.173	301	149	4	44	343	2	296	1.93e-88	268	345	303	87	XP_012551200.1 sulfotransferase isoform X3 [Bombyx mori]
TRINITY_DN13428_c0_g2_i2.p1	XP_062529457.1	41.547	349	160	5	6	340	4	322	6.25e-88	267	345	326	97	XP_062529457.1 sulfotransferase 1 family member D1 [Bombyx mori]
TRINITY_DN13428_c0_g2_i2.p1	XP_062529456.1	41.547	349	160	5	6	340	4	322	6.25e-88	267	345	326	97	XP_062529456.1 sulfotransferase 1 family member D1 [Bombyx mori]
TRINITY_DN13428_c0_g2_i2.p1	XP_062529455.1	41.547	349	160	5	6	340	4	322	6.25e-88	267	345	326	97	XP_062529455.1 sulfotransferase 1 family member D1 [Bombyx mori]
TRINITY_DN13428_c0_g2_i2.p1	XP_062529454.1	41.547	349	160	5	6	340	4	322	6.25e-88	267	345	326	97	XP_062529454.1 sulfotransferase 1 family member D1 [Bombyx mori]
TRINITY_DN13428_c0_g2_i2.p1	XP_037872720.1	41.547	349	160	5	6	340	4	322	6.25e-88	267	345	326	97	XP_037872720.1 sulfotransferase 1 family member D1 [Bombyx mori]
TRINITY_DN13428_c0_g2_i2.p1	NP_001040491.1	43.195	338	170	6	6	340	4	322	9.75e-88	267	345	326	97	NP_001040491.1 estrogen sulfotransferase [Bombyx mori]
TRINITY_DN13428_c0_g2_i2.p1	NP_001037002.1	48.611	288	141	4	57	343	1	282	3.72e-84	257	345	302	83	NP_001037002.1 sulfotransferase [Bombyx mori]
TRINITY_DN13428_c0_g2_i2.p1	XP_004933069.3	32.362	343	200	9	14	339	3	330	8.89e-65	208	345	331	94	XP_004933069.3 luciferin sulfotransferase [Bombyx mori]
TRINITY_DN18563_c0_g1_i1.p1	XP_062526412.1	55.804	224	94	2	1	223	11	230	1.37e-73	225	228	289	98	XP_062526412.1 luciferin sulfotransferase isoform X2 [Bombyx mori]
TRINITY_DN18563_c0_g1_i1.p1	XP_004930400.2	55.804	224	94	2	1	223	68	287	5.54e-73	225	228	346	98	XP_004930400.2 sulfotransferase 1C4 isoform X1 [Bombyx mori]
TRINITY_DN18563_c0_g1_i1.p1	XP_021206280.1	51.327	226	100	4	1	223	11	229	2.75e-72	222	228	290	98	XP_021206280.1 luciferin sulfotransferase isoform X3 [Bombyx mori]
TRINITY_DN18563_c0_g1_i1.p1	XP_012549333.1	51.327	226	100	4	1	223	68	286	1.81e-71	221	228	347	98	XP_012549333.1 sulfotransferase 1C3 isoform X2 [Bombyx mori]
TRINITY_DN18563_c0_g1_i1.p1	XP_062524699.1	49.339	227	104	4	1	223	67	286	1.36e-69	216	228	343	98	XP_062524699.1 sulfotransferase 1B1 isoform X2 [Bombyx mori]
TRINITY_DN18563_c0_g1_i1.p1	XP_004930150.3	49.339	227	104	4	1	223	68	287	1.57e-69	216	228	344	98	XP_004930150.3 sulfotransferase 1B1 isoform X1 [Bombyx mori]
TRINITY_DN18563_c0_g1_i1.p1	XP_062526415.1	54.839	217	93	2	8	223	6	218	3.14e-69	213	228	277	95	XP_062526415.1 luciferin sulfotransferase isoform X3 [Bombyx mori]
TRINITY_DN18563_c0_g1_i1.p1	XP_062526413.1	54.839	217	93	2	8	223	6	218	3.14e-69	213	228	277	95	XP_062526413.1 luciferin sulfotransferase isoform X3 [Bombyx mori]
TRINITY_DN18563_c0_g1_i1.p1	XP_062524698.1	50.901	222	99	4	5	223	133	347	1.05e-68	216	228	408	96	XP_062524698.1 sulfotransferase 1C3 isoform X1 [Bombyx mori]
TRINITY_DN18563_c0_g1_i1.p1	NP_001040491.1	46.637	223	100	4	3	221	67	274	6.52e-61	194	228	326	96	NP_001040491.1 estrogen sulfotransferase [Bombyx mori]
TRINITY_DN18563_c0_g1_i1.p1	XP_062529457.1	46.637	223	100	4	3	221	67	274	6.58e-60	191	228	326	96	XP_062529457.1 sulfotransferase 1 family member D1 [Bombyx mori]
TRINITY_DN18563_c0_g1_i1.p1	XP_062529456.1	46.637	223	100	4	3	221	67	274	6.58e-60	191	228	326	96	XP_062529456.1 sulfotransferase 1 family member D1 [Bombyx mori]
TRINITY_DN18563_c0_g1_i1.p1	XP_062529455.1	46.637	223	100	4	3	221	67	274	6.58e-60	191	228	326	96	XP_062529455.1 sulfotransferase 1 family member D1 [Bombyx mori]
TRINITY_DN18563_c0_g1_i1.p1	XP_062529454.1	46.637	223	100	4	3	221	67	274	6.58e-60	191	228	326	96	XP_062529454.1 sulfotransferase 1 family member D1 [Bombyx mori]
TRINITY_DN18563_c0_g1_i1.p1	XP_037872720.1	46.637	223	100	4	3	221	67	274	6.58e-60	191	228	326	96	XP_037872720.1 sulfotransferase 1 family member D1 [Bombyx mori]
TRINITY_DN18563_c0_g1_i1.p1	XP_062529458.1	46.119	219	99	3	3	217	67	270	1.81e-58	187	228	326	94	XP_062529458.1 sulfotransferase 1 family member D1 [Bombyx mori]
TRINITY_DN18563_c0_g1_i1.p1	XP_037872721.1	46.119	219	99	3	3	217	67	270	1.81e-58	187	228	326	94	XP_037872721.1 sulfotransferase 1 family member D1 [Bombyx mori]
TRINITY_DN18563_c0_g1_i1.p1	XP_021207837.1	46.119	219	99	3	3	217	67	270	1.81e-58	187	228	326	94	XP_021207837.1 sulfotransferase 1 family member D1 [Bombyx mori]
TRINITY_DN18563_c0_g1_i1.p1	XP_004932587.1	46.119	219	99	3	3	217	67	270	1.81e-58	187	228	326	94	XP_004932587.1 sulfotransferase 1 family member D1 [Bombyx mori]
TRINITY_DN18563_c0_g1_i1.p1	NP_001037002.1	46.053	228	110	4	2	224	12	231	1.81e-54	176	228	302	98	NP_001037002.1 sulfotransferase [Bombyx mori]
TRINITY_DN18563_c0_g1_i1.p1	XP_012551200.1	46.053	228	110	4	2	224	26	245	2.49e-54	176	228	303	98	XP_012551200.1 sulfotransferase isoform X3 [Bombyx mori]
TRINITY_DN18563_c0_g1_i1.p1	XP_062529182.1	46.053	228	110	4	2	224	43	262	4.56e-54	176	228	320	98	XP_062529182.1 sulfotransferase isoform X2 [Bombyx mori]
TRINITY_DN18563_c0_g1_i1.p1	XP_012551199.2	46.053	228	110	4	2	224	72	291	8.85e-54	176	228	349	98	XP_012551199.2 sulfotransferase isoform X1 [Bombyx mori]
TRINITY_DN18563_c0_g1_i1.p1	XP_004933069.3	35.217	230	126	4	1	225	64	275	2.21e-43	149	228	331	99	XP_004933069.3 luciferin sulfotransferase [Bombyx mori]
TRINITY_DN18563_c0_g1_i3.p1	XP_021206280.1	56.818	88	34	1	20	107	69	152	6.78e-29	106	127	290	69	XP_021206280.1 luciferin sulfotransferase isoform X3 [Bombyx mori]
TRINITY_DN18563_c0_g1_i3.p1	XP_012549333.1	56.818	88	34	1	20	107	126	209	1.54e-28	106	127	347	69	XP_012549333.1 sulfotransferase 1C3 isoform X2 [Bombyx mori]
TRINITY_DN18563_c0_g1_i3.p1	XP_062524698.1	56.818	88	34	1	20	107	187	270	3.32e-28	106	127	408	69	XP_062524698.1 sulfotransferase 1C3 isoform X1 [Bombyx mori]
TRINITY_DN18563_c0_g1_i3.p1	XP_062524699.1	50.495	101	45	2	10	107	111	209	5.87e-27	102	127	343	77	XP_062524699.1 sulfotransferase 1B1 isoform X2 [Bombyx mori]
TRINITY_DN18563_c0_g1_i3.p1	XP_004930150.3	50.495	101	45	2	10	107	112	210	5.89e-27	102	127	344	77	XP_004930150.3 sulfotransferase 1B1 isoform X1 [Bombyx mori]
TRINITY_DN18563_c0_g1_i3.p1	NP_001040491.1	45.794	107	55	2	9	112	98	204	2.77e-23	92.4	127	326	82	NP_001040491.1 estrogen sulfotransferase [Bombyx mori]
TRINITY_DN18563_c0_g1_i3.p1	XP_062529458.1	45.794	107	55	2	9	112	98	204	2.67e-22	89.7	127	326	82	XP_062529458.1 sulfotransferase 1 family member D1 [Bombyx mori]
TRINITY_DN18563_c0_g1_i3.p1	XP_037872721.1	45.794	107	55	2	9	112	98	204	2.67e-22	89.7	127	326	82	XP_037872721.1 sulfotransferase 1 family member D1 [Bombyx mori]
TRINITY_DN18563_c0_g1_i3.p1	XP_021207837.1	45.794	107	55	2	9	112	98	204	2.67e-22	89.7	127	326	82	XP_021207837.1 sulfotransferase 1 family member D1 [Bombyx mori]
TRINITY_DN18563_c0_g1_i3.p1	XP_004932587.1	45.794	107	55	2	9	112	98	204	2.67e-22	89.7	127	326	82	XP_004932587.1 sulfotransferase 1 family member D1 [Bombyx mori]
TRINITY_DN18563_c0_g1_i3.p1	XP_062529457.1	45.794	107	55	2	9	112	98	204	2.70e-22	89.7	127	326	82	XP_062529457.1 sulfotransferase 1 family member D1 [Bombyx mori]
TRINITY_DN18563_c0_g1_i3.p1	XP_062529456.1	45.794	107	55	2	9	112	98	204	2.70e-22	89.7	127	326	82	XP_062529456.1 sulfotransferase 1 family member D1 [Bombyx mori]
TRINITY_DN18563_c0_g1_i3.p1	XP_062529455.1	45.794	107	55	2	9	112	98	204	2.70e-22	89.7	127	326	82	XP_062529455.1 sulfotransferase 1 family member D1 [Bombyx mori]
TRINITY_DN18563_c0_g1_i3.p1	XP_062529454.1	45.794	107	55	2	9	112	98	204	2.70e-22	89.7	127	326	82	XP_062529454.1 sulfotransferase 1 family member D1 [Bombyx mori]
TRINITY_DN18563_c0_g1_i3.p1	XP_037872720.1	45.794	107	55	2	9	112	98	204	2.70e-22	89.7	127	326	82	XP_037872720.1 sulfotransferase 1 family member D1 [Bombyx mori]
TRINITY_DN18563_c0_g1_i3.p1	XP_062526415.1	54.255	94	43	0	18	111	52	145	3.75e-20	83.2	127	277	74	XP_062526415.1 luciferin sulfotransferase isoform X3 [Bombyx mori]
TRINITY_DN18563_c0_g1_i3.p1	XP_062526413.1	54.255	94	43	0	18	111	52	145	3.75e-20	83.2	127	277	74	XP_062526413.1 luciferin sulfotransferase isoform X3 [Bombyx mori]
TRINITY_DN18563_c0_g1_i3.p1	XP_062526412.1	54.255	94	43	0	18	111	64	157	4.01e-20	83.6	127	289	74	XP_062526412.1 luciferin sulfotransferase isoform X2 [Bombyx mori]
TRINITY_DN18563_c0_g1_i3.p1	XP_004930400.2	54.255	94	43	0	18	111	121	214	5.98e-20	83.6	127	346	74	XP_004930400.2 sulfotransferase 1C4 isoform X1 [Bombyx mori]
TRINITY_DN18563_c0_g1_i3.p1	NP_001037002.1	48.421	95	43	2	23	114	69	160	1.32e-15	71.2	127	302	72	NP_001037002.1 sulfotransferase [Bombyx mori]
TRINITY_DN18563_c0_g1_i3.p1	XP_012551200.1	48.421	95	43	2	23	114	83	174	1.37e-15	71.2	127	303	72	XP_012551200.1 sulfotransferase isoform X3 [Bombyx mori]
TRINITY_DN18563_c0_g1_i3.p1	XP_062529182.1	48.421	95	43	2	23	114	100	191	1.93e-15	70.9	127	320	72	XP_062529182.1 sulfotransferase isoform X2 [Bombyx mori]
TRINITY_DN18563_c0_g1_i3.p1	XP_012551199.2	48.421	95	43	2	23	114	129	220	2.23e-15	71.2	127	349	72	XP_012551199.2 sulfotransferase isoform X1 [Bombyx mori]
TRINITY_DN18563_c0_g1_i3.p1	XP_004933069.3	40.000	70	35	2	46	110	132	199	1.28e-09	54.7	127	331	51	XP_004933069.3 luciferin sulfotransferase [Bombyx mori]
TRINITY_DN1884_c0_g1_i17.p1	XP_012551199.2	67.359	337	107	1	1	334	5	341	3.79e-172	482	343	349	97	XP_012551199.2 sulfotransferase isoform X1 [Bombyx mori]
TRINITY_DN1884_c0_g1_i17.p1	XP_062529182.1	67.188	320	102	1	26	342	1	320	1.13e-160	452	343	320	92	XP_062529182.1 sulfotransferase isoform X2 [Bombyx mori]
TRINITY_DN1884_c0_g1_i17.p1	XP_012551200.1	66.997	303	97	1	43	342	1	303	1.33e-149	423	343	303	87	XP_012551200.1 sulfotransferase isoform X3 [Bombyx mori]
TRINITY_DN1884_c0_g1_i17.p1	NP_001037002.1	68.327	281	86	1	57	334	1	281	5.90e-140	399	343	302	81	NP_001037002.1 sulfotransferase [Bombyx mori]
TRINITY_DN1884_c0_g1_i17.p1	XP_062529457.1	43.598	328	177	2	5	332	3	322	6.46e-96	288	343	326	96	XP_062529457.1 sulfotransferase 1 family member D1 [Bombyx mori]
TRINITY_DN1884_c0_g1_i17.p1	XP_062529456.1	43.598	328	177	2	5	332	3	322	6.46e-96	288	343	326	96	XP_062529456.1 sulfotransferase 1 family member D1 [Bombyx mori]
TRINITY_DN1884_c0_g1_i17.p1	XP_062529455.1	43.598	328	177	2	5	332	3	322	6.46e-96	288	343	326	96	XP_062529455.1 sulfotransferase 1 family member D1 [Bombyx mori]
TRINITY_DN1884_c0_g1_i17.p1	XP_062529454.1	43.598	328	177	2	5	332	3	322	6.46e-96	288	343	326	96	XP_062529454.1 sulfotransferase 1 family member D1 [Bombyx mori]
TRINITY_DN1884_c0_g1_i17.p1	XP_037872720.1	43.598	328	177	2	5	332	3	322	6.46e-96	288	343	326	96	XP_037872720.1 sulfotransferase 1 family member D1 [Bombyx mori]
TRINITY_DN1884_c0_g1_i17.p1	XP_062529458.1	42.988	328	179	2	5	332	3	322	6.27e-94	283	343	326	96	XP_062529458.1 sulfotransferase 1 family member D1 [Bombyx mori]
TRINITY_DN1884_c0_g1_i17.p1	XP_037872721.1	42.988	328	179	2	5	332	3	322	6.27e-94	283	343	326	96	XP_037872721.1 sulfotransferase 1 family member D1 [Bombyx mori]
TRINITY_DN1884_c0_g1_i17.p1	XP_021207837.1	42.988	328	179	2	5	332	3	322	6.27e-94	283	343	326	96	XP_021207837.1 sulfotransferase 1 family member D1 [Bombyx mori]
TRINITY_DN1884_c0_g1_i17.p1	XP_004932587.1	42.988	328	179	2	5	332	3	322	6.27e-94	283	343	326	96	XP_004932587.1 sulfotransferase 1 family member D1 [Bombyx mori]
TRINITY_DN1884_c0_g1_i17.p1	NP_001040491.1	42.683	328	180	2	5	332	3	322	7.62e-94	282	343	326	96	NP_001040491.1 estrogen sulfotransferase [Bombyx mori]
TRINITY_DN1884_c0_g1_i17.p1	XP_004930400.2	44.179	335	177	3	7	332	8	341	9.48e-86	263	343	346	95	XP_004930400.2 sulfotransferase 1C4 isoform X1 [Bombyx mori]
TRINITY_DN1884_c0_g1_i17.p1	XP_012549333.1	39.706	340	195	5	10	341	9	346	6.66e-81	250	343	347	97	XP_012549333.1 sulfotransferase 1C3 isoform X2 [Bombyx mori]
TRINITY_DN1884_c0_g1_i17.p1	XP_062524699.1	37.758	339	194	4	10	335	9	343	1.72e-79	246	343	343	95	XP_062524699.1 sulfotransferase 1B1 isoform X2 [Bombyx mori]
TRINITY_DN1884_c0_g1_i17.p1	XP_004930150.3	39.048	315	176	3	33	335	34	344	1.96e-78	244	343	344	88	XP_004930150.3 sulfotransferase 1B1 isoform X1 [Bombyx mori]
TRINITY_DN1884_c0_g1_i17.p1	XP_062526412.1	45.965	285	144	3	57	332	1	284	5.74e-74	230	343	289	80	XP_062526412.1 luciferin sulfotransferase isoform X2 [Bombyx mori]
TRINITY_DN1884_c0_g1_i17.p1	XP_021206280.1	40.893	291	164	4	57	341	1	289	1.59e-71	224	343	290	83	XP_021206280.1 luciferin sulfotransferase isoform X3 [Bombyx mori]
TRINITY_DN1884_c0_g1_i17.p1	XP_062526415.1	45.522	268	136	3	74	332	6	272	1.72e-66	211	343	277	76	XP_062526415.1 luciferin sulfotransferase isoform X3 [Bombyx mori]
TRINITY_DN1884_c0_g1_i17.p1	XP_062526413.1	45.522	268	136	3	74	332	6	272	1.72e-66	211	343	277	76	XP_062526413.1 luciferin sulfotransferase isoform X3 [Bombyx mori]
TRINITY_DN1884_c0_g1_i17.p1	XP_062524698.1	38.929	280	163	4	68	341	130	407	7.73e-62	203	343	408	80	XP_062524698.1 sulfotransferase 1C3 isoform X1 [Bombyx mori]
TRINITY_DN1884_c0_g1_i17.p1	XP_004933069.3	31.230	317	184	6	33	331	30	330	2.00e-55	184	343	331	87	XP_004933069.3 luciferin sulfotransferase [Bombyx mori]
TRINITY_DN1884_c0_g1_i19.p1	XP_012551199.2	67.359	337	107	1	1	334	5	341	3.79e-172	482	343	349	97	XP_012551199.2 sulfotransferase isoform X1 [Bombyx mori]
TRINITY_DN1884_c0_g1_i19.p1	XP_062529182.1	67.188	320	102	1	26	342	1	320	1.13e-160	452	343	320	92	XP_062529182.1 sulfotransferase isoform X2 [Bombyx mori]
TRINITY_DN1884_c0_g1_i19.p1	XP_012551200.1	66.997	303	97	1	43	342	1	303	1.33e-149	423	343	303	87	XP_012551200.1 sulfotransferase isoform X3 [Bombyx mori]
TRINITY_DN1884_c0_g1_i19.p1	NP_001037002.1	68.327	281	86	1	57	334	1	281	5.90e-140	399	343	302	81	NP_001037002.1 sulfotransferase [Bombyx mori]
TRINITY_DN1884_c0_g1_i19.p1	XP_062529457.1	43.598	328	177	2	5	332	3	322	6.46e-96	288	343	326	96	XP_062529457.1 sulfotransferase 1 family member D1 [Bombyx mori]
TRINITY_DN1884_c0_g1_i19.p1	XP_062529456.1	43.598	328	177	2	5	332	3	322	6.46e-96	288	343	326	96	XP_062529456.1 sulfotransferase 1 family member D1 [Bombyx mori]
TRINITY_DN1884_c0_g1_i19.p1	XP_062529455.1	43.598	328	177	2	5	332	3	322	6.46e-96	288	343	326	96	XP_062529455.1 sulfotransferase 1 family member D1 [Bombyx mori]
TRINITY_DN1884_c0_g1_i19.p1	XP_062529454.1	43.598	328	177	2	5	332	3	322	6.46e-96	288	343	326	96	XP_062529454.1 sulfotransferase 1 family member D1 [Bombyx mori]
TRINITY_DN1884_c0_g1_i19.p1	XP_037872720.1	43.598	328	177	2	5	332	3	322	6.46e-96	288	343	326	96	XP_037872720.1 sulfotransferase 1 family member D1 [Bombyx mori]
TRINITY_DN1884_c0_g1_i19.p1	XP_062529458.1	42.988	328	179	2	5	332	3	322	6.27e-94	283	343	326	96	XP_062529458.1 sulfotransferase 1 family member D1 [Bombyx mori]
TRINITY_DN1884_c0_g1_i19.p1	XP_037872721.1	42.988	328	179	2	5	332	3	322	6.27e-94	283	343	326	96	XP_037872721.1 sulfotransferase 1 family member D1 [Bombyx mori]
TRINITY_DN1884_c0_g1_i19.p1	XP_021207837.1	42.988	328	179	2	5	332	3	322	6.27e-94	283	343	326	96	XP_021207837.1 sulfotransferase 1 family member D1 [Bombyx mori]
TRINITY_DN1884_c0_g1_i19.p1	XP_004932587.1	42.988	328	179	2	5	332	3	322	6.27e-94	283	343	326	96	XP_004932587.1 sulfotransferase 1 family member D1 [Bombyx mori]
TRINITY_DN1884_c0_g1_i19.p1	NP_001040491.1	42.683	328	180	2	5	332	3	322	7.62e-94	282	343	326	96	NP_001040491.1 estrogen sulfotransferase [Bombyx mori]
TRINITY_DN1884_c0_g1_i19.p1	XP_004930400.2	44.179	335	177	3	7	332	8	341	9.48e-86	263	343	346	95	XP_004930400.2 sulfotransferase 1C4 isoform X1 [Bombyx mori]
TRINITY_DN1884_c0_g1_i19.p1	XP_012549333.1	39.706	340	195	5	10	341	9	346	6.66e-81	250	343	347	97	XP_012549333.1 sulfotransferase 1C3 isoform X2 [Bombyx mori]
TRINITY_DN1884_c0_g1_i19.p1	XP_062524699.1	37.758	339	194	4	10	335	9	343	1.72e-79	246	343	343	95	XP_062524699.1 sulfotransferase 1B1 isoform X2 [Bombyx mori]
TRINITY_DN1884_c0_g1_i19.p1	XP_004930150.3	39.048	315	176	3	33	335	34	344	1.96e-78	244	343	344	88	XP_004930150.3 sulfotransferase 1B1 isoform X1 [Bombyx mori]
TRINITY_DN1884_c0_g1_i19.p1	XP_062526412.1	45.965	285	144	3	57	332	1	284	5.74e-74	230	343	289	80	XP_062526412.1 luciferin sulfotransferase isoform X2 [Bombyx mori]
TRINITY_DN1884_c0_g1_i19.p1	XP_021206280.1	40.893	291	164	4	57	341	1	289	1.59e-71	224	343	290	83	XP_021206280.1 luciferin sulfotransferase isoform X3 [Bombyx mori]
TRINITY_DN1884_c0_g1_i19.p1	XP_062526415.1	45.522	268	136	3	74	332	6	272	1.72e-66	211	343	277	76	XP_062526415.1 luciferin sulfotransferase isoform X3 [Bombyx mori]
TRINITY_DN1884_c0_g1_i19.p1	XP_062526413.1	45.522	268	136	3	74	332	6	272	1.72e-66	211	343	277	76	XP_062526413.1 luciferin sulfotransferase isoform X3 [Bombyx mori]
TRINITY_DN1884_c0_g1_i19.p1	XP_062524698.1	38.929	280	163	4	68	341	130	407	7.73e-62	203	343	408	80	XP_062524698.1 sulfotransferase 1C3 isoform X1 [Bombyx mori]
TRINITY_DN1884_c0_g1_i19.p1	XP_004933069.3	31.230	317	184	6	33	331	30	330	2.00e-55	184	343	331	87	XP_004933069.3 luciferin sulfotransferase [Bombyx mori]
TRINITY_DN1884_c0_g1_i3.p1	XP_012551199.2	67.359	337	107	1	1	334	5	341	3.79e-172	482	343	349	97	XP_012551199.2 sulfotransferase isoform X1 [Bombyx mori]
TRINITY_DN1884_c0_g1_i3.p1	XP_062529182.1	67.188	320	102	1	26	342	1	320	1.13e-160	452	343	320	92	XP_062529182.1 sulfotransferase isoform X2 [Bombyx mori]
TRINITY_DN1884_c0_g1_i3.p1	XP_012551200.1	66.997	303	97	1	43	342	1	303	1.33e-149	423	343	303	87	XP_012551200.1 sulfotransferase isoform X3 [Bombyx mori]
TRINITY_DN1884_c0_g1_i3.p1	NP_001037002.1	68.327	281	86	1	57	334	1	281	5.90e-140	399	343	302	81	NP_001037002.1 sulfotransferase [Bombyx mori]
TRINITY_DN1884_c0_g1_i3.p1	XP_062529457.1	43.598	328	177	2	5	332	3	322	6.46e-96	288	343	326	96	XP_062529457.1 sulfotransferase 1 family member D1 [Bombyx mori]
TRINITY_DN1884_c0_g1_i3.p1	XP_062529456.1	43.598	328	177	2	5	332	3	322	6.46e-96	288	343	326	96	XP_062529456.1 sulfotransferase 1 family member D1 [Bombyx mori]
TRINITY_DN1884_c0_g1_i3.p1	XP_062529455.1	43.598	328	177	2	5	332	3	322	6.46e-96	288	343	326	96	XP_062529455.1 sulfotransferase 1 family member D1 [Bombyx mori]
TRINITY_DN1884_c0_g1_i3.p1	XP_062529454.1	43.598	328	177	2	5	332	3	322	6.46e-96	288	343	326	96	XP_062529454.1 sulfotransferase 1 family member D1 [Bombyx mori]
TRINITY_DN1884_c0_g1_i3.p1	XP_037872720.1	43.598	328	177	2	5	332	3	322	6.46e-96	288	343	326	96	XP_037872720.1 sulfotransferase 1 family member D1 [Bombyx mori]
TRINITY_DN1884_c0_g1_i3.p1	XP_062529458.1	42.988	328	179	2	5	332	3	322	6.27e-94	283	343	326	96	XP_062529458.1 sulfotransferase 1 family member D1 [Bombyx mori]
TRINITY_DN1884_c0_g1_i3.p1	XP_037872721.1	42.988	328	179	2	5	332	3	322	6.27e-94	283	343	326	96	XP_037872721.1 sulfotransferase 1 family member D1 [Bombyx mori]
TRINITY_DN1884_c0_g1_i3.p1	XP_021207837.1	42.988	328	179	2	5	332	3	322	6.27e-94	283	343	326	96	XP_021207837.1 sulfotransferase 1 family member D1 [Bombyx mori]
TRINITY_DN1884_c0_g1_i3.p1	XP_004932587.1	42.988	328	179	2	5	332	3	322	6.27e-94	283	343	326	96	XP_004932587.1 sulfotransferase 1 family member D1 [Bombyx mori]
TRINITY_DN1884_c0_g1_i3.p1	NP_001040491.1	42.683	328	180	2	5	332	3	322	7.62e-94	282	343	326	96	NP_001040491.1 estrogen sulfotransferase [Bombyx mori]
TRINITY_DN1884_c0_g1_i3.p1	XP_004930400.2	44.179	335	177	3	7	332	8	341	9.48e-86	263	343	346	95	XP_004930400.2 sulfotransferase 1C4 isoform X1 [Bombyx mori]
TRINITY_DN1884_c0_g1_i3.p1	XP_012549333.1	39.706	340	195	5	10	341	9	346	6.66e-81	250	343	347	97	XP_012549333.1 sulfotransferase 1C3 isoform X2 [Bombyx mori]
TRINITY_DN1884_c0_g1_i3.p1	XP_062524699.1	37.758	339	194	4	10	335	9	343	1.72e-79	246	343	343	95	XP_062524699.1 sulfotransferase 1B1 isoform X2 [Bombyx mori]
TRINITY_DN1884_c0_g1_i3.p1	XP_004930150.3	39.048	315	176	3	33	335	34	344	1.96e-78	244	343	344	88	XP_004930150.3 sulfotransferase 1B1 isoform X1 [Bombyx mori]
TRINITY_DN1884_c0_g1_i3.p1	XP_062526412.1	45.965	285	144	3	57	332	1	284	5.74e-74	230	343	289	80	XP_062526412.1 luciferin sulfotransferase isoform X2 [Bombyx mori]
TRINITY_DN1884_c0_g1_i3.p1	XP_021206280.1	40.893	291	164	4	57	341	1	289	1.59e-71	224	343	290	83	XP_021206280.1 luciferin sulfotransferase isoform X3 [Bombyx mori]
TRINITY_DN1884_c0_g1_i3.p1	XP_062526415.1	45.522	268	136	3	74	332	6	272	1.72e-66	211	343	277	76	XP_062526415.1 luciferin sulfotransferase isoform X3 [Bombyx mori]
TRINITY_DN1884_c0_g1_i3.p1	XP_062526413.1	45.522	268	136	3	74	332	6	272	1.72e-66	211	343	277	76	XP_062526413.1 luciferin sulfotransferase isoform X3 [Bombyx mori]
TRINITY_DN1884_c0_g1_i3.p1	XP_062524698.1	38.929	280	163	4	68	341	130	407	7.73e-62	203	343	408	80	XP_062524698.1 sulfotransferase 1C3 isoform X1 [Bombyx mori]
TRINITY_DN1884_c0_g1_i3.p1	XP_004933069.3	31.230	317	184	6	33	331	30	330	2.00e-55	184	343	331	87	XP_004933069.3 luciferin sulfotransferase [Bombyx mori]
TRINITY_DN260_c1_g1_i1.p1	XP_062526415.1	58.850	226	90	2	18	242	52	275	2.96e-81	245	244	277	92	XP_062526415.1 luciferin sulfotransferase isoform X3 [Bombyx mori]
TRINITY_DN260_c1_g1_i1.p1	XP_062526413.1	58.850	226	90	2	18	242	52	275	2.96e-81	245	244	277	92	XP_062526413.1 luciferin sulfotransferase isoform X3 [Bombyx mori]
TRINITY_DN260_c1_g1_i1.p1	XP_062526412.1	58.850	226	90	2	18	242	64	287	6.00e-81	244	244	289	92	XP_062526412.1 luciferin sulfotransferase isoform X2 [Bombyx mori]
TRINITY_DN260_c1_g1_i1.p1	XP_004930400.2	58.850	226	90	2	18	242	121	344	2.10e-80	245	244	346	92	XP_004930400.2 sulfotransferase 1C4 isoform X1 [Bombyx mori]
TRINITY_DN260_c1_g1_i1.p1	XP_021206280.1	53.456	217	94	3	23	239	72	281	4.34e-75	229	244	290	89	XP_021206280.1 luciferin sulfotransferase isoform X3 [Bombyx mori]
TRINITY_DN260_c1_g1_i1.p1	XP_012549333.1	53.456	217	94	3	23	239	129	338	2.43e-74	229	244	347	89	XP_012549333.1 sulfotransferase 1C3 isoform X2 [Bombyx mori]
TRINITY_DN260_c1_g1_i1.p1	XP_062524698.1	53.456	217	94	3	23	239	190	399	6.01e-74	230	244	408	89	XP_062524698.1 sulfotransferase 1C3 isoform X1 [Bombyx mori]
TRINITY_DN260_c1_g1_i1.p1	XP_062524699.1	51.376	218	99	3	23	239	129	340	1.79e-73	227	244	343	89	XP_062524699.1 sulfotransferase 1B1 isoform X2 [Bombyx mori]
TRINITY_DN260_c1_g1_i1.p1	XP_004930150.3	51.376	218	99	3	23	239	130	341	1.99e-73	227	244	344	89	XP_004930150.3 sulfotransferase 1B1 isoform X1 [Bombyx mori]
TRINITY_DN260_c1_g1_i1.p1	XP_062529458.1	49.485	194	89	2	47	239	137	322	4.06e-59	190	244	326	79	XP_062529458.1 sulfotransferase 1 family member D1 [Bombyx mori]
TRINITY_DN260_c1_g1_i1.p1	XP_037872721.1	49.485	194	89	2	47	239	137	322	4.06e-59	190	244	326	79	XP_037872721.1 sulfotransferase 1 family member D1 [Bombyx mori]
TRINITY_DN260_c1_g1_i1.p1	XP_021207837.1	49.485	194	89	2	47	239	137	322	4.06e-59	190	244	326	79	XP_021207837.1 sulfotransferase 1 family member D1 [Bombyx mori]
TRINITY_DN260_c1_g1_i1.p1	XP_004932587.1	49.485	194	89	2	47	239	137	322	4.06e-59	190	244	326	79	XP_004932587.1 sulfotransferase 1 family member D1 [Bombyx mori]
TRINITY_DN260_c1_g1_i1.p1	XP_062529457.1	47.668	193	94	1	47	239	137	322	7.62e-58	186	244	326	79	XP_062529457.1 sulfotransferase 1 family member D1 [Bombyx mori]
TRINITY_DN260_c1_g1_i1.p1	XP_062529456.1	47.668	193	94	1	47	239	137	322	7.62e-58	186	244	326	79	XP_062529456.1 sulfotransferase 1 family member D1 [Bombyx mori]
TRINITY_DN260_c1_g1_i1.p1	XP_062529455.1	47.668	193	94	1	47	239	137	322	7.62e-58	186	244	326	79	XP_062529455.1 sulfotransferase 1 family member D1 [Bombyx mori]
TRINITY_DN260_c1_g1_i1.p1	XP_062529454.1	47.668	193	94	1	47	239	137	322	7.62e-58	186	244	326	79	XP_062529454.1 sulfotransferase 1 family member D1 [Bombyx mori]
TRINITY_DN260_c1_g1_i1.p1	XP_037872720.1	47.668	193	94	1	47	239	137	322	7.62e-58	186	244	326	79	XP_037872720.1 sulfotransferase 1 family member D1 [Bombyx mori]
TRINITY_DN260_c1_g1_i1.p1	NP_001040491.1	47.668	193	94	1	47	239	137	322	5.42e-57	184	244	326	79	NP_001040491.1 estrogen sulfotransferase [Bombyx mori]
TRINITY_DN260_c1_g1_i1.p1	NP_001037002.1	48.731	197	97	1	47	243	91	283	3.77e-51	169	244	302	81	NP_001037002.1 sulfotransferase [Bombyx mori]
TRINITY_DN260_c1_g1_i1.p1	XP_012551200.1	48.731	197	97	1	47	243	105	297	5.23e-51	168	244	303	81	XP_012551200.1 sulfotransferase isoform X3 [Bombyx mori]
TRINITY_DN260_c1_g1_i1.p1	XP_062529182.1	48.731	197	97	1	47	243	122	314	9.98e-51	168	244	320	81	XP_062529182.1 sulfotransferase isoform X2 [Bombyx mori]
TRINITY_DN260_c1_g1_i1.p1	XP_012551199.2	48.731	197	97	1	47	243	151	343	2.04e-50	168	244	349	81	XP_012551199.2 sulfotransferase isoform X1 [Bombyx mori]
TRINITY_DN260_c1_g1_i1.p1	XP_004933069.3	34.545	220	132	4	29	238	113	330	2.33e-43	149	244	331	86	XP_004933069.3 luciferin sulfotransferase [Bombyx mori]
TRINITY_DN260_c1_g1_i12.p1	XP_004930400.2	54.651	344	147	3	10	352	9	344	9.85e-120	350	354	346	97	XP_004930400.2 sulfotransferase 1C4 isoform X1 [Bombyx mori]
TRINITY_DN260_c1_g1_i12.p1	XP_062526412.1	58.644	295	113	3	59	352	1	287	1.01e-109	322	354	289	83	XP_062526412.1 luciferin sulfotransferase isoform X2 [Bombyx mori]
TRINITY_DN260_c1_g1_i12.p1	XP_004930150.3	47.840	324	159	5	27	349	27	341	3.83e-101	302	354	344	91	XP_004930150.3 sulfotransferase 1B1 isoform X1 [Bombyx mori]
TRINITY_DN260_c1_g1_i12.p1	XP_062524699.1	47.950	317	156	4	34	349	32	340	6.18e-101	301	354	343	89	XP_062524699.1 sulfotransferase 1B1 isoform X2 [Bombyx mori]
TRINITY_DN260_c1_g1_i12.p1	XP_012549333.1	46.418	349	176	6	1	349	1	338	4.81e-100	300	354	347	99	XP_012549333.1 sulfotransferase 1C3 isoform X2 [Bombyx mori]
TRINITY_DN260_c1_g1_i12.p1	XP_062526415.1	57.194	278	110	3	76	352	6	275	9.37e-99	293	354	277	78	XP_062526415.1 luciferin sulfotransferase isoform X3 [Bombyx mori]
TRINITY_DN260_c1_g1_i12.p1	XP_062526413.1	57.194	278	110	3	76	352	6	275	9.37e-99	293	354	277	78	XP_062526413.1 luciferin sulfotransferase isoform X3 [Bombyx mori]
TRINITY_DN260_c1_g1_i12.p1	XP_021206280.1	50.515	291	134	5	59	349	1	281	2.54e-92	278	354	290	82	XP_021206280.1 luciferin sulfotransferase isoform X3 [Bombyx mori]
TRINITY_DN260_c1_g1_i12.p1	XP_062529458.1	42.151	344	174	4	7	349	3	322	4.87e-88	268	354	326	97	XP_062529458.1 sulfotransferase 1 family member D1 [Bombyx mori]
TRINITY_DN260_c1_g1_i12.p1	XP_037872721.1	42.151	344	174	4	7	349	3	322	4.87e-88	268	354	326	97	XP_037872721.1 sulfotransferase 1 family member D1 [Bombyx mori]
TRINITY_DN260_c1_g1_i12.p1	XP_021207837.1	42.151	344	174	4	7	349	3	322	4.87e-88	268	354	326	97	XP_021207837.1 sulfotransferase 1 family member D1 [Bombyx mori]
TRINITY_DN260_c1_g1_i12.p1	XP_004932587.1	42.151	344	174	4	7	349	3	322	4.87e-88	268	354	326	97	XP_004932587.1 sulfotransferase 1 family member D1 [Bombyx mori]
TRINITY_DN260_c1_g1_i12.p1	XP_062529457.1	40.816	343	180	3	7	349	3	322	5.53e-87	265	354	326	97	XP_062529457.1 sulfotransferase 1 family member D1 [Bombyx mori]
TRINITY_DN260_c1_g1_i12.p1	XP_062529456.1	40.816	343	180	3	7	349	3	322	5.53e-87	265	354	326	97	XP_062529456.1 sulfotransferase 1 family member D1 [Bombyx mori]
TRINITY_DN260_c1_g1_i12.p1	XP_062529455.1	40.816	343	180	3	7	349	3	322	5.53e-87	265	354	326	97	XP_062529455.1 sulfotransferase 1 family member D1 [Bombyx mori]
TRINITY_DN260_c1_g1_i12.p1	XP_062529454.1	40.816	343	180	3	7	349	3	322	5.53e-87	265	354	326	97	XP_062529454.1 sulfotransferase 1 family member D1 [Bombyx mori]
TRINITY_DN260_c1_g1_i12.p1	XP_037872720.1	40.816	343	180	3	7	349	3	322	5.53e-87	265	354	326	97	XP_037872720.1 sulfotransferase 1 family member D1 [Bombyx mori]
TRINITY_DN260_c1_g1_i12.p1	NP_001040491.1	40.762	341	179	3	9	349	5	322	1.41e-85	262	354	326	96	NP_001040491.1 estrogen sulfotransferase [Bombyx mori]
TRINITY_DN260_c1_g1_i12.p1	XP_062524698.1	49.310	290	135	6	60	349	122	399	1.22e-84	262	354	408	82	XP_062524698.1 sulfotransferase 1C3 isoform X1 [Bombyx mori]
TRINITY_DN260_c1_g1_i12.p1	XP_012551199.2	41.783	359	183	5	1	353	5	343	1.06e-82	255	354	349	99	XP_012551199.2 sulfotransferase isoform X1 [Bombyx mori]
TRINITY_DN260_c1_g1_i12.p1	XP_062529182.1	43.077	325	161	4	35	353	8	314	1.15e-77	241	354	320	90	XP_062529182.1 sulfotransferase isoform X2 [Bombyx mori]
TRINITY_DN260_c1_g1_i12.p1	XP_012551200.1	43.730	311	151	4	49	353	5	297	5.35e-74	231	354	303	86	XP_012551200.1 sulfotransferase isoform X3 [Bombyx mori]
TRINITY_DN260_c1_g1_i12.p1	NP_001037002.1	43.522	301	146	4	59	353	1	283	3.44e-70	221	354	302	83	NP_001037002.1 sulfotransferase [Bombyx mori]
TRINITY_DN260_c1_g1_i12.p1	XP_004933069.3	31.707	328	181	7	36	348	31	330	2.42e-57	189	354	331	88	XP_004933069.3 luciferin sulfotransferase [Bombyx mori]
TRINITY_DN260_c1_g1_i13.p1	XP_062526415.1	59.292	226	89	2	18	242	52	275	1.80e-82	248	244	277	92	XP_062526415.1 luciferin sulfotransferase isoform X3 [Bombyx mori]
TRINITY_DN260_c1_g1_i13.p1	XP_062526413.1	59.292	226	89	2	18	242	52	275	1.80e-82	248	244	277	92	XP_062526413.1 luciferin sulfotransferase isoform X3 [Bombyx mori]
TRINITY_DN260_c1_g1_i13.p1	XP_062526412.1	59.292	226	89	2	18	242	64	287	4.44e-82	247	244	289	92	XP_062526412.1 luciferin sulfotransferase isoform X2 [Bombyx mori]
TRINITY_DN260_c1_g1_i13.p1	XP_004930400.2	59.292	226	89	2	18	242	121	344	1.88e-81	248	244	346	92	XP_004930400.2 sulfotransferase 1C4 isoform X1 [Bombyx mori]
TRINITY_DN260_c1_g1_i13.p1	XP_021206280.1	53.917	217	93	3	23	239	72	281	1.85e-76	233	244	290	89	XP_021206280.1 luciferin sulfotransferase isoform X3 [Bombyx mori]
TRINITY_DN260_c1_g1_i13.p1	XP_012549333.1	53.917	217	93	3	23	239	129	338	1.17e-75	233	244	347	89	XP_012549333.1 sulfotransferase 1C3 isoform X2 [Bombyx mori]
TRINITY_DN260_c1_g1_i13.p1	XP_062524698.1	53.917	217	93	3	23	239	190	399	2.43e-75	234	244	408	89	XP_062524698.1 sulfotransferase 1C3 isoform X1 [Bombyx mori]
TRINITY_DN260_c1_g1_i13.p1	XP_062524699.1	51.376	218	99	3	23	239	129	340	1.76e-74	230	244	343	89	XP_062524699.1 sulfotransferase 1B1 isoform X2 [Bombyx mori]
TRINITY_DN260_c1_g1_i13.p1	XP_004930150.3	51.376	218	99	3	23	239	130	341	2.06e-74	229	244	344	89	XP_004930150.3 sulfotransferase 1B1 isoform X1 [Bombyx mori]
TRINITY_DN260_c1_g1_i13.p1	XP_062529458.1	49.485	194	89	2	47	239	137	322	3.97e-59	190	244	326	79	XP_062529458.1 sulfotransferase 1 family member D1 [Bombyx mori]
TRINITY_DN260_c1_g1_i13.p1	XP_037872721.1	49.485	194	89	2	47	239	137	322	3.97e-59	190	244	326	79	XP_037872721.1 sulfotransferase 1 family member D1 [Bombyx mori]
TRINITY_DN260_c1_g1_i13.p1	XP_021207837.1	49.485	194	89	2	47	239	137	322	3.97e-59	190	244	326	79	XP_021207837.1 sulfotransferase 1 family member D1 [Bombyx mori]
TRINITY_DN260_c1_g1_i13.p1	XP_004932587.1	49.485	194	89	2	47	239	137	322	3.97e-59	190	244	326	79	XP_004932587.1 sulfotransferase 1 family member D1 [Bombyx mori]
TRINITY_DN260_c1_g1_i13.p1	XP_062529457.1	47.668	193	94	1	47	239	137	322	5.95e-58	187	244	326	79	XP_062529457.1 sulfotransferase 1 family member D1 [Bombyx mori]
TRINITY_DN260_c1_g1_i13.p1	XP_062529456.1	47.668	193	94	1	47	239	137	322	5.95e-58	187	244	326	79	XP_062529456.1 sulfotransferase 1 family member D1 [Bombyx mori]
TRINITY_DN260_c1_g1_i13.p1	XP_062529455.1	47.668	193	94	1	47	239	137	322	5.95e-58	187	244	326	79	XP_062529455.1 sulfotransferase 1 family member D1 [Bombyx mori]
TRINITY_DN260_c1_g1_i13.p1	XP_062529454.1	47.668	193	94	1	47	239	137	322	5.95e-58	187	244	326	79	XP_062529454.1 sulfotransferase 1 family member D1 [Bombyx mori]
TRINITY_DN260_c1_g1_i13.p1	XP_037872720.1	47.668	193	94	1	47	239	137	322	5.95e-58	187	244	326	79	XP_037872720.1 sulfotransferase 1 family member D1 [Bombyx mori]
TRINITY_DN260_c1_g1_i13.p1	NP_001040491.1	47.668	193	94	1	47	239	137	322	6.87e-57	184	244	326	79	NP_001040491.1 estrogen sulfotransferase [Bombyx mori]
TRINITY_DN260_c1_g1_i13.p1	NP_001037002.1	43.333	240	124	3	10	243	50	283	2.70e-51	169	244	302	96	NP_001037002.1 sulfotransferase [Bombyx mori]
TRINITY_DN260_c1_g1_i13.p1	XP_012551200.1	43.333	240	124	3	10	243	64	297	3.19e-51	169	244	303	96	XP_012551200.1 sulfotransferase isoform X3 [Bombyx mori]
TRINITY_DN260_c1_g1_i13.p1	XP_062529182.1	43.333	240	124	3	10	243	81	314	5.59e-51	169	244	320	96	XP_062529182.1 sulfotransferase isoform X2 [Bombyx mori]
TRINITY_DN260_c1_g1_i13.p1	XP_012551199.2	43.333	240	124	3	10	243	110	343	1.40e-50	169	244	349	96	XP_012551199.2 sulfotransferase isoform X1 [Bombyx mori]
TRINITY_DN260_c1_g1_i13.p1	XP_004933069.3	36.139	202	117	4	47	238	131	330	3.38e-43	149	244	331	79	XP_004933069.3 luciferin sulfotransferase [Bombyx mori]
TRINITY_DN260_c1_g1_i17.p1	XP_062526415.1	58.850	226	90	2	18	242	52	275	2.96e-81	245	244	277	92	XP_062526415.1 luciferin sulfotransferase isoform X3 [Bombyx mori]
TRINITY_DN260_c1_g1_i17.p1	XP_062526413.1	58.850	226	90	2	18	242	52	275	2.96e-81	245	244	277	92	XP_062526413.1 luciferin sulfotransferase isoform X3 [Bombyx mori]
TRINITY_DN260_c1_g1_i17.p1	XP_062526412.1	58.850	226	90	2	18	242	64	287	6.00e-81	244	244	289	92	XP_062526412.1 luciferin sulfotransferase isoform X2 [Bombyx mori]
TRINITY_DN260_c1_g1_i17.p1	XP_004930400.2	58.850	226	90	2	18	242	121	344	2.10e-80	245	244	346	92	XP_004930400.2 sulfotransferase 1C4 isoform X1 [Bombyx mori]
TRINITY_DN260_c1_g1_i17.p1	XP_021206280.1	53.456	217	94	3	23	239	72	281	4.34e-75	229	244	290	89	XP_021206280.1 luciferin sulfotransferase isoform X3 [Bombyx mori]
TRINITY_DN260_c1_g1_i17.p1	XP_012549333.1	53.456	217	94	3	23	239	129	338	2.43e-74	229	244	347	89	XP_012549333.1 sulfotransferase 1C3 isoform X2 [Bombyx mori]
TRINITY_DN260_c1_g1_i17.p1	XP_062524698.1	53.456	217	94	3	23	239	190	399	6.01e-74	230	244	408	89	XP_062524698.1 sulfotransferase 1C3 isoform X1 [Bombyx mori]
TRINITY_DN260_c1_g1_i17.p1	XP_062524699.1	51.376	218	99	3	23	239	129	340	1.79e-73	227	244	343	89	XP_062524699.1 sulfotransferase 1B1 isoform X2 [Bombyx mori]
TRINITY_DN260_c1_g1_i17.p1	XP_004930150.3	51.376	218	99	3	23	239	130	341	1.99e-73	227	244	344	89	XP_004930150.3 sulfotransferase 1B1 isoform X1 [Bombyx mori]
TRINITY_DN260_c1_g1_i17.p1	XP_062529458.1	49.485	194	89	2	47	239	137	322	4.06e-59	190	244	326	79	XP_062529458.1 sulfotransferase 1 family member D1 [Bombyx mori]
TRINITY_DN260_c1_g1_i17.p1	XP_037872721.1	49.485	194	89	2	47	239	137	322	4.06e-59	190	244	326	79	XP_037872721.1 sulfotransferase 1 family member D1 [Bombyx mori]
TRINITY_DN260_c1_g1_i17.p1	XP_021207837.1	49.485	194	89	2	47	239	137	322	4.06e-59	190	244	326	79	XP_021207837.1 sulfotransferase 1 family member D1 [Bombyx mori]
TRINITY_DN260_c1_g1_i17.p1	XP_004932587.1	49.485	194	89	2	47	239	137	322	4.06e-59	190	244	326	79	XP_004932587.1 sulfotransferase 1 family member D1 [Bombyx mori]
TRINITY_DN260_c1_g1_i17.p1	XP_062529457.1	47.668	193	94	1	47	239	137	322	7.62e-58	186	244	326	79	XP_062529457.1 sulfotransferase 1 family member D1 [Bombyx mori]
TRINITY_DN260_c1_g1_i17.p1	XP_062529456.1	47.668	193	94	1	47	239	137	322	7.62e-58	186	244	326	79	XP_062529456.1 sulfotransferase 1 family member D1 [Bombyx mori]
TRINITY_DN260_c1_g1_i17.p1	XP_062529455.1	47.668	193	94	1	47	239	137	322	7.62e-58	186	244	326	79	XP_062529455.1 sulfotransferase 1 family member D1 [Bombyx mori]
TRINITY_DN260_c1_g1_i17.p1	XP_062529454.1	47.668	193	94	1	47	239	137	322	7.62e-58	186	244	326	79	XP_062529454.1 sulfotransferase 1 family member D1 [Bombyx mori]
TRINITY_DN260_c1_g1_i17.p1	XP_037872720.1	47.668	193	94	1	47	239	137	322	7.62e-58	186	244	326	79	XP_037872720.1 sulfotransferase 1 family member D1 [Bombyx mori]
TRINITY_DN260_c1_g1_i17.p1	NP_001040491.1	47.668	193	94	1	47	239	137	322	5.42e-57	184	244	326	79	NP_001040491.1 estrogen sulfotransferase [Bombyx mori]
TRINITY_DN260_c1_g1_i17.p1	NP_001037002.1	48.731	197	97	1	47	243	91	283	3.77e-51	169	244	302	81	NP_001037002.1 sulfotransferase [Bombyx mori]
TRINITY_DN260_c1_g1_i17.p1	XP_012551200.1	48.731	197	97	1	47	243	105	297	5.23e-51	168	244	303	81	XP_012551200.1 sulfotransferase isoform X3 [Bombyx mori]
TRINITY_DN260_c1_g1_i17.p1	XP_062529182.1	48.731	197	97	1	47	243	122	314	9.98e-51	168	244	320	81	XP_062529182.1 sulfotransferase isoform X2 [Bombyx mori]
TRINITY_DN260_c1_g1_i17.p1	XP_012551199.2	48.731	197	97	1	47	243	151	343	2.04e-50	168	244	349	81	XP_012551199.2 sulfotransferase isoform X1 [Bombyx mori]
TRINITY_DN260_c1_g1_i17.p1	XP_004933069.3	34.545	220	132	4	29	238	113	330	2.33e-43	149	244	331	86	XP_004933069.3 luciferin sulfotransferase [Bombyx mori]
TRINITY_DN260_c1_g1_i20.p1	XP_004930400.2	57.632	321	127	3	8	327	32	344	4.22e-121	352	329	346	97	XP_004930400.2 sulfotransferase 1C4 isoform X1 [Bombyx mori]
TRINITY_DN260_c1_g1_i20.p1	XP_062526412.1	58.983	295	112	3	34	327	1	287	5.25e-111	324	329	289	89	XP_062526412.1 luciferin sulfotransferase isoform X2 [Bombyx mori]
TRINITY_DN260_c1_g1_i20.p1	XP_012549333.1	49.684	316	149	5	9	324	33	338	1.93e-103	307	329	347	96	XP_012549333.1 sulfotransferase 1C3 isoform X2 [Bombyx mori]
TRINITY_DN260_c1_g1_i20.p1	XP_004930150.3	47.531	324	160	5	2	324	27	341	7.87e-103	305	329	344	98	XP_004930150.3 sulfotransferase 1B1 isoform X1 [Bombyx mori]
TRINITY_DN260_c1_g1_i20.p1	XP_062524699.1	47.634	317	157	4	9	324	32	340	1.65e-102	305	329	343	96	XP_062524699.1 sulfotransferase 1B1 isoform X2 [Bombyx mori]
TRINITY_DN260_c1_g1_i20.p1	XP_062526415.1	57.554	278	109	3	51	327	6	275	2.99e-100	296	329	277	84	XP_062526415.1 luciferin sulfotransferase isoform X3 [Bombyx mori]
TRINITY_DN260_c1_g1_i20.p1	XP_062526413.1	57.554	278	109	3	51	327	6	275	2.99e-100	296	329	277	84	XP_062526413.1 luciferin sulfotransferase isoform X3 [Bombyx mori]
TRINITY_DN260_c1_g1_i20.p1	XP_021206280.1	50.859	291	133	5	34	324	1	281	1.01e-95	285	329	290	88	XP_021206280.1 luciferin sulfotransferase isoform X3 [Bombyx mori]
TRINITY_DN260_c1_g1_i20.p1	XP_062524698.1	49.655	290	134	6	35	324	122	399	5.73e-88	270	329	408	88	XP_062524698.1 sulfotransferase 1C3 isoform X1 [Bombyx mori]
TRINITY_DN260_c1_g1_i20.p1	XP_062529458.1	43.354	316	154	4	10	324	31	322	3.25e-84	257	329	326	96	XP_062529458.1 sulfotransferase 1 family member D1 [Bombyx mori]
TRINITY_DN260_c1_g1_i20.p1	XP_037872721.1	43.354	316	154	4	10	324	31	322	3.25e-84	257	329	326	96	XP_037872721.1 sulfotransferase 1 family member D1 [Bombyx mori]
TRINITY_DN260_c1_g1_i20.p1	XP_021207837.1	43.354	316	154	4	10	324	31	322	3.25e-84	257	329	326	96	XP_021207837.1 sulfotransferase 1 family member D1 [Bombyx mori]
TRINITY_DN260_c1_g1_i20.p1	XP_004932587.1	43.354	316	154	4	10	324	31	322	3.25e-84	257	329	326	96	XP_004932587.1 sulfotransferase 1 family member D1 [Bombyx mori]
TRINITY_DN260_c1_g1_i20.p1	XP_062529457.1	42.320	319	153	4	10	324	31	322	5.69e-83	254	329	326	96	XP_062529457.1 sulfotransferase 1 family member D1 [Bombyx mori]
TRINITY_DN260_c1_g1_i20.p1	XP_062529456.1	42.320	319	153	4	10	324	31	322	5.69e-83	254	329	326	96	XP_062529456.1 sulfotransferase 1 family member D1 [Bombyx mori]
TRINITY_DN260_c1_g1_i20.p1	XP_062529455.1	42.320	319	153	4	10	324	31	322	5.69e-83	254	329	326	96	XP_062529455.1 sulfotransferase 1 family member D1 [Bombyx mori]
TRINITY_DN260_c1_g1_i20.p1	XP_062529454.1	42.320	319	153	4	10	324	31	322	5.69e-83	254	329	326	96	XP_062529454.1 sulfotransferase 1 family member D1 [Bombyx mori]
TRINITY_DN260_c1_g1_i20.p1	XP_037872720.1	42.320	319	153	4	10	324	31	322	5.69e-83	254	329	326	96	XP_037872720.1 sulfotransferase 1 family member D1 [Bombyx mori]
TRINITY_DN260_c1_g1_i20.p1	NP_001040491.1	43.038	316	155	4	10	324	31	322	2.60e-82	253	329	326	96	NP_001040491.1 estrogen sulfotransferase [Bombyx mori]
TRINITY_DN260_c1_g1_i20.p1	XP_062529182.1	43.385	325	160	4	10	328	8	314	1.28e-78	243	329	320	97	XP_062529182.1 sulfotransferase isoform X2 [Bombyx mori]
TRINITY_DN260_c1_g1_i20.p1	XP_012551199.2	43.385	325	160	4	10	328	37	343	4.21e-78	243	329	349	97	XP_012551199.2 sulfotransferase isoform X1 [Bombyx mori]
TRINITY_DN260_c1_g1_i20.p1	XP_012551200.1	44.051	311	150	4	24	328	5	297	7.65e-75	233	329	303	93	XP_012551200.1 sulfotransferase isoform X3 [Bombyx mori]
TRINITY_DN260_c1_g1_i20.p1	NP_001037002.1	43.854	301	145	4	34	328	1	283	5.40e-71	223	329	302	90	NP_001037002.1 sulfotransferase [Bombyx mori]
TRINITY_DN260_c1_g1_i20.p1	XP_004933069.3	31.579	323	188	6	11	323	31	330	1.33e-57	189	329	331	95	XP_004933069.3 luciferin sulfotransferase [Bombyx mori]
TRINITY_DN260_c1_g1_i8.p1	XP_004930400.2	57.321	321	128	3	8	327	32	344	6.52e-120	349	329	346	97	XP_004930400.2 sulfotransferase 1C4 isoform X1 [Bombyx mori]
TRINITY_DN260_c1_g1_i8.p1	XP_062526412.1	58.644	295	113	3	34	327	1	287	5.85e-110	322	329	289	89	XP_062526412.1 luciferin sulfotransferase isoform X2 [Bombyx mori]
TRINITY_DN260_c1_g1_i8.p1	XP_012549333.1	49.367	316	150	5	9	324	33	338	4.06e-102	304	329	347	96	XP_012549333.1 sulfotransferase 1C3 isoform X2 [Bombyx mori]
TRINITY_DN260_c1_g1_i8.p1	XP_004930150.3	47.531	324	160	5	2	324	27	341	1.14e-101	302	329	344	98	XP_004930150.3 sulfotransferase 1B1 isoform X1 [Bombyx mori]
TRINITY_DN260_c1_g1_i8.p1	XP_062524699.1	47.634	317	157	4	9	324	32	340	1.83e-101	302	329	343	96	XP_062524699.1 sulfotransferase 1B1 isoform X2 [Bombyx mori]
TRINITY_DN260_c1_g1_i8.p1	XP_062526415.1	57.194	278	110	3	51	327	6	275	2.67e-99	294	329	277	84	XP_062526415.1 luciferin sulfotransferase isoform X3 [Bombyx mori]
TRINITY_DN260_c1_g1_i8.p1	XP_062526413.1	57.194	278	110	3	51	327	6	275	2.67e-99	294	329	277	84	XP_062526413.1 luciferin sulfotransferase isoform X3 [Bombyx mori]
TRINITY_DN260_c1_g1_i8.p1	XP_021206280.1	50.515	291	134	5	34	324	1	281	2.62e-94	282	329	290	88	XP_021206280.1 luciferin sulfotransferase isoform X3 [Bombyx mori]
TRINITY_DN260_c1_g1_i8.p1	XP_062524698.1	49.310	290	135	6	35	324	122	399	1.06e-86	266	329	408	88	XP_062524698.1 sulfotransferase 1C3 isoform X1 [Bombyx mori]
TRINITY_DN260_c1_g1_i8.p1	XP_062529458.1	43.671	316	153	4	10	324	31	322	2.43e-84	258	329	326	96	XP_062529458.1 sulfotransferase 1 family member D1 [Bombyx mori]
TRINITY_DN260_c1_g1_i8.p1	XP_037872721.1	43.671	316	153	4	10	324	31	322	2.43e-84	258	329	326	96	XP_037872721.1 sulfotransferase 1 family member D1 [Bombyx mori]
TRINITY_DN260_c1_g1_i8.p1	XP_021207837.1	43.671	316	153	4	10	324	31	322	2.43e-84	258	329	326	96	XP_021207837.1 sulfotransferase 1 family member D1 [Bombyx mori]
TRINITY_DN260_c1_g1_i8.p1	XP_004932587.1	43.671	316	153	4	10	324	31	322	2.43e-84	258	329	326	96	XP_004932587.1 sulfotransferase 1 family member D1 [Bombyx mori]
TRINITY_DN260_c1_g1_i8.p1	XP_062529457.1	42.633	319	152	4	10	324	31	322	3.38e-83	254	329	326	96	XP_062529457.1 sulfotransferase 1 family member D1 [Bombyx mori]
TRINITY_DN260_c1_g1_i8.p1	XP_062529456.1	42.633	319	152	4	10	324	31	322	3.38e-83	254	329	326	96	XP_062529456.1 sulfotransferase 1 family member D1 [Bombyx mori]
TRINITY_DN260_c1_g1_i8.p1	XP_062529455.1	42.633	319	152	4	10	324	31	322	3.38e-83	254	329	326	96	XP_062529455.1 sulfotransferase 1 family member D1 [Bombyx mori]
TRINITY_DN260_c1_g1_i8.p1	XP_062529454.1	42.633	319	152	4	10	324	31	322	3.38e-83	254	329	326	96	XP_062529454.1 sulfotransferase 1 family member D1 [Bombyx mori]
TRINITY_DN260_c1_g1_i8.p1	XP_037872720.1	42.633	319	152	4	10	324	31	322	3.38e-83	254	329	326	96	XP_037872720.1 sulfotransferase 1 family member D1 [Bombyx mori]
TRINITY_DN260_c1_g1_i8.p1	NP_001040491.1	43.038	316	155	4	10	324	31	322	3.16e-82	252	329	326	96	NP_001040491.1 estrogen sulfotransferase [Bombyx mori]
TRINITY_DN260_c1_g1_i8.p1	XP_062529182.1	43.385	325	160	4	10	328	8	314	9.20e-78	241	329	320	97	XP_062529182.1 sulfotransferase isoform X2 [Bombyx mori]
TRINITY_DN260_c1_g1_i8.p1	XP_012551199.2	43.385	325	160	4	10	328	37	343	2.09e-77	241	329	349	97	XP_012551199.2 sulfotransferase isoform X1 [Bombyx mori]
TRINITY_DN260_c1_g1_i8.p1	XP_012551200.1	44.051	311	150	4	24	328	5	297	5.31e-74	230	329	303	93	XP_012551200.1 sulfotransferase isoform X3 [Bombyx mori]
TRINITY_DN260_c1_g1_i8.p1	NP_001037002.1	43.854	301	145	4	34	328	1	283	2.76e-70	221	329	302	90	NP_001037002.1 sulfotransferase [Bombyx mori]
TRINITY_DN260_c1_g1_i8.p1	XP_004933069.3	31.579	323	188	6	11	323	31	330	2.37e-57	188	329	331	95	XP_004933069.3 luciferin sulfotransferase [Bombyx mori]
TRINITY_DN260_c1_g1_i9.p1	XP_062526415.1	58.850	226	90	2	18	242	52	275	2.41e-81	245	244	277	92	XP_062526415.1 luciferin sulfotransferase isoform X3 [Bombyx mori]
TRINITY_DN260_c1_g1_i9.p1	XP_062526413.1	58.850	226	90	2	18	242	52	275	2.41e-81	245	244	277	92	XP_062526413.1 luciferin sulfotransferase isoform X3 [Bombyx mori]
TRINITY_DN260_c1_g1_i9.p1	XP_062526412.1	58.850	226	90	2	18	242	64	287	5.26e-81	244	244	289	92	XP_062526412.1 luciferin sulfotransferase isoform X2 [Bombyx mori]
TRINITY_DN260_c1_g1_i9.p1	XP_004930400.2	58.850	226	90	2	18	242	121	344	2.19e-80	245	244	346	92	XP_004930400.2 sulfotransferase 1C4 isoform X1 [Bombyx mori]
TRINITY_DN260_c1_g1_i9.p1	XP_021206280.1	53.456	217	94	3	23	239	72	281	1.04e-74	228	244	290	89	XP_021206280.1 luciferin sulfotransferase isoform X3 [Bombyx mori]
TRINITY_DN260_c1_g1_i9.p1	XP_012549333.1	53.456	217	94	3	23	239	129	338	6.37e-74	228	244	347	89	XP_012549333.1 sulfotransferase 1C3 isoform X2 [Bombyx mori]
TRINITY_DN260_c1_g1_i9.p1	XP_062524698.1	53.456	217	94	3	23	239	190	399	1.42e-73	229	244	408	89	XP_062524698.1 sulfotransferase 1C3 isoform X1 [Bombyx mori]
TRINITY_DN260_c1_g1_i9.p1	XP_062524699.1	51.835	218	98	3	23	239	129	340	2.29e-73	227	244	343	89	XP_062524699.1 sulfotransferase 1B1 isoform X2 [Bombyx mori]
TRINITY_DN260_c1_g1_i9.p1	XP_004930150.3	51.835	218	98	3	23	239	130	341	2.34e-73	227	244	344	89	XP_004930150.3 sulfotransferase 1B1 isoform X1 [Bombyx mori]
TRINITY_DN260_c1_g1_i9.p1	XP_062529458.1	48.969	194	90	2	47	239	137	322	1.37e-58	188	244	326	79	XP_062529458.1 sulfotransferase 1 family member D1 [Bombyx mori]
TRINITY_DN260_c1_g1_i9.p1	XP_037872721.1	48.969	194	90	2	47	239	137	322	1.37e-58	188	244	326	79	XP_037872721.1 sulfotransferase 1 family member D1 [Bombyx mori]
TRINITY_DN260_c1_g1_i9.p1	XP_021207837.1	48.969	194	90	2	47	239	137	322	1.37e-58	188	244	326	79	XP_021207837.1 sulfotransferase 1 family member D1 [Bombyx mori]
TRINITY_DN260_c1_g1_i9.p1	XP_004932587.1	48.969	194	90	2	47	239	137	322	1.37e-58	188	244	326	79	XP_004932587.1 sulfotransferase 1 family member D1 [Bombyx mori]
TRINITY_DN260_c1_g1_i9.p1	XP_062529457.1	47.150	193	95	1	47	239	137	322	2.21e-57	185	244	326	79	XP_062529457.1 sulfotransferase 1 family member D1 [Bombyx mori]
TRINITY_DN260_c1_g1_i9.p1	XP_062529456.1	47.150	193	95	1	47	239	137	322	2.21e-57	185	244	326	79	XP_062529456.1 sulfotransferase 1 family member D1 [Bombyx mori]
TRINITY_DN260_c1_g1_i9.p1	XP_062529455.1	47.150	193	95	1	47	239	137	322	2.21e-57	185	244	326	79	XP_062529455.1 sulfotransferase 1 family member D1 [Bombyx mori]
TRINITY_DN260_c1_g1_i9.p1	XP_062529454.1	47.150	193	95	1	47	239	137	322	2.21e-57	185	244	326	79	XP_062529454.1 sulfotransferase 1 family member D1 [Bombyx mori]
TRINITY_DN260_c1_g1_i9.p1	XP_037872720.1	47.150	193	95	1	47	239	137	322	2.21e-57	185	244	326	79	XP_037872720.1 sulfotransferase 1 family member D1 [Bombyx mori]
TRINITY_DN260_c1_g1_i9.p1	NP_001040491.1	47.150	193	95	1	47	239	137	322	2.45e-56	182	244	326	79	NP_001040491.1 estrogen sulfotransferase [Bombyx mori]
TRINITY_DN260_c1_g1_i9.p1	NP_001037002.1	47.716	197	99	1	47	243	91	283	3.80e-50	166	244	302	81	NP_001037002.1 sulfotransferase [Bombyx mori]
TRINITY_DN260_c1_g1_i9.p1	XP_012551200.1	47.716	197	99	1	47	243	105	297	4.49e-50	166	244	303	81	XP_012551200.1 sulfotransferase isoform X3 [Bombyx mori]
TRINITY_DN260_c1_g1_i9.p1	XP_062529182.1	47.716	197	99	1	47	243	122	314	9.21e-50	166	244	320	81	XP_062529182.1 sulfotransferase isoform X2 [Bombyx mori]
TRINITY_DN260_c1_g1_i9.p1	XP_012551199.2	47.716	197	99	1	47	243	151	343	2.10e-49	166	244	349	81	XP_012551199.2 sulfotransferase isoform X1 [Bombyx mori]
TRINITY_DN260_c1_g1_i9.p1	XP_004933069.3	33.636	220	134	4	29	238	113	330	2.32e-42	147	244	331	86	XP_004933069.3 luciferin sulfotransferase [Bombyx mori]
TRINITY_DN275_c0_g1_i16.p1	XP_037869304.1	89.493	276	29	0	40	315	35	310	0.0	509	330	319	84	XP_037869304.1 protein-tyrosine sulfotransferase [Bombyx mori]
TRINITY_DN275_c0_g1_i16.p1	XP_037869303.1	89.493	276	29	0	40	315	35	310	0.0	509	330	319	84	XP_037869303.1 protein-tyrosine sulfotransferase [Bombyx mori]
TRINITY_DN275_c0_g1_i16.p1	XP_012552268.1	89.493	276	29	0	40	315	35	310	0.0	509	330	319	84	XP_012552268.1 protein-tyrosine sulfotransferase [Bombyx mori]
TRINITY_DN275_c0_g1_i19.p1	XP_037869304.1	89.493	276	29	0	40	315	35	310	0.0	509	330	319	84	XP_037869304.1 protein-tyrosine sulfotransferase [Bombyx mori]
TRINITY_DN275_c0_g1_i19.p1	XP_037869303.1	89.493	276	29	0	40	315	35	310	0.0	509	330	319	84	XP_037869303.1 protein-tyrosine sulfotransferase [Bombyx mori]
TRINITY_DN275_c0_g1_i19.p1	XP_012552268.1	89.493	276	29	0	40	315	35	310	0.0	509	330	319	84	XP_012552268.1 protein-tyrosine sulfotransferase [Bombyx mori]
TRINITY_DN275_c0_g1_i4.p1	XP_037869304.1	89.493	276	29	0	40	315	35	310	0.0	509	330	319	84	XP_037869304.1 protein-tyrosine sulfotransferase [Bombyx mori]
TRINITY_DN275_c0_g1_i4.p1	XP_037869303.1	89.493	276	29	0	40	315	35	310	0.0	509	330	319	84	XP_037869303.1 protein-tyrosine sulfotransferase [Bombyx mori]
TRINITY_DN275_c0_g1_i4.p1	XP_012552268.1	89.493	276	29	0	40	315	35	310	0.0	509	330	319	84	XP_012552268.1 protein-tyrosine sulfotransferase [Bombyx mori]
TRINITY_DN275_c0_g1_i7.p1	XP_037869304.1	89.493	276	29	0	40	315	35	310	0.0	509	330	319	84	XP_037869304.1 protein-tyrosine sulfotransferase [Bombyx mori]
TRINITY_DN275_c0_g1_i7.p1	XP_037869303.1	89.493	276	29	0	40	315	35	310	0.0	509	330	319	84	XP_037869303.1 protein-tyrosine sulfotransferase [Bombyx mori]
TRINITY_DN275_c0_g1_i7.p1	XP_012552268.1	89.493	276	29	0	40	315	35	310	0.0	509	330	319	84	XP_012552268.1 protein-tyrosine sulfotransferase [Bombyx mori]
TRINITY_DN275_c0_g1_i9.p1	XP_037869304.1	89.493	276	29	0	40	315	35	310	0.0	509	330	319	84	XP_037869304.1 protein-tyrosine sulfotransferase [Bombyx mori]
TRINITY_DN275_c0_g1_i9.p1	XP_037869303.1	89.493	276	29	0	40	315	35	310	0.0	509	330	319	84	XP_037869303.1 protein-tyrosine sulfotransferase [Bombyx mori]
TRINITY_DN275_c0_g1_i9.p1	XP_012552268.1	89.493	276	29	0	40	315	35	310	0.0	509	330	319	84	XP_012552268.1 protein-tyrosine sulfotransferase [Bombyx mori]
TRINITY_DN27959_c0_g1_i2.p1	XP_062527116.1	86.079	431	56	2	1	427	1	431	0.0	772	432	436	99	XP_062527116.1 heparan sulfate 2-O-sulfotransferase pipe [Bombyx mori]
TRINITY_DN27959_c0_g1_i2.p1	XP_004931534.1	86.079	431	56	2	1	427	1	431	0.0	772	432	436	99	XP_004931534.1 heparan sulfate 2-O-sulfotransferase pipe [Bombyx mori]
TRINITY_DN27959_c0_g1_i2.p1	XP_037877739.1	30.175	285	174	10	127	407	56	319	1.43e-26	109	432	339	65	XP_037877739.1 heparin sulfate O-sulfotransferase [Bombyx mori]
TRINITY_DN5927_c0_g1_i12.p1	XP_037867392.1	42.629	251	139	3	1	248	143	391	2.22e-69	219	267	395	93	XP_037867392.1 uncharacterized protein LOC119628608 [Bombyx mori]
TRINITY_DN5927_c0_g1_i12.p1	XP_037868223.1	43.651	252	132	5	1	248	45	290	2.41e-69	216	267	294	93	XP_037868223.1 uncharacterized protein LOC134198667 isoform X2 [Bombyx mori]
TRINITY_DN5927_c0_g1_i12.p1	XP_037870005.1	42.629	251	139	3	1	248	143	391	7.18e-69	218	267	395	93	XP_037870005.1 uncharacterized protein LOC119629145 [Bombyx mori]
TRINITY_DN5927_c0_g1_i12.p1	XP_037868939.1	42.629	251	139	3	1	248	143	391	7.18e-69	218	267	395	93	XP_037868939.1 uncharacterized protein LOC119628911 [Bombyx mori]
TRINITY_DN5927_c0_g1_i12.p1	XP_062531761.1	42.629	251	139	3	1	248	143	391	1.05e-68	218	267	395	93	XP_062531761.1 uncharacterized protein LOC134201269 [Bombyx mori]
TRINITY_DN5927_c0_g1_i12.p1	XP_062527038.1	42.629	251	139	3	1	248	143	391	1.05e-68	218	267	395	93	XP_062527038.1 uncharacterized protein LOC134199656 [Bombyx mori]
TRINITY_DN5927_c0_g1_i12.p1	XP_037876474.1	42.629	251	139	3	1	248	143	391	1.05e-68	218	267	395	93	XP_037876474.1 uncharacterized protein LOC119630620 [Bombyx mori]
TRINITY_DN5927_c0_g1_i12.p1	XP_037868218.1	43.651	252	132	5	1	248	136	381	3.35e-68	216	267	385	93	XP_037868218.1 uncharacterized protein LOC134198667 isoform X1 [Bombyx mori]
TRINITY_DN5927_c0_g1_i12.p1	XP_012546308.1	47.867	211	106	2	1	208	141	350	1.67e-64	205	267	354	78	XP_012546308.1 uncharacterized protein LOC105841711 [Bombyx mori]
TRINITY_DN5927_c0_g1_i12.p1	XP_037869966.2	45.304	181	97	1	1	179	143	323	3.43e-55	181	267	333	67	XP_037869966.2 uncharacterized protein LOC119629131 [Bombyx mori]
TRINITY_DN5927_c0_g1_i12.p1	XP_037871092.1	36.940	268	136	3	1	248	151	405	1.60e-51	173	267	410	93	XP_037871092.1 putative nuclease HARBI1 [Bombyx mori]
TRINITY_DN5927_c0_g1_i12.p1	XP_062529566.1	37.056	197	120	2	1	195	6	200	2.29e-39	139	267	300	73	XP_062529566.1 uncharacterized protein LOC101740013 [Bombyx mori]
TRINITY_DN5927_c0_g1_i12.p1	XP_062529565.1	37.056	197	120	2	1	195	6	200	2.29e-39	139	267	300	73	XP_062529565.1 uncharacterized protein LOC101740013 [Bombyx mori]
TRINITY_DN5927_c0_g1_i12.p1	XP_012547514.2	37.056	197	120	2	1	195	6	200	2.29e-39	139	267	300	73	XP_012547514.2 uncharacterized protein LOC101740013 [Bombyx mori]
TRINITY_DN5927_c0_g1_i12.p1	XP_012546752.1	43.511	131	70	3	1	128	106	235	2.91e-30	114	267	243	48	XP_012546752.1 uncharacterized protein LOC101740007 [Bombyx mori]
TRINITY_DN5927_c0_g1_i12.p1	XP_012552527.2	30.638	235	139	6	16	242	146	364	2.09e-22	95.1	267	365	85	XP_012552527.2 putative nuclease HARBI1 [Bombyx mori]
TRINITY_DN5927_c0_g1_i12.p1	XP_037876528.1	30.213	235	140	5	16	242	146	364	4.90e-22	94.4	267	365	85	XP_037876528.1 putative nuclease HARBI1 [Bombyx mori]
TRINITY_DN5927_c0_g1_i12.p1	XP_062531846.1	29.787	235	141	5	16	242	146	364	5.23e-21	91.3	267	365	85	XP_062531846.1 putative nuclease HARBI1 [Bombyx mori]
TRINITY_DN5927_c0_g1_i12.p1	XP_037876439.1	29.787	235	141	5	16	242	146	364	5.23e-21	91.3	267	365	85	XP_037876439.1 putative nuclease HARBI1 [Bombyx mori]
TRINITY_DN5927_c0_g1_i12.p1	XP_037872680.1	29.787	235	141	5	16	242	146	364	5.23e-21	91.3	267	365	85	XP_037872680.1 putative nuclease HARBI1 [Bombyx mori]
TRINITY_DN5927_c0_g1_i12.p1	XP_037875445.1	50.704	71	35	0	1	71	139	209	7.63e-21	88.6	267	226	27	XP_037875445.1 uncharacterized protein LOC110386017 isoform X3 [Bombyx mori]
TRINITY_DN5927_c0_g1_i12.p1	XP_037875038.1	29.362	235	142	5	16	242	146	364	4.95e-20	88.6	267	365	85	XP_037875038.1 putative nuclease HARBI1 [Bombyx mori]
TRINITY_DN5927_c0_g1_i12.p1	XP_062531763.1	27.468	233	141	6	16	242	45	255	5.45e-19	84.0	267	255	85	XP_062531763.1 putative nuclease HARBI1 isoform X3 [Bombyx mori]
TRINITY_DN5927_c0_g1_i12.p1	XP_062531762.1	31.694	183	101	4	16	193	139	302	1.89e-18	84.0	267	349	67	XP_062531762.1 putative nuclease HARBI1 isoform X2 [Bombyx mori]
TRINITY_DN5927_c0_g1_i12.p1	XP_037875928.2	31.694	183	101	4	16	193	139	302	3.99e-18	83.2	267	380	67	XP_037875928.2 putative nuclease HARBI1 isoform X1 [Bombyx mori]
TRINITY_DN5927_c0_g1_i15.p1	XP_012550153.2	24.111	253	162	8	1	235	4	244	3.05e-09	57.0	278	312	85	XP_012550153.2 uncharacterized protein LOC105842338 [Bombyx mori]
TRINITY_DN5927_c0_g1_i15.p1	XP_004926405.1	24.786	234	130	6	3	233	13	203	3.33e-08	53.1	278	222	83	XP_004926405.1 transcription factor Adf-1 [Bombyx mori]
TRINITY_DN5927_c0_g1_i15.p1	XP_062532448.1	25.688	218	136	6	5	221	146	338	7.08e-08	53.1	278	346	78	XP_062532448.1 uncharacterized protein LOC134201530 [Bombyx mori]
TRINITY_DN5927_c0_g1_i15.p1	XP_062532448.1	33.333	87	47	2	5	91	16	91	4.81e-06	47.8	278	346	78	XP_062532448.1 uncharacterized protein LOC134201530 [Bombyx mori]
TRINITY_DN5927_c0_g1_i15.p1	XP_004930346.3	27.391	230	120	7	3	219	28	223	8.69e-07	49.7	278	291	78	XP_004930346.3 uncharacterized protein LOC101738540 [Bombyx mori]
TRINITY_DN5927_c0_g1_i15.p1	XP_037867396.1	31.852	135	72	5	1	121	17	145	3.17e-06	47.0	278	173	44	XP_037867396.1 uncharacterized protein LOC119628609 [Bombyx mori]
TRINITY_DN5927_c0_g1_i15.p1	XP_037868940.1	32.800	125	67	4	1	111	17	138	4.10e-06	47.8	278	336	40	XP_037868940.1 uncharacterized protein LOC119628912 [Bombyx mori]
TRINITY_DN5927_c0_g1_i15.p1	XP_062531804.1	32.800	125	67	4	1	111	17	138	4.49e-06	47.8	278	336	40	XP_062531804.1 uncharacterized protein LOC134201303 [Bombyx mori]
TRINITY_DN5927_c0_g1_i15.p1	XP_062526899.1	32.800	125	67	4	1	111	17	138	4.49e-06	47.8	278	336	40	XP_062526899.1 uncharacterized protein LOC134199628 [Bombyx mori]
TRINITY_DN5927_c0_g1_i15.p1	XP_037876480.1	32.800	125	67	4	1	111	17	138	4.49e-06	47.8	278	336	40	XP_037876480.1 uncharacterized protein LOC119630624 [Bombyx mori]
TRINITY_DN5927_c0_g1_i15.p1	XP_037870006.2	32.800	125	67	4	1	111	17	138	4.49e-06	47.8	278	336	40	XP_037870006.2 uncharacterized protein LOC119629146 [Bombyx mori]
TRINITY_DN5927_c0_g1_i15.p1	XP_037869968.1	32.800	125	67	4	1	111	17	138	4.49e-06	47.8	278	336	40	XP_037869968.1 uncharacterized protein LOC119629132 [Bombyx mori]
TRINITY_DN5927_c0_g1_i15.p1	XP_021206723.2	30.476	105	69	3	1	105	1	101	6.03e-05	43.9	278	278	38	XP_021206723.2 uncharacterized protein LOC101741829 [Bombyx mori]
TRINITY_DN5927_c0_g1_i15.p1	XP_004925760.2	25.694	144	90	4	2	133	9	147	2.26e-04	42.4	278	254	47	XP_004925760.2 uncharacterized protein LOC101739359 [Bombyx mori]
TRINITY_DN5927_c0_g1_i18.p1	XP_037867392.1	42.629	251	139	3	1	248	143	391	2.22e-69	219	267	395	93	XP_037867392.1 uncharacterized protein LOC119628608 [Bombyx mori]
TRINITY_DN5927_c0_g1_i18.p1	XP_037868223.1	43.651	252	132	5	1	248	45	290	2.41e-69	216	267	294	93	XP_037868223.1 uncharacterized protein LOC134198667 isoform X2 [Bombyx mori]
TRINITY_DN5927_c0_g1_i18.p1	XP_037870005.1	42.629	251	139	3	1	248	143	391	7.18e-69	218	267	395	93	XP_037870005.1 uncharacterized protein LOC119629145 [Bombyx mori]
TRINITY_DN5927_c0_g1_i18.p1	XP_037868939.1	42.629	251	139	3	1	248	143	391	7.18e-69	218	267	395	93	XP_037868939.1 uncharacterized protein LOC119628911 [Bombyx mori]
TRINITY_DN5927_c0_g1_i18.p1	XP_062531761.1	42.629	251	139	3	1	248	143	391	1.05e-68	218	267	395	93	XP_062531761.1 uncharacterized protein LOC134201269 [Bombyx mori]
TRINITY_DN5927_c0_g1_i18.p1	XP_062527038.1	42.629	251	139	3	1	248	143	391	1.05e-68	218	267	395	93	XP_062527038.1 uncharacterized protein LOC134199656 [Bombyx mori]
TRINITY_DN5927_c0_g1_i18.p1	XP_037876474.1	42.629	251	139	3	1	248	143	391	1.05e-68	218	267	395	93	XP_037876474.1 uncharacterized protein LOC119630620 [Bombyx mori]
TRINITY_DN5927_c0_g1_i18.p1	XP_037868218.1	43.651	252	132	5	1	248	136	381	3.35e-68	216	267	385	93	XP_037868218.1 uncharacterized protein LOC134198667 isoform X1 [Bombyx mori]
TRINITY_DN5927_c0_g1_i18.p1	XP_012546308.1	47.867	211	106	2	1	208	141	350	1.67e-64	205	267	354	78	XP_012546308.1 uncharacterized protein LOC105841711 [Bombyx mori]
TRINITY_DN5927_c0_g1_i18.p1	XP_037869966.2	45.304	181	97	1	1	179	143	323	3.43e-55	181	267	333	67	XP_037869966.2 uncharacterized protein LOC119629131 [Bombyx mori]
TRINITY_DN5927_c0_g1_i18.p1	XP_037871092.1	36.940	268	136	3	1	248	151	405	1.60e-51	173	267	410	93	XP_037871092.1 putative nuclease HARBI1 [Bombyx mori]
TRINITY_DN5927_c0_g1_i18.p1	XP_062529566.1	37.056	197	120	2	1	195	6	200	2.29e-39	139	267	300	73	XP_062529566.1 uncharacterized protein LOC101740013 [Bombyx mori]
TRINITY_DN5927_c0_g1_i18.p1	XP_062529565.1	37.056	197	120	2	1	195	6	200	2.29e-39	139	267	300	73	XP_062529565.1 uncharacterized protein LOC101740013 [Bombyx mori]
TRINITY_DN5927_c0_g1_i18.p1	XP_012547514.2	37.056	197	120	2	1	195	6	200	2.29e-39	139	267	300	73	XP_012547514.2 uncharacterized protein LOC101740013 [Bombyx mori]
TRINITY_DN5927_c0_g1_i18.p1	XP_012546752.1	43.511	131	70	3	1	128	106	235	2.91e-30	114	267	243	48	XP_012546752.1 uncharacterized protein LOC101740007 [Bombyx mori]
TRINITY_DN5927_c0_g1_i18.p1	XP_012552527.2	30.638	235	139	6	16	242	146	364	2.09e-22	95.1	267	365	85	XP_012552527.2 putative nuclease HARBI1 [Bombyx mori]
TRINITY_DN5927_c0_g1_i18.p1	XP_037876528.1	30.213	235	140	5	16	242	146	364	4.90e-22	94.4	267	365	85	XP_037876528.1 putative nuclease HARBI1 [Bombyx mori]
TRINITY_DN5927_c0_g1_i18.p1	XP_062531846.1	29.787	235	141	5	16	242	146	364	5.23e-21	91.3	267	365	85	XP_062531846.1 putative nuclease HARBI1 [Bombyx mori]
TRINITY_DN5927_c0_g1_i18.p1	XP_037876439.1	29.787	235	141	5	16	242	146	364	5.23e-21	91.3	267	365	85	XP_037876439.1 putative nuclease HARBI1 [Bombyx mori]
TRINITY_DN5927_c0_g1_i18.p1	XP_037872680.1	29.787	235	141	5	16	242	146	364	5.23e-21	91.3	267	365	85	XP_037872680.1 putative nuclease HARBI1 [Bombyx mori]
TRINITY_DN5927_c0_g1_i18.p1	XP_037875445.1	50.704	71	35	0	1	71	139	209	7.63e-21	88.6	267	226	27	XP_037875445.1 uncharacterized protein LOC110386017 isoform X3 [Bombyx mori]
TRINITY_DN5927_c0_g1_i18.p1	XP_037875038.1	29.362	235	142	5	16	242	146	364	4.95e-20	88.6	267	365	85	XP_037875038.1 putative nuclease HARBI1 [Bombyx mori]
TRINITY_DN5927_c0_g1_i18.p1	XP_062531763.1	27.468	233	141	6	16	242	45	255	5.45e-19	84.0	267	255	85	XP_062531763.1 putative nuclease HARBI1 isoform X3 [Bombyx mori]
TRINITY_DN5927_c0_g1_i18.p1	XP_062531762.1	31.694	183	101	4	16	193	139	302	1.89e-18	84.0	267	349	67	XP_062531762.1 putative nuclease HARBI1 isoform X2 [Bombyx mori]
TRINITY_DN5927_c0_g1_i18.p1	XP_037875928.2	31.694	183	101	4	16	193	139	302	3.99e-18	83.2	267	380	67	XP_037875928.2 putative nuclease HARBI1 isoform X1 [Bombyx mori]
TRINITY_DN5927_c0_g1_i2.p1	XP_021206280.1	61.321	106	41	0	1	106	95	200	1.82e-41	138	107	290	99	XP_021206280.1 luciferin sulfotransferase isoform X3 [Bombyx mori]
TRINITY_DN5927_c0_g1_i2.p1	XP_012549333.1	61.321	106	41	0	1	106	152	257	6.07e-41	138	107	347	99	XP_012549333.1 sulfotransferase 1C3 isoform X2 [Bombyx mori]
TRINITY_DN5927_c0_g1_i2.p1	XP_062524698.1	61.321	106	41	0	1	106	213	318	1.37e-40	138	107	408	99	XP_062524698.1 sulfotransferase 1C3 isoform X1 [Bombyx mori]
TRINITY_DN5927_c0_g1_i2.p1	XP_004930150.3	56.604	106	46	0	1	106	153	258	2.87e-39	134	107	344	99	XP_004930150.3 sulfotransferase 1B1 isoform X1 [Bombyx mori]
TRINITY_DN5927_c0_g1_i2.p1	XP_062524699.1	56.604	106	46	0	1	106	152	257	2.97e-39	133	107	343	99	XP_062524699.1 sulfotransferase 1B1 isoform X2 [Bombyx mori]
TRINITY_DN5927_c0_g1_i2.p1	XP_062529458.1	54.206	107	49	0	1	107	142	248	2.51e-36	125	107	326	100	XP_062529458.1 sulfotransferase 1 family member D1 [Bombyx mori]
TRINITY_DN5927_c0_g1_i2.p1	XP_037872721.1	54.206	107	49	0	1	107	142	248	2.51e-36	125	107	326	100	XP_037872721.1 sulfotransferase 1 family member D1 [Bombyx mori]
TRINITY_DN5927_c0_g1_i2.p1	XP_021207837.1	54.206	107	49	0	1	107	142	248	2.51e-36	125	107	326	100	XP_021207837.1 sulfotransferase 1 family member D1 [Bombyx mori]
TRINITY_DN5927_c0_g1_i2.p1	XP_004932587.1	54.206	107	49	0	1	107	142	248	2.51e-36	125	107	326	100	XP_004932587.1 sulfotransferase 1 family member D1 [Bombyx mori]
TRINITY_DN5927_c0_g1_i2.p1	XP_062526415.1	65.094	106	37	0	1	106	84	189	5.83e-36	123	107	277	99	XP_062526415.1 luciferin sulfotransferase isoform X3 [Bombyx mori]
TRINITY_DN5927_c0_g1_i2.p1	XP_062526413.1	65.094	106	37	0	1	106	84	189	5.83e-36	123	107	277	99	XP_062526413.1 luciferin sulfotransferase isoform X3 [Bombyx mori]
TRINITY_DN5927_c0_g1_i2.p1	XP_062529457.1	54.206	107	49	0	1	107	142	248	8.01e-36	124	107	326	100	XP_062529457.1 sulfotransferase 1 family member D1 [Bombyx mori]
TRINITY_DN5927_c0_g1_i2.p1	XP_062529456.1	54.206	107	49	0	1	107	142	248	8.01e-36	124	107	326	100	XP_062529456.1 sulfotransferase 1 family member D1 [Bombyx mori]
TRINITY_DN5927_c0_g1_i2.p1	XP_062529455.1	54.206	107	49	0	1	107	142	248	8.01e-36	124	107	326	100	XP_062529455.1 sulfotransferase 1 family member D1 [Bombyx mori]
TRINITY_DN5927_c0_g1_i2.p1	XP_062529454.1	54.206	107	49	0	1	107	142	248	8.01e-36	124	107	326	100	XP_062529454.1 sulfotransferase 1 family member D1 [Bombyx mori]
TRINITY_DN5927_c0_g1_i2.p1	XP_037872720.1	54.206	107	49	0	1	107	142	248	8.01e-36	124	107	326	100	XP_037872720.1 sulfotransferase 1 family member D1 [Bombyx mori]
TRINITY_DN5927_c0_g1_i2.p1	NP_001040491.1	53.271	107	50	0	1	107	142	248	9.20e-36	124	107	326	100	NP_001040491.1 estrogen sulfotransferase [Bombyx mori]
TRINITY_DN5927_c0_g1_i2.p1	XP_062526412.1	65.094	106	37	0	1	106	96	201	9.33e-36	123	107	289	99	XP_062526412.1 luciferin sulfotransferase isoform X2 [Bombyx mori]
TRINITY_DN5927_c0_g1_i2.p1	XP_004930400.2	65.094	106	37	0	1	106	153	258	2.65e-35	123	107	346	99	XP_004930400.2 sulfotransferase 1C4 isoform X1 [Bombyx mori]
TRINITY_DN5927_c0_g1_i2.p1	NP_001037002.1	55.140	107	48	0	1	107	96	202	1.10e-26	100	107	302	100	NP_001037002.1 sulfotransferase [Bombyx mori]
TRINITY_DN5927_c0_g1_i2.p1	XP_012551200.1	55.140	107	48	0	1	107	110	216	1.10e-26	100	107	303	100	XP_012551200.1 sulfotransferase isoform X3 [Bombyx mori]
TRINITY_DN5927_c0_g1_i2.p1	XP_062529182.1	55.140	107	48	0	1	107	127	233	1.79e-26	99.8	107	320	100	XP_062529182.1 sulfotransferase isoform X2 [Bombyx mori]
TRINITY_DN5927_c0_g1_i2.p1	XP_012551199.2	55.140	107	48	0	1	107	156	262	2.44e-26	100	107	349	100	XP_012551199.2 sulfotransferase isoform X1 [Bombyx mori]
TRINITY_DN5927_c0_g1_i2.p1	XP_004933069.3	38.393	112	62	2	1	107	136	245	9.60e-22	87.4	107	331	100	XP_004933069.3 luciferin sulfotransferase [Bombyx mori]
TRINITY_DN5927_c0_g1_i23.p1	XP_037867392.1	44.110	365	199	3	36	397	29	391	7.95e-109	326	416	395	87	XP_037867392.1 uncharacterized protein LOC119628608 [Bombyx mori]
TRINITY_DN5927_c0_g1_i23.p1	XP_037870005.1	44.110	365	199	3	36	397	29	391	3.05e-108	324	416	395	87	XP_037870005.1 uncharacterized protein LOC119629145 [Bombyx mori]
TRINITY_DN5927_c0_g1_i23.p1	XP_037868939.1	44.110	365	199	3	36	397	29	391	3.05e-108	324	416	395	87	XP_037868939.1 uncharacterized protein LOC119628911 [Bombyx mori]
TRINITY_DN5927_c0_g1_i23.p1	XP_062531761.1	43.836	365	200	3	36	397	29	391	1.66e-107	323	416	395	87	XP_062531761.1 uncharacterized protein LOC134201269 [Bombyx mori]
TRINITY_DN5927_c0_g1_i23.p1	XP_062527038.1	43.836	365	200	3	36	397	29	391	1.66e-107	323	416	395	87	XP_062527038.1 uncharacterized protein LOC134199656 [Bombyx mori]
TRINITY_DN5927_c0_g1_i23.p1	XP_037876474.1	43.836	365	200	3	36	397	29	391	1.66e-107	323	416	395	87	XP_037876474.1 uncharacterized protein LOC119630620 [Bombyx mori]
TRINITY_DN5927_c0_g1_i23.p1	XP_037868218.1	44.536	366	193	5	36	397	22	381	9.05e-107	320	416	385	87	XP_037868218.1 uncharacterized protein LOC134198667 isoform X1 [Bombyx mori]
TRINITY_DN5927_c0_g1_i23.p1	XP_012546308.1	44.615	325	176	2	36	357	27	350	3.12e-96	292	416	354	77	XP_012546308.1 uncharacterized protein LOC105841711 [Bombyx mori]
TRINITY_DN5927_c0_g1_i23.p1	XP_037869966.2	45.424	295	159	1	36	328	29	323	5.68e-93	283	416	333	70	XP_037869966.2 uncharacterized protein LOC119629131 [Bombyx mori]
TRINITY_DN5927_c0_g1_i23.p1	XP_037868223.1	45.238	294	151	5	108	397	3	290	2.83e-85	262	416	294	70	XP_037868223.1 uncharacterized protein LOC134198667 isoform X2 [Bombyx mori]
TRINITY_DN5927_c0_g1_i23.p1	XP_037871092.1	37.859	383	203	6	36	397	37	405	1.64e-77	246	416	410	87	XP_037871092.1 putative nuclease HARBI1 [Bombyx mori]
TRINITY_DN5927_c0_g1_i23.p1	XP_037875445.1	46.486	185	99	0	36	220	25	209	3.09e-58	190	416	226	44	XP_037875445.1 uncharacterized protein LOC110386017 isoform X3 [Bombyx mori]
TRINITY_DN5927_c0_g1_i23.p1	XP_012546752.1	41.315	213	105	6	68	277	40	235	5.79e-44	154	416	243	50	XP_012546752.1 uncharacterized protein LOC101740007 [Bombyx mori]
TRINITY_DN5927_c0_g1_i23.p1	XP_037875444.1	45.390	141	77	0	36	176	25	165	5.67e-39	140	416	249	53	XP_037875444.1 uncharacterized protein LOC110386017 isoform X1 [Bombyx mori]
TRINITY_DN5927_c0_g1_i23.p1	XP_037875444.1	46.988	83	42	1	257	337	165	247	4.85e-16	77.8	416	249	53	XP_037875444.1 uncharacterized protein LOC110386017 isoform X1 [Bombyx mori]
TRINITY_DN5927_c0_g1_i23.p1	XP_062529566.1	36.139	202	125	2	145	344	1	200	1.78e-38	140	416	300	48	XP_062529566.1 uncharacterized protein LOC101740013 [Bombyx mori]
TRINITY_DN5927_c0_g1_i23.p1	XP_062529565.1	36.139	202	125	2	145	344	1	200	1.78e-38	140	416	300	48	XP_062529565.1 uncharacterized protein LOC101740013 [Bombyx mori]
TRINITY_DN5927_c0_g1_i23.p1	XP_012547514.2	36.139	202	125	2	145	344	1	200	1.78e-38	140	416	300	48	XP_012547514.2 uncharacterized protein LOC101740013 [Bombyx mori]
TRINITY_DN5927_c0_g1_i23.p1	XP_062531258.1	44.800	125	69	0	36	160	25	149	2.69e-31	120	416	237	50	XP_062531258.1 uncharacterized protein LOC110386017 isoform X2 [Bombyx mori]
TRINITY_DN5927_c0_g1_i23.p1	XP_062531258.1	46.988	83	42	1	257	337	153	235	3.11e-16	78.2	416	237	50	XP_062531258.1 uncharacterized protein LOC110386017 isoform X2 [Bombyx mori]
TRINITY_DN5927_c0_g1_i23.p1	XP_012552527.2	27.536	345	213	9	61	391	43	364	2.63e-27	112	416	365	80	XP_012552527.2 putative nuclease HARBI1 [Bombyx mori]
TRINITY_DN5927_c0_g1_i23.p1	XP_037876528.1	27.536	345	213	9	61	391	43	364	4.96e-27	111	416	365	80	XP_037876528.1 putative nuclease HARBI1 [Bombyx mori]
TRINITY_DN5927_c0_g1_i23.p1	XP_062531846.1	27.246	345	214	9	61	391	43	364	3.70e-26	108	416	365	80	XP_062531846.1 putative nuclease HARBI1 [Bombyx mori]
TRINITY_DN5927_c0_g1_i23.p1	XP_037876439.1	27.246	345	214	9	61	391	43	364	3.70e-26	108	416	365	80	XP_037876439.1 putative nuclease HARBI1 [Bombyx mori]
TRINITY_DN5927_c0_g1_i23.p1	XP_037872680.1	27.246	345	214	9	61	391	43	364	3.70e-26	108	416	365	80	XP_037872680.1 putative nuclease HARBI1 [Bombyx mori]
TRINITY_DN5927_c0_g1_i23.p1	XP_037875038.1	26.957	345	215	9	61	391	43	364	3.53e-25	105	416	365	80	XP_037875038.1 putative nuclease HARBI1 [Bombyx mori]
TRINITY_DN5927_c0_g1_i23.p1	XP_037876756.1	28.522	291	186	10	61	345	51	325	2.27e-23	101	416	379	69	XP_037876756.1 putative nuclease HARBI1 isoform X1 [Bombyx mori]
TRINITY_DN5927_c0_g1_i3.p1	XP_062526415.1	59.896	192	76	1	1	191	84	275	8.57e-75	226	194	277	98	XP_062526415.1 luciferin sulfotransferase isoform X3 [Bombyx mori]
TRINITY_DN5927_c0_g1_i3.p1	XP_062526413.1	59.896	192	76	1	1	191	84	275	8.57e-75	226	194	277	98	XP_062526413.1 luciferin sulfotransferase isoform X3 [Bombyx mori]
TRINITY_DN5927_c0_g1_i3.p1	XP_062526412.1	59.896	192	76	1	1	191	96	287	1.49e-74	226	194	289	98	XP_062526412.1 luciferin sulfotransferase isoform X2 [Bombyx mori]
TRINITY_DN5927_c0_g1_i3.p1	XP_004930400.2	59.896	192	76	1	1	191	153	344	6.53e-74	226	194	346	98	XP_004930400.2 sulfotransferase 1C4 isoform X1 [Bombyx mori]
TRINITY_DN5927_c0_g1_i3.p1	XP_021206280.1	54.255	188	85	1	1	188	95	281	2.06e-71	218	194	290	97	XP_021206280.1 luciferin sulfotransferase isoform X3 [Bombyx mori]
TRINITY_DN5927_c0_g1_i3.p1	XP_012549333.1	54.255	188	85	1	1	188	152	338	1.10e-70	218	194	347	97	XP_012549333.1 sulfotransferase 1C3 isoform X2 [Bombyx mori]
TRINITY_DN5927_c0_g1_i3.p1	XP_062524699.1	52.381	189	89	1	1	188	152	340	1.45e-70	218	194	343	97	XP_062524699.1 sulfotransferase 1B1 isoform X2 [Bombyx mori]
TRINITY_DN5927_c0_g1_i3.p1	XP_004930150.3	52.381	189	89	1	1	188	153	341	1.57e-70	218	194	344	97	XP_004930150.3 sulfotransferase 1B1 isoform X1 [Bombyx mori]
TRINITY_DN5927_c0_g1_i3.p1	XP_062524698.1	54.255	188	85	1	1	188	213	399	1.76e-70	219	194	408	97	XP_062524698.1 sulfotransferase 1C3 isoform X1 [Bombyx mori]
TRINITY_DN5927_c0_g1_i3.p1	XP_062529458.1	46.632	193	94	2	1	192	142	326	2.11e-58	186	194	326	99	XP_062529458.1 sulfotransferase 1 family member D1 [Bombyx mori]
TRINITY_DN5927_c0_g1_i3.p1	XP_037872721.1	46.632	193	94	2	1	192	142	326	2.11e-58	186	194	326	99	XP_037872721.1 sulfotransferase 1 family member D1 [Bombyx mori]
TRINITY_DN5927_c0_g1_i3.p1	XP_021207837.1	46.632	193	94	2	1	192	142	326	2.11e-58	186	194	326	99	XP_021207837.1 sulfotransferase 1 family member D1 [Bombyx mori]
TRINITY_DN5927_c0_g1_i3.p1	XP_004932587.1	46.632	193	94	2	1	192	142	326	2.11e-58	186	194	326	99	XP_004932587.1 sulfotransferase 1 family member D1 [Bombyx mori]
TRINITY_DN5927_c0_g1_i3.p1	XP_062529457.1	45.596	193	96	2	1	192	142	326	1.03e-56	182	194	326	99	XP_062529457.1 sulfotransferase 1 family member D1 [Bombyx mori]
TRINITY_DN5927_c0_g1_i3.p1	XP_062529456.1	45.596	193	96	2	1	192	142	326	1.03e-56	182	194	326	99	XP_062529456.1 sulfotransferase 1 family member D1 [Bombyx mori]
TRINITY_DN5927_c0_g1_i3.p1	XP_062529455.1	45.596	193	96	2	1	192	142	326	1.03e-56	182	194	326	99	XP_062529455.1 sulfotransferase 1 family member D1 [Bombyx mori]
TRINITY_DN5927_c0_g1_i3.p1	XP_062529454.1	45.596	193	96	2	1	192	142	326	1.03e-56	182	194	326	99	XP_062529454.1 sulfotransferase 1 family member D1 [Bombyx mori]
TRINITY_DN5927_c0_g1_i3.p1	XP_037872720.1	45.596	193	96	2	1	192	142	326	1.03e-56	182	194	326	99	XP_037872720.1 sulfotransferase 1 family member D1 [Bombyx mori]
TRINITY_DN5927_c0_g1_i3.p1	NP_001040491.1	45.078	193	97	2	1	192	142	326	2.17e-55	178	194	326	99	NP_001040491.1 estrogen sulfotransferase [Bombyx mori]
TRINITY_DN5927_c0_g1_i3.p1	NP_001037002.1	46.597	191	98	1	1	191	96	282	1.62e-48	160	194	302	98	NP_001037002.1 sulfotransferase [Bombyx mori]
TRINITY_DN5927_c0_g1_i3.p1	XP_012551200.1	46.597	191	98	1	1	191	110	296	2.45e-48	159	194	303	98	XP_012551200.1 sulfotransferase isoform X3 [Bombyx mori]
TRINITY_DN5927_c0_g1_i3.p1	XP_062529182.1	46.597	191	98	1	1	191	127	313	4.38e-48	159	194	320	98	XP_062529182.1 sulfotransferase isoform X2 [Bombyx mori]
TRINITY_DN5927_c0_g1_i3.p1	XP_012551199.2	46.597	191	98	1	1	191	156	342	9.19e-48	159	194	349	98	XP_012551199.2 sulfotransferase isoform X1 [Bombyx mori]
TRINITY_DN5927_c0_g1_i3.p1	XP_004933069.3	37.563	197	111	4	1	187	136	330	1.61e-45	153	194	331	96	XP_004933069.3 luciferin sulfotransferase [Bombyx mori]
TRINITY_DN5949_c0_g1_i3.p1	XP_004930400.2	52.353	170	73	4	10	178	9	171	1.11e-40	140	178	346	95	XP_004930400.2 sulfotransferase 1C4 isoform X1 [Bombyx mori]
TRINITY_DN5949_c0_g1_i3.p1	XP_062524699.1	39.053	169	94	3	12	178	9	170	2.29e-38	134	178	343	94	XP_062524699.1 sulfotransferase 1B1 isoform X2 [Bombyx mori]
TRINITY_DN5949_c0_g1_i3.p1	XP_004930150.3	38.824	170	94	4	12	178	9	171	6.27e-37	130	178	344	94	XP_004930150.3 sulfotransferase 1B1 isoform X1 [Bombyx mori]
TRINITY_DN5949_c0_g1_i3.p1	XP_012549333.1	39.645	169	93	3	12	178	9	170	1.48e-35	127	178	347	94	XP_012549333.1 sulfotransferase 1C3 isoform X2 [Bombyx mori]
TRINITY_DN5949_c0_g1_i3.p1	NP_001040491.1	38.506	174	85	5	9	178	5	160	2.29e-33	120	178	326	96	NP_001040491.1 estrogen sulfotransferase [Bombyx mori]
TRINITY_DN5949_c0_g1_i3.p1	XP_062529457.1	38.068	176	87	5	7	178	3	160	2.15e-32	118	178	326	97	XP_062529457.1 sulfotransferase 1 family member D1 [Bombyx mori]
TRINITY_DN5949_c0_g1_i3.p1	XP_062529456.1	38.068	176	87	5	7	178	3	160	2.15e-32	118	178	326	97	XP_062529456.1 sulfotransferase 1 family member D1 [Bombyx mori]
TRINITY_DN5949_c0_g1_i3.p1	XP_062529455.1	38.068	176	87	5	7	178	3	160	2.15e-32	118	178	326	97	XP_062529455.1 sulfotransferase 1 family member D1 [Bombyx mori]
TRINITY_DN5949_c0_g1_i3.p1	XP_062529454.1	38.068	176	87	5	7	178	3	160	2.15e-32	118	178	326	97	XP_062529454.1 sulfotransferase 1 family member D1 [Bombyx mori]
TRINITY_DN5949_c0_g1_i3.p1	XP_037872720.1	38.068	176	87	5	7	178	3	160	2.15e-32	118	178	326	97	XP_037872720.1 sulfotransferase 1 family member D1 [Bombyx mori]
TRINITY_DN5949_c0_g1_i3.p1	XP_062529458.1	39.306	173	89	4	7	178	3	160	8.13e-32	117	178	326	97	XP_062529458.1 sulfotransferase 1 family member D1 [Bombyx mori]
TRINITY_DN5949_c0_g1_i3.p1	XP_037872721.1	39.306	173	89	4	7	178	3	160	8.13e-32	117	178	326	97	XP_037872721.1 sulfotransferase 1 family member D1 [Bombyx mori]
TRINITY_DN5949_c0_g1_i3.p1	XP_021207837.1	39.306	173	89	4	7	178	3	160	8.13e-32	117	178	326	97	XP_021207837.1 sulfotransferase 1 family member D1 [Bombyx mori]
TRINITY_DN5949_c0_g1_i3.p1	XP_004932587.1	39.306	173	89	4	7	178	3	160	8.13e-32	117	178	326	97	XP_004932587.1 sulfotransferase 1 family member D1 [Bombyx mori]
TRINITY_DN5949_c0_g1_i3.p1	XP_062526412.1	58.333	120	43	3	60	178	1	114	1.02e-28	108	178	289	67	XP_062526412.1 luciferin sulfotransferase isoform X2 [Bombyx mori]
TRINITY_DN5949_c0_g1_i3.p1	XP_012551199.2	39.655	174	91	5	9	178	11	174	1.74e-26	103	178	349	96	XP_012551199.2 sulfotransferase isoform X1 [Bombyx mori]
TRINITY_DN5949_c0_g1_i3.p1	XP_062529182.1	43.056	144	75	3	36	178	8	145	1.40e-24	97.8	178	320	80	XP_062529182.1 sulfotransferase isoform X2 [Bombyx mori]
TRINITY_DN5949_c0_g1_i3.p1	XP_021206280.1	41.667	120	62	2	60	178	1	113	1.95e-24	96.7	178	290	67	XP_021206280.1 luciferin sulfotransferase isoform X3 [Bombyx mori]
TRINITY_DN5949_c0_g1_i3.p1	XP_012551200.1	45.385	130	64	3	50	178	5	128	6.55e-21	87.4	178	303	72	XP_012551200.1 sulfotransferase isoform X3 [Bombyx mori]
TRINITY_DN5949_c0_g1_i3.p1	XP_062526415.1	53.398	103	41	3	77	178	6	102	7.74e-18	79.0	178	277	57	XP_062526415.1 luciferin sulfotransferase isoform X3 [Bombyx mori]
TRINITY_DN5949_c0_g1_i3.p1	XP_062526413.1	53.398	103	41	3	77	178	6	102	7.74e-18	79.0	178	277	57	XP_062526413.1 luciferin sulfotransferase isoform X3 [Bombyx mori]
TRINITY_DN5949_c0_g1_i3.p1	XP_062524698.1	40.566	106	55	2	74	178	133	231	1.29e-17	79.3	178	408	59	XP_062524698.1 sulfotransferase 1C3 isoform X1 [Bombyx mori]
TRINITY_DN5949_c0_g1_i3.p1	NP_001037002.1	45.000	120	59	3	60	178	1	114	1.21e-16	75.9	178	302	67	NP_001037002.1 sulfotransferase [Bombyx mori]
TRINITY_DN5949_c0_g1_i3.p1	XP_004933069.3	28.834	163	94	5	13	174	9	150	3.58e-16	75.1	178	331	91	XP_004933069.3 luciferin sulfotransferase [Bombyx mori]
TRINITY_DN5949_c0_g1_i6.p1	XP_004930400.2	52.353	170	73	4	10	178	9	171	1.11e-40	140	178	346	95	XP_004930400.2 sulfotransferase 1C4 isoform X1 [Bombyx mori]
TRINITY_DN5949_c0_g1_i6.p1	XP_062524699.1	39.053	169	94	3	12	178	9	170	2.29e-38	134	178	343	94	XP_062524699.1 sulfotransferase 1B1 isoform X2 [Bombyx mori]
TRINITY_DN5949_c0_g1_i6.p1	XP_004930150.3	38.824	170	94	4	12	178	9	171	6.27e-37	130	178	344	94	XP_004930150.3 sulfotransferase 1B1 isoform X1 [Bombyx mori]
TRINITY_DN5949_c0_g1_i6.p1	XP_012549333.1	39.645	169	93	3	12	178	9	170	1.48e-35	127	178	347	94	XP_012549333.1 sulfotransferase 1C3 isoform X2 [Bombyx mori]
TRINITY_DN5949_c0_g1_i6.p1	NP_001040491.1	38.506	174	85	5	9	178	5	160	2.29e-33	120	178	326	96	NP_001040491.1 estrogen sulfotransferase [Bombyx mori]
TRINITY_DN5949_c0_g1_i6.p1	XP_062529457.1	38.068	176	87	5	7	178	3	160	2.15e-32	118	178	326	97	XP_062529457.1 sulfotransferase 1 family member D1 [Bombyx mori]
TRINITY_DN5949_c0_g1_i6.p1	XP_062529456.1	38.068	176	87	5	7	178	3	160	2.15e-32	118	178	326	97	XP_062529456.1 sulfotransferase 1 family member D1 [Bombyx mori]
TRINITY_DN5949_c0_g1_i6.p1	XP_062529455.1	38.068	176	87	5	7	178	3	160	2.15e-32	118	178	326	97	XP_062529455.1 sulfotransferase 1 family member D1 [Bombyx mori]
TRINITY_DN5949_c0_g1_i6.p1	XP_062529454.1	38.068	176	87	5	7	178	3	160	2.15e-32	118	178	326	97	XP_062529454.1 sulfotransferase 1 family member D1 [Bombyx mori]
TRINITY_DN5949_c0_g1_i6.p1	XP_037872720.1	38.068	176	87	5	7	178	3	160	2.15e-32	118	178	326	97	XP_037872720.1 sulfotransferase 1 family member D1 [Bombyx mori]
TRINITY_DN5949_c0_g1_i6.p1	XP_062529458.1	39.306	173	89	4	7	178	3	160	8.13e-32	117	178	326	97	XP_062529458.1 sulfotransferase 1 family member D1 [Bombyx mori]
TRINITY_DN5949_c0_g1_i6.p1	XP_037872721.1	39.306	173	89	4	7	178	3	160	8.13e-32	117	178	326	97	XP_037872721.1 sulfotransferase 1 family member D1 [Bombyx mori]
TRINITY_DN5949_c0_g1_i6.p1	XP_021207837.1	39.306	173	89	4	7	178	3	160	8.13e-32	117	178	326	97	XP_021207837.1 sulfotransferase 1 family member D1 [Bombyx mori]
TRINITY_DN5949_c0_g1_i6.p1	XP_004932587.1	39.306	173	89	4	7	178	3	160	8.13e-32	117	178	326	97	XP_004932587.1 sulfotransferase 1 family member D1 [Bombyx mori]
TRINITY_DN5949_c0_g1_i6.p1	XP_062526412.1	58.333	120	43	3	60	178	1	114	1.02e-28	108	178	289	67	XP_062526412.1 luciferin sulfotransferase isoform X2 [Bombyx mori]
TRINITY_DN5949_c0_g1_i6.p1	XP_012551199.2	39.655	174	91	5	9	178	11	174	1.74e-26	103	178	349	96	XP_012551199.2 sulfotransferase isoform X1 [Bombyx mori]
TRINITY_DN5949_c0_g1_i6.p1	XP_062529182.1	43.056	144	75	3	36	178	8	145	1.40e-24	97.8	178	320	80	XP_062529182.1 sulfotransferase isoform X2 [Bombyx mori]
TRINITY_DN5949_c0_g1_i6.p1	XP_021206280.1	41.667	120	62	2	60	178	1	113	1.95e-24	96.7	178	290	67	XP_021206280.1 luciferin sulfotransferase isoform X3 [Bombyx mori]
TRINITY_DN5949_c0_g1_i6.p1	XP_012551200.1	45.385	130	64	3	50	178	5	128	6.55e-21	87.4	178	303	72	XP_012551200.1 sulfotransferase isoform X3 [Bombyx mori]
TRINITY_DN5949_c0_g1_i6.p1	XP_062526415.1	53.398	103	41	3	77	178	6	102	7.74e-18	79.0	178	277	57	XP_062526415.1 luciferin sulfotransferase isoform X3 [Bombyx mori]
TRINITY_DN5949_c0_g1_i6.p1	XP_062526413.1	53.398	103	41	3	77	178	6	102	7.74e-18	79.0	178	277	57	XP_062526413.1 luciferin sulfotransferase isoform X3 [Bombyx mori]
TRINITY_DN5949_c0_g1_i6.p1	XP_062524698.1	40.566	106	55	2	74	178	133	231	1.29e-17	79.3	178	408	59	XP_062524698.1 sulfotransferase 1C3 isoform X1 [Bombyx mori]
TRINITY_DN5949_c0_g1_i6.p1	NP_001037002.1	45.000	120	59	3	60	178	1	114	1.21e-16	75.9	178	302	67	NP_001037002.1 sulfotransferase [Bombyx mori]
TRINITY_DN5949_c0_g1_i6.p1	XP_004933069.3	28.834	163	94	5	13	174	9	150	3.58e-16	75.1	178	331	91	XP_004933069.3 luciferin sulfotransferase [Bombyx mori]
TRINITY_DN5949_c0_g1_i7.p1	XP_004930400.2	60.000	100	38	2	10	108	9	107	2.18e-33	118	109	346	91	XP_004930400.2 sulfotransferase 1C4 isoform X1 [Bombyx mori]
TRINITY_DN5949_c0_g1_i7.p1	XP_062529457.1	46.602	103	53	2	7	108	3	104	1.51e-25	97.8	109	326	94	XP_062529457.1 sulfotransferase 1 family member D1 [Bombyx mori]
TRINITY_DN5949_c0_g1_i7.p1	XP_062529456.1	46.602	103	53	2	7	108	3	104	1.51e-25	97.8	109	326	94	XP_062529456.1 sulfotransferase 1 family member D1 [Bombyx mori]
TRINITY_DN5949_c0_g1_i7.p1	XP_062529455.1	46.602	103	53	2	7	108	3	104	1.51e-25	97.8	109	326	94	XP_062529455.1 sulfotransferase 1 family member D1 [Bombyx mori]
TRINITY_DN5949_c0_g1_i7.p1	XP_062529454.1	46.602	103	53	2	7	108	3	104	1.51e-25	97.8	109	326	94	XP_062529454.1 sulfotransferase 1 family member D1 [Bombyx mori]
TRINITY_DN5949_c0_g1_i7.p1	XP_037872720.1	46.602	103	53	2	7	108	3	104	1.51e-25	97.8	109	326	94	XP_037872720.1 sulfotransferase 1 family member D1 [Bombyx mori]
TRINITY_DN5949_c0_g1_i7.p1	NP_001040491.1	46.535	101	52	2	9	108	5	104	2.49e-25	97.1	109	326	92	NP_001040491.1 estrogen sulfotransferase [Bombyx mori]
TRINITY_DN5949_c0_g1_i7.p1	XP_062524699.1	48.837	86	44	0	12	97	9	94	5.12e-25	96.7	109	343	79	XP_062524699.1 sulfotransferase 1B1 isoform X2 [Bombyx mori]
TRINITY_DN5949_c0_g1_i7.p1	XP_062529458.1	45.631	103	54	2	7	108	3	104	1.77e-24	94.7	109	326	94	XP_062529458.1 sulfotransferase 1 family member D1 [Bombyx mori]
TRINITY_DN5949_c0_g1_i7.p1	XP_037872721.1	45.631	103	54	2	7	108	3	104	1.77e-24	94.7	109	326	94	XP_037872721.1 sulfotransferase 1 family member D1 [Bombyx mori]
TRINITY_DN5949_c0_g1_i7.p1	XP_021207837.1	45.631	103	54	2	7	108	3	104	1.77e-24	94.7	109	326	94	XP_021207837.1 sulfotransferase 1 family member D1 [Bombyx mori]
TRINITY_DN5949_c0_g1_i7.p1	XP_004932587.1	45.631	103	54	2	7	108	3	104	1.77e-24	94.7	109	326	94	XP_004932587.1 sulfotransferase 1 family member D1 [Bombyx mori]
TRINITY_DN5949_c0_g1_i7.p1	XP_004930150.3	48.276	87	44	1	12	97	9	95	1.81e-23	92.4	109	344	79	XP_004930150.3 sulfotransferase 1B1 isoform X1 [Bombyx mori]
TRINITY_DN5949_c0_g1_i7.p1	XP_012549333.1	47.368	95	48	2	12	104	9	103	4.87e-23	91.3	109	347	85	XP_012549333.1 sulfotransferase 1C3 isoform X2 [Bombyx mori]
TRINITY_DN5949_c0_g1_i7.p1	XP_012551199.2	42.308	104	52	3	9	108	11	110	2.45e-22	89.4	109	349	92	XP_012551199.2 sulfotransferase isoform X1 [Bombyx mori]
TRINITY_DN5949_c0_g1_i7.p1	XP_062526412.1	82.000	50	8	1	60	108	1	50	1.13e-21	86.7	109	289	45	XP_062526412.1 luciferin sulfotransferase isoform X2 [Bombyx mori]
TRINITY_DN5949_c0_g1_i7.p1	XP_062529182.1	50.000	74	36	1	36	108	8	81	4.03e-20	83.2	109	320	67	XP_062529182.1 sulfotransferase isoform X2 [Bombyx mori]
TRINITY_DN5949_c0_g1_i7.p1	XP_012551200.1	55.000	60	26	1	50	108	5	64	1.22e-16	73.6	109	303	54	XP_012551200.1 sulfotransferase isoform X3 [Bombyx mori]
TRINITY_DN5949_c0_g1_i7.p1	XP_021206280.1	60.870	46	17	1	60	104	1	46	1.41e-12	62.4	109	290	41	XP_021206280.1 luciferin sulfotransferase isoform X3 [Bombyx mori]
TRINITY_DN5949_c0_g1_i7.p1	XP_004933069.3	31.250	96	64	1	13	108	9	102	1.46e-12	62.4	109	331	88	XP_004933069.3 luciferin sulfotransferase [Bombyx mori]
TRINITY_DN5949_c0_g1_i7.p1	NP_001037002.1	56.000	50	21	1	60	108	1	50	1.52e-12	62.4	109	302	45	NP_001037002.1 sulfotransferase [Bombyx mori]
TRINITY_DN5949_c0_g1_i7.p1	XP_062526415.1	78.788	33	6	1	77	108	6	38	5.97e-11	57.8	109	277	29	XP_062526415.1 luciferin sulfotransferase isoform X3 [Bombyx mori]
TRINITY_DN5949_c0_g1_i7.p1	XP_062526413.1	78.788	33	6	1	77	108	6	38	5.97e-11	57.8	109	277	29	XP_062526413.1 luciferin sulfotransferase isoform X3 [Bombyx mori]
TRINITY_DN5949_c0_g1_i7.p1	XP_062524698.1	53.333	45	18	2	61	104	122	164	1.38e-06	45.4	109	408	40	XP_062524698.1 sulfotransferase 1C3 isoform X1 [Bombyx mori]
TRINITY_DN659_c1_g1_i1.p1	XP_062526415.1	63.200	125	45	1	6	129	149	273	6.81e-54	171	134	277	93	XP_062526415.1 luciferin sulfotransferase isoform X3 [Bombyx mori]
TRINITY_DN659_c1_g1_i1.p1	XP_062526413.1	63.200	125	45	1	6	129	149	273	6.81e-54	171	134	277	93	XP_062526413.1 luciferin sulfotransferase isoform X3 [Bombyx mori]
TRINITY_DN659_c1_g1_i1.p1	XP_062526412.1	63.200	125	45	1	6	129	161	285	9.57e-54	171	134	289	93	XP_062526412.1 luciferin sulfotransferase isoform X2 [Bombyx mori]
TRINITY_DN659_c1_g1_i1.p1	XP_004930400.2	63.200	125	45	1	6	129	218	342	3.91e-53	171	134	346	93	XP_004930400.2 sulfotransferase 1C4 isoform X1 [Bombyx mori]
TRINITY_DN659_c1_g1_i1.p1	XP_004930150.3	51.613	124	59	1	6	128	218	341	1.46e-41	140	134	344	92	XP_004930150.3 sulfotransferase 1B1 isoform X1 [Bombyx mori]
TRINITY_DN659_c1_g1_i1.p1	XP_062524699.1	51.613	124	59	1	6	128	217	340	1.49e-41	140	134	343	92	XP_062524699.1 sulfotransferase 1B1 isoform X2 [Bombyx mori]
TRINITY_DN659_c1_g1_i1.p1	XP_062524698.1	52.033	123	58	1	6	128	278	399	4.65e-41	140	134	408	92	XP_062524698.1 sulfotransferase 1C3 isoform X1 [Bombyx mori]
TRINITY_DN659_c1_g1_i1.p1	XP_021206280.1	52.033	123	58	1	6	128	160	281	1.31e-40	137	134	290	92	XP_021206280.1 luciferin sulfotransferase isoform X3 [Bombyx mori]
TRINITY_DN659_c1_g1_i1.p1	XP_012549333.1	52.033	123	58	1	6	128	217	338	6.09e-40	136	134	347	92	XP_012549333.1 sulfotransferase 1C3 isoform X2 [Bombyx mori]
TRINITY_DN659_c1_g1_i1.p1	XP_062529458.1	44.882	127	63	3	6	132	207	326	5.12e-32	115	134	326	95	XP_062529458.1 sulfotransferase 1 family member D1 [Bombyx mori]
TRINITY_DN659_c1_g1_i1.p1	XP_037872721.1	44.882	127	63	3	6	132	207	326	5.12e-32	115	134	326	95	XP_037872721.1 sulfotransferase 1 family member D1 [Bombyx mori]
TRINITY_DN659_c1_g1_i1.p1	XP_021207837.1	44.882	127	63	3	6	132	207	326	5.12e-32	115	134	326	95	XP_021207837.1 sulfotransferase 1 family member D1 [Bombyx mori]
TRINITY_DN659_c1_g1_i1.p1	XP_004932587.1	44.882	127	63	3	6	132	207	326	5.12e-32	115	134	326	95	XP_004932587.1 sulfotransferase 1 family member D1 [Bombyx mori]
TRINITY_DN659_c1_g1_i1.p1	NP_001037002.1	44.882	127	66	1	2	128	157	279	3.41e-31	113	134	302	95	NP_001037002.1 sulfotransferase [Bombyx mori]
TRINITY_DN659_c1_g1_i1.p1	XP_012551200.1	44.882	127	66	1	2	128	171	293	3.99e-31	112	134	303	95	XP_012551200.1 sulfotransferase isoform X3 [Bombyx mori]
TRINITY_DN659_c1_g1_i1.p1	XP_062529457.1	44.094	127	64	3	6	132	207	326	5.18e-31	113	134	326	95	XP_062529457.1 sulfotransferase 1 family member D1 [Bombyx mori]
TRINITY_DN659_c1_g1_i1.p1	XP_062529456.1	44.094	127	64	3	6	132	207	326	5.18e-31	113	134	326	95	XP_062529456.1 sulfotransferase 1 family member D1 [Bombyx mori]
TRINITY_DN659_c1_g1_i1.p1	XP_062529455.1	44.094	127	64	3	6	132	207	326	5.18e-31	113	134	326	95	XP_062529455.1 sulfotransferase 1 family member D1 [Bombyx mori]
TRINITY_DN659_c1_g1_i1.p1	XP_062529454.1	44.094	127	64	3	6	132	207	326	5.18e-31	113	134	326	95	XP_062529454.1 sulfotransferase 1 family member D1 [Bombyx mori]
TRINITY_DN659_c1_g1_i1.p1	XP_037872720.1	44.094	127	64	3	6	132	207	326	5.18e-31	113	134	326	95	XP_037872720.1 sulfotransferase 1 family member D1 [Bombyx mori]
TRINITY_DN659_c1_g1_i1.p1	XP_062529182.1	44.882	127	66	1	2	128	188	310	5.23e-31	112	134	320	95	XP_062529182.1 sulfotransferase isoform X2 [Bombyx mori]
TRINITY_DN659_c1_g1_i1.p1	XP_012551199.2	44.882	127	66	1	2	128	217	339	8.73e-31	112	134	349	95	XP_012551199.2 sulfotransferase isoform X1 [Bombyx mori]
TRINITY_DN659_c1_g1_i1.p1	NP_001040491.1	44.094	127	64	3	6	132	207	326	7.39e-30	110	134	326	95	NP_001040491.1 estrogen sulfotransferase [Bombyx mori]
TRINITY_DN659_c1_g1_i1.p1	XP_004933069.3	37.302	126	74	2	7	127	205	330	7.91e-28	104	134	331	90	XP_004933069.3 luciferin sulfotransferase [Bombyx mori]
TRINITY_DN659_c1_g1_i10.p1	XP_062526415.1	63.200	125	45	1	6	129	149	273	6.81e-54	171	134	277	93	XP_062526415.1 luciferin sulfotransferase isoform X3 [Bombyx mori]
TRINITY_DN659_c1_g1_i10.p1	XP_062526413.1	63.200	125	45	1	6	129	149	273	6.81e-54	171	134	277	93	XP_062526413.1 luciferin sulfotransferase isoform X3 [Bombyx mori]
TRINITY_DN659_c1_g1_i10.p1	XP_062526412.1	63.200	125	45	1	6	129	161	285	9.57e-54	171	134	289	93	XP_062526412.1 luciferin sulfotransferase isoform X2 [Bombyx mori]
TRINITY_DN659_c1_g1_i10.p1	XP_004930400.2	63.200	125	45	1	6	129	218	342	3.91e-53	171	134	346	93	XP_004930400.2 sulfotransferase 1C4 isoform X1 [Bombyx mori]
TRINITY_DN659_c1_g1_i10.p1	XP_004930150.3	51.613	124	59	1	6	128	218	341	1.46e-41	140	134	344	92	XP_004930150.3 sulfotransferase 1B1 isoform X1 [Bombyx mori]
TRINITY_DN659_c1_g1_i10.p1	XP_062524699.1	51.613	124	59	1	6	128	217	340	1.49e-41	140	134	343	92	XP_062524699.1 sulfotransferase 1B1 isoform X2 [Bombyx mori]
TRINITY_DN659_c1_g1_i10.p1	XP_062524698.1	52.033	123	58	1	6	128	278	399	4.65e-41	140	134	408	92	XP_062524698.1 sulfotransferase 1C3 isoform X1 [Bombyx mori]
TRINITY_DN659_c1_g1_i10.p1	XP_021206280.1	52.033	123	58	1	6	128	160	281	1.31e-40	137	134	290	92	XP_021206280.1 luciferin sulfotransferase isoform X3 [Bombyx mori]
TRINITY_DN659_c1_g1_i10.p1	XP_012549333.1	52.033	123	58	1	6	128	217	338	6.09e-40	136	134	347	92	XP_012549333.1 sulfotransferase 1C3 isoform X2 [Bombyx mori]
TRINITY_DN659_c1_g1_i10.p1	XP_062529458.1	44.882	127	63	3	6	132	207	326	5.12e-32	115	134	326	95	XP_062529458.1 sulfotransferase 1 family member D1 [Bombyx mori]
TRINITY_DN659_c1_g1_i10.p1	XP_037872721.1	44.882	127	63	3	6	132	207	326	5.12e-32	115	134	326	95	XP_037872721.1 sulfotransferase 1 family member D1 [Bombyx mori]
TRINITY_DN659_c1_g1_i10.p1	XP_021207837.1	44.882	127	63	3	6	132	207	326	5.12e-32	115	134	326	95	XP_021207837.1 sulfotransferase 1 family member D1 [Bombyx mori]
TRINITY_DN659_c1_g1_i10.p1	XP_004932587.1	44.882	127	63	3	6	132	207	326	5.12e-32	115	134	326	95	XP_004932587.1 sulfotransferase 1 family member D1 [Bombyx mori]
TRINITY_DN659_c1_g1_i10.p1	NP_001037002.1	44.882	127	66	1	2	128	157	279	3.41e-31	113	134	302	95	NP_001037002.1 sulfotransferase [Bombyx mori]
TRINITY_DN659_c1_g1_i10.p1	XP_012551200.1	44.882	127	66	1	2	128	171	293	3.99e-31	112	134	303	95	XP_012551200.1 sulfotransferase isoform X3 [Bombyx mori]
TRINITY_DN659_c1_g1_i10.p1	XP_062529457.1	44.094	127	64	3	6	132	207	326	5.18e-31	113	134	326	95	XP_062529457.1 sulfotransferase 1 family member D1 [Bombyx mori]
TRINITY_DN659_c1_g1_i10.p1	XP_062529456.1	44.094	127	64	3	6	132	207	326	5.18e-31	113	134	326	95	XP_062529456.1 sulfotransferase 1 family member D1 [Bombyx mori]
TRINITY_DN659_c1_g1_i10.p1	XP_062529455.1	44.094	127	64	3	6	132	207	326	5.18e-31	113	134	326	95	XP_062529455.1 sulfotransferase 1 family member D1 [Bombyx mori]
TRINITY_DN659_c1_g1_i10.p1	XP_062529454.1	44.094	127	64	3	6	132	207	326	5.18e-31	113	134	326	95	XP_062529454.1 sulfotransferase 1 family member D1 [Bombyx mori]
TRINITY_DN659_c1_g1_i10.p1	XP_037872720.1	44.094	127	64	3	6	132	207	326	5.18e-31	113	134	326	95	XP_037872720.1 sulfotransferase 1 family member D1 [Bombyx mori]
TRINITY_DN659_c1_g1_i10.p1	XP_062529182.1	44.882	127	66	1	2	128	188	310	5.23e-31	112	134	320	95	XP_062529182.1 sulfotransferase isoform X2 [Bombyx mori]
TRINITY_DN659_c1_g1_i10.p1	XP_012551199.2	44.882	127	66	1	2	128	217	339	8.73e-31	112	134	349	95	XP_012551199.2 sulfotransferase isoform X1 [Bombyx mori]
TRINITY_DN659_c1_g1_i10.p1	NP_001040491.1	44.094	127	64	3	6	132	207	326	7.39e-30	110	134	326	95	NP_001040491.1 estrogen sulfotransferase [Bombyx mori]
TRINITY_DN659_c1_g1_i10.p1	XP_004933069.3	37.302	126	74	2	7	127	205	330	7.91e-28	104	134	331	90	XP_004933069.3 luciferin sulfotransferase [Bombyx mori]
TRINITY_DN659_c1_g1_i4.p1	XP_062526415.1	56.250	96	41	1	1	95	144	239	1.32e-29	109	154	277	62	XP_062526415.1 luciferin sulfotransferase isoform X3 [Bombyx mori]
TRINITY_DN659_c1_g1_i4.p1	XP_062526413.1	56.250	96	41	1	1	95	144	239	1.32e-29	109	154	277	62	XP_062526413.1 luciferin sulfotransferase isoform X3 [Bombyx mori]
TRINITY_DN659_c1_g1_i4.p1	XP_062526412.1	56.250	96	41	1	1	95	156	251	1.96e-29	108	154	289	62	XP_062526412.1 luciferin sulfotransferase isoform X2 [Bombyx mori]
TRINITY_DN659_c1_g1_i4.p1	XP_004930400.2	56.250	96	41	1	1	95	213	308	6.26e-29	108	154	346	62	XP_004930400.2 sulfotransferase 1C4 isoform X1 [Bombyx mori]
TRINITY_DN659_c1_g1_i4.p1	XP_062524699.1	51.613	93	44	1	6	97	217	309	1.83e-25	99.4	154	343	60	XP_062524699.1 sulfotransferase 1B1 isoform X2 [Bombyx mori]
TRINITY_DN659_c1_g1_i4.p1	XP_004930150.3	51.613	93	44	1	6	97	218	310	1.92e-25	99.4	154	344	60	XP_004930150.3 sulfotransferase 1B1 isoform X1 [Bombyx mori]
TRINITY_DN659_c1_g1_i4.p1	XP_021206280.1	51.087	92	44	1	6	97	160	250	7.41e-24	94.4	154	290	60	XP_021206280.1 luciferin sulfotransferase isoform X3 [Bombyx mori]
TRINITY_DN659_c1_g1_i4.p1	XP_062524698.1	51.087	92	44	1	6	97	278	368	1.49e-23	95.1	154	408	60	XP_062524698.1 sulfotransferase 1C3 isoform X1 [Bombyx mori]
TRINITY_DN659_c1_g1_i4.p1	XP_012549333.1	51.087	92	44	1	6	97	217	307	2.70e-23	93.6	154	347	60	XP_012549333.1 sulfotransferase 1C3 isoform X2 [Bombyx mori]
TRINITY_DN659_c1_g1_i4.p1	XP_004933069.3	41.667	96	51	2	7	97	205	300	7.46e-19	81.6	154	331	59	XP_004933069.3 luciferin sulfotransferase [Bombyx mori]
TRINITY_DN659_c1_g1_i4.p1	NP_001037002.1	44.211	95	49	1	1	95	156	246	1.79e-18	80.1	154	302	62	NP_001037002.1 sulfotransferase [Bombyx mori]
TRINITY_DN659_c1_g1_i4.p1	XP_012551200.1	44.211	95	49	1	1	95	170	260	2.20e-18	80.1	154	303	62	XP_012551200.1 sulfotransferase isoform X3 [Bombyx mori]
TRINITY_DN659_c1_g1_i4.p1	XP_062529182.1	44.211	95	49	1	1	95	187	277	2.80e-18	79.7	154	320	62	XP_062529182.1 sulfotransferase isoform X2 [Bombyx mori]
TRINITY_DN659_c1_g1_i4.p1	XP_012551199.2	44.211	95	49	1	1	95	216	306	3.21e-18	80.1	154	349	62	XP_012551199.2 sulfotransferase isoform X1 [Bombyx mori]
TRINITY_DN659_c1_g1_i4.p1	XP_062529458.1	46.667	90	41	3	6	95	207	289	8.21e-18	78.6	154	326	58	XP_062529458.1 sulfotransferase 1 family member D1 [Bombyx mori]
TRINITY_DN659_c1_g1_i4.p1	XP_037872721.1	46.667	90	41	3	6	95	207	289	8.21e-18	78.6	154	326	58	XP_037872721.1 sulfotransferase 1 family member D1 [Bombyx mori]
TRINITY_DN659_c1_g1_i4.p1	XP_021207837.1	46.667	90	41	3	6	95	207	289	8.21e-18	78.6	154	326	58	XP_021207837.1 sulfotransferase 1 family member D1 [Bombyx mori]
TRINITY_DN659_c1_g1_i4.p1	XP_004932587.1	46.667	90	41	3	6	95	207	289	8.21e-18	78.6	154	326	58	XP_004932587.1 sulfotransferase 1 family member D1 [Bombyx mori]
TRINITY_DN659_c1_g1_i4.p1	NP_001040491.1	46.667	90	41	3	6	95	207	289	1.15e-17	78.2	154	326	58	NP_001040491.1 estrogen sulfotransferase [Bombyx mori]
TRINITY_DN659_c1_g1_i4.p1	XP_062529457.1	46.667	90	41	3	6	95	207	289	1.19e-17	78.2	154	326	58	XP_062529457.1 sulfotransferase 1 family member D1 [Bombyx mori]
TRINITY_DN659_c1_g1_i4.p1	XP_062529456.1	46.667	90	41	3	6	95	207	289	1.19e-17	78.2	154	326	58	XP_062529456.1 sulfotransferase 1 family member D1 [Bombyx mori]
TRINITY_DN659_c1_g1_i4.p1	XP_062529455.1	46.667	90	41	3	6	95	207	289	1.19e-17	78.2	154	326	58	XP_062529455.1 sulfotransferase 1 family member D1 [Bombyx mori]
TRINITY_DN659_c1_g1_i4.p1	XP_062529454.1	46.667	90	41	3	6	95	207	289	1.19e-17	78.2	154	326	58	XP_062529454.1 sulfotransferase 1 family member D1 [Bombyx mori]
TRINITY_DN659_c1_g1_i4.p1	XP_037872720.1	46.667	90	41	3	6	95	207	289	1.19e-17	78.2	154	326	58	XP_037872720.1 sulfotransferase 1 family member D1 [Bombyx mori]
TRINITY_DN659_c1_g1_i7.p1	XP_062524699.1	46.875	64	33	1	1	63	246	309	2.64e-12	62.0	120	343	53	XP_062524699.1 sulfotransferase 1B1 isoform X2 [Bombyx mori]
TRINITY_DN659_c1_g1_i7.p1	XP_004930150.3	46.875	64	33	1	1	63	247	310	2.75e-12	62.0	120	344	53	XP_004930150.3 sulfotransferase 1B1 isoform X1 [Bombyx mori]
TRINITY_DN659_c1_g1_i7.p1	XP_062526415.1	46.774	62	32	1	1	61	178	239	4.97e-11	58.2	120	277	51	XP_062526415.1 luciferin sulfotransferase isoform X3 [Bombyx mori]
TRINITY_DN659_c1_g1_i7.p1	XP_062526413.1	46.774	62	32	1	1	61	178	239	4.97e-11	58.2	120	277	51	XP_062526413.1 luciferin sulfotransferase isoform X3 [Bombyx mori]
TRINITY_DN659_c1_g1_i7.p1	XP_062526412.1	46.774	62	32	1	1	61	190	251	5.99e-11	58.2	120	289	51	XP_062526412.1 luciferin sulfotransferase isoform X2 [Bombyx mori]
TRINITY_DN659_c1_g1_i7.p1	XP_004930400.2	46.774	62	32	1	1	61	247	308	9.06e-11	57.8	120	346	51	XP_004930400.2 sulfotransferase 1C4 isoform X1 [Bombyx mori]
TRINITY_DN659_c1_g1_i7.p1	XP_004933069.3	44.118	68	33	2	1	63	233	300	4.84e-10	55.8	120	331	53	XP_004933069.3 luciferin sulfotransferase [Bombyx mori]
TRINITY_DN659_c1_g1_i7.p1	XP_062524698.1	41.270	63	36	1	1	63	307	368	6.95e-09	52.4	120	408	53	XP_062524698.1 sulfotransferase 1C3 isoform X1 [Bombyx mori]
TRINITY_DN659_c1_g1_i7.p1	XP_021206280.1	41.270	63	36	1	1	63	189	250	1.72e-08	51.2	120	290	53	XP_021206280.1 luciferin sulfotransferase isoform X3 [Bombyx mori]
TRINITY_DN659_c1_g1_i7.p1	XP_012549333.1	41.270	63	36	1	1	63	246	307	2.52e-08	50.8	120	347	53	XP_012549333.1 sulfotransferase 1C3 isoform X2 [Bombyx mori]
TRINITY_DN659_c1_g1_i7.p1	NP_001037002.1	42.623	61	31	1	1	61	190	246	3.38e-07	47.8	120	302	51	NP_001037002.1 sulfotransferase [Bombyx mori]
TRINITY_DN659_c1_g1_i7.p1	XP_062529182.1	42.623	61	31	1	1	61	221	277	4.23e-07	47.4	120	320	51	XP_062529182.1 sulfotransferase isoform X2 [Bombyx mori]
TRINITY_DN659_c1_g1_i7.p1	XP_012551200.1	42.623	61	31	1	1	61	204	260	4.45e-07	47.4	120	303	51	XP_012551200.1 sulfotransferase isoform X3 [Bombyx mori]
TRINITY_DN659_c1_g1_i7.p1	XP_012551199.2	42.623	61	31	1	1	61	250	306	4.55e-07	47.4	120	349	51	XP_012551199.2 sulfotransferase isoform X1 [Bombyx mori]
