TRINITY_DN11717_c0_g2_i1.p1	sp|A0A291PQH4|UGT2_DACCO	32.0	197	221	515	1	196	2	196	8.80e-23	99.0	sp|A0A291PQH4|UGT2_DACCO UDP-glucosyltransferase 2 OS=Dactylopius coccus OX=765876 GN=UTG2 PE=1 SV=1
TRINITY_DN11717_c0_g2_i1.p1	sp|A0A291PQF1|UGT5_DACCO	28.3	191	221	526	22	202	21	205	2.02e-15	77.8	sp|A0A291PQF1|UGT5_DACCO UDP-glycosyltransferase UGT5 OS=Dactylopius coccus OX=765876 GN=UGT5 PE=1 SV=1
TRINITY_DN11717_c0_g2_i1.p1	sp|A0A291PQG3|UGT4_DACCO	25.3	194	221	504	22	210	26	212	5.30e-12	67.8	sp|A0A291PQG3|UGT4_DACCO UDP-glycosyltransferase UGT4 OS=Dactylopius coccus OX=765876 GN=UGT4 PE=1 SV=1
TRINITY_DN11717_c0_g2_i1.p1	sp|P18569|EGT_NPVAC	29.5	146	221	506	16	152	15	159	1.78e-04	45.4	sp|P18569|EGT_NPVAC Ecdysteroid UDP-glucosyltransferase OS=Autographa californica nuclear polyhedrosis virus OX=46015 GN=EGT PE=1 SV=1
TRINITY_DN11717_c0_g2_i2.p1	sp|A0A291PQF1|UGT5_DACCO	35.1	496	541	526	22	502	21	507	1.70e-91	293	sp|A0A291PQF1|UGT5_DACCO UDP-glycosyltransferase UGT5 OS=Dactylopius coccus OX=765876 GN=UGT5 PE=1 SV=1
TRINITY_DN11717_c0_g2_i2.p1	sp|A0A291PQH4|UGT2_DACCO	33.1	528	541	515	1	524	2	515	1.06e-89	288	sp|A0A291PQH4|UGT2_DACCO UDP-glucosyltransferase 2 OS=Dactylopius coccus OX=765876 GN=UTG2 PE=1 SV=1
TRINITY_DN11717_c0_g2_i2.p1	sp|A0A291PQG3|UGT4_DACCO	30.6	490	541	504	22	501	26	502	2.29e-69	234	sp|A0A291PQG3|UGT4_DACCO UDP-glycosyltransferase UGT4 OS=Dactylopius coccus OX=765876 GN=UGT4 PE=1 SV=1
TRINITY_DN11717_c0_g2_i2.p1	sp|P20720|UD12_RAT	32.5	385	541	533	123	505	141	517	1.19e-57	204	sp|P20720|UD12_RAT UDP-glucuronosyltransferase 1-2 OS=Rattus norvegicus OX=10116 GN=Ugt1a2 PE=2 SV=2
TRINITY_DN11717_c0_g2_i2.p1	sp|Q6ZQM8|UD17_MOUSE	31.2	397	541	531	118	505	126	515	2.21e-57	203	sp|Q6ZQM8|UD17_MOUSE UDP-glucuronosyltransferase 1A7 OS=Mus musculus OX=10090 GN=Ugt1a7 PE=1 SV=1
TRINITY_DN11717_c0_g2_i2.p1	sp|P35504|UD15_HUMAN	31.5	410	541	534	100	506	124	519	2.35e-57	203	sp|P35504|UD15_HUMAN UDP-glucuronosyltransferase 1A5 OS=Homo sapiens OX=9606 GN=UGT1A5 PE=1 SV=1
TRINITY_DN11717_c0_g2_i2.p1	sp|Q64638|UD15_RAT	30.1	415	541	531	92	505	112	515	4.27e-57	202	sp|Q64638|UD15_RAT UDP-glucuronosyltransferase 1A5 OS=Rattus norvegicus OX=10116 GN=Ugt1a5 PE=2 SV=1
TRINITY_DN11717_c0_g2_i2.p1	sp|P70691|UD12_MOUSE	32.0	381	541	533	127	505	145	517	4.45e-57	202	sp|P70691|UD12_MOUSE UDP-glucuronosyltransferase 1-2 OS=Mus musculus OX=10090 GN=Ugt1a2 PE=1 SV=1
TRINITY_DN11717_c0_g2_i2.p1	sp|Q64550|UD11_RAT	32.9	374	541	535	137	505	152	519	8.95e-57	201	sp|Q64550|UD11_RAT UDP-glucuronosyltransferase 1A1 OS=Rattus norvegicus OX=10116 GN=Ugt1a1 PE=1 SV=1
TRINITY_DN11717_c0_g2_i2.p1	sp|Q63886|UD11_MOUSE	32.9	374	541	535	137	505	152	519	1.24e-56	201	sp|Q63886|UD11_MOUSE UDP-glucuronosyltransferase 1A1 OS=Mus musculus OX=10090 GN=Ugt1a1 PE=1 SV=2
TRINITY_DN11717_c0_g2_i2.p1	sp|Q64634|UD18_RAT	31.6	383	541	530	126	505	141	514	1.56e-56	201	sp|Q64634|UD18_RAT UDP-glucuronosyltransferase 1A8 OS=Rattus norvegicus OX=10116 GN=Ugt1a8 PE=2 SV=1
TRINITY_DN11717_c0_g2_i2.p1	sp|P08430|UD16_RAT	31.3	415	541	529	95	505	112	513	2.96e-56	200	sp|P08430|UD16_RAT UDP-glucuronosyltransferase 1A6 OS=Rattus norvegicus OX=10116 GN=Ugt1a6 PE=1 SV=1
TRINITY_DN11717_c0_g2_i2.p1	sp|Q64435|UD16_MOUSE	32.5	400	541	531	108	505	126	515	3.08e-56	200	sp|Q64435|UD16_MOUSE UDP-glucuronosyltransferase 1A6 OS=Mus musculus OX=10090 GN=Ugt1a6 PE=1 SV=1
TRINITY_DN11717_c0_g2_i2.p1	sp|P35503|UD13_HUMAN	30.6	409	541	534	102	506	126	519	3.27e-56	200	sp|P35503|UD13_HUMAN UDP-glucuronosyltransferase 1A3 OS=Homo sapiens OX=9606 GN=UGT1A3 PE=1 SV=1
TRINITY_DN11717_c0_g2_i2.p1	sp|Q9HAW9|UD18_HUMAN	30.2	398	541	530	118	506	125	515	5.84e-56	199	sp|Q9HAW9|UD18_HUMAN UDP-glucuronosyltransferase 1A8 OS=Homo sapiens OX=9606 GN=UGT1A8 PE=1 SV=1
TRINITY_DN11717_c0_g2_i2.p1	sp|Q62452|UD19_MOUSE	32.4	380	541	528	127	505	140	512	2.09e-55	197	sp|Q62452|UD19_MOUSE UDP-glucuronosyltransferase 1A9 OS=Mus musculus OX=10090 GN=Ugt1a9 PE=1 SV=3
TRINITY_DN11717_c0_g2_i2.p1	sp|P22310|UD14_HUMAN	29.3	443	541	534	68	506	91	519	4.54e-55	197	sp|P22310|UD14_HUMAN UDP-glucuronosyltransferase 1A4 OS=Homo sapiens OX=9606 GN=UGT1A4 PE=1 SV=1
TRINITY_DN11717_c0_g2_i2.p1	sp|Q64637|UD13_RAT	31.6	402	541	531	105	505	122	515	5.95e-55	196	sp|Q64637|UD13_RAT UDP-glucuronosyltransferase 1A3 OS=Rattus norvegicus OX=10116 GN=Ugt1a3 PE=2 SV=1
TRINITY_DN11717_c0_g2_i2.p1	sp|O60656|UD19_HUMAN	30.4	382	541	530	126	506	141	515	3.01e-54	194	sp|O60656|UD19_HUMAN UDP-glucuronosyltransferase 1A9 OS=Homo sapiens OX=9606 GN=UGT1A9 PE=1 SV=1
TRINITY_DN11717_c0_g2_i2.p1	sp|Q9HAW8|UD110_HUMAN	29.9	398	541	530	118	506	125	515	5.80e-54	194	sp|Q9HAW8|UD110_HUMAN UDP-glucuronosyltransferase 1A10 OS=Homo sapiens OX=9606 GN=UGT1A10 PE=1 SV=1
TRINITY_DN11717_c0_g2_i2.p1	sp|Q64633|UD17_RAT	30.4	385	541	531	126	505	142	515	5.92e-54	194	sp|Q64633|UD17_RAT UDP-glucuronosyltransferase 1A7 OS=Rattus norvegicus OX=10116 GN=Ugt1a7 PE=2 SV=1
TRINITY_DN11717_c0_g2_i2.p1	sp|P19224|UD16_HUMAN	30.9	369	541	532	139	506	155	517	2.24e-53	192	sp|P19224|UD16_HUMAN UDP-glucuronosyltransferase 1A6 OS=Homo sapiens OX=9606 GN=UGT1A6 PE=1 SV=2
TRINITY_DN11717_c0_g2_i2.p1	sp|Q9HAW7|UD17_HUMAN	30.3	383	541	530	127	506	142	515	2.99e-53	192	sp|Q9HAW7|UD17_HUMAN UDP-glucuronosyltransferase 1A7 OS=Homo sapiens OX=9606 GN=UGT1A7 PE=1 SV=2
TRINITY_DN11717_c0_g2_i2.p1	sp|P36513|UDB14_RABIT	28.0	496	541	530	40	513	43	528	4.14e-53	191	sp|P36513|UDB14_RABIT UDP-glucuronosyltransferase 2B14 OS=Oryctolagus cuniculus OX=9986 GN=UGT2B14 PE=2 SV=1
TRINITY_DN11717_c0_g2_i2.p1	sp|P22309|UD11_HUMAN	30.6	382	541	533	126	506	144	518	8.44e-53	191	sp|P22309|UD11_HUMAN UDP-glucuronosyltransferase 1A1 OS=Homo sapiens OX=9606 GN=UGT1A1 PE=1 SV=1
TRINITY_DN11717_c0_g2_i3.p2	sp|P08430|UD16_RAT	41.5	130	166	529	1	130	384	513	5.22e-28	111	sp|P08430|UD16_RAT UDP-glucuronosyltransferase 1A6 OS=Rattus norvegicus OX=10116 GN=Ugt1a6 PE=1 SV=1
TRINITY_DN11717_c0_g2_i3.p2	sp|Q64634|UD18_RAT	41.5	130	166	530	1	130	385	514	5.25e-28	111	sp|Q64634|UD18_RAT UDP-glucuronosyltransferase 1A8 OS=Rattus norvegicus OX=10116 GN=Ugt1a8 PE=2 SV=1
TRINITY_DN11717_c0_g2_i3.p2	sp|Q64637|UD13_RAT	41.5	130	166	531	1	130	386	515	5.27e-28	111	sp|Q64637|UD13_RAT UDP-glucuronosyltransferase 1A3 OS=Rattus norvegicus OX=10116 GN=Ugt1a3 PE=2 SV=1
TRINITY_DN11717_c0_g2_i3.p2	sp|Q64638|UD15_RAT	41.5	130	166	531	1	130	386	515	5.27e-28	111	sp|Q64638|UD15_RAT UDP-glucuronosyltransferase 1A5 OS=Rattus norvegicus OX=10116 GN=Ugt1a5 PE=2 SV=1
TRINITY_DN11717_c0_g2_i3.p2	sp|Q64633|UD17_RAT	41.5	130	166	531	1	130	386	515	5.27e-28	111	sp|Q64633|UD17_RAT UDP-glucuronosyltransferase 1A7 OS=Rattus norvegicus OX=10116 GN=Ugt1a7 PE=2 SV=1
TRINITY_DN11717_c0_g2_i3.p2	sp|P20720|UD12_RAT	41.5	130	166	533	1	130	388	517	5.32e-28	111	sp|P20720|UD12_RAT UDP-glucuronosyltransferase 1-2 OS=Rattus norvegicus OX=10116 GN=Ugt1a2 PE=2 SV=2
TRINITY_DN11717_c0_g2_i3.p2	sp|Q64550|UD11_RAT	41.5	130	166	535	1	130	390	519	5.38e-28	111	sp|Q64550|UD11_RAT UDP-glucuronosyltransferase 1A1 OS=Rattus norvegicus OX=10116 GN=Ugt1a1 PE=1 SV=1
TRINITY_DN11717_c0_g2_i3.p2	sp|Q62452|UD19_MOUSE	41.5	130	166	528	1	130	383	512	9.82e-28	110	sp|Q62452|UD19_MOUSE UDP-glucuronosyltransferase 1A9 OS=Mus musculus OX=10090 GN=Ugt1a9 PE=1 SV=3
TRINITY_DN11717_c0_g2_i3.p2	sp|Q64435|UD16_MOUSE	41.5	130	166	531	1	130	386	515	9.97e-28	110	sp|Q64435|UD16_MOUSE UDP-glucuronosyltransferase 1A6 OS=Mus musculus OX=10090 GN=Ugt1a6 PE=1 SV=1
TRINITY_DN11717_c0_g2_i3.p2	sp|Q6ZQM8|UD17_MOUSE	41.5	130	166	531	1	130	386	515	9.97e-28	110	sp|Q6ZQM8|UD17_MOUSE UDP-glucuronosyltransferase 1A7 OS=Mus musculus OX=10090 GN=Ugt1a7 PE=1 SV=1
TRINITY_DN11717_c0_g2_i3.p2	sp|P70691|UD12_MOUSE	41.5	130	166	533	1	130	388	517	1.01e-27	110	sp|P70691|UD12_MOUSE UDP-glucuronosyltransferase 1-2 OS=Mus musculus OX=10090 GN=Ugt1a2 PE=1 SV=1
TRINITY_DN11717_c0_g2_i3.p2	sp|Q63886|UD11_MOUSE	41.5	130	166	535	1	130	390	519	1.02e-27	110	sp|Q63886|UD11_MOUSE UDP-glucuronosyltransferase 1A1 OS=Mus musculus OX=10090 GN=Ugt1a1 PE=1 SV=2
TRINITY_DN11717_c0_g2_i3.p2	sp|A0A291PQF1|UGT5_DACCO	42.2	128	166	526	4	127	380	507	4.40e-26	106	sp|A0A291PQF1|UGT5_DACCO UDP-glycosyltransferase UGT5 OS=Dactylopius coccus OX=765876 GN=UGT5 PE=1 SV=1
TRINITY_DN11717_c0_g2_i3.p2	sp|Q9HAW8|UD110_HUMAN	38.2	131	166	530	1	131	385	515	5.61e-25	103	sp|Q9HAW8|UD110_HUMAN UDP-glucuronosyltransferase 1A10 OS=Homo sapiens OX=9606 GN=UGT1A10 PE=1 SV=1
TRINITY_DN11717_c0_g2_i3.p2	sp|Q9HAW7|UD17_HUMAN	38.2	131	166	530	1	131	385	515	5.61e-25	103	sp|Q9HAW7|UD17_HUMAN UDP-glucuronosyltransferase 1A7 OS=Homo sapiens OX=9606 GN=UGT1A7 PE=1 SV=2
TRINITY_DN11717_c0_g2_i3.p2	sp|Q9HAW9|UD18_HUMAN	38.2	131	166	530	1	131	385	515	5.61e-25	103	sp|Q9HAW9|UD18_HUMAN UDP-glucuronosyltransferase 1A8 OS=Homo sapiens OX=9606 GN=UGT1A8 PE=1 SV=1
TRINITY_DN11717_c0_g2_i3.p2	sp|O60656|UD19_HUMAN	38.2	131	166	530	1	131	385	515	5.61e-25	103	sp|O60656|UD19_HUMAN UDP-glucuronosyltransferase 1A9 OS=Homo sapiens OX=9606 GN=UGT1A9 PE=1 SV=1
TRINITY_DN11717_c0_g2_i3.p2	sp|P19224|UD16_HUMAN	38.2	131	166	532	1	131	387	517	5.64e-25	103	sp|P19224|UD16_HUMAN UDP-glucuronosyltransferase 1A6 OS=Homo sapiens OX=9606 GN=UGT1A6 PE=1 SV=2
TRINITY_DN11717_c0_g2_i3.p2	sp|P22309|UD11_HUMAN	38.2	131	166	533	1	131	388	518	5.66e-25	103	sp|P22309|UD11_HUMAN UDP-glucuronosyltransferase 1A1 OS=Homo sapiens OX=9606 GN=UGT1A1 PE=1 SV=1
TRINITY_DN11717_c0_g2_i3.p2	sp|P35503|UD13_HUMAN	38.2	131	166	534	1	131	389	519	5.68e-25	103	sp|P35503|UD13_HUMAN UDP-glucuronosyltransferase 1A3 OS=Homo sapiens OX=9606 GN=UGT1A3 PE=1 SV=1
TRINITY_DN11717_c0_g2_i3.p2	sp|P22310|UD14_HUMAN	38.2	131	166	534	1	131	389	519	5.68e-25	103	sp|P22310|UD14_HUMAN UDP-glucuronosyltransferase 1A4 OS=Homo sapiens OX=9606 GN=UGT1A4 PE=1 SV=1
TRINITY_DN11717_c0_g2_i3.p2	sp|P35504|UD15_HUMAN	38.2	131	166	534	1	131	389	519	5.68e-25	103	sp|P35504|UD15_HUMAN UDP-glucuronosyltransferase 1A5 OS=Homo sapiens OX=9606 GN=UGT1A5 PE=1 SV=1
TRINITY_DN11717_c0_g2_i3.p2	sp|Q6UWM9|UD2A3_HUMAN	41.1	129	166	527	1	129	388	516	1.04e-24	102	sp|Q6UWM9|UD2A3_HUMAN UDP-glucuronosyltransferase 2A3 OS=Homo sapiens OX=9606 GN=UGT2A3 PE=1 SV=2
TRINITY_DN11717_c0_g2_i3.p2	sp|P36513|UDB14_RABIT	38.4	138	166	530	1	138	391	528	1.60e-22	96.3	sp|P36513|UDB14_RABIT UDP-glucuronosyltransferase 2B14 OS=Oryctolagus cuniculus OX=9986 GN=UGT2B14 PE=2 SV=1
TRINITY_DN11717_c0_g2_i3.p2	sp|Q91280|UGT3_PLEPL	38.6	132	166	472	1	132	332	463	1.82e-22	95.9	sp|Q91280|UGT3_PLEPL UDP-glucuronosyltransferase (Fragment) OS=Pleuronectes platessa OX=8262 GN=ugt3 PE=2 SV=1
TRINITY_DN12106_c1_g5_i1.p1	sp|A0A291PQF1|UGT5_DACCO	43.5	124	132	526	2	125	287	410	5.00e-32	121	sp|A0A291PQF1|UGT5_DACCO UDP-glycosyltransferase UGT5 OS=Dactylopius coccus OX=765876 GN=UGT5 PE=1 SV=1
TRINITY_DN12106_c1_g5_i1.p1	sp|Q98166|UDPE_GVLO	44.4	133	132	460	2	132	280	412	1.43e-31	119	sp|Q98166|UDPE_GVLO Ecdysteroid UDP-glucosyltransferase OS=Lacanobia oleracea granulosis virus OX=52412 GN=EGT PE=3 SV=1
TRINITY_DN12106_c1_g5_i1.p1	sp|Q88168|UDPE_NPVSL	41.8	134	132	515	3	131	301	431	8.48e-31	117	sp|Q88168|UDPE_NPVSL Ecdysteroid UDP-glucosyltransferase OS=Spodoptera littoralis nuclear polyhedrosis virus OX=10456 GN=EGT PE=3 SV=1
TRINITY_DN12106_c1_g5_i1.p1	sp|Q83140|UDPE_NPVMB	38.9	131	132	528	3	131	312	439	3.17e-29	113	sp|Q83140|UDPE_NPVMB Ecdysteroid UDP-glucosyltransferase OS=Mamestra brassicae nuclear polyhedrosis virus OX=78219 GN=EGT PE=3 SV=1
TRINITY_DN12106_c1_g5_i1.p1	sp|Q8BWQ1|UD2A3_MOUSE	37.1	132	132	534	1	132	301	430	2.64e-26	105	sp|Q8BWQ1|UD2A3_MOUSE UDP-glucuronosyltransferase 2A3 OS=Mus musculus OX=10090 GN=Ugt2a3 PE=1 SV=1
TRINITY_DN12106_c1_g5_i1.p1	sp|P36511|UDB15_RAT	37.9	132	132	530	1	132	302	431	3.57e-26	105	sp|P36511|UDB15_RAT UDP-glucuronosyltransferase 2B15 OS=Rattus norvegicus OX=10116 GN=Ugt2b15 PE=1 SV=1
TRINITY_DN12106_c1_g5_i1.p1	sp|P36512|UDB13_RABIT	38.6	132	132	531	1	132	303	432	3.58e-26	105	sp|P36512|UDB13_RABIT UDP-glucuronosyltransferase 2B13 OS=Oryctolagus cuniculus OX=9986 GN=UGT2B13 PE=2 SV=1
TRINITY_DN12106_c1_g5_i1.p1	sp|P18569|EGT_NPVAC	39.4	137	132	506	1	131	289	422	4.44e-26	104	sp|P18569|EGT_NPVAC Ecdysteroid UDP-glucosyltransferase OS=Autographa californica nuclear polyhedrosis virus OX=46015 GN=EGT PE=1 SV=1
TRINITY_DN12106_c1_g5_i1.p1	sp|O75310|UDB11_HUMAN	37.9	132	132	529	1	132	301	430	4.88e-26	104	sp|O75310|UDB11_HUMAN UDP-glucuronosyltransferase 2B11 OS=Homo sapiens OX=9606 GN=UGT2B11 PE=1 SV=1
TRINITY_DN12106_c1_g5_i1.p1	sp|O77649|UDB20_MACFA	38.6	132	132	530	1	132	302	431	6.73e-26	104	sp|O77649|UDB20_MACFA UDP-glucuronosyltransferase 2B20 OS=Macaca fascicularis OX=9541 GN=UGT2B20 PE=1 SV=1
TRINITY_DN12106_c1_g5_i1.p1	sp|Q6K1J1|UDB31_CANLF	35.6	132	132	530	1	132	302	431	6.73e-26	104	sp|Q6K1J1|UDB31_CANLF UDP-glucuronosyltransferase 2B31 OS=Canis lupus familiaris OX=9615 GN=UGT2B31 PE=1 SV=1
TRINITY_DN12106_c1_g5_i1.p1	sp|P06133|UD2B4_HUMAN	37.9	132	132	528	1	132	301	430	9.18e-26	103	sp|P06133|UD2B4_HUMAN UDP-glucuronosyltransferase 2B4 OS=Homo sapiens OX=9606 GN=UGT2B4 PE=1 SV=2
TRINITY_DN12106_c1_g5_i1.p1	sp|Q9XT55|UDB19_MACFA	38.2	131	132	528	2	132	302	430	9.18e-26	103	sp|Q9XT55|UDB19_MACFA UDP-glucuronosyltransferase 2B19 OS=Macaca fascicularis OX=9541 GN=UGT2B19 PE=1 SV=1
TRINITY_DN12106_c1_g5_i1.p1	sp|P16662|UD2B7_HUMAN	36.4	132	132	529	1	132	301	430	9.21e-26	103	sp|P16662|UD2B7_HUMAN UDP-glucuronosyltransferase 2B7 OS=Homo sapiens OX=9606 GN=UGT2B7 PE=1 SV=2
TRINITY_DN12106_c1_g5_i1.p1	sp|Q9GLD9|UDB33_MACMU	37.9	132	132	529	1	132	301	430	9.21e-26	103	sp|Q9GLD9|UDB33_MACMU UDP-glucuronosyltransferase 2B33 OS=Macaca mulatta OX=9544 GN=UGT2B33 PE=1 SV=1
TRINITY_DN12106_c1_g5_i1.p1	sp|P36513|UDB14_RABIT	35.6	132	132	530	1	132	302	431	9.24e-26	103	sp|P36513|UDB14_RABIT UDP-glucuronosyltransferase 2B14 OS=Oryctolagus cuniculus OX=9986 GN=UGT2B14 PE=2 SV=1
TRINITY_DN12106_c1_g5_i1.p1	sp|P36537|UDB10_HUMAN	36.4	132	132	528	1	132	300	429	1.26e-25	103	sp|P36537|UDB10_HUMAN UDP-glucuronosyltransferase 2B10 OS=Homo sapiens OX=9606 GN=UGT2B10 PE=1 SV=1
TRINITY_DN12106_c1_g5_i1.p1	sp|Q9TSL6|UDB23_MACFA	37.9	132	132	529	1	132	301	430	1.26e-25	103	sp|Q9TSL6|UDB23_MACFA UDP-glucuronosyltransferase 2B23 OS=Macaca fascicularis OX=9541 GN=UGT2B23 PE=1 SV=1
TRINITY_DN12106_c1_g5_i1.p1	sp|O19103|UDB16_RABIT	37.9	132	132	523	1	132	295	424	1.70e-25	103	sp|O19103|UDB16_RABIT UDP-glucuronosyltransferase 2B16 (Fragment) OS=Oryctolagus cuniculus OX=9986 GN=UGT2B16 PE=2 SV=2
TRINITY_DN12106_c1_g5_i1.p1	sp|P19488|UDB37_RAT	39.8	133	132	530	1	132	302	431	1.74e-25	103	sp|P19488|UDB37_RAT UDP-glucuronosyltransferase 2B37 OS=Rattus norvegicus OX=10116 GN=Ugt2b37 PE=1 SV=1
TRINITY_DN12106_c1_g5_i1.p1	sp|Q8WN97|UDB30_MACFA	37.4	131	132	528	2	132	302	430	2.37e-25	102	sp|Q8WN97|UDB30_MACFA UDP-glucuronosyltransferase 2B30 OS=Macaca fascicularis OX=9541 GN=UGT2B30 PE=1 SV=1
TRINITY_DN12106_c1_g5_i1.p1	sp|P54855|UDB15_HUMAN	37.1	132	132	530	1	132	302	431	2.39e-25	102	sp|P54855|UDB15_HUMAN UDP-glucuronosyltransferase 2B15 OS=Homo sapiens OX=9606 GN=UGT2B15 PE=1 SV=3
TRINITY_DN12106_c1_g5_i1.p1	sp|O75795|UDB17_HUMAN	37.1	132	132	530	1	132	302	431	2.39e-25	102	sp|O75795|UDB17_HUMAN UDP-glucuronosyltransferase 2B17 OS=Homo sapiens OX=9606 GN=UGT2B17 PE=1 SV=1
TRINITY_DN12106_c1_g5_i1.p1	sp|O97951|UDB18_MACFA	37.1	132	132	529	1	132	301	430	3.27e-25	102	sp|O97951|UDB18_MACFA UDP-glucuronosyltransferase 2B18 OS=Macaca fascicularis OX=9541 GN=UGT2B18 PE=1 SV=1
TRINITY_DN12106_c1_g5_i1.p1	sp|O02663|UD2B9_MACFA	36.4	132	132	529	1	132	301	430	8.44e-25	101	sp|O02663|UD2B9_MACFA UDP-glucuronosyltransferase 2B9 OS=Macaca fascicularis OX=9541 GN=UGT2B9 PE=2 SV=1
TRINITY_DN1342_c0_g2_i1.p5	sp|Q09575|YRD6_CAEEL	40.0	90	105	1268	4	93	866	955	1.61e-13	68.2	sp|Q09575|YRD6_CAEEL Uncharacterized protein K02A2.6 OS=Caenorhabditis elegans OX=6239 GN=K02A2.6 PE=4 SV=1
TRINITY_DN1342_c0_g2_i1.p5	sp|P03364|POL_SMRVH	34.1	91	105	1880	5	95	1669	1759	1.54e-10	59.7	sp|P03364|POL_SMRVH Gag-Pro-Pol polyprotein OS=Squirrel monkey retrovirus OX=11856 GN=pol PE=1 SV=3
TRINITY_DN1342_c0_g2_i1.p5	sp|P04025|POL_SRV1	32.0	100	105	1772	1	99	1572	1671	2.10e-10	59.3	sp|P04025|POL_SRV1 Gag-Pro-Pol polyprotein OS=Simian retrovirus SRV-1 OX=11942 GN=pol PE=3 SV=2
TRINITY_DN1342_c0_g2_i1.p5	sp|P07572|POL_MPMV	32.0	100	105	1771	1	99	1571	1670	2.86e-10	58.9	sp|P07572|POL_MPMV Gag-Pro-Pol polyprotein OS=Mason-Pfizer monkey virus OX=11855 GN=gag-pro-pol PE=1 SV=2
TRINITY_DN1342_c0_g2_i1.p5	sp|P03356|POL_MLVAV	36.3	91	105	1734	4	93	1469	1559	1.36e-09	57.0	sp|P03356|POL_MLVAV Gag-Pol polyprotein OS=AKV murine leukemia virus OX=11791 GN=pol PE=3 SV=3
TRINITY_DN1342_c0_g2_i1.p5	sp|Q7SVK7|POL_MLVBM	36.3	91	105	1734	4	93	1469	1559	1.85e-09	56.6	sp|Q7SVK7|POL_MLVBM Gag-pol polyprotein OS=Murine leukemia virus (strain BM5 eco) OX=31687 GN=gag-pol PE=3 SV=2
TRINITY_DN1342_c0_g2_i1.p5	sp|P12894|POL_IPMAI	33.0	91	105	814	1	90	582	672	3.34e-09	55.8	sp|P12894|POL_IPMAI Intracisternal A-particle Pol-related polyprotein (Fragment) OS=Mouse intracisternal a-particle IL3 OX=11754 PE=3 SV=1
TRINITY_DN1342_c0_g2_i1.p5	sp|P11368|POL_IPMA	33.0	91	105	867	1	90	664	754	3.35e-09	55.8	sp|P11368|POL_IPMA Intracisternal A-particle Pol-related polyprotein (Fragment) OS=Mouse intracisternal a-particle MIA14 OX=11753 GN=pol PE=3 SV=1
TRINITY_DN1342_c0_g2_i1.p5	sp|P03360|POL_AVIRE	32.3	93	105	1152	4	93	889	979	1.18e-08	54.3	sp|P03360|POL_AVIRE Gag-Pol polyprotein (Fragment) OS=Avian reticuloendotheliosis virus OX=11636 GN=pol PE=1 SV=2
TRINITY_DN1342_c0_g2_i1.p5	sp|P03363|POL_HTLV2	29.2	96	105	1461	5	100	1244	1339	1.63e-08	53.9	sp|P03363|POL_HTLV2 Gag-Pro-Pol polyprotein OS=Human T-cell leukemia virus 2 OX=11909 GN=gag-pro-pol PE=1 SV=4
TRINITY_DN1342_c0_g2_i1.p5	sp|P04026|POL_IPHA	32.6	86	105	863	5	90	622	706	5.52e-08	52.4	sp|P04026|POL_IPHA Intracisternal A-particle Pol-related polyprotein (Fragment) OS=Hamster intracisternal a-particle H18 OX=11752 GN=pol PE=3 SV=1
TRINITY_DN1342_c0_g2_i1.p5	sp|O93209|POL_FFV	30.2	96	105	1156	4	99	895	989	7.65e-08	52.0	sp|O93209|POL_FFV Pro-Pol polyprotein OS=Feline foamy virus OX=53182 GN=pol PE=3 SV=1
TRINITY_DN1342_c0_g2_i1.p5	sp|P03975|IGEB_MOUSE	41.5	53	105	557	38	90	432	484	1.36e-07	51.2	sp|P03975|IGEB_MOUSE IgE-binding protein OS=Mus musculus OX=10090 GN=Iap PE=2 SV=1
TRINITY_DN1342_c0_g2_i1.p5	sp|P51517|POL_SRV2	28.4	95	105	1768	5	99	1573	1667	1.45e-07	51.2	sp|P51517|POL_SRV2 Gag-Pro-Pol polyprotein OS=Simian retrovirus SRV-2 OX=39068 GN=pol PE=3 SV=2
TRINITY_DN1342_c0_g2_i1.p5	sp|O92815|POL_WDSV	29.9	97	105	1752	1	96	1503	1599	1.98e-07	50.8	sp|O92815|POL_WDSV Gag-Pol polyprotein OS=Walleye dermal sarcoma virus OX=39720 GN=gag-pol PE=1 SV=2
TRINITY_DN1342_c0_g2_i1.p5	sp|P27980|POL_SIVVG	35.0	100	105	1465	4	100	1248	1343	5.00e-07	49.7	sp|P27980|POL_SIVVG Gag-Pol polyprotein OS=Simian immunodeficiency virus agm.vervet (isolate AGM3) OX=11730 GN=gag-pol PE=3 SV=2
TRINITY_DN1342_c0_g2_i1.p5	sp|P0C211|POL_HTL1L	32.9	82	105	1462	2	83	1242	1323	6.83e-07	49.3	sp|P0C211|POL_HTL1L Gag-Pro-Pol polyprotein OS=Human T-cell leukemia virus 1 (isolate Melanesia mel5 subtype C) OX=402046 GN=gag-pro-pol PE=1 SV=2
TRINITY_DN1342_c0_g2_i1.p5	sp|P05895|POL_SIVVT	35.0	100	105	1467	4	100	1250	1345	6.83e-07	49.3	sp|P05895|POL_SIVVT Gag-Pol polyprotein OS=Simian immunodeficiency virus agm.vervet (isolate AGM TYO-1) OX=11731 GN=gag-pol PE=3 SV=2
TRINITY_DN1342_c0_g2_i1.p5	sp|P31623|POL_JSRV	39.3	56	105	1726	35	90	1556	1611	6.87e-07	49.3	sp|P31623|POL_JSRV Gag-Pro-Pol polyprotein OS=Sheep pulmonary adenomatosis virus OX=11746 GN=pol PE=3 SV=2
TRINITY_DN1342_c0_g2_i1.p5	sp|P03362|POL_HTL1A	32.9	82	105	1462	2	83	1242	1323	9.32e-07	48.9	sp|P03362|POL_HTL1A Gag-Pro-Pol polyprotein OS=Human T-cell leukemia virus 1 (strain Japan ATK-1 subtype A) OX=11926 GN=gag-pro-pol PE=1 SV=3
TRINITY_DN1342_c0_g2_i1.p5	sp|P14078|POL_HTL1C	32.9	82	105	1462	2	83	1242	1323	1.74e-06	48.1	sp|P14078|POL_HTL1C Gag-Pro-Pol polyprotein OS=Human T-cell leukemia virus 1 (isolate Caribbea HS-35 subtype A) OX=11927 GN=gag-pro-pol PE=1 SV=3
TRINITY_DN1342_c0_g2_i1.p5	sp|P22382|POL_SIVGB	43.3	60	105	1441	42	101	1267	1326	4.42e-06	47.0	sp|P22382|POL_SIVGB Gag-Pol polyprotein OS=Simian immunodeficiency virus (isolate GB1) OX=11732 GN=gag-pol PE=3 SV=2
TRINITY_DN1342_c0_g2_i1.p5	sp|P27973|POL_SIVV1	33.0	100	105	1470	4	100	1247	1342	4.42e-06	47.0	sp|P27973|POL_SIVV1 Gag-Pol polyprotein OS=Simian immunodeficiency virus agm.vervet (isolate AGM155) OX=11727 GN=gag-pol PE=3 SV=2
TRINITY_DN1342_c0_g2_i1.p5	sp|Q02836|POL_SIVG1	31.3	99	105	1472	4	102	1243	1340	8.24e-06	46.2	sp|Q02836|POL_SIVG1 Gag-Pol polyprotein OS=Simian immunodeficiency virus agm.grivet (isolate AGM gr-1) OX=31684 GN=gag-pol PE=3 SV=2
TRINITY_DN1342_c0_g2_i1.p5	sp|P11204|POL_EIAV9	32.2	90	105	1146	4	93	949	1037	1.11e-05	45.8	sp|P11204|POL_EIAV9 Pol polyprotein OS=Equine infectious anemia virus (isolate 1369) OX=11670 GN=pol PE=1 SV=1
TRINITY_DN1342_c0_g2_i1.p1	sp|Q09363|SQV8_CAEEL	54.1	242	287	356	37	268	91	330	6.38e-80	248	sp|Q09363|SQV8_CAEEL Galactosylgalactosylxylosylprotein 3-beta-glucuronosyltransferase sqv-8 OS=Caenorhabditis elegans OX=6239 GN=sqv-8 PE=1 SV=1
TRINITY_DN1342_c0_g2_i1.p1	sp|O97422|B3GI_DROME	54.2	238	287	306	42	265	49	284	1.80e-78	243	sp|O97422|B3GI_DROME Galactosylgalactosylxylosylprotein 3-beta-glucuronosyltransferase I OS=Drosophila melanogaster OX=7227 GN=GlcAT-I PE=2 SV=2
TRINITY_DN1342_c0_g2_i1.p1	sp|Q9P2W7|B3GA1_HUMAN	49.4	245	287	334	39	273	80	324	3.40e-77	241	sp|Q9P2W7|B3GA1_HUMAN Galactosylgalactosylxylosylprotein 3-beta-glucuronosyltransferase 1 OS=Homo sapiens OX=9606 GN=B3GAT1 PE=1 SV=2
TRINITY_DN1342_c0_g2_i1.p1	sp|Q5CB03|B3GA1_CANLF	49.4	245	287	335	39	273	81	325	3.50e-77	241	sp|Q5CB03|B3GA1_CANLF Galactosylgalactosylxylosylprotein 3-beta-glucuronosyltransferase 1 OS=Canis lupus familiaris OX=9615 GN=B3GAT1 PE=2 SV=1
TRINITY_DN1342_c0_g2_i1.p1	sp|Q9CW73|B3GA1_MOUSE	49.4	245	287	334	39	273	80	324	4.81e-77	240	sp|Q9CW73|B3GA1_MOUSE Galactosylgalactosylxylosylprotein 3-beta-glucuronosyltransferase 1 OS=Mus musculus OX=10090 GN=B3gat1 PE=2 SV=3
TRINITY_DN1342_c0_g2_i1.p1	sp|O35789|B3GA1_RAT	49.4	245	287	334	39	273	80	324	4.81e-77	240	sp|O35789|B3GA1_RAT Galactosylgalactosylxylosylprotein 3-beta-glucuronosyltransferase 1 OS=Rattus norvegicus OX=10116 GN=B3gat1 PE=1 SV=2
TRINITY_DN1342_c0_g2_i1.p1	sp|O94766|B3GA3_HUMAN	48.2	251	287	335	42	276	74	324	2.25e-75	236	sp|O94766|B3GA3_HUMAN Galactosylgalactosylxylosylprotein 3-beta-glucuronosyltransferase 3 OS=Homo sapiens OX=9606 GN=B3GAT3 PE=1 SV=2
TRINITY_DN1342_c0_g2_i1.p1	sp|Q9WU47|B3GA3_CRIGR	48.6	251	287	335	42	276	74	324	1.80e-74	234	sp|Q9WU47|B3GA3_CRIGR Galactosylgalactosylxylosylprotein 3-beta-glucuronosyltransferase 3 OS=Cricetulus griseus OX=10029 GN=B3GAT3 PE=2 SV=1
TRINITY_DN1342_c0_g2_i1.p1	sp|P58158|B3GA3_MOUSE	48.6	251	287	335	42	276	74	324	1.80e-74	234	sp|P58158|B3GA3_MOUSE Galactosylgalactosylxylosylprotein 3-beta-glucuronosyltransferase 3 OS=Mus musculus OX=10090 GN=B3gat3 PE=1 SV=1
TRINITY_DN1342_c0_g2_i1.p1	sp|Q5CAZ6|B3GA2_CANLF	48.9	237	287	329	42	275	85	321	3.01e-74	233	sp|Q5CAZ6|B3GA2_CANLF Galactosylgalactosylxylosylprotein 3-beta-glucuronosyltransferase 2 OS=Canis lupus familiaris OX=9615 GN=B3GAT2 PE=2 SV=1
TRINITY_DN1342_c0_g2_i1.p1	sp|Q9NPZ5|B3GA2_HUMAN	49.4	235	287	323	42	273	79	313	3.56e-74	233	sp|Q9NPZ5|B3GA2_HUMAN Galactosylgalactosylxylosylprotein 3-beta-glucuronosyltransferase 2 OS=Homo sapiens OX=9606 GN=B3GAT2 PE=1 SV=2
TRINITY_DN1342_c0_g2_i1.p1	sp|P59270|B3GA2_MOUSE	49.4	235	287	324	42	273	80	314	7.33e-74	232	sp|P59270|B3GA2_MOUSE Galactosylgalactosylxylosylprotein 3-beta-glucuronosyltransferase 2 OS=Mus musculus OX=10090 GN=B3gat2 PE=2 SV=1
TRINITY_DN1342_c0_g2_i1.p1	sp|Q9Z137|B3GA2_RAT	48.9	235	287	324	42	273	80	314	2.07e-73	231	sp|Q9Z137|B3GA2_RAT Galactosylgalactosylxylosylprotein 3-beta-glucuronosyltransferase 2 OS=Rattus norvegicus OX=10116 GN=B3gat2 PE=1 SV=1
TRINITY_DN1342_c0_g2_i1.p1	sp|Q5CB04|B3GA1_PANTR	47.8	245	287	332	39	273	80	322	4.21e-72	228	sp|Q5CB04|B3GA1_PANTR Galactosylgalactosylxylosylprotein 3-beta-glucuronosyltransferase 1 OS=Pan troglodytes OX=9598 GN=B3GAT1 PE=2 SV=1
TRINITY_DN1342_c0_g2_i1.p1	sp|Q9VTG7|B3G2P_DROME	38.4	250	287	479	24	267	218	454	4.10e-48	169	sp|Q9VTG7|B3G2P_DROME Galactosylgalactosylxylosylprotein 3-beta-glucuronosyltransferase P OS=Drosophila melanogaster OX=7227 GN=GlcAT-P PE=2 SV=1
TRINITY_DN1342_c0_g2_i1.p1	sp|Q9VLA1|B3G2S_DROME	37.0	227	287	409	42	264	130	350	4.97e-44	157	sp|Q9VLA1|B3G2S_DROME Galactosylgalactosylxylosylprotein 3-beta-glucuronosyltransferase S OS=Drosophila melanogaster OX=7227 GN=GlcAT-S PE=1 SV=2
TRINITY_DN1342_c0_g2_i1.p1	sp|Q9SXC4|IRX9H_ARATH	33.9	230	287	394	48	260	146	367	3.87e-29	117	sp|Q9SXC4|IRX9H_ARATH Probable beta-1,4-xylosyltransferase IRX9H OS=Arabidopsis thaliana OX=3702 GN=IRX9H PE=2 SV=2
TRINITY_DN1342_c0_g2_i1.p1	sp|Q5QM25|IRX9L_ORYSJ	32.0	241	287	446	48	271	198	430	7.92e-22	97.8	sp|Q5QM25|IRX9L_ORYSJ Probable beta-1,4-xylosyltransferase IRX9L OS=Oryza sativa subsp. japonica OX=39947 GN=IRX9L PE=2 SV=1
TRINITY_DN1342_c0_g2_i1.p1	sp|Q6AT32|GT43E_ORYSJ	30.3	244	287	451	48	271	200	435	1.12e-21	97.4	sp|Q6AT32|GT43E_ORYSJ Probable beta-1,4-xylosyltransferase GT43E OS=Oryza sativa subsp. japonica OX=39947 GN=GT43E PE=2 SV=1
TRINITY_DN1342_c0_g2_i1.p1	sp|Q8S626|GT102_ORYSJ	28.1	242	287	351	48	260	82	317	5.53e-17	83.2	sp|Q8S626|GT102_ORYSJ Probable glucuronosyltransferase Os10g0205300 OS=Oryza sativa subsp. japonica OX=39947 GN=Os10g0205300 PE=2 SV=1
TRINITY_DN1342_c0_g2_i1.p1	sp|Q7XTB2|GT43H_ORYSJ	26.6	248	287	381	48	272	131	366	1.11e-15	79.7	sp|Q7XTB2|GT43H_ORYSJ Probable glucuronosyltransferase Os04g0103100 OS=Oryza sativa subsp. japonica OX=39947 GN=GT43H PE=2 SV=2
TRINITY_DN1342_c0_g2_i1.p1	sp|Q75L84|GT43A_ORYSJ	27.4	252	287	371	60	270	126	369	3.79e-12	69.3	sp|Q75L84|GT43A_ORYSJ Probable beta-1,4-xylosyltransferase GT43A OS=Oryza sativa subsp. japonica OX=39947 GN=GT43A PE=2 SV=1
TRINITY_DN1342_c0_g2_i1.p1	sp|Q10N05|GT32_ORYSJ	32.4	182	287	415	59	214	116	290	1.06e-11	68.2	sp|Q10N05|GT32_ORYSJ Probable glucuronosyltransferase Os03g0287800 OS=Oryza sativa subsp. japonica OX=39947 GN=Os03g0287800 PE=3 SV=1
TRINITY_DN1342_c0_g2_i1.p1	sp|Q653F4|IRX14_ORYSJ	24.4	258	287	524	48	264	201	455	3.06e-11	67.0	sp|Q653F4|IRX14_ORYSJ Probable beta-1,4-xylosyltransferase IRX14 OS=Oryza sativa subsp. japonica OX=39947 GN=IRX14 PE=2 SV=1
TRINITY_DN1342_c0_g2_i1.p1	sp|B9FCV3|GT43_ORYSJ	27.5	244	287	446	43	263	171	400	2.29e-09	61.2	sp|B9FCV3|GT43_ORYSJ Probable glucuronosyltransferase Os04g0650300 OS=Oryza sativa subsp. japonica OX=39947 GN=Os04g0650300 PE=3 SV=1
TRINITY_DN1342_c0_g2_i10.p4	sp|Q09575|YRD6_CAEEL	40.0	90	105	1268	4	93	866	955	1.61e-13	68.2	sp|Q09575|YRD6_CAEEL Uncharacterized protein K02A2.6 OS=Caenorhabditis elegans OX=6239 GN=K02A2.6 PE=4 SV=1
TRINITY_DN1342_c0_g2_i10.p4	sp|P03364|POL_SMRVH	34.1	91	105	1880	5	95	1669	1759	1.54e-10	59.7	sp|P03364|POL_SMRVH Gag-Pro-Pol polyprotein OS=Squirrel monkey retrovirus OX=11856 GN=pol PE=1 SV=3
TRINITY_DN1342_c0_g2_i10.p4	sp|P04025|POL_SRV1	32.0	100	105	1772	1	99	1572	1671	2.10e-10	59.3	sp|P04025|POL_SRV1 Gag-Pro-Pol polyprotein OS=Simian retrovirus SRV-1 OX=11942 GN=pol PE=3 SV=2
TRINITY_DN1342_c0_g2_i10.p4	sp|P07572|POL_MPMV	32.0	100	105	1771	1	99	1571	1670	2.86e-10	58.9	sp|P07572|POL_MPMV Gag-Pro-Pol polyprotein OS=Mason-Pfizer monkey virus OX=11855 GN=gag-pro-pol PE=1 SV=2
TRINITY_DN1342_c0_g2_i10.p4	sp|P03356|POL_MLVAV	36.3	91	105	1734	4	93	1469	1559	1.36e-09	57.0	sp|P03356|POL_MLVAV Gag-Pol polyprotein OS=AKV murine leukemia virus OX=11791 GN=pol PE=3 SV=3
TRINITY_DN1342_c0_g2_i10.p4	sp|Q7SVK7|POL_MLVBM	36.3	91	105	1734	4	93	1469	1559	1.85e-09	56.6	sp|Q7SVK7|POL_MLVBM Gag-pol polyprotein OS=Murine leukemia virus (strain BM5 eco) OX=31687 GN=gag-pol PE=3 SV=2
TRINITY_DN1342_c0_g2_i10.p4	sp|P12894|POL_IPMAI	33.0	91	105	814	1	90	582	672	3.34e-09	55.8	sp|P12894|POL_IPMAI Intracisternal A-particle Pol-related polyprotein (Fragment) OS=Mouse intracisternal a-particle IL3 OX=11754 PE=3 SV=1
TRINITY_DN1342_c0_g2_i10.p4	sp|P11368|POL_IPMA	33.0	91	105	867	1	90	664	754	3.35e-09	55.8	sp|P11368|POL_IPMA Intracisternal A-particle Pol-related polyprotein (Fragment) OS=Mouse intracisternal a-particle MIA14 OX=11753 GN=pol PE=3 SV=1
TRINITY_DN1342_c0_g2_i10.p4	sp|P03360|POL_AVIRE	32.3	93	105	1152	4	93	889	979	1.18e-08	54.3	sp|P03360|POL_AVIRE Gag-Pol polyprotein (Fragment) OS=Avian reticuloendotheliosis virus OX=11636 GN=pol PE=1 SV=2
TRINITY_DN1342_c0_g2_i10.p4	sp|P03363|POL_HTLV2	29.2	96	105	1461	5	100	1244	1339	1.63e-08	53.9	sp|P03363|POL_HTLV2 Gag-Pro-Pol polyprotein OS=Human T-cell leukemia virus 2 OX=11909 GN=gag-pro-pol PE=1 SV=4
TRINITY_DN1342_c0_g2_i10.p4	sp|P04026|POL_IPHA	32.6	86	105	863	5	90	622	706	5.52e-08	52.4	sp|P04026|POL_IPHA Intracisternal A-particle Pol-related polyprotein (Fragment) OS=Hamster intracisternal a-particle H18 OX=11752 GN=pol PE=3 SV=1
TRINITY_DN1342_c0_g2_i10.p4	sp|O93209|POL_FFV	30.2	96	105	1156	4	99	895	989	7.65e-08	52.0	sp|O93209|POL_FFV Pro-Pol polyprotein OS=Feline foamy virus OX=53182 GN=pol PE=3 SV=1
TRINITY_DN1342_c0_g2_i10.p4	sp|P03975|IGEB_MOUSE	41.5	53	105	557	38	90	432	484	1.36e-07	51.2	sp|P03975|IGEB_MOUSE IgE-binding protein OS=Mus musculus OX=10090 GN=Iap PE=2 SV=1
TRINITY_DN1342_c0_g2_i10.p4	sp|P51517|POL_SRV2	28.4	95	105	1768	5	99	1573	1667	1.45e-07	51.2	sp|P51517|POL_SRV2 Gag-Pro-Pol polyprotein OS=Simian retrovirus SRV-2 OX=39068 GN=pol PE=3 SV=2
TRINITY_DN1342_c0_g2_i10.p4	sp|O92815|POL_WDSV	29.9	97	105	1752	1	96	1503	1599	1.98e-07	50.8	sp|O92815|POL_WDSV Gag-Pol polyprotein OS=Walleye dermal sarcoma virus OX=39720 GN=gag-pol PE=1 SV=2
TRINITY_DN1342_c0_g2_i10.p4	sp|P27980|POL_SIVVG	35.0	100	105	1465	4	100	1248	1343	5.00e-07	49.7	sp|P27980|POL_SIVVG Gag-Pol polyprotein OS=Simian immunodeficiency virus agm.vervet (isolate AGM3) OX=11730 GN=gag-pol PE=3 SV=2
TRINITY_DN1342_c0_g2_i10.p4	sp|P0C211|POL_HTL1L	32.9	82	105	1462	2	83	1242	1323	6.83e-07	49.3	sp|P0C211|POL_HTL1L Gag-Pro-Pol polyprotein OS=Human T-cell leukemia virus 1 (isolate Melanesia mel5 subtype C) OX=402046 GN=gag-pro-pol PE=1 SV=2
TRINITY_DN1342_c0_g2_i10.p4	sp|P05895|POL_SIVVT	35.0	100	105	1467	4	100	1250	1345	6.83e-07	49.3	sp|P05895|POL_SIVVT Gag-Pol polyprotein OS=Simian immunodeficiency virus agm.vervet (isolate AGM TYO-1) OX=11731 GN=gag-pol PE=3 SV=2
TRINITY_DN1342_c0_g2_i10.p4	sp|P31623|POL_JSRV	39.3	56	105	1726	35	90	1556	1611	6.87e-07	49.3	sp|P31623|POL_JSRV Gag-Pro-Pol polyprotein OS=Sheep pulmonary adenomatosis virus OX=11746 GN=pol PE=3 SV=2
TRINITY_DN1342_c0_g2_i10.p4	sp|P03362|POL_HTL1A	32.9	82	105	1462	2	83	1242	1323	9.32e-07	48.9	sp|P03362|POL_HTL1A Gag-Pro-Pol polyprotein OS=Human T-cell leukemia virus 1 (strain Japan ATK-1 subtype A) OX=11926 GN=gag-pro-pol PE=1 SV=3
TRINITY_DN1342_c0_g2_i10.p4	sp|P14078|POL_HTL1C	32.9	82	105	1462	2	83	1242	1323	1.74e-06	48.1	sp|P14078|POL_HTL1C Gag-Pro-Pol polyprotein OS=Human T-cell leukemia virus 1 (isolate Caribbea HS-35 subtype A) OX=11927 GN=gag-pro-pol PE=1 SV=3
TRINITY_DN1342_c0_g2_i10.p4	sp|P22382|POL_SIVGB	43.3	60	105	1441	42	101	1267	1326	4.42e-06	47.0	sp|P22382|POL_SIVGB Gag-Pol polyprotein OS=Simian immunodeficiency virus (isolate GB1) OX=11732 GN=gag-pol PE=3 SV=2
TRINITY_DN1342_c0_g2_i10.p4	sp|P27973|POL_SIVV1	33.0	100	105	1470	4	100	1247	1342	4.42e-06	47.0	sp|P27973|POL_SIVV1 Gag-Pol polyprotein OS=Simian immunodeficiency virus agm.vervet (isolate AGM155) OX=11727 GN=gag-pol PE=3 SV=2
TRINITY_DN1342_c0_g2_i10.p4	sp|Q02836|POL_SIVG1	31.3	99	105	1472	4	102	1243	1340	8.24e-06	46.2	sp|Q02836|POL_SIVG1 Gag-Pol polyprotein OS=Simian immunodeficiency virus agm.grivet (isolate AGM gr-1) OX=31684 GN=gag-pol PE=3 SV=2
TRINITY_DN1342_c0_g2_i10.p4	sp|P11204|POL_EIAV9	32.2	90	105	1146	4	93	949	1037	1.11e-05	45.8	sp|P11204|POL_EIAV9 Pol polyprotein OS=Equine infectious anemia virus (isolate 1369) OX=11670 GN=pol PE=1 SV=1
TRINITY_DN1342_c0_g2_i10.p2	sp|O97422|B3GI_DROME	61.6	125	143	306	1	121	160	284	9.14e-48	159	sp|O97422|B3GI_DROME Galactosylgalactosylxylosylprotein 3-beta-glucuronosyltransferase I OS=Drosophila melanogaster OX=7227 GN=GlcAT-I PE=2 SV=2
TRINITY_DN1342_c0_g2_i10.p2	sp|Q5CAZ6|B3GA2_CANLF	56.5	131	143	329	2	131	191	321	5.62e-45	152	sp|Q5CAZ6|B3GA2_CANLF Galactosylgalactosylxylosylprotein 3-beta-glucuronosyltransferase 2 OS=Canis lupus familiaris OX=9615 GN=B3GAT2 PE=2 SV=1
TRINITY_DN1342_c0_g2_i10.p2	sp|Q9NPZ5|B3GA2_HUMAN	57.4	129	143	323	2	129	185	313	6.88e-45	152	sp|Q9NPZ5|B3GA2_HUMAN Galactosylgalactosylxylosylprotein 3-beta-glucuronosyltransferase 2 OS=Homo sapiens OX=9606 GN=B3GAT2 PE=1 SV=2
TRINITY_DN1342_c0_g2_i10.p2	sp|P59270|B3GA2_MOUSE	57.4	129	143	324	2	129	186	314	7.05e-45	152	sp|P59270|B3GA2_MOUSE Galactosylgalactosylxylosylprotein 3-beta-glucuronosyltransferase 2 OS=Mus musculus OX=10090 GN=B3gat2 PE=2 SV=1
TRINITY_DN1342_c0_g2_i10.p2	sp|Q09363|SQV8_CAEEL	60.0	125	143	356	2	124	206	330	7.40e-45	152	sp|Q09363|SQV8_CAEEL Galactosylgalactosylxylosylprotein 3-beta-glucuronosyltransferase sqv-8 OS=Caenorhabditis elegans OX=6239 GN=sqv-8 PE=1 SV=1
TRINITY_DN1342_c0_g2_i10.p2	sp|Q9Z137|B3GA2_RAT	56.6	129	143	324	2	129	186	314	1.98e-44	150	sp|Q9Z137|B3GA2_RAT Galactosylgalactosylxylosylprotein 3-beta-glucuronosyltransferase 2 OS=Rattus norvegicus OX=10116 GN=B3gat2 PE=1 SV=1
TRINITY_DN1342_c0_g2_i10.p2	sp|O94766|B3GA3_HUMAN	50.4	131	143	335	2	132	194	324	5.61e-43	147	sp|O94766|B3GA3_HUMAN Galactosylgalactosylxylosylprotein 3-beta-glucuronosyltransferase 3 OS=Homo sapiens OX=9606 GN=B3GAT3 PE=1 SV=2
TRINITY_DN1342_c0_g2_i10.p2	sp|Q9WU47|B3GA3_CRIGR	50.4	131	143	335	2	132	194	324	1.23e-41	144	sp|Q9WU47|B3GA3_CRIGR Galactosylgalactosylxylosylprotein 3-beta-glucuronosyltransferase 3 OS=Cricetulus griseus OX=10029 GN=B3GAT3 PE=2 SV=1
TRINITY_DN1342_c0_g2_i10.p2	sp|P58158|B3GA3_MOUSE	50.4	131	143	335	2	132	194	324	1.23e-41	144	sp|P58158|B3GA3_MOUSE Galactosylgalactosylxylosylprotein 3-beta-glucuronosyltransferase 3 OS=Mus musculus OX=10090 GN=B3gat3 PE=1 SV=1
TRINITY_DN1342_c0_g2_i10.p2	sp|Q9P2W7|B3GA1_HUMAN	53.8	130	143	334	2	129	195	324	2.38e-41	143	sp|Q9P2W7|B3GA1_HUMAN Galactosylgalactosylxylosylprotein 3-beta-glucuronosyltransferase 1 OS=Homo sapiens OX=9606 GN=B3GAT1 PE=1 SV=2
TRINITY_DN1342_c0_g2_i10.p2	sp|Q9CW73|B3GA1_MOUSE	53.8	130	143	334	2	129	195	324	2.38e-41	143	sp|Q9CW73|B3GA1_MOUSE Galactosylgalactosylxylosylprotein 3-beta-glucuronosyltransferase 1 OS=Mus musculus OX=10090 GN=B3gat1 PE=2 SV=3
TRINITY_DN1342_c0_g2_i10.p2	sp|O35789|B3GA1_RAT	53.8	130	143	334	2	129	195	324	2.38e-41	143	sp|O35789|B3GA1_RAT Galactosylgalactosylxylosylprotein 3-beta-glucuronosyltransferase 1 OS=Rattus norvegicus OX=10116 GN=B3gat1 PE=1 SV=2
TRINITY_DN1342_c0_g2_i10.p2	sp|Q5CB03|B3GA1_CANLF	53.8	130	143	335	2	129	196	325	2.44e-41	143	sp|Q5CB03|B3GA1_CANLF Galactosylgalactosylxylosylprotein 3-beta-glucuronosyltransferase 1 OS=Canis lupus familiaris OX=9615 GN=B3GAT1 PE=2 SV=1
TRINITY_DN1342_c0_g2_i10.p2	sp|Q5CB04|B3GA1_PANTR	50.8	130	143	332	2	129	195	322	2.53e-36	130	sp|Q5CB04|B3GA1_PANTR Galactosylgalactosylxylosylprotein 3-beta-glucuronosyltransferase 1 OS=Pan troglodytes OX=9598 GN=B3GAT1 PE=2 SV=1
TRINITY_DN1342_c0_g2_i10.p2	sp|Q9VTG7|B3G2P_DROME	39.5	124	143	479	2	123	333	454	1.40e-24	100	sp|Q9VTG7|B3G2P_DROME Galactosylgalactosylxylosylprotein 3-beta-glucuronosyltransferase P OS=Drosophila melanogaster OX=7227 GN=GlcAT-P PE=2 SV=1
TRINITY_DN1342_c0_g2_i10.p2	sp|Q9VLA1|B3G2S_DROME	40.0	120	143	409	2	120	233	350	1.12e-22	95.1	sp|Q9VLA1|B3G2S_DROME Galactosylgalactosylxylosylprotein 3-beta-glucuronosyltransferase S OS=Drosophila melanogaster OX=7227 GN=GlcAT-S PE=1 SV=2
TRINITY_DN1342_c0_g2_i10.p2	sp|Q5QM25|IRX9L_ORYSJ	33.1	142	143	446	2	127	290	430	4.86e-15	73.9	sp|Q5QM25|IRX9L_ORYSJ Probable beta-1,4-xylosyltransferase IRX9L OS=Oryza sativa subsp. japonica OX=39947 GN=IRX9L PE=2 SV=1
TRINITY_DN1342_c0_g2_i10.p2	sp|Q9SXC4|IRX9H_ARATH	32.8	131	143	394	2	116	238	367	2.87e-14	71.6	sp|Q9SXC4|IRX9H_ARATH Probable beta-1,4-xylosyltransferase IRX9H OS=Arabidopsis thaliana OX=3702 GN=IRX9H PE=2 SV=2
TRINITY_DN1342_c0_g2_i10.p2	sp|Q6AT32|GT43E_ORYSJ	31.7	145	143	451	2	127	292	435	8.01e-14	70.5	sp|Q6AT32|GT43E_ORYSJ Probable beta-1,4-xylosyltransferase GT43E OS=Oryza sativa subsp. japonica OX=39947 GN=GT43E PE=2 SV=1
TRINITY_DN1342_c0_g2_i10.p2	sp|Q8S626|GT102_ORYSJ	27.7	130	143	351	2	116	188	317	8.17e-08	53.1	sp|Q8S626|GT102_ORYSJ Probable glucuronosyltransferase Os10g0205300 OS=Oryza sativa subsp. japonica OX=39947 GN=Os10g0205300 PE=2 SV=1
TRINITY_DN1342_c0_g2_i10.p2	sp|Q75L84|GT43A_ORYSJ	26.4	140	143	371	7	115	213	350	3.34e-04	42.7	sp|Q75L84|GT43A_ORYSJ Probable beta-1,4-xylosyltransferase GT43A OS=Oryza sativa subsp. japonica OX=39947 GN=GT43A PE=2 SV=1
TRINITY_DN1342_c0_g2_i2.p2	sp|O97422|B3GI_DROME	61.6	125	143	306	1	121	160	284	9.14e-48	159	sp|O97422|B3GI_DROME Galactosylgalactosylxylosylprotein 3-beta-glucuronosyltransferase I OS=Drosophila melanogaster OX=7227 GN=GlcAT-I PE=2 SV=2
TRINITY_DN1342_c0_g2_i2.p2	sp|Q5CAZ6|B3GA2_CANLF	56.5	131	143	329	2	131	191	321	5.62e-45	152	sp|Q5CAZ6|B3GA2_CANLF Galactosylgalactosylxylosylprotein 3-beta-glucuronosyltransferase 2 OS=Canis lupus familiaris OX=9615 GN=B3GAT2 PE=2 SV=1
TRINITY_DN1342_c0_g2_i2.p2	sp|Q9NPZ5|B3GA2_HUMAN	57.4	129	143	323	2	129	185	313	6.88e-45	152	sp|Q9NPZ5|B3GA2_HUMAN Galactosylgalactosylxylosylprotein 3-beta-glucuronosyltransferase 2 OS=Homo sapiens OX=9606 GN=B3GAT2 PE=1 SV=2
TRINITY_DN1342_c0_g2_i2.p2	sp|P59270|B3GA2_MOUSE	57.4	129	143	324	2	129	186	314	7.05e-45	152	sp|P59270|B3GA2_MOUSE Galactosylgalactosylxylosylprotein 3-beta-glucuronosyltransferase 2 OS=Mus musculus OX=10090 GN=B3gat2 PE=2 SV=1
TRINITY_DN1342_c0_g2_i2.p2	sp|Q09363|SQV8_CAEEL	60.0	125	143	356	2	124	206	330	7.40e-45	152	sp|Q09363|SQV8_CAEEL Galactosylgalactosylxylosylprotein 3-beta-glucuronosyltransferase sqv-8 OS=Caenorhabditis elegans OX=6239 GN=sqv-8 PE=1 SV=1
TRINITY_DN1342_c0_g2_i2.p2	sp|Q9Z137|B3GA2_RAT	56.6	129	143	324	2	129	186	314	1.98e-44	150	sp|Q9Z137|B3GA2_RAT Galactosylgalactosylxylosylprotein 3-beta-glucuronosyltransferase 2 OS=Rattus norvegicus OX=10116 GN=B3gat2 PE=1 SV=1
TRINITY_DN1342_c0_g2_i2.p2	sp|O94766|B3GA3_HUMAN	50.4	131	143	335	2	132	194	324	5.61e-43	147	sp|O94766|B3GA3_HUMAN Galactosylgalactosylxylosylprotein 3-beta-glucuronosyltransferase 3 OS=Homo sapiens OX=9606 GN=B3GAT3 PE=1 SV=2
TRINITY_DN1342_c0_g2_i2.p2	sp|Q9WU47|B3GA3_CRIGR	50.4	131	143	335	2	132	194	324	1.23e-41	144	sp|Q9WU47|B3GA3_CRIGR Galactosylgalactosylxylosylprotein 3-beta-glucuronosyltransferase 3 OS=Cricetulus griseus OX=10029 GN=B3GAT3 PE=2 SV=1
TRINITY_DN1342_c0_g2_i2.p2	sp|P58158|B3GA3_MOUSE	50.4	131	143	335	2	132	194	324	1.23e-41	144	sp|P58158|B3GA3_MOUSE Galactosylgalactosylxylosylprotein 3-beta-glucuronosyltransferase 3 OS=Mus musculus OX=10090 GN=B3gat3 PE=1 SV=1
TRINITY_DN1342_c0_g2_i2.p2	sp|Q9P2W7|B3GA1_HUMAN	53.8	130	143	334	2	129	195	324	2.38e-41	143	sp|Q9P2W7|B3GA1_HUMAN Galactosylgalactosylxylosylprotein 3-beta-glucuronosyltransferase 1 OS=Homo sapiens OX=9606 GN=B3GAT1 PE=1 SV=2
TRINITY_DN1342_c0_g2_i2.p2	sp|Q9CW73|B3GA1_MOUSE	53.8	130	143	334	2	129	195	324	2.38e-41	143	sp|Q9CW73|B3GA1_MOUSE Galactosylgalactosylxylosylprotein 3-beta-glucuronosyltransferase 1 OS=Mus musculus OX=10090 GN=B3gat1 PE=2 SV=3
TRINITY_DN1342_c0_g2_i2.p2	sp|O35789|B3GA1_RAT	53.8	130	143	334	2	129	195	324	2.38e-41	143	sp|O35789|B3GA1_RAT Galactosylgalactosylxylosylprotein 3-beta-glucuronosyltransferase 1 OS=Rattus norvegicus OX=10116 GN=B3gat1 PE=1 SV=2
TRINITY_DN1342_c0_g2_i2.p2	sp|Q5CB03|B3GA1_CANLF	53.8	130	143	335	2	129	196	325	2.44e-41	143	sp|Q5CB03|B3GA1_CANLF Galactosylgalactosylxylosylprotein 3-beta-glucuronosyltransferase 1 OS=Canis lupus familiaris OX=9615 GN=B3GAT1 PE=2 SV=1
TRINITY_DN1342_c0_g2_i2.p2	sp|Q5CB04|B3GA1_PANTR	50.8	130	143	332	2	129	195	322	2.53e-36	130	sp|Q5CB04|B3GA1_PANTR Galactosylgalactosylxylosylprotein 3-beta-glucuronosyltransferase 1 OS=Pan troglodytes OX=9598 GN=B3GAT1 PE=2 SV=1
TRINITY_DN1342_c0_g2_i2.p2	sp|Q9VTG7|B3G2P_DROME	39.5	124	143	479	2	123	333	454	1.40e-24	100	sp|Q9VTG7|B3G2P_DROME Galactosylgalactosylxylosylprotein 3-beta-glucuronosyltransferase P OS=Drosophila melanogaster OX=7227 GN=GlcAT-P PE=2 SV=1
TRINITY_DN1342_c0_g2_i2.p2	sp|Q9VLA1|B3G2S_DROME	40.0	120	143	409	2	120	233	350	1.12e-22	95.1	sp|Q9VLA1|B3G2S_DROME Galactosylgalactosylxylosylprotein 3-beta-glucuronosyltransferase S OS=Drosophila melanogaster OX=7227 GN=GlcAT-S PE=1 SV=2
TRINITY_DN1342_c0_g2_i2.p2	sp|Q5QM25|IRX9L_ORYSJ	33.1	142	143	446	2	127	290	430	4.86e-15	73.9	sp|Q5QM25|IRX9L_ORYSJ Probable beta-1,4-xylosyltransferase IRX9L OS=Oryza sativa subsp. japonica OX=39947 GN=IRX9L PE=2 SV=1
TRINITY_DN1342_c0_g2_i2.p2	sp|Q9SXC4|IRX9H_ARATH	32.8	131	143	394	2	116	238	367	2.87e-14	71.6	sp|Q9SXC4|IRX9H_ARATH Probable beta-1,4-xylosyltransferase IRX9H OS=Arabidopsis thaliana OX=3702 GN=IRX9H PE=2 SV=2
TRINITY_DN1342_c0_g2_i2.p2	sp|Q6AT32|GT43E_ORYSJ	31.7	145	143	451	2	127	292	435	8.01e-14	70.5	sp|Q6AT32|GT43E_ORYSJ Probable beta-1,4-xylosyltransferase GT43E OS=Oryza sativa subsp. japonica OX=39947 GN=GT43E PE=2 SV=1
TRINITY_DN1342_c0_g2_i2.p2	sp|Q8S626|GT102_ORYSJ	27.7	130	143	351	2	116	188	317	8.17e-08	53.1	sp|Q8S626|GT102_ORYSJ Probable glucuronosyltransferase Os10g0205300 OS=Oryza sativa subsp. japonica OX=39947 GN=Os10g0205300 PE=2 SV=1
TRINITY_DN1342_c0_g2_i2.p2	sp|Q75L84|GT43A_ORYSJ	26.4	140	143	371	7	115	213	350	3.34e-04	42.7	sp|Q75L84|GT43A_ORYSJ Probable beta-1,4-xylosyltransferase GT43A OS=Oryza sativa subsp. japonica OX=39947 GN=GT43A PE=2 SV=1
TRINITY_DN1342_c0_g2_i2.p6	sp|Q09575|YRD6_CAEEL	40.0	90	105	1268	4	93	866	955	1.61e-13	68.2	sp|Q09575|YRD6_CAEEL Uncharacterized protein K02A2.6 OS=Caenorhabditis elegans OX=6239 GN=K02A2.6 PE=4 SV=1
TRINITY_DN1342_c0_g2_i2.p6	sp|P03364|POL_SMRVH	34.1	91	105	1880	5	95	1669	1759	1.54e-10	59.7	sp|P03364|POL_SMRVH Gag-Pro-Pol polyprotein OS=Squirrel monkey retrovirus OX=11856 GN=pol PE=1 SV=3
TRINITY_DN1342_c0_g2_i2.p6	sp|P04025|POL_SRV1	32.0	100	105	1772	1	99	1572	1671	2.10e-10	59.3	sp|P04025|POL_SRV1 Gag-Pro-Pol polyprotein OS=Simian retrovirus SRV-1 OX=11942 GN=pol PE=3 SV=2
TRINITY_DN1342_c0_g2_i2.p6	sp|P07572|POL_MPMV	32.0	100	105	1771	1	99	1571	1670	2.86e-10	58.9	sp|P07572|POL_MPMV Gag-Pro-Pol polyprotein OS=Mason-Pfizer monkey virus OX=11855 GN=gag-pro-pol PE=1 SV=2
TRINITY_DN1342_c0_g2_i2.p6	sp|P03356|POL_MLVAV	36.3	91	105	1734	4	93	1469	1559	1.36e-09	57.0	sp|P03356|POL_MLVAV Gag-Pol polyprotein OS=AKV murine leukemia virus OX=11791 GN=pol PE=3 SV=3
TRINITY_DN1342_c0_g2_i2.p6	sp|Q7SVK7|POL_MLVBM	36.3	91	105	1734	4	93	1469	1559	1.85e-09	56.6	sp|Q7SVK7|POL_MLVBM Gag-pol polyprotein OS=Murine leukemia virus (strain BM5 eco) OX=31687 GN=gag-pol PE=3 SV=2
TRINITY_DN1342_c0_g2_i2.p6	sp|P12894|POL_IPMAI	33.0	91	105	814	1	90	582	672	3.34e-09	55.8	sp|P12894|POL_IPMAI Intracisternal A-particle Pol-related polyprotein (Fragment) OS=Mouse intracisternal a-particle IL3 OX=11754 PE=3 SV=1
TRINITY_DN1342_c0_g2_i2.p6	sp|P11368|POL_IPMA	33.0	91	105	867	1	90	664	754	3.35e-09	55.8	sp|P11368|POL_IPMA Intracisternal A-particle Pol-related polyprotein (Fragment) OS=Mouse intracisternal a-particle MIA14 OX=11753 GN=pol PE=3 SV=1
TRINITY_DN1342_c0_g2_i2.p6	sp|P03360|POL_AVIRE	32.3	93	105	1152	4	93	889	979	1.18e-08	54.3	sp|P03360|POL_AVIRE Gag-Pol polyprotein (Fragment) OS=Avian reticuloendotheliosis virus OX=11636 GN=pol PE=1 SV=2
TRINITY_DN1342_c0_g2_i2.p6	sp|P03363|POL_HTLV2	29.2	96	105	1461	5	100	1244	1339	1.63e-08	53.9	sp|P03363|POL_HTLV2 Gag-Pro-Pol polyprotein OS=Human T-cell leukemia virus 2 OX=11909 GN=gag-pro-pol PE=1 SV=4
TRINITY_DN1342_c0_g2_i2.p6	sp|P04026|POL_IPHA	32.6	86	105	863	5	90	622	706	5.52e-08	52.4	sp|P04026|POL_IPHA Intracisternal A-particle Pol-related polyprotein (Fragment) OS=Hamster intracisternal a-particle H18 OX=11752 GN=pol PE=3 SV=1
TRINITY_DN1342_c0_g2_i2.p6	sp|O93209|POL_FFV	30.2	96	105	1156	4	99	895	989	7.65e-08	52.0	sp|O93209|POL_FFV Pro-Pol polyprotein OS=Feline foamy virus OX=53182 GN=pol PE=3 SV=1
TRINITY_DN1342_c0_g2_i2.p6	sp|P03975|IGEB_MOUSE	41.5	53	105	557	38	90	432	484	1.36e-07	51.2	sp|P03975|IGEB_MOUSE IgE-binding protein OS=Mus musculus OX=10090 GN=Iap PE=2 SV=1
TRINITY_DN1342_c0_g2_i2.p6	sp|P51517|POL_SRV2	28.4	95	105	1768	5	99	1573	1667	1.45e-07	51.2	sp|P51517|POL_SRV2 Gag-Pro-Pol polyprotein OS=Simian retrovirus SRV-2 OX=39068 GN=pol PE=3 SV=2
TRINITY_DN1342_c0_g2_i2.p6	sp|O92815|POL_WDSV	29.9	97	105	1752	1	96	1503	1599	1.98e-07	50.8	sp|O92815|POL_WDSV Gag-Pol polyprotein OS=Walleye dermal sarcoma virus OX=39720 GN=gag-pol PE=1 SV=2
TRINITY_DN1342_c0_g2_i2.p6	sp|P27980|POL_SIVVG	35.0	100	105	1465	4	100	1248	1343	5.00e-07	49.7	sp|P27980|POL_SIVVG Gag-Pol polyprotein OS=Simian immunodeficiency virus agm.vervet (isolate AGM3) OX=11730 GN=gag-pol PE=3 SV=2
TRINITY_DN1342_c0_g2_i2.p6	sp|P0C211|POL_HTL1L	32.9	82	105	1462	2	83	1242	1323	6.83e-07	49.3	sp|P0C211|POL_HTL1L Gag-Pro-Pol polyprotein OS=Human T-cell leukemia virus 1 (isolate Melanesia mel5 subtype C) OX=402046 GN=gag-pro-pol PE=1 SV=2
TRINITY_DN1342_c0_g2_i2.p6	sp|P05895|POL_SIVVT	35.0	100	105	1467	4	100	1250	1345	6.83e-07	49.3	sp|P05895|POL_SIVVT Gag-Pol polyprotein OS=Simian immunodeficiency virus agm.vervet (isolate AGM TYO-1) OX=11731 GN=gag-pol PE=3 SV=2
TRINITY_DN1342_c0_g2_i2.p6	sp|P31623|POL_JSRV	39.3	56	105	1726	35	90	1556	1611	6.87e-07	49.3	sp|P31623|POL_JSRV Gag-Pro-Pol polyprotein OS=Sheep pulmonary adenomatosis virus OX=11746 GN=pol PE=3 SV=2
TRINITY_DN1342_c0_g2_i2.p6	sp|P03362|POL_HTL1A	32.9	82	105	1462	2	83	1242	1323	9.32e-07	48.9	sp|P03362|POL_HTL1A Gag-Pro-Pol polyprotein OS=Human T-cell leukemia virus 1 (strain Japan ATK-1 subtype A) OX=11926 GN=gag-pro-pol PE=1 SV=3
TRINITY_DN1342_c0_g2_i2.p6	sp|P14078|POL_HTL1C	32.9	82	105	1462	2	83	1242	1323	1.74e-06	48.1	sp|P14078|POL_HTL1C Gag-Pro-Pol polyprotein OS=Human T-cell leukemia virus 1 (isolate Caribbea HS-35 subtype A) OX=11927 GN=gag-pro-pol PE=1 SV=3
TRINITY_DN1342_c0_g2_i2.p6	sp|P22382|POL_SIVGB	43.3	60	105	1441	42	101	1267	1326	4.42e-06	47.0	sp|P22382|POL_SIVGB Gag-Pol polyprotein OS=Simian immunodeficiency virus (isolate GB1) OX=11732 GN=gag-pol PE=3 SV=2
TRINITY_DN1342_c0_g2_i2.p6	sp|P27973|POL_SIVV1	33.0	100	105	1470	4	100	1247	1342	4.42e-06	47.0	sp|P27973|POL_SIVV1 Gag-Pol polyprotein OS=Simian immunodeficiency virus agm.vervet (isolate AGM155) OX=11727 GN=gag-pol PE=3 SV=2
TRINITY_DN1342_c0_g2_i2.p6	sp|Q02836|POL_SIVG1	31.3	99	105	1472	4	102	1243	1340	8.24e-06	46.2	sp|Q02836|POL_SIVG1 Gag-Pol polyprotein OS=Simian immunodeficiency virus agm.grivet (isolate AGM gr-1) OX=31684 GN=gag-pol PE=3 SV=2
TRINITY_DN1342_c0_g2_i2.p6	sp|P11204|POL_EIAV9	32.2	90	105	1146	4	93	949	1037	1.11e-05	45.8	sp|P11204|POL_EIAV9 Pol polyprotein OS=Equine infectious anemia virus (isolate 1369) OX=11670 GN=pol PE=1 SV=1
TRINITY_DN1342_c0_g2_i6.p1	sp|Q09363|SQV8_CAEEL	53.4	251	301	356	37	282	91	330	5.89e-79	246	sp|Q09363|SQV8_CAEEL Galactosylgalactosylxylosylprotein 3-beta-glucuronosyltransferase sqv-8 OS=Caenorhabditis elegans OX=6239 GN=sqv-8 PE=1 SV=1
TRINITY_DN1342_c0_g2_i6.p1	sp|O97422|B3GI_DROME	53.4	247	301	306	42	279	49	284	1.66e-77	241	sp|O97422|B3GI_DROME Galactosylgalactosylxylosylprotein 3-beta-glucuronosyltransferase I OS=Drosophila melanogaster OX=7227 GN=GlcAT-I PE=2 SV=2
TRINITY_DN1342_c0_g2_i6.p1	sp|Q9P2W7|B3GA1_HUMAN	48.2	251	301	334	39	287	80	324	2.76e-77	241	sp|Q9P2W7|B3GA1_HUMAN Galactosylgalactosylxylosylprotein 3-beta-glucuronosyltransferase 1 OS=Homo sapiens OX=9606 GN=B3GAT1 PE=1 SV=2
TRINITY_DN1342_c0_g2_i6.p1	sp|Q5CB03|B3GA1_CANLF	48.2	251	301	335	39	287	81	325	2.84e-77	241	sp|Q5CB03|B3GA1_CANLF Galactosylgalactosylxylosylprotein 3-beta-glucuronosyltransferase 1 OS=Canis lupus familiaris OX=9615 GN=B3GAT1 PE=2 SV=1
TRINITY_DN1342_c0_g2_i6.p1	sp|Q9CW73|B3GA1_MOUSE	48.2	251	301	334	39	287	80	324	3.90e-77	241	sp|Q9CW73|B3GA1_MOUSE Galactosylgalactosylxylosylprotein 3-beta-glucuronosyltransferase 1 OS=Mus musculus OX=10090 GN=B3gat1 PE=2 SV=3
TRINITY_DN1342_c0_g2_i6.p1	sp|O35789|B3GA1_RAT	48.2	251	301	334	39	287	80	324	3.90e-77	241	sp|O35789|B3GA1_RAT Galactosylgalactosylxylosylprotein 3-beta-glucuronosyltransferase 1 OS=Rattus norvegicus OX=10116 GN=B3gat1 PE=1 SV=2
TRINITY_DN1342_c0_g2_i6.p1	sp|O94766|B3GA3_HUMAN	47.9	257	301	335	42	290	74	324	2.06e-74	234	sp|O94766|B3GA3_HUMAN Galactosylgalactosylxylosylprotein 3-beta-glucuronosyltransferase 3 OS=Homo sapiens OX=9606 GN=B3GAT3 PE=1 SV=2
TRINITY_DN1342_c0_g2_i6.p1	sp|Q9WU47|B3GA3_CRIGR	47.9	257	301	335	42	290	74	324	3.29e-73	231	sp|Q9WU47|B3GA3_CRIGR Galactosylgalactosylxylosylprotein 3-beta-glucuronosyltransferase 3 OS=Cricetulus griseus OX=10029 GN=B3GAT3 PE=2 SV=1
TRINITY_DN1342_c0_g2_i6.p1	sp|P58158|B3GA3_MOUSE	47.9	257	301	335	42	290	74	324	3.29e-73	231	sp|P58158|B3GA3_MOUSE Galactosylgalactosylxylosylprotein 3-beta-glucuronosyltransferase 3 OS=Mus musculus OX=10090 GN=B3gat3 PE=1 SV=1
TRINITY_DN1342_c0_g2_i6.p1	sp|Q5CAZ6|B3GA2_CANLF	47.4	249	301	329	42	289	85	321	2.20e-72	229	sp|Q5CAZ6|B3GA2_CANLF Galactosylgalactosylxylosylprotein 3-beta-glucuronosyltransferase 2 OS=Canis lupus familiaris OX=9615 GN=B3GAT2 PE=2 SV=1
TRINITY_DN1342_c0_g2_i6.p1	sp|Q9NPZ5|B3GA2_HUMAN	47.8	247	301	323	42	287	79	313	2.60e-72	228	sp|Q9NPZ5|B3GA2_HUMAN Galactosylgalactosylxylosylprotein 3-beta-glucuronosyltransferase 2 OS=Homo sapiens OX=9606 GN=B3GAT2 PE=1 SV=2
TRINITY_DN1342_c0_g2_i6.p1	sp|Q5CB04|B3GA1_PANTR	46.6	251	301	332	39	287	80	322	3.39e-72	228	sp|Q5CB04|B3GA1_PANTR Galactosylgalactosylxylosylprotein 3-beta-glucuronosyltransferase 1 OS=Pan troglodytes OX=9598 GN=B3GAT1 PE=2 SV=1
TRINITY_DN1342_c0_g2_i6.p1	sp|P59270|B3GA2_MOUSE	48.2	247	301	324	42	287	80	314	5.35e-72	228	sp|P59270|B3GA2_MOUSE Galactosylgalactosylxylosylprotein 3-beta-glucuronosyltransferase 2 OS=Mus musculus OX=10090 GN=B3gat2 PE=2 SV=1
TRINITY_DN1342_c0_g2_i6.p1	sp|Q9Z137|B3GA2_RAT	47.8	247	301	324	42	287	80	314	1.51e-71	226	sp|Q9Z137|B3GA2_RAT Galactosylgalactosylxylosylprotein 3-beta-glucuronosyltransferase 2 OS=Rattus norvegicus OX=10116 GN=B3gat2 PE=1 SV=1
TRINITY_DN1342_c0_g2_i6.p1	sp|Q9VTG7|B3G2P_DROME	36.7	264	301	479	24	281	218	454	2.57e-45	162	sp|Q9VTG7|B3G2P_DROME Galactosylgalactosylxylosylprotein 3-beta-glucuronosyltransferase P OS=Drosophila melanogaster OX=7227 GN=GlcAT-P PE=2 SV=1
TRINITY_DN1342_c0_g2_i6.p1	sp|Q9VLA1|B3G2S_DROME	36.4	239	301	409	42	278	130	350	7.86e-43	154	sp|Q9VLA1|B3G2S_DROME Galactosylgalactosylxylosylprotein 3-beta-glucuronosyltransferase S OS=Drosophila melanogaster OX=7227 GN=GlcAT-S PE=1 SV=2
TRINITY_DN1342_c0_g2_i6.p1	sp|Q9SXC4|IRX9H_ARATH	32.0	244	301	394	48	274	146	367	7.04e-27	111	sp|Q9SXC4|IRX9H_ARATH Probable beta-1,4-xylosyltransferase IRX9H OS=Arabidopsis thaliana OX=3702 GN=IRX9H PE=2 SV=2
TRINITY_DN1342_c0_g2_i6.p1	sp|Q5QM25|IRX9L_ORYSJ	31.4	255	301	446	48	285	198	430	2.22e-22	99.8	sp|Q5QM25|IRX9L_ORYSJ Probable beta-1,4-xylosyltransferase IRX9L OS=Oryza sativa subsp. japonica OX=39947 GN=IRX9L PE=2 SV=1
TRINITY_DN1342_c0_g2_i6.p1	sp|Q6AT32|GT43E_ORYSJ	30.2	258	301	451	48	285	200	435	5.84e-22	98.6	sp|Q6AT32|GT43E_ORYSJ Probable beta-1,4-xylosyltransferase GT43E OS=Oryza sativa subsp. japonica OX=39947 GN=GT43E PE=2 SV=1
TRINITY_DN1342_c0_g2_i6.p1	sp|Q8S626|GT102_ORYSJ	28.8	243	301	351	48	274	82	317	6.97e-17	83.2	sp|Q8S626|GT102_ORYSJ Probable glucuronosyltransferase Os10g0205300 OS=Oryza sativa subsp. japonica OX=39947 GN=Os10g0205300 PE=2 SV=1
TRINITY_DN1342_c0_g2_i6.p1	sp|Q7XTB2|GT43H_ORYSJ	26.1	261	301	381	48	286	131	366	1.57e-14	76.6	sp|Q7XTB2|GT43H_ORYSJ Probable glucuronosyltransferase Os04g0103100 OS=Oryza sativa subsp. japonica OX=39947 GN=GT43H PE=2 SV=2
TRINITY_DN1342_c0_g2_i6.p1	sp|Q75L84|GT43A_ORYSJ	26.4	265	301	371	60	284	126	369	1.60e-10	64.7	sp|Q75L84|GT43A_ORYSJ Probable beta-1,4-xylosyltransferase GT43A OS=Oryza sativa subsp. japonica OX=39947 GN=GT43A PE=2 SV=1
TRINITY_DN1342_c0_g2_i6.p1	sp|Q653F4|IRX14_ORYSJ	25.7	272	301	524	48	278	201	455	1.65e-09	62.0	sp|Q653F4|IRX14_ORYSJ Probable beta-1,4-xylosyltransferase IRX14 OS=Oryza sativa subsp. japonica OX=39947 GN=IRX14 PE=2 SV=1
TRINITY_DN1342_c0_g2_i6.p1	sp|Q10N05|GT32_ORYSJ	30.1	196	301	415	59	228	116	290	1.96e-08	58.5	sp|Q10N05|GT32_ORYSJ Probable glucuronosyltransferase Os03g0287800 OS=Oryza sativa subsp. japonica OX=39947 GN=Os03g0287800 PE=3 SV=1
TRINITY_DN1342_c0_g2_i6.p1	sp|B9FCV3|GT43_ORYSJ	26.3	259	301	446	43	277	171	400	1.18e-07	56.2	sp|B9FCV3|GT43_ORYSJ Probable glucuronosyltransferase Os04g0650300 OS=Oryza sativa subsp. japonica OX=39947 GN=Os04g0650300 PE=3 SV=1
TRINITY_DN1342_c0_g2_i9.p1	sp|Q09363|SQV8_CAEEL	54.1	242	287	356	37	268	91	330	6.38e-80	248	sp|Q09363|SQV8_CAEEL Galactosylgalactosylxylosylprotein 3-beta-glucuronosyltransferase sqv-8 OS=Caenorhabditis elegans OX=6239 GN=sqv-8 PE=1 SV=1
TRINITY_DN1342_c0_g2_i9.p1	sp|O97422|B3GI_DROME	54.2	238	287	306	42	265	49	284	1.80e-78	243	sp|O97422|B3GI_DROME Galactosylgalactosylxylosylprotein 3-beta-glucuronosyltransferase I OS=Drosophila melanogaster OX=7227 GN=GlcAT-I PE=2 SV=2
TRINITY_DN1342_c0_g2_i9.p1	sp|Q9P2W7|B3GA1_HUMAN	49.4	245	287	334	39	273	80	324	3.40e-77	241	sp|Q9P2W7|B3GA1_HUMAN Galactosylgalactosylxylosylprotein 3-beta-glucuronosyltransferase 1 OS=Homo sapiens OX=9606 GN=B3GAT1 PE=1 SV=2
TRINITY_DN1342_c0_g2_i9.p1	sp|Q5CB03|B3GA1_CANLF	49.4	245	287	335	39	273	81	325	3.50e-77	241	sp|Q5CB03|B3GA1_CANLF Galactosylgalactosylxylosylprotein 3-beta-glucuronosyltransferase 1 OS=Canis lupus familiaris OX=9615 GN=B3GAT1 PE=2 SV=1
TRINITY_DN1342_c0_g2_i9.p1	sp|Q9CW73|B3GA1_MOUSE	49.4	245	287	334	39	273	80	324	4.81e-77	240	sp|Q9CW73|B3GA1_MOUSE Galactosylgalactosylxylosylprotein 3-beta-glucuronosyltransferase 1 OS=Mus musculus OX=10090 GN=B3gat1 PE=2 SV=3
TRINITY_DN1342_c0_g2_i9.p1	sp|O35789|B3GA1_RAT	49.4	245	287	334	39	273	80	324	4.81e-77	240	sp|O35789|B3GA1_RAT Galactosylgalactosylxylosylprotein 3-beta-glucuronosyltransferase 1 OS=Rattus norvegicus OX=10116 GN=B3gat1 PE=1 SV=2
TRINITY_DN1342_c0_g2_i9.p1	sp|O94766|B3GA3_HUMAN	48.2	251	287	335	42	276	74	324	2.25e-75	236	sp|O94766|B3GA3_HUMAN Galactosylgalactosylxylosylprotein 3-beta-glucuronosyltransferase 3 OS=Homo sapiens OX=9606 GN=B3GAT3 PE=1 SV=2
TRINITY_DN1342_c0_g2_i9.p1	sp|Q9WU47|B3GA3_CRIGR	48.6	251	287	335	42	276	74	324	1.80e-74	234	sp|Q9WU47|B3GA3_CRIGR Galactosylgalactosylxylosylprotein 3-beta-glucuronosyltransferase 3 OS=Cricetulus griseus OX=10029 GN=B3GAT3 PE=2 SV=1
TRINITY_DN1342_c0_g2_i9.p1	sp|P58158|B3GA3_MOUSE	48.6	251	287	335	42	276	74	324	1.80e-74	234	sp|P58158|B3GA3_MOUSE Galactosylgalactosylxylosylprotein 3-beta-glucuronosyltransferase 3 OS=Mus musculus OX=10090 GN=B3gat3 PE=1 SV=1
TRINITY_DN1342_c0_g2_i9.p1	sp|Q5CAZ6|B3GA2_CANLF	48.9	237	287	329	42	275	85	321	3.01e-74	233	sp|Q5CAZ6|B3GA2_CANLF Galactosylgalactosylxylosylprotein 3-beta-glucuronosyltransferase 2 OS=Canis lupus familiaris OX=9615 GN=B3GAT2 PE=2 SV=1
TRINITY_DN1342_c0_g2_i9.p1	sp|Q9NPZ5|B3GA2_HUMAN	49.4	235	287	323	42	273	79	313	3.56e-74	233	sp|Q9NPZ5|B3GA2_HUMAN Galactosylgalactosylxylosylprotein 3-beta-glucuronosyltransferase 2 OS=Homo sapiens OX=9606 GN=B3GAT2 PE=1 SV=2
TRINITY_DN1342_c0_g2_i9.p1	sp|P59270|B3GA2_MOUSE	49.4	235	287	324	42	273	80	314	7.33e-74	232	sp|P59270|B3GA2_MOUSE Galactosylgalactosylxylosylprotein 3-beta-glucuronosyltransferase 2 OS=Mus musculus OX=10090 GN=B3gat2 PE=2 SV=1
TRINITY_DN1342_c0_g2_i9.p1	sp|Q9Z137|B3GA2_RAT	48.9	235	287	324	42	273	80	314	2.07e-73	231	sp|Q9Z137|B3GA2_RAT Galactosylgalactosylxylosylprotein 3-beta-glucuronosyltransferase 2 OS=Rattus norvegicus OX=10116 GN=B3gat2 PE=1 SV=1
TRINITY_DN1342_c0_g2_i9.p1	sp|Q5CB04|B3GA1_PANTR	47.8	245	287	332	39	273	80	322	4.21e-72	228	sp|Q5CB04|B3GA1_PANTR Galactosylgalactosylxylosylprotein 3-beta-glucuronosyltransferase 1 OS=Pan troglodytes OX=9598 GN=B3GAT1 PE=2 SV=1
TRINITY_DN1342_c0_g2_i9.p1	sp|Q9VTG7|B3G2P_DROME	38.4	250	287	479	24	267	218	454	4.10e-48	169	sp|Q9VTG7|B3G2P_DROME Galactosylgalactosylxylosylprotein 3-beta-glucuronosyltransferase P OS=Drosophila melanogaster OX=7227 GN=GlcAT-P PE=2 SV=1
TRINITY_DN1342_c0_g2_i9.p1	sp|Q9VLA1|B3G2S_DROME	37.0	227	287	409	42	264	130	350	4.97e-44	157	sp|Q9VLA1|B3G2S_DROME Galactosylgalactosylxylosylprotein 3-beta-glucuronosyltransferase S OS=Drosophila melanogaster OX=7227 GN=GlcAT-S PE=1 SV=2
TRINITY_DN1342_c0_g2_i9.p1	sp|Q9SXC4|IRX9H_ARATH	33.9	230	287	394	48	260	146	367	3.87e-29	117	sp|Q9SXC4|IRX9H_ARATH Probable beta-1,4-xylosyltransferase IRX9H OS=Arabidopsis thaliana OX=3702 GN=IRX9H PE=2 SV=2
TRINITY_DN1342_c0_g2_i9.p1	sp|Q5QM25|IRX9L_ORYSJ	32.0	241	287	446	48	271	198	430	7.92e-22	97.8	sp|Q5QM25|IRX9L_ORYSJ Probable beta-1,4-xylosyltransferase IRX9L OS=Oryza sativa subsp. japonica OX=39947 GN=IRX9L PE=2 SV=1
TRINITY_DN1342_c0_g2_i9.p1	sp|Q6AT32|GT43E_ORYSJ	30.3	244	287	451	48	271	200	435	1.12e-21	97.4	sp|Q6AT32|GT43E_ORYSJ Probable beta-1,4-xylosyltransferase GT43E OS=Oryza sativa subsp. japonica OX=39947 GN=GT43E PE=2 SV=1
TRINITY_DN1342_c0_g2_i9.p1	sp|Q8S626|GT102_ORYSJ	28.1	242	287	351	48	260	82	317	5.53e-17	83.2	sp|Q8S626|GT102_ORYSJ Probable glucuronosyltransferase Os10g0205300 OS=Oryza sativa subsp. japonica OX=39947 GN=Os10g0205300 PE=2 SV=1
TRINITY_DN1342_c0_g2_i9.p1	sp|Q7XTB2|GT43H_ORYSJ	26.6	248	287	381	48	272	131	366	1.11e-15	79.7	sp|Q7XTB2|GT43H_ORYSJ Probable glucuronosyltransferase Os04g0103100 OS=Oryza sativa subsp. japonica OX=39947 GN=GT43H PE=2 SV=2
TRINITY_DN1342_c0_g2_i9.p1	sp|Q75L84|GT43A_ORYSJ	27.4	252	287	371	60	270	126	369	3.79e-12	69.3	sp|Q75L84|GT43A_ORYSJ Probable beta-1,4-xylosyltransferase GT43A OS=Oryza sativa subsp. japonica OX=39947 GN=GT43A PE=2 SV=1
TRINITY_DN1342_c0_g2_i9.p1	sp|Q10N05|GT32_ORYSJ	32.4	182	287	415	59	214	116	290	1.06e-11	68.2	sp|Q10N05|GT32_ORYSJ Probable glucuronosyltransferase Os03g0287800 OS=Oryza sativa subsp. japonica OX=39947 GN=Os03g0287800 PE=3 SV=1
TRINITY_DN1342_c0_g2_i9.p1	sp|Q653F4|IRX14_ORYSJ	24.4	258	287	524	48	264	201	455	3.06e-11	67.0	sp|Q653F4|IRX14_ORYSJ Probable beta-1,4-xylosyltransferase IRX14 OS=Oryza sativa subsp. japonica OX=39947 GN=IRX14 PE=2 SV=1
TRINITY_DN1342_c0_g2_i9.p1	sp|B9FCV3|GT43_ORYSJ	27.5	244	287	446	43	263	171	400	2.29e-09	61.2	sp|B9FCV3|GT43_ORYSJ Probable glucuronosyltransferase Os04g0650300 OS=Oryza sativa subsp. japonica OX=39947 GN=Os04g0650300 PE=3 SV=1
TRINITY_DN1342_c0_g2_i9.p5	sp|Q09575|YRD6_CAEEL	40.0	90	105	1268	4	93	866	955	1.61e-13	68.2	sp|Q09575|YRD6_CAEEL Uncharacterized protein K02A2.6 OS=Caenorhabditis elegans OX=6239 GN=K02A2.6 PE=4 SV=1
TRINITY_DN1342_c0_g2_i9.p5	sp|P03364|POL_SMRVH	34.1	91	105	1880	5	95	1669	1759	1.54e-10	59.7	sp|P03364|POL_SMRVH Gag-Pro-Pol polyprotein OS=Squirrel monkey retrovirus OX=11856 GN=pol PE=1 SV=3
TRINITY_DN1342_c0_g2_i9.p5	sp|P04025|POL_SRV1	32.0	100	105	1772	1	99	1572	1671	2.10e-10	59.3	sp|P04025|POL_SRV1 Gag-Pro-Pol polyprotein OS=Simian retrovirus SRV-1 OX=11942 GN=pol PE=3 SV=2
TRINITY_DN1342_c0_g2_i9.p5	sp|P07572|POL_MPMV	32.0	100	105	1771	1	99	1571	1670	2.86e-10	58.9	sp|P07572|POL_MPMV Gag-Pro-Pol polyprotein OS=Mason-Pfizer monkey virus OX=11855 GN=gag-pro-pol PE=1 SV=2
TRINITY_DN1342_c0_g2_i9.p5	sp|P03356|POL_MLVAV	36.3	91	105	1734	4	93	1469	1559	1.36e-09	57.0	sp|P03356|POL_MLVAV Gag-Pol polyprotein OS=AKV murine leukemia virus OX=11791 GN=pol PE=3 SV=3
TRINITY_DN1342_c0_g2_i9.p5	sp|Q7SVK7|POL_MLVBM	36.3	91	105	1734	4	93	1469	1559	1.85e-09	56.6	sp|Q7SVK7|POL_MLVBM Gag-pol polyprotein OS=Murine leukemia virus (strain BM5 eco) OX=31687 GN=gag-pol PE=3 SV=2
TRINITY_DN1342_c0_g2_i9.p5	sp|P12894|POL_IPMAI	33.0	91	105	814	1	90	582	672	3.34e-09	55.8	sp|P12894|POL_IPMAI Intracisternal A-particle Pol-related polyprotein (Fragment) OS=Mouse intracisternal a-particle IL3 OX=11754 PE=3 SV=1
TRINITY_DN1342_c0_g2_i9.p5	sp|P11368|POL_IPMA	33.0	91	105	867	1	90	664	754	3.35e-09	55.8	sp|P11368|POL_IPMA Intracisternal A-particle Pol-related polyprotein (Fragment) OS=Mouse intracisternal a-particle MIA14 OX=11753 GN=pol PE=3 SV=1
TRINITY_DN1342_c0_g2_i9.p5	sp|P03360|POL_AVIRE	32.3	93	105	1152	4	93	889	979	1.18e-08	54.3	sp|P03360|POL_AVIRE Gag-Pol polyprotein (Fragment) OS=Avian reticuloendotheliosis virus OX=11636 GN=pol PE=1 SV=2
TRINITY_DN1342_c0_g2_i9.p5	sp|P03363|POL_HTLV2	29.2	96	105	1461	5	100	1244	1339	1.63e-08	53.9	sp|P03363|POL_HTLV2 Gag-Pro-Pol polyprotein OS=Human T-cell leukemia virus 2 OX=11909 GN=gag-pro-pol PE=1 SV=4
TRINITY_DN1342_c0_g2_i9.p5	sp|P04026|POL_IPHA	32.6	86	105	863	5	90	622	706	5.52e-08	52.4	sp|P04026|POL_IPHA Intracisternal A-particle Pol-related polyprotein (Fragment) OS=Hamster intracisternal a-particle H18 OX=11752 GN=pol PE=3 SV=1
TRINITY_DN1342_c0_g2_i9.p5	sp|O93209|POL_FFV	30.2	96	105	1156	4	99	895	989	7.65e-08	52.0	sp|O93209|POL_FFV Pro-Pol polyprotein OS=Feline foamy virus OX=53182 GN=pol PE=3 SV=1
TRINITY_DN1342_c0_g2_i9.p5	sp|P03975|IGEB_MOUSE	41.5	53	105	557	38	90	432	484	1.36e-07	51.2	sp|P03975|IGEB_MOUSE IgE-binding protein OS=Mus musculus OX=10090 GN=Iap PE=2 SV=1
TRINITY_DN1342_c0_g2_i9.p5	sp|P51517|POL_SRV2	28.4	95	105	1768	5	99	1573	1667	1.45e-07	51.2	sp|P51517|POL_SRV2 Gag-Pro-Pol polyprotein OS=Simian retrovirus SRV-2 OX=39068 GN=pol PE=3 SV=2
TRINITY_DN1342_c0_g2_i9.p5	sp|O92815|POL_WDSV	29.9	97	105	1752	1	96	1503	1599	1.98e-07	50.8	sp|O92815|POL_WDSV Gag-Pol polyprotein OS=Walleye dermal sarcoma virus OX=39720 GN=gag-pol PE=1 SV=2
TRINITY_DN1342_c0_g2_i9.p5	sp|P27980|POL_SIVVG	35.0	100	105	1465	4	100	1248	1343	5.00e-07	49.7	sp|P27980|POL_SIVVG Gag-Pol polyprotein OS=Simian immunodeficiency virus agm.vervet (isolate AGM3) OX=11730 GN=gag-pol PE=3 SV=2
TRINITY_DN1342_c0_g2_i9.p5	sp|P0C211|POL_HTL1L	32.9	82	105	1462	2	83	1242	1323	6.83e-07	49.3	sp|P0C211|POL_HTL1L Gag-Pro-Pol polyprotein OS=Human T-cell leukemia virus 1 (isolate Melanesia mel5 subtype C) OX=402046 GN=gag-pro-pol PE=1 SV=2
TRINITY_DN1342_c0_g2_i9.p5	sp|P05895|POL_SIVVT	35.0	100	105	1467	4	100	1250	1345	6.83e-07	49.3	sp|P05895|POL_SIVVT Gag-Pol polyprotein OS=Simian immunodeficiency virus agm.vervet (isolate AGM TYO-1) OX=11731 GN=gag-pol PE=3 SV=2
TRINITY_DN1342_c0_g2_i9.p5	sp|P31623|POL_JSRV	39.3	56	105	1726	35	90	1556	1611	6.87e-07	49.3	sp|P31623|POL_JSRV Gag-Pro-Pol polyprotein OS=Sheep pulmonary adenomatosis virus OX=11746 GN=pol PE=3 SV=2
TRINITY_DN1342_c0_g2_i9.p5	sp|P03362|POL_HTL1A	32.9	82	105	1462	2	83	1242	1323	9.32e-07	48.9	sp|P03362|POL_HTL1A Gag-Pro-Pol polyprotein OS=Human T-cell leukemia virus 1 (strain Japan ATK-1 subtype A) OX=11926 GN=gag-pro-pol PE=1 SV=3
TRINITY_DN1342_c0_g2_i9.p5	sp|P14078|POL_HTL1C	32.9	82	105	1462	2	83	1242	1323	1.74e-06	48.1	sp|P14078|POL_HTL1C Gag-Pro-Pol polyprotein OS=Human T-cell leukemia virus 1 (isolate Caribbea HS-35 subtype A) OX=11927 GN=gag-pro-pol PE=1 SV=3
TRINITY_DN1342_c0_g2_i9.p5	sp|P22382|POL_SIVGB	43.3	60	105	1441	42	101	1267	1326	4.42e-06	47.0	sp|P22382|POL_SIVGB Gag-Pol polyprotein OS=Simian immunodeficiency virus (isolate GB1) OX=11732 GN=gag-pol PE=3 SV=2
TRINITY_DN1342_c0_g2_i9.p5	sp|P27973|POL_SIVV1	33.0	100	105	1470	4	100	1247	1342	4.42e-06	47.0	sp|P27973|POL_SIVV1 Gag-Pol polyprotein OS=Simian immunodeficiency virus agm.vervet (isolate AGM155) OX=11727 GN=gag-pol PE=3 SV=2
TRINITY_DN1342_c0_g2_i9.p5	sp|Q02836|POL_SIVG1	31.3	99	105	1472	4	102	1243	1340	8.24e-06	46.2	sp|Q02836|POL_SIVG1 Gag-Pol polyprotein OS=Simian immunodeficiency virus agm.grivet (isolate AGM gr-1) OX=31684 GN=gag-pol PE=3 SV=2
TRINITY_DN1342_c0_g2_i9.p5	sp|P11204|POL_EIAV9	32.2	90	105	1146	4	93	949	1037	1.11e-05	45.8	sp|P11204|POL_EIAV9 Pol polyprotein OS=Equine infectious anemia virus (isolate 1369) OX=11670 GN=pol PE=1 SV=1
TRINITY_DN13580_c0_g1_i1.p1	sp|Q9VLA1|B3G2S_DROME	49.5	305	345	409	41	336	100	401	2.45e-100	305	sp|Q9VLA1|B3G2S_DROME Galactosylgalactosylxylosylprotein 3-beta-glucuronosyltransferase S OS=Drosophila melanogaster OX=7227 GN=GlcAT-S PE=1 SV=2
TRINITY_DN13580_c0_g1_i1.p1	sp|Q9VTG7|B3G2P_DROME	50.5	220	345	479	69	283	233	452	6.03e-69	226	sp|Q9VTG7|B3G2P_DROME Galactosylgalactosylxylosylprotein 3-beta-glucuronosyltransferase P OS=Drosophila melanogaster OX=7227 GN=GlcAT-P PE=2 SV=1
TRINITY_DN13580_c0_g1_i1.p1	sp|Q9Z137|B3GA2_RAT	44.6	242	345	324	55	283	69	306	5.50e-63	206	sp|Q9Z137|B3GA2_RAT Galactosylgalactosylxylosylprotein 3-beta-glucuronosyltransferase 2 OS=Rattus norvegicus OX=10116 GN=B3gat2 PE=1 SV=1
TRINITY_DN13580_c0_g1_i1.p1	sp|P59270|B3GA2_MOUSE	44.2	242	345	324	55	283	69	306	7.76e-63	206	sp|P59270|B3GA2_MOUSE Galactosylgalactosylxylosylprotein 3-beta-glucuronosyltransferase 2 OS=Mus musculus OX=10090 GN=B3gat2 PE=2 SV=1
TRINITY_DN13580_c0_g1_i1.p1	sp|Q9NPZ5|B3GA2_HUMAN	45.5	231	345	323	66	283	79	305	5.94e-62	203	sp|Q9NPZ5|B3GA2_HUMAN Galactosylgalactosylxylosylprotein 3-beta-glucuronosyltransferase 2 OS=Homo sapiens OX=9606 GN=B3GAT2 PE=1 SV=2
TRINITY_DN13580_c0_g1_i1.p1	sp|Q5CAZ6|B3GA2_CANLF	45.5	231	345	329	66	283	85	311	7.04e-62	203	sp|Q5CAZ6|B3GA2_CANLF Galactosylgalactosylxylosylprotein 3-beta-glucuronosyltransferase 2 OS=Canis lupus familiaris OX=9615 GN=B3GAT2 PE=2 SV=1
TRINITY_DN13580_c0_g1_i1.p1	sp|Q09363|SQV8_CAEEL	42.6	272	345	356	60	317	92	354	1.80e-59	198	sp|Q09363|SQV8_CAEEL Galactosylgalactosylxylosylprotein 3-beta-glucuronosyltransferase sqv-8 OS=Caenorhabditis elegans OX=6239 GN=sqv-8 PE=1 SV=1
TRINITY_DN13580_c0_g1_i1.p1	sp|Q9CW73|B3GA1_MOUSE	42.8	236	345	334	66	283	83	316	7.31e-56	188	sp|Q9CW73|B3GA1_MOUSE Galactosylgalactosylxylosylprotein 3-beta-glucuronosyltransferase 1 OS=Mus musculus OX=10090 GN=B3gat1 PE=2 SV=3
TRINITY_DN13580_c0_g1_i1.p1	sp|O35789|B3GA1_RAT	42.8	236	345	334	66	283	83	316	7.31e-56	188	sp|O35789|B3GA1_RAT Galactosylgalactosylxylosylprotein 3-beta-glucuronosyltransferase 1 OS=Rattus norvegicus OX=10116 GN=B3gat1 PE=1 SV=2
TRINITY_DN13580_c0_g1_i1.p1	sp|Q9P2W7|B3GA1_HUMAN	42.8	236	345	334	66	283	83	316	1.45e-55	187	sp|Q9P2W7|B3GA1_HUMAN Galactosylgalactosylxylosylprotein 3-beta-glucuronosyltransferase 1 OS=Homo sapiens OX=9606 GN=B3GAT1 PE=1 SV=2
TRINITY_DN13580_c0_g1_i1.p1	sp|Q5CB03|B3GA1_CANLF	42.8	236	345	335	66	283	84	317	1.49e-55	187	sp|Q5CB03|B3GA1_CANLF Galactosylgalactosylxylosylprotein 3-beta-glucuronosyltransferase 1 OS=Canis lupus familiaris OX=9615 GN=B3GAT1 PE=2 SV=1
TRINITY_DN13580_c0_g1_i1.p1	sp|O94766|B3GA3_HUMAN	44.0	248	345	335	66	290	74	317	8.98e-54	182	sp|O94766|B3GA3_HUMAN Galactosylgalactosylxylosylprotein 3-beta-glucuronosyltransferase 3 OS=Homo sapiens OX=9606 GN=B3GAT3 PE=1 SV=2
TRINITY_DN13580_c0_g1_i1.p1	sp|Q9WU47|B3GA3_CRIGR	42.7	248	345	335	66	290	74	317	1.94e-52	179	sp|Q9WU47|B3GA3_CRIGR Galactosylgalactosylxylosylprotein 3-beta-glucuronosyltransferase 3 OS=Cricetulus griseus OX=10029 GN=B3GAT3 PE=2 SV=1
TRINITY_DN13580_c0_g1_i1.p1	sp|P58158|B3GA3_MOUSE	42.7	248	345	335	66	290	74	317	1.94e-52	179	sp|P58158|B3GA3_MOUSE Galactosylgalactosylxylosylprotein 3-beta-glucuronosyltransferase 3 OS=Mus musculus OX=10090 GN=B3gat3 PE=1 SV=1
TRINITY_DN13580_c0_g1_i1.p1	sp|Q5CB04|B3GA1_PANTR	41.5	236	345	332	66	283	83	314	2.74e-51	176	sp|Q5CB04|B3GA1_PANTR Galactosylgalactosylxylosylprotein 3-beta-glucuronosyltransferase 1 OS=Pan troglodytes OX=9598 GN=B3GAT1 PE=2 SV=1
TRINITY_DN13580_c0_g1_i1.p1	sp|O97422|B3GI_DROME	40.6	239	345	306	66	285	49	286	1.06e-46	163	sp|O97422|B3GI_DROME Galactosylgalactosylxylosylprotein 3-beta-glucuronosyltransferase I OS=Drosophila melanogaster OX=7227 GN=GlcAT-I PE=2 SV=2
TRINITY_DN13580_c0_g1_i1.p1	sp|Q8S626|GT102_ORYSJ	28.5	242	345	351	67	278	77	317	1.73e-18	88.6	sp|Q8S626|GT102_ORYSJ Probable glucuronosyltransferase Os10g0205300 OS=Oryza sativa subsp. japonica OX=39947 GN=Os10g0205300 PE=2 SV=1
TRINITY_DN13580_c0_g1_i1.p1	sp|Q9SXC4|IRX9H_ARATH	28.1	231	345	394	67	278	141	367	1.86e-18	89.0	sp|Q9SXC4|IRX9H_ARATH Probable beta-1,4-xylosyltransferase IRX9H OS=Arabidopsis thaliana OX=3702 GN=IRX9H PE=2 SV=2
TRINITY_DN13580_c0_g1_i1.p1	sp|Q5QM25|IRX9L_ORYSJ	27.2	265	345	446	36	278	160	419	1.26e-16	84.0	sp|Q5QM25|IRX9L_ORYSJ Probable beta-1,4-xylosyltransferase IRX9L OS=Oryza sativa subsp. japonica OX=39947 GN=IRX9L PE=2 SV=1
TRINITY_DN13580_c0_g1_i1.p1	sp|Q7XTB2|GT43H_ORYSJ	28.5	235	345	381	67	278	126	354	2.99e-16	82.4	sp|Q7XTB2|GT43H_ORYSJ Probable glucuronosyltransferase Os04g0103100 OS=Oryza sativa subsp. japonica OX=39947 GN=GT43H PE=2 SV=2
TRINITY_DN13580_c0_g1_i1.p1	sp|Q6AT32|GT43E_ORYSJ	26.6	267	345	451	36	278	162	424	7.68e-16	81.6	sp|Q6AT32|GT43E_ORYSJ Probable beta-1,4-xylosyltransferase GT43E OS=Oryza sativa subsp. japonica OX=39947 GN=GT43E PE=2 SV=1
TRINITY_DN13580_c0_g1_i1.p1	sp|B9FCV3|GT43_ORYSJ	30.6	232	345	446	72	277	175	396	2.06e-13	74.3	sp|B9FCV3|GT43_ORYSJ Probable glucuronosyltransferase Os04g0650300 OS=Oryza sativa subsp. japonica OX=39947 GN=Os04g0650300 PE=3 SV=1
TRINITY_DN13580_c0_g1_i1.p1	sp|Q8L707|IRX14_ARATH	32.1	140	345	525	67	204	160	298	8.08e-10	63.5	sp|Q8L707|IRX14_ARATH Beta-1,4-xylosyltransferase IRX14 OS=Arabidopsis thaliana OX=3702 GN=IRX14 PE=1 SV=1
TRINITY_DN13580_c0_g1_i1.p1	sp|Q5ZCC5|GT11_ORYSJ	27.6	123	345	549	81	196	85	201	1.31e-04	47.4	sp|Q5ZCC5|GT11_ORYSJ Probable glucuronosyltransferase Os01g0157700 OS=Oryza sativa subsp. japonica OX=39947 GN=Os01g0157700 PE=3 SV=1
TRINITY_DN13580_c0_g1_i2.p1	sp|Q9VLA1|B3G2S_DROME	49.5	305	345	409	41	336	100	401	2.45e-100	305	sp|Q9VLA1|B3G2S_DROME Galactosylgalactosylxylosylprotein 3-beta-glucuronosyltransferase S OS=Drosophila melanogaster OX=7227 GN=GlcAT-S PE=1 SV=2
TRINITY_DN13580_c0_g1_i2.p1	sp|Q9VTG7|B3G2P_DROME	50.5	220	345	479	69	283	233	452	6.03e-69	226	sp|Q9VTG7|B3G2P_DROME Galactosylgalactosylxylosylprotein 3-beta-glucuronosyltransferase P OS=Drosophila melanogaster OX=7227 GN=GlcAT-P PE=2 SV=1
TRINITY_DN13580_c0_g1_i2.p1	sp|Q9Z137|B3GA2_RAT	44.6	242	345	324	55	283	69	306	5.50e-63	206	sp|Q9Z137|B3GA2_RAT Galactosylgalactosylxylosylprotein 3-beta-glucuronosyltransferase 2 OS=Rattus norvegicus OX=10116 GN=B3gat2 PE=1 SV=1
TRINITY_DN13580_c0_g1_i2.p1	sp|P59270|B3GA2_MOUSE	44.2	242	345	324	55	283	69	306	7.76e-63	206	sp|P59270|B3GA2_MOUSE Galactosylgalactosylxylosylprotein 3-beta-glucuronosyltransferase 2 OS=Mus musculus OX=10090 GN=B3gat2 PE=2 SV=1
TRINITY_DN13580_c0_g1_i2.p1	sp|Q9NPZ5|B3GA2_HUMAN	45.5	231	345	323	66	283	79	305	5.94e-62	203	sp|Q9NPZ5|B3GA2_HUMAN Galactosylgalactosylxylosylprotein 3-beta-glucuronosyltransferase 2 OS=Homo sapiens OX=9606 GN=B3GAT2 PE=1 SV=2
TRINITY_DN13580_c0_g1_i2.p1	sp|Q5CAZ6|B3GA2_CANLF	45.5	231	345	329	66	283	85	311	7.04e-62	203	sp|Q5CAZ6|B3GA2_CANLF Galactosylgalactosylxylosylprotein 3-beta-glucuronosyltransferase 2 OS=Canis lupus familiaris OX=9615 GN=B3GAT2 PE=2 SV=1
TRINITY_DN13580_c0_g1_i2.p1	sp|Q09363|SQV8_CAEEL	42.6	272	345	356	60	317	92	354	1.80e-59	198	sp|Q09363|SQV8_CAEEL Galactosylgalactosylxylosylprotein 3-beta-glucuronosyltransferase sqv-8 OS=Caenorhabditis elegans OX=6239 GN=sqv-8 PE=1 SV=1
TRINITY_DN13580_c0_g1_i2.p1	sp|Q9CW73|B3GA1_MOUSE	42.8	236	345	334	66	283	83	316	7.31e-56	188	sp|Q9CW73|B3GA1_MOUSE Galactosylgalactosylxylosylprotein 3-beta-glucuronosyltransferase 1 OS=Mus musculus OX=10090 GN=B3gat1 PE=2 SV=3
TRINITY_DN13580_c0_g1_i2.p1	sp|O35789|B3GA1_RAT	42.8	236	345	334	66	283	83	316	7.31e-56	188	sp|O35789|B3GA1_RAT Galactosylgalactosylxylosylprotein 3-beta-glucuronosyltransferase 1 OS=Rattus norvegicus OX=10116 GN=B3gat1 PE=1 SV=2
TRINITY_DN13580_c0_g1_i2.p1	sp|Q9P2W7|B3GA1_HUMAN	42.8	236	345	334	66	283	83	316	1.45e-55	187	sp|Q9P2W7|B3GA1_HUMAN Galactosylgalactosylxylosylprotein 3-beta-glucuronosyltransferase 1 OS=Homo sapiens OX=9606 GN=B3GAT1 PE=1 SV=2
TRINITY_DN13580_c0_g1_i2.p1	sp|Q5CB03|B3GA1_CANLF	42.8	236	345	335	66	283	84	317	1.49e-55	187	sp|Q5CB03|B3GA1_CANLF Galactosylgalactosylxylosylprotein 3-beta-glucuronosyltransferase 1 OS=Canis lupus familiaris OX=9615 GN=B3GAT1 PE=2 SV=1
TRINITY_DN13580_c0_g1_i2.p1	sp|O94766|B3GA3_HUMAN	44.0	248	345	335	66	290	74	317	8.98e-54	182	sp|O94766|B3GA3_HUMAN Galactosylgalactosylxylosylprotein 3-beta-glucuronosyltransferase 3 OS=Homo sapiens OX=9606 GN=B3GAT3 PE=1 SV=2
TRINITY_DN13580_c0_g1_i2.p1	sp|Q9WU47|B3GA3_CRIGR	42.7	248	345	335	66	290	74	317	1.94e-52	179	sp|Q9WU47|B3GA3_CRIGR Galactosylgalactosylxylosylprotein 3-beta-glucuronosyltransferase 3 OS=Cricetulus griseus OX=10029 GN=B3GAT3 PE=2 SV=1
TRINITY_DN13580_c0_g1_i2.p1	sp|P58158|B3GA3_MOUSE	42.7	248	345	335	66	290	74	317	1.94e-52	179	sp|P58158|B3GA3_MOUSE Galactosylgalactosylxylosylprotein 3-beta-glucuronosyltransferase 3 OS=Mus musculus OX=10090 GN=B3gat3 PE=1 SV=1
TRINITY_DN13580_c0_g1_i2.p1	sp|Q5CB04|B3GA1_PANTR	41.5	236	345	332	66	283	83	314	2.74e-51	176	sp|Q5CB04|B3GA1_PANTR Galactosylgalactosylxylosylprotein 3-beta-glucuronosyltransferase 1 OS=Pan troglodytes OX=9598 GN=B3GAT1 PE=2 SV=1
TRINITY_DN13580_c0_g1_i2.p1	sp|O97422|B3GI_DROME	40.6	239	345	306	66	285	49	286	1.06e-46	163	sp|O97422|B3GI_DROME Galactosylgalactosylxylosylprotein 3-beta-glucuronosyltransferase I OS=Drosophila melanogaster OX=7227 GN=GlcAT-I PE=2 SV=2
TRINITY_DN13580_c0_g1_i2.p1	sp|Q8S626|GT102_ORYSJ	28.5	242	345	351	67	278	77	317	1.73e-18	88.6	sp|Q8S626|GT102_ORYSJ Probable glucuronosyltransferase Os10g0205300 OS=Oryza sativa subsp. japonica OX=39947 GN=Os10g0205300 PE=2 SV=1
TRINITY_DN13580_c0_g1_i2.p1	sp|Q9SXC4|IRX9H_ARATH	28.1	231	345	394	67	278	141	367	1.86e-18	89.0	sp|Q9SXC4|IRX9H_ARATH Probable beta-1,4-xylosyltransferase IRX9H OS=Arabidopsis thaliana OX=3702 GN=IRX9H PE=2 SV=2
TRINITY_DN13580_c0_g1_i2.p1	sp|Q5QM25|IRX9L_ORYSJ	27.2	265	345	446	36	278	160	419	1.26e-16	84.0	sp|Q5QM25|IRX9L_ORYSJ Probable beta-1,4-xylosyltransferase IRX9L OS=Oryza sativa subsp. japonica OX=39947 GN=IRX9L PE=2 SV=1
TRINITY_DN13580_c0_g1_i2.p1	sp|Q7XTB2|GT43H_ORYSJ	28.5	235	345	381	67	278	126	354	2.99e-16	82.4	sp|Q7XTB2|GT43H_ORYSJ Probable glucuronosyltransferase Os04g0103100 OS=Oryza sativa subsp. japonica OX=39947 GN=GT43H PE=2 SV=2
TRINITY_DN13580_c0_g1_i2.p1	sp|Q6AT32|GT43E_ORYSJ	26.6	267	345	451	36	278	162	424	7.68e-16	81.6	sp|Q6AT32|GT43E_ORYSJ Probable beta-1,4-xylosyltransferase GT43E OS=Oryza sativa subsp. japonica OX=39947 GN=GT43E PE=2 SV=1
TRINITY_DN13580_c0_g1_i2.p1	sp|B9FCV3|GT43_ORYSJ	30.6	232	345	446	72	277	175	396	2.06e-13	74.3	sp|B9FCV3|GT43_ORYSJ Probable glucuronosyltransferase Os04g0650300 OS=Oryza sativa subsp. japonica OX=39947 GN=Os04g0650300 PE=3 SV=1
TRINITY_DN13580_c0_g1_i2.p1	sp|Q8L707|IRX14_ARATH	32.1	140	345	525	67	204	160	298	8.08e-10	63.5	sp|Q8L707|IRX14_ARATH Beta-1,4-xylosyltransferase IRX14 OS=Arabidopsis thaliana OX=3702 GN=IRX14 PE=1 SV=1
TRINITY_DN13580_c0_g1_i2.p1	sp|Q5ZCC5|GT11_ORYSJ	27.6	123	345	549	81	196	85	201	1.31e-04	47.4	sp|Q5ZCC5|GT11_ORYSJ Probable glucuronosyltransferase Os01g0157700 OS=Oryza sativa subsp. japonica OX=39947 GN=Os01g0157700 PE=3 SV=1
TRINITY_DN16531_c0_g1_i1.p1	sp|Q7Q021|GLT25_ANOGA	50.5	553	569	592	22	568	13	564	9.38e-195	561	sp|Q7Q021|GLT25_ANOGA Glycosyltransferase 25 family member OS=Anopheles gambiae OX=7165 GN=AGAP012208 PE=3 SV=4
TRINITY_DN16531_c0_g1_i1.p1	sp|Q17FB8|GLT25_AEDAE	51.0	527	569	607	33	554	29	554	9.39e-191	551	sp|Q17FB8|GLT25_AEDAE Glycosyltransferase 25 family member OS=Aedes aegypti OX=7159 GN=AAEL003481 PE=3 SV=1
TRINITY_DN16531_c0_g1_i1.p1	sp|Q29NU5|GLT25_DROPS	45.6	557	569	626	21	557	20	576	3.46e-177	517	sp|Q29NU5|GLT25_DROPS Glycosyltransferase 25 family member OS=Drosophila pseudoobscura pseudoobscura OX=46245 GN=GA16561 PE=3 SV=2
TRINITY_DN16531_c0_g1_i1.p1	sp|Q8IPK4|GLT25_DROME	45.4	559	569	612	20	558	17	568	1.14e-174	510	sp|Q8IPK4|GLT25_DROME Glycosyltransferase 25 family member OS=Drosophila melanogaster OX=7227 GN=CG31915 PE=2 SV=1
TRINITY_DN16531_c0_g1_i1.p1	sp|A0JPH3|G251A_XENLA	45.0	529	569	611	33	556	41	565	2.57e-162	479	sp|A0JPH3|G251A_XENLA Procollagen galactosyltransferase 1-A OS=Xenopus laevis OX=8355 GN=colgalt1-a PE=2 SV=1
TRINITY_DN16531_c0_g1_i1.p1	sp|Q8IYK4|GT252_HUMAN	43.3	529	569	626	33	556	53	577	2.34e-161	477	sp|Q8IYK4|GT252_HUMAN Procollagen galactosyltransferase 2 OS=Homo sapiens OX=9606 GN=COLGALT2 PE=1 SV=1
TRINITY_DN16531_c0_g1_i1.p1	sp|Q5U483|G251B_XENLA	44.8	529	569	611	33	556	41	565	8.24e-161	475	sp|Q5U483|G251B_XENLA Procollagen galactosyltransferase 1-B OS=Xenopus laevis OX=8355 GN=colgalt1-b PE=2 SV=1
TRINITY_DN16531_c0_g1_i1.p1	sp|Q6NVG7|GT252_MOUSE	43.1	529	569	625	33	556	52	576	3.64e-160	474	sp|Q6NVG7|GT252_MOUSE Procollagen galactosyltransferase 2 OS=Mus musculus OX=10090 GN=Colgalt2 PE=2 SV=2
TRINITY_DN16531_c0_g1_i1.p1	sp|A5PMF6|GT251_DANRE	43.2	551	569	604	13	556	12	558	1.74e-155	461	sp|A5PMF6|GT251_DANRE Procollagen galactosyltransferase 1 OS=Danio rerio OX=7955 GN=colgalt1 PE=3 SV=1
TRINITY_DN16531_c0_g1_i1.p1	sp|A5PK45|GT251_BOVIN	42.7	527	569	623	33	554	53	575	3.17e-155	461	sp|A5PK45|GT251_BOVIN Procollagen galactosyltransferase 1 OS=Bos taurus OX=9913 GN=COLGALT1 PE=2 SV=1
TRINITY_DN16531_c0_g1_i1.p1	sp|Q8NBJ5|GT251_HUMAN	42.5	527	569	622	33	554	52	574	4.34e-155	461	sp|Q8NBJ5|GT251_HUMAN Procollagen galactosyltransferase 1 OS=Homo sapiens OX=9606 GN=COLGALT1 PE=1 SV=1
TRINITY_DN16531_c0_g1_i1.p1	sp|Q8K297|GT251_MOUSE	41.7	527	569	617	33	554	47	569	2.37e-153	456	sp|Q8K297|GT251_MOUSE Procollagen galactosyltransferase 1 OS=Mus musculus OX=10090 GN=Colgalt1 PE=1 SV=2
TRINITY_DN16531_c0_g1_i1.p1	sp|A7MB73|GT253_BOVIN	43.6	527	569	595	32	554	30	552	1.21e-150	448	sp|A7MB73|GT253_BOVIN Probable inactive glycosyltransferase 25 family member 3 OS=Bos taurus OX=9913 GN=CERCAM PE=2 SV=1
TRINITY_DN16531_c0_g1_i1.p1	sp|Q5T4B2|GT253_HUMAN	42.5	529	569	595	30	554	28	552	7.87e-146	436	sp|Q5T4B2|GT253_HUMAN Inactive glycosyltransferase 25 family member 3 OS=Homo sapiens OX=9606 GN=CERCAM PE=1 SV=1
TRINITY_DN16531_c0_g1_i1.p1	sp|A3KGW5|GT253_MOUSE	42.7	527	569	592	32	554	27	549	2.02e-145	435	sp|A3KGW5|GT253_MOUSE Inactive glycosyltransferase 25 family member 3 OS=Mus musculus OX=10090 GN=Cercam PE=3 SV=1
TRINITY_DN16531_c0_g1_i1.p1	sp|Q5U309|GT253_RAT	42.8	488	569	572	71	554	46	529	7.11e-132	399	sp|Q5U309|GT253_RAT Probable inactive glycosyltransferase 25 family member 3 OS=Rattus norvegicus OX=10116 GN=Cercam PE=2 SV=2
TRINITY_DN16531_c0_g1_i1.p1	sp|Q5UQC3|PLOD_MIMIV	34.1	226	569	895	326	539	3	224	1.02e-27	122	sp|Q5UQC3|PLOD_MIMIV Procollagen lysyl hydroxylase and glycosyltransferase OS=Acanthamoeba polyphaga mimivirus OX=212035 GN=MIMI_L230 PE=1 SV=1
TRINITY_DN16531_c0_g1_i1.p1	sp|O00469|PLOD2_HUMAN	30.1	246	569	737	33	272	296	513	4.90e-19	94.7	sp|O00469|PLOD2_HUMAN Procollagen-lysine,2-oxoglutarate 5-dioxygenase 2 OS=Homo sapiens OX=9606 GN=PLOD2 PE=1 SV=2
TRINITY_DN16531_c0_g1_i1.p1	sp|Q9R0B9|PLOD2_MOUSE	29.7	246	569	737	33	272	296	513	6.49e-19	94.4	sp|Q9R0B9|PLOD2_MOUSE Procollagen-lysine,2-oxoglutarate 5-dioxygenase 2 OS=Mus musculus OX=10090 GN=Plod2 PE=1 SV=2
TRINITY_DN16531_c0_g1_i1.p1	sp|Q811A3|PLOD2_RAT	28.0	246	569	737	33	272	296	513	8.15e-18	90.9	sp|Q811A3|PLOD2_RAT Procollagen-lysine,2-oxoglutarate 5-dioxygenase 2 OS=Rattus norvegicus OX=10116 GN=Plod2 PE=2 SV=1
TRINITY_DN16531_c0_g1_i1.p1	sp|Q9VTH0|PLOD_DROME	28.6	217	569	721	9	222	260	454	1.75e-16	86.7	sp|Q9VTH0|PLOD_DROME Procollagen-lysine,2-oxoglutarate 5-dioxygenase OS=Drosophila melanogaster OX=7227 GN=Plod PE=1 SV=1
TRINITY_DN16531_c0_g1_i1.p1	sp|Q9R0E1|PLOD3_MOUSE	27.7	242	569	741	33	272	299	516	1.79e-16	86.7	sp|Q9R0E1|PLOD3_MOUSE Multifunctional procollagen lysine hydroxylase and glycosyltransferase LH3 OS=Mus musculus OX=10090 GN=Plod3 PE=1 SV=1
TRINITY_DN16531_c0_g1_i1.p1	sp|Q5U367|PLOD3_RAT	27.6	243	569	741	33	272	299	516	7.24e-16	84.7	sp|Q5U367|PLOD3_RAT Multifunctional procollagen lysine hydroxylase and glycosyltransferase LH3 OS=Rattus norvegicus OX=10116 GN=Plod3 PE=1 SV=1
TRINITY_DN16531_c0_g1_i1.p1	sp|O77588|PLOD1_BOVIN	26.0	254	569	726	32	272	284	502	2.03e-14	80.1	sp|O77588|PLOD1_BOVIN Procollagen-lysine,2-oxoglutarate 5-dioxygenase 1 OS=Bos taurus OX=9913 GN=PLOD1 PE=2 SV=2
TRINITY_DN16531_c0_g1_i1.p1	sp|Q20679|PLOD_CAEEL	24.0	262	569	730	22	276	272	504	2.04e-14	80.1	sp|Q20679|PLOD_CAEEL Multifunctional procollagen lysine hydroxylase and glycosyltransferase OS=Caenorhabditis elegans OX=6239 GN=let-268 PE=1 SV=1
TRINITY_DN16531_c0_g1_i2.p1	sp|Q17FB8|GLT25_AEDAE	50.1	375	395	607	11	380	180	554	2.71e-128	385	sp|Q17FB8|GLT25_AEDAE Glycosyltransferase 25 family member OS=Aedes aegypti OX=7159 GN=AAEL003481 PE=3 SV=1
TRINITY_DN16531_c0_g1_i2.p1	sp|Q7Q021|GLT25_ANOGA	47.4	390	395	592	11	394	175	564	3.18e-123	371	sp|Q7Q021|GLT25_ANOGA Glycosyltransferase 25 family member OS=Anopheles gambiae OX=7165 GN=AGAP012208 PE=3 SV=4
TRINITY_DN16531_c0_g1_i2.p1	sp|Q8IPK4|GLT25_DROME	46.9	388	395	612	11	384	181	568	4.02e-123	372	sp|Q8IPK4|GLT25_DROME Glycosyltransferase 25 family member OS=Drosophila melanogaster OX=7227 GN=CG31915 PE=2 SV=1
TRINITY_DN16531_c0_g1_i2.p1	sp|Q29NU5|GLT25_DROPS	46.5	389	395	626	11	383	188	576	4.25e-123	372	sp|Q29NU5|GLT25_DROPS Glycosyltransferase 25 family member OS=Drosophila pseudoobscura pseudoobscura OX=46245 GN=GA16561 PE=3 SV=2
TRINITY_DN16531_c0_g1_i2.p1	sp|A0JPH3|G251A_XENLA	45.9	377	395	611	11	382	192	565	4.39e-116	353	sp|A0JPH3|G251A_XENLA Procollagen galactosyltransferase 1-A OS=Xenopus laevis OX=8355 GN=colgalt1-a PE=2 SV=1
TRINITY_DN16531_c0_g1_i2.p1	sp|Q5U483|G251B_XENLA	45.1	377	395	611	11	382	192	565	9.81e-115	350	sp|Q5U483|G251B_XENLA Procollagen galactosyltransferase 1-B OS=Xenopus laevis OX=8355 GN=colgalt1-b PE=2 SV=1
TRINITY_DN16531_c0_g1_i2.p1	sp|Q8K297|GT251_MOUSE	42.9	375	395	617	11	380	198	569	1.02e-112	345	sp|Q8K297|GT251_MOUSE Procollagen galactosyltransferase 1 OS=Mus musculus OX=10090 GN=Colgalt1 PE=1 SV=2
TRINITY_DN16531_c0_g1_i2.p1	sp|A5PMF6|GT251_DANRE	45.9	377	395	604	11	382	185	558	1.43e-112	344	sp|A5PMF6|GT251_DANRE Procollagen galactosyltransferase 1 OS=Danio rerio OX=7955 GN=colgalt1 PE=3 SV=1
TRINITY_DN16531_c0_g1_i2.p1	sp|A5PK45|GT251_BOVIN	43.7	375	395	623	11	380	204	575	3.40e-112	344	sp|A5PK45|GT251_BOVIN Procollagen galactosyltransferase 1 OS=Bos taurus OX=9913 GN=COLGALT1 PE=2 SV=1
TRINITY_DN16531_c0_g1_i2.p1	sp|Q8NBJ5|GT251_HUMAN	43.5	375	395	622	11	380	203	574	6.58e-112	343	sp|Q8NBJ5|GT251_HUMAN Procollagen galactosyltransferase 1 OS=Homo sapiens OX=9606 GN=COLGALT1 PE=1 SV=1
TRINITY_DN16531_c0_g1_i2.p1	sp|Q8IYK4|GT252_HUMAN	42.2	377	395	626	11	382	204	577	2.91e-111	342	sp|Q8IYK4|GT252_HUMAN Procollagen galactosyltransferase 2 OS=Homo sapiens OX=9606 GN=COLGALT2 PE=1 SV=1
TRINITY_DN16531_c0_g1_i2.p1	sp|Q6NVG7|GT252_MOUSE	41.6	377	395	625	11	382	203	576	6.99e-109	335	sp|Q6NVG7|GT252_MOUSE Procollagen galactosyltransferase 2 OS=Mus musculus OX=10090 GN=Colgalt2 PE=2 SV=2
TRINITY_DN16531_c0_g1_i2.p1	sp|A7MB73|GT253_BOVIN	44.9	374	395	595	11	380	182	552	1.52e-106	328	sp|A7MB73|GT253_BOVIN Probable inactive glycosyltransferase 25 family member 3 OS=Bos taurus OX=9913 GN=CERCAM PE=2 SV=1
TRINITY_DN16531_c0_g1_i2.p1	sp|Q5U309|GT253_RAT	44.7	374	395	572	11	380	159	529	5.06e-105	324	sp|Q5U309|GT253_RAT Probable inactive glycosyltransferase 25 family member 3 OS=Rattus norvegicus OX=10116 GN=Cercam PE=2 SV=2
TRINITY_DN16531_c0_g1_i2.p1	sp|A3KGW5|GT253_MOUSE	43.3	374	395	592	11	380	179	549	1.20e-101	316	sp|A3KGW5|GT253_MOUSE Inactive glycosyltransferase 25 family member 3 OS=Mus musculus OX=10090 GN=Cercam PE=3 SV=1
TRINITY_DN16531_c0_g1_i2.p1	sp|Q5T4B2|GT253_HUMAN	43.6	374	395	595	11	380	182	552	2.58e-101	315	sp|Q5T4B2|GT253_HUMAN Inactive glycosyltransferase 25 family member 3 OS=Homo sapiens OX=9606 GN=CERCAM PE=1 SV=1
TRINITY_DN16531_c0_g1_i2.p1	sp|Q5UQC3|PLOD_MIMIV	34.1	226	395	895	152	365	3	224	9.04e-29	122	sp|Q5UQC3|PLOD_MIMIV Procollagen lysyl hydroxylase and glycosyltransferase OS=Acanthamoeba polyphaga mimivirus OX=212035 GN=MIMI_L230 PE=1 SV=1
TRINITY_DN16531_c0_g1_i2.p1	sp|Q5UQ62|YR655_MIMIV	29.7	172	395	324	154	313	6	169	8.28e-11	66.2	sp|Q5UQ62|YR655_MIMIV Putative glycosyltransferase R655 OS=Acanthamoeba polyphaga mimivirus OX=212035 GN=MIMI_R655 PE=3 SV=1
TRINITY_DN16531_c0_g1_i2.p1	sp|P71398|LSG4_HAEIN	26.2	210	395	257	155	340	5	204	2.03e-05	49.3	sp|P71398|LSG4_HAEIN Lsg locus putative protein 4 OS=Haemophilus influenzae (strain ATCC 51907 / DSM 11121 / KW20 / Rd) OX=71421 GN=HI_1697 PE=3 SV=1
TRINITY_DN1687_c0_g1_i10.p1	sp|Q0JL44|SGT1_ORYSJ	52.5	141	139	367	2	138	229	366	5.80e-41	142	sp|Q0JL44|SGT1_ORYSJ Protein SGT1 homolog OS=Oryza sativa subsp. japonica OX=39947 GN=SGT1 PE=1 SV=1
TRINITY_DN1687_c0_g1_i10.p1	sp|Q9Y2Z0|SGT1_HUMAN	52.3	132	139	365	6	137	237	365	5.02e-38	135	sp|Q9Y2Z0|SGT1_HUMAN Protein SGT1 homolog OS=Homo sapiens OX=9606 GN=SUGT1 PE=1 SV=3
TRINITY_DN1687_c0_g1_i10.p1	sp|Q2KIK0|SGT1_BOVIN	50.8	132	139	338	6	137	210	338	1.15e-37	133	sp|Q2KIK0|SGT1_BOVIN Protein SGT1 homolog OS=Bos taurus OX=9913 GN=SUGT1 PE=2 SV=1
TRINITY_DN1687_c0_g1_i10.p1	sp|B0BN85|SGT1_RAT	50.8	132	139	336	6	137	208	336	1.55e-37	133	sp|B0BN85|SGT1_RAT Protein SGT1 homolog OS=Rattus norvegicus OX=10116 GN=Sugt1 PE=2 SV=1
TRINITY_DN1687_c0_g1_i10.p1	sp|Q9CX34|SGT1_MOUSE	50.8	132	139	336	6	137	208	336	2.18e-37	132	sp|Q9CX34|SGT1_MOUSE Protein SGT1 homolog OS=Mus musculus OX=10090 GN=Sugt1 PE=1 SV=3
TRINITY_DN1687_c0_g1_i10.p1	sp|A0A3L6DPG1|SGT1_MAIZE	51.8	137	139	361	6	138	227	360	9.88e-37	131	sp|A0A3L6DPG1|SGT1_MAIZE Protein SGT1 homolog OS=Zea mays OX=4577 GN=SGT1 PE=1 SV=1
TRINITY_DN1687_c0_g1_i10.p1	sp|Q9SUT5|SGT1B_ARATH	45.9	133	139	358	6	138	225	357	2.25e-33	122	sp|Q9SUT5|SGT1B_ARATH Protein SGT1 homolog B OS=Arabidopsis thaliana OX=3702 GN=SGT1B PE=1 SV=1
TRINITY_DN1687_c0_g1_i10.p1	sp|Q9SUR9|SGT1A_ARATH	47.1	136	139	350	6	138	217	349	5.72e-32	119	sp|Q9SUR9|SGT1A_ARATH Protein SGT1 homolog A OS=Arabidopsis thaliana OX=3702 GN=SGT1A PE=1 SV=1
TRINITY_DN1687_c0_g1_i10.p1	sp|Q55ED0|SGT1_DICDI	46.6	133	139	387	9	138	264	386	2.19e-28	110	sp|Q55ED0|SGT1_DICDI Protein SGT1 homolog OS=Dictyostelium discoideum OX=44689 GN=sugt1 PE=2 SV=1
TRINITY_DN1687_c0_g1_i10.p1	sp|O59709|GIT7_SCHPO	43.2	132	139	379	9	137	253	379	4.57e-18	82.0	sp|O59709|GIT7_SCHPO Glucose-insensitive transcription protein 7 OS=Schizosaccharomyces pombe (strain 972 / ATCC 24843) OX=284812 GN=git7 PE=4 SV=2
TRINITY_DN1687_c0_g1_i10.p1	sp|Q08446|SGT1_YEAST	31.5	146	139	395	6	137	256	395	3.86e-15	73.9	sp|Q08446|SGT1_YEAST Protein SGT1 OS=Saccharomyces cerevisiae (strain ATCC 204508 / S288c) OX=559292 GN=SGT1 PE=1 SV=1
TRINITY_DN1687_c0_g1_i11.p1	sp|Q9CX34|SGT1_MOUSE	47.3	207	216	336	8	214	134	336	4.66e-60	194	sp|Q9CX34|SGT1_MOUSE Protein SGT1 homolog OS=Mus musculus OX=10090 GN=Sugt1 PE=1 SV=3
TRINITY_DN1687_c0_g1_i11.p1	sp|Q2KIK0|SGT1_BOVIN	48.1	208	216	338	8	214	135	338	6.95e-60	194	sp|Q2KIK0|SGT1_BOVIN Protein SGT1 homolog OS=Bos taurus OX=9913 GN=SUGT1 PE=2 SV=1
TRINITY_DN1687_c0_g1_i11.p1	sp|Q9Y2Z0|SGT1_HUMAN	49.7	199	216	365	16	214	171	365	7.15e-60	194	sp|Q9Y2Z0|SGT1_HUMAN Protein SGT1 homolog OS=Homo sapiens OX=9606 GN=SUGT1 PE=1 SV=3
TRINITY_DN1687_c0_g1_i11.p1	sp|B0BN85|SGT1_RAT	47.3	207	216	336	8	214	134	336	9.30e-60	193	sp|B0BN85|SGT1_RAT Protein SGT1 homolog OS=Rattus norvegicus OX=10116 GN=Sugt1 PE=2 SV=1
TRINITY_DN1687_c0_g1_i11.p1	sp|Q0JL44|SGT1_ORYSJ	44.2	226	216	367	1	215	145	366	4.59e-55	182	sp|Q0JL44|SGT1_ORYSJ Protein SGT1 homolog OS=Oryza sativa subsp. japonica OX=39947 GN=SGT1 PE=1 SV=1
TRINITY_DN1687_c0_g1_i11.p1	sp|A0A3L6DPG1|SGT1_MAIZE	44.2	217	216	361	6	215	148	360	1.07e-51	173	sp|A0A3L6DPG1|SGT1_MAIZE Protein SGT1 homolog OS=Zea mays OX=4577 GN=SGT1 PE=1 SV=1
TRINITY_DN1687_c0_g1_i11.p1	sp|Q9SUR9|SGT1A_ARATH	42.2	206	216	350	13	215	148	349	9.45e-47	160	sp|Q9SUR9|SGT1A_ARATH Protein SGT1 homolog A OS=Arabidopsis thaliana OX=3702 GN=SGT1A PE=1 SV=1
TRINITY_DN1687_c0_g1_i11.p1	sp|Q9SUT5|SGT1B_ARATH	39.2	204	216	358	12	215	155	357	6.86e-45	155	sp|Q9SUT5|SGT1B_ARATH Protein SGT1 homolog B OS=Arabidopsis thaliana OX=3702 GN=SGT1B PE=1 SV=1
TRINITY_DN1687_c0_g1_i11.p1	sp|Q55ED0|SGT1_DICDI	41.2	204	216	387	15	215	194	386	5.40e-43	151	sp|Q55ED0|SGT1_DICDI Protein SGT1 homolog OS=Dictyostelium discoideum OX=44689 GN=sugt1 PE=2 SV=1
TRINITY_DN1687_c0_g1_i11.p1	sp|Q08446|SGT1_YEAST	33.0	218	216	395	16	214	184	395	2.12e-29	115	sp|Q08446|SGT1_YEAST Protein SGT1 OS=Saccharomyces cerevisiae (strain ATCC 204508 / S288c) OX=559292 GN=SGT1 PE=1 SV=1
TRINITY_DN1687_c0_g1_i11.p1	sp|O59709|GIT7_SCHPO	38.2	204	216	379	15	214	182	379	2.39e-27	110	sp|O59709|GIT7_SCHPO Glucose-insensitive transcription protein 7 OS=Schizosaccharomyces pombe (strain 972 / ATCC 24843) OX=284812 GN=git7 PE=4 SV=2
TRINITY_DN1687_c0_g1_i11.p1	sp|Q4R7U2|CHRD1_MACFA	27.6	87	216	332	18	104	231	316	3.17e-05	47.4	sp|Q4R7U2|CHRD1_MACFA Cysteine and histidine-rich domain-containing protein 1 OS=Macaca fascicularis OX=9541 GN=CHORDC1 PE=2 SV=1
TRINITY_DN1687_c0_g1_i11.p1	sp|Q9UHD1|CHRD1_HUMAN	27.6	87	216	332	18	104	231	316	4.26e-05	47.0	sp|Q9UHD1|CHRD1_HUMAN Cysteine and histidine-rich domain-containing protein 1 OS=Homo sapiens OX=9606 GN=CHORDC1 PE=1 SV=2
TRINITY_DN1687_c0_g1_i11.p1	sp|Q5RD91|CHRD1_PONAB	27.6	87	216	332	18	104	231	316	4.26e-05	47.0	sp|Q5RD91|CHRD1_PONAB Cysteine and histidine-rich domain-containing protein 1 OS=Pongo abelii OX=9601 GN=CHORDC1 PE=2 SV=1
TRINITY_DN1687_c0_g1_i11.p1	sp|Q5ZML4|CHRD1_CHICK	28.7	87	216	331	18	104	231	316	5.72e-05	46.6	sp|Q5ZML4|CHRD1_CHICK Cysteine and histidine-rich domain-containing protein 1 OS=Gallus gallus OX=9031 GN=CHORDC1 PE=2 SV=1
TRINITY_DN1687_c0_g1_i11.p1	sp|Q9D1P4|CHRD1_MOUSE	27.1	96	216	331	18	113	231	325	5.72e-05	46.6	sp|Q9D1P4|CHRD1_MOUSE Cysteine and histidine-rich domain-containing protein 1 OS=Mus musculus OX=10090 GN=Chordc1 PE=1 SV=1
TRINITY_DN1687_c0_g1_i11.p1	sp|D4A4T9|CHRD1_RAT	27.1	96	216	331	18	113	231	325	5.72e-05	46.6	sp|D4A4T9|CHRD1_RAT Cysteine and histidine-rich domain-containing protein 1 OS=Rattus norvegicus OX=10116 GN=Chordc1 PE=3 SV=1
TRINITY_DN1687_c0_g1_i11.p1	sp|Q32LH7|NB5R4_BOVIN	28.8	118	216	520	1	117	152	267	1.25e-04	45.8	sp|Q32LH7|NB5R4_BOVIN Cytochrome b5 reductase 4 OS=Bos taurus OX=9913 GN=CYB5R4 PE=2 SV=1
TRINITY_DN1687_c0_g1_i11.p1	sp|Q29RL2|CHRD1_BOVIN	27.6	98	216	332	18	113	231	327	1.40e-04	45.4	sp|Q29RL2|CHRD1_BOVIN Cysteine and histidine-rich domain-containing protein 1 OS=Bos taurus OX=9913 GN=CHORDC1 PE=2 SV=1
TRINITY_DN1687_c0_g1_i11.p1	sp|A9YUB1|CHRD1_PIG	27.6	87	216	332	18	104	231	316	1.88e-04	45.1	sp|A9YUB1|CHRD1_PIG Cysteine and histidine-rich domain-containing protein 1 OS=Sus scrofa OX=9823 GN=CHORDC1 PE=2 SV=1
TRINITY_DN1687_c0_g1_i11.p1	sp|Q7T3F7|CHRD1_DANRE	26.4	87	216	341	18	104	229	314	6.22e-04	43.5	sp|Q7T3F7|CHRD1_DANRE Cysteine and histidine-rich domain-containing protein 1 OS=Danio rerio OX=7955 GN=chordc1 PE=2 SV=1
TRINITY_DN1687_c0_g1_i12.p1	sp|Q9CX34|SGT1_MOUSE	47.3	207	216	336	8	214	134	336	4.66e-60	194	sp|Q9CX34|SGT1_MOUSE Protein SGT1 homolog OS=Mus musculus OX=10090 GN=Sugt1 PE=1 SV=3
TRINITY_DN1687_c0_g1_i12.p1	sp|Q2KIK0|SGT1_BOVIN	48.1	208	216	338	8	214	135	338	6.95e-60	194	sp|Q2KIK0|SGT1_BOVIN Protein SGT1 homolog OS=Bos taurus OX=9913 GN=SUGT1 PE=2 SV=1
TRINITY_DN1687_c0_g1_i12.p1	sp|Q9Y2Z0|SGT1_HUMAN	49.7	199	216	365	16	214	171	365	7.15e-60	194	sp|Q9Y2Z0|SGT1_HUMAN Protein SGT1 homolog OS=Homo sapiens OX=9606 GN=SUGT1 PE=1 SV=3
TRINITY_DN1687_c0_g1_i12.p1	sp|B0BN85|SGT1_RAT	47.3	207	216	336	8	214	134	336	9.30e-60	193	sp|B0BN85|SGT1_RAT Protein SGT1 homolog OS=Rattus norvegicus OX=10116 GN=Sugt1 PE=2 SV=1
TRINITY_DN1687_c0_g1_i12.p1	sp|Q0JL44|SGT1_ORYSJ	44.2	226	216	367	1	215	145	366	4.59e-55	182	sp|Q0JL44|SGT1_ORYSJ Protein SGT1 homolog OS=Oryza sativa subsp. japonica OX=39947 GN=SGT1 PE=1 SV=1
TRINITY_DN1687_c0_g1_i12.p1	sp|A0A3L6DPG1|SGT1_MAIZE	44.2	217	216	361	6	215	148	360	1.07e-51	173	sp|A0A3L6DPG1|SGT1_MAIZE Protein SGT1 homolog OS=Zea mays OX=4577 GN=SGT1 PE=1 SV=1
TRINITY_DN1687_c0_g1_i12.p1	sp|Q9SUR9|SGT1A_ARATH	42.2	206	216	350	13	215	148	349	9.45e-47	160	sp|Q9SUR9|SGT1A_ARATH Protein SGT1 homolog A OS=Arabidopsis thaliana OX=3702 GN=SGT1A PE=1 SV=1
TRINITY_DN1687_c0_g1_i12.p1	sp|Q9SUT5|SGT1B_ARATH	39.2	204	216	358	12	215	155	357	6.86e-45	155	sp|Q9SUT5|SGT1B_ARATH Protein SGT1 homolog B OS=Arabidopsis thaliana OX=3702 GN=SGT1B PE=1 SV=1
TRINITY_DN1687_c0_g1_i12.p1	sp|Q55ED0|SGT1_DICDI	41.2	204	216	387	15	215	194	386	5.40e-43	151	sp|Q55ED0|SGT1_DICDI Protein SGT1 homolog OS=Dictyostelium discoideum OX=44689 GN=sugt1 PE=2 SV=1
TRINITY_DN1687_c0_g1_i12.p1	sp|Q08446|SGT1_YEAST	33.0	218	216	395	16	214	184	395	2.12e-29	115	sp|Q08446|SGT1_YEAST Protein SGT1 OS=Saccharomyces cerevisiae (strain ATCC 204508 / S288c) OX=559292 GN=SGT1 PE=1 SV=1
TRINITY_DN1687_c0_g1_i12.p1	sp|O59709|GIT7_SCHPO	38.2	204	216	379	15	214	182	379	2.39e-27	110	sp|O59709|GIT7_SCHPO Glucose-insensitive transcription protein 7 OS=Schizosaccharomyces pombe (strain 972 / ATCC 24843) OX=284812 GN=git7 PE=4 SV=2
TRINITY_DN1687_c0_g1_i12.p1	sp|Q4R7U2|CHRD1_MACFA	27.6	87	216	332	18	104	231	316	3.17e-05	47.4	sp|Q4R7U2|CHRD1_MACFA Cysteine and histidine-rich domain-containing protein 1 OS=Macaca fascicularis OX=9541 GN=CHORDC1 PE=2 SV=1
TRINITY_DN1687_c0_g1_i12.p1	sp|Q9UHD1|CHRD1_HUMAN	27.6	87	216	332	18	104	231	316	4.26e-05	47.0	sp|Q9UHD1|CHRD1_HUMAN Cysteine and histidine-rich domain-containing protein 1 OS=Homo sapiens OX=9606 GN=CHORDC1 PE=1 SV=2
TRINITY_DN1687_c0_g1_i12.p1	sp|Q5RD91|CHRD1_PONAB	27.6	87	216	332	18	104	231	316	4.26e-05	47.0	sp|Q5RD91|CHRD1_PONAB Cysteine and histidine-rich domain-containing protein 1 OS=Pongo abelii OX=9601 GN=CHORDC1 PE=2 SV=1
TRINITY_DN1687_c0_g1_i12.p1	sp|Q5ZML4|CHRD1_CHICK	28.7	87	216	331	18	104	231	316	5.72e-05	46.6	sp|Q5ZML4|CHRD1_CHICK Cysteine and histidine-rich domain-containing protein 1 OS=Gallus gallus OX=9031 GN=CHORDC1 PE=2 SV=1
TRINITY_DN1687_c0_g1_i12.p1	sp|Q9D1P4|CHRD1_MOUSE	27.1	96	216	331	18	113	231	325	5.72e-05	46.6	sp|Q9D1P4|CHRD1_MOUSE Cysteine and histidine-rich domain-containing protein 1 OS=Mus musculus OX=10090 GN=Chordc1 PE=1 SV=1
TRINITY_DN1687_c0_g1_i12.p1	sp|D4A4T9|CHRD1_RAT	27.1	96	216	331	18	113	231	325	5.72e-05	46.6	sp|D4A4T9|CHRD1_RAT Cysteine and histidine-rich domain-containing protein 1 OS=Rattus norvegicus OX=10116 GN=Chordc1 PE=3 SV=1
TRINITY_DN1687_c0_g1_i12.p1	sp|Q32LH7|NB5R4_BOVIN	28.8	118	216	520	1	117	152	267	1.25e-04	45.8	sp|Q32LH7|NB5R4_BOVIN Cytochrome b5 reductase 4 OS=Bos taurus OX=9913 GN=CYB5R4 PE=2 SV=1
TRINITY_DN1687_c0_g1_i12.p1	sp|Q29RL2|CHRD1_BOVIN	27.6	98	216	332	18	113	231	327	1.40e-04	45.4	sp|Q29RL2|CHRD1_BOVIN Cysteine and histidine-rich domain-containing protein 1 OS=Bos taurus OX=9913 GN=CHORDC1 PE=2 SV=1
TRINITY_DN1687_c0_g1_i12.p1	sp|A9YUB1|CHRD1_PIG	27.6	87	216	332	18	104	231	316	1.88e-04	45.1	sp|A9YUB1|CHRD1_PIG Cysteine and histidine-rich domain-containing protein 1 OS=Sus scrofa OX=9823 GN=CHORDC1 PE=2 SV=1
TRINITY_DN1687_c0_g1_i12.p1	sp|Q7T3F7|CHRD1_DANRE	26.4	87	216	341	18	104	229	314	6.22e-04	43.5	sp|Q7T3F7|CHRD1_DANRE Cysteine and histidine-rich domain-containing protein 1 OS=Danio rerio OX=7955 GN=chordc1 PE=2 SV=1
TRINITY_DN1687_c0_g1_i21.p1	sp|Q9CX34|SGT1_MOUSE	47.3	207	216	336	8	214	134	336	4.66e-60	194	sp|Q9CX34|SGT1_MOUSE Protein SGT1 homolog OS=Mus musculus OX=10090 GN=Sugt1 PE=1 SV=3
TRINITY_DN1687_c0_g1_i21.p1	sp|Q2KIK0|SGT1_BOVIN	48.1	208	216	338	8	214	135	338	6.95e-60	194	sp|Q2KIK0|SGT1_BOVIN Protein SGT1 homolog OS=Bos taurus OX=9913 GN=SUGT1 PE=2 SV=1
TRINITY_DN1687_c0_g1_i21.p1	sp|Q9Y2Z0|SGT1_HUMAN	49.7	199	216	365	16	214	171	365	7.15e-60	194	sp|Q9Y2Z0|SGT1_HUMAN Protein SGT1 homolog OS=Homo sapiens OX=9606 GN=SUGT1 PE=1 SV=3
TRINITY_DN1687_c0_g1_i21.p1	sp|B0BN85|SGT1_RAT	47.3	207	216	336	8	214	134	336	9.30e-60	193	sp|B0BN85|SGT1_RAT Protein SGT1 homolog OS=Rattus norvegicus OX=10116 GN=Sugt1 PE=2 SV=1
TRINITY_DN1687_c0_g1_i21.p1	sp|Q0JL44|SGT1_ORYSJ	44.2	226	216	367	1	215	145	366	4.59e-55	182	sp|Q0JL44|SGT1_ORYSJ Protein SGT1 homolog OS=Oryza sativa subsp. japonica OX=39947 GN=SGT1 PE=1 SV=1
TRINITY_DN1687_c0_g1_i21.p1	sp|A0A3L6DPG1|SGT1_MAIZE	44.2	217	216	361	6	215	148	360	1.07e-51	173	sp|A0A3L6DPG1|SGT1_MAIZE Protein SGT1 homolog OS=Zea mays OX=4577 GN=SGT1 PE=1 SV=1
TRINITY_DN1687_c0_g1_i21.p1	sp|Q9SUR9|SGT1A_ARATH	42.2	206	216	350	13	215	148	349	9.45e-47	160	sp|Q9SUR9|SGT1A_ARATH Protein SGT1 homolog A OS=Arabidopsis thaliana OX=3702 GN=SGT1A PE=1 SV=1
TRINITY_DN1687_c0_g1_i21.p1	sp|Q9SUT5|SGT1B_ARATH	39.2	204	216	358	12	215	155	357	6.86e-45	155	sp|Q9SUT5|SGT1B_ARATH Protein SGT1 homolog B OS=Arabidopsis thaliana OX=3702 GN=SGT1B PE=1 SV=1
TRINITY_DN1687_c0_g1_i21.p1	sp|Q55ED0|SGT1_DICDI	41.2	204	216	387	15	215	194	386	5.40e-43	151	sp|Q55ED0|SGT1_DICDI Protein SGT1 homolog OS=Dictyostelium discoideum OX=44689 GN=sugt1 PE=2 SV=1
TRINITY_DN1687_c0_g1_i21.p1	sp|Q08446|SGT1_YEAST	33.0	218	216	395	16	214	184	395	2.12e-29	115	sp|Q08446|SGT1_YEAST Protein SGT1 OS=Saccharomyces cerevisiae (strain ATCC 204508 / S288c) OX=559292 GN=SGT1 PE=1 SV=1
TRINITY_DN1687_c0_g1_i21.p1	sp|O59709|GIT7_SCHPO	38.2	204	216	379	15	214	182	379	2.39e-27	110	sp|O59709|GIT7_SCHPO Glucose-insensitive transcription protein 7 OS=Schizosaccharomyces pombe (strain 972 / ATCC 24843) OX=284812 GN=git7 PE=4 SV=2
TRINITY_DN1687_c0_g1_i21.p1	sp|Q4R7U2|CHRD1_MACFA	27.6	87	216	332	18	104	231	316	3.17e-05	47.4	sp|Q4R7U2|CHRD1_MACFA Cysteine and histidine-rich domain-containing protein 1 OS=Macaca fascicularis OX=9541 GN=CHORDC1 PE=2 SV=1
TRINITY_DN1687_c0_g1_i21.p1	sp|Q9UHD1|CHRD1_HUMAN	27.6	87	216	332	18	104	231	316	4.26e-05	47.0	sp|Q9UHD1|CHRD1_HUMAN Cysteine and histidine-rich domain-containing protein 1 OS=Homo sapiens OX=9606 GN=CHORDC1 PE=1 SV=2
TRINITY_DN1687_c0_g1_i21.p1	sp|Q5RD91|CHRD1_PONAB	27.6	87	216	332	18	104	231	316	4.26e-05	47.0	sp|Q5RD91|CHRD1_PONAB Cysteine and histidine-rich domain-containing protein 1 OS=Pongo abelii OX=9601 GN=CHORDC1 PE=2 SV=1
TRINITY_DN1687_c0_g1_i21.p1	sp|Q5ZML4|CHRD1_CHICK	28.7	87	216	331	18	104	231	316	5.72e-05	46.6	sp|Q5ZML4|CHRD1_CHICK Cysteine and histidine-rich domain-containing protein 1 OS=Gallus gallus OX=9031 GN=CHORDC1 PE=2 SV=1
TRINITY_DN1687_c0_g1_i21.p1	sp|Q9D1P4|CHRD1_MOUSE	27.1	96	216	331	18	113	231	325	5.72e-05	46.6	sp|Q9D1P4|CHRD1_MOUSE Cysteine and histidine-rich domain-containing protein 1 OS=Mus musculus OX=10090 GN=Chordc1 PE=1 SV=1
TRINITY_DN1687_c0_g1_i21.p1	sp|D4A4T9|CHRD1_RAT	27.1	96	216	331	18	113	231	325	5.72e-05	46.6	sp|D4A4T9|CHRD1_RAT Cysteine and histidine-rich domain-containing protein 1 OS=Rattus norvegicus OX=10116 GN=Chordc1 PE=3 SV=1
TRINITY_DN1687_c0_g1_i21.p1	sp|Q32LH7|NB5R4_BOVIN	28.8	118	216	520	1	117	152	267	1.25e-04	45.8	sp|Q32LH7|NB5R4_BOVIN Cytochrome b5 reductase 4 OS=Bos taurus OX=9913 GN=CYB5R4 PE=2 SV=1
TRINITY_DN1687_c0_g1_i21.p1	sp|Q29RL2|CHRD1_BOVIN	27.6	98	216	332	18	113	231	327	1.40e-04	45.4	sp|Q29RL2|CHRD1_BOVIN Cysteine and histidine-rich domain-containing protein 1 OS=Bos taurus OX=9913 GN=CHORDC1 PE=2 SV=1
TRINITY_DN1687_c0_g1_i21.p1	sp|A9YUB1|CHRD1_PIG	27.6	87	216	332	18	104	231	316	1.88e-04	45.1	sp|A9YUB1|CHRD1_PIG Cysteine and histidine-rich domain-containing protein 1 OS=Sus scrofa OX=9823 GN=CHORDC1 PE=2 SV=1
TRINITY_DN1687_c0_g1_i21.p1	sp|Q7T3F7|CHRD1_DANRE	26.4	87	216	341	18	104	229	314	6.22e-04	43.5	sp|Q7T3F7|CHRD1_DANRE Cysteine and histidine-rich domain-containing protein 1 OS=Danio rerio OX=7955 GN=chordc1 PE=2 SV=1
TRINITY_DN1687_c0_g1_i4.p1	sp|Q9CX34|SGT1_MOUSE	47.3	207	216	336	8	214	134	336	4.66e-60	194	sp|Q9CX34|SGT1_MOUSE Protein SGT1 homolog OS=Mus musculus OX=10090 GN=Sugt1 PE=1 SV=3
TRINITY_DN1687_c0_g1_i4.p1	sp|Q2KIK0|SGT1_BOVIN	48.1	208	216	338	8	214	135	338	6.95e-60	194	sp|Q2KIK0|SGT1_BOVIN Protein SGT1 homolog OS=Bos taurus OX=9913 GN=SUGT1 PE=2 SV=1
TRINITY_DN1687_c0_g1_i4.p1	sp|Q9Y2Z0|SGT1_HUMAN	49.7	199	216	365	16	214	171	365	7.15e-60	194	sp|Q9Y2Z0|SGT1_HUMAN Protein SGT1 homolog OS=Homo sapiens OX=9606 GN=SUGT1 PE=1 SV=3
TRINITY_DN1687_c0_g1_i4.p1	sp|B0BN85|SGT1_RAT	47.3	207	216	336	8	214	134	336	9.30e-60	193	sp|B0BN85|SGT1_RAT Protein SGT1 homolog OS=Rattus norvegicus OX=10116 GN=Sugt1 PE=2 SV=1
TRINITY_DN1687_c0_g1_i4.p1	sp|Q0JL44|SGT1_ORYSJ	44.2	226	216	367	1	215	145	366	4.59e-55	182	sp|Q0JL44|SGT1_ORYSJ Protein SGT1 homolog OS=Oryza sativa subsp. japonica OX=39947 GN=SGT1 PE=1 SV=1
TRINITY_DN1687_c0_g1_i4.p1	sp|A0A3L6DPG1|SGT1_MAIZE	44.2	217	216	361	6	215	148	360	1.07e-51	173	sp|A0A3L6DPG1|SGT1_MAIZE Protein SGT1 homolog OS=Zea mays OX=4577 GN=SGT1 PE=1 SV=1
TRINITY_DN1687_c0_g1_i4.p1	sp|Q9SUR9|SGT1A_ARATH	42.2	206	216	350	13	215	148	349	9.45e-47	160	sp|Q9SUR9|SGT1A_ARATH Protein SGT1 homolog A OS=Arabidopsis thaliana OX=3702 GN=SGT1A PE=1 SV=1
TRINITY_DN1687_c0_g1_i4.p1	sp|Q9SUT5|SGT1B_ARATH	39.2	204	216	358	12	215	155	357	6.86e-45	155	sp|Q9SUT5|SGT1B_ARATH Protein SGT1 homolog B OS=Arabidopsis thaliana OX=3702 GN=SGT1B PE=1 SV=1
TRINITY_DN1687_c0_g1_i4.p1	sp|Q55ED0|SGT1_DICDI	41.2	204	216	387	15	215	194	386	5.40e-43	151	sp|Q55ED0|SGT1_DICDI Protein SGT1 homolog OS=Dictyostelium discoideum OX=44689 GN=sugt1 PE=2 SV=1
TRINITY_DN1687_c0_g1_i4.p1	sp|Q08446|SGT1_YEAST	33.0	218	216	395	16	214	184	395	2.12e-29	115	sp|Q08446|SGT1_YEAST Protein SGT1 OS=Saccharomyces cerevisiae (strain ATCC 204508 / S288c) OX=559292 GN=SGT1 PE=1 SV=1
TRINITY_DN1687_c0_g1_i4.p1	sp|O59709|GIT7_SCHPO	38.2	204	216	379	15	214	182	379	2.39e-27	110	sp|O59709|GIT7_SCHPO Glucose-insensitive transcription protein 7 OS=Schizosaccharomyces pombe (strain 972 / ATCC 24843) OX=284812 GN=git7 PE=4 SV=2
TRINITY_DN1687_c0_g1_i4.p1	sp|Q4R7U2|CHRD1_MACFA	27.6	87	216	332	18	104	231	316	3.17e-05	47.4	sp|Q4R7U2|CHRD1_MACFA Cysteine and histidine-rich domain-containing protein 1 OS=Macaca fascicularis OX=9541 GN=CHORDC1 PE=2 SV=1
TRINITY_DN1687_c0_g1_i4.p1	sp|Q9UHD1|CHRD1_HUMAN	27.6	87	216	332	18	104	231	316	4.26e-05	47.0	sp|Q9UHD1|CHRD1_HUMAN Cysteine and histidine-rich domain-containing protein 1 OS=Homo sapiens OX=9606 GN=CHORDC1 PE=1 SV=2
TRINITY_DN1687_c0_g1_i4.p1	sp|Q5RD91|CHRD1_PONAB	27.6	87	216	332	18	104	231	316	4.26e-05	47.0	sp|Q5RD91|CHRD1_PONAB Cysteine and histidine-rich domain-containing protein 1 OS=Pongo abelii OX=9601 GN=CHORDC1 PE=2 SV=1
TRINITY_DN1687_c0_g1_i4.p1	sp|Q5ZML4|CHRD1_CHICK	28.7	87	216	331	18	104	231	316	5.72e-05	46.6	sp|Q5ZML4|CHRD1_CHICK Cysteine and histidine-rich domain-containing protein 1 OS=Gallus gallus OX=9031 GN=CHORDC1 PE=2 SV=1
TRINITY_DN1687_c0_g1_i4.p1	sp|Q9D1P4|CHRD1_MOUSE	27.1	96	216	331	18	113	231	325	5.72e-05	46.6	sp|Q9D1P4|CHRD1_MOUSE Cysteine and histidine-rich domain-containing protein 1 OS=Mus musculus OX=10090 GN=Chordc1 PE=1 SV=1
TRINITY_DN1687_c0_g1_i4.p1	sp|D4A4T9|CHRD1_RAT	27.1	96	216	331	18	113	231	325	5.72e-05	46.6	sp|D4A4T9|CHRD1_RAT Cysteine and histidine-rich domain-containing protein 1 OS=Rattus norvegicus OX=10116 GN=Chordc1 PE=3 SV=1
TRINITY_DN1687_c0_g1_i4.p1	sp|Q32LH7|NB5R4_BOVIN	28.8	118	216	520	1	117	152	267	1.25e-04	45.8	sp|Q32LH7|NB5R4_BOVIN Cytochrome b5 reductase 4 OS=Bos taurus OX=9913 GN=CYB5R4 PE=2 SV=1
TRINITY_DN1687_c0_g1_i4.p1	sp|Q29RL2|CHRD1_BOVIN	27.6	98	216	332	18	113	231	327	1.40e-04	45.4	sp|Q29RL2|CHRD1_BOVIN Cysteine and histidine-rich domain-containing protein 1 OS=Bos taurus OX=9913 GN=CHORDC1 PE=2 SV=1
TRINITY_DN1687_c0_g1_i4.p1	sp|A9YUB1|CHRD1_PIG	27.6	87	216	332	18	104	231	316	1.88e-04	45.1	sp|A9YUB1|CHRD1_PIG Cysteine and histidine-rich domain-containing protein 1 OS=Sus scrofa OX=9823 GN=CHORDC1 PE=2 SV=1
TRINITY_DN1687_c0_g1_i4.p1	sp|Q7T3F7|CHRD1_DANRE	26.4	87	216	341	18	104	229	314	6.22e-04	43.5	sp|Q7T3F7|CHRD1_DANRE Cysteine and histidine-rich domain-containing protein 1 OS=Danio rerio OX=7955 GN=chordc1 PE=2 SV=1
TRINITY_DN1687_c0_g1_i6.p1	sp|Q9CX34|SGT1_MOUSE	47.3	207	216	336	8	214	134	336	4.66e-60	194	sp|Q9CX34|SGT1_MOUSE Protein SGT1 homolog OS=Mus musculus OX=10090 GN=Sugt1 PE=1 SV=3
TRINITY_DN1687_c0_g1_i6.p1	sp|Q2KIK0|SGT1_BOVIN	48.1	208	216	338	8	214	135	338	6.95e-60	194	sp|Q2KIK0|SGT1_BOVIN Protein SGT1 homolog OS=Bos taurus OX=9913 GN=SUGT1 PE=2 SV=1
TRINITY_DN1687_c0_g1_i6.p1	sp|Q9Y2Z0|SGT1_HUMAN	49.7	199	216	365	16	214	171	365	7.15e-60	194	sp|Q9Y2Z0|SGT1_HUMAN Protein SGT1 homolog OS=Homo sapiens OX=9606 GN=SUGT1 PE=1 SV=3
TRINITY_DN1687_c0_g1_i6.p1	sp|B0BN85|SGT1_RAT	47.3	207	216	336	8	214	134	336	9.30e-60	193	sp|B0BN85|SGT1_RAT Protein SGT1 homolog OS=Rattus norvegicus OX=10116 GN=Sugt1 PE=2 SV=1
TRINITY_DN1687_c0_g1_i6.p1	sp|Q0JL44|SGT1_ORYSJ	44.2	226	216	367	1	215	145	366	4.59e-55	182	sp|Q0JL44|SGT1_ORYSJ Protein SGT1 homolog OS=Oryza sativa subsp. japonica OX=39947 GN=SGT1 PE=1 SV=1
TRINITY_DN1687_c0_g1_i6.p1	sp|A0A3L6DPG1|SGT1_MAIZE	44.2	217	216	361	6	215	148	360	1.07e-51	173	sp|A0A3L6DPG1|SGT1_MAIZE Protein SGT1 homolog OS=Zea mays OX=4577 GN=SGT1 PE=1 SV=1
TRINITY_DN1687_c0_g1_i6.p1	sp|Q9SUR9|SGT1A_ARATH	42.2	206	216	350	13	215	148	349	9.45e-47	160	sp|Q9SUR9|SGT1A_ARATH Protein SGT1 homolog A OS=Arabidopsis thaliana OX=3702 GN=SGT1A PE=1 SV=1
TRINITY_DN1687_c0_g1_i6.p1	sp|Q9SUT5|SGT1B_ARATH	39.2	204	216	358	12	215	155	357	6.86e-45	155	sp|Q9SUT5|SGT1B_ARATH Protein SGT1 homolog B OS=Arabidopsis thaliana OX=3702 GN=SGT1B PE=1 SV=1
TRINITY_DN1687_c0_g1_i6.p1	sp|Q55ED0|SGT1_DICDI	41.2	204	216	387	15	215	194	386	5.40e-43	151	sp|Q55ED0|SGT1_DICDI Protein SGT1 homolog OS=Dictyostelium discoideum OX=44689 GN=sugt1 PE=2 SV=1
TRINITY_DN1687_c0_g1_i6.p1	sp|Q08446|SGT1_YEAST	33.0	218	216	395	16	214	184	395	2.12e-29	115	sp|Q08446|SGT1_YEAST Protein SGT1 OS=Saccharomyces cerevisiae (strain ATCC 204508 / S288c) OX=559292 GN=SGT1 PE=1 SV=1
TRINITY_DN1687_c0_g1_i6.p1	sp|O59709|GIT7_SCHPO	38.2	204	216	379	15	214	182	379	2.39e-27	110	sp|O59709|GIT7_SCHPO Glucose-insensitive transcription protein 7 OS=Schizosaccharomyces pombe (strain 972 / ATCC 24843) OX=284812 GN=git7 PE=4 SV=2
TRINITY_DN1687_c0_g1_i6.p1	sp|Q4R7U2|CHRD1_MACFA	27.6	87	216	332	18	104	231	316	3.17e-05	47.4	sp|Q4R7U2|CHRD1_MACFA Cysteine and histidine-rich domain-containing protein 1 OS=Macaca fascicularis OX=9541 GN=CHORDC1 PE=2 SV=1
TRINITY_DN1687_c0_g1_i6.p1	sp|Q9UHD1|CHRD1_HUMAN	27.6	87	216	332	18	104	231	316	4.26e-05	47.0	sp|Q9UHD1|CHRD1_HUMAN Cysteine and histidine-rich domain-containing protein 1 OS=Homo sapiens OX=9606 GN=CHORDC1 PE=1 SV=2
TRINITY_DN1687_c0_g1_i6.p1	sp|Q5RD91|CHRD1_PONAB	27.6	87	216	332	18	104	231	316	4.26e-05	47.0	sp|Q5RD91|CHRD1_PONAB Cysteine and histidine-rich domain-containing protein 1 OS=Pongo abelii OX=9601 GN=CHORDC1 PE=2 SV=1
TRINITY_DN1687_c0_g1_i6.p1	sp|Q5ZML4|CHRD1_CHICK	28.7	87	216	331	18	104	231	316	5.72e-05	46.6	sp|Q5ZML4|CHRD1_CHICK Cysteine and histidine-rich domain-containing protein 1 OS=Gallus gallus OX=9031 GN=CHORDC1 PE=2 SV=1
TRINITY_DN1687_c0_g1_i6.p1	sp|Q9D1P4|CHRD1_MOUSE	27.1	96	216	331	18	113	231	325	5.72e-05	46.6	sp|Q9D1P4|CHRD1_MOUSE Cysteine and histidine-rich domain-containing protein 1 OS=Mus musculus OX=10090 GN=Chordc1 PE=1 SV=1
TRINITY_DN1687_c0_g1_i6.p1	sp|D4A4T9|CHRD1_RAT	27.1	96	216	331	18	113	231	325	5.72e-05	46.6	sp|D4A4T9|CHRD1_RAT Cysteine and histidine-rich domain-containing protein 1 OS=Rattus norvegicus OX=10116 GN=Chordc1 PE=3 SV=1
TRINITY_DN1687_c0_g1_i6.p1	sp|Q32LH7|NB5R4_BOVIN	28.8	118	216	520	1	117	152	267	1.25e-04	45.8	sp|Q32LH7|NB5R4_BOVIN Cytochrome b5 reductase 4 OS=Bos taurus OX=9913 GN=CYB5R4 PE=2 SV=1
TRINITY_DN1687_c0_g1_i6.p1	sp|Q29RL2|CHRD1_BOVIN	27.6	98	216	332	18	113	231	327	1.40e-04	45.4	sp|Q29RL2|CHRD1_BOVIN Cysteine and histidine-rich domain-containing protein 1 OS=Bos taurus OX=9913 GN=CHORDC1 PE=2 SV=1
TRINITY_DN1687_c0_g1_i6.p1	sp|A9YUB1|CHRD1_PIG	27.6	87	216	332	18	104	231	316	1.88e-04	45.1	sp|A9YUB1|CHRD1_PIG Cysteine and histidine-rich domain-containing protein 1 OS=Sus scrofa OX=9823 GN=CHORDC1 PE=2 SV=1
TRINITY_DN1687_c0_g1_i6.p1	sp|Q7T3F7|CHRD1_DANRE	26.4	87	216	341	18	104	229	314	6.22e-04	43.5	sp|Q7T3F7|CHRD1_DANRE Cysteine and histidine-rich domain-containing protein 1 OS=Danio rerio OX=7955 GN=chordc1 PE=2 SV=1
TRINITY_DN1687_c0_g1_i8.p1	sp|Q9CX34|SGT1_MOUSE	47.3	207	216	336	8	214	134	336	4.66e-60	194	sp|Q9CX34|SGT1_MOUSE Protein SGT1 homolog OS=Mus musculus OX=10090 GN=Sugt1 PE=1 SV=3
TRINITY_DN1687_c0_g1_i8.p1	sp|Q2KIK0|SGT1_BOVIN	48.1	208	216	338	8	214	135	338	6.95e-60	194	sp|Q2KIK0|SGT1_BOVIN Protein SGT1 homolog OS=Bos taurus OX=9913 GN=SUGT1 PE=2 SV=1
TRINITY_DN1687_c0_g1_i8.p1	sp|Q9Y2Z0|SGT1_HUMAN	49.7	199	216	365	16	214	171	365	7.15e-60	194	sp|Q9Y2Z0|SGT1_HUMAN Protein SGT1 homolog OS=Homo sapiens OX=9606 GN=SUGT1 PE=1 SV=3
TRINITY_DN1687_c0_g1_i8.p1	sp|B0BN85|SGT1_RAT	47.3	207	216	336	8	214	134	336	9.30e-60	193	sp|B0BN85|SGT1_RAT Protein SGT1 homolog OS=Rattus norvegicus OX=10116 GN=Sugt1 PE=2 SV=1
TRINITY_DN1687_c0_g1_i8.p1	sp|Q0JL44|SGT1_ORYSJ	44.2	226	216	367	1	215	145	366	4.59e-55	182	sp|Q0JL44|SGT1_ORYSJ Protein SGT1 homolog OS=Oryza sativa subsp. japonica OX=39947 GN=SGT1 PE=1 SV=1
TRINITY_DN1687_c0_g1_i8.p1	sp|A0A3L6DPG1|SGT1_MAIZE	44.2	217	216	361	6	215	148	360	1.07e-51	173	sp|A0A3L6DPG1|SGT1_MAIZE Protein SGT1 homolog OS=Zea mays OX=4577 GN=SGT1 PE=1 SV=1
TRINITY_DN1687_c0_g1_i8.p1	sp|Q9SUR9|SGT1A_ARATH	42.2	206	216	350	13	215	148	349	9.45e-47	160	sp|Q9SUR9|SGT1A_ARATH Protein SGT1 homolog A OS=Arabidopsis thaliana OX=3702 GN=SGT1A PE=1 SV=1
TRINITY_DN1687_c0_g1_i8.p1	sp|Q9SUT5|SGT1B_ARATH	39.2	204	216	358	12	215	155	357	6.86e-45	155	sp|Q9SUT5|SGT1B_ARATH Protein SGT1 homolog B OS=Arabidopsis thaliana OX=3702 GN=SGT1B PE=1 SV=1
TRINITY_DN1687_c0_g1_i8.p1	sp|Q55ED0|SGT1_DICDI	41.2	204	216	387	15	215	194	386	5.40e-43	151	sp|Q55ED0|SGT1_DICDI Protein SGT1 homolog OS=Dictyostelium discoideum OX=44689 GN=sugt1 PE=2 SV=1
TRINITY_DN1687_c0_g1_i8.p1	sp|Q08446|SGT1_YEAST	33.0	218	216	395	16	214	184	395	2.12e-29	115	sp|Q08446|SGT1_YEAST Protein SGT1 OS=Saccharomyces cerevisiae (strain ATCC 204508 / S288c) OX=559292 GN=SGT1 PE=1 SV=1
TRINITY_DN1687_c0_g1_i8.p1	sp|O59709|GIT7_SCHPO	38.2	204	216	379	15	214	182	379	2.39e-27	110	sp|O59709|GIT7_SCHPO Glucose-insensitive transcription protein 7 OS=Schizosaccharomyces pombe (strain 972 / ATCC 24843) OX=284812 GN=git7 PE=4 SV=2
TRINITY_DN1687_c0_g1_i8.p1	sp|Q4R7U2|CHRD1_MACFA	27.6	87	216	332	18	104	231	316	3.17e-05	47.4	sp|Q4R7U2|CHRD1_MACFA Cysteine and histidine-rich domain-containing protein 1 OS=Macaca fascicularis OX=9541 GN=CHORDC1 PE=2 SV=1
TRINITY_DN1687_c0_g1_i8.p1	sp|Q9UHD1|CHRD1_HUMAN	27.6	87	216	332	18	104	231	316	4.26e-05	47.0	sp|Q9UHD1|CHRD1_HUMAN Cysteine and histidine-rich domain-containing protein 1 OS=Homo sapiens OX=9606 GN=CHORDC1 PE=1 SV=2
TRINITY_DN1687_c0_g1_i8.p1	sp|Q5RD91|CHRD1_PONAB	27.6	87	216	332	18	104	231	316	4.26e-05	47.0	sp|Q5RD91|CHRD1_PONAB Cysteine and histidine-rich domain-containing protein 1 OS=Pongo abelii OX=9601 GN=CHORDC1 PE=2 SV=1
TRINITY_DN1687_c0_g1_i8.p1	sp|Q5ZML4|CHRD1_CHICK	28.7	87	216	331	18	104	231	316	5.72e-05	46.6	sp|Q5ZML4|CHRD1_CHICK Cysteine and histidine-rich domain-containing protein 1 OS=Gallus gallus OX=9031 GN=CHORDC1 PE=2 SV=1
TRINITY_DN1687_c0_g1_i8.p1	sp|Q9D1P4|CHRD1_MOUSE	27.1	96	216	331	18	113	231	325	5.72e-05	46.6	sp|Q9D1P4|CHRD1_MOUSE Cysteine and histidine-rich domain-containing protein 1 OS=Mus musculus OX=10090 GN=Chordc1 PE=1 SV=1
TRINITY_DN1687_c0_g1_i8.p1	sp|D4A4T9|CHRD1_RAT	27.1	96	216	331	18	113	231	325	5.72e-05	46.6	sp|D4A4T9|CHRD1_RAT Cysteine and histidine-rich domain-containing protein 1 OS=Rattus norvegicus OX=10116 GN=Chordc1 PE=3 SV=1
TRINITY_DN1687_c0_g1_i8.p1	sp|Q32LH7|NB5R4_BOVIN	28.8	118	216	520	1	117	152	267	1.25e-04	45.8	sp|Q32LH7|NB5R4_BOVIN Cytochrome b5 reductase 4 OS=Bos taurus OX=9913 GN=CYB5R4 PE=2 SV=1
TRINITY_DN1687_c0_g1_i8.p1	sp|Q29RL2|CHRD1_BOVIN	27.6	98	216	332	18	113	231	327	1.40e-04	45.4	sp|Q29RL2|CHRD1_BOVIN Cysteine and histidine-rich domain-containing protein 1 OS=Bos taurus OX=9913 GN=CHORDC1 PE=2 SV=1
TRINITY_DN1687_c0_g1_i8.p1	sp|A9YUB1|CHRD1_PIG	27.6	87	216	332	18	104	231	316	1.88e-04	45.1	sp|A9YUB1|CHRD1_PIG Cysteine and histidine-rich domain-containing protein 1 OS=Sus scrofa OX=9823 GN=CHORDC1 PE=2 SV=1
TRINITY_DN1687_c0_g1_i8.p1	sp|Q7T3F7|CHRD1_DANRE	26.4	87	216	341	18	104	229	314	6.22e-04	43.5	sp|Q7T3F7|CHRD1_DANRE Cysteine and histidine-rich domain-containing protein 1 OS=Danio rerio OX=7955 GN=chordc1 PE=2 SV=1
TRINITY_DN1689_c0_g1_i1.p1	sp|A0A291PQH4|UGT2_DACCO	29.1	506	497	515	2	497	4	497	1.11e-58	205	sp|A0A291PQH4|UGT2_DACCO UDP-glucosyltransferase 2 OS=Dactylopius coccus OX=765876 GN=UTG2 PE=1 SV=1
TRINITY_DN1689_c0_g1_i1.p1	sp|A0A291PQF1|UGT5_DACCO	29.0	510	497	526	5	497	7	500	1.02e-57	202	sp|A0A291PQF1|UGT5_DACCO UDP-glycosyltransferase UGT5 OS=Dactylopius coccus OX=765876 GN=UGT5 PE=1 SV=1
TRINITY_DN1689_c0_g1_i1.p1	sp|Q88168|UDPE_NPVSL	28.1	481	497	515	19	470	21	491	5.93e-40	154	sp|Q88168|UDPE_NPVSL Ecdysteroid UDP-glucosyltransferase OS=Spodoptera littoralis nuclear polyhedrosis virus OX=10456 GN=EGT PE=3 SV=1
TRINITY_DN1689_c0_g1_i1.p1	sp|Q83140|UDPE_NPVMB	25.6	477	497	528	4	455	20	481	3.49e-39	152	sp|Q83140|UDPE_NPVMB Ecdysteroid UDP-glucosyltransferase OS=Mamestra brassicae nuclear polyhedrosis virus OX=78219 GN=EGT PE=3 SV=1
TRINITY_DN1689_c0_g1_i1.p1	sp|P41713|UDPE_NPVLD	27.2	500	497	506	13	484	11	491	1.32e-35	142	sp|P41713|UDPE_NPVLD Ecdysteroid UDP-glucosyltransferase OS=Lymantria dispar multicapsid nuclear polyhedrosis virus OX=10449 GN=EGT PE=3 SV=2
TRINITY_DN1689_c0_g1_i1.p1	sp|P08541|UD2B2_RAT	34.0	265	497	530	230	491	248	508	6.19e-35	140	sp|P08541|UD2B2_RAT UDP-glucuronosyltransferase 2B2 OS=Rattus norvegicus OX=10116 GN=Ugt2b PE=1 SV=1
TRINITY_DN1689_c0_g1_i1.p1	sp|P36511|UDB15_RAT	30.6	327	497	530	172	491	188	508	1.16e-34	139	sp|P36511|UDB15_RAT UDP-glucuronosyltransferase 2B15 OS=Rattus norvegicus OX=10116 GN=Ugt2b15 PE=1 SV=1
TRINITY_DN1689_c0_g1_i1.p1	sp|P19488|UDB37_RAT	27.6	492	497	530	27	491	34	508	2.15e-34	139	sp|P19488|UDB37_RAT UDP-glucuronosyltransferase 2B37 OS=Rattus norvegicus OX=10116 GN=Ugt2b37 PE=1 SV=1
TRINITY_DN1689_c0_g1_i1.p1	sp|P08542|UDB17_RAT	27.6	525	497	530	6	488	9	508	1.02e-33	137	sp|P08542|UDB17_RAT UDP-glucuronosyltransferase 2B17 OS=Rattus norvegicus OX=10116 GN=Ugt2b17 PE=1 SV=2
TRINITY_DN1689_c0_g1_i1.p1	sp|Q3UP75|UD3A1_MOUSE	31.8	261	497	523	227	476	235	487	1.29e-33	136	sp|Q3UP75|UD3A1_MOUSE UDP-glucuronosyltransferase 3A1 OS=Mus musculus OX=10090 GN=Ugt3a1 PE=1 SV=1
TRINITY_DN1689_c0_g1_i1.p1	sp|P36514|UD2C1_RABIT	33.5	242	497	502	255	493	245	482	4.81e-33	134	sp|P36514|UD2C1_RABIT UDP-glucuronosyltransferase 2C1 (Fragment) OS=Oryctolagus cuniculus OX=9986 GN=UGT2C1 PE=2 SV=1
TRINITY_DN1689_c0_g1_i1.p1	sp|Q3SY77|UD3A2_HUMAN	26.1	399	497	523	86	476	104	487	2.85e-32	132	sp|Q3SY77|UD3A2_HUMAN UDP-glucuronosyltransferase 3A2 OS=Homo sapiens OX=9606 GN=UGT3A2 PE=1 SV=1
TRINITY_DN1689_c0_g1_i1.p1	sp|Q9R110|UD2A3_CAVPO	25.4	511	497	530	4	486	11	503	4.17e-32	132	sp|Q9R110|UD2A3_CAVPO UDP-glucuronosyltransferase 2A3 OS=Cavia porcellus OX=10141 GN=UGT2A3 PE=2 SV=1
TRINITY_DN1689_c0_g1_i1.p1	sp|P16662|UD2B7_HUMAN	27.8	324	497	529	170	489	194	505	3.55e-31	129	sp|P16662|UD2B7_HUMAN UDP-glucuronosyltransferase 2B7 OS=Homo sapiens OX=9606 GN=UGT2B7 PE=1 SV=2
TRINITY_DN1689_c0_g1_i1.p1	sp|P36513|UDB14_RABIT	27.2	323	497	530	170	489	195	506	3.59e-31	129	sp|P36513|UDB14_RABIT UDP-glucuronosyltransferase 2B14 OS=Oryctolagus cuniculus OX=9986 GN=UGT2B14 PE=2 SV=1
TRINITY_DN1689_c0_g1_i1.p1	sp|Q8JZZ0|UD3A2_MOUSE	29.9	261	497	523	227	476	235	487	4.56e-31	129	sp|Q8JZZ0|UD3A2_MOUSE UDP-glucuronosyltransferase 3A2 OS=Mus musculus OX=10090 GN=Ugt3a2 PE=1 SV=2
TRINITY_DN1689_c0_g1_i1.p1	sp|Q98166|UDPE_GVLO	25.5	471	497	460	4	457	5	455	5.72e-31	128	sp|Q98166|UDPE_GVLO Ecdysteroid UDP-glucosyltransferase OS=Lacanobia oleracea granulosis virus OX=52412 GN=EGT PE=3 SV=1
TRINITY_DN1689_c0_g1_i1.p1	sp|Q6NUS8|UD3A1_HUMAN	25.4	414	497	523	73	476	89	487	6.20e-31	129	sp|Q6NUS8|UD3A1_HUMAN UDP-glucuronosyltransferase 3A1 OS=Homo sapiens OX=9606 GN=UGT3A1 PE=1 SV=1
TRINITY_DN1689_c0_g1_i1.p1	sp|P17717|UDB17_MOUSE	27.3	521	497	530	6	491	9	508	8.99e-31	128	sp|P17717|UDB17_MOUSE UDP-glucuronosyltransferase 2B17 OS=Mus musculus OX=10090 GN=Ugt2b17 PE=1 SV=1
TRINITY_DN1689_c0_g1_i1.p1	sp|Q18081|UGT48_CAEEL	26.5	510	497	526	4	478	5	495	2.95e-30	127	sp|Q18081|UGT48_CAEEL Putative UDP-glucuronosyltransferase ugt-48 OS=Caenorhabditis elegans OX=6239 GN=ugt-48 PE=1 SV=3
TRINITY_DN1689_c0_g1_i1.p1	sp|Q21706|UGT47_CAEEL	23.9	490	497	536	17	478	22	498	3.22e-30	127	sp|Q21706|UGT47_CAEEL Putative UDP-glucuronosyltransferase ugt-47 OS=Caenorhabditis elegans OX=6239 GN=ugt-47 PE=1 SV=2
TRINITY_DN1689_c0_g1_i1.p1	sp|Q62452|UD19_MOUSE	26.8	407	497	528	85	484	107	493	4.07e-30	126	sp|Q62452|UD19_MOUSE UDP-glucuronosyltransferase 1A9 OS=Mus musculus OX=10090 GN=Ugt1a9 PE=1 SV=3
TRINITY_DN1689_c0_g1_i1.p1	sp|Q9XT55|UDB19_MACFA	32.6	239	497	528	255	489	272	505	4.07e-30	126	sp|Q9XT55|UDB19_MACFA UDP-glucuronosyltransferase 2B19 OS=Macaca fascicularis OX=9541 GN=UGT2B19 PE=1 SV=1
TRINITY_DN1689_c0_g1_i1.p1	sp|P36512|UDB13_RABIT	28.9	322	497	531	170	487	196	505	4.18e-30	126	sp|P36512|UDB13_RABIT UDP-glucuronosyltransferase 2B13 OS=Oryctolagus cuniculus OX=9986 GN=UGT2B13 PE=2 SV=1
TRINITY_DN1689_c0_g1_i1.p1	sp|Q8BWQ1|UD2A3_MOUSE	33.8	231	497	534	255	482	272	498	5.82e-30	126	sp|Q8BWQ1|UD2A3_MOUSE UDP-glucuronosyltransferase 2A3 OS=Mus musculus OX=10090 GN=Ugt2a3 PE=1 SV=1
TRINITY_DN1689_c0_g1_i2.p1	sp|A0A291PQF1|UGT5_DACCO	29.4	514	519	526	5	501	7	504	4.53e-58	204	sp|A0A291PQF1|UGT5_DACCO UDP-glycosyltransferase UGT5 OS=Dactylopius coccus OX=765876 GN=UGT5 PE=1 SV=1
TRINITY_DN1689_c0_g1_i2.p1	sp|A0A291PQH4|UGT2_DACCO	29.8	487	519	515	2	478	4	478	1.89e-57	202	sp|A0A291PQH4|UGT2_DACCO UDP-glucosyltransferase 2 OS=Dactylopius coccus OX=765876 GN=UTG2 PE=1 SV=1
TRINITY_DN1689_c0_g1_i2.p1	sp|Q88168|UDPE_NPVSL	28.4	493	519	515	19	482	21	501	6.24e-40	154	sp|Q88168|UDPE_NPVSL Ecdysteroid UDP-glucosyltransferase OS=Spodoptera littoralis nuclear polyhedrosis virus OX=10456 GN=EGT PE=3 SV=1
TRINITY_DN1689_c0_g1_i2.p1	sp|Q83140|UDPE_NPVMB	25.6	477	519	528	4	455	20	481	5.01e-39	152	sp|Q83140|UDPE_NPVMB Ecdysteroid UDP-glucosyltransferase OS=Mamestra brassicae nuclear polyhedrosis virus OX=78219 GN=EGT PE=3 SV=1
TRINITY_DN1689_c0_g1_i2.p1	sp|P41713|UDPE_NPVLD	27.3	472	519	506	13	456	11	464	6.39e-35	140	sp|P41713|UDPE_NPVLD Ecdysteroid UDP-glucosyltransferase OS=Lymantria dispar multicapsid nuclear polyhedrosis virus OX=10449 GN=EGT PE=3 SV=2
TRINITY_DN1689_c0_g1_i2.p1	sp|Q3UP75|UD3A1_MOUSE	31.6	269	519	523	227	484	235	495	2.38e-33	136	sp|Q3UP75|UD3A1_MOUSE UDP-glucuronosyltransferase 3A1 OS=Mus musculus OX=10090 GN=Ugt3a1 PE=1 SV=1
TRINITY_DN1689_c0_g1_i2.p1	sp|P08541|UD2B2_RAT	34.1	252	519	530	230	478	248	495	6.46e-33	135	sp|P08541|UD2B2_RAT UDP-glucuronosyltransferase 2B2 OS=Rattus norvegicus OX=10116 GN=Ugt2b PE=1 SV=1
TRINITY_DN1689_c0_g1_i2.p1	sp|P36511|UDB15_RAT	30.9	314	519	530	172	478	188	495	8.78e-33	134	sp|P36511|UDB15_RAT UDP-glucuronosyltransferase 2B15 OS=Rattus norvegicus OX=10116 GN=Ugt2b15 PE=1 SV=1
TRINITY_DN1689_c0_g1_i2.p1	sp|P08542|UDB17_RAT	27.3	512	519	530	6	478	9	495	2.21e-32	133	sp|P08542|UDB17_RAT UDP-glucuronosyltransferase 2B17 OS=Rattus norvegicus OX=10116 GN=Ugt2b17 PE=1 SV=2
TRINITY_DN1689_c0_g1_i2.p1	sp|P19488|UDB37_RAT	27.0	492	519	530	27	491	34	508	1.02e-31	131	sp|P19488|UDB37_RAT UDP-glucuronosyltransferase 2B37 OS=Rattus norvegicus OX=10116 GN=Ugt2b37 PE=1 SV=1
TRINITY_DN1689_c0_g1_i2.p1	sp|Q3SY77|UD3A2_HUMAN	25.8	407	519	523	86	484	104	495	1.30e-31	131	sp|Q3SY77|UD3A2_HUMAN UDP-glucuronosyltransferase 3A2 OS=Homo sapiens OX=9606 GN=UGT3A2 PE=1 SV=1
TRINITY_DN1689_c0_g1_i2.p1	sp|P36514|UD2C1_RABIT	32.3	232	519	502	255	483	245	472	3.56e-31	129	sp|P36514|UD2C1_RABIT UDP-glucuronosyltransferase 2C1 (Fragment) OS=Oryctolagus cuniculus OX=9986 GN=UGT2C1 PE=2 SV=1
TRINITY_DN1689_c0_g1_i2.p1	sp|Q8JZZ0|UD3A2_MOUSE	29.6	270	519	523	227	485	235	496	5.99e-31	129	sp|Q8JZZ0|UD3A2_MOUSE UDP-glucuronosyltransferase 3A2 OS=Mus musculus OX=10090 GN=Ugt3a2 PE=1 SV=2
TRINITY_DN1689_c0_g1_i2.p1	sp|Q98166|UDPE_GVLO	25.5	471	519	460	4	457	5	455	7.45e-31	128	sp|Q98166|UDPE_GVLO Ecdysteroid UDP-glucosyltransferase OS=Lacanobia oleracea granulosis virus OX=52412 GN=EGT PE=3 SV=1
TRINITY_DN1689_c0_g1_i2.p1	sp|Q18081|UGT48_CAEEL	26.6	527	519	526	4	495	5	512	8.36e-31	129	sp|Q18081|UGT48_CAEEL Putative UDP-glucuronosyltransferase ugt-48 OS=Caenorhabditis elegans OX=6239 GN=ugt-48 PE=1 SV=3
TRINITY_DN1689_c0_g1_i2.p1	sp|Q9R110|UD2A3_CAVPO	25.4	503	519	530	4	478	11	495	1.60e-30	128	sp|Q9R110|UD2A3_CAVPO UDP-glucuronosyltransferase 2A3 OS=Cavia porcellus OX=10141 GN=UGT2A3 PE=2 SV=1
TRINITY_DN1689_c0_g1_i2.p1	sp|Q6NUS8|UD3A1_HUMAN	25.1	422	519	523	73	484	89	495	2.75e-30	127	sp|Q6NUS8|UD3A1_HUMAN UDP-glucuronosyltransferase 3A1 OS=Homo sapiens OX=9606 GN=UGT3A1 PE=1 SV=1
TRINITY_DN1689_c0_g1_i2.p1	sp|P36513|UDB14_RABIT	26.8	317	519	530	170	483	195	500	5.38e-30	126	sp|P36513|UDB14_RABIT UDP-glucuronosyltransferase 2B14 OS=Oryctolagus cuniculus OX=9986 GN=UGT2B14 PE=2 SV=1
TRINITY_DN1689_c0_g1_i2.p1	sp|Q21706|UGT47_CAEEL	24.2	472	519	536	17	460	22	480	5.67e-30	126	sp|Q21706|UGT47_CAEEL Putative UDP-glucuronosyltransferase ugt-47 OS=Caenorhabditis elegans OX=6239 GN=ugt-47 PE=1 SV=2
TRINITY_DN1689_c0_g1_i2.p1	sp|P16662|UD2B7_HUMAN	28.1	313	519	529	170	478	194	494	7.23e-30	126	sp|P16662|UD2B7_HUMAN UDP-glucuronosyltransferase 2B7 OS=Homo sapiens OX=9606 GN=UGT2B7 PE=1 SV=2
TRINITY_DN1689_c0_g1_i2.p1	sp|P17717|UDB17_MOUSE	27.4	508	519	530	6	478	9	495	2.45e-29	124	sp|P17717|UDB17_MOUSE UDP-glucuronosyltransferase 2B17 OS=Mus musculus OX=10090 GN=Ugt2b17 PE=1 SV=1
TRINITY_DN1689_c0_g1_i2.p1	sp|Q8BWQ1|UD2A3_MOUSE	33.2	244	519	534	255	494	272	511	2.53e-29	124	sp|Q8BWQ1|UD2A3_MOUSE UDP-glucuronosyltransferase 2A3 OS=Mus musculus OX=10090 GN=Ugt2a3 PE=1 SV=1
TRINITY_DN1689_c0_g1_i2.p1	sp|Q1LZI1|UD3A1_BOVIN	28.8	260	519	523	227	476	235	487	5.71e-29	123	sp|Q1LZI1|UD3A1_BOVIN UDP-glucuronosyltransferase 3A1 OS=Bos taurus OX=9913 GN=UGT3A1 PE=2 SV=1
TRINITY_DN1689_c0_g1_i2.p1	sp|Q62452|UD19_MOUSE	26.0	438	519	528	85	511	107	524	5.96e-29	123	sp|Q62452|UD19_MOUSE UDP-glucuronosyltransferase 1A9 OS=Mus musculus OX=10090 GN=Ugt1a9 PE=1 SV=3
TRINITY_DN1689_c0_g1_i2.p1	sp|P36512|UDB13_RABIT	28.8	340	519	531	170	505	196	519	1.51e-28	122	sp|P36512|UDB13_RABIT UDP-glucuronosyltransferase 2B13 OS=Oryctolagus cuniculus OX=9986 GN=UGT2B13 PE=2 SV=1
TRINITY_DN1689_c0_g2_i1.p1	sp|A0A291PQH4|UGT2_DACCO	31.1	456	475	515	34	472	37	471	6.49e-59	205	sp|A0A291PQH4|UGT2_DACCO UDP-glucosyltransferase 2 OS=Dactylopius coccus OX=765876 GN=UTG2 PE=1 SV=1
TRINITY_DN1689_c0_g2_i1.p1	sp|A0A291PQF1|UGT5_DACCO	30.1	455	475	526	37	472	34	474	1.26e-53	191	sp|A0A291PQF1|UGT5_DACCO UDP-glycosyltransferase UGT5 OS=Dactylopius coccus OX=765876 GN=UGT5 PE=1 SV=1
TRINITY_DN1689_c0_g2_i1.p1	sp|P08541|UD2B2_RAT	33.5	245	475	530	231	472	248	488	3.47e-33	135	sp|P08541|UD2B2_RAT UDP-glucuronosyltransferase 2B2 OS=Rattus norvegicus OX=10116 GN=Ugt2b PE=1 SV=1
TRINITY_DN1689_c0_g2_i1.p1	sp|Q88168|UDPE_NPVSL	32.8	262	475	515	224	471	234	491	5.52e-33	134	sp|Q88168|UDPE_NPVSL Ecdysteroid UDP-glucosyltransferase OS=Spodoptera littoralis nuclear polyhedrosis virus OX=10456 GN=EGT PE=3 SV=1
TRINITY_DN1689_c0_g2_i1.p1	sp|Q83140|UDPE_NPVMB	25.1	450	475	528	36	456	51	481	1.61e-32	133	sp|Q83140|UDPE_NPVMB Ecdysteroid UDP-glucosyltransferase OS=Mamestra brassicae nuclear polyhedrosis virus OX=78219 GN=EGT PE=3 SV=1
TRINITY_DN1689_c0_g2_i1.p1	sp|P36511|UDB15_RAT	26.8	385	475	530	96	472	117	488	1.64e-32	133	sp|P36511|UDB15_RAT UDP-glucuronosyltransferase 2B15 OS=Rattus norvegicus OX=10116 GN=Ugt2b15 PE=1 SV=1
TRINITY_DN1689_c0_g2_i1.p1	sp|Q3SY77|UD3A2_HUMAN	25.3	375	475	523	108	475	125	485	7.21e-32	131	sp|Q3SY77|UD3A2_HUMAN UDP-glucuronosyltransferase 3A2 OS=Homo sapiens OX=9606 GN=UGT3A2 PE=1 SV=1
TRINITY_DN1689_c0_g2_i1.p1	sp|Q3UP75|UD3A1_MOUSE	26.9	394	475	523	96	475	112	485	1.34e-31	130	sp|Q3UP75|UD3A1_MOUSE UDP-glucuronosyltransferase 3A1 OS=Mus musculus OX=10090 GN=Ugt3a1 PE=1 SV=1
TRINITY_DN1689_c0_g2_i1.p1	sp|Q6NUS8|UD3A1_HUMAN	26.5	404	475	523	85	475	102	485	3.38e-31	129	sp|Q6NUS8|UD3A1_HUMAN UDP-glucuronosyltransferase 3A1 OS=Homo sapiens OX=9606 GN=UGT3A1 PE=1 SV=1
TRINITY_DN1689_c0_g2_i1.p1	sp|P08542|UDB17_RAT	25.7	467	475	530	36	472	40	488	6.68e-31	128	sp|P08542|UDB17_RAT UDP-glucuronosyltransferase 2B17 OS=Rattus norvegicus OX=10116 GN=Ugt2b17 PE=1 SV=2
TRINITY_DN1689_c0_g2_i1.p1	sp|P19488|UDB37_RAT	34.4	221	475	530	254	472	271	488	2.28e-30	127	sp|P19488|UDB37_RAT UDP-glucuronosyltransferase 2B37 OS=Rattus norvegicus OX=10116 GN=Ugt2b37 PE=1 SV=1
TRINITY_DN1689_c0_g2_i1.p1	sp|P36514|UD2C1_RABIT	33.2	220	475	502	256	472	245	460	3.25e-30	126	sp|P36514|UD2C1_RABIT UDP-glucuronosyltransferase 2C1 (Fragment) OS=Oryctolagus cuniculus OX=9986 GN=UGT2C1 PE=2 SV=1
TRINITY_DN1689_c0_g2_i1.p1	sp|Q1LZI1|UD3A1_BOVIN	25.9	378	475	523	107	475	124	485	5.39e-30	125	sp|Q1LZI1|UD3A1_BOVIN UDP-glucuronosyltransferase 3A1 OS=Bos taurus OX=9913 GN=UGT3A1 PE=2 SV=1
TRINITY_DN1689_c0_g2_i1.p1	sp|Q9R110|UD2A3_CAVPO	25.2	464	475	530	36	472	40	488	2.64e-29	124	sp|Q9R110|UD2A3_CAVPO UDP-glucuronosyltransferase 2A3 OS=Cavia porcellus OX=10141 GN=UGT2A3 PE=2 SV=1
TRINITY_DN1689_c0_g2_i1.p1	sp|Q8JZZ0|UD3A2_MOUSE	28.9	256	475	523	228	475	235	485	6.23e-29	122	sp|Q8JZZ0|UD3A2_MOUSE UDP-glucuronosyltransferase 3A2 OS=Mus musculus OX=10090 GN=Ugt3a2 PE=1 SV=2
TRINITY_DN1689_c0_g2_i1.p1	sp|P16662|UD2B7_HUMAN	32.6	221	475	529	256	472	272	487	8.87e-29	122	sp|P16662|UD2B7_HUMAN UDP-glucuronosyltransferase 2B7 OS=Homo sapiens OX=9606 GN=UGT2B7 PE=1 SV=2
TRINITY_DN1689_c0_g2_i1.p1	sp|P36513|UDB14_RABIT	30.6	222	475	530	254	472	271	488	8.94e-29	122	sp|P36513|UDB14_RABIT UDP-glucuronosyltransferase 2B14 OS=Oryctolagus cuniculus OX=9986 GN=UGT2B14 PE=2 SV=1
TRINITY_DN1689_c0_g2_i1.p1	sp|Q62452|UD19_MOUSE	28.3	371	475	528	107	472	125	480	1.19e-28	122	sp|Q62452|UD19_MOUSE UDP-glucuronosyltransferase 1A9 OS=Mus musculus OX=10090 GN=Ugt1a9 PE=1 SV=3
TRINITY_DN1689_c0_g2_i1.p1	sp|O97951|UDB18_MACFA	32.6	221	475	529	256	472	272	487	1.20e-28	122	sp|O97951|UDB18_MACFA UDP-glucuronosyltransferase 2B18 OS=Macaca fascicularis OX=9541 GN=UGT2B18 PE=1 SV=1
TRINITY_DN1689_c0_g2_i1.p1	sp|Q9XT55|UDB19_MACFA	32.6	221	475	528	256	472	272	487	2.19e-28	121	sp|Q9XT55|UDB19_MACFA UDP-glucuronosyltransferase 2B19 OS=Macaca fascicularis OX=9541 GN=UGT2B19 PE=1 SV=1
TRINITY_DN1689_c0_g2_i1.p1	sp|P06133|UD2B4_HUMAN	32.6	221	475	528	256	472	272	487	2.97e-28	120	sp|P06133|UD2B4_HUMAN UDP-glucuronosyltransferase 2B4 OS=Homo sapiens OX=9606 GN=UGT2B4 PE=1 SV=2
TRINITY_DN1689_c0_g2_i1.p1	sp|P17717|UDB17_MOUSE	25.5	466	475	530	36	472	40	488	3.02e-28	120	sp|P17717|UDB17_MOUSE UDP-glucuronosyltransferase 2B17 OS=Mus musculus OX=10090 GN=Ugt2b17 PE=1 SV=1
TRINITY_DN1689_c0_g2_i1.p1	sp|P41713|UDPE_NPVLD	32.1	237	475	506	224	457	228	464	4.57e-28	120	sp|P41713|UDPE_NPVLD Ecdysteroid UDP-glucosyltransferase OS=Lymantria dispar multicapsid nuclear polyhedrosis virus OX=10449 GN=EGT PE=3 SV=2
TRINITY_DN1689_c0_g2_i1.p1	sp|O19103|UDB16_RABIT	31.5	219	475	523	256	472	266	481	7.11e-28	119	sp|O19103|UDB16_RABIT UDP-glucuronosyltransferase 2B16 (Fragment) OS=Oryctolagus cuniculus OX=9986 GN=UGT2B16 PE=2 SV=2
TRINITY_DN1689_c0_g2_i1.p1	sp|Q9GLD9|UDB33_MACMU	32.7	220	475	529	256	472	272	487	7.44e-28	119	sp|Q9GLD9|UDB33_MACMU UDP-glucuronosyltransferase 2B33 OS=Macaca mulatta OX=9544 GN=UGT2B33 PE=1 SV=1
TRINITY_DN1689_c1_g1_i4.p1	sp|A0A291PQH4|UGT2_DACCO	27.8	521	518	515	9	517	8	515	1.45e-65	224	sp|A0A291PQH4|UGT2_DACCO UDP-glucosyltransferase 2 OS=Dactylopius coccus OX=765876 GN=UTG2 PE=1 SV=1
TRINITY_DN1689_c1_g1_i4.p1	sp|A0A291PQF1|UGT5_DACCO	29.5	499	518	526	16	503	13	504	7.35e-64	219	sp|A0A291PQF1|UGT5_DACCO UDP-glycosyltransferase UGT5 OS=Dactylopius coccus OX=765876 GN=UGT5 PE=1 SV=1
TRINITY_DN1689_c1_g1_i4.p1	sp|A0A291PQG3|UGT4_DACCO	28.6	496	518	504	13	495	15	503	1.41e-46	172	sp|A0A291PQG3|UGT4_DACCO UDP-glycosyltransferase UGT4 OS=Dactylopius coccus OX=765876 GN=UGT4 PE=1 SV=1
TRINITY_DN1689_c1_g1_i4.p1	sp|Q88168|UDPE_NPVSL	27.3	502	518	515	16	484	13	501	2.19e-39	153	sp|Q88168|UDPE_NPVSL Ecdysteroid UDP-glucosyltransferase OS=Spodoptera littoralis nuclear polyhedrosis virus OX=10456 GN=EGT PE=3 SV=1
TRINITY_DN1689_c1_g1_i4.p1	sp|P41713|UDPE_NPVLD	27.8	504	518	506	5	486	1	491	9.38e-39	151	sp|P41713|UDPE_NPVLD Ecdysteroid UDP-glucosyltransferase OS=Lymantria dispar multicapsid nuclear polyhedrosis virus OX=10449 GN=EGT PE=3 SV=2
TRINITY_DN1689_c1_g1_i4.p1	sp|Q83140|UDPE_NPVMB	24.7	482	518	528	4	457	12	481	8.43e-38	149	sp|Q83140|UDPE_NPVMB Ecdysteroid UDP-glucosyltransferase OS=Mamestra brassicae nuclear polyhedrosis virus OX=78219 GN=EGT PE=3 SV=1
TRINITY_DN1689_c1_g1_i4.p1	sp|Q91280|UGT3_PLEPL	34.2	278	518	472	239	508	193	468	2.33e-36	144	sp|Q91280|UGT3_PLEPL UDP-glucuronosyltransferase (Fragment) OS=Pleuronectes platessa OX=8262 GN=ugt3 PE=2 SV=1
TRINITY_DN1689_c1_g1_i4.p1	sp|P36511|UDB15_RAT	31.0	393	518	530	108	493	131	508	2.72e-36	144	sp|P36511|UDB15_RAT UDP-glucuronosyltransferase 2B15 OS=Rattus norvegicus OX=10116 GN=Ugt2b15 PE=1 SV=1
TRINITY_DN1689_c1_g1_i4.p1	sp|P06133|UD2B4_HUMAN	29.7	428	518	528	97	509	123	524	3.63e-36	144	sp|P06133|UD2B4_HUMAN UDP-glucuronosyltransferase 2B4 OS=Homo sapiens OX=9606 GN=UGT2B4 PE=1 SV=2
TRINITY_DN1689_c1_g1_i4.p1	sp|P36514|UD2C1_RABIT	25.4	493	518	502	42	501	15	484	1.25e-35	142	sp|P36514|UD2C1_RABIT UDP-glucuronosyltransferase 2C1 (Fragment) OS=Oryctolagus cuniculus OX=9986 GN=UGT2C1 PE=2 SV=1
TRINITY_DN1689_c1_g1_i4.p1	sp|P08541|UD2B2_RAT	29.8	399	518	530	100	493	123	508	6.15e-35	140	sp|P08541|UD2B2_RAT UDP-glucuronosyltransferase 2B2 OS=Rattus norvegicus OX=10116 GN=Ugt2b PE=1 SV=1
TRINITY_DN1689_c1_g1_i4.p1	sp|O19103|UDB16_RABIT	32.1	321	518	523	172	489	188	497	1.44e-34	139	sp|O19103|UDB16_RABIT UDP-glucuronosyltransferase 2B16 (Fragment) OS=Oryctolagus cuniculus OX=9986 GN=UGT2B16 PE=2 SV=2
TRINITY_DN1689_c1_g1_i4.p1	sp|P36537|UDB10_HUMAN	28.2	404	518	528	97	495	118	508	3.87e-34	138	sp|P36537|UDB10_HUMAN UDP-glucuronosyltransferase 2B10 OS=Homo sapiens OX=9606 GN=UGT2B10 PE=1 SV=1
TRINITY_DN1689_c1_g1_i4.p1	sp|Q9HAW7|UD17_HUMAN	26.2	511	518	530	34	514	36	523	1.36e-33	137	sp|Q9HAW7|UD17_HUMAN UDP-glucuronosyltransferase 1A7 OS=Homo sapiens OX=9606 GN=UGT1A7 PE=1 SV=2
TRINITY_DN1689_c1_g1_i4.p1	sp|P36513|UDB14_RABIT	30.1	316	518	530	172	480	195	495	1.36e-33	137	sp|P36513|UDB14_RABIT UDP-glucuronosyltransferase 2B14 OS=Oryctolagus cuniculus OX=9986 GN=UGT2B14 PE=2 SV=1
TRINITY_DN1689_c1_g1_i4.p1	sp|O75795|UDB17_HUMAN	27.9	412	518	530	108	509	131	526	1.86e-33	136	sp|O75795|UDB17_HUMAN UDP-glucuronosyltransferase 2B17 OS=Homo sapiens OX=9606 GN=UGT2B17 PE=1 SV=1
TRINITY_DN1689_c1_g1_i4.p1	sp|P16662|UD2B7_HUMAN	29.4	333	518	529	172	495	194	509	2.50e-33	136	sp|P16662|UD2B7_HUMAN UDP-glucuronosyltransferase 2B7 OS=Homo sapiens OX=9606 GN=UGT2B7 PE=1 SV=2
TRINITY_DN1689_c1_g1_i4.p1	sp|Q9XT55|UDB19_MACFA	28.9	408	518	528	97	495	123	509	3.37e-33	135	sp|Q9XT55|UDB19_MACFA UDP-glucuronosyltransferase 2B19 OS=Macaca fascicularis OX=9541 GN=UGT2B19 PE=1 SV=1
TRINITY_DN1689_c1_g1_i4.p1	sp|Q9BY64|UDB28_HUMAN	28.3	406	518	529	102	495	124	509	4.64e-33	135	sp|Q9BY64|UDB28_HUMAN UDP-glucuronosyltransferase 2B28 OS=Homo sapiens OX=9606 GN=UGT2B28 PE=1 SV=1
TRINITY_DN1689_c1_g1_i4.p1	sp|O77649|UDB20_MACFA	30.6	346	518	530	172	509	195	526	4.68e-33	135	sp|O77649|UDB20_MACFA UDP-glucuronosyltransferase 2B20 OS=Macaca fascicularis OX=9541 GN=UGT2B20 PE=1 SV=1
TRINITY_DN1689_c1_g1_i4.p1	sp|P08542|UDB17_RAT	29.8	410	518	530	109	509	132	523	6.37e-33	135	sp|P08542|UDB17_RAT UDP-glucuronosyltransferase 2B17 OS=Rattus norvegicus OX=10116 GN=Ugt2b17 PE=1 SV=2
TRINITY_DN1689_c1_g1_i4.p1	sp|P19488|UDB37_RAT	36.9	241	518	530	257	493	273	508	6.37e-33	135	sp|P19488|UDB37_RAT UDP-glucuronosyltransferase 2B37 OS=Rattus norvegicus OX=10116 GN=Ugt2b37 PE=1 SV=1
TRINITY_DN1689_c1_g1_i4.p1	sp|P54855|UDB15_HUMAN	26.7	419	518	530	100	508	123	523	8.67e-33	134	sp|P54855|UDB15_HUMAN UDP-glucuronosyltransferase 2B15 OS=Homo sapiens OX=9606 GN=UGT2B15 PE=1 SV=3
TRINITY_DN1689_c1_g1_i4.p1	sp|Q8WN97|UDB30_MACFA	28.7	428	518	528	97	509	123	524	1.16e-32	134	sp|Q8WN97|UDB30_MACFA UDP-glucuronosyltransferase 2B30 OS=Macaca fascicularis OX=9541 GN=UGT2B30 PE=1 SV=1
TRINITY_DN1689_c1_g1_i4.p1	sp|Q8BWQ1|UD2A3_MOUSE	28.4	388	518	534	140	517	161	534	1.23e-32	134	sp|Q8BWQ1|UD2A3_MOUSE UDP-glucuronosyltransferase 2A3 OS=Mus musculus OX=10090 GN=Ugt2a3 PE=1 SV=1
TRINITY_DN17113_c0_g1_i1.p1	sp|A0A291PQF1|UGT5_DACCO	41.6	296	304	526	6	288	216	506	1.45e-71	233	sp|A0A291PQF1|UGT5_DACCO UDP-glycosyltransferase UGT5 OS=Dactylopius coccus OX=765876 GN=UGT5 PE=1 SV=1
TRINITY_DN17113_c0_g1_i1.p1	sp|A0A291PQH4|UGT2_DACCO	36.1	288	304	515	12	296	221	503	3.96e-59	200	sp|A0A291PQH4|UGT2_DACCO UDP-glucosyltransferase 2 OS=Dactylopius coccus OX=765876 GN=UTG2 PE=1 SV=1
TRINITY_DN17113_c0_g1_i1.p1	sp|P08541|UD2B2_RAT	38.2	254	304	530	20	270	247	498	5.41e-52	181	sp|P08541|UD2B2_RAT UDP-glucuronosyltransferase 2B2 OS=Rattus norvegicus OX=10116 GN=Ugt2b PE=1 SV=1
TRINITY_DN17113_c0_g1_i1.p1	sp|P08542|UDB17_RAT	37.0	254	304	530	20	270	247	498	4.02e-51	179	sp|P08542|UDB17_RAT UDP-glucuronosyltransferase 2B17 OS=Rattus norvegicus OX=10116 GN=Ugt2b17 PE=1 SV=2
TRINITY_DN17113_c0_g1_i1.p1	sp|Q80X89|UD2A1_MOUSE	36.1	252	304	528	22	270	247	496	1.06e-50	178	sp|Q80X89|UD2A1_MOUSE UDP-glucuronosyltransferase 2A1 OS=Mus musculus OX=10090 GN=Ugt2a1 PE=2 SV=1
TRINITY_DN17113_c0_g1_i1.p1	sp|Q6PDD0|UD2A2_MOUSE	36.1	252	304	528	22	270	247	496	1.06e-50	178	sp|Q6PDD0|UD2A2_MOUSE UDP-glucuronosyltransferase 2A2 OS=Mus musculus OX=10090 GN=Ugt2a2 PE=2 SV=1
TRINITY_DN17113_c0_g1_i1.p1	sp|P17717|UDB17_MOUSE	36.5	263	304	530	11	270	238	498	2.13e-50	177	sp|P17717|UDB17_MOUSE UDP-glucuronosyltransferase 2B17 OS=Mus musculus OX=10090 GN=Ugt2b17 PE=1 SV=1
TRINITY_DN17113_c0_g1_i1.p1	sp|Q8BWQ1|UD2A3_MOUSE	38.2	233	304	534	41	270	267	497	6.20e-50	176	sp|Q8BWQ1|UD2A3_MOUSE UDP-glucuronosyltransferase 2A3 OS=Mus musculus OX=10090 GN=Ugt2a3 PE=1 SV=1
TRINITY_DN17113_c0_g1_i1.p1	sp|P36510|UD2A1_RAT	35.7	252	304	527	22	270	246	495	7.68e-50	176	sp|P36510|UD2A1_RAT UDP-glucuronosyltransferase 2A1 OS=Rattus norvegicus OX=10116 GN=Ugt2a1 PE=2 SV=1
TRINITY_DN17113_c0_g1_i1.p1	sp|Q9R110|UD2A3_CAVPO	36.1	252	304	530	22	270	249	498	1.13e-49	175	sp|Q9R110|UD2A3_CAVPO UDP-glucuronosyltransferase 2A3 OS=Cavia porcellus OX=10141 GN=UGT2A3 PE=2 SV=1
TRINITY_DN17113_c0_g1_i1.p1	sp|P36512|UDB13_RABIT	36.5	252	304	531	22	270	250	499	1.15e-49	175	sp|P36512|UDB13_RABIT UDP-glucuronosyltransferase 2B13 OS=Oryctolagus cuniculus OX=9986 GN=UGT2B13 PE=2 SV=1
TRINITY_DN17113_c0_g1_i1.p1	sp|P0DTE5|UD2A2_HUMAN	36.1	252	304	536	22	270	255	504	1.25e-49	175	sp|P0DTE5|UD2A2_HUMAN UDP-glucuronosyltransferase 2A2 OS=Homo sapiens OX=9606 GN=UGT2A2 PE=1 SV=1
TRINITY_DN17113_c0_g1_i1.p1	sp|P36513|UDB14_RABIT	36.5	252	304	530	22	270	249	498	1.57e-49	175	sp|P36513|UDB14_RABIT UDP-glucuronosyltransferase 2B14 OS=Oryctolagus cuniculus OX=9986 GN=UGT2B14 PE=2 SV=1
TRINITY_DN17113_c0_g1_i1.p1	sp|P36511|UDB15_RAT	35.8	254	304	530	20	270	247	498	3.07e-49	174	sp|P36511|UDB15_RAT UDP-glucuronosyltransferase 2B15 OS=Rattus norvegicus OX=10116 GN=Ugt2b15 PE=1 SV=1
TRINITY_DN17113_c0_g1_i1.p1	sp|P19488|UDB37_RAT	37.0	254	304	530	20	270	247	498	4.28e-49	174	sp|P19488|UDB37_RAT UDP-glucuronosyltransferase 2B37 OS=Rattus norvegicus OX=10116 GN=Ugt2b37 PE=1 SV=1
TRINITY_DN17113_c0_g1_i1.p1	sp|Q5RFJ3|UD2A3_PONAB	35.7	252	304	527	22	270	246	495	1.10e-48	172	sp|Q5RFJ3|UD2A3_PONAB UDP-glucuronosyltransferase 2A3 OS=Pongo abelii OX=9601 GN=UGT2A3 PE=2 SV=1
TRINITY_DN17113_c0_g1_i1.p1	sp|P36514|UD2C1_RABIT	34.9	252	304	502	22	270	221	470	1.40e-48	172	sp|P36514|UD2C1_RABIT UDP-glucuronosyltransferase 2C1 (Fragment) OS=Oryctolagus cuniculus OX=9986 GN=UGT2C1 PE=2 SV=1
TRINITY_DN17113_c0_g1_i1.p1	sp|O02663|UD2B9_MACFA	35.8	254	304	529	20	270	246	497	1.59e-48	172	sp|O02663|UD2B9_MACFA UDP-glucuronosyltransferase 2B9 OS=Macaca fascicularis OX=9541 GN=UGT2B9 PE=2 SV=1
TRINITY_DN17113_c0_g1_i1.p1	sp|O97951|UDB18_MACFA	35.8	254	304	529	20	270	246	497	2.22e-48	172	sp|O97951|UDB18_MACFA UDP-glucuronosyltransferase 2B18 OS=Macaca fascicularis OX=9541 GN=UGT2B18 PE=1 SV=1
TRINITY_DN17113_c0_g1_i1.p1	sp|Q6UWM9|UD2A3_HUMAN	35.3	252	304	527	22	270	246	495	2.99e-48	171	sp|Q6UWM9|UD2A3_HUMAN UDP-glucuronosyltransferase 2A3 OS=Homo sapiens OX=9606 GN=UGT2A3 PE=1 SV=2
TRINITY_DN17113_c0_g1_i1.p1	sp|P54855|UDB15_HUMAN	34.6	254	304	530	20	270	247	498	3.22e-47	169	sp|P54855|UDB15_HUMAN UDP-glucuronosyltransferase 2B15 OS=Homo sapiens OX=9606 GN=UGT2B15 PE=1 SV=3
TRINITY_DN17113_c0_g1_i1.p1	sp|O19103|UDB16_RABIT	36.1	252	304	523	22	270	242	491	4.00e-47	168	sp|O19103|UDB16_RABIT UDP-glucuronosyltransferase 2B16 (Fragment) OS=Oryctolagus cuniculus OX=9986 GN=UGT2B16 PE=2 SV=2
TRINITY_DN17113_c0_g1_i1.p1	sp|A0A291PQG3|UGT4_DACCO	36.1	274	304	504	20	290	234	504	4.07e-47	168	sp|A0A291PQG3|UGT4_DACCO UDP-glycosyltransferase UGT4 OS=Dactylopius coccus OX=765876 GN=UGT4 PE=1 SV=1
TRINITY_DN17113_c0_g1_i1.p1	sp|P09875|UD2B1_RAT	34.3	254	304	529	20	270	247	498	6.14e-47	168	sp|P09875|UD2B1_RAT UDP-glucuronosyltransferase 2B1 OS=Rattus norvegicus OX=10116 GN=Ugt2b1 PE=1 SV=1
TRINITY_DN17113_c0_g1_i1.p1	sp|O75795|UDB17_HUMAN	34.3	254	304	530	20	270	247	498	1.21e-46	167	sp|O75795|UDB17_HUMAN UDP-glucuronosyltransferase 2B17 OS=Homo sapiens OX=9606 GN=UGT2B17 PE=1 SV=1
TRINITY_DN17113_c0_g1_i10.p1	sp|A0A291PQF1|UGT5_DACCO	35.7	426	419	526	10	416	12	421	1.95e-79	257	sp|A0A291PQF1|UGT5_DACCO UDP-glycosyltransferase UGT5 OS=Dactylopius coccus OX=765876 GN=UGT5 PE=1 SV=1
TRINITY_DN17113_c0_g1_i10.p1	sp|A0A291PQH4|UGT2_DACCO	33.5	421	419	515	1	416	1	418	2.92e-79	256	sp|A0A291PQH4|UGT2_DACCO UDP-glucosyltransferase 2 OS=Dactylopius coccus OX=765876 GN=UTG2 PE=1 SV=1
TRINITY_DN17113_c0_g1_i10.p1	sp|A0A291PQG3|UGT4_DACCO	32.2	404	419	504	22	418	25	423	1.51e-53	189	sp|A0A291PQG3|UGT4_DACCO UDP-glycosyltransferase UGT4 OS=Dactylopius coccus OX=765876 GN=UGT4 PE=1 SV=1
TRINITY_DN17113_c0_g1_i10.p1	sp|Q6PDD0|UD2A2_MOUSE	29.2	435	419	528	7	416	8	433	6.31e-43	160	sp|Q6PDD0|UD2A2_MOUSE UDP-glucuronosyltransferase 2A2 OS=Mus musculus OX=10090 GN=Ugt2a2 PE=2 SV=1
TRINITY_DN17113_c0_g1_i10.p1	sp|Q80X89|UD2A1_MOUSE	30.2	341	419	528	84	416	100	433	1.21e-42	160	sp|Q80X89|UD2A1_MOUSE UDP-glucuronosyltransferase 2A1 OS=Mus musculus OX=10090 GN=Ugt2a1 PE=2 SV=1
TRINITY_DN17113_c0_g1_i10.p1	sp|P36513|UDB14_RABIT	29.1	395	419	530	42	416	44	435	3.29e-42	159	sp|P36513|UDB14_RABIT UDP-glucuronosyltransferase 2B14 OS=Oryctolagus cuniculus OX=9986 GN=UGT2B14 PE=2 SV=1
TRINITY_DN17113_c0_g1_i10.p1	sp|P36510|UD2A1_RAT	28.6	416	419	527	26	416	25	432	4.36e-42	158	sp|P36510|UD2A1_RAT UDP-glucuronosyltransferase 2A1 OS=Rattus norvegicus OX=10116 GN=Ugt2a1 PE=2 SV=1
TRINITY_DN17113_c0_g1_i10.p1	sp|P17717|UDB17_MOUSE	30.7	411	419	530	33	417	34	437	6.29e-42	158	sp|P17717|UDB17_MOUSE UDP-glucuronosyltransferase 2B17 OS=Mus musculus OX=10090 GN=Ugt2b17 PE=1 SV=1
TRINITY_DN17113_c0_g1_i10.p1	sp|P36512|UDB13_RABIT	29.8	342	419	531	87	416	105	436	1.69e-41	157	sp|P36512|UDB13_RABIT UDP-glucuronosyltransferase 2B13 OS=Oryctolagus cuniculus OX=9986 GN=UGT2B13 PE=2 SV=1
TRINITY_DN17113_c0_g1_i10.p1	sp|O02663|UD2B9_MACFA	26.5	407	419	529	33	416	34	434	8.25e-41	155	sp|O02663|UD2B9_MACFA UDP-glucuronosyltransferase 2B9 OS=Macaca fascicularis OX=9541 GN=UGT2B9 PE=2 SV=1
TRINITY_DN17113_c0_g1_i10.p1	sp|O97951|UDB18_MACFA	26.8	407	419	529	33	416	34	434	8.25e-41	155	sp|O97951|UDB18_MACFA UDP-glucuronosyltransferase 2B18 OS=Macaca fascicularis OX=9541 GN=UGT2B18 PE=1 SV=1
TRINITY_DN17113_c0_g1_i10.p1	sp|Q9R110|UD2A3_CAVPO	27.3	406	419	530	33	416	34	435	8.36e-41	155	sp|Q9R110|UD2A3_CAVPO UDP-glucuronosyltransferase 2A3 OS=Cavia porcellus OX=10141 GN=UGT2A3 PE=2 SV=1
TRINITY_DN17113_c0_g1_i10.p1	sp|P19224|UD16_HUMAN	28.8	410	419	532	30	416	34	431	1.64e-40	154	sp|P19224|UD16_HUMAN UDP-glucuronosyltransferase 1A6 OS=Homo sapiens OX=9606 GN=UGT1A6 PE=1 SV=2
TRINITY_DN17113_c0_g1_i10.p1	sp|P0DTE5|UD2A2_HUMAN	29.9	438	419	536	2	416	12	441	1.73e-40	154	sp|P0DTE5|UD2A2_HUMAN UDP-glucuronosyltransferase 2A2 OS=Homo sapiens OX=9606 GN=UGT2A2 PE=1 SV=1
TRINITY_DN17113_c0_g1_i10.p1	sp|P08542|UDB17_RAT	29.1	413	419	530	33	416	34	435	2.20e-40	154	sp|P08542|UDB17_RAT UDP-glucuronosyltransferase 2B17 OS=Rattus norvegicus OX=10116 GN=Ugt2b17 PE=1 SV=2
TRINITY_DN17113_c0_g1_i10.p1	sp|P08541|UD2B2_RAT	28.2	412	419	530	33	416	34	435	3.04e-40	153	sp|P08541|UD2B2_RAT UDP-glucuronosyltransferase 2B2 OS=Rattus norvegicus OX=10116 GN=Ugt2b PE=1 SV=1
TRINITY_DN17113_c0_g1_i10.p1	sp|O60656|UD19_HUMAN	30.0	410	419	530	33	416	36	429	7.99e-40	152	sp|O60656|UD19_HUMAN UDP-glucuronosyltransferase 1A9 OS=Homo sapiens OX=9606 GN=UGT1A9 PE=1 SV=1
TRINITY_DN17113_c0_g1_i10.p1	sp|P19488|UDB37_RAT	29.3	409	419	530	33	416	34	435	1.52e-39	151	sp|P19488|UDB37_RAT UDP-glucuronosyltransferase 2B37 OS=Rattus norvegicus OX=10116 GN=Ugt2b37 PE=1 SV=1
TRINITY_DN17113_c0_g1_i10.p1	sp|P09875|UD2B1_RAT	27.7	411	419	529	33	416	34	435	2.85e-39	150	sp|P09875|UD2B1_RAT UDP-glucuronosyltransferase 2B1 OS=Rattus norvegicus OX=10116 GN=Ugt2b1 PE=1 SV=1
TRINITY_DN17113_c0_g1_i10.p1	sp|P36511|UDB15_RAT	28.3	407	419	530	33	416	34	435	3.99e-39	150	sp|P36511|UDB15_RAT UDP-glucuronosyltransferase 2B15 OS=Rattus norvegicus OX=10116 GN=Ugt2b15 PE=1 SV=1
TRINITY_DN17113_c0_g1_i10.p1	sp|Q6UWM9|UD2A3_HUMAN	27.4	409	419	527	33	415	34	431	5.29e-39	150	sp|Q6UWM9|UD2A3_HUMAN UDP-glucuronosyltransferase 2A3 OS=Homo sapiens OX=9606 GN=UGT2A3 PE=1 SV=2
TRINITY_DN17113_c0_g1_i10.p1	sp|Q8BWQ1|UD2A3_MOUSE	28.0	407	419	534	33	416	34	434	5.79e-39	150	sp|Q8BWQ1|UD2A3_MOUSE UDP-glucuronosyltransferase 2A3 OS=Mus musculus OX=10090 GN=Ugt2a3 PE=1 SV=1
TRINITY_DN17113_c0_g1_i10.p1	sp|Q9GLD9|UDB33_MACMU	26.5	407	419	529	33	416	34	434	1.03e-38	149	sp|Q9GLD9|UDB33_MACMU UDP-glucuronosyltransferase 2B33 OS=Macaca mulatta OX=9544 GN=UGT2B33 PE=1 SV=1
TRINITY_DN17113_c0_g1_i10.p1	sp|Q5RFJ3|UD2A3_PONAB	27.7	408	419	527	33	414	34	430	1.38e-38	149	sp|Q5RFJ3|UD2A3_PONAB UDP-glucuronosyltransferase 2A3 OS=Pongo abelii OX=9601 GN=UGT2A3 PE=2 SV=1
TRINITY_DN17113_c0_g1_i10.p1	sp|Q9XT55|UDB19_MACFA	26.7	405	419	528	33	416	34	434	1.93e-38	148	sp|Q9XT55|UDB19_MACFA UDP-glucuronosyltransferase 2B19 OS=Macaca fascicularis OX=9541 GN=UGT2B19 PE=1 SV=1
TRINITY_DN17113_c0_g1_i12.p1	sp|A0A291PQF1|UGT5_DACCO	33.5	454	447	526	10	444	12	421	1.85e-73	243	sp|A0A291PQF1|UGT5_DACCO UDP-glycosyltransferase UGT5 OS=Dactylopius coccus OX=765876 GN=UGT5 PE=1 SV=1
TRINITY_DN17113_c0_g1_i12.p1	sp|A0A291PQH4|UGT2_DACCO	31.8	449	447	515	1	444	1	418	1.99e-73	242	sp|A0A291PQH4|UGT2_DACCO UDP-glucosyltransferase 2 OS=Dactylopius coccus OX=765876 GN=UTG2 PE=1 SV=1
TRINITY_DN17113_c0_g1_i12.p1	sp|A0A291PQG3|UGT4_DACCO	30.1	432	447	504	22	446	25	423	4.49e-48	175	sp|A0A291PQG3|UGT4_DACCO UDP-glycosyltransferase UGT4 OS=Dactylopius coccus OX=765876 GN=UGT4 PE=1 SV=1
TRINITY_DN17113_c0_g1_i12.p1	sp|Q6PDD0|UD2A2_MOUSE	27.4	463	447	528	7	444	8	433	2.29e-37	146	sp|Q6PDD0|UD2A2_MOUSE UDP-glucuronosyltransferase 2A2 OS=Mus musculus OX=10090 GN=Ugt2a2 PE=2 SV=1
TRINITY_DN17113_c0_g1_i12.p1	sp|Q80X89|UD2A1_MOUSE	27.9	369	447	528	84	444	100	433	4.33e-37	145	sp|Q80X89|UD2A1_MOUSE UDP-glucuronosyltransferase 2A1 OS=Mus musculus OX=10090 GN=Ugt2a1 PE=2 SV=1
TRINITY_DN17113_c0_g1_i12.p1	sp|P36513|UDB14_RABIT	27.2	423	447	530	42	444	44	435	1.15e-36	144	sp|P36513|UDB14_RABIT UDP-glucuronosyltransferase 2B14 OS=Oryctolagus cuniculus OX=9986 GN=UGT2B14 PE=2 SV=1
TRINITY_DN17113_c0_g1_i12.p1	sp|P36510|UD2A1_RAT	26.8	444	447	527	26	444	25	432	1.52e-36	144	sp|P36510|UD2A1_RAT UDP-glucuronosyltransferase 2A1 OS=Rattus norvegicus OX=10116 GN=Ugt2a1 PE=2 SV=1
TRINITY_DN17113_c0_g1_i12.p1	sp|P17717|UDB17_MOUSE	28.7	439	447	530	33	445	34	437	2.17e-36	143	sp|P17717|UDB17_MOUSE UDP-glucuronosyltransferase 2B17 OS=Mus musculus OX=10090 GN=Ugt2b17 PE=1 SV=1
TRINITY_DN17113_c0_g1_i12.p1	sp|P36512|UDB13_RABIT	27.6	370	447	531	87	444	105	436	5.66e-36	142	sp|P36512|UDB13_RABIT UDP-glucuronosyltransferase 2B13 OS=Oryctolagus cuniculus OX=9986 GN=UGT2B13 PE=2 SV=1
TRINITY_DN17113_c0_g1_i12.p1	sp|O02663|UD2B9_MACFA	24.8	435	447	529	33	444	34	434	2.68e-35	140	sp|O02663|UD2B9_MACFA UDP-glucuronosyltransferase 2B9 OS=Macaca fascicularis OX=9541 GN=UGT2B9 PE=2 SV=1
TRINITY_DN17113_c0_g1_i12.p1	sp|O97951|UDB18_MACFA	25.1	435	447	529	33	444	34	434	2.68e-35	140	sp|O97951|UDB18_MACFA UDP-glucuronosyltransferase 2B18 OS=Macaca fascicularis OX=9541 GN=UGT2B18 PE=1 SV=1
TRINITY_DN17113_c0_g1_i12.p1	sp|Q9R110|UD2A3_CAVPO	25.6	434	447	530	33	444	34	435	2.71e-35	140	sp|Q9R110|UD2A3_CAVPO UDP-glucuronosyltransferase 2A3 OS=Cavia porcellus OX=10141 GN=UGT2A3 PE=2 SV=1
TRINITY_DN17113_c0_g1_i12.p1	sp|P19224|UD16_HUMAN	26.9	438	447	532	30	444	34	431	5.21e-35	139	sp|P19224|UD16_HUMAN UDP-glucuronosyltransferase 1A6 OS=Homo sapiens OX=9606 GN=UGT1A6 PE=1 SV=2
TRINITY_DN17113_c0_g1_i12.p1	sp|P0DTE5|UD2A2_HUMAN	28.1	466	447	536	2	444	12	441	5.45e-35	139	sp|P0DTE5|UD2A2_HUMAN UDP-glucuronosyltransferase 2A2 OS=Homo sapiens OX=9606 GN=UGT2A2 PE=1 SV=1
TRINITY_DN17113_c0_g1_i12.p1	sp|P08542|UDB17_RAT	27.2	441	447	530	33	444	34	435	6.99e-35	139	sp|P08542|UDB17_RAT UDP-glucuronosyltransferase 2B17 OS=Rattus norvegicus OX=10116 GN=Ugt2b17 PE=1 SV=2
TRINITY_DN17113_c0_g1_i12.p1	sp|P08541|UD2B2_RAT	26.4	440	447	530	33	444	34	435	9.57e-35	139	sp|P08541|UD2B2_RAT UDP-glucuronosyltransferase 2B2 OS=Rattus norvegicus OX=10116 GN=Ugt2b PE=1 SV=1
TRINITY_DN17113_c0_g1_i12.p1	sp|O60656|UD19_HUMAN	28.1	438	447	530	33	444	36	429	2.46e-34	137	sp|O60656|UD19_HUMAN UDP-glucuronosyltransferase 1A9 OS=Homo sapiens OX=9606 GN=UGT1A9 PE=1 SV=1
TRINITY_DN17113_c0_g1_i12.p1	sp|P19488|UDB37_RAT	27.5	437	447	530	33	444	34	435	4.61e-34	137	sp|P19488|UDB37_RAT UDP-glucuronosyltransferase 2B37 OS=Rattus norvegicus OX=10116 GN=Ugt2b37 PE=1 SV=1
TRINITY_DN17113_c0_g1_i12.p1	sp|P09875|UD2B1_RAT	26.0	439	447	529	33	444	34	435	8.54e-34	136	sp|P09875|UD2B1_RAT UDP-glucuronosyltransferase 2B1 OS=Rattus norvegicus OX=10116 GN=Ugt2b1 PE=1 SV=1
TRINITY_DN17113_c0_g1_i12.p1	sp|P36511|UDB15_RAT	26.4	435	447	530	33	444	34	435	1.18e-33	135	sp|P36511|UDB15_RAT UDP-glucuronosyltransferase 2B15 OS=Rattus norvegicus OX=10116 GN=Ugt2b15 PE=1 SV=1
TRINITY_DN17113_c0_g1_i12.p1	sp|Q6UWM9|UD2A3_HUMAN	25.6	437	447	527	33	443	34	431	1.57e-33	135	sp|Q6UWM9|UD2A3_HUMAN UDP-glucuronosyltransferase 2A3 OS=Homo sapiens OX=9606 GN=UGT2A3 PE=1 SV=2
TRINITY_DN17113_c0_g1_i12.p1	sp|Q8BWQ1|UD2A3_MOUSE	26.2	435	447	534	33	444	34	434	1.68e-33	135	sp|Q8BWQ1|UD2A3_MOUSE UDP-glucuronosyltransferase 2A3 OS=Mus musculus OX=10090 GN=Ugt2a3 PE=1 SV=1
TRINITY_DN17113_c0_g1_i12.p1	sp|Q9GLD9|UDB33_MACMU	24.8	435	447	529	33	444	34	434	2.99e-33	134	sp|Q9GLD9|UDB33_MACMU UDP-glucuronosyltransferase 2B33 OS=Macaca mulatta OX=9544 GN=UGT2B33 PE=1 SV=1
TRINITY_DN17113_c0_g1_i12.p1	sp|Q5RFJ3|UD2A3_PONAB	25.9	436	447	527	33	442	34	430	4.00e-33	134	sp|Q5RFJ3|UD2A3_PONAB UDP-glucuronosyltransferase 2A3 OS=Pongo abelii OX=9601 GN=UGT2A3 PE=2 SV=1
TRINITY_DN17113_c0_g1_i12.p1	sp|Q9XT55|UDB19_MACFA	24.9	433	447	528	33	444	34	434	5.53e-33	134	sp|Q9XT55|UDB19_MACFA UDP-glucuronosyltransferase 2B19 OS=Macaca fascicularis OX=9541 GN=UGT2B19 PE=1 SV=1
TRINITY_DN17113_c0_g1_i15.p1	sp|A0A291PQF1|UGT5_DACCO	41.6	296	304	526	6	288	216	506	1.03e-71	233	sp|A0A291PQF1|UGT5_DACCO UDP-glycosyltransferase UGT5 OS=Dactylopius coccus OX=765876 GN=UGT5 PE=1 SV=1
TRINITY_DN17113_c0_g1_i15.p1	sp|A0A291PQH4|UGT2_DACCO	36.5	274	304	515	12	282	221	493	4.22e-58	197	sp|A0A291PQH4|UGT2_DACCO UDP-glucosyltransferase 2 OS=Dactylopius coccus OX=765876 GN=UTG2 PE=1 SV=1
TRINITY_DN17113_c0_g1_i15.p1	sp|P08541|UD2B2_RAT	37.5	267	304	530	20	283	247	510	3.87e-52	182	sp|P08541|UD2B2_RAT UDP-glucuronosyltransferase 2B2 OS=Rattus norvegicus OX=10116 GN=Ugt2b PE=1 SV=1
TRINITY_DN17113_c0_g1_i15.p1	sp|P08542|UDB17_RAT	37.0	254	304	530	20	270	247	498	4.02e-51	179	sp|P08542|UDB17_RAT UDP-glucuronosyltransferase 2B17 OS=Rattus norvegicus OX=10116 GN=Ugt2b17 PE=1 SV=2
TRINITY_DN17113_c0_g1_i15.p1	sp|Q80X89|UD2A1_MOUSE	36.1	252	304	528	22	270	247	496	1.06e-50	178	sp|Q80X89|UD2A1_MOUSE UDP-glucuronosyltransferase 2A1 OS=Mus musculus OX=10090 GN=Ugt2a1 PE=2 SV=1
TRINITY_DN17113_c0_g1_i15.p1	sp|Q6PDD0|UD2A2_MOUSE	36.1	252	304	528	22	270	247	496	1.06e-50	178	sp|Q6PDD0|UD2A2_MOUSE UDP-glucuronosyltransferase 2A2 OS=Mus musculus OX=10090 GN=Ugt2a2 PE=2 SV=1
TRINITY_DN17113_c0_g1_i15.p1	sp|P17717|UDB17_MOUSE	36.5	263	304	530	11	270	238	498	2.13e-50	177	sp|P17717|UDB17_MOUSE UDP-glucuronosyltransferase 2B17 OS=Mus musculus OX=10090 GN=Ugt2b17 PE=1 SV=1
TRINITY_DN17113_c0_g1_i15.p1	sp|Q8BWQ1|UD2A3_MOUSE	38.2	233	304	534	41	270	267	497	6.20e-50	176	sp|Q8BWQ1|UD2A3_MOUSE UDP-glucuronosyltransferase 2A3 OS=Mus musculus OX=10090 GN=Ugt2a3 PE=1 SV=1
TRINITY_DN17113_c0_g1_i15.p1	sp|P36510|UD2A1_RAT	35.7	252	304	527	22	270	246	495	7.68e-50	176	sp|P36510|UD2A1_RAT UDP-glucuronosyltransferase 2A1 OS=Rattus norvegicus OX=10116 GN=Ugt2a1 PE=2 SV=1
TRINITY_DN17113_c0_g1_i15.p1	sp|P36513|UDB14_RABIT	34.6	283	304	530	22	297	249	529	8.09e-50	176	sp|P36513|UDB14_RABIT UDP-glucuronosyltransferase 2B14 OS=Oryctolagus cuniculus OX=9986 GN=UGT2B14 PE=2 SV=1
TRINITY_DN17113_c0_g1_i15.p1	sp|Q9R110|UD2A3_CAVPO	36.1	252	304	530	22	270	249	498	1.13e-49	175	sp|Q9R110|UD2A3_CAVPO UDP-glucuronosyltransferase 2A3 OS=Cavia porcellus OX=10141 GN=UGT2A3 PE=2 SV=1
TRINITY_DN17113_c0_g1_i15.p1	sp|P36512|UDB13_RABIT	36.5	252	304	531	22	270	250	499	1.15e-49	175	sp|P36512|UDB13_RABIT UDP-glucuronosyltransferase 2B13 OS=Oryctolagus cuniculus OX=9986 GN=UGT2B13 PE=2 SV=1
TRINITY_DN17113_c0_g1_i15.p1	sp|P0DTE5|UD2A2_HUMAN	36.1	252	304	536	22	270	255	504	1.25e-49	175	sp|P0DTE5|UD2A2_HUMAN UDP-glucuronosyltransferase 2A2 OS=Homo sapiens OX=9606 GN=UGT2A2 PE=1 SV=1
TRINITY_DN17113_c0_g1_i15.p1	sp|P36511|UDB15_RAT	35.8	254	304	530	20	270	247	498	3.07e-49	174	sp|P36511|UDB15_RAT UDP-glucuronosyltransferase 2B15 OS=Rattus norvegicus OX=10116 GN=Ugt2b15 PE=1 SV=1
TRINITY_DN17113_c0_g1_i15.p1	sp|P19488|UDB37_RAT	37.0	254	304	530	20	270	247	498	4.28e-49	174	sp|P19488|UDB37_RAT UDP-glucuronosyltransferase 2B37 OS=Rattus norvegicus OX=10116 GN=Ugt2b37 PE=1 SV=1
TRINITY_DN17113_c0_g1_i15.p1	sp|Q5RFJ3|UD2A3_PONAB	35.7	252	304	527	22	270	246	495	1.10e-48	172	sp|Q5RFJ3|UD2A3_PONAB UDP-glucuronosyltransferase 2A3 OS=Pongo abelii OX=9601 GN=UGT2A3 PE=2 SV=1
TRINITY_DN17113_c0_g1_i15.p1	sp|P36514|UD2C1_RABIT	34.9	252	304	502	22	270	221	470	1.40e-48	172	sp|P36514|UD2C1_RABIT UDP-glucuronosyltransferase 2C1 (Fragment) OS=Oryctolagus cuniculus OX=9986 GN=UGT2C1 PE=2 SV=1
TRINITY_DN17113_c0_g1_i15.p1	sp|O02663|UD2B9_MACFA	35.8	254	304	529	20	270	246	497	1.59e-48	172	sp|O02663|UD2B9_MACFA UDP-glucuronosyltransferase 2B9 OS=Macaca fascicularis OX=9541 GN=UGT2B9 PE=2 SV=1
TRINITY_DN17113_c0_g1_i15.p1	sp|O97951|UDB18_MACFA	35.8	254	304	529	20	270	246	497	2.22e-48	172	sp|O97951|UDB18_MACFA UDP-glucuronosyltransferase 2B18 OS=Macaca fascicularis OX=9541 GN=UGT2B18 PE=1 SV=1
TRINITY_DN17113_c0_g1_i15.p1	sp|Q6UWM9|UD2A3_HUMAN	35.3	252	304	527	22	270	246	495	2.99e-48	171	sp|Q6UWM9|UD2A3_HUMAN UDP-glucuronosyltransferase 2A3 OS=Homo sapiens OX=9606 GN=UGT2A3 PE=1 SV=2
TRINITY_DN17113_c0_g1_i15.p1	sp|P54855|UDB15_HUMAN	34.6	254	304	530	20	270	247	498	3.22e-47	169	sp|P54855|UDB15_HUMAN UDP-glucuronosyltransferase 2B15 OS=Homo sapiens OX=9606 GN=UGT2B15 PE=1 SV=3
TRINITY_DN17113_c0_g1_i15.p1	sp|O19103|UDB16_RABIT	36.1	252	304	523	22	270	242	491	4.00e-47	168	sp|O19103|UDB16_RABIT UDP-glucuronosyltransferase 2B16 (Fragment) OS=Oryctolagus cuniculus OX=9986 GN=UGT2B16 PE=2 SV=2
TRINITY_DN17113_c0_g1_i15.p1	sp|A0A291PQG3|UGT4_DACCO	36.1	274	304	504	20	290	234	504	4.07e-47	168	sp|A0A291PQG3|UGT4_DACCO UDP-glycosyltransferase UGT4 OS=Dactylopius coccus OX=765876 GN=UGT4 PE=1 SV=1
TRINITY_DN17113_c0_g1_i15.p1	sp|P09875|UD2B1_RAT	34.3	254	304	529	20	270	247	498	6.14e-47	168	sp|P09875|UD2B1_RAT UDP-glucuronosyltransferase 2B1 OS=Rattus norvegicus OX=10116 GN=Ugt2b1 PE=1 SV=1
TRINITY_DN17113_c0_g1_i15.p1	sp|P16662|UD2B7_HUMAN	33.5	263	304	529	20	279	246	506	1.19e-46	167	sp|P16662|UD2B7_HUMAN UDP-glucuronosyltransferase 2B7 OS=Homo sapiens OX=9606 GN=UGT2B7 PE=1 SV=2
TRINITY_DN17113_c0_g1_i16.p1	sp|A0A291PQF1|UGT5_DACCO	36.2	511	511	526	10	495	12	506	3.47e-96	304	sp|A0A291PQF1|UGT5_DACCO UDP-glycosyltransferase UGT5 OS=Dactylopius coccus OX=765876 GN=UGT5 PE=1 SV=1
TRINITY_DN17113_c0_g1_i16.p1	sp|A0A291PQH4|UGT2_DACCO	33.3	510	511	515	1	503	1	503	6.12e-94	298	sp|A0A291PQH4|UGT2_DACCO UDP-glucosyltransferase 2 OS=Dactylopius coccus OX=765876 GN=UTG2 PE=1 SV=1
TRINITY_DN17113_c0_g1_i16.p1	sp|A0A291PQG3|UGT4_DACCO	33.0	485	511	504	22	497	25	504	3.28e-67	228	sp|A0A291PQG3|UGT4_DACCO UDP-glycosyltransferase UGT4 OS=Dactylopius coccus OX=765876 GN=UGT4 PE=1 SV=1
TRINITY_DN17113_c0_g1_i16.p1	sp|P36512|UDB13_RABIT	30.6	405	511	531	87	477	105	499	1.16e-54	195	sp|P36512|UDB13_RABIT UDP-glucuronosyltransferase 2B13 OS=Oryctolagus cuniculus OX=9986 GN=UGT2B13 PE=2 SV=1
TRINITY_DN17113_c0_g1_i16.p1	sp|Q6PDD0|UD2A2_MOUSE	29.5	498	511	528	7	477	8	496	1.52e-54	194	sp|Q6PDD0|UD2A2_MOUSE UDP-glucuronosyltransferase 2A2 OS=Mus musculus OX=10090 GN=Ugt2a2 PE=2 SV=1
TRINITY_DN17113_c0_g1_i16.p1	sp|P36513|UDB14_RABIT	29.5	458	511	530	42	477	44	498	2.20e-54	194	sp|P36513|UDB14_RABIT UDP-glucuronosyltransferase 2B14 OS=Oryctolagus cuniculus OX=9986 GN=UGT2B14 PE=2 SV=1
TRINITY_DN17113_c0_g1_i16.p1	sp|Q80X89|UD2A1_MOUSE	30.4	404	511	528	84	477	100	496	2.94e-54	194	sp|Q80X89|UD2A1_MOUSE UDP-glucuronosyltransferase 2A1 OS=Mus musculus OX=10090 GN=Ugt2a1 PE=2 SV=1
TRINITY_DN17113_c0_g1_i16.p1	sp|P36510|UD2A1_RAT	29.0	479	511	527	26	477	25	495	2.89e-53	191	sp|P36510|UD2A1_RAT UDP-glucuronosyltransferase 2A1 OS=Rattus norvegicus OX=10116 GN=Ugt2a1 PE=2 SV=1
TRINITY_DN17113_c0_g1_i16.p1	sp|P08541|UD2B2_RAT	29.1	475	511	530	33	477	34	498	5.89e-53	190	sp|P08541|UD2B2_RAT UDP-glucuronosyltransferase 2B2 OS=Rattus norvegicus OX=10116 GN=Ugt2b PE=1 SV=1
TRINITY_DN17113_c0_g1_i16.p1	sp|P17717|UDB17_MOUSE	30.5	472	511	530	33	477	34	498	8.19e-53	190	sp|P17717|UDB17_MOUSE UDP-glucuronosyltransferase 2B17 OS=Mus musculus OX=10090 GN=Ugt2b17 PE=1 SV=1
TRINITY_DN17113_c0_g1_i16.p1	sp|O02663|UD2B9_MACFA	27.4	470	511	529	33	477	34	497	1.55e-52	189	sp|O02663|UD2B9_MACFA UDP-glucuronosyltransferase 2B9 OS=Macaca fascicularis OX=9541 GN=UGT2B9 PE=2 SV=1
TRINITY_DN17113_c0_g1_i16.p1	sp|O97951|UDB18_MACFA	27.7	470	511	529	33	477	34	497	1.55e-52	189	sp|O97951|UDB18_MACFA UDP-glucuronosyltransferase 2B18 OS=Macaca fascicularis OX=9541 GN=UGT2B18 PE=1 SV=1
TRINITY_DN17113_c0_g1_i16.p1	sp|P0DTE5|UD2A2_HUMAN	30.1	501	511	536	2	477	12	504	4.72e-52	188	sp|P0DTE5|UD2A2_HUMAN UDP-glucuronosyltransferase 2A2 OS=Homo sapiens OX=9606 GN=UGT2A2 PE=1 SV=1
TRINITY_DN17113_c0_g1_i16.p1	sp|P19488|UDB37_RAT	30.1	472	511	530	33	477	34	498	5.86e-52	187	sp|P19488|UDB37_RAT UDP-glucuronosyltransferase 2B37 OS=Rattus norvegicus OX=10116 GN=Ugt2b37 PE=1 SV=1
TRINITY_DN17113_c0_g1_i16.p1	sp|P08542|UDB17_RAT	29.4	476	511	530	33	477	34	498	8.13e-52	187	sp|P08542|UDB17_RAT UDP-glucuronosyltransferase 2B17 OS=Rattus norvegicus OX=10116 GN=Ugt2b17 PE=1 SV=2
TRINITY_DN17113_c0_g1_i16.p1	sp|P36511|UDB15_RAT	28.9	470	511	530	33	477	34	498	2.17e-51	186	sp|P36511|UDB15_RAT UDP-glucuronosyltransferase 2B15 OS=Rattus norvegicus OX=10116 GN=Ugt2b15 PE=1 SV=1
TRINITY_DN17113_c0_g1_i16.p1	sp|Q9R110|UD2A3_CAVPO	27.7	469	511	530	33	477	34	498	3.01e-51	186	sp|Q9R110|UD2A3_CAVPO UDP-glucuronosyltransferase 2A3 OS=Cavia porcellus OX=10141 GN=UGT2A3 PE=2 SV=1
TRINITY_DN17113_c0_g1_i16.p1	sp|P09875|UD2B1_RAT	28.3	474	511	529	33	477	34	498	7.90e-51	184	sp|P09875|UD2B1_RAT UDP-glucuronosyltransferase 2B1 OS=Rattus norvegicus OX=10116 GN=Ugt2b1 PE=1 SV=1
TRINITY_DN17113_c0_g1_i16.p1	sp|Q8BWQ1|UD2A3_MOUSE	28.5	470	511	534	33	477	34	497	1.66e-50	184	sp|Q8BWQ1|UD2A3_MOUSE UDP-glucuronosyltransferase 2A3 OS=Mus musculus OX=10090 GN=Ugt2a3 PE=1 SV=1
TRINITY_DN17113_c0_g1_i16.p1	sp|P19224|UD16_HUMAN	29.0	473	511	532	30	477	34	494	5.92e-50	182	sp|P19224|UD16_HUMAN UDP-glucuronosyltransferase 1A6 OS=Homo sapiens OX=9606 GN=UGT1A6 PE=1 SV=2
TRINITY_DN17113_c0_g1_i16.p1	sp|P54855|UDB15_HUMAN	27.6	474	511	530	33	477	34	498	7.91e-50	182	sp|P54855|UDB15_HUMAN UDP-glucuronosyltransferase 2B15 OS=Homo sapiens OX=9606 GN=UGT2B15 PE=1 SV=3
TRINITY_DN17113_c0_g1_i16.p1	sp|O19103|UDB16_RABIT	29.8	376	511	523	107	477	121	491	2.57e-49	180	sp|O19103|UDB16_RABIT UDP-glucuronosyltransferase 2B16 (Fragment) OS=Oryctolagus cuniculus OX=9986 GN=UGT2B16 PE=2 SV=2
TRINITY_DN17113_c0_g1_i16.p1	sp|Q9GLD9|UDB33_MACMU	27.2	470	511	529	33	477	34	497	2.87e-49	180	sp|Q9GLD9|UDB33_MACMU UDP-glucuronosyltransferase 2B33 OS=Macaca mulatta OX=9544 GN=UGT2B33 PE=1 SV=1
TRINITY_DN17113_c0_g1_i16.p1	sp|O60656|UD19_HUMAN	30.0	473	511	530	33	477	36	492	2.92e-49	180	sp|O60656|UD19_HUMAN UDP-glucuronosyltransferase 1A9 OS=Homo sapiens OX=9606 GN=UGT1A9 PE=1 SV=1
TRINITY_DN17113_c0_g1_i16.p1	sp|Q5RFJ3|UD2A3_PONAB	27.9	473	511	527	33	477	34	495	7.35e-49	179	sp|Q5RFJ3|UD2A3_PONAB UDP-glucuronosyltransferase 2A3 OS=Pongo abelii OX=9601 GN=UGT2A3 PE=2 SV=1
TRINITY_DN17113_c0_g1_i8.p1	sp|A0A291PQF1|UGT5_DACCO	36.8	511	511	526	10	495	12	506	5.14e-99	311	sp|A0A291PQF1|UGT5_DACCO UDP-glycosyltransferase UGT5 OS=Dactylopius coccus OX=765876 GN=UGT5 PE=1 SV=1
TRINITY_DN17113_c0_g1_i8.p1	sp|A0A291PQH4|UGT2_DACCO	33.5	510	511	515	1	503	1	503	3.59e-96	303	sp|A0A291PQH4|UGT2_DACCO UDP-glucosyltransferase 2 OS=Dactylopius coccus OX=765876 GN=UTG2 PE=1 SV=1
TRINITY_DN17113_c0_g1_i8.p1	sp|A0A291PQG3|UGT4_DACCO	32.4	485	511	504	22	497	25	504	1.59e-68	231	sp|A0A291PQG3|UGT4_DACCO UDP-glycosyltransferase UGT4 OS=Dactylopius coccus OX=765876 GN=UGT4 PE=1 SV=1
TRINITY_DN17113_c0_g1_i8.p1	sp|P36513|UDB14_RABIT	29.9	458	511	530	42	477	44	498	1.13e-55	197	sp|P36513|UDB14_RABIT UDP-glucuronosyltransferase 2B14 OS=Oryctolagus cuniculus OX=9986 GN=UGT2B14 PE=2 SV=1
TRINITY_DN17113_c0_g1_i8.p1	sp|P36512|UDB13_RABIT	31.3	402	511	531	87	477	105	499	1.15e-55	197	sp|P36512|UDB13_RABIT UDP-glucuronosyltransferase 2B13 OS=Oryctolagus cuniculus OX=9986 GN=UGT2B13 PE=2 SV=1
TRINITY_DN17113_c0_g1_i8.p1	sp|O02663|UD2B9_MACFA	27.9	470	511	529	33	477	34	497	1.12e-54	195	sp|O02663|UD2B9_MACFA UDP-glucuronosyltransferase 2B9 OS=Macaca fascicularis OX=9541 GN=UGT2B9 PE=2 SV=1
TRINITY_DN17113_c0_g1_i8.p1	sp|O97951|UDB18_MACFA	28.1	470	511	529	33	477	34	497	1.12e-54	195	sp|O97951|UDB18_MACFA UDP-glucuronosyltransferase 2B18 OS=Macaca fascicularis OX=9541 GN=UGT2B18 PE=1 SV=1
TRINITY_DN17113_c0_g1_i8.p1	sp|Q9R110|UD2A3_CAVPO	28.8	473	511	530	33	477	34	498	2.20e-54	194	sp|Q9R110|UD2A3_CAVPO UDP-glucuronosyltransferase 2A3 OS=Cavia porcellus OX=10141 GN=UGT2A3 PE=2 SV=1
TRINITY_DN17113_c0_g1_i8.p1	sp|P08541|UD2B2_RAT	29.7	475	511	530	33	477	34	498	4.25e-54	193	sp|P08541|UD2B2_RAT UDP-glucuronosyltransferase 2B2 OS=Rattus norvegicus OX=10116 GN=Ugt2b PE=1 SV=1
TRINITY_DN17113_c0_g1_i8.p1	sp|P17717|UDB17_MOUSE	31.1	472	511	530	33	477	34	498	4.25e-54	193	sp|P17717|UDB17_MOUSE UDP-glucuronosyltransferase 2B17 OS=Mus musculus OX=10090 GN=Ugt2b17 PE=1 SV=1
TRINITY_DN17113_c0_g1_i8.p1	sp|P08542|UDB17_RAT	30.4	473	511	530	33	477	34	498	1.14e-53	192	sp|P08542|UDB17_RAT UDP-glucuronosyltransferase 2B17 OS=Rattus norvegicus OX=10116 GN=Ugt2b17 PE=1 SV=2
TRINITY_DN17113_c0_g1_i8.p1	sp|P19488|UDB37_RAT	30.7	472	511	530	33	477	34	498	1.58e-53	192	sp|P19488|UDB37_RAT UDP-glucuronosyltransferase 2B37 OS=Rattus norvegicus OX=10116 GN=Ugt2b37 PE=1 SV=1
TRINITY_DN17113_c0_g1_i8.p1	sp|Q8BWQ1|UD2A3_MOUSE	29.9	472	511	534	33	477	34	497	1.71e-53	192	sp|Q8BWQ1|UD2A3_MOUSE UDP-glucuronosyltransferase 2A3 OS=Mus musculus OX=10090 GN=Ugt2a3 PE=1 SV=1
TRINITY_DN17113_c0_g1_i8.p1	sp|Q80X89|UD2A1_MOUSE	30.4	404	511	528	84	477	100	496	5.68e-53	190	sp|Q80X89|UD2A1_MOUSE UDP-glucuronosyltransferase 2A1 OS=Mus musculus OX=10090 GN=Ugt2a1 PE=2 SV=1
TRINITY_DN17113_c0_g1_i8.p1	sp|P09875|UD2B1_RAT	29.1	475	511	529	33	477	34	498	1.55e-52	189	sp|P09875|UD2B1_RAT UDP-glucuronosyltransferase 2B1 OS=Rattus norvegicus OX=10116 GN=Ugt2b1 PE=1 SV=1
TRINITY_DN17113_c0_g1_i8.p1	sp|Q6PDD0|UD2A2_MOUSE	29.5	499	511	528	7	477	8	496	2.93e-52	188	sp|Q6PDD0|UD2A2_MOUSE UDP-glucuronosyltransferase 2A2 OS=Mus musculus OX=10090 GN=Ugt2a2 PE=2 SV=1
TRINITY_DN17113_c0_g1_i8.p1	sp|P36510|UD2A1_RAT	29.0	479	511	527	26	477	25	495	5.54e-52	187	sp|P36510|UD2A1_RAT UDP-glucuronosyltransferase 2A1 OS=Rattus norvegicus OX=10116 GN=Ugt2a1 PE=2 SV=1
TRINITY_DN17113_c0_g1_i8.p1	sp|P54855|UDB15_HUMAN	28.1	474	511	530	33	477	34	498	1.13e-51	187	sp|P54855|UDB15_HUMAN UDP-glucuronosyltransferase 2B15 OS=Homo sapiens OX=9606 GN=UGT2B15 PE=1 SV=3
TRINITY_DN17113_c0_g1_i8.p1	sp|P36511|UDB15_RAT	28.9	470	511	530	33	477	34	498	1.13e-51	187	sp|P36511|UDB15_RAT UDP-glucuronosyltransferase 2B15 OS=Rattus norvegicus OX=10116 GN=Ugt2b15 PE=1 SV=1
TRINITY_DN17113_c0_g1_i8.p1	sp|O19103|UDB16_RABIT	30.5	377	511	523	107	477	121	491	1.91e-51	186	sp|O19103|UDB16_RABIT UDP-glucuronosyltransferase 2B16 (Fragment) OS=Oryctolagus cuniculus OX=9986 GN=UGT2B16 PE=2 SV=2
TRINITY_DN17113_c0_g1_i8.p1	sp|Q9GLD9|UDB33_MACMU	27.4	470	511	529	33	477	34	497	4.10e-51	185	sp|Q9GLD9|UDB33_MACMU UDP-glucuronosyltransferase 2B33 OS=Macaca mulatta OX=9544 GN=UGT2B33 PE=1 SV=1
TRINITY_DN17113_c0_g1_i8.p1	sp|P0DTE5|UD2A2_HUMAN	30.3	502	511	536	2	477	12	504	4.66e-51	185	sp|P0DTE5|UD2A2_HUMAN UDP-glucuronosyltransferase 2A2 OS=Homo sapiens OX=9606 GN=UGT2A2 PE=1 SV=1
TRINITY_DN17113_c0_g1_i8.p1	sp|Q9XT55|UDB19_MACFA	27.6	468	511	528	33	477	34	497	5.59e-51	185	sp|Q9XT55|UDB19_MACFA UDP-glucuronosyltransferase 2B19 OS=Macaca fascicularis OX=9541 GN=UGT2B19 PE=1 SV=1
TRINITY_DN17113_c0_g1_i8.p1	sp|Q5RFJ3|UD2A3_PONAB	28.5	473	511	527	33	477	34	495	7.61e-51	184	sp|Q5RFJ3|UD2A3_PONAB UDP-glucuronosyltransferase 2A3 OS=Pongo abelii OX=9601 GN=UGT2A3 PE=2 SV=1
TRINITY_DN17113_c0_g1_i8.p1	sp|Q9TSL6|UDB23_MACFA	26.8	470	511	529	33	477	34	497	1.10e-50	184	sp|Q9TSL6|UDB23_MACFA UDP-glucuronosyltransferase 2B23 OS=Macaca fascicularis OX=9541 GN=UGT2B23 PE=1 SV=1
TRINITY_DN18424_c0_g1_i1.p1	sp|A0A291PQF1|UGT5_DACCO	32.5	502	522	526	9	499	5	495	2.73e-91	291	sp|A0A291PQF1|UGT5_DACCO UDP-glycosyltransferase UGT5 OS=Dactylopius coccus OX=765876 GN=UGT5 PE=1 SV=1
TRINITY_DN18424_c0_g1_i1.p1	sp|A0A291PQG3|UGT4_DACCO	32.1	470	522	504	21	487	25	483	3.48e-81	265	sp|A0A291PQG3|UGT4_DACCO UDP-glycosyltransferase UGT4 OS=Dactylopius coccus OX=765876 GN=UGT4 PE=1 SV=1
TRINITY_DN18424_c0_g1_i1.p1	sp|A0A291PQH4|UGT2_DACCO	33.4	512	522	515	18	520	19	514	9.16e-81	264	sp|A0A291PQH4|UGT2_DACCO UDP-glucosyltransferase 2 OS=Dactylopius coccus OX=765876 GN=UTG2 PE=1 SV=1
TRINITY_DN18424_c0_g1_i1.p1	sp|O77649|UDB20_MACFA	28.5	519	522	530	29	519	31	528	1.04e-54	195	sp|O77649|UDB20_MACFA UDP-glucuronosyltransferase 2B20 OS=Macaca fascicularis OX=9541 GN=UGT2B20 PE=1 SV=1
TRINITY_DN18424_c0_g1_i1.p1	sp|Q09426|CGT_RAT	29.7	512	522	541	18	512	19	505	3.45e-54	194	sp|Q09426|CGT_RAT 2-hydroxyacylsphingosine 1-beta-galactosyltransferase OS=Rattus norvegicus OX=10116 GN=Ugt8 PE=1 SV=1
TRINITY_DN18424_c0_g1_i1.p1	sp|P54855|UDB15_HUMAN	27.5	517	522	530	29	519	31	529	5.37e-53	191	sp|P54855|UDB15_HUMAN UDP-glucuronosyltransferase 2B15 OS=Homo sapiens OX=9606 GN=UGT2B15 PE=1 SV=3
TRINITY_DN18424_c0_g1_i1.p1	sp|P06133|UD2B4_HUMAN	27.8	496	522	528	29	501	31	510	2.67e-52	189	sp|P06133|UD2B4_HUMAN UDP-glucuronosyltransferase 2B4 OS=Homo sapiens OX=9606 GN=UGT2B4 PE=1 SV=2
TRINITY_DN18424_c0_g1_i1.p1	sp|Q64676|CGT_MOUSE	29.0	518	522	541	18	518	19	511	4.70e-52	188	sp|Q64676|CGT_MOUSE 2-hydroxyacylsphingosine 1-beta-galactosyltransferase OS=Mus musculus OX=10090 GN=Ugt8 PE=1 SV=2
TRINITY_DN18424_c0_g1_i1.p1	sp|Q9XT55|UDB19_MACFA	26.9	501	522	528	29	501	31	510	7.12e-52	187	sp|Q9XT55|UDB19_MACFA UDP-glucuronosyltransferase 2B19 OS=Macaca fascicularis OX=9541 GN=UGT2B19 PE=1 SV=1
TRINITY_DN18424_c0_g1_i1.p1	sp|Q6K1J1|UDB31_CANLF	26.5	495	522	530	29	501	31	511	7.39e-52	187	sp|Q6K1J1|UDB31_CANLF UDP-glucuronosyltransferase 2B31 OS=Canis lupus familiaris OX=9615 GN=UGT2B31 PE=1 SV=1
TRINITY_DN18424_c0_g1_i1.p1	sp|Q16880|CGT_HUMAN	30.0	487	522	541	18	497	19	489	2.41e-51	186	sp|Q16880|CGT_HUMAN 2-hydroxyacylsphingosine 1-beta-galactosyltransferase OS=Homo sapiens OX=9606 GN=UGT8 PE=1 SV=2
TRINITY_DN18424_c0_g1_i1.p1	sp|Q9GLD9|UDB33_MACMU	27.7	494	522	529	32	501	34	510	7.15e-51	185	sp|Q9GLD9|UDB33_MACMU UDP-glucuronosyltransferase 2B33 OS=Macaca mulatta OX=9544 GN=UGT2B33 PE=1 SV=1
TRINITY_DN18424_c0_g1_i1.p1	sp|Q8WN97|UDB30_MACFA	26.6	512	522	528	29	512	31	521	1.87e-50	184	sp|Q8WN97|UDB30_MACFA UDP-glucuronosyltransferase 2B30 OS=Macaca fascicularis OX=9541 GN=UGT2B30 PE=1 SV=1
TRINITY_DN18424_c0_g1_i1.p1	sp|O02663|UD2B9_MACFA	27.0	488	522	529	32	501	34	510	3.66e-50	183	sp|O02663|UD2B9_MACFA UDP-glucuronosyltransferase 2B9 OS=Macaca fascicularis OX=9541 GN=UGT2B9 PE=2 SV=1
TRINITY_DN18424_c0_g1_i1.p1	sp|Q9TSL6|UDB23_MACFA	27.2	493	522	529	32	501	34	510	7.02e-50	182	sp|Q9TSL6|UDB23_MACFA UDP-glucuronosyltransferase 2B23 OS=Macaca fascicularis OX=9541 GN=UGT2B23 PE=1 SV=1
TRINITY_DN18424_c0_g1_i1.p1	sp|Q64435|UD16_MOUSE	27.3	490	522	531	23	501	29	506	1.40e-49	181	sp|Q64435|UD16_MOUSE UDP-glucuronosyltransferase 1A6 OS=Mus musculus OX=10090 GN=Ugt1a6 PE=1 SV=1
TRINITY_DN18424_c0_g1_i1.p1	sp|O75795|UDB17_HUMAN	26.3	521	522	530	29	520	31	529	1.90e-49	181	sp|O75795|UDB17_HUMAN UDP-glucuronosyltransferase 2B17 OS=Homo sapiens OX=9606 GN=UGT2B17 PE=1 SV=1
TRINITY_DN18424_c0_g1_i1.p1	sp|P16662|UD2B7_HUMAN	26.5	498	522	529	32	501	34	510	4.95e-49	180	sp|P16662|UD2B7_HUMAN UDP-glucuronosyltransferase 2B7 OS=Homo sapiens OX=9606 GN=UGT2B7 PE=1 SV=2
TRINITY_DN18424_c0_g1_i1.p1	sp|Q9BY64|UDB28_HUMAN	26.8	500	522	529	32	501	34	510	6.85e-49	179	sp|Q9BY64|UDB28_HUMAN UDP-glucuronosyltransferase 2B28 OS=Homo sapiens OX=9606 GN=UGT2B28 PE=1 SV=1
TRINITY_DN18424_c0_g1_i1.p1	sp|Q6PDD0|UD2A2_MOUSE	26.9	540	522	528	4	520	6	527	9.32e-49	179	sp|Q6PDD0|UD2A2_MOUSE UDP-glucuronosyltransferase 2A2 OS=Mus musculus OX=10090 GN=Ugt2a2 PE=2 SV=1
TRINITY_DN18424_c0_g1_i1.p1	sp|Q91280|UGT3_PLEPL	30.4	375	522	472	130	501	86	452	1.21e-48	177	sp|Q91280|UGT3_PLEPL UDP-glucuronosyltransferase (Fragment) OS=Pleuronectes platessa OX=8262 GN=ugt3 PE=2 SV=1
TRINITY_DN18424_c0_g1_i1.p1	sp|O75310|UDB11_HUMAN	26.4	500	522	529	32	501	34	510	1.31e-48	179	sp|O75310|UDB11_HUMAN UDP-glucuronosyltransferase 2B11 OS=Homo sapiens OX=9606 GN=UGT2B11 PE=1 SV=1
TRINITY_DN18424_c0_g1_i1.p1	sp|P70691|UD12_MOUSE	28.2	507	522	533	8	501	16	508	2.69e-48	178	sp|P70691|UD12_MOUSE UDP-glucuronosyltransferase 1-2 OS=Mus musculus OX=10090 GN=Ugt1a2 PE=1 SV=1
TRINITY_DN18424_c0_g1_i1.p1	sp|O97951|UDB18_MACFA	26.6	488	522	529	32	501	34	510	3.48e-48	177	sp|O97951|UDB18_MACFA UDP-glucuronosyltransferase 2B18 OS=Macaca fascicularis OX=9541 GN=UGT2B18 PE=1 SV=1
TRINITY_DN18424_c0_g1_i1.p1	sp|Q64637|UD13_RAT	26.9	517	522	531	1	501	7	506	3.60e-48	177	sp|Q64637|UD13_RAT UDP-glucuronosyltransferase 1A3 OS=Rattus norvegicus OX=10116 GN=Ugt1a3 PE=2 SV=1
TRINITY_DN20280_c0_g1_i1.p1	sp|Q9GLD9|UDB33_MACMU	44.4	135	135	529	1	135	359	493	2.30e-34	127	sp|Q9GLD9|UDB33_MACMU UDP-glucuronosyltransferase 2B33 OS=Macaca mulatta OX=9544 GN=UGT2B33 PE=1 SV=1
TRINITY_DN20280_c0_g1_i1.p1	sp|Q88168|UDPE_NPVSL	45.6	136	135	515	1	135	361	496	1.04e-33	125	sp|Q88168|UDPE_NPVSL Ecdysteroid UDP-glucosyltransferase OS=Spodoptera littoralis nuclear polyhedrosis virus OX=10456 GN=EGT PE=3 SV=1
TRINITY_DN20280_c0_g1_i1.p1	sp|Q9TSL6|UDB23_MACFA	45.4	130	135	529	1	130	359	488	1.17e-33	125	sp|Q9TSL6|UDB23_MACFA UDP-glucuronosyltransferase 2B23 OS=Macaca fascicularis OX=9541 GN=UGT2B23 PE=1 SV=1
TRINITY_DN20280_c0_g1_i1.p1	sp|P36513|UDB14_RABIT	43.0	135	135	530	1	135	360	494	1.63e-33	125	sp|P36513|UDB14_RABIT UDP-glucuronosyltransferase 2B14 OS=Oryctolagus cuniculus OX=9986 GN=UGT2B14 PE=2 SV=1
TRINITY_DN20280_c0_g1_i1.p1	sp|P54855|UDB15_HUMAN	43.0	135	135	530	1	135	360	494	1.63e-33	125	sp|P54855|UDB15_HUMAN UDP-glucuronosyltransferase 2B15 OS=Homo sapiens OX=9606 GN=UGT2B15 PE=1 SV=3
TRINITY_DN20280_c0_g1_i1.p1	sp|O75795|UDB17_HUMAN	43.0	135	135	530	1	135	360	494	4.31e-33	124	sp|O75795|UDB17_HUMAN UDP-glucuronosyltransferase 2B17 OS=Homo sapiens OX=9606 GN=UGT2B17 PE=1 SV=1
TRINITY_DN20280_c0_g1_i1.p1	sp|P36537|UDB10_HUMAN	43.0	135	135	528	1	135	358	492	5.87e-33	124	sp|P36537|UDB10_HUMAN UDP-glucuronosyltransferase 2B10 OS=Homo sapiens OX=9606 GN=UGT2B10 PE=1 SV=1
TRINITY_DN20280_c0_g1_i1.p1	sp|P36512|UDB13_RABIT	43.7	135	135	531	1	135	361	495	6.01e-33	124	sp|P36512|UDB13_RABIT UDP-glucuronosyltransferase 2B13 OS=Oryctolagus cuniculus OX=9986 GN=UGT2B13 PE=2 SV=1
TRINITY_DN20280_c0_g1_i1.p1	sp|O97951|UDB18_MACFA	43.0	135	135	529	1	135	359	493	1.13e-32	123	sp|O97951|UDB18_MACFA UDP-glucuronosyltransferase 2B18 OS=Macaca fascicularis OX=9541 GN=UGT2B18 PE=1 SV=1
TRINITY_DN20280_c0_g1_i1.p1	sp|Q9XT55|UDB19_MACFA	43.0	135	135	528	1	135	359	493	1.55e-32	122	sp|Q9XT55|UDB19_MACFA UDP-glucuronosyltransferase 2B19 OS=Macaca fascicularis OX=9541 GN=UGT2B19 PE=1 SV=1
TRINITY_DN20280_c0_g1_i1.p1	sp|O77649|UDB20_MACFA	42.2	135	135	530	1	135	360	494	2.18e-32	122	sp|O77649|UDB20_MACFA UDP-glucuronosyltransferase 2B20 OS=Macaca fascicularis OX=9541 GN=UGT2B20 PE=1 SV=1
TRINITY_DN20280_c0_g1_i1.p1	sp|Q80X89|UD2A1_MOUSE	42.2	135	135	528	1	135	358	492	2.97e-32	122	sp|Q80X89|UD2A1_MOUSE UDP-glucuronosyltransferase 2A1 OS=Mus musculus OX=10090 GN=Ugt2a1 PE=2 SV=1
TRINITY_DN20280_c0_g1_i1.p1	sp|Q6PDD0|UD2A2_MOUSE	42.2	135	135	528	1	135	358	492	2.97e-32	122	sp|Q6PDD0|UD2A2_MOUSE UDP-glucuronosyltransferase 2A2 OS=Mus musculus OX=10090 GN=Ugt2a2 PE=2 SV=1
TRINITY_DN20280_c0_g1_i1.p1	sp|O02663|UD2B9_MACFA	42.2	135	135	529	1	135	359	493	2.99e-32	122	sp|O02663|UD2B9_MACFA UDP-glucuronosyltransferase 2B9 OS=Macaca fascicularis OX=9541 GN=UGT2B9 PE=2 SV=1
TRINITY_DN20280_c0_g1_i1.p1	sp|P16662|UD2B7_HUMAN	41.5	135	135	529	1	135	359	493	4.13e-32	121	sp|P16662|UD2B7_HUMAN UDP-glucuronosyltransferase 2B7 OS=Homo sapiens OX=9606 GN=UGT2B7 PE=1 SV=2
TRINITY_DN20280_c0_g1_i1.p1	sp|Q6UWM9|UD2A3_HUMAN	40.7	135	135	527	1	135	357	491	5.62e-32	121	sp|Q6UWM9|UD2A3_HUMAN UDP-glucuronosyltransferase 2A3 OS=Homo sapiens OX=9606 GN=UGT2A3 PE=1 SV=2
TRINITY_DN20280_c0_g1_i1.p1	sp|Q6K1J1|UDB31_CANLF	42.2	135	135	530	1	135	360	494	5.75e-32	121	sp|Q6K1J1|UDB31_CANLF UDP-glucuronosyltransferase 2B31 OS=Canis lupus familiaris OX=9615 GN=UGT2B31 PE=1 SV=1
TRINITY_DN20280_c0_g1_i1.p1	sp|P0DTE4|UD2A1_HUMAN	43.0	135	135	527	1	135	357	491	1.07e-31	120	sp|P0DTE4|UD2A1_HUMAN UDP-glucuronosyltransferase 2A1 OS=Homo sapiens OX=9606 GN=UGT2A1 PE=1 SV=2
TRINITY_DN20280_c0_g1_i1.p1	sp|P0DTE5|UD2A2_HUMAN	43.0	135	135	536	1	135	366	500	1.14e-31	120	sp|P0DTE5|UD2A2_HUMAN UDP-glucuronosyltransferase 2A2 OS=Homo sapiens OX=9606 GN=UGT2A2 PE=1 SV=1
TRINITY_DN20280_c0_g1_i1.p1	sp|Q8WN97|UDB30_MACFA	42.2	135	135	528	1	135	359	493	1.49e-31	120	sp|Q8WN97|UDB30_MACFA UDP-glucuronosyltransferase 2B30 OS=Macaca fascicularis OX=9541 GN=UGT2B30 PE=1 SV=1
TRINITY_DN20280_c0_g1_i1.p1	sp|P06133|UD2B4_HUMAN	42.2	135	135	528	1	135	359	493	2.06e-31	119	sp|P06133|UD2B4_HUMAN UDP-glucuronosyltransferase 2B4 OS=Homo sapiens OX=9606 GN=UGT2B4 PE=1 SV=2
TRINITY_DN20280_c0_g1_i1.p1	sp|Q5RFJ3|UD2A3_PONAB	40.0	135	135	527	1	135	357	491	2.83e-31	119	sp|Q5RFJ3|UD2A3_PONAB UDP-glucuronosyltransferase 2A3 OS=Pongo abelii OX=9601 GN=UGT2A3 PE=2 SV=1
TRINITY_DN20280_c0_g1_i1.p1	sp|Q8BWQ1|UD2A3_MOUSE	42.2	135	135	534	1	135	359	493	2.96e-31	119	sp|Q8BWQ1|UD2A3_MOUSE UDP-glucuronosyltransferase 2A3 OS=Mus musculus OX=10090 GN=Ugt2a3 PE=1 SV=1
TRINITY_DN20280_c0_g1_i1.p1	sp|P41713|UDPE_NPVLD	43.0	135	135	506	1	135	351	484	3.36e-31	119	sp|P41713|UDPE_NPVLD Ecdysteroid UDP-glucosyltransferase OS=Lymantria dispar multicapsid nuclear polyhedrosis virus OX=10449 GN=EGT PE=3 SV=2
TRINITY_DN20280_c0_g1_i1.p1	sp|O75310|UDB11_HUMAN	41.5	135	135	529	1	135	359	493	7.54e-31	118	sp|O75310|UDB11_HUMAN UDP-glucuronosyltransferase 2B11 OS=Homo sapiens OX=9606 GN=UGT2B11 PE=1 SV=1
TRINITY_DN20280_c1_g1_i1.p1	sp|Q9GLD9|UDB33_MACMU	44.1	145	170	529	4	148	350	494	3.26e-38	139	sp|Q9GLD9|UDB33_MACMU UDP-glucuronosyltransferase 2B33 OS=Macaca mulatta OX=9544 GN=UGT2B33 PE=1 SV=1
TRINITY_DN20280_c1_g1_i1.p1	sp|O75795|UDB17_HUMAN	42.8	145	170	530	4	148	351	495	6.36e-38	139	sp|O75795|UDB17_HUMAN UDP-glucuronosyltransferase 2B17 OS=Homo sapiens OX=9606 GN=UGT2B17 PE=1 SV=1
TRINITY_DN20280_c1_g1_i1.p1	sp|P54855|UDB15_HUMAN	42.1	145	170	530	4	148	351	495	1.22e-37	138	sp|P54855|UDB15_HUMAN UDP-glucuronosyltransferase 2B15 OS=Homo sapiens OX=9606 GN=UGT2B15 PE=1 SV=3
TRINITY_DN20280_c1_g1_i1.p1	sp|P36537|UDB10_HUMAN	42.8	145	170	528	4	148	349	493	1.66e-37	137	sp|P36537|UDB10_HUMAN UDP-glucuronosyltransferase 2B10 OS=Homo sapiens OX=9606 GN=UGT2B10 PE=1 SV=1
TRINITY_DN20280_c1_g1_i1.p1	sp|Q6K1J1|UDB31_CANLF	42.8	145	170	530	4	148	351	495	1.70e-37	137	sp|Q6K1J1|UDB31_CANLF UDP-glucuronosyltransferase 2B31 OS=Canis lupus familiaris OX=9615 GN=UGT2B31 PE=1 SV=1
TRINITY_DN20280_c1_g1_i1.p1	sp|Q9TSL6|UDB23_MACFA	43.4	145	170	529	4	148	350	494	2.33e-37	137	sp|Q9TSL6|UDB23_MACFA UDP-glucuronosyltransferase 2B23 OS=Macaca fascicularis OX=9541 GN=UGT2B23 PE=1 SV=1
TRINITY_DN20280_c1_g1_i1.p1	sp|Q88168|UDPE_NPVSL	44.2	147	170	515	4	149	352	498	3.87e-37	136	sp|Q88168|UDPE_NPVSL Ecdysteroid UDP-glucosyltransferase OS=Spodoptera littoralis nuclear polyhedrosis virus OX=10456 GN=EGT PE=3 SV=1
TRINITY_DN20280_c1_g1_i1.p1	sp|P36513|UDB14_RABIT	41.5	159	170	530	4	161	351	509	4.54e-37	136	sp|P36513|UDB14_RABIT UDP-glucuronosyltransferase 2B14 OS=Oryctolagus cuniculus OX=9986 GN=UGT2B14 PE=2 SV=1
TRINITY_DN20280_c1_g1_i1.p1	sp|P36512|UDB13_RABIT	39.6	159	170	531	4	161	352	510	4.59e-37	136	sp|P36512|UDB13_RABIT UDP-glucuronosyltransferase 2B13 OS=Oryctolagus cuniculus OX=9986 GN=UGT2B13 PE=2 SV=1
TRINITY_DN20280_c1_g1_i1.p1	sp|O77649|UDB20_MACFA	42.1	145	170	530	4	148	351	495	6.30e-37	136	sp|O77649|UDB20_MACFA UDP-glucuronosyltransferase 2B20 OS=Macaca fascicularis OX=9541 GN=UGT2B20 PE=1 SV=1
TRINITY_DN20280_c1_g1_i1.p1	sp|Q8BWQ1|UD2A3_MOUSE	42.1	145	170	534	4	148	350	494	6.56e-37	136	sp|Q8BWQ1|UD2A3_MOUSE UDP-glucuronosyltransferase 2A3 OS=Mus musculus OX=10090 GN=Ugt2a3 PE=1 SV=1
TRINITY_DN20280_c1_g1_i1.p1	sp|Q62452|UD19_MOUSE	41.3	167	170	528	2	167	341	507	8.56e-37	135	sp|Q62452|UD19_MOUSE UDP-glucuronosyltransferase 1A9 OS=Mus musculus OX=10090 GN=Ugt1a9 PE=1 SV=3
TRINITY_DN20280_c1_g1_i1.p1	sp|P16662|UD2B7_HUMAN	41.4	145	170	529	4	148	350	494	8.65e-37	135	sp|P16662|UD2B7_HUMAN UDP-glucuronosyltransferase 2B7 OS=Homo sapiens OX=9606 GN=UGT2B7 PE=1 SV=2
TRINITY_DN20280_c1_g1_i1.p1	sp|Q64435|UD16_MOUSE	41.3	167	170	531	2	167	344	510	8.83e-37	135	sp|Q64435|UD16_MOUSE UDP-glucuronosyltransferase 1A6 OS=Mus musculus OX=10090 GN=Ugt1a6 PE=1 SV=1
TRINITY_DN20280_c1_g1_i1.p1	sp|Q6ZQM8|UD17_MOUSE	41.3	167	170	531	2	167	344	510	8.83e-37	135	sp|Q6ZQM8|UD17_MOUSE UDP-glucuronosyltransferase 1A7 OS=Mus musculus OX=10090 GN=Ugt1a7 PE=1 SV=1
TRINITY_DN20280_c1_g1_i1.p1	sp|P70691|UD12_MOUSE	41.3	167	170	533	2	167	346	512	9.00e-37	135	sp|P70691|UD12_MOUSE UDP-glucuronosyltransferase 1-2 OS=Mus musculus OX=10090 GN=Ugt1a2 PE=1 SV=1
TRINITY_DN20280_c1_g1_i1.p1	sp|Q63886|UD11_MOUSE	41.3	167	170	535	2	167	348	514	9.18e-37	135	sp|Q63886|UD11_MOUSE UDP-glucuronosyltransferase 1A1 OS=Mus musculus OX=10090 GN=Ugt1a1 PE=1 SV=2
TRINITY_DN20280_c1_g1_i1.p1	sp|Q9XT55|UDB19_MACFA	42.1	145	170	528	4	148	350	494	1.19e-36	135	sp|Q9XT55|UDB19_MACFA UDP-glucuronosyltransferase 2B19 OS=Macaca fascicularis OX=9541 GN=UGT2B19 PE=1 SV=1
TRINITY_DN20280_c1_g1_i1.p1	sp|P08430|UD16_RAT	40.7	167	170	529	2	168	342	504	1.20e-36	135	sp|P08430|UD16_RAT UDP-glucuronosyltransferase 1A6 OS=Rattus norvegicus OX=10116 GN=Ugt1a6 PE=1 SV=1
TRINITY_DN20280_c1_g1_i1.p1	sp|O97951|UDB18_MACFA	42.8	145	170	529	4	148	350	494	1.20e-36	135	sp|O97951|UDB18_MACFA UDP-glucuronosyltransferase 2B18 OS=Macaca fascicularis OX=9541 GN=UGT2B18 PE=1 SV=1
TRINITY_DN20280_c1_g1_i1.p1	sp|Q64634|UD18_RAT	40.7	167	170	530	2	168	343	505	1.21e-36	135	sp|Q64634|UD18_RAT UDP-glucuronosyltransferase 1A8 OS=Rattus norvegicus OX=10116 GN=Ugt1a8 PE=2 SV=1
TRINITY_DN20280_c1_g1_i1.p1	sp|Q64637|UD13_RAT	40.7	167	170	531	2	168	344	506	1.22e-36	135	sp|Q64637|UD13_RAT UDP-glucuronosyltransferase 1A3 OS=Rattus norvegicus OX=10116 GN=Ugt1a3 PE=2 SV=1
TRINITY_DN20280_c1_g1_i1.p1	sp|Q64638|UD15_RAT	40.7	167	170	531	2	168	344	506	1.22e-36	135	sp|Q64638|UD15_RAT UDP-glucuronosyltransferase 1A5 OS=Rattus norvegicus OX=10116 GN=Ugt1a5 PE=2 SV=1
TRINITY_DN20280_c1_g1_i1.p1	sp|Q64633|UD17_RAT	40.7	167	170	531	2	168	344	506	1.22e-36	135	sp|Q64633|UD17_RAT UDP-glucuronosyltransferase 1A7 OS=Rattus norvegicus OX=10116 GN=Ugt1a7 PE=2 SV=1
TRINITY_DN20280_c1_g1_i1.p1	sp|P20720|UD12_RAT	40.7	167	170	533	2	168	346	508	1.25e-36	135	sp|P20720|UD12_RAT UDP-glucuronosyltransferase 1-2 OS=Rattus norvegicus OX=10116 GN=Ugt1a2 PE=2 SV=2
TRINITY_DN20280_c1_g1_i2.p1	sp|Q9GLD9|UDB33_MACMU	44.1	145	170	529	4	148	350	494	2.35e-39	142	sp|Q9GLD9|UDB33_MACMU UDP-glucuronosyltransferase 2B33 OS=Macaca mulatta OX=9544 GN=UGT2B33 PE=1 SV=1
TRINITY_DN20280_c1_g1_i2.p1	sp|O75795|UDB17_HUMAN	42.8	145	170	530	4	148	351	495	8.86e-39	141	sp|O75795|UDB17_HUMAN UDP-glucuronosyltransferase 2B17 OS=Homo sapiens OX=9606 GN=UGT2B17 PE=1 SV=1
TRINITY_DN20280_c1_g1_i2.p1	sp|P36537|UDB10_HUMAN	42.8	145	170	528	4	148	349	493	1.20e-38	140	sp|P36537|UDB10_HUMAN UDP-glucuronosyltransferase 2B10 OS=Homo sapiens OX=9606 GN=UGT2B10 PE=1 SV=1
TRINITY_DN20280_c1_g1_i2.p1	sp|Q9TSL6|UDB23_MACFA	43.4	145	170	529	4	148	350	494	1.69e-38	140	sp|Q9TSL6|UDB23_MACFA UDP-glucuronosyltransferase 2B23 OS=Macaca fascicularis OX=9541 GN=UGT2B23 PE=1 SV=1
TRINITY_DN20280_c1_g1_i2.p1	sp|P54855|UDB15_HUMAN	42.1	145	170	530	4	148	351	495	1.71e-38	140	sp|P54855|UDB15_HUMAN UDP-glucuronosyltransferase 2B15 OS=Homo sapiens OX=9606 GN=UGT2B15 PE=1 SV=3
TRINITY_DN20280_c1_g1_i2.p1	sp|Q6K1J1|UDB31_CANLF	42.8	145	170	530	4	148	351	495	2.37e-38	140	sp|Q6K1J1|UDB31_CANLF UDP-glucuronosyltransferase 2B31 OS=Canis lupus familiaris OX=9615 GN=UGT2B31 PE=1 SV=1
TRINITY_DN20280_c1_g1_i2.p1	sp|Q88168|UDPE_NPVSL	44.9	147	170	515	4	149	352	498	5.38e-38	139	sp|Q88168|UDPE_NPVSL Ecdysteroid UDP-glucosyltransferase OS=Spodoptera littoralis nuclear polyhedrosis virus OX=10456 GN=EGT PE=3 SV=1
TRINITY_DN20280_c1_g1_i2.p1	sp|P16662|UD2B7_HUMAN	41.4	145	170	529	4	148	350	494	6.29e-38	139	sp|P16662|UD2B7_HUMAN UDP-glucuronosyltransferase 2B7 OS=Homo sapiens OX=9606 GN=UGT2B7 PE=1 SV=2
TRINITY_DN20280_c1_g1_i2.p1	sp|P36513|UDB14_RABIT	41.5	159	170	530	4	161	351	509	6.36e-38	139	sp|P36513|UDB14_RABIT UDP-glucuronosyltransferase 2B14 OS=Oryctolagus cuniculus OX=9986 GN=UGT2B14 PE=2 SV=1
TRINITY_DN20280_c1_g1_i2.p1	sp|P36512|UDB13_RABIT	39.6	159	170	531	4	161	352	510	6.43e-38	139	sp|P36512|UDB13_RABIT UDP-glucuronosyltransferase 2B13 OS=Oryctolagus cuniculus OX=9986 GN=UGT2B13 PE=2 SV=1
TRINITY_DN20280_c1_g1_i2.p1	sp|O97951|UDB18_MACFA	42.8	145	170	529	4	148	350	494	8.73e-38	138	sp|O97951|UDB18_MACFA UDP-glucuronosyltransferase 2B18 OS=Macaca fascicularis OX=9541 GN=UGT2B18 PE=1 SV=1
TRINITY_DN20280_c1_g1_i2.p1	sp|O77649|UDB20_MACFA	42.1	145	170	530	4	148	351	495	8.82e-38	138	sp|O77649|UDB20_MACFA UDP-glucuronosyltransferase 2B20 OS=Macaca fascicularis OX=9541 GN=UGT2B20 PE=1 SV=1
TRINITY_DN20280_c1_g1_i2.p1	sp|Q8BWQ1|UD2A3_MOUSE	42.1	145	170	534	4	148	350	494	9.20e-38	138	sp|Q8BWQ1|UD2A3_MOUSE UDP-glucuronosyltransferase 2A3 OS=Mus musculus OX=10090 GN=Ugt2a3 PE=1 SV=1
TRINITY_DN20280_c1_g1_i2.p1	sp|Q62452|UD19_MOUSE	41.3	167	170	528	2	167	341	507	1.20e-37	138	sp|Q62452|UD19_MOUSE UDP-glucuronosyltransferase 1A9 OS=Mus musculus OX=10090 GN=Ugt1a9 PE=1 SV=3
TRINITY_DN20280_c1_g1_i2.p1	sp|Q64435|UD16_MOUSE	41.3	167	170	531	2	167	344	510	1.24e-37	138	sp|Q64435|UD16_MOUSE UDP-glucuronosyltransferase 1A6 OS=Mus musculus OX=10090 GN=Ugt1a6 PE=1 SV=1
TRINITY_DN20280_c1_g1_i2.p1	sp|Q6ZQM8|UD17_MOUSE	41.3	167	170	531	2	167	344	510	1.24e-37	138	sp|Q6ZQM8|UD17_MOUSE UDP-glucuronosyltransferase 1A7 OS=Mus musculus OX=10090 GN=Ugt1a7 PE=1 SV=1
TRINITY_DN20280_c1_g1_i2.p1	sp|P70691|UD12_MOUSE	41.3	167	170	533	2	167	346	512	1.26e-37	138	sp|P70691|UD12_MOUSE UDP-glucuronosyltransferase 1-2 OS=Mus musculus OX=10090 GN=Ugt1a2 PE=1 SV=1
TRINITY_DN20280_c1_g1_i2.p1	sp|Q63886|UD11_MOUSE	41.3	167	170	535	2	167	348	514	1.29e-37	138	sp|Q63886|UD11_MOUSE UDP-glucuronosyltransferase 1A1 OS=Mus musculus OX=10090 GN=Ugt1a1 PE=1 SV=2
TRINITY_DN20280_c1_g1_i2.p1	sp|Q9XT55|UDB19_MACFA	42.1	145	170	528	4	148	350	494	1.66e-37	137	sp|Q9XT55|UDB19_MACFA UDP-glucuronosyltransferase 2B19 OS=Macaca fascicularis OX=9541 GN=UGT2B19 PE=1 SV=1
TRINITY_DN20280_c1_g1_i2.p1	sp|P08430|UD16_RAT	40.7	167	170	529	2	168	342	504	1.68e-37	137	sp|P08430|UD16_RAT UDP-glucuronosyltransferase 1A6 OS=Rattus norvegicus OX=10116 GN=Ugt1a6 PE=1 SV=1
TRINITY_DN20280_c1_g1_i2.p1	sp|O02663|UD2B9_MACFA	42.1	145	170	529	4	148	350	494	1.68e-37	137	sp|O02663|UD2B9_MACFA UDP-glucuronosyltransferase 2B9 OS=Macaca fascicularis OX=9541 GN=UGT2B9 PE=2 SV=1
TRINITY_DN20280_c1_g1_i2.p1	sp|Q64634|UD18_RAT	40.7	167	170	530	2	168	343	505	1.70e-37	137	sp|Q64634|UD18_RAT UDP-glucuronosyltransferase 1A8 OS=Rattus norvegicus OX=10116 GN=Ugt1a8 PE=2 SV=1
TRINITY_DN20280_c1_g1_i2.p1	sp|Q64637|UD13_RAT	40.7	167	170	531	2	168	344	506	1.72e-37	137	sp|Q64637|UD13_RAT UDP-glucuronosyltransferase 1A3 OS=Rattus norvegicus OX=10116 GN=Ugt1a3 PE=2 SV=1
TRINITY_DN20280_c1_g1_i2.p1	sp|Q64638|UD15_RAT	40.7	167	170	531	2	168	344	506	1.72e-37	137	sp|Q64638|UD15_RAT UDP-glucuronosyltransferase 1A5 OS=Rattus norvegicus OX=10116 GN=Ugt1a5 PE=2 SV=1
TRINITY_DN20280_c1_g1_i2.p1	sp|Q64633|UD17_RAT	40.7	167	170	531	2	168	344	506	1.72e-37	137	sp|Q64633|UD17_RAT UDP-glucuronosyltransferase 1A7 OS=Rattus norvegicus OX=10116 GN=Ugt1a7 PE=2 SV=1
TRINITY_DN20280_c1_g1_i3.p1	sp|Q9GLD9|UDB33_MACMU	44.1	145	186	529	4	148	350	494	4.12e-38	140	sp|Q9GLD9|UDB33_MACMU UDP-glucuronosyltransferase 2B33 OS=Macaca mulatta OX=9544 GN=UGT2B33 PE=1 SV=1
TRINITY_DN20280_c1_g1_i3.p1	sp|O75795|UDB17_HUMAN	42.8	145	186	530	4	148	351	495	8.02e-38	139	sp|O75795|UDB17_HUMAN UDP-glucuronosyltransferase 2B17 OS=Homo sapiens OX=9606 GN=UGT2B17 PE=1 SV=1
TRINITY_DN20280_c1_g1_i3.p1	sp|P54855|UDB15_HUMAN	42.1	145	186	530	4	148	351	495	1.54e-37	138	sp|P54855|UDB15_HUMAN UDP-glucuronosyltransferase 2B15 OS=Homo sapiens OX=9606 GN=UGT2B15 PE=1 SV=3
TRINITY_DN20280_c1_g1_i3.p1	sp|P36537|UDB10_HUMAN	42.8	145	186	528	4	148	349	493	2.10e-37	138	sp|P36537|UDB10_HUMAN UDP-glucuronosyltransferase 2B10 OS=Homo sapiens OX=9606 GN=UGT2B10 PE=1 SV=1
TRINITY_DN20280_c1_g1_i3.p1	sp|Q6K1J1|UDB31_CANLF	42.8	145	186	530	4	148	351	495	2.14e-37	138	sp|Q6K1J1|UDB31_CANLF UDP-glucuronosyltransferase 2B31 OS=Canis lupus familiaris OX=9615 GN=UGT2B31 PE=1 SV=1
TRINITY_DN20280_c1_g1_i3.p1	sp|Q9TSL6|UDB23_MACFA	43.4	145	186	529	4	148	350	494	2.94e-37	137	sp|Q9TSL6|UDB23_MACFA UDP-glucuronosyltransferase 2B23 OS=Macaca fascicularis OX=9541 GN=UGT2B23 PE=1 SV=1
TRINITY_DN20280_c1_g1_i3.p1	sp|Q88168|UDPE_NPVSL	44.2	147	186	515	4	149	352	498	3.51e-37	137	sp|Q88168|UDPE_NPVSL Ecdysteroid UDP-glucosyltransferase OS=Spodoptera littoralis nuclear polyhedrosis virus OX=10456 GN=EGT PE=3 SV=1
TRINITY_DN20280_c1_g1_i3.p1	sp|Q9XT55|UDB19_MACFA	36.8	174	186	528	4	177	350	523	7.77e-37	136	sp|Q9XT55|UDB19_MACFA UDP-glucuronosyltransferase 2B19 OS=Macaca fascicularis OX=9541 GN=UGT2B19 PE=1 SV=1
TRINITY_DN20280_c1_g1_i3.p1	sp|O77649|UDB20_MACFA	42.1	145	186	530	4	148	351	495	7.93e-37	136	sp|O77649|UDB20_MACFA UDP-glucuronosyltransferase 2B20 OS=Macaca fascicularis OX=9541 GN=UGT2B20 PE=1 SV=1
TRINITY_DN20280_c1_g1_i3.p1	sp|P36512|UDB13_RABIT	42.1	145	186	531	4	148	352	496	8.01e-37	136	sp|P36512|UDB13_RABIT UDP-glucuronosyltransferase 2B13 OS=Oryctolagus cuniculus OX=9986 GN=UGT2B13 PE=2 SV=1
TRINITY_DN20280_c1_g1_i3.p1	sp|Q8BWQ1|UD2A3_MOUSE	42.1	145	186	534	4	148	350	494	8.26e-37	136	sp|Q8BWQ1|UD2A3_MOUSE UDP-glucuronosyltransferase 2A3 OS=Mus musculus OX=10090 GN=Ugt2a3 PE=1 SV=1
TRINITY_DN20280_c1_g1_i3.p1	sp|P16662|UD2B7_HUMAN	41.4	145	186	529	4	148	350	494	1.09e-36	136	sp|P16662|UD2B7_HUMAN UDP-glucuronosyltransferase 2B7 OS=Homo sapiens OX=9606 GN=UGT2B7 PE=1 SV=2
TRINITY_DN20280_c1_g1_i3.p1	sp|P36514|UD2C1_RABIT	42.0	150	186	502	4	153	323	472	1.13e-36	135	sp|P36514|UD2C1_RABIT UDP-glucuronosyltransferase 2C1 (Fragment) OS=Oryctolagus cuniculus OX=9986 GN=UGT2C1 PE=2 SV=1
TRINITY_DN20280_c1_g1_i3.p1	sp|O97951|UDB18_MACFA	42.8	145	186	529	4	148	350	494	1.51e-36	135	sp|O97951|UDB18_MACFA UDP-glucuronosyltransferase 2B18 OS=Macaca fascicularis OX=9541 GN=UGT2B18 PE=1 SV=1
TRINITY_DN20280_c1_g1_i3.p1	sp|Q62452|UD19_MOUSE	41.5	147	186	528	2	148	341	487	2.87e-36	135	sp|Q62452|UD19_MOUSE UDP-glucuronosyltransferase 1A9 OS=Mus musculus OX=10090 GN=Ugt1a9 PE=1 SV=3
TRINITY_DN20280_c1_g1_i3.p1	sp|P08430|UD16_RAT	41.5	147	186	529	2	148	342	488	2.90e-36	135	sp|P08430|UD16_RAT UDP-glucuronosyltransferase 1A6 OS=Rattus norvegicus OX=10116 GN=Ugt1a6 PE=1 SV=1
TRINITY_DN20280_c1_g1_i3.p1	sp|O02663|UD2B9_MACFA	42.1	145	186	529	4	148	350	494	2.90e-36	135	sp|O02663|UD2B9_MACFA UDP-glucuronosyltransferase 2B9 OS=Macaca fascicularis OX=9541 GN=UGT2B9 PE=2 SV=1
TRINITY_DN20280_c1_g1_i3.p1	sp|Q64634|UD18_RAT	41.5	147	186	530	2	148	343	489	2.93e-36	135	sp|Q64634|UD18_RAT UDP-glucuronosyltransferase 1A8 OS=Rattus norvegicus OX=10116 GN=Ugt1a8 PE=2 SV=1
TRINITY_DN20280_c1_g1_i3.p1	sp|Q64637|UD13_RAT	41.5	147	186	531	2	148	344	490	2.96e-36	135	sp|Q64637|UD13_RAT UDP-glucuronosyltransferase 1A3 OS=Rattus norvegicus OX=10116 GN=Ugt1a3 PE=2 SV=1
TRINITY_DN20280_c1_g1_i3.p1	sp|Q64638|UD15_RAT	41.5	147	186	531	2	148	344	490	2.96e-36	135	sp|Q64638|UD15_RAT UDP-glucuronosyltransferase 1A5 OS=Rattus norvegicus OX=10116 GN=Ugt1a5 PE=2 SV=1
TRINITY_DN20280_c1_g1_i3.p1	sp|Q64435|UD16_MOUSE	41.5	147	186	531	2	148	344	490	2.96e-36	135	sp|Q64435|UD16_MOUSE UDP-glucuronosyltransferase 1A6 OS=Mus musculus OX=10090 GN=Ugt1a6 PE=1 SV=1
TRINITY_DN20280_c1_g1_i3.p1	sp|Q6ZQM8|UD17_MOUSE	41.5	147	186	531	2	148	344	490	2.96e-36	135	sp|Q6ZQM8|UD17_MOUSE UDP-glucuronosyltransferase 1A7 OS=Mus musculus OX=10090 GN=Ugt1a7 PE=1 SV=1
TRINITY_DN20280_c1_g1_i3.p1	sp|Q64633|UD17_RAT	41.5	147	186	531	2	148	344	490	2.96e-36	135	sp|Q64633|UD17_RAT UDP-glucuronosyltransferase 1A7 OS=Rattus norvegicus OX=10116 GN=Ugt1a7 PE=2 SV=1
TRINITY_DN20280_c1_g1_i3.p1	sp|P70691|UD12_MOUSE	41.5	147	186	533	2	148	346	492	3.02e-36	135	sp|P70691|UD12_MOUSE UDP-glucuronosyltransferase 1-2 OS=Mus musculus OX=10090 GN=Ugt1a2 PE=1 SV=1
TRINITY_DN20280_c1_g1_i3.p1	sp|P20720|UD12_RAT	41.5	147	186	533	2	148	346	492	3.02e-36	135	sp|P20720|UD12_RAT UDP-glucuronosyltransferase 1-2 OS=Rattus norvegicus OX=10116 GN=Ugt1a2 PE=2 SV=2
TRINITY_DN20280_c1_g1_i5.p1	sp|Q9GLD9|UDB33_MACMU	40.2	169	186	529	4	171	350	518	2.96e-40	145	sp|Q9GLD9|UDB33_MACMU UDP-glucuronosyltransferase 2B33 OS=Macaca mulatta OX=9544 GN=UGT2B33 PE=1 SV=1
TRINITY_DN20280_c1_g1_i5.p1	sp|Q9TSL6|UDB23_MACFA	39.6	169	186	529	4	171	350	518	2.14e-39	143	sp|Q9TSL6|UDB23_MACFA UDP-glucuronosyltransferase 2B23 OS=Macaca fascicularis OX=9541 GN=UGT2B23 PE=1 SV=1
TRINITY_DN20280_c1_g1_i5.p1	sp|P36537|UDB10_HUMAN	43.4	145	186	528	4	148	349	493	2.94e-39	143	sp|P36537|UDB10_HUMAN UDP-glucuronosyltransferase 2B10 OS=Homo sapiens OX=9606 GN=UGT2B10 PE=1 SV=1
TRINITY_DN20280_c1_g1_i5.p1	sp|O75795|UDB17_HUMAN	43.4	145	186	530	4	148	351	495	3.01e-39	143	sp|O75795|UDB17_HUMAN UDP-glucuronosyltransferase 2B17 OS=Homo sapiens OX=9606 GN=UGT2B17 PE=1 SV=1
TRINITY_DN20280_c1_g1_i5.p1	sp|P08430|UD16_RAT	41.9	167	186	529	2	168	342	504	4.13e-39	142	sp|P08430|UD16_RAT UDP-glucuronosyltransferase 1A6 OS=Rattus norvegicus OX=10116 GN=Ugt1a6 PE=1 SV=1
TRINITY_DN20280_c1_g1_i5.p1	sp|Q64634|UD18_RAT	41.9	167	186	530	2	168	343	505	4.18e-39	142	sp|Q64634|UD18_RAT UDP-glucuronosyltransferase 1A8 OS=Rattus norvegicus OX=10116 GN=Ugt1a8 PE=2 SV=1
TRINITY_DN20280_c1_g1_i5.p1	sp|Q64637|UD13_RAT	41.9	167	186	531	2	168	344	506	4.23e-39	142	sp|Q64637|UD13_RAT UDP-glucuronosyltransferase 1A3 OS=Rattus norvegicus OX=10116 GN=Ugt1a3 PE=2 SV=1
TRINITY_DN20280_c1_g1_i5.p1	sp|Q64638|UD15_RAT	41.9	167	186	531	2	168	344	506	4.23e-39	142	sp|Q64638|UD15_RAT UDP-glucuronosyltransferase 1A5 OS=Rattus norvegicus OX=10116 GN=Ugt1a5 PE=2 SV=1
TRINITY_DN20280_c1_g1_i5.p1	sp|Q64633|UD17_RAT	41.9	167	186	531	2	168	344	506	4.23e-39	142	sp|Q64633|UD17_RAT UDP-glucuronosyltransferase 1A7 OS=Rattus norvegicus OX=10116 GN=Ugt1a7 PE=2 SV=1
TRINITY_DN20280_c1_g1_i5.p1	sp|P20720|UD12_RAT	41.9	167	186	533	2	168	346	508	4.32e-39	142	sp|P20720|UD12_RAT UDP-glucuronosyltransferase 1-2 OS=Rattus norvegicus OX=10116 GN=Ugt1a2 PE=2 SV=2
TRINITY_DN20280_c1_g1_i5.p1	sp|Q64550|UD11_RAT	41.9	167	186	535	2	168	348	510	4.42e-39	142	sp|Q64550|UD11_RAT UDP-glucuronosyltransferase 1A1 OS=Rattus norvegicus OX=10116 GN=Ugt1a1 PE=1 SV=1
TRINITY_DN20280_c1_g1_i5.p1	sp|P54855|UDB15_HUMAN	42.8	145	186	530	4	148	351	495	5.80e-39	142	sp|P54855|UDB15_HUMAN UDP-glucuronosyltransferase 2B15 OS=Homo sapiens OX=9606 GN=UGT2B15 PE=1 SV=3
TRINITY_DN20280_c1_g1_i5.p1	sp|Q6K1J1|UDB31_CANLF	43.4	145	186	530	4	148	351	495	5.80e-39	142	sp|Q6K1J1|UDB31_CANLF UDP-glucuronosyltransferase 2B31 OS=Canis lupus familiaris OX=9615 GN=UGT2B31 PE=1 SV=1
TRINITY_DN20280_c1_g1_i5.p1	sp|Q9XT55|UDB19_MACFA	39.3	168	186	528	4	171	350	517	7.88e-39	142	sp|Q9XT55|UDB19_MACFA UDP-glucuronosyltransferase 2B19 OS=Macaca fascicularis OX=9541 GN=UGT2B19 PE=1 SV=1
TRINITY_DN20280_c1_g1_i5.p1	sp|Q62452|UD19_MOUSE	42.6	155	186	528	2	156	341	495	1.09e-38	141	sp|Q62452|UD19_MOUSE UDP-glucuronosyltransferase 1A9 OS=Mus musculus OX=10090 GN=Ugt1a9 PE=1 SV=3
TRINITY_DN20280_c1_g1_i5.p1	sp|O97951|UDB18_MACFA	39.1	169	186	529	4	171	350	518	1.11e-38	141	sp|O97951|UDB18_MACFA UDP-glucuronosyltransferase 2B18 OS=Macaca fascicularis OX=9541 GN=UGT2B18 PE=1 SV=1
TRINITY_DN20280_c1_g1_i5.p1	sp|Q64435|UD16_MOUSE	42.6	155	186	531	2	156	344	498	1.13e-38	141	sp|Q64435|UD16_MOUSE UDP-glucuronosyltransferase 1A6 OS=Mus musculus OX=10090 GN=Ugt1a6 PE=1 SV=1
TRINITY_DN20280_c1_g1_i5.p1	sp|Q6ZQM8|UD17_MOUSE	42.6	155	186	531	2	156	344	498	1.13e-38	141	sp|Q6ZQM8|UD17_MOUSE UDP-glucuronosyltransferase 1A7 OS=Mus musculus OX=10090 GN=Ugt1a7 PE=1 SV=1
TRINITY_DN20280_c1_g1_i5.p1	sp|P70691|UD12_MOUSE	42.6	155	186	533	2	156	346	500	1.16e-38	141	sp|P70691|UD12_MOUSE UDP-glucuronosyltransferase 1-2 OS=Mus musculus OX=10090 GN=Ugt1a2 PE=1 SV=1
TRINITY_DN20280_c1_g1_i5.p1	sp|Q8BWQ1|UD2A3_MOUSE	41.2	165	186	534	4	168	350	510	1.17e-38	141	sp|Q8BWQ1|UD2A3_MOUSE UDP-glucuronosyltransferase 2A3 OS=Mus musculus OX=10090 GN=Ugt2a3 PE=1 SV=1
TRINITY_DN20280_c1_g1_i5.p1	sp|Q63886|UD11_MOUSE	42.6	155	186	535	2	156	348	502	1.18e-38	141	sp|Q63886|UD11_MOUSE UDP-glucuronosyltransferase 1A1 OS=Mus musculus OX=10090 GN=Ugt1a1 PE=1 SV=2
TRINITY_DN20280_c1_g1_i5.p1	sp|P16662|UD2B7_HUMAN	42.1	145	186	529	4	148	350	494	1.54e-38	141	sp|P16662|UD2B7_HUMAN UDP-glucuronosyltransferase 2B7 OS=Homo sapiens OX=9606 GN=UGT2B7 PE=1 SV=2
TRINITY_DN20280_c1_g1_i5.p1	sp|P36512|UDB13_RABIT	42.8	145	186	531	4	148	352	496	2.18e-38	140	sp|P36512|UDB13_RABIT UDP-glucuronosyltransferase 2B13 OS=Oryctolagus cuniculus OX=9986 GN=UGT2B13 PE=2 SV=1
TRINITY_DN20280_c1_g1_i5.p1	sp|O02663|UD2B9_MACFA	38.5	169	186	529	4	171	350	518	2.96e-38	140	sp|O02663|UD2B9_MACFA UDP-glucuronosyltransferase 2B9 OS=Macaca fascicularis OX=9541 GN=UGT2B9 PE=2 SV=1
TRINITY_DN20280_c1_g1_i5.p1	sp|O77649|UDB20_MACFA	42.8	145	186	530	4	148	351	495	3.00e-38	140	sp|O77649|UDB20_MACFA UDP-glucuronosyltransferase 2B20 OS=Macaca fascicularis OX=9541 GN=UGT2B20 PE=1 SV=1
TRINITY_DN20280_c1_g1_i6.p1	sp|Q9GLD9|UDB33_MACMU	42.4	99	102	529	4	102	387	485	3.47e-24	98.2	sp|Q9GLD9|UDB33_MACMU UDP-glucuronosyltransferase 2B33 OS=Macaca mulatta OX=9544 GN=UGT2B33 PE=1 SV=1
TRINITY_DN20280_c1_g1_i6.p1	sp|P36537|UDB10_HUMAN	41.4	99	102	528	4	102	386	484	6.51e-24	97.4	sp|P36537|UDB10_HUMAN UDP-glucuronosyltransferase 2B10 OS=Homo sapiens OX=9606 GN=UGT2B10 PE=1 SV=1
TRINITY_DN20280_c1_g1_i6.p1	sp|Q9TSL6|UDB23_MACFA	42.4	99	102	529	4	102	387	485	6.52e-24	97.4	sp|Q9TSL6|UDB23_MACFA UDP-glucuronosyltransferase 2B23 OS=Macaca fascicularis OX=9541 GN=UGT2B23 PE=1 SV=1
TRINITY_DN20280_c1_g1_i6.p1	sp|Q9HAW8|UD110_HUMAN	42.2	102	102	530	1	102	379	480	1.23e-23	96.7	sp|Q9HAW8|UD110_HUMAN UDP-glucuronosyltransferase 1A10 OS=Homo sapiens OX=9606 GN=UGT1A10 PE=1 SV=1
TRINITY_DN20280_c1_g1_i6.p1	sp|Q9HAW7|UD17_HUMAN	42.2	102	102	530	1	102	379	480	1.23e-23	96.7	sp|Q9HAW7|UD17_HUMAN UDP-glucuronosyltransferase 1A7 OS=Homo sapiens OX=9606 GN=UGT1A7 PE=1 SV=2
TRINITY_DN20280_c1_g1_i6.p1	sp|Q9HAW9|UD18_HUMAN	42.2	102	102	530	1	102	379	480	1.23e-23	96.7	sp|Q9HAW9|UD18_HUMAN UDP-glucuronosyltransferase 1A8 OS=Homo sapiens OX=9606 GN=UGT1A8 PE=1 SV=1
TRINITY_DN20280_c1_g1_i6.p1	sp|O60656|UD19_HUMAN	42.2	102	102	530	1	102	379	480	1.23e-23	96.7	sp|O60656|UD19_HUMAN UDP-glucuronosyltransferase 1A9 OS=Homo sapiens OX=9606 GN=UGT1A9 PE=1 SV=1
TRINITY_DN20280_c1_g1_i6.p1	sp|P19224|UD16_HUMAN	42.2	102	102	532	1	102	381	482	1.23e-23	96.7	sp|P19224|UD16_HUMAN UDP-glucuronosyltransferase 1A6 OS=Homo sapiens OX=9606 GN=UGT1A6 PE=1 SV=2
TRINITY_DN20280_c1_g1_i6.p1	sp|P22309|UD11_HUMAN	42.2	102	102	533	1	102	382	483	1.24e-23	96.7	sp|P22309|UD11_HUMAN UDP-glucuronosyltransferase 1A1 OS=Homo sapiens OX=9606 GN=UGT1A1 PE=1 SV=1
TRINITY_DN20280_c1_g1_i6.p1	sp|P35503|UD13_HUMAN	42.2	102	102	534	1	102	383	484	1.24e-23	96.7	sp|P35503|UD13_HUMAN UDP-glucuronosyltransferase 1A3 OS=Homo sapiens OX=9606 GN=UGT1A3 PE=1 SV=1
TRINITY_DN20280_c1_g1_i6.p1	sp|P22310|UD14_HUMAN	42.2	102	102	534	1	102	383	484	1.24e-23	96.7	sp|P22310|UD14_HUMAN UDP-glucuronosyltransferase 1A4 OS=Homo sapiens OX=9606 GN=UGT1A4 PE=1 SV=1
TRINITY_DN20280_c1_g1_i6.p1	sp|P35504|UD15_HUMAN	42.2	102	102	534	1	102	383	484	1.24e-23	96.7	sp|P35504|UD15_HUMAN UDP-glucuronosyltransferase 1A5 OS=Homo sapiens OX=9606 GN=UGT1A5 PE=1 SV=1
TRINITY_DN20280_c1_g1_i6.p1	sp|Q62452|UD19_MOUSE	41.2	102	102	528	1	102	377	478	1.68e-23	96.3	sp|Q62452|UD19_MOUSE UDP-glucuronosyltransferase 1A9 OS=Mus musculus OX=10090 GN=Ugt1a9 PE=1 SV=3
TRINITY_DN20280_c1_g1_i6.p1	sp|P08430|UD16_RAT	41.2	102	102	529	1	102	378	479	1.68e-23	96.3	sp|P08430|UD16_RAT UDP-glucuronosyltransferase 1A6 OS=Rattus norvegicus OX=10116 GN=Ugt1a6 PE=1 SV=1
TRINITY_DN20280_c1_g1_i6.p1	sp|Q64634|UD18_RAT	41.2	102	102	530	1	102	379	480	1.68e-23	96.3	sp|Q64634|UD18_RAT UDP-glucuronosyltransferase 1A8 OS=Rattus norvegicus OX=10116 GN=Ugt1a8 PE=2 SV=1
TRINITY_DN20280_c1_g1_i6.p1	sp|Q64637|UD13_RAT	41.2	102	102	531	1	102	380	481	1.69e-23	96.3	sp|Q64637|UD13_RAT UDP-glucuronosyltransferase 1A3 OS=Rattus norvegicus OX=10116 GN=Ugt1a3 PE=2 SV=1
TRINITY_DN20280_c1_g1_i6.p1	sp|Q64638|UD15_RAT	41.2	102	102	531	1	102	380	481	1.69e-23	96.3	sp|Q64638|UD15_RAT UDP-glucuronosyltransferase 1A5 OS=Rattus norvegicus OX=10116 GN=Ugt1a5 PE=2 SV=1
TRINITY_DN20280_c1_g1_i6.p1	sp|Q64435|UD16_MOUSE	41.2	102	102	531	1	102	380	481	1.69e-23	96.3	sp|Q64435|UD16_MOUSE UDP-glucuronosyltransferase 1A6 OS=Mus musculus OX=10090 GN=Ugt1a6 PE=1 SV=1
TRINITY_DN20280_c1_g1_i6.p1	sp|Q6ZQM8|UD17_MOUSE	41.2	102	102	531	1	102	380	481	1.69e-23	96.3	sp|Q6ZQM8|UD17_MOUSE UDP-glucuronosyltransferase 1A7 OS=Mus musculus OX=10090 GN=Ugt1a7 PE=1 SV=1
TRINITY_DN20280_c1_g1_i6.p1	sp|Q64633|UD17_RAT	41.2	102	102	531	1	102	380	481	1.69e-23	96.3	sp|Q64633|UD17_RAT UDP-glucuronosyltransferase 1A7 OS=Rattus norvegicus OX=10116 GN=Ugt1a7 PE=2 SV=1
TRINITY_DN20280_c1_g1_i6.p1	sp|P70691|UD12_MOUSE	41.2	102	102	533	1	102	382	483	1.69e-23	96.3	sp|P70691|UD12_MOUSE UDP-glucuronosyltransferase 1-2 OS=Mus musculus OX=10090 GN=Ugt1a2 PE=1 SV=1
TRINITY_DN20280_c1_g1_i6.p1	sp|P20720|UD12_RAT	41.2	102	102	533	1	102	382	483	1.69e-23	96.3	sp|P20720|UD12_RAT UDP-glucuronosyltransferase 1-2 OS=Rattus norvegicus OX=10116 GN=Ugt1a2 PE=2 SV=2
TRINITY_DN20280_c1_g1_i6.p1	sp|Q63886|UD11_MOUSE	41.2	102	102	535	1	102	384	485	1.70e-23	96.3	sp|Q63886|UD11_MOUSE UDP-glucuronosyltransferase 1A1 OS=Mus musculus OX=10090 GN=Ugt1a1 PE=1 SV=2
TRINITY_DN20280_c1_g1_i6.p1	sp|Q64550|UD11_RAT	41.2	102	102	535	1	102	384	485	1.70e-23	96.3	sp|Q64550|UD11_RAT UDP-glucuronosyltransferase 1A1 OS=Rattus norvegicus OX=10116 GN=Ugt1a1 PE=1 SV=1
TRINITY_DN20280_c1_g1_i6.p1	sp|Q9XT55|UDB19_MACFA	42.4	99	102	528	4	102	387	485	2.30e-23	95.9	sp|Q9XT55|UDB19_MACFA UDP-glucuronosyltransferase 2B19 OS=Macaca fascicularis OX=9541 GN=UGT2B19 PE=1 SV=1
TRINITY_DN21024_c0_g1_i1.p1	sp|Q5EA01|B4GA1_BOVIN	32.0	325	323	415	1	311	102	414	5.09e-35	134	sp|Q5EA01|B4GA1_BOVIN Beta-1,4-glucuronyltransferase 1 OS=Bos taurus OX=9913 GN=B4GAT1 PE=2 SV=2
TRINITY_DN21024_c0_g1_i1.p1	sp|O43505|B4GA1_HUMAN	32.3	322	323	415	1	309	102	412	5.07e-34	132	sp|O43505|B4GA1_HUMAN Beta-1,4-glucuronyltransferase 1 OS=Homo sapiens OX=9606 GN=B4GAT1 PE=1 SV=1
TRINITY_DN21024_c0_g1_i1.p1	sp|Q8BWP8|B4GA1_MOUSE	32.6	322	323	415	1	309	102	412	5.07e-34	132	sp|Q8BWP8|B4GA1_MOUSE Beta-1,4-glucuronyltransferase 1 OS=Mus musculus OX=10090 GN=B4gat1 PE=1 SV=1
TRINITY_DN21024_c0_g1_i1.p1	sp|Q5R4S2|B4GA1_PONAB	32.3	322	323	415	1	309	102	412	5.07e-34	132	sp|Q5R4S2|B4GA1_PONAB Beta-1,4-glucuronyltransferase 1 OS=Pongo abelii OX=9601 GN=B4GAT1 PE=2 SV=1
TRINITY_DN21024_c0_g1_i1.p1	sp|L7YAI7|B4GA1_DANRE	28.4	320	323	431	1	309	114	428	8.99e-34	131	sp|L7YAI7|B4GA1_DANRE Beta-1,4-glucuronyltransferase 1 OS=Danio rerio OX=7955 GN=b4gat1 PE=1 SV=1
TRINITY_DN21024_c0_g1_i1.p1	sp|Q9Z1M7|LARG1_MOUSE	25.8	275	323	756	1	270	481	705	2.56e-20	95.1	sp|Q9Z1M7|LARG1_MOUSE Xylosyl- and glucuronyltransferase LARGE1 OS=Mus musculus OX=10090 GN=Large1 PE=1 SV=1
TRINITY_DN21024_c0_g1_i1.p1	sp|Q32NJ7|LRG2B_XENLA	26.2	275	323	723	1	270	448	672	6.15e-20	94.0	sp|Q32NJ7|LRG2B_XENLA Xylosyl- and glucuronyltransferase LARGE2s OS=Xenopus laevis OX=8355 GN=large2-b PE=2 SV=1
TRINITY_DN21024_c0_g1_i1.p1	sp|O95461|LARG1_HUMAN	25.8	275	323	756	1	270	481	705	6.28e-20	94.0	sp|O95461|LARG1_HUMAN Xylosyl- and glucuronyltransferase LARGE1 OS=Homo sapiens OX=9606 GN=LARGE1 PE=1 SV=1
TRINITY_DN21024_c0_g1_i1.p1	sp|Q66PG1|LARG2_DANRE	26.2	275	323	750	1	270	475	699	1.53e-19	92.8	sp|Q66PG1|LARG2_DANRE Xylosyl- and glucuronyltransferase LARGE2s OS=Danio rerio OX=7955 GN=large2 PE=2 SV=1
TRINITY_DN21024_c0_g1_i1.p1	sp|Q6PA90|LRG2A_XENLA	25.5	271	323	723	1	270	448	672	4.96e-19	91.3	sp|Q6PA90|LRG2A_XENLA Xylosyl- and glucuronyltransferase LARGE2s OS=Xenopus laevis OX=8355 GN=large2-a PE=2 SV=1
TRINITY_DN21024_c0_g1_i1.p1	sp|Q66PG3|LARG1_CHICK	25.1	275	323	756	1	270	481	705	5.06e-19	91.3	sp|Q66PG3|LARG1_CHICK Xylosyl- and glucuronyltransferase LARGE1 OS=Gallus gallus OX=9031 GN=LARGE1 PE=2 SV=1
TRINITY_DN21024_c0_g1_i1.p1	sp|Q66PG2|LARG1_DANRE	24.4	275	323	757	1	270	482	706	1.06e-16	84.3	sp|Q66PG2|LARG1_DANRE Xylosyl- and glucuronyltransferase LARGE1 OS=Danio rerio OX=7955 GN=large1 PE=2 SV=1
TRINITY_DN21024_c0_g1_i1.p1	sp|Q5XPT3|LARG2_MOUSE	26.0	277	323	690	1	270	410	635	3.32e-16	82.8	sp|Q5XPT3|LARG2_MOUSE Xylosyl- and glucuronyltransferase LARGE2 OS=Mus musculus OX=10090 GN=Large2 PE=1 SV=1
TRINITY_DN21024_c0_g1_i1.p1	sp|Q6P7A1|LARG2_RAT	25.4	276	323	690	1	270	409	635	1.46e-15	80.9	sp|Q6P7A1|LARG2_RAT Xylosyl- and glucuronyltransferase LARGE2 OS=Rattus norvegicus OX=10116 GN=Large2 PE=2 SV=1
TRINITY_DN21024_c0_g1_i1.p1	sp|Q54PG8|GNT14_DICDI	28.7	178	323	640	98	270	414	581	8.23e-15	78.6	sp|Q54PG8|GNT14_DICDI Glycosyltransferase-like protein gnt14 OS=Dictyostelium discoideum OX=44689 GN=gnt14 PE=2 SV=1
TRINITY_DN21024_c0_g1_i1.p1	sp|Q8N3Y3|LARG2_HUMAN	25.8	275	323	721	1	270	439	664	8.71e-15	78.6	sp|Q8N3Y3|LARG2_HUMAN Xylosyl- and glucuronyltransferase LARGE2 OS=Homo sapiens OX=9606 GN=LARGE2 PE=1 SV=2
TRINITY_DN21024_c0_g1_i1.p1	sp|Q66PG4|LARG2_CHICK	23.2	272	323	739	1	270	464	688	1.59e-14	77.8	sp|Q66PG4|LARG2_CHICK Xylosyl- and glucuronyltransferase LARGE2s OS=Gallus gallus OX=9031 GN=LARGE2 PE=2 SV=1
TRINITY_DN21024_c0_g1_i1.p1	sp|Q21389|LGE1_CAEEL	23.9	289	323	631	1	283	360	602	5.17e-12	70.1	sp|Q21389|LGE1_CAEEL Glycosyltransferase-like protein LARGE OS=Caenorhabditis elegans OX=6239 GN=lge-1 PE=3 SV=3
TRINITY_DN21024_c0_g1_i1.p1	sp|Q54SH2|GNT13_DICDI	27.0	126	323	635	147	270	462	577	7.19e-07	54.3	sp|Q54SH2|GNT13_DICDI Glycosyltransferase-like protein gnt13 OS=Dictyostelium discoideum OX=44689 GN=gnt13 PE=2 SV=1
TRINITY_DN21024_c0_g1_i1.p1	sp|Q555X4|GNT15_DICDI	27.2	125	323	516	147	270	339	454	2.74e-06	52.4	sp|Q555X4|GNT15_DICDI Glycosyltransferase-like protein gnt15 OS=Dictyostelium discoideum OX=44689 GN=gnt15 PE=2 SV=1
TRINITY_DN21024_c0_g1_i2.p1	sp|Q5EA01|B4GA1_BOVIN	32.2	264	265	415	1	250	102	353	9.68e-26	107	sp|Q5EA01|B4GA1_BOVIN Beta-1,4-glucuronyltransferase 1 OS=Bos taurus OX=9913 GN=B4GAT1 PE=2 SV=2
TRINITY_DN21024_c0_g1_i2.p1	sp|O43505|B4GA1_HUMAN	32.7	263	265	415	1	250	102	353	2.54e-25	106	sp|O43505|B4GA1_HUMAN Beta-1,4-glucuronyltransferase 1 OS=Homo sapiens OX=9606 GN=B4GAT1 PE=1 SV=1
TRINITY_DN21024_c0_g1_i2.p1	sp|Q5R4S2|B4GA1_PONAB	32.7	263	265	415	1	250	102	353	2.54e-25	106	sp|Q5R4S2|B4GA1_PONAB Beta-1,4-glucuronyltransferase 1 OS=Pongo abelii OX=9601 GN=B4GAT1 PE=2 SV=1
TRINITY_DN21024_c0_g1_i2.p1	sp|Q8BWP8|B4GA1_MOUSE	32.7	263	265	415	1	250	102	353	1.74e-24	104	sp|Q8BWP8|B4GA1_MOUSE Beta-1,4-glucuronyltransferase 1 OS=Mus musculus OX=10090 GN=B4gat1 PE=1 SV=1
TRINITY_DN21024_c0_g1_i2.p1	sp|L7YAI7|B4GA1_DANRE	27.2	261	265	431	1	250	114	369	2.57e-23	101	sp|L7YAI7|B4GA1_DANRE Beta-1,4-glucuronyltransferase 1 OS=Danio rerio OX=7955 GN=b4gat1 PE=1 SV=1
TRINITY_DN21024_c0_g1_i2.p1	sp|Q9Z1M7|LARG1_MOUSE	25.3	269	265	756	1	264	481	697	4.35e-18	87.0	sp|Q9Z1M7|LARG1_MOUSE Xylosyl- and glucuronyltransferase LARGE1 OS=Mus musculus OX=10090 GN=Large1 PE=1 SV=1
TRINITY_DN21024_c0_g1_i2.p1	sp|Q32NJ7|LRG2B_XENLA	25.5	255	265	723	1	250	448	652	5.79e-18	86.7	sp|Q32NJ7|LRG2B_XENLA Xylosyl- and glucuronyltransferase LARGE2s OS=Xenopus laevis OX=8355 GN=large2-b PE=2 SV=1
TRINITY_DN21024_c0_g1_i2.p1	sp|Q66PG1|LARG2_DANRE	25.5	255	265	750	1	250	475	679	5.86e-18	86.7	sp|Q66PG1|LARG2_DANRE Xylosyl- and glucuronyltransferase LARGE2s OS=Danio rerio OX=7955 GN=large2 PE=2 SV=1
TRINITY_DN21024_c0_g1_i2.p1	sp|O95461|LARG1_HUMAN	25.3	269	265	756	1	264	481	697	5.88e-18	86.7	sp|O95461|LARG1_HUMAN Xylosyl- and glucuronyltransferase LARGE1 OS=Homo sapiens OX=9606 GN=LARGE1 PE=1 SV=1
TRINITY_DN21024_c0_g1_i2.p1	sp|Q6PA90|LRG2A_XENLA	25.1	251	265	723	1	250	448	652	3.54e-17	84.3	sp|Q6PA90|LRG2A_XENLA Xylosyl- and glucuronyltransferase LARGE2s OS=Xenopus laevis OX=8355 GN=large2-a PE=2 SV=1
TRINITY_DN21024_c0_g1_i2.p1	sp|Q66PG3|LARG1_CHICK	24.5	269	265	756	1	264	481	697	8.86e-17	83.2	sp|Q66PG3|LARG1_CHICK Xylosyl- and glucuronyltransferase LARGE1 OS=Gallus gallus OX=9031 GN=LARGE1 PE=2 SV=1
TRINITY_DN21024_c0_g1_i2.p1	sp|Q66PG2|LARG1_DANRE	23.8	269	265	757	1	264	482	698	8.04e-15	77.4	sp|Q66PG2|LARG1_DANRE Xylosyl- and glucuronyltransferase LARGE1 OS=Danio rerio OX=7955 GN=large1 PE=2 SV=1
TRINITY_DN21024_c0_g1_i2.p1	sp|Q5XPT3|LARG2_MOUSE	25.1	271	265	690	1	264	410	627	1.15e-13	73.9	sp|Q5XPT3|LARG2_MOUSE Xylosyl- and glucuronyltransferase LARGE2 OS=Mus musculus OX=10090 GN=Large2 PE=1 SV=1
TRINITY_DN21024_c0_g1_i2.p1	sp|Q6P7A1|LARG2_RAT	24.4	270	265	690	1	264	409	627	5.14e-13	72.0	sp|Q6P7A1|LARG2_RAT Xylosyl- and glucuronyltransferase LARGE2 OS=Rattus norvegicus OX=10116 GN=Large2 PE=2 SV=1
TRINITY_DN21024_c0_g1_i2.p1	sp|Q66PG4|LARG2_CHICK	22.2	252	265	739	1	250	464	668	1.73e-12	70.5	sp|Q66PG4|LARG2_CHICK Xylosyl- and glucuronyltransferase LARGE2s OS=Gallus gallus OX=9031 GN=LARGE2 PE=2 SV=1
TRINITY_DN21024_c0_g1_i2.p1	sp|Q54PG8|GNT14_DICDI	28.5	158	265	640	98	250	414	561	7.31e-12	68.6	sp|Q54PG8|GNT14_DICDI Glycosyltransferase-like protein gnt14 OS=Dictyostelium discoideum OX=44689 GN=gnt14 PE=2 SV=1
TRINITY_DN21024_c0_g1_i2.p1	sp|Q8N3Y3|LARG2_HUMAN	24.7	255	265	721	1	250	439	644	7.62e-12	68.6	sp|Q8N3Y3|LARG2_HUMAN Xylosyl- and glucuronyltransferase LARGE2 OS=Homo sapiens OX=9606 GN=LARGE2 PE=1 SV=2
TRINITY_DN2328_c0_g1_i1.p1	sp|A0A291PQH4|UGT2_DACCO	30.1	495	528	515	18	512	16	499	5.05e-65	223	sp|A0A291PQH4|UGT2_DACCO UDP-glucosyltransferase 2 OS=Dactylopius coccus OX=765876 GN=UTG2 PE=1 SV=1
TRINITY_DN2328_c0_g1_i1.p1	sp|A0A291PQF1|UGT5_DACCO	29.7	526	528	526	9	512	5	510	1.08e-57	203	sp|A0A291PQF1|UGT5_DACCO UDP-glycosyltransferase UGT5 OS=Dactylopius coccus OX=765876 GN=UGT5 PE=1 SV=1
TRINITY_DN2328_c0_g1_i1.p1	sp|A0A291PQG3|UGT4_DACCO	28.1	491	528	504	26	506	27	496	1.81e-48	178	sp|A0A291PQG3|UGT4_DACCO UDP-glycosyltransferase UGT4 OS=Dactylopius coccus OX=765876 GN=UGT4 PE=1 SV=1
TRINITY_DN2328_c0_g1_i1.p1	sp|O02663|UD2B9_MACFA	31.2	417	528	529	108	513	122	515	1.63e-43	165	sp|O02663|UD2B9_MACFA UDP-glucuronosyltransferase 2B9 OS=Macaca fascicularis OX=9541 GN=UGT2B9 PE=2 SV=1
TRINITY_DN2328_c0_g1_i1.p1	sp|Q8BWQ1|UD2A3_MOUSE	27.9	559	528	534	1	526	1	533	4.59e-43	164	sp|Q8BWQ1|UD2A3_MOUSE UDP-glucuronosyltransferase 2A3 OS=Mus musculus OX=10090 GN=Ugt2a3 PE=1 SV=1
TRINITY_DN2328_c0_g1_i1.p1	sp|P09875|UD2B1_RAT	29.6	446	528	529	97	526	116	528	2.10e-42	162	sp|P09875|UD2B1_RAT UDP-glucuronosyltransferase 2B1 OS=Rattus norvegicus OX=10116 GN=Ugt2b1 PE=1 SV=1
TRINITY_DN2328_c0_g1_i1.p1	sp|P0DTE5|UD2A2_HUMAN	32.8	351	528	536	180	527	200	535	6.06e-42	160	sp|P0DTE5|UD2A2_HUMAN UDP-glucuronosyltransferase 2A2 OS=Homo sapiens OX=9606 GN=UGT2A2 PE=1 SV=1
TRINITY_DN2328_c0_g1_i1.p1	sp|O77649|UDB20_MACFA	30.9	405	528	530	133	526	146	528	7.63e-42	160	sp|O77649|UDB20_MACFA UDP-glucuronosyltransferase 2B20 OS=Macaca fascicularis OX=9541 GN=UGT2B20 PE=1 SV=1
TRINITY_DN2328_c0_g1_i1.p1	sp|O75310|UDB11_HUMAN	30.0	416	528	529	108	507	122	511	1.95e-41	159	sp|O75310|UDB11_HUMAN UDP-glucuronosyltransferase 2B11 OS=Homo sapiens OX=9606 GN=UGT2B11 PE=1 SV=1
TRINITY_DN2328_c0_g1_i1.p1	sp|P36511|UDB15_RAT	32.8	314	528	530	179	489	192	493	1.98e-41	159	sp|P36511|UDB15_RAT UDP-glucuronosyltransferase 2B15 OS=Rattus norvegicus OX=10116 GN=Ugt2b15 PE=1 SV=1
TRINITY_DN2328_c0_g1_i1.p1	sp|P36513|UDB14_RABIT	30.5	367	528	530	163	527	181	529	5.15e-41	158	sp|P36513|UDB14_RABIT UDP-glucuronosyltransferase 2B14 OS=Oryctolagus cuniculus OX=9986 GN=UGT2B14 PE=2 SV=1
TRINITY_DN2328_c0_g1_i1.p1	sp|P54855|UDB15_HUMAN	37.6	258	528	530	273	527	278	529	7.07e-41	157	sp|P54855|UDB15_HUMAN UDP-glucuronosyltransferase 2B15 OS=Homo sapiens OX=9606 GN=UGT2B15 PE=1 SV=3
TRINITY_DN2328_c0_g1_i1.p1	sp|P36514|UD2C1_RABIT	35.4	243	528	502	269	509	246	485	8.79e-41	157	sp|P36514|UD2C1_RABIT UDP-glucuronosyltransferase 2C1 (Fragment) OS=Oryctolagus cuniculus OX=9986 GN=UGT2C1 PE=2 SV=1
TRINITY_DN2328_c0_g1_i1.p1	sp|P08541|UD2B2_RAT	38.1	223	528	530	269	489	274	493	9.71e-41	157	sp|P08541|UD2B2_RAT UDP-glucuronosyltransferase 2B2 OS=Rattus norvegicus OX=10116 GN=Ugt2b PE=1 SV=1
TRINITY_DN2328_c0_g1_i1.p1	sp|O75795|UDB17_HUMAN	36.8	258	528	530	273	527	278	529	1.33e-40	157	sp|O75795|UDB17_HUMAN UDP-glucuronosyltransferase 2B17 OS=Homo sapiens OX=9606 GN=UGT2B17 PE=1 SV=1
TRINITY_DN2328_c0_g1_i1.p1	sp|P06133|UD2B4_HUMAN	30.9	405	528	528	119	504	133	508	3.36e-40	155	sp|P06133|UD2B4_HUMAN UDP-glucuronosyltransferase 2B4 OS=Homo sapiens OX=9606 GN=UGT2B4 PE=1 SV=2
TRINITY_DN2328_c0_g1_i1.p1	sp|P36512|UDB13_RABIT	31.9	313	528	531	179	489	193	494	3.50e-40	155	sp|P36512|UDB13_RABIT UDP-glucuronosyltransferase 2B13 OS=Oryctolagus cuniculus OX=9986 GN=UGT2B13 PE=2 SV=1
TRINITY_DN2328_c0_g1_i1.p1	sp|Q6PDD0|UD2A2_MOUSE	30.8	351	528	528	180	527	192	527	4.61e-40	155	sp|Q6PDD0|UD2A2_MOUSE UDP-glucuronosyltransferase 2A2 OS=Mus musculus OX=10090 GN=Ugt2a2 PE=2 SV=1
TRINITY_DN2328_c0_g1_i1.p1	sp|O97951|UDB18_MACFA	30.9	421	528	529	108	513	122	515	4.67e-40	155	sp|O97951|UDB18_MACFA UDP-glucuronosyltransferase 2B18 OS=Macaca fascicularis OX=9541 GN=UGT2B18 PE=1 SV=1
TRINITY_DN2328_c0_g1_i1.p1	sp|Q80X89|UD2A1_MOUSE	35.1	262	528	528	269	527	272	527	6.32e-40	155	sp|Q80X89|UD2A1_MOUSE UDP-glucuronosyltransferase 2A1 OS=Mus musculus OX=10090 GN=Ugt2a1 PE=2 SV=1
TRINITY_DN2328_c0_g1_i1.p1	sp|P16662|UD2B7_HUMAN	30.8	406	528	529	119	513	133	515	8.80e-40	154	sp|P16662|UD2B7_HUMAN UDP-glucuronosyltransferase 2B7 OS=Homo sapiens OX=9606 GN=UGT2B7 PE=1 SV=2
TRINITY_DN2328_c0_g1_i1.p1	sp|P36537|UDB10_HUMAN	30.5	420	528	528	105	513	118	514	2.24e-39	153	sp|P36537|UDB10_HUMAN UDP-glucuronosyltransferase 2B10 OS=Homo sapiens OX=9606 GN=UGT2B10 PE=1 SV=1
TRINITY_DN2328_c0_g1_i1.p1	sp|Q9XT55|UDB19_MACFA	28.7	520	528	528	13	504	16	508	3.07e-39	153	sp|Q9XT55|UDB19_MACFA UDP-glucuronosyltransferase 2B19 OS=Macaca fascicularis OX=9541 GN=UGT2B19 PE=1 SV=1
TRINITY_DN2328_c0_g1_i1.p1	sp|Q9BY64|UDB28_HUMAN	28.3	523	528	529	17	507	18	511	4.27e-39	152	sp|Q9BY64|UDB28_HUMAN UDP-glucuronosyltransferase 2B28 OS=Homo sapiens OX=9606 GN=UGT2B28 PE=1 SV=1
TRINITY_DN2328_c0_g1_i1.p1	sp|P36510|UD2A1_RAT	37.7	212	528	527	269	477	271	478	5.70e-39	152	sp|P36510|UD2A1_RAT UDP-glucuronosyltransferase 2A1 OS=Rattus norvegicus OX=10116 GN=Ugt2a1 PE=2 SV=1
TRINITY_DN2328_c0_g1_i2.p1	sp|A0A291PQH4|UGT2_DACCO	30.1	495	528	515	18	512	16	499	5.05e-65	223	sp|A0A291PQH4|UGT2_DACCO UDP-glucosyltransferase 2 OS=Dactylopius coccus OX=765876 GN=UTG2 PE=1 SV=1
TRINITY_DN2328_c0_g1_i2.p1	sp|A0A291PQF1|UGT5_DACCO	29.7	526	528	526	9	512	5	510	1.08e-57	203	sp|A0A291PQF1|UGT5_DACCO UDP-glycosyltransferase UGT5 OS=Dactylopius coccus OX=765876 GN=UGT5 PE=1 SV=1
TRINITY_DN2328_c0_g1_i2.p1	sp|A0A291PQG3|UGT4_DACCO	28.1	491	528	504	26	506	27	496	1.81e-48	178	sp|A0A291PQG3|UGT4_DACCO UDP-glycosyltransferase UGT4 OS=Dactylopius coccus OX=765876 GN=UGT4 PE=1 SV=1
TRINITY_DN2328_c0_g1_i2.p1	sp|O02663|UD2B9_MACFA	31.2	417	528	529	108	513	122	515	1.63e-43	165	sp|O02663|UD2B9_MACFA UDP-glucuronosyltransferase 2B9 OS=Macaca fascicularis OX=9541 GN=UGT2B9 PE=2 SV=1
TRINITY_DN2328_c0_g1_i2.p1	sp|Q8BWQ1|UD2A3_MOUSE	27.9	559	528	534	1	526	1	533	4.59e-43	164	sp|Q8BWQ1|UD2A3_MOUSE UDP-glucuronosyltransferase 2A3 OS=Mus musculus OX=10090 GN=Ugt2a3 PE=1 SV=1
TRINITY_DN2328_c0_g1_i2.p1	sp|P09875|UD2B1_RAT	29.6	446	528	529	97	526	116	528	2.10e-42	162	sp|P09875|UD2B1_RAT UDP-glucuronosyltransferase 2B1 OS=Rattus norvegicus OX=10116 GN=Ugt2b1 PE=1 SV=1
TRINITY_DN2328_c0_g1_i2.p1	sp|P0DTE5|UD2A2_HUMAN	32.8	351	528	536	180	527	200	535	6.06e-42	160	sp|P0DTE5|UD2A2_HUMAN UDP-glucuronosyltransferase 2A2 OS=Homo sapiens OX=9606 GN=UGT2A2 PE=1 SV=1
TRINITY_DN2328_c0_g1_i2.p1	sp|O77649|UDB20_MACFA	30.9	405	528	530	133	526	146	528	7.63e-42	160	sp|O77649|UDB20_MACFA UDP-glucuronosyltransferase 2B20 OS=Macaca fascicularis OX=9541 GN=UGT2B20 PE=1 SV=1
TRINITY_DN2328_c0_g1_i2.p1	sp|O75310|UDB11_HUMAN	30.0	416	528	529	108	507	122	511	1.95e-41	159	sp|O75310|UDB11_HUMAN UDP-glucuronosyltransferase 2B11 OS=Homo sapiens OX=9606 GN=UGT2B11 PE=1 SV=1
TRINITY_DN2328_c0_g1_i2.p1	sp|P36511|UDB15_RAT	32.8	314	528	530	179	489	192	493	1.98e-41	159	sp|P36511|UDB15_RAT UDP-glucuronosyltransferase 2B15 OS=Rattus norvegicus OX=10116 GN=Ugt2b15 PE=1 SV=1
TRINITY_DN2328_c0_g1_i2.p1	sp|P36513|UDB14_RABIT	30.5	367	528	530	163	527	181	529	5.15e-41	158	sp|P36513|UDB14_RABIT UDP-glucuronosyltransferase 2B14 OS=Oryctolagus cuniculus OX=9986 GN=UGT2B14 PE=2 SV=1
TRINITY_DN2328_c0_g1_i2.p1	sp|P54855|UDB15_HUMAN	37.6	258	528	530	273	527	278	529	7.07e-41	157	sp|P54855|UDB15_HUMAN UDP-glucuronosyltransferase 2B15 OS=Homo sapiens OX=9606 GN=UGT2B15 PE=1 SV=3
TRINITY_DN2328_c0_g1_i2.p1	sp|P36514|UD2C1_RABIT	35.4	243	528	502	269	509	246	485	8.79e-41	157	sp|P36514|UD2C1_RABIT UDP-glucuronosyltransferase 2C1 (Fragment) OS=Oryctolagus cuniculus OX=9986 GN=UGT2C1 PE=2 SV=1
TRINITY_DN2328_c0_g1_i2.p1	sp|P08541|UD2B2_RAT	38.1	223	528	530	269	489	274	493	9.71e-41	157	sp|P08541|UD2B2_RAT UDP-glucuronosyltransferase 2B2 OS=Rattus norvegicus OX=10116 GN=Ugt2b PE=1 SV=1
TRINITY_DN2328_c0_g1_i2.p1	sp|O75795|UDB17_HUMAN	36.8	258	528	530	273	527	278	529	1.33e-40	157	sp|O75795|UDB17_HUMAN UDP-glucuronosyltransferase 2B17 OS=Homo sapiens OX=9606 GN=UGT2B17 PE=1 SV=1
TRINITY_DN2328_c0_g1_i2.p1	sp|P06133|UD2B4_HUMAN	30.9	405	528	528	119	504	133	508	3.36e-40	155	sp|P06133|UD2B4_HUMAN UDP-glucuronosyltransferase 2B4 OS=Homo sapiens OX=9606 GN=UGT2B4 PE=1 SV=2
TRINITY_DN2328_c0_g1_i2.p1	sp|P36512|UDB13_RABIT	31.9	313	528	531	179	489	193	494	3.50e-40	155	sp|P36512|UDB13_RABIT UDP-glucuronosyltransferase 2B13 OS=Oryctolagus cuniculus OX=9986 GN=UGT2B13 PE=2 SV=1
TRINITY_DN2328_c0_g1_i2.p1	sp|Q6PDD0|UD2A2_MOUSE	30.8	351	528	528	180	527	192	527	4.61e-40	155	sp|Q6PDD0|UD2A2_MOUSE UDP-glucuronosyltransferase 2A2 OS=Mus musculus OX=10090 GN=Ugt2a2 PE=2 SV=1
TRINITY_DN2328_c0_g1_i2.p1	sp|O97951|UDB18_MACFA	30.9	421	528	529	108	513	122	515	4.67e-40	155	sp|O97951|UDB18_MACFA UDP-glucuronosyltransferase 2B18 OS=Macaca fascicularis OX=9541 GN=UGT2B18 PE=1 SV=1
TRINITY_DN2328_c0_g1_i2.p1	sp|Q80X89|UD2A1_MOUSE	35.1	262	528	528	269	527	272	527	6.32e-40	155	sp|Q80X89|UD2A1_MOUSE UDP-glucuronosyltransferase 2A1 OS=Mus musculus OX=10090 GN=Ugt2a1 PE=2 SV=1
TRINITY_DN2328_c0_g1_i2.p1	sp|P16662|UD2B7_HUMAN	30.8	406	528	529	119	513	133	515	8.80e-40	154	sp|P16662|UD2B7_HUMAN UDP-glucuronosyltransferase 2B7 OS=Homo sapiens OX=9606 GN=UGT2B7 PE=1 SV=2
TRINITY_DN2328_c0_g1_i2.p1	sp|P36537|UDB10_HUMAN	30.5	420	528	528	105	513	118	514	2.24e-39	153	sp|P36537|UDB10_HUMAN UDP-glucuronosyltransferase 2B10 OS=Homo sapiens OX=9606 GN=UGT2B10 PE=1 SV=1
TRINITY_DN2328_c0_g1_i2.p1	sp|Q9XT55|UDB19_MACFA	28.7	520	528	528	13	504	16	508	3.07e-39	153	sp|Q9XT55|UDB19_MACFA UDP-glucuronosyltransferase 2B19 OS=Macaca fascicularis OX=9541 GN=UGT2B19 PE=1 SV=1
TRINITY_DN2328_c0_g1_i2.p1	sp|Q9BY64|UDB28_HUMAN	28.3	523	528	529	17	507	18	511	4.27e-39	152	sp|Q9BY64|UDB28_HUMAN UDP-glucuronosyltransferase 2B28 OS=Homo sapiens OX=9606 GN=UGT2B28 PE=1 SV=1
TRINITY_DN2328_c0_g1_i2.p1	sp|P36510|UD2A1_RAT	37.7	212	528	527	269	477	271	478	5.70e-39	152	sp|P36510|UD2A1_RAT UDP-glucuronosyltransferase 2A1 OS=Rattus norvegicus OX=10116 GN=Ugt2a1 PE=2 SV=1
TRINITY_DN2328_c0_g1_i3.p1	sp|A0A291PQH4|UGT2_DACCO	30.1	495	528	515	18	512	16	499	5.05e-65	223	sp|A0A291PQH4|UGT2_DACCO UDP-glucosyltransferase 2 OS=Dactylopius coccus OX=765876 GN=UTG2 PE=1 SV=1
TRINITY_DN2328_c0_g1_i3.p1	sp|A0A291PQF1|UGT5_DACCO	29.7	526	528	526	9	512	5	510	1.08e-57	203	sp|A0A291PQF1|UGT5_DACCO UDP-glycosyltransferase UGT5 OS=Dactylopius coccus OX=765876 GN=UGT5 PE=1 SV=1
TRINITY_DN2328_c0_g1_i3.p1	sp|A0A291PQG3|UGT4_DACCO	28.1	491	528	504	26	506	27	496	1.81e-48	178	sp|A0A291PQG3|UGT4_DACCO UDP-glycosyltransferase UGT4 OS=Dactylopius coccus OX=765876 GN=UGT4 PE=1 SV=1
TRINITY_DN2328_c0_g1_i3.p1	sp|O02663|UD2B9_MACFA	31.2	417	528	529	108	513	122	515	1.63e-43	165	sp|O02663|UD2B9_MACFA UDP-glucuronosyltransferase 2B9 OS=Macaca fascicularis OX=9541 GN=UGT2B9 PE=2 SV=1
TRINITY_DN2328_c0_g1_i3.p1	sp|Q8BWQ1|UD2A3_MOUSE	27.9	559	528	534	1	526	1	533	4.59e-43	164	sp|Q8BWQ1|UD2A3_MOUSE UDP-glucuronosyltransferase 2A3 OS=Mus musculus OX=10090 GN=Ugt2a3 PE=1 SV=1
TRINITY_DN2328_c0_g1_i3.p1	sp|P09875|UD2B1_RAT	29.6	446	528	529	97	526	116	528	2.10e-42	162	sp|P09875|UD2B1_RAT UDP-glucuronosyltransferase 2B1 OS=Rattus norvegicus OX=10116 GN=Ugt2b1 PE=1 SV=1
TRINITY_DN2328_c0_g1_i3.p1	sp|P0DTE5|UD2A2_HUMAN	32.8	351	528	536	180	527	200	535	6.06e-42	160	sp|P0DTE5|UD2A2_HUMAN UDP-glucuronosyltransferase 2A2 OS=Homo sapiens OX=9606 GN=UGT2A2 PE=1 SV=1
TRINITY_DN2328_c0_g1_i3.p1	sp|O77649|UDB20_MACFA	30.9	405	528	530	133	526	146	528	7.63e-42	160	sp|O77649|UDB20_MACFA UDP-glucuronosyltransferase 2B20 OS=Macaca fascicularis OX=9541 GN=UGT2B20 PE=1 SV=1
TRINITY_DN2328_c0_g1_i3.p1	sp|O75310|UDB11_HUMAN	30.0	416	528	529	108	507	122	511	1.95e-41	159	sp|O75310|UDB11_HUMAN UDP-glucuronosyltransferase 2B11 OS=Homo sapiens OX=9606 GN=UGT2B11 PE=1 SV=1
TRINITY_DN2328_c0_g1_i3.p1	sp|P36511|UDB15_RAT	32.8	314	528	530	179	489	192	493	1.98e-41	159	sp|P36511|UDB15_RAT UDP-glucuronosyltransferase 2B15 OS=Rattus norvegicus OX=10116 GN=Ugt2b15 PE=1 SV=1
TRINITY_DN2328_c0_g1_i3.p1	sp|P36513|UDB14_RABIT	30.5	367	528	530	163	527	181	529	5.15e-41	158	sp|P36513|UDB14_RABIT UDP-glucuronosyltransferase 2B14 OS=Oryctolagus cuniculus OX=9986 GN=UGT2B14 PE=2 SV=1
TRINITY_DN2328_c0_g1_i3.p1	sp|P54855|UDB15_HUMAN	37.6	258	528	530	273	527	278	529	7.07e-41	157	sp|P54855|UDB15_HUMAN UDP-glucuronosyltransferase 2B15 OS=Homo sapiens OX=9606 GN=UGT2B15 PE=1 SV=3
TRINITY_DN2328_c0_g1_i3.p1	sp|P36514|UD2C1_RABIT	35.4	243	528	502	269	509	246	485	8.79e-41	157	sp|P36514|UD2C1_RABIT UDP-glucuronosyltransferase 2C1 (Fragment) OS=Oryctolagus cuniculus OX=9986 GN=UGT2C1 PE=2 SV=1
TRINITY_DN2328_c0_g1_i3.p1	sp|P08541|UD2B2_RAT	38.1	223	528	530	269	489	274	493	9.71e-41	157	sp|P08541|UD2B2_RAT UDP-glucuronosyltransferase 2B2 OS=Rattus norvegicus OX=10116 GN=Ugt2b PE=1 SV=1
TRINITY_DN2328_c0_g1_i3.p1	sp|O75795|UDB17_HUMAN	36.8	258	528	530	273	527	278	529	1.33e-40	157	sp|O75795|UDB17_HUMAN UDP-glucuronosyltransferase 2B17 OS=Homo sapiens OX=9606 GN=UGT2B17 PE=1 SV=1
TRINITY_DN2328_c0_g1_i3.p1	sp|P06133|UD2B4_HUMAN	30.9	405	528	528	119	504	133	508	3.36e-40	155	sp|P06133|UD2B4_HUMAN UDP-glucuronosyltransferase 2B4 OS=Homo sapiens OX=9606 GN=UGT2B4 PE=1 SV=2
TRINITY_DN2328_c0_g1_i3.p1	sp|P36512|UDB13_RABIT	31.9	313	528	531	179	489	193	494	3.50e-40	155	sp|P36512|UDB13_RABIT UDP-glucuronosyltransferase 2B13 OS=Oryctolagus cuniculus OX=9986 GN=UGT2B13 PE=2 SV=1
TRINITY_DN2328_c0_g1_i3.p1	sp|Q6PDD0|UD2A2_MOUSE	30.8	351	528	528	180	527	192	527	4.61e-40	155	sp|Q6PDD0|UD2A2_MOUSE UDP-glucuronosyltransferase 2A2 OS=Mus musculus OX=10090 GN=Ugt2a2 PE=2 SV=1
TRINITY_DN2328_c0_g1_i3.p1	sp|O97951|UDB18_MACFA	30.9	421	528	529	108	513	122	515	4.67e-40	155	sp|O97951|UDB18_MACFA UDP-glucuronosyltransferase 2B18 OS=Macaca fascicularis OX=9541 GN=UGT2B18 PE=1 SV=1
TRINITY_DN2328_c0_g1_i3.p1	sp|Q80X89|UD2A1_MOUSE	35.1	262	528	528	269	527	272	527	6.32e-40	155	sp|Q80X89|UD2A1_MOUSE UDP-glucuronosyltransferase 2A1 OS=Mus musculus OX=10090 GN=Ugt2a1 PE=2 SV=1
TRINITY_DN2328_c0_g1_i3.p1	sp|P16662|UD2B7_HUMAN	30.8	406	528	529	119	513	133	515	8.80e-40	154	sp|P16662|UD2B7_HUMAN UDP-glucuronosyltransferase 2B7 OS=Homo sapiens OX=9606 GN=UGT2B7 PE=1 SV=2
TRINITY_DN2328_c0_g1_i3.p1	sp|P36537|UDB10_HUMAN	30.5	420	528	528	105	513	118	514	2.24e-39	153	sp|P36537|UDB10_HUMAN UDP-glucuronosyltransferase 2B10 OS=Homo sapiens OX=9606 GN=UGT2B10 PE=1 SV=1
TRINITY_DN2328_c0_g1_i3.p1	sp|Q9XT55|UDB19_MACFA	28.7	520	528	528	13	504	16	508	3.07e-39	153	sp|Q9XT55|UDB19_MACFA UDP-glucuronosyltransferase 2B19 OS=Macaca fascicularis OX=9541 GN=UGT2B19 PE=1 SV=1
TRINITY_DN2328_c0_g1_i3.p1	sp|Q9BY64|UDB28_HUMAN	28.3	523	528	529	17	507	18	511	4.27e-39	152	sp|Q9BY64|UDB28_HUMAN UDP-glucuronosyltransferase 2B28 OS=Homo sapiens OX=9606 GN=UGT2B28 PE=1 SV=1
TRINITY_DN2328_c0_g1_i3.p1	sp|P36510|UD2A1_RAT	37.7	212	528	527	269	477	271	478	5.70e-39	152	sp|P36510|UD2A1_RAT UDP-glucuronosyltransferase 2A1 OS=Rattus norvegicus OX=10116 GN=Ugt2a1 PE=2 SV=1
TRINITY_DN2332_c0_g1_i2.p1	sp|A0A291PQH4|UGT2_DACCO	32.0	472	545	515	23	482	12	477	8.65e-76	251	sp|A0A291PQH4|UGT2_DACCO UDP-glucosyltransferase 2 OS=Dactylopius coccus OX=765876 GN=UTG2 PE=1 SV=1
TRINITY_DN2332_c0_g1_i2.p1	sp|O75795|UDB17_HUMAN	34.3	414	545	530	107	516	123	528	6.27e-70	236	sp|O75795|UDB17_HUMAN UDP-glucuronosyltransferase 2B17 OS=Homo sapiens OX=9606 GN=UGT2B17 PE=1 SV=1
TRINITY_DN2332_c0_g1_i2.p1	sp|P36514|UD2C1_RABIT	35.2	384	545	502	112	493	100	477	8.79e-70	235	sp|P36514|UD2C1_RABIT UDP-glucuronosyltransferase 2C1 (Fragment) OS=Oryctolagus cuniculus OX=9986 GN=UGT2C1 PE=2 SV=1
TRINITY_DN2332_c0_g1_i2.p1	sp|Q8BWQ1|UD2A3_MOUSE	36.4	387	545	534	112	493	127	504	1.01e-68	233	sp|Q8BWQ1|UD2A3_MOUSE UDP-glucuronosyltransferase 2A3 OS=Mus musculus OX=10090 GN=Ugt2a3 PE=1 SV=1
TRINITY_DN2332_c0_g1_i2.p1	sp|P06133|UD2B4_HUMAN	35.4	401	545	528	103	501	121	512	1.22e-68	233	sp|P06133|UD2B4_HUMAN UDP-glucuronosyltransferase 2B4 OS=Homo sapiens OX=9606 GN=UGT2B4 PE=1 SV=2
TRINITY_DN2332_c0_g1_i2.p1	sp|P36510|UD2A1_RAT	31.0	497	545	527	21	497	20	506	1.67e-68	233	sp|P36510|UD2A1_RAT UDP-glucuronosyltransferase 2A1 OS=Rattus norvegicus OX=10116 GN=Ugt2a1 PE=2 SV=1
TRINITY_DN2332_c0_g1_i2.p1	sp|Q80X89|UD2A1_MOUSE	31.4	493	545	528	11	482	10	492	1.27e-67	230	sp|Q80X89|UD2A1_MOUSE UDP-glucuronosyltransferase 2A1 OS=Mus musculus OX=10090 GN=Ugt2a1 PE=2 SV=1
TRINITY_DN2332_c0_g1_i2.p1	sp|P54855|UDB15_HUMAN	34.6	390	545	530	131	516	146	528	2.61e-67	229	sp|P54855|UDB15_HUMAN UDP-glucuronosyltransferase 2B15 OS=Homo sapiens OX=9606 GN=UGT2B15 PE=1 SV=3
TRINITY_DN2332_c0_g1_i2.p1	sp|Q16880|CGT_HUMAN	30.4	494	545	541	33	508	32	503	6.52e-67	229	sp|Q16880|CGT_HUMAN 2-hydroxyacylsphingosine 1-beta-galactosyltransferase OS=Homo sapiens OX=9606 GN=UGT8 PE=1 SV=2
TRINITY_DN2332_c0_g1_i2.p1	sp|O77649|UDB20_MACFA	35.3	394	545	530	131	516	146	528	1.39e-66	228	sp|O77649|UDB20_MACFA UDP-glucuronosyltransferase 2B20 OS=Macaca fascicularis OX=9541 GN=UGT2B20 PE=1 SV=1
TRINITY_DN2332_c0_g1_i2.p1	sp|O97951|UDB18_MACFA	35.1	388	545	529	112	497	127	508	1.89e-66	227	sp|O97951|UDB18_MACFA UDP-glucuronosyltransferase 2B18 OS=Macaca fascicularis OX=9541 GN=UGT2B18 PE=1 SV=1
TRINITY_DN2332_c0_g1_i2.p1	sp|Q6K1J1|UDB31_CANLF	35.8	366	545	530	131	492	146	504	1.94e-66	227	sp|Q6K1J1|UDB31_CANLF UDP-glucuronosyltransferase 2B31 OS=Canis lupus familiaris OX=9615 GN=UGT2B31 PE=1 SV=1
TRINITY_DN2332_c0_g1_i2.p1	sp|O02663|UD2B9_MACFA	31.2	493	545	529	21	492	21	503	2.64e-66	227	sp|O02663|UD2B9_MACFA UDP-glucuronosyltransferase 2B9 OS=Macaca fascicularis OX=9541 GN=UGT2B9 PE=2 SV=1
TRINITY_DN2332_c0_g1_i2.p1	sp|A0A291PQF1|UGT5_DACCO	33.1	414	545	526	122	533	120	523	6.73e-66	226	sp|A0A291PQF1|UGT5_DACCO UDP-glycosyltransferase UGT5 OS=Dactylopius coccus OX=765876 GN=UGT5 PE=1 SV=1
TRINITY_DN2332_c0_g1_i2.p1	sp|Q6PDD0|UD2A2_MOUSE	34.8	379	545	528	110	482	125	492	7.04e-66	226	sp|Q6PDD0|UD2A2_MOUSE UDP-glucuronosyltransferase 2A2 OS=Mus musculus OX=10090 GN=Ugt2a2 PE=2 SV=1
TRINITY_DN2332_c0_g1_i2.p1	sp|Q9XT55|UDB19_MACFA	34.2	392	545	528	112	501	127	512	7.04e-66	226	sp|Q9XT55|UDB19_MACFA UDP-glucuronosyltransferase 2B19 OS=Macaca fascicularis OX=9541 GN=UGT2B19 PE=1 SV=1
TRINITY_DN2332_c0_g1_i2.p1	sp|P16662|UD2B7_HUMAN	35.1	373	545	529	112	482	127	493	7.20e-66	226	sp|P16662|UD2B7_HUMAN UDP-glucuronosyltransferase 2B7 OS=Homo sapiens OX=9606 GN=UGT2B7 PE=1 SV=2
TRINITY_DN2332_c0_g1_i2.p1	sp|P36537|UDB10_HUMAN	33.9	401	545	528	101	498	118	508	1.37e-65	225	sp|P36537|UDB10_HUMAN UDP-glucuronosyltransferase 2B10 OS=Homo sapiens OX=9606 GN=UGT2B10 PE=1 SV=1
TRINITY_DN2332_c0_g1_i2.p1	sp|P0DTE5|UD2A2_HUMAN	35.4	378	545	536	110	482	133	500	1.64e-65	225	sp|P0DTE5|UD2A2_HUMAN UDP-glucuronosyltransferase 2A2 OS=Homo sapiens OX=9606 GN=UGT2A2 PE=1 SV=1
TRINITY_DN2332_c0_g1_i2.p1	sp|Q09426|CGT_RAT	30.0	493	545	541	33	507	32	502	3.58e-65	224	sp|Q09426|CGT_RAT 2-hydroxyacylsphingosine 1-beta-galactosyltransferase OS=Rattus norvegicus OX=10116 GN=Ugt8 PE=1 SV=1
TRINITY_DN2332_c0_g1_i2.p1	sp|Q9BY64|UDB28_HUMAN	31.8	516	545	529	4	492	3	503	3.82e-65	224	sp|Q9BY64|UDB28_HUMAN UDP-glucuronosyltransferase 2B28 OS=Homo sapiens OX=9606 GN=UGT2B28 PE=1 SV=1
TRINITY_DN2332_c0_g1_i2.p1	sp|O75310|UDB11_HUMAN	34.4	390	545	529	112	498	127	509	5.34e-65	223	sp|O75310|UDB11_HUMAN UDP-glucuronosyltransferase 2B11 OS=Homo sapiens OX=9606 GN=UGT2B11 PE=1 SV=1
TRINITY_DN2332_c0_g1_i2.p1	sp|Q64676|CGT_MOUSE	31.9	417	545	541	103	516	105	511	1.89e-64	222	sp|Q64676|CGT_MOUSE 2-hydroxyacylsphingosine 1-beta-galactosyltransferase OS=Mus musculus OX=10090 GN=Ugt8 PE=1 SV=2
TRINITY_DN2332_c0_g1_i2.p1	sp|Q9GLD9|UDB33_MACMU	30.2	494	545	529	21	497	21	508	2.03e-64	222	sp|Q9GLD9|UDB33_MACMU UDP-glucuronosyltransferase 2B33 OS=Macaca mulatta OX=9544 GN=UGT2B33 PE=1 SV=1
TRINITY_DN2332_c0_g1_i2.p1	sp|Q8WN97|UDB30_MACFA	33.9	392	545	528	112	501	127	512	5.38e-64	221	sp|Q8WN97|UDB30_MACFA UDP-glucuronosyltransferase 2B30 OS=Macaca fascicularis OX=9541 GN=UGT2B30 PE=1 SV=1
TRINITY_DN2332_c0_g1_i3.p1	sp|A0A291PQH4|UGT2_DACCO	32.0	472	545	515	23	482	12	477	8.65e-76	251	sp|A0A291PQH4|UGT2_DACCO UDP-glucosyltransferase 2 OS=Dactylopius coccus OX=765876 GN=UTG2 PE=1 SV=1
TRINITY_DN2332_c0_g1_i3.p1	sp|O75795|UDB17_HUMAN	34.3	414	545	530	107	516	123	528	6.27e-70	236	sp|O75795|UDB17_HUMAN UDP-glucuronosyltransferase 2B17 OS=Homo sapiens OX=9606 GN=UGT2B17 PE=1 SV=1
TRINITY_DN2332_c0_g1_i3.p1	sp|P36514|UD2C1_RABIT	35.2	384	545	502	112	493	100	477	8.79e-70	235	sp|P36514|UD2C1_RABIT UDP-glucuronosyltransferase 2C1 (Fragment) OS=Oryctolagus cuniculus OX=9986 GN=UGT2C1 PE=2 SV=1
TRINITY_DN2332_c0_g1_i3.p1	sp|Q8BWQ1|UD2A3_MOUSE	36.4	387	545	534	112	493	127	504	1.01e-68	233	sp|Q8BWQ1|UD2A3_MOUSE UDP-glucuronosyltransferase 2A3 OS=Mus musculus OX=10090 GN=Ugt2a3 PE=1 SV=1
TRINITY_DN2332_c0_g1_i3.p1	sp|P06133|UD2B4_HUMAN	35.4	401	545	528	103	501	121	512	1.22e-68	233	sp|P06133|UD2B4_HUMAN UDP-glucuronosyltransferase 2B4 OS=Homo sapiens OX=9606 GN=UGT2B4 PE=1 SV=2
TRINITY_DN2332_c0_g1_i3.p1	sp|P36510|UD2A1_RAT	31.0	497	545	527	21	497	20	506	1.67e-68	233	sp|P36510|UD2A1_RAT UDP-glucuronosyltransferase 2A1 OS=Rattus norvegicus OX=10116 GN=Ugt2a1 PE=2 SV=1
TRINITY_DN2332_c0_g1_i3.p1	sp|Q80X89|UD2A1_MOUSE	31.4	493	545	528	11	482	10	492	1.27e-67	230	sp|Q80X89|UD2A1_MOUSE UDP-glucuronosyltransferase 2A1 OS=Mus musculus OX=10090 GN=Ugt2a1 PE=2 SV=1
TRINITY_DN2332_c0_g1_i3.p1	sp|P54855|UDB15_HUMAN	34.6	390	545	530	131	516	146	528	2.61e-67	229	sp|P54855|UDB15_HUMAN UDP-glucuronosyltransferase 2B15 OS=Homo sapiens OX=9606 GN=UGT2B15 PE=1 SV=3
TRINITY_DN2332_c0_g1_i3.p1	sp|Q16880|CGT_HUMAN	30.4	494	545	541	33	508	32	503	6.52e-67	229	sp|Q16880|CGT_HUMAN 2-hydroxyacylsphingosine 1-beta-galactosyltransferase OS=Homo sapiens OX=9606 GN=UGT8 PE=1 SV=2
TRINITY_DN2332_c0_g1_i3.p1	sp|O77649|UDB20_MACFA	35.3	394	545	530	131	516	146	528	1.39e-66	228	sp|O77649|UDB20_MACFA UDP-glucuronosyltransferase 2B20 OS=Macaca fascicularis OX=9541 GN=UGT2B20 PE=1 SV=1
TRINITY_DN2332_c0_g1_i3.p1	sp|O97951|UDB18_MACFA	35.1	388	545	529	112	497	127	508	1.89e-66	227	sp|O97951|UDB18_MACFA UDP-glucuronosyltransferase 2B18 OS=Macaca fascicularis OX=9541 GN=UGT2B18 PE=1 SV=1
TRINITY_DN2332_c0_g1_i3.p1	sp|Q6K1J1|UDB31_CANLF	35.8	366	545	530	131	492	146	504	1.94e-66	227	sp|Q6K1J1|UDB31_CANLF UDP-glucuronosyltransferase 2B31 OS=Canis lupus familiaris OX=9615 GN=UGT2B31 PE=1 SV=1
TRINITY_DN2332_c0_g1_i3.p1	sp|O02663|UD2B9_MACFA	31.2	493	545	529	21	492	21	503	2.64e-66	227	sp|O02663|UD2B9_MACFA UDP-glucuronosyltransferase 2B9 OS=Macaca fascicularis OX=9541 GN=UGT2B9 PE=2 SV=1
TRINITY_DN2332_c0_g1_i3.p1	sp|A0A291PQF1|UGT5_DACCO	33.1	414	545	526	122	533	120	523	6.73e-66	226	sp|A0A291PQF1|UGT5_DACCO UDP-glycosyltransferase UGT5 OS=Dactylopius coccus OX=765876 GN=UGT5 PE=1 SV=1
TRINITY_DN2332_c0_g1_i3.p1	sp|Q6PDD0|UD2A2_MOUSE	34.8	379	545	528	110	482	125	492	7.04e-66	226	sp|Q6PDD0|UD2A2_MOUSE UDP-glucuronosyltransferase 2A2 OS=Mus musculus OX=10090 GN=Ugt2a2 PE=2 SV=1
TRINITY_DN2332_c0_g1_i3.p1	sp|Q9XT55|UDB19_MACFA	34.2	392	545	528	112	501	127	512	7.04e-66	226	sp|Q9XT55|UDB19_MACFA UDP-glucuronosyltransferase 2B19 OS=Macaca fascicularis OX=9541 GN=UGT2B19 PE=1 SV=1
TRINITY_DN2332_c0_g1_i3.p1	sp|P16662|UD2B7_HUMAN	35.1	373	545	529	112	482	127	493	7.20e-66	226	sp|P16662|UD2B7_HUMAN UDP-glucuronosyltransferase 2B7 OS=Homo sapiens OX=9606 GN=UGT2B7 PE=1 SV=2
TRINITY_DN2332_c0_g1_i3.p1	sp|P36537|UDB10_HUMAN	33.9	401	545	528	101	498	118	508	1.37e-65	225	sp|P36537|UDB10_HUMAN UDP-glucuronosyltransferase 2B10 OS=Homo sapiens OX=9606 GN=UGT2B10 PE=1 SV=1
TRINITY_DN2332_c0_g1_i3.p1	sp|P0DTE5|UD2A2_HUMAN	35.4	378	545	536	110	482	133	500	1.64e-65	225	sp|P0DTE5|UD2A2_HUMAN UDP-glucuronosyltransferase 2A2 OS=Homo sapiens OX=9606 GN=UGT2A2 PE=1 SV=1
TRINITY_DN2332_c0_g1_i3.p1	sp|Q09426|CGT_RAT	30.0	493	545	541	33	507	32	502	3.58e-65	224	sp|Q09426|CGT_RAT 2-hydroxyacylsphingosine 1-beta-galactosyltransferase OS=Rattus norvegicus OX=10116 GN=Ugt8 PE=1 SV=1
TRINITY_DN2332_c0_g1_i3.p1	sp|Q9BY64|UDB28_HUMAN	31.8	516	545	529	4	492	3	503	3.82e-65	224	sp|Q9BY64|UDB28_HUMAN UDP-glucuronosyltransferase 2B28 OS=Homo sapiens OX=9606 GN=UGT2B28 PE=1 SV=1
TRINITY_DN2332_c0_g1_i3.p1	sp|O75310|UDB11_HUMAN	34.4	390	545	529	112	498	127	509	5.34e-65	223	sp|O75310|UDB11_HUMAN UDP-glucuronosyltransferase 2B11 OS=Homo sapiens OX=9606 GN=UGT2B11 PE=1 SV=1
TRINITY_DN2332_c0_g1_i3.p1	sp|Q64676|CGT_MOUSE	31.9	417	545	541	103	516	105	511	1.89e-64	222	sp|Q64676|CGT_MOUSE 2-hydroxyacylsphingosine 1-beta-galactosyltransferase OS=Mus musculus OX=10090 GN=Ugt8 PE=1 SV=2
TRINITY_DN2332_c0_g1_i3.p1	sp|Q9GLD9|UDB33_MACMU	30.2	494	545	529	21	497	21	508	2.03e-64	222	sp|Q9GLD9|UDB33_MACMU UDP-glucuronosyltransferase 2B33 OS=Macaca mulatta OX=9544 GN=UGT2B33 PE=1 SV=1
TRINITY_DN2332_c0_g1_i3.p1	sp|Q8WN97|UDB30_MACFA	33.9	392	545	528	112	501	127	512	5.38e-64	221	sp|Q8WN97|UDB30_MACFA UDP-glucuronosyltransferase 2B30 OS=Macaca fascicularis OX=9541 GN=UGT2B30 PE=1 SV=1
TRINITY_DN2332_c0_g1_i4.p1	sp|A0A291PQH4|UGT2_DACCO	32.0	472	545	515	23	482	12	477	8.65e-76	251	sp|A0A291PQH4|UGT2_DACCO UDP-glucosyltransferase 2 OS=Dactylopius coccus OX=765876 GN=UTG2 PE=1 SV=1
TRINITY_DN2332_c0_g1_i4.p1	sp|O75795|UDB17_HUMAN	34.3	414	545	530	107	516	123	528	6.27e-70	236	sp|O75795|UDB17_HUMAN UDP-glucuronosyltransferase 2B17 OS=Homo sapiens OX=9606 GN=UGT2B17 PE=1 SV=1
TRINITY_DN2332_c0_g1_i4.p1	sp|P36514|UD2C1_RABIT	35.2	384	545	502	112	493	100	477	8.79e-70	235	sp|P36514|UD2C1_RABIT UDP-glucuronosyltransferase 2C1 (Fragment) OS=Oryctolagus cuniculus OX=9986 GN=UGT2C1 PE=2 SV=1
TRINITY_DN2332_c0_g1_i4.p1	sp|Q8BWQ1|UD2A3_MOUSE	36.4	387	545	534	112	493	127	504	1.01e-68	233	sp|Q8BWQ1|UD2A3_MOUSE UDP-glucuronosyltransferase 2A3 OS=Mus musculus OX=10090 GN=Ugt2a3 PE=1 SV=1
TRINITY_DN2332_c0_g1_i4.p1	sp|P06133|UD2B4_HUMAN	35.4	401	545	528	103	501	121	512	1.22e-68	233	sp|P06133|UD2B4_HUMAN UDP-glucuronosyltransferase 2B4 OS=Homo sapiens OX=9606 GN=UGT2B4 PE=1 SV=2
TRINITY_DN2332_c0_g1_i4.p1	sp|P36510|UD2A1_RAT	31.0	497	545	527	21	497	20	506	1.67e-68	233	sp|P36510|UD2A1_RAT UDP-glucuronosyltransferase 2A1 OS=Rattus norvegicus OX=10116 GN=Ugt2a1 PE=2 SV=1
TRINITY_DN2332_c0_g1_i4.p1	sp|Q80X89|UD2A1_MOUSE	31.4	493	545	528	11	482	10	492	1.27e-67	230	sp|Q80X89|UD2A1_MOUSE UDP-glucuronosyltransferase 2A1 OS=Mus musculus OX=10090 GN=Ugt2a1 PE=2 SV=1
TRINITY_DN2332_c0_g1_i4.p1	sp|P54855|UDB15_HUMAN	34.6	390	545	530	131	516	146	528	2.61e-67	229	sp|P54855|UDB15_HUMAN UDP-glucuronosyltransferase 2B15 OS=Homo sapiens OX=9606 GN=UGT2B15 PE=1 SV=3
TRINITY_DN2332_c0_g1_i4.p1	sp|Q16880|CGT_HUMAN	30.4	494	545	541	33	508	32	503	6.52e-67	229	sp|Q16880|CGT_HUMAN 2-hydroxyacylsphingosine 1-beta-galactosyltransferase OS=Homo sapiens OX=9606 GN=UGT8 PE=1 SV=2
TRINITY_DN2332_c0_g1_i4.p1	sp|O77649|UDB20_MACFA	35.3	394	545	530	131	516	146	528	1.39e-66	228	sp|O77649|UDB20_MACFA UDP-glucuronosyltransferase 2B20 OS=Macaca fascicularis OX=9541 GN=UGT2B20 PE=1 SV=1
TRINITY_DN2332_c0_g1_i4.p1	sp|O97951|UDB18_MACFA	35.1	388	545	529	112	497	127	508	1.89e-66	227	sp|O97951|UDB18_MACFA UDP-glucuronosyltransferase 2B18 OS=Macaca fascicularis OX=9541 GN=UGT2B18 PE=1 SV=1
TRINITY_DN2332_c0_g1_i4.p1	sp|Q6K1J1|UDB31_CANLF	35.8	366	545	530	131	492	146	504	1.94e-66	227	sp|Q6K1J1|UDB31_CANLF UDP-glucuronosyltransferase 2B31 OS=Canis lupus familiaris OX=9615 GN=UGT2B31 PE=1 SV=1
TRINITY_DN2332_c0_g1_i4.p1	sp|O02663|UD2B9_MACFA	31.2	493	545	529	21	492	21	503	2.64e-66	227	sp|O02663|UD2B9_MACFA UDP-glucuronosyltransferase 2B9 OS=Macaca fascicularis OX=9541 GN=UGT2B9 PE=2 SV=1
TRINITY_DN2332_c0_g1_i4.p1	sp|A0A291PQF1|UGT5_DACCO	33.1	414	545	526	122	533	120	523	6.73e-66	226	sp|A0A291PQF1|UGT5_DACCO UDP-glycosyltransferase UGT5 OS=Dactylopius coccus OX=765876 GN=UGT5 PE=1 SV=1
TRINITY_DN2332_c0_g1_i4.p1	sp|Q6PDD0|UD2A2_MOUSE	34.8	379	545	528	110	482	125	492	7.04e-66	226	sp|Q6PDD0|UD2A2_MOUSE UDP-glucuronosyltransferase 2A2 OS=Mus musculus OX=10090 GN=Ugt2a2 PE=2 SV=1
TRINITY_DN2332_c0_g1_i4.p1	sp|Q9XT55|UDB19_MACFA	34.2	392	545	528	112	501	127	512	7.04e-66	226	sp|Q9XT55|UDB19_MACFA UDP-glucuronosyltransferase 2B19 OS=Macaca fascicularis OX=9541 GN=UGT2B19 PE=1 SV=1
TRINITY_DN2332_c0_g1_i4.p1	sp|P16662|UD2B7_HUMAN	35.1	373	545	529	112	482	127	493	7.20e-66	226	sp|P16662|UD2B7_HUMAN UDP-glucuronosyltransferase 2B7 OS=Homo sapiens OX=9606 GN=UGT2B7 PE=1 SV=2
TRINITY_DN2332_c0_g1_i4.p1	sp|P36537|UDB10_HUMAN	33.9	401	545	528	101	498	118	508	1.37e-65	225	sp|P36537|UDB10_HUMAN UDP-glucuronosyltransferase 2B10 OS=Homo sapiens OX=9606 GN=UGT2B10 PE=1 SV=1
TRINITY_DN2332_c0_g1_i4.p1	sp|P0DTE5|UD2A2_HUMAN	35.4	378	545	536	110	482	133	500	1.64e-65	225	sp|P0DTE5|UD2A2_HUMAN UDP-glucuronosyltransferase 2A2 OS=Homo sapiens OX=9606 GN=UGT2A2 PE=1 SV=1
TRINITY_DN2332_c0_g1_i4.p1	sp|Q09426|CGT_RAT	30.0	493	545	541	33	507	32	502	3.58e-65	224	sp|Q09426|CGT_RAT 2-hydroxyacylsphingosine 1-beta-galactosyltransferase OS=Rattus norvegicus OX=10116 GN=Ugt8 PE=1 SV=1
TRINITY_DN2332_c0_g1_i4.p1	sp|Q9BY64|UDB28_HUMAN	31.8	516	545	529	4	492	3	503	3.82e-65	224	sp|Q9BY64|UDB28_HUMAN UDP-glucuronosyltransferase 2B28 OS=Homo sapiens OX=9606 GN=UGT2B28 PE=1 SV=1
TRINITY_DN2332_c0_g1_i4.p1	sp|O75310|UDB11_HUMAN	34.4	390	545	529	112	498	127	509	5.34e-65	223	sp|O75310|UDB11_HUMAN UDP-glucuronosyltransferase 2B11 OS=Homo sapiens OX=9606 GN=UGT2B11 PE=1 SV=1
TRINITY_DN2332_c0_g1_i4.p1	sp|Q64676|CGT_MOUSE	31.9	417	545	541	103	516	105	511	1.89e-64	222	sp|Q64676|CGT_MOUSE 2-hydroxyacylsphingosine 1-beta-galactosyltransferase OS=Mus musculus OX=10090 GN=Ugt8 PE=1 SV=2
TRINITY_DN2332_c0_g1_i4.p1	sp|Q9GLD9|UDB33_MACMU	30.2	494	545	529	21	497	21	508	2.03e-64	222	sp|Q9GLD9|UDB33_MACMU UDP-glucuronosyltransferase 2B33 OS=Macaca mulatta OX=9544 GN=UGT2B33 PE=1 SV=1
TRINITY_DN2332_c0_g1_i4.p1	sp|Q8WN97|UDB30_MACFA	33.9	392	545	528	112	501	127	512	5.38e-64	221	sp|Q8WN97|UDB30_MACFA UDP-glucuronosyltransferase 2B30 OS=Macaca fascicularis OX=9541 GN=UGT2B30 PE=1 SV=1
TRINITY_DN243_c0_g1_i5.p1	sp|A0A291PQH4|UGT2_DACCO	34.8	488	518	515	14	494	13	497	1.64e-92	294	sp|A0A291PQH4|UGT2_DACCO UDP-glucosyltransferase 2 OS=Dactylopius coccus OX=765876 GN=UTG2 PE=1 SV=1
TRINITY_DN243_c0_g1_i5.p1	sp|A0A291PQF1|UGT5_DACCO	33.1	489	518	526	13	481	7	487	1.04e-85	277	sp|A0A291PQF1|UGT5_DACCO UDP-glycosyltransferase UGT5 OS=Dactylopius coccus OX=765876 GN=UGT5 PE=1 SV=1
TRINITY_DN243_c0_g1_i5.p1	sp|A0A291PQG3|UGT4_DACCO	29.7	465	518	504	23	476	25	482	2.48e-62	215	sp|A0A291PQG3|UGT4_DACCO UDP-glycosyltransferase UGT4 OS=Dactylopius coccus OX=765876 GN=UGT4 PE=1 SV=1
TRINITY_DN243_c0_g1_i5.p1	sp|P09875|UD2B1_RAT	30.1	472	518	529	34	474	34	494	1.81e-54	194	sp|P09875|UD2B1_RAT UDP-glucuronosyltransferase 2B1 OS=Rattus norvegicus OX=10116 GN=Ugt2b1 PE=1 SV=1
TRINITY_DN243_c0_g1_i5.p1	sp|Q8BWQ1|UD2A3_MOUSE	30.3	476	518	534	34	474	34	493	2.77e-54	194	sp|Q8BWQ1|UD2A3_MOUSE UDP-glucuronosyltransferase 2A3 OS=Mus musculus OX=10090 GN=Ugt2a3 PE=1 SV=1
TRINITY_DN243_c0_g1_i5.p1	sp|Q64637|UD13_RAT	30.8	494	518	531	27	485	30	505	3.63e-54	194	sp|Q64637|UD13_RAT UDP-glucuronosyltransferase 1A3 OS=Rattus norvegicus OX=10116 GN=Ugt1a3 PE=2 SV=1
TRINITY_DN243_c0_g1_i5.p1	sp|P36512|UDB13_RABIT	32.2	395	518	531	108	484	129	505	9.74e-54	192	sp|P36512|UDB13_RABIT UDP-glucuronosyltransferase 2B13 OS=Oryctolagus cuniculus OX=9986 GN=UGT2B13 PE=2 SV=1
TRINITY_DN243_c0_g1_i5.p1	sp|O77649|UDB20_MACFA	29.6	483	518	530	34	480	34	500	1.84e-53	192	sp|O77649|UDB20_MACFA UDP-glucuronosyltransferase 2B20 OS=Macaca fascicularis OX=9541 GN=UGT2B20 PE=1 SV=1
TRINITY_DN243_c0_g1_i5.p1	sp|P36537|UDB10_HUMAN	29.0	473	518	528	43	480	42	498	2.46e-53	191	sp|P36537|UDB10_HUMAN UDP-glucuronosyltransferase 2B10 OS=Homo sapiens OX=9606 GN=UGT2B10 PE=1 SV=1
TRINITY_DN243_c0_g1_i5.p1	sp|P36513|UDB14_RABIT	29.8	484	518	530	41	492	42	514	2.56e-53	191	sp|P36513|UDB14_RABIT UDP-glucuronosyltransferase 2B14 OS=Oryctolagus cuniculus OX=9986 GN=UGT2B14 PE=2 SV=1
TRINITY_DN243_c0_g1_i5.p1	sp|P08541|UD2B2_RAT	29.9	495	518	530	34	484	34	504	4.93e-53	191	sp|P08541|UD2B2_RAT UDP-glucuronosyltransferase 2B2 OS=Rattus norvegicus OX=10116 GN=Ugt2b PE=1 SV=1
TRINITY_DN243_c0_g1_i5.p1	sp|Q9R110|UD2A3_CAVPO	29.9	485	518	530	34	480	34	500	6.85e-53	190	sp|Q9R110|UD2A3_CAVPO UDP-glucuronosyltransferase 2A3 OS=Cavia porcellus OX=10141 GN=UGT2A3 PE=2 SV=1
TRINITY_DN243_c0_g1_i5.p1	sp|Q80X89|UD2A1_MOUSE	29.5	492	518	528	27	480	25	498	6.55e-52	187	sp|Q80X89|UD2A1_MOUSE UDP-glucuronosyltransferase 2A1 OS=Mus musculus OX=10090 GN=Ugt2a1 PE=2 SV=1
TRINITY_DN243_c0_g1_i5.p1	sp|P36511|UDB15_RAT	29.4	483	518	530	34	488	34	508	6.80e-52	187	sp|P36511|UDB15_RAT UDP-glucuronosyltransferase 2B15 OS=Rattus norvegicus OX=10116 GN=Ugt2b15 PE=1 SV=1
TRINITY_DN243_c0_g1_i5.p1	sp|P0DTE5|UD2A2_HUMAN	29.8	497	518	536	13	474	21	500	1.05e-51	187	sp|P0DTE5|UD2A2_HUMAN UDP-glucuronosyltransferase 2A2 OS=Homo sapiens OX=9606 GN=UGT2A2 PE=1 SV=1
TRINITY_DN243_c0_g1_i5.p1	sp|P54855|UDB15_HUMAN	29.5	474	518	530	34	480	34	500	1.31e-51	187	sp|P54855|UDB15_HUMAN UDP-glucuronosyltransferase 2B15 OS=Homo sapiens OX=9606 GN=UGT2B15 PE=1 SV=3
TRINITY_DN243_c0_g1_i5.p1	sp|O75795|UDB17_HUMAN	28.0	483	518	530	34	480	34	500	1.31e-51	187	sp|O75795|UDB17_HUMAN UDP-glucuronosyltransferase 2B17 OS=Homo sapiens OX=9606 GN=UGT2B17 PE=1 SV=1
TRINITY_DN243_c0_g1_i5.p1	sp|Q63886|UD11_MOUSE	29.5	481	518	535	27	481	34	500	3.82e-51	186	sp|Q63886|UD11_MOUSE UDP-glucuronosyltransferase 1A1 OS=Mus musculus OX=10090 GN=Ugt1a1 PE=1 SV=2
TRINITY_DN243_c0_g1_i5.p1	sp|O97951|UDB18_MACFA	28.6	475	518	529	34	480	34	499	4.75e-51	185	sp|O97951|UDB18_MACFA UDP-glucuronosyltransferase 2B18 OS=Macaca fascicularis OX=9541 GN=UGT2B18 PE=1 SV=1
TRINITY_DN243_c0_g1_i5.p1	sp|O60656|UD19_HUMAN	30.6	474	518	530	29	481	32	495	4.84e-51	185	sp|O60656|UD19_HUMAN UDP-glucuronosyltransferase 1A9 OS=Homo sapiens OX=9606 GN=UGT1A9 PE=1 SV=1
TRINITY_DN243_c0_g1_i5.p1	sp|Q9HAW9|UD18_HUMAN	29.7	474	518	530	29	481	32	495	6.71e-51	185	sp|Q9HAW9|UD18_HUMAN UDP-glucuronosyltransferase 1A8 OS=Homo sapiens OX=9606 GN=UGT1A8 PE=1 SV=1
TRINITY_DN243_c0_g1_i5.p1	sp|P20720|UD12_RAT	29.4	500	518	533	27	485	32	507	7.08e-51	185	sp|P20720|UD12_RAT UDP-glucuronosyltransferase 1-2 OS=Rattus norvegicus OX=10116 GN=Ugt1a2 PE=2 SV=2
TRINITY_DN243_c0_g1_i5.p1	sp|O02663|UD2B9_MACFA	28.8	483	518	529	34	480	34	499	1.27e-50	184	sp|O02663|UD2B9_MACFA UDP-glucuronosyltransferase 2B9 OS=Macaca fascicularis OX=9541 GN=UGT2B9 PE=2 SV=1
TRINITY_DN243_c0_g1_i5.p1	sp|P17717|UDB17_MOUSE	29.6	476	518	530	34	474	34	494	1.29e-50	184	sp|P17717|UDB17_MOUSE UDP-glucuronosyltransferase 2B17 OS=Mus musculus OX=10090 GN=Ugt2b17 PE=1 SV=1
TRINITY_DN243_c0_g1_i5.p1	sp|Q6ZQM8|UD17_MOUSE	32.1	405	518	531	82	481	105	496	2.52e-50	183	sp|Q6ZQM8|UD17_MOUSE UDP-glucuronosyltransferase 1A7 OS=Mus musculus OX=10090 GN=Ugt1a7 PE=1 SV=1
TRINITY_DN243_c0_g1_i6.p1	sp|A0A291PQH4|UGT2_DACCO	34.8	488	518	515	14	494	13	497	1.64e-92	294	sp|A0A291PQH4|UGT2_DACCO UDP-glucosyltransferase 2 OS=Dactylopius coccus OX=765876 GN=UTG2 PE=1 SV=1
TRINITY_DN243_c0_g1_i6.p1	sp|A0A291PQF1|UGT5_DACCO	33.1	489	518	526	13	481	7	487	1.04e-85	277	sp|A0A291PQF1|UGT5_DACCO UDP-glycosyltransferase UGT5 OS=Dactylopius coccus OX=765876 GN=UGT5 PE=1 SV=1
TRINITY_DN243_c0_g1_i6.p1	sp|A0A291PQG3|UGT4_DACCO	29.7	465	518	504	23	476	25	482	2.48e-62	215	sp|A0A291PQG3|UGT4_DACCO UDP-glycosyltransferase UGT4 OS=Dactylopius coccus OX=765876 GN=UGT4 PE=1 SV=1
TRINITY_DN243_c0_g1_i6.p1	sp|P09875|UD2B1_RAT	30.1	472	518	529	34	474	34	494	1.81e-54	194	sp|P09875|UD2B1_RAT UDP-glucuronosyltransferase 2B1 OS=Rattus norvegicus OX=10116 GN=Ugt2b1 PE=1 SV=1
TRINITY_DN243_c0_g1_i6.p1	sp|Q8BWQ1|UD2A3_MOUSE	30.3	476	518	534	34	474	34	493	2.77e-54	194	sp|Q8BWQ1|UD2A3_MOUSE UDP-glucuronosyltransferase 2A3 OS=Mus musculus OX=10090 GN=Ugt2a3 PE=1 SV=1
TRINITY_DN243_c0_g1_i6.p1	sp|Q64637|UD13_RAT	30.8	494	518	531	27	485	30	505	3.63e-54	194	sp|Q64637|UD13_RAT UDP-glucuronosyltransferase 1A3 OS=Rattus norvegicus OX=10116 GN=Ugt1a3 PE=2 SV=1
TRINITY_DN243_c0_g1_i6.p1	sp|P36512|UDB13_RABIT	32.2	395	518	531	108	484	129	505	9.74e-54	192	sp|P36512|UDB13_RABIT UDP-glucuronosyltransferase 2B13 OS=Oryctolagus cuniculus OX=9986 GN=UGT2B13 PE=2 SV=1
TRINITY_DN243_c0_g1_i6.p1	sp|O77649|UDB20_MACFA	29.6	483	518	530	34	480	34	500	1.84e-53	192	sp|O77649|UDB20_MACFA UDP-glucuronosyltransferase 2B20 OS=Macaca fascicularis OX=9541 GN=UGT2B20 PE=1 SV=1
TRINITY_DN243_c0_g1_i6.p1	sp|P36537|UDB10_HUMAN	29.0	473	518	528	43	480	42	498	2.46e-53	191	sp|P36537|UDB10_HUMAN UDP-glucuronosyltransferase 2B10 OS=Homo sapiens OX=9606 GN=UGT2B10 PE=1 SV=1
TRINITY_DN243_c0_g1_i6.p1	sp|P36513|UDB14_RABIT	29.8	484	518	530	41	492	42	514	2.56e-53	191	sp|P36513|UDB14_RABIT UDP-glucuronosyltransferase 2B14 OS=Oryctolagus cuniculus OX=9986 GN=UGT2B14 PE=2 SV=1
TRINITY_DN243_c0_g1_i6.p1	sp|P08541|UD2B2_RAT	29.9	495	518	530	34	484	34	504	4.93e-53	191	sp|P08541|UD2B2_RAT UDP-glucuronosyltransferase 2B2 OS=Rattus norvegicus OX=10116 GN=Ugt2b PE=1 SV=1
TRINITY_DN243_c0_g1_i6.p1	sp|Q9R110|UD2A3_CAVPO	29.9	485	518	530	34	480	34	500	6.85e-53	190	sp|Q9R110|UD2A3_CAVPO UDP-glucuronosyltransferase 2A3 OS=Cavia porcellus OX=10141 GN=UGT2A3 PE=2 SV=1
TRINITY_DN243_c0_g1_i6.p1	sp|Q80X89|UD2A1_MOUSE	29.5	492	518	528	27	480	25	498	6.55e-52	187	sp|Q80X89|UD2A1_MOUSE UDP-glucuronosyltransferase 2A1 OS=Mus musculus OX=10090 GN=Ugt2a1 PE=2 SV=1
TRINITY_DN243_c0_g1_i6.p1	sp|P36511|UDB15_RAT	29.4	483	518	530	34	488	34	508	6.80e-52	187	sp|P36511|UDB15_RAT UDP-glucuronosyltransferase 2B15 OS=Rattus norvegicus OX=10116 GN=Ugt2b15 PE=1 SV=1
TRINITY_DN243_c0_g1_i6.p1	sp|P0DTE5|UD2A2_HUMAN	29.8	497	518	536	13	474	21	500	1.05e-51	187	sp|P0DTE5|UD2A2_HUMAN UDP-glucuronosyltransferase 2A2 OS=Homo sapiens OX=9606 GN=UGT2A2 PE=1 SV=1
TRINITY_DN243_c0_g1_i6.p1	sp|P54855|UDB15_HUMAN	29.5	474	518	530	34	480	34	500	1.31e-51	187	sp|P54855|UDB15_HUMAN UDP-glucuronosyltransferase 2B15 OS=Homo sapiens OX=9606 GN=UGT2B15 PE=1 SV=3
TRINITY_DN243_c0_g1_i6.p1	sp|O75795|UDB17_HUMAN	28.0	483	518	530	34	480	34	500	1.31e-51	187	sp|O75795|UDB17_HUMAN UDP-glucuronosyltransferase 2B17 OS=Homo sapiens OX=9606 GN=UGT2B17 PE=1 SV=1
TRINITY_DN243_c0_g1_i6.p1	sp|Q63886|UD11_MOUSE	29.5	481	518	535	27	481	34	500	3.82e-51	186	sp|Q63886|UD11_MOUSE UDP-glucuronosyltransferase 1A1 OS=Mus musculus OX=10090 GN=Ugt1a1 PE=1 SV=2
TRINITY_DN243_c0_g1_i6.p1	sp|O97951|UDB18_MACFA	28.6	475	518	529	34	480	34	499	4.75e-51	185	sp|O97951|UDB18_MACFA UDP-glucuronosyltransferase 2B18 OS=Macaca fascicularis OX=9541 GN=UGT2B18 PE=1 SV=1
TRINITY_DN243_c0_g1_i6.p1	sp|O60656|UD19_HUMAN	30.6	474	518	530	29	481	32	495	4.84e-51	185	sp|O60656|UD19_HUMAN UDP-glucuronosyltransferase 1A9 OS=Homo sapiens OX=9606 GN=UGT1A9 PE=1 SV=1
TRINITY_DN243_c0_g1_i6.p1	sp|Q9HAW9|UD18_HUMAN	29.7	474	518	530	29	481	32	495	6.71e-51	185	sp|Q9HAW9|UD18_HUMAN UDP-glucuronosyltransferase 1A8 OS=Homo sapiens OX=9606 GN=UGT1A8 PE=1 SV=1
TRINITY_DN243_c0_g1_i6.p1	sp|P20720|UD12_RAT	29.4	500	518	533	27	485	32	507	7.08e-51	185	sp|P20720|UD12_RAT UDP-glucuronosyltransferase 1-2 OS=Rattus norvegicus OX=10116 GN=Ugt1a2 PE=2 SV=2
TRINITY_DN243_c0_g1_i6.p1	sp|O02663|UD2B9_MACFA	28.8	483	518	529	34	480	34	499	1.27e-50	184	sp|O02663|UD2B9_MACFA UDP-glucuronosyltransferase 2B9 OS=Macaca fascicularis OX=9541 GN=UGT2B9 PE=2 SV=1
TRINITY_DN243_c0_g1_i6.p1	sp|P17717|UDB17_MOUSE	29.6	476	518	530	34	474	34	494	1.29e-50	184	sp|P17717|UDB17_MOUSE UDP-glucuronosyltransferase 2B17 OS=Mus musculus OX=10090 GN=Ugt2b17 PE=1 SV=1
TRINITY_DN243_c0_g1_i6.p1	sp|Q6ZQM8|UD17_MOUSE	32.1	405	518	531	82	481	105	496	2.52e-50	183	sp|Q6ZQM8|UD17_MOUSE UDP-glucuronosyltransferase 1A7 OS=Mus musculus OX=10090 GN=Ugt1a7 PE=1 SV=1
TRINITY_DN243_c0_g1_i8.p1	sp|A0A291PQH4|UGT2_DACCO	34.8	488	518	515	14	494	13	497	1.64e-92	294	sp|A0A291PQH4|UGT2_DACCO UDP-glucosyltransferase 2 OS=Dactylopius coccus OX=765876 GN=UTG2 PE=1 SV=1
TRINITY_DN243_c0_g1_i8.p1	sp|A0A291PQF1|UGT5_DACCO	33.1	489	518	526	13	481	7	487	1.04e-85	277	sp|A0A291PQF1|UGT5_DACCO UDP-glycosyltransferase UGT5 OS=Dactylopius coccus OX=765876 GN=UGT5 PE=1 SV=1
TRINITY_DN243_c0_g1_i8.p1	sp|A0A291PQG3|UGT4_DACCO	29.7	465	518	504	23	476	25	482	2.48e-62	215	sp|A0A291PQG3|UGT4_DACCO UDP-glycosyltransferase UGT4 OS=Dactylopius coccus OX=765876 GN=UGT4 PE=1 SV=1
TRINITY_DN243_c0_g1_i8.p1	sp|P09875|UD2B1_RAT	30.1	472	518	529	34	474	34	494	1.81e-54	194	sp|P09875|UD2B1_RAT UDP-glucuronosyltransferase 2B1 OS=Rattus norvegicus OX=10116 GN=Ugt2b1 PE=1 SV=1
TRINITY_DN243_c0_g1_i8.p1	sp|Q8BWQ1|UD2A3_MOUSE	30.3	476	518	534	34	474	34	493	2.77e-54	194	sp|Q8BWQ1|UD2A3_MOUSE UDP-glucuronosyltransferase 2A3 OS=Mus musculus OX=10090 GN=Ugt2a3 PE=1 SV=1
TRINITY_DN243_c0_g1_i8.p1	sp|Q64637|UD13_RAT	30.8	494	518	531	27	485	30	505	3.63e-54	194	sp|Q64637|UD13_RAT UDP-glucuronosyltransferase 1A3 OS=Rattus norvegicus OX=10116 GN=Ugt1a3 PE=2 SV=1
TRINITY_DN243_c0_g1_i8.p1	sp|P36512|UDB13_RABIT	32.2	395	518	531	108	484	129	505	9.74e-54	192	sp|P36512|UDB13_RABIT UDP-glucuronosyltransferase 2B13 OS=Oryctolagus cuniculus OX=9986 GN=UGT2B13 PE=2 SV=1
TRINITY_DN243_c0_g1_i8.p1	sp|O77649|UDB20_MACFA	29.6	483	518	530	34	480	34	500	1.84e-53	192	sp|O77649|UDB20_MACFA UDP-glucuronosyltransferase 2B20 OS=Macaca fascicularis OX=9541 GN=UGT2B20 PE=1 SV=1
TRINITY_DN243_c0_g1_i8.p1	sp|P36537|UDB10_HUMAN	29.0	473	518	528	43	480	42	498	2.46e-53	191	sp|P36537|UDB10_HUMAN UDP-glucuronosyltransferase 2B10 OS=Homo sapiens OX=9606 GN=UGT2B10 PE=1 SV=1
TRINITY_DN243_c0_g1_i8.p1	sp|P36513|UDB14_RABIT	29.8	484	518	530	41	492	42	514	2.56e-53	191	sp|P36513|UDB14_RABIT UDP-glucuronosyltransferase 2B14 OS=Oryctolagus cuniculus OX=9986 GN=UGT2B14 PE=2 SV=1
TRINITY_DN243_c0_g1_i8.p1	sp|P08541|UD2B2_RAT	29.9	495	518	530	34	484	34	504	4.93e-53	191	sp|P08541|UD2B2_RAT UDP-glucuronosyltransferase 2B2 OS=Rattus norvegicus OX=10116 GN=Ugt2b PE=1 SV=1
TRINITY_DN243_c0_g1_i8.p1	sp|Q9R110|UD2A3_CAVPO	29.9	485	518	530	34	480	34	500	6.85e-53	190	sp|Q9R110|UD2A3_CAVPO UDP-glucuronosyltransferase 2A3 OS=Cavia porcellus OX=10141 GN=UGT2A3 PE=2 SV=1
TRINITY_DN243_c0_g1_i8.p1	sp|Q80X89|UD2A1_MOUSE	29.5	492	518	528	27	480	25	498	6.55e-52	187	sp|Q80X89|UD2A1_MOUSE UDP-glucuronosyltransferase 2A1 OS=Mus musculus OX=10090 GN=Ugt2a1 PE=2 SV=1
TRINITY_DN243_c0_g1_i8.p1	sp|P36511|UDB15_RAT	29.4	483	518	530	34	488	34	508	6.80e-52	187	sp|P36511|UDB15_RAT UDP-glucuronosyltransferase 2B15 OS=Rattus norvegicus OX=10116 GN=Ugt2b15 PE=1 SV=1
TRINITY_DN243_c0_g1_i8.p1	sp|P0DTE5|UD2A2_HUMAN	29.8	497	518	536	13	474	21	500	1.05e-51	187	sp|P0DTE5|UD2A2_HUMAN UDP-glucuronosyltransferase 2A2 OS=Homo sapiens OX=9606 GN=UGT2A2 PE=1 SV=1
TRINITY_DN243_c0_g1_i8.p1	sp|P54855|UDB15_HUMAN	29.5	474	518	530	34	480	34	500	1.31e-51	187	sp|P54855|UDB15_HUMAN UDP-glucuronosyltransferase 2B15 OS=Homo sapiens OX=9606 GN=UGT2B15 PE=1 SV=3
TRINITY_DN243_c0_g1_i8.p1	sp|O75795|UDB17_HUMAN	28.0	483	518	530	34	480	34	500	1.31e-51	187	sp|O75795|UDB17_HUMAN UDP-glucuronosyltransferase 2B17 OS=Homo sapiens OX=9606 GN=UGT2B17 PE=1 SV=1
TRINITY_DN243_c0_g1_i8.p1	sp|Q63886|UD11_MOUSE	29.5	481	518	535	27	481	34	500	3.82e-51	186	sp|Q63886|UD11_MOUSE UDP-glucuronosyltransferase 1A1 OS=Mus musculus OX=10090 GN=Ugt1a1 PE=1 SV=2
TRINITY_DN243_c0_g1_i8.p1	sp|O97951|UDB18_MACFA	28.6	475	518	529	34	480	34	499	4.75e-51	185	sp|O97951|UDB18_MACFA UDP-glucuronosyltransferase 2B18 OS=Macaca fascicularis OX=9541 GN=UGT2B18 PE=1 SV=1
TRINITY_DN243_c0_g1_i8.p1	sp|O60656|UD19_HUMAN	30.6	474	518	530	29	481	32	495	4.84e-51	185	sp|O60656|UD19_HUMAN UDP-glucuronosyltransferase 1A9 OS=Homo sapiens OX=9606 GN=UGT1A9 PE=1 SV=1
TRINITY_DN243_c0_g1_i8.p1	sp|Q9HAW9|UD18_HUMAN	29.7	474	518	530	29	481	32	495	6.71e-51	185	sp|Q9HAW9|UD18_HUMAN UDP-glucuronosyltransferase 1A8 OS=Homo sapiens OX=9606 GN=UGT1A8 PE=1 SV=1
TRINITY_DN243_c0_g1_i8.p1	sp|P20720|UD12_RAT	29.4	500	518	533	27	485	32	507	7.08e-51	185	sp|P20720|UD12_RAT UDP-glucuronosyltransferase 1-2 OS=Rattus norvegicus OX=10116 GN=Ugt1a2 PE=2 SV=2
TRINITY_DN243_c0_g1_i8.p1	sp|O02663|UD2B9_MACFA	28.8	483	518	529	34	480	34	499	1.27e-50	184	sp|O02663|UD2B9_MACFA UDP-glucuronosyltransferase 2B9 OS=Macaca fascicularis OX=9541 GN=UGT2B9 PE=2 SV=1
TRINITY_DN243_c0_g1_i8.p1	sp|P17717|UDB17_MOUSE	29.6	476	518	530	34	474	34	494	1.29e-50	184	sp|P17717|UDB17_MOUSE UDP-glucuronosyltransferase 2B17 OS=Mus musculus OX=10090 GN=Ugt2b17 PE=1 SV=1
TRINITY_DN243_c0_g1_i8.p1	sp|Q6ZQM8|UD17_MOUSE	32.1	405	518	531	82	481	105	496	2.52e-50	183	sp|Q6ZQM8|UD17_MOUSE UDP-glucuronosyltransferase 1A7 OS=Mus musculus OX=10090 GN=Ugt1a7 PE=1 SV=1
TRINITY_DN28473_c0_g1_i1.p1	sp|Q24319|OST48_DROME	64.5	422	436	449	12	428	16	436	7.59e-191	540	sp|Q24319|OST48_DROME Dolichyl-diphosphooligosaccharide--protein glycosyltransferase 48 kDa subunit OS=Drosophila melanogaster OX=7227 GN=Ost48 PE=2 SV=2
TRINITY_DN28473_c0_g1_i1.p1	sp|Q5R501|OST48_PONAB	62.3	414	436	439	22	435	30	439	2.14e-178	508	sp|Q5R501|OST48_PONAB Dolichyl-diphosphooligosaccharide--protein glycosyltransferase 48 kDa subunit OS=Pongo abelii OX=9601 GN=DDOST PE=2 SV=2
TRINITY_DN28473_c0_g1_i1.p1	sp|Q641Y0|OST48_RAT	62.6	414	436	441	22	435	32	441	3.25e-178	508	sp|Q641Y0|OST48_RAT Dolichyl-diphosphooligosaccharide--protein glycosyltransferase 48 kDa subunit OS=Rattus norvegicus OX=10116 GN=Ddost PE=2 SV=1
TRINITY_DN28473_c0_g1_i1.p1	sp|P39656|OST48_HUMAN	62.3	414	436	456	22	435	47	456	3.87e-178	508	sp|P39656|OST48_HUMAN Dolichyl-diphosphooligosaccharide--protein glycosyltransferase 48 kDa subunit OS=Homo sapiens OX=9606 GN=DDOST PE=1 SV=4
TRINITY_DN28473_c0_g1_i1.p1	sp|O54734|OST48_MOUSE	62.3	414	436	441	22	435	32	441	6.54e-178	507	sp|O54734|OST48_MOUSE Dolichyl-diphosphooligosaccharide--protein glycosyltransferase 48 kDa subunit OS=Mus musculus OX=10090 GN=Ddost PE=1 SV=2
TRINITY_DN28473_c0_g1_i1.p1	sp|Q05052|OST48_CANLF	62.3	414	436	445	22	435	36	445	1.51e-177	506	sp|Q05052|OST48_CANLF Dolichyl-diphosphooligosaccharide--protein glycosyltransferase 48 kDa subunit OS=Canis lupus familiaris OX=9615 GN=DDOST PE=1 SV=1
TRINITY_DN28473_c0_g1_i1.p1	sp|A6QPY0|OST48_BOVIN	62.1	414	436	439	22	435	30	439	4.96e-177	504	sp|A6QPY0|OST48_BOVIN Dolichyl-diphosphooligosaccharide--protein glycosyltransferase 48 kDa subunit OS=Bos taurus OX=9913 GN=DDOST PE=2 SV=2
TRINITY_DN28473_c0_g1_i1.p1	sp|Q29381|OST48_PIG	62.3	414	436	439	22	435	30	439	2.01e-176	503	sp|Q29381|OST48_PIG Dolichyl-diphosphooligosaccharide--protein glycosyltransferase 48 kDa subunit OS=Sus scrofa OX=9823 GN=DDOST PE=1 SV=2
TRINITY_DN28473_c0_g1_i1.p1	sp|Q6GNR9|OST48_XENLA	60.0	418	436	438	18	435	25	438	2.10e-173	495	sp|Q6GNR9|OST48_XENLA Dolichyl-diphosphooligosaccharide--protein glycosyltransferase 48 kDa subunit OS=Xenopus laevis OX=8355 GN=ddost PE=2 SV=1
TRINITY_DN28473_c0_g1_i1.p1	sp|Q6NYS8|OST48_DANRE	61.1	419	436	441	17	435	27	441	3.31e-173	495	sp|Q6NYS8|OST48_DANRE Dolichyl-diphosphooligosaccharide--protein glycosyltransferase 48 kDa subunit OS=Danio rerio OX=7955 GN=ddost PE=2 SV=2
TRINITY_DN28473_c0_g1_i1.p1	sp|B1H3C9|OST48_XENTR	59.8	418	436	437	18	435	24	437	4.08e-173	494	sp|B1H3C9|OST48_XENTR Dolichyl-diphosphooligosaccharide--protein glycosyltransferase 48 kDa subunit OS=Xenopus tropicalis OX=8364 GN=ddost PE=2 SV=1
TRINITY_DN28473_c0_g1_i1.p1	sp|P48440|OST48_CHICK	60.6	414	436	413	22	435	4	413	2.03e-172	492	sp|P48440|OST48_CHICK Dolichyl-diphosphooligosaccharide--protein glycosyltransferase 48 kDa subunit OS=Gallus gallus OX=9031 GN=DDOST PE=1 SV=1
TRINITY_DN28473_c0_g1_i1.p1	sp|P45971|OST48_CAEEL	51.1	421	436	445	13	430	15	431	4.16e-132	390	sp|P45971|OST48_CAEEL Dolichyl-diphosphooligosaccharide--protein glycosyltransferase 48 kDa subunit OS=Caenorhabditis elegans OX=6239 GN=ostb-1 PE=3 SV=1
TRINITY_DN28473_c0_g1_i1.p1	sp|Q6ZLK0|OST48_ORYSJ	46.8	410	436	439	20	426	33	439	6.91e-124	369	sp|Q6ZLK0|OST48_ORYSJ Dolichyl-diphosphooligosaccharide--protein glycosyltransferase 48 kDa subunit OS=Oryza sativa subsp. japonica OX=39947 GN=OST48 PE=2 SV=1
TRINITY_DN28473_c0_g1_i1.p1	sp|Q944K2|OST48_ARATH	44.5	411	436	437	19	426	30	437	7.67e-120	359	sp|Q944K2|OST48_ARATH Dolichyl-diphosphooligosaccharide--protein glycosyltransferase 48 kDa subunit OS=Arabidopsis thaliana OX=3702 GN=OST48 PE=2 SV=1
TRINITY_DN28473_c0_g1_i1.p1	sp|Q54E62|OST48_DICDI	39.7	418	436	426	20	431	27	426	1.60e-93	291	sp|Q54E62|OST48_DICDI Dolichyl-diphosphooligosaccharide--protein glycosyltransferase 48 kDa subunit OS=Dictyostelium discoideum OX=44689 GN=ddost PE=3 SV=1
TRINITY_DN28473_c0_g1_i1.p1	sp|O59866|OSTB_SCHPO	30.2	444	436	437	1	430	1	428	2.87e-54	189	sp|O59866|OSTB_SCHPO Dolichyl-diphosphooligosaccharide--protein glycosyltransferase subunit wbp1 OS=Schizosaccharomyces pombe (strain 972 / ATCC 24843) OX=284812 GN=wbp1 PE=2 SV=2
TRINITY_DN3225_c0_g1_i1.p1	sp|Q3TDQ1|STT3B_MOUSE	72.0	737	760	823	23	744	64	797	0.0	1070	sp|Q3TDQ1|STT3B_MOUSE Dolichyl-diphosphooligosaccharide--protein glycosyltransferase subunit STT3B OS=Mus musculus OX=10090 GN=Stt3b PE=1 SV=2
TRINITY_DN3225_c0_g1_i1.p1	sp|Q8TCJ2|STT3B_HUMAN	71.8	737	760	826	23	744	67	800	0.0	1064	sp|Q8TCJ2|STT3B_HUMAN Dolichyl-diphosphooligosaccharide--protein glycosyltransferase subunit STT3B OS=Homo sapiens OX=9606 GN=STT3B PE=1 SV=1
TRINITY_DN3225_c0_g1_i1.p1	sp|E2RG47|STT3B_CANLF	71.6	737	760	826	23	744	67	800	0.0	1063	sp|E2RG47|STT3B_CANLF Dolichyl-diphosphooligosaccharide--protein glycosyltransferase subunit STT3B OS=Canis lupus familiaris OX=9615 GN=STT3B PE=1 SV=1
TRINITY_DN3225_c0_g1_i1.p1	sp|P46975|STT3_CAEEL	66.3	747	760	757	1	736	1	732	0.0	983	sp|P46975|STT3_CAEEL Dolichyl-diphosphooligosaccharide--protein glycosyltransferase subunit stt-3 OS=Caenorhabditis elegans OX=6239 GN=stt-3 PE=1 SV=1
TRINITY_DN3225_c0_g1_i1.p1	sp|F1PJP5|STT3A_CANLF	57.3	703	760	705	26	721	16	698	3.16e-281	793	sp|F1PJP5|STT3A_CANLF Dolichyl-diphosphooligosaccharide--protein glycosyltransferase subunit STT3A OS=Canis lupus familiaris OX=9615 GN=STT3A PE=1 SV=3
TRINITY_DN3225_c0_g1_i1.p1	sp|P46978|STT3A_MOUSE	57.3	703	760	705	26	721	16	698	3.16e-281	793	sp|P46978|STT3A_MOUSE Dolichyl-diphosphooligosaccharide--protein glycosyltransferase subunit STT3A OS=Mus musculus OX=10090 GN=Stt3a PE=1 SV=1
TRINITY_DN3225_c0_g1_i1.p1	sp|P46977|STT3A_HUMAN	57.3	703	760	705	26	721	16	698	1.81e-280	791	sp|P46977|STT3A_HUMAN Dolichyl-diphosphooligosaccharide--protein glycosyltransferase subunit STT3A OS=Homo sapiens OX=9606 GN=STT3A PE=1 SV=2
TRINITY_DN3225_c0_g1_i1.p1	sp|Q5RCE2|STT3A_PONAB	57.3	703	760	705	26	721	16	698	1.81e-280	791	sp|Q5RCE2|STT3A_PONAB Dolichyl-diphosphooligosaccharide--protein glycosyltransferase subunit STT3A OS=Pongo abelii OX=9601 GN=STT3A PE=2 SV=1
TRINITY_DN3225_c0_g1_i1.p1	sp|Q2KJI2|STT3A_BOVIN	57.3	703	760	705	26	721	16	698	2.08e-279	788	sp|Q2KJI2|STT3A_BOVIN Dolichyl-diphosphooligosaccharide--protein glycosyltransferase subunit STT3A OS=Bos taurus OX=9913 GN=STT3A PE=2 SV=1
TRINITY_DN3225_c0_g1_i1.p1	sp|Q54NM9|STT3_DICDI	55.7	699	760	714	27	721	41	711	2.17e-276	781	sp|Q54NM9|STT3_DICDI Dolichyl-diphosphooligosaccharide--protein glycosyltransferase subunit STT3 OS=Dictyostelium discoideum OX=44689 GN=stt3 PE=3 SV=1
TRINITY_DN3225_c0_g1_i1.p1	sp|O94335|STT3_SCHPO	53.0	721	760	752	15	725	11	723	9.98e-267	758	sp|O94335|STT3_SCHPO Dolichyl-diphosphooligosaccharide--protein glycosyltransferase subunit stt3 OS=Schizosaccharomyces pombe (strain 972 / ATCC 24843) OX=284812 GN=stt3 PE=3 SV=1
TRINITY_DN3225_c0_g1_i1.p1	sp|Q9FX21|STT3B_ARATH	53.8	699	760	735	27	720	40	731	5.89e-264	750	sp|Q9FX21|STT3B_ARATH Dolichyl-diphosphooligosaccharide--protein glycosyltransferase subunit STT3B OS=Arabidopsis thaliana OX=3702 GN=STT3B PE=2 SV=1
TRINITY_DN3225_c0_g1_i1.p1	sp|Q7XQ88|STT3B_ORYSJ	54.3	705	760	721	27	720	27	717	8.34e-263	746	sp|Q7XQ88|STT3B_ORYSJ Dolichyl-diphosphooligosaccharide--protein glycosyltransferase subunit STT3B OS=Oryza sativa subsp. japonica OX=39947 GN=STT3B PE=2 SV=2
TRINITY_DN3225_c0_g1_i1.p1	sp|P39007|STT3_YEAST	52.7	713	760	718	24	725	12	690	7.32e-253	721	sp|P39007|STT3_YEAST Dolichyl-diphosphooligosaccharide--protein glycosyltransferase subunit STT3 OS=Saccharomyces cerevisiae (strain ATCC 204508 / S288c) OX=559292 GN=STT3 PE=1 SV=2
TRINITY_DN3225_c0_g1_i1.p1	sp|Q93ZY3|STT3A_ARATH	47.8	760	760	779	24	744	19	771	7.56e-237	682	sp|Q93ZY3|STT3A_ARATH Dolichyl-diphosphooligosaccharide--protein glycosyltransferase subunit STT3A OS=Arabidopsis thaliana OX=3702 GN=STT3A PE=2 SV=1
TRINITY_DN3225_c0_g1_i1.p1	sp|Q6F2Z1|STT3A_ORYSJ	47.6	762	760	787	2	718	4	754	1.03e-233	675	sp|Q6F2Z1|STT3A_ORYSJ Dolichyl-diphosphooligosaccharide--protein glycosyltransferase subunit STT3A OS=Oryza sativa subsp. japonica OX=39947 GN=STT3A PE=2 SV=1
TRINITY_DN3225_c0_g1_i1.p1	sp|O29867|AGLB3_ARCFU	30.6	124	760	868	59	179	47	163	4.33e-07	57.4	sp|O29867|AGLB3_ARCFU Dolichyl-phosphooligosaccharide-protein glycotransferase 3 OS=Archaeoglobus fulgidus (strain ATCC 49558 / DSM 4304 / JCM 9628 / NBRC 100126 / VC-16) OX=224325 GN=aglB3 PE=1 SV=1
TRINITY_DN3225_c0_g1_i10.p1	sp|Q3TDQ1|STT3B_MOUSE	71.6	757	770	823	23	764	64	817	0.0	1088	sp|Q3TDQ1|STT3B_MOUSE Dolichyl-diphosphooligosaccharide--protein glycosyltransferase subunit STT3B OS=Mus musculus OX=10090 GN=Stt3b PE=1 SV=2
TRINITY_DN3225_c0_g1_i10.p1	sp|Q8TCJ2|STT3B_HUMAN	71.3	757	770	826	23	764	67	820	0.0	1082	sp|Q8TCJ2|STT3B_HUMAN Dolichyl-diphosphooligosaccharide--protein glycosyltransferase subunit STT3B OS=Homo sapiens OX=9606 GN=STT3B PE=1 SV=1
TRINITY_DN3225_c0_g1_i10.p1	sp|E2RG47|STT3B_CANLF	71.2	757	770	826	23	764	67	820	0.0	1080	sp|E2RG47|STT3B_CANLF Dolichyl-diphosphooligosaccharide--protein glycosyltransferase subunit STT3B OS=Canis lupus familiaris OX=9615 GN=STT3B PE=1 SV=1
TRINITY_DN3225_c0_g1_i10.p1	sp|P46975|STT3_CAEEL	64.9	772	770	757	1	761	1	756	0.0	986	sp|P46975|STT3_CAEEL Dolichyl-diphosphooligosaccharide--protein glycosyltransferase subunit stt-3 OS=Caenorhabditis elegans OX=6239 GN=stt-3 PE=1 SV=1
TRINITY_DN3225_c0_g1_i10.p1	sp|F1PJP5|STT3A_CANLF	57.3	703	770	705	26	721	16	698	4.54e-281	793	sp|F1PJP5|STT3A_CANLF Dolichyl-diphosphooligosaccharide--protein glycosyltransferase subunit STT3A OS=Canis lupus familiaris OX=9615 GN=STT3A PE=1 SV=3
TRINITY_DN3225_c0_g1_i10.p1	sp|P46978|STT3A_MOUSE	57.3	703	770	705	26	721	16	698	4.54e-281	793	sp|P46978|STT3A_MOUSE Dolichyl-diphosphooligosaccharide--protein glycosyltransferase subunit STT3A OS=Mus musculus OX=10090 GN=Stt3a PE=1 SV=1
TRINITY_DN3225_c0_g1_i10.p1	sp|P46977|STT3A_HUMAN	57.3	703	770	705	26	721	16	698	2.60e-280	791	sp|P46977|STT3A_HUMAN Dolichyl-diphosphooligosaccharide--protein glycosyltransferase subunit STT3A OS=Homo sapiens OX=9606 GN=STT3A PE=1 SV=2
TRINITY_DN3225_c0_g1_i10.p1	sp|Q5RCE2|STT3A_PONAB	57.3	703	770	705	26	721	16	698	2.60e-280	791	sp|Q5RCE2|STT3A_PONAB Dolichyl-diphosphooligosaccharide--protein glycosyltransferase subunit STT3A OS=Pongo abelii OX=9601 GN=STT3A PE=2 SV=1
TRINITY_DN3225_c0_g1_i10.p1	sp|Q2KJI2|STT3A_BOVIN	57.3	703	770	705	26	721	16	698	2.99e-279	788	sp|Q2KJI2|STT3A_BOVIN Dolichyl-diphosphooligosaccharide--protein glycosyltransferase subunit STT3A OS=Bos taurus OX=9913 GN=STT3A PE=2 SV=1
TRINITY_DN3225_c0_g1_i10.p1	sp|Q54NM9|STT3_DICDI	55.7	699	770	714	27	721	41	711	3.11e-276	781	sp|Q54NM9|STT3_DICDI Dolichyl-diphosphooligosaccharide--protein glycosyltransferase subunit STT3 OS=Dictyostelium discoideum OX=44689 GN=stt3 PE=3 SV=1
TRINITY_DN3225_c0_g1_i10.p1	sp|O94335|STT3_SCHPO	53.0	721	770	752	15	725	11	723	1.43e-266	758	sp|O94335|STT3_SCHPO Dolichyl-diphosphooligosaccharide--protein glycosyltransferase subunit stt3 OS=Schizosaccharomyces pombe (strain 972 / ATCC 24843) OX=284812 GN=stt3 PE=3 SV=1
TRINITY_DN3225_c0_g1_i10.p1	sp|Q9FX21|STT3B_ARATH	53.8	699	770	735	27	720	40	731	8.42e-264	750	sp|Q9FX21|STT3B_ARATH Dolichyl-diphosphooligosaccharide--protein glycosyltransferase subunit STT3B OS=Arabidopsis thaliana OX=3702 GN=STT3B PE=2 SV=1
TRINITY_DN3225_c0_g1_i10.p1	sp|Q7XQ88|STT3B_ORYSJ	54.3	705	770	721	27	720	27	717	1.19e-262	746	sp|Q7XQ88|STT3B_ORYSJ Dolichyl-diphosphooligosaccharide--protein glycosyltransferase subunit STT3B OS=Oryza sativa subsp. japonica OX=39947 GN=STT3B PE=2 SV=2
TRINITY_DN3225_c0_g1_i10.p1	sp|P39007|STT3_YEAST	52.7	713	770	718	24	725	12	690	1.04e-252	721	sp|P39007|STT3_YEAST Dolichyl-diphosphooligosaccharide--protein glycosyltransferase subunit STT3 OS=Saccharomyces cerevisiae (strain ATCC 204508 / S288c) OX=559292 GN=STT3 PE=1 SV=2
TRINITY_DN3225_c0_g1_i10.p1	sp|Q93ZY3|STT3A_ARATH	47.6	764	770	779	24	748	19	775	1.33e-237	685	sp|Q93ZY3|STT3A_ARATH Dolichyl-diphosphooligosaccharide--protein glycosyltransferase subunit STT3A OS=Arabidopsis thaliana OX=3702 GN=STT3A PE=2 SV=1
TRINITY_DN3225_c0_g1_i10.p1	sp|Q6F2Z1|STT3A_ORYSJ	46.9	799	770	787	2	755	4	784	1.03e-233	675	sp|Q6F2Z1|STT3A_ORYSJ Dolichyl-diphosphooligosaccharide--protein glycosyltransferase subunit STT3A OS=Oryza sativa subsp. japonica OX=39947 GN=STT3A PE=2 SV=1
TRINITY_DN3225_c0_g1_i10.p1	sp|O29867|AGLB3_ARCFU	30.6	124	770	868	59	179	47	163	4.41e-07	57.4	sp|O29867|AGLB3_ARCFU Dolichyl-phosphooligosaccharide-protein glycotransferase 3 OS=Archaeoglobus fulgidus (strain ATCC 49558 / DSM 4304 / JCM 9628 / NBRC 100126 / VC-16) OX=224325 GN=aglB3 PE=1 SV=1
TRINITY_DN3225_c0_g1_i11.p1	sp|Q3TDQ1|STT3B_MOUSE	72.0	737	754	823	23	744	64	797	0.0	1070	sp|Q3TDQ1|STT3B_MOUSE Dolichyl-diphosphooligosaccharide--protein glycosyltransferase subunit STT3B OS=Mus musculus OX=10090 GN=Stt3b PE=1 SV=2
TRINITY_DN3225_c0_g1_i11.p1	sp|Q8TCJ2|STT3B_HUMAN	71.8	737	754	826	23	744	67	800	0.0	1065	sp|Q8TCJ2|STT3B_HUMAN Dolichyl-diphosphooligosaccharide--protein glycosyltransferase subunit STT3B OS=Homo sapiens OX=9606 GN=STT3B PE=1 SV=1
TRINITY_DN3225_c0_g1_i11.p1	sp|E2RG47|STT3B_CANLF	71.6	737	754	826	23	744	67	800	0.0	1063	sp|E2RG47|STT3B_CANLF Dolichyl-diphosphooligosaccharide--protein glycosyltransferase subunit STT3B OS=Canis lupus familiaris OX=9615 GN=STT3B PE=1 SV=1
TRINITY_DN3225_c0_g1_i11.p1	sp|P46975|STT3_CAEEL	66.3	747	754	757	1	736	1	732	0.0	983	sp|P46975|STT3_CAEEL Dolichyl-diphosphooligosaccharide--protein glycosyltransferase subunit stt-3 OS=Caenorhabditis elegans OX=6239 GN=stt-3 PE=1 SV=1
TRINITY_DN3225_c0_g1_i11.p1	sp|F1PJP5|STT3A_CANLF	57.3	703	754	705	26	721	16	698	2.54e-281	793	sp|F1PJP5|STT3A_CANLF Dolichyl-diphosphooligosaccharide--protein glycosyltransferase subunit STT3A OS=Canis lupus familiaris OX=9615 GN=STT3A PE=1 SV=3
TRINITY_DN3225_c0_g1_i11.p1	sp|P46978|STT3A_MOUSE	57.3	703	754	705	26	721	16	698	2.54e-281	793	sp|P46978|STT3A_MOUSE Dolichyl-diphosphooligosaccharide--protein glycosyltransferase subunit STT3A OS=Mus musculus OX=10090 GN=Stt3a PE=1 SV=1
TRINITY_DN3225_c0_g1_i11.p1	sp|P46977|STT3A_HUMAN	57.3	703	754	705	26	721	16	698	1.45e-280	791	sp|P46977|STT3A_HUMAN Dolichyl-diphosphooligosaccharide--protein glycosyltransferase subunit STT3A OS=Homo sapiens OX=9606 GN=STT3A PE=1 SV=2
TRINITY_DN3225_c0_g1_i11.p1	sp|Q5RCE2|STT3A_PONAB	57.3	703	754	705	26	721	16	698	1.45e-280	791	sp|Q5RCE2|STT3A_PONAB Dolichyl-diphosphooligosaccharide--protein glycosyltransferase subunit STT3A OS=Pongo abelii OX=9601 GN=STT3A PE=2 SV=1
TRINITY_DN3225_c0_g1_i11.p1	sp|Q2KJI2|STT3A_BOVIN	57.3	703	754	705	26	721	16	698	1.67e-279	788	sp|Q2KJI2|STT3A_BOVIN Dolichyl-diphosphooligosaccharide--protein glycosyltransferase subunit STT3A OS=Bos taurus OX=9913 GN=STT3A PE=2 SV=1
TRINITY_DN3225_c0_g1_i11.p1	sp|Q54NM9|STT3_DICDI	55.7	699	754	714	27	721	41	711	1.74e-276	781	sp|Q54NM9|STT3_DICDI Dolichyl-diphosphooligosaccharide--protein glycosyltransferase subunit STT3 OS=Dictyostelium discoideum OX=44689 GN=stt3 PE=3 SV=1
TRINITY_DN3225_c0_g1_i11.p1	sp|O94335|STT3_SCHPO	53.0	721	754	752	15	725	11	723	8.04e-267	758	sp|O94335|STT3_SCHPO Dolichyl-diphosphooligosaccharide--protein glycosyltransferase subunit stt3 OS=Schizosaccharomyces pombe (strain 972 / ATCC 24843) OX=284812 GN=stt3 PE=3 SV=1
TRINITY_DN3225_c0_g1_i11.p1	sp|Q9FX21|STT3B_ARATH	53.8	699	754	735	27	720	40	731	4.75e-264	750	sp|Q9FX21|STT3B_ARATH Dolichyl-diphosphooligosaccharide--protein glycosyltransferase subunit STT3B OS=Arabidopsis thaliana OX=3702 GN=STT3B PE=2 SV=1
TRINITY_DN3225_c0_g1_i11.p1	sp|Q7XQ88|STT3B_ORYSJ	54.3	705	754	721	27	720	27	717	6.73e-263	746	sp|Q7XQ88|STT3B_ORYSJ Dolichyl-diphosphooligosaccharide--protein glycosyltransferase subunit STT3B OS=Oryza sativa subsp. japonica OX=39947 GN=STT3B PE=2 SV=2
TRINITY_DN3225_c0_g1_i11.p1	sp|P39007|STT3_YEAST	52.7	713	754	718	24	725	12	690	5.91e-253	721	sp|P39007|STT3_YEAST Dolichyl-diphosphooligosaccharide--protein glycosyltransferase subunit STT3 OS=Saccharomyces cerevisiae (strain ATCC 204508 / S288c) OX=559292 GN=STT3 PE=1 SV=2
TRINITY_DN3225_c0_g1_i11.p1	sp|Q93ZY3|STT3A_ARATH	47.8	762	754	779	24	746	19	773	2.16e-237	684	sp|Q93ZY3|STT3A_ARATH Dolichyl-diphosphooligosaccharide--protein glycosyltransferase subunit STT3A OS=Arabidopsis thaliana OX=3702 GN=STT3A PE=2 SV=1
TRINITY_DN3225_c0_g1_i11.p1	sp|Q6F2Z1|STT3A_ORYSJ	47.6	762	754	787	2	718	4	754	8.37e-234	675	sp|Q6F2Z1|STT3A_ORYSJ Dolichyl-diphosphooligosaccharide--protein glycosyltransferase subunit STT3A OS=Oryza sativa subsp. japonica OX=39947 GN=STT3A PE=2 SV=1
TRINITY_DN3225_c0_g1_i11.p1	sp|O29867|AGLB3_ARCFU	30.6	124	754	868	59	179	47	163	4.28e-07	57.4	sp|O29867|AGLB3_ARCFU Dolichyl-phosphooligosaccharide-protein glycotransferase 3 OS=Archaeoglobus fulgidus (strain ATCC 49558 / DSM 4304 / JCM 9628 / NBRC 100126 / VC-16) OX=224325 GN=aglB3 PE=1 SV=1
TRINITY_DN3225_c0_g1_i12.p1	sp|Q3TDQ1|STT3B_MOUSE	72.0	737	749	823	23	744	64	797	0.0	1070	sp|Q3TDQ1|STT3B_MOUSE Dolichyl-diphosphooligosaccharide--protein glycosyltransferase subunit STT3B OS=Mus musculus OX=10090 GN=Stt3b PE=1 SV=2
TRINITY_DN3225_c0_g1_i12.p1	sp|Q8TCJ2|STT3B_HUMAN	71.8	737	749	826	23	744	67	800	0.0	1064	sp|Q8TCJ2|STT3B_HUMAN Dolichyl-diphosphooligosaccharide--protein glycosyltransferase subunit STT3B OS=Homo sapiens OX=9606 GN=STT3B PE=1 SV=1
TRINITY_DN3225_c0_g1_i12.p1	sp|E2RG47|STT3B_CANLF	71.6	737	749	826	23	744	67	800	0.0	1062	sp|E2RG47|STT3B_CANLF Dolichyl-diphosphooligosaccharide--protein glycosyltransferase subunit STT3B OS=Canis lupus familiaris OX=9615 GN=STT3B PE=1 SV=1
TRINITY_DN3225_c0_g1_i12.p1	sp|P46975|STT3_CAEEL	66.3	747	749	757	1	736	1	732	0.0	983	sp|P46975|STT3_CAEEL Dolichyl-diphosphooligosaccharide--protein glycosyltransferase subunit stt-3 OS=Caenorhabditis elegans OX=6239 GN=stt-3 PE=1 SV=1
TRINITY_DN3225_c0_g1_i12.p1	sp|F1PJP5|STT3A_CANLF	57.3	703	749	705	26	721	16	698	2.12e-281	793	sp|F1PJP5|STT3A_CANLF Dolichyl-diphosphooligosaccharide--protein glycosyltransferase subunit STT3A OS=Canis lupus familiaris OX=9615 GN=STT3A PE=1 SV=3
TRINITY_DN3225_c0_g1_i12.p1	sp|P46978|STT3A_MOUSE	57.3	703	749	705	26	721	16	698	2.12e-281	793	sp|P46978|STT3A_MOUSE Dolichyl-diphosphooligosaccharide--protein glycosyltransferase subunit STT3A OS=Mus musculus OX=10090 GN=Stt3a PE=1 SV=1
TRINITY_DN3225_c0_g1_i12.p1	sp|P46977|STT3A_HUMAN	57.3	703	749	705	26	721	16	698	1.21e-280	791	sp|P46977|STT3A_HUMAN Dolichyl-diphosphooligosaccharide--protein glycosyltransferase subunit STT3A OS=Homo sapiens OX=9606 GN=STT3A PE=1 SV=2
TRINITY_DN3225_c0_g1_i12.p1	sp|Q5RCE2|STT3A_PONAB	57.3	703	749	705	26	721	16	698	1.21e-280	791	sp|Q5RCE2|STT3A_PONAB Dolichyl-diphosphooligosaccharide--protein glycosyltransferase subunit STT3A OS=Pongo abelii OX=9601 GN=STT3A PE=2 SV=1
TRINITY_DN3225_c0_g1_i12.p1	sp|Q2KJI2|STT3A_BOVIN	57.3	703	749	705	26	721	16	698	1.40e-279	788	sp|Q2KJI2|STT3A_BOVIN Dolichyl-diphosphooligosaccharide--protein glycosyltransferase subunit STT3A OS=Bos taurus OX=9913 GN=STT3A PE=2 SV=1
TRINITY_DN3225_c0_g1_i12.p1	sp|Q54NM9|STT3_DICDI	55.7	699	749	714	27	721	41	711	1.45e-276	781	sp|Q54NM9|STT3_DICDI Dolichyl-diphosphooligosaccharide--protein glycosyltransferase subunit STT3 OS=Dictyostelium discoideum OX=44689 GN=stt3 PE=3 SV=1
TRINITY_DN3225_c0_g1_i12.p1	sp|O94335|STT3_SCHPO	53.0	721	749	752	15	725	11	723	6.72e-267	758	sp|O94335|STT3_SCHPO Dolichyl-diphosphooligosaccharide--protein glycosyltransferase subunit stt3 OS=Schizosaccharomyces pombe (strain 972 / ATCC 24843) OX=284812 GN=stt3 PE=3 SV=1
TRINITY_DN3225_c0_g1_i12.p1	sp|Q9FX21|STT3B_ARATH	53.8	699	749	735	27	720	40	731	3.97e-264	750	sp|Q9FX21|STT3B_ARATH Dolichyl-diphosphooligosaccharide--protein glycosyltransferase subunit STT3B OS=Arabidopsis thaliana OX=3702 GN=STT3B PE=2 SV=1
TRINITY_DN3225_c0_g1_i12.p1	sp|Q7XQ88|STT3B_ORYSJ	54.3	705	749	721	27	720	27	717	5.63e-263	746	sp|Q7XQ88|STT3B_ORYSJ Dolichyl-diphosphooligosaccharide--protein glycosyltransferase subunit STT3B OS=Oryza sativa subsp. japonica OX=39947 GN=STT3B PE=2 SV=2
TRINITY_DN3225_c0_g1_i12.p1	sp|P39007|STT3_YEAST	52.7	713	749	718	24	725	12	690	4.95e-253	721	sp|P39007|STT3_YEAST Dolichyl-diphosphooligosaccharide--protein glycosyltransferase subunit STT3 OS=Saccharomyces cerevisiae (strain ATCC 204508 / S288c) OX=559292 GN=STT3 PE=1 SV=2
TRINITY_DN3225_c0_g1_i12.p1	sp|Q93ZY3|STT3A_ARATH	47.8	760	749	779	24	744	19	771	7.29e-237	682	sp|Q93ZY3|STT3A_ARATH Dolichyl-diphosphooligosaccharide--protein glycosyltransferase subunit STT3A OS=Arabidopsis thaliana OX=3702 GN=STT3A PE=2 SV=1
TRINITY_DN3225_c0_g1_i12.p1	sp|Q6F2Z1|STT3A_ORYSJ	47.6	762	749	787	2	718	4	754	7.03e-234	675	sp|Q6F2Z1|STT3A_ORYSJ Dolichyl-diphosphooligosaccharide--protein glycosyltransferase subunit STT3A OS=Oryza sativa subsp. japonica OX=39947 GN=STT3A PE=2 SV=1
TRINITY_DN3225_c0_g1_i12.p1	sp|O29867|AGLB3_ARCFU	30.6	124	749	868	59	179	47	163	4.24e-07	57.4	sp|O29867|AGLB3_ARCFU Dolichyl-phosphooligosaccharide-protein glycotransferase 3 OS=Archaeoglobus fulgidus (strain ATCC 49558 / DSM 4304 / JCM 9628 / NBRC 100126 / VC-16) OX=224325 GN=aglB3 PE=1 SV=1
TRINITY_DN3225_c0_g1_i13.p1	sp|Q3TDQ1|STT3B_MOUSE	72.0	737	754	823	23	744	64	797	0.0	1070	sp|Q3TDQ1|STT3B_MOUSE Dolichyl-diphosphooligosaccharide--protein glycosyltransferase subunit STT3B OS=Mus musculus OX=10090 GN=Stt3b PE=1 SV=2
TRINITY_DN3225_c0_g1_i13.p1	sp|Q8TCJ2|STT3B_HUMAN	71.8	737	754	826	23	744	67	800	0.0	1065	sp|Q8TCJ2|STT3B_HUMAN Dolichyl-diphosphooligosaccharide--protein glycosyltransferase subunit STT3B OS=Homo sapiens OX=9606 GN=STT3B PE=1 SV=1
TRINITY_DN3225_c0_g1_i13.p1	sp|E2RG47|STT3B_CANLF	71.6	737	754	826	23	744	67	800	0.0	1063	sp|E2RG47|STT3B_CANLF Dolichyl-diphosphooligosaccharide--protein glycosyltransferase subunit STT3B OS=Canis lupus familiaris OX=9615 GN=STT3B PE=1 SV=1
TRINITY_DN3225_c0_g1_i13.p1	sp|P46975|STT3_CAEEL	66.3	747	754	757	1	736	1	732	0.0	983	sp|P46975|STT3_CAEEL Dolichyl-diphosphooligosaccharide--protein glycosyltransferase subunit stt-3 OS=Caenorhabditis elegans OX=6239 GN=stt-3 PE=1 SV=1
TRINITY_DN3225_c0_g1_i13.p1	sp|F1PJP5|STT3A_CANLF	57.3	703	754	705	26	721	16	698	2.54e-281	793	sp|F1PJP5|STT3A_CANLF Dolichyl-diphosphooligosaccharide--protein glycosyltransferase subunit STT3A OS=Canis lupus familiaris OX=9615 GN=STT3A PE=1 SV=3
TRINITY_DN3225_c0_g1_i13.p1	sp|P46978|STT3A_MOUSE	57.3	703	754	705	26	721	16	698	2.54e-281	793	sp|P46978|STT3A_MOUSE Dolichyl-diphosphooligosaccharide--protein glycosyltransferase subunit STT3A OS=Mus musculus OX=10090 GN=Stt3a PE=1 SV=1
TRINITY_DN3225_c0_g1_i13.p1	sp|P46977|STT3A_HUMAN	57.3	703	754	705	26	721	16	698	1.45e-280	791	sp|P46977|STT3A_HUMAN Dolichyl-diphosphooligosaccharide--protein glycosyltransferase subunit STT3A OS=Homo sapiens OX=9606 GN=STT3A PE=1 SV=2
TRINITY_DN3225_c0_g1_i13.p1	sp|Q5RCE2|STT3A_PONAB	57.3	703	754	705	26	721	16	698	1.45e-280	791	sp|Q5RCE2|STT3A_PONAB Dolichyl-diphosphooligosaccharide--protein glycosyltransferase subunit STT3A OS=Pongo abelii OX=9601 GN=STT3A PE=2 SV=1
TRINITY_DN3225_c0_g1_i13.p1	sp|Q2KJI2|STT3A_BOVIN	57.3	703	754	705	26	721	16	698	1.67e-279	788	sp|Q2KJI2|STT3A_BOVIN Dolichyl-diphosphooligosaccharide--protein glycosyltransferase subunit STT3A OS=Bos taurus OX=9913 GN=STT3A PE=2 SV=1
TRINITY_DN3225_c0_g1_i13.p1	sp|Q54NM9|STT3_DICDI	55.7	699	754	714	27	721	41	711	1.74e-276	781	sp|Q54NM9|STT3_DICDI Dolichyl-diphosphooligosaccharide--protein glycosyltransferase subunit STT3 OS=Dictyostelium discoideum OX=44689 GN=stt3 PE=3 SV=1
TRINITY_DN3225_c0_g1_i13.p1	sp|O94335|STT3_SCHPO	53.0	721	754	752	15	725	11	723	8.04e-267	758	sp|O94335|STT3_SCHPO Dolichyl-diphosphooligosaccharide--protein glycosyltransferase subunit stt3 OS=Schizosaccharomyces pombe (strain 972 / ATCC 24843) OX=284812 GN=stt3 PE=3 SV=1
TRINITY_DN3225_c0_g1_i13.p1	sp|Q9FX21|STT3B_ARATH	53.8	699	754	735	27	720	40	731	4.75e-264	750	sp|Q9FX21|STT3B_ARATH Dolichyl-diphosphooligosaccharide--protein glycosyltransferase subunit STT3B OS=Arabidopsis thaliana OX=3702 GN=STT3B PE=2 SV=1
TRINITY_DN3225_c0_g1_i13.p1	sp|Q7XQ88|STT3B_ORYSJ	54.3	705	754	721	27	720	27	717	6.73e-263	746	sp|Q7XQ88|STT3B_ORYSJ Dolichyl-diphosphooligosaccharide--protein glycosyltransferase subunit STT3B OS=Oryza sativa subsp. japonica OX=39947 GN=STT3B PE=2 SV=2
TRINITY_DN3225_c0_g1_i13.p1	sp|P39007|STT3_YEAST	52.7	713	754	718	24	725	12	690	5.91e-253	721	sp|P39007|STT3_YEAST Dolichyl-diphosphooligosaccharide--protein glycosyltransferase subunit STT3 OS=Saccharomyces cerevisiae (strain ATCC 204508 / S288c) OX=559292 GN=STT3 PE=1 SV=2
TRINITY_DN3225_c0_g1_i13.p1	sp|Q93ZY3|STT3A_ARATH	47.8	762	754	779	24	746	19	773	2.16e-237	684	sp|Q93ZY3|STT3A_ARATH Dolichyl-diphosphooligosaccharide--protein glycosyltransferase subunit STT3A OS=Arabidopsis thaliana OX=3702 GN=STT3A PE=2 SV=1
TRINITY_DN3225_c0_g1_i13.p1	sp|Q6F2Z1|STT3A_ORYSJ	47.6	762	754	787	2	718	4	754	8.37e-234	675	sp|Q6F2Z1|STT3A_ORYSJ Dolichyl-diphosphooligosaccharide--protein glycosyltransferase subunit STT3A OS=Oryza sativa subsp. japonica OX=39947 GN=STT3A PE=2 SV=1
TRINITY_DN3225_c0_g1_i13.p1	sp|O29867|AGLB3_ARCFU	30.6	124	754	868	59	179	47	163	4.28e-07	57.4	sp|O29867|AGLB3_ARCFU Dolichyl-phosphooligosaccharide-protein glycotransferase 3 OS=Archaeoglobus fulgidus (strain ATCC 49558 / DSM 4304 / JCM 9628 / NBRC 100126 / VC-16) OX=224325 GN=aglB3 PE=1 SV=1
TRINITY_DN3225_c0_g1_i2.p1	sp|Q3TDQ1|STT3B_MOUSE	70.8	765	778	823	23	772	64	817	0.0	1082	sp|Q3TDQ1|STT3B_MOUSE Dolichyl-diphosphooligosaccharide--protein glycosyltransferase subunit STT3B OS=Mus musculus OX=10090 GN=Stt3b PE=1 SV=2
TRINITY_DN3225_c0_g1_i2.p1	sp|Q8TCJ2|STT3B_HUMAN	70.6	765	778	826	23	772	67	820	0.0	1076	sp|Q8TCJ2|STT3B_HUMAN Dolichyl-diphosphooligosaccharide--protein glycosyltransferase subunit STT3B OS=Homo sapiens OX=9606 GN=STT3B PE=1 SV=1
TRINITY_DN3225_c0_g1_i2.p1	sp|E2RG47|STT3B_CANLF	70.5	765	778	826	23	772	67	820	0.0	1075	sp|E2RG47|STT3B_CANLF Dolichyl-diphosphooligosaccharide--protein glycosyltransferase subunit STT3B OS=Canis lupus familiaris OX=9615 GN=STT3B PE=1 SV=1
TRINITY_DN3225_c0_g1_i2.p1	sp|P46975|STT3_CAEEL	64.7	780	778	757	1	769	1	756	0.0	986	sp|P46975|STT3_CAEEL Dolichyl-diphosphooligosaccharide--protein glycosyltransferase subunit stt-3 OS=Caenorhabditis elegans OX=6239 GN=stt-3 PE=1 SV=1
TRINITY_DN3225_c0_g1_i2.p1	sp|F1PJP5|STT3A_CANLF	57.3	703	778	705	26	721	16	698	6.06e-281	793	sp|F1PJP5|STT3A_CANLF Dolichyl-diphosphooligosaccharide--protein glycosyltransferase subunit STT3A OS=Canis lupus familiaris OX=9615 GN=STT3A PE=1 SV=3
TRINITY_DN3225_c0_g1_i2.p1	sp|P46978|STT3A_MOUSE	57.3	703	778	705	26	721	16	698	6.06e-281	793	sp|P46978|STT3A_MOUSE Dolichyl-diphosphooligosaccharide--protein glycosyltransferase subunit STT3A OS=Mus musculus OX=10090 GN=Stt3a PE=1 SV=1
TRINITY_DN3225_c0_g1_i2.p1	sp|P46977|STT3A_HUMAN	57.3	703	778	705	26	721	16	698	3.47e-280	791	sp|P46977|STT3A_HUMAN Dolichyl-diphosphooligosaccharide--protein glycosyltransferase subunit STT3A OS=Homo sapiens OX=9606 GN=STT3A PE=1 SV=2
TRINITY_DN3225_c0_g1_i2.p1	sp|Q5RCE2|STT3A_PONAB	57.3	703	778	705	26	721	16	698	3.47e-280	791	sp|Q5RCE2|STT3A_PONAB Dolichyl-diphosphooligosaccharide--protein glycosyltransferase subunit STT3A OS=Pongo abelii OX=9601 GN=STT3A PE=2 SV=1
TRINITY_DN3225_c0_g1_i2.p1	sp|Q2KJI2|STT3A_BOVIN	57.3	703	778	705	26	721	16	698	3.99e-279	788	sp|Q2KJI2|STT3A_BOVIN Dolichyl-diphosphooligosaccharide--protein glycosyltransferase subunit STT3A OS=Bos taurus OX=9913 GN=STT3A PE=2 SV=1
TRINITY_DN3225_c0_g1_i2.p1	sp|Q54NM9|STT3_DICDI	55.7	699	778	714	27	721	41	711	4.14e-276	781	sp|Q54NM9|STT3_DICDI Dolichyl-diphosphooligosaccharide--protein glycosyltransferase subunit STT3 OS=Dictyostelium discoideum OX=44689 GN=stt3 PE=3 SV=1
TRINITY_DN3225_c0_g1_i2.p1	sp|O94335|STT3_SCHPO	53.0	721	778	752	15	725	11	723	1.90e-266	758	sp|O94335|STT3_SCHPO Dolichyl-diphosphooligosaccharide--protein glycosyltransferase subunit stt3 OS=Schizosaccharomyces pombe (strain 972 / ATCC 24843) OX=284812 GN=stt3 PE=3 SV=1
TRINITY_DN3225_c0_g1_i2.p1	sp|Q9FX21|STT3B_ARATH	53.8	699	778	735	27	720	40	731	1.12e-263	750	sp|Q9FX21|STT3B_ARATH Dolichyl-diphosphooligosaccharide--protein glycosyltransferase subunit STT3B OS=Arabidopsis thaliana OX=3702 GN=STT3B PE=2 SV=1
TRINITY_DN3225_c0_g1_i2.p1	sp|Q7XQ88|STT3B_ORYSJ	54.3	705	778	721	27	720	27	717	1.58e-262	746	sp|Q7XQ88|STT3B_ORYSJ Dolichyl-diphosphooligosaccharide--protein glycosyltransferase subunit STT3B OS=Oryza sativa subsp. japonica OX=39947 GN=STT3B PE=2 SV=2
TRINITY_DN3225_c0_g1_i2.p1	sp|P39007|STT3_YEAST	52.7	713	778	718	24	725	12	690	1.38e-252	721	sp|P39007|STT3_YEAST Dolichyl-diphosphooligosaccharide--protein glycosyltransferase subunit STT3 OS=Saccharomyces cerevisiae (strain ATCC 204508 / S288c) OX=559292 GN=STT3 PE=1 SV=2
TRINITY_DN3225_c0_g1_i2.p1	sp|Q93ZY3|STT3A_ARATH	47.8	762	778	779	24	746	19	773	1.00e-236	683	sp|Q93ZY3|STT3A_ARATH Dolichyl-diphosphooligosaccharide--protein glycosyltransferase subunit STT3A OS=Arabidopsis thaliana OX=3702 GN=STT3A PE=2 SV=1
TRINITY_DN3225_c0_g1_i2.p1	sp|Q6F2Z1|STT3A_ORYSJ	47.6	762	778	787	2	718	4	754	1.93e-233	675	sp|Q6F2Z1|STT3A_ORYSJ Dolichyl-diphosphooligosaccharide--protein glycosyltransferase subunit STT3A OS=Oryza sativa subsp. japonica OX=39947 GN=STT3A PE=2 SV=1
TRINITY_DN3225_c0_g1_i2.p1	sp|O29867|AGLB3_ARCFU	30.6	124	778	868	59	179	47	163	4.47e-07	57.4	sp|O29867|AGLB3_ARCFU Dolichyl-phosphooligosaccharide-protein glycotransferase 3 OS=Archaeoglobus fulgidus (strain ATCC 49558 / DSM 4304 / JCM 9628 / NBRC 100126 / VC-16) OX=224325 GN=aglB3 PE=1 SV=1
TRINITY_DN3225_c0_g1_i4.p1	sp|Q3TDQ1|STT3B_MOUSE	72.0	737	760	823	23	744	64	797	0.0	1070	sp|Q3TDQ1|STT3B_MOUSE Dolichyl-diphosphooligosaccharide--protein glycosyltransferase subunit STT3B OS=Mus musculus OX=10090 GN=Stt3b PE=1 SV=2
TRINITY_DN3225_c0_g1_i4.p1	sp|Q8TCJ2|STT3B_HUMAN	71.8	737	760	826	23	744	67	800	0.0	1064	sp|Q8TCJ2|STT3B_HUMAN Dolichyl-diphosphooligosaccharide--protein glycosyltransferase subunit STT3B OS=Homo sapiens OX=9606 GN=STT3B PE=1 SV=1
TRINITY_DN3225_c0_g1_i4.p1	sp|E2RG47|STT3B_CANLF	71.6	737	760	826	23	744	67	800	0.0	1063	sp|E2RG47|STT3B_CANLF Dolichyl-diphosphooligosaccharide--protein glycosyltransferase subunit STT3B OS=Canis lupus familiaris OX=9615 GN=STT3B PE=1 SV=1
TRINITY_DN3225_c0_g1_i4.p1	sp|P46975|STT3_CAEEL	66.3	747	760	757	1	736	1	732	0.0	983	sp|P46975|STT3_CAEEL Dolichyl-diphosphooligosaccharide--protein glycosyltransferase subunit stt-3 OS=Caenorhabditis elegans OX=6239 GN=stt-3 PE=1 SV=1
TRINITY_DN3225_c0_g1_i4.p1	sp|F1PJP5|STT3A_CANLF	57.3	703	760	705	26	721	16	698	3.16e-281	793	sp|F1PJP5|STT3A_CANLF Dolichyl-diphosphooligosaccharide--protein glycosyltransferase subunit STT3A OS=Canis lupus familiaris OX=9615 GN=STT3A PE=1 SV=3
TRINITY_DN3225_c0_g1_i4.p1	sp|P46978|STT3A_MOUSE	57.3	703	760	705	26	721	16	698	3.16e-281	793	sp|P46978|STT3A_MOUSE Dolichyl-diphosphooligosaccharide--protein glycosyltransferase subunit STT3A OS=Mus musculus OX=10090 GN=Stt3a PE=1 SV=1
TRINITY_DN3225_c0_g1_i4.p1	sp|P46977|STT3A_HUMAN	57.3	703	760	705	26	721	16	698	1.81e-280	791	sp|P46977|STT3A_HUMAN Dolichyl-diphosphooligosaccharide--protein glycosyltransferase subunit STT3A OS=Homo sapiens OX=9606 GN=STT3A PE=1 SV=2
TRINITY_DN3225_c0_g1_i4.p1	sp|Q5RCE2|STT3A_PONAB	57.3	703	760	705	26	721	16	698	1.81e-280	791	sp|Q5RCE2|STT3A_PONAB Dolichyl-diphosphooligosaccharide--protein glycosyltransferase subunit STT3A OS=Pongo abelii OX=9601 GN=STT3A PE=2 SV=1
TRINITY_DN3225_c0_g1_i4.p1	sp|Q2KJI2|STT3A_BOVIN	57.3	703	760	705	26	721	16	698	2.08e-279	788	sp|Q2KJI2|STT3A_BOVIN Dolichyl-diphosphooligosaccharide--protein glycosyltransferase subunit STT3A OS=Bos taurus OX=9913 GN=STT3A PE=2 SV=1
TRINITY_DN3225_c0_g1_i4.p1	sp|Q54NM9|STT3_DICDI	55.7	699	760	714	27	721	41	711	2.17e-276	781	sp|Q54NM9|STT3_DICDI Dolichyl-diphosphooligosaccharide--protein glycosyltransferase subunit STT3 OS=Dictyostelium discoideum OX=44689 GN=stt3 PE=3 SV=1
TRINITY_DN3225_c0_g1_i4.p1	sp|O94335|STT3_SCHPO	53.0	721	760	752	15	725	11	723	9.98e-267	758	sp|O94335|STT3_SCHPO Dolichyl-diphosphooligosaccharide--protein glycosyltransferase subunit stt3 OS=Schizosaccharomyces pombe (strain 972 / ATCC 24843) OX=284812 GN=stt3 PE=3 SV=1
TRINITY_DN3225_c0_g1_i4.p1	sp|Q9FX21|STT3B_ARATH	53.8	699	760	735	27	720	40	731	5.89e-264	750	sp|Q9FX21|STT3B_ARATH Dolichyl-diphosphooligosaccharide--protein glycosyltransferase subunit STT3B OS=Arabidopsis thaliana OX=3702 GN=STT3B PE=2 SV=1
TRINITY_DN3225_c0_g1_i4.p1	sp|Q7XQ88|STT3B_ORYSJ	54.3	705	760	721	27	720	27	717	8.34e-263	746	sp|Q7XQ88|STT3B_ORYSJ Dolichyl-diphosphooligosaccharide--protein glycosyltransferase subunit STT3B OS=Oryza sativa subsp. japonica OX=39947 GN=STT3B PE=2 SV=2
TRINITY_DN3225_c0_g1_i4.p1	sp|P39007|STT3_YEAST	52.7	713	760	718	24	725	12	690	7.32e-253	721	sp|P39007|STT3_YEAST Dolichyl-diphosphooligosaccharide--protein glycosyltransferase subunit STT3 OS=Saccharomyces cerevisiae (strain ATCC 204508 / S288c) OX=559292 GN=STT3 PE=1 SV=2
TRINITY_DN3225_c0_g1_i4.p1	sp|Q93ZY3|STT3A_ARATH	47.8	760	760	779	24	744	19	771	7.56e-237	682	sp|Q93ZY3|STT3A_ARATH Dolichyl-diphosphooligosaccharide--protein glycosyltransferase subunit STT3A OS=Arabidopsis thaliana OX=3702 GN=STT3A PE=2 SV=1
TRINITY_DN3225_c0_g1_i4.p1	sp|Q6F2Z1|STT3A_ORYSJ	47.6	762	760	787	2	718	4	754	1.03e-233	675	sp|Q6F2Z1|STT3A_ORYSJ Dolichyl-diphosphooligosaccharide--protein glycosyltransferase subunit STT3A OS=Oryza sativa subsp. japonica OX=39947 GN=STT3A PE=2 SV=1
TRINITY_DN3225_c0_g1_i4.p1	sp|O29867|AGLB3_ARCFU	30.6	124	760	868	59	179	47	163	4.33e-07	57.4	sp|O29867|AGLB3_ARCFU Dolichyl-phosphooligosaccharide-protein glycotransferase 3 OS=Archaeoglobus fulgidus (strain ATCC 49558 / DSM 4304 / JCM 9628 / NBRC 100126 / VC-16) OX=224325 GN=aglB3 PE=1 SV=1
TRINITY_DN3225_c0_g1_i7.p1	sp|Q3TDQ1|STT3B_MOUSE	72.0	737	760	823	23	744	64	797	0.0	1070	sp|Q3TDQ1|STT3B_MOUSE Dolichyl-diphosphooligosaccharide--protein glycosyltransferase subunit STT3B OS=Mus musculus OX=10090 GN=Stt3b PE=1 SV=2
TRINITY_DN3225_c0_g1_i7.p1	sp|Q8TCJ2|STT3B_HUMAN	71.8	737	760	826	23	744	67	800	0.0	1064	sp|Q8TCJ2|STT3B_HUMAN Dolichyl-diphosphooligosaccharide--protein glycosyltransferase subunit STT3B OS=Homo sapiens OX=9606 GN=STT3B PE=1 SV=1
TRINITY_DN3225_c0_g1_i7.p1	sp|E2RG47|STT3B_CANLF	71.6	737	760	826	23	744	67	800	0.0	1063	sp|E2RG47|STT3B_CANLF Dolichyl-diphosphooligosaccharide--protein glycosyltransferase subunit STT3B OS=Canis lupus familiaris OX=9615 GN=STT3B PE=1 SV=1
TRINITY_DN3225_c0_g1_i7.p1	sp|P46975|STT3_CAEEL	66.3	747	760	757	1	736	1	732	0.0	983	sp|P46975|STT3_CAEEL Dolichyl-diphosphooligosaccharide--protein glycosyltransferase subunit stt-3 OS=Caenorhabditis elegans OX=6239 GN=stt-3 PE=1 SV=1
TRINITY_DN3225_c0_g1_i7.p1	sp|F1PJP5|STT3A_CANLF	57.3	703	760	705	26	721	16	698	3.16e-281	793	sp|F1PJP5|STT3A_CANLF Dolichyl-diphosphooligosaccharide--protein glycosyltransferase subunit STT3A OS=Canis lupus familiaris OX=9615 GN=STT3A PE=1 SV=3
TRINITY_DN3225_c0_g1_i7.p1	sp|P46978|STT3A_MOUSE	57.3	703	760	705	26	721	16	698	3.16e-281	793	sp|P46978|STT3A_MOUSE Dolichyl-diphosphooligosaccharide--protein glycosyltransferase subunit STT3A OS=Mus musculus OX=10090 GN=Stt3a PE=1 SV=1
TRINITY_DN3225_c0_g1_i7.p1	sp|P46977|STT3A_HUMAN	57.3	703	760	705	26	721	16	698	1.81e-280	791	sp|P46977|STT3A_HUMAN Dolichyl-diphosphooligosaccharide--protein glycosyltransferase subunit STT3A OS=Homo sapiens OX=9606 GN=STT3A PE=1 SV=2
TRINITY_DN3225_c0_g1_i7.p1	sp|Q5RCE2|STT3A_PONAB	57.3	703	760	705	26	721	16	698	1.81e-280	791	sp|Q5RCE2|STT3A_PONAB Dolichyl-diphosphooligosaccharide--protein glycosyltransferase subunit STT3A OS=Pongo abelii OX=9601 GN=STT3A PE=2 SV=1
TRINITY_DN3225_c0_g1_i7.p1	sp|Q2KJI2|STT3A_BOVIN	57.3	703	760	705	26	721	16	698	2.08e-279	788	sp|Q2KJI2|STT3A_BOVIN Dolichyl-diphosphooligosaccharide--protein glycosyltransferase subunit STT3A OS=Bos taurus OX=9913 GN=STT3A PE=2 SV=1
TRINITY_DN3225_c0_g1_i7.p1	sp|Q54NM9|STT3_DICDI	55.7	699	760	714	27	721	41	711	2.17e-276	781	sp|Q54NM9|STT3_DICDI Dolichyl-diphosphooligosaccharide--protein glycosyltransferase subunit STT3 OS=Dictyostelium discoideum OX=44689 GN=stt3 PE=3 SV=1
TRINITY_DN3225_c0_g1_i7.p1	sp|O94335|STT3_SCHPO	53.0	721	760	752	15	725	11	723	9.98e-267	758	sp|O94335|STT3_SCHPO Dolichyl-diphosphooligosaccharide--protein glycosyltransferase subunit stt3 OS=Schizosaccharomyces pombe (strain 972 / ATCC 24843) OX=284812 GN=stt3 PE=3 SV=1
TRINITY_DN3225_c0_g1_i7.p1	sp|Q9FX21|STT3B_ARATH	53.8	699	760	735	27	720	40	731	5.89e-264	750	sp|Q9FX21|STT3B_ARATH Dolichyl-diphosphooligosaccharide--protein glycosyltransferase subunit STT3B OS=Arabidopsis thaliana OX=3702 GN=STT3B PE=2 SV=1
TRINITY_DN3225_c0_g1_i7.p1	sp|Q7XQ88|STT3B_ORYSJ	54.3	705	760	721	27	720	27	717	8.34e-263	746	sp|Q7XQ88|STT3B_ORYSJ Dolichyl-diphosphooligosaccharide--protein glycosyltransferase subunit STT3B OS=Oryza sativa subsp. japonica OX=39947 GN=STT3B PE=2 SV=2
TRINITY_DN3225_c0_g1_i7.p1	sp|P39007|STT3_YEAST	52.7	713	760	718	24	725	12	690	7.32e-253	721	sp|P39007|STT3_YEAST Dolichyl-diphosphooligosaccharide--protein glycosyltransferase subunit STT3 OS=Saccharomyces cerevisiae (strain ATCC 204508 / S288c) OX=559292 GN=STT3 PE=1 SV=2
TRINITY_DN3225_c0_g1_i7.p1	sp|Q93ZY3|STT3A_ARATH	47.8	760	760	779	24	744	19	771	7.56e-237	682	sp|Q93ZY3|STT3A_ARATH Dolichyl-diphosphooligosaccharide--protein glycosyltransferase subunit STT3A OS=Arabidopsis thaliana OX=3702 GN=STT3A PE=2 SV=1
TRINITY_DN3225_c0_g1_i7.p1	sp|Q6F2Z1|STT3A_ORYSJ	47.6	762	760	787	2	718	4	754	1.03e-233	675	sp|Q6F2Z1|STT3A_ORYSJ Dolichyl-diphosphooligosaccharide--protein glycosyltransferase subunit STT3A OS=Oryza sativa subsp. japonica OX=39947 GN=STT3A PE=2 SV=1
TRINITY_DN3225_c0_g1_i7.p1	sp|O29867|AGLB3_ARCFU	30.6	124	760	868	59	179	47	163	4.33e-07	57.4	sp|O29867|AGLB3_ARCFU Dolichyl-phosphooligosaccharide-protein glycotransferase 3 OS=Archaeoglobus fulgidus (strain ATCC 49558 / DSM 4304 / JCM 9628 / NBRC 100126 / VC-16) OX=224325 GN=aglB3 PE=1 SV=1
TRINITY_DN3269_c0_g1_i2.p1	sp|A0A291PQH4|UGT2_DACCO	30.1	525	523	515	8	522	10	515	1.02e-68	232	sp|A0A291PQH4|UGT2_DACCO UDP-glucosyltransferase 2 OS=Dactylopius coccus OX=765876 GN=UTG2 PE=1 SV=1
TRINITY_DN3269_c0_g1_i2.p1	sp|A0A291PQF1|UGT5_DACCO	30.4	516	523	526	22	516	20	515	3.78e-67	228	sp|A0A291PQF1|UGT5_DACCO UDP-glycosyltransferase UGT5 OS=Dactylopius coccus OX=765876 GN=UGT5 PE=1 SV=1
TRINITY_DN3269_c0_g1_i2.p1	sp|P36511|UDB15_RAT	29.0	520	523	530	11	506	10	511	6.10e-45	169	sp|P36511|UDB15_RAT UDP-glucuronosyltransferase 2B15 OS=Rattus norvegicus OX=10116 GN=Ugt2b15 PE=1 SV=1
TRINITY_DN3269_c0_g1_i2.p1	sp|P54855|UDB15_HUMAN	27.1	531	523	530	7	518	10	523	1.10e-43	165	sp|P54855|UDB15_HUMAN UDP-glucuronosyltransferase 2B15 OS=Homo sapiens OX=9606 GN=UGT2B15 PE=1 SV=3
TRINITY_DN3269_c0_g1_i2.p1	sp|Q8BWQ1|UD2A3_MOUSE	25.6	535	523	534	2	518	4	522	1.61e-43	165	sp|Q8BWQ1|UD2A3_MOUSE UDP-glucuronosyltransferase 2A3 OS=Mus musculus OX=10090 GN=Ugt2a3 PE=1 SV=1
TRINITY_DN3269_c0_g1_i2.p1	sp|O02663|UD2B9_MACFA	26.9	516	523	529	13	510	14	513	2.05e-43	164	sp|O02663|UD2B9_MACFA UDP-glucuronosyltransferase 2B9 OS=Macaca fascicularis OX=9541 GN=UGT2B9 PE=2 SV=1
TRINITY_DN3269_c0_g1_i2.p1	sp|A0A291PQG3|UGT4_DACCO	28.7	478	523	504	20	490	23	481	2.62e-43	164	sp|A0A291PQG3|UGT4_DACCO UDP-glycosyltransferase UGT4 OS=Dactylopius coccus OX=765876 GN=UGT4 PE=1 SV=1
TRINITY_DN3269_c0_g1_i2.p1	sp|P16662|UD2B7_HUMAN	29.3	396	523	529	130	520	144	524	7.39e-43	163	sp|P16662|UD2B7_HUMAN UDP-glucuronosyltransferase 2B7 OS=Homo sapiens OX=9606 GN=UGT2B7 PE=1 SV=2
TRINITY_DN3269_c0_g1_i2.p1	sp|P36512|UDB13_RABIT	35.8	293	523	531	234	518	243	530	1.05e-42	162	sp|P36512|UDB13_RABIT UDP-glucuronosyltransferase 2B13 OS=Oryctolagus cuniculus OX=9986 GN=UGT2B13 PE=2 SV=1
TRINITY_DN3269_c0_g1_i2.p1	sp|O77649|UDB20_MACFA	28.9	405	523	530	117	518	134	522	2.69e-42	161	sp|O77649|UDB20_MACFA UDP-glucuronosyltransferase 2B20 OS=Macaca fascicularis OX=9541 GN=UGT2B20 PE=1 SV=1
TRINITY_DN3269_c0_g1_i2.p1	sp|Q80X89|UD2A1_MOUSE	28.2	418	523	528	115	522	131	528	6.81e-42	160	sp|Q80X89|UD2A1_MOUSE UDP-glucuronosyltransferase 2A1 OS=Mus musculus OX=10090 GN=Ugt2a1 PE=2 SV=1
TRINITY_DN3269_c0_g1_i2.p1	sp|P36537|UDB10_HUMAN	26.6	492	523	528	41	510	41	512	6.81e-42	160	sp|P36537|UDB10_HUMAN UDP-glucuronosyltransferase 2B10 OS=Homo sapiens OX=9606 GN=UGT2B10 PE=1 SV=1
TRINITY_DN3269_c0_g1_i2.p1	sp|P08542|UDB17_RAT	29.0	504	523	530	11	490	10	495	7.02e-42	160	sp|P08542|UDB17_RAT UDP-glucuronosyltransferase 2B17 OS=Rattus norvegicus OX=10116 GN=Ugt2b17 PE=1 SV=2
TRINITY_DN3269_c0_g1_i2.p1	sp|P19488|UDB37_RAT	29.2	513	523	530	11	500	10	505	9.65e-42	160	sp|P19488|UDB37_RAT UDP-glucuronosyltransferase 2B37 OS=Rattus norvegicus OX=10116 GN=Ugt2b37 PE=1 SV=1
TRINITY_DN3269_c0_g1_i2.p1	sp|P08541|UD2B2_RAT	28.3	516	523	530	8	500	9	505	1.33e-41	159	sp|P08541|UD2B2_RAT UDP-glucuronosyltransferase 2B2 OS=Rattus norvegicus OX=10116 GN=Ugt2b PE=1 SV=1
TRINITY_DN3269_c0_g1_i2.p1	sp|O75795|UDB17_HUMAN	27.3	531	523	530	7	518	10	522	1.82e-41	159	sp|O75795|UDB17_HUMAN UDP-glucuronosyltransferase 2B17 OS=Homo sapiens OX=9606 GN=UGT2B17 PE=1 SV=1
TRINITY_DN3269_c0_g1_i2.p1	sp|P09875|UD2B1_RAT	28.7	407	523	529	105	508	122	513	8.82e-41	157	sp|P09875|UD2B1_RAT UDP-glucuronosyltransferase 2B1 OS=Rattus norvegicus OX=10116 GN=Ugt2b1 PE=1 SV=1
TRINITY_DN3269_c0_g1_i2.p1	sp|Q9R110|UD2A3_CAVPO	26.7	513	523	530	32	519	33	523	8.95e-41	157	sp|Q9R110|UD2A3_CAVPO UDP-glucuronosyltransferase 2A3 OS=Cavia porcellus OX=10141 GN=UGT2A3 PE=2 SV=1
TRINITY_DN3269_c0_g1_i2.p1	sp|O97951|UDB18_MACFA	29.2	384	523	529	130	510	144	513	1.21e-40	157	sp|O97951|UDB18_MACFA UDP-glucuronosyltransferase 2B18 OS=Macaca fascicularis OX=9541 GN=UGT2B18 PE=1 SV=1
TRINITY_DN3269_c0_g1_i2.p1	sp|P36510|UD2A1_RAT	28.5	400	523	527	130	522	143	524	1.62e-40	156	sp|P36510|UD2A1_RAT UDP-glucuronosyltransferase 2A1 OS=Rattus norvegicus OX=10116 GN=Ugt2a1 PE=2 SV=1
TRINITY_DN3269_c0_g1_i2.p1	sp|O75310|UDB11_HUMAN	25.7	494	523	529	33	508	34	512	1.66e-40	156	sp|O75310|UDB11_HUMAN UDP-glucuronosyltransferase 2B11 OS=Homo sapiens OX=9606 GN=UGT2B11 PE=1 SV=1
TRINITY_DN3269_c0_g1_i2.p1	sp|Q6K1J1|UDB31_CANLF	26.1	532	523	530	8	518	9	522	3.18e-40	155	sp|Q6K1J1|UDB31_CANLF UDP-glucuronosyltransferase 2B31 OS=Canis lupus familiaris OX=9615 GN=UGT2B31 PE=1 SV=1
TRINITY_DN3269_c0_g1_i2.p1	sp|P36514|UD2C1_RABIT	26.6	504	523	502	33	518	7	494	5.49e-40	154	sp|P36514|UD2C1_RABIT UDP-glucuronosyltransferase 2C1 (Fragment) OS=Oryctolagus cuniculus OX=9986 GN=UGT2C1 PE=2 SV=1
TRINITY_DN3269_c0_g1_i2.p1	sp|Q6PDD0|UD2A2_MOUSE	28.8	375	523	528	154	522	167	528	5.84e-40	155	sp|Q6PDD0|UD2A2_MOUSE UDP-glucuronosyltransferase 2A2 OS=Mus musculus OX=10090 GN=Ugt2a2 PE=2 SV=1
TRINITY_DN3269_c0_g1_i2.p1	sp|P06133|UD2B4_HUMAN	26.6	518	523	528	7	506	10	510	1.10e-39	154	sp|P06133|UD2B4_HUMAN UDP-glucuronosyltransferase 2B4 OS=Homo sapiens OX=9606 GN=UGT2B4 PE=1 SV=2
TRINITY_DN37939_c0_g1_i1.p1	sp|Q88168|UDPE_NPVSL	37.9	169	167	515	1	161	262	429	2.42e-23	98.6	sp|Q88168|UDPE_NPVSL Ecdysteroid UDP-glucosyltransferase OS=Spodoptera littoralis nuclear polyhedrosis virus OX=10456 GN=EGT PE=3 SV=1
TRINITY_DN37939_c0_g1_i1.p1	sp|A0A291PQH4|UGT2_DACCO	30.7	163	167	515	6	166	257	416	4.54e-23	97.8	sp|A0A291PQH4|UGT2_DACCO UDP-glucosyltransferase 2 OS=Dactylopius coccus OX=765876 GN=UTG2 PE=1 SV=1
TRINITY_DN37939_c0_g1_i1.p1	sp|Q64633|UD17_RAT	34.3	166	167	531	6	167	269	429	1.48e-21	93.6	sp|Q64633|UD17_RAT UDP-glucuronosyltransferase 1A7 OS=Rattus norvegicus OX=10116 GN=Ugt1a7 PE=2 SV=1
TRINITY_DN37939_c0_g1_i1.p1	sp|P41713|UDPE_NPVLD	33.5	164	167	506	7	166	262	424	9.14e-21	91.3	sp|P41713|UDPE_NPVLD Ecdysteroid UDP-glucosyltransferase OS=Lymantria dispar multicapsid nuclear polyhedrosis virus OX=10449 GN=EGT PE=3 SV=2
TRINITY_DN37939_c0_g1_i1.p1	sp|Q64550|UD11_RAT	34.9	166	167	535	6	167	273	433	9.64e-21	91.3	sp|Q64550|UD11_RAT UDP-glucuronosyltransferase 1A1 OS=Rattus norvegicus OX=10116 GN=Ugt1a1 PE=1 SV=1
TRINITY_DN37939_c0_g1_i1.p1	sp|Q62452|UD19_MOUSE	34.9	166	167	528	6	167	266	426	1.30e-20	90.9	sp|Q62452|UD19_MOUSE UDP-glucuronosyltransferase 1A9 OS=Mus musculus OX=10090 GN=Ugt1a9 PE=1 SV=3
TRINITY_DN37939_c0_g1_i1.p1	sp|Q63886|UD11_MOUSE	34.9	166	167	535	6	167	273	433	1.32e-20	90.9	sp|Q63886|UD11_MOUSE UDP-glucuronosyltransferase 1A1 OS=Mus musculus OX=10090 GN=Ugt1a1 PE=1 SV=2
TRINITY_DN37939_c0_g1_i1.p1	sp|A0A291PQF1|UGT5_DACCO	31.3	166	167	526	7	167	260	420	1.77e-20	90.5	sp|A0A291PQF1|UGT5_DACCO UDP-glycosyltransferase UGT5 OS=Dactylopius coccus OX=765876 GN=UGT5 PE=1 SV=1
TRINITY_DN37939_c0_g1_i1.p1	sp|Q6ZQM8|UD17_MOUSE	34.3	166	167	531	6	167	269	429	1.78e-20	90.5	sp|Q6ZQM8|UD17_MOUSE UDP-glucuronosyltransferase 1A7 OS=Mus musculus OX=10090 GN=Ugt1a7 PE=1 SV=1
TRINITY_DN37939_c0_g1_i1.p1	sp|Q64634|UD18_RAT	34.3	166	167	530	6	167	268	428	2.43e-20	90.1	sp|Q64634|UD18_RAT UDP-glucuronosyltransferase 1A8 OS=Rattus norvegicus OX=10116 GN=Ugt1a8 PE=2 SV=1
TRINITY_DN37939_c0_g1_i1.p1	sp|Q64637|UD13_RAT	33.3	171	167	531	1	167	264	429	2.44e-20	90.1	sp|Q64637|UD13_RAT UDP-glucuronosyltransferase 1A3 OS=Rattus norvegicus OX=10116 GN=Ugt1a3 PE=2 SV=1
TRINITY_DN37939_c0_g1_i1.p1	sp|Q64435|UD16_MOUSE	33.1	166	167	531	6	167	269	429	3.32e-20	89.7	sp|Q64435|UD16_MOUSE UDP-glucuronosyltransferase 1A6 OS=Mus musculus OX=10090 GN=Ugt1a6 PE=1 SV=1
TRINITY_DN37939_c0_g1_i1.p1	sp|Q28611|UD16_RABIT	33.9	165	167	531	6	167	270	430	3.32e-20	89.7	sp|Q28611|UD16_RABIT UDP-glucuronosyltransferase 1A6 OS=Oryctolagus cuniculus OX=9986 GN=UGT1 PE=1 SV=1
TRINITY_DN37939_c0_g1_i1.p1	sp|P08430|UD16_RAT	33.1	166	167	529	6	167	267	427	4.52e-20	89.4	sp|P08430|UD16_RAT UDP-glucuronosyltransferase 1A6 OS=Rattus norvegicus OX=10116 GN=Ugt1a6 PE=1 SV=1
TRINITY_DN37939_c0_g1_i1.p1	sp|P70691|UD12_MOUSE	34.3	166	167	533	6	167	271	431	8.47e-20	88.6	sp|P70691|UD12_MOUSE UDP-glucuronosyltransferase 1-2 OS=Mus musculus OX=10090 GN=Ugt1a2 PE=1 SV=1
TRINITY_DN37939_c0_g1_i1.p1	sp|Q64638|UD15_RAT	34.3	166	167	531	6	167	269	429	1.15e-19	88.2	sp|Q64638|UD15_RAT UDP-glucuronosyltransferase 1A5 OS=Rattus norvegicus OX=10116 GN=Ugt1a5 PE=2 SV=1
TRINITY_DN37939_c0_g1_i1.p1	sp|P20720|UD12_RAT	34.3	166	167	533	6	167	271	431	1.15e-19	88.2	sp|P20720|UD12_RAT UDP-glucuronosyltransferase 1-2 OS=Rattus norvegicus OX=10116 GN=Ugt1a2 PE=2 SV=2
TRINITY_DN37939_c0_g1_i1.p1	sp|Q28612|UD14_RABIT	33.3	165	167	532	6	167	271	431	2.15e-19	87.4	sp|Q28612|UD14_RABIT UDP-glucuronosyltransferase 1A4 OS=Oryctolagus cuniculus OX=9986 GN=Ugt1a4 PE=2 SV=1
TRINITY_DN37939_c0_g1_i1.p1	sp|O77649|UDB20_MACFA	34.9	172	167	530	1	167	269	434	2.92e-19	87.0	sp|O77649|UDB20_MACFA UDP-glucuronosyltransferase 2B20 OS=Macaca fascicularis OX=9541 GN=UGT2B20 PE=1 SV=1
TRINITY_DN37939_c0_g1_i1.p1	sp|Q98166|UDPE_GVLO	33.7	166	167	460	1	160	247	408	3.48e-19	86.7	sp|Q98166|UDPE_GVLO Ecdysteroid UDP-glucosyltransferase OS=Lacanobia oleracea granulosis virus OX=52412 GN=EGT PE=3 SV=1
TRINITY_DN37939_c0_g1_i1.p1	sp|P54855|UDB15_HUMAN	33.7	172	167	530	1	167	269	434	3.98e-19	86.7	sp|P54855|UDB15_HUMAN UDP-glucuronosyltransferase 2B15 OS=Homo sapiens OX=9606 GN=UGT2B15 PE=1 SV=3
TRINITY_DN37939_c0_g1_i1.p1	sp|O75795|UDB17_HUMAN	33.7	172	167	530	1	167	269	434	3.98e-19	86.7	sp|O75795|UDB17_HUMAN UDP-glucuronosyltransferase 2B17 OS=Homo sapiens OX=9606 GN=UGT2B17 PE=1 SV=1
TRINITY_DN37939_c0_g1_i1.p1	sp|Q83140|UDPE_NPVMB	32.7	159	167	528	7	163	282	439	5.42e-19	86.3	sp|Q83140|UDPE_NPVMB Ecdysteroid UDP-glucosyltransferase OS=Mamestra brassicae nuclear polyhedrosis virus OX=78219 GN=EGT PE=3 SV=1
TRINITY_DN37939_c0_g1_i1.p1	sp|P19224|UD16_HUMAN	32.5	166	167	532	6	167	270	430	5.44e-19	86.3	sp|P19224|UD16_HUMAN UDP-glucuronosyltransferase 1A6 OS=Homo sapiens OX=9606 GN=UGT1A6 PE=1 SV=2
TRINITY_DN37939_c0_g1_i1.p1	sp|P22309|UD11_HUMAN	33.1	166	167	533	6	167	271	431	1.01e-18	85.5	sp|P22309|UD11_HUMAN UDP-glucuronosyltransferase 1A1 OS=Homo sapiens OX=9606 GN=UGT1A1 PE=1 SV=1
TRINITY_DN38523_c0_g1_i1.p1	sp|A0A291PQH4|UGT2_DACCO	42.0	112	116	515	5	116	366	477	1.87e-26	105	sp|A0A291PQH4|UGT2_DACCO UDP-glucosyltransferase 2 OS=Dactylopius coccus OX=765876 GN=UTG2 PE=1 SV=1
TRINITY_DN38523_c0_g1_i1.p1	sp|P36513|UDB14_RABIT	40.2	112	116	530	5	116	383	494	5.13e-26	103	sp|P36513|UDB14_RABIT UDP-glucuronosyltransferase 2B14 OS=Oryctolagus cuniculus OX=9986 GN=UGT2B14 PE=2 SV=1
TRINITY_DN38523_c0_g1_i1.p1	sp|Q6UWM9|UD2A3_HUMAN	40.2	112	116	527	5	116	380	491	2.48e-25	102	sp|Q6UWM9|UD2A3_HUMAN UDP-glucuronosyltransferase 2A3 OS=Homo sapiens OX=9606 GN=UGT2A3 PE=1 SV=2
TRINITY_DN38523_c0_g1_i1.p1	sp|Q88168|UDPE_NPVSL	42.7	117	116	515	1	116	380	496	6.17e-25	100	sp|Q88168|UDPE_NPVSL Ecdysteroid UDP-glucosyltransferase OS=Spodoptera littoralis nuclear polyhedrosis virus OX=10456 GN=EGT PE=3 SV=1
TRINITY_DN38523_c0_g1_i1.p1	sp|Q5RFJ3|UD2A3_PONAB	40.2	112	116	527	5	116	380	491	6.42e-25	100	sp|Q5RFJ3|UD2A3_PONAB UDP-glucuronosyltransferase 2A3 OS=Pongo abelii OX=9601 GN=UGT2A3 PE=2 SV=1
TRINITY_DN38523_c0_g1_i1.p1	sp|P36512|UDB13_RABIT	39.3	112	116	531	5	116	384	495	1.67e-24	99.8	sp|P36512|UDB13_RABIT UDP-glucuronosyltransferase 2B13 OS=Oryctolagus cuniculus OX=9986 GN=UGT2B13 PE=2 SV=1
TRINITY_DN38523_c0_g1_i1.p1	sp|P41713|UDPE_NPVLD	44.0	116	116	506	1	116	370	484	2.13e-24	99.4	sp|P41713|UDPE_NPVLD Ecdysteroid UDP-glucosyltransferase OS=Lymantria dispar multicapsid nuclear polyhedrosis virus OX=10449 GN=EGT PE=3 SV=2
TRINITY_DN38523_c0_g1_i1.p1	sp|P36537|UDB10_HUMAN	39.3	112	116	528	5	116	381	492	4.28e-24	98.6	sp|P36537|UDB10_HUMAN UDP-glucuronosyltransferase 2B10 OS=Homo sapiens OX=9606 GN=UGT2B10 PE=1 SV=1
TRINITY_DN38523_c0_g1_i1.p1	sp|Q9XT55|UDB19_MACFA	39.3	112	116	528	5	116	382	493	4.28e-24	98.6	sp|Q9XT55|UDB19_MACFA UDP-glucuronosyltransferase 2B19 OS=Macaca fascicularis OX=9541 GN=UGT2B19 PE=1 SV=1
TRINITY_DN38523_c0_g1_i1.p1	sp|Q6K1J1|UDB31_CANLF	39.3	112	116	530	5	116	383	494	4.31e-24	98.6	sp|Q6K1J1|UDB31_CANLF UDP-glucuronosyltransferase 2B31 OS=Canis lupus familiaris OX=9615 GN=UGT2B31 PE=1 SV=1
TRINITY_DN38523_c0_g1_i1.p1	sp|O97951|UDB18_MACFA	39.3	112	116	529	5	116	382	493	5.89e-24	98.2	sp|O97951|UDB18_MACFA UDP-glucuronosyltransferase 2B18 OS=Macaca fascicularis OX=9541 GN=UGT2B18 PE=1 SV=1
TRINITY_DN38523_c0_g1_i1.p1	sp|Q9HAW8|UD110_HUMAN	40.2	112	116	530	5	116	377	488	5.90e-24	98.2	sp|Q9HAW8|UD110_HUMAN UDP-glucuronosyltransferase 1A10 OS=Homo sapiens OX=9606 GN=UGT1A10 PE=1 SV=1
TRINITY_DN38523_c0_g1_i1.p1	sp|Q9HAW7|UD17_HUMAN	40.2	112	116	530	5	116	377	488	5.90e-24	98.2	sp|Q9HAW7|UD17_HUMAN UDP-glucuronosyltransferase 1A7 OS=Homo sapiens OX=9606 GN=UGT1A7 PE=1 SV=2
TRINITY_DN38523_c0_g1_i1.p1	sp|Q9HAW9|UD18_HUMAN	40.2	112	116	530	5	116	377	488	5.90e-24	98.2	sp|Q9HAW9|UD18_HUMAN UDP-glucuronosyltransferase 1A8 OS=Homo sapiens OX=9606 GN=UGT1A8 PE=1 SV=1
TRINITY_DN38523_c0_g1_i1.p1	sp|O60656|UD19_HUMAN	40.2	112	116	530	5	116	377	488	5.90e-24	98.2	sp|O60656|UD19_HUMAN UDP-glucuronosyltransferase 1A9 OS=Homo sapiens OX=9606 GN=UGT1A9 PE=1 SV=1
TRINITY_DN38523_c0_g1_i1.p1	sp|P19224|UD16_HUMAN	40.2	112	116	532	5	116	379	490	5.93e-24	98.2	sp|P19224|UD16_HUMAN UDP-glucuronosyltransferase 1A6 OS=Homo sapiens OX=9606 GN=UGT1A6 PE=1 SV=2
TRINITY_DN38523_c0_g1_i1.p1	sp|P22309|UD11_HUMAN	40.2	112	116	533	5	116	380	491	5.94e-24	98.2	sp|P22309|UD11_HUMAN UDP-glucuronosyltransferase 1A1 OS=Homo sapiens OX=9606 GN=UGT1A1 PE=1 SV=1
TRINITY_DN38523_c0_g1_i1.p1	sp|P35503|UD13_HUMAN	40.2	112	116	534	5	116	381	492	5.96e-24	98.2	sp|P35503|UD13_HUMAN UDP-glucuronosyltransferase 1A3 OS=Homo sapiens OX=9606 GN=UGT1A3 PE=1 SV=1
TRINITY_DN38523_c0_g1_i1.p1	sp|P22310|UD14_HUMAN	40.2	112	116	534	5	116	381	492	5.96e-24	98.2	sp|P22310|UD14_HUMAN UDP-glucuronosyltransferase 1A4 OS=Homo sapiens OX=9606 GN=UGT1A4 PE=1 SV=1
TRINITY_DN38523_c0_g1_i1.p1	sp|P35504|UD15_HUMAN	40.2	112	116	534	5	116	381	492	5.96e-24	98.2	sp|P35504|UD15_HUMAN UDP-glucuronosyltransferase 1A5 OS=Homo sapiens OX=9606 GN=UGT1A5 PE=1 SV=1
TRINITY_DN38523_c0_g1_i1.p1	sp|Q62452|UD19_MOUSE	40.2	112	116	528	5	116	375	486	8.05e-24	97.8	sp|Q62452|UD19_MOUSE UDP-glucuronosyltransferase 1A9 OS=Mus musculus OX=10090 GN=Ugt1a9 PE=1 SV=3
TRINITY_DN38523_c0_g1_i1.p1	sp|P08430|UD16_RAT	40.2	112	116	529	5	116	376	487	8.07e-24	97.8	sp|P08430|UD16_RAT UDP-glucuronosyltransferase 1A6 OS=Rattus norvegicus OX=10116 GN=Ugt1a6 PE=1 SV=1
TRINITY_DN38523_c0_g1_i1.p1	sp|Q9GLD9|UDB33_MACMU	38.4	112	116	529	5	116	382	493	8.07e-24	97.8	sp|Q9GLD9|UDB33_MACMU UDP-glucuronosyltransferase 2B33 OS=Macaca mulatta OX=9544 GN=UGT2B33 PE=1 SV=1
TRINITY_DN38523_c0_g1_i1.p1	sp|Q64634|UD18_RAT	40.2	112	116	530	5	116	377	488	8.09e-24	97.8	sp|Q64634|UD18_RAT UDP-glucuronosyltransferase 1A8 OS=Rattus norvegicus OX=10116 GN=Ugt1a8 PE=2 SV=1
TRINITY_DN38523_c0_g1_i1.p1	sp|Q64637|UD13_RAT	40.2	112	116	531	5	116	378	489	8.11e-24	97.8	sp|Q64637|UD13_RAT UDP-glucuronosyltransferase 1A3 OS=Rattus norvegicus OX=10116 GN=Ugt1a3 PE=2 SV=1
TRINITY_DN39303_c0_g1_i1.p1	sp|A0A291PQF1|UGT5_DACCO	40.5	242	259	526	1	242	255	496	2.14e-64	212	sp|A0A291PQF1|UGT5_DACCO UDP-glycosyltransferase UGT5 OS=Dactylopius coccus OX=765876 GN=UGT5 PE=1 SV=1
TRINITY_DN39303_c0_g1_i1.p1	sp|A0A291PQH4|UGT2_DACCO	36.8	239	259	515	1	237	253	488	3.38e-54	185	sp|A0A291PQH4|UGT2_DACCO UDP-glucosyltransferase 2 OS=Dactylopius coccus OX=765876 GN=UTG2 PE=1 SV=1
TRINITY_DN39303_c0_g1_i1.p1	sp|A0A291PQG3|UGT4_DACCO	37.5	232	259	504	4	235	260	489	2.90e-53	182	sp|A0A291PQG3|UGT4_DACCO UDP-glycosyltransferase UGT4 OS=Dactylopius coccus OX=765876 GN=UGT4 PE=1 SV=1
TRINITY_DN39303_c0_g1_i1.p1	sp|Q88168|UDPE_NPVSL	38.9	247	259	515	1	236	263	506	4.99e-53	182	sp|Q88168|UDPE_NPVSL Ecdysteroid UDP-glucosyltransferase OS=Spodoptera littoralis nuclear polyhedrosis virus OX=10456 GN=EGT PE=3 SV=1
TRINITY_DN39303_c0_g1_i1.p1	sp|P16662|UD2B7_HUMAN	36.8	253	259	529	1	247	269	519	1.76e-52	181	sp|P16662|UD2B7_HUMAN UDP-glucuronosyltransferase 2B7 OS=Homo sapiens OX=9606 GN=UGT2B7 PE=1 SV=2
TRINITY_DN39303_c0_g1_i1.p1	sp|P54855|UDB15_HUMAN	36.9	249	259	530	4	251	273	516	2.51e-52	181	sp|P54855|UDB15_HUMAN UDP-glucuronosyltransferase 2B15 OS=Homo sapiens OX=9606 GN=UGT2B15 PE=1 SV=3
TRINITY_DN39303_c0_g1_i1.p1	sp|O77649|UDB20_MACFA	37.8	241	259	530	4	243	273	511	3.51e-52	180	sp|O77649|UDB20_MACFA UDP-glucuronosyltransferase 2B20 OS=Macaca fascicularis OX=9541 GN=UGT2B20 PE=1 SV=1
TRINITY_DN39303_c0_g1_i1.p1	sp|P36537|UDB10_HUMAN	38.7	225	259	528	4	227	271	493	9.27e-52	179	sp|P36537|UDB10_HUMAN UDP-glucuronosyltransferase 2B10 OS=Homo sapiens OX=9606 GN=UGT2B10 PE=1 SV=1
TRINITY_DN39303_c0_g1_i1.p1	sp|O75795|UDB17_HUMAN	36.9	241	259	530	4	243	273	511	1.34e-51	179	sp|O75795|UDB17_HUMAN UDP-glucuronosyltransferase 2B17 OS=Homo sapiens OX=9606 GN=UGT2B17 PE=1 SV=1
TRINITY_DN39303_c0_g1_i1.p1	sp|Q9XT55|UDB19_MACFA	36.5	263	259	528	1	258	269	526	2.53e-51	178	sp|Q9XT55|UDB19_MACFA UDP-glucuronosyltransferase 2B19 OS=Macaca fascicularis OX=9541 GN=UGT2B19 PE=1 SV=1
TRINITY_DN39303_c0_g1_i1.p1	sp|O97951|UDB18_MACFA	36.8	261	259	529	1	258	269	527	3.60e-51	177	sp|O97951|UDB18_MACFA UDP-glucuronosyltransferase 2B18 OS=Macaca fascicularis OX=9541 GN=UGT2B18 PE=1 SV=1
TRINITY_DN39303_c0_g1_i1.p1	sp|Q6K1J1|UDB31_CANLF	38.2	228	259	530	1	227	270	495	5.12e-51	177	sp|Q6K1J1|UDB31_CANLF UDP-glucuronosyltransferase 2B31 OS=Canis lupus familiaris OX=9615 GN=UGT2B31 PE=1 SV=1
TRINITY_DN39303_c0_g1_i1.p1	sp|O02663|UD2B9_MACFA	36.8	261	259	529	1	258	269	527	7.04e-51	177	sp|O02663|UD2B9_MACFA UDP-glucuronosyltransferase 2B9 OS=Macaca fascicularis OX=9541 GN=UGT2B9 PE=2 SV=1
TRINITY_DN39303_c0_g1_i1.p1	sp|P36512|UDB13_RABIT	37.7	228	259	531	1	227	271	496	1.42e-50	176	sp|P36512|UDB13_RABIT UDP-glucuronosyltransferase 2B13 OS=Oryctolagus cuniculus OX=9986 GN=UGT2B13 PE=2 SV=1
TRINITY_DN39303_c0_g1_i1.p1	sp|Q8BWQ1|UD2A3_MOUSE	36.3	245	259	534	4	245	272	514	2.09e-50	176	sp|Q8BWQ1|UD2A3_MOUSE UDP-glucuronosyltransferase 2A3 OS=Mus musculus OX=10090 GN=Ugt2a3 PE=1 SV=1
TRINITY_DN39303_c0_g1_i1.p1	sp|P06133|UD2B4_HUMAN	36.1	263	259	528	1	258	269	526	2.64e-50	175	sp|P06133|UD2B4_HUMAN UDP-glucuronosyltransferase 2B4 OS=Homo sapiens OX=9606 GN=UGT2B4 PE=1 SV=2
TRINITY_DN39303_c0_g1_i1.p1	sp|Q9GLD9|UDB33_MACMU	36.0	261	259	529	1	258	269	527	2.69e-50	175	sp|Q9GLD9|UDB33_MACMU UDP-glucuronosyltransferase 2B33 OS=Macaca mulatta OX=9544 GN=UGT2B33 PE=1 SV=1
TRINITY_DN39303_c0_g1_i1.p1	sp|P36513|UDB14_RABIT	37.7	228	259	530	1	227	270	495	2.73e-50	175	sp|P36513|UDB14_RABIT UDP-glucuronosyltransferase 2B14 OS=Oryctolagus cuniculus OX=9986 GN=UGT2B14 PE=2 SV=1
TRINITY_DN39303_c0_g1_i1.p1	sp|P36514|UD2C1_RABIT	35.3	258	259	502	4	258	245	500	4.58e-50	174	sp|P36514|UD2C1_RABIT UDP-glucuronosyltransferase 2C1 (Fragment) OS=Oryctolagus cuniculus OX=9986 GN=UGT2C1 PE=2 SV=1
TRINITY_DN39303_c0_g1_i1.p1	sp|Q9TSL6|UDB23_MACFA	35.6	261	259	529	1	258	269	527	1.02e-49	174	sp|Q9TSL6|UDB23_MACFA UDP-glucuronosyltransferase 2B23 OS=Macaca fascicularis OX=9541 GN=UGT2B23 PE=1 SV=1
TRINITY_DN39303_c0_g1_i1.p1	sp|P36511|UDB15_RAT	37.2	261	259	530	1	258	270	528	1.04e-49	174	sp|P36511|UDB15_RAT UDP-glucuronosyltransferase 2B15 OS=Rattus norvegicus OX=10116 GN=Ugt2b15 PE=1 SV=1
TRINITY_DN39303_c0_g1_i1.p1	sp|P19224|UD16_HUMAN	35.1	248	259	532	1	247	266	511	1.50e-49	173	sp|P19224|UD16_HUMAN UDP-glucuronosyltransferase 1A6 OS=Homo sapiens OX=9606 GN=UGT1A6 PE=1 SV=2
TRINITY_DN39303_c0_g1_i1.p1	sp|Q8WN97|UDB30_MACFA	36.5	260	259	528	1	258	269	526	3.83e-49	172	sp|Q8WN97|UDB30_MACFA UDP-glucuronosyltransferase 2B30 OS=Macaca fascicularis OX=9541 GN=UGT2B30 PE=1 SV=1
TRINITY_DN39303_c0_g1_i1.p1	sp|O75310|UDB11_HUMAN	37.3	225	259	529	4	227	272	494	5.44e-49	172	sp|O75310|UDB11_HUMAN UDP-glucuronosyltransferase 2B11 OS=Homo sapiens OX=9606 GN=UGT2B11 PE=1 SV=1
TRINITY_DN39303_c0_g1_i1.p1	sp|P0DTE5|UD2A2_HUMAN	37.0	238	259	536	4	240	279	514	8.50e-49	171	sp|P0DTE5|UD2A2_HUMAN UDP-glucuronosyltransferase 2A2 OS=Homo sapiens OX=9606 GN=UGT2A2 PE=1 SV=1
TRINITY_DN39303_c0_g1_i2.p1	sp|A0A291PQF1|UGT5_DACCO	38.5	257	281	526	8	264	240	496	5.95e-65	214	sp|A0A291PQF1|UGT5_DACCO UDP-glycosyltransferase UGT5 OS=Dactylopius coccus OX=765876 GN=UGT5 PE=1 SV=1
TRINITY_DN39303_c0_g1_i2.p1	sp|Q88168|UDPE_NPVSL	39.3	267	281	515	3	258	243	506	2.28e-61	205	sp|Q88168|UDPE_NPVSL Ecdysteroid UDP-glucosyltransferase OS=Spodoptera littoralis nuclear polyhedrosis virus OX=10456 GN=EGT PE=3 SV=1
TRINITY_DN39303_c0_g1_i2.p1	sp|A0A291PQH4|UGT2_DACCO	36.2	260	281	515	2	259	232	488	1.02e-58	198	sp|A0A291PQH4|UGT2_DACCO UDP-glucosyltransferase 2 OS=Dactylopius coccus OX=765876 GN=UTG2 PE=1 SV=1
TRINITY_DN39303_c0_g1_i2.p1	sp|P41713|UDPE_NPVLD	38.2	251	281	506	1	243	235	479	6.43e-58	196	sp|P41713|UDPE_NPVLD Ecdysteroid UDP-glucosyltransferase OS=Lymantria dispar multicapsid nuclear polyhedrosis virus OX=10449 GN=EGT PE=3 SV=2
TRINITY_DN39303_c0_g1_i2.p1	sp|A0A291PQG3|UGT4_DACCO	35.8	257	281	504	1	257	235	489	2.87e-54	186	sp|A0A291PQG3|UGT4_DACCO UDP-glycosyltransferase UGT4 OS=Dactylopius coccus OX=765876 GN=UGT4 PE=1 SV=1
TRINITY_DN39303_c0_g1_i2.p1	sp|Q83140|UDPE_NPVMB	36.7	251	281	528	1	244	255	502	8.85e-54	185	sp|Q83140|UDPE_NPVMB Ecdysteroid UDP-glucosyltransferase OS=Mamestra brassicae nuclear polyhedrosis virus OX=78219 GN=EGT PE=3 SV=1
TRINITY_DN39303_c0_g1_i2.p1	sp|P54855|UDB15_HUMAN	36.2	257	281	530	18	273	265	516	2.51e-53	184	sp|P54855|UDB15_HUMAN UDP-glucuronosyltransferase 2B15 OS=Homo sapiens OX=9606 GN=UGT2B15 PE=1 SV=3
TRINITY_DN39303_c0_g1_i2.p1	sp|P16662|UD2B7_HUMAN	35.7	258	281	529	18	269	264	519	4.83e-53	183	sp|P16662|UD2B7_HUMAN UDP-glucuronosyltransferase 2B7 OS=Homo sapiens OX=9606 GN=UGT2B7 PE=1 SV=2
TRINITY_DN39303_c0_g1_i2.p1	sp|O75795|UDB17_HUMAN	36.5	249	281	530	18	265	265	511	6.87e-53	183	sp|O75795|UDB17_HUMAN UDP-glucuronosyltransferase 2B17 OS=Homo sapiens OX=9606 GN=UGT2B17 PE=1 SV=1
TRINITY_DN39303_c0_g1_i2.p1	sp|O77649|UDB20_MACFA	36.9	249	281	530	18	265	265	511	1.34e-52	182	sp|O77649|UDB20_MACFA UDP-glucuronosyltransferase 2B20 OS=Macaca fascicularis OX=9541 GN=UGT2B20 PE=1 SV=1
TRINITY_DN39303_c0_g1_i2.p1	sp|P36514|UD2C1_RABIT	34.0	282	281	502	2	280	221	500	1.57e-52	181	sp|P36514|UD2C1_RABIT UDP-glucuronosyltransferase 2C1 (Fragment) OS=Oryctolagus cuniculus OX=9986 GN=UGT2C1 PE=2 SV=1
TRINITY_DN39303_c0_g1_i2.p1	sp|P36537|UDB10_HUMAN	38.2	228	281	528	23	249	268	493	1.81e-52	182	sp|P36537|UDB10_HUMAN UDP-glucuronosyltransferase 2B10 OS=Homo sapiens OX=9606 GN=UGT2B10 PE=1 SV=1
TRINITY_DN39303_c0_g1_i2.p1	sp|Q98166|UDPE_GVLO	40.0	230	281	460	2	228	227	455	3.70e-52	179	sp|Q98166|UDPE_GVLO Ecdysteroid UDP-glucosyltransferase OS=Lacanobia oleracea granulosis virus OX=52412 GN=EGT PE=3 SV=1
TRINITY_DN39303_c0_g1_i2.p1	sp|O97951|UDB18_MACFA	35.7	266	281	529	18	280	264	527	9.85e-52	180	sp|O97951|UDB18_MACFA UDP-glucuronosyltransferase 2B18 OS=Macaca fascicularis OX=9541 GN=UGT2B18 PE=1 SV=1
TRINITY_DN39303_c0_g1_i2.p1	sp|Q6K1J1|UDB31_CANLF	37.3	233	281	530	18	249	265	495	1.00e-51	180	sp|Q6K1J1|UDB31_CANLF UDP-glucuronosyltransferase 2B31 OS=Canis lupus familiaris OX=9615 GN=UGT2B31 PE=1 SV=1
TRINITY_DN39303_c0_g1_i2.p1	sp|O02663|UD2B9_MACFA	35.7	266	281	529	18	280	264	527	1.92e-51	179	sp|O02663|UD2B9_MACFA UDP-glucuronosyltransferase 2B9 OS=Macaca fascicularis OX=9541 GN=UGT2B9 PE=2 SV=1
TRINITY_DN39303_c0_g1_i2.p1	sp|Q9XT55|UDB19_MACFA	35.4	268	281	528	18	280	264	526	2.64e-51	179	sp|Q9XT55|UDB19_MACFA UDP-glucuronosyltransferase 2B19 OS=Macaca fascicularis OX=9541 GN=UGT2B19 PE=1 SV=1
TRINITY_DN39303_c0_g1_i2.p1	sp|P36512|UDB13_RABIT	35.3	249	281	531	2	249	250	496	5.43e-51	178	sp|P36512|UDB13_RABIT UDP-glucuronosyltransferase 2B13 OS=Oryctolagus cuniculus OX=9986 GN=UGT2B13 PE=2 SV=1
TRINITY_DN39303_c0_g1_i2.p1	sp|Q8BWQ1|UD2A3_MOUSE	35.9	248	281	534	23	267	269	514	5.72e-51	178	sp|Q8BWQ1|UD2A3_MOUSE UDP-glucuronosyltransferase 2A3 OS=Mus musculus OX=10090 GN=Ugt2a3 PE=1 SV=1
TRINITY_DN39303_c0_g1_i2.p1	sp|Q9GLD9|UDB33_MACMU	35.0	266	281	529	18	280	264	527	7.33e-51	177	sp|Q9GLD9|UDB33_MACMU UDP-glucuronosyltransferase 2B33 OS=Macaca mulatta OX=9544 GN=UGT2B33 PE=1 SV=1
TRINITY_DN39303_c0_g1_i2.p1	sp|P19224|UD16_HUMAN	33.6	268	281	532	3	269	246	511	2.10e-50	176	sp|P19224|UD16_HUMAN UDP-glucuronosyltransferase 1A6 OS=Homo sapiens OX=9606 GN=UGT1A6 PE=1 SV=2
TRINITY_DN39303_c0_g1_i2.p1	sp|P06133|UD2B4_HUMAN	35.1	268	281	528	18	280	264	526	2.74e-50	176	sp|P06133|UD2B4_HUMAN UDP-glucuronosyltransferase 2B4 OS=Homo sapiens OX=9606 GN=UGT2B4 PE=1 SV=2
TRINITY_DN39303_c0_g1_i2.p1	sp|Q9TSL6|UDB23_MACFA	34.6	266	281	529	18	280	264	527	2.79e-50	176	sp|Q9TSL6|UDB23_MACFA UDP-glucuronosyltransferase 2B23 OS=Macaca fascicularis OX=9541 GN=UGT2B23 PE=1 SV=1
TRINITY_DN39303_c0_g1_i2.p1	sp|P0DTE5|UD2A2_HUMAN	36.6	246	281	536	18	262	271	514	4.39e-50	176	sp|P0DTE5|UD2A2_HUMAN UDP-glucuronosyltransferase 2A2 OS=Homo sapiens OX=9606 GN=UGT2A2 PE=1 SV=1
TRINITY_DN39303_c0_g1_i2.p1	sp|P36513|UDB14_RABIT	34.9	249	281	530	2	249	249	495	5.54e-50	175	sp|P36513|UDB14_RABIT UDP-glucuronosyltransferase 2B14 OS=Oryctolagus cuniculus OX=9986 GN=UGT2B14 PE=2 SV=1
TRINITY_DN39303_c0_g1_i3.p1	sp|Q88168|UDPE_NPVSL	34.1	508	521	515	13	498	3	506	1.53e-90	289	sp|Q88168|UDPE_NPVSL Ecdysteroid UDP-glucosyltransferase OS=Spodoptera littoralis nuclear polyhedrosis virus OX=10456 GN=EGT PE=3 SV=1
TRINITY_DN39303_c0_g1_i3.p1	sp|P41713|UDPE_NPVLD	35.2	469	521	506	26	483	17	479	2.36e-90	288	sp|P41713|UDPE_NPVLD Ecdysteroid UDP-glucosyltransferase OS=Lymantria dispar multicapsid nuclear polyhedrosis virus OX=10449 GN=EGT PE=3 SV=2
TRINITY_DN39303_c0_g1_i3.p1	sp|Q83140|UDPE_NPVMB	33.6	494	521	528	11	484	17	502	7.07e-84	272	sp|Q83140|UDPE_NPVMB Ecdysteroid UDP-glucosyltransferase OS=Mamestra brassicae nuclear polyhedrosis virus OX=78219 GN=EGT PE=3 SV=1
TRINITY_DN39303_c0_g1_i3.p1	sp|Q98166|UDPE_GVLO	35.4	466	521	460	18	468	8	455	1.12e-80	262	sp|Q98166|UDPE_GVLO Ecdysteroid UDP-glucosyltransferase OS=Lacanobia oleracea granulosis virus OX=52412 GN=EGT PE=3 SV=1
TRINITY_DN39303_c0_g1_i3.p1	sp|A0A291PQH4|UGT2_DACCO	30.4	493	521	515	13	499	6	488	1.18e-76	253	sp|A0A291PQH4|UGT2_DACCO UDP-glucosyltransferase 2 OS=Dactylopius coccus OX=765876 GN=UTG2 PE=1 SV=1
TRINITY_DN39303_c0_g1_i3.p1	sp|A0A291PQF1|UGT5_DACCO	32.9	490	521	526	30	504	21	496	1.77e-74	248	sp|A0A291PQF1|UGT5_DACCO UDP-glycosyltransferase UGT5 OS=Dactylopius coccus OX=765876 GN=UGT5 PE=1 SV=1
TRINITY_DN39303_c0_g1_i3.p1	sp|P18569|EGT_NPVAC	31.5	480	521	506	26	483	17	489	1.15e-67	229	sp|P18569|EGT_NPVAC Ecdysteroid UDP-glucosyltransferase OS=Autographa californica nuclear polyhedrosis virus OX=46015 GN=EGT PE=1 SV=1
TRINITY_DN39303_c0_g1_i3.p1	sp|A0A291PQG3|UGT4_DACCO	30.5	508	521	504	5	497	1	489	2.26e-66	226	sp|A0A291PQG3|UGT4_DACCO UDP-glycosyltransferase UGT4 OS=Dactylopius coccus OX=765876 GN=UGT4 PE=1 SV=1
TRINITY_DN39303_c0_g1_i3.p1	sp|Q65363|UDPE_NPVOP	30.7	495	521	489	14	483	4	483	6.92e-63	216	sp|Q65363|UDPE_NPVOP Ecdysteroid UDP-glucosyltransferase OS=Orgyia pseudotsugata multicapsid polyhedrosis virus OX=262177 GN=EGT PE=3 SV=1
TRINITY_DN39303_c0_g1_i3.p1	sp|Q90158|UDPE_NPVCD	29.7	489	521	493	20	483	10	487	4.32e-60	209	sp|Q90158|UDPE_NPVCD Ecdysteroid UDP-glucosyltransferase OS=Choristoneura fumiferana defective polyhedrosis virus OX=74660 GN=egt PE=2 SV=2
TRINITY_DN39303_c0_g1_i3.p1	sp|Q6K1J1|UDB31_CANLF	29.1	468	521	530	40	489	34	495	9.64e-60	209	sp|Q6K1J1|UDB31_CANLF UDP-glucuronosyltransferase 2B31 OS=Canis lupus familiaris OX=9615 GN=UGT2B31 PE=1 SV=1
TRINITY_DN39303_c0_g1_i3.p1	sp|Q90157|UDPE_NPVCF	30.1	489	521	491	14	483	4	485	1.16e-58	205	sp|Q90157|UDPE_NPVCF Ecdysteroid UDP-glucosyltransferase OS=Choristoneura fumiferana nuclear polyhedrosis virus OX=208973 GN=EGT PE=2 SV=1
TRINITY_DN39303_c0_g1_i3.p1	sp|P54855|UDB15_HUMAN	28.7	491	521	530	40	513	34	516	5.14e-58	204	sp|P54855|UDB15_HUMAN UDP-glucuronosyltransferase 2B15 OS=Homo sapiens OX=9606 GN=UGT2B15 PE=1 SV=3
TRINITY_DN39303_c0_g1_i3.p1	sp|P16662|UD2B7_HUMAN	27.8	489	521	529	40	509	34	519	1.36e-57	203	sp|P16662|UD2B7_HUMAN UDP-glucuronosyltransferase 2B7 OS=Homo sapiens OX=9606 GN=UGT2B7 PE=1 SV=2
TRINITY_DN39303_c0_g1_i3.p1	sp|P36537|UDB10_HUMAN	28.8	458	521	528	46	489	39	493	6.96e-57	201	sp|P36537|UDB10_HUMAN UDP-glucuronosyltransferase 2B10 OS=Homo sapiens OX=9606 GN=UGT2B10 PE=1 SV=1
TRINITY_DN39303_c0_g1_i3.p1	sp|Q9HAW7|UD17_HUMAN	27.4	515	521	530	14	509	12	509	3.78e-56	199	sp|Q9HAW7|UD17_HUMAN UDP-glucuronosyltransferase 1A7 OS=Homo sapiens OX=9606 GN=UGT1A7 PE=1 SV=2
TRINITY_DN39303_c0_g1_i3.p1	sp|Q9HAW8|UD110_HUMAN	27.4	511	521	530	14	509	12	509	5.25e-56	199	sp|Q9HAW8|UD110_HUMAN UDP-glucuronosyltransferase 1A10 OS=Homo sapiens OX=9606 GN=UGT1A10 PE=1 SV=1
TRINITY_DN39303_c0_g1_i3.p1	sp|O75795|UDB17_HUMAN	28.4	483	521	530	40	505	34	511	7.31e-56	198	sp|O75795|UDB17_HUMAN UDP-glucuronosyltransferase 2B17 OS=Homo sapiens OX=9606 GN=UGT2B17 PE=1 SV=1
TRINITY_DN39303_c0_g1_i3.p1	sp|O77649|UDB20_MACFA	28.4	483	521	530	40	505	34	511	2.73e-55	197	sp|O77649|UDB20_MACFA UDP-glucuronosyltransferase 2B20 OS=Macaca fascicularis OX=9541 GN=UGT2B20 PE=1 SV=1
TRINITY_DN39303_c0_g1_i3.p1	sp|O02663|UD2B9_MACFA	27.9	501	521	529	40	520	34	527	3.72e-55	196	sp|O02663|UD2B9_MACFA UDP-glucuronosyltransferase 2B9 OS=Macaca fascicularis OX=9541 GN=UGT2B9 PE=2 SV=1
TRINITY_DN39303_c0_g1_i3.p1	sp|Q62452|UD19_MOUSE	26.3	513	521	528	17	509	13	507	7.06e-55	196	sp|Q62452|UD19_MOUSE UDP-glucuronosyltransferase 1A9 OS=Mus musculus OX=10090 GN=Ugt1a9 PE=1 SV=3
TRINITY_DN39303_c0_g1_i3.p1	sp|Q9GLD9|UDB33_MACMU	27.4	504	521	529	40	520	34	527	1.00e-54	195	sp|Q9GLD9|UDB33_MACMU UDP-glucuronosyltransferase 2B33 OS=Macaca mulatta OX=9544 GN=UGT2B33 PE=1 SV=1
TRINITY_DN39303_c0_g1_i3.p1	sp|P06133|UD2B4_HUMAN	28.3	502	521	528	40	520	34	526	1.89e-54	194	sp|P06133|UD2B4_HUMAN UDP-glucuronosyltransferase 2B4 OS=Homo sapiens OX=9606 GN=UGT2B4 PE=1 SV=2
TRINITY_DN39303_c0_g1_i3.p1	sp|O97951|UDB18_MACFA	28.1	502	521	529	40	520	34	527	2.68e-54	194	sp|O97951|UDB18_MACFA UDP-glucuronosyltransferase 2B18 OS=Macaca fascicularis OX=9541 GN=UGT2B18 PE=1 SV=1
TRINITY_DN39303_c0_g1_i3.p1	sp|O60656|UD19_HUMAN	26.7	514	521	530	14	509	12	509	7.34e-54	193	sp|O60656|UD19_HUMAN UDP-glucuronosyltransferase 1A9 OS=Homo sapiens OX=9606 GN=UGT1A9 PE=1 SV=1
TRINITY_DN39303_c0_g1_i5.p1	sp|P41713|UDPE_NPVLD	34.9	476	529	506	30	494	17	486	5.89e-90	288	sp|P41713|UDPE_NPVLD Ecdysteroid UDP-glucosyltransferase OS=Lymantria dispar multicapsid nuclear polyhedrosis virus OX=10449 GN=EGT PE=3 SV=2
TRINITY_DN39303_c0_g1_i5.p1	sp|Q88168|UDPE_NPVSL	34.0	509	529	515	17	503	3	507	1.49e-89	287	sp|Q88168|UDPE_NPVSL Ecdysteroid UDP-glucosyltransferase OS=Spodoptera littoralis nuclear polyhedrosis virus OX=10456 GN=EGT PE=3 SV=1
TRINITY_DN39303_c0_g1_i5.p1	sp|Q83140|UDPE_NPVMB	33.6	494	529	528	15	488	17	502	1.75e-83	271	sp|Q83140|UDPE_NPVMB Ecdysteroid UDP-glucosyltransferase OS=Mamestra brassicae nuclear polyhedrosis virus OX=78219 GN=EGT PE=3 SV=1
TRINITY_DN39303_c0_g1_i5.p1	sp|Q98166|UDPE_GVLO	35.4	466	529	460	22	472	8	455	9.96e-81	262	sp|Q98166|UDPE_GVLO Ecdysteroid UDP-glucosyltransferase OS=Lacanobia oleracea granulosis virus OX=52412 GN=EGT PE=3 SV=1
TRINITY_DN39303_c0_g1_i5.p1	sp|A0A291PQH4|UGT2_DACCO	30.3	508	529	515	17	518	6	499	2.70e-77	255	sp|A0A291PQH4|UGT2_DACCO UDP-glucosyltransferase 2 OS=Dactylopius coccus OX=765876 GN=UTG2 PE=1 SV=1
TRINITY_DN39303_c0_g1_i5.p1	sp|A0A291PQF1|UGT5_DACCO	32.4	513	529	526	34	526	21	518	8.44e-74	246	sp|A0A291PQF1|UGT5_DACCO UDP-glycosyltransferase UGT5 OS=Dactylopius coccus OX=765876 GN=UGT5 PE=1 SV=1
TRINITY_DN39303_c0_g1_i5.p1	sp|P18569|EGT_NPVAC	31.5	480	529	506	30	487	17	489	1.97e-67	229	sp|P18569|EGT_NPVAC Ecdysteroid UDP-glucosyltransferase OS=Autographa californica nuclear polyhedrosis virus OX=46015 GN=EGT PE=1 SV=1
TRINITY_DN39303_c0_g1_i5.p1	sp|A0A291PQG3|UGT4_DACCO	30.6	519	529	504	9	512	1	498	1.41e-66	226	sp|A0A291PQG3|UGT4_DACCO UDP-glycosyltransferase UGT4 OS=Dactylopius coccus OX=765876 GN=UGT4 PE=1 SV=1
TRINITY_DN39303_c0_g1_i5.p1	sp|Q65363|UDPE_NPVOP	30.7	495	529	489	18	487	4	483	8.37e-63	216	sp|Q65363|UDPE_NPVOP Ecdysteroid UDP-glucosyltransferase OS=Orgyia pseudotsugata multicapsid polyhedrosis virus OX=262177 GN=EGT PE=3 SV=1
TRINITY_DN39303_c0_g1_i5.p1	sp|Q6K1J1|UDB31_CANLF	29.1	505	529	530	44	526	34	528	2.93e-62	216	sp|Q6K1J1|UDB31_CANLF UDP-glucuronosyltransferase 2B31 OS=Canis lupus familiaris OX=9615 GN=UGT2B31 PE=1 SV=1
TRINITY_DN39303_c0_g1_i5.p1	sp|P54855|UDB15_HUMAN	28.9	499	529	530	44	524	34	527	8.32e-60	209	sp|P54855|UDB15_HUMAN UDP-glucuronosyltransferase 2B15 OS=Homo sapiens OX=9606 GN=UGT2B15 PE=1 SV=3
TRINITY_DN39303_c0_g1_i5.p1	sp|Q90158|UDPE_NPVCD	29.7	489	529	493	24	487	10	487	1.01e-59	208	sp|Q90158|UDPE_NPVCD Ecdysteroid UDP-glucosyltransferase OS=Choristoneura fumiferana defective polyhedrosis virus OX=74660 GN=egt PE=2 SV=2
TRINITY_DN39303_c0_g1_i5.p1	sp|Q90157|UDPE_NPVCF	30.1	489	529	491	18	487	4	485	1.38e-58	205	sp|Q90157|UDPE_NPVCF Ecdysteroid UDP-glucosyltransferase OS=Choristoneura fumiferana nuclear polyhedrosis virus OX=208973 GN=EGT PE=2 SV=1
TRINITY_DN39303_c0_g1_i5.p1	sp|P16662|UD2B7_HUMAN	27.2	496	529	529	44	521	34	526	8.40e-58	204	sp|P16662|UD2B7_HUMAN UDP-glucuronosyltransferase 2B7 OS=Homo sapiens OX=9606 GN=UGT2B7 PE=1 SV=2
TRINITY_DN39303_c0_g1_i5.p1	sp|P36537|UDB10_HUMAN	28.3	492	529	528	50	523	39	527	3.09e-57	202	sp|P36537|UDB10_HUMAN UDP-glucuronosyltransferase 2B10 OS=Homo sapiens OX=9606 GN=UGT2B10 PE=1 SV=1
TRINITY_DN39303_c0_g1_i5.p1	sp|O75795|UDB17_HUMAN	28.4	504	529	530	44	526	34	528	8.66e-57	201	sp|O75795|UDB17_HUMAN UDP-glucuronosyltransferase 2B17 OS=Homo sapiens OX=9606 GN=UGT2B17 PE=1 SV=1
TRINITY_DN39303_c0_g1_i5.p1	sp|Q9HAW7|UD17_HUMAN	27.5	531	529	530	14	523	13	520	4.51e-56	199	sp|Q9HAW7|UD17_HUMAN UDP-glucuronosyltransferase 1A7 OS=Homo sapiens OX=9606 GN=UGT1A7 PE=1 SV=2
TRINITY_DN39303_c0_g1_i5.p1	sp|O77649|UDB20_MACFA	28.4	504	529	530	44	526	34	528	4.51e-56	199	sp|O77649|UDB20_MACFA UDP-glucuronosyltransferase 2B20 OS=Macaca fascicularis OX=9541 GN=UGT2B20 PE=1 SV=1
TRINITY_DN39303_c0_g1_i5.p1	sp|Q9HAW8|UD110_HUMAN	27.5	523	529	530	18	523	12	520	8.71e-56	198	sp|Q9HAW8|UD110_HUMAN UDP-glucuronosyltransferase 1A10 OS=Homo sapiens OX=9606 GN=UGT1A10 PE=1 SV=1
TRINITY_DN39303_c0_g1_i5.p1	sp|P06133|UD2B4_HUMAN	27.7	524	529	528	17	523	9	524	1.62e-55	197	sp|P06133|UD2B4_HUMAN UDP-glucuronosyltransferase 2B4 OS=Homo sapiens OX=9606 GN=UGT2B4 PE=1 SV=2
TRINITY_DN39303_c0_g1_i5.p1	sp|O02663|UD2B9_MACFA	27.6	503	529	529	44	523	34	525	2.29e-55	197	sp|O02663|UD2B9_MACFA UDP-glucuronosyltransferase 2B9 OS=Macaca fascicularis OX=9541 GN=UGT2B9 PE=2 SV=1
TRINITY_DN39303_c0_g1_i5.p1	sp|Q9GLD9|UDB33_MACMU	27.3	506	529	529	44	523	34	525	3.19e-55	197	sp|Q9GLD9|UDB33_MACMU UDP-glucuronosyltransferase 2B33 OS=Macaca mulatta OX=9544 GN=UGT2B33 PE=1 SV=1
TRINITY_DN39303_c0_g1_i5.p1	sp|O97951|UDB18_MACFA	28.0	504	529	529	44	523	34	525	1.19e-54	195	sp|O97951|UDB18_MACFA UDP-glucuronosyltransferase 2B18 OS=Macaca fascicularis OX=9541 GN=UGT2B18 PE=1 SV=1
TRINITY_DN39303_c0_g1_i5.p1	sp|P36512|UDB13_RABIT	27.0	530	529	531	15	526	8	529	1.24e-54	195	sp|P36512|UDB13_RABIT UDP-glucuronosyltransferase 2B13 OS=Oryctolagus cuniculus OX=9986 GN=UGT2B13 PE=2 SV=1
TRINITY_DN39303_c0_g1_i5.p1	sp|Q9TSL6|UDB23_MACFA	26.9	505	529	529	44	523	34	525	4.43e-54	194	sp|Q9TSL6|UDB23_MACFA UDP-glucuronosyltransferase 2B23 OS=Macaca fascicularis OX=9541 GN=UGT2B23 PE=1 SV=1
TRINITY_DN39303_c0_g1_i7.p1	sp|Q88168|UDPE_NPVSL	34.1	508	525	515	17	502	3	506	1.22e-90	290	sp|Q88168|UDPE_NPVSL Ecdysteroid UDP-glucosyltransferase OS=Spodoptera littoralis nuclear polyhedrosis virus OX=10456 GN=EGT PE=3 SV=1
TRINITY_DN39303_c0_g1_i7.p1	sp|P41713|UDPE_NPVLD	35.2	469	525	506	30	487	17	479	2.65e-90	288	sp|P41713|UDPE_NPVLD Ecdysteroid UDP-glucosyltransferase OS=Lymantria dispar multicapsid nuclear polyhedrosis virus OX=10449 GN=EGT PE=3 SV=2
TRINITY_DN39303_c0_g1_i7.p1	sp|Q83140|UDPE_NPVMB	33.6	494	525	528	15	488	17	502	5.63e-84	273	sp|Q83140|UDPE_NPVMB Ecdysteroid UDP-glucosyltransferase OS=Mamestra brassicae nuclear polyhedrosis virus OX=78219 GN=EGT PE=3 SV=1
TRINITY_DN39303_c0_g1_i7.p1	sp|Q98166|UDPE_GVLO	35.4	466	525	460	22	472	8	455	8.92e-81	262	sp|Q98166|UDPE_GVLO Ecdysteroid UDP-glucosyltransferase OS=Lacanobia oleracea granulosis virus OX=52412 GN=EGT PE=3 SV=1
TRINITY_DN39303_c0_g1_i7.p1	sp|A0A291PQH4|UGT2_DACCO	30.4	493	525	515	17	503	6	488	9.40e-77	253	sp|A0A291PQH4|UGT2_DACCO UDP-glucosyltransferase 2 OS=Dactylopius coccus OX=765876 GN=UTG2 PE=1 SV=1
TRINITY_DN39303_c0_g1_i7.p1	sp|A0A291PQF1|UGT5_DACCO	32.9	490	525	526	34	508	21	496	1.97e-74	248	sp|A0A291PQF1|UGT5_DACCO UDP-glycosyltransferase UGT5 OS=Dactylopius coccus OX=765876 GN=UGT5 PE=1 SV=1
TRINITY_DN39303_c0_g1_i7.p1	sp|P18569|EGT_NPVAC	31.5	480	525	506	30	487	17	489	1.27e-67	229	sp|P18569|EGT_NPVAC Ecdysteroid UDP-glucosyltransferase OS=Autographa californica nuclear polyhedrosis virus OX=46015 GN=EGT PE=1 SV=1
TRINITY_DN39303_c0_g1_i7.p1	sp|A0A291PQG3|UGT4_DACCO	30.5	508	525	504	9	501	1	489	1.33e-65	224	sp|A0A291PQG3|UGT4_DACCO UDP-glycosyltransferase UGT4 OS=Dactylopius coccus OX=765876 GN=UGT4 PE=1 SV=1
TRINITY_DN39303_c0_g1_i7.p1	sp|Q65363|UDPE_NPVOP	30.7	495	525	489	18	487	4	483	5.45e-63	216	sp|Q65363|UDPE_NPVOP Ecdysteroid UDP-glucosyltransferase OS=Orgyia pseudotsugata multicapsid polyhedrosis virus OX=262177 GN=EGT PE=3 SV=1
TRINITY_DN39303_c0_g1_i7.p1	sp|Q90158|UDPE_NPVCD	29.7	489	525	493	24	487	10	487	3.40e-60	209	sp|Q90158|UDPE_NPVCD Ecdysteroid UDP-glucosyltransferase OS=Choristoneura fumiferana defective polyhedrosis virus OX=74660 GN=egt PE=2 SV=2
TRINITY_DN39303_c0_g1_i7.p1	sp|Q6K1J1|UDB31_CANLF	29.1	468	525	530	44	493	34	495	1.06e-59	209	sp|Q6K1J1|UDB31_CANLF UDP-glucuronosyltransferase 2B31 OS=Canis lupus familiaris OX=9615 GN=UGT2B31 PE=1 SV=1
TRINITY_DN39303_c0_g1_i7.p1	sp|Q90157|UDPE_NPVCF	30.1	489	525	491	18	487	4	485	9.07e-59	205	sp|Q90157|UDPE_NPVCF Ecdysteroid UDP-glucosyltransferase OS=Choristoneura fumiferana nuclear polyhedrosis virus OX=208973 GN=EGT PE=2 SV=1
TRINITY_DN39303_c0_g1_i7.p1	sp|P54855|UDB15_HUMAN	28.7	491	525	530	44	517	34	516	5.63e-58	204	sp|P54855|UDB15_HUMAN UDP-glucuronosyltransferase 2B15 OS=Homo sapiens OX=9606 GN=UGT2B15 PE=1 SV=3
TRINITY_DN39303_c0_g1_i7.p1	sp|P16662|UD2B7_HUMAN	27.8	489	525	529	44	513	34	519	1.49e-57	203	sp|P16662|UD2B7_HUMAN UDP-glucuronosyltransferase 2B7 OS=Homo sapiens OX=9606 GN=UGT2B7 PE=1 SV=2
TRINITY_DN39303_c0_g1_i7.p1	sp|P36537|UDB10_HUMAN	28.8	458	525	528	50	493	39	493	7.61e-57	201	sp|P36537|UDB10_HUMAN UDP-glucuronosyltransferase 2B10 OS=Homo sapiens OX=9606 GN=UGT2B10 PE=1 SV=1
TRINITY_DN39303_c0_g1_i7.p1	sp|Q9HAW7|UD17_HUMAN	27.4	519	525	530	14	513	13	509	2.13e-56	200	sp|Q9HAW7|UD17_HUMAN UDP-glucuronosyltransferase 1A7 OS=Homo sapiens OX=9606 GN=UGT1A7 PE=1 SV=2
TRINITY_DN39303_c0_g1_i7.p1	sp|Q9HAW8|UD110_HUMAN	27.4	511	525	530	18	513	12	509	4.13e-56	199	sp|Q9HAW8|UD110_HUMAN UDP-glucuronosyltransferase 1A10 OS=Homo sapiens OX=9606 GN=UGT1A10 PE=1 SV=1
TRINITY_DN39303_c0_g1_i7.p1	sp|O75795|UDB17_HUMAN	28.4	483	525	530	44	509	34	511	7.98e-56	198	sp|O75795|UDB17_HUMAN UDP-glucuronosyltransferase 2B17 OS=Homo sapiens OX=9606 GN=UGT2B17 PE=1 SV=1
TRINITY_DN39303_c0_g1_i7.p1	sp|O77649|UDB20_MACFA	28.4	483	525	530	44	509	34	511	2.98e-55	197	sp|O77649|UDB20_MACFA UDP-glucuronosyltransferase 2B20 OS=Macaca fascicularis OX=9541 GN=UGT2B20 PE=1 SV=1
TRINITY_DN39303_c0_g1_i7.p1	sp|O02663|UD2B9_MACFA	27.9	501	525	529	44	524	34	527	4.06e-55	196	sp|O02663|UD2B9_MACFA UDP-glucuronosyltransferase 2B9 OS=Macaca fascicularis OX=9541 GN=UGT2B9 PE=2 SV=1
TRINITY_DN39303_c0_g1_i7.p1	sp|Q62452|UD19_MOUSE	26.3	513	525	528	21	513	13	507	5.54e-55	196	sp|Q62452|UD19_MOUSE UDP-glucuronosyltransferase 1A9 OS=Mus musculus OX=10090 GN=Ugt1a9 PE=1 SV=3
TRINITY_DN39303_c0_g1_i7.p1	sp|Q9GLD9|UDB33_MACMU	27.4	504	525	529	44	524	34	527	1.09e-54	195	sp|Q9GLD9|UDB33_MACMU UDP-glucuronosyltransferase 2B33 OS=Macaca mulatta OX=9544 GN=UGT2B33 PE=1 SV=1
TRINITY_DN39303_c0_g1_i7.p1	sp|P06133|UD2B4_HUMAN	28.2	529	525	528	17	524	9	526	1.49e-54	195	sp|P06133|UD2B4_HUMAN UDP-glucuronosyltransferase 2B4 OS=Homo sapiens OX=9606 GN=UGT2B4 PE=1 SV=2
TRINITY_DN39303_c0_g1_i7.p1	sp|O97951|UDB18_MACFA	28.1	502	525	529	44	524	34	527	2.93e-54	194	sp|O97951|UDB18_MACFA UDP-glucuronosyltransferase 2B18 OS=Macaca fascicularis OX=9541 GN=UGT2B18 PE=1 SV=1
TRINITY_DN39303_c0_g1_i7.p1	sp|O60656|UD19_HUMAN	26.7	514	525	530	18	513	12	509	5.75e-54	193	sp|O60656|UD19_HUMAN UDP-glucuronosyltransferase 1A9 OS=Homo sapiens OX=9606 GN=UGT1A9 PE=1 SV=1
TRINITY_DN41259_c0_g1_i1.p1	sp|B0WC46|TRET1_CULQU	27.2	217	238	517	4	214	42	257	1.24e-19	90.5	sp|B0WC46|TRET1_CULQU Facilitated trehalose transporter Tret1 OS=Culex quinquefasciatus OX=7176 GN=Tret1 PE=3 SV=1
TRINITY_DN41259_c0_g1_i1.p1	sp|Q17NV8|TRET1_AEDAE	25.6	215	238	806	5	214	334	546	5.18e-19	89.0	sp|Q17NV8|TRET1_AEDAE Facilitated trehalose transporter Tret1 OS=Aedes aegypti OX=7159 GN=Tret1 PE=3 SV=1
TRINITY_DN41259_c0_g1_i1.p1	sp|Q9JIF3|SL2A8_MOUSE	25.1	211	238	477	9	217	20	230	5.25e-19	88.6	sp|Q9JIF3|SL2A8_MOUSE Solute carrier family 2, facilitated glucose transporter member 8 OS=Mus musculus OX=10090 GN=Slc2a8 PE=1 SV=2
TRINITY_DN41259_c0_g1_i1.p1	sp|Q9JJZ1|SL2A8_RAT	24.9	201	238	478	18	217	30	230	3.35e-18	86.3	sp|Q9JJZ1|SL2A8_RAT Solute carrier family 2, facilitated glucose transporter member 8 OS=Rattus norvegicus OX=10116 GN=Slc2a8 PE=1 SV=1
TRINITY_DN41259_c0_g1_i1.p1	sp|P58354|SL2A8_BOVIN	26.1	188	238	478	29	214	41	227	7.19e-17	82.4	sp|P58354|SL2A8_BOVIN Solute carrier family 2, facilitated glucose transporter member 8 OS=Bos taurus OX=9913 GN=SLC2A8 PE=2 SV=2
TRINITY_DN41259_c0_g1_i1.p1	sp|Q8VZT3|EDL12_ARATH	28.0	186	238	462	29	214	41	223	1.28e-16	81.6	sp|Q8VZT3|EDL12_ARATH Sugar transporter ERD6-like 12 OS=Arabidopsis thaliana OX=3702 GN=SUGTL5 PE=2 SV=1
TRINITY_DN41259_c0_g1_i1.p1	sp|Q9NY64|SL2A8_HUMAN	25.1	187	238	477	29	214	41	227	1.32e-16	81.6	sp|Q9NY64|SL2A8_HUMAN Solute carrier family 2, facilitated glucose transporter member 8 OS=Homo sapiens OX=9606 GN=SLC2A8 PE=1 SV=3
TRINITY_DN41259_c0_g1_i1.p1	sp|B4MYA4|TRET1_DROWI	24.8	202	238	872	14	214	410	611	7.70e-16	79.7	sp|B4MYA4|TRET1_DROWI Facilitated trehalose transporter Tret1 OS=Drosophila willistoni OX=7260 GN=Tret1 PE=3 SV=1
TRINITY_DN41259_c0_g1_i1.p1	sp|Q8GXK5|EDL14_ARATH	25.9	212	238	482	3	214	32	233	6.99e-15	76.6	sp|Q8GXK5|EDL14_ARATH Sugar transporter ERD6-like 14 OS=Arabidopsis thaliana OX=3702 GN=At4g04750 PE=2 SV=2
TRINITY_DN41259_c0_g1_i1.p1	sp|P93051|ERDL7_ARATH	35.2	159	238	463	64	214	71	225	9.18e-15	76.3	sp|P93051|ERDL7_ARATH Sugar transporter ERD6-like 7 OS=Arabidopsis thaliana OX=3702 GN=At2g48020 PE=2 SV=2
TRINITY_DN41259_c0_g1_i1.p1	sp|Q9UGQ3|GTR6_HUMAN	25.7	187	238	507	29	214	53	239	1.32e-14	75.9	sp|Q9UGQ3|GTR6_HUMAN Solute carrier family 2, facilitated glucose transporter member 6 OS=Homo sapiens OX=9606 GN=SLC2A6 PE=1 SV=2
TRINITY_DN41259_c0_g1_i1.p1	sp|Q7XA64|ERDL9_ARATH	28.7	209	238	327	9	215	24	225	2.47e-14	74.3	sp|Q7XA64|ERDL9_ARATH Sugar transporter ERD6-like 9 OS=Arabidopsis thaliana OX=3702 GN=At3g05155 PE=2 SV=1
TRINITY_DN41259_c0_g1_i1.p1	sp|Q9M0Z9|EDL15_ARATH	24.5	212	238	478	4	215	28	229	6.51e-13	70.9	sp|Q9M0Z9|EDL15_ARATH Sugar transporter ERD6-like 15 OS=Arabidopsis thaliana OX=3702 GN=At4g04760 PE=3 SV=2
TRINITY_DN41259_c0_g1_i1.p1	sp|Q93YP9|ERDL4_ARATH	25.7	183	238	488	33	214	64	246	8.90e-13	70.5	sp|Q93YP9|ERDL4_ARATH Sugar transporter ERD6-like 4 OS=Arabidopsis thaliana OX=3702 GN=At1g19450 PE=2 SV=1
TRINITY_DN41259_c0_g1_i1.p1	sp|Q93Z80|EDL10_ARATH	26.2	187	238	458	28	214	39	218	1.16e-12	70.1	sp|Q93Z80|EDL10_ARATH Sugar transporter ERD6-like 10 OS=Arabidopsis thaliana OX=3702 GN=At3g05160 PE=2 SV=1
TRINITY_DN41259_c0_g1_i1.p1	sp|Q3ECP7|ERDL5_ARATH	26.1	188	238	470	29	216	47	231	1.18e-12	70.1	sp|Q3ECP7|ERDL5_ARATH Sugar transporter ERD6-like 5 OS=Arabidopsis thaliana OX=3702 GN=At1g54730 PE=2 SV=2
TRINITY_DN41259_c0_g1_i1.p1	sp|Q94CI7|EDL17_ARATH	26.2	210	238	474	13	214	23	228	2.92e-12	68.9	sp|Q94CI7|EDL17_ARATH Sugar transporter ERD6-like 17 OS=Arabidopsis thaliana OX=3702 GN=SFP1 PE=2 SV=2
TRINITY_DN41259_c0_g1_i1.p1	sp|Q9FRL3|ERDL6_ARATH	25.1	183	238	487	33	214	63	245	5.41e-12	68.2	sp|Q9FRL3|ERDL6_ARATH Sugar transporter ERD6-like 6 OS=Arabidopsis thaliana OX=3702 GN=At1g75220 PE=1 SV=1
TRINITY_DN41259_c0_g1_i1.p1	sp|Q94CI6|EDL18_ARATH	25.7	210	238	478	13	214	27	232	2.41e-11	66.2	sp|Q94CI6|EDL18_ARATH Sugar transporter ERD6-like 18 OS=Arabidopsis thaliana OX=3702 GN=SFP2 PE=2 SV=1
TRINITY_DN41259_c0_g1_i1.p1	sp|Q9LTP6|EDL13_ARATH	27.7	159	238	488	57	215	93	251	3.29e-11	65.9	sp|Q9LTP6|EDL13_ARATH Putative sugar transporter ERD6-like 13 OS=Arabidopsis thaliana OX=3702 GN=At3g20460 PE=3 SV=2
TRINITY_DN41259_c0_g1_i1.p1	sp|Q8LBI9|EDL16_ARATH	28.5	158	238	482	57	214	84	241	8.03e-11	64.7	sp|Q8LBI9|EDL16_ARATH Sugar transporter ERD6-like 16 OS=Arabidopsis thaliana OX=3702 GN=At5g18840 PE=2 SV=2
TRINITY_DN41259_c0_g1_i1.p1	sp|P45598|ARAE_KLEOX	23.8	214	238	472	21	227	25	238	1.07e-10	64.3	sp|P45598|ARAE_KLEOX Arabinose-proton symporter OS=Klebsiella oxytoca OX=571 GN=araE PE=3 SV=1
TRINITY_DN41259_c0_g1_i1.p1	sp|Q4F7G0|ERDL2_ARATH	27.6	134	238	462	82	215	90	223	1.43e-10	63.9	sp|Q4F7G0|ERDL2_ARATH Sugar transporter ERD6-like 2 OS=Arabidopsis thaliana OX=3702 GN=SUGTL3 PE=2 SV=1
TRINITY_DN41259_c0_g1_i1.p1	sp|Q9C757|INT2_ARATH	24.2	211	238	580	7	210	23	229	2.87e-10	63.2	sp|Q9C757|INT2_ARATH Probable inositol transporter 2 OS=Arabidopsis thaliana OX=3702 GN=INT2 PE=1 SV=1
TRINITY_DN41259_c0_g1_i1.p1	sp|Q94AF9|EDL11_ARATH	24.6	187	238	467	28	214	48	227	4.77e-10	62.4	sp|Q94AF9|EDL11_ARATH Sugar transporter ERD6-like 11 OS=Arabidopsis thaliana OX=3702 GN=At3g05165 PE=2 SV=2
TRINITY_DN5199_c0_g1_i1.p1	sp|A0A291PQF1|UGT5_DACCO	25.1	487	526	526	26	494	24	487	7.47e-39	152	sp|A0A291PQF1|UGT5_DACCO UDP-glycosyltransferase UGT5 OS=Dactylopius coccus OX=765876 GN=UGT5 PE=1 SV=1
TRINITY_DN5199_c0_g1_i1.p1	sp|A0A291PQH4|UGT2_DACCO	25.8	473	526	515	24	493	24	483	3.86e-37	147	sp|A0A291PQH4|UGT2_DACCO UDP-glucosyltransferase 2 OS=Dactylopius coccus OX=765876 GN=UTG2 PE=1 SV=1
TRINITY_DN5199_c0_g1_i1.p1	sp|Q88168|UDPE_NPVSL	24.5	523	526	515	22	504	20	515	2.40e-31	130	sp|Q88168|UDPE_NPVSL Ecdysteroid UDP-glucosyltransferase OS=Spodoptera littoralis nuclear polyhedrosis virus OX=10456 GN=EGT PE=3 SV=1
TRINITY_DN5199_c0_g1_i1.p1	sp|A0A291PQG3|UGT4_DACCO	26.0	492	526	504	21	504	24	497	1.13e-29	125	sp|A0A291PQG3|UGT4_DACCO UDP-glycosyltransferase UGT4 OS=Dactylopius coccus OX=765876 GN=UGT4 PE=1 SV=1
TRINITY_DN5199_c0_g1_i1.p1	sp|Q09426|CGT_RAT	27.0	486	526	541	22	493	22	483	1.58e-29	125	sp|Q09426|CGT_RAT 2-hydroxyacylsphingosine 1-beta-galactosyltransferase OS=Rattus norvegicus OX=10116 GN=Ugt8 PE=1 SV=1
TRINITY_DN5199_c0_g1_i1.p1	sp|P36512|UDB13_RABIT	30.2	258	526	531	237	491	245	499	4.87e-29	124	sp|P36512|UDB13_RABIT UDP-glucuronosyltransferase 2B13 OS=Oryctolagus cuniculus OX=9986 GN=UGT2B13 PE=2 SV=1
TRINITY_DN5199_c0_g1_i1.p1	sp|Q8BWQ1|UD2A3_MOUSE	32.6	233	526	534	269	499	275	505	4.99e-29	124	sp|Q8BWQ1|UD2A3_MOUSE UDP-glucuronosyltransferase 2A3 OS=Mus musculus OX=10090 GN=Ugt2a3 PE=1 SV=1
TRINITY_DN5199_c0_g1_i1.p1	sp|Q6UWM9|UD2A3_HUMAN	29.2	257	526	527	263	517	267	515	1.16e-28	122	sp|Q6UWM9|UD2A3_HUMAN UDP-glucuronosyltransferase 2A3 OS=Homo sapiens OX=9606 GN=UGT2A3 PE=1 SV=2
TRINITY_DN5199_c0_g1_i1.p1	sp|Q64676|CGT_MOUSE	30.7	270	526	541	242	505	232	499	1.30e-28	122	sp|Q64676|CGT_MOUSE 2-hydroxyacylsphingosine 1-beta-galactosyltransferase OS=Mus musculus OX=10090 GN=Ugt8 PE=1 SV=2
TRINITY_DN5199_c0_g1_i1.p1	sp|Q16880|CGT_HUMAN	25.4	523	526	541	9	509	9	507	1.75e-28	122	sp|Q16880|CGT_HUMAN 2-hydroxyacylsphingosine 1-beta-galactosyltransferase OS=Homo sapiens OX=9606 GN=UGT8 PE=1 SV=2
TRINITY_DN5199_c0_g1_i1.p1	sp|Q5RFJ3|UD2A3_PONAB	30.3	231	526	527	263	491	267	495	2.86e-28	121	sp|Q5RFJ3|UD2A3_PONAB UDP-glucuronosyltransferase 2A3 OS=Pongo abelii OX=9601 GN=UGT2A3 PE=2 SV=1
TRINITY_DN5199_c0_g1_i1.p1	sp|P36514|UD2C1_RABIT	32.5	240	526	502	269	505	248	478	4.22e-28	120	sp|P36514|UD2C1_RABIT UDP-glucuronosyltransferase 2C1 (Fragment) OS=Oryctolagus cuniculus OX=9986 GN=UGT2C1 PE=2 SV=1
TRINITY_DN5199_c0_g1_i1.p1	sp|Q80X89|UD2A1_MOUSE	31.1	238	526	528	269	503	274	509	5.26e-28	120	sp|Q80X89|UD2A1_MOUSE UDP-glucuronosyltransferase 2A1 OS=Mus musculus OX=10090 GN=Ugt2a1 PE=2 SV=1
TRINITY_DN5199_c0_g1_i1.p1	sp|Q6PDD0|UD2A2_MOUSE	31.1	238	526	528	269	503	274	509	5.26e-28	120	sp|Q6PDD0|UD2A2_MOUSE UDP-glucuronosyltransferase 2A2 OS=Mus musculus OX=10090 GN=Ugt2a2 PE=2 SV=1
TRINITY_DN5199_c0_g1_i1.p1	sp|P36513|UDB14_RABIT	29.8	275	526	530	237	508	244	513	5.35e-28	120	sp|P36513|UDB14_RABIT UDP-glucuronosyltransferase 2B14 OS=Oryctolagus cuniculus OX=9986 GN=UGT2B14 PE=2 SV=1
TRINITY_DN5199_c0_g1_i1.p1	sp|Q83140|UDPE_NPVMB	25.3	463	526	528	22	464	34	480	1.74e-27	119	sp|Q83140|UDPE_NPVMB Ecdysteroid UDP-glucosyltransferase OS=Mamestra brassicae nuclear polyhedrosis virus OX=78219 GN=EGT PE=3 SV=1
TRINITY_DN5199_c0_g1_i1.p1	sp|Q3UP75|UD3A1_MOUSE	28.9	284	526	523	236	508	233	513	2.26e-27	119	sp|Q3UP75|UD3A1_MOUSE UDP-glucuronosyltransferase 3A1 OS=Mus musculus OX=10090 GN=Ugt3a1 PE=1 SV=1
TRINITY_DN5199_c0_g1_i1.p1	sp|P16662|UD2B7_HUMAN	26.2	484	526	529	30	493	31	499	3.20e-27	118	sp|P16662|UD2B7_HUMAN UDP-glucuronosyltransferase 2B7 OS=Homo sapiens OX=9606 GN=UGT2B7 PE=1 SV=2
TRINITY_DN5199_c0_g1_i1.p1	sp|P0DTE5|UD2A2_HUMAN	31.3	227	526	536	269	493	282	506	3.36e-27	118	sp|P0DTE5|UD2A2_HUMAN UDP-glucuronosyltransferase 2A2 OS=Homo sapiens OX=9606 GN=UGT2A2 PE=1 SV=1
TRINITY_DN5199_c0_g1_i1.p1	sp|P36510|UD2A1_RAT	30.4	240	526	527	269	506	273	508	4.24e-27	118	sp|P36510|UD2A1_RAT UDP-glucuronosyltransferase 2A1 OS=Rattus norvegicus OX=10116 GN=Ugt2a1 PE=2 SV=1
TRINITY_DN5199_c0_g1_i1.p1	sp|P09875|UD2B1_RAT	31.4	226	526	529	270	493	277	500	7.82e-27	117	sp|P09875|UD2B1_RAT UDP-glucuronosyltransferase 2B1 OS=Rattus norvegicus OX=10116 GN=Ugt2b1 PE=1 SV=1
TRINITY_DN5199_c0_g1_i1.p1	sp|Q6K1J1|UDB31_CANLF	30.9	230	526	530	264	491	272	498	7.88e-27	117	sp|Q6K1J1|UDB31_CANLF UDP-glucuronosyltransferase 2B31 OS=Canis lupus familiaris OX=9615 GN=UGT2B31 PE=1 SV=1
TRINITY_DN5199_c0_g1_i1.p1	sp|Q9R110|UD2A3_CAVPO	31.1	225	526	530	269	491	276	498	4.69e-26	115	sp|Q9R110|UD2A3_CAVPO UDP-glucuronosyltransferase 2A3 OS=Cavia porcellus OX=10141 GN=UGT2A3 PE=2 SV=1
TRINITY_DN5199_c0_g1_i1.p1	sp|Q6ZQM8|UD17_MOUSE	28.8	274	526	531	235	506	237	506	4.72e-26	115	sp|Q6ZQM8|UD17_MOUSE UDP-glucuronosyltransferase 1A7 OS=Mus musculus OX=10090 GN=Ugt1a7 PE=1 SV=1
TRINITY_DN5199_c0_g1_i1.p1	sp|P41713|UDPE_NPVLD	23.1	481	526	506	27	495	25	492	5.31e-26	114	sp|P41713|UDPE_NPVLD Ecdysteroid UDP-glucosyltransferase OS=Lymantria dispar multicapsid nuclear polyhedrosis virus OX=10449 GN=EGT PE=3 SV=2
TRINITY_DN5252_c0_g3_i1.p1	sp|P36513|UDB14_RABIT	44.0	159	166	530	8	166	320	478	7.61e-41	146	sp|P36513|UDB14_RABIT UDP-glucuronosyltransferase 2B14 OS=Oryctolagus cuniculus OX=9986 GN=UGT2B14 PE=2 SV=1
TRINITY_DN5252_c0_g3_i1.p1	sp|A0A291PQF1|UGT5_DACCO	41.0	166	166	526	1	166	299	464	1.40e-40	145	sp|A0A291PQF1|UGT5_DACCO UDP-glycosyltransferase UGT5 OS=Dactylopius coccus OX=765876 GN=UGT5 PE=1 SV=1
TRINITY_DN5252_c0_g3_i1.p1	sp|Q6K1J1|UDB31_CANLF	45.3	159	166	530	8	166	320	478	5.51e-40	144	sp|Q6K1J1|UDB31_CANLF UDP-glucuronosyltransferase 2B31 OS=Canis lupus familiaris OX=9615 GN=UGT2B31 PE=1 SV=1
TRINITY_DN5252_c0_g3_i1.p1	sp|Q9GLD9|UDB33_MACMU	44.0	159	166	529	8	166	319	477	1.05e-39	143	sp|Q9GLD9|UDB33_MACMU UDP-glucuronosyltransferase 2B33 OS=Macaca mulatta OX=9544 GN=UGT2B33 PE=1 SV=1
TRINITY_DN5252_c0_g3_i1.p1	sp|Q9TSL6|UDB23_MACFA	44.0	159	166	529	8	166	319	477	1.46e-39	143	sp|Q9TSL6|UDB23_MACFA UDP-glucuronosyltransferase 2B23 OS=Macaca fascicularis OX=9541 GN=UGT2B23 PE=1 SV=1
TRINITY_DN5252_c0_g3_i1.p1	sp|P36537|UDB10_HUMAN	42.8	159	166	528	8	166	318	476	1.04e-38	140	sp|P36537|UDB10_HUMAN UDP-glucuronosyltransferase 2B10 OS=Homo sapiens OX=9606 GN=UGT2B10 PE=1 SV=1
TRINITY_DN5252_c0_g3_i1.p1	sp|P16662|UD2B7_HUMAN	42.1	159	166	529	8	166	319	477	1.47e-38	140	sp|P16662|UD2B7_HUMAN UDP-glucuronosyltransferase 2B7 OS=Homo sapiens OX=9606 GN=UGT2B7 PE=1 SV=2
TRINITY_DN5252_c0_g3_i1.p1	sp|O97951|UDB18_MACFA	43.4	159	166	529	8	166	319	477	2.04e-38	140	sp|O97951|UDB18_MACFA UDP-glucuronosyltransferase 2B18 OS=Macaca fascicularis OX=9541 GN=UGT2B18 PE=1 SV=1
TRINITY_DN5252_c0_g3_i1.p1	sp|P36512|UDB13_RABIT	42.7	164	166	531	3	166	316	479	2.08e-38	140	sp|P36512|UDB13_RABIT UDP-glucuronosyltransferase 2B13 OS=Oryctolagus cuniculus OX=9986 GN=UGT2B13 PE=2 SV=1
TRINITY_DN5252_c0_g3_i1.p1	sp|P08541|UD2B2_RAT	45.9	159	166	530	8	166	320	478	2.86e-38	139	sp|P08541|UD2B2_RAT UDP-glucuronosyltransferase 2B2 OS=Rattus norvegicus OX=10116 GN=Ugt2b PE=1 SV=1
TRINITY_DN5252_c0_g3_i1.p1	sp|O02663|UD2B9_MACFA	42.8	159	166	529	8	166	319	477	5.45e-38	139	sp|O02663|UD2B9_MACFA UDP-glucuronosyltransferase 2B9 OS=Macaca fascicularis OX=9541 GN=UGT2B9 PE=2 SV=1
TRINITY_DN5252_c0_g3_i1.p1	sp|Q8BWQ1|UD2A3_MOUSE	42.6	162	166	534	5	166	316	477	5.75e-38	139	sp|Q8BWQ1|UD2A3_MOUSE UDP-glucuronosyltransferase 2A3 OS=Mus musculus OX=10090 GN=Ugt2a3 PE=1 SV=1
TRINITY_DN5252_c0_g3_i1.p1	sp|P54855|UDB15_HUMAN	42.8	159	166	530	8	166	320	478	1.06e-37	138	sp|P54855|UDB15_HUMAN UDP-glucuronosyltransferase 2B15 OS=Homo sapiens OX=9606 GN=UGT2B15 PE=1 SV=3
TRINITY_DN5252_c0_g3_i1.p1	sp|O75310|UDB11_HUMAN	41.5	164	166	529	3	166	314	477	1.46e-37	137	sp|O75310|UDB11_HUMAN UDP-glucuronosyltransferase 2B11 OS=Homo sapiens OX=9606 GN=UGT2B11 PE=1 SV=1
TRINITY_DN5252_c0_g3_i1.p1	sp|O75795|UDB17_HUMAN	43.4	159	166	530	8	166	320	478	1.47e-37	137	sp|O75795|UDB17_HUMAN UDP-glucuronosyltransferase 2B17 OS=Homo sapiens OX=9606 GN=UGT2B17 PE=1 SV=1
TRINITY_DN5252_c0_g3_i1.p1	sp|O19103|UDB16_RABIT	41.5	164	166	523	3	166	308	471	1.90e-37	137	sp|O19103|UDB16_RABIT UDP-glucuronosyltransferase 2B16 (Fragment) OS=Oryctolagus cuniculus OX=9986 GN=UGT2B16 PE=2 SV=2
TRINITY_DN5252_c0_g3_i1.p1	sp|Q6UWM9|UD2A3_HUMAN	40.9	159	166	527	8	166	317	475	1.98e-37	137	sp|Q6UWM9|UD2A3_HUMAN UDP-glucuronosyltransferase 2A3 OS=Homo sapiens OX=9606 GN=UGT2A3 PE=1 SV=2
TRINITY_DN5252_c0_g3_i1.p1	sp|Q5RFJ3|UD2A3_PONAB	40.9	159	166	527	8	166	317	475	1.98e-37	137	sp|Q5RFJ3|UD2A3_PONAB UDP-glucuronosyltransferase 2A3 OS=Pongo abelii OX=9601 GN=UGT2A3 PE=2 SV=1
TRINITY_DN5252_c0_g3_i1.p1	sp|O77649|UDB20_MACFA	43.4	159	166	530	8	166	320	478	2.05e-37	137	sp|O77649|UDB20_MACFA UDP-glucuronosyltransferase 2B20 OS=Macaca fascicularis OX=9541 GN=UGT2B20 PE=1 SV=1
TRINITY_DN5252_c0_g3_i1.p1	sp|P36511|UDB15_RAT	44.0	159	166	530	8	166	320	478	2.84e-37	137	sp|P36511|UDB15_RAT UDP-glucuronosyltransferase 2B15 OS=Rattus norvegicus OX=10116 GN=Ugt2b15 PE=1 SV=1
TRINITY_DN5252_c0_g3_i1.p1	sp|Q9XT55|UDB19_MACFA	41.5	159	166	528	8	166	319	477	3.86e-37	136	sp|Q9XT55|UDB19_MACFA UDP-glucuronosyltransferase 2B19 OS=Macaca fascicularis OX=9541 GN=UGT2B19 PE=1 SV=1
TRINITY_DN5252_c0_g3_i1.p1	sp|Q8WN97|UDB30_MACFA	41.5	159	166	528	8	166	319	477	5.36e-37	136	sp|Q8WN97|UDB30_MACFA UDP-glucuronosyltransferase 2B30 OS=Macaca fascicularis OX=9541 GN=UGT2B30 PE=1 SV=1
TRINITY_DN5252_c0_g3_i1.p1	sp|P06133|UD2B4_HUMAN	41.5	159	166	528	8	166	319	477	1.03e-36	135	sp|P06133|UD2B4_HUMAN UDP-glucuronosyltransferase 2B4 OS=Homo sapiens OX=9606 GN=UGT2B4 PE=1 SV=2
TRINITY_DN5252_c0_g3_i1.p1	sp|Q88168|UDPE_NPVSL	40.4	171	166	515	1	165	312	479	3.34e-36	134	sp|Q88168|UDPE_NPVSL Ecdysteroid UDP-glucosyltransferase OS=Spodoptera littoralis nuclear polyhedrosis virus OX=10456 GN=EGT PE=3 SV=1
TRINITY_DN5252_c0_g3_i1.p1	sp|Q9BY64|UDB28_HUMAN	40.9	164	166	529	3	166	314	477	7.40e-36	133	sp|Q9BY64|UDB28_HUMAN UDP-glucuronosyltransferase 2B28 OS=Homo sapiens OX=9606 GN=UGT2B28 PE=1 SV=1
TRINITY_DN566_c0_g2_i1.p1	sp|A5LGM7|TRET1_POLVA	26.9	479	492	504	14	476	43	481	6.27e-33	134	sp|A5LGM7|TRET1_POLVA Facilitated trehalose transporter Tret1 OS=Polypedilum vanderplanki OX=319348 GN=Tret1 PE=1 SV=1
TRINITY_DN566_c0_g2_i1.p1	sp|B4J913|TRET1_DROGR	26.5	475	492	929	14	476	468	906	3.68e-32	134	sp|B4J913|TRET1_DROGR Facilitated trehalose transporter Tret1 OS=Drosophila grimshawi OX=7222 GN=Tret1 PE=3 SV=1
TRINITY_DN566_c0_g2_i1.p1	sp|Q291H8|TRET1_DROPS	26.1	479	492	868	14	476	407	845	8.43e-32	133	sp|Q291H8|TRET1_DROPS Facilitated trehalose transporter Tret1 OS=Drosophila pseudoobscura pseudoobscura OX=46245 GN=Tret1 PE=3 SV=3
TRINITY_DN566_c0_g2_i1.p1	sp|B4GAP7|TRET1_DROPE	26.1	479	492	869	14	476	408	846	8.44e-32	133	sp|B4GAP7|TRET1_DROPE Facilitated trehalose transporter Tret1 OS=Drosophila persimilis OX=7234 GN=Tret1 PE=3 SV=2
TRINITY_DN566_c0_g2_i1.p1	sp|B0WC46|TRET1_CULQU	24.6	475	492	517	14	476	56	494	1.60e-31	130	sp|B0WC46|TRET1_CULQU Facilitated trehalose transporter Tret1 OS=Culex quinquefasciatus OX=7176 GN=Tret1 PE=3 SV=1
TRINITY_DN566_c0_g2_i1.p1	sp|Q17NV8|TRET1_AEDAE	25.3	475	492	806	14	476	345	783	2.54e-31	131	sp|Q17NV8|TRET1_AEDAE Facilitated trehalose transporter Tret1 OS=Aedes aegypti OX=7159 GN=Tret1 PE=3 SV=1
TRINITY_DN566_c0_g2_i1.p1	sp|B4LPX5|TRET1_DROVI	26.1	479	492	911	14	476	450	888	5.12e-31	130	sp|B4LPX5|TRET1_DROVI Facilitated trehalose transporter Tret1 OS=Drosophila virilis OX=7244 GN=Tret1 PE=3 SV=2
TRINITY_DN566_c0_g2_i1.p1	sp|B3MG58|TRET1_DROAN	26.1	482	492	866	14	476	405	843	1.19e-30	129	sp|B3MG58|TRET1_DROAN Facilitated trehalose transporter Tret1 OS=Drosophila ananassae OX=7217 GN=Tret1 PE=3 SV=2
TRINITY_DN566_c0_g2_i1.p1	sp|B4MYA4|TRET1_DROWI	25.8	480	492	872	14	476	410	849	1.20e-30	129	sp|B4MYA4|TRET1_DROWI Facilitated trehalose transporter Tret1 OS=Drosophila willistoni OX=7260 GN=Tret1 PE=3 SV=1
TRINITY_DN566_c0_g2_i1.p1	sp|B4QBN3|TRE12_DROSI	25.5	479	492	488	14	476	28	466	2.58e-30	126	sp|B4QBN3|TRE12_DROSI Facilitated trehalose transporter Tret1-2 homolog OS=Drosophila simulans OX=7240 GN=Tret1-2 PE=3 SV=1
TRINITY_DN566_c0_g2_i1.p1	sp|B4KR05|TRET1_DROMO	25.5	479	492	863	14	476	402	840	2.86e-30	128	sp|B4KR05|TRET1_DROMO Facilitated trehalose transporter Tret1 OS=Drosophila mojavensis OX=7230 GN=Tret1 PE=3 SV=2
TRINITY_DN566_c0_g2_i1.p1	sp|B3NSE1|TRET1_DROER	25.3	475	492	856	14	476	395	833	7.14e-29	124	sp|B3NSE1|TRET1_DROER Facilitated trehalose transporter Tret1 OS=Drosophila erecta OX=7220 GN=Tret1 PE=3 SV=1
TRINITY_DN566_c0_g2_i1.p1	sp|B4P624|TRET1_DROYA	25.1	475	492	856	14	476	395	833	9.56e-29	124	sp|B4P624|TRET1_DROYA Facilitated trehalose transporter Tret1 OS=Drosophila yakuba OX=7245 GN=Tret1 PE=3 SV=1
TRINITY_DN566_c0_g2_i1.p1	sp|B4HNS1|TRE12_DROSE	25.2	481	492	488	14	476	28	466	8.73e-28	119	sp|B4HNS1|TRE12_DROSE Facilitated trehalose transporter Tret1-2 homolog OS=Drosophila sechellia OX=7238 GN=Tret1-2 PE=3 SV=1
TRINITY_DN566_c0_g2_i1.p1	sp|B4QBN2|TRE11_DROSI	25.3	475	492	857	14	476	396	834	9.91e-28	120	sp|B4QBN2|TRE11_DROSI Facilitated trehalose transporter Tret1-1 OS=Drosophila simulans OX=7240 GN=Tret1-1 PE=3 SV=2
TRINITY_DN566_c0_g2_i1.p1	sp|Q8MKK4|TRE12_DROME	24.8	479	492	488	14	476	28	466	1.60e-27	118	sp|Q8MKK4|TRE12_DROME Trehalose transporter 1-like protein OS=Drosophila melanogaster OX=7227 GN=Tret1l PE=2 SV=1
TRINITY_DN566_c0_g2_i1.p1	sp|A1Z8N1|TRE11_DROME	25.1	475	492	857	14	476	396	834	4.26e-27	119	sp|A1Z8N1|TRE11_DROME Trehalose transporter 1 OS=Drosophila melanogaster OX=7227 GN=Tret1 PE=1 SV=1
TRINITY_DN566_c0_g2_i1.p1	sp|A9ZSY3|TRET1_BOMMO	25.6	433	492	505	67	485	103	493	4.62e-27	117	sp|A9ZSY3|TRET1_BOMMO Facilitated trehalose transporter Tret1 OS=Bombyx mori OX=7091 GN=Tret1 PE=1 SV=1
TRINITY_DN566_c0_g2_i1.p1	sp|Q7PIR5|TRET1_ANOGA	24.6	476	492	793	14	476	332	770	7.14e-27	118	sp|Q7PIR5|TRET1_ANOGA Facilitated trehalose transporter Tret1 OS=Anopheles gambiae OX=7165 GN=Tret1 PE=1 SV=3
TRINITY_DN566_c0_g2_i1.p1	sp|B4HNS0|TRE11_DROSE	25.1	479	492	857	14	476	396	834	1.83e-26	117	sp|B4HNS0|TRE11_DROSE Facilitated trehalose transporter Tret1-1 OS=Drosophila sechellia OX=7238 GN=Tret1-1 PE=3 SV=1
TRINITY_DN566_c0_g2_i1.p1	sp|A9ZSY2|TRET1_APILI	23.8	483	492	502	11	479	39	482	5.53e-25	111	sp|A9ZSY2|TRET1_APILI Facilitated trehalose transporter Tret1 OS=Apis mellifera ligustica OX=7469 GN=Tret1 PE=1 SV=1
TRINITY_DN566_c0_g2_i1.p1	sp|Q9UGQ3|GTR6_HUMAN	23.9	435	492	507	84	488	107	507	5.41e-21	99.4	sp|Q9UGQ3|GTR6_HUMAN Solute carrier family 2, facilitated glucose transporter member 6 OS=Homo sapiens OX=9606 GN=SLC2A6 PE=1 SV=2
TRINITY_DN566_c0_g2_i1.p1	sp|O04036|ERD6_ARATH	26.0	439	492	496	53	478	92	490	2.21e-20	97.4	sp|O04036|ERD6_ARATH Sugar transporter ERD6 OS=Arabidopsis thaliana OX=3702 GN=ERD6 PE=1 SV=3
TRINITY_DN566_c0_g2_i1.p1	sp|Q3UDF0|GTR6_MOUSE	22.5	488	492	497	29	489	52	497	1.73e-18	91.7	sp|Q3UDF0|GTR6_MOUSE Solute carrier family 2, facilitated glucose transporter member 6 OS=Mus musculus OX=10090 GN=Slc2a6 PE=1 SV=1
TRINITY_DN566_c0_g2_i1.p1	sp|B0XQS8|QUTD_ASPFC	25.1	502	492	542	16	479	23	492	2.71e-18	91.3	sp|B0XQS8|QUTD_ASPFC Probable quinate permease OS=Aspergillus fumigatus (strain CBS 144.89 / FGSC A1163 / CEA10) OX=451804 GN=qutD PE=3 SV=1
TRINITY_DN566_c0_g2_i2.p1	sp|A5LGM7|TRET1_POLVA	26.9	479	492	504	14	476	43	481	6.27e-33	134	sp|A5LGM7|TRET1_POLVA Facilitated trehalose transporter Tret1 OS=Polypedilum vanderplanki OX=319348 GN=Tret1 PE=1 SV=1
TRINITY_DN566_c0_g2_i2.p1	sp|B4J913|TRET1_DROGR	26.5	475	492	929	14	476	468	906	3.68e-32	134	sp|B4J913|TRET1_DROGR Facilitated trehalose transporter Tret1 OS=Drosophila grimshawi OX=7222 GN=Tret1 PE=3 SV=1
TRINITY_DN566_c0_g2_i2.p1	sp|Q291H8|TRET1_DROPS	26.1	479	492	868	14	476	407	845	8.43e-32	133	sp|Q291H8|TRET1_DROPS Facilitated trehalose transporter Tret1 OS=Drosophila pseudoobscura pseudoobscura OX=46245 GN=Tret1 PE=3 SV=3
TRINITY_DN566_c0_g2_i2.p1	sp|B4GAP7|TRET1_DROPE	26.1	479	492	869	14	476	408	846	8.44e-32	133	sp|B4GAP7|TRET1_DROPE Facilitated trehalose transporter Tret1 OS=Drosophila persimilis OX=7234 GN=Tret1 PE=3 SV=2
TRINITY_DN566_c0_g2_i2.p1	sp|B0WC46|TRET1_CULQU	24.6	475	492	517	14	476	56	494	1.60e-31	130	sp|B0WC46|TRET1_CULQU Facilitated trehalose transporter Tret1 OS=Culex quinquefasciatus OX=7176 GN=Tret1 PE=3 SV=1
TRINITY_DN566_c0_g2_i2.p1	sp|Q17NV8|TRET1_AEDAE	25.3	475	492	806	14	476	345	783	2.54e-31	131	sp|Q17NV8|TRET1_AEDAE Facilitated trehalose transporter Tret1 OS=Aedes aegypti OX=7159 GN=Tret1 PE=3 SV=1
TRINITY_DN566_c0_g2_i2.p1	sp|B4LPX5|TRET1_DROVI	26.1	479	492	911	14	476	450	888	5.12e-31	130	sp|B4LPX5|TRET1_DROVI Facilitated trehalose transporter Tret1 OS=Drosophila virilis OX=7244 GN=Tret1 PE=3 SV=2
TRINITY_DN566_c0_g2_i2.p1	sp|B3MG58|TRET1_DROAN	26.1	482	492	866	14	476	405	843	1.19e-30	129	sp|B3MG58|TRET1_DROAN Facilitated trehalose transporter Tret1 OS=Drosophila ananassae OX=7217 GN=Tret1 PE=3 SV=2
TRINITY_DN566_c0_g2_i2.p1	sp|B4MYA4|TRET1_DROWI	25.8	480	492	872	14	476	410	849	1.20e-30	129	sp|B4MYA4|TRET1_DROWI Facilitated trehalose transporter Tret1 OS=Drosophila willistoni OX=7260 GN=Tret1 PE=3 SV=1
TRINITY_DN566_c0_g2_i2.p1	sp|B4QBN3|TRE12_DROSI	25.5	479	492	488	14	476	28	466	2.58e-30	126	sp|B4QBN3|TRE12_DROSI Facilitated trehalose transporter Tret1-2 homolog OS=Drosophila simulans OX=7240 GN=Tret1-2 PE=3 SV=1
TRINITY_DN566_c0_g2_i2.p1	sp|B4KR05|TRET1_DROMO	25.5	479	492	863	14	476	402	840	2.86e-30	128	sp|B4KR05|TRET1_DROMO Facilitated trehalose transporter Tret1 OS=Drosophila mojavensis OX=7230 GN=Tret1 PE=3 SV=2
TRINITY_DN566_c0_g2_i2.p1	sp|B3NSE1|TRET1_DROER	25.3	475	492	856	14	476	395	833	7.14e-29	124	sp|B3NSE1|TRET1_DROER Facilitated trehalose transporter Tret1 OS=Drosophila erecta OX=7220 GN=Tret1 PE=3 SV=1
TRINITY_DN566_c0_g2_i2.p1	sp|B4P624|TRET1_DROYA	25.1	475	492	856	14	476	395	833	9.56e-29	124	sp|B4P624|TRET1_DROYA Facilitated trehalose transporter Tret1 OS=Drosophila yakuba OX=7245 GN=Tret1 PE=3 SV=1
TRINITY_DN566_c0_g2_i2.p1	sp|B4HNS1|TRE12_DROSE	25.2	481	492	488	14	476	28	466	8.73e-28	119	sp|B4HNS1|TRE12_DROSE Facilitated trehalose transporter Tret1-2 homolog OS=Drosophila sechellia OX=7238 GN=Tret1-2 PE=3 SV=1
TRINITY_DN566_c0_g2_i2.p1	sp|B4QBN2|TRE11_DROSI	25.3	475	492	857	14	476	396	834	9.91e-28	120	sp|B4QBN2|TRE11_DROSI Facilitated trehalose transporter Tret1-1 OS=Drosophila simulans OX=7240 GN=Tret1-1 PE=3 SV=2
TRINITY_DN566_c0_g2_i2.p1	sp|Q8MKK4|TRE12_DROME	24.8	479	492	488	14	476	28	466	1.60e-27	118	sp|Q8MKK4|TRE12_DROME Trehalose transporter 1-like protein OS=Drosophila melanogaster OX=7227 GN=Tret1l PE=2 SV=1
TRINITY_DN566_c0_g2_i2.p1	sp|A1Z8N1|TRE11_DROME	25.1	475	492	857	14	476	396	834	4.26e-27	119	sp|A1Z8N1|TRE11_DROME Trehalose transporter 1 OS=Drosophila melanogaster OX=7227 GN=Tret1 PE=1 SV=1
TRINITY_DN566_c0_g2_i2.p1	sp|A9ZSY3|TRET1_BOMMO	25.6	433	492	505	67	485	103	493	4.62e-27	117	sp|A9ZSY3|TRET1_BOMMO Facilitated trehalose transporter Tret1 OS=Bombyx mori OX=7091 GN=Tret1 PE=1 SV=1
TRINITY_DN566_c0_g2_i2.p1	sp|Q7PIR5|TRET1_ANOGA	24.6	476	492	793	14	476	332	770	7.14e-27	118	sp|Q7PIR5|TRET1_ANOGA Facilitated trehalose transporter Tret1 OS=Anopheles gambiae OX=7165 GN=Tret1 PE=1 SV=3
TRINITY_DN566_c0_g2_i2.p1	sp|B4HNS0|TRE11_DROSE	25.1	479	492	857	14	476	396	834	1.83e-26	117	sp|B4HNS0|TRE11_DROSE Facilitated trehalose transporter Tret1-1 OS=Drosophila sechellia OX=7238 GN=Tret1-1 PE=3 SV=1
TRINITY_DN566_c0_g2_i2.p1	sp|A9ZSY2|TRET1_APILI	23.8	483	492	502	11	479	39	482	5.53e-25	111	sp|A9ZSY2|TRET1_APILI Facilitated trehalose transporter Tret1 OS=Apis mellifera ligustica OX=7469 GN=Tret1 PE=1 SV=1
TRINITY_DN566_c0_g2_i2.p1	sp|Q9UGQ3|GTR6_HUMAN	23.9	435	492	507	84	488	107	507	5.41e-21	99.4	sp|Q9UGQ3|GTR6_HUMAN Solute carrier family 2, facilitated glucose transporter member 6 OS=Homo sapiens OX=9606 GN=SLC2A6 PE=1 SV=2
TRINITY_DN566_c0_g2_i2.p1	sp|O04036|ERD6_ARATH	26.0	439	492	496	53	478	92	490	2.21e-20	97.4	sp|O04036|ERD6_ARATH Sugar transporter ERD6 OS=Arabidopsis thaliana OX=3702 GN=ERD6 PE=1 SV=3
TRINITY_DN566_c0_g2_i2.p1	sp|Q3UDF0|GTR6_MOUSE	22.5	488	492	497	29	489	52	497	1.73e-18	91.7	sp|Q3UDF0|GTR6_MOUSE Solute carrier family 2, facilitated glucose transporter member 6 OS=Mus musculus OX=10090 GN=Slc2a6 PE=1 SV=1
TRINITY_DN566_c0_g2_i2.p1	sp|B0XQS8|QUTD_ASPFC	25.1	502	492	542	16	479	23	492	2.71e-18	91.3	sp|B0XQS8|QUTD_ASPFC Probable quinate permease OS=Aspergillus fumigatus (strain CBS 144.89 / FGSC A1163 / CEA10) OX=451804 GN=qutD PE=3 SV=1
TRINITY_DN60107_c0_g1_i1.p1	sp|A0A291PQH4|UGT2_DACCO	34.0	103	102	515	1	102	181	282	2.53e-13	67.4	sp|A0A291PQH4|UGT2_DACCO UDP-glucosyltransferase 2 OS=Dactylopius coccus OX=765876 GN=UTG2 PE=1 SV=1
TRINITY_DN60107_c0_g1_i1.p1	sp|A0A291PQF1|UGT5_DACCO	34.0	97	102	526	6	102	189	284	2.24e-12	64.7	sp|A0A291PQF1|UGT5_DACCO UDP-glycosyltransferase UGT5 OS=Dactylopius coccus OX=765876 GN=UGT5 PE=1 SV=1
TRINITY_DN60107_c0_g1_i1.p1	sp|Q8WN97|UDB30_MACFA	32.0	100	102	528	1	100	199	296	5.41e-09	55.1	sp|Q8WN97|UDB30_MACFA UDP-glucuronosyltransferase 2B30 OS=Macaca fascicularis OX=9541 GN=UGT2B30 PE=1 SV=1
TRINITY_DN60107_c0_g1_i1.p1	sp|P06133|UD2B4_HUMAN	31.0	100	102	528	1	100	199	296	7.38e-09	54.7	sp|P06133|UD2B4_HUMAN UDP-glucuronosyltransferase 2B4 OS=Homo sapiens OX=9606 GN=UGT2B4 PE=1 SV=2
TRINITY_DN60107_c0_g1_i1.p1	sp|Q9XT55|UDB19_MACFA	31.0	100	102	528	1	100	199	296	3.51e-08	52.8	sp|Q9XT55|UDB19_MACFA UDP-glucuronosyltransferase 2B19 OS=Macaca fascicularis OX=9541 GN=UGT2B19 PE=1 SV=1
TRINITY_DN60107_c0_g1_i1.p1	sp|P08541|UD2B2_RAT	29.0	100	102	530	1	100	200	297	8.93e-08	51.6	sp|P08541|UD2B2_RAT UDP-glucuronosyltransferase 2B2 OS=Rattus norvegicus OX=10116 GN=Ugt2b PE=1 SV=1
TRINITY_DN60107_c0_g1_i1.p1	sp|P36537|UDB10_HUMAN	28.0	100	102	528	1	100	198	295	7.90e-07	48.9	sp|P36537|UDB10_HUMAN UDP-glucuronosyltransferase 2B10 OS=Homo sapiens OX=9606 GN=UGT2B10 PE=1 SV=1
TRINITY_DN60107_c0_g1_i1.p1	sp|O75310|UDB11_HUMAN	29.0	100	102	529	1	100	199	296	7.91e-07	48.9	sp|O75310|UDB11_HUMAN UDP-glucuronosyltransferase 2B11 OS=Homo sapiens OX=9606 GN=UGT2B11 PE=1 SV=1
TRINITY_DN60107_c0_g1_i1.p1	sp|Q9BY64|UDB28_HUMAN	28.0	100	102	529	1	100	199	296	7.91e-07	48.9	sp|Q9BY64|UDB28_HUMAN UDP-glucuronosyltransferase 2B28 OS=Homo sapiens OX=9606 GN=UGT2B28 PE=1 SV=1
TRINITY_DN60107_c0_g1_i1.p1	sp|P36511|UDB15_RAT	27.0	100	102	530	1	100	200	297	7.91e-07	48.9	sp|P36511|UDB15_RAT UDP-glucuronosyltransferase 2B15 OS=Rattus norvegicus OX=10116 GN=Ugt2b15 PE=1 SV=1
TRINITY_DN60107_c0_g1_i1.p1	sp|P17717|UDB17_MOUSE	27.0	100	102	530	1	100	200	297	7.91e-07	48.9	sp|P17717|UDB17_MOUSE UDP-glucuronosyltransferase 2B17 OS=Mus musculus OX=10090 GN=Ugt2b17 PE=1 SV=1
TRINITY_DN60107_c0_g1_i1.p1	sp|O97951|UDB18_MACFA	29.0	100	102	529	1	100	199	296	7.00e-06	46.2	sp|O97951|UDB18_MACFA UDP-glucuronosyltransferase 2B18 OS=Macaca fascicularis OX=9541 GN=UGT2B18 PE=1 SV=1
TRINITY_DN60107_c0_g1_i1.p1	sp|O02663|UD2B9_MACFA	28.0	100	102	529	1	100	199	296	3.32e-05	44.3	sp|O02663|UD2B9_MACFA UDP-glucuronosyltransferase 2B9 OS=Macaca fascicularis OX=9541 GN=UGT2B9 PE=2 SV=1
TRINITY_DN60107_c0_g1_i1.p1	sp|Q64676|CGT_MOUSE	26.7	101	102	541	1	101	182	281	1.58e-04	42.4	sp|Q64676|CGT_MOUSE 2-hydroxyacylsphingosine 1-beta-galactosyltransferase OS=Mus musculus OX=10090 GN=Ugt8 PE=1 SV=2
TRINITY_DN60107_c0_g1_i1.p1	sp|Q88168|UDPE_NPVSL	27.5	69	102	515	34	102	225	293	5.47e-04	40.8	sp|Q88168|UDPE_NPVSL Ecdysteroid UDP-glucosyltransferase OS=Spodoptera littoralis nuclear polyhedrosis virus OX=10456 GN=EGT PE=3 SV=1
TRINITY_DN654_c0_g1_i1.p1	sp|Q98166|UDPE_GVLO	28.9	135	146	460	7	136	5	134	2.40e-05	46.2	sp|Q98166|UDPE_GVLO Ecdysteroid UDP-glucosyltransferase OS=Lacanobia oleracea granulosis virus OX=52412 GN=EGT PE=3 SV=1
TRINITY_DN654_c0_g1_i1.p1	sp|A0A291PQH4|UGT2_DACCO	27.7	130	146	515	9	134	10	131	7.08e-04	42.0	sp|A0A291PQH4|UGT2_DACCO UDP-glucosyltransferase 2 OS=Dactylopius coccus OX=765876 GN=UTG2 PE=1 SV=1
TRINITY_DN654_c0_g1_i2.p1	sp|A0A291PQH4|UGT2_DACCO	30.9	488	519	515	9	491	10	482	6.59e-69	233	sp|A0A291PQH4|UGT2_DACCO UDP-glucosyltransferase 2 OS=Dactylopius coccus OX=765876 GN=UTG2 PE=1 SV=1
TRINITY_DN654_c0_g1_i2.p1	sp|A0A291PQF1|UGT5_DACCO	31.4	497	519	526	11	498	10	492	8.94e-68	230	sp|A0A291PQF1|UGT5_DACCO UDP-glycosyltransferase UGT5 OS=Dactylopius coccus OX=765876 GN=UGT5 PE=1 SV=1
TRINITY_DN654_c0_g1_i2.p1	sp|A0A291PQG3|UGT4_DACCO	30.4	510	519	504	10	500	14	497	8.14e-52	187	sp|A0A291PQG3|UGT4_DACCO UDP-glycosyltransferase UGT4 OS=Dactylopius coccus OX=765876 GN=UGT4 PE=1 SV=1
TRINITY_DN654_c0_g1_i2.p1	sp|P36511|UDB15_RAT	31.4	360	519	530	149	503	164	511	1.58e-40	156	sp|P36511|UDB15_RAT UDP-glucuronosyltransferase 2B15 OS=Rattus norvegicus OX=10116 GN=Ugt2b15 PE=1 SV=1
TRINITY_DN654_c0_g1_i2.p1	sp|P36514|UD2C1_RABIT	27.6	482	519	502	48	503	23	483	2.33e-38	150	sp|P36514|UD2C1_RABIT UDP-glucuronosyltransferase 2C1 (Fragment) OS=Oryctolagus cuniculus OX=9986 GN=UGT2C1 PE=2 SV=1
TRINITY_DN654_c0_g1_i2.p1	sp|Q88168|UDPE_NPVSL	25.9	518	519	515	3	487	2	497	7.21e-38	149	sp|Q88168|UDPE_NPVSL Ecdysteroid UDP-glucosyltransferase OS=Spodoptera littoralis nuclear polyhedrosis virus OX=10456 GN=EGT PE=3 SV=1
TRINITY_DN654_c0_g1_i2.p1	sp|P09875|UD2B1_RAT	29.6	348	519	529	176	517	192	528	1.19e-37	148	sp|P09875|UD2B1_RAT UDP-glucuronosyltransferase 2B1 OS=Rattus norvegicus OX=10116 GN=Ugt2b1 PE=1 SV=1
TRINITY_DN654_c0_g1_i2.p1	sp|P36512|UDB13_RABIT	32.1	318	519	531	176	491	193	500	3.13e-37	147	sp|P36512|UDB13_RABIT UDP-glucuronosyltransferase 2B13 OS=Oryctolagus cuniculus OX=9986 GN=UGT2B13 PE=2 SV=1
TRINITY_DN654_c0_g1_i2.p1	sp|P08541|UD2B2_RAT	30.5	361	519	530	149	503	164	511	2.02e-36	145	sp|P08541|UD2B2_RAT UDP-glucuronosyltransferase 2B2 OS=Rattus norvegicus OX=10116 GN=Ugt2b PE=1 SV=1
TRINITY_DN654_c0_g1_i2.p1	sp|P16662|UD2B7_HUMAN	26.9	524	519	529	3	503	4	510	5.10e-36	144	sp|P16662|UD2B7_HUMAN UDP-glucuronosyltransferase 2B7 OS=Homo sapiens OX=9606 GN=UGT2B7 PE=1 SV=2
TRINITY_DN654_c0_g1_i2.p1	sp|P41713|UDPE_NPVLD	25.7	478	519	506	22	488	21	486	5.22e-36	143	sp|P41713|UDPE_NPVLD Ecdysteroid UDP-glucosyltransferase OS=Lymantria dispar multicapsid nuclear polyhedrosis virus OX=10449 GN=EGT PE=3 SV=2
TRINITY_DN654_c0_g1_i2.p1	sp|P36537|UDB10_HUMAN	27.1	513	519	528	3	491	4	497	6.88e-36	143	sp|P36537|UDB10_HUMAN UDP-glucuronosyltransferase 2B10 OS=Homo sapiens OX=9606 GN=UGT2B10 PE=1 SV=1
TRINITY_DN654_c0_g1_i2.p1	sp|P36510|UD2A1_RAT	29.2	353	519	527	153	491	166	496	9.29e-36	143	sp|P36510|UD2A1_RAT UDP-glucuronosyltransferase 2A1 OS=Rattus norvegicus OX=10116 GN=Ugt2a1 PE=2 SV=1
TRINITY_DN654_c0_g1_i2.p1	sp|Q80X89|UD2A1_MOUSE	28.6	353	519	528	153	491	167	497	9.41e-36	143	sp|Q80X89|UD2A1_MOUSE UDP-glucuronosyltransferase 2A1 OS=Mus musculus OX=10090 GN=Ugt2a1 PE=2 SV=1
TRINITY_DN654_c0_g1_i2.p1	sp|Q62789|UD2B7_RAT	30.8	331	519	530	176	503	192	512	4.57e-35	141	sp|Q62789|UD2B7_RAT UDP-glucuronosyltransferase 2B7 OS=Rattus norvegicus OX=10116 GN=Ugt2b7 PE=2 SV=1
TRINITY_DN654_c0_g1_i2.p1	sp|O75310|UDB11_HUMAN	25.3	517	519	529	3	491	4	498	8.41e-35	140	sp|O75310|UDB11_HUMAN UDP-glucuronosyltransferase 2B11 OS=Homo sapiens OX=9606 GN=UGT2B11 PE=1 SV=1
TRINITY_DN654_c0_g1_i2.p1	sp|P54855|UDB15_HUMAN	26.9	521	519	530	3	491	4	499	8.51e-35	140	sp|P54855|UDB15_HUMAN UDP-glucuronosyltransferase 2B15 OS=Homo sapiens OX=9606 GN=UGT2B15 PE=1 SV=3
TRINITY_DN654_c0_g1_i2.p1	sp|Q6PDD0|UD2A2_MOUSE	26.8	343	519	528	153	491	167	497	1.13e-34	140	sp|Q6PDD0|UD2A2_MOUSE UDP-glucuronosyltransferase 2A2 OS=Mus musculus OX=10090 GN=Ugt2a2 PE=2 SV=1
TRINITY_DN654_c0_g1_i2.p1	sp|O02663|UD2B9_MACFA	27.0	511	519	529	3	491	4	498	1.15e-34	140	sp|O02663|UD2B9_MACFA UDP-glucuronosyltransferase 2B9 OS=Macaca fascicularis OX=9541 GN=UGT2B9 PE=2 SV=1
TRINITY_DN654_c0_g1_i2.p1	sp|P19488|UDB37_RAT	28.8	361	519	530	149	503	164	511	2.94e-34	139	sp|P19488|UDB37_RAT UDP-glucuronosyltransferase 2B37 OS=Rattus norvegicus OX=10116 GN=Ugt2b37 PE=1 SV=1
TRINITY_DN654_c0_g1_i2.p1	sp|P0DTE5|UD2A2_HUMAN	28.0	343	519	536	153	491	175	505	3.14e-34	139	sp|P0DTE5|UD2A2_HUMAN UDP-glucuronosyltransferase 2A2 OS=Homo sapiens OX=9606 GN=UGT2A2 PE=1 SV=1
TRINITY_DN654_c0_g1_i2.p1	sp|O75795|UDB17_HUMAN	30.2	334	519	530	176	503	192	511	4.01e-34	138	sp|O75795|UDB17_HUMAN UDP-glucuronosyltransferase 2B17 OS=Homo sapiens OX=9606 GN=UGT2B17 PE=1 SV=1
TRINITY_DN654_c0_g1_i2.p1	sp|O77649|UDB20_MACFA	30.5	318	519	530	176	491	192	499	4.01e-34	138	sp|O77649|UDB20_MACFA UDP-glucuronosyltransferase 2B20 OS=Macaca fascicularis OX=9541 GN=UGT2B20 PE=1 SV=1
TRINITY_DN654_c0_g1_i2.p1	sp|Q9XT55|UDB19_MACFA	25.5	518	519	528	3	491	4	498	5.35e-34	138	sp|Q9XT55|UDB19_MACFA UDP-glucuronosyltransferase 2B19 OS=Macaca fascicularis OX=9541 GN=UGT2B19 PE=1 SV=1
TRINITY_DN654_c0_g1_i2.p1	sp|O97951|UDB18_MACFA	27.6	533	519	529	3	491	4	498	5.41e-34	138	sp|O97951|UDB18_MACFA UDP-glucuronosyltransferase 2B18 OS=Macaca fascicularis OX=9541 GN=UGT2B18 PE=1 SV=1
TRINITY_DN6816_c0_g1_i13.p1	sp|A0A291PQH4|UGT2_DACCO	33.4	476	519	515	16	478	19	478	5.92e-71	238	sp|A0A291PQH4|UGT2_DACCO UDP-glucosyltransferase 2 OS=Dactylopius coccus OX=765876 GN=UTG2 PE=1 SV=1
TRINITY_DN6816_c0_g1_i13.p1	sp|A0A291PQF1|UGT5_DACCO	31.7	499	519	526	11	488	12	495	5.80e-70	236	sp|A0A291PQF1|UGT5_DACCO UDP-glycosyltransferase UGT5 OS=Dactylopius coccus OX=765876 GN=UGT5 PE=1 SV=1
TRINITY_DN6816_c0_g1_i13.p1	sp|A0A291PQG3|UGT4_DACCO	27.8	478	519	504	8	478	14	481	1.52e-56	199	sp|A0A291PQG3|UGT4_DACCO UDP-glycosyltransferase UGT4 OS=Dactylopius coccus OX=765876 GN=UGT4 PE=1 SV=1
TRINITY_DN6816_c0_g1_i13.p1	sp|Q64637|UD13_RAT	28.0	483	519	531	6	478	14	490	1.37e-52	189	sp|Q64637|UD13_RAT UDP-glucuronosyltransferase 1A3 OS=Rattus norvegicus OX=10116 GN=Ugt1a3 PE=2 SV=1
TRINITY_DN6816_c0_g1_i13.p1	sp|Q64634|UD18_RAT	30.0	476	519	530	21	478	28	489	6.85e-51	185	sp|Q64634|UD18_RAT UDP-glucuronosyltransferase 1A8 OS=Rattus norvegicus OX=10116 GN=Ugt1a8 PE=2 SV=1
TRINITY_DN6816_c0_g1_i13.p1	sp|Q62452|UD19_MOUSE	28.8	472	519	528	21	478	26	487	1.76e-50	184	sp|Q62452|UD19_MOUSE UDP-glucuronosyltransferase 1A9 OS=Mus musculus OX=10090 GN=Ugt1a9 PE=1 SV=3
TRINITY_DN6816_c0_g1_i13.p1	sp|Q6ZQM8|UD17_MOUSE	28.1	469	519	531	21	478	28	490	1.86e-50	184	sp|Q6ZQM8|UD17_MOUSE UDP-glucuronosyltransferase 1A7 OS=Mus musculus OX=10090 GN=Ugt1a7 PE=1 SV=1
TRINITY_DN6816_c0_g1_i13.p1	sp|Q64633|UD17_RAT	28.4	469	519	531	21	478	28	490	1.86e-50	184	sp|Q64633|UD17_RAT UDP-glucuronosyltransferase 1A7 OS=Rattus norvegicus OX=10116 GN=Ugt1a7 PE=2 SV=1
TRINITY_DN6816_c0_g1_i13.p1	sp|Q9HAW7|UD17_HUMAN	28.5	491	519	530	7	478	12	489	2.48e-49	181	sp|Q9HAW7|UD17_HUMAN UDP-glucuronosyltransferase 1A7 OS=Homo sapiens OX=9606 GN=UGT1A7 PE=1 SV=2
TRINITY_DN6816_c0_g1_i13.p1	sp|Q9HAW8|UD110_HUMAN	27.5	487	519	530	7	478	12	489	3.43e-49	180	sp|Q9HAW8|UD110_HUMAN UDP-glucuronosyltransferase 1A10 OS=Homo sapiens OX=9606 GN=UGT1A10 PE=1 SV=1
TRINITY_DN6816_c0_g1_i13.p1	sp|Q28612|UD14_RABIT	26.7	484	519	532	6	478	16	491	3.45e-48	177	sp|Q28612|UD14_RABIT UDP-glucuronosyltransferase 1A4 OS=Oryctolagus cuniculus OX=9986 GN=Ugt1a4 PE=2 SV=1
TRINITY_DN6816_c0_g1_i13.p1	sp|O60656|UD19_HUMAN	27.7	487	519	530	7	478	12	489	6.39e-48	177	sp|O60656|UD19_HUMAN UDP-glucuronosyltransferase 1A9 OS=Homo sapiens OX=9606 GN=UGT1A9 PE=1 SV=1
TRINITY_DN6816_c0_g1_i13.p1	sp|Q9HAW9|UD18_HUMAN	27.6	471	519	530	21	478	28	489	1.22e-47	176	sp|Q9HAW9|UD18_HUMAN UDP-glucuronosyltransferase 1A8 OS=Homo sapiens OX=9606 GN=UGT1A8 PE=1 SV=1
TRINITY_DN6816_c0_g1_i13.p1	sp|P20720|UD12_RAT	29.0	489	519	533	6	478	16	492	3.40e-47	175	sp|P20720|UD12_RAT UDP-glucuronosyltransferase 1-2 OS=Rattus norvegicus OX=10116 GN=Ugt1a2 PE=2 SV=2
TRINITY_DN6816_c0_g1_i13.p1	sp|P35504|UD15_HUMAN	26.0	470	519	534	19	478	30	493	6.60e-47	174	sp|P35504|UD15_HUMAN UDP-glucuronosyltransferase 1A5 OS=Homo sapiens OX=9606 GN=UGT1A5 PE=1 SV=1
TRINITY_DN6816_c0_g1_i13.p1	sp|Q63886|UD11_MOUSE	27.1	468	519	535	21	478	32	494	9.27e-47	174	sp|Q63886|UD11_MOUSE UDP-glucuronosyltransferase 1A1 OS=Mus musculus OX=10090 GN=Ugt1a1 PE=1 SV=2
TRINITY_DN6816_c0_g1_i13.p1	sp|Q64550|UD11_RAT	28.2	476	519	535	21	478	32	494	9.27e-47	174	sp|Q64550|UD11_RAT UDP-glucuronosyltransferase 1A1 OS=Rattus norvegicus OX=10116 GN=Ugt1a1 PE=1 SV=1
TRINITY_DN6816_c0_g1_i13.p1	sp|P22310|UD14_HUMAN	29.5	370	519	534	110	478	128	493	1.74e-46	173	sp|P22310|UD14_HUMAN UDP-glucuronosyltransferase 1A4 OS=Homo sapiens OX=9606 GN=UGT1A4 PE=1 SV=1
TRINITY_DN6816_c0_g1_i13.p1	sp|P70691|UD12_MOUSE	29.4	371	519	533	109	478	126	492	8.61e-46	171	sp|P70691|UD12_MOUSE UDP-glucuronosyltransferase 1-2 OS=Mus musculus OX=10090 GN=Ugt1a2 PE=1 SV=1
TRINITY_DN6816_c0_g1_i13.p1	sp|P35503|UD13_HUMAN	28.7	383	519	534	105	478	114	493	8.75e-46	171	sp|P35503|UD13_HUMAN UDP-glucuronosyltransferase 1A3 OS=Homo sapiens OX=9606 GN=UGT1A3 PE=1 SV=1
TRINITY_DN6816_c0_g1_i13.p1	sp|P08430|UD16_RAT	28.4	475	519	529	21	478	28	488	1.11e-45	171	sp|P08430|UD16_RAT UDP-glucuronosyltransferase 1A6 OS=Rattus norvegicus OX=10116 GN=Ugt1a6 PE=1 SV=1
TRINITY_DN6816_c0_g1_i13.p1	sp|P36514|UD2C1_RABIT	28.1	469	519	502	30	478	7	467	1.86e-45	169	sp|P36514|UD2C1_RABIT UDP-glucuronosyltransferase 2C1 (Fragment) OS=Oryctolagus cuniculus OX=9986 GN=UGT2C1 PE=2 SV=1
TRINITY_DN6816_c0_g1_i13.p1	sp|P22309|UD11_HUMAN	28.9	370	519	533	110	478	127	492	2.26e-45	170	sp|P22309|UD11_HUMAN UDP-glucuronosyltransferase 1A1 OS=Homo sapiens OX=9606 GN=UGT1A1 PE=1 SV=1
TRINITY_DN6816_c0_g1_i13.p1	sp|O77649|UDB20_MACFA	28.0	486	519	530	30	484	34	502	2.98e-45	169	sp|O77649|UDB20_MACFA UDP-glucuronosyltransferase 2B20 OS=Macaca fascicularis OX=9541 GN=UGT2B20 PE=1 SV=1
TRINITY_DN6816_c0_g1_i13.p1	sp|Q64638|UD15_RAT	30.7	375	519	531	109	478	124	490	3.03e-45	169	sp|Q64638|UD15_RAT UDP-glucuronosyltransferase 1A5 OS=Rattus norvegicus OX=10116 GN=Ugt1a5 PE=2 SV=1
TRINITY_DN6816_c0_g1_i14.p1	sp|A0A291PQH4|UGT2_DACCO	28.8	344	359	515	16	347	19	346	1.28e-30	125	sp|A0A291PQH4|UGT2_DACCO UDP-glucosyltransferase 2 OS=Dactylopius coccus OX=765876 GN=UTG2 PE=1 SV=1
TRINITY_DN6816_c0_g1_i14.p1	sp|A0A291PQF1|UGT5_DACCO	25.6	356	359	526	11	350	12	352	6.47e-25	108	sp|A0A291PQF1|UGT5_DACCO UDP-glycosyltransferase UGT5 OS=Dactylopius coccus OX=765876 GN=UGT5 PE=1 SV=1
TRINITY_DN6816_c0_g1_i14.p1	sp|A0A291PQG3|UGT4_DACCO	25.1	359	359	504	8	355	14	362	3.61e-24	106	sp|A0A291PQG3|UGT4_DACCO UDP-glycosyltransferase UGT4 OS=Dactylopius coccus OX=765876 GN=UGT4 PE=1 SV=1
TRINITY_DN6816_c0_g1_i14.p1	sp|P41713|UDPE_NPVLD	22.4	361	359	506	9	348	10	355	5.56e-17	85.5	sp|P41713|UDPE_NPVLD Ecdysteroid UDP-glucosyltransferase OS=Lymantria dispar multicapsid nuclear polyhedrosis virus OX=10449 GN=EGT PE=3 SV=2
TRINITY_DN6816_c0_g1_i14.p1	sp|Q90158|UDPE_NPVCD	24.8	367	359	493	8	348	8	356	1.85e-15	80.9	sp|Q90158|UDPE_NPVCD Ecdysteroid UDP-glucosyltransferase OS=Choristoneura fumiferana defective polyhedrosis virus OX=74660 GN=egt PE=2 SV=2
TRINITY_DN6816_c0_g1_i14.p1	sp|Q83140|UDPE_NPVMB	22.1	366	359	528	5	348	18	373	6.39e-15	79.3	sp|Q83140|UDPE_NPVMB Ecdysteroid UDP-glucosyltransferase OS=Mamestra brassicae nuclear polyhedrosis virus OX=78219 GN=EGT PE=3 SV=1
TRINITY_DN6816_c0_g1_i14.p1	sp|P18569|EGT_NPVAC	23.3	369	359	506	12	348	13	356	2.72e-13	74.3	sp|P18569|EGT_NPVAC Ecdysteroid UDP-glucosyltransferase OS=Autographa californica nuclear polyhedrosis virus OX=46015 GN=EGT PE=1 SV=1
TRINITY_DN6816_c0_g1_i14.p1	sp|Q9R110|UD2A3_CAVPO	22.7	343	359	530	30	348	34	364	3.85e-12	70.9	sp|Q9R110|UD2A3_CAVPO UDP-glucuronosyltransferase 2A3 OS=Cavia porcellus OX=10141 GN=UGT2A3 PE=2 SV=1
TRINITY_DN6816_c0_g1_i14.p1	sp|Q8WN97|UDB30_MACFA	23.2	370	359	528	10	348	16	363	2.90e-11	68.2	sp|Q8WN97|UDB30_MACFA UDP-glucuronosyltransferase 2B30 OS=Macaca fascicularis OX=9541 GN=UGT2B30 PE=1 SV=1
TRINITY_DN6816_c0_g1_i14.p1	sp|Q21706|UGT47_CAEEL	22.1	358	359	536	17	348	21	365	6.95e-11	67.0	sp|Q21706|UGT47_CAEEL Putative UDP-glucuronosyltransferase ugt-47 OS=Caenorhabditis elegans OX=6239 GN=ugt-47 PE=1 SV=2
TRINITY_DN6816_c0_g1_i14.p1	sp|Q22295|UGT50_CAEEL	23.0	383	359	523	11	348	21	368	1.62e-10	65.9	sp|Q22295|UGT50_CAEEL Putative UDP-glucuronosyltransferase ugt-50 OS=Caenorhabditis elegans OX=6239 GN=ugt-50 PE=1 SV=2
TRINITY_DN6816_c0_g1_i14.p1	sp|A8WLF6|UGT47_CAEBR	22.4	370	359	536	7	348	11	365	1.65e-10	65.9	sp|A8WLF6|UGT47_CAEBR Putative UDP-glucuronosyltransferase ugt-47 OS=Caenorhabditis briggsae OX=6238 GN=ugt-47 PE=3 SV=3
TRINITY_DN6816_c0_g1_i14.p1	sp|O77649|UDB20_MACFA	22.4	348	359	530	30	348	34	364	2.18e-10	65.5	sp|O77649|UDB20_MACFA UDP-glucuronosyltransferase 2B20 OS=Macaca fascicularis OX=9541 GN=UGT2B20 PE=1 SV=1
TRINITY_DN6816_c0_g1_i14.p1	sp|P54855|UDB15_HUMAN	24.9	342	359	530	30	348	34	364	2.90e-10	65.1	sp|P54855|UDB15_HUMAN UDP-glucuronosyltransferase 2B15 OS=Homo sapiens OX=9606 GN=UGT2B15 PE=1 SV=3
TRINITY_DN6816_c0_g1_i14.p1	sp|Q9XT55|UDB19_MACFA	23.2	349	359	528	30	348	34	363	6.85e-10	63.9	sp|Q9XT55|UDB19_MACFA UDP-glucuronosyltransferase 2B19 OS=Macaca fascicularis OX=9541 GN=UGT2B19 PE=1 SV=1
TRINITY_DN6816_c0_g1_i14.p1	sp|Q98166|UDPE_GVLO	22.2	360	359	460	19	348	19	345	1.95e-09	62.4	sp|Q98166|UDPE_GVLO Ecdysteroid UDP-glucosyltransferase OS=Lacanobia oleracea granulosis virus OX=52412 GN=EGT PE=3 SV=1
TRINITY_DN6816_c0_g1_i14.p1	sp|P36537|UDB10_HUMAN	20.1	338	359	528	38	348	41	362	1.20e-08	60.1	sp|P36537|UDB10_HUMAN UDP-glucuronosyltransferase 2B10 OS=Homo sapiens OX=9606 GN=UGT2B10 PE=1 SV=1
TRINITY_DN6816_c0_g1_i14.p1	sp|Q9BY64|UDB28_HUMAN	22.5	351	359	529	30	348	34	363	2.83e-08	58.9	sp|Q9BY64|UDB28_HUMAN UDP-glucuronosyltransferase 2B28 OS=Homo sapiens OX=9606 GN=UGT2B28 PE=1 SV=1
TRINITY_DN6816_c0_g1_i14.p1	sp|Q5RFJ3|UD2A3_PONAB	21.2	363	359	527	11	336	16	360	2.07e-07	56.2	sp|Q5RFJ3|UD2A3_PONAB UDP-glucuronosyltransferase 2A3 OS=Pongo abelii OX=9601 GN=UGT2A3 PE=2 SV=1
TRINITY_DN6816_c0_g1_i14.p1	sp|O75310|UDB11_HUMAN	21.9	360	359	529	30	348	34	363	2.07e-07	56.2	sp|O75310|UDB11_HUMAN UDP-glucuronosyltransferase 2B11 OS=Homo sapiens OX=9606 GN=UGT2B11 PE=1 SV=1
TRINITY_DN6816_c0_g1_i14.p1	sp|Q8BWQ1|UD2A3_MOUSE	21.4	345	359	534	30	348	34	363	2.09e-07	56.2	sp|Q8BWQ1|UD2A3_MOUSE UDP-glucuronosyltransferase 2A3 OS=Mus musculus OX=10090 GN=Ugt2a3 PE=1 SV=1
TRINITY_DN6816_c0_g1_i16.p1	sp|A0A291PQH4|UGT2_DACCO	33.4	476	519	515	16	478	19	478	8.29e-71	238	sp|A0A291PQH4|UGT2_DACCO UDP-glucosyltransferase 2 OS=Dactylopius coccus OX=765876 GN=UTG2 PE=1 SV=1
TRINITY_DN6816_c0_g1_i16.p1	sp|A0A291PQF1|UGT5_DACCO	31.4	506	519	526	11	499	12	495	2.22e-69	234	sp|A0A291PQF1|UGT5_DACCO UDP-glycosyltransferase UGT5 OS=Dactylopius coccus OX=765876 GN=UGT5 PE=1 SV=1
TRINITY_DN6816_c0_g1_i16.p1	sp|A0A291PQG3|UGT4_DACCO	27.8	478	519	504	8	478	14	481	2.12e-56	199	sp|A0A291PQG3|UGT4_DACCO UDP-glycosyltransferase UGT4 OS=Dactylopius coccus OX=765876 GN=UGT4 PE=1 SV=1
TRINITY_DN6816_c0_g1_i16.p1	sp|Q64637|UD13_RAT	27.9	499	519	531	6	494	14	506	7.16e-54	193	sp|Q64637|UD13_RAT UDP-glucuronosyltransferase 1A3 OS=Rattus norvegicus OX=10116 GN=Ugt1a3 PE=2 SV=1
TRINITY_DN6816_c0_g1_i16.p1	sp|Q64634|UD18_RAT	29.9	492	519	530	21	494	28	505	3.60e-52	188	sp|Q64634|UD18_RAT UDP-glucuronosyltransferase 1A8 OS=Rattus norvegicus OX=10116 GN=Ugt1a8 PE=2 SV=1
TRINITY_DN6816_c0_g1_i16.p1	sp|Q62452|UD19_MOUSE	28.7	488	519	528	21	494	26	503	9.28e-52	187	sp|Q62452|UD19_MOUSE UDP-glucuronosyltransferase 1A9 OS=Mus musculus OX=10090 GN=Ugt1a9 PE=1 SV=3
TRINITY_DN6816_c0_g1_i16.p1	sp|Q6ZQM8|UD17_MOUSE	28.0	485	519	531	21	494	28	506	9.81e-52	187	sp|Q6ZQM8|UD17_MOUSE UDP-glucuronosyltransferase 1A7 OS=Mus musculus OX=10090 GN=Ugt1a7 PE=1 SV=1
TRINITY_DN6816_c0_g1_i16.p1	sp|Q64633|UD17_RAT	28.2	485	519	531	21	494	28	506	9.81e-52	187	sp|Q64633|UD17_RAT UDP-glucuronosyltransferase 1A7 OS=Rattus norvegicus OX=10116 GN=Ugt1a7 PE=2 SV=1
TRINITY_DN6816_c0_g1_i16.p1	sp|Q9HAW7|UD17_HUMAN	28.4	507	519	530	7	494	12	505	1.29e-49	181	sp|Q9HAW7|UD17_HUMAN UDP-glucuronosyltransferase 1A7 OS=Homo sapiens OX=9606 GN=UGT1A7 PE=1 SV=2
TRINITY_DN6816_c0_g1_i16.p1	sp|Q9HAW8|UD110_HUMAN	27.4	503	519	530	7	494	12	505	1.79e-49	181	sp|Q9HAW8|UD110_HUMAN UDP-glucuronosyltransferase 1A10 OS=Homo sapiens OX=9606 GN=UGT1A10 PE=1 SV=1
TRINITY_DN6816_c0_g1_i16.p1	sp|P20720|UD12_RAT	28.9	505	519	533	6	494	16	508	1.84e-48	178	sp|P20720|UD12_RAT UDP-glucuronosyltransferase 1-2 OS=Rattus norvegicus OX=10116 GN=Ugt1a2 PE=2 SV=2
TRINITY_DN6816_c0_g1_i16.p1	sp|O60656|UD19_HUMAN	27.6	503	519	530	7	494	12	505	3.34e-48	177	sp|O60656|UD19_HUMAN UDP-glucuronosyltransferase 1A9 OS=Homo sapiens OX=9606 GN=UGT1A9 PE=1 SV=1
TRINITY_DN6816_c0_g1_i16.p1	sp|Q28612|UD14_RABIT	26.2	500	519	532	6	494	16	507	3.45e-48	177	sp|Q28612|UD14_RABIT UDP-glucuronosyltransferase 1A4 OS=Oryctolagus cuniculus OX=9986 GN=Ugt1a4 PE=2 SV=1
TRINITY_DN6816_c0_g1_i16.p1	sp|Q63886|UD11_MOUSE	27.1	484	519	535	21	494	32	510	5.03e-48	177	sp|Q63886|UD11_MOUSE UDP-glucuronosyltransferase 1A1 OS=Mus musculus OX=10090 GN=Ugt1a1 PE=1 SV=2
TRINITY_DN6816_c0_g1_i16.p1	sp|Q64550|UD11_RAT	28.0	492	519	535	21	494	32	510	5.03e-48	177	sp|Q64550|UD11_RAT UDP-glucuronosyltransferase 1A1 OS=Rattus norvegicus OX=10116 GN=Ugt1a1 PE=1 SV=1
TRINITY_DN6816_c0_g1_i16.p1	sp|Q9HAW9|UD18_HUMAN	27.5	487	519	530	21	494	28	505	6.39e-48	177	sp|Q9HAW9|UD18_HUMAN UDP-glucuronosyltransferase 1A8 OS=Homo sapiens OX=9606 GN=UGT1A8 PE=1 SV=1
TRINITY_DN6816_c0_g1_i16.p1	sp|P35504|UD15_HUMAN	25.9	486	519	534	19	494	30	509	3.46e-47	175	sp|P35504|UD15_HUMAN UDP-glucuronosyltransferase 1A5 OS=Homo sapiens OX=9606 GN=UGT1A5 PE=1 SV=1
TRINITY_DN6816_c0_g1_i16.p1	sp|P70691|UD12_MOUSE	29.2	387	519	533	109	494	126	508	4.70e-47	174	sp|P70691|UD12_MOUSE UDP-glucuronosyltransferase 1-2 OS=Mus musculus OX=10090 GN=Ugt1a2 PE=1 SV=1
TRINITY_DN6816_c0_g1_i16.p1	sp|P08430|UD16_RAT	28.3	491	519	529	21	494	28	504	6.07e-47	174	sp|P08430|UD16_RAT UDP-glucuronosyltransferase 1A6 OS=Rattus norvegicus OX=10116 GN=Ugt1a6 PE=1 SV=1
TRINITY_DN6816_c0_g1_i16.p1	sp|P22310|UD14_HUMAN	29.3	386	519	534	110	494	128	509	9.12e-47	174	sp|P22310|UD14_HUMAN UDP-glucuronosyltransferase 1A4 OS=Homo sapiens OX=9606 GN=UGT1A4 PE=1 SV=1
TRINITY_DN6816_c0_g1_i16.p1	sp|Q64638|UD15_RAT	30.4	391	519	531	109	494	124	506	1.66e-46	173	sp|Q64638|UD15_RAT UDP-glucuronosyltransferase 1A5 OS=Rattus norvegicus OX=10116 GN=Ugt1a5 PE=2 SV=1
TRINITY_DN6816_c0_g1_i16.p1	sp|P35503|UD13_HUMAN	28.6	399	519	534	105	494	114	509	4.59e-46	172	sp|P35503|UD13_HUMAN UDP-glucuronosyltransferase 1A3 OS=Homo sapiens OX=9606 GN=UGT1A3 PE=1 SV=1
TRINITY_DN6816_c0_g1_i16.p1	sp|O77649|UDB20_MACFA	27.7	495	519	530	30	494	34	511	1.13e-45	171	sp|O77649|UDB20_MACFA UDP-glucuronosyltransferase 2B20 OS=Macaca fascicularis OX=9541 GN=UGT2B20 PE=1 SV=1
TRINITY_DN6816_c0_g1_i16.p1	sp|P22309|UD11_HUMAN	28.8	386	519	533	110	494	127	508	1.19e-45	171	sp|P22309|UD11_HUMAN UDP-glucuronosyltransferase 1A1 OS=Homo sapiens OX=9606 GN=UGT1A1 PE=1 SV=1
TRINITY_DN6816_c0_g1_i16.p1	sp|P36514|UD2C1_RABIT	28.1	469	519	502	30	478	7	467	2.57e-45	169	sp|P36514|UD2C1_RABIT UDP-glucuronosyltransferase 2C1 (Fragment) OS=Oryctolagus cuniculus OX=9986 GN=UGT2C1 PE=2 SV=1
TRINITY_DN6816_c0_g1_i2.p1	sp|A0A291PQF1|UGT5_DACCO	46.7	152	178	526	1	147	344	495	8.09e-39	141	sp|A0A291PQF1|UGT5_DACCO UDP-glycosyltransferase UGT5 OS=Dactylopius coccus OX=765876 GN=UGT5 PE=1 SV=1
TRINITY_DN6816_c0_g1_i2.p1	sp|P08542|UDB17_RAT	40.1	172	178	530	1	167	358	529	3.94e-33	126	sp|P08542|UDB17_RAT UDP-glucuronosyltransferase 2B17 OS=Rattus norvegicus OX=10116 GN=Ugt2b17 PE=1 SV=2
TRINITY_DN6816_c0_g1_i2.p1	sp|Q62452|UD19_MOUSE	44.9	138	178	528	1	137	350	487	1.95e-32	124	sp|Q62452|UD19_MOUSE UDP-glucuronosyltransferase 1A9 OS=Mus musculus OX=10090 GN=Ugt1a9 PE=1 SV=3
TRINITY_DN6816_c0_g1_i2.p1	sp|P08430|UD16_RAT	44.9	138	178	529	1	137	351	488	1.97e-32	124	sp|P08430|UD16_RAT UDP-glucuronosyltransferase 1A6 OS=Rattus norvegicus OX=10116 GN=Ugt1a6 PE=1 SV=1
TRINITY_DN6816_c0_g1_i2.p1	sp|Q64634|UD18_RAT	44.9	138	178	530	1	137	352	489	1.98e-32	124	sp|Q64634|UD18_RAT UDP-glucuronosyltransferase 1A8 OS=Rattus norvegicus OX=10116 GN=Ugt1a8 PE=2 SV=1
TRINITY_DN6816_c0_g1_i2.p1	sp|Q64637|UD13_RAT	44.9	138	178	531	1	137	353	490	2.00e-32	124	sp|Q64637|UD13_RAT UDP-glucuronosyltransferase 1A3 OS=Rattus norvegicus OX=10116 GN=Ugt1a3 PE=2 SV=1
TRINITY_DN6816_c0_g1_i2.p1	sp|Q64638|UD15_RAT	44.9	138	178	531	1	137	353	490	2.00e-32	124	sp|Q64638|UD15_RAT UDP-glucuronosyltransferase 1A5 OS=Rattus norvegicus OX=10116 GN=Ugt1a5 PE=2 SV=1
TRINITY_DN6816_c0_g1_i2.p1	sp|Q64435|UD16_MOUSE	44.9	138	178	531	1	137	353	490	2.00e-32	124	sp|Q64435|UD16_MOUSE UDP-glucuronosyltransferase 1A6 OS=Mus musculus OX=10090 GN=Ugt1a6 PE=1 SV=1
TRINITY_DN6816_c0_g1_i2.p1	sp|Q6ZQM8|UD17_MOUSE	44.9	138	178	531	1	137	353	490	2.00e-32	124	sp|Q6ZQM8|UD17_MOUSE UDP-glucuronosyltransferase 1A7 OS=Mus musculus OX=10090 GN=Ugt1a7 PE=1 SV=1
TRINITY_DN6816_c0_g1_i2.p1	sp|Q64633|UD17_RAT	44.9	138	178	531	1	137	353	490	2.00e-32	124	sp|Q64633|UD17_RAT UDP-glucuronosyltransferase 1A7 OS=Rattus norvegicus OX=10116 GN=Ugt1a7 PE=2 SV=1
TRINITY_DN6816_c0_g1_i2.p1	sp|P70691|UD12_MOUSE	44.9	138	178	533	1	137	355	492	2.03e-32	124	sp|P70691|UD12_MOUSE UDP-glucuronosyltransferase 1-2 OS=Mus musculus OX=10090 GN=Ugt1a2 PE=1 SV=1
TRINITY_DN6816_c0_g1_i2.p1	sp|P20720|UD12_RAT	44.9	138	178	533	1	137	355	492	2.03e-32	124	sp|P20720|UD12_RAT UDP-glucuronosyltransferase 1-2 OS=Rattus norvegicus OX=10116 GN=Ugt1a2 PE=2 SV=2
TRINITY_DN6816_c0_g1_i2.p1	sp|Q63886|UD11_MOUSE	44.9	138	178	535	1	137	357	494	2.06e-32	124	sp|Q63886|UD11_MOUSE UDP-glucuronosyltransferase 1A1 OS=Mus musculus OX=10090 GN=Ugt1a1 PE=1 SV=2
TRINITY_DN6816_c0_g1_i2.p1	sp|Q64550|UD11_RAT	44.9	138	178	535	1	137	357	494	2.06e-32	124	sp|Q64550|UD11_RAT UDP-glucuronosyltransferase 1A1 OS=Rattus norvegicus OX=10116 GN=Ugt1a1 PE=1 SV=1
TRINITY_DN6816_c0_g1_i2.p1	sp|A0A291PQH4|UGT2_DACCO	46.0	137	178	515	2	137	342	478	2.43e-32	124	sp|A0A291PQH4|UGT2_DACCO UDP-glucosyltransferase 2 OS=Dactylopius coccus OX=765876 GN=UTG2 PE=1 SV=1
TRINITY_DN6816_c0_g1_i2.p1	sp|Q9HAW8|UD110_HUMAN	42.8	138	178	530	1	137	352	489	2.62e-31	121	sp|Q9HAW8|UD110_HUMAN UDP-glucuronosyltransferase 1A10 OS=Homo sapiens OX=9606 GN=UGT1A10 PE=1 SV=1
TRINITY_DN6816_c0_g1_i2.p1	sp|Q9HAW7|UD17_HUMAN	42.8	138	178	530	1	137	352	489	2.62e-31	121	sp|Q9HAW7|UD17_HUMAN UDP-glucuronosyltransferase 1A7 OS=Homo sapiens OX=9606 GN=UGT1A7 PE=1 SV=2
TRINITY_DN6816_c0_g1_i2.p1	sp|Q9HAW9|UD18_HUMAN	42.8	138	178	530	1	137	352	489	2.62e-31	121	sp|Q9HAW9|UD18_HUMAN UDP-glucuronosyltransferase 1A8 OS=Homo sapiens OX=9606 GN=UGT1A8 PE=1 SV=1
TRINITY_DN6816_c0_g1_i2.p1	sp|O60656|UD19_HUMAN	42.8	138	178	530	1	137	352	489	2.62e-31	121	sp|O60656|UD19_HUMAN UDP-glucuronosyltransferase 1A9 OS=Homo sapiens OX=9606 GN=UGT1A9 PE=1 SV=1
TRINITY_DN6816_c0_g1_i2.p1	sp|P19224|UD16_HUMAN	42.8	138	178	532	1	137	354	491	2.65e-31	121	sp|P19224|UD16_HUMAN UDP-glucuronosyltransferase 1A6 OS=Homo sapiens OX=9606 GN=UGT1A6 PE=1 SV=2
TRINITY_DN6816_c0_g1_i2.p1	sp|P22309|UD11_HUMAN	42.8	138	178	533	1	137	355	492	2.67e-31	121	sp|P22309|UD11_HUMAN UDP-glucuronosyltransferase 1A1 OS=Homo sapiens OX=9606 GN=UGT1A1 PE=1 SV=1
TRINITY_DN6816_c0_g1_i2.p1	sp|P35503|UD13_HUMAN	42.8	138	178	534	1	137	356	493	2.69e-31	121	sp|P35503|UD13_HUMAN UDP-glucuronosyltransferase 1A3 OS=Homo sapiens OX=9606 GN=UGT1A3 PE=1 SV=1
TRINITY_DN6816_c0_g1_i2.p1	sp|P22310|UD14_HUMAN	42.8	138	178	534	1	137	356	493	2.69e-31	121	sp|P22310|UD14_HUMAN UDP-glucuronosyltransferase 1A4 OS=Homo sapiens OX=9606 GN=UGT1A4 PE=1 SV=1
TRINITY_DN6816_c0_g1_i2.p1	sp|P35504|UD15_HUMAN	42.8	138	178	534	1	137	356	493	2.69e-31	121	sp|P35504|UD15_HUMAN UDP-glucuronosyltransferase 1A5 OS=Homo sapiens OX=9606 GN=UGT1A5 PE=1 SV=1
TRINITY_DN6816_c0_g1_i2.p1	sp|P19488|UDB37_RAT	42.0	138	178	530	1	137	358	495	4.98e-31	120	sp|P19488|UDB37_RAT UDP-glucuronosyltransferase 2B37 OS=Rattus norvegicus OX=10116 GN=Ugt2b37 PE=1 SV=1
TRINITY_DN6816_c0_g1_i4.p1	sp|A0A291PQH4|UGT2_DACCO	28.8	344	359	515	16	347	19	346	1.28e-30	125	sp|A0A291PQH4|UGT2_DACCO UDP-glucosyltransferase 2 OS=Dactylopius coccus OX=765876 GN=UTG2 PE=1 SV=1
TRINITY_DN6816_c0_g1_i4.p1	sp|A0A291PQF1|UGT5_DACCO	25.6	356	359	526	11	350	12	352	6.47e-25	108	sp|A0A291PQF1|UGT5_DACCO UDP-glycosyltransferase UGT5 OS=Dactylopius coccus OX=765876 GN=UGT5 PE=1 SV=1
TRINITY_DN6816_c0_g1_i4.p1	sp|A0A291PQG3|UGT4_DACCO	25.1	359	359	504	8	355	14	362	3.61e-24	106	sp|A0A291PQG3|UGT4_DACCO UDP-glycosyltransferase UGT4 OS=Dactylopius coccus OX=765876 GN=UGT4 PE=1 SV=1
TRINITY_DN6816_c0_g1_i4.p1	sp|P41713|UDPE_NPVLD	22.4	361	359	506	9	348	10	355	5.56e-17	85.5	sp|P41713|UDPE_NPVLD Ecdysteroid UDP-glucosyltransferase OS=Lymantria dispar multicapsid nuclear polyhedrosis virus OX=10449 GN=EGT PE=3 SV=2
TRINITY_DN6816_c0_g1_i4.p1	sp|Q90158|UDPE_NPVCD	24.8	367	359	493	8	348	8	356	1.85e-15	80.9	sp|Q90158|UDPE_NPVCD Ecdysteroid UDP-glucosyltransferase OS=Choristoneura fumiferana defective polyhedrosis virus OX=74660 GN=egt PE=2 SV=2
TRINITY_DN6816_c0_g1_i4.p1	sp|Q83140|UDPE_NPVMB	22.1	366	359	528	5	348	18	373	6.39e-15	79.3	sp|Q83140|UDPE_NPVMB Ecdysteroid UDP-glucosyltransferase OS=Mamestra brassicae nuclear polyhedrosis virus OX=78219 GN=EGT PE=3 SV=1
TRINITY_DN6816_c0_g1_i4.p1	sp|P18569|EGT_NPVAC	23.3	369	359	506	12	348	13	356	2.72e-13	74.3	sp|P18569|EGT_NPVAC Ecdysteroid UDP-glucosyltransferase OS=Autographa californica nuclear polyhedrosis virus OX=46015 GN=EGT PE=1 SV=1
TRINITY_DN6816_c0_g1_i4.p1	sp|Q9R110|UD2A3_CAVPO	22.7	343	359	530	30	348	34	364	3.85e-12	70.9	sp|Q9R110|UD2A3_CAVPO UDP-glucuronosyltransferase 2A3 OS=Cavia porcellus OX=10141 GN=UGT2A3 PE=2 SV=1
TRINITY_DN6816_c0_g1_i4.p1	sp|Q8WN97|UDB30_MACFA	23.2	370	359	528	10	348	16	363	2.90e-11	68.2	sp|Q8WN97|UDB30_MACFA UDP-glucuronosyltransferase 2B30 OS=Macaca fascicularis OX=9541 GN=UGT2B30 PE=1 SV=1
TRINITY_DN6816_c0_g1_i4.p1	sp|Q21706|UGT47_CAEEL	22.1	358	359	536	17	348	21	365	6.95e-11	67.0	sp|Q21706|UGT47_CAEEL Putative UDP-glucuronosyltransferase ugt-47 OS=Caenorhabditis elegans OX=6239 GN=ugt-47 PE=1 SV=2
TRINITY_DN6816_c0_g1_i4.p1	sp|Q22295|UGT50_CAEEL	23.0	383	359	523	11	348	21	368	1.62e-10	65.9	sp|Q22295|UGT50_CAEEL Putative UDP-glucuronosyltransferase ugt-50 OS=Caenorhabditis elegans OX=6239 GN=ugt-50 PE=1 SV=2
TRINITY_DN6816_c0_g1_i4.p1	sp|A8WLF6|UGT47_CAEBR	22.4	370	359	536	7	348	11	365	1.65e-10	65.9	sp|A8WLF6|UGT47_CAEBR Putative UDP-glucuronosyltransferase ugt-47 OS=Caenorhabditis briggsae OX=6238 GN=ugt-47 PE=3 SV=3
TRINITY_DN6816_c0_g1_i4.p1	sp|O77649|UDB20_MACFA	22.4	348	359	530	30	348	34	364	2.18e-10	65.5	sp|O77649|UDB20_MACFA UDP-glucuronosyltransferase 2B20 OS=Macaca fascicularis OX=9541 GN=UGT2B20 PE=1 SV=1
TRINITY_DN6816_c0_g1_i4.p1	sp|P54855|UDB15_HUMAN	24.9	342	359	530	30	348	34	364	2.90e-10	65.1	sp|P54855|UDB15_HUMAN UDP-glucuronosyltransferase 2B15 OS=Homo sapiens OX=9606 GN=UGT2B15 PE=1 SV=3
TRINITY_DN6816_c0_g1_i4.p1	sp|Q9XT55|UDB19_MACFA	23.2	349	359	528	30	348	34	363	6.85e-10	63.9	sp|Q9XT55|UDB19_MACFA UDP-glucuronosyltransferase 2B19 OS=Macaca fascicularis OX=9541 GN=UGT2B19 PE=1 SV=1
TRINITY_DN6816_c0_g1_i4.p1	sp|Q98166|UDPE_GVLO	22.2	360	359	460	19	348	19	345	1.95e-09	62.4	sp|Q98166|UDPE_GVLO Ecdysteroid UDP-glucosyltransferase OS=Lacanobia oleracea granulosis virus OX=52412 GN=EGT PE=3 SV=1
TRINITY_DN6816_c0_g1_i4.p1	sp|P36537|UDB10_HUMAN	20.1	338	359	528	38	348	41	362	1.20e-08	60.1	sp|P36537|UDB10_HUMAN UDP-glucuronosyltransferase 2B10 OS=Homo sapiens OX=9606 GN=UGT2B10 PE=1 SV=1
TRINITY_DN6816_c0_g1_i4.p1	sp|Q9BY64|UDB28_HUMAN	22.5	351	359	529	30	348	34	363	2.83e-08	58.9	sp|Q9BY64|UDB28_HUMAN UDP-glucuronosyltransferase 2B28 OS=Homo sapiens OX=9606 GN=UGT2B28 PE=1 SV=1
TRINITY_DN6816_c0_g1_i4.p1	sp|Q5RFJ3|UD2A3_PONAB	21.2	363	359	527	11	336	16	360	2.07e-07	56.2	sp|Q5RFJ3|UD2A3_PONAB UDP-glucuronosyltransferase 2A3 OS=Pongo abelii OX=9601 GN=UGT2A3 PE=2 SV=1
TRINITY_DN6816_c0_g1_i4.p1	sp|O75310|UDB11_HUMAN	21.9	360	359	529	30	348	34	363	2.07e-07	56.2	sp|O75310|UDB11_HUMAN UDP-glucuronosyltransferase 2B11 OS=Homo sapiens OX=9606 GN=UGT2B11 PE=1 SV=1
TRINITY_DN6816_c0_g1_i4.p1	sp|Q8BWQ1|UD2A3_MOUSE	21.4	345	359	534	30	348	34	363	2.09e-07	56.2	sp|Q8BWQ1|UD2A3_MOUSE UDP-glucuronosyltransferase 2A3 OS=Mus musculus OX=10090 GN=Ugt2a3 PE=1 SV=1
TRINITY_DN6816_c0_g1_i6.p1	sp|A0A291PQF1|UGT5_DACCO	38.5	221	278	526	34	247	276	495	5.46e-44	159	sp|A0A291PQF1|UGT5_DACCO UDP-glycosyltransferase UGT5 OS=Dactylopius coccus OX=765876 GN=UGT5 PE=1 SV=1
TRINITY_DN6816_c0_g1_i6.p1	sp|A0A291PQH4|UGT2_DACCO	41.0	205	278	515	36	237	276	478	1.76e-42	155	sp|A0A291PQH4|UGT2_DACCO UDP-glucosyltransferase 2 OS=Dactylopius coccus OX=765876 GN=UTG2 PE=1 SV=1
TRINITY_DN6816_c0_g1_i6.p1	sp|P08430|UD16_RAT	40.4	193	278	529	46	237	297	488	5.52e-38	143	sp|P08430|UD16_RAT UDP-glucuronosyltransferase 1A6 OS=Rattus norvegicus OX=10116 GN=Ugt1a6 PE=1 SV=1
TRINITY_DN6816_c0_g1_i6.p1	sp|Q64634|UD18_RAT	40.4	193	278	530	46	237	298	489	5.59e-38	143	sp|Q64634|UD18_RAT UDP-glucuronosyltransferase 1A8 OS=Rattus norvegicus OX=10116 GN=Ugt1a8 PE=2 SV=1
TRINITY_DN6816_c0_g1_i6.p1	sp|Q64637|UD13_RAT	40.4	193	278	531	46	237	299	490	5.65e-38	143	sp|Q64637|UD13_RAT UDP-glucuronosyltransferase 1A3 OS=Rattus norvegicus OX=10116 GN=Ugt1a3 PE=2 SV=1
TRINITY_DN6816_c0_g1_i6.p1	sp|Q64638|UD15_RAT	40.4	193	278	531	46	237	299	490	5.65e-38	143	sp|Q64638|UD15_RAT UDP-glucuronosyltransferase 1A5 OS=Rattus norvegicus OX=10116 GN=Ugt1a5 PE=2 SV=1
TRINITY_DN6816_c0_g1_i6.p1	sp|Q64633|UD17_RAT	40.4	193	278	531	46	237	299	490	5.65e-38	143	sp|Q64633|UD17_RAT UDP-glucuronosyltransferase 1A7 OS=Rattus norvegicus OX=10116 GN=Ugt1a7 PE=2 SV=1
TRINITY_DN6816_c0_g1_i6.p1	sp|P20720|UD12_RAT	40.4	193	278	533	46	237	301	492	5.78e-38	143	sp|P20720|UD12_RAT UDP-glucuronosyltransferase 1-2 OS=Rattus norvegicus OX=10116 GN=Ugt1a2 PE=2 SV=2
TRINITY_DN6816_c0_g1_i6.p1	sp|P08542|UDB17_RAT	37.8	230	278	530	46	267	304	529	7.74e-38	142	sp|P08542|UDB17_RAT UDP-glucuronosyltransferase 2B17 OS=Rattus norvegicus OX=10116 GN=Ugt2b17 PE=1 SV=2
TRINITY_DN6816_c0_g1_i6.p1	sp|Q62452|UD19_MOUSE	39.9	193	278	528	46	237	296	487	1.45e-37	142	sp|Q62452|UD19_MOUSE UDP-glucuronosyltransferase 1A9 OS=Mus musculus OX=10090 GN=Ugt1a9 PE=1 SV=3
TRINITY_DN6816_c0_g1_i6.p1	sp|Q64435|UD16_MOUSE	39.9	193	278	531	46	237	299	490	1.50e-37	142	sp|Q64435|UD16_MOUSE UDP-glucuronosyltransferase 1A6 OS=Mus musculus OX=10090 GN=Ugt1a6 PE=1 SV=1
TRINITY_DN6816_c0_g1_i6.p1	sp|Q6ZQM8|UD17_MOUSE	39.9	193	278	531	46	237	299	490	1.50e-37	142	sp|Q6ZQM8|UD17_MOUSE UDP-glucuronosyltransferase 1A7 OS=Mus musculus OX=10090 GN=Ugt1a7 PE=1 SV=1
TRINITY_DN6816_c0_g1_i6.p1	sp|P70691|UD12_MOUSE	39.9	193	278	533	46	237	301	492	1.53e-37	142	sp|P70691|UD12_MOUSE UDP-glucuronosyltransferase 1-2 OS=Mus musculus OX=10090 GN=Ugt1a2 PE=1 SV=1
TRINITY_DN6816_c0_g1_i6.p1	sp|Q63886|UD11_MOUSE	39.9	193	278	535	46	237	303	494	1.57e-37	142	sp|Q63886|UD11_MOUSE UDP-glucuronosyltransferase 1A1 OS=Mus musculus OX=10090 GN=Ugt1a1 PE=1 SV=2
TRINITY_DN6816_c0_g1_i6.p1	sp|Q64550|UD11_RAT	39.9	193	278	535	46	237	303	494	1.57e-37	142	sp|Q64550|UD11_RAT UDP-glucuronosyltransferase 1A1 OS=Rattus norvegicus OX=10116 GN=Ugt1a1 PE=1 SV=1
TRINITY_DN6816_c0_g1_i6.p1	sp|P36512|UDB13_RABIT	37.1	213	278	531	34	243	292	503	7.62e-37	140	sp|P36512|UDB13_RABIT UDP-glucuronosyltransferase 2B13 OS=Oryctolagus cuniculus OX=9986 GN=UGT2B13 PE=2 SV=1
TRINITY_DN6816_c0_g1_i6.p1	sp|O77649|UDB20_MACFA	38.2	212	278	530	36	243	293	502	5.27e-36	137	sp|O77649|UDB20_MACFA UDP-glucuronosyltransferase 2B20 OS=Macaca fascicularis OX=9541 GN=UGT2B20 PE=1 SV=1
TRINITY_DN6816_c0_g1_i6.p1	sp|Q9HAW8|UD110_HUMAN	38.3	193	278	530	46	237	298	489	7.29e-36	137	sp|Q9HAW8|UD110_HUMAN UDP-glucuronosyltransferase 1A10 OS=Homo sapiens OX=9606 GN=UGT1A10 PE=1 SV=1
TRINITY_DN6816_c0_g1_i6.p1	sp|Q9HAW7|UD17_HUMAN	38.3	193	278	530	46	237	298	489	7.29e-36	137	sp|Q9HAW7|UD17_HUMAN UDP-glucuronosyltransferase 1A7 OS=Homo sapiens OX=9606 GN=UGT1A7 PE=1 SV=2
TRINITY_DN6816_c0_g1_i6.p1	sp|Q9HAW9|UD18_HUMAN	38.3	193	278	530	46	237	298	489	7.29e-36	137	sp|Q9HAW9|UD18_HUMAN UDP-glucuronosyltransferase 1A8 OS=Homo sapiens OX=9606 GN=UGT1A8 PE=1 SV=1
TRINITY_DN6816_c0_g1_i6.p1	sp|O60656|UD19_HUMAN	38.3	193	278	530	46	237	298	489	7.29e-36	137	sp|O60656|UD19_HUMAN UDP-glucuronosyltransferase 1A9 OS=Homo sapiens OX=9606 GN=UGT1A9 PE=1 SV=1
TRINITY_DN6816_c0_g1_i6.p1	sp|P19224|UD16_HUMAN	38.3	193	278	532	46	237	300	491	7.44e-36	137	sp|P19224|UD16_HUMAN UDP-glucuronosyltransferase 1A6 OS=Homo sapiens OX=9606 GN=UGT1A6 PE=1 SV=2
TRINITY_DN6816_c0_g1_i6.p1	sp|P22309|UD11_HUMAN	38.3	193	278	533	46	237	301	492	7.52e-36	137	sp|P22309|UD11_HUMAN UDP-glucuronosyltransferase 1A1 OS=Homo sapiens OX=9606 GN=UGT1A1 PE=1 SV=1
TRINITY_DN6816_c0_g1_i6.p1	sp|P35503|UD13_HUMAN	38.3	193	278	534	46	237	302	493	7.60e-36	137	sp|P35503|UD13_HUMAN UDP-glucuronosyltransferase 1A3 OS=Homo sapiens OX=9606 GN=UGT1A3 PE=1 SV=1
TRINITY_DN6816_c0_g1_i6.p1	sp|P22310|UD14_HUMAN	38.3	193	278	534	46	237	302	493	7.60e-36	137	sp|P22310|UD14_HUMAN UDP-glucuronosyltransferase 1A4 OS=Homo sapiens OX=9606 GN=UGT1A4 PE=1 SV=1
TRINITY_DN7259_c0_g1_i1.p1	sp|Q9GMB0|RPN1_PIG	51.3	433	484	608	51	476	35	466	1.99e-148	440	sp|Q9GMB0|RPN1_PIG Dolichyl-diphosphooligosaccharide--protein glycosyltransferase subunit 1 OS=Sus scrofa OX=9823 GN=RPN1 PE=1 SV=1
TRINITY_DN7259_c0_g1_i1.p1	sp|E2RQ08|RPN1_CANLF	51.3	433	484	607	51	476	34	465	2.73e-148	439	sp|E2RQ08|RPN1_CANLF Dolichyl-diphosphooligosaccharide--protein glycosyltransferase subunit 1 OS=Canis lupus familiaris OX=9615 GN=RPN1 PE=1 SV=1
TRINITY_DN7259_c0_g1_i1.p1	sp|Q4R4T0|RPN1_MACFA	51.0	433	484	607	51	476	34	465	5.47e-148	439	sp|Q4R4T0|RPN1_MACFA Dolichyl-diphosphooligosaccharide--protein glycosyltransferase subunit 1 OS=Macaca fascicularis OX=9541 GN=RPN1 PE=2 SV=1
TRINITY_DN7259_c0_g1_i1.p1	sp|P04843|RPN1_HUMAN	51.0	433	484	607	51	476	34	465	1.09e-147	438	sp|P04843|RPN1_HUMAN Dolichyl-diphosphooligosaccharide--protein glycosyltransferase subunit 1 OS=Homo sapiens OX=9606 GN=RPN1 PE=1 SV=1
TRINITY_DN7259_c0_g1_i1.p1	sp|Q5RFB6|RPN1_PONAB	51.0	433	484	607	51	476	34	465	1.09e-147	438	sp|Q5RFB6|RPN1_PONAB Dolichyl-diphosphooligosaccharide--protein glycosyltransferase subunit 1 OS=Pongo abelii OX=9601 GN=RPN1 PE=2 SV=1
TRINITY_DN7259_c0_g1_i1.p1	sp|Q91YQ5|RPN1_MOUSE	50.3	433	484	608	51	476	35	466	3.20e-147	437	sp|Q91YQ5|RPN1_MOUSE Dolichyl-diphosphooligosaccharide--protein glycosyltransferase subunit 1 OS=Mus musculus OX=10090 GN=Rpn1 PE=1 SV=1
TRINITY_DN7259_c0_g1_i1.p1	sp|P07153|RPN1_RAT	49.9	433	484	605	51	476	32	463	1.06e-144	430	sp|P07153|RPN1_RAT Dolichyl-diphosphooligosaccharide--protein glycosyltransferase subunit 1 OS=Rattus norvegicus OX=10116 GN=Rpn1 PE=2 SV=1
TRINITY_DN7259_c0_g1_i1.p1	sp|Q9GZH4|RPN1_CAEEL	42.8	425	484	586	52	474	23	446	2.46e-111	344	sp|Q9GZH4|RPN1_CAEEL Dolichyl-diphosphooligosaccharide--protein glycosyltransferase subunit 1 OS=Caenorhabditis elegans OX=6239 GN=ribo-1 PE=3 SV=2
TRINITY_DN7259_c0_g1_i1.p1	sp|Q0DJC5|OST1A_ORYSJ	34.4	442	484	615	43	476	25	464	6.19e-82	268	sp|Q0DJC5|OST1A_ORYSJ Dolichyl-diphosphooligosaccharide--protein glycosyltransferase subunit 1A OS=Oryza sativa subsp. japonica OX=39947 GN=OST1A PE=2 SV=1
TRINITY_DN7259_c0_g1_i1.p1	sp|Q9SFX3|OST1A_ARATH	34.3	443	484	614	46	478	25	465	1.67e-81	267	sp|Q9SFX3|OST1A_ARATH Dolichyl-diphosphooligosaccharide--protein glycosyltransferase subunit 1A OS=Arabidopsis thaliana OX=3702 GN=OST1A PE=2 SV=1
TRINITY_DN7259_c0_g1_i1.p1	sp|Q9ZUA0|OST1B_ARATH	34.7	444	484	464	45	474	24	461	4.07e-78	254	sp|Q9ZUA0|OST1B_ARATH Dolichyl-diphosphooligosaccharide--protein glycosyltransferase subunit 1B OS=Arabidopsis thaliana OX=3702 GN=OST1B PE=1 SV=1
TRINITY_DN7259_c0_g1_i1.p1	sp|Q54C27|OST1_DICDI	33.2	461	484	460	26	478	10	458	4.32e-76	249	sp|Q54C27|OST1_DICDI Dolichyl-diphosphooligosaccharide--protein glycosyltransferase subunit 1 OS=Dictyostelium discoideum OX=44689 GN=ost1 PE=2 SV=1
TRINITY_DN7259_c0_g1_i1.p1	sp|B9FDT1|OST1B_ORYSJ	32.8	445	484	473	48	477	35	473	1.40e-73	243	sp|B9FDT1|OST1B_ORYSJ Dolichyl-diphosphooligosaccharide--protein glycosyltransferase subunit 1B OS=Oryza sativa subsp. japonica OX=39947 GN=OST1B PE=2 SV=1
TRINITY_DN7259_c0_g1_i1.p1	sp|P41543|OST1_YEAST	24.2	455	484	476	50	474	31	474	1.39e-32	132	sp|P41543|OST1_YEAST Dolichyl-diphosphooligosaccharide--protein glycosyltransferase subunit 1 OS=Saccharomyces cerevisiae (strain ATCC 204508 / S288c) OX=559292 GN=OST1 PE=1 SV=1
TRINITY_DN7259_c0_g1_i1.p1	sp|Q10176|OST1_SCHPO	25.4	393	484	450	49	429	23	408	3.46e-32	131	sp|Q10176|OST1_SCHPO Dolichyl-diphosphooligosaccharide--protein glycosyltransferase subunit 1 OS=Schizosaccharomyces pombe (strain 972 / ATCC 24843) OX=284812 GN=ost1 PE=3 SV=1
TRINITY_DN729_c0_g1_i2.p1	sp|Q9UHR5|S30BP_HUMAN	58.6	128	237	308	100	227	107	229	5.07e-43	150	sp|Q9UHR5|S30BP_HUMAN SAP30-binding protein OS=Homo sapiens OX=9606 GN=SAP30BP PE=1 SV=1
TRINITY_DN729_c0_g1_i2.p1	sp|Q02614|S30BP_MOUSE	58.6	128	237	308	100	227	107	229	5.07e-43	150	sp|Q02614|S30BP_MOUSE SAP30-binding protein OS=Mus musculus OX=10090 GN=Sap30bp PE=1 SV=2
TRINITY_DN729_c0_g1_i2.p1	sp|Q10069|MU151_SCHPO	30.3	109	237	146	116	223	34	141	1.72e-06	49.7	sp|Q10069|MU151_SCHPO Meiotically up-regulated gene 151 protein OS=Schizosaccharomyces pombe (strain 972 / ATCC 24843) OX=284812 GN=mug151 PE=1 SV=1
TRINITY_DN729_c0_g1_i3.p1	sp|Q9VLM5|DAD1_DROME	73.2	112	113	112	1	112	1	112	1.53e-54	168	sp|Q9VLM5|DAD1_DROME Dolichyl-diphosphooligosaccharide--protein glycosyltransferase subunit DAD1 OS=Drosophila melanogaster OX=7227 GN=Dad1 PE=1 SV=1
TRINITY_DN729_c0_g1_i3.p1	sp|P46967|DAD1_XENLA	64.5	110	113	113	3	112	4	113	2.40e-49	155	sp|P46967|DAD1_XENLA Dolichyl-diphosphooligosaccharide--protein glycosyltransferase subunit dad1 OS=Xenopus laevis OX=8355 GN=dad1 PE=3 SV=1
TRINITY_DN729_c0_g1_i3.p1	sp|Q8I7Z2|DAD1_ARAVE	75.0	100	113	113	13	112	14	113	4.84e-49	154	sp|Q8I7Z2|DAD1_ARAVE Dolichyl-diphosphooligosaccharide--protein glycosyltransferase subunit DAD1 OS=Araneus ventricosus OX=182803 GN=DAD1 PE=2 SV=1
TRINITY_DN729_c0_g1_i3.p1	sp|P61803|DAD1_HUMAN	64.5	110	113	113	3	112	4	113	8.01e-48	151	sp|P61803|DAD1_HUMAN Dolichyl-diphosphooligosaccharide--protein glycosyltransferase subunit DAD1 OS=Homo sapiens OX=9606 GN=DAD1 PE=1 SV=3
TRINITY_DN729_c0_g1_i3.p1	sp|P61806|DAD1_MESAU	64.5	110	113	113	3	112	4	113	8.01e-48	151	sp|P61806|DAD1_MESAU Dolichyl-diphosphooligosaccharide--protein glycosyltransferase subunit DAD1 OS=Mesocricetus auratus OX=10036 GN=DAD1 PE=3 SV=3
TRINITY_DN729_c0_g1_i3.p1	sp|P61804|DAD1_MOUSE	64.5	110	113	113	3	112	4	113	8.01e-48	151	sp|P61804|DAD1_MOUSE Dolichyl-diphosphooligosaccharide--protein glycosyltransferase subunit DAD1 OS=Mus musculus OX=10090 GN=Dad1 PE=1 SV=3
TRINITY_DN729_c0_g1_i3.p1	sp|P61805|DAD1_RAT	64.5	110	113	113	3	112	4	113	8.01e-48	151	sp|P61805|DAD1_RAT Dolichyl-diphosphooligosaccharide--protein glycosyltransferase subunit DAD1 OS=Rattus norvegicus OX=10116 GN=Dad1 PE=3 SV=3
TRINITY_DN729_c0_g1_i3.p1	sp|Q29036|DAD1_PIG	64.5	110	113	113	3	112	4	113	1.14e-47	151	sp|Q29036|DAD1_PIG Dolichyl-diphosphooligosaccharide--protein glycosyltransferase subunit DAD1 OS=Sus scrofa OX=9823 GN=DAD1 PE=3 SV=3
TRINITY_DN729_c0_g1_i3.p1	sp|Q5E9C2|DAD1_BOVIN	64.5	110	113	113	3	112	4	113	1.61e-47	150	sp|Q5E9C2|DAD1_BOVIN Dolichyl-diphosphooligosaccharide--protein glycosyltransferase subunit DAD1 OS=Bos taurus OX=9913 GN=DAD1 PE=3 SV=3
TRINITY_DN729_c0_g1_i3.p1	sp|O13113|DAD1_CHICK	63.6	110	113	123	3	112	14	123	3.63e-46	147	sp|O13113|DAD1_CHICK Dolichyl-diphosphooligosaccharide--protein glycosyltransferase subunit DAD1 OS=Gallus gallus OX=9031 GN=DAD1 PE=2 SV=1
TRINITY_DN729_c0_g1_i3.p1	sp|Q5RBB4|DAD1_PONAB	63.6	110	113	113	3	112	4	113	5.38e-46	147	sp|Q5RBB4|DAD1_PONAB Dolichyl-diphosphooligosaccharide--protein glycosyltransferase subunit DAD1 OS=Pongo abelii OX=9601 GN=DAD1 PE=3 SV=3
TRINITY_DN729_c0_g1_i3.p1	sp|P52872|DAD1_CAEEL	66.0	106	113	113	7	112	8	113	1.09e-45	146	sp|P52872|DAD1_CAEEL Dolichyl-diphosphooligosaccharide--protein glycosyltransferase subunit dad-1 OS=Caenorhabditis elegans OX=6239 GN=dad-1 PE=3 SV=1
TRINITY_DN729_c0_g1_i3.p1	sp|Q54FB6|DAD1_DICDI	56.4	110	113	120	3	112	13	120	1.56e-37	125	sp|Q54FB6|DAD1_DICDI Dolichyl-diphosphooligosaccharide--protein glycosyltransferase subunit 2 OS=Dictyostelium discoideum OX=44689 GN=ost2 PE=3 SV=1
TRINITY_DN729_c0_g1_i3.p1	sp|O65085|DAD1_PICMA	55.1	107	113	115	6	112	11	115	2.81e-32	112	sp|O65085|DAD1_PICMA Dolichyl-diphosphooligosaccharide--protein glycosyltransferase subunit DAD1 OS=Picea mariana OX=3335 GN=DAD1 PE=3 SV=1
TRINITY_DN729_c0_g1_i3.p1	sp|Q39080|DAD1_ARATH	60.6	94	113	115	19	112	23	115	3.99e-32	112	sp|Q39080|DAD1_ARATH Dolichyl-diphosphooligosaccharide--protein glycosyltransferase subunit DAD1 OS=Arabidopsis thaliana OX=3702 GN=DAD1 PE=2 SV=2
TRINITY_DN729_c0_g1_i3.p1	sp|O22622|DAD2_ARATH	57.8	102	113	115	11	112	16	115	8.03e-32	111	sp|O22622|DAD2_ARATH Dolichyl-diphosphooligosaccharide--protein glycosyltransferase subunit DAD2 OS=Arabidopsis thaliana OX=3702 GN=DAD2 PE=3 SV=1
TRINITY_DN729_c0_g1_i3.p1	sp|Q9M3T9|DAD1_BETPN	57.4	94	113	115	19	112	23	115	3.25e-31	109	sp|Q9M3T9|DAD1_BETPN Dolichyl-diphosphooligosaccharide--protein glycosyltransferase subunit DAD1 OS=Betula pendula OX=3505 GN=DAD1 PE=3 SV=1
TRINITY_DN729_c0_g1_i3.p1	sp|Q9SME8|DAD2_HORVU	57.4	94	113	114	19	112	22	114	4.48e-31	109	sp|Q9SME8|DAD2_HORVU Dolichyl-diphosphooligosaccharide--protein glycosyltransferase subunit DAD2 OS=Hordeum vulgare OX=4513 GN=DAD2 PE=3 SV=1
TRINITY_DN729_c0_g1_i3.p1	sp|Q9SMC4|DAD1_SOLLC	58.5	94	113	116	19	112	24	116	4.75e-31	109	sp|Q9SMC4|DAD1_SOLLC Dolichyl-diphosphooligosaccharide--protein glycosyltransferase subunit DAD1 OS=Solanum lycopersicum OX=4081 GN=DAD1 PE=3 SV=1
TRINITY_DN729_c0_g1_i3.p1	sp|Q9ZRA3|DAD1_PEA	59.6	94	113	117	19	112	25	117	9.84e-31	108	sp|Q9ZRA3|DAD1_PEA Dolichyl-diphosphooligosaccharide--protein glycosyltransferase subunit DAD1 OS=Pisum sativum OX=3888 GN=DAD1 PE=3 SV=1
TRINITY_DN729_c0_g1_i3.p1	sp|O24060|DAD1_MALDO	58.5	94	113	119	19	112	27	119	4.22e-30	107	sp|O24060|DAD1_MALDO Dolichyl-diphosphooligosaccharide--protein glycosyltransferase subunit DAD1 OS=Malus domestica OX=3750 GN=DAD1 PE=3 SV=1
TRINITY_DN729_c0_g1_i3.p1	sp|A2XSY1|DAD1_ORYSI	57.4	94	113	114	19	112	22	114	5.18e-30	106	sp|A2XSY1|DAD1_ORYSI Dolichyl-diphosphooligosaccharide--protein glycosyltransferase subunit DAD1 OS=Oryza sativa subsp. indica OX=39946 GN=DAD1 PE=3 SV=1
TRINITY_DN729_c0_g1_i3.p1	sp|Q0JDK9|DAD1_ORYSJ	57.4	94	113	114	19	112	22	114	5.18e-30	106	sp|Q0JDK9|DAD1_ORYSJ Dolichyl-diphosphooligosaccharide--protein glycosyltransferase subunit DAD1 OS=Oryza sativa subsp. japonica OX=39947 GN=DAD1 PE=3 SV=1
TRINITY_DN729_c0_g1_i3.p1	sp|Q9ZWQ7|DAD1_CITUN	58.5	94	113	115	19	112	23	115	7.57e-30	106	sp|Q9ZWQ7|DAD1_CITUN Dolichyl-diphosphooligosaccharide--protein glycosyltransferase subunit DAD1 OS=Citrus unshiu OX=55188 GN=DAD1 PE=3 SV=1
TRINITY_DN729_c0_g1_i3.p1	sp|Q9SME9|DAD1_HORVU	55.3	94	113	114	19	112	22	114	5.99e-29	103	sp|Q9SME9|DAD1_HORVU Dolichyl-diphosphooligosaccharide--protein glycosyltransferase subunit DAD1 OS=Hordeum vulgare OX=4513 GN=DAD1 PE=3 SV=1
TRINITY_DN729_c0_g1_i4.p1	sp|Q9UHR5|S30BP_HUMAN	46.9	211	288	308	100	287	107	308	3.59e-49	168	sp|Q9UHR5|S30BP_HUMAN SAP30-binding protein OS=Homo sapiens OX=9606 GN=SAP30BP PE=1 SV=1
TRINITY_DN729_c0_g1_i4.p1	sp|Q02614|S30BP_MOUSE	46.4	211	288	308	100	287	107	308	3.95e-48	165	sp|Q02614|S30BP_MOUSE SAP30-binding protein OS=Mus musculus OX=10090 GN=Sap30bp PE=1 SV=2
TRINITY_DN729_c0_g1_i4.p1	sp|Q10069|MU151_SCHPO	29.4	109	288	146	116	223	34	141	2.53e-06	49.7	sp|Q10069|MU151_SCHPO Meiotically up-regulated gene 151 protein OS=Schizosaccharomyces pombe (strain 972 / ATCC 24843) OX=284812 GN=mug151 PE=1 SV=1
TRINITY_DN729_c0_g1_i7.p1	sp|Q9UHR5|S30BP_HUMAN	46.9	211	229	308	41	228	107	308	3.01e-49	166	sp|Q9UHR5|S30BP_HUMAN SAP30-binding protein OS=Homo sapiens OX=9606 GN=SAP30BP PE=1 SV=1
TRINITY_DN729_c0_g1_i7.p1	sp|Q02614|S30BP_MOUSE	46.4	211	229	308	41	228	107	308	3.35e-48	163	sp|Q02614|S30BP_MOUSE SAP30-binding protein OS=Mus musculus OX=10090 GN=Sap30bp PE=1 SV=2
TRINITY_DN729_c0_g1_i7.p1	sp|Q10069|MU151_SCHPO	29.4	109	229	146	57	164	34	141	2.17e-06	49.3	sp|Q10069|MU151_SCHPO Meiotically up-regulated gene 151 protein OS=Schizosaccharomyces pombe (strain 972 / ATCC 24843) OX=284812 GN=mug151 PE=1 SV=1
TRINITY_DN729_c0_g1_i9.p1	sp|Q9UHR5|S30BP_HUMAN	46.5	217	289	308	98	288	107	308	8.08e-48	164	sp|Q9UHR5|S30BP_HUMAN SAP30-binding protein OS=Homo sapiens OX=9606 GN=SAP30BP PE=1 SV=1
TRINITY_DN729_c0_g1_i9.p1	sp|Q02614|S30BP_MOUSE	46.1	217	289	308	98	288	107	308	8.85e-47	162	sp|Q02614|S30BP_MOUSE SAP30-binding protein OS=Mus musculus OX=10090 GN=Sap30bp PE=1 SV=2
TRINITY_DN729_c0_g1_i9.p1	sp|Q10069|MU151_SCHPO	29.4	109	289	146	114	221	34	141	1.63e-05	47.4	sp|Q10069|MU151_SCHPO Meiotically up-regulated gene 151 protein OS=Schizosaccharomyces pombe (strain 972 / ATCC 24843) OX=284812 GN=mug151 PE=1 SV=1
TRINITY_DN7973_c0_g1_i1.p1	sp|Q8BTV1|TUSC3_MOUSE	54.2	308	333	347	27	332	49	347	2.89e-117	345	sp|Q8BTV1|TUSC3_MOUSE Dolichyl-diphosphooligosaccharide--protein glycosyltransferase subunit TUSC3 OS=Mus musculus OX=10090 GN=Tusc3 PE=1 SV=1
TRINITY_DN7973_c0_g1_i1.p1	sp|Q13454|TUSC3_HUMAN	53.3	304	333	348	27	328	49	343	6.43e-114	337	sp|Q13454|TUSC3_HUMAN Dolichyl-diphosphooligosaccharide--protein glycosyltransferase subunit TUSC3 OS=Homo sapiens OX=9606 GN=TUSC3 PE=1 SV=1
TRINITY_DN7973_c0_g1_i1.p1	sp|Q32L57|TUSC3_BOVIN	53.2	308	333	347	27	332	49	347	3.56e-113	335	sp|Q32L57|TUSC3_BOVIN Dolichyl-diphosphooligosaccharide--protein glycosyltransferase subunit TUSC3 OS=Bos taurus OX=9913 GN=TUSC3 PE=2 SV=1
TRINITY_DN7973_c0_g1_i1.p1	sp|Q5ZJ06|MAGT1_CHICK	50.0	306	333	328	27	330	30	326	4.99e-106	316	sp|Q5ZJ06|MAGT1_CHICK Dolichyl-diphosphooligosaccharide--protein glycosyltransferase subunit MAGT1 OS=Gallus gallus OX=9031 GN=MAGT1 PE=2 SV=1
TRINITY_DN7973_c0_g1_i1.p1	sp|Q7ZV50|MAGT1_DANRE	50.5	307	333	328	27	331	30	327	7.07e-106	315	sp|Q7ZV50|MAGT1_DANRE Dolichyl-diphosphooligosaccharide--protein glycosyltransferase subunit MAGT1 OS=Danio rerio OX=7955 GN=magt1 PE=1 SV=1
TRINITY_DN7973_c0_g1_i1.p1	sp|Q63ZR0|MAGT1_XENLA	49.3	306	333	329	27	330	31	327	2.08e-105	314	sp|Q63ZR0|MAGT1_XENLA Dolichyl-diphosphooligosaccharide--protein glycosyltransferase subunit MAGT1 OS=Xenopus laevis OX=8355 GN=magt1 PE=2 SV=1
TRINITY_DN7973_c0_g1_i1.p1	sp|Q9H0U3|MAGT1_HUMAN	49.3	306	333	335	27	330	37	333	2.90e-104	311	sp|Q9H0U3|MAGT1_HUMAN Dolichyl-diphosphooligosaccharide--protein glycosyltransferase subunit MAGT1 OS=Homo sapiens OX=9606 GN=MAGT1 PE=1 SV=1
TRINITY_DN7973_c0_g1_i1.p1	sp|Q9CQY5|MAGT1_MOUSE	50.0	306	333	335	27	330	37	333	5.83e-104	311	sp|Q9CQY5|MAGT1_MOUSE Dolichyl-diphosphooligosaccharide--protein glycosyltransferase subunit MAGT1 OS=Mus musculus OX=10090 GN=Magt1 PE=1 SV=1
TRINITY_DN7973_c0_g1_i1.p1	sp|Q5RE31|MAGT1_PONAB	49.3	306	333	335	27	330	37	333	8.25e-104	310	sp|Q5RE31|MAGT1_PONAB Dolichyl-diphosphooligosaccharide--protein glycosyltransferase subunit MAGT1 OS=Pongo abelii OX=9601 GN=MAGT1 PE=2 SV=1
TRINITY_DN7973_c0_g1_i1.p1	sp|O35777|MAGT1_RAT	49.4	308	333	335	25	330	35	333	9.45e-103	308	sp|O35777|MAGT1_RAT Dolichyl-diphosphooligosaccharide--protein glycosyltransferase subunit MAGT1 OS=Rattus norvegicus OX=10116 GN=Magt1 PE=2 SV=2
TRINITY_DN7973_c0_g1_i1.p1	sp|P34669|OST3_CAEEL	44.1	345	333	340	1	331	1	339	7.06e-96	290	sp|P34669|OST3_CAEEL Probable dolichyl-diphosphooligosaccharide--protein glycosyltransferase subunit 3 OS=Caenorhabditis elegans OX=6239 GN=ZK686.3 PE=3 SV=2
TRINITY_DN7973_c0_g1_i1.p1	sp|Q54N33|OST3_DICDI	23.0	335	333	351	5	314	12	331	1.66e-07	55.8	sp|Q54N33|OST3_DICDI Probable dolichyl-diphosphooligosaccharide--protein glycosyltransferase subunit 3 OS=Dictyostelium discoideum OX=44689 GN=ost3 PE=3 SV=1
TRINITY_DN7973_c0_g1_i4.p1	sp|Q8BTV1|TUSC3_MOUSE	54.0	250	294	347	27	274	49	298	3.83e-97	292	sp|Q8BTV1|TUSC3_MOUSE Dolichyl-diphosphooligosaccharide--protein glycosyltransferase subunit TUSC3 OS=Mus musculus OX=10090 GN=Tusc3 PE=1 SV=1
TRINITY_DN7973_c0_g1_i4.p1	sp|Q13454|TUSC3_HUMAN	53.2	250	294	348	27	274	49	298	9.09e-96	289	sp|Q13454|TUSC3_HUMAN Dolichyl-diphosphooligosaccharide--protein glycosyltransferase subunit TUSC3 OS=Homo sapiens OX=9606 GN=TUSC3 PE=1 SV=1
TRINITY_DN7973_c0_g1_i4.p1	sp|Q32L57|TUSC3_BOVIN	54.6	240	294	347	27	264	49	288	8.13e-94	284	sp|Q32L57|TUSC3_BOVIN Dolichyl-diphosphooligosaccharide--protein glycosyltransferase subunit TUSC3 OS=Bos taurus OX=9913 GN=TUSC3 PE=2 SV=1
TRINITY_DN7973_c0_g1_i4.p1	sp|Q5ZJ06|MAGT1_CHICK	51.3	236	294	328	27	260	30	265	5.65e-87	266	sp|Q5ZJ06|MAGT1_CHICK Dolichyl-diphosphooligosaccharide--protein glycosyltransferase subunit MAGT1 OS=Gallus gallus OX=9031 GN=MAGT1 PE=2 SV=1
TRINITY_DN7973_c0_g1_i4.p1	sp|Q7ZV50|MAGT1_DANRE	49.2	250	294	328	27	274	30	279	3.22e-86	264	sp|Q7ZV50|MAGT1_DANRE Dolichyl-diphosphooligosaccharide--protein glycosyltransferase subunit MAGT1 OS=Danio rerio OX=7955 GN=magt1 PE=1 SV=1
TRINITY_DN7973_c0_g1_i4.p1	sp|Q9H0U3|MAGT1_HUMAN	51.7	236	294	335	27	260	37	272	2.27e-85	262	sp|Q9H0U3|MAGT1_HUMAN Dolichyl-diphosphooligosaccharide--protein glycosyltransferase subunit MAGT1 OS=Homo sapiens OX=9606 GN=MAGT1 PE=1 SV=1
TRINITY_DN7973_c0_g1_i4.p1	sp|Q5RE31|MAGT1_PONAB	51.7	236	294	335	27	260	37	272	6.45e-85	261	sp|Q5RE31|MAGT1_PONAB Dolichyl-diphosphooligosaccharide--protein glycosyltransferase subunit MAGT1 OS=Pongo abelii OX=9601 GN=MAGT1 PE=2 SV=1
TRINITY_DN7973_c0_g1_i4.p1	sp|Q63ZR0|MAGT1_XENLA	50.0	236	294	329	27	260	31	266	1.07e-84	260	sp|Q63ZR0|MAGT1_XENLA Dolichyl-diphosphooligosaccharide--protein glycosyltransferase subunit MAGT1 OS=Xenopus laevis OX=8355 GN=magt1 PE=2 SV=1
TRINITY_DN7973_c0_g1_i4.p1	sp|Q9CQY5|MAGT1_MOUSE	51.7	236	294	335	27	260	37	272	1.83e-84	259	sp|Q9CQY5|MAGT1_MOUSE Dolichyl-diphosphooligosaccharide--protein glycosyltransferase subunit MAGT1 OS=Mus musculus OX=10090 GN=Magt1 PE=1 SV=1
TRINITY_DN7973_c0_g1_i4.p1	sp|O35777|MAGT1_RAT	50.8	238	294	335	25	260	35	272	4.17e-83	256	sp|O35777|MAGT1_RAT Dolichyl-diphosphooligosaccharide--protein glycosyltransferase subunit MAGT1 OS=Rattus norvegicus OX=10116 GN=Magt1 PE=2 SV=2
TRINITY_DN7973_c0_g1_i4.p1	sp|P34669|OST3_CAEEL	43.0	293	294	340	1	288	1	289	3.56e-80	249	sp|P34669|OST3_CAEEL Probable dolichyl-diphosphooligosaccharide--protein glycosyltransferase subunit 3 OS=Caenorhabditis elegans OX=6239 GN=ZK686.3 PE=3 SV=2
TRINITY_DN7973_c0_g1_i4.p1	sp|Q54N33|OST3_DICDI	23.7	295	294	351	5	274	12	296	5.05e-08	57.0	sp|Q54N33|OST3_DICDI Probable dolichyl-diphosphooligosaccharide--protein glycosyltransferase subunit 3 OS=Dictyostelium discoideum OX=44689 GN=ost3 PE=3 SV=1
TRINITY_DN7973_c0_g1_i4.p1	sp|Q03723|OST6_YEAST	19.6	280	294	332	5	266	8	277	9.27e-05	47.0	sp|Q03723|OST6_YEAST Dolichyl-diphosphooligosaccharide--protein glycosyltransferase subunit OST6 OS=Saccharomyces cerevisiae (strain ATCC 204508 / S288c) OX=559292 GN=OST6 PE=1 SV=1
TRINITY_DN7973_c0_g1_i8.p1	sp|Q8BTV1|TUSC3_MOUSE	53.3	306	353	347	27	330	49	345	3.18e-114	338	sp|Q8BTV1|TUSC3_MOUSE Dolichyl-diphosphooligosaccharide--protein glycosyltransferase subunit TUSC3 OS=Mus musculus OX=10090 GN=Tusc3 PE=1 SV=1
TRINITY_DN7973_c0_g1_i8.p1	sp|Q13454|TUSC3_HUMAN	53.1	303	353	348	27	327	49	342	1.52e-112	334	sp|Q13454|TUSC3_HUMAN Dolichyl-diphosphooligosaccharide--protein glycosyltransferase subunit TUSC3 OS=Homo sapiens OX=9606 GN=TUSC3 PE=1 SV=1
TRINITY_DN7973_c0_g1_i8.p1	sp|Q32L57|TUSC3_BOVIN	52.3	306	353	347	27	330	49	345	3.88e-110	328	sp|Q32L57|TUSC3_BOVIN Dolichyl-diphosphooligosaccharide--protein glycosyltransferase subunit TUSC3 OS=Bos taurus OX=9913 GN=TUSC3 PE=2 SV=1
TRINITY_DN7973_c0_g1_i8.p1	sp|Q5ZJ06|MAGT1_CHICK	49.0	306	353	328	27	330	30	326	1.33e-103	310	sp|Q5ZJ06|MAGT1_CHICK Dolichyl-diphosphooligosaccharide--protein glycosyltransferase subunit MAGT1 OS=Gallus gallus OX=9031 GN=MAGT1 PE=2 SV=1
TRINITY_DN7973_c0_g1_i8.p1	sp|Q7ZV50|MAGT1_DANRE	49.2	307	353	328	27	331	30	327	5.37e-103	309	sp|Q7ZV50|MAGT1_DANRE Dolichyl-diphosphooligosaccharide--protein glycosyltransferase subunit MAGT1 OS=Danio rerio OX=7955 GN=magt1 PE=1 SV=1
TRINITY_DN7973_c0_g1_i8.p1	sp|Q63ZR0|MAGT1_XENLA	48.4	306	353	329	27	330	31	327	5.55e-103	309	sp|Q63ZR0|MAGT1_XENLA Dolichyl-diphosphooligosaccharide--protein glycosyltransferase subunit MAGT1 OS=Xenopus laevis OX=8355 GN=magt1 PE=2 SV=1
TRINITY_DN7973_c0_g1_i8.p1	sp|Q9H0U3|MAGT1_HUMAN	48.4	306	353	335	27	330	37	333	7.72e-102	306	sp|Q9H0U3|MAGT1_HUMAN Dolichyl-diphosphooligosaccharide--protein glycosyltransferase subunit MAGT1 OS=Homo sapiens OX=9606 GN=MAGT1 PE=1 SV=1
TRINITY_DN7973_c0_g1_i8.p1	sp|Q9CQY5|MAGT1_MOUSE	49.0	306	353	335	27	330	37	333	1.55e-101	305	sp|Q9CQY5|MAGT1_MOUSE Dolichyl-diphosphooligosaccharide--protein glycosyltransferase subunit MAGT1 OS=Mus musculus OX=10090 GN=Magt1 PE=1 SV=1
TRINITY_DN7973_c0_g1_i8.p1	sp|Q5RE31|MAGT1_PONAB	48.4	306	353	335	27	330	37	333	2.19e-101	305	sp|Q5RE31|MAGT1_PONAB Dolichyl-diphosphooligosaccharide--protein glycosyltransferase subunit MAGT1 OS=Pongo abelii OX=9601 GN=MAGT1 PE=2 SV=1
TRINITY_DN7973_c0_g1_i8.p1	sp|O35777|MAGT1_RAT	48.4	308	353	335	25	330	35	333	2.51e-100	302	sp|O35777|MAGT1_RAT Dolichyl-diphosphooligosaccharide--protein glycosyltransferase subunit MAGT1 OS=Rattus norvegicus OX=10116 GN=Magt1 PE=2 SV=2
TRINITY_DN7973_c0_g1_i8.p1	sp|P34669|OST3_CAEEL	42.9	345	353	340	1	331	1	339	5.20e-93	284	sp|P34669|OST3_CAEEL Probable dolichyl-diphosphooligosaccharide--protein glycosyltransferase subunit 3 OS=Caenorhabditis elegans OX=6239 GN=ZK686.3 PE=3 SV=2
TRINITY_DN7973_c0_g1_i8.p1	sp|Q54N33|OST3_DICDI	23.0	335	353	351	5	314	12	331	1.42e-07	56.2	sp|Q54N33|OST3_DICDI Probable dolichyl-diphosphooligosaccharide--protein glycosyltransferase subunit 3 OS=Dictyostelium discoideum OX=44689 GN=ost3 PE=3 SV=1
TRINITY_DN7973_c0_g1_i9.p1	sp|Q8BTV1|TUSC3_MOUSE	54.0	250	294	347	27	274	49	298	3.83e-97	292	sp|Q8BTV1|TUSC3_MOUSE Dolichyl-diphosphooligosaccharide--protein glycosyltransferase subunit TUSC3 OS=Mus musculus OX=10090 GN=Tusc3 PE=1 SV=1
TRINITY_DN7973_c0_g1_i9.p1	sp|Q13454|TUSC3_HUMAN	53.2	250	294	348	27	274	49	298	9.09e-96	289	sp|Q13454|TUSC3_HUMAN Dolichyl-diphosphooligosaccharide--protein glycosyltransferase subunit TUSC3 OS=Homo sapiens OX=9606 GN=TUSC3 PE=1 SV=1
TRINITY_DN7973_c0_g1_i9.p1	sp|Q32L57|TUSC3_BOVIN	54.6	240	294	347	27	264	49	288	8.13e-94	284	sp|Q32L57|TUSC3_BOVIN Dolichyl-diphosphooligosaccharide--protein glycosyltransferase subunit TUSC3 OS=Bos taurus OX=9913 GN=TUSC3 PE=2 SV=1
TRINITY_DN7973_c0_g1_i9.p1	sp|Q5ZJ06|MAGT1_CHICK	51.3	236	294	328	27	260	30	265	5.65e-87	266	sp|Q5ZJ06|MAGT1_CHICK Dolichyl-diphosphooligosaccharide--protein glycosyltransferase subunit MAGT1 OS=Gallus gallus OX=9031 GN=MAGT1 PE=2 SV=1
TRINITY_DN7973_c0_g1_i9.p1	sp|Q7ZV50|MAGT1_DANRE	49.2	250	294	328	27	274	30	279	3.22e-86	264	sp|Q7ZV50|MAGT1_DANRE Dolichyl-diphosphooligosaccharide--protein glycosyltransferase subunit MAGT1 OS=Danio rerio OX=7955 GN=magt1 PE=1 SV=1
TRINITY_DN7973_c0_g1_i9.p1	sp|Q9H0U3|MAGT1_HUMAN	51.7	236	294	335	27	260	37	272	2.27e-85	262	sp|Q9H0U3|MAGT1_HUMAN Dolichyl-diphosphooligosaccharide--protein glycosyltransferase subunit MAGT1 OS=Homo sapiens OX=9606 GN=MAGT1 PE=1 SV=1
TRINITY_DN7973_c0_g1_i9.p1	sp|Q5RE31|MAGT1_PONAB	51.7	236	294	335	27	260	37	272	6.45e-85	261	sp|Q5RE31|MAGT1_PONAB Dolichyl-diphosphooligosaccharide--protein glycosyltransferase subunit MAGT1 OS=Pongo abelii OX=9601 GN=MAGT1 PE=2 SV=1
TRINITY_DN7973_c0_g1_i9.p1	sp|Q63ZR0|MAGT1_XENLA	50.0	236	294	329	27	260	31	266	1.07e-84	260	sp|Q63ZR0|MAGT1_XENLA Dolichyl-diphosphooligosaccharide--protein glycosyltransferase subunit MAGT1 OS=Xenopus laevis OX=8355 GN=magt1 PE=2 SV=1
TRINITY_DN7973_c0_g1_i9.p1	sp|Q9CQY5|MAGT1_MOUSE	51.7	236	294	335	27	260	37	272	1.83e-84	259	sp|Q9CQY5|MAGT1_MOUSE Dolichyl-diphosphooligosaccharide--protein glycosyltransferase subunit MAGT1 OS=Mus musculus OX=10090 GN=Magt1 PE=1 SV=1
TRINITY_DN7973_c0_g1_i9.p1	sp|O35777|MAGT1_RAT	50.8	238	294	335	25	260	35	272	4.17e-83	256	sp|O35777|MAGT1_RAT Dolichyl-diphosphooligosaccharide--protein glycosyltransferase subunit MAGT1 OS=Rattus norvegicus OX=10116 GN=Magt1 PE=2 SV=2
TRINITY_DN7973_c0_g1_i9.p1	sp|P34669|OST3_CAEEL	43.0	293	294	340	1	288	1	289	3.56e-80	249	sp|P34669|OST3_CAEEL Probable dolichyl-diphosphooligosaccharide--protein glycosyltransferase subunit 3 OS=Caenorhabditis elegans OX=6239 GN=ZK686.3 PE=3 SV=2
TRINITY_DN7973_c0_g1_i9.p1	sp|Q54N33|OST3_DICDI	23.7	295	294	351	5	274	12	296	5.05e-08	57.0	sp|Q54N33|OST3_DICDI Probable dolichyl-diphosphooligosaccharide--protein glycosyltransferase subunit 3 OS=Dictyostelium discoideum OX=44689 GN=ost3 PE=3 SV=1
TRINITY_DN7973_c0_g1_i9.p1	sp|Q03723|OST6_YEAST	19.6	280	294	332	5	266	8	277	9.27e-05	47.0	sp|Q03723|OST6_YEAST Dolichyl-diphosphooligosaccharide--protein glycosyltransferase subunit OST6 OS=Saccharomyces cerevisiae (strain ATCC 204508 / S288c) OX=559292 GN=OST6 PE=1 SV=1
TRINITY_DN8039_c0_g1_i1.p1	sp|Q24342|FNG_DROME	58.2	285	330	412	44	328	130	410	6.78e-123	362	sp|Q24342|FNG_DROME Fringe glycosyltransferase OS=Drosophila melanogaster OX=7227 GN=fng PE=1 SV=1
TRINITY_DN8039_c0_g1_i1.p1	sp|Q6KFX9|RFNG_DANRE	50.9	267	330	362	64	329	94	358	2.14e-91	280	sp|Q6KFX9|RFNG_DANRE Beta-1,3-N-acetylglucosaminyltransferase radical fringe OS=Danio rerio OX=7955 GN=rfng PE=2 SV=1
TRINITY_DN8039_c0_g1_i1.p1	sp|O09009|RFNG_MOUSE	49.1	265	330	332	65	328	59	322	8.70e-89	272	sp|O09009|RFNG_MOUSE Beta-1,3-N-acetylglucosaminyltransferase radical fringe OS=Mus musculus OX=10090 GN=Rfng PE=1 SV=1
TRINITY_DN8039_c0_g1_i1.p1	sp|Q9R1U9|RFNG_RAT	46.1	293	330	334	37	328	43	324	1.31e-88	271	sp|Q9R1U9|RFNG_RAT Beta-1,3-N-acetylglucosaminyltransferase radical fringe OS=Rattus norvegicus OX=10116 GN=Rfng PE=2 SV=1
TRINITY_DN8039_c0_g1_i1.p1	sp|Q9Y644|RFNG_HUMAN	47.7	266	330	331	65	329	58	322	1.69e-88	271	sp|Q9Y644|RFNG_HUMAN Beta-1,3-N-acetylglucosaminyltransferase radical fringe OS=Homo sapiens OX=9606 GN=RFNG PE=1 SV=3
TRINITY_DN8039_c0_g1_i1.p1	sp|O12972|RFNG_CHICK	48.2	274	330	372	57	329	96	368	6.02e-88	271	sp|O12972|RFNG_CHICK Beta-1,3-N-acetylglucosaminyltransferase radical fringe OS=Gallus gallus OX=9031 GN=RFNG PE=2 SV=2
TRINITY_DN8039_c0_g1_i1.p1	sp|Q8JHF2|LFNG_DANRE	46.2	275	330	374	55	328	97	369	1.81e-87	270	sp|Q8JHF2|LFNG_DANRE Beta-1,3-N-acetylglucosaminyltransferase lunatic fringe OS=Danio rerio OX=7955 GN=lfng PE=2 SV=2
TRINITY_DN8039_c0_g1_i1.p1	sp|Q9YHB3|RFNG_NOTVI	49.1	265	330	396	65	328	129	391	2.48e-87	270	sp|Q9YHB3|RFNG_NOTVI Beta-1,3-N-acetylglucosaminyltransferase radical fringe OS=Notophthalmus viridescens OX=8316 GN=RFNG PE=2 SV=1
TRINITY_DN8039_c0_g1_i1.p1	sp|Q2KJ92|LFNG_BOVIN	48.7	265	330	380	66	329	115	376	8.68e-87	268	sp|Q2KJ92|LFNG_BOVIN Beta-1,3-N-acetylglucosaminyltransferase lunatic fringe OS=Bos taurus OX=9913 GN=LFNG PE=2 SV=1
TRINITY_DN8039_c0_g1_i1.p1	sp|P79948|LFNG_XENLA	45.6	285	330	375	47	328	89	370	1.06e-86	268	sp|P79948|LFNG_XENLA Beta-1,3-N-acetylglucosaminyltransferase lunatic fringe OS=Xenopus laevis OX=8355 GN=lfng PE=2 SV=1
TRINITY_DN8039_c0_g1_i1.p1	sp|Q8NES3|LFNG_HUMAN	47.5	265	330	379	66	329	114	375	1.22e-83	260	sp|Q8NES3|LFNG_HUMAN Beta-1,3-N-acetylglucosaminyltransferase lunatic fringe OS=Homo sapiens OX=9606 GN=LFNG PE=1 SV=2
TRINITY_DN8039_c0_g1_i1.p1	sp|O09010|LFNG_MOUSE	47.5	265	330	378	66	329	113	374	2.36e-83	259	sp|O09010|LFNG_MOUSE Beta-1,3-N-acetylglucosaminyltransferase lunatic fringe OS=Mus musculus OX=10090 GN=Lfng PE=1 SV=1
TRINITY_DN8039_c0_g1_i1.p1	sp|Q924T4|LFNG_RAT	47.5	265	330	378	66	329	113	374	2.36e-83	259	sp|Q924T4|LFNG_RAT Beta-1,3-N-acetylglucosaminyltransferase lunatic fringe OS=Rattus norvegicus OX=10116 GN=Lfng PE=2 SV=1
TRINITY_DN8039_c0_g1_i1.p1	sp|P79949|RFNG_XENLA	50.4	250	330	340	64	312	93	340	1.20e-82	256	sp|P79949|RFNG_XENLA Beta-1,3-N-acetylglucosaminyltransferase radical fringe OS=Xenopus laevis OX=8355 GN=rfng PE=2 SV=1
TRINITY_DN8039_c0_g1_i1.p1	sp|O12971|LFNG_CHICK	45.2	270	330	363	60	328	92	358	4.80e-82	256	sp|O12971|LFNG_CHICK Beta-1,3-N-acetylglucosaminyltransferase lunatic fringe OS=Gallus gallus OX=9031 GN=LFNG PE=2 SV=1
TRINITY_DN8039_c0_g1_i1.p1	sp|O00587|MFNG_HUMAN	45.7	267	330	321	64	329	53	317	2.48e-77	242	sp|O00587|MFNG_HUMAN Beta-1,3-N-acetylglucosaminyltransferase manic fringe OS=Homo sapiens OX=9606 GN=MFNG PE=1 SV=2
TRINITY_DN8039_c0_g1_i1.p1	sp|O09008|MFNG_MOUSE	45.7	267	330	321	64	328	53	316	2.48e-77	242	sp|O09008|MFNG_MOUSE Beta-1,3-N-acetylglucosaminyltransferase manic fringe OS=Mus musculus OX=10090 GN=Mfng PE=1 SV=1
TRINITY_DN8039_c0_g1_i1.p1	sp|Q5IS64|MFNG_PANTR	45.7	267	330	321	64	329	53	317	2.48e-77	242	sp|Q5IS64|MFNG_PANTR Beta-1,3-N-acetylglucosaminyltransferase manic fringe OS=Pan troglodytes OX=9598 GN=MFNG PE=2 SV=1
TRINITY_DN8039_c0_g1_i1.p1	sp|Q5YB40|MFNG_DANRE	42.3	267	330	360	64	328	83	345	2.80e-68	220	sp|Q5YB40|MFNG_DANRE Beta-1,3-N-acetylglucosaminyltransferase manic fringe OS=Danio rerio OX=7955 GN=mfng PE=2 SV=3
TRINITY_DN87_c1_g3_i1.p1	sp|A0A291PQH4|UGT2_DACCO	40.2	102	103	515	1	102	414	515	2.35e-20	87.4	sp|A0A291PQH4|UGT2_DACCO UDP-glucosyltransferase 2 OS=Dactylopius coccus OX=765876 GN=UTG2 PE=1 SV=1
TRINITY_DN87_c1_g3_i1.p1	sp|P36537|UDB10_HUMAN	42.4	99	103	528	1	98	429	526	1.01e-18	82.8	sp|P36537|UDB10_HUMAN UDP-glucuronosyltransferase 2B10 OS=Homo sapiens OX=9606 GN=UGT2B10 PE=1 SV=1
TRINITY_DN87_c1_g3_i1.p1	sp|O97951|UDB18_MACFA	41.4	99	103	529	1	98	430	527	2.30e-17	79.0	sp|O97951|UDB18_MACFA UDP-glucuronosyltransferase 2B18 OS=Macaca fascicularis OX=9541 GN=UGT2B18 PE=1 SV=1
TRINITY_DN87_c1_g3_i1.p1	sp|Q9GLD9|UDB33_MACMU	41.4	99	103	529	1	98	430	527	2.30e-17	79.0	sp|Q9GLD9|UDB33_MACMU UDP-glucuronosyltransferase 2B33 OS=Macaca mulatta OX=9544 GN=UGT2B33 PE=1 SV=1
TRINITY_DN87_c1_g3_i1.p1	sp|O02663|UD2B9_MACFA	41.4	99	103	529	1	98	430	527	3.14e-17	78.6	sp|O02663|UD2B9_MACFA UDP-glucuronosyltransferase 2B9 OS=Macaca fascicularis OX=9541 GN=UGT2B9 PE=2 SV=1
TRINITY_DN87_c1_g3_i1.p1	sp|P36513|UDB14_RABIT	47.6	84	103	530	1	82	431	514	3.14e-17	78.6	sp|P36513|UDB14_RABIT UDP-glucuronosyltransferase 2B14 OS=Oryctolagus cuniculus OX=9986 GN=UGT2B14 PE=2 SV=1
TRINITY_DN87_c1_g3_i1.p1	sp|P16662|UD2B7_HUMAN	41.4	99	103	529	1	98	430	527	4.29e-17	78.2	sp|P16662|UD2B7_HUMAN UDP-glucuronosyltransferase 2B7 OS=Homo sapiens OX=9606 GN=UGT2B7 PE=1 SV=2
TRINITY_DN87_c1_g3_i1.p1	sp|P54855|UDB15_HUMAN	39.4	99	103	530	1	98	431	529	5.86e-17	77.8	sp|P54855|UDB15_HUMAN UDP-glucuronosyltransferase 2B15 OS=Homo sapiens OX=9606 GN=UGT2B15 PE=1 SV=3
TRINITY_DN87_c1_g3_i1.p1	sp|Q9TSL6|UDB23_MACFA	40.4	99	103	529	1	98	430	527	8.00e-17	77.4	sp|Q9TSL6|UDB23_MACFA UDP-glucuronosyltransferase 2B23 OS=Macaca fascicularis OX=9541 GN=UGT2B23 PE=1 SV=1
TRINITY_DN87_c1_g3_i1.p1	sp|P36512|UDB13_RABIT	50.8	65	103	531	1	65	432	496	1.09e-16	77.0	sp|P36512|UDB13_RABIT UDP-glucuronosyltransferase 2B13 OS=Oryctolagus cuniculus OX=9986 GN=UGT2B13 PE=2 SV=1
TRINITY_DN87_c1_g3_i1.p1	sp|O19103|UDB16_RABIT	40.2	87	103	523	1	87	424	506	2.78e-16	75.9	sp|O19103|UDB16_RABIT UDP-glucuronosyltransferase 2B16 (Fragment) OS=Oryctolagus cuniculus OX=9986 GN=UGT2B16 PE=2 SV=2
TRINITY_DN87_c1_g3_i1.p1	sp|Q80X89|UD2A1_MOUSE	50.8	65	103	528	1	65	429	493	2.78e-16	75.9	sp|Q80X89|UD2A1_MOUSE UDP-glucuronosyltransferase 2A1 OS=Mus musculus OX=10090 GN=Ugt2a1 PE=2 SV=1
TRINITY_DN87_c1_g3_i1.p1	sp|Q6PDD0|UD2A2_MOUSE	50.8	65	103	528	1	65	429	493	2.78e-16	75.9	sp|Q6PDD0|UD2A2_MOUSE UDP-glucuronosyltransferase 2A2 OS=Mus musculus OX=10090 GN=Ugt2a2 PE=2 SV=1
TRINITY_DN87_c1_g3_i1.p1	sp|O75795|UDB17_HUMAN	49.2	65	103	530	1	65	431	495	2.78e-16	75.9	sp|O75795|UDB17_HUMAN UDP-glucuronosyltransferase 2B17 OS=Homo sapiens OX=9606 GN=UGT2B17 PE=1 SV=1
TRINITY_DN87_c1_g3_i1.p1	sp|P06133|UD2B4_HUMAN	38.9	95	103	528	1	95	430	524	3.80e-16	75.5	sp|P06133|UD2B4_HUMAN UDP-glucuronosyltransferase 2B4 OS=Homo sapiens OX=9606 GN=UGT2B4 PE=1 SV=2
TRINITY_DN87_c1_g3_i1.p1	sp|P36514|UD2C1_RABIT	50.0	68	103	502	1	68	403	470	5.13e-16	75.1	sp|P36514|UD2C1_RABIT UDP-glucuronosyltransferase 2C1 (Fragment) OS=Oryctolagus cuniculus OX=9986 GN=UGT2C1 PE=2 SV=1
TRINITY_DN87_c1_g3_i1.p1	sp|P0DTE4|UD2A1_HUMAN	49.2	65	103	527	1	65	428	492	7.08e-16	74.7	sp|P0DTE4|UD2A1_HUMAN UDP-glucuronosyltransferase 2A1 OS=Homo sapiens OX=9606 GN=UGT2A1 PE=1 SV=2
TRINITY_DN87_c1_g3_i1.p1	sp|Q62452|UD19_MOUSE	44.7	85	103	528	1	85	423	503	7.08e-16	74.7	sp|Q62452|UD19_MOUSE UDP-glucuronosyltransferase 1A9 OS=Mus musculus OX=10090 GN=Ugt1a9 PE=1 SV=3
TRINITY_DN87_c1_g3_i1.p1	sp|P09875|UD2B1_RAT	49.2	65	103	529	1	65	431	495	7.08e-16	74.7	sp|P09875|UD2B1_RAT UDP-glucuronosyltransferase 2B1 OS=Rattus norvegicus OX=10116 GN=Ugt2b1 PE=1 SV=1
TRINITY_DN87_c1_g3_i1.p1	sp|Q64435|UD16_MOUSE	44.7	85	103	531	1	85	426	506	7.09e-16	74.7	sp|Q64435|UD16_MOUSE UDP-glucuronosyltransferase 1A6 OS=Mus musculus OX=10090 GN=Ugt1a6 PE=1 SV=1
TRINITY_DN87_c1_g3_i1.p1	sp|Q6ZQM8|UD17_MOUSE	44.7	85	103	531	1	85	426	506	7.09e-16	74.7	sp|Q6ZQM8|UD17_MOUSE UDP-glucuronosyltransferase 1A7 OS=Mus musculus OX=10090 GN=Ugt1a7 PE=1 SV=1
TRINITY_DN87_c1_g3_i1.p1	sp|P70691|UD12_MOUSE	44.7	85	103	533	1	85	428	508	7.09e-16	74.7	sp|P70691|UD12_MOUSE UDP-glucuronosyltransferase 1-2 OS=Mus musculus OX=10090 GN=Ugt1a2 PE=1 SV=1
TRINITY_DN87_c1_g3_i1.p1	sp|Q8BWQ1|UD2A3_MOUSE	40.8	98	103	534	1	96	430	526	7.09e-16	74.7	sp|Q8BWQ1|UD2A3_MOUSE UDP-glucuronosyltransferase 2A3 OS=Mus musculus OX=10090 GN=Ugt2a3 PE=1 SV=1
TRINITY_DN87_c1_g3_i1.p1	sp|Q63886|UD11_MOUSE	44.7	85	103	535	1	85	430	510	7.09e-16	74.7	sp|Q63886|UD11_MOUSE UDP-glucuronosyltransferase 1A1 OS=Mus musculus OX=10090 GN=Ugt1a1 PE=1 SV=2
TRINITY_DN87_c1_g3_i1.p1	sp|P0DTE5|UD2A2_HUMAN	49.2	65	103	536	1	65	437	501	7.10e-16	74.7	sp|P0DTE5|UD2A2_HUMAN UDP-glucuronosyltransferase 2A2 OS=Homo sapiens OX=9606 GN=UGT2A2 PE=1 SV=1
TRINITY_DN87_c1_g3_i2.p1	sp|Q88168|UDPE_NPVSL	38.3	433	466	515	13	429	71	498	7.43e-92	291	sp|Q88168|UDPE_NPVSL Ecdysteroid UDP-glucosyltransferase OS=Spodoptera littoralis nuclear polyhedrosis virus OX=10456 GN=EGT PE=3 SV=1
TRINITY_DN87_c1_g3_i2.p1	sp|P41713|UDPE_NPVLD	35.4	426	466	506	9	428	63	485	1.12e-84	272	sp|P41713|UDPE_NPVLD Ecdysteroid UDP-glucosyltransferase OS=Lymantria dispar multicapsid nuclear polyhedrosis virus OX=10449 GN=EGT PE=3 SV=2
TRINITY_DN87_c1_g3_i2.p1	sp|Q83140|UDPE_NPVMB	33.3	427	466	528	48	462	123	528	1.82e-72	241	sp|Q83140|UDPE_NPVMB Ecdysteroid UDP-glucosyltransferase OS=Mamestra brassicae nuclear polyhedrosis virus OX=78219 GN=EGT PE=3 SV=1
TRINITY_DN87_c1_g3_i2.p1	sp|A0A291PQH4|UGT2_DACCO	29.6	466	466	515	4	465	57	515	2.04e-65	222	sp|A0A291PQH4|UGT2_DACCO UDP-glucosyltransferase 2 OS=Dactylopius coccus OX=765876 GN=UTG2 PE=1 SV=1
TRINITY_DN87_c1_g3_i2.p1	sp|P18569|EGT_NPVAC	31.3	383	466	506	56	422	114	489	7.39e-62	212	sp|P18569|EGT_NPVAC Ecdysteroid UDP-glucosyltransferase OS=Autographa californica nuclear polyhedrosis virus OX=46015 GN=EGT PE=1 SV=1
TRINITY_DN87_c1_g3_i2.p1	sp|A0A291PQF1|UGT5_DACCO	29.5	478	466	526	5	465	56	526	8.18e-62	213	sp|A0A291PQF1|UGT5_DACCO UDP-glycosyltransferase UGT5 OS=Dactylopius coccus OX=765876 GN=UGT5 PE=1 SV=1
TRINITY_DN87_c1_g3_i2.p1	sp|Q90157|UDPE_NPVCF	33.2	386	466	491	56	422	113	485	8.08e-60	206	sp|Q90157|UDPE_NPVCF Ecdysteroid UDP-glucosyltransferase OS=Choristoneura fumiferana nuclear polyhedrosis virus OX=208973 GN=EGT PE=2 SV=1
TRINITY_DN87_c1_g3_i2.p1	sp|Q90158|UDPE_NPVCD	32.1	383	466	493	56	422	115	487	4.51e-59	204	sp|Q90158|UDPE_NPVCD Ecdysteroid UDP-glucosyltransferase OS=Choristoneura fumiferana defective polyhedrosis virus OX=74660 GN=egt PE=2 SV=2
TRINITY_DN87_c1_g3_i2.p1	sp|Q6K1J1|UDB31_CANLF	33.3	360	466	530	76	428	145	495	1.92e-58	204	sp|Q6K1J1|UDB31_CANLF UDP-glucuronosyltransferase 2B31 OS=Canis lupus familiaris OX=9615 GN=UGT2B31 PE=1 SV=1
TRINITY_DN87_c1_g3_i2.p1	sp|P36513|UDB14_RABIT	30.2	450	466	530	5	445	78	514	1.98e-57	201	sp|P36513|UDB14_RABIT UDP-glucuronosyltransferase 2B14 OS=Oryctolagus cuniculus OX=9986 GN=UGT2B14 PE=2 SV=1
TRINITY_DN87_c1_g3_i2.p1	sp|O75795|UDB17_HUMAN	30.2	430	466	530	11	428	78	495	2.76e-57	201	sp|O75795|UDB17_HUMAN UDP-glucuronosyltransferase 2B17 OS=Homo sapiens OX=9606 GN=UGT2B17 PE=1 SV=1
TRINITY_DN87_c1_g3_i2.p1	sp|Q65363|UDPE_NPVOP	32.2	385	466	489	56	422	113	483	4.45e-57	199	sp|Q65363|UDPE_NPVOP Ecdysteroid UDP-glucosyltransferase OS=Orgyia pseudotsugata multicapsid polyhedrosis virus OX=262177 GN=EGT PE=3 SV=1
TRINITY_DN87_c1_g3_i2.p1	sp|P16662|UD2B7_HUMAN	29.3	468	466	529	11	461	78	527	7.32e-57	199	sp|P16662|UD2B7_HUMAN UDP-glucuronosyltransferase 2B7 OS=Homo sapiens OX=9606 GN=UGT2B7 PE=1 SV=2
TRINITY_DN87_c1_g3_i2.p1	sp|O77649|UDB20_MACFA	31.6	434	466	530	11	428	78	495	7.47e-57	199	sp|O77649|UDB20_MACFA UDP-glucuronosyltransferase 2B20 OS=Macaca fascicularis OX=9541 GN=UGT2B20 PE=1 SV=1
TRINITY_DN87_c1_g3_i2.p1	sp|P36537|UDB10_HUMAN	31.9	395	466	528	76	461	143	526	1.39e-56	199	sp|P36537|UDB10_HUMAN UDP-glucuronosyltransferase 2B10 OS=Homo sapiens OX=9606 GN=UGT2B10 PE=1 SV=1
TRINITY_DN87_c1_g3_i2.p1	sp|O97951|UDB18_MACFA	29.0	462	466	529	11	461	78	527	1.04e-55	196	sp|O97951|UDB18_MACFA UDP-glucuronosyltransferase 2B18 OS=Macaca fascicularis OX=9541 GN=UGT2B18 PE=1 SV=1
TRINITY_DN87_c1_g3_i2.p1	sp|P54855|UDB15_HUMAN	31.0	422	466	530	49	461	121	529	1.06e-55	196	sp|P54855|UDB15_HUMAN UDP-glucuronosyltransferase 2B15 OS=Homo sapiens OX=9606 GN=UGT2B15 PE=1 SV=3
TRINITY_DN87_c1_g3_i2.p1	sp|P06133|UD2B4_HUMAN	28.6	461	466	528	11	458	78	524	2.76e-55	195	sp|P06133|UD2B4_HUMAN UDP-glucuronosyltransferase 2B4 OS=Homo sapiens OX=9606 GN=UGT2B4 PE=1 SV=2
TRINITY_DN87_c1_g3_i2.p1	sp|Q9XT55|UDB19_MACFA	28.3	448	466	528	11	451	78	517	3.85e-55	195	sp|Q9XT55|UDB19_MACFA UDP-glucuronosyltransferase 2B19 OS=Macaca fascicularis OX=9541 GN=UGT2B19 PE=1 SV=1
TRINITY_DN87_c1_g3_i2.p1	sp|A0A291PQG3|UGT4_DACCO	31.3	386	466	504	57	436	109	489	1.25e-54	193	sp|A0A291PQG3|UGT4_DACCO UDP-glycosyltransferase UGT4 OS=Dactylopius coccus OX=765876 GN=UGT4 PE=1 SV=1
TRINITY_DN87_c1_g3_i2.p1	sp|Q98166|UDPE_GVLO	33.7	365	466	460	48	407	100	455	5.10e-54	190	sp|Q98166|UDPE_GVLO Ecdysteroid UDP-glucosyltransferase OS=Lacanobia oleracea granulosis virus OX=52412 GN=EGT PE=3 SV=1
TRINITY_DN87_c1_g3_i2.p1	sp|O02663|UD2B9_MACFA	28.3	463	466	529	11	461	78	527	7.73e-54	191	sp|O02663|UD2B9_MACFA UDP-glucuronosyltransferase 2B9 OS=Macaca fascicularis OX=9541 GN=UGT2B9 PE=2 SV=1
TRINITY_DN87_c1_g3_i2.p1	sp|Q8WN97|UDB30_MACFA	28.7	425	466	528	11	428	78	494	2.04e-53	190	sp|Q8WN97|UDB30_MACFA UDP-glucuronosyltransferase 2B30 OS=Macaca fascicularis OX=9541 GN=UGT2B30 PE=1 SV=1
TRINITY_DN87_c1_g3_i2.p1	sp|Q9GLD9|UDB33_MACMU	27.9	466	466	529	11	461	78	527	2.08e-53	190	sp|Q9GLD9|UDB33_MACMU UDP-glucuronosyltransferase 2B33 OS=Macaca mulatta OX=9544 GN=UGT2B33 PE=1 SV=1
TRINITY_DN87_c1_g3_i2.p1	sp|P36514|UD2C1_RABIT	31.1	402	466	502	37	431	83	470	4.63e-53	189	sp|P36514|UD2C1_RABIT UDP-glucuronosyltransferase 2C1 (Fragment) OS=Oryctolagus cuniculus OX=9986 GN=UGT2C1 PE=2 SV=1
TRINITY_DN87_c1_g3_i3.p1	sp|P36537|UDB10_HUMAN	42.0	100	100	528	1	99	429	528	3.55e-19	84.0	sp|P36537|UDB10_HUMAN UDP-glucuronosyltransferase 2B10 OS=Homo sapiens OX=9606 GN=UGT2B10 PE=1 SV=1
TRINITY_DN87_c1_g3_i3.p1	sp|O97951|UDB18_MACFA	40.0	100	100	529	1	99	430	529	4.32e-18	80.9	sp|O97951|UDB18_MACFA UDP-glucuronosyltransferase 2B18 OS=Macaca fascicularis OX=9541 GN=UGT2B18 PE=1 SV=1
TRINITY_DN87_c1_g3_i3.p1	sp|Q9GLD9|UDB33_MACMU	40.0	100	100	529	1	99	430	529	4.32e-18	80.9	sp|Q9GLD9|UDB33_MACMU UDP-glucuronosyltransferase 2B33 OS=Macaca mulatta OX=9544 GN=UGT2B33 PE=1 SV=1
TRINITY_DN87_c1_g3_i3.p1	sp|P06133|UD2B4_HUMAN	40.4	99	100	528	1	99	430	528	5.90e-18	80.5	sp|P06133|UD2B4_HUMAN UDP-glucuronosyltransferase 2B4 OS=Homo sapiens OX=9606 GN=UGT2B4 PE=1 SV=2
TRINITY_DN87_c1_g3_i3.p1	sp|O02663|UD2B9_MACFA	40.0	100	100	529	1	99	430	529	5.90e-18	80.5	sp|O02663|UD2B9_MACFA UDP-glucuronosyltransferase 2B9 OS=Macaca fascicularis OX=9541 GN=UGT2B9 PE=2 SV=1
TRINITY_DN87_c1_g3_i3.p1	sp|Q9TSL6|UDB23_MACFA	39.0	100	100	529	1	99	430	529	1.50e-17	79.3	sp|Q9TSL6|UDB23_MACFA UDP-glucuronosyltransferase 2B23 OS=Macaca fascicularis OX=9541 GN=UGT2B23 PE=1 SV=1
TRINITY_DN87_c1_g3_i3.p1	sp|Q9XT55|UDB19_MACFA	39.4	99	100	528	1	99	430	528	2.05e-17	79.0	sp|Q9XT55|UDB19_MACFA UDP-glucuronosyltransferase 2B19 OS=Macaca fascicularis OX=9541 GN=UGT2B19 PE=1 SV=1
TRINITY_DN87_c1_g3_i3.p1	sp|P54855|UDB15_HUMAN	40.0	100	100	530	1	99	431	530	2.81e-17	78.6	sp|P54855|UDB15_HUMAN UDP-glucuronosyltransferase 2B15 OS=Homo sapiens OX=9606 GN=UGT2B15 PE=1 SV=3
TRINITY_DN87_c1_g3_i3.p1	sp|P16662|UD2B7_HUMAN	38.0	100	100	529	1	99	430	529	3.83e-17	78.2	sp|P16662|UD2B7_HUMAN UDP-glucuronosyltransferase 2B7 OS=Homo sapiens OX=9606 GN=UGT2B7 PE=1 SV=2
TRINITY_DN87_c1_g3_i3.p1	sp|Q80X89|UD2A1_MOUSE	47.5	80	100	528	1	80	429	508	9.77e-17	77.0	sp|Q80X89|UD2A1_MOUSE UDP-glucuronosyltransferase 2A1 OS=Mus musculus OX=10090 GN=Ugt2a1 PE=2 SV=1
TRINITY_DN87_c1_g3_i3.p1	sp|Q6PDD0|UD2A2_MOUSE	47.5	80	100	528	1	80	429	508	9.77e-17	77.0	sp|Q6PDD0|UD2A2_MOUSE UDP-glucuronosyltransferase 2A2 OS=Mus musculus OX=10090 GN=Ugt2a2 PE=2 SV=1
TRINITY_DN87_c1_g3_i3.p1	sp|O75795|UDB17_HUMAN	48.6	70	100	530	1	70	431	500	9.77e-17	77.0	sp|O75795|UDB17_HUMAN UDP-glucuronosyltransferase 2B17 OS=Homo sapiens OX=9606 GN=UGT2B17 PE=1 SV=1
TRINITY_DN87_c1_g3_i3.p1	sp|P36512|UDB13_RABIT	50.0	70	100	531	1	70	432	501	9.78e-17	77.0	sp|P36512|UDB13_RABIT UDP-glucuronosyltransferase 2B13 OS=Oryctolagus cuniculus OX=9986 GN=UGT2B13 PE=2 SV=1
TRINITY_DN87_c1_g3_i3.p1	sp|P0DTE4|UD2A1_HUMAN	38.0	100	100	527	1	99	428	527	1.33e-16	76.6	sp|P0DTE4|UD2A1_HUMAN UDP-glucuronosyltransferase 2A1 OS=Homo sapiens OX=9606 GN=UGT2A1 PE=1 SV=2
TRINITY_DN87_c1_g3_i3.p1	sp|P0DTE5|UD2A2_HUMAN	38.0	100	100	536	1	99	437	536	1.34e-16	76.6	sp|P0DTE5|UD2A2_HUMAN UDP-glucuronosyltransferase 2A2 OS=Homo sapiens OX=9606 GN=UGT2A2 PE=1 SV=1
TRINITY_DN87_c1_g3_i3.p1	sp|O77649|UDB20_MACFA	43.8	80	100	530	1	80	431	510	1.82e-16	76.3	sp|O77649|UDB20_MACFA UDP-glucuronosyltransferase 2B20 OS=Macaca fascicularis OX=9541 GN=UGT2B20 PE=1 SV=1
TRINITY_DN87_c1_g3_i3.p1	sp|A0A291PQH4|UGT2_DACCO	37.3	102	100	515	1	99	414	515	2.48e-16	75.9	sp|A0A291PQH4|UGT2_DACCO UDP-glucosyltransferase 2 OS=Dactylopius coccus OX=765876 GN=UTG2 PE=1 SV=1
TRINITY_DN87_c1_g3_i3.p1	sp|P36513|UDB14_RABIT	50.8	65	100	530	1	65	431	495	3.40e-16	75.5	sp|P36513|UDB14_RABIT UDP-glucuronosyltransferase 2B14 OS=Oryctolagus cuniculus OX=9986 GN=UGT2B14 PE=2 SV=1
TRINITY_DN87_c1_g3_i3.p1	sp|Q9R110|UD2A3_CAVPO	37.0	100	100	530	1	99	431	530	4.64e-16	75.1	sp|Q9R110|UD2A3_CAVPO UDP-glucuronosyltransferase 2A3 OS=Cavia porcellus OX=10141 GN=UGT2A3 PE=2 SV=1
TRINITY_DN87_c1_g3_i3.p1	sp|P36514|UD2C1_RABIT	49.3	69	100	502	1	69	403	471	6.28e-16	74.7	sp|P36514|UD2C1_RABIT UDP-glucuronosyltransferase 2C1 (Fragment) OS=Oryctolagus cuniculus OX=9986 GN=UGT2C1 PE=2 SV=1
TRINITY_DN87_c1_g3_i3.p1	sp|Q6UWM9|UD2A3_HUMAN	40.0	100	100	527	1	99	428	526	6.33e-16	74.7	sp|Q6UWM9|UD2A3_HUMAN UDP-glucuronosyltransferase 2A3 OS=Homo sapiens OX=9606 GN=UGT2A3 PE=1 SV=2
TRINITY_DN87_c1_g3_i3.p1	sp|Q8WN97|UDB30_MACFA	38.4	99	100	528	1	99	430	528	8.65e-16	74.3	sp|Q8WN97|UDB30_MACFA UDP-glucuronosyltransferase 2B30 OS=Macaca fascicularis OX=9541 GN=UGT2B30 PE=1 SV=1
TRINITY_DN87_c1_g3_i3.p1	sp|P08430|UD16_RAT	44.7	85	100	529	1	85	424	504	8.66e-16	74.3	sp|P08430|UD16_RAT UDP-glucuronosyltransferase 1A6 OS=Rattus norvegicus OX=10116 GN=Ugt1a6 PE=1 SV=1
TRINITY_DN87_c1_g3_i3.p1	sp|Q64634|UD18_RAT	44.7	85	100	530	1	85	425	505	8.66e-16	74.3	sp|Q64634|UD18_RAT UDP-glucuronosyltransferase 1A8 OS=Rattus norvegicus OX=10116 GN=Ugt1a8 PE=2 SV=1
TRINITY_DN87_c1_g3_i3.p1	sp|Q64637|UD13_RAT	44.7	85	100	531	1	85	426	506	8.66e-16	74.3	sp|Q64637|UD13_RAT UDP-glucuronosyltransferase 1A3 OS=Rattus norvegicus OX=10116 GN=Ugt1a3 PE=2 SV=1
TRINITY_DN87_c1_g3_i4.p1	sp|Q88168|UDPE_NPVSL	38.3	436	463	515	13	432	71	501	2.42e-92	292	sp|Q88168|UDPE_NPVSL Ecdysteroid UDP-glucosyltransferase OS=Spodoptera littoralis nuclear polyhedrosis virus OX=10456 GN=EGT PE=3 SV=1
TRINITY_DN87_c1_g3_i4.p1	sp|P41713|UDPE_NPVLD	35.9	434	463	506	9	436	63	493	4.31e-87	278	sp|P41713|UDPE_NPVLD Ecdysteroid UDP-glucosyltransferase OS=Lymantria dispar multicapsid nuclear polyhedrosis virus OX=10449 GN=EGT PE=3 SV=2
TRINITY_DN87_c1_g3_i4.p1	sp|Q83140|UDPE_NPVMB	34.5	388	463	528	48	423	123	502	1.19e-72	241	sp|Q83140|UDPE_NPVMB Ecdysteroid UDP-glucosyltransferase OS=Mamestra brassicae nuclear polyhedrosis virus OX=78219 GN=EGT PE=3 SV=1
TRINITY_DN87_c1_g3_i4.p1	sp|P18569|EGT_NPVAC	31.3	383	463	506	56	422	114	489	4.89e-62	213	sp|P18569|EGT_NPVAC Ecdysteroid UDP-glucosyltransferase OS=Autographa californica nuclear polyhedrosis virus OX=46015 GN=EGT PE=1 SV=1
TRINITY_DN87_c1_g3_i4.p1	sp|A0A291PQF1|UGT5_DACCO	30.2	447	463	526	5	442	56	495	1.48e-61	212	sp|A0A291PQF1|UGT5_DACCO UDP-glycosyltransferase UGT5 OS=Dactylopius coccus OX=765876 GN=UGT5 PE=1 SV=1
TRINITY_DN87_c1_g3_i4.p1	sp|A0A291PQH4|UGT2_DACCO	29.0	466	463	515	4	462	57	515	4.45e-61	210	sp|A0A291PQH4|UGT2_DACCO UDP-glucosyltransferase 2 OS=Dactylopius coccus OX=765876 GN=UTG2 PE=1 SV=1
TRINITY_DN87_c1_g3_i4.p1	sp|Q90157|UDPE_NPVCF	33.2	386	463	491	56	422	113	485	2.74e-60	207	sp|Q90157|UDPE_NPVCF Ecdysteroid UDP-glucosyltransferase OS=Choristoneura fumiferana nuclear polyhedrosis virus OX=208973 GN=EGT PE=2 SV=1
TRINITY_DN87_c1_g3_i4.p1	sp|Q90158|UDPE_NPVCD	32.1	383	463	493	56	422	115	487	1.53e-59	206	sp|Q90158|UDPE_NPVCD Ecdysteroid UDP-glucosyltransferase OS=Choristoneura fumiferana defective polyhedrosis virus OX=74660 GN=egt PE=2 SV=2
TRINITY_DN87_c1_g3_i4.p1	sp|Q6K1J1|UDB31_CANLF	33.4	365	463	530	76	433	145	500	1.78e-58	204	sp|Q6K1J1|UDB31_CANLF UDP-glucuronosyltransferase 2B31 OS=Canis lupus familiaris OX=9615 GN=UGT2B31 PE=1 SV=1
TRINITY_DN87_c1_g3_i4.p1	sp|O75795|UDB17_HUMAN	30.3	435	463	530	11	433	78	500	9.43e-58	202	sp|O75795|UDB17_HUMAN UDP-glucuronosyltransferase 2B17 OS=Homo sapiens OX=9606 GN=UGT2B17 PE=1 SV=1
TRINITY_DN87_c1_g3_i4.p1	sp|O77649|UDB20_MACFA	31.4	449	463	530	11	443	78	510	9.43e-58	202	sp|O77649|UDB20_MACFA UDP-glucuronosyltransferase 2B20 OS=Macaca fascicularis OX=9541 GN=UGT2B20 PE=1 SV=1
TRINITY_DN87_c1_g3_i4.p1	sp|Q65363|UDPE_NPVOP	32.2	385	463	489	56	422	113	483	1.52e-57	200	sp|Q65363|UDPE_NPVOP Ecdysteroid UDP-glucosyltransferase OS=Orgyia pseudotsugata multicapsid polyhedrosis virus OX=262177 GN=EGT PE=3 SV=1
TRINITY_DN87_c1_g3_i4.p1	sp|P06133|UD2B4_HUMAN	29.0	465	463	528	11	462	78	528	3.43e-57	200	sp|P06133|UD2B4_HUMAN UDP-glucuronosyltransferase 2B4 OS=Homo sapiens OX=9606 GN=UGT2B4 PE=1 SV=2
TRINITY_DN87_c1_g3_i4.p1	sp|P36537|UDB10_HUMAN	31.8	396	463	528	76	462	143	528	4.78e-57	200	sp|P36537|UDB10_HUMAN UDP-glucuronosyltransferase 2B10 OS=Homo sapiens OX=9606 GN=UGT2B10 PE=1 SV=1
TRINITY_DN87_c1_g3_i4.p1	sp|Q9XT55|UDB19_MACFA	28.5	459	463	528	11	462	78	528	4.78e-57	200	sp|Q9XT55|UDB19_MACFA UDP-glucuronosyltransferase 2B19 OS=Macaca fascicularis OX=9541 GN=UGT2B19 PE=1 SV=1
TRINITY_DN87_c1_g3_i4.p1	sp|P16662|UD2B7_HUMAN	28.6	469	463	529	11	462	78	529	6.80e-57	199	sp|P16662|UD2B7_HUMAN UDP-glucuronosyltransferase 2B7 OS=Homo sapiens OX=9606 GN=UGT2B7 PE=1 SV=2
TRINITY_DN87_c1_g3_i4.p1	sp|O97951|UDB18_MACFA	28.7	463	463	529	11	462	78	529	1.84e-56	198	sp|O97951|UDB18_MACFA UDP-glucuronosyltransferase 2B18 OS=Macaca fascicularis OX=9541 GN=UGT2B18 PE=1 SV=1
TRINITY_DN87_c1_g3_i4.p1	sp|P36513|UDB14_RABIT	29.9	431	463	530	5	428	78	495	2.62e-56	198	sp|P36513|UDB14_RABIT UDP-glucuronosyltransferase 2B14 OS=Oryctolagus cuniculus OX=9986 GN=UGT2B14 PE=2 SV=1
TRINITY_DN87_c1_g3_i4.p1	sp|P54855|UDB15_HUMAN	31.2	423	463	530	49	462	121	530	5.09e-56	197	sp|P54855|UDB15_HUMAN UDP-glucuronosyltransferase 2B15 OS=Homo sapiens OX=9606 GN=UGT2B15 PE=1 SV=3
TRINITY_DN87_c1_g3_i4.p1	sp|O02663|UD2B9_MACFA	28.0	464	463	529	11	462	78	529	1.37e-54	193	sp|O02663|UD2B9_MACFA UDP-glucuronosyltransferase 2B9 OS=Macaca fascicularis OX=9541 GN=UGT2B9 PE=2 SV=1
TRINITY_DN87_c1_g3_i4.p1	sp|Q8WN97|UDB30_MACFA	28.1	459	463	528	11	462	78	528	1.88e-54	193	sp|Q8WN97|UDB30_MACFA UDP-glucuronosyltransferase 2B30 OS=Macaca fascicularis OX=9541 GN=UGT2B30 PE=1 SV=1
TRINITY_DN87_c1_g3_i4.p1	sp|Q9GLD9|UDB33_MACMU	27.6	467	463	529	11	462	78	529	3.71e-54	192	sp|Q9GLD9|UDB33_MACMU UDP-glucuronosyltransferase 2B33 OS=Macaca mulatta OX=9544 GN=UGT2B33 PE=1 SV=1
TRINITY_DN87_c1_g3_i4.p1	sp|Q98166|UDPE_GVLO	33.7	365	463	460	48	407	100	455	4.75e-54	190	sp|Q98166|UDPE_GVLO Ecdysteroid UDP-glucosyltransferase OS=Lacanobia oleracea granulosis virus OX=52412 GN=EGT PE=3 SV=1
TRINITY_DN87_c1_g3_i4.p1	sp|A0A291PQG3|UGT4_DACCO	30.9	392	463	504	57	442	109	495	6.14e-54	191	sp|A0A291PQG3|UGT4_DACCO UDP-glycosyltransferase UGT4 OS=Dactylopius coccus OX=765876 GN=UGT4 PE=1 SV=1
TRINITY_DN87_c1_g3_i4.p1	sp|Q9TSL6|UDB23_MACFA	27.9	448	463	529	30	462	96	529	3.75e-53	189	sp|Q9TSL6|UDB23_MACFA UDP-glucuronosyltransferase 2B23 OS=Macaca fascicularis OX=9541 GN=UGT2B23 PE=1 SV=1
TRINITY_DN87_c1_g3_i5.p1	sp|P41713|UDPE_NPVLD	38.5	481	541	506	47	514	18	493	9.57e-96	303	sp|P41713|UDPE_NPVLD Ecdysteroid UDP-glucosyltransferase OS=Lymantria dispar multicapsid nuclear polyhedrosis virus OX=10449 GN=EGT PE=3 SV=2
TRINITY_DN87_c1_g3_i5.p1	sp|Q88168|UDPE_NPVSL	36.3	498	541	515	34	510	4	501	1.74e-95	303	sp|Q88168|UDPE_NPVSL Ecdysteroid UDP-glucosyltransferase OS=Spodoptera littoralis nuclear polyhedrosis virus OX=10456 GN=EGT PE=3 SV=1
TRINITY_DN87_c1_g3_i5.p1	sp|Q83140|UDPE_NPVMB	35.4	500	541	528	25	501	10	502	4.45e-84	273	sp|Q83140|UDPE_NPVMB Ecdysteroid UDP-glucosyltransferase OS=Mamestra brassicae nuclear polyhedrosis virus OX=78219 GN=EGT PE=3 SV=1
TRINITY_DN87_c1_g3_i5.p1	sp|A0A291PQH4|UGT2_DACCO	29.3	536	541	515	28	540	1	515	2.84e-70	237	sp|A0A291PQH4|UGT2_DACCO UDP-glucosyltransferase 2 OS=Dactylopius coccus OX=765876 GN=UTG2 PE=1 SV=1
TRINITY_DN87_c1_g3_i5.p1	sp|A0A291PQF1|UGT5_DACCO	31.3	483	541	526	49	520	20	495	2.16e-67	229	sp|A0A291PQF1|UGT5_DACCO UDP-glycosyltransferase UGT5 OS=Dactylopius coccus OX=765876 GN=UGT5 PE=1 SV=1
TRINITY_DN87_c1_g3_i5.p1	sp|P18569|EGT_NPVAC	32.0	484	541	506	41	500	12	489	1.47e-65	224	sp|P18569|EGT_NPVAC Ecdysteroid UDP-glucosyltransferase OS=Autographa californica nuclear polyhedrosis virus OX=46015 GN=EGT PE=1 SV=1
TRINITY_DN87_c1_g3_i5.p1	sp|O75795|UDB17_HUMAN	31.3	482	541	530	60	511	34	500	1.03e-62	217	sp|O75795|UDB17_HUMAN UDP-glucuronosyltransferase 2B17 OS=Homo sapiens OX=9606 GN=UGT2B17 PE=1 SV=1
TRINITY_DN87_c1_g3_i5.p1	sp|Q9XT55|UDB19_MACFA	30.2	500	541	528	60	540	34	528	1.37e-62	217	sp|Q9XT55|UDB19_MACFA UDP-glucuronosyltransferase 2B19 OS=Macaca fascicularis OX=9541 GN=UGT2B19 PE=1 SV=1
TRINITY_DN87_c1_g3_i5.p1	sp|Q98166|UDPE_GVLO	33.1	462	541	460	35	485	5	455	2.97e-62	214	sp|Q98166|UDPE_GVLO Ecdysteroid UDP-glucosyltransferase OS=Lacanobia oleracea granulosis virus OX=52412 GN=EGT PE=3 SV=1
TRINITY_DN87_c1_g3_i5.p1	sp|P06133|UD2B4_HUMAN	29.7	499	541	528	60	540	34	528	3.71e-62	216	sp|P06133|UD2B4_HUMAN UDP-glucuronosyltransferase 2B4 OS=Homo sapiens OX=9606 GN=UGT2B4 PE=1 SV=2
TRINITY_DN87_c1_g3_i5.p1	sp|O77649|UDB20_MACFA	30.9	485	541	530	60	521	34	510	3.97e-61	213	sp|O77649|UDB20_MACFA UDP-glucuronosyltransferase 2B20 OS=Macaca fascicularis OX=9541 GN=UGT2B20 PE=1 SV=1
TRINITY_DN87_c1_g3_i5.p1	sp|Q6K1J1|UDB31_CANLF	30.1	472	541	530	60	511	34	500	2.08e-60	211	sp|Q6K1J1|UDB31_CANLF UDP-glucuronosyltransferase 2B31 OS=Canis lupus familiaris OX=9615 GN=UGT2B31 PE=1 SV=1
TRINITY_DN87_c1_g3_i5.p1	sp|P16662|UD2B7_HUMAN	27.5	528	541	529	32	540	8	529	2.07e-59	208	sp|P16662|UD2B7_HUMAN UDP-glucuronosyltransferase 2B7 OS=Homo sapiens OX=9606 GN=UGT2B7 PE=1 SV=2
TRINITY_DN87_c1_g3_i5.p1	sp|O97951|UDB18_MACFA	28.0	528	541	529	32	540	8	529	4.02e-59	207	sp|O97951|UDB18_MACFA UDP-glucuronosyltransferase 2B18 OS=Macaca fascicularis OX=9541 GN=UGT2B18 PE=1 SV=1
TRINITY_DN87_c1_g3_i5.p1	sp|P36513|UDB14_RABIT	30.6	470	541	530	68	506	43	495	4.10e-59	207	sp|P36513|UDB14_RABIT UDP-glucuronosyltransferase 2B14 OS=Oryctolagus cuniculus OX=9986 GN=UGT2B14 PE=2 SV=1
TRINITY_DN87_c1_g3_i5.p1	sp|Q65363|UDPE_NPVOP	31.5	505	541	489	32	500	2	483	6.39e-59	206	sp|Q65363|UDPE_NPVOP Ecdysteroid UDP-glucosyltransferase OS=Orgyia pseudotsugata multicapsid polyhedrosis virus OX=262177 GN=EGT PE=3 SV=1
TRINITY_DN87_c1_g3_i5.p1	sp|P54855|UDB15_HUMAN	29.4	506	541	530	60	540	34	530	7.95e-59	207	sp|P54855|UDB15_HUMAN UDP-glucuronosyltransferase 2B15 OS=Homo sapiens OX=9606 GN=UGT2B15 PE=1 SV=3
TRINITY_DN87_c1_g3_i5.p1	sp|Q90158|UDPE_NPVCD	31.3	496	541	493	32	500	2	487	1.36e-58	205	sp|Q90158|UDPE_NPVCD Ecdysteroid UDP-glucosyltransferase OS=Choristoneura fumiferana defective polyhedrosis virus OX=74660 GN=egt PE=2 SV=2
TRINITY_DN87_c1_g3_i5.p1	sp|P36537|UDB10_HUMAN	29.1	494	541	528	66	540	39	528	3.98e-58	205	sp|P36537|UDB10_HUMAN UDP-glucuronosyltransferase 2B10 OS=Homo sapiens OX=9606 GN=UGT2B10 PE=1 SV=1
TRINITY_DN87_c1_g3_i5.p1	sp|O02663|UD2B9_MACFA	27.8	528	541	529	32	540	8	529	4.07e-58	205	sp|O02663|UD2B9_MACFA UDP-glucuronosyltransferase 2B9 OS=Macaca fascicularis OX=9541 GN=UGT2B9 PE=2 SV=1
TRINITY_DN87_c1_g3_i5.p1	sp|Q8WN97|UDB30_MACFA	28.9	526	541	528	34	540	10	528	1.07e-57	204	sp|Q8WN97|UDB30_MACFA UDP-glucuronosyltransferase 2B30 OS=Macaca fascicularis OX=9541 GN=UGT2B30 PE=1 SV=1
TRINITY_DN87_c1_g3_i5.p1	sp|Q9GLD9|UDB33_MACMU	28.2	528	541	529	32	540	8	529	1.10e-57	204	sp|Q9GLD9|UDB33_MACMU UDP-glucuronosyltransferase 2B33 OS=Macaca mulatta OX=9544 GN=UGT2B33 PE=1 SV=1
TRINITY_DN87_c1_g3_i5.p1	sp|P08541|UD2B2_RAT	29.3	502	541	530	60	540	34	529	5.84e-56	199	sp|P08541|UD2B2_RAT UDP-glucuronosyltransferase 2B2 OS=Rattus norvegicus OX=10116 GN=Ugt2b PE=1 SV=1
TRINITY_DN87_c1_g3_i5.p1	sp|P36511|UDB15_RAT	28.4	531	541	530	34	540	10	529	5.84e-56	199	sp|P36511|UDB15_RAT UDP-glucuronosyltransferase 2B15 OS=Rattus norvegicus OX=10116 GN=Ugt2b15 PE=1 SV=1
TRINITY_DN87_c1_g3_i5.p1	sp|Q9TSL6|UDB23_MACFA	27.7	527	541	529	32	540	8	529	1.11e-55	198	sp|Q9TSL6|UDB23_MACFA UDP-glucuronosyltransferase 2B23 OS=Macaca fascicularis OX=9541 GN=UGT2B23 PE=1 SV=1
TRINITY_DN9587_c0_g1_i1.p1	sp|Q9XT55|UDB19_MACFA	36.8	136	149	528	3	138	387	522	7.00e-27	107	sp|Q9XT55|UDB19_MACFA UDP-glucuronosyltransferase 2B19 OS=Macaca fascicularis OX=9541 GN=UGT2B19 PE=1 SV=1
TRINITY_DN9587_c0_g1_i1.p1	sp|P54855|UDB15_HUMAN	38.0	121	149	530	3	123	388	508	6.51e-26	105	sp|P54855|UDB15_HUMAN UDP-glucuronosyltransferase 2B15 OS=Homo sapiens OX=9606 GN=UGT2B15 PE=1 SV=3
TRINITY_DN9587_c0_g1_i1.p1	sp|P16662|UD2B7_HUMAN	38.0	121	149	529	3	123	387	507	1.68e-25	103	sp|P16662|UD2B7_HUMAN UDP-glucuronosyltransferase 2B7 OS=Homo sapiens OX=9606 GN=UGT2B7 PE=1 SV=2
TRINITY_DN9587_c0_g1_i1.p1	sp|Q9GLD9|UDB33_MACMU	38.8	121	149	529	3	123	387	507	1.68e-25	103	sp|Q9GLD9|UDB33_MACMU UDP-glucuronosyltransferase 2B33 OS=Macaca mulatta OX=9544 GN=UGT2B33 PE=1 SV=1
TRINITY_DN9587_c0_g1_i1.p1	sp|P06133|UD2B4_HUMAN	36.0	136	149	528	3	138	387	522	2.29e-25	103	sp|P06133|UD2B4_HUMAN UDP-glucuronosyltransferase 2B4 OS=Homo sapiens OX=9606 GN=UGT2B4 PE=1 SV=2
TRINITY_DN9587_c0_g1_i1.p1	sp|O97951|UDB18_MACFA	38.8	121	149	529	3	123	387	507	2.30e-25	103	sp|O97951|UDB18_MACFA UDP-glucuronosyltransferase 2B18 OS=Macaca fascicularis OX=9541 GN=UGT2B18 PE=1 SV=1
TRINITY_DN9587_c0_g1_i1.p1	sp|Q8WN97|UDB30_MACFA	36.0	136	149	528	3	138	387	522	3.14e-25	103	sp|Q8WN97|UDB30_MACFA UDP-glucuronosyltransferase 2B30 OS=Macaca fascicularis OX=9541 GN=UGT2B30 PE=1 SV=1
TRINITY_DN9587_c0_g1_i1.p1	sp|P36512|UDB13_RABIT	42.5	113	149	531	3	115	389	501	3.18e-25	103	sp|P36512|UDB13_RABIT UDP-glucuronosyltransferase 2B13 OS=Oryctolagus cuniculus OX=9986 GN=UGT2B13 PE=2 SV=1
TRINITY_DN9587_c0_g1_i1.p1	sp|P36537|UDB10_HUMAN	38.0	121	149	528	3	123	386	506	4.31e-25	102	sp|P36537|UDB10_HUMAN UDP-glucuronosyltransferase 2B10 OS=Homo sapiens OX=9606 GN=UGT2B10 PE=1 SV=1
TRINITY_DN9587_c0_g1_i1.p1	sp|O75795|UDB17_HUMAN	38.7	119	149	530	3	121	388	506	4.34e-25	102	sp|O75795|UDB17_HUMAN UDP-glucuronosyltransferase 2B17 OS=Homo sapiens OX=9606 GN=UGT2B17 PE=1 SV=1
TRINITY_DN9587_c0_g1_i1.p1	sp|O77649|UDB20_MACFA	38.0	121	149	530	3	123	388	508	4.34e-25	102	sp|O77649|UDB20_MACFA UDP-glucuronosyltransferase 2B20 OS=Macaca fascicularis OX=9541 GN=UGT2B20 PE=1 SV=1
TRINITY_DN9587_c0_g1_i1.p1	sp|Q8BWQ1|UD2A3_MOUSE	42.9	112	149	534	3	114	387	498	4.40e-25	102	sp|Q8BWQ1|UD2A3_MOUSE UDP-glucuronosyltransferase 2A3 OS=Mus musculus OX=10090 GN=Ugt2a3 PE=1 SV=1
TRINITY_DN9587_c0_g1_i1.p1	sp|Q9TSL6|UDB23_MACFA	38.0	121	149	529	3	123	387	507	5.94e-25	102	sp|Q9TSL6|UDB23_MACFA UDP-glucuronosyltransferase 2B23 OS=Macaca fascicularis OX=9541 GN=UGT2B23 PE=1 SV=1
TRINITY_DN9587_c0_g1_i1.p1	sp|P36513|UDB14_RABIT	40.7	113	149	530	3	115	388	500	5.95e-25	102	sp|P36513|UDB14_RABIT UDP-glucuronosyltransferase 2B14 OS=Oryctolagus cuniculus OX=9986 GN=UGT2B14 PE=2 SV=1
TRINITY_DN9587_c0_g1_i1.p1	sp|O02663|UD2B9_MACFA	38.8	121	149	529	3	123	387	507	8.14e-25	102	sp|O02663|UD2B9_MACFA UDP-glucuronosyltransferase 2B9 OS=Macaca fascicularis OX=9541 GN=UGT2B9 PE=2 SV=1
TRINITY_DN9587_c0_g1_i1.p1	sp|O19103|UDB16_RABIT	36.1	144	149	523	3	146	381	520	1.09e-24	101	sp|O19103|UDB16_RABIT UDP-glucuronosyltransferase 2B16 (Fragment) OS=Oryctolagus cuniculus OX=9986 GN=UGT2B16 PE=2 SV=2
TRINITY_DN9587_c0_g1_i1.p1	sp|Q80X89|UD2A1_MOUSE	40.0	120	149	528	3	122	386	505	1.53e-24	101	sp|Q80X89|UD2A1_MOUSE UDP-glucuronosyltransferase 2A1 OS=Mus musculus OX=10090 GN=Ugt2a1 PE=2 SV=1
TRINITY_DN9587_c0_g1_i1.p1	sp|Q6PDD0|UD2A2_MOUSE	40.0	120	149	528	3	122	386	505	1.53e-24	101	sp|Q6PDD0|UD2A2_MOUSE UDP-glucuronosyltransferase 2A2 OS=Mus musculus OX=10090 GN=Ugt2a2 PE=2 SV=1
TRINITY_DN9587_c0_g1_i1.p1	sp|Q6K1J1|UDB31_CANLF	37.7	122	149	530	3	124	388	509	1.53e-24	101	sp|Q6K1J1|UDB31_CANLF UDP-glucuronosyltransferase 2B31 OS=Canis lupus familiaris OX=9615 GN=UGT2B31 PE=1 SV=1
TRINITY_DN9587_c0_g1_i1.p1	sp|P08541|UD2B2_RAT	34.6	136	149	530	3	138	388	523	2.88e-24	100	sp|P08541|UD2B2_RAT UDP-glucuronosyltransferase 2B2 OS=Rattus norvegicus OX=10116 GN=Ugt2b PE=1 SV=1
TRINITY_DN9587_c0_g1_i1.p1	sp|P17717|UDB17_MOUSE	35.3	136	149	530	3	138	388	523	5.41e-24	99.8	sp|P17717|UDB17_MOUSE UDP-glucuronosyltransferase 2B17 OS=Mus musculus OX=10090 GN=Ugt2b17 PE=1 SV=1
TRINITY_DN9587_c0_g1_i1.p1	sp|P19488|UDB37_RAT	35.3	136	149	530	3	138	388	523	7.41e-24	99.4	sp|P19488|UDB37_RAT UDP-glucuronosyltransferase 2B37 OS=Rattus norvegicus OX=10116 GN=Ugt2b37 PE=1 SV=1
TRINITY_DN9587_c0_g1_i1.p1	sp|P08430|UD16_RAT	40.9	127	149	529	3	129	381	503	1.01e-23	99.0	sp|P08430|UD16_RAT UDP-glucuronosyltransferase 1A6 OS=Rattus norvegicus OX=10116 GN=Ugt1a6 PE=1 SV=1
TRINITY_DN9587_c0_g1_i1.p1	sp|Q64634|UD18_RAT	40.9	127	149	530	3	129	382	504	1.02e-23	99.0	sp|Q64634|UD18_RAT UDP-glucuronosyltransferase 1A8 OS=Rattus norvegicus OX=10116 GN=Ugt1a8 PE=2 SV=1
TRINITY_DN9587_c0_g1_i1.p1	sp|Q64637|UD13_RAT	40.9	127	149	531	3	129	383	505	1.02e-23	99.0	sp|Q64637|UD13_RAT UDP-glucuronosyltransferase 1A3 OS=Rattus norvegicus OX=10116 GN=Ugt1a3 PE=2 SV=1
