TRINITY_DN11717_c0_g2_i1.p1	NP_001243973.1	72.414	203	56	0	14	216	10	212	1.32e-108	322	221	536	92	NP_001243973.1 UDP-glycosyltransferase UGT47A1 precursor [Bombyx mori]
TRINITY_DN11717_c0_g2_i1.p1	NP_001243969.1	36.715	207	127	3	7	211	9	213	1.46e-31	120	221	509	93	NP_001243969.1 UDP-glycosyltransferase UGT42A2 precursor [Bombyx mori]
TRINITY_DN11717_c0_g2_i1.p1	NP_001243970.1	30.542	203	133	3	21	216	19	220	3.77e-28	111	221	516	89	NP_001243970.1 UDP-glycosyltransferase UGT43B1 precursor [Bombyx mori]
TRINITY_DN11717_c0_g2_i1.p1	XP_037870428.1	30.415	217	137	3	2	208	1	213	5.37e-28	110	221	521	94	XP_037870428.1 LOW QUALITY PROTEIN: UDP-glucosyltransferase 2 [Bombyx mori]
TRINITY_DN11717_c0_g2_i1.p1	NP_001243972.1	30.275	218	140	4	10	215	8	225	1.14e-24	101	221	525	93	NP_001243972.1 UDP-glycosyltransferase UGT46A2 precursor [Bombyx mori]
TRINITY_DN11717_c0_g2_i1.p1	XP_062529504.1	32.571	175	110	2	21	192	19	188	2.89e-24	99.8	221	432	78	XP_062529504.1 UDP-glucuronosyltransferase 2B14-like isoform X1 [Bombyx mori]
TRINITY_DN11717_c0_g2_i1.p1	NP_001274756.1	32.759	174	109	2	22	192	20	188	3.47e-24	100	221	508	77	NP_001274756.1 UDP-glucuronosyltransferase 2B14-like precursor [Bombyx mori]
TRINITY_DN11717_c0_g2_i1.p1	NP_001243968.1	31.455	213	136	3	7	215	9	215	6.14e-24	99.4	221	512	95	NP_001243968.1 UDP-glycosyltransferase UGT42A1 [Bombyx mori]
TRINITY_DN11717_c0_g2_i1.p1	XP_062527289.1	30.909	220	140	4	8	215	8	227	7.23e-23	96.3	221	527	94	XP_062527289.1 UDP-glycosyltransferase UGT46A2 isoform X1 [Bombyx mori]
TRINITY_DN11717_c0_g2_i1.p1	NP_001243971.1	25.980	204	135	4	21	216	21	216	2.16e-12	65.9	221	525	89	NP_001243971.1 UDP-glycosyltransferase UGT44A1 [Bombyx mori]
TRINITY_DN11717_c0_g2_i1.p1	NP_001243962.1	24.561	228	138	6	11	216	8	223	9.91e-12	63.9	221	521	93	NP_001243962.1 UDP-glycosyltransferase UGT340C1 precursor [Bombyx mori]
TRINITY_DN11717_c0_g2_i1.p1	NP_001243980.1	27.358	212	147	2	2	208	1	210	1.07e-11	63.9	221	520	94	NP_001243980.1 UDP-glycosyltransferase UGT39B1 precursor [Bombyx mori]
TRINITY_DN11717_c0_g2_i1.p1	XP_062529502.1	23.556	225	150	5	6	218	7	221	4.58e-10	58.9	221	538	96	XP_062529502.1 UDP-glycosyltransferase UGT50A1 isoform X1 [Bombyx mori]
TRINITY_DN11717_c0_g2_i1.p1	XP_037873014.1	23.556	225	150	5	6	218	7	221	4.58e-10	58.9	221	538	96	XP_037873014.1 UDP-glycosyltransferase UGT50A1 isoform X1 [Bombyx mori]
TRINITY_DN11717_c0_g2_i1.p1	NP_001243994.1	23.874	222	147	5	9	218	12	223	4.72e-10	58.9	221	540	95	NP_001243994.1 UDP-glycosyltransferase UGT50A1 precursor [Bombyx mori]
TRINITY_DN11717_c0_g2_i1.p1	XP_062525517.1	28.302	159	97	5	6	152	1	154	1.80e-08	54.3	221	525	67	XP_062525517.1 UDP-glycosyltransferase UGT39C1 isoform X1 [Bombyx mori]
TRINITY_DN11717_c0_g2_i1.p1	NP_001243964.1	28.302	159	97	5	6	152	1	154	1.80e-08	54.3	221	525	67	NP_001243964.1 UDP-glycosyltransferase UGT39C1 precursor [Bombyx mori]
TRINITY_DN11717_c0_g2_i1.p1	NP_001135960.1	26.667	195	129	5	7	192	3	192	2.24e-08	53.9	221	514	84	NP_001135960.1 uridine diphosphate glucosyltransferase [Bombyx mori]
TRINITY_DN11717_c0_g2_i1.p1	XP_062525518.1	27.152	151	93	3	6	152	1	138	2.43e-08	53.9	221	509	67	XP_062525518.1 UDP-glycosyltransferase UGT39C1 isoform X2 [Bombyx mori]
TRINITY_DN11717_c0_g2_i1.p1	XP_062529505.1	43.396	53	30	0	22	74	20	72	4.04e-08	53.1	221	389	24	XP_062529505.1 UDP-glucuronosyltransferase 2B14-like isoform X2 [Bombyx mori]
TRINITY_DN11717_c0_g2_i1.p1	NP_001243978.1	26.000	200	127	6	6	192	7	198	1.51e-07	51.6	221	521	85	NP_001243978.1 UDP-glucosyltransferase precursor [Bombyx mori]
TRINITY_DN11717_c0_g2_i1.p1	NP_001243965.1	25.325	154	111	3	2	152	1	153	2.74e-07	50.8	221	518	68	NP_001243965.1 UDP-glycosyltransferase UGT40B4 precursor [Bombyx mori]
TRINITY_DN11717_c0_g2_i1.p1	NP_001037040.1	26.906	223	127	7	2	207	2	205	2.82e-07	50.8	221	520	93	NP_001037040.1 phenol UDP-glucosyltransferase precursor [Bombyx mori]
TRINITY_DN11717_c0_g2_i1.p1	XP_037875538.1	24.766	214	141	7	6	210	6	208	3.08e-07	50.4	221	434	93	XP_037875538.1 UDP-glycosyltransferase UGT41A3 isoform X2 [Bombyx mori]
TRINITY_DN11717_c0_g2_i1.p1	XP_062531498.1	24.038	208	141	6	6	207	6	202	4.43e-07	50.1	221	516	91	XP_062531498.1 UDP-glycosyltransferase UGT41A3 isoform X1 [Bombyx mori]
TRINITY_DN11717_c0_g2_i2.p1	NP_001243973.1	69.639	527	160	0	14	540	10	536	0.0	794	541	536	97	NP_001243973.1 UDP-glycosyltransferase UGT47A1 precursor [Bombyx mori]
TRINITY_DN11717_c0_g2_i2.p1	NP_001243970.1	31.928	498	321	8	21	507	19	509	1.31e-91	290	541	516	90	NP_001243970.1 UDP-glycosyltransferase UGT43B1 precursor [Bombyx mori]
TRINITY_DN11717_c0_g2_i2.p1	XP_037870428.1	32.738	504	319	8	2	492	1	497	1.04e-89	285	541	521	91	XP_037870428.1 LOW QUALITY PROTEIN: UDP-glucosyltransferase 2 [Bombyx mori]
TRINITY_DN11717_c0_g2_i2.p1	XP_062527289.1	34.236	517	317	10	8	509	8	516	1.57e-87	280	541	527	93	XP_062527289.1 UDP-glycosyltransferase UGT46A2 isoform X1 [Bombyx mori]
TRINITY_DN11717_c0_g2_i2.p1	NP_001243969.1	35.098	510	319	8	7	513	9	509	4.75e-86	275	541	509	94	NP_001243969.1 UDP-glycosyltransferase UGT42A2 precursor [Bombyx mori]
TRINITY_DN11717_c0_g2_i2.p1	NP_001243972.1	33.268	514	322	9	10	509	8	514	5.41e-85	273	541	525	92	NP_001243972.1 UDP-glycosyltransferase UGT46A2 precursor [Bombyx mori]
TRINITY_DN11717_c0_g2_i2.p1	NP_001243980.1	33.852	514	316	6	2	497	1	508	4.84e-82	265	541	520	92	NP_001243980.1 UDP-glycosyltransferase UGT39B1 precursor [Bombyx mori]
TRINITY_DN11717_c0_g2_i2.p1	NP_001243968.1	31.537	501	328	6	7	503	9	498	1.95e-79	258	541	512	92	NP_001243968.1 UDP-glycosyltransferase UGT42A1 [Bombyx mori]
TRINITY_DN11717_c0_g2_i2.p1	XP_062525517.1	30.620	516	327	10	6	501	1	505	2.60e-72	240	541	525	92	XP_062525517.1 UDP-glycosyltransferase UGT39C1 isoform X1 [Bombyx mori]
TRINITY_DN11717_c0_g2_i2.p1	NP_001243964.1	30.620	516	327	10	6	501	1	505	2.60e-72	240	541	525	92	NP_001243964.1 UDP-glycosyltransferase UGT39C1 precursor [Bombyx mori]
TRINITY_DN11717_c0_g2_i2.p1	XP_062525518.1	30.545	514	318	9	6	507	1	487	2.99e-72	239	541	509	93	XP_062525518.1 UDP-glycosyltransferase UGT39C1 isoform X2 [Bombyx mori]
TRINITY_DN11717_c0_g2_i2.p1	NP_001274756.1	30.498	482	319	7	22	499	20	489	1.01e-69	233	541	508	88	NP_001274756.1 UDP-glucuronosyltransferase 2B14-like precursor [Bombyx mori]
TRINITY_DN11717_c0_g2_i2.p1	NP_001243962.1	29.008	524	322	11	11	502	8	513	1.62e-68	229	541	521	91	NP_001243962.1 UDP-glycosyltransferase UGT340C1 precursor [Bombyx mori]
TRINITY_DN11717_c0_g2_i2.p1	NP_001243971.1	29.184	490	326	8	21	501	21	498	5.50e-66	223	541	525	89	NP_001243971.1 UDP-glycosyltransferase UGT44A1 [Bombyx mori]
TRINITY_DN11717_c0_g2_i2.p1	NP_001243994.1	29.116	498	324	10	6	488	9	492	9.15e-65	220	541	540	89	NP_001243994.1 UDP-glycosyltransferase UGT50A1 precursor [Bombyx mori]
TRINITY_DN11717_c0_g2_i2.p1	XP_062529502.1	29.116	498	324	10	6	488	7	490	1.18e-64	220	541	538	89	XP_062529502.1 UDP-glycosyltransferase UGT50A1 isoform X1 [Bombyx mori]
TRINITY_DN11717_c0_g2_i2.p1	XP_037873014.1	29.116	498	324	10	6	488	7	490	1.18e-64	220	541	538	89	XP_037873014.1 UDP-glycosyltransferase UGT50A1 isoform X1 [Bombyx mori]
TRINITY_DN11717_c0_g2_i2.p1	NP_001243981.1	30.502	518	338	12	2	507	1	508	1.85e-64	219	541	518	94	NP_001243981.1 UDP-glycosyltransferase UGT40B3 precursor [Bombyx mori]
TRINITY_DN11717_c0_g2_i2.p1	NP_001037040.1	29.623	530	319	12	2	504	2	504	3.64e-62	213	541	520	93	NP_001037040.1 phenol UDP-glucosyltransferase precursor [Bombyx mori]
TRINITY_DN11717_c0_g2_i2.p1	XP_012550236.1	31.250	512	315	15	5	492	5	503	8.08e-61	209	541	517	90	XP_012550236.1 UDP-glucosyltransferase protein 3 isoform X1 [Bombyx mori]
TRINITY_DN11717_c0_g2_i2.p1	XP_037868047.1	29.063	523	339	11	2	507	1	508	8.52e-61	209	541	518	94	XP_037868047.1 UDP-glucosyltransferase 2 [Bombyx mori]
TRINITY_DN11717_c0_g2_i2.p1	NP_001243959.1	28.681	523	331	11	10	507	9	514	9.24e-61	209	541	516	92	NP_001243959.1 UDP-glycosyltransferase UGT33N1 precursor [Bombyx mori]
TRINITY_DN11717_c0_g2_i2.p1	NP_001243965.1	29.719	498	324	13	2	483	1	488	1.15e-60	209	541	518	89	NP_001243965.1 UDP-glycosyltransferase UGT40B4 precursor [Bombyx mori]
TRINITY_DN11717_c0_g2_i2.p1	NP_001135960.1	28.320	512	342	11	7	503	3	504	2.88e-60	207	541	514	92	NP_001135960.1 uridine diphosphate glucosyltransferase [Bombyx mori]
TRINITY_DN11717_c0_g2_i2.p1	NP_001243960.1	29.400	483	306	11	8	474	7	470	1.62e-59	205	541	482	86	NP_001243960.1 UDP-glycosyltransferase UGT33Q1 precursor [Bombyx mori]
TRINITY_DN11717_c0_g2_i3.p2	NP_001243973.1	58.182	165	69	0	1	165	372	536	2.22e-66	211	166	536	99	NP_001243973.1 UDP-glycosyltransferase UGT47A1 precursor [Bombyx mori]
TRINITY_DN11717_c0_g2_i3.p2	NP_001243980.1	39.231	130	71	1	1	122	379	508	1.26e-22	93.6	166	520	73	NP_001243980.1 UDP-glycosyltransferase UGT39B1 precursor [Bombyx mori]
TRINITY_DN11717_c0_g2_i3.p2	NP_001243962.1	33.083	133	82	2	1	126	380	512	6.53e-21	88.6	166	521	76	NP_001243962.1 UDP-glycosyltransferase UGT340C1 precursor [Bombyx mori]
TRINITY_DN11717_c0_g2_i3.p2	XP_062525518.1	31.707	123	84	0	4	126	367	489	1.87e-19	84.7	166	509	74	XP_062525518.1 UDP-glycosyltransferase UGT39C1 isoform X2 [Bombyx mori]
TRINITY_DN11717_c0_g2_i3.p2	XP_062525517.1	31.707	123	84	0	4	126	383	505	2.18e-19	84.3	166	525	74	XP_062525517.1 UDP-glycosyltransferase UGT39C1 isoform X1 [Bombyx mori]
TRINITY_DN11717_c0_g2_i3.p2	NP_001243964.1	31.707	123	84	0	4	126	383	505	2.18e-19	84.3	166	525	74	NP_001243964.1 UDP-glycosyltransferase UGT39C1 precursor [Bombyx mori]
TRINITY_DN11717_c0_g2_i3.p2	NP_001243963.1	32.824	131	82	2	1	126	383	512	3.30e-18	80.9	166	524	76	NP_001243963.1 UDP-glycosyltransferase UGT340C2 precursor [Bombyx mori]
TRINITY_DN11717_c0_g2_i3.p2	NP_001243970.1	31.343	134	88	2	1	131	376	508	3.47e-18	80.9	166	516	79	NP_001243970.1 UDP-glycosyltransferase UGT43B1 precursor [Bombyx mori]
TRINITY_DN11717_c0_g2_i3.p2	XP_062525425.1	34.862	109	69	2	1	108	304	411	9.74e-18	79.7	166	441	65	XP_062525425.1 UDP-glucosyltransferase 2 [Bombyx mori]
TRINITY_DN11717_c0_g2_i3.p2	NP_001127730.1	32.061	131	85	1	5	131	381	511	2.19e-17	78.6	166	525	77	NP_001127730.1 uridine diphosphate glucosyltransferase precursor [Bombyx mori]
TRINITY_DN11717_c0_g2_i3.p2	XP_062529502.1	35.398	113	73	0	1	113	378	490	5.97e-17	77.4	166	538	68	XP_062529502.1 UDP-glycosyltransferase UGT50A1 isoform X1 [Bombyx mori]
TRINITY_DN11717_c0_g2_i3.p2	XP_037873014.1	35.398	113	73	0	1	113	378	490	5.97e-17	77.4	166	538	68	XP_037873014.1 UDP-glycosyltransferase UGT50A1 isoform X1 [Bombyx mori]
TRINITY_DN11717_c0_g2_i3.p2	NP_001243994.1	35.398	113	73	0	1	113	380	492	6.46e-17	77.4	166	540	68	NP_001243994.1 UDP-glycosyltransferase UGT50A1 precursor [Bombyx mori]
TRINITY_DN11717_c0_g2_i3.p2	NP_001243981.1	33.846	130	80	3	4	132	384	508	9.55e-17	77.0	166	518	78	NP_001243981.1 UDP-glycosyltransferase UGT40B3 precursor [Bombyx mori]
TRINITY_DN11717_c0_g2_i3.p2	XP_037868047.1	33.077	130	81	3	4	132	384	508	1.47e-16	76.3	166	518	78	XP_037868047.1 UDP-glucosyltransferase 2 [Bombyx mori]
TRINITY_DN11717_c0_g2_i3.p2	NP_001243959.1	28.676	136	90	1	4	132	379	514	1.65e-16	76.3	166	516	78	NP_001243959.1 UDP-glycosyltransferase UGT33N1 precursor [Bombyx mori]
TRINITY_DN11717_c0_g2_i3.p2	NP_001243968.1	28.800	125	87	2	4	128	376	498	3.18e-16	75.5	166	512	75	NP_001243968.1 UDP-glycosyltransferase UGT42A1 [Bombyx mori]
TRINITY_DN11717_c0_g2_i3.p2	NP_001037040.1	33.333	123	78	1	4	126	383	501	3.41e-16	75.1	166	520	74	NP_001037040.1 phenol UDP-glucosyltransferase precursor [Bombyx mori]
TRINITY_DN11717_c0_g2_i3.p2	XP_021207027.1	31.783	129	84	1	1	129	278	402	4.26e-16	74.7	166	418	78	XP_021207027.1 phenol UDP-glucosyltransferase isoform X1 [Bombyx mori]
TRINITY_DN11717_c0_g2_i3.p2	NP_001243960.1	30.612	98	68	0	2	99	373	470	8.22e-16	73.9	166	482	59	NP_001243960.1 UDP-glycosyltransferase UGT33Q1 precursor [Bombyx mori]
TRINITY_DN11717_c0_g2_i3.p2	XP_062525248.1	30.303	132	92	0	1	132	338	469	9.33e-16	73.9	166	473	80	XP_062525248.1 UDP-glucosyltransferase isoform X1 [Bombyx mori]
TRINITY_DN11717_c0_g2_i3.p2	XP_012550236.1	34.711	121	75	1	4	124	388	504	9.74e-16	73.9	166	517	73	XP_012550236.1 UDP-glucosyltransferase protein 3 isoform X1 [Bombyx mori]
TRINITY_DN11717_c0_g2_i3.p2	NP_001182390.1	31.008	129	89	0	4	132	387	515	1.18e-15	73.6	166	519	78	NP_001182390.1 UDP-glucosyltransferase precursor [Bombyx mori]
TRINITY_DN11717_c0_g2_i3.p2	XP_037867794.1	37.755	98	61	0	1	98	380	477	1.54e-15	73.2	166	514	59	XP_037867794.1 UDP-glucosyltransferase isoform X1 [Bombyx mori]
TRINITY_DN11717_c0_g2_i3.p2	XP_012550240.1	37.755	98	61	0	1	98	380	477	1.54e-15	73.2	166	514	59	XP_012550240.1 UDP-glucosyltransferase isoform X1 [Bombyx mori]
TRINITY_DN12106_c1_g5_i1.p1	NP_001243995.1	67.176	131	43	0	1	131	287	417	9.89e-61	194	132	520	99	NP_001243995.1 UDP-glycosyltransferase UGT33D5 precursor [Bombyx mori]
TRINITY_DN12106_c1_g5_i1.p1	NP_001243978.1	64.885	131	46	0	1	131	288	418	3.21e-60	193	132	521	99	NP_001243978.1 UDP-glucosyltransferase precursor [Bombyx mori]
TRINITY_DN12106_c1_g5_i1.p1	NP_001243956.1	67.424	132	43	0	1	132	283	414	4.23e-60	192	132	515	100	NP_001243956.1 UDP-glycosyltransferase UGT33D3 [Bombyx mori]
TRINITY_DN12106_c1_g5_i1.p1	NP_001040425.1	65.649	131	45	0	1	131	287	417	6.83e-58	187	132	520	99	NP_001040425.1 antennal-enriched UDP-glycosyltransferase precursor [Bombyx mori]
TRINITY_DN12106_c1_g5_i1.p1	NP_001243957.1	65.909	132	45	0	1	132	283	414	8.27e-58	187	132	515	100	NP_001243957.1 UDP-glycosyltransferase UGT33D6 [Bombyx mori]
TRINITY_DN12106_c1_g5_i1.p1	NP_001243991.1	65.152	132	46	0	1	132	283	414	2.98e-57	185	132	515	100	NP_001243991.1 UDP-glycosyltransferase UGT33D7 precursor [Bombyx mori]
TRINITY_DN12106_c1_g5_i1.p1	NP_001243955.1	63.636	132	48	0	1	132	283	414	6.13e-57	184	132	515	100	NP_001243955.1 UDP-glycosyltransferase UGT33D2 precursor [Bombyx mori]
TRINITY_DN12106_c1_g5_i1.p1	NP_001135960.1	62.879	132	49	0	1	132	282	413	4.01e-56	182	132	514	100	NP_001135960.1 uridine diphosphate glucosyltransferase [Bombyx mori]
TRINITY_DN12106_c1_g5_i1.p1	XP_062532682.1	51.908	131	63	0	1	131	288	418	8.16e-44	150	132	519	99	XP_062532682.1 UDP-glycosyltransferase UGT33K1 isoform X1 [Bombyx mori]
TRINITY_DN12106_c1_g5_i1.p1	XP_062532681.1	51.908	131	63	0	1	131	288	418	8.16e-44	150	132	519	99	XP_062532681.1 UDP-glycosyltransferase UGT33K1 isoform X1 [Bombyx mori]
TRINITY_DN12106_c1_g5_i1.p1	NP_001243958.1	51.908	131	63	0	1	131	288	418	8.16e-44	150	132	519	99	NP_001243958.1 UDP-glycosyltransferase UGT33K1 precursor [Bombyx mori]
TRINITY_DN12106_c1_g5_i1.p1	XP_062532683.1	50.382	131	65	0	1	131	281	411	4.80e-43	146	132	419	99	XP_062532683.1 UDP-glycosyltransferase UGT33Q1 isoform X1 [Bombyx mori]
TRINITY_DN12106_c1_g5_i1.p1	NP_001243960.1	50.382	131	65	0	1	131	281	411	1.81e-42	145	132	482	99	NP_001243960.1 UDP-glycosyltransferase UGT33Q1 precursor [Bombyx mori]
TRINITY_DN12106_c1_g5_i1.p1	NP_001243963.1	48.485	132	68	0	1	132	292	423	1.91e-41	144	132	524	100	NP_001243963.1 UDP-glycosyltransferase UGT340C2 precursor [Bombyx mori]
TRINITY_DN12106_c1_g5_i1.p1	NP_001243961.1	51.163	129	63	0	3	131	278	406	3.98e-41	142	132	504	98	NP_001243961.1 UDP-glycosyltransferase UGT33R1 precursor [Bombyx mori]
TRINITY_DN12106_c1_g5_i1.p1	NP_001243959.1	48.855	131	67	0	1	131	285	415	4.43e-41	142	132	516	99	NP_001243959.1 UDP-glycosyltransferase UGT33N1 precursor [Bombyx mori]
TRINITY_DN12106_c1_g5_i1.p1	NP_001243992.1	49.612	129	65	0	3	131	283	411	2.29e-40	140	132	509	98	NP_001243992.1 UDP-glycosyltransferase UGT33R2 precursor [Bombyx mori]
TRINITY_DN12106_c1_g5_i1.p1	NP_001243962.1	45.455	132	72	0	1	132	289	420	1.31e-37	133	132	521	100	NP_001243962.1 UDP-glycosyltransferase UGT340C1 precursor [Bombyx mori]
TRINITY_DN12106_c1_g5_i1.p1	NP_001243969.1	45.600	125	68	0	1	125	284	408	6.54e-32	117	132	509	95	NP_001243969.1 UDP-glycosyltransferase UGT42A2 precursor [Bombyx mori]
TRINITY_DN12106_c1_g5_i1.p1	NP_001243980.1	43.182	132	74	1	1	132	289	419	2.59e-31	116	132	520	100	NP_001243980.1 UDP-glycosyltransferase UGT39B1 precursor [Bombyx mori]
TRINITY_DN12106_c1_g5_i1.p1	NP_001243968.1	39.394	132	80	0	1	132	282	413	2.90e-30	113	132	512	100	NP_001243968.1 UDP-glycosyltransferase UGT42A1 [Bombyx mori]
TRINITY_DN12106_c1_g5_i1.p1	NP_001243971.1	36.364	132	84	0	1	132	283	414	2.95e-30	113	132	525	100	NP_001243971.1 UDP-glycosyltransferase UGT44A1 [Bombyx mori]
TRINITY_DN12106_c1_g5_i1.p1	XP_062525518.1	38.931	131	80	0	2	132	274	404	3.18e-30	113	132	509	99	XP_062525518.1 UDP-glycosyltransferase UGT39C1 isoform X2 [Bombyx mori]
TRINITY_DN12106_c1_g5_i1.p1	XP_062525517.1	38.931	131	80	0	2	132	290	420	3.33e-30	113	132	525	99	XP_062525517.1 UDP-glycosyltransferase UGT39C1 isoform X1 [Bombyx mori]
TRINITY_DN12106_c1_g5_i1.p1	NP_001243964.1	38.931	131	80	0	2	132	290	420	3.33e-30	113	132	525	99	NP_001243964.1 UDP-glycosyltransferase UGT39C1 precursor [Bombyx mori]
TRINITY_DN1342_c0_g2_i1.p5	XP_062532873.1	54.737	95	43	0	3	97	322	416	2.56e-31	115	105	629	90	XP_062532873.1 uncharacterized protein K02A2.6 [Bombyx mori]
TRINITY_DN1342_c0_g2_i1.p5	XP_037867144.1	53.684	95	44	0	3	97	1065	1159	5.24e-31	115	105	1405	90	XP_037867144.1 uncharacterized protein K02A2.6 [Bombyx mori]
TRINITY_DN1342_c0_g2_i1.p5	XP_037876915.1	52.632	95	45	0	3	97	1062	1156	6.61e-30	112	105	1402	90	XP_037876915.1 uncharacterized protein K02A2.6-like [Bombyx mori]
TRINITY_DN1342_c0_g2_i1.p5	XP_037871610.1	48.864	88	45	0	3	90	1045	1132	5.11e-24	95.1	105	1348	84	XP_037871610.1 uncharacterized protein K02A2.6-like [Bombyx mori]
TRINITY_DN1342_c0_g2_i1.p5	XP_062525267.1	48.864	88	45	0	3	90	1104	1191	5.12e-24	95.1	105	1416	84	XP_062525267.1 uncharacterized protein K02A2.6-like [Bombyx mori]
TRINITY_DN1342_c0_g2_i1.p5	XP_062529772.1	48.864	88	45	0	3	90	447	534	5.80e-24	95.1	105	755	84	XP_062529772.1 uncharacterized protein K02A2.6 [Bombyx mori]
TRINITY_DN1342_c0_g2_i1.p5	XP_062532957.1	51.899	79	38	0	19	97	1	79	6.54e-23	90.5	105	325	75	XP_062532957.1 uncharacterized protein K02A2.6-like [Bombyx mori]
TRINITY_DN1342_c0_g2_i1.p5	XP_062527189.1	46.591	88	47	0	3	90	475	562	6.84e-22	89.0	105	749	84	XP_062527189.1 uncharacterized protein K02A2.6-like [Bombyx mori]
TRINITY_DN1342_c0_g2_i1.p5	XP_062528133.1	44.211	95	53	0	3	97	1030	1124	8.51e-21	85.9	105	1395	90	XP_062528133.1 uncharacterized protein K02A2.6-like [Bombyx mori]
TRINITY_DN1342_c0_g2_i1.p5	XP_037871244.1	44.211	95	53	0	3	97	1030	1124	8.51e-21	85.9	105	1395	90	XP_037871244.1 uncharacterized protein K02A2.6-like [Bombyx mori]
TRINITY_DN1342_c0_g2_i1.p5	XP_062527715.1	44.792	96	52	1	3	97	108	203	1.89e-20	84.7	105	481	90	XP_062527715.1 uncharacterized protein K02A2.6-like isoform X1 [Bombyx mori]
TRINITY_DN1342_c0_g2_i1.p5	XP_062527716.1	44.792	96	52	1	3	97	108	203	1.93e-20	84.7	105	479	90	XP_062527716.1 uncharacterized protein K02A2.6-like isoform X2 [Bombyx mori]
TRINITY_DN1342_c0_g2_i1.p5	XP_062527927.1	44.554	101	54	2	3	101	119	219	5.08e-20	83.6	105	491	94	XP_062527927.1 uncharacterized protein K02A2.6 isoform X2 [Bombyx mori]
TRINITY_DN1342_c0_g2_i1.p5	XP_062524815.1	43.564	101	55	2	3	101	95	195	2.92e-19	81.3	105	467	94	XP_062524815.1 uncharacterized protein K02A2.6-like isoform X1 [Bombyx mori]
TRINITY_DN1342_c0_g2_i1.p5	XP_062530826.1	43.564	101	55	2	3	101	119	219	4.25e-19	80.9	105	491	94	XP_062530826.1 uncharacterized protein K02A2.6-like isoform X1 [Bombyx mori]
TRINITY_DN1342_c0_g2_i1.p5	XP_062531998.1	34.737	95	62	0	2	96	998	1092	5.40e-18	78.2	105	1308	90	XP_062531998.1 uncharacterized protein K02A2.6 [Bombyx mori]
TRINITY_DN1342_c0_g2_i1.p5	XP_062526842.1	36.170	94	60	0	2	95	998	1091	4.90e-17	75.1	105	1290	90	XP_062526842.1 uncharacterized protein K02A2.6 [Bombyx mori]
TRINITY_DN1342_c0_g2_i1.p5	XP_062529489.1	32.632	95	64	0	2	96	998	1092	1.25e-16	73.9	105	1283	90	XP_062529489.1 uncharacterized protein K02A2.6 [Bombyx mori]
TRINITY_DN1342_c0_g2_i1.p5	XP_037868781.1	39.506	81	49	0	3	83	1057	1137	1.25e-16	73.9	105	1155	77	XP_037868781.1 uncharacterized protein K02A2.6-like [Bombyx mori]
TRINITY_DN1342_c0_g2_i1.p5	XP_062530305.1	34.043	94	62	0	3	96	1032	1125	2.84e-15	70.1	105	1378	90	XP_062530305.1 uncharacterized protein LOC101745214 isoform X1 [Bombyx mori]
TRINITY_DN1342_c0_g2_i1.p5	XP_037871122.1	34.409	93	61	0	3	95	1017	1109	4.00e-15	69.7	105	1176	89	XP_037871122.1 uncharacterized protein K02A2.6 [Bombyx mori]
TRINITY_DN1342_c0_g2_i1.p5	XP_037866964.1	34.409	93	61	0	3	95	1017	1109	4.59e-15	69.7	105	1182	89	XP_037866964.1 uncharacterized protein K02A2.6-like [Bombyx mori]
TRINITY_DN1342_c0_g2_i1.p5	XP_037872900.1	34.409	93	61	0	3	95	1017	1109	5.76e-15	69.3	105	1290	89	XP_037872900.1 uncharacterized protein K02A2.6 [Bombyx mori]
TRINITY_DN1342_c0_g2_i1.p5	XP_037870356.1	34.409	93	61	0	3	95	1017	1109	6.16e-15	69.3	105	1296	89	XP_037870356.1 uncharacterized protein K02A2.6 [Bombyx mori]
TRINITY_DN1342_c0_g2_i1.p5	XP_037871229.1	34.409	93	61	0	3	95	856	948	9.14e-15	68.9	105	1157	89	XP_037871229.1 uncharacterized protein K02A2.6 [Bombyx mori]
TRINITY_DN1342_c0_g2_i1.p1	XP_004928320.1	82.867	286	49	0	1	286	1	286	5.40e-176	487	287	286	99	XP_004928320.1 galactosylgalactosylxylosylprotein 3-beta-glucuronosyltransferase I [Bombyx mori]
TRINITY_DN1342_c0_g2_i1.p1	NP_001124376.2	40.889	225	121	5	44	265	1	216	1.15e-52	173	287	280	77	NP_001124376.2 glucuronyltransferase [Bombyx mori]
TRINITY_DN1342_c0_g2_i1.p1	XP_012551722.1	41.048	229	123	5	40	265	73	292	2.22e-52	175	287	356	79	XP_012551722.1 glucuronyltransferase isoform X1 [Bombyx mori]
TRINITY_DN1342_c0_g2_i1.p3	XP_062529124.1	31.655	139	84	5	16	144	326	463	7.37e-12	62.0	145	887	89	XP_062529124.1 uncharacterized protein LOC101739388 isoform X1 [Bombyx mori]
TRINITY_DN1342_c0_g2_i1.p3	XP_062532094.1	30.935	139	85	5	16	144	78	215	2.12e-11	60.8	145	639	89	XP_062532094.1 retrovirus-related Pol polyprotein from transposon 297 [Bombyx mori]
TRINITY_DN1342_c0_g2_i1.p3	XP_062525098.1	30.935	139	85	5	16	144	326	463	2.90e-11	60.5	145	887	89	XP_062525098.1 uncharacterized protein LOC119628635 [Bombyx mori]
TRINITY_DN1342_c0_g2_i1.p3	XP_062527926.1	36.937	111	60	4	44	144	350	460	7.07e-10	56.6	145	1179	70	XP_062527926.1 uncharacterized protein K02A2.6 isoform X1 [Bombyx mori]
TRINITY_DN1342_c0_g2_i1.p3	XP_037867144.1	30.769	156	79	6	14	144	354	505	1.68e-09	55.5	145	1405	90	XP_037867144.1 uncharacterized protein K02A2.6 [Bombyx mori]
TRINITY_DN1342_c0_g2_i1.p3	XP_037876915.1	30.769	156	79	6	14	144	351	502	1.82e-09	55.5	145	1402	90	XP_037876915.1 uncharacterized protein K02A2.6-like [Bombyx mori]
TRINITY_DN1342_c0_g2_i1.p3	XP_062532877.1	30.556	108	69	3	43	144	350	457	4.84e-05	42.4	145	738	70	XP_062532877.1 uncharacterized protein K02A2.6-like [Bombyx mori]
TRINITY_DN1342_c0_g2_i1.p3	XP_062532911.1	30.556	108	69	3	43	144	261	368	5.77e-05	42.4	145	763	70	XP_062532911.1 uncharacterized protein LOC134201686 [Bombyx mori]
TRINITY_DN1342_c0_g2_i1.p3	XP_037874317.1	46.341	41	18	1	108	144	248	288	8.22e-04	38.9	145	485	26	XP_037874317.1 uncharacterized protein LOC119630090 [Bombyx mori]
TRINITY_DN1342_c0_g2_i1.p4	XP_037870978.1	55.102	98	32	2	2	92	41	133	2.46e-28	104	115	281	79	XP_037870978.1 uncharacterized protein LOC119629373 [Bombyx mori]
TRINITY_DN1342_c0_g2_i1.p4	XP_037874317.1	55.102	98	32	2	2	92	41	133	2.12e-27	104	115	485	79	XP_037874317.1 uncharacterized protein LOC119630090 [Bombyx mori]
TRINITY_DN1342_c0_g2_i1.p4	XP_062532873.1	55.294	85	26	2	15	92	2	81	8.29e-22	89.4	115	629	68	XP_062532873.1 uncharacterized protein K02A2.6 [Bombyx mori]
TRINITY_DN1342_c0_g2_i1.p4	XP_037867144.1	43.478	92	51	1	2	92	44	135	2.47e-16	73.6	115	1405	79	XP_037867144.1 uncharacterized protein K02A2.6 [Bombyx mori]
TRINITY_DN1342_c0_g2_i1.p4	XP_037876915.1	43.478	92	51	1	2	92	41	132	2.60e-16	73.6	115	1402	79	XP_037876915.1 uncharacterized protein K02A2.6-like [Bombyx mori]
TRINITY_DN1342_c0_g2_i1.p4	XP_062530453.1	33.010	103	55	4	1	96	46	141	9.57e-08	49.3	115	804	83	XP_062530453.1 uncharacterized protein K02A2.6-like [Bombyx mori]
TRINITY_DN1342_c0_g2_i1.p4	XP_062527926.1	31.683	101	56	2	1	94	50	144	1.38e-07	48.9	115	1179	82	XP_062527926.1 uncharacterized protein K02A2.6 isoform X1 [Bombyx mori]
TRINITY_DN1342_c0_g2_i1.p4	XP_062524816.1	31.683	101	56	2	1	94	50	144	1.98e-07	48.1	115	278	82	XP_062524816.1 uncharacterized protein LOC134198963 isoform X2 [Bombyx mori]
TRINITY_DN1342_c0_g2_i1.p4	XP_062527928.1	31.683	101	56	2	1	94	50	144	2.09e-07	48.1	115	277	82	XP_062527928.1 uncharacterized protein LOC101741101 isoform X3 [Bombyx mori]
TRINITY_DN1342_c0_g2_i1.p4	XP_062527931.1	33.010	103	55	4	1	96	34	129	2.24e-07	48.1	115	788	83	XP_062527931.1 uncharacterized protein K02A2.6-like [Bombyx mori]
TRINITY_DN1342_c0_g2_i1.p4	XP_062531463.1	33.010	103	55	4	1	96	34	129	2.99e-07	47.8	115	742	83	XP_062531463.1 uncharacterized protein K02A2.6-like [Bombyx mori]
TRINITY_DN1342_c0_g2_i1.p4	XP_062532994.1	33.010	103	55	4	1	96	46	141	3.00e-07	47.8	115	786	83	XP_062532994.1 uncharacterized protein K02A2.6-like [Bombyx mori]
TRINITY_DN1342_c0_g2_i1.p4	XP_062526265.1	31.624	117	60	5	1	104	34	143	3.36e-07	47.8	115	676	90	XP_062526265.1 uncharacterized protein K02A2.6-like [Bombyx mori]
TRINITY_DN1342_c0_g2_i1.p4	XP_062527935.1	33.010	103	55	4	1	96	34	129	3.61e-07	47.4	115	788	83	XP_062527935.1 uncharacterized protein K02A2.6-like [Bombyx mori]
TRINITY_DN1342_c0_g2_i1.p4	XP_062528133.1	31.068	103	57	3	1	96	46	141	4.62e-07	47.4	115	1395	83	XP_062528133.1 uncharacterized protein K02A2.6-like [Bombyx mori]
TRINITY_DN1342_c0_g2_i1.p4	XP_037871244.1	31.068	103	57	3	1	96	46	141	4.62e-07	47.4	115	1395	83	XP_037871244.1 uncharacterized protein K02A2.6-like [Bombyx mori]
TRINITY_DN1342_c0_g2_i1.p4	XP_037874343.2	29.915	117	62	4	1	104	41	150	5.10e-07	47.0	115	753	90	XP_037874343.2 uncharacterized protein K02A2.6 [Bombyx mori]
TRINITY_DN1342_c0_g2_i1.p4	XP_062530827.1	31.683	101	56	2	1	94	50	144	5.63e-07	47.0	115	404	82	XP_062530827.1 uncharacterized protein LOC134200929 isoform X2 [Bombyx mori]
TRINITY_DN1342_c0_g2_i1.p4	XP_062525098.1	28.155	103	60	3	1	96	49	144	1.23e-06	45.8	115	887	83	XP_062525098.1 uncharacterized protein LOC119628635 [Bombyx mori]
TRINITY_DN1342_c0_g2_i1.p4	XP_062529124.1	28.155	103	60	3	1	96	49	144	1.28e-06	45.8	115	887	83	XP_062529124.1 uncharacterized protein LOC101739388 isoform X1 [Bombyx mori]
TRINITY_DN1342_c0_g2_i1.p4	XP_037874840.2	31.068	103	57	4	1	96	57	152	2.38e-06	45.1	115	623	83	XP_037874840.2 uncharacterized protein K02A2.6-like [Bombyx mori]
TRINITY_DN1342_c0_g2_i1.p4	XP_062532665.1	29.915	117	62	5	1	104	32	141	2.74e-06	45.1	115	919	90	XP_062532665.1 uncharacterized protein K02A2.6-like [Bombyx mori]
TRINITY_DN1342_c0_g2_i1.p4	XP_062532920.1	29.126	103	59	3	1	96	38	133	5.27e-06	44.3	115	447	83	XP_062532920.1 uncharacterized protein K02A2.6-like [Bombyx mori]
TRINITY_DN1342_c0_g2_i1.p4	XP_062532884.1	29.126	103	59	3	1	96	38	133	5.27e-06	44.3	115	447	83	XP_062532884.1 uncharacterized protein K02A2.6-like [Bombyx mori]
TRINITY_DN1342_c0_g2_i1.p4	XP_037874945.1	29.293	99	58	3	1	92	42	135	4.63e-05	41.2	115	282	80	XP_037874945.1 uncharacterized protein LOC119630259 [Bombyx mori]
TRINITY_DN1342_c0_g2_i10.p3	XP_037870978.1	55.102	98	32	2	2	92	41	133	2.46e-28	104	115	281	79	XP_037870978.1 uncharacterized protein LOC119629373 [Bombyx mori]
TRINITY_DN1342_c0_g2_i10.p3	XP_037874317.1	55.102	98	32	2	2	92	41	133	2.12e-27	104	115	485	79	XP_037874317.1 uncharacterized protein LOC119630090 [Bombyx mori]
TRINITY_DN1342_c0_g2_i10.p3	XP_062532873.1	55.294	85	26	2	15	92	2	81	8.29e-22	89.4	115	629	68	XP_062532873.1 uncharacterized protein K02A2.6 [Bombyx mori]
TRINITY_DN1342_c0_g2_i10.p3	XP_037867144.1	43.478	92	51	1	2	92	44	135	2.47e-16	73.6	115	1405	79	XP_037867144.1 uncharacterized protein K02A2.6 [Bombyx mori]
TRINITY_DN1342_c0_g2_i10.p3	XP_037876915.1	43.478	92	51	1	2	92	41	132	2.60e-16	73.6	115	1402	79	XP_037876915.1 uncharacterized protein K02A2.6-like [Bombyx mori]
TRINITY_DN1342_c0_g2_i10.p3	XP_062530453.1	33.010	103	55	4	1	96	46	141	9.57e-08	49.3	115	804	83	XP_062530453.1 uncharacterized protein K02A2.6-like [Bombyx mori]
TRINITY_DN1342_c0_g2_i10.p3	XP_062527926.1	31.683	101	56	2	1	94	50	144	1.38e-07	48.9	115	1179	82	XP_062527926.1 uncharacterized protein K02A2.6 isoform X1 [Bombyx mori]
TRINITY_DN1342_c0_g2_i10.p3	XP_062524816.1	31.683	101	56	2	1	94	50	144	1.98e-07	48.1	115	278	82	XP_062524816.1 uncharacterized protein LOC134198963 isoform X2 [Bombyx mori]
TRINITY_DN1342_c0_g2_i10.p3	XP_062527928.1	31.683	101	56	2	1	94	50	144	2.09e-07	48.1	115	277	82	XP_062527928.1 uncharacterized protein LOC101741101 isoform X3 [Bombyx mori]
TRINITY_DN1342_c0_g2_i10.p3	XP_062527931.1	33.010	103	55	4	1	96	34	129	2.24e-07	48.1	115	788	83	XP_062527931.1 uncharacterized protein K02A2.6-like [Bombyx mori]
TRINITY_DN1342_c0_g2_i10.p3	XP_062531463.1	33.010	103	55	4	1	96	34	129	2.99e-07	47.8	115	742	83	XP_062531463.1 uncharacterized protein K02A2.6-like [Bombyx mori]
TRINITY_DN1342_c0_g2_i10.p3	XP_062532994.1	33.010	103	55	4	1	96	46	141	3.00e-07	47.8	115	786	83	XP_062532994.1 uncharacterized protein K02A2.6-like [Bombyx mori]
TRINITY_DN1342_c0_g2_i10.p3	XP_062526265.1	31.624	117	60	5	1	104	34	143	3.36e-07	47.8	115	676	90	XP_062526265.1 uncharacterized protein K02A2.6-like [Bombyx mori]
TRINITY_DN1342_c0_g2_i10.p3	XP_062527935.1	33.010	103	55	4	1	96	34	129	3.61e-07	47.4	115	788	83	XP_062527935.1 uncharacterized protein K02A2.6-like [Bombyx mori]
TRINITY_DN1342_c0_g2_i10.p3	XP_062528133.1	31.068	103	57	3	1	96	46	141	4.62e-07	47.4	115	1395	83	XP_062528133.1 uncharacterized protein K02A2.6-like [Bombyx mori]
TRINITY_DN1342_c0_g2_i10.p3	XP_037871244.1	31.068	103	57	3	1	96	46	141	4.62e-07	47.4	115	1395	83	XP_037871244.1 uncharacterized protein K02A2.6-like [Bombyx mori]
TRINITY_DN1342_c0_g2_i10.p3	XP_037874343.2	29.915	117	62	4	1	104	41	150	5.10e-07	47.0	115	753	90	XP_037874343.2 uncharacterized protein K02A2.6 [Bombyx mori]
TRINITY_DN1342_c0_g2_i10.p3	XP_062530827.1	31.683	101	56	2	1	94	50	144	5.63e-07	47.0	115	404	82	XP_062530827.1 uncharacterized protein LOC134200929 isoform X2 [Bombyx mori]
TRINITY_DN1342_c0_g2_i10.p3	XP_062525098.1	28.155	103	60	3	1	96	49	144	1.23e-06	45.8	115	887	83	XP_062525098.1 uncharacterized protein LOC119628635 [Bombyx mori]
TRINITY_DN1342_c0_g2_i10.p3	XP_062529124.1	28.155	103	60	3	1	96	49	144	1.28e-06	45.8	115	887	83	XP_062529124.1 uncharacterized protein LOC101739388 isoform X1 [Bombyx mori]
TRINITY_DN1342_c0_g2_i10.p3	XP_037874840.2	31.068	103	57	4	1	96	57	152	2.38e-06	45.1	115	623	83	XP_037874840.2 uncharacterized protein K02A2.6-like [Bombyx mori]
TRINITY_DN1342_c0_g2_i10.p3	XP_062532665.1	29.915	117	62	5	1	104	32	141	2.74e-06	45.1	115	919	90	XP_062532665.1 uncharacterized protein K02A2.6-like [Bombyx mori]
TRINITY_DN1342_c0_g2_i10.p3	XP_062532920.1	29.126	103	59	3	1	96	38	133	5.27e-06	44.3	115	447	83	XP_062532920.1 uncharacterized protein K02A2.6-like [Bombyx mori]
TRINITY_DN1342_c0_g2_i10.p3	XP_062532884.1	29.126	103	59	3	1	96	38	133	5.27e-06	44.3	115	447	83	XP_062532884.1 uncharacterized protein K02A2.6-like [Bombyx mori]
TRINITY_DN1342_c0_g2_i10.p3	XP_037874945.1	29.293	99	58	3	1	92	42	135	4.63e-05	41.2	115	282	80	XP_037874945.1 uncharacterized protein LOC119630259 [Bombyx mori]
TRINITY_DN1342_c0_g2_i10.p1	XP_062529124.1	31.655	139	84	5	16	144	326	463	7.37e-12	62.0	145	887	89	XP_062529124.1 uncharacterized protein LOC101739388 isoform X1 [Bombyx mori]
TRINITY_DN1342_c0_g2_i10.p1	XP_062532094.1	30.935	139	85	5	16	144	78	215	2.12e-11	60.8	145	639	89	XP_062532094.1 retrovirus-related Pol polyprotein from transposon 297 [Bombyx mori]
TRINITY_DN1342_c0_g2_i10.p1	XP_062525098.1	30.935	139	85	5	16	144	326	463	2.90e-11	60.5	145	887	89	XP_062525098.1 uncharacterized protein LOC119628635 [Bombyx mori]
TRINITY_DN1342_c0_g2_i10.p1	XP_062527926.1	36.937	111	60	4	44	144	350	460	7.07e-10	56.6	145	1179	70	XP_062527926.1 uncharacterized protein K02A2.6 isoform X1 [Bombyx mori]
TRINITY_DN1342_c0_g2_i10.p1	XP_037867144.1	30.769	156	79	6	14	144	354	505	1.68e-09	55.5	145	1405	90	XP_037867144.1 uncharacterized protein K02A2.6 [Bombyx mori]
TRINITY_DN1342_c0_g2_i10.p1	XP_037876915.1	30.769	156	79	6	14	144	351	502	1.82e-09	55.5	145	1402	90	XP_037876915.1 uncharacterized protein K02A2.6-like [Bombyx mori]
TRINITY_DN1342_c0_g2_i10.p1	XP_062532877.1	30.556	108	69	3	43	144	350	457	4.84e-05	42.4	145	738	70	XP_062532877.1 uncharacterized protein K02A2.6-like [Bombyx mori]
TRINITY_DN1342_c0_g2_i10.p1	XP_062532911.1	30.556	108	69	3	43	144	261	368	5.77e-05	42.4	145	763	70	XP_062532911.1 uncharacterized protein LOC134201686 [Bombyx mori]
TRINITY_DN1342_c0_g2_i10.p1	XP_037874317.1	46.341	41	18	1	108	144	248	288	8.22e-04	38.9	145	485	26	XP_037874317.1 uncharacterized protein LOC119630090 [Bombyx mori]
TRINITY_DN1342_c0_g2_i10.p4	XP_062532873.1	54.737	95	43	0	3	97	322	416	2.56e-31	115	105	629	90	XP_062532873.1 uncharacterized protein K02A2.6 [Bombyx mori]
TRINITY_DN1342_c0_g2_i10.p4	XP_037867144.1	53.684	95	44	0	3	97	1065	1159	5.24e-31	115	105	1405	90	XP_037867144.1 uncharacterized protein K02A2.6 [Bombyx mori]
TRINITY_DN1342_c0_g2_i10.p4	XP_037876915.1	52.632	95	45	0	3	97	1062	1156	6.61e-30	112	105	1402	90	XP_037876915.1 uncharacterized protein K02A2.6-like [Bombyx mori]
TRINITY_DN1342_c0_g2_i10.p4	XP_037871610.1	48.864	88	45	0	3	90	1045	1132	5.11e-24	95.1	105	1348	84	XP_037871610.1 uncharacterized protein K02A2.6-like [Bombyx mori]
TRINITY_DN1342_c0_g2_i10.p4	XP_062525267.1	48.864	88	45	0	3	90	1104	1191	5.12e-24	95.1	105	1416	84	XP_062525267.1 uncharacterized protein K02A2.6-like [Bombyx mori]
TRINITY_DN1342_c0_g2_i10.p4	XP_062529772.1	48.864	88	45	0	3	90	447	534	5.80e-24	95.1	105	755	84	XP_062529772.1 uncharacterized protein K02A2.6 [Bombyx mori]
TRINITY_DN1342_c0_g2_i10.p4	XP_062532957.1	51.899	79	38	0	19	97	1	79	6.54e-23	90.5	105	325	75	XP_062532957.1 uncharacterized protein K02A2.6-like [Bombyx mori]
TRINITY_DN1342_c0_g2_i10.p4	XP_062527189.1	46.591	88	47	0	3	90	475	562	6.84e-22	89.0	105	749	84	XP_062527189.1 uncharacterized protein K02A2.6-like [Bombyx mori]
TRINITY_DN1342_c0_g2_i10.p4	XP_062528133.1	44.211	95	53	0	3	97	1030	1124	8.51e-21	85.9	105	1395	90	XP_062528133.1 uncharacterized protein K02A2.6-like [Bombyx mori]
TRINITY_DN1342_c0_g2_i10.p4	XP_037871244.1	44.211	95	53	0	3	97	1030	1124	8.51e-21	85.9	105	1395	90	XP_037871244.1 uncharacterized protein K02A2.6-like [Bombyx mori]
TRINITY_DN1342_c0_g2_i10.p4	XP_062527715.1	44.792	96	52	1	3	97	108	203	1.89e-20	84.7	105	481	90	XP_062527715.1 uncharacterized protein K02A2.6-like isoform X1 [Bombyx mori]
TRINITY_DN1342_c0_g2_i10.p4	XP_062527716.1	44.792	96	52	1	3	97	108	203	1.93e-20	84.7	105	479	90	XP_062527716.1 uncharacterized protein K02A2.6-like isoform X2 [Bombyx mori]
TRINITY_DN1342_c0_g2_i10.p4	XP_062527927.1	44.554	101	54	2	3	101	119	219	5.08e-20	83.6	105	491	94	XP_062527927.1 uncharacterized protein K02A2.6 isoform X2 [Bombyx mori]
TRINITY_DN1342_c0_g2_i10.p4	XP_062524815.1	43.564	101	55	2	3	101	95	195	2.92e-19	81.3	105	467	94	XP_062524815.1 uncharacterized protein K02A2.6-like isoform X1 [Bombyx mori]
TRINITY_DN1342_c0_g2_i10.p4	XP_062530826.1	43.564	101	55	2	3	101	119	219	4.25e-19	80.9	105	491	94	XP_062530826.1 uncharacterized protein K02A2.6-like isoform X1 [Bombyx mori]
TRINITY_DN1342_c0_g2_i10.p4	XP_062531998.1	34.737	95	62	0	2	96	998	1092	5.40e-18	78.2	105	1308	90	XP_062531998.1 uncharacterized protein K02A2.6 [Bombyx mori]
TRINITY_DN1342_c0_g2_i10.p4	XP_062526842.1	36.170	94	60	0	2	95	998	1091	4.90e-17	75.1	105	1290	90	XP_062526842.1 uncharacterized protein K02A2.6 [Bombyx mori]
TRINITY_DN1342_c0_g2_i10.p4	XP_062529489.1	32.632	95	64	0	2	96	998	1092	1.25e-16	73.9	105	1283	90	XP_062529489.1 uncharacterized protein K02A2.6 [Bombyx mori]
TRINITY_DN1342_c0_g2_i10.p4	XP_037868781.1	39.506	81	49	0	3	83	1057	1137	1.25e-16	73.9	105	1155	77	XP_037868781.1 uncharacterized protein K02A2.6-like [Bombyx mori]
TRINITY_DN1342_c0_g2_i10.p4	XP_062530305.1	34.043	94	62	0	3	96	1032	1125	2.84e-15	70.1	105	1378	90	XP_062530305.1 uncharacterized protein LOC101745214 isoform X1 [Bombyx mori]
TRINITY_DN1342_c0_g2_i10.p4	XP_037871122.1	34.409	93	61	0	3	95	1017	1109	4.00e-15	69.7	105	1176	89	XP_037871122.1 uncharacterized protein K02A2.6 [Bombyx mori]
TRINITY_DN1342_c0_g2_i10.p4	XP_037866964.1	34.409	93	61	0	3	95	1017	1109	4.59e-15	69.7	105	1182	89	XP_037866964.1 uncharacterized protein K02A2.6-like [Bombyx mori]
TRINITY_DN1342_c0_g2_i10.p4	XP_037872900.1	34.409	93	61	0	3	95	1017	1109	5.76e-15	69.3	105	1290	89	XP_037872900.1 uncharacterized protein K02A2.6 [Bombyx mori]
TRINITY_DN1342_c0_g2_i10.p4	XP_037870356.1	34.409	93	61	0	3	95	1017	1109	6.16e-15	69.3	105	1296	89	XP_037870356.1 uncharacterized protein K02A2.6 [Bombyx mori]
TRINITY_DN1342_c0_g2_i10.p4	XP_037871229.1	34.409	93	61	0	3	95	856	948	9.14e-15	68.9	105	1157	89	XP_037871229.1 uncharacterized protein K02A2.6 [Bombyx mori]
TRINITY_DN1342_c0_g2_i10.p2	XP_004928320.1	87.324	142	18	0	1	142	145	286	1.63e-91	267	143	286	99	XP_004928320.1 galactosylgalactosylxylosylprotein 3-beta-glucuronosyltransferase I [Bombyx mori]
TRINITY_DN1342_c0_g2_i10.p2	NP_001124376.2	42.149	121	65	2	2	121	100	216	1.03e-28	106	143	280	84	NP_001124376.2 glucuronyltransferase [Bombyx mori]
TRINITY_DN1342_c0_g2_i10.p2	XP_012551722.1	42.149	121	65	2	2	121	176	292	2.80e-28	106	143	356	84	XP_012551722.1 glucuronyltransferase isoform X1 [Bombyx mori]
TRINITY_DN1342_c0_g2_i2.p1	XP_062529124.1	31.655	139	84	5	16	144	326	463	7.37e-12	62.0	145	887	89	XP_062529124.1 uncharacterized protein LOC101739388 isoform X1 [Bombyx mori]
TRINITY_DN1342_c0_g2_i2.p1	XP_062532094.1	30.935	139	85	5	16	144	78	215	2.12e-11	60.8	145	639	89	XP_062532094.1 retrovirus-related Pol polyprotein from transposon 297 [Bombyx mori]
TRINITY_DN1342_c0_g2_i2.p1	XP_062525098.1	30.935	139	85	5	16	144	326	463	2.90e-11	60.5	145	887	89	XP_062525098.1 uncharacterized protein LOC119628635 [Bombyx mori]
TRINITY_DN1342_c0_g2_i2.p1	XP_062527926.1	36.937	111	60	4	44	144	350	460	7.07e-10	56.6	145	1179	70	XP_062527926.1 uncharacterized protein K02A2.6 isoform X1 [Bombyx mori]
TRINITY_DN1342_c0_g2_i2.p1	XP_037867144.1	30.769	156	79	6	14	144	354	505	1.68e-09	55.5	145	1405	90	XP_037867144.1 uncharacterized protein K02A2.6 [Bombyx mori]
TRINITY_DN1342_c0_g2_i2.p1	XP_037876915.1	30.769	156	79	6	14	144	351	502	1.82e-09	55.5	145	1402	90	XP_037876915.1 uncharacterized protein K02A2.6-like [Bombyx mori]
TRINITY_DN1342_c0_g2_i2.p1	XP_062532877.1	30.556	108	69	3	43	144	350	457	4.84e-05	42.4	145	738	70	XP_062532877.1 uncharacterized protein K02A2.6-like [Bombyx mori]
TRINITY_DN1342_c0_g2_i2.p1	XP_062532911.1	30.556	108	69	3	43	144	261	368	5.77e-05	42.4	145	763	70	XP_062532911.1 uncharacterized protein LOC134201686 [Bombyx mori]
TRINITY_DN1342_c0_g2_i2.p1	XP_037874317.1	46.341	41	18	1	108	144	248	288	8.22e-04	38.9	145	485	26	XP_037874317.1 uncharacterized protein LOC119630090 [Bombyx mori]
TRINITY_DN1342_c0_g2_i2.p2	XP_004928320.1	87.324	142	18	0	1	142	145	286	1.63e-91	267	143	286	99	XP_004928320.1 galactosylgalactosylxylosylprotein 3-beta-glucuronosyltransferase I [Bombyx mori]
TRINITY_DN1342_c0_g2_i2.p2	NP_001124376.2	42.149	121	65	2	2	121	100	216	1.03e-28	106	143	280	84	NP_001124376.2 glucuronyltransferase [Bombyx mori]
TRINITY_DN1342_c0_g2_i2.p2	XP_012551722.1	42.149	121	65	2	2	121	176	292	2.80e-28	106	143	356	84	XP_012551722.1 glucuronyltransferase isoform X1 [Bombyx mori]
TRINITY_DN1342_c0_g2_i2.p5	XP_037870978.1	55.102	98	32	2	2	92	41	133	2.46e-28	104	115	281	79	XP_037870978.1 uncharacterized protein LOC119629373 [Bombyx mori]
TRINITY_DN1342_c0_g2_i2.p5	XP_037874317.1	55.102	98	32	2	2	92	41	133	2.12e-27	104	115	485	79	XP_037874317.1 uncharacterized protein LOC119630090 [Bombyx mori]
TRINITY_DN1342_c0_g2_i2.p5	XP_062532873.1	55.294	85	26	2	15	92	2	81	8.29e-22	89.4	115	629	68	XP_062532873.1 uncharacterized protein K02A2.6 [Bombyx mori]
TRINITY_DN1342_c0_g2_i2.p5	XP_037867144.1	43.478	92	51	1	2	92	44	135	2.47e-16	73.6	115	1405	79	XP_037867144.1 uncharacterized protein K02A2.6 [Bombyx mori]
TRINITY_DN1342_c0_g2_i2.p5	XP_037876915.1	43.478	92	51	1	2	92	41	132	2.60e-16	73.6	115	1402	79	XP_037876915.1 uncharacterized protein K02A2.6-like [Bombyx mori]
TRINITY_DN1342_c0_g2_i2.p5	XP_062530453.1	33.010	103	55	4	1	96	46	141	9.57e-08	49.3	115	804	83	XP_062530453.1 uncharacterized protein K02A2.6-like [Bombyx mori]
TRINITY_DN1342_c0_g2_i2.p5	XP_062527926.1	31.683	101	56	2	1	94	50	144	1.38e-07	48.9	115	1179	82	XP_062527926.1 uncharacterized protein K02A2.6 isoform X1 [Bombyx mori]
TRINITY_DN1342_c0_g2_i2.p5	XP_062524816.1	31.683	101	56	2	1	94	50	144	1.98e-07	48.1	115	278	82	XP_062524816.1 uncharacterized protein LOC134198963 isoform X2 [Bombyx mori]
TRINITY_DN1342_c0_g2_i2.p5	XP_062527928.1	31.683	101	56	2	1	94	50	144	2.09e-07	48.1	115	277	82	XP_062527928.1 uncharacterized protein LOC101741101 isoform X3 [Bombyx mori]
TRINITY_DN1342_c0_g2_i2.p5	XP_062527931.1	33.010	103	55	4	1	96	34	129	2.24e-07	48.1	115	788	83	XP_062527931.1 uncharacterized protein K02A2.6-like [Bombyx mori]
TRINITY_DN1342_c0_g2_i2.p5	XP_062531463.1	33.010	103	55	4	1	96	34	129	2.99e-07	47.8	115	742	83	XP_062531463.1 uncharacterized protein K02A2.6-like [Bombyx mori]
TRINITY_DN1342_c0_g2_i2.p5	XP_062532994.1	33.010	103	55	4	1	96	46	141	3.00e-07	47.8	115	786	83	XP_062532994.1 uncharacterized protein K02A2.6-like [Bombyx mori]
TRINITY_DN1342_c0_g2_i2.p5	XP_062526265.1	31.624	117	60	5	1	104	34	143	3.36e-07	47.8	115	676	90	XP_062526265.1 uncharacterized protein K02A2.6-like [Bombyx mori]
TRINITY_DN1342_c0_g2_i2.p5	XP_062527935.1	33.010	103	55	4	1	96	34	129	3.61e-07	47.4	115	788	83	XP_062527935.1 uncharacterized protein K02A2.6-like [Bombyx mori]
TRINITY_DN1342_c0_g2_i2.p5	XP_062528133.1	31.068	103	57	3	1	96	46	141	4.62e-07	47.4	115	1395	83	XP_062528133.1 uncharacterized protein K02A2.6-like [Bombyx mori]
TRINITY_DN1342_c0_g2_i2.p5	XP_037871244.1	31.068	103	57	3	1	96	46	141	4.62e-07	47.4	115	1395	83	XP_037871244.1 uncharacterized protein K02A2.6-like [Bombyx mori]
TRINITY_DN1342_c0_g2_i2.p5	XP_037874343.2	29.915	117	62	4	1	104	41	150	5.10e-07	47.0	115	753	90	XP_037874343.2 uncharacterized protein K02A2.6 [Bombyx mori]
TRINITY_DN1342_c0_g2_i2.p5	XP_062530827.1	31.683	101	56	2	1	94	50	144	5.63e-07	47.0	115	404	82	XP_062530827.1 uncharacterized protein LOC134200929 isoform X2 [Bombyx mori]
TRINITY_DN1342_c0_g2_i2.p5	XP_062525098.1	28.155	103	60	3	1	96	49	144	1.23e-06	45.8	115	887	83	XP_062525098.1 uncharacterized protein LOC119628635 [Bombyx mori]
TRINITY_DN1342_c0_g2_i2.p5	XP_062529124.1	28.155	103	60	3	1	96	49	144	1.28e-06	45.8	115	887	83	XP_062529124.1 uncharacterized protein LOC101739388 isoform X1 [Bombyx mori]
TRINITY_DN1342_c0_g2_i2.p5	XP_037874840.2	31.068	103	57	4	1	96	57	152	2.38e-06	45.1	115	623	83	XP_037874840.2 uncharacterized protein K02A2.6-like [Bombyx mori]
TRINITY_DN1342_c0_g2_i2.p5	XP_062532665.1	29.915	117	62	5	1	104	32	141	2.74e-06	45.1	115	919	90	XP_062532665.1 uncharacterized protein K02A2.6-like [Bombyx mori]
TRINITY_DN1342_c0_g2_i2.p5	XP_062532920.1	29.126	103	59	3	1	96	38	133	5.27e-06	44.3	115	447	83	XP_062532920.1 uncharacterized protein K02A2.6-like [Bombyx mori]
TRINITY_DN1342_c0_g2_i2.p5	XP_062532884.1	29.126	103	59	3	1	96	38	133	5.27e-06	44.3	115	447	83	XP_062532884.1 uncharacterized protein K02A2.6-like [Bombyx mori]
TRINITY_DN1342_c0_g2_i2.p5	XP_037874945.1	29.293	99	58	3	1	92	42	135	4.63e-05	41.2	115	282	80	XP_037874945.1 uncharacterized protein LOC119630259 [Bombyx mori]
TRINITY_DN1342_c0_g2_i2.p6	XP_062532873.1	54.737	95	43	0	3	97	322	416	2.56e-31	115	105	629	90	XP_062532873.1 uncharacterized protein K02A2.6 [Bombyx mori]
TRINITY_DN1342_c0_g2_i2.p6	XP_037867144.1	53.684	95	44	0	3	97	1065	1159	5.24e-31	115	105	1405	90	XP_037867144.1 uncharacterized protein K02A2.6 [Bombyx mori]
TRINITY_DN1342_c0_g2_i2.p6	XP_037876915.1	52.632	95	45	0	3	97	1062	1156	6.61e-30	112	105	1402	90	XP_037876915.1 uncharacterized protein K02A2.6-like [Bombyx mori]
TRINITY_DN1342_c0_g2_i2.p6	XP_037871610.1	48.864	88	45	0	3	90	1045	1132	5.11e-24	95.1	105	1348	84	XP_037871610.1 uncharacterized protein K02A2.6-like [Bombyx mori]
TRINITY_DN1342_c0_g2_i2.p6	XP_062525267.1	48.864	88	45	0	3	90	1104	1191	5.12e-24	95.1	105	1416	84	XP_062525267.1 uncharacterized protein K02A2.6-like [Bombyx mori]
TRINITY_DN1342_c0_g2_i2.p6	XP_062529772.1	48.864	88	45	0	3	90	447	534	5.80e-24	95.1	105	755	84	XP_062529772.1 uncharacterized protein K02A2.6 [Bombyx mori]
TRINITY_DN1342_c0_g2_i2.p6	XP_062532957.1	51.899	79	38	0	19	97	1	79	6.54e-23	90.5	105	325	75	XP_062532957.1 uncharacterized protein K02A2.6-like [Bombyx mori]
TRINITY_DN1342_c0_g2_i2.p6	XP_062527189.1	46.591	88	47	0	3	90	475	562	6.84e-22	89.0	105	749	84	XP_062527189.1 uncharacterized protein K02A2.6-like [Bombyx mori]
TRINITY_DN1342_c0_g2_i2.p6	XP_062528133.1	44.211	95	53	0	3	97	1030	1124	8.51e-21	85.9	105	1395	90	XP_062528133.1 uncharacterized protein K02A2.6-like [Bombyx mori]
TRINITY_DN1342_c0_g2_i2.p6	XP_037871244.1	44.211	95	53	0	3	97	1030	1124	8.51e-21	85.9	105	1395	90	XP_037871244.1 uncharacterized protein K02A2.6-like [Bombyx mori]
TRINITY_DN1342_c0_g2_i2.p6	XP_062527715.1	44.792	96	52	1	3	97	108	203	1.89e-20	84.7	105	481	90	XP_062527715.1 uncharacterized protein K02A2.6-like isoform X1 [Bombyx mori]
TRINITY_DN1342_c0_g2_i2.p6	XP_062527716.1	44.792	96	52	1	3	97	108	203	1.93e-20	84.7	105	479	90	XP_062527716.1 uncharacterized protein K02A2.6-like isoform X2 [Bombyx mori]
TRINITY_DN1342_c0_g2_i2.p6	XP_062527927.1	44.554	101	54	2	3	101	119	219	5.08e-20	83.6	105	491	94	XP_062527927.1 uncharacterized protein K02A2.6 isoform X2 [Bombyx mori]
TRINITY_DN1342_c0_g2_i2.p6	XP_062524815.1	43.564	101	55	2	3	101	95	195	2.92e-19	81.3	105	467	94	XP_062524815.1 uncharacterized protein K02A2.6-like isoform X1 [Bombyx mori]
TRINITY_DN1342_c0_g2_i2.p6	XP_062530826.1	43.564	101	55	2	3	101	119	219	4.25e-19	80.9	105	491	94	XP_062530826.1 uncharacterized protein K02A2.6-like isoform X1 [Bombyx mori]
TRINITY_DN1342_c0_g2_i2.p6	XP_062531998.1	34.737	95	62	0	2	96	998	1092	5.40e-18	78.2	105	1308	90	XP_062531998.1 uncharacterized protein K02A2.6 [Bombyx mori]
TRINITY_DN1342_c0_g2_i2.p6	XP_062526842.1	36.170	94	60	0	2	95	998	1091	4.90e-17	75.1	105	1290	90	XP_062526842.1 uncharacterized protein K02A2.6 [Bombyx mori]
TRINITY_DN1342_c0_g2_i2.p6	XP_062529489.1	32.632	95	64	0	2	96	998	1092	1.25e-16	73.9	105	1283	90	XP_062529489.1 uncharacterized protein K02A2.6 [Bombyx mori]
TRINITY_DN1342_c0_g2_i2.p6	XP_037868781.1	39.506	81	49	0	3	83	1057	1137	1.25e-16	73.9	105	1155	77	XP_037868781.1 uncharacterized protein K02A2.6-like [Bombyx mori]
TRINITY_DN1342_c0_g2_i2.p6	XP_062530305.1	34.043	94	62	0	3	96	1032	1125	2.84e-15	70.1	105	1378	90	XP_062530305.1 uncharacterized protein LOC101745214 isoform X1 [Bombyx mori]
TRINITY_DN1342_c0_g2_i2.p6	XP_037871122.1	34.409	93	61	0	3	95	1017	1109	4.00e-15	69.7	105	1176	89	XP_037871122.1 uncharacterized protein K02A2.6 [Bombyx mori]
TRINITY_DN1342_c0_g2_i2.p6	XP_037866964.1	34.409	93	61	0	3	95	1017	1109	4.59e-15	69.7	105	1182	89	XP_037866964.1 uncharacterized protein K02A2.6-like [Bombyx mori]
TRINITY_DN1342_c0_g2_i2.p6	XP_037872900.1	34.409	93	61	0	3	95	1017	1109	5.76e-15	69.3	105	1290	89	XP_037872900.1 uncharacterized protein K02A2.6 [Bombyx mori]
TRINITY_DN1342_c0_g2_i2.p6	XP_037870356.1	34.409	93	61	0	3	95	1017	1109	6.16e-15	69.3	105	1296	89	XP_037870356.1 uncharacterized protein K02A2.6 [Bombyx mori]
TRINITY_DN1342_c0_g2_i2.p6	XP_037871229.1	34.409	93	61	0	3	95	856	948	9.14e-15	68.9	105	1157	89	XP_037871229.1 uncharacterized protein K02A2.6 [Bombyx mori]
TRINITY_DN1342_c0_g2_i6.p1	XP_004928320.1	79.000	300	49	1	1	300	1	286	4.65e-172	478	301	286	99	XP_004928320.1 galactosylgalactosylxylosylprotein 3-beta-glucuronosyltransferase I [Bombyx mori]
TRINITY_DN1342_c0_g2_i6.p1	NP_001124376.2	38.819	237	123	5	44	279	1	216	1.26e-51	171	301	280	78	NP_001124376.2 glucuronyltransferase [Bombyx mori]
TRINITY_DN1342_c0_g2_i6.p1	XP_012551722.1	39.004	241	125	5	40	279	73	292	2.68e-51	172	301	356	80	XP_012551722.1 glucuronyltransferase isoform X1 [Bombyx mori]
TRINITY_DN1342_c0_g2_i7.p1	XP_037870978.1	55.102	98	32	2	2	92	41	133	2.89e-28	104	115	281	79	XP_037870978.1 uncharacterized protein LOC119629373 [Bombyx mori]
TRINITY_DN1342_c0_g2_i7.p1	XP_037874317.1	55.102	98	32	2	2	92	41	133	2.62e-27	104	115	485	79	XP_037874317.1 uncharacterized protein LOC119630090 [Bombyx mori]
TRINITY_DN1342_c0_g2_i7.p1	XP_062532873.1	55.294	85	26	2	15	92	2	81	9.50e-22	89.0	115	629	68	XP_062532873.1 uncharacterized protein K02A2.6 [Bombyx mori]
TRINITY_DN1342_c0_g2_i7.p1	XP_037867144.1	43.478	92	51	1	2	92	44	135	1.81e-16	73.9	115	1405	79	XP_037867144.1 uncharacterized protein K02A2.6 [Bombyx mori]
TRINITY_DN1342_c0_g2_i7.p1	XP_037876915.1	43.478	92	51	1	2	92	41	132	1.85e-16	73.9	115	1402	79	XP_037876915.1 uncharacterized protein K02A2.6-like [Bombyx mori]
TRINITY_DN1342_c0_g2_i7.p1	XP_062530453.1	33.010	103	55	4	1	96	46	141	8.19e-08	49.3	115	804	83	XP_062530453.1 uncharacterized protein K02A2.6-like [Bombyx mori]
TRINITY_DN1342_c0_g2_i7.p1	XP_062527926.1	31.683	101	56	2	1	94	50	144	8.40e-08	49.3	115	1179	82	XP_062527926.1 uncharacterized protein K02A2.6 isoform X1 [Bombyx mori]
TRINITY_DN1342_c0_g2_i7.p1	XP_062524816.1	31.683	101	56	2	1	94	50	144	1.07e-07	48.9	115	278	82	XP_062524816.1 uncharacterized protein LOC134198963 isoform X2 [Bombyx mori]
TRINITY_DN1342_c0_g2_i7.p1	XP_062527928.1	31.683	101	56	2	1	94	50	144	1.22e-07	48.5	115	277	82	XP_062527928.1 uncharacterized protein LOC101741101 isoform X3 [Bombyx mori]
TRINITY_DN1342_c0_g2_i7.p1	XP_062527931.1	33.010	103	55	4	1	96	34	129	1.90e-07	48.1	115	788	83	XP_062527931.1 uncharacterized protein K02A2.6-like [Bombyx mori]
TRINITY_DN1342_c0_g2_i7.p1	XP_062532994.1	33.010	103	55	4	1	96	46	141	2.52e-07	48.1	115	786	83	XP_062532994.1 uncharacterized protein K02A2.6-like [Bombyx mori]
TRINITY_DN1342_c0_g2_i7.p1	XP_062530827.1	31.683	101	56	2	1	94	50	144	2.62e-07	47.8	115	404	82	XP_062530827.1 uncharacterized protein LOC134200929 isoform X2 [Bombyx mori]
TRINITY_DN1342_c0_g2_i7.p1	XP_062531463.1	33.010	103	55	4	1	96	34	129	2.74e-07	47.8	115	742	83	XP_062531463.1 uncharacterized protein K02A2.6-like [Bombyx mori]
TRINITY_DN1342_c0_g2_i7.p1	XP_062526265.1	33.010	103	55	4	1	96	34	129	2.96e-07	47.8	115	676	83	XP_062526265.1 uncharacterized protein K02A2.6-like [Bombyx mori]
TRINITY_DN1342_c0_g2_i7.p1	XP_062527935.1	33.010	103	55	4	1	96	34	129	3.12e-07	47.8	115	788	83	XP_062527935.1 uncharacterized protein K02A2.6-like [Bombyx mori]
TRINITY_DN1342_c0_g2_i7.p1	XP_037874343.2	31.068	103	57	3	1	96	41	136	3.29e-07	47.8	115	753	83	XP_037874343.2 uncharacterized protein K02A2.6 [Bombyx mori]
TRINITY_DN1342_c0_g2_i7.p1	XP_062528133.1	31.068	103	57	3	1	96	46	141	3.35e-07	47.8	115	1395	83	XP_062528133.1 uncharacterized protein K02A2.6-like [Bombyx mori]
TRINITY_DN1342_c0_g2_i7.p1	XP_037871244.1	31.068	103	57	3	1	96	46	141	3.35e-07	47.8	115	1395	83	XP_037871244.1 uncharacterized protein K02A2.6-like [Bombyx mori]
TRINITY_DN1342_c0_g2_i7.p1	XP_062529124.1	28.155	103	60	3	1	96	49	144	1.09e-06	46.2	115	887	83	XP_062529124.1 uncharacterized protein LOC101739388 isoform X1 [Bombyx mori]
TRINITY_DN1342_c0_g2_i7.p1	XP_062525098.1	28.155	103	60	3	1	96	49	144	1.11e-06	46.2	115	887	83	XP_062525098.1 uncharacterized protein LOC119628635 [Bombyx mori]
TRINITY_DN1342_c0_g2_i7.p1	XP_037874840.2	31.068	103	57	4	1	96	57	152	2.16e-06	45.4	115	623	83	XP_037874840.2 uncharacterized protein K02A2.6-like [Bombyx mori]
TRINITY_DN1342_c0_g2_i7.p1	XP_062532665.1	29.915	117	62	5	1	104	32	141	2.61e-06	45.1	115	919	90	XP_062532665.1 uncharacterized protein K02A2.6-like [Bombyx mori]
TRINITY_DN1342_c0_g2_i7.p1	XP_062532920.1	28.205	117	64	4	1	104	38	147	4.01e-06	44.3	115	447	90	XP_062532920.1 uncharacterized protein K02A2.6-like [Bombyx mori]
TRINITY_DN1342_c0_g2_i7.p1	XP_062532884.1	28.205	117	64	4	1	104	38	147	4.01e-06	44.3	115	447	90	XP_062532884.1 uncharacterized protein K02A2.6-like [Bombyx mori]
TRINITY_DN1342_c0_g2_i7.p1	XP_037874945.1	29.703	101	55	3	1	92	42	135	6.01e-05	40.8	115	282	80	XP_037874945.1 uncharacterized protein LOC119630259 [Bombyx mori]
TRINITY_DN1342_c0_g2_i9.p4	XP_037870978.1	55.102	98	32	2	2	92	41	133	2.46e-28	104	115	281	79	XP_037870978.1 uncharacterized protein LOC119629373 [Bombyx mori]
TRINITY_DN1342_c0_g2_i9.p4	XP_037874317.1	55.102	98	32	2	2	92	41	133	2.12e-27	104	115	485	79	XP_037874317.1 uncharacterized protein LOC119630090 [Bombyx mori]
TRINITY_DN1342_c0_g2_i9.p4	XP_062532873.1	55.294	85	26	2	15	92	2	81	8.29e-22	89.4	115	629	68	XP_062532873.1 uncharacterized protein K02A2.6 [Bombyx mori]
TRINITY_DN1342_c0_g2_i9.p4	XP_037867144.1	43.478	92	51	1	2	92	44	135	2.47e-16	73.6	115	1405	79	XP_037867144.1 uncharacterized protein K02A2.6 [Bombyx mori]
TRINITY_DN1342_c0_g2_i9.p4	XP_037876915.1	43.478	92	51	1	2	92	41	132	2.60e-16	73.6	115	1402	79	XP_037876915.1 uncharacterized protein K02A2.6-like [Bombyx mori]
TRINITY_DN1342_c0_g2_i9.p4	XP_062530453.1	33.010	103	55	4	1	96	46	141	9.57e-08	49.3	115	804	83	XP_062530453.1 uncharacterized protein K02A2.6-like [Bombyx mori]
TRINITY_DN1342_c0_g2_i9.p4	XP_062527926.1	31.683	101	56	2	1	94	50	144	1.38e-07	48.9	115	1179	82	XP_062527926.1 uncharacterized protein K02A2.6 isoform X1 [Bombyx mori]
TRINITY_DN1342_c0_g2_i9.p4	XP_062524816.1	31.683	101	56	2	1	94	50	144	1.98e-07	48.1	115	278	82	XP_062524816.1 uncharacterized protein LOC134198963 isoform X2 [Bombyx mori]
TRINITY_DN1342_c0_g2_i9.p4	XP_062527928.1	31.683	101	56	2	1	94	50	144	2.09e-07	48.1	115	277	82	XP_062527928.1 uncharacterized protein LOC101741101 isoform X3 [Bombyx mori]
TRINITY_DN1342_c0_g2_i9.p4	XP_062527931.1	33.010	103	55	4	1	96	34	129	2.24e-07	48.1	115	788	83	XP_062527931.1 uncharacterized protein K02A2.6-like [Bombyx mori]
TRINITY_DN1342_c0_g2_i9.p4	XP_062531463.1	33.010	103	55	4	1	96	34	129	2.99e-07	47.8	115	742	83	XP_062531463.1 uncharacterized protein K02A2.6-like [Bombyx mori]
TRINITY_DN1342_c0_g2_i9.p4	XP_062532994.1	33.010	103	55	4	1	96	46	141	3.00e-07	47.8	115	786	83	XP_062532994.1 uncharacterized protein K02A2.6-like [Bombyx mori]
TRINITY_DN1342_c0_g2_i9.p4	XP_062526265.1	31.624	117	60	5	1	104	34	143	3.36e-07	47.8	115	676	90	XP_062526265.1 uncharacterized protein K02A2.6-like [Bombyx mori]
TRINITY_DN1342_c0_g2_i9.p4	XP_062527935.1	33.010	103	55	4	1	96	34	129	3.61e-07	47.4	115	788	83	XP_062527935.1 uncharacterized protein K02A2.6-like [Bombyx mori]
TRINITY_DN1342_c0_g2_i9.p4	XP_062528133.1	31.068	103	57	3	1	96	46	141	4.62e-07	47.4	115	1395	83	XP_062528133.1 uncharacterized protein K02A2.6-like [Bombyx mori]
TRINITY_DN1342_c0_g2_i9.p4	XP_037871244.1	31.068	103	57	3	1	96	46	141	4.62e-07	47.4	115	1395	83	XP_037871244.1 uncharacterized protein K02A2.6-like [Bombyx mori]
TRINITY_DN1342_c0_g2_i9.p4	XP_037874343.2	29.915	117	62	4	1	104	41	150	5.10e-07	47.0	115	753	90	XP_037874343.2 uncharacterized protein K02A2.6 [Bombyx mori]
TRINITY_DN1342_c0_g2_i9.p4	XP_062530827.1	31.683	101	56	2	1	94	50	144	5.63e-07	47.0	115	404	82	XP_062530827.1 uncharacterized protein LOC134200929 isoform X2 [Bombyx mori]
TRINITY_DN1342_c0_g2_i9.p4	XP_062525098.1	28.155	103	60	3	1	96	49	144	1.23e-06	45.8	115	887	83	XP_062525098.1 uncharacterized protein LOC119628635 [Bombyx mori]
TRINITY_DN1342_c0_g2_i9.p4	XP_062529124.1	28.155	103	60	3	1	96	49	144	1.28e-06	45.8	115	887	83	XP_062529124.1 uncharacterized protein LOC101739388 isoform X1 [Bombyx mori]
TRINITY_DN1342_c0_g2_i9.p4	XP_037874840.2	31.068	103	57	4	1	96	57	152	2.38e-06	45.1	115	623	83	XP_037874840.2 uncharacterized protein K02A2.6-like [Bombyx mori]
TRINITY_DN1342_c0_g2_i9.p4	XP_062532665.1	29.915	117	62	5	1	104	32	141	2.74e-06	45.1	115	919	90	XP_062532665.1 uncharacterized protein K02A2.6-like [Bombyx mori]
TRINITY_DN1342_c0_g2_i9.p4	XP_062532920.1	29.126	103	59	3	1	96	38	133	5.27e-06	44.3	115	447	83	XP_062532920.1 uncharacterized protein K02A2.6-like [Bombyx mori]
TRINITY_DN1342_c0_g2_i9.p4	XP_062532884.1	29.126	103	59	3	1	96	38	133	5.27e-06	44.3	115	447	83	XP_062532884.1 uncharacterized protein K02A2.6-like [Bombyx mori]
TRINITY_DN1342_c0_g2_i9.p4	XP_037874945.1	29.293	99	58	3	1	92	42	135	4.63e-05	41.2	115	282	80	XP_037874945.1 uncharacterized protein LOC119630259 [Bombyx mori]
TRINITY_DN1342_c0_g2_i9.p1	XP_004928320.1	82.867	286	49	0	1	286	1	286	5.40e-176	487	287	286	99	XP_004928320.1 galactosylgalactosylxylosylprotein 3-beta-glucuronosyltransferase I [Bombyx mori]
TRINITY_DN1342_c0_g2_i9.p1	NP_001124376.2	40.889	225	121	5	44	265	1	216	1.15e-52	173	287	280	77	NP_001124376.2 glucuronyltransferase [Bombyx mori]
TRINITY_DN1342_c0_g2_i9.p1	XP_012551722.1	41.048	229	123	5	40	265	73	292	2.22e-52	175	287	356	79	XP_012551722.1 glucuronyltransferase isoform X1 [Bombyx mori]
TRINITY_DN1342_c0_g2_i9.p3	XP_062529124.1	31.655	139	84	5	16	144	326	463	7.37e-12	62.0	145	887	89	XP_062529124.1 uncharacterized protein LOC101739388 isoform X1 [Bombyx mori]
TRINITY_DN1342_c0_g2_i9.p3	XP_062532094.1	30.935	139	85	5	16	144	78	215	2.12e-11	60.8	145	639	89	XP_062532094.1 retrovirus-related Pol polyprotein from transposon 297 [Bombyx mori]
TRINITY_DN1342_c0_g2_i9.p3	XP_062525098.1	30.935	139	85	5	16	144	326	463	2.90e-11	60.5	145	887	89	XP_062525098.1 uncharacterized protein LOC119628635 [Bombyx mori]
TRINITY_DN1342_c0_g2_i9.p3	XP_062527926.1	36.937	111	60	4	44	144	350	460	7.07e-10	56.6	145	1179	70	XP_062527926.1 uncharacterized protein K02A2.6 isoform X1 [Bombyx mori]
TRINITY_DN1342_c0_g2_i9.p3	XP_037867144.1	30.769	156	79	6	14	144	354	505	1.68e-09	55.5	145	1405	90	XP_037867144.1 uncharacterized protein K02A2.6 [Bombyx mori]
TRINITY_DN1342_c0_g2_i9.p3	XP_037876915.1	30.769	156	79	6	14	144	351	502	1.82e-09	55.5	145	1402	90	XP_037876915.1 uncharacterized protein K02A2.6-like [Bombyx mori]
TRINITY_DN1342_c0_g2_i9.p3	XP_062532877.1	30.556	108	69	3	43	144	350	457	4.84e-05	42.4	145	738	70	XP_062532877.1 uncharacterized protein K02A2.6-like [Bombyx mori]
TRINITY_DN1342_c0_g2_i9.p3	XP_062532911.1	30.556	108	69	3	43	144	261	368	5.77e-05	42.4	145	763	70	XP_062532911.1 uncharacterized protein LOC134201686 [Bombyx mori]
TRINITY_DN1342_c0_g2_i9.p3	XP_037874317.1	46.341	41	18	1	108	144	248	288	8.22e-04	38.9	145	485	26	XP_037874317.1 uncharacterized protein LOC119630090 [Bombyx mori]
TRINITY_DN1342_c0_g2_i9.p5	XP_062532873.1	54.737	95	43	0	3	97	322	416	2.56e-31	115	105	629	90	XP_062532873.1 uncharacterized protein K02A2.6 [Bombyx mori]
TRINITY_DN1342_c0_g2_i9.p5	XP_037867144.1	53.684	95	44	0	3	97	1065	1159	5.24e-31	115	105	1405	90	XP_037867144.1 uncharacterized protein K02A2.6 [Bombyx mori]
TRINITY_DN1342_c0_g2_i9.p5	XP_037876915.1	52.632	95	45	0	3	97	1062	1156	6.61e-30	112	105	1402	90	XP_037876915.1 uncharacterized protein K02A2.6-like [Bombyx mori]
TRINITY_DN1342_c0_g2_i9.p5	XP_037871610.1	48.864	88	45	0	3	90	1045	1132	5.11e-24	95.1	105	1348	84	XP_037871610.1 uncharacterized protein K02A2.6-like [Bombyx mori]
TRINITY_DN1342_c0_g2_i9.p5	XP_062525267.1	48.864	88	45	0	3	90	1104	1191	5.12e-24	95.1	105	1416	84	XP_062525267.1 uncharacterized protein K02A2.6-like [Bombyx mori]
TRINITY_DN1342_c0_g2_i9.p5	XP_062529772.1	48.864	88	45	0	3	90	447	534	5.80e-24	95.1	105	755	84	XP_062529772.1 uncharacterized protein K02A2.6 [Bombyx mori]
TRINITY_DN1342_c0_g2_i9.p5	XP_062532957.1	51.899	79	38	0	19	97	1	79	6.54e-23	90.5	105	325	75	XP_062532957.1 uncharacterized protein K02A2.6-like [Bombyx mori]
TRINITY_DN1342_c0_g2_i9.p5	XP_062527189.1	46.591	88	47	0	3	90	475	562	6.84e-22	89.0	105	749	84	XP_062527189.1 uncharacterized protein K02A2.6-like [Bombyx mori]
TRINITY_DN1342_c0_g2_i9.p5	XP_062528133.1	44.211	95	53	0	3	97	1030	1124	8.51e-21	85.9	105	1395	90	XP_062528133.1 uncharacterized protein K02A2.6-like [Bombyx mori]
TRINITY_DN1342_c0_g2_i9.p5	XP_037871244.1	44.211	95	53	0	3	97	1030	1124	8.51e-21	85.9	105	1395	90	XP_037871244.1 uncharacterized protein K02A2.6-like [Bombyx mori]
TRINITY_DN1342_c0_g2_i9.p5	XP_062527715.1	44.792	96	52	1	3	97	108	203	1.89e-20	84.7	105	481	90	XP_062527715.1 uncharacterized protein K02A2.6-like isoform X1 [Bombyx mori]
TRINITY_DN1342_c0_g2_i9.p5	XP_062527716.1	44.792	96	52	1	3	97	108	203	1.93e-20	84.7	105	479	90	XP_062527716.1 uncharacterized protein K02A2.6-like isoform X2 [Bombyx mori]
TRINITY_DN1342_c0_g2_i9.p5	XP_062527927.1	44.554	101	54	2	3	101	119	219	5.08e-20	83.6	105	491	94	XP_062527927.1 uncharacterized protein K02A2.6 isoform X2 [Bombyx mori]
TRINITY_DN1342_c0_g2_i9.p5	XP_062524815.1	43.564	101	55	2	3	101	95	195	2.92e-19	81.3	105	467	94	XP_062524815.1 uncharacterized protein K02A2.6-like isoform X1 [Bombyx mori]
TRINITY_DN1342_c0_g2_i9.p5	XP_062530826.1	43.564	101	55	2	3	101	119	219	4.25e-19	80.9	105	491	94	XP_062530826.1 uncharacterized protein K02A2.6-like isoform X1 [Bombyx mori]
TRINITY_DN1342_c0_g2_i9.p5	XP_062531998.1	34.737	95	62	0	2	96	998	1092	5.40e-18	78.2	105	1308	90	XP_062531998.1 uncharacterized protein K02A2.6 [Bombyx mori]
TRINITY_DN1342_c0_g2_i9.p5	XP_062526842.1	36.170	94	60	0	2	95	998	1091	4.90e-17	75.1	105	1290	90	XP_062526842.1 uncharacterized protein K02A2.6 [Bombyx mori]
TRINITY_DN1342_c0_g2_i9.p5	XP_062529489.1	32.632	95	64	0	2	96	998	1092	1.25e-16	73.9	105	1283	90	XP_062529489.1 uncharacterized protein K02A2.6 [Bombyx mori]
TRINITY_DN1342_c0_g2_i9.p5	XP_037868781.1	39.506	81	49	0	3	83	1057	1137	1.25e-16	73.9	105	1155	77	XP_037868781.1 uncharacterized protein K02A2.6-like [Bombyx mori]
TRINITY_DN1342_c0_g2_i9.p5	XP_062530305.1	34.043	94	62	0	3	96	1032	1125	2.84e-15	70.1	105	1378	90	XP_062530305.1 uncharacterized protein LOC101745214 isoform X1 [Bombyx mori]
TRINITY_DN1342_c0_g2_i9.p5	XP_037871122.1	34.409	93	61	0	3	95	1017	1109	4.00e-15	69.7	105	1176	89	XP_037871122.1 uncharacterized protein K02A2.6 [Bombyx mori]
TRINITY_DN1342_c0_g2_i9.p5	XP_037866964.1	34.409	93	61	0	3	95	1017	1109	4.59e-15	69.7	105	1182	89	XP_037866964.1 uncharacterized protein K02A2.6-like [Bombyx mori]
TRINITY_DN1342_c0_g2_i9.p5	XP_037872900.1	34.409	93	61	0	3	95	1017	1109	5.76e-15	69.3	105	1290	89	XP_037872900.1 uncharacterized protein K02A2.6 [Bombyx mori]
TRINITY_DN1342_c0_g2_i9.p5	XP_037870356.1	34.409	93	61	0	3	95	1017	1109	6.16e-15	69.3	105	1296	89	XP_037870356.1 uncharacterized protein K02A2.6 [Bombyx mori]
TRINITY_DN1342_c0_g2_i9.p5	XP_037871229.1	34.409	93	61	0	3	95	856	948	9.14e-15	68.9	105	1157	89	XP_037871229.1 uncharacterized protein K02A2.6 [Bombyx mori]
TRINITY_DN13580_c0_g1_i1.p1	XP_012551722.1	70.605	347	93	3	1	338	1	347	0.0	525	345	356	98	XP_012551722.1 glucuronyltransferase isoform X1 [Bombyx mori]
TRINITY_DN13580_c0_g1_i1.p1	NP_001124376.2	78.598	271	58	0	68	338	1	271	1.94e-167	468	345	280	79	NP_001124376.2 glucuronyltransferase [Bombyx mori]
TRINITY_DN13580_c0_g1_i1.p1	XP_004928320.1	40.079	252	135	6	66	308	42	286	1.86e-54	180	345	286	70	XP_004928320.1 galactosylgalactosylxylosylprotein 3-beta-glucuronosyltransferase I [Bombyx mori]
TRINITY_DN13580_c0_g1_i2.p1	XP_012551722.1	70.605	347	93	3	1	338	1	347	0.0	525	345	356	98	XP_012551722.1 glucuronyltransferase isoform X1 [Bombyx mori]
TRINITY_DN13580_c0_g1_i2.p1	NP_001124376.2	78.598	271	58	0	68	338	1	271	1.94e-167	468	345	280	79	NP_001124376.2 glucuronyltransferase [Bombyx mori]
TRINITY_DN13580_c0_g1_i2.p1	XP_004928320.1	40.079	252	135	6	66	308	42	286	1.86e-54	180	345	286	70	XP_004928320.1 galactosylgalactosylxylosylprotein 3-beta-glucuronosyltransferase I [Bombyx mori]
TRINITY_DN16531_c0_g1_i1.p1	NP_001108473.1	62.808	406	113	2	146	513	1	406	0.0	522	569	407	65	NP_001108473.1 chromosome associated protein D3 [Bombyx mori]
TRINITY_DN16531_c0_g1_i1.p1	XP_004929891.1	23.438	256	166	7	20	272	280	508	8.75e-14	74.7	569	734	44	XP_004929891.1 procollagen-lysine,2-oxoglutarate 5-dioxygenase isoform X2 [Bombyx mori]
TRINITY_DN16531_c0_g1_i1.p1	XP_012549046.1	23.438	256	166	7	20	272	301	529	1.35e-13	74.3	569	755	44	XP_012549046.1 procollagen-lysine,2-oxoglutarate 5-dioxygenase isoform X1 [Bombyx mori]
TRINITY_DN16531_c0_g1_i2.p1	NP_001108473.1	61.804	377	106	2	1	339	30	406	1.29e-165	470	395	407	86	NP_001108473.1 chromosome associated protein D3 [Bombyx mori]
TRINITY_DN1687_c0_g1_i10.p1	XP_004930782.1	81.159	138	26	0	1	138	79	216	1.02e-72	216	139	217	99	XP_004930782.1 protein SGT1 homolog [Bombyx mori]
TRINITY_DN1687_c0_g1_i11.p1	XP_004930782.1	73.148	216	57	1	1	215	1	216	4.21e-109	312	216	217	99	XP_004930782.1 protein SGT1 homolog [Bombyx mori]
TRINITY_DN1687_c0_g1_i11.p1	XP_004929505.1	31.250	96	63	2	16	109	220	314	3.49e-05	44.3	216	350	44	XP_004929505.1 cysteine and histidine-rich domain-containing protein morgana [Bombyx mori]
TRINITY_DN1687_c0_g1_i12.p1	XP_004930782.1	73.148	216	57	1	1	215	1	216	4.21e-109	312	216	217	99	XP_004930782.1 protein SGT1 homolog [Bombyx mori]
TRINITY_DN1687_c0_g1_i12.p1	XP_004929505.1	31.250	96	63	2	16	109	220	314	3.49e-05	44.3	216	350	44	XP_004929505.1 cysteine and histidine-rich domain-containing protein morgana [Bombyx mori]
TRINITY_DN1687_c0_g1_i21.p1	XP_004930782.1	73.148	216	57	1	1	215	1	216	4.21e-109	312	216	217	99	XP_004930782.1 protein SGT1 homolog [Bombyx mori]
TRINITY_DN1687_c0_g1_i21.p1	XP_004929505.1	31.250	96	63	2	16	109	220	314	3.49e-05	44.3	216	350	44	XP_004929505.1 cysteine and histidine-rich domain-containing protein morgana [Bombyx mori]
TRINITY_DN1687_c0_g1_i4.p1	XP_004930782.1	73.148	216	57	1	1	215	1	216	4.21e-109	312	216	217	99	XP_004930782.1 protein SGT1 homolog [Bombyx mori]
TRINITY_DN1687_c0_g1_i4.p1	XP_004929505.1	31.250	96	63	2	16	109	220	314	3.49e-05	44.3	216	350	44	XP_004929505.1 cysteine and histidine-rich domain-containing protein morgana [Bombyx mori]
TRINITY_DN1687_c0_g1_i6.p1	XP_004930782.1	73.148	216	57	1	1	215	1	216	4.21e-109	312	216	217	99	XP_004930782.1 protein SGT1 homolog [Bombyx mori]
TRINITY_DN1687_c0_g1_i6.p1	XP_004929505.1	31.250	96	63	2	16	109	220	314	3.49e-05	44.3	216	350	44	XP_004929505.1 cysteine and histidine-rich domain-containing protein morgana [Bombyx mori]
TRINITY_DN1687_c0_g1_i8.p1	XP_004930782.1	73.148	216	57	1	1	215	1	216	4.21e-109	312	216	217	99	XP_004930782.1 protein SGT1 homolog [Bombyx mori]
TRINITY_DN1687_c0_g1_i8.p1	XP_004929505.1	31.250	96	63	2	16	109	220	314	3.49e-05	44.3	216	350	44	XP_004929505.1 cysteine and histidine-rich domain-containing protein morgana [Bombyx mori]
TRINITY_DN1689_c0_g1_i1.p1	XP_062531495.1	53.975	478	218	1	1	478	4	479	0.0	545	497	517	96	XP_062531495.1 UDP-glycosyltransferase UGT41A2 isoform X1 [Bombyx mori]
TRINITY_DN1689_c0_g1_i1.p1	XP_037875535.1	53.975	478	218	1	1	478	4	479	0.0	545	497	517	96	XP_037875535.1 UDP-glycosyltransferase UGT41A2 isoform X1 [Bombyx mori]
TRINITY_DN1689_c0_g1_i1.p1	NP_001243966.1	53.766	478	219	1	1	478	4	479	0.0	543	497	517	96	NP_001243966.1 UDP-glycosyltransferase UGT41A2 precursor [Bombyx mori]
TRINITY_DN1689_c0_g1_i1.p1	XP_037875539.1	53.347	478	221	1	1	478	4	479	0.0	541	497	518	96	XP_037875539.1 UDP-glycosyltransferase UGT41A1 isoform X1 [Bombyx mori]
TRINITY_DN1689_c0_g1_i1.p1	NP_001243993.1	53.347	478	221	1	1	478	4	479	0.0	541	497	518	96	NP_001243993.1 UDP-glycosyltransferase UGT41A1 precursor [Bombyx mori]
TRINITY_DN1689_c0_g1_i1.p1	XP_062531498.1	53.975	478	218	1	1	478	4	479	0.0	534	497	516	96	XP_062531498.1 UDP-glycosyltransferase UGT41A3 isoform X1 [Bombyx mori]
TRINITY_DN1689_c0_g1_i1.p1	XP_037875537.1	53.975	478	218	1	1	478	4	479	0.0	534	497	516	96	XP_037875537.1 UDP-glycosyltransferase UGT41A3 isoform X1 [Bombyx mori]
TRINITY_DN1689_c0_g1_i1.p1	NP_001243967.1	53.975	478	218	1	1	478	4	479	0.0	534	497	516	96	NP_001243967.1 UDP-glycosyltransferase UGT41A3 precursor [Bombyx mori]
TRINITY_DN1689_c0_g1_i1.p1	XP_062531496.1	55.388	399	178	0	80	478	2	400	8.11e-164	471	497	438	80	XP_062531496.1 UDP-glycosyltransferase UGT41A2 isoform X2 [Bombyx mori]
TRINITY_DN1689_c0_g1_i1.p1	XP_037875538.1	53.647	425	195	1	1	425	4	426	2.27e-160	462	497	434	86	XP_037875538.1 UDP-glycosyltransferase UGT41A3 isoform X2 [Bombyx mori]
TRINITY_DN1689_c0_g1_i1.p1	NP_001037040.1	36.095	507	305	7	1	495	2	501	4.45e-104	321	497	520	99	NP_001037040.1 phenol UDP-glucosyltransferase precursor [Bombyx mori]
TRINITY_DN1689_c0_g1_i1.p1	XP_012550236.1	37.052	502	300	7	5	493	6	504	1.27e-100	312	497	517	98	XP_012550236.1 UDP-glucosyltransferase protein 3 isoform X1 [Bombyx mori]
TRINITY_DN1689_c0_g1_i1.p1	NP_001243965.1	34.200	500	317	6	5	496	8	503	2.29e-100	311	497	518	99	NP_001243965.1 UDP-glycosyltransferase UGT40B4 precursor [Bombyx mori]
TRINITY_DN1689_c0_g1_i1.p1	XP_037868047.1	34.661	502	312	7	5	496	8	503	1.28e-98	307	497	518	99	XP_037868047.1 UDP-glucosyltransferase 2 [Bombyx mori]
TRINITY_DN1689_c0_g1_i1.p1	NP_001243981.1	33.600	500	320	5	5	496	8	503	2.33e-98	306	497	518	99	NP_001243981.1 UDP-glycosyltransferase UGT40B3 precursor [Bombyx mori]
TRINITY_DN1689_c0_g1_i1.p1	XP_037867794.1	36.401	489	277	7	3	472	5	478	8.33e-97	302	497	514	95	XP_037867794.1 UDP-glucosyltransferase isoform X1 [Bombyx mori]
TRINITY_DN1689_c0_g1_i1.p1	XP_012550240.1	36.401	489	277	7	3	472	5	478	8.33e-97	302	497	514	95	XP_012550240.1 UDP-glucosyltransferase isoform X1 [Bombyx mori]
TRINITY_DN1689_c0_g1_i1.p1	NP_001182387.1	36.401	489	277	7	3	472	5	478	8.33e-97	302	497	514	95	NP_001182387.1 UDP-glucosyltransferase precursor [Bombyx mori]
TRINITY_DN1689_c0_g1_i1.p1	NP_001182386.1	36.111	504	308	6	3	496	7	506	3.21e-96	301	497	522	99	NP_001182386.1 UDP-glucosyltransferase precursor [Bombyx mori]
TRINITY_DN1689_c0_g1_i1.p1	XP_062525247.1	36.111	504	308	6	3	496	9	508	3.36e-96	301	497	524	99	XP_062525247.1 UDP-glucosyltransferase isoform X2 [Bombyx mori]
TRINITY_DN1689_c0_g1_i1.p1	XP_012550238.1	36.111	504	308	6	3	496	16	515	3.94e-96	301	497	531	99	XP_012550238.1 UDP-glucosyltransferase isoform X1 [Bombyx mori]
TRINITY_DN1689_c0_g1_i1.p1	NP_001161187.1	36.980	457	272	7	5	448	5	458	5.82e-90	283	497	462	89	NP_001161187.1 UDP-glucosyltransferase protein 3 [Bombyx mori]
TRINITY_DN1689_c0_g1_i1.p1	NP_001182389.1	33.922	510	315	5	1	497	3	503	4.45e-89	282	497	516	100	NP_001182389.1 UDP-glucosyltransferase precursor [Bombyx mori]
TRINITY_DN1689_c0_g1_i1.p1	XP_021207027.1	37.783	397	243	3	102	495	4	399	8.39e-89	278	497	418	79	XP_021207027.1 phenol UDP-glucosyltransferase isoform X1 [Bombyx mori]
TRINITY_DN1689_c0_g1_i1.p1	NP_001182388.1	38.814	371	225	1	118	488	55	423	6.36e-88	277	497	443	75	NP_001182388.1 UDP-glucosyltransferase [Bombyx mori]
TRINITY_DN1689_c0_g1_i2.p1	XP_062531495.1	54.184	478	217	1	1	478	4	479	0.0	546	519	517	92	XP_062531495.1 UDP-glycosyltransferase UGT41A2 isoform X1 [Bombyx mori]
TRINITY_DN1689_c0_g1_i2.p1	XP_037875535.1	54.184	478	217	1	1	478	4	479	0.0	546	519	517	92	XP_037875535.1 UDP-glycosyltransferase UGT41A2 isoform X1 [Bombyx mori]
TRINITY_DN1689_c0_g1_i2.p1	NP_001243966.1	53.975	478	218	1	1	478	4	479	0.0	544	519	517	92	NP_001243966.1 UDP-glycosyltransferase UGT41A2 precursor [Bombyx mori]
TRINITY_DN1689_c0_g1_i2.p1	XP_037875539.1	53.556	478	220	1	1	478	4	479	0.0	543	519	518	92	XP_037875539.1 UDP-glycosyltransferase UGT41A1 isoform X1 [Bombyx mori]
TRINITY_DN1689_c0_g1_i2.p1	NP_001243993.1	53.556	478	220	1	1	478	4	479	0.0	543	519	518	92	NP_001243993.1 UDP-glycosyltransferase UGT41A1 precursor [Bombyx mori]
TRINITY_DN1689_c0_g1_i2.p1	XP_062531498.1	54.184	478	217	1	1	478	4	479	0.0	535	519	516	92	XP_062531498.1 UDP-glycosyltransferase UGT41A3 isoform X1 [Bombyx mori]
TRINITY_DN1689_c0_g1_i2.p1	XP_037875537.1	54.184	478	217	1	1	478	4	479	0.0	535	519	516	92	XP_037875537.1 UDP-glycosyltransferase UGT41A3 isoform X1 [Bombyx mori]
TRINITY_DN1689_c0_g1_i2.p1	NP_001243967.1	54.184	478	217	1	1	478	4	479	0.0	535	519	516	92	NP_001243967.1 UDP-glycosyltransferase UGT41A3 precursor [Bombyx mori]
TRINITY_DN1689_c0_g1_i2.p1	XP_062531496.1	55.639	399	177	0	80	478	2	400	9.40e-164	471	519	438	77	XP_062531496.1 UDP-glycosyltransferase UGT41A2 isoform X2 [Bombyx mori]
TRINITY_DN1689_c0_g1_i2.p1	XP_037875538.1	53.647	425	195	1	1	425	4	426	2.82e-160	462	519	434	82	XP_037875538.1 UDP-glycosyltransferase UGT41A3 isoform X2 [Bombyx mori]
TRINITY_DN1689_c0_g1_i2.p1	NP_001037040.1	35.146	515	315	7	1	503	2	509	5.79e-102	316	519	520	97	NP_001037040.1 phenol UDP-glucosyltransferase precursor [Bombyx mori]
TRINITY_DN1689_c0_g1_i2.p1	NP_001243965.1	34.917	484	303	6	5	480	8	487	4.79e-100	311	519	518	92	NP_001243965.1 UDP-glycosyltransferase UGT40B4 precursor [Bombyx mori]
TRINITY_DN1689_c0_g1_i2.p1	NP_001243981.1	33.663	505	323	5	5	501	8	508	3.26e-99	309	519	518	96	NP_001243981.1 UDP-glycosyltransferase UGT40B3 precursor [Bombyx mori]
TRINITY_DN1689_c0_g1_i2.p1	XP_037868047.1	35.391	486	298	7	5	480	8	487	1.56e-98	307	519	518	92	XP_037868047.1 UDP-glucosyltransferase 2 [Bombyx mori]
TRINITY_DN1689_c0_g1_i2.p1	XP_012550236.1	36.673	499	299	8	5	489	6	501	2.21e-98	307	519	517	93	XP_012550236.1 UDP-glucosyltransferase protein 3 isoform X1 [Bombyx mori]
TRINITY_DN1689_c0_g1_i2.p1	XP_037867794.1	36.401	489	277	7	3	472	5	478	1.07e-96	302	519	514	91	XP_037867794.1 UDP-glucosyltransferase isoform X1 [Bombyx mori]
TRINITY_DN1689_c0_g1_i2.p1	XP_012550240.1	36.401	489	277	7	3	472	5	478	1.07e-96	302	519	514	91	XP_012550240.1 UDP-glucosyltransferase isoform X1 [Bombyx mori]
TRINITY_DN1689_c0_g1_i2.p1	NP_001182387.1	36.401	489	277	7	3	472	5	478	1.07e-96	302	519	514	91	NP_001182387.1 UDP-glucosyltransferase precursor [Bombyx mori]
TRINITY_DN1689_c0_g1_i2.p1	NP_001182386.1	35.632	522	322	7	3	517	7	521	5.72e-96	301	519	522	99	NP_001182386.1 UDP-glucosyltransferase precursor [Bombyx mori]
TRINITY_DN1689_c0_g1_i2.p1	XP_062525247.1	35.441	522	323	7	3	517	9	523	3.45e-95	299	519	524	99	XP_062525247.1 UDP-glucosyltransferase isoform X2 [Bombyx mori]
TRINITY_DN1689_c0_g1_i2.p1	XP_012550238.1	35.441	522	323	7	3	517	16	530	7.07e-95	298	519	531	99	XP_012550238.1 UDP-glucosyltransferase isoform X1 [Bombyx mori]
TRINITY_DN1689_c0_g1_i2.p1	NP_001161187.1	36.980	457	272	7	5	448	5	458	1.11e-89	283	519	462	86	NP_001161187.1 UDP-glucosyltransferase protein 3 [Bombyx mori]
TRINITY_DN1689_c0_g1_i2.p1	NP_001182389.1	33.608	485	300	5	1	472	3	478	1.47e-88	281	519	516	91	NP_001182389.1 UDP-glucosyltransferase precursor [Bombyx mori]
TRINITY_DN1689_c0_g1_i2.p1	XP_021207027.1	36.543	405	253	3	102	503	4	407	1.08e-86	273	519	418	77	XP_021207027.1 phenol UDP-glucosyltransferase isoform X1 [Bombyx mori]
TRINITY_DN1689_c0_g1_i2.p1	NP_001182388.1	37.634	372	230	1	118	489	55	424	3.34e-86	273	519	443	72	NP_001182388.1 UDP-glucosyltransferase [Bombyx mori]
TRINITY_DN1689_c0_g2_i1.p1	XP_062531495.1	56.144	472	205	1	4	475	6	475	0.0	553	475	517	99	XP_062531495.1 UDP-glycosyltransferase UGT41A2 isoform X1 [Bombyx mori]
TRINITY_DN1689_c0_g2_i1.p1	XP_037875535.1	56.144	472	205	1	4	475	6	475	0.0	553	475	517	99	XP_037875535.1 UDP-glycosyltransferase UGT41A2 isoform X1 [Bombyx mori]
TRINITY_DN1689_c0_g2_i1.p1	NP_001243966.1	55.932	472	206	1	4	475	6	475	0.0	551	475	517	99	NP_001243966.1 UDP-glycosyltransferase UGT41A2 precursor [Bombyx mori]
TRINITY_DN1689_c0_g2_i1.p1	XP_062531498.1	56.356	472	204	1	4	475	6	475	0.0	546	475	516	99	XP_062531498.1 UDP-glycosyltransferase UGT41A3 isoform X1 [Bombyx mori]
TRINITY_DN1689_c0_g2_i1.p1	XP_037875537.1	56.356	472	204	1	4	475	6	475	0.0	546	475	516	99	XP_037875537.1 UDP-glycosyltransferase UGT41A3 isoform X1 [Bombyx mori]
TRINITY_DN1689_c0_g2_i1.p1	NP_001243967.1	56.356	472	204	1	4	475	6	475	0.0	546	475	516	99	NP_001243967.1 UDP-glycosyltransferase UGT41A3 precursor [Bombyx mori]
TRINITY_DN1689_c0_g2_i1.p1	XP_037875539.1	54.237	472	214	1	4	475	6	475	0.0	541	475	518	99	XP_037875539.1 UDP-glycosyltransferase UGT41A1 isoform X1 [Bombyx mori]
TRINITY_DN1689_c0_g2_i1.p1	NP_001243993.1	54.237	472	214	1	4	475	6	475	0.0	541	475	518	99	NP_001243993.1 UDP-glycosyltransferase UGT41A1 precursor [Bombyx mori]
TRINITY_DN1689_c0_g2_i1.p1	XP_062531496.1	57.468	395	168	0	81	475	2	396	2.95e-168	481	475	438	83	XP_062531496.1 UDP-glycosyltransferase UGT41A2 isoform X2 [Bombyx mori]
TRINITY_DN1689_c0_g2_i1.p1	XP_037875538.1	55.083	423	188	1	4	426	6	426	8.98e-166	475	475	434	89	XP_037875538.1 UDP-glycosyltransferase UGT41A3 isoform X2 [Bombyx mori]
TRINITY_DN1689_c0_g2_i1.p1	XP_062525247.1	37.500	480	289	5	1	473	6	481	1.16e-95	298	475	524	99	XP_062525247.1 UDP-glucosyltransferase isoform X2 [Bombyx mori]
TRINITY_DN1689_c0_g2_i1.p1	XP_012550238.1	37.500	480	289	5	1	473	13	488	1.44e-95	298	475	531	99	XP_012550238.1 UDP-glucosyltransferase isoform X1 [Bombyx mori]
TRINITY_DN1689_c0_g2_i1.p1	XP_037867794.1	35.950	484	287	5	3	473	5	478	2.19e-95	298	475	514	99	XP_037867794.1 UDP-glucosyltransferase isoform X1 [Bombyx mori]
TRINITY_DN1689_c0_g2_i1.p1	XP_012550240.1	35.950	484	287	5	3	473	5	478	2.19e-95	298	475	514	99	XP_012550240.1 UDP-glucosyltransferase isoform X1 [Bombyx mori]
TRINITY_DN1689_c0_g2_i1.p1	NP_001182387.1	35.950	484	287	5	3	473	5	478	2.19e-95	298	475	514	99	NP_001182387.1 UDP-glucosyltransferase precursor [Bombyx mori]
TRINITY_DN1689_c0_g2_i1.p1	NP_001182386.1	37.292	480	290	5	1	473	4	479	1.22e-94	296	475	522	99	NP_001182386.1 UDP-glucosyltransferase precursor [Bombyx mori]
TRINITY_DN1689_c0_g2_i1.p1	NP_001037040.1	35.464	485	288	7	3	473	5	478	1.86e-93	293	475	520	99	NP_001037040.1 phenol UDP-glucosyltransferase precursor [Bombyx mori]
TRINITY_DN1689_c0_g2_i1.p1	NP_001243965.1	35.246	488	294	9	1	475	3	481	1.06e-92	291	475	518	100	NP_001243965.1 UDP-glycosyltransferase UGT40B4 precursor [Bombyx mori]
TRINITY_DN1689_c0_g2_i1.p1	XP_037868047.1	35.282	479	296	5	6	475	8	481	2.97e-91	287	475	518	99	XP_037868047.1 UDP-glucosyltransferase 2 [Bombyx mori]
TRINITY_DN1689_c0_g2_i1.p1	NP_001243981.1	35.404	483	290	8	6	475	8	481	7.11e-90	283	475	518	99	NP_001243981.1 UDP-glycosyltransferase UGT40B3 precursor [Bombyx mori]
TRINITY_DN1689_c0_g2_i1.p1	XP_012550236.1	36.105	493	285	9	1	473	1	483	1.08e-89	283	475	517	99	XP_012550236.1 UDP-glucosyltransferase protein 3 isoform X1 [Bombyx mori]
TRINITY_DN1689_c0_g2_i1.p1	NP_001161187.1	36.222	450	260	8	17	449	19	458	4.14e-83	264	475	462	91	NP_001161187.1 UDP-glucosyltransferase protein 3 [Bombyx mori]
TRINITY_DN1689_c0_g2_i1.p1	NP_001182390.1	34.413	494	291	9	1	473	1	482	4.90e-83	266	475	519	99	NP_001182390.1 UDP-glucosyltransferase precursor [Bombyx mori]
TRINITY_DN1689_c0_g2_i1.p1	XP_021207027.1	36.631	374	233	3	103	473	4	376	3.29e-79	253	475	418	78	XP_021207027.1 phenol UDP-glucosyltransferase isoform X1 [Bombyx mori]
TRINITY_DN1689_c0_g2_i1.p1	NP_001182389.1	31.172	478	317	6	4	473	5	478	4.80e-77	250	475	516	99	NP_001182389.1 UDP-glucosyltransferase precursor [Bombyx mori]
TRINITY_DN1689_c1_g1_i4.p1	XP_037875539.1	53.700	473	218	1	9	480	7	479	0.0	556	518	518	91	XP_037875539.1 UDP-glycosyltransferase UGT41A1 isoform X1 [Bombyx mori]
TRINITY_DN1689_c1_g1_i4.p1	NP_001243993.1	53.700	473	218	1	9	480	7	479	0.0	556	518	518	91	NP_001243993.1 UDP-glycosyltransferase UGT41A1 precursor [Bombyx mori]
TRINITY_DN1689_c1_g1_i4.p1	NP_001243966.1	54.334	473	215	1	9	480	7	479	0.0	555	518	517	91	NP_001243966.1 UDP-glycosyltransferase UGT41A2 precursor [Bombyx mori]
TRINITY_DN1689_c1_g1_i4.p1	XP_062531495.1	54.334	473	215	1	9	480	7	479	0.0	555	518	517	91	XP_062531495.1 UDP-glycosyltransferase UGT41A2 isoform X1 [Bombyx mori]
TRINITY_DN1689_c1_g1_i4.p1	XP_037875535.1	54.334	473	215	1	9	480	7	479	0.0	555	518	517	91	XP_037875535.1 UDP-glycosyltransferase UGT41A2 isoform X1 [Bombyx mori]
TRINITY_DN1689_c1_g1_i4.p1	XP_062531498.1	53.277	473	220	1	9	480	7	479	0.0	540	518	516	91	XP_062531498.1 UDP-glycosyltransferase UGT41A3 isoform X1 [Bombyx mori]
TRINITY_DN1689_c1_g1_i4.p1	XP_037875537.1	53.277	473	220	1	9	480	7	479	0.0	540	518	516	91	XP_037875537.1 UDP-glycosyltransferase UGT41A3 isoform X1 [Bombyx mori]
TRINITY_DN1689_c1_g1_i4.p1	NP_001243967.1	53.277	473	220	1	9	480	7	479	0.0	540	518	516	91	NP_001243967.1 UDP-glycosyltransferase UGT41A3 precursor [Bombyx mori]
TRINITY_DN1689_c1_g1_i4.p1	XP_062531496.1	55.890	399	175	1	83	480	2	400	1.45e-166	479	518	438	77	XP_062531496.1 UDP-glycosyltransferase UGT41A2 isoform X2 [Bombyx mori]
TRINITY_DN1689_c1_g1_i4.p1	XP_037875538.1	52.163	416	198	1	9	423	7	422	2.93e-159	460	518	434	80	XP_037875538.1 UDP-glycosyltransferase UGT41A3 isoform X2 [Bombyx mori]
TRINITY_DN1689_c1_g1_i4.p1	XP_012550236.1	37.451	510	304	7	6	503	5	511	2.45e-107	330	518	517	96	XP_012550236.1 UDP-glucosyltransferase protein 3 isoform X1 [Bombyx mori]
TRINITY_DN1689_c1_g1_i4.p1	XP_062525247.1	37.170	530	301	9	9	517	6	524	5.23e-103	319	518	524	98	XP_062525247.1 UDP-glucosyltransferase isoform X2 [Bombyx mori]
TRINITY_DN1689_c1_g1_i4.p1	XP_012550238.1	37.170	530	301	9	9	517	13	531	5.61e-103	319	518	531	98	XP_012550238.1 UDP-glucosyltransferase isoform X1 [Bombyx mori]
TRINITY_DN1689_c1_g1_i4.p1	NP_001182386.1	36.260	524	314	7	9	517	4	522	1.91e-102	317	518	522	98	NP_001182386.1 UDP-glucosyltransferase precursor [Bombyx mori]
TRINITY_DN1689_c1_g1_i4.p1	XP_037868047.1	34.682	519	321	6	8	515	5	516	3.05e-101	314	518	518	98	XP_037868047.1 UDP-glucosyltransferase 2 [Bombyx mori]
TRINITY_DN1689_c1_g1_i4.p1	NP_001243981.1	34.423	520	321	4	8	515	5	516	8.18e-101	313	518	518	98	NP_001243981.1 UDP-glycosyltransferase UGT40B3 precursor [Bombyx mori]
TRINITY_DN1689_c1_g1_i4.p1	NP_001243965.1	36.000	525	306	8	8	515	5	516	2.96e-100	311	518	518	98	NP_001243965.1 UDP-glycosyltransferase UGT40B4 precursor [Bombyx mori]
TRINITY_DN1689_c1_g1_i4.p1	NP_001161187.1	38.816	456	264	7	6	448	4	457	2.23e-98	305	518	462	86	NP_001161187.1 UDP-glucosyltransferase protein 3 [Bombyx mori]
TRINITY_DN1689_c1_g1_i4.p1	NP_001037040.1	35.685	496	308	5	11	496	6	500	3.28e-98	306	518	520	94	NP_001037040.1 phenol UDP-glucosyltransferase precursor [Bombyx mori]
TRINITY_DN1689_c1_g1_i4.p1	NP_001182389.1	37.879	462	278	5	21	474	18	478	5.06e-97	303	518	516	88	NP_001182389.1 UDP-glucosyltransferase precursor [Bombyx mori]
TRINITY_DN1689_c1_g1_i4.p1	XP_037867794.1	36.515	482	280	7	11	474	5	478	7.27e-97	303	518	514	90	XP_037867794.1 UDP-glucosyltransferase isoform X1 [Bombyx mori]
TRINITY_DN1689_c1_g1_i4.p1	XP_012550240.1	36.515	482	280	7	11	474	5	478	7.27e-97	303	518	514	90	XP_012550240.1 UDP-glucosyltransferase isoform X1 [Bombyx mori]
TRINITY_DN1689_c1_g1_i4.p1	NP_001182387.1	36.515	482	280	7	11	474	5	478	7.27e-97	303	518	514	90	NP_001182387.1 UDP-glucosyltransferase precursor [Bombyx mori]
TRINITY_DN1689_c1_g1_i4.p1	NP_001182390.1	32.061	524	334	9	5	511	1	519	4.82e-86	275	518	519	98	NP_001182390.1 UDP-glucosyltransferase precursor [Bombyx mori]
TRINITY_DN1689_c1_g1_i4.p1	NP_001182388.1	37.530	421	245	6	97	509	30	440	1.62e-84	268	518	443	80	NP_001182388.1 UDP-glucosyltransferase [Bombyx mori]
TRINITY_DN17113_c0_g1_i1.p1	NP_001243968.1	63.907	302	108	1	3	303	211	512	3.79e-144	416	304	512	99	NP_001243968.1 UDP-glycosyltransferase UGT42A1 [Bombyx mori]
TRINITY_DN17113_c0_g1_i1.p1	NP_001243969.1	62.329	292	110	0	6	297	216	507	5.21e-137	397	304	509	96	NP_001243969.1 UDP-glycosyltransferase UGT42A2 precursor [Bombyx mori]
TRINITY_DN17113_c0_g1_i1.p1	XP_062529505.1	53.381	281	131	0	2	282	87	367	8.48e-113	332	304	389	92	XP_062529505.1 UDP-glucuronosyltransferase 2B14-like isoform X2 [Bombyx mori]
TRINITY_DN17113_c0_g1_i1.p1	NP_001274756.1	53.025	281	132	0	2	282	206	486	2.06e-109	327	304	508	92	NP_001274756.1 UDP-glucuronosyltransferase 2B14-like precursor [Bombyx mori]
TRINITY_DN17113_c0_g1_i1.p1	XP_062529504.1	55.072	207	93	0	3	209	207	413	8.66e-84	259	304	432	68	XP_062529504.1 UDP-glucuronosyltransferase 2B14-like isoform X1 [Bombyx mori]
TRINITY_DN17113_c0_g1_i1.p1	NP_001243971.1	37.011	281	175	2	10	288	218	498	6.75e-68	220	304	525	92	NP_001243971.1 UDP-glycosyltransferase UGT44A1 [Bombyx mori]
TRINITY_DN17113_c0_g1_i1.p1	NP_001243980.1	37.455	275	168	4	17	288	231	504	3.46e-64	211	304	520	89	NP_001243980.1 UDP-glycosyltransferase UGT39B1 precursor [Bombyx mori]
TRINITY_DN17113_c0_g1_i1.p1	XP_062527289.1	34.483	290	186	4	5	290	225	514	1.09e-59	199	304	527	94	XP_062527289.1 UDP-glycosyltransferase UGT46A2 isoform X1 [Bombyx mori]
TRINITY_DN17113_c0_g1_i1.p1	XP_062525518.1	35.740	277	171	4	18	287	216	492	6.18e-59	196	304	509	89	XP_062525518.1 UDP-glycosyltransferase UGT39C1 isoform X2 [Bombyx mori]
TRINITY_DN17113_c0_g1_i1.p1	XP_062525517.1	35.740	277	171	4	18	287	232	508	6.48e-59	197	304	525	89	XP_062525517.1 UDP-glycosyltransferase UGT39C1 isoform X1 [Bombyx mori]
TRINITY_DN17113_c0_g1_i1.p1	NP_001243964.1	35.740	277	171	4	18	287	232	508	6.48e-59	197	304	525	89	NP_001243964.1 UDP-glycosyltransferase UGT39C1 precursor [Bombyx mori]
TRINITY_DN17113_c0_g1_i1.p1	NP_001243970.1	34.539	304	192	6	3	301	215	516	1.59e-58	196	304	516	98	NP_001243970.1 UDP-glycosyltransferase UGT43B1 precursor [Bombyx mori]
TRINITY_DN17113_c0_g1_i1.p1	NP_001243972.1	36.396	283	173	5	13	290	232	512	3.18e-58	195	304	525	91	NP_001243972.1 UDP-glycosyltransferase UGT46A2 precursor [Bombyx mori]
TRINITY_DN17113_c0_g1_i1.p1	XP_037870428.1	34.495	287	183	3	4	285	217	503	7.42e-58	194	304	521	93	XP_037870428.1 LOW QUALITY PROTEIN: UDP-glucosyltransferase 2 [Bombyx mori]
TRINITY_DN17113_c0_g1_i1.p1	NP_001135960.1	35.294	289	185	2	4	290	212	500	2.60e-57	192	304	514	94	NP_001135960.1 uridine diphosphate glucosyltransferase [Bombyx mori]
TRINITY_DN17113_c0_g1_i1.p1	NP_001243995.1	35.517	290	183	3	6	291	217	506	6.99e-57	191	304	520	94	NP_001243995.1 UDP-glycosyltransferase UGT33D5 precursor [Bombyx mori]
TRINITY_DN17113_c0_g1_i1.p1	NP_001182386.1	36.332	289	179	5	18	303	234	520	3.34e-54	184	304	522	94	NP_001182386.1 UDP-glucosyltransferase precursor [Bombyx mori]
TRINITY_DN17113_c0_g1_i1.p1	XP_062525247.1	36.332	289	179	5	18	303	236	522	1.18e-53	183	304	524	94	XP_062525247.1 UDP-glucosyltransferase isoform X2 [Bombyx mori]
TRINITY_DN17113_c0_g1_i1.p1	XP_012550238.1	36.332	289	179	5	18	303	243	529	1.38e-53	183	304	531	94	XP_012550238.1 UDP-glucosyltransferase isoform X1 [Bombyx mori]
TRINITY_DN17113_c0_g1_i1.p1	NP_001040425.1	35.252	278	178	2	16	291	229	506	3.51e-53	182	304	520	91	NP_001040425.1 antennal-enriched UDP-glycosyltransferase precursor [Bombyx mori]
TRINITY_DN17113_c0_g1_i1.p1	NP_001243991.1	36.885	244	153	1	3	245	212	455	4.52e-53	181	304	515	80	NP_001243991.1 UDP-glycosyltransferase UGT33D7 precursor [Bombyx mori]
TRINITY_DN17113_c0_g1_i1.p1	XP_062529502.1	33.113	302	193	7	7	303	217	514	1.08e-52	181	304	538	98	XP_062529502.1 UDP-glycosyltransferase UGT50A1 isoform X1 [Bombyx mori]
TRINITY_DN17113_c0_g1_i1.p1	XP_037873014.1	33.113	302	193	7	7	303	217	514	1.08e-52	181	304	538	98	XP_037873014.1 UDP-glycosyltransferase UGT50A1 isoform X1 [Bombyx mori]
TRINITY_DN17113_c0_g1_i1.p1	NP_001243994.1	33.113	302	193	7	7	303	219	516	1.27e-52	181	304	540	98	NP_001243994.1 UDP-glycosyltransferase UGT50A1 precursor [Bombyx mori]
TRINITY_DN17113_c0_g1_i1.p1	NP_001243956.1	34.106	302	189	3	4	295	213	514	2.24e-52	179	304	515	96	NP_001243956.1 UDP-glycosyltransferase UGT33D3 [Bombyx mori]
TRINITY_DN17113_c0_g1_i10.p1	NP_001243968.1	65.468	417	144	0	2	418	3	419	0.0	592	419	512	99	NP_001243968.1 UDP-glycosyltransferase UGT42A1 [Bombyx mori]
TRINITY_DN17113_c0_g1_i10.p1	NP_001243969.1	64.133	421	148	1	1	418	1	421	0.0	581	419	509	99	NP_001243969.1 UDP-glycosyltransferase UGT42A2 precursor [Bombyx mori]
TRINITY_DN17113_c0_g1_i10.p1	XP_062529504.1	55.303	396	177	0	21	416	18	413	1.18e-169	482	419	432	95	XP_062529504.1 UDP-glucuronosyltransferase 2B14-like isoform X1 [Bombyx mori]
TRINITY_DN17113_c0_g1_i10.p1	NP_001274756.1	55.303	396	177	0	21	416	18	413	7.11e-169	483	419	508	95	NP_001274756.1 UDP-glucuronosyltransferase 2B14-like precursor [Bombyx mori]
TRINITY_DN17113_c0_g1_i10.p1	NP_001243970.1	38.028	426	246	8	1	415	1	419	7.25e-93	289	419	516	99	NP_001243970.1 UDP-glycosyltransferase UGT43B1 precursor [Bombyx mori]
TRINITY_DN17113_c0_g1_i10.p1	NP_001243971.1	34.679	421	271	3	1	418	1	420	6.01e-91	284	419	525	99	NP_001243971.1 UDP-glycosyltransferase UGT44A1 [Bombyx mori]
TRINITY_DN17113_c0_g1_i10.p1	XP_062529505.1	55.288	208	93	0	209	416	87	294	1.28e-83	261	419	389	66	XP_062529505.1 UDP-glucuronosyltransferase 2B14-like isoform X2 [Bombyx mori]
TRINITY_DN17113_c0_g1_i10.p1	XP_062529505.1	66.667	69	23	0	21	89	18	86	5.31e-24	103	419	389	66	XP_062529505.1 UDP-glucuronosyltransferase 2B14-like isoform X2 [Bombyx mori]
TRINITY_DN17113_c0_g1_i10.p1	XP_062527289.1	34.783	437	256	8	3	418	6	434	2.59e-83	265	419	527	99	XP_062527289.1 UDP-glycosyltransferase UGT46A2 isoform X1 [Bombyx mori]
TRINITY_DN17113_c0_g1_i10.p1	XP_037870428.1	33.721	430	265	7	6	418	3	429	2.31e-81	259	419	521	99	XP_037870428.1 LOW QUALITY PROTEIN: UDP-glucosyltransferase 2 [Bombyx mori]
TRINITY_DN17113_c0_g1_i10.p1	NP_001243972.1	36.941	425	237	11	18	418	15	432	6.67e-79	253	419	525	96	NP_001243972.1 UDP-glycosyltransferase UGT46A2 precursor [Bombyx mori]
TRINITY_DN17113_c0_g1_i10.p1	NP_001135960.1	34.028	432	250	6	7	418	3	419	4.24e-68	224	419	514	98	NP_001135960.1 uridine diphosphate glucosyltransferase [Bombyx mori]
TRINITY_DN17113_c0_g1_i10.p1	NP_001243973.1	35.550	391	235	7	23	401	18	403	5.96e-68	225	419	536	90	NP_001243973.1 UDP-glycosyltransferase UGT47A1 precursor [Bombyx mori]
TRINITY_DN17113_c0_g1_i10.p1	NP_001243980.1	31.850	427	271	10	3	415	2	422	7.44e-63	211	419	520	99	NP_001243980.1 UDP-glycosyltransferase UGT39B1 precursor [Bombyx mori]
TRINITY_DN17113_c0_g1_i10.p1	NP_001243991.1	32.265	437	260	7	1	418	1	420	2.73e-62	209	419	515	99	NP_001243991.1 UDP-glycosyltransferase UGT33D7 precursor [Bombyx mori]
TRINITY_DN17113_c0_g1_i10.p1	NP_001243995.1	32.110	436	254	8	7	418	7	424	1.99e-61	207	419	520	98	NP_001243995.1 UDP-glycosyltransferase UGT33D5 precursor [Bombyx mori]
TRINITY_DN17113_c0_g1_i10.p1	NP_001243955.1	32.432	407	260	8	22	418	19	420	7.37e-61	206	419	515	95	NP_001243955.1 UDP-glycosyltransferase UGT33D2 precursor [Bombyx mori]
TRINITY_DN17113_c0_g1_i10.p1	NP_001040425.1	31.050	438	260	8	1	414	1	420	2.34e-59	202	419	520	99	NP_001040425.1 antennal-enriched UDP-glycosyltransferase precursor [Bombyx mori]
TRINITY_DN17113_c0_g1_i10.p1	NP_001243957.1	32.266	406	262	6	22	418	19	420	5.75e-59	201	419	515	95	NP_001243957.1 UDP-glycosyltransferase UGT33D6 [Bombyx mori]
TRINITY_DN17113_c0_g1_i10.p1	NP_001243963.1	31.553	412	266	6	18	414	15	425	7.37e-59	201	419	524	95	NP_001243963.1 UDP-glycosyltransferase UGT340C2 precursor [Bombyx mori]
TRINITY_DN17113_c0_g1_i10.p1	XP_062525518.1	29.577	426	276	7	1	418	1	410	9.22e-59	200	419	509	99	XP_062525518.1 UDP-glycosyltransferase UGT39C1 isoform X2 [Bombyx mori]
TRINITY_DN17113_c0_g1_i10.p1	XP_062525517.1	29.070	430	289	7	1	418	1	426	5.25e-57	196	419	525	99	XP_062525517.1 UDP-glycosyltransferase UGT39C1 isoform X1 [Bombyx mori]
TRINITY_DN17113_c0_g1_i10.p1	NP_001243964.1	29.070	430	289	7	1	418	1	426	5.25e-57	196	419	525	99	NP_001243964.1 UDP-glycosyltransferase UGT39C1 precursor [Bombyx mori]
TRINITY_DN17113_c0_g1_i10.p1	NP_001243956.1	31.507	438	262	8	1	418	1	420	6.33e-57	195	419	515	99	NP_001243956.1 UDP-glycosyltransferase UGT33D3 [Bombyx mori]
TRINITY_DN17113_c0_g1_i10.p1	NP_001243978.1	30.365	438	261	9	6	418	7	425	1.49e-54	189	419	521	99	NP_001243978.1 UDP-glucosyltransferase precursor [Bombyx mori]
TRINITY_DN17113_c0_g1_i10.p1	XP_037875538.1	28.675	415	271	7	7	406	6	410	4.09e-52	181	419	434	95	XP_037875538.1 UDP-glycosyltransferase UGT41A3 isoform X2 [Bombyx mori]
TRINITY_DN17113_c0_g1_i12.p1	NP_001243968.1	61.348	445	144	1	2	446	3	419	0.0	578	447	512	99	NP_001243968.1 UDP-glycosyltransferase UGT42A1 [Bombyx mori]
TRINITY_DN17113_c0_g1_i12.p1	NP_001243969.1	60.134	449	148	2	1	446	1	421	0.0	567	447	509	99	NP_001243969.1 UDP-glycosyltransferase UGT42A2 precursor [Bombyx mori]
TRINITY_DN17113_c0_g1_i12.p1	XP_062529504.1	51.651	424	177	1	21	444	18	413	1.16e-163	468	447	432	95	XP_062529504.1 UDP-glucuronosyltransferase 2B14-like isoform X1 [Bombyx mori]
TRINITY_DN17113_c0_g1_i12.p1	NP_001274756.1	51.651	424	177	1	21	444	18	413	1.19e-162	468	447	508	95	NP_001274756.1 UDP-glucuronosyltransferase 2B14-like precursor [Bombyx mori]
TRINITY_DN17113_c0_g1_i12.p1	NP_001243970.1	35.683	454	246	9	1	443	1	419	1.08e-86	274	447	516	99	NP_001243970.1 UDP-glycosyltransferase UGT43B1 precursor [Bombyx mori]
TRINITY_DN17113_c0_g1_i12.p1	NP_001243971.1	32.517	449	271	4	1	446	1	420	5.80e-85	270	447	525	99	NP_001243971.1 UDP-glycosyltransferase UGT44A1 [Bombyx mori]
TRINITY_DN17113_c0_g1_i12.p1	XP_062529505.1	48.729	236	93	1	209	444	87	294	1.30e-77	246	447	389	68	XP_062529505.1 UDP-glucuronosyltransferase 2B14-like isoform X2 [Bombyx mori]
TRINITY_DN17113_c0_g1_i12.p1	XP_062529505.1	66.667	69	23	0	21	89	18	86	6.38e-24	103	447	389	68	XP_062529505.1 UDP-glucuronosyltransferase 2B14-like isoform X2 [Bombyx mori]
TRINITY_DN17113_c0_g1_i12.p1	XP_062527289.1	32.688	465	256	9	3	446	6	434	1.41e-77	251	447	527	99	XP_062527289.1 UDP-glycosyltransferase UGT46A2 isoform X1 [Bombyx mori]
TRINITY_DN17113_c0_g1_i12.p1	XP_037870428.1	31.659	458	265	8	6	446	3	429	1.62e-75	245	447	521	99	XP_037870428.1 LOW QUALITY PROTEIN: UDP-glucosyltransferase 2 [Bombyx mori]
TRINITY_DN17113_c0_g1_i12.p1	NP_001243972.1	34.773	463	237	13	11	446	8	432	2.47e-73	239	447	525	98	NP_001243972.1 UDP-glycosyltransferase UGT46A2 precursor [Bombyx mori]
TRINITY_DN17113_c0_g1_i12.p1	NP_001135960.1	31.957	460	250	7	7	446	3	419	3.10e-62	210	447	514	98	NP_001135960.1 uridine diphosphate glucosyltransferase [Bombyx mori]
TRINITY_DN17113_c0_g1_i12.p1	NP_001243973.1	33.413	419	234	9	23	429	18	403	3.30e-62	211	447	536	91	NP_001243973.1 UDP-glycosyltransferase UGT47A1 precursor [Bombyx mori]
TRINITY_DN17113_c0_g1_i12.p1	NP_001243980.1	29.890	455	271	11	3	443	2	422	7.33e-57	196	447	520	99	NP_001243980.1 UDP-glycosyltransferase UGT39B1 precursor [Bombyx mori]
TRINITY_DN17113_c0_g1_i12.p1	NP_001243991.1	30.323	465	260	8	1	446	1	420	2.29e-56	194	447	515	99	NP_001243991.1 UDP-glycosyltransferase UGT33D7 precursor [Bombyx mori]
TRINITY_DN17113_c0_g1_i12.p1	NP_001243995.1	30.172	464	254	9	7	446	7	424	1.83e-55	192	447	520	98	NP_001243995.1 UDP-glycosyltransferase UGT33D5 precursor [Bombyx mori]
TRINITY_DN17113_c0_g1_i12.p1	NP_001243955.1	30.345	435	260	9	22	446	19	420	3.47e-55	191	447	515	95	NP_001243955.1 UDP-glycosyltransferase UGT33D2 precursor [Bombyx mori]
TRINITY_DN17113_c0_g1_i12.p1	NP_001040425.1	29.185	466	260	9	1	442	1	420	1.48e-53	187	447	520	99	NP_001040425.1 antennal-enriched UDP-glycosyltransferase precursor [Bombyx mori]
TRINITY_DN17113_c0_g1_i12.p1	NP_001243957.1	30.184	434	262	7	22	446	19	420	2.81e-53	186	447	515	95	NP_001243957.1 UDP-glycosyltransferase UGT33D6 [Bombyx mori]
TRINITY_DN17113_c0_g1_i12.p1	NP_001243963.1	29.545	440	266	7	18	442	15	425	5.58e-53	186	447	524	95	NP_001243963.1 UDP-glycosyltransferase UGT340C2 precursor [Bombyx mori]
TRINITY_DN17113_c0_g1_i12.p1	XP_062525518.1	28.406	433	260	7	22	446	20	410	5.85e-53	185	447	509	95	XP_062525518.1 UDP-glycosyltransferase UGT39C1 isoform X2 [Bombyx mori]
TRINITY_DN17113_c0_g1_i12.p1	NP_001243956.1	29.614	466	262	9	1	446	1	420	2.70e-51	181	447	515	99	NP_001243956.1 UDP-glycosyltransferase UGT33D3 [Bombyx mori]
TRINITY_DN17113_c0_g1_i12.p1	XP_062525517.1	27.293	458	289	8	1	446	1	426	3.85e-51	181	447	525	99	XP_062525517.1 UDP-glycosyltransferase UGT39C1 isoform X1 [Bombyx mori]
TRINITY_DN17113_c0_g1_i12.p1	NP_001243964.1	27.293	458	289	8	1	446	1	426	3.85e-51	181	447	525	99	NP_001243964.1 UDP-glycosyltransferase UGT39C1 precursor [Bombyx mori]
TRINITY_DN17113_c0_g1_i12.p1	NP_001243978.1	28.541	466	261	10	6	446	7	425	8.03e-49	174	447	521	99	NP_001243978.1 UDP-glucosyltransferase precursor [Bombyx mori]
TRINITY_DN17113_c0_g1_i12.p1	NP_001243959.1	29.194	459	268	10	5	446	4	422	2.74e-46	167	447	516	99	NP_001243959.1 UDP-glycosyltransferase UGT33N1 precursor [Bombyx mori]
TRINITY_DN17113_c0_g1_i15.p1	NP_001243968.1	64.570	302	104	2	3	301	211	512	1.07e-144	417	304	512	98	NP_001243968.1 UDP-glycosyltransferase UGT42A1 [Bombyx mori]
TRINITY_DN17113_c0_g1_i15.p1	NP_001243969.1	63.158	285	105	0	6	290	216	500	1.20e-135	394	304	509	94	NP_001243969.1 UDP-glycosyltransferase UGT42A2 precursor [Bombyx mori]
TRINITY_DN17113_c0_g1_i15.p1	XP_062529505.1	53.381	281	131	0	2	282	87	367	1.31e-112	331	304	389	92	XP_062529505.1 UDP-glucuronosyltransferase 2B14-like isoform X2 [Bombyx mori]
TRINITY_DN17113_c0_g1_i15.p1	NP_001274756.1	53.025	281	132	0	2	282	206	486	2.17e-109	327	304	508	92	NP_001274756.1 UDP-glucuronosyltransferase 2B14-like precursor [Bombyx mori]
TRINITY_DN17113_c0_g1_i15.p1	XP_062529504.1	55.072	207	93	0	3	209	207	413	9.24e-84	259	304	432	68	XP_062529504.1 UDP-glucuronosyltransferase 2B14-like isoform X1 [Bombyx mori]
TRINITY_DN17113_c0_g1_i15.p1	NP_001243971.1	37.226	274	170	2	10	281	218	491	1.63e-67	219	304	525	89	NP_001243971.1 UDP-glycosyltransferase UGT44A1 [Bombyx mori]
TRINITY_DN17113_c0_g1_i15.p1	NP_001243980.1	38.060	268	162	4	17	281	231	497	7.82e-64	209	304	520	87	NP_001243980.1 UDP-glycosyltransferase UGT39B1 precursor [Bombyx mori]
TRINITY_DN17113_c0_g1_i15.p1	XP_062527289.1	34.138	290	187	4	5	290	225	514	1.84e-59	198	304	527	94	XP_062527289.1 UDP-glycosyltransferase UGT46A2 isoform X1 [Bombyx mori]
TRINITY_DN17113_c0_g1_i15.p1	NP_001243970.1	34.868	304	191	6	3	301	215	516	2.53e-59	197	304	516	98	NP_001243970.1 UDP-glycosyltransferase UGT43B1 precursor [Bombyx mori]
TRINITY_DN17113_c0_g1_i15.p1	XP_062525518.1	35.740	277	171	4	18	287	216	492	8.94e-59	196	304	509	89	XP_062525518.1 UDP-glycosyltransferase UGT39C1 isoform X2 [Bombyx mori]
TRINITY_DN17113_c0_g1_i15.p1	XP_062525517.1	35.740	277	171	4	18	287	232	508	1.11e-58	196	304	525	89	XP_062525517.1 UDP-glycosyltransferase UGT39C1 isoform X1 [Bombyx mori]
TRINITY_DN17113_c0_g1_i15.p1	NP_001243964.1	35.740	277	171	4	18	287	232	508	1.11e-58	196	304	525	89	NP_001243964.1 UDP-glycosyltransferase UGT39C1 precursor [Bombyx mori]
TRINITY_DN17113_c0_g1_i15.p1	NP_001243972.1	36.042	283	174	5	13	290	232	512	6.85e-58	194	304	525	91	NP_001243972.1 UDP-glycosyltransferase UGT46A2 precursor [Bombyx mori]
TRINITY_DN17113_c0_g1_i15.p1	XP_037870428.1	34.146	287	184	3	4	285	217	503	1.28e-57	193	304	521	93	XP_037870428.1 LOW QUALITY PROTEIN: UDP-glucosyltransferase 2 [Bombyx mori]
TRINITY_DN17113_c0_g1_i15.p1	NP_001135960.1	35.640	289	184	2	4	290	212	500	2.62e-57	192	304	514	94	NP_001135960.1 uridine diphosphate glucosyltransferase [Bombyx mori]
TRINITY_DN17113_c0_g1_i15.p1	NP_001243995.1	35.172	290	184	3	6	291	217	506	5.91e-56	189	304	520	94	NP_001243995.1 UDP-glycosyltransferase UGT33D5 precursor [Bombyx mori]
TRINITY_DN17113_c0_g1_i15.p1	NP_001182386.1	36.678	289	178	5	18	303	234	520	4.23e-55	187	304	522	94	NP_001182386.1 UDP-glucosyltransferase precursor [Bombyx mori]
TRINITY_DN17113_c0_g1_i15.p1	XP_012550238.1	36.678	289	178	5	18	303	243	529	1.37e-54	186	304	531	94	XP_012550238.1 UDP-glucosyltransferase isoform X1 [Bombyx mori]
TRINITY_DN17113_c0_g1_i15.p1	XP_062525247.1	36.678	289	178	5	18	303	236	522	1.66e-54	185	304	524	94	XP_062525247.1 UDP-glucosyltransferase isoform X2 [Bombyx mori]
TRINITY_DN17113_c0_g1_i15.p1	NP_001243991.1	36.885	244	153	1	3	245	212	455	6.06e-53	181	304	515	80	NP_001243991.1 UDP-glycosyltransferase UGT33D7 precursor [Bombyx mori]
TRINITY_DN17113_c0_g1_i15.p1	NP_001040425.1	34.892	278	179	2	16	291	229	506	2.53e-52	179	304	520	91	NP_001040425.1 antennal-enriched UDP-glycosyltransferase precursor [Bombyx mori]
TRINITY_DN17113_c0_g1_i15.p1	NP_001243955.1	38.095	231	142	1	16	245	225	455	6.12e-52	178	304	515	76	NP_001243955.1 UDP-glycosyltransferase UGT33D2 precursor [Bombyx mori]
TRINITY_DN17113_c0_g1_i15.p1	NP_001243956.1	34.256	289	188	2	4	290	213	501	6.38e-52	178	304	515	94	NP_001243956.1 UDP-glycosyltransferase UGT33D3 [Bombyx mori]
TRINITY_DN17113_c0_g1_i15.p1	XP_062529502.1	32.781	302	194	7	7	303	217	514	8.41e-52	178	304	538	98	XP_062529502.1 UDP-glycosyltransferase UGT50A1 isoform X1 [Bombyx mori]
TRINITY_DN17113_c0_g1_i15.p1	XP_037873014.1	32.781	302	194	7	7	303	217	514	8.41e-52	178	304	538	98	XP_037873014.1 UDP-glycosyltransferase UGT50A1 isoform X1 [Bombyx mori]
TRINITY_DN17113_c0_g1_i16.p1	NP_001243968.1	61.569	510	195	1	2	510	3	512	0.0	671	511	512	99	NP_001243968.1 UDP-glycosyltransferase UGT42A1 [Bombyx mori]
TRINITY_DN17113_c0_g1_i16.p1	NP_001243969.1	60.158	507	199	1	1	504	1	507	0.0	655	511	509	99	NP_001243969.1 UDP-glycosyltransferase UGT42A2 precursor [Bombyx mori]
TRINITY_DN17113_c0_g1_i16.p1	NP_001274756.1	54.371	469	214	0	21	489	18	486	0.0	555	511	508	92	NP_001274756.1 UDP-glucuronosyltransferase 2B14-like precursor [Bombyx mori]
TRINITY_DN17113_c0_g1_i16.p1	XP_062529504.1	55.303	396	177	0	21	416	18	413	9.98e-169	484	511	432	77	XP_062529504.1 UDP-glucuronosyltransferase 2B14-like isoform X1 [Bombyx mori]
TRINITY_DN17113_c0_g1_i16.p1	XP_062529505.1	53.737	281	130	0	209	489	87	367	1.51e-110	333	511	389	68	XP_062529505.1 UDP-glucuronosyltransferase 2B14-like isoform X2 [Bombyx mori]
TRINITY_DN17113_c0_g1_i16.p1	XP_062529505.1	66.667	69	23	0	21	89	18	86	1.03e-23	103	511	389	68	XP_062529505.1 UDP-glucuronosyltransferase 2B14-like isoform X2 [Bombyx mori]
TRINITY_DN17113_c0_g1_i16.p1	NP_001243971.1	34.870	499	320	4	1	495	1	498	9.37e-110	336	511	525	97	NP_001243971.1 UDP-glycosyltransferase UGT44A1 [Bombyx mori]
TRINITY_DN17113_c0_g1_i16.p1	NP_001243970.1	36.138	523	312	12	1	508	1	516	1.61e-108	333	511	516	99	NP_001243970.1 UDP-glycosyltransferase UGT43B1 precursor [Bombyx mori]
TRINITY_DN17113_c0_g1_i16.p1	XP_062527289.1	34.043	517	311	9	3	497	6	514	7.55e-102	316	511	527	97	XP_062527289.1 UDP-glycosyltransferase UGT46A2 isoform X1 [Bombyx mori]
TRINITY_DN17113_c0_g1_i16.p1	NP_001243972.1	35.922	515	292	13	11	497	8	512	1.22e-97	305	511	525	95	NP_001243972.1 UDP-glycosyltransferase UGT46A2 precursor [Bombyx mori]
TRINITY_DN17113_c0_g1_i16.p1	XP_037870428.1	34.381	509	310	8	6	493	3	508	1.86e-97	304	511	521	95	XP_037870428.1 LOW QUALITY PROTEIN: UDP-glucosyltransferase 2 [Bombyx mori]
TRINITY_DN17113_c0_g1_i16.p1	NP_001243980.1	32.024	509	324	12	3	495	2	504	2.43e-79	257	511	520	96	NP_001243980.1 UDP-glycosyltransferase UGT39B1 precursor [Bombyx mori]
TRINITY_DN17113_c0_g1_i16.p1	NP_001243973.1	33.401	491	310	8	23	501	18	503	1.68e-78	255	511	536	94	NP_001243973.1 UDP-glycosyltransferase UGT47A1 precursor [Bombyx mori]
TRINITY_DN17113_c0_g1_i16.p1	NP_001135960.1	32.359	513	310	8	7	497	3	500	4.06e-78	254	511	514	96	NP_001135960.1 uridine diphosphate glucosyltransferase [Bombyx mori]
TRINITY_DN17113_c0_g1_i16.p1	NP_001243995.1	31.467	518	311	10	7	498	7	506	4.04e-73	241	511	520	96	NP_001243995.1 UDP-glycosyltransferase UGT33D5 precursor [Bombyx mori]
TRINITY_DN17113_c0_g1_i16.p1	NP_001243991.1	32.415	472	282	8	1	452	1	455	2.25e-71	236	511	515	88	NP_001243991.1 UDP-glycosyltransferase UGT33D7 precursor [Bombyx mori]
TRINITY_DN17113_c0_g1_i16.p1	XP_062525518.1	29.528	508	328	10	1	494	1	492	2.33e-71	236	511	509	97	XP_062525518.1 UDP-glycosyltransferase UGT39C1 isoform X2 [Bombyx mori]
TRINITY_DN17113_c0_g1_i16.p1	NP_001040425.1	30.344	524	321	10	1	498	1	506	6.15e-71	235	511	520	97	NP_001040425.1 antennal-enriched UDP-glycosyltransferase precursor [Bombyx mori]
TRINITY_DN17113_c0_g1_i16.p1	NP_001243963.1	30.143	491	325	8	18	491	15	504	7.82e-70	232	511	524	93	NP_001243963.1 UDP-glycosyltransferase UGT340C2 precursor [Bombyx mori]
TRINITY_DN17113_c0_g1_i16.p1	XP_062525517.1	29.102	512	341	10	1	494	1	508	1.07e-69	232	511	525	97	XP_062525517.1 UDP-glycosyltransferase UGT39C1 isoform X1 [Bombyx mori]
TRINITY_DN17113_c0_g1_i16.p1	NP_001243964.1	29.102	512	341	10	1	494	1	508	1.07e-69	232	511	525	97	NP_001243964.1 UDP-glycosyltransferase UGT39C1 precursor [Bombyx mori]
TRINITY_DN17113_c0_g1_i16.p1	NP_001243955.1	30.539	501	323	11	22	502	19	514	5.58e-69	230	511	515	94	NP_001243955.1 UDP-glycosyltransferase UGT33D2 precursor [Bombyx mori]
TRINITY_DN17113_c0_g1_i16.p1	NP_001243956.1	30.639	532	321	11	1	502	1	514	4.90e-68	227	511	515	98	NP_001243956.1 UDP-glycosyltransferase UGT33D3 [Bombyx mori]
TRINITY_DN17113_c0_g1_i16.p1	NP_001243957.1	32.426	441	284	7	22	452	19	455	5.56e-68	227	511	515	84	NP_001243957.1 UDP-glycosyltransferase UGT33D6 [Bombyx mori]
TRINITY_DN17113_c0_g1_i16.p1	NP_001243962.1	30.847	496	327	8	7	487	3	497	1.03e-65	221	511	521	94	NP_001243962.1 UDP-glycosyltransferase UGT340C1 precursor [Bombyx mori]
TRINITY_DN17113_c0_g1_i16.p1	XP_062529502.1	28.489	523	335	13	7	510	12	514	7.31e-65	219	511	538	99	XP_062529502.1 UDP-glycosyltransferase UGT50A1 isoform X1 [Bombyx mori]
TRINITY_DN17113_c0_g1_i8.p1	NP_001243968.1	61.176	510	197	1	2	510	3	512	0.0	671	511	512	99	NP_001243968.1 UDP-glycosyltransferase UGT42A1 [Bombyx mori]
TRINITY_DN17113_c0_g1_i8.p1	NP_001243969.1	60.355	507	198	1	1	504	1	507	0.0	658	511	509	99	NP_001243969.1 UDP-glycosyltransferase UGT42A2 precursor [Bombyx mori]
TRINITY_DN17113_c0_g1_i8.p1	NP_001274756.1	54.797	469	212	0	21	489	18	486	0.0	556	511	508	92	NP_001274756.1 UDP-glucuronosyltransferase 2B14-like precursor [Bombyx mori]
TRINITY_DN17113_c0_g1_i8.p1	XP_062529504.1	55.808	396	175	0	21	416	18	413	9.05e-169	484	511	432	77	XP_062529504.1 UDP-glucuronosyltransferase 2B14-like isoform X1 [Bombyx mori]
TRINITY_DN17113_c0_g1_i8.p1	XP_062529505.1	53.147	286	134	0	204	489	82	367	8.67e-111	334	511	389	69	XP_062529505.1 UDP-glucuronosyltransferase 2B14-like isoform X2 [Bombyx mori]
TRINITY_DN17113_c0_g1_i8.p1	XP_062529505.1	66.667	69	23	0	21	89	18	86	1.07e-23	103	511	389	69	XP_062529505.1 UDP-glucuronosyltransferase 2B14-like isoform X2 [Bombyx mori]
TRINITY_DN17113_c0_g1_i8.p1	NP_001243971.1	34.269	499	323	4	1	495	1	498	6.69e-107	329	511	525	97	NP_001243971.1 UDP-glycosyltransferase UGT44A1 [Bombyx mori]
TRINITY_DN17113_c0_g1_i8.p1	NP_001243970.1	35.564	523	315	12	1	508	1	516	3.42e-106	327	511	516	99	NP_001243970.1 UDP-glycosyltransferase UGT43B1 precursor [Bombyx mori]
TRINITY_DN17113_c0_g1_i8.p1	XP_062527289.1	34.043	517	311	9	3	497	6	514	9.98e-102	315	511	527	97	XP_062527289.1 UDP-glycosyltransferase UGT46A2 isoform X1 [Bombyx mori]
TRINITY_DN17113_c0_g1_i8.p1	NP_001243972.1	34.442	511	305	11	11	497	8	512	4.79e-98	306	511	525	95	NP_001243972.1 UDP-glycosyltransferase UGT46A2 precursor [Bombyx mori]
TRINITY_DN17113_c0_g1_i8.p1	XP_037870428.1	34.185	509	311	8	6	493	3	508	4.42e-96	301	511	521	95	XP_037870428.1 LOW QUALITY PROTEIN: UDP-glucosyltransferase 2 [Bombyx mori]
TRINITY_DN17113_c0_g1_i8.p1	NP_001243973.1	33.129	489	314	6	23	501	18	503	7.15e-79	256	511	536	94	NP_001243973.1 UDP-glycosyltransferase UGT47A1 precursor [Bombyx mori]
TRINITY_DN17113_c0_g1_i8.p1	NP_001243980.1	31.827	509	325	12	3	495	2	504	1.18e-78	255	511	520	96	NP_001243980.1 UDP-glycosyltransferase UGT39B1 precursor [Bombyx mori]
TRINITY_DN17113_c0_g1_i8.p1	NP_001135960.1	31.774	513	313	8	7	497	3	500	1.05e-74	245	511	514	96	NP_001135960.1 uridine diphosphate glucosyltransferase [Bombyx mori]
TRINITY_DN17113_c0_g1_i8.p1	NP_001243991.1	32.627	472	281	8	1	452	1	455	2.11e-72	239	511	515	88	NP_001243991.1 UDP-glycosyltransferase UGT33D7 precursor [Bombyx mori]
TRINITY_DN17113_c0_g1_i8.p1	XP_062525518.1	30.588	510	320	14	1	494	1	492	2.11e-72	239	511	509	97	XP_062525518.1 UDP-glycosyltransferase UGT39C1 isoform X2 [Bombyx mori]
TRINITY_DN17113_c0_g1_i8.p1	NP_001243995.1	31.467	518	311	10	7	498	7	506	2.14e-72	239	511	520	96	NP_001243995.1 UDP-glycosyltransferase UGT33D5 precursor [Bombyx mori]
TRINITY_DN17113_c0_g1_i8.p1	NP_001040425.1	31.179	526	314	12	1	498	1	506	3.56e-71	236	511	520	97	NP_001040425.1 antennal-enriched UDP-glycosyltransferase precursor [Bombyx mori]
TRINITY_DN17113_c0_g1_i8.p1	NP_001243955.1	31.337	501	319	11	22	502	19	514	1.00e-70	234	511	515	94	NP_001243955.1 UDP-glycosyltransferase UGT33D2 precursor [Bombyx mori]
TRINITY_DN17113_c0_g1_i8.p1	XP_062525517.1	30.156	514	333	14	1	494	1	508	1.22e-70	234	511	525	97	XP_062525517.1 UDP-glycosyltransferase UGT39C1 isoform X1 [Bombyx mori]
TRINITY_DN17113_c0_g1_i8.p1	NP_001243964.1	30.156	514	333	14	1	494	1	508	1.22e-70	234	511	525	97	NP_001243964.1 UDP-glycosyltransferase UGT39C1 precursor [Bombyx mori]
TRINITY_DN17113_c0_g1_i8.p1	NP_001243956.1	31.391	532	317	11	1	502	1	514	1.39e-70	234	511	515	98	NP_001243956.1 UDP-glycosyltransferase UGT33D3 [Bombyx mori]
TRINITY_DN17113_c0_g1_i8.p1	NP_001243963.1	30.488	492	322	10	18	491	15	504	1.61e-69	231	511	524	93	NP_001243963.1 UDP-glycosyltransferase UGT340C2 precursor [Bombyx mori]
TRINITY_DN17113_c0_g1_i8.p1	NP_001243957.1	32.880	441	282	7	22	452	19	455	5.58e-69	230	511	515	84	NP_001243957.1 UDP-glycosyltransferase UGT33D6 [Bombyx mori]
TRINITY_DN17113_c0_g1_i8.p1	NP_001243994.1	28.571	518	341	11	7	510	14	516	4.12e-67	226	511	540	99	NP_001243994.1 UDP-glycosyltransferase UGT50A1 precursor [Bombyx mori]
TRINITY_DN17113_c0_g1_i8.p1	XP_062529502.1	28.571	518	341	11	7	510	12	514	4.80e-67	225	511	538	99	XP_062529502.1 UDP-glycosyltransferase UGT50A1 isoform X1 [Bombyx mori]
TRINITY_DN18424_c0_g1_i1.p1	NP_001243980.1	69.767	516	154	2	6	521	5	518	0.0	780	522	520	99	NP_001243980.1 UDP-glycosyltransferase UGT39B1 precursor [Bombyx mori]
TRINITY_DN18424_c0_g1_i1.p1	XP_062525517.1	56.287	501	218	1	7	507	7	506	0.0	617	522	525	96	XP_062525517.1 UDP-glycosyltransferase UGT39C1 isoform X1 [Bombyx mori]
TRINITY_DN18424_c0_g1_i1.p1	NP_001243964.1	56.287	501	218	1	7	507	7	506	0.0	617	522	525	96	NP_001243964.1 UDP-glycosyltransferase UGT39C1 precursor [Bombyx mori]
TRINITY_DN18424_c0_g1_i1.p1	XP_062525518.1	55.888	501	204	2	7	507	7	490	0.0	606	522	509	96	XP_062525518.1 UDP-glycosyltransferase UGT39C1 isoform X2 [Bombyx mori]
TRINITY_DN18424_c0_g1_i1.p1	NP_001243991.1	31.609	522	322	12	6	512	4	505	5.76e-84	270	522	515	97	NP_001243991.1 UDP-glycosyltransferase UGT33D7 precursor [Bombyx mori]
TRINITY_DN18424_c0_g1_i1.p1	NP_001243957.1	33.061	490	289	14	6	479	6	472	3.33e-83	268	522	515	91	NP_001243957.1 UDP-glycosyltransferase UGT33D6 [Bombyx mori]
TRINITY_DN18424_c0_g1_i1.p1	NP_001243978.1	30.418	526	318	14	7	509	8	508	1.25e-82	266	522	521	96	NP_001243978.1 UDP-glucosyltransferase precursor [Bombyx mori]
TRINITY_DN18424_c0_g1_i1.p1	NP_001040425.1	30.943	530	324	13	1	512	1	506	2.35e-81	263	522	520	98	NP_001040425.1 antennal-enriched UDP-glycosyltransferase precursor [Bombyx mori]
TRINITY_DN18424_c0_g1_i1.p1	NP_001135960.1	30.799	513	323	13	4	502	1	495	2.44e-81	263	522	514	96	NP_001135960.1 uridine diphosphate glucosyltransferase [Bombyx mori]
TRINITY_DN18424_c0_g1_i1.p1	NP_001243956.1	31.767	532	326	14	6	521	4	514	2.84e-80	260	522	515	99	NP_001243956.1 UDP-glycosyltransferase UGT33D3 [Bombyx mori]
TRINITY_DN18424_c0_g1_i1.p1	NP_001243995.1	30.435	529	328	14	1	512	1	506	6.50e-80	259	522	520	98	NP_001243995.1 UDP-glycosyltransferase UGT33D5 precursor [Bombyx mori]
TRINITY_DN18424_c0_g1_i1.p1	NP_001243969.1	32.075	530	317	14	4	520	9	508	1.66e-79	258	522	509	99	NP_001243969.1 UDP-glycosyltransferase UGT42A2 precursor [Bombyx mori]
TRINITY_DN18424_c0_g1_i1.p1	NP_001243959.1	31.144	533	321	10	7	516	6	515	1.71e-79	258	522	516	98	NP_001243959.1 UDP-glycosyltransferase UGT33N1 precursor [Bombyx mori]
TRINITY_DN18424_c0_g1_i1.p1	XP_037870428.1	32.222	540	316	15	6	519	4	519	2.21e-79	258	522	521	98	XP_037870428.1 LOW QUALITY PROTEIN: UDP-glucosyltransferase 2 [Bombyx mori]
TRINITY_DN18424_c0_g1_i1.p1	NP_001243963.1	31.391	532	313	13	8	511	6	513	4.30e-79	257	522	524	97	NP_001243963.1 UDP-glycosyltransferase UGT340C2 precursor [Bombyx mori]
TRINITY_DN18424_c0_g1_i1.p1	NP_001243955.1	29.868	529	340	12	6	521	4	514	9.45e-77	251	522	515	99	NP_001243955.1 UDP-glycosyltransferase UGT33D2 precursor [Bombyx mori]
TRINITY_DN18424_c0_g1_i1.p1	NP_001243960.1	30.785	497	296	11	4	479	1	470	9.06e-76	247	522	482	91	NP_001243960.1 UDP-glycosyltransferase UGT33Q1 precursor [Bombyx mori]
TRINITY_DN18424_c0_g1_i1.p1	NP_001182386.1	29.434	530	345	10	6	521	7	521	2.97e-75	247	522	522	99	NP_001182386.1 UDP-glucosyltransferase precursor [Bombyx mori]
TRINITY_DN18424_c0_g1_i1.p1	NP_001243973.1	31.076	502	323	6	7	499	3	490	4.64e-75	247	522	536	94	NP_001243973.1 UDP-glycosyltransferase UGT47A1 precursor [Bombyx mori]
TRINITY_DN18424_c0_g1_i1.p1	NP_001243962.1	31.111	540	329	15	4	521	1	519	1.37e-74	245	522	521	99	NP_001243962.1 UDP-glycosyltransferase UGT340C1 precursor [Bombyx mori]
TRINITY_DN18424_c0_g1_i1.p1	XP_062525247.1	29.434	530	345	10	6	521	9	523	3.53e-74	244	522	524	99	XP_062525247.1 UDP-glucosyltransferase isoform X2 [Bombyx mori]
TRINITY_DN18424_c0_g1_i1.p1	XP_012550238.1	29.434	530	345	10	6	521	16	530	4.89e-74	244	522	531	99	XP_012550238.1 UDP-glucosyltransferase isoform X1 [Bombyx mori]
TRINITY_DN18424_c0_g1_i1.p1	NP_001243970.1	29.681	502	307	10	17	493	15	495	9.66e-74	243	522	516	91	NP_001243970.1 UDP-glycosyltransferase UGT43B1 precursor [Bombyx mori]
TRINITY_DN18424_c0_g1_i1.p1	XP_062532682.1	29.923	518	330	10	18	520	19	518	4.54e-73	241	522	519	96	XP_062532682.1 UDP-glycosyltransferase UGT33K1 isoform X1 [Bombyx mori]
TRINITY_DN18424_c0_g1_i1.p1	XP_062532681.1	29.923	518	330	10	18	520	19	518	4.54e-73	241	522	519	96	XP_062532681.1 UDP-glycosyltransferase UGT33K1 isoform X1 [Bombyx mori]
TRINITY_DN20280_c0_g1_i1.p1	NP_001135960.1	68.889	135	42	0	1	135	342	476	2.69e-64	204	135	514	100	NP_001135960.1 uridine diphosphate glucosyltransferase [Bombyx mori]
TRINITY_DN20280_c0_g1_i1.p1	NP_001243978.1	70.370	135	40	0	1	135	348	482	1.69e-63	202	135	521	100	NP_001243978.1 UDP-glucosyltransferase precursor [Bombyx mori]
TRINITY_DN20280_c0_g1_i1.p1	NP_001243956.1	68.889	135	42	0	1	135	343	477	3.40e-63	201	135	515	100	NP_001243956.1 UDP-glycosyltransferase UGT33D3 [Bombyx mori]
TRINITY_DN20280_c0_g1_i1.p1	NP_001243995.1	67.407	135	44	0	1	135	347	481	3.06e-60	193	135	520	100	NP_001243995.1 UDP-glycosyltransferase UGT33D5 precursor [Bombyx mori]
TRINITY_DN20280_c0_g1_i1.p1	NP_001040425.1	66.667	135	45	0	1	135	347	481	7.87e-60	192	135	520	100	NP_001040425.1 antennal-enriched UDP-glycosyltransferase precursor [Bombyx mori]
TRINITY_DN20280_c0_g1_i1.p1	NP_001243959.1	61.481	135	52	0	1	135	345	479	2.52e-59	191	135	516	100	NP_001243959.1 UDP-glycosyltransferase UGT33N1 precursor [Bombyx mori]
TRINITY_DN20280_c0_g1_i1.p1	NP_001243957.1	66.154	130	44	0	1	130	343	472	3.23e-59	191	135	515	96	NP_001243957.1 UDP-glycosyltransferase UGT33D6 [Bombyx mori]
TRINITY_DN20280_c0_g1_i1.p1	NP_001243955.1	66.923	130	43	0	1	130	343	472	6.03e-59	190	135	515	96	NP_001243955.1 UDP-glycosyltransferase UGT33D2 precursor [Bombyx mori]
TRINITY_DN20280_c0_g1_i1.p1	NP_001243962.1	61.481	135	52	0	1	135	349	483	1.58e-57	186	135	521	100	NP_001243962.1 UDP-glycosyltransferase UGT340C1 precursor [Bombyx mori]
TRINITY_DN20280_c0_g1_i1.p1	NP_001243991.1	64.615	130	46	0	1	130	343	472	1.92e-57	186	135	515	96	NP_001243991.1 UDP-glycosyltransferase UGT33D7 precursor [Bombyx mori]
TRINITY_DN20280_c0_g1_i1.p1	XP_062532682.1	66.923	130	43	0	1	130	348	477	7.09e-56	182	135	519	96	XP_062532682.1 UDP-glycosyltransferase UGT33K1 isoform X1 [Bombyx mori]
TRINITY_DN20280_c0_g1_i1.p1	XP_062532681.1	66.923	130	43	0	1	130	348	477	7.09e-56	182	135	519	96	XP_062532681.1 UDP-glycosyltransferase UGT33K1 isoform X1 [Bombyx mori]
TRINITY_DN20280_c0_g1_i1.p1	NP_001243958.1	66.923	130	43	0	1	130	348	477	7.09e-56	182	135	519	96	NP_001243958.1 UDP-glycosyltransferase UGT33K1 precursor [Bombyx mori]
TRINITY_DN20280_c0_g1_i1.p1	NP_001243963.1	59.259	135	55	0	1	135	352	486	3.99e-55	180	135	524	100	NP_001243963.1 UDP-glycosyltransferase UGT340C2 precursor [Bombyx mori]
TRINITY_DN20280_c0_g1_i1.p1	NP_001243961.1	54.074	135	62	0	1	135	336	470	8.42e-48	160	135	504	100	NP_001243961.1 UDP-glycosyltransferase UGT33R1 precursor [Bombyx mori]
TRINITY_DN20280_c0_g1_i1.p1	NP_001243992.1	51.493	134	65	0	1	134	341	474	2.94e-44	151	135	509	99	NP_001243992.1 UDP-glycosyltransferase UGT33R2 precursor [Bombyx mori]
TRINITY_DN20280_c0_g1_i1.p1	NP_001243960.1	47.692	130	68	0	1	130	341	470	1.67e-42	146	135	482	96	NP_001243960.1 UDP-glycosyltransferase UGT33Q1 precursor [Bombyx mori]
TRINITY_DN20280_c0_g1_i1.p1	XP_062529502.1	38.519	135	83	0	1	135	347	481	9.58e-30	112	135	538	100	XP_062529502.1 UDP-glycosyltransferase UGT50A1 isoform X1 [Bombyx mori]
TRINITY_DN20280_c0_g1_i1.p1	XP_037873014.1	38.519	135	83	0	1	135	347	481	9.58e-30	112	135	538	100	XP_037873014.1 UDP-glycosyltransferase UGT50A1 isoform X1 [Bombyx mori]
TRINITY_DN20280_c0_g1_i1.p1	NP_001243994.1	38.519	135	83	0	1	135	349	483	1.09e-29	112	135	540	100	NP_001243994.1 UDP-glycosyltransferase UGT50A1 precursor [Bombyx mori]
TRINITY_DN20280_c0_g1_i1.p1	NP_001182386.1	39.259	135	82	0	1	135	350	484	3.69e-29	110	135	522	100	NP_001182386.1 UDP-glucosyltransferase precursor [Bombyx mori]
TRINITY_DN20280_c0_g1_i1.p1	XP_012550238.1	39.259	135	82	0	1	135	359	493	3.90e-29	110	135	531	100	XP_012550238.1 UDP-glucosyltransferase isoform X1 [Bombyx mori]
TRINITY_DN20280_c0_g1_i1.p1	XP_062525247.1	39.259	135	82	0	1	135	352	486	4.00e-29	110	135	524	100	XP_062525247.1 UDP-glucosyltransferase isoform X2 [Bombyx mori]
TRINITY_DN20280_c0_g1_i1.p1	NP_001243973.1	38.168	131	81	0	5	135	345	475	5.22e-29	110	135	536	97	NP_001243973.1 UDP-glycosyltransferase UGT47A1 precursor [Bombyx mori]
TRINITY_DN20280_c0_g1_i1.p1	NP_001037040.1	39.259	135	82	0	1	135	349	483	2.36e-28	108	135	520	100	NP_001037040.1 phenol UDP-glucosyltransferase precursor [Bombyx mori]
TRINITY_DN20280_c1_g1_i1.p1	NP_001243995.1	68.072	166	48	2	2	166	336	497	8.78e-75	233	170	520	97	NP_001243995.1 UDP-glycosyltransferase UGT33D5 precursor [Bombyx mori]
TRINITY_DN20280_c1_g1_i1.p1	NP_001243978.1	69.565	161	45	1	1	161	336	492	1.28e-74	232	170	521	95	NP_001243978.1 UDP-glucosyltransferase precursor [Bombyx mori]
TRINITY_DN20280_c1_g1_i1.p1	NP_001243956.1	62.941	170	58	1	1	165	331	500	1.28e-73	229	170	515	97	NP_001243956.1 UDP-glycosyltransferase UGT33D3 [Bombyx mori]
TRINITY_DN20280_c1_g1_i1.p1	NP_001040425.1	66.867	166	50	2	2	166	336	497	5.00e-73	228	170	520	97	NP_001040425.1 antennal-enriched UDP-glycosyltransferase precursor [Bombyx mori]
TRINITY_DN20280_c1_g1_i1.p1	NP_001135960.1	62.722	169	59	1	1	169	330	494	6.82e-73	228	170	514	99	NP_001135960.1 uridine diphosphate glucosyltransferase [Bombyx mori]
TRINITY_DN20280_c1_g1_i1.p1	NP_001243957.1	65.294	170	59	0	1	170	331	500	3.00e-70	221	170	515	100	NP_001243957.1 UDP-glycosyltransferase UGT33D6 [Bombyx mori]
TRINITY_DN20280_c1_g1_i1.p1	NP_001243991.1	64.118	170	61	0	1	170	331	500	2.38e-68	216	170	515	100	NP_001243991.1 UDP-glycosyltransferase UGT33D7 precursor [Bombyx mori]
TRINITY_DN20280_c1_g1_i1.p1	NP_001243955.1	69.014	142	44	0	1	142	331	472	9.16e-68	214	170	515	84	NP_001243955.1 UDP-glycosyltransferase UGT33D2 precursor [Bombyx mori]
TRINITY_DN20280_c1_g1_i1.p1	NP_001243959.1	57.500	160	67	1	1	159	333	492	1.16e-65	209	170	516	94	NP_001243959.1 UDP-glycosyltransferase UGT33N1 precursor [Bombyx mori]
TRINITY_DN20280_c1_g1_i1.p1	NP_001243962.1	54.651	172	75	1	2	170	338	509	1.33e-65	209	170	521	99	NP_001243962.1 UDP-glycosyltransferase UGT340C1 precursor [Bombyx mori]
TRINITY_DN20280_c1_g1_i1.p1	NP_001243963.1	54.167	168	77	0	3	170	342	509	4.15e-65	207	170	524	99	NP_001243963.1 UDP-glycosyltransferase UGT340C2 precursor [Bombyx mori]
TRINITY_DN20280_c1_g1_i1.p1	XP_062532682.1	63.571	140	51	0	3	142	338	477	1.50e-59	193	170	519	82	XP_062532682.1 UDP-glycosyltransferase UGT33K1 isoform X1 [Bombyx mori]
TRINITY_DN20280_c1_g1_i1.p1	XP_062532681.1	63.571	140	51	0	3	142	338	477	1.50e-59	193	170	519	82	XP_062532681.1 UDP-glycosyltransferase UGT33K1 isoform X1 [Bombyx mori]
TRINITY_DN20280_c1_g1_i1.p1	NP_001243958.1	63.571	140	51	0	3	142	338	477	1.50e-59	193	170	519	82	NP_001243958.1 UDP-glycosyltransferase UGT33K1 precursor [Bombyx mori]
TRINITY_DN20280_c1_g1_i1.p1	NP_001243961.1	50.323	155	77	0	3	157	326	480	1.22e-51	172	170	504	91	NP_001243961.1 UDP-glycosyltransferase UGT33R1 precursor [Bombyx mori]
TRINITY_DN20280_c1_g1_i1.p1	NP_001243992.1	48.611	144	74	0	3	146	331	474	2.55e-46	158	170	509	85	NP_001243992.1 UDP-glycosyltransferase UGT33R2 precursor [Bombyx mori]
TRINITY_DN20280_c1_g1_i1.p1	NP_001243960.1	44.286	140	78	0	3	142	331	470	4.95e-42	146	170	482	82	NP_001243960.1 UDP-glycosyltransferase UGT33Q1 precursor [Bombyx mori]
TRINITY_DN20280_c1_g1_i1.p1	XP_062529502.1	39.130	161	96	1	4	162	338	498	3.46e-38	137	170	538	94	XP_062529502.1 UDP-glycosyltransferase UGT50A1 isoform X1 [Bombyx mori]
TRINITY_DN20280_c1_g1_i1.p1	XP_037873014.1	39.130	161	96	1	4	162	338	498	3.46e-38	137	170	538	94	XP_037873014.1 UDP-glycosyltransferase UGT50A1 isoform X1 [Bombyx mori]
TRINITY_DN20280_c1_g1_i1.p1	NP_001243994.1	39.130	161	96	1	4	162	340	500	4.75e-38	136	170	540	94	NP_001243994.1 UDP-glycosyltransferase UGT50A1 precursor [Bombyx mori]
TRINITY_DN20280_c1_g1_i1.p1	NP_001243970.1	38.037	163	99	2	3	165	335	495	4.26e-34	125	170	516	96	NP_001243970.1 UDP-glycosyltransferase UGT43B1 precursor [Bombyx mori]
TRINITY_DN20280_c1_g1_i1.p1	NP_001243980.1	35.220	159	103	0	1	159	336	494	1.07e-33	124	170	520	94	NP_001243980.1 UDP-glycosyltransferase UGT39B1 precursor [Bombyx mori]
TRINITY_DN20280_c1_g1_i1.p1	XP_062525518.1	32.544	169	110	1	1	169	321	485	1.75e-33	124	170	509	99	XP_062525518.1 UDP-glycosyltransferase UGT39C1 isoform X2 [Bombyx mori]
TRINITY_DN20280_c1_g1_i1.p1	XP_062525517.1	32.544	169	110	1	1	169	337	501	2.16e-33	124	170	525	99	XP_062525517.1 UDP-glycosyltransferase UGT39C1 isoform X1 [Bombyx mori]
TRINITY_DN20280_c1_g1_i1.p1	NP_001243964.1	32.544	169	110	1	1	169	337	501	2.16e-33	124	170	525	99	NP_001243964.1 UDP-glycosyltransferase UGT39C1 precursor [Bombyx mori]
TRINITY_DN20280_c1_g1_i2.p1	NP_001243978.1	68.944	161	46	1	1	161	336	492	6.00e-74	230	170	521	95	NP_001243978.1 UDP-glucosyltransferase precursor [Bombyx mori]
TRINITY_DN20280_c1_g1_i2.p1	NP_001243995.1	66.265	166	51	2	2	166	336	497	4.30e-73	228	170	520	97	NP_001243995.1 UDP-glycosyltransferase UGT33D5 precursor [Bombyx mori]
TRINITY_DN20280_c1_g1_i2.p1	NP_001243956.1	62.941	170	58	1	1	165	331	500	6.41e-73	228	170	515	97	NP_001243956.1 UDP-glycosyltransferase UGT33D3 [Bombyx mori]
TRINITY_DN20280_c1_g1_i2.p1	NP_001135960.1	62.722	169	59	1	1	169	330	494	1.83e-72	226	170	514	99	NP_001135960.1 uridine diphosphate glucosyltransferase [Bombyx mori]
TRINITY_DN20280_c1_g1_i2.p1	NP_001040425.1	65.060	166	53	2	2	166	336	497	2.31e-71	224	170	520	97	NP_001040425.1 antennal-enriched UDP-glycosyltransferase precursor [Bombyx mori]
TRINITY_DN20280_c1_g1_i2.p1	NP_001243957.1	64.706	170	60	0	1	170	331	500	4.01e-70	220	170	515	100	NP_001243957.1 UDP-glycosyltransferase UGT33D6 [Bombyx mori]
TRINITY_DN20280_c1_g1_i2.p1	NP_001243991.1	63.529	170	62	0	1	170	331	500	2.26e-68	216	170	515	100	NP_001243991.1 UDP-glycosyltransferase UGT33D7 precursor [Bombyx mori]
TRINITY_DN20280_c1_g1_i2.p1	NP_001243955.1	67.606	142	46	0	1	142	331	472	1.43e-66	211	170	515	84	NP_001243955.1 UDP-glycosyltransferase UGT33D2 precursor [Bombyx mori]
TRINITY_DN20280_c1_g1_i2.p1	NP_001243962.1	54.651	172	75	1	2	170	338	509	4.38e-66	210	170	521	99	NP_001243962.1 UDP-glycosyltransferase UGT340C1 precursor [Bombyx mori]
TRINITY_DN20280_c1_g1_i2.p1	NP_001243963.1	54.167	168	77	0	3	170	342	509	1.43e-65	209	170	524	99	NP_001243963.1 UDP-glycosyltransferase UGT340C2 precursor [Bombyx mori]
TRINITY_DN20280_c1_g1_i2.p1	NP_001243959.1	58.125	160	66	1	1	159	333	492	1.71e-65	208	170	516	94	NP_001243959.1 UDP-glycosyltransferase UGT33N1 precursor [Bombyx mori]
TRINITY_DN20280_c1_g1_i2.p1	XP_062532682.1	64.286	140	50	0	3	142	338	477	7.51e-60	194	170	519	82	XP_062532682.1 UDP-glycosyltransferase UGT33K1 isoform X1 [Bombyx mori]
TRINITY_DN20280_c1_g1_i2.p1	XP_062532681.1	64.286	140	50	0	3	142	338	477	7.51e-60	194	170	519	82	XP_062532681.1 UDP-glycosyltransferase UGT33K1 isoform X1 [Bombyx mori]
TRINITY_DN20280_c1_g1_i2.p1	NP_001243958.1	64.286	140	50	0	3	142	338	477	7.51e-60	194	170	519	82	NP_001243958.1 UDP-glycosyltransferase UGT33K1 precursor [Bombyx mori]
TRINITY_DN20280_c1_g1_i2.p1	NP_001243961.1	50.323	155	77	0	3	157	326	480	2.32e-51	171	170	504	91	NP_001243961.1 UDP-glycosyltransferase UGT33R1 precursor [Bombyx mori]
TRINITY_DN20280_c1_g1_i2.p1	NP_001243992.1	48.611	144	74	0	3	146	331	474	4.72e-46	157	170	509	85	NP_001243992.1 UDP-glycosyltransferase UGT33R2 precursor [Bombyx mori]
TRINITY_DN20280_c1_g1_i2.p1	NP_001243960.1	45.000	140	77	0	3	142	331	470	3.73e-43	149	170	482	82	NP_001243960.1 UDP-glycosyltransferase UGT33Q1 precursor [Bombyx mori]
TRINITY_DN20280_c1_g1_i2.p1	XP_062529502.1	37.888	161	98	1	4	162	338	498	3.58e-37	134	170	538	94	XP_062529502.1 UDP-glycosyltransferase UGT50A1 isoform X1 [Bombyx mori]
TRINITY_DN20280_c1_g1_i2.p1	XP_037873014.1	37.888	161	98	1	4	162	338	498	3.58e-37	134	170	538	94	XP_037873014.1 UDP-glycosyltransferase UGT50A1 isoform X1 [Bombyx mori]
TRINITY_DN20280_c1_g1_i2.p1	NP_001243994.1	37.888	161	98	1	4	162	340	500	3.80e-37	134	170	540	94	NP_001243994.1 UDP-glycosyltransferase UGT50A1 precursor [Bombyx mori]
TRINITY_DN20280_c1_g1_i2.p1	XP_062525518.1	33.136	169	109	1	1	169	321	485	1.07e-33	124	170	509	99	XP_062525518.1 UDP-glycosyltransferase UGT39C1 isoform X2 [Bombyx mori]
TRINITY_DN20280_c1_g1_i2.p1	XP_062525517.1	33.136	169	109	1	1	169	337	501	1.25e-33	124	170	525	99	XP_062525517.1 UDP-glycosyltransferase UGT39C1 isoform X1 [Bombyx mori]
TRINITY_DN20280_c1_g1_i2.p1	NP_001243964.1	33.136	169	109	1	1	169	337	501	1.25e-33	124	170	525	99	NP_001243964.1 UDP-glycosyltransferase UGT39C1 precursor [Bombyx mori]
TRINITY_DN20280_c1_g1_i2.p1	NP_001243970.1	38.037	163	99	2	3	165	335	495	2.01e-33	124	170	516	96	NP_001243970.1 UDP-glycosyltransferase UGT43B1 precursor [Bombyx mori]
TRINITY_DN20280_c1_g1_i2.p1	NP_001243980.1	34.591	159	104	0	1	159	336	494	4.53e-33	122	170	520	94	NP_001243980.1 UDP-glycosyltransferase UGT39B1 precursor [Bombyx mori]
TRINITY_DN20280_c1_g1_i3.p1	NP_001243956.1	59.459	185	75	0	1	185	331	515	3.12e-76	237	186	515	99	NP_001243956.1 UDP-glycosyltransferase UGT33D3 [Bombyx mori]
TRINITY_DN20280_c1_g1_i3.p1	NP_001243957.1	63.243	185	68	0	1	185	331	515	2.12e-74	232	186	515	99	NP_001243957.1 UDP-glycosyltransferase UGT33D6 [Bombyx mori]
TRINITY_DN20280_c1_g1_i3.p1	NP_001243995.1	66.667	165	52	1	2	166	336	497	2.41e-74	232	186	520	89	NP_001243995.1 UDP-glycosyltransferase UGT33D5 precursor [Bombyx mori]
TRINITY_DN20280_c1_g1_i3.p1	NP_001135960.1	57.377	183	78	0	1	183	330	512	4.29e-74	231	186	514	98	NP_001135960.1 uridine diphosphate glucosyltransferase [Bombyx mori]
TRINITY_DN20280_c1_g1_i3.p1	NP_001243978.1	68.712	163	49	1	1	161	336	498	1.30e-73	230	186	521	87	NP_001243978.1 UDP-glucosyltransferase precursor [Bombyx mori]
TRINITY_DN20280_c1_g1_i3.p1	NP_001243955.1	62.703	185	69	0	1	185	331	515	6.76e-73	228	186	515	99	NP_001243955.1 UDP-glycosyltransferase UGT33D2 precursor [Bombyx mori]
TRINITY_DN20280_c1_g1_i3.p1	NP_001243991.1	62.162	185	70	0	1	185	331	515	1.18e-72	228	186	515	99	NP_001243991.1 UDP-glycosyltransferase UGT33D7 precursor [Bombyx mori]
TRINITY_DN20280_c1_g1_i3.p1	NP_001040425.1	65.455	165	54	1	2	166	336	497	2.71e-72	227	186	520	89	NP_001040425.1 antennal-enriched UDP-glycosyltransferase precursor [Bombyx mori]
TRINITY_DN20280_c1_g1_i3.p1	NP_001243963.1	53.005	183	86	0	3	185	342	524	3.19e-68	216	186	524	98	NP_001243963.1 UDP-glycosyltransferase UGT340C2 precursor [Bombyx mori]
TRINITY_DN20280_c1_g1_i3.p1	NP_001243959.1	52.174	184	87	1	1	184	333	515	3.82e-67	213	186	516	99	NP_001243959.1 UDP-glycosyltransferase UGT33N1 precursor [Bombyx mori]
TRINITY_DN20280_c1_g1_i3.p1	NP_001243962.1	55.114	176	76	1	2	174	338	513	4.54e-67	213	186	521	93	NP_001243962.1 UDP-glycosyltransferase UGT340C1 precursor [Bombyx mori]
TRINITY_DN20280_c1_g1_i3.p1	XP_062532682.1	55.801	181	79	1	3	183	338	517	4.40e-62	200	186	519	97	XP_062532682.1 UDP-glycosyltransferase UGT33K1 isoform X1 [Bombyx mori]
TRINITY_DN20280_c1_g1_i3.p1	XP_062532681.1	55.801	181	79	1	3	183	338	517	4.40e-62	200	186	519	97	XP_062532681.1 UDP-glycosyltransferase UGT33K1 isoform X1 [Bombyx mori]
TRINITY_DN20280_c1_g1_i3.p1	NP_001243958.1	55.801	181	79	1	3	183	338	517	4.40e-62	200	186	519	97	NP_001243958.1 UDP-glycosyltransferase UGT33K1 precursor [Bombyx mori]
TRINITY_DN20280_c1_g1_i3.p1	NP_001243961.1	49.123	171	84	1	3	173	326	493	4.99e-52	174	186	504	92	NP_001243961.1 UDP-glycosyltransferase UGT33R1 precursor [Bombyx mori]
TRINITY_DN20280_c1_g1_i3.p1	NP_001243992.1	48.611	144	74	0	3	146	331	474	2.26e-46	159	186	509	77	NP_001243992.1 UDP-glycosyltransferase UGT33R2 precursor [Bombyx mori]
TRINITY_DN20280_c1_g1_i3.p1	NP_001243960.1	44.286	140	78	0	3	142	331	470	5.82e-42	147	186	482	75	NP_001243960.1 UDP-glycosyltransferase UGT33Q1 precursor [Bombyx mori]
TRINITY_DN20280_c1_g1_i3.p1	XP_062529502.1	36.813	182	111	2	4	183	338	517	2.87e-37	135	186	538	97	XP_062529502.1 UDP-glycosyltransferase UGT50A1 isoform X1 [Bombyx mori]
TRINITY_DN20280_c1_g1_i3.p1	XP_037873014.1	36.813	182	111	2	4	183	338	517	2.87e-37	135	186	538	97	XP_037873014.1 UDP-glycosyltransferase UGT50A1 isoform X1 [Bombyx mori]
TRINITY_DN20280_c1_g1_i3.p1	NP_001243994.1	36.813	182	111	2	4	183	340	519	3.55e-37	135	186	540	97	NP_001243994.1 UDP-glycosyltransferase UGT50A1 precursor [Bombyx mori]
TRINITY_DN20280_c1_g1_i3.p1	XP_062525518.1	32.418	182	119	1	1	182	321	498	4.32e-36	131	186	509	98	XP_062525518.1 UDP-glycosyltransferase UGT39C1 isoform X2 [Bombyx mori]
TRINITY_DN20280_c1_g1_i3.p1	XP_062525517.1	32.418	182	119	1	1	182	337	514	5.44e-36	131	186	525	98	XP_062525517.1 UDP-glycosyltransferase UGT39C1 isoform X1 [Bombyx mori]
TRINITY_DN20280_c1_g1_i3.p1	NP_001243964.1	32.418	182	119	1	1	182	337	514	5.44e-36	131	186	525	98	NP_001243964.1 UDP-glycosyltransferase UGT39C1 precursor [Bombyx mori]
TRINITY_DN20280_c1_g1_i3.p1	NP_001037040.1	34.118	170	112	0	4	173	340	509	1.06e-33	125	186	520	91	NP_001037040.1 phenol UDP-glucosyltransferase precursor [Bombyx mori]
TRINITY_DN20280_c1_g1_i3.p1	NP_001243980.1	32.967	182	113	2	1	180	336	510	3.99e-33	123	186	520	97	NP_001243980.1 UDP-glycosyltransferase UGT39B1 precursor [Bombyx mori]
TRINITY_DN20280_c1_g1_i5.p1	NP_001243957.1	61.622	185	71	0	1	185	331	515	7.81e-75	233	186	515	99	NP_001243957.1 UDP-glycosyltransferase UGT33D6 [Bombyx mori]
TRINITY_DN20280_c1_g1_i5.p1	NP_001243956.1	57.838	185	78	0	1	185	331	515	1.41e-73	230	186	515	99	NP_001243956.1 UDP-glycosyltransferase UGT33D3 [Bombyx mori]
TRINITY_DN20280_c1_g1_i5.p1	NP_001243991.1	60.541	185	73	0	1	185	331	515	3.55e-73	229	186	515	99	NP_001243991.1 UDP-glycosyltransferase UGT33D7 precursor [Bombyx mori]
TRINITY_DN20280_c1_g1_i5.p1	NP_001135960.1	55.738	183	81	0	1	183	330	512	1.24e-72	228	186	514	98	NP_001135960.1 uridine diphosphate glucosyltransferase [Bombyx mori]
TRINITY_DN20280_c1_g1_i5.p1	NP_001243995.1	64.242	165	56	1	2	166	336	497	4.03e-72	226	186	520	89	NP_001243995.1 UDP-glycosyltransferase UGT33D5 precursor [Bombyx mori]
TRINITY_DN20280_c1_g1_i5.p1	NP_001243955.1	60.541	185	73	0	1	185	331	515	6.08e-72	226	186	515	99	NP_001243955.1 UDP-glycosyltransferase UGT33D2 precursor [Bombyx mori]
TRINITY_DN20280_c1_g1_i5.p1	NP_001243978.1	64.671	167	54	2	1	166	336	498	1.87e-71	225	186	521	89	NP_001243978.1 UDP-glucosyltransferase precursor [Bombyx mori]
TRINITY_DN20280_c1_g1_i5.p1	NP_001040425.1	64.458	166	54	2	2	166	336	497	1.42e-70	223	186	520	89	NP_001040425.1 antennal-enriched UDP-glycosyltransferase precursor [Bombyx mori]
TRINITY_DN20280_c1_g1_i5.p1	NP_001243963.1	53.005	183	86	0	3	185	342	524	7.07e-69	218	186	524	98	NP_001243963.1 UDP-glycosyltransferase UGT340C2 precursor [Bombyx mori]
TRINITY_DN20280_c1_g1_i5.p1	NP_001243959.1	54.348	184	83	1	1	184	333	515	1.19e-68	217	186	516	99	NP_001243959.1 UDP-glycosyltransferase UGT33N1 precursor [Bombyx mori]
TRINITY_DN20280_c1_g1_i5.p1	NP_001243962.1	55.367	177	74	2	2	174	338	513	2.87e-67	214	186	521	93	NP_001243962.1 UDP-glycosyltransferase UGT340C1 precursor [Bombyx mori]
TRINITY_DN20280_c1_g1_i5.p1	XP_062532682.1	55.249	181	80	1	3	183	338	517	3.05e-60	196	186	519	97	XP_062532682.1 UDP-glycosyltransferase UGT33K1 isoform X1 [Bombyx mori]
TRINITY_DN20280_c1_g1_i5.p1	XP_062532681.1	55.249	181	80	1	3	183	338	517	3.05e-60	196	186	519	97	XP_062532681.1 UDP-glycosyltransferase UGT33K1 isoform X1 [Bombyx mori]
TRINITY_DN20280_c1_g1_i5.p1	NP_001243958.1	55.249	181	80	1	3	183	338	517	3.05e-60	196	186	519	97	NP_001243958.1 UDP-glycosyltransferase UGT33K1 precursor [Bombyx mori]
TRINITY_DN20280_c1_g1_i5.p1	NP_001243961.1	48.538	171	85	1	3	173	326	493	4.13e-52	174	186	504	92	NP_001243961.1 UDP-glycosyltransferase UGT33R1 precursor [Bombyx mori]
TRINITY_DN20280_c1_g1_i5.p1	NP_001243992.1	48.936	141	72	0	3	143	331	471	4.01e-46	158	186	509	76	NP_001243992.1 UDP-glycosyltransferase UGT33R2 precursor [Bombyx mori]
TRINITY_DN20280_c1_g1_i5.p1	NP_001243960.1	42.857	140	80	0	3	142	331	470	2.47e-41	145	186	482	75	NP_001243960.1 UDP-glycosyltransferase UGT33Q1 precursor [Bombyx mori]
TRINITY_DN20280_c1_g1_i5.p1	XP_062529502.1	39.506	162	96	1	4	163	338	499	3.98e-38	137	186	538	86	XP_062529502.1 UDP-glycosyltransferase UGT50A1 isoform X1 [Bombyx mori]
TRINITY_DN20280_c1_g1_i5.p1	XP_037873014.1	39.506	162	96	1	4	163	338	499	3.98e-38	137	186	538	86	XP_037873014.1 UDP-glycosyltransferase UGT50A1 isoform X1 [Bombyx mori]
TRINITY_DN20280_c1_g1_i5.p1	NP_001243994.1	39.506	162	96	1	4	163	340	501	4.27e-38	137	186	540	86	NP_001243994.1 UDP-glycosyltransferase UGT50A1 precursor [Bombyx mori]
TRINITY_DN20280_c1_g1_i5.p1	XP_062525518.1	33.516	182	117	1	1	182	321	498	1.42e-36	132	186	509	98	XP_062525518.1 UDP-glycosyltransferase UGT39C1 isoform X2 [Bombyx mori]
TRINITY_DN20280_c1_g1_i5.p1	XP_062525517.1	33.516	182	117	1	1	182	337	514	1.69e-36	132	186	525	98	XP_062525517.1 UDP-glycosyltransferase UGT39C1 isoform X1 [Bombyx mori]
TRINITY_DN20280_c1_g1_i5.p1	NP_001243964.1	33.516	182	117	1	1	182	337	514	1.69e-36	132	186	525	98	NP_001243964.1 UDP-glycosyltransferase UGT39C1 precursor [Bombyx mori]
TRINITY_DN20280_c1_g1_i5.p1	NP_001037040.1	35.294	170	110	0	4	173	340	509	1.06e-34	127	186	520	91	NP_001037040.1 phenol UDP-glucosyltransferase precursor [Bombyx mori]
TRINITY_DN20280_c1_g1_i5.p1	NP_001243980.1	34.066	182	111	2	1	180	336	510	4.72e-34	126	186	520	97	NP_001243980.1 UDP-glycosyltransferase UGT39B1 precursor [Bombyx mori]
TRINITY_DN20280_c1_g1_i6.p1	NP_001243956.1	65.686	102	35	0	1	102	368	469	8.68e-44	148	102	515	100	NP_001243956.1 UDP-glycosyltransferase UGT33D3 [Bombyx mori]
TRINITY_DN20280_c1_g1_i6.p1	NP_001243957.1	65.686	102	35	0	1	102	368	469	1.37e-43	148	102	515	100	NP_001243957.1 UDP-glycosyltransferase UGT33D6 [Bombyx mori]
TRINITY_DN20280_c1_g1_i6.p1	NP_001243978.1	67.647	102	33	0	1	102	373	474	2.74e-43	147	102	521	100	NP_001243978.1 UDP-glucosyltransferase precursor [Bombyx mori]
TRINITY_DN20280_c1_g1_i6.p1	NP_001135960.1	61.765	102	39	0	1	102	367	468	1.67e-42	145	102	514	100	NP_001135960.1 uridine diphosphate glucosyltransferase [Bombyx mori]
TRINITY_DN20280_c1_g1_i6.p1	NP_001243963.1	57.843	102	43	0	1	102	377	478	3.12e-42	144	102	524	100	NP_001243963.1 UDP-glycosyltransferase UGT340C2 precursor [Bombyx mori]
TRINITY_DN20280_c1_g1_i6.p1	NP_001243995.1	64.706	102	36	0	1	102	372	473	5.03e-42	144	102	520	100	NP_001243995.1 UDP-glycosyltransferase UGT33D5 precursor [Bombyx mori]
TRINITY_DN20280_c1_g1_i6.p1	NP_001243955.1	63.725	102	37	0	1	102	368	469	9.28e-42	143	102	515	100	NP_001243955.1 UDP-glycosyltransferase UGT33D2 precursor [Bombyx mori]
TRINITY_DN20280_c1_g1_i6.p1	NP_001243991.1	63.725	102	37	0	1	102	368	469	2.90e-41	142	102	515	100	NP_001243991.1 UDP-glycosyltransferase UGT33D7 precursor [Bombyx mori]
TRINITY_DN20280_c1_g1_i6.p1	NP_001040425.1	63.725	102	37	0	1	102	372	473	3.75e-41	141	102	520	100	NP_001040425.1 antennal-enriched UDP-glycosyltransferase precursor [Bombyx mori]
TRINITY_DN20280_c1_g1_i6.p1	XP_062532682.1	63.366	101	37	0	1	101	373	473	3.94e-40	139	102	519	99	XP_062532682.1 UDP-glycosyltransferase UGT33K1 isoform X1 [Bombyx mori]
TRINITY_DN20280_c1_g1_i6.p1	XP_062532681.1	63.366	101	37	0	1	101	373	473	3.94e-40	139	102	519	99	XP_062532681.1 UDP-glycosyltransferase UGT33K1 isoform X1 [Bombyx mori]
TRINITY_DN20280_c1_g1_i6.p1	NP_001243958.1	63.366	101	37	0	1	101	373	473	3.94e-40	139	102	519	99	NP_001243958.1 UDP-glycosyltransferase UGT33K1 precursor [Bombyx mori]
TRINITY_DN20280_c1_g1_i6.p1	NP_001243962.1	57.843	102	43	0	1	102	374	475	6.48e-40	138	102	521	100	NP_001243962.1 UDP-glycosyltransferase UGT340C1 precursor [Bombyx mori]
TRINITY_DN20280_c1_g1_i6.p1	NP_001243959.1	52.941	102	48	0	1	102	370	471	2.57e-37	131	102	516	100	NP_001243959.1 UDP-glycosyltransferase UGT33N1 precursor [Bombyx mori]
TRINITY_DN20280_c1_g1_i6.p1	NP_001243961.1	50.000	100	50	0	1	100	361	460	7.42e-30	110	102	504	98	NP_001243961.1 UDP-glycosyltransferase UGT33R1 precursor [Bombyx mori]
TRINITY_DN20280_c1_g1_i6.p1	NP_001243960.1	45.098	102	56	0	1	102	366	467	5.27e-29	108	102	482	100	NP_001243960.1 UDP-glycosyltransferase UGT33Q1 precursor [Bombyx mori]
TRINITY_DN20280_c1_g1_i6.p1	NP_001243992.1	47.000	100	53	0	1	100	366	465	6.43e-28	105	102	509	98	NP_001243992.1 UDP-glycosyltransferase UGT33R2 precursor [Bombyx mori]
TRINITY_DN20280_c1_g1_i6.p1	XP_062525518.1	33.333	102	68	0	1	102	358	459	1.23e-19	82.4	102	509	100	XP_062525518.1 UDP-glycosyltransferase UGT39C1 isoform X2 [Bombyx mori]
TRINITY_DN20280_c1_g1_i6.p1	XP_062525517.1	33.333	102	68	0	1	102	374	475	1.38e-19	82.4	102	525	100	XP_062525517.1 UDP-glycosyltransferase UGT39C1 isoform X1 [Bombyx mori]
TRINITY_DN20280_c1_g1_i6.p1	NP_001243964.1	33.333	102	68	0	1	102	374	475	1.38e-19	82.4	102	525	100	NP_001243964.1 UDP-glycosyltransferase UGT39C1 precursor [Bombyx mori]
TRINITY_DN20280_c1_g1_i6.p1	XP_062529502.1	34.343	99	65	0	4	102	375	473	3.05e-19	81.3	102	538	97	XP_062529502.1 UDP-glycosyltransferase UGT50A1 isoform X1 [Bombyx mori]
TRINITY_DN20280_c1_g1_i6.p1	XP_037873014.1	34.343	99	65	0	4	102	375	473	3.05e-19	81.3	102	538	97	XP_037873014.1 UDP-glycosyltransferase UGT50A1 isoform X1 [Bombyx mori]
TRINITY_DN20280_c1_g1_i6.p1	NP_001243994.1	34.343	99	65	0	4	102	377	475	3.61e-19	81.3	102	540	97	NP_001243994.1 UDP-glycosyltransferase UGT50A1 precursor [Bombyx mori]
TRINITY_DN20280_c1_g1_i6.p1	NP_001243970.1	36.364	99	62	1	4	102	373	470	4.41e-19	80.9	102	516	97	NP_001243970.1 UDP-glycosyltransferase UGT43B1 precursor [Bombyx mori]
TRINITY_DN20280_c1_g1_i6.p1	XP_062525425.1	35.484	93	60	0	4	96	301	393	4.31e-17	75.1	102	441	91	XP_062525425.1 UDP-glucosyltransferase 2 [Bombyx mori]
TRINITY_DN21024_c0_g1_i1.p1	XP_021203793.2	90.000	320	32	0	1	320	127	446	0.0	617	323	447	99	XP_021203793.2 beta-1,4-glucuronyltransferase 1 isoform X1 [Bombyx mori]
TRINITY_DN21024_c0_g1_i1.p1	XP_062527639.1	88.353	249	29	0	1	249	127	375	2.42e-168	473	323	393	77	XP_062527639.1 beta-1,4-glucuronyltransferase 1 isoform X2 [Bombyx mori]
TRINITY_DN21024_c0_g1_i1.p1	XP_062528122.1	25.725	276	154	6	1	270	419	649	6.91e-19	87.8	323	716	84	XP_062528122.1 xylosyl- and glucuronyltransferase LARGE1 isoform X1 [Bombyx mori]
TRINITY_DN21024_c0_g1_i1.p1	XP_062528123.1	25.725	276	154	6	1	270	258	488	1.17e-18	87.0	323	555	84	XP_062528123.1 xylosyl- and glucuronyltransferase LARGE2s isoform X2 [Bombyx mori]
TRINITY_DN21024_c0_g1_i1.p1	XP_021205278.1	24.823	282	193	10	3	270	186	462	4.18e-11	63.9	323	506	83	XP_021205278.1 beta-1,4-glucuronyltransferase 1 isoform X2 [Bombyx mori]
TRINITY_DN21024_c0_g1_i1.p1	XP_004928565.1	24.823	282	193	10	3	270	186	462	4.18e-11	63.9	323	506	83	XP_004928565.1 beta-1,4-glucuronyltransferase 1 isoform X2 [Bombyx mori]
TRINITY_DN21024_c0_g1_i1.p1	XP_037871335.1	26.425	193	131	4	98	280	290	481	1.50e-09	59.3	323	530	57	XP_037871335.1 uncharacterized protein LOC105841951 isoform X1 [Bombyx mori]
TRINITY_DN21024_c0_g1_i1.p1	XP_037871336.1	25.455	220	148	5	98	307	290	503	3.74e-08	55.1	323	513	65	XP_037871336.1 uncharacterized protein LOC105841951 isoform X2 [Bombyx mori]
TRINITY_DN21024_c0_g1_i2.p1	XP_062527639.1	88.353	249	29	0	1	249	127	375	1.93e-169	474	265	393	94	XP_062527639.1 beta-1,4-glucuronyltransferase 1 isoform X2 [Bombyx mori]
TRINITY_DN21024_c0_g1_i2.p1	XP_021203793.2	88.400	250	29	0	1	250	127	376	6.49e-169	474	265	447	94	XP_021203793.2 beta-1,4-glucuronyltransferase 1 isoform X1 [Bombyx mori]
TRINITY_DN21024_c0_g1_i2.p1	XP_062528122.1	25.794	252	136	6	1	246	419	625	6.76e-17	80.5	265	716	93	XP_062528122.1 xylosyl- and glucuronyltransferase LARGE1 isoform X1 [Bombyx mori]
TRINITY_DN21024_c0_g1_i2.p1	XP_062528123.1	25.794	252	136	6	1	246	258	464	7.54e-17	80.1	265	555	93	XP_062528123.1 xylosyl- and glucuronyltransferase LARGE2s isoform X2 [Bombyx mori]
TRINITY_DN21024_c0_g1_i2.p1	XP_021205278.1	22.909	275	193	10	3	264	186	454	1.62e-08	55.5	265	506	99	XP_021205278.1 beta-1,4-glucuronyltransferase 1 isoform X2 [Bombyx mori]
TRINITY_DN21024_c0_g1_i2.p1	XP_004928565.1	22.909	275	193	10	3	264	186	454	1.62e-08	55.5	265	506	99	XP_004928565.1 beta-1,4-glucuronyltransferase 1 isoform X2 [Bombyx mori]
TRINITY_DN21024_c0_g1_i2.p1	XP_037871336.1	31.818	110	65	3	98	198	290	398	6.78e-08	53.5	265	513	38	XP_037871336.1 uncharacterized protein LOC105841951 isoform X2 [Bombyx mori]
TRINITY_DN21024_c0_g1_i2.p1	XP_037871335.1	31.818	110	65	3	98	198	290	398	8.48e-08	53.1	265	530	38	XP_037871335.1 uncharacterized protein LOC105841951 isoform X1 [Bombyx mori]
TRINITY_DN2328_c0_g1_i1.p1	XP_012550238.1	56.705	522	215	5	10	527	15	529	0.0	600	528	531	98	XP_012550238.1 UDP-glucosyltransferase isoform X1 [Bombyx mori]
TRINITY_DN2328_c0_g1_i1.p1	XP_062525247.1	56.705	522	215	5	10	527	8	522	0.0	600	528	524	98	XP_062525247.1 UDP-glucosyltransferase isoform X2 [Bombyx mori]
TRINITY_DN2328_c0_g1_i1.p1	NP_001182386.1	56.130	522	218	5	10	527	6	520	0.0	597	528	522	98	NP_001182386.1 UDP-glucosyltransferase precursor [Bombyx mori]
TRINITY_DN2328_c0_g1_i1.p1	XP_037867794.1	54.812	478	212	2	8	485	5	478	0.0	543	528	514	91	XP_037867794.1 UDP-glucosyltransferase isoform X1 [Bombyx mori]
TRINITY_DN2328_c0_g1_i1.p1	XP_012550240.1	54.812	478	212	2	8	485	5	478	0.0	543	528	514	91	XP_012550240.1 UDP-glucosyltransferase isoform X1 [Bombyx mori]
TRINITY_DN2328_c0_g1_i1.p1	NP_001182387.1	54.812	478	212	2	8	485	5	478	0.0	543	528	514	91	NP_001182387.1 UDP-glucosyltransferase precursor [Bombyx mori]
TRINITY_DN2328_c0_g1_i1.p1	XP_012550236.1	53.877	503	222	4	7	508	9	502	0.0	533	528	517	95	XP_012550236.1 UDP-glucosyltransferase protein 3 isoform X1 [Bombyx mori]
TRINITY_DN2328_c0_g1_i1.p1	NP_001037040.1	54.108	499	225	4	11	508	6	501	0.0	526	528	520	94	NP_001037040.1 phenol UDP-glucosyltransferase precursor [Bombyx mori]
TRINITY_DN2328_c0_g1_i1.p1	NP_001243965.1	50.289	519	241	8	14	525	8	516	1.22e-178	513	528	518	97	NP_001243965.1 UDP-glycosyltransferase UGT40B4 precursor [Bombyx mori]
TRINITY_DN2328_c0_g1_i1.p1	XP_037868047.1	50.194	516	244	7	14	523	8	516	1.27e-176	508	528	518	97	XP_037868047.1 UDP-glucosyltransferase 2 [Bombyx mori]
TRINITY_DN2328_c0_g1_i1.p1	NP_001243981.1	49.807	518	245	8	14	525	8	516	1.73e-175	504	528	518	97	NP_001243981.1 UDP-glycosyltransferase UGT40B3 precursor [Bombyx mori]
TRINITY_DN2328_c0_g1_i1.p1	NP_001182390.1	49.225	516	255	5	12	524	7	518	1.09e-172	498	528	519	97	NP_001182390.1 UDP-glucosyltransferase precursor [Bombyx mori]
TRINITY_DN2328_c0_g1_i1.p1	NP_001182388.1	54.525	442	191	3	84	525	10	441	3.85e-170	488	528	443	84	NP_001182388.1 UDP-glucosyltransferase [Bombyx mori]
TRINITY_DN2328_c0_g1_i1.p1	NP_001161187.1	53.261	460	209	3	7	465	8	462	1.87e-168	485	528	462	87	NP_001161187.1 UDP-glucosyltransferase protein 3 [Bombyx mori]
TRINITY_DN2328_c0_g1_i1.p1	XP_021207027.1	57.990	388	162	1	121	508	13	399	1.21e-160	463	528	418	73	XP_021207027.1 phenol UDP-glucosyltransferase isoform X1 [Bombyx mori]
TRINITY_DN2328_c0_g1_i1.p1	XP_062525248.1	49.260	473	234	4	54	524	4	472	5.47e-158	458	528	473	89	XP_062525248.1 UDP-glucosyltransferase isoform X1 [Bombyx mori]
TRINITY_DN2328_c0_g1_i1.p1	NP_001182395.1	47.233	506	262	2	8	513	4	504	2.63e-154	451	528	520	96	NP_001182395.1 UDP-glucosyltransferase precursor [Bombyx mori]
TRINITY_DN2328_c0_g1_i1.p1	XP_062525425.1	49.095	442	214	4	87	525	6	439	5.89e-150	437	528	441	83	XP_062525425.1 UDP-glucosyltransferase 2 [Bombyx mori]
TRINITY_DN2328_c0_g1_i1.p1	NP_001182389.1	44.606	482	263	2	7	487	2	480	9.77e-146	429	528	516	91	NP_001182389.1 UDP-glucosyltransferase precursor [Bombyx mori]
TRINITY_DN2328_c0_g1_i1.p1	XP_062525249.1	48.513	437	209	7	14	444	8	434	4.62e-142	417	528	439	82	XP_062525249.1 UDP-glycosyltransferase UGT40B3 isoform X1 [Bombyx mori]
TRINITY_DN2328_c0_g1_i1.p1	XP_037875539.1	37.132	509	306	6	8	514	7	503	1.10e-105	326	528	518	96	XP_037875539.1 UDP-glycosyltransferase UGT41A1 isoform X1 [Bombyx mori]
TRINITY_DN2328_c0_g1_i1.p1	NP_001243993.1	37.132	509	306	6	8	514	7	503	1.10e-105	326	528	518	96	NP_001243993.1 UDP-glycosyltransferase UGT41A1 precursor [Bombyx mori]
TRINITY_DN2328_c0_g1_i1.p1	NP_001243966.1	36.398	522	318	6	8	527	7	516	7.89e-104	321	528	517	98	NP_001243966.1 UDP-glycosyltransferase UGT41A2 precursor [Bombyx mori]
TRINITY_DN2328_c0_g1_i1.p1	XP_062531495.1	36.398	522	318	6	8	527	7	516	1.26e-103	321	528	517	98	XP_062531495.1 UDP-glycosyltransferase UGT41A2 isoform X1 [Bombyx mori]
TRINITY_DN2328_c0_g1_i1.p1	XP_037875535.1	36.398	522	318	6	8	527	7	516	1.26e-103	321	528	517	98	XP_037875535.1 UDP-glycosyltransferase UGT41A2 isoform X1 [Bombyx mori]
TRINITY_DN2328_c0_g1_i2.p1	XP_012550238.1	56.705	522	215	5	10	527	15	529	0.0	600	528	531	98	XP_012550238.1 UDP-glucosyltransferase isoform X1 [Bombyx mori]
TRINITY_DN2328_c0_g1_i2.p1	XP_062525247.1	56.705	522	215	5	10	527	8	522	0.0	600	528	524	98	XP_062525247.1 UDP-glucosyltransferase isoform X2 [Bombyx mori]
TRINITY_DN2328_c0_g1_i2.p1	NP_001182386.1	56.130	522	218	5	10	527	6	520	0.0	597	528	522	98	NP_001182386.1 UDP-glucosyltransferase precursor [Bombyx mori]
TRINITY_DN2328_c0_g1_i2.p1	XP_037867794.1	54.812	478	212	2	8	485	5	478	0.0	543	528	514	91	XP_037867794.1 UDP-glucosyltransferase isoform X1 [Bombyx mori]
TRINITY_DN2328_c0_g1_i2.p1	XP_012550240.1	54.812	478	212	2	8	485	5	478	0.0	543	528	514	91	XP_012550240.1 UDP-glucosyltransferase isoform X1 [Bombyx mori]
TRINITY_DN2328_c0_g1_i2.p1	NP_001182387.1	54.812	478	212	2	8	485	5	478	0.0	543	528	514	91	NP_001182387.1 UDP-glucosyltransferase precursor [Bombyx mori]
TRINITY_DN2328_c0_g1_i2.p1	XP_012550236.1	53.877	503	222	4	7	508	9	502	0.0	533	528	517	95	XP_012550236.1 UDP-glucosyltransferase protein 3 isoform X1 [Bombyx mori]
TRINITY_DN2328_c0_g1_i2.p1	NP_001037040.1	54.108	499	225	4	11	508	6	501	0.0	526	528	520	94	NP_001037040.1 phenol UDP-glucosyltransferase precursor [Bombyx mori]
TRINITY_DN2328_c0_g1_i2.p1	NP_001243965.1	50.289	519	241	8	14	525	8	516	1.22e-178	513	528	518	97	NP_001243965.1 UDP-glycosyltransferase UGT40B4 precursor [Bombyx mori]
TRINITY_DN2328_c0_g1_i2.p1	XP_037868047.1	50.194	516	244	7	14	523	8	516	1.27e-176	508	528	518	97	XP_037868047.1 UDP-glucosyltransferase 2 [Bombyx mori]
TRINITY_DN2328_c0_g1_i2.p1	NP_001243981.1	49.807	518	245	8	14	525	8	516	1.73e-175	504	528	518	97	NP_001243981.1 UDP-glycosyltransferase UGT40B3 precursor [Bombyx mori]
TRINITY_DN2328_c0_g1_i2.p1	NP_001182390.1	49.225	516	255	5	12	524	7	518	1.09e-172	498	528	519	97	NP_001182390.1 UDP-glucosyltransferase precursor [Bombyx mori]
TRINITY_DN2328_c0_g1_i2.p1	NP_001182388.1	54.525	442	191	3	84	525	10	441	3.85e-170	488	528	443	84	NP_001182388.1 UDP-glucosyltransferase [Bombyx mori]
TRINITY_DN2328_c0_g1_i2.p1	NP_001161187.1	53.261	460	209	3	7	465	8	462	1.87e-168	485	528	462	87	NP_001161187.1 UDP-glucosyltransferase protein 3 [Bombyx mori]
TRINITY_DN2328_c0_g1_i2.p1	XP_021207027.1	57.990	388	162	1	121	508	13	399	1.21e-160	463	528	418	73	XP_021207027.1 phenol UDP-glucosyltransferase isoform X1 [Bombyx mori]
TRINITY_DN2328_c0_g1_i2.p1	XP_062525248.1	49.260	473	234	4	54	524	4	472	5.47e-158	458	528	473	89	XP_062525248.1 UDP-glucosyltransferase isoform X1 [Bombyx mori]
TRINITY_DN2328_c0_g1_i2.p1	NP_001182395.1	47.233	506	262	2	8	513	4	504	2.63e-154	451	528	520	96	NP_001182395.1 UDP-glucosyltransferase precursor [Bombyx mori]
TRINITY_DN2328_c0_g1_i2.p1	XP_062525425.1	49.095	442	214	4	87	525	6	439	5.89e-150	437	528	441	83	XP_062525425.1 UDP-glucosyltransferase 2 [Bombyx mori]
TRINITY_DN2328_c0_g1_i2.p1	NP_001182389.1	44.606	482	263	2	7	487	2	480	9.77e-146	429	528	516	91	NP_001182389.1 UDP-glucosyltransferase precursor [Bombyx mori]
TRINITY_DN2328_c0_g1_i2.p1	XP_062525249.1	48.513	437	209	7	14	444	8	434	4.62e-142	417	528	439	82	XP_062525249.1 UDP-glycosyltransferase UGT40B3 isoform X1 [Bombyx mori]
TRINITY_DN2328_c0_g1_i2.p1	XP_037875539.1	37.132	509	306	6	8	514	7	503	1.10e-105	326	528	518	96	XP_037875539.1 UDP-glycosyltransferase UGT41A1 isoform X1 [Bombyx mori]
TRINITY_DN2328_c0_g1_i2.p1	NP_001243993.1	37.132	509	306	6	8	514	7	503	1.10e-105	326	528	518	96	NP_001243993.1 UDP-glycosyltransferase UGT41A1 precursor [Bombyx mori]
TRINITY_DN2328_c0_g1_i2.p1	NP_001243966.1	36.398	522	318	6	8	527	7	516	7.89e-104	321	528	517	98	NP_001243966.1 UDP-glycosyltransferase UGT41A2 precursor [Bombyx mori]
TRINITY_DN2328_c0_g1_i2.p1	XP_062531495.1	36.398	522	318	6	8	527	7	516	1.26e-103	321	528	517	98	XP_062531495.1 UDP-glycosyltransferase UGT41A2 isoform X1 [Bombyx mori]
TRINITY_DN2328_c0_g1_i2.p1	XP_037875535.1	36.398	522	318	6	8	527	7	516	1.26e-103	321	528	517	98	XP_037875535.1 UDP-glycosyltransferase UGT41A2 isoform X1 [Bombyx mori]
TRINITY_DN2328_c0_g1_i3.p1	XP_012550238.1	56.705	522	215	5	10	527	15	529	0.0	600	528	531	98	XP_012550238.1 UDP-glucosyltransferase isoform X1 [Bombyx mori]
TRINITY_DN2328_c0_g1_i3.p1	XP_062525247.1	56.705	522	215	5	10	527	8	522	0.0	600	528	524	98	XP_062525247.1 UDP-glucosyltransferase isoform X2 [Bombyx mori]
TRINITY_DN2328_c0_g1_i3.p1	NP_001182386.1	56.130	522	218	5	10	527	6	520	0.0	597	528	522	98	NP_001182386.1 UDP-glucosyltransferase precursor [Bombyx mori]
TRINITY_DN2328_c0_g1_i3.p1	XP_037867794.1	54.812	478	212	2	8	485	5	478	0.0	543	528	514	91	XP_037867794.1 UDP-glucosyltransferase isoform X1 [Bombyx mori]
TRINITY_DN2328_c0_g1_i3.p1	XP_012550240.1	54.812	478	212	2	8	485	5	478	0.0	543	528	514	91	XP_012550240.1 UDP-glucosyltransferase isoform X1 [Bombyx mori]
TRINITY_DN2328_c0_g1_i3.p1	NP_001182387.1	54.812	478	212	2	8	485	5	478	0.0	543	528	514	91	NP_001182387.1 UDP-glucosyltransferase precursor [Bombyx mori]
TRINITY_DN2328_c0_g1_i3.p1	XP_012550236.1	53.877	503	222	4	7	508	9	502	0.0	533	528	517	95	XP_012550236.1 UDP-glucosyltransferase protein 3 isoform X1 [Bombyx mori]
TRINITY_DN2328_c0_g1_i3.p1	NP_001037040.1	54.108	499	225	4	11	508	6	501	0.0	526	528	520	94	NP_001037040.1 phenol UDP-glucosyltransferase precursor [Bombyx mori]
TRINITY_DN2328_c0_g1_i3.p1	NP_001243965.1	50.289	519	241	8	14	525	8	516	1.22e-178	513	528	518	97	NP_001243965.1 UDP-glycosyltransferase UGT40B4 precursor [Bombyx mori]
TRINITY_DN2328_c0_g1_i3.p1	XP_037868047.1	50.194	516	244	7	14	523	8	516	1.27e-176	508	528	518	97	XP_037868047.1 UDP-glucosyltransferase 2 [Bombyx mori]
TRINITY_DN2328_c0_g1_i3.p1	NP_001243981.1	49.807	518	245	8	14	525	8	516	1.73e-175	504	528	518	97	NP_001243981.1 UDP-glycosyltransferase UGT40B3 precursor [Bombyx mori]
TRINITY_DN2328_c0_g1_i3.p1	NP_001182390.1	49.225	516	255	5	12	524	7	518	1.09e-172	498	528	519	97	NP_001182390.1 UDP-glucosyltransferase precursor [Bombyx mori]
TRINITY_DN2328_c0_g1_i3.p1	NP_001182388.1	54.525	442	191	3	84	525	10	441	3.85e-170	488	528	443	84	NP_001182388.1 UDP-glucosyltransferase [Bombyx mori]
TRINITY_DN2328_c0_g1_i3.p1	NP_001161187.1	53.261	460	209	3	7	465	8	462	1.87e-168	485	528	462	87	NP_001161187.1 UDP-glucosyltransferase protein 3 [Bombyx mori]
TRINITY_DN2328_c0_g1_i3.p1	XP_021207027.1	57.990	388	162	1	121	508	13	399	1.21e-160	463	528	418	73	XP_021207027.1 phenol UDP-glucosyltransferase isoform X1 [Bombyx mori]
TRINITY_DN2328_c0_g1_i3.p1	XP_062525248.1	49.260	473	234	4	54	524	4	472	5.47e-158	458	528	473	89	XP_062525248.1 UDP-glucosyltransferase isoform X1 [Bombyx mori]
TRINITY_DN2328_c0_g1_i3.p1	NP_001182395.1	47.233	506	262	2	8	513	4	504	2.63e-154	451	528	520	96	NP_001182395.1 UDP-glucosyltransferase precursor [Bombyx mori]
TRINITY_DN2328_c0_g1_i3.p1	XP_062525425.1	49.095	442	214	4	87	525	6	439	5.89e-150	437	528	441	83	XP_062525425.1 UDP-glucosyltransferase 2 [Bombyx mori]
TRINITY_DN2328_c0_g1_i3.p1	NP_001182389.1	44.606	482	263	2	7	487	2	480	9.77e-146	429	528	516	91	NP_001182389.1 UDP-glucosyltransferase precursor [Bombyx mori]
TRINITY_DN2328_c0_g1_i3.p1	XP_062525249.1	48.513	437	209	7	14	444	8	434	4.62e-142	417	528	439	82	XP_062525249.1 UDP-glycosyltransferase UGT40B3 isoform X1 [Bombyx mori]
TRINITY_DN2328_c0_g1_i3.p1	XP_037875539.1	37.132	509	306	6	8	514	7	503	1.10e-105	326	528	518	96	XP_037875539.1 UDP-glycosyltransferase UGT41A1 isoform X1 [Bombyx mori]
TRINITY_DN2328_c0_g1_i3.p1	NP_001243993.1	37.132	509	306	6	8	514	7	503	1.10e-105	326	528	518	96	NP_001243993.1 UDP-glycosyltransferase UGT41A1 precursor [Bombyx mori]
TRINITY_DN2328_c0_g1_i3.p1	NP_001243966.1	36.398	522	318	6	8	527	7	516	7.89e-104	321	528	517	98	NP_001243966.1 UDP-glycosyltransferase UGT41A2 precursor [Bombyx mori]
TRINITY_DN2328_c0_g1_i3.p1	XP_062531495.1	36.398	522	318	6	8	527	7	516	1.26e-103	321	528	517	98	XP_062531495.1 UDP-glycosyltransferase UGT41A2 isoform X1 [Bombyx mori]
TRINITY_DN2328_c0_g1_i3.p1	XP_037875535.1	36.398	522	318	6	8	527	7	516	1.26e-103	321	528	517	98	XP_037875535.1 UDP-glycosyltransferase UGT41A2 isoform X1 [Bombyx mori]
TRINITY_DN2332_c0_g1_i2.p1	XP_062529502.1	75.185	540	129	2	5	544	4	538	0.0	870	545	538	99	XP_062529502.1 UDP-glycosyltransferase UGT50A1 isoform X1 [Bombyx mori]
TRINITY_DN2332_c0_g1_i2.p1	XP_037873014.1	75.185	540	129	2	5	544	4	538	0.0	870	545	538	99	XP_037873014.1 UDP-glycosyltransferase UGT50A1 isoform X1 [Bombyx mori]
TRINITY_DN2332_c0_g1_i2.p1	NP_001243994.1	75.185	540	129	2	5	544	6	540	0.0	870	545	540	99	NP_001243994.1 UDP-glycosyltransferase UGT50A1 precursor [Bombyx mori]
TRINITY_DN2332_c0_g1_i2.p1	NP_001243980.1	29.020	510	325	9	8	497	5	497	1.30e-72	241	545	520	90	NP_001243980.1 UDP-glycosyltransferase UGT39B1 precursor [Bombyx mori]
TRINITY_DN2332_c0_g1_i2.p1	XP_062527289.1	29.167	504	341	6	7	497	5	505	2.05e-69	232	545	527	90	XP_062527289.1 UDP-glycosyltransferase UGT46A2 isoform X1 [Bombyx mori]
TRINITY_DN2332_c0_g1_i2.p1	NP_001243972.1	28.543	508	344	9	4	497	1	503	2.63e-65	221	545	525	91	NP_001243972.1 UDP-glycosyltransferase UGT46A2 precursor [Bombyx mori]
TRINITY_DN2332_c0_g1_i2.p1	NP_001243970.1	29.167	528	309	14	8	497	3	503	3.62e-65	221	545	516	90	NP_001243970.1 UDP-glycosyltransferase UGT43B1 precursor [Bombyx mori]
TRINITY_DN2332_c0_g1_i2.p1	XP_062525518.1	28.190	525	320	10	9	507	7	500	2.88e-62	213	545	509	92	XP_062525518.1 UDP-glycosyltransferase UGT39C1 isoform X2 [Bombyx mori]
TRINITY_DN2332_c0_g1_i2.p1	XP_062525517.1	28.381	525	335	10	9	507	7	516	3.73e-62	213	545	525	92	XP_062525517.1 UDP-glycosyltransferase UGT39C1 isoform X1 [Bombyx mori]
TRINITY_DN2332_c0_g1_i2.p1	NP_001243964.1	28.381	525	335	10	9	507	7	516	3.73e-62	213	545	525	92	NP_001243964.1 UDP-glycosyltransferase UGT39C1 precursor [Bombyx mori]
TRINITY_DN2332_c0_g1_i2.p1	NP_001243973.1	29.019	479	317	12	15	482	9	475	6.70e-62	213	545	536	86	NP_001243973.1 UDP-glycosyltransferase UGT47A1 precursor [Bombyx mori]
TRINITY_DN2332_c0_g1_i2.p1	NP_001243971.1	28.313	498	347	7	8	502	6	496	2.61e-60	208	545	525	91	NP_001243971.1 UDP-glycosyltransferase UGT44A1 [Bombyx mori]
TRINITY_DN2332_c0_g1_i2.p1	NP_001243969.1	27.539	512	339	9	9	508	11	502	2.13e-57	200	545	509	92	NP_001243969.1 UDP-glycosyltransferase UGT42A2 precursor [Bombyx mori]
TRINITY_DN2332_c0_g1_i2.p1	NP_001274756.1	28.601	486	315	9	21	494	17	482	2.39e-57	199	545	508	87	NP_001274756.1 UDP-glucuronosyltransferase 2B14-like precursor [Bombyx mori]
TRINITY_DN2332_c0_g1_i2.p1	NP_001243959.1	28.958	518	346	13	14	520	10	516	1.34e-55	195	545	516	93	NP_001243959.1 UDP-glycosyltransferase UGT33N1 precursor [Bombyx mori]
TRINITY_DN2332_c0_g1_i2.p1	NP_001243956.1	27.976	504	340	10	8	501	6	496	2.77e-55	194	545	515	91	NP_001243956.1 UDP-glycosyltransferase UGT33D3 [Bombyx mori]
TRINITY_DN2332_c0_g1_i2.p1	NP_001243960.1	26.711	453	310	11	34	477	31	470	5.45e-55	192	545	482	81	NP_001243960.1 UDP-glycosyltransferase UGT33Q1 precursor [Bombyx mori]
TRINITY_DN2332_c0_g1_i2.p1	XP_037870428.1	29.077	509	328	14	14	499	8	506	5.71e-55	194	545	521	89	XP_037870428.1 LOW QUALITY PROTEIN: UDP-glucosyltransferase 2 [Bombyx mori]
TRINITY_DN2332_c0_g1_i2.p1	NP_001243968.1	27.800	500	344	11	9	503	9	496	8.15e-55	193	545	512	91	NP_001243968.1 UDP-glycosyltransferase UGT42A1 [Bombyx mori]
TRINITY_DN2332_c0_g1_i2.p1	XP_037867794.1	27.459	488	318	12	8	476	7	477	1.06e-54	192	545	514	86	XP_037867794.1 UDP-glucosyltransferase isoform X1 [Bombyx mori]
TRINITY_DN2332_c0_g1_i2.p1	XP_012550240.1	27.459	488	318	12	8	476	7	477	1.06e-54	192	545	514	86	XP_012550240.1 UDP-glucosyltransferase isoform X1 [Bombyx mori]
TRINITY_DN2332_c0_g1_i2.p1	NP_001182387.1	27.459	488	318	12	8	476	7	477	1.06e-54	192	545	514	86	NP_001182387.1 UDP-glucosyltransferase precursor [Bombyx mori]
TRINITY_DN2332_c0_g1_i2.p1	XP_062525247.1	27.037	540	352	16	1	519	1	519	1.48e-54	192	545	524	95	XP_062525247.1 UDP-glucosyltransferase isoform X2 [Bombyx mori]
TRINITY_DN2332_c0_g1_i2.p1	XP_012550238.1	27.037	540	352	16	1	519	8	526	1.48e-54	192	545	531	95	XP_012550238.1 UDP-glucosyltransferase isoform X1 [Bombyx mori]
TRINITY_DN2332_c0_g1_i2.p1	NP_001182386.1	27.017	533	347	16	8	519	6	517	4.43e-54	191	545	522	94	NP_001182386.1 UDP-glucosyltransferase precursor [Bombyx mori]
TRINITY_DN2332_c0_g1_i3.p1	XP_062529502.1	75.185	540	129	2	5	544	4	538	0.0	870	545	538	99	XP_062529502.1 UDP-glycosyltransferase UGT50A1 isoform X1 [Bombyx mori]
TRINITY_DN2332_c0_g1_i3.p1	XP_037873014.1	75.185	540	129	2	5	544	4	538	0.0	870	545	538	99	XP_037873014.1 UDP-glycosyltransferase UGT50A1 isoform X1 [Bombyx mori]
TRINITY_DN2332_c0_g1_i3.p1	NP_001243994.1	75.185	540	129	2	5	544	6	540	0.0	870	545	540	99	NP_001243994.1 UDP-glycosyltransferase UGT50A1 precursor [Bombyx mori]
TRINITY_DN2332_c0_g1_i3.p1	NP_001243980.1	29.020	510	325	9	8	497	5	497	1.30e-72	241	545	520	90	NP_001243980.1 UDP-glycosyltransferase UGT39B1 precursor [Bombyx mori]
TRINITY_DN2332_c0_g1_i3.p1	XP_062527289.1	29.167	504	341	6	7	497	5	505	2.05e-69	232	545	527	90	XP_062527289.1 UDP-glycosyltransferase UGT46A2 isoform X1 [Bombyx mori]
TRINITY_DN2332_c0_g1_i3.p1	NP_001243972.1	28.543	508	344	9	4	497	1	503	2.63e-65	221	545	525	91	NP_001243972.1 UDP-glycosyltransferase UGT46A2 precursor [Bombyx mori]
TRINITY_DN2332_c0_g1_i3.p1	NP_001243970.1	29.167	528	309	14	8	497	3	503	3.62e-65	221	545	516	90	NP_001243970.1 UDP-glycosyltransferase UGT43B1 precursor [Bombyx mori]
TRINITY_DN2332_c0_g1_i3.p1	XP_062525518.1	28.190	525	320	10	9	507	7	500	2.88e-62	213	545	509	92	XP_062525518.1 UDP-glycosyltransferase UGT39C1 isoform X2 [Bombyx mori]
TRINITY_DN2332_c0_g1_i3.p1	XP_062525517.1	28.381	525	335	10	9	507	7	516	3.73e-62	213	545	525	92	XP_062525517.1 UDP-glycosyltransferase UGT39C1 isoform X1 [Bombyx mori]
TRINITY_DN2332_c0_g1_i3.p1	NP_001243964.1	28.381	525	335	10	9	507	7	516	3.73e-62	213	545	525	92	NP_001243964.1 UDP-glycosyltransferase UGT39C1 precursor [Bombyx mori]
TRINITY_DN2332_c0_g1_i3.p1	NP_001243973.1	29.019	479	317	12	15	482	9	475	6.70e-62	213	545	536	86	NP_001243973.1 UDP-glycosyltransferase UGT47A1 precursor [Bombyx mori]
TRINITY_DN2332_c0_g1_i3.p1	NP_001243971.1	28.313	498	347	7	8	502	6	496	2.61e-60	208	545	525	91	NP_001243971.1 UDP-glycosyltransferase UGT44A1 [Bombyx mori]
TRINITY_DN2332_c0_g1_i3.p1	NP_001243969.1	27.539	512	339	9	9	508	11	502	2.13e-57	200	545	509	92	NP_001243969.1 UDP-glycosyltransferase UGT42A2 precursor [Bombyx mori]
TRINITY_DN2332_c0_g1_i3.p1	NP_001274756.1	28.601	486	315	9	21	494	17	482	2.39e-57	199	545	508	87	NP_001274756.1 UDP-glucuronosyltransferase 2B14-like precursor [Bombyx mori]
TRINITY_DN2332_c0_g1_i3.p1	NP_001243959.1	28.958	518	346	13	14	520	10	516	1.34e-55	195	545	516	93	NP_001243959.1 UDP-glycosyltransferase UGT33N1 precursor [Bombyx mori]
TRINITY_DN2332_c0_g1_i3.p1	NP_001243956.1	27.976	504	340	10	8	501	6	496	2.77e-55	194	545	515	91	NP_001243956.1 UDP-glycosyltransferase UGT33D3 [Bombyx mori]
TRINITY_DN2332_c0_g1_i3.p1	NP_001243960.1	26.711	453	310	11	34	477	31	470	5.45e-55	192	545	482	81	NP_001243960.1 UDP-glycosyltransferase UGT33Q1 precursor [Bombyx mori]
TRINITY_DN2332_c0_g1_i3.p1	XP_037870428.1	29.077	509	328	14	14	499	8	506	5.71e-55	194	545	521	89	XP_037870428.1 LOW QUALITY PROTEIN: UDP-glucosyltransferase 2 [Bombyx mori]
TRINITY_DN2332_c0_g1_i3.p1	NP_001243968.1	27.800	500	344	11	9	503	9	496	8.15e-55	193	545	512	91	NP_001243968.1 UDP-glycosyltransferase UGT42A1 [Bombyx mori]
TRINITY_DN2332_c0_g1_i3.p1	XP_037867794.1	27.459	488	318	12	8	476	7	477	1.06e-54	192	545	514	86	XP_037867794.1 UDP-glucosyltransferase isoform X1 [Bombyx mori]
TRINITY_DN2332_c0_g1_i3.p1	XP_012550240.1	27.459	488	318	12	8	476	7	477	1.06e-54	192	545	514	86	XP_012550240.1 UDP-glucosyltransferase isoform X1 [Bombyx mori]
TRINITY_DN2332_c0_g1_i3.p1	NP_001182387.1	27.459	488	318	12	8	476	7	477	1.06e-54	192	545	514	86	NP_001182387.1 UDP-glucosyltransferase precursor [Bombyx mori]
TRINITY_DN2332_c0_g1_i3.p1	XP_062525247.1	27.037	540	352	16	1	519	1	519	1.48e-54	192	545	524	95	XP_062525247.1 UDP-glucosyltransferase isoform X2 [Bombyx mori]
TRINITY_DN2332_c0_g1_i3.p1	XP_012550238.1	27.037	540	352	16	1	519	8	526	1.48e-54	192	545	531	95	XP_012550238.1 UDP-glucosyltransferase isoform X1 [Bombyx mori]
TRINITY_DN2332_c0_g1_i3.p1	NP_001182386.1	27.017	533	347	16	8	519	6	517	4.43e-54	191	545	522	94	NP_001182386.1 UDP-glucosyltransferase precursor [Bombyx mori]
TRINITY_DN2332_c0_g1_i4.p1	XP_062529502.1	75.185	540	129	2	5	544	4	538	0.0	870	545	538	99	XP_062529502.1 UDP-glycosyltransferase UGT50A1 isoform X1 [Bombyx mori]
TRINITY_DN2332_c0_g1_i4.p1	XP_037873014.1	75.185	540	129	2	5	544	4	538	0.0	870	545	538	99	XP_037873014.1 UDP-glycosyltransferase UGT50A1 isoform X1 [Bombyx mori]
TRINITY_DN2332_c0_g1_i4.p1	NP_001243994.1	75.185	540	129	2	5	544	6	540	0.0	870	545	540	99	NP_001243994.1 UDP-glycosyltransferase UGT50A1 precursor [Bombyx mori]
TRINITY_DN2332_c0_g1_i4.p1	NP_001243980.1	29.020	510	325	9	8	497	5	497	1.30e-72	241	545	520	90	NP_001243980.1 UDP-glycosyltransferase UGT39B1 precursor [Bombyx mori]
TRINITY_DN2332_c0_g1_i4.p1	XP_062527289.1	29.167	504	341	6	7	497	5	505	2.05e-69	232	545	527	90	XP_062527289.1 UDP-glycosyltransferase UGT46A2 isoform X1 [Bombyx mori]
TRINITY_DN2332_c0_g1_i4.p1	NP_001243972.1	28.543	508	344	9	4	497	1	503	2.63e-65	221	545	525	91	NP_001243972.1 UDP-glycosyltransferase UGT46A2 precursor [Bombyx mori]
TRINITY_DN2332_c0_g1_i4.p1	NP_001243970.1	29.167	528	309	14	8	497	3	503	3.62e-65	221	545	516	90	NP_001243970.1 UDP-glycosyltransferase UGT43B1 precursor [Bombyx mori]
TRINITY_DN2332_c0_g1_i4.p1	XP_062525518.1	28.190	525	320	10	9	507	7	500	2.88e-62	213	545	509	92	XP_062525518.1 UDP-glycosyltransferase UGT39C1 isoform X2 [Bombyx mori]
TRINITY_DN2332_c0_g1_i4.p1	XP_062525517.1	28.381	525	335	10	9	507	7	516	3.73e-62	213	545	525	92	XP_062525517.1 UDP-glycosyltransferase UGT39C1 isoform X1 [Bombyx mori]
TRINITY_DN2332_c0_g1_i4.p1	NP_001243964.1	28.381	525	335	10	9	507	7	516	3.73e-62	213	545	525	92	NP_001243964.1 UDP-glycosyltransferase UGT39C1 precursor [Bombyx mori]
TRINITY_DN2332_c0_g1_i4.p1	NP_001243973.1	29.019	479	317	12	15	482	9	475	6.70e-62	213	545	536	86	NP_001243973.1 UDP-glycosyltransferase UGT47A1 precursor [Bombyx mori]
TRINITY_DN2332_c0_g1_i4.p1	NP_001243971.1	28.313	498	347	7	8	502	6	496	2.61e-60	208	545	525	91	NP_001243971.1 UDP-glycosyltransferase UGT44A1 [Bombyx mori]
TRINITY_DN2332_c0_g1_i4.p1	NP_001243969.1	27.539	512	339	9	9	508	11	502	2.13e-57	200	545	509	92	NP_001243969.1 UDP-glycosyltransferase UGT42A2 precursor [Bombyx mori]
TRINITY_DN2332_c0_g1_i4.p1	NP_001274756.1	28.601	486	315	9	21	494	17	482	2.39e-57	199	545	508	87	NP_001274756.1 UDP-glucuronosyltransferase 2B14-like precursor [Bombyx mori]
TRINITY_DN2332_c0_g1_i4.p1	NP_001243959.1	28.958	518	346	13	14	520	10	516	1.34e-55	195	545	516	93	NP_001243959.1 UDP-glycosyltransferase UGT33N1 precursor [Bombyx mori]
TRINITY_DN2332_c0_g1_i4.p1	NP_001243956.1	27.976	504	340	10	8	501	6	496	2.77e-55	194	545	515	91	NP_001243956.1 UDP-glycosyltransferase UGT33D3 [Bombyx mori]
TRINITY_DN2332_c0_g1_i4.p1	NP_001243960.1	26.711	453	310	11	34	477	31	470	5.45e-55	192	545	482	81	NP_001243960.1 UDP-glycosyltransferase UGT33Q1 precursor [Bombyx mori]
TRINITY_DN2332_c0_g1_i4.p1	XP_037870428.1	29.077	509	328	14	14	499	8	506	5.71e-55	194	545	521	89	XP_037870428.1 LOW QUALITY PROTEIN: UDP-glucosyltransferase 2 [Bombyx mori]
TRINITY_DN2332_c0_g1_i4.p1	NP_001243968.1	27.800	500	344	11	9	503	9	496	8.15e-55	193	545	512	91	NP_001243968.1 UDP-glycosyltransferase UGT42A1 [Bombyx mori]
TRINITY_DN2332_c0_g1_i4.p1	XP_037867794.1	27.459	488	318	12	8	476	7	477	1.06e-54	192	545	514	86	XP_037867794.1 UDP-glucosyltransferase isoform X1 [Bombyx mori]
TRINITY_DN2332_c0_g1_i4.p1	XP_012550240.1	27.459	488	318	12	8	476	7	477	1.06e-54	192	545	514	86	XP_012550240.1 UDP-glucosyltransferase isoform X1 [Bombyx mori]
TRINITY_DN2332_c0_g1_i4.p1	NP_001182387.1	27.459	488	318	12	8	476	7	477	1.06e-54	192	545	514	86	NP_001182387.1 UDP-glucosyltransferase precursor [Bombyx mori]
TRINITY_DN2332_c0_g1_i4.p1	XP_062525247.1	27.037	540	352	16	1	519	1	519	1.48e-54	192	545	524	95	XP_062525247.1 UDP-glucosyltransferase isoform X2 [Bombyx mori]
TRINITY_DN2332_c0_g1_i4.p1	XP_012550238.1	27.037	540	352	16	1	519	8	526	1.48e-54	192	545	531	95	XP_012550238.1 UDP-glucosyltransferase isoform X1 [Bombyx mori]
TRINITY_DN2332_c0_g1_i4.p1	NP_001182386.1	27.017	533	347	16	8	519	6	517	4.43e-54	191	545	522	94	NP_001182386.1 UDP-glucosyltransferase precursor [Bombyx mori]
TRINITY_DN243_c0_g1_i5.p1	NP_001274756.1	69.263	475	146	0	15	489	11	485	0.0	707	518	508	92	NP_001274756.1 UDP-glucuronosyltransferase 2B14-like precursor [Bombyx mori]
TRINITY_DN243_c0_g1_i5.p1	NP_001243968.1	56.641	512	222	0	1	512	1	512	0.0	615	518	512	99	NP_001243968.1 UDP-glycosyltransferase UGT42A1 [Bombyx mori]
TRINITY_DN243_c0_g1_i5.p1	XP_062529504.1	71.216	403	116	0	15	417	11	413	0.0	615	518	432	78	XP_062529504.1 UDP-glucuronosyltransferase 2B14-like isoform X1 [Bombyx mori]
TRINITY_DN243_c0_g1_i5.p1	NP_001243969.1	58.531	463	192	0	19	481	21	483	0.0	578	518	509	89	NP_001243969.1 UDP-glycosyltransferase UGT42A2 precursor [Bombyx mori]
TRINITY_DN243_c0_g1_i5.p1	XP_062529505.1	70.107	281	84	0	209	489	86	366	3.81e-150	435	518	389	69	XP_062529505.1 UDP-glucuronosyltransferase 2B14-like isoform X2 [Bombyx mori]
TRINITY_DN243_c0_g1_i5.p1	XP_062529505.1	73.684	76	20	0	15	90	11	86	6.57e-31	124	518	389	69	XP_062529505.1 UDP-glucuronosyltransferase 2B14-like isoform X2 [Bombyx mori]
TRINITY_DN243_c0_g1_i5.p1	NP_001243970.1	36.673	499	298	7	8	493	4	497	8.24e-117	354	518	516	94	NP_001243970.1 UDP-glycosyltransferase UGT43B1 precursor [Bombyx mori]
TRINITY_DN243_c0_g1_i5.p1	NP_001243971.1	37.702	496	301	6	2	492	3	495	1.55e-114	349	518	525	95	NP_001243971.1 UDP-glycosyltransferase UGT44A1 [Bombyx mori]
TRINITY_DN243_c0_g1_i5.p1	XP_062527289.1	34.351	524	301	11	12	501	10	524	1.34e-97	305	518	527	95	XP_062527289.1 UDP-glycosyltransferase UGT46A2 isoform X1 [Bombyx mori]
TRINITY_DN243_c0_g1_i5.p1	NP_001243972.1	35.238	525	304	13	8	501	3	522	4.29e-97	304	518	525	95	NP_001243972.1 UDP-glycosyltransferase UGT46A2 precursor [Bombyx mori]
TRINITY_DN243_c0_g1_i5.p1	NP_001243980.1	33.401	494	305	8	12	485	9	498	1.35e-82	266	518	520	92	NP_001243980.1 UDP-glycosyltransferase UGT39B1 precursor [Bombyx mori]
TRINITY_DN243_c0_g1_i5.p1	XP_037870428.1	31.138	501	318	8	12	488	6	503	2.00e-80	260	518	521	92	XP_037870428.1 LOW QUALITY PROTEIN: UDP-glucosyltransferase 2 [Bombyx mori]
TRINITY_DN243_c0_g1_i5.p1	NP_001243973.1	29.550	511	349	6	12	512	6	515	7.57e-77	251	518	536	97	NP_001243973.1 UDP-glycosyltransferase UGT47A1 precursor [Bombyx mori]
TRINITY_DN243_c0_g1_i5.p1	XP_062525518.1	30.273	512	333	8	9	512	6	501	5.98e-73	240	518	509	97	XP_062525518.1 UDP-glycosyltransferase UGT39C1 isoform X2 [Bombyx mori]
TRINITY_DN243_c0_g1_i5.p1	XP_062525517.1	29.594	517	346	7	9	512	6	517	7.15e-72	238	518	525	97	XP_062525517.1 UDP-glycosyltransferase UGT39C1 isoform X1 [Bombyx mori]
TRINITY_DN243_c0_g1_i5.p1	NP_001243964.1	29.594	517	346	7	9	512	6	517	7.15e-72	238	518	525	97	NP_001243964.1 UDP-glycosyltransferase UGT39C1 precursor [Bombyx mori]
TRINITY_DN243_c0_g1_i5.p1	NP_001243956.1	30.126	478	325	5	24	493	20	496	1.03e-70	234	518	515	91	NP_001243956.1 UDP-glycosyltransferase UGT33D3 [Bombyx mori]
TRINITY_DN243_c0_g1_i5.p1	NP_001040425.1	30.677	502	311	12	24	502	22	509	5.15e-70	233	518	520	92	NP_001040425.1 antennal-enriched UDP-glycosyltransferase precursor [Bombyx mori]
TRINITY_DN243_c0_g1_i5.p1	NP_001243995.1	30.200	500	316	11	24	502	22	509	1.01e-68	229	518	520	92	NP_001243995.1 UDP-glycosyltransferase UGT33D5 precursor [Bombyx mori]
TRINITY_DN243_c0_g1_i5.p1	NP_001243991.1	29.541	501	340	6	1	493	1	496	3.53e-68	228	518	515	95	NP_001243991.1 UDP-glycosyltransferase UGT33D7 precursor [Bombyx mori]
TRINITY_DN243_c0_g1_i5.p1	NP_001135960.1	28.049	492	341	6	12	493	7	495	5.89e-68	227	518	514	93	NP_001135960.1 uridine diphosphate glucosyltransferase [Bombyx mori]
TRINITY_DN243_c0_g1_i5.p1	XP_037868047.1	30.639	532	319	17	9	509	5	517	1.31e-64	219	518	518	97	XP_037868047.1 UDP-glucosyltransferase 2 [Bombyx mori]
TRINITY_DN243_c0_g1_i5.p1	NP_001243957.1	29.039	489	338	5	13	493	9	496	2.42e-64	218	518	515	93	NP_001243957.1 UDP-glycosyltransferase UGT33D6 [Bombyx mori]
TRINITY_DN243_c0_g1_i5.p1	NP_001243978.1	28.462	520	337	11	5	502	4	510	3.01e-64	218	518	521	96	NP_001243978.1 UDP-glucosyltransferase precursor [Bombyx mori]
TRINITY_DN243_c0_g1_i5.p1	NP_001243981.1	32.054	521	310	18	9	500	5	510	7.67e-64	216	518	518	95	NP_001243981.1 UDP-glycosyltransferase UGT40B3 precursor [Bombyx mori]
TRINITY_DN243_c0_g1_i5.p1	NP_001243965.1	31.537	501	297	18	7	477	3	487	8.61e-63	214	518	518	91	NP_001243965.1 UDP-glycosyltransferase UGT40B4 precursor [Bombyx mori]
TRINITY_DN243_c0_g1_i6.p1	NP_001274756.1	69.263	475	146	0	15	489	11	485	0.0	707	518	508	92	NP_001274756.1 UDP-glucuronosyltransferase 2B14-like precursor [Bombyx mori]
TRINITY_DN243_c0_g1_i6.p1	NP_001243968.1	56.641	512	222	0	1	512	1	512	0.0	615	518	512	99	NP_001243968.1 UDP-glycosyltransferase UGT42A1 [Bombyx mori]
TRINITY_DN243_c0_g1_i6.p1	XP_062529504.1	71.216	403	116	0	15	417	11	413	0.0	615	518	432	78	XP_062529504.1 UDP-glucuronosyltransferase 2B14-like isoform X1 [Bombyx mori]
TRINITY_DN243_c0_g1_i6.p1	NP_001243969.1	58.531	463	192	0	19	481	21	483	0.0	578	518	509	89	NP_001243969.1 UDP-glycosyltransferase UGT42A2 precursor [Bombyx mori]
TRINITY_DN243_c0_g1_i6.p1	XP_062529505.1	70.107	281	84	0	209	489	86	366	3.81e-150	435	518	389	69	XP_062529505.1 UDP-glucuronosyltransferase 2B14-like isoform X2 [Bombyx mori]
TRINITY_DN243_c0_g1_i6.p1	XP_062529505.1	73.684	76	20	0	15	90	11	86	6.57e-31	124	518	389	69	XP_062529505.1 UDP-glucuronosyltransferase 2B14-like isoform X2 [Bombyx mori]
TRINITY_DN243_c0_g1_i6.p1	NP_001243970.1	36.673	499	298	7	8	493	4	497	8.24e-117	354	518	516	94	NP_001243970.1 UDP-glycosyltransferase UGT43B1 precursor [Bombyx mori]
TRINITY_DN243_c0_g1_i6.p1	NP_001243971.1	37.702	496	301	6	2	492	3	495	1.55e-114	349	518	525	95	NP_001243971.1 UDP-glycosyltransferase UGT44A1 [Bombyx mori]
TRINITY_DN243_c0_g1_i6.p1	XP_062527289.1	34.351	524	301	11	12	501	10	524	1.34e-97	305	518	527	95	XP_062527289.1 UDP-glycosyltransferase UGT46A2 isoform X1 [Bombyx mori]
TRINITY_DN243_c0_g1_i6.p1	NP_001243972.1	35.238	525	304	13	8	501	3	522	4.29e-97	304	518	525	95	NP_001243972.1 UDP-glycosyltransferase UGT46A2 precursor [Bombyx mori]
TRINITY_DN243_c0_g1_i6.p1	NP_001243980.1	33.401	494	305	8	12	485	9	498	1.35e-82	266	518	520	92	NP_001243980.1 UDP-glycosyltransferase UGT39B1 precursor [Bombyx mori]
TRINITY_DN243_c0_g1_i6.p1	XP_037870428.1	31.138	501	318	8	12	488	6	503	2.00e-80	260	518	521	92	XP_037870428.1 LOW QUALITY PROTEIN: UDP-glucosyltransferase 2 [Bombyx mori]
TRINITY_DN243_c0_g1_i6.p1	NP_001243973.1	29.550	511	349	6	12	512	6	515	7.57e-77	251	518	536	97	NP_001243973.1 UDP-glycosyltransferase UGT47A1 precursor [Bombyx mori]
TRINITY_DN243_c0_g1_i6.p1	XP_062525518.1	30.273	512	333	8	9	512	6	501	5.98e-73	240	518	509	97	XP_062525518.1 UDP-glycosyltransferase UGT39C1 isoform X2 [Bombyx mori]
TRINITY_DN243_c0_g1_i6.p1	XP_062525517.1	29.594	517	346	7	9	512	6	517	7.15e-72	238	518	525	97	XP_062525517.1 UDP-glycosyltransferase UGT39C1 isoform X1 [Bombyx mori]
TRINITY_DN243_c0_g1_i6.p1	NP_001243964.1	29.594	517	346	7	9	512	6	517	7.15e-72	238	518	525	97	NP_001243964.1 UDP-glycosyltransferase UGT39C1 precursor [Bombyx mori]
TRINITY_DN243_c0_g1_i6.p1	NP_001243956.1	30.126	478	325	5	24	493	20	496	1.03e-70	234	518	515	91	NP_001243956.1 UDP-glycosyltransferase UGT33D3 [Bombyx mori]
TRINITY_DN243_c0_g1_i6.p1	NP_001040425.1	30.677	502	311	12	24	502	22	509	5.15e-70	233	518	520	92	NP_001040425.1 antennal-enriched UDP-glycosyltransferase precursor [Bombyx mori]
TRINITY_DN243_c0_g1_i6.p1	NP_001243995.1	30.200	500	316	11	24	502	22	509	1.01e-68	229	518	520	92	NP_001243995.1 UDP-glycosyltransferase UGT33D5 precursor [Bombyx mori]
TRINITY_DN243_c0_g1_i6.p1	NP_001243991.1	29.541	501	340	6	1	493	1	496	3.53e-68	228	518	515	95	NP_001243991.1 UDP-glycosyltransferase UGT33D7 precursor [Bombyx mori]
TRINITY_DN243_c0_g1_i6.p1	NP_001135960.1	28.049	492	341	6	12	493	7	495	5.89e-68	227	518	514	93	NP_001135960.1 uridine diphosphate glucosyltransferase [Bombyx mori]
TRINITY_DN243_c0_g1_i6.p1	XP_037868047.1	30.639	532	319	17	9	509	5	517	1.31e-64	219	518	518	97	XP_037868047.1 UDP-glucosyltransferase 2 [Bombyx mori]
TRINITY_DN243_c0_g1_i6.p1	NP_001243957.1	29.039	489	338	5	13	493	9	496	2.42e-64	218	518	515	93	NP_001243957.1 UDP-glycosyltransferase UGT33D6 [Bombyx mori]
TRINITY_DN243_c0_g1_i6.p1	NP_001243978.1	28.462	520	337	11	5	502	4	510	3.01e-64	218	518	521	96	NP_001243978.1 UDP-glucosyltransferase precursor [Bombyx mori]
TRINITY_DN243_c0_g1_i6.p1	NP_001243981.1	32.054	521	310	18	9	500	5	510	7.67e-64	216	518	518	95	NP_001243981.1 UDP-glycosyltransferase UGT40B3 precursor [Bombyx mori]
TRINITY_DN243_c0_g1_i6.p1	NP_001243965.1	31.537	501	297	18	7	477	3	487	8.61e-63	214	518	518	91	NP_001243965.1 UDP-glycosyltransferase UGT40B4 precursor [Bombyx mori]
TRINITY_DN243_c0_g1_i8.p1	NP_001274756.1	69.263	475	146	0	15	489	11	485	0.0	707	518	508	92	NP_001274756.1 UDP-glucuronosyltransferase 2B14-like precursor [Bombyx mori]
TRINITY_DN243_c0_g1_i8.p1	NP_001243968.1	56.641	512	222	0	1	512	1	512	0.0	615	518	512	99	NP_001243968.1 UDP-glycosyltransferase UGT42A1 [Bombyx mori]
TRINITY_DN243_c0_g1_i8.p1	XP_062529504.1	71.216	403	116	0	15	417	11	413	0.0	615	518	432	78	XP_062529504.1 UDP-glucuronosyltransferase 2B14-like isoform X1 [Bombyx mori]
TRINITY_DN243_c0_g1_i8.p1	NP_001243969.1	58.531	463	192	0	19	481	21	483	0.0	578	518	509	89	NP_001243969.1 UDP-glycosyltransferase UGT42A2 precursor [Bombyx mori]
TRINITY_DN243_c0_g1_i8.p1	XP_062529505.1	70.107	281	84	0	209	489	86	366	3.81e-150	435	518	389	69	XP_062529505.1 UDP-glucuronosyltransferase 2B14-like isoform X2 [Bombyx mori]
TRINITY_DN243_c0_g1_i8.p1	XP_062529505.1	73.684	76	20	0	15	90	11	86	6.57e-31	124	518	389	69	XP_062529505.1 UDP-glucuronosyltransferase 2B14-like isoform X2 [Bombyx mori]
TRINITY_DN243_c0_g1_i8.p1	NP_001243970.1	36.673	499	298	7	8	493	4	497	8.24e-117	354	518	516	94	NP_001243970.1 UDP-glycosyltransferase UGT43B1 precursor [Bombyx mori]
TRINITY_DN243_c0_g1_i8.p1	NP_001243971.1	37.702	496	301	6	2	492	3	495	1.55e-114	349	518	525	95	NP_001243971.1 UDP-glycosyltransferase UGT44A1 [Bombyx mori]
TRINITY_DN243_c0_g1_i8.p1	XP_062527289.1	34.351	524	301	11	12	501	10	524	1.34e-97	305	518	527	95	XP_062527289.1 UDP-glycosyltransferase UGT46A2 isoform X1 [Bombyx mori]
TRINITY_DN243_c0_g1_i8.p1	NP_001243972.1	35.238	525	304	13	8	501	3	522	4.29e-97	304	518	525	95	NP_001243972.1 UDP-glycosyltransferase UGT46A2 precursor [Bombyx mori]
TRINITY_DN243_c0_g1_i8.p1	NP_001243980.1	33.401	494	305	8	12	485	9	498	1.35e-82	266	518	520	92	NP_001243980.1 UDP-glycosyltransferase UGT39B1 precursor [Bombyx mori]
TRINITY_DN243_c0_g1_i8.p1	XP_037870428.1	31.138	501	318	8	12	488	6	503	2.00e-80	260	518	521	92	XP_037870428.1 LOW QUALITY PROTEIN: UDP-glucosyltransferase 2 [Bombyx mori]
TRINITY_DN243_c0_g1_i8.p1	NP_001243973.1	29.550	511	349	6	12	512	6	515	7.57e-77	251	518	536	97	NP_001243973.1 UDP-glycosyltransferase UGT47A1 precursor [Bombyx mori]
TRINITY_DN243_c0_g1_i8.p1	XP_062525518.1	30.273	512	333	8	9	512	6	501	5.98e-73	240	518	509	97	XP_062525518.1 UDP-glycosyltransferase UGT39C1 isoform X2 [Bombyx mori]
TRINITY_DN243_c0_g1_i8.p1	XP_062525517.1	29.594	517	346	7	9	512	6	517	7.15e-72	238	518	525	97	XP_062525517.1 UDP-glycosyltransferase UGT39C1 isoform X1 [Bombyx mori]
TRINITY_DN243_c0_g1_i8.p1	NP_001243964.1	29.594	517	346	7	9	512	6	517	7.15e-72	238	518	525	97	NP_001243964.1 UDP-glycosyltransferase UGT39C1 precursor [Bombyx mori]
TRINITY_DN243_c0_g1_i8.p1	NP_001243956.1	30.126	478	325	5	24	493	20	496	1.03e-70	234	518	515	91	NP_001243956.1 UDP-glycosyltransferase UGT33D3 [Bombyx mori]
TRINITY_DN243_c0_g1_i8.p1	NP_001040425.1	30.677	502	311	12	24	502	22	509	5.15e-70	233	518	520	92	NP_001040425.1 antennal-enriched UDP-glycosyltransferase precursor [Bombyx mori]
TRINITY_DN243_c0_g1_i8.p1	NP_001243995.1	30.200	500	316	11	24	502	22	509	1.01e-68	229	518	520	92	NP_001243995.1 UDP-glycosyltransferase UGT33D5 precursor [Bombyx mori]
TRINITY_DN243_c0_g1_i8.p1	NP_001243991.1	29.541	501	340	6	1	493	1	496	3.53e-68	228	518	515	95	NP_001243991.1 UDP-glycosyltransferase UGT33D7 precursor [Bombyx mori]
TRINITY_DN243_c0_g1_i8.p1	NP_001135960.1	28.049	492	341	6	12	493	7	495	5.89e-68	227	518	514	93	NP_001135960.1 uridine diphosphate glucosyltransferase [Bombyx mori]
TRINITY_DN243_c0_g1_i8.p1	XP_037868047.1	30.639	532	319	17	9	509	5	517	1.31e-64	219	518	518	97	XP_037868047.1 UDP-glucosyltransferase 2 [Bombyx mori]
TRINITY_DN243_c0_g1_i8.p1	NP_001243957.1	29.039	489	338	5	13	493	9	496	2.42e-64	218	518	515	93	NP_001243957.1 UDP-glycosyltransferase UGT33D6 [Bombyx mori]
TRINITY_DN243_c0_g1_i8.p1	NP_001243978.1	28.462	520	337	11	5	502	4	510	3.01e-64	218	518	521	96	NP_001243978.1 UDP-glucosyltransferase precursor [Bombyx mori]
TRINITY_DN243_c0_g1_i8.p1	NP_001243981.1	32.054	521	310	18	9	500	5	510	7.67e-64	216	518	518	95	NP_001243981.1 UDP-glycosyltransferase UGT40B3 precursor [Bombyx mori]
TRINITY_DN243_c0_g1_i8.p1	NP_001243965.1	31.537	501	297	18	7	477	3	487	8.61e-63	214	518	518	91	NP_001243965.1 UDP-glycosyltransferase UGT40B4 precursor [Bombyx mori]
TRINITY_DN28473_c0_g1_i1.p1	NP_001091799.1	86.697	436	57	1	1	435	1	436	0.0	798	436	436	99	NP_001091799.1 dolichyl-diphosphooligosaccharide protein glycotransferase precursor [Bombyx mori]
TRINITY_DN3225_c0_g1_i1.p1	XP_012544462.1	90.969	753	68	0	1	753	1	753	0.0	1427	760	754	99	XP_012544462.1 dolichyl-diphosphooligosaccharide--protein glycosyltransferase subunit STT3B isoform X3 [Bombyx mori]
TRINITY_DN3225_c0_g1_i1.p1	XP_012544461.1	91.212	751	66	0	1	751	1	751	0.0	1427	760	777	99	XP_012544461.1 dolichyl-diphosphooligosaccharide--protein glycosyltransferase subunit STT3B isoform X1 [Bombyx mori]
TRINITY_DN3225_c0_g1_i1.p1	XP_004924572.1	91.935	744	60	0	1	744	1	744	0.0	1424	760	769	98	XP_004924572.1 dolichyl-diphosphooligosaccharide--protein glycosyltransferase subunit STT3B isoform X2 [Bombyx mori]
TRINITY_DN3225_c0_g1_i1.p1	XP_004923047.1	57.736	698	272	5	26	718	21	700	0.0	822	760	707	91	XP_004923047.1 dolichyl-diphosphooligosaccharide--protein glycosyltransferase subunit STT3A [Bombyx mori]
TRINITY_DN3225_c0_g1_i10.p1	XP_004924572.1	91.287	769	67	0	1	769	1	769	0.0	1464	770	769	99	XP_004924572.1 dolichyl-diphosphooligosaccharide--protein glycosyltransferase subunit STT3B isoform X2 [Bombyx mori]
TRINITY_DN3225_c0_g1_i10.p1	XP_012544461.1	90.347	777	67	1	1	769	1	777	0.0	1457	770	777	99	XP_012544461.1 dolichyl-diphosphooligosaccharide--protein glycosyltransferase subunit STT3B isoform X1 [Bombyx mori]
TRINITY_DN3225_c0_g1_i10.p1	XP_012544462.1	91.823	746	61	0	1	746	1	746	0.0	1426	770	754	97	XP_012544462.1 dolichyl-diphosphooligosaccharide--protein glycosyltransferase subunit STT3B isoform X3 [Bombyx mori]
TRINITY_DN3225_c0_g1_i10.p1	XP_004923047.1	57.736	698	272	5	26	718	21	700	0.0	823	770	707	90	XP_004923047.1 dolichyl-diphosphooligosaccharide--protein glycosyltransferase subunit STT3A [Bombyx mori]
TRINITY_DN3225_c0_g1_i11.p1	XP_012544462.1	91.368	753	65	0	1	753	1	753	0.0	1430	754	754	99	XP_012544462.1 dolichyl-diphosphooligosaccharide--protein glycosyltransferase subunit STT3B isoform X3 [Bombyx mori]
TRINITY_DN3225_c0_g1_i11.p1	XP_012544461.1	91.600	750	63	0	1	750	1	750	0.0	1429	754	777	99	XP_012544461.1 dolichyl-diphosphooligosaccharide--protein glycosyltransferase subunit STT3B isoform X1 [Bombyx mori]
TRINITY_DN3225_c0_g1_i11.p1	XP_004924572.1	91.935	744	60	0	1	744	1	744	0.0	1422	754	769	99	XP_004924572.1 dolichyl-diphosphooligosaccharide--protein glycosyltransferase subunit STT3B isoform X2 [Bombyx mori]
TRINITY_DN3225_c0_g1_i11.p1	XP_004923047.1	57.736	698	272	5	26	718	21	700	0.0	822	754	707	92	XP_004923047.1 dolichyl-diphosphooligosaccharide--protein glycosyltransferase subunit STT3A [Bombyx mori]
TRINITY_DN3225_c0_g1_i12.p1	XP_012544461.1	91.689	746	62	0	1	746	1	746	0.0	1425	749	777	99	XP_012544461.1 dolichyl-diphosphooligosaccharide--protein glycosyltransferase subunit STT3B isoform X1 [Bombyx mori]
TRINITY_DN3225_c0_g1_i12.p1	XP_012544462.1	91.689	746	62	0	1	746	1	746	0.0	1425	749	754	99	XP_012544462.1 dolichyl-diphosphooligosaccharide--protein glycosyltransferase subunit STT3B isoform X3 [Bombyx mori]
TRINITY_DN3225_c0_g1_i12.p1	XP_004924572.1	91.566	747	63	0	1	747	1	747	0.0	1425	749	769	99	XP_004924572.1 dolichyl-diphosphooligosaccharide--protein glycosyltransferase subunit STT3B isoform X2 [Bombyx mori]
TRINITY_DN3225_c0_g1_i12.p1	XP_004923047.1	57.736	698	272	5	26	718	21	700	0.0	822	749	707	93	XP_004923047.1 dolichyl-diphosphooligosaccharide--protein glycosyltransferase subunit STT3A [Bombyx mori]
TRINITY_DN3225_c0_g1_i13.p1	XP_012544462.1	91.368	753	65	0	1	753	1	753	0.0	1430	754	754	99	XP_012544462.1 dolichyl-diphosphooligosaccharide--protein glycosyltransferase subunit STT3B isoform X3 [Bombyx mori]
TRINITY_DN3225_c0_g1_i13.p1	XP_012544461.1	91.600	750	63	0	1	750	1	750	0.0	1429	754	777	99	XP_012544461.1 dolichyl-diphosphooligosaccharide--protein glycosyltransferase subunit STT3B isoform X1 [Bombyx mori]
TRINITY_DN3225_c0_g1_i13.p1	XP_004924572.1	91.935	744	60	0	1	744	1	744	0.0	1422	754	769	99	XP_004924572.1 dolichyl-diphosphooligosaccharide--protein glycosyltransferase subunit STT3B isoform X2 [Bombyx mori]
TRINITY_DN3225_c0_g1_i13.p1	XP_004923047.1	57.736	698	272	5	26	718	21	700	0.0	822	754	707	92	XP_004923047.1 dolichyl-diphosphooligosaccharide--protein glycosyltransferase subunit STT3A [Bombyx mori]
TRINITY_DN3225_c0_g1_i2.p1	XP_012544461.1	90.734	777	72	0	1	777	1	777	0.0	1470	778	777	99	XP_012544461.1 dolichyl-diphosphooligosaccharide--protein glycosyltransferase subunit STT3B isoform X1 [Bombyx mori]
TRINITY_DN3225_c0_g1_i2.p1	XP_004924572.1	90.347	777	67	1	1	777	1	769	0.0	1457	778	769	99	XP_004924572.1 dolichyl-diphosphooligosaccharide--protein glycosyltransferase subunit STT3B isoform X2 [Bombyx mori]
TRINITY_DN3225_c0_g1_i2.p1	XP_012544462.1	91.600	750	63	0	1	750	1	750	0.0	1431	778	754	96	XP_012544462.1 dolichyl-diphosphooligosaccharide--protein glycosyltransferase subunit STT3B isoform X3 [Bombyx mori]
TRINITY_DN3225_c0_g1_i2.p1	XP_004923047.1	57.736	698	272	5	26	718	21	700	0.0	822	778	707	89	XP_004923047.1 dolichyl-diphosphooligosaccharide--protein glycosyltransferase subunit STT3A [Bombyx mori]
TRINITY_DN3225_c0_g1_i4.p1	XP_012544462.1	90.969	753	68	0	1	753	1	753	0.0	1427	760	754	99	XP_012544462.1 dolichyl-diphosphooligosaccharide--protein glycosyltransferase subunit STT3B isoform X3 [Bombyx mori]
TRINITY_DN3225_c0_g1_i4.p1	XP_012544461.1	91.212	751	66	0	1	751	1	751	0.0	1427	760	777	99	XP_012544461.1 dolichyl-diphosphooligosaccharide--protein glycosyltransferase subunit STT3B isoform X1 [Bombyx mori]
TRINITY_DN3225_c0_g1_i4.p1	XP_004924572.1	91.935	744	60	0	1	744	1	744	0.0	1424	760	769	98	XP_004924572.1 dolichyl-diphosphooligosaccharide--protein glycosyltransferase subunit STT3B isoform X2 [Bombyx mori]
TRINITY_DN3225_c0_g1_i4.p1	XP_004923047.1	57.736	698	272	5	26	718	21	700	0.0	822	760	707	91	XP_004923047.1 dolichyl-diphosphooligosaccharide--protein glycosyltransferase subunit STT3A [Bombyx mori]
TRINITY_DN3225_c0_g1_i7.p1	XP_012544462.1	90.969	753	68	0	1	753	1	753	0.0	1427	760	754	99	XP_012544462.1 dolichyl-diphosphooligosaccharide--protein glycosyltransferase subunit STT3B isoform X3 [Bombyx mori]
TRINITY_DN3225_c0_g1_i7.p1	XP_012544461.1	91.212	751	66	0	1	751	1	751	0.0	1427	760	777	99	XP_012544461.1 dolichyl-diphosphooligosaccharide--protein glycosyltransferase subunit STT3B isoform X1 [Bombyx mori]
TRINITY_DN3225_c0_g1_i7.p1	XP_004924572.1	91.935	744	60	0	1	744	1	744	0.0	1424	760	769	98	XP_004924572.1 dolichyl-diphosphooligosaccharide--protein glycosyltransferase subunit STT3B isoform X2 [Bombyx mori]
TRINITY_DN3225_c0_g1_i7.p1	XP_004923047.1	57.736	698	272	5	26	718	21	700	0.0	822	760	707	91	XP_004923047.1 dolichyl-diphosphooligosaccharide--protein glycosyltransferase subunit STT3A [Bombyx mori]
TRINITY_DN3269_c0_g1_i2.p1	XP_012550236.1	52.805	517	240	4	4	518	3	517	0.0	551	523	517	98	XP_012550236.1 UDP-glucosyltransferase protein 3 isoform X1 [Bombyx mori]
TRINITY_DN3269_c0_g1_i2.p1	NP_001182386.1	49.511	511	249	4	1	511	1	502	0.0	523	523	522	98	NP_001182386.1 UDP-glucosyltransferase precursor [Bombyx mori]
TRINITY_DN3269_c0_g1_i2.p1	XP_062525247.1	49.412	510	250	4	1	510	3	504	0.0	521	523	524	98	XP_062525247.1 UDP-glucosyltransferase isoform X2 [Bombyx mori]
TRINITY_DN3269_c0_g1_i2.p1	XP_012550238.1	49.412	510	250	4	1	510	10	511	0.0	520	523	531	98	XP_012550238.1 UDP-glucosyltransferase isoform X1 [Bombyx mori]
TRINITY_DN3269_c0_g1_i2.p1	NP_001037040.1	50.806	496	240	4	11	505	7	499	3.15e-174	501	523	520	95	NP_001037040.1 phenol UDP-glucosyltransferase precursor [Bombyx mori]
TRINITY_DN3269_c0_g1_i2.p1	NP_001161187.1	52.484	463	216	4	4	464	2	462	3.11e-171	491	523	462	88	NP_001161187.1 UDP-glucosyltransferase protein 3 [Bombyx mori]
TRINITY_DN3269_c0_g1_i2.p1	XP_037867794.1	46.778	481	250	4	5	484	3	478	7.61e-162	469	523	514	92	XP_037867794.1 UDP-glucosyltransferase isoform X1 [Bombyx mori]
TRINITY_DN3269_c0_g1_i2.p1	XP_012550240.1	46.778	481	250	4	5	484	3	478	7.61e-162	469	523	514	92	XP_012550240.1 UDP-glucosyltransferase isoform X1 [Bombyx mori]
TRINITY_DN3269_c0_g1_i2.p1	NP_001182387.1	46.778	481	250	4	5	484	3	478	7.61e-162	469	523	514	92	NP_001182387.1 UDP-glucosyltransferase precursor [Bombyx mori]
TRINITY_DN3269_c0_g1_i2.p1	NP_001182390.1	44.208	518	284	4	8	522	4	519	6.20e-152	444	523	519	98	NP_001182390.1 UDP-glucosyltransferase precursor [Bombyx mori]
TRINITY_DN3269_c0_g1_i2.p1	XP_021207027.1	53.885	399	182	2	107	505	1	397	6.90e-152	441	523	418	76	XP_021207027.1 phenol UDP-glucosyltransferase isoform X1 [Bombyx mori]
TRINITY_DN3269_c0_g1_i2.p1	NP_001182388.1	49.543	438	215	3	85	522	12	443	1.64e-149	436	523	443	84	NP_001182388.1 UDP-glucosyltransferase [Bombyx mori]
TRINITY_DN3269_c0_g1_i2.p1	XP_037868047.1	45.697	488	250	7	11	492	9	487	4.72e-142	419	523	518	92	XP_037868047.1 UDP-glucosyltransferase 2 [Bombyx mori]
TRINITY_DN3269_c0_g1_i2.p1	XP_062525248.1	44.915	472	257	3	52	522	4	473	1.67e-141	416	523	473	90	XP_062525248.1 UDP-glucosyltransferase isoform X1 [Bombyx mori]
TRINITY_DN3269_c0_g1_i2.p1	NP_001243981.1	44.153	496	246	6	11	492	9	487	4.96e-141	417	523	518	92	NP_001243981.1 UDP-glycosyltransferase UGT40B3 precursor [Bombyx mori]
TRINITY_DN3269_c0_g1_i2.p1	NP_001243965.1	44.628	484	261	5	11	492	9	487	1.70e-139	413	523	518	92	NP_001243965.1 UDP-glycosyltransferase UGT40B4 precursor [Bombyx mori]
TRINITY_DN3269_c0_g1_i2.p1	NP_001182389.1	44.650	486	258	6	3	486	4	480	4.03e-138	409	523	516	93	NP_001182389.1 UDP-glucosyltransferase precursor [Bombyx mori]
TRINITY_DN3269_c0_g1_i2.p1	NP_001182395.1	41.732	508	288	4	11	515	9	511	1.18e-136	405	523	520	97	NP_001182395.1 UDP-glucosyltransferase precursor [Bombyx mori]
TRINITY_DN3269_c0_g1_i2.p1	XP_062525425.1	44.660	412	224	3	82	492	2	410	1.38e-119	359	523	441	79	XP_062525425.1 UDP-glucosyltransferase 2 [Bombyx mori]
TRINITY_DN3269_c0_g1_i2.p1	XP_062525249.1	41.705	434	223	5	11	430	9	426	1.81e-115	348	523	439	80	XP_062525249.1 UDP-glycosyltransferase UGT40B3 isoform X1 [Bombyx mori]
TRINITY_DN3269_c0_g1_i2.p1	XP_037875539.1	35.568	537	309	11	4	522	1	518	6.85e-97	303	523	518	99	XP_037875539.1 UDP-glycosyltransferase UGT41A1 isoform X1 [Bombyx mori]
TRINITY_DN3269_c0_g1_i2.p1	NP_001243993.1	35.568	537	309	11	4	522	1	518	6.85e-97	303	523	518	99	NP_001243993.1 UDP-glycosyltransferase UGT41A1 precursor [Bombyx mori]
TRINITY_DN3269_c0_g1_i2.p1	NP_001243966.1	34.104	519	311	10	1	509	1	498	1.12e-91	290	523	517	97	NP_001243966.1 UDP-glycosyltransferase UGT41A2 precursor [Bombyx mori]
TRINITY_DN3269_c0_g1_i2.p1	XP_062531495.1	34.104	519	311	10	1	509	1	498	2.48e-91	289	523	517	97	XP_062531495.1 UDP-glycosyltransferase UGT41A2 isoform X1 [Bombyx mori]
TRINITY_DN3269_c0_g1_i2.p1	XP_037875535.1	34.104	519	311	10	1	509	1	498	2.48e-91	289	523	517	97	XP_037875535.1 UDP-glycosyltransferase UGT41A2 isoform X1 [Bombyx mori]
TRINITY_DN37939_c0_g1_i1.p1	NP_001243970.1	54.167	168	74	2	1	167	254	419	8.44e-62	199	167	516	100	NP_001243970.1 UDP-glycosyltransferase UGT43B1 precursor [Bombyx mori]
TRINITY_DN37939_c0_g1_i1.p1	XP_062529505.1	38.824	170	98	4	1	167	127	293	5.16e-34	123	167	389	100	XP_062529505.1 UDP-glucuronosyltransferase 2B14-like isoform X2 [Bombyx mori]
TRINITY_DN37939_c0_g1_i1.p1	XP_062529504.1	38.824	170	98	4	1	167	246	412	1.36e-33	123	167	432	100	XP_062529504.1 UDP-glucuronosyltransferase 2B14-like isoform X1 [Bombyx mori]
TRINITY_DN37939_c0_g1_i1.p1	NP_001243969.1	39.412	170	95	4	2	167	253	418	1.67e-33	124	167	509	99	NP_001243969.1 UDP-glycosyltransferase UGT42A2 precursor [Bombyx mori]
TRINITY_DN37939_c0_g1_i1.p1	NP_001274756.1	38.824	170	98	4	1	167	246	412	2.44e-33	123	167	508	100	NP_001274756.1 UDP-glucuronosyltransferase 2B14-like precursor [Bombyx mori]
TRINITY_DN37939_c0_g1_i1.p1	XP_062525248.1	41.212	165	93	2	5	167	219	381	1.64e-31	118	167	473	98	XP_062525248.1 UDP-glucosyltransferase isoform X1 [Bombyx mori]
TRINITY_DN37939_c0_g1_i1.p1	NP_001182390.1	41.212	165	93	2	5	167	265	427	1.91e-31	118	167	519	98	NP_001182390.1 UDP-glucosyltransferase precursor [Bombyx mori]
TRINITY_DN37939_c0_g1_i1.p1	XP_062531496.1	39.766	171	90	3	6	165	178	346	4.26e-31	116	167	438	96	XP_062531496.1 UDP-glycosyltransferase UGT41A2 isoform X2 [Bombyx mori]
TRINITY_DN37939_c0_g1_i1.p1	NP_001243966.1	39.766	171	90	3	6	165	257	425	8.44e-31	116	167	517	96	NP_001243966.1 UDP-glycosyltransferase UGT41A2 precursor [Bombyx mori]
TRINITY_DN37939_c0_g1_i1.p1	XP_062531495.1	39.766	171	90	3	6	165	257	425	9.06e-31	116	167	517	96	XP_062531495.1 UDP-glycosyltransferase UGT41A2 isoform X1 [Bombyx mori]
TRINITY_DN37939_c0_g1_i1.p1	XP_037875535.1	39.766	171	90	3	6	165	257	425	9.06e-31	116	167	517	96	XP_037875535.1 UDP-glycosyltransferase UGT41A2 isoform X1 [Bombyx mori]
TRINITY_DN37939_c0_g1_i1.p1	XP_037875538.1	42.953	149	81	2	4	150	255	401	9.64e-31	115	167	434	88	XP_037875538.1 UDP-glycosyltransferase UGT41A3 isoform X2 [Bombyx mori]
TRINITY_DN37939_c0_g1_i1.p1	XP_062531498.1	42.953	149	81	2	4	150	255	401	1.95e-30	115	167	516	88	XP_062531498.1 UDP-glycosyltransferase UGT41A3 isoform X1 [Bombyx mori]
TRINITY_DN37939_c0_g1_i1.p1	XP_037875537.1	42.953	149	81	2	4	150	255	401	1.95e-30	115	167	516	88	XP_037875537.1 UDP-glycosyltransferase UGT41A3 isoform X1 [Bombyx mori]
TRINITY_DN37939_c0_g1_i1.p1	NP_001243967.1	42.953	149	81	2	4	150	255	401	1.95e-30	115	167	516	88	NP_001243967.1 UDP-glycosyltransferase UGT41A3 precursor [Bombyx mori]
TRINITY_DN37939_c0_g1_i1.p1	XP_062525249.1	36.970	165	100	2	5	167	262	424	6.63e-30	113	167	439	98	XP_062525249.1 UDP-glycosyltransferase UGT40B3 isoform X1 [Bombyx mori]
TRINITY_DN37939_c0_g1_i1.p1	NP_001243968.1	37.725	167	96	4	5	167	254	416	7.07e-30	114	167	512	98	NP_001243968.1 UDP-glycosyltransferase UGT42A1 [Bombyx mori]
TRINITY_DN37939_c0_g1_i1.p1	NP_001243981.1	36.970	165	100	2	5	167	262	424	1.04e-29	113	167	518	98	NP_001243981.1 UDP-glycosyltransferase UGT40B3 precursor [Bombyx mori]
TRINITY_DN37939_c0_g1_i1.p1	XP_062525425.1	35.758	165	102	2	5	167	185	347	1.80e-29	112	167	441	98	XP_062525425.1 UDP-glucosyltransferase 2 [Bombyx mori]
TRINITY_DN37939_c0_g1_i1.p1	XP_037868047.1	37.576	165	99	2	5	167	262	424	3.26e-29	112	167	518	98	XP_037868047.1 UDP-glucosyltransferase 2 [Bombyx mori]
TRINITY_DN37939_c0_g1_i1.p1	NP_001243965.1	36.364	165	101	2	5	167	262	424	6.12e-29	111	167	518	98	NP_001243965.1 UDP-glycosyltransferase UGT40B4 precursor [Bombyx mori]
TRINITY_DN37939_c0_g1_i1.p1	XP_012550236.1	36.970	165	98	4	6	167	267	428	1.25e-28	110	167	517	97	XP_012550236.1 UDP-glucosyltransferase protein 3 isoform X1 [Bombyx mori]
TRINITY_DN37939_c0_g1_i1.p1	NP_001161187.1	36.970	165	98	4	6	167	266	427	1.36e-28	110	167	462	97	NP_001161187.1 UDP-glucosyltransferase protein 3 [Bombyx mori]
TRINITY_DN37939_c0_g1_i1.p1	NP_001182388.1	36.913	149	90	2	5	151	190	336	2.16e-28	109	167	443	88	NP_001182388.1 UDP-glucosyltransferase [Bombyx mori]
TRINITY_DN37939_c0_g1_i1.p1	NP_001243959.1	36.257	171	101	4	1	167	253	419	2.90e-28	109	167	516	100	NP_001243959.1 UDP-glycosyltransferase UGT33N1 precursor [Bombyx mori]
TRINITY_DN38523_c0_g1_i1.p1	NP_001243956.1	71.552	116	33	0	1	116	362	477	8.57e-58	186	116	515	100	NP_001243956.1 UDP-glycosyltransferase UGT33D3 [Bombyx mori]
TRINITY_DN38523_c0_g1_i1.p1	NP_001135960.1	68.103	116	37	0	1	116	361	476	3.24e-53	174	116	514	100	NP_001135960.1 uridine diphosphate glucosyltransferase [Bombyx mori]
TRINITY_DN38523_c0_g1_i1.p1	NP_001243959.1	64.655	116	41	0	1	116	364	479	2.40e-51	169	116	516	100	NP_001243959.1 UDP-glycosyltransferase UGT33N1 precursor [Bombyx mori]
TRINITY_DN38523_c0_g1_i1.p1	NP_001040425.1	66.379	116	39	0	1	116	366	481	1.27e-50	167	116	520	100	NP_001040425.1 antennal-enriched UDP-glycosyltransferase precursor [Bombyx mori]
TRINITY_DN38523_c0_g1_i1.p1	NP_001243995.1	66.379	116	39	0	1	116	366	481	2.59e-50	166	116	520	100	NP_001243995.1 UDP-glycosyltransferase UGT33D5 precursor [Bombyx mori]
TRINITY_DN38523_c0_g1_i1.p1	XP_062532682.1	66.667	111	37	0	1	111	367	477	4.71e-49	163	116	519	96	XP_062532682.1 UDP-glycosyltransferase UGT33K1 isoform X1 [Bombyx mori]
TRINITY_DN38523_c0_g1_i1.p1	XP_062532681.1	66.667	111	37	0	1	111	367	477	4.71e-49	163	116	519	96	XP_062532681.1 UDP-glycosyltransferase UGT33K1 isoform X1 [Bombyx mori]
TRINITY_DN38523_c0_g1_i1.p1	NP_001243958.1	66.667	111	37	0	1	111	367	477	4.71e-49	163	116	519	96	NP_001243958.1 UDP-glycosyltransferase UGT33K1 precursor [Bombyx mori]
TRINITY_DN38523_c0_g1_i1.p1	NP_001243978.1	62.931	116	43	0	1	116	367	482	7.56e-48	160	116	521	100	NP_001243978.1 UDP-glucosyltransferase precursor [Bombyx mori]
TRINITY_DN38523_c0_g1_i1.p1	NP_001243957.1	63.964	111	40	0	1	111	362	472	1.73e-47	159	116	515	96	NP_001243957.1 UDP-glycosyltransferase UGT33D6 [Bombyx mori]
TRINITY_DN38523_c0_g1_i1.p1	NP_001243955.1	63.964	111	40	0	1	111	362	472	4.40e-47	158	116	515	96	NP_001243955.1 UDP-glycosyltransferase UGT33D2 precursor [Bombyx mori]
TRINITY_DN38523_c0_g1_i1.p1	NP_001243991.1	62.162	111	42	0	1	111	362	472	6.20e-46	155	116	515	96	NP_001243991.1 UDP-glycosyltransferase UGT33D7 precursor [Bombyx mori]
TRINITY_DN38523_c0_g1_i1.p1	NP_001243962.1	56.897	116	50	0	1	116	368	483	1.02e-45	154	116	521	100	NP_001243962.1 UDP-glycosyltransferase UGT340C1 precursor [Bombyx mori]
TRINITY_DN38523_c0_g1_i1.p1	NP_001243963.1	52.586	116	55	0	1	116	371	486	2.36e-41	142	116	524	100	NP_001243963.1 UDP-glycosyltransferase UGT340C2 precursor [Bombyx mori]
TRINITY_DN38523_c0_g1_i1.p1	NP_001243961.1	50.862	116	57	0	1	116	355	470	6.26e-38	133	116	504	100	NP_001243961.1 UDP-glycosyltransferase UGT33R1 precursor [Bombyx mori]
TRINITY_DN38523_c0_g1_i1.p1	NP_001243992.1	47.826	115	60	0	1	115	360	474	5.17e-35	125	116	509	99	NP_001243992.1 UDP-glycosyltransferase UGT33R2 precursor [Bombyx mori]
TRINITY_DN38523_c0_g1_i1.p1	NP_001243960.1	44.144	111	62	0	1	111	360	470	8.99e-31	114	116	482	96	NP_001243960.1 UDP-glycosyltransferase UGT33Q1 precursor [Bombyx mori]
TRINITY_DN38523_c0_g1_i1.p1	XP_062529502.1	34.783	115	75	0	2	116	367	481	9.03e-22	89.0	116	538	99	XP_062529502.1 UDP-glycosyltransferase UGT50A1 isoform X1 [Bombyx mori]
TRINITY_DN38523_c0_g1_i1.p1	XP_037873014.1	34.783	115	75	0	2	116	367	481	9.03e-22	89.0	116	538	99	XP_037873014.1 UDP-glycosyltransferase UGT50A1 isoform X1 [Bombyx mori]
TRINITY_DN38523_c0_g1_i1.p1	NP_001243994.1	34.783	115	75	0	2	116	369	483	9.50e-22	89.0	116	540	99	NP_001243994.1 UDP-glycosyltransferase UGT50A1 precursor [Bombyx mori]
TRINITY_DN38523_c0_g1_i1.p1	NP_001037040.1	38.261	115	71	0	2	116	369	483	2.17e-21	88.2	116	520	99	NP_001037040.1 phenol UDP-glucosyltransferase precursor [Bombyx mori]
TRINITY_DN38523_c0_g1_i1.p1	XP_021207027.1	38.261	115	71	0	2	116	267	381	2.87e-21	87.4	116	418	99	XP_021207027.1 phenol UDP-glucosyltransferase isoform X1 [Bombyx mori]
TRINITY_DN38523_c0_g1_i1.p1	XP_062525425.1	37.391	115	72	0	2	116	293	407	4.06e-21	87.0	116	441	99	XP_062525425.1 UDP-glucosyltransferase 2 [Bombyx mori]
TRINITY_DN38523_c0_g1_i1.p1	NP_001243970.1	35.652	115	73	1	2	116	365	478	9.20e-21	86.3	116	516	99	NP_001243970.1 UDP-glycosyltransferase UGT43B1 precursor [Bombyx mori]
TRINITY_DN38523_c0_g1_i1.p1	XP_012550238.1	38.261	115	71	0	2	116	379	493	2.10e-20	85.1	116	531	99	XP_012550238.1 UDP-glucosyltransferase isoform X1 [Bombyx mori]
TRINITY_DN39303_c0_g1_i1.p1	NP_001135960.1	62.692	260	92	2	1	255	251	510	4.17e-122	357	259	514	98	NP_001135960.1 uridine diphosphate glucosyltransferase [Bombyx mori]
TRINITY_DN39303_c0_g1_i1.p1	NP_001040425.1	68.465	241	73	1	1	238	256	496	1.19e-121	357	259	520	92	NP_001040425.1 antennal-enriched UDP-glycosyltransferase precursor [Bombyx mori]
TRINITY_DN39303_c0_g1_i1.p1	NP_001243995.1	66.393	244	82	0	1	244	256	499	9.40e-120	352	259	520	94	NP_001243995.1 UDP-glycosyltransferase UGT33D5 precursor [Bombyx mori]
TRINITY_DN39303_c0_g1_i1.p1	NP_001243978.1	65.702	242	80	1	1	239	257	498	1.45e-118	349	259	521	92	NP_001243978.1 UDP-glucosyltransferase precursor [Bombyx mori]
TRINITY_DN39303_c0_g1_i1.p1	NP_001243956.1	65.021	243	84	1	1	242	252	494	5.78e-118	347	259	515	93	NP_001243956.1 UDP-glycosyltransferase UGT33D3 [Bombyx mori]
TRINITY_DN39303_c0_g1_i1.p1	NP_001243955.1	62.879	264	91	1	1	257	252	515	4.75e-116	342	259	515	99	NP_001243955.1 UDP-glycosyltransferase UGT33D2 precursor [Bombyx mori]
TRINITY_DN39303_c0_g1_i1.p1	NP_001243957.1	62.205	254	88	2	1	248	252	503	1.53e-114	338	259	515	96	NP_001243957.1 UDP-glycosyltransferase UGT33D6 [Bombyx mori]
TRINITY_DN39303_c0_g1_i1.p1	NP_001243991.1	61.811	254	89	2	1	248	252	503	1.99e-114	338	259	515	96	NP_001243991.1 UDP-glycosyltransferase UGT33D7 precursor [Bombyx mori]
TRINITY_DN39303_c0_g1_i1.p1	NP_001243959.1	57.252	262	107	2	1	258	254	514	3.94e-111	330	259	516	99	NP_001243959.1 UDP-glycosyltransferase UGT33N1 precursor [Bombyx mori]
TRINITY_DN39303_c0_g1_i1.p1	NP_001243963.1	50.000	262	127	1	1	258	261	522	4.38e-95	289	259	524	99	NP_001243963.1 UDP-glycosyltransferase UGT340C2 precursor [Bombyx mori]
TRINITY_DN39303_c0_g1_i1.p1	XP_062532682.1	60.455	220	87	0	2	221	258	477	6.85e-95	288	259	519	85	XP_062532682.1 UDP-glycosyltransferase UGT33K1 isoform X1 [Bombyx mori]
TRINITY_DN39303_c0_g1_i1.p1	XP_062532681.1	60.455	220	87	0	2	221	258	477	6.85e-95	288	259	519	85	XP_062532681.1 UDP-glycosyltransferase UGT33K1 isoform X1 [Bombyx mori]
TRINITY_DN39303_c0_g1_i1.p1	NP_001243958.1	60.455	220	87	0	2	221	258	477	6.85e-95	288	259	519	85	NP_001243958.1 UDP-glycosyltransferase UGT33K1 precursor [Bombyx mori]
TRINITY_DN39303_c0_g1_i1.p1	NP_001243962.1	51.953	256	116	2	1	249	258	513	1.02e-93	285	259	521	96	NP_001243962.1 UDP-glycosyltransferase UGT340C1 precursor [Bombyx mori]
TRINITY_DN39303_c0_g1_i1.p1	NP_001243961.1	51.020	245	118	1	1	245	245	487	1.72e-85	263	259	504	95	NP_001243961.1 UDP-glycosyltransferase UGT33R1 precursor [Bombyx mori]
TRINITY_DN39303_c0_g1_i1.p1	NP_001243992.1	50.667	225	111	0	1	225	250	474	1.09e-79	249	259	509	87	NP_001243992.1 UDP-glycosyltransferase UGT33R2 precursor [Bombyx mori]
TRINITY_DN39303_c0_g1_i1.p1	NP_001243960.1	48.416	221	114	0	1	221	250	470	6.03e-78	243	259	482	85	NP_001243960.1 UDP-glycosyltransferase UGT33Q1 precursor [Bombyx mori]
TRINITY_DN39303_c0_g1_i1.p1	XP_062525518.1	37.402	254	158	1	4	256	244	497	6.70e-62	202	259	509	98	XP_062525518.1 UDP-glycosyltransferase UGT39C1 isoform X2 [Bombyx mori]
TRINITY_DN39303_c0_g1_i1.p1	XP_062525517.1	37.402	254	158	1	4	256	260	513	9.15e-62	202	259	525	98	XP_062525517.1 UDP-glycosyltransferase UGT39C1 isoform X1 [Bombyx mori]
TRINITY_DN39303_c0_g1_i1.p1	NP_001243964.1	37.402	254	158	1	4	256	260	513	9.15e-62	202	259	525	98	NP_001243964.1 UDP-glycosyltransferase UGT39C1 precursor [Bombyx mori]
TRINITY_DN39303_c0_g1_i1.p1	NP_001243980.1	38.618	246	149	2	4	248	260	504	1.40e-61	202	259	520	95	NP_001243980.1 UDP-glycosyltransferase UGT39B1 precursor [Bombyx mori]
TRINITY_DN39303_c0_g1_i1.p1	XP_062532683.1	49.112	169	86	0	1	169	250	418	2.88e-56	186	259	419	65	XP_062532683.1 UDP-glycosyltransferase UGT33Q1 isoform X1 [Bombyx mori]
TRINITY_DN39303_c0_g1_i1.p1	NP_001243971.1	34.008	247	157	3	3	248	254	495	3.07e-50	172	259	525	95	NP_001243971.1 UDP-glycosyltransferase UGT44A1 [Bombyx mori]
TRINITY_DN39303_c0_g1_i1.p1	NP_001243973.1	34.921	252	161	1	1	249	247	498	4.08e-49	169	259	536	96	NP_001243973.1 UDP-glycosyltransferase UGT47A1 precursor [Bombyx mori]
TRINITY_DN39303_c0_g1_i1.p1	NP_001243969.1	35.000	240	152	3	2	239	254	491	1.99e-48	167	259	509	92	NP_001243969.1 UDP-glycosyltransferase UGT42A2 precursor [Bombyx mori]
TRINITY_DN39303_c0_g1_i2.p1	NP_001135960.1	60.854	281	105	2	2	277	230	510	1.23e-129	378	281	514	98	NP_001135960.1 uridine diphosphate glucosyltransferase [Bombyx mori]
TRINITY_DN39303_c0_g1_i2.p1	NP_001040425.1	66.160	263	86	1	1	260	234	496	1.11e-127	373	281	520	93	NP_001040425.1 antennal-enriched UDP-glycosyltransferase precursor [Bombyx mori]
TRINITY_DN39303_c0_g1_i2.p1	NP_001243995.1	64.286	266	95	0	1	266	234	499	8.87e-126	368	281	520	95	NP_001243995.1 UDP-glycosyltransferase UGT33D5 precursor [Bombyx mori]
TRINITY_DN39303_c0_g1_i2.p1	NP_001243956.1	62.121	264	99	1	2	264	231	494	4.57e-125	366	281	515	94	NP_001243956.1 UDP-glycosyltransferase UGT33D3 [Bombyx mori]
TRINITY_DN39303_c0_g1_i2.p1	NP_001243978.1	63.846	260	91	1	5	261	239	498	2.83e-124	364	281	521	91	NP_001243978.1 UDP-glucosyltransferase precursor [Bombyx mori]
TRINITY_DN39303_c0_g1_i2.p1	NP_001243955.1	61.754	285	102	1	2	279	231	515	3.17e-123	361	281	515	99	NP_001243955.1 UDP-glycosyltransferase UGT33D2 precursor [Bombyx mori]
TRINITY_DN39303_c0_g1_i2.p1	NP_001243991.1	60.000	275	102	2	2	270	231	503	1.53e-121	357	281	515	96	NP_001243991.1 UDP-glycosyltransferase UGT33D7 precursor [Bombyx mori]
TRINITY_DN39303_c0_g1_i2.p1	NP_001243957.1	59.636	275	103	2	2	270	231	503	5.71e-119	350	281	515	96	NP_001243957.1 UDP-glycosyltransferase UGT33D6 [Bombyx mori]
TRINITY_DN39303_c0_g1_i2.p1	NP_001243959.1	55.830	283	120	2	2	280	233	514	9.38e-119	350	281	516	99	NP_001243959.1 UDP-glycosyltransferase UGT33N1 precursor [Bombyx mori]
TRINITY_DN39303_c0_g1_i2.p1	XP_062532682.1	59.504	242	98	0	2	243	236	477	7.72e-104	312	281	519	86	XP_062532682.1 UDP-glycosyltransferase UGT33K1 isoform X1 [Bombyx mori]
TRINITY_DN39303_c0_g1_i2.p1	XP_062532681.1	59.504	242	98	0	2	243	236	477	7.72e-104	312	281	519	86	XP_062532681.1 UDP-glycosyltransferase UGT33K1 isoform X1 [Bombyx mori]
TRINITY_DN39303_c0_g1_i2.p1	NP_001243958.1	59.504	242	98	0	2	243	236	477	7.72e-104	312	281	519	86	NP_001243958.1 UDP-glycosyltransferase UGT33K1 precursor [Bombyx mori]
TRINITY_DN39303_c0_g1_i2.p1	NP_001243963.1	49.648	284	139	1	1	280	239	522	1.20e-103	311	281	524	99	NP_001243963.1 UDP-glycosyltransferase UGT340C2 precursor [Bombyx mori]
TRINITY_DN39303_c0_g1_i2.p1	NP_001243962.1	50.903	277	129	2	2	271	237	513	5.10e-102	307	281	521	96	NP_001243962.1 UDP-glycosyltransferase UGT340C1 precursor [Bombyx mori]
TRINITY_DN39303_c0_g1_i2.p1	NP_001243961.1	48.689	267	135	1	1	267	223	487	1.53e-90	277	281	504	95	NP_001243961.1 UDP-glycosyltransferase UGT33R1 precursor [Bombyx mori]
TRINITY_DN39303_c0_g1_i2.p1	NP_001243992.1	48.178	247	128	0	1	247	228	474	1.04e-84	263	281	509	88	NP_001243992.1 UDP-glycosyltransferase UGT33R2 precursor [Bombyx mori]
TRINITY_DN39303_c0_g1_i2.p1	NP_001243960.1	46.694	242	129	0	2	243	229	470	2.82e-82	255	281	482	86	NP_001243960.1 UDP-glycosyltransferase UGT33Q1 precursor [Bombyx mori]
TRINITY_DN39303_c0_g1_i2.p1	XP_062525518.1	37.132	272	170	1	2	272	220	491	6.12e-66	214	281	509	96	XP_062525518.1 UDP-glycosyltransferase UGT39C1 isoform X2 [Bombyx mori]
TRINITY_DN39303_c0_g1_i2.p1	XP_062525517.1	37.132	272	170	1	2	272	236	507	1.13e-65	214	281	525	96	XP_062525517.1 UDP-glycosyltransferase UGT39C1 isoform X1 [Bombyx mori]
TRINITY_DN39303_c0_g1_i2.p1	NP_001243964.1	37.132	272	170	1	2	272	236	507	1.13e-65	214	281	525	96	NP_001243964.1 UDP-glycosyltransferase UGT39C1 precursor [Bombyx mori]
TRINITY_DN39303_c0_g1_i2.p1	NP_001243980.1	37.037	270	168	2	2	270	236	504	2.51e-64	210	281	520	96	NP_001243980.1 UDP-glycosyltransferase UGT39B1 precursor [Bombyx mori]
TRINITY_DN39303_c0_g1_i2.p1	XP_062532683.1	46.842	190	101	0	2	191	229	418	2.49e-60	197	281	419	68	XP_062532683.1 UDP-glycosyltransferase UGT33Q1 isoform X1 [Bombyx mori]
TRINITY_DN39303_c0_g1_i2.p1	NP_001243971.1	32.472	271	177	3	1	270	230	495	4.88e-53	181	281	525	96	NP_001243971.1 UDP-glycosyltransferase UGT44A1 [Bombyx mori]
TRINITY_DN39303_c0_g1_i2.p1	NP_001127730.1	33.582	268	178	0	1	268	233	500	7.82e-53	180	281	525	95	NP_001127730.1 uridine diphosphate glucosyltransferase precursor [Bombyx mori]
TRINITY_DN39303_c0_g1_i2.p1	NP_001182386.1	36.538	260	163	2	1	259	237	495	1.32e-52	179	281	522	92	NP_001182386.1 UDP-glucosyltransferase precursor [Bombyx mori]
TRINITY_DN39303_c0_g1_i3.p1	NP_001040425.1	56.008	491	212	2	14	500	6	496	0.0	579	521	520	93	NP_001040425.1 antennal-enriched UDP-glycosyltransferase precursor [Bombyx mori]
TRINITY_DN39303_c0_g1_i3.p1	NP_001243978.1	54.545	495	221	2	11	501	4	498	0.0	577	521	521	94	NP_001243978.1 UDP-glucosyltransferase precursor [Bombyx mori]
TRINITY_DN39303_c0_g1_i3.p1	NP_001243995.1	54.672	503	223	2	5	506	1	499	0.0	574	521	520	96	NP_001243995.1 UDP-glycosyltransferase UGT33D5 precursor [Bombyx mori]
TRINITY_DN39303_c0_g1_i3.p1	NP_001135960.1	52.941	510	231	4	13	517	5	510	0.0	572	521	514	97	NP_001135960.1 uridine diphosphate glucosyltransferase [Bombyx mori]
TRINITY_DN39303_c0_g1_i3.p1	NP_001243956.1	53.862	492	224	3	14	504	5	494	0.0	568	521	515	94	NP_001243956.1 UDP-glycosyltransferase UGT33D3 [Bombyx mori]
TRINITY_DN39303_c0_g1_i3.p1	NP_001243959.1	50.685	511	247	2	14	520	5	514	0.0	553	521	516	97	NP_001243959.1 UDP-glycosyltransferase UGT33N1 precursor [Bombyx mori]
TRINITY_DN39303_c0_g1_i3.p1	NP_001243991.1	51.308	497	233	3	20	510	10	503	0.0	544	521	515	94	NP_001243991.1 UDP-glycosyltransferase UGT33D7 precursor [Bombyx mori]
TRINITY_DN39303_c0_g1_i3.p1	NP_001243955.1	52.529	514	235	3	13	519	4	515	0.0	541	521	515	97	NP_001243955.1 UDP-glycosyltransferase UGT33D2 precursor [Bombyx mori]
TRINITY_DN39303_c0_g1_i3.p1	NP_001243957.1	51.710	497	231	3	20	510	10	503	0.0	539	521	515	94	NP_001243957.1 UDP-glycosyltransferase UGT33D6 [Bombyx mori]
TRINITY_DN39303_c0_g1_i3.p1	XP_062532682.1	50.212	472	234	1	13	483	6	477	6.07e-170	490	521	519	90	XP_062532682.1 UDP-glycosyltransferase UGT33K1 isoform X1 [Bombyx mori]
TRINITY_DN39303_c0_g1_i3.p1	XP_062532681.1	50.212	472	234	1	13	483	6	477	6.07e-170	490	521	519	90	XP_062532681.1 UDP-glycosyltransferase UGT33K1 isoform X1 [Bombyx mori]
TRINITY_DN39303_c0_g1_i3.p1	NP_001243958.1	50.212	472	234	1	13	483	6	477	6.07e-170	490	521	519	90	NP_001243958.1 UDP-glycosyltransferase UGT33K1 precursor [Bombyx mori]
TRINITY_DN39303_c0_g1_i3.p1	NP_001243962.1	46.771	511	247	8	20	511	9	513	2.14e-161	469	521	521	94	NP_001243962.1 UDP-glycosyltransferase UGT340C1 precursor [Bombyx mori]
TRINITY_DN39303_c0_g1_i3.p1	NP_001243963.1	45.508	512	257	7	26	520	16	522	7.09e-160	465	521	524	95	NP_001243963.1 UDP-glycosyltransferase UGT340C2 precursor [Bombyx mori]
TRINITY_DN39303_c0_g1_i3.p1	NP_001243961.1	44.064	497	267	5	11	507	2	487	1.26e-148	436	521	504	95	NP_001243961.1 UDP-glycosyltransferase UGT33R1 precursor [Bombyx mori]
TRINITY_DN39303_c0_g1_i3.p1	NP_001243992.1	42.348	477	271	3	11	487	2	474	1.17e-139	413	521	509	92	NP_001243992.1 UDP-glycosyltransferase UGT33R2 precursor [Bombyx mori]
TRINITY_DN39303_c0_g1_i3.p1	NP_001243960.1	42.918	473	264	5	11	483	4	470	7.17e-139	410	521	482	91	NP_001243960.1 UDP-glycosyltransferase UGT33Q1 precursor [Bombyx mori]
TRINITY_DN39303_c0_g1_i3.p1	XP_062532683.1	42.518	421	236	5	11	431	4	418	1.59e-116	350	521	419	81	XP_062532683.1 UDP-glycosyltransferase UGT33Q1 isoform X1 [Bombyx mori]
TRINITY_DN39303_c0_g1_i3.p1	XP_062525518.1	31.693	508	317	10	14	512	5	491	2.14e-83	268	521	509	96	XP_062525518.1 UDP-glycosyltransferase UGT39C1 isoform X2 [Bombyx mori]
TRINITY_DN39303_c0_g1_i3.p1	XP_062525517.1	31.765	510	330	11	14	512	5	507	3.22e-83	268	521	525	96	XP_062525517.1 UDP-glycosyltransferase UGT39C1 isoform X1 [Bombyx mori]
TRINITY_DN39303_c0_g1_i3.p1	NP_001243964.1	31.765	510	330	11	14	512	5	507	3.22e-83	268	521	525	96	NP_001243964.1 UDP-glycosyltransferase UGT39C1 precursor [Bombyx mori]
TRINITY_DN39303_c0_g1_i3.p1	NP_001243980.1	31.985	519	312	14	14	510	5	504	1.93e-81	263	521	520	95	NP_001243980.1 UDP-glycosyltransferase UGT39B1 precursor [Bombyx mori]
TRINITY_DN39303_c0_g1_i3.p1	NP_001127730.1	31.893	486	323	2	26	508	20	500	3.07e-80	260	521	525	93	NP_001127730.1 uridine diphosphate glucosyltransferase precursor [Bombyx mori]
TRINITY_DN39303_c0_g1_i3.p1	XP_062525247.1	30.382	497	333	6	11	499	6	497	2.14e-70	234	521	524	94	XP_062525247.1 UDP-glucosyltransferase isoform X2 [Bombyx mori]
TRINITY_DN39303_c0_g1_i3.p1	XP_012550238.1	30.382	497	333	6	11	499	13	504	2.26e-70	234	521	531	94	XP_012550238.1 UDP-glucosyltransferase isoform X1 [Bombyx mori]
TRINITY_DN39303_c0_g1_i5.p1	NP_001243978.1	53.755	506	233	1	15	519	4	509	0.0	583	529	521	95	NP_001243978.1 UDP-glucosyltransferase precursor [Bombyx mori]
TRINITY_DN39303_c0_g1_i5.p1	NP_001040425.1	54.438	507	229	2	14	519	3	508	0.0	582	529	520	96	NP_001040425.1 antennal-enriched UDP-glycosyltransferase precursor [Bombyx mori]
TRINITY_DN39303_c0_g1_i5.p1	NP_001243956.1	53.606	513	234	3	18	528	5	515	0.0	579	529	515	97	NP_001243956.1 UDP-glycosyltransferase UGT33D3 [Bombyx mori]
TRINITY_DN39303_c0_g1_i5.p1	NP_001243995.1	53.516	512	233	2	9	519	1	508	0.0	577	529	520	97	NP_001243995.1 UDP-glycosyltransferase UGT33D5 precursor [Bombyx mori]
TRINITY_DN39303_c0_g1_i5.p1	NP_001135960.1	51.961	510	241	2	17	526	5	510	0.0	570	529	514	96	NP_001135960.1 uridine diphosphate glucosyltransferase [Bombyx mori]
TRINITY_DN39303_c0_g1_i5.p1	NP_001243991.1	52.216	519	242	3	12	528	1	515	0.0	551	529	515	98	NP_001243991.1 UDP-glycosyltransferase UGT33D7 precursor [Bombyx mori]
TRINITY_DN39303_c0_g1_i5.p1	NP_001243959.1	50.791	506	242	2	18	516	5	510	0.0	546	529	516	94	NP_001243959.1 UDP-glycosyltransferase UGT33N1 precursor [Bombyx mori]
TRINITY_DN39303_c0_g1_i5.p1	NP_001243957.1	53.057	507	235	2	24	528	10	515	0.0	544	529	515	95	NP_001243957.1 UDP-glycosyltransferase UGT33D6 [Bombyx mori]
TRINITY_DN39303_c0_g1_i5.p1	NP_001243955.1	53.137	510	237	2	17	526	4	511	0.0	538	529	515	96	NP_001243955.1 UDP-glycosyltransferase UGT33D2 precursor [Bombyx mori]
TRINITY_DN39303_c0_g1_i5.p1	XP_062532682.1	48.611	504	258	1	17	519	6	509	3.85e-170	491	529	519	95	XP_062532682.1 UDP-glycosyltransferase UGT33K1 isoform X1 [Bombyx mori]
TRINITY_DN39303_c0_g1_i5.p1	XP_062532681.1	48.611	504	258	1	17	519	6	509	3.85e-170	491	529	519	95	XP_062532681.1 UDP-glycosyltransferase UGT33K1 isoform X1 [Bombyx mori]
TRINITY_DN39303_c0_g1_i5.p1	NP_001243958.1	48.611	504	258	1	17	519	6	509	3.85e-170	491	529	519	95	NP_001243958.1 UDP-glycosyltransferase UGT33K1 precursor [Bombyx mori]
TRINITY_DN39303_c0_g1_i5.p1	NP_001243962.1	45.866	508	257	6	24	519	9	510	1.33e-162	472	529	521	94	NP_001243962.1 UDP-glycosyltransferase UGT340C1 precursor [Bombyx mori]
TRINITY_DN39303_c0_g1_i5.p1	NP_001243963.1	46.230	504	253	6	30	520	16	514	1.76e-160	467	529	524	93	NP_001243963.1 UDP-glycosyltransferase UGT340C2 precursor [Bombyx mori]
TRINITY_DN39303_c0_g1_i5.p1	NP_001243961.1	43.133	517	280	6	10	525	1	504	3.59e-150	440	529	504	98	NP_001243961.1 UDP-glycosyltransferase UGT33R1 precursor [Bombyx mori]
TRINITY_DN39303_c0_g1_i5.p1	NP_001243992.1	41.199	517	295	5	10	525	1	509	1.73e-140	415	529	509	98	NP_001243992.1 UDP-glycosyltransferase UGT33R2 precursor [Bombyx mori]
TRINITY_DN39303_c0_g1_i5.p1	NP_001243960.1	42.918	473	264	5	15	487	4	470	1.86e-138	409	529	482	89	NP_001243960.1 UDP-glycosyltransferase UGT33Q1 precursor [Bombyx mori]
TRINITY_DN39303_c0_g1_i5.p1	XP_062532683.1	42.217	424	239	5	12	435	1	418	9.83e-117	351	529	419	80	XP_062532683.1 UDP-glycosyltransferase UGT33Q1 isoform X1 [Bombyx mori]
TRINITY_DN39303_c0_g1_i5.p1	XP_062525517.1	31.559	526	336	13	18	526	5	523	9.35e-81	261	529	525	96	XP_062525517.1 UDP-glycosyltransferase UGT39C1 isoform X1 [Bombyx mori]
TRINITY_DN39303_c0_g1_i5.p1	NP_001243964.1	31.559	526	336	13	18	526	5	523	9.35e-81	261	529	525	96	NP_001243964.1 UDP-glycosyltransferase UGT39C1 precursor [Bombyx mori]
TRINITY_DN39303_c0_g1_i5.p1	XP_062525518.1	31.489	524	323	12	18	526	5	507	9.67e-81	261	529	509	96	XP_062525518.1 UDP-glycosyltransferase UGT39C1 isoform X2 [Bombyx mori]
TRINITY_DN39303_c0_g1_i5.p1	NP_001243980.1	32.008	528	308	17	14	518	5	504	2.10e-79	258	529	520	95	NP_001243980.1 UDP-glycosyltransferase UGT39B1 precursor [Bombyx mori]
TRINITY_DN39303_c0_g1_i5.p1	NP_001127730.1	32.049	493	323	4	14	502	7	491	1.25e-77	253	529	525	92	NP_001127730.1 uridine diphosphate glucosyltransferase precursor [Bombyx mori]
TRINITY_DN39303_c0_g1_i5.p1	NP_001182386.1	29.804	510	340	7	15	516	4	503	2.88e-69	231	529	522	95	NP_001182386.1 UDP-glucosyltransferase precursor [Bombyx mori]
TRINITY_DN39303_c0_g1_i5.p1	XP_062525247.1	29.804	510	340	7	15	516	6	505	5.14e-69	231	529	524	95	XP_062525247.1 UDP-glucosyltransferase isoform X2 [Bombyx mori]
TRINITY_DN39303_c0_g1_i7.p1	NP_001040425.1	55.960	495	213	3	14	504	3	496	0.0	578	525	520	94	NP_001040425.1 antennal-enriched UDP-glycosyltransferase precursor [Bombyx mori]
TRINITY_DN39303_c0_g1_i7.p1	NP_001243978.1	54.545	495	221	2	15	505	4	498	0.0	577	525	521	94	NP_001243978.1 UDP-glucosyltransferase precursor [Bombyx mori]
TRINITY_DN39303_c0_g1_i7.p1	NP_001243995.1	54.672	503	223	2	9	510	1	499	0.0	574	525	520	96	NP_001243995.1 UDP-glycosyltransferase UGT33D5 precursor [Bombyx mori]
TRINITY_DN39303_c0_g1_i7.p1	NP_001135960.1	52.941	510	231	4	17	521	5	510	0.0	572	525	514	96	NP_001135960.1 uridine diphosphate glucosyltransferase [Bombyx mori]
TRINITY_DN39303_c0_g1_i7.p1	NP_001243956.1	53.862	492	224	3	18	508	5	494	0.0	568	525	515	94	NP_001243956.1 UDP-glycosyltransferase UGT33D3 [Bombyx mori]
TRINITY_DN39303_c0_g1_i7.p1	NP_001243959.1	50.685	511	247	2	18	524	5	514	0.0	553	525	516	97	NP_001243959.1 UDP-glycosyltransferase UGT33N1 precursor [Bombyx mori]
TRINITY_DN39303_c0_g1_i7.p1	NP_001243991.1	50.688	509	239	4	12	514	1	503	0.0	544	525	515	96	NP_001243991.1 UDP-glycosyltransferase UGT33D7 precursor [Bombyx mori]
TRINITY_DN39303_c0_g1_i7.p1	NP_001243955.1	52.529	514	235	3	17	523	4	515	0.0	542	525	515	97	NP_001243955.1 UDP-glycosyltransferase UGT33D2 precursor [Bombyx mori]
TRINITY_DN39303_c0_g1_i7.p1	NP_001243957.1	51.710	497	231	3	24	514	10	503	0.0	539	525	515	94	NP_001243957.1 UDP-glycosyltransferase UGT33D6 [Bombyx mori]
TRINITY_DN39303_c0_g1_i7.p1	XP_062532682.1	50.212	472	234	1	17	487	6	477	6.70e-170	490	525	519	90	XP_062532682.1 UDP-glycosyltransferase UGT33K1 isoform X1 [Bombyx mori]
TRINITY_DN39303_c0_g1_i7.p1	XP_062532681.1	50.212	472	234	1	17	487	6	477	6.70e-170	490	525	519	90	XP_062532681.1 UDP-glycosyltransferase UGT33K1 isoform X1 [Bombyx mori]
TRINITY_DN39303_c0_g1_i7.p1	NP_001243958.1	50.212	472	234	1	17	487	6	477	6.70e-170	490	525	519	90	NP_001243958.1 UDP-glycosyltransferase UGT33K1 precursor [Bombyx mori]
TRINITY_DN39303_c0_g1_i7.p1	NP_001243962.1	46.771	511	247	8	24	515	9	513	1.49e-161	469	525	521	94	NP_001243962.1 UDP-glycosyltransferase UGT340C1 precursor [Bombyx mori]
TRINITY_DN39303_c0_g1_i7.p1	NP_001243963.1	45.508	512	257	7	30	524	16	522	1.01e-159	464	525	524	94	NP_001243963.1 UDP-glycosyltransferase UGT340C2 precursor [Bombyx mori]
TRINITY_DN39303_c0_g1_i7.p1	NP_001243961.1	43.825	502	267	6	10	511	1	487	3.60e-149	437	525	504	96	NP_001243961.1 UDP-glycosyltransferase UGT33R1 precursor [Bombyx mori]
TRINITY_DN39303_c0_g1_i7.p1	NP_001243992.1	42.116	482	271	4	10	491	1	474	1.57e-139	412	525	509	92	NP_001243992.1 UDP-glycosyltransferase UGT33R2 precursor [Bombyx mori]
TRINITY_DN39303_c0_g1_i7.p1	NP_001243960.1	42.647	476	267	5	12	487	1	470	1.04e-138	409	525	482	91	NP_001243960.1 UDP-glycosyltransferase UGT33Q1 precursor [Bombyx mori]
TRINITY_DN39303_c0_g1_i7.p1	XP_062532683.1	42.217	424	239	5	12	435	1	418	1.01e-116	351	525	419	81	XP_062532683.1 UDP-glycosyltransferase UGT33Q1 isoform X1 [Bombyx mori]
TRINITY_DN39303_c0_g1_i7.p1	XP_062525518.1	31.693	508	317	10	18	516	5	491	3.36e-83	267	525	509	95	XP_062525518.1 UDP-glycosyltransferase UGT39C1 isoform X2 [Bombyx mori]
TRINITY_DN39303_c0_g1_i7.p1	XP_062525517.1	31.765	510	330	11	18	516	5	507	3.60e-83	268	525	525	95	XP_062525517.1 UDP-glycosyltransferase UGT39C1 isoform X1 [Bombyx mori]
TRINITY_DN39303_c0_g1_i7.p1	NP_001243964.1	31.765	510	330	11	18	516	5	507	3.60e-83	268	525	525	95	NP_001243964.1 UDP-glycosyltransferase UGT39C1 precursor [Bombyx mori]
TRINITY_DN39303_c0_g1_i7.p1	NP_001243980.1	32.314	523	309	15	14	514	5	504	1.24e-81	264	525	520	95	NP_001243980.1 UDP-glycosyltransferase UGT39B1 precursor [Bombyx mori]
TRINITY_DN39303_c0_g1_i7.p1	NP_001127730.1	31.673	502	332	3	14	512	7	500	3.36e-80	260	525	525	95	NP_001127730.1 uridine diphosphate glucosyltransferase precursor [Bombyx mori]
TRINITY_DN39303_c0_g1_i7.p1	XP_062525247.1	30.382	497	333	6	15	503	6	497	1.65e-70	234	525	524	93	XP_062525247.1 UDP-glucosyltransferase isoform X2 [Bombyx mori]
TRINITY_DN39303_c0_g1_i7.p1	XP_012550238.1	30.382	497	333	6	15	503	13	504	2.70e-70	234	525	531	93	XP_012550238.1 UDP-glucosyltransferase isoform X1 [Bombyx mori]
TRINITY_DN41259_c0_g1_i1.p1	XP_004923500.1	66.524	233	78	0	5	237	6	238	2.79e-112	331	238	503	98	XP_004923500.1 facilitated trehalose transporter Tret1 [Bombyx mori]
TRINITY_DN41259_c0_g1_i1.p1	XP_012545743.1	62.069	232	88	0	7	238	6	237	4.34e-102	305	238	501	97	XP_012545743.1 facilitated trehalose transporter Tret1 [Bombyx mori]
TRINITY_DN41259_c0_g1_i1.p1	XP_004923499.4	57.328	232	99	0	7	238	34	265	2.18e-95	288	238	518	97	XP_004923499.4 facilitated trehalose transporter Tret1-2 homolog [Bombyx mori]
TRINITY_DN41259_c0_g1_i1.p1	XP_004926071.2	50.216	231	115	0	5	235	4	234	7.91e-80	248	238	491	97	XP_004926071.2 facilitated trehalose transporter Tret1 [Bombyx mori]
TRINITY_DN41259_c0_g1_i1.p1	XP_062532570.1	49.145	234	119	0	1	234	1	234	1.98e-79	247	238	503	98	XP_062532570.1 facilitated trehalose transporter Tret1-like isoform X3 [Bombyx mori]
TRINITY_DN41259_c0_g1_i1.p1	XP_037877228.1	49.145	234	119	0	1	234	1	234	1.98e-79	247	238	503	98	XP_037877228.1 facilitated trehalose transporter Tret1-like isoform X3 [Bombyx mori]
TRINITY_DN41259_c0_g1_i1.p1	XP_062532569.1	48.182	220	114	0	15	234	23	242	9.93e-72	227	238	511	92	XP_062532569.1 facilitated trehalose transporter Tret1-like isoform X2 [Bombyx mori]
TRINITY_DN41259_c0_g1_i1.p1	XP_062532571.1	48.182	220	114	0	15	234	14	233	1.05e-71	227	238	502	92	XP_062532571.1 facilitated trehalose transporter Tret1-like isoform X4 [Bombyx mori]
TRINITY_DN41259_c0_g1_i1.p1	XP_062532568.1	48.182	220	114	0	15	234	27	246	1.27e-71	227	238	515	92	XP_062532568.1 facilitated trehalose transporter Tret1-like isoform X1 [Bombyx mori]
TRINITY_DN41259_c0_g1_i1.p1	XP_004923520.2	48.035	229	118	1	10	237	8	236	4.03e-69	220	238	482	96	XP_004923520.2 facilitated trehalose transporter Tret1 [Bombyx mori]
TRINITY_DN41259_c0_g1_i1.p1	XP_004926978.1	43.860	228	126	1	9	234	13	240	5.87e-67	215	238	507	95	XP_004926978.1 facilitated trehalose transporter Tret1 [Bombyx mori]
TRINITY_DN41259_c0_g1_i1.p1	XP_004923496.2	44.783	230	127	0	6	235	2	231	3.99e-66	212	238	480	97	XP_004923496.2 facilitated trehalose transporter Tret1 isoform X1 [Bombyx mori]
TRINITY_DN41259_c0_g1_i1.p1	XP_062532623.1	42.009	219	125	1	11	227	4	222	1.33e-62	203	238	494	91	XP_062532623.1 facilitated trehalose transporter Tret1 [Bombyx mori]
TRINITY_DN41259_c0_g1_i1.p1	XP_062532622.1	42.009	219	125	1	11	227	4	222	1.33e-62	203	238	494	91	XP_062532622.1 facilitated trehalose transporter Tret1 [Bombyx mori]
TRINITY_DN41259_c0_g1_i1.p1	XP_062532621.1	42.009	219	125	1	11	227	4	222	1.33e-62	203	238	494	91	XP_062532621.1 facilitated trehalose transporter Tret1 [Bombyx mori]
TRINITY_DN41259_c0_g1_i1.p1	XP_062532620.1	42.009	219	125	1	11	227	4	222	1.33e-62	203	238	494	91	XP_062532620.1 facilitated trehalose transporter Tret1 [Bombyx mori]
TRINITY_DN41259_c0_g1_i1.p1	XP_037876814.1	42.009	219	125	1	11	227	4	222	1.33e-62	203	238	494	91	XP_037876814.1 facilitated trehalose transporter Tret1 [Bombyx mori]
TRINITY_DN41259_c0_g1_i1.p1	XP_012546491.2	42.009	219	125	1	11	227	4	222	1.33e-62	203	238	494	91	XP_012546491.2 facilitated trehalose transporter Tret1 [Bombyx mori]
TRINITY_DN41259_c0_g1_i1.p1	XP_021203580.2	39.574	235	141	1	1	235	1	234	3.16e-61	199	238	485	99	XP_021203580.2 uncharacterized protein LOC101735964 isoform X1 [Bombyx mori]
TRINITY_DN41259_c0_g1_i1.p1	XP_062532658.1	39.394	231	139	1	5	235	5	234	4.30e-59	194	238	489	97	XP_062532658.1 uncharacterized protein LOC101743433 isoform X1 [Bombyx mori]
TRINITY_DN41259_c0_g1_i1.p1	XP_062532383.1	39.394	231	139	1	5	235	5	234	5.73e-59	194	238	489	97	XP_062532383.1 uncharacterized protein LOC101735552 [Bombyx mori]
TRINITY_DN41259_c0_g1_i1.p1	XP_021203605.1	40.000	235	140	1	1	235	1	234	7.24e-59	193	238	485	99	XP_021203605.1 uncharacterized protein LOC110384696 isoform X3 [Bombyx mori]
TRINITY_DN41259_c0_g1_i1.p1	XP_012545735.3	38.961	231	140	1	5	235	5	234	1.08e-58	193	238	489	97	XP_012545735.3 uncharacterized protein LOC101735692 isoform X1 [Bombyx mori]
TRINITY_DN41259_c0_g1_i1.p1	XP_037876890.1	40.260	231	137	1	5	235	8	237	9.69e-57	188	238	492	97	XP_037876890.1 uncharacterized protein LOC101737798 [Bombyx mori]
TRINITY_DN41259_c0_g1_i1.p1	XP_037876889.1	39.827	231	138	1	5	235	8	237	4.85e-56	186	238	491	97	XP_037876889.1 uncharacterized protein LOC105841619 [Bombyx mori]
TRINITY_DN5199_c0_g1_i1.p1	NP_001243974.1	46.080	523	256	11	8	525	10	511	2.15e-151	443	526	511	98	NP_001243974.1 UDP-glycosyltransferase UGT48C1 precursor [Bombyx mori]
TRINITY_DN5199_c0_g1_i1.p1	XP_012550238.1	34.879	539	328	10	1	524	1	531	7.56e-103	319	526	531	99	XP_012550238.1 UDP-glucosyltransferase isoform X1 [Bombyx mori]
TRINITY_DN5199_c0_g1_i1.p1	XP_062525247.1	34.962	532	330	10	1	524	1	524	7.92e-103	319	526	524	99	XP_062525247.1 UDP-glucosyltransferase isoform X2 [Bombyx mori]
TRINITY_DN5199_c0_g1_i1.p1	NP_001182386.1	34.857	525	326	10	8	524	6	522	1.64e-102	318	526	522	98	NP_001182386.1 UDP-glucosyltransferase precursor [Bombyx mori]
TRINITY_DN5199_c0_g1_i1.p1	XP_012550236.1	35.630	508	303	8	11	503	6	504	5.03e-102	317	526	517	94	XP_012550236.1 UDP-glucosyltransferase protein 3 isoform X1 [Bombyx mori]
TRINITY_DN5199_c0_g1_i1.p1	NP_001037040.1	35.968	506	308	8	9	506	5	502	1.45e-101	315	526	520	95	NP_001037040.1 phenol UDP-glucosyltransferase precursor [Bombyx mori]
TRINITY_DN5199_c0_g1_i1.p1	NP_001243981.1	36.270	488	296	8	10	490	8	487	6.78e-96	301	526	518	91	NP_001243981.1 UDP-glycosyltransferase UGT40B3 precursor [Bombyx mori]
TRINITY_DN5199_c0_g1_i1.p1	XP_037867794.1	35.597	486	290	9	8	482	5	478	2.39e-95	299	526	514	90	XP_037867794.1 UDP-glucosyltransferase isoform X1 [Bombyx mori]
TRINITY_DN5199_c0_g1_i1.p1	XP_012550240.1	35.597	486	290	9	8	482	5	478	2.39e-95	299	526	514	90	XP_012550240.1 UDP-glucosyltransferase isoform X1 [Bombyx mori]
TRINITY_DN5199_c0_g1_i1.p1	NP_001182387.1	35.597	486	290	9	8	482	5	478	2.39e-95	299	526	514	90	NP_001182387.1 UDP-glucosyltransferase precursor [Bombyx mori]
TRINITY_DN5199_c0_g1_i1.p1	NP_001243965.1	35.124	484	307	5	10	490	8	487	3.56e-95	299	526	518	91	NP_001243965.1 UDP-glycosyltransferase UGT40B4 precursor [Bombyx mori]
TRINITY_DN5199_c0_g1_i1.p1	XP_037868047.1	34.917	484	308	5	10	490	8	487	1.96e-93	294	526	518	91	XP_037868047.1 UDP-glucosyltransferase 2 [Bombyx mori]
TRINITY_DN5199_c0_g1_i1.p1	NP_001182395.1	33.984	512	316	6	8	508	6	506	2.75e-91	289	526	520	95	NP_001182395.1 UDP-glucosyltransferase precursor [Bombyx mori]
TRINITY_DN5199_c0_g1_i1.p1	NP_001182390.1	34.447	479	298	6	24	493	22	493	4.33e-91	288	526	519	89	NP_001182390.1 UDP-glucosyltransferase precursor [Bombyx mori]
TRINITY_DN5199_c0_g1_i1.p1	NP_001161187.1	35.129	464	283	7	11	462	5	462	1.26e-89	283	526	462	86	NP_001161187.1 UDP-glucosyltransferase protein 3 [Bombyx mori]
TRINITY_DN5199_c0_g1_i1.p1	XP_021207027.1	37.845	399	244	3	109	506	5	400	7.54e-88	276	526	418	76	XP_021207027.1 phenol UDP-glucosyltransferase isoform X1 [Bombyx mori]
TRINITY_DN5199_c0_g1_i1.p1	XP_062525248.1	33.925	451	282	6	52	493	4	447	8.77e-84	268	526	473	84	XP_062525248.1 UDP-glucosyltransferase isoform X1 [Bombyx mori]
TRINITY_DN5199_c0_g1_i1.p1	NP_001182388.1	35.733	389	244	3	118	505	47	430	1.51e-83	266	526	443	74	NP_001182388.1 UDP-glucosyltransferase [Bombyx mori]
TRINITY_DN5199_c0_g1_i1.p1	XP_062525425.1	37.240	384	237	3	108	490	30	410	1.58e-81	261	526	441	73	XP_062525425.1 UDP-glucosyltransferase 2 [Bombyx mori]
TRINITY_DN5199_c0_g1_i1.p1	NP_001182389.1	31.048	496	304	8	7	484	5	480	2.09e-81	263	526	516	91	NP_001182389.1 UDP-glucosyltransferase precursor [Bombyx mori]
TRINITY_DN5199_c0_g1_i1.p1	XP_062525249.1	36.534	427	256	8	10	429	8	426	2.11e-81	261	526	439	80	XP_062525249.1 UDP-glycosyltransferase UGT40B3 isoform X1 [Bombyx mori]
TRINITY_DN5199_c0_g1_i1.p1	XP_062531495.1	31.391	532	342	10	1	524	1	517	1.80e-67	226	526	517	99	XP_062531495.1 UDP-glycosyltransferase UGT41A2 isoform X1 [Bombyx mori]
TRINITY_DN5199_c0_g1_i1.p1	XP_037875535.1	31.391	532	342	10	1	524	1	517	1.80e-67	226	526	517	99	XP_037875535.1 UDP-glycosyltransferase UGT41A2 isoform X1 [Bombyx mori]
TRINITY_DN5199_c0_g1_i1.p1	NP_001243966.1	31.391	532	342	10	1	524	1	517	3.45e-67	226	526	517	99	NP_001243966.1 UDP-glycosyltransferase UGT41A2 precursor [Bombyx mori]
TRINITY_DN5199_c0_g1_i1.p1	XP_037875539.1	30.485	515	335	10	1	508	1	499	6.63e-62	211	526	518	97	XP_037875539.1 UDP-glycosyltransferase UGT41A1 isoform X1 [Bombyx mori]
TRINITY_DN5252_c0_g3_i1.p1	NP_001243956.1	69.697	165	50	0	2	166	297	461	3.01e-81	249	166	515	99	NP_001243956.1 UDP-glycosyltransferase UGT33D3 [Bombyx mori]
TRINITY_DN5252_c0_g3_i1.p1	NP_001243978.1	67.879	165	53	0	2	166	302	466	2.20e-80	247	166	521	99	NP_001243978.1 UDP-glucosyltransferase precursor [Bombyx mori]
TRINITY_DN5252_c0_g3_i1.p1	NP_001243991.1	68.485	165	52	0	2	166	297	461	1.25e-79	245	166	515	99	NP_001243991.1 UDP-glycosyltransferase UGT33D7 precursor [Bombyx mori]
TRINITY_DN5252_c0_g3_i1.p1	NP_001243957.1	68.485	165	52	0	2	166	297	461	1.62e-79	244	166	515	99	NP_001243957.1 UDP-glycosyltransferase UGT33D6 [Bombyx mori]
TRINITY_DN5252_c0_g3_i1.p1	NP_001135960.1	67.273	165	54	0	2	166	296	460	1.70e-79	244	166	514	99	NP_001135960.1 uridine diphosphate glucosyltransferase [Bombyx mori]
TRINITY_DN5252_c0_g3_i1.p1	NP_001243995.1	66.061	165	56	0	2	166	301	465	4.56e-79	243	166	520	99	NP_001243995.1 UDP-glycosyltransferase UGT33D5 precursor [Bombyx mori]
TRINITY_DN5252_c0_g3_i1.p1	NP_001243955.1	67.879	165	53	0	2	166	297	461	7.53e-79	243	166	515	99	NP_001243955.1 UDP-glycosyltransferase UGT33D2 precursor [Bombyx mori]
TRINITY_DN5252_c0_g3_i1.p1	NP_001040425.1	65.455	165	57	0	2	166	301	465	5.04e-77	238	166	520	99	NP_001040425.1 antennal-enriched UDP-glycosyltransferase precursor [Bombyx mori]
TRINITY_DN5252_c0_g3_i1.p1	NP_001243959.1	58.788	165	68	0	2	166	299	463	1.11e-69	219	166	516	99	NP_001243959.1 UDP-glycosyltransferase UGT33N1 precursor [Bombyx mori]
TRINITY_DN5252_c0_g3_i1.p1	NP_001243962.1	56.707	164	71	0	2	165	303	466	5.62e-64	204	166	521	99	NP_001243962.1 UDP-glycosyltransferase UGT340C1 precursor [Bombyx mori]
TRINITY_DN5252_c0_g3_i1.p1	XP_062532682.1	57.927	164	69	0	3	166	303	466	7.58e-64	204	166	519	99	XP_062532682.1 UDP-glycosyltransferase UGT33K1 isoform X1 [Bombyx mori]
TRINITY_DN5252_c0_g3_i1.p1	XP_062532681.1	57.927	164	69	0	3	166	303	466	7.58e-64	204	166	519	99	XP_062532681.1 UDP-glycosyltransferase UGT33K1 isoform X1 [Bombyx mori]
TRINITY_DN5252_c0_g3_i1.p1	NP_001243958.1	57.927	164	69	0	3	166	303	466	7.58e-64	204	166	519	99	NP_001243958.1 UDP-glycosyltransferase UGT33K1 precursor [Bombyx mori]
TRINITY_DN5252_c0_g3_i1.p1	NP_001243963.1	56.024	166	73	0	1	166	305	470	9.16e-64	204	166	524	100	NP_001243963.1 UDP-glycosyltransferase UGT340C2 precursor [Bombyx mori]
TRINITY_DN5252_c0_g3_i1.p1	NP_001243961.1	49.697	165	83	0	2	166	290	454	3.76e-57	186	166	504	99	NP_001243961.1 UDP-glycosyltransferase UGT33R1 precursor [Bombyx mori]
TRINITY_DN5252_c0_g3_i1.p1	NP_001243992.1	47.879	165	86	0	2	166	295	459	5.82e-55	181	166	509	99	NP_001243992.1 UDP-glycosyltransferase UGT33R2 precursor [Bombyx mori]
TRINITY_DN5252_c0_g3_i1.p1	NP_001243960.1	42.593	162	93	0	5	166	298	459	1.37e-48	163	166	482	98	NP_001243960.1 UDP-glycosyltransferase UGT33Q1 precursor [Bombyx mori]
TRINITY_DN5252_c0_g3_i1.p1	XP_062525517.1	36.747	166	105	0	1	166	302	467	2.41e-36	131	166	525	100	XP_062525517.1 UDP-glycosyltransferase UGT39C1 isoform X1 [Bombyx mori]
TRINITY_DN5252_c0_g3_i1.p1	NP_001243964.1	36.747	166	105	0	1	166	302	467	2.41e-36	131	166	525	100	NP_001243964.1 UDP-glycosyltransferase UGT39C1 precursor [Bombyx mori]
TRINITY_DN5252_c0_g3_i1.p1	XP_062525518.1	36.747	166	105	0	1	166	286	451	3.06e-36	131	166	509	100	XP_062525518.1 UDP-glycosyltransferase UGT39C1 isoform X2 [Bombyx mori]
TRINITY_DN5252_c0_g3_i1.p1	XP_062529502.1	38.922	167	101	1	1	166	299	465	1.81e-34	126	166	538	100	XP_062529502.1 UDP-glycosyltransferase UGT50A1 isoform X1 [Bombyx mori]
TRINITY_DN5252_c0_g3_i1.p1	XP_037873014.1	38.922	167	101	1	1	166	299	465	1.81e-34	126	166	538	100	XP_037873014.1 UDP-glycosyltransferase UGT50A1 isoform X1 [Bombyx mori]
TRINITY_DN5252_c0_g3_i1.p1	NP_001243994.1	38.922	167	101	1	1	166	301	467	1.82e-34	126	166	540	100	NP_001243994.1 UDP-glycosyltransferase UGT50A1 precursor [Bombyx mori]
TRINITY_DN5252_c0_g3_i1.p1	XP_062525425.1	38.889	162	98	1	5	166	231	391	2.24e-34	125	166	441	98	XP_062525425.1 UDP-glucosyltransferase 2 [Bombyx mori]
TRINITY_DN5252_c0_g3_i1.p1	NP_001182386.1	37.654	162	100	1	5	166	308	468	1.44e-33	124	166	522	98	NP_001182386.1 UDP-glucosyltransferase precursor [Bombyx mori]
TRINITY_DN566_c0_g2_i1.p1	XP_037874115.1	61.826	482	179	3	3	483	2	479	0.0	584	492	479	98	XP_037874115.1 facilitated trehalose transporter Tret1 isoform X5 [Bombyx mori]
TRINITY_DN566_c0_g2_i1.p1	XP_062530222.1	62.745	408	147	3	3	409	2	405	1.35e-175	501	492	448	83	XP_062530222.1 facilitated trehalose transporter Tret1-like isoform X6 [Bombyx mori]
TRINITY_DN566_c0_g2_i1.p1	XP_004927668.3	50.103	485	236	3	1	485	1	479	2.97e-172	494	492	484	99	XP_004927668.3 facilitated trehalose transporter Tret1 [Bombyx mori]
TRINITY_DN566_c0_g2_i1.p1	XP_012546859.1	37.815	476	287	2	13	488	5	471	4.56e-110	335	492	476	97	XP_012546859.1 uncharacterized protein LOC101736231 [Bombyx mori]
TRINITY_DN566_c0_g2_i1.p1	XP_004927669.1	36.009	461	288	4	29	484	22	480	5.24e-84	268	492	480	93	XP_004927669.1 facilitated trehalose transporter Tret1-2 homolog isoform X2 [Bombyx mori]
TRINITY_DN566_c0_g2_i1.p1	XP_062530224.1	34.801	477	288	5	29	484	22	496	1.03e-79	257	492	496	93	XP_062530224.1 facilitated trehalose transporter Tret1-2 homolog isoform X1 [Bombyx mori]
TRINITY_DN566_c0_g2_i1.p1	XP_062530456.1	35.613	424	266	4	29	447	22	443	4.95e-74	243	492	548	85	XP_062530456.1 facilitated trehalose transporter Tret1-2 homolog [Bombyx mori]
TRINITY_DN566_c0_g2_i1.p1	XP_062530225.1	34.860	393	249	4	97	484	2	392	6.49e-67	220	492	392	79	XP_062530225.1 facilitated trehalose transporter Tret1-2 homolog isoform X3 [Bombyx mori]
TRINITY_DN566_c0_g2_i1.p1	XP_012546373.1	28.352	455	295	7	29	481	30	455	4.81e-46	167	492	461	92	XP_012546373.1 facilitated trehalose transporter Tret1 [Bombyx mori]
TRINITY_DN566_c0_g2_i1.p1	XP_004922520.1	27.655	499	316	9	2	488	12	477	4.84e-44	162	492	488	99	XP_004922520.1 facilitated trehalose transporter Tret1-like [Bombyx mori]
TRINITY_DN566_c0_g2_i1.p1	XP_004922577.1	27.331	472	301	9	29	488	36	477	2.59e-43	160	492	488	93	XP_004922577.1 solute carrier family 2, facilitated glucose transporter member 8 [Bombyx mori]
TRINITY_DN566_c0_g2_i1.p1	XP_037874078.1	27.586	464	302	6	29	485	33	469	4.00e-43	159	492	479	93	XP_037874078.1 facilitated trehalose transporter Tret1 [Bombyx mori]
TRINITY_DN566_c0_g2_i1.p1	XP_062532285.1	26.600	500	322	12	1	491	8	471	7.01e-41	153	492	471	99	XP_062532285.1 facilitated trehalose transporter Tret1 isoform X1 [Bombyx mori]
TRINITY_DN566_c0_g2_i1.p1	XP_021208155.2	26.600	500	322	12	1	491	8	471	7.01e-41	153	492	471	99	XP_021208155.2 facilitated trehalose transporter Tret1 isoform X1 [Bombyx mori]
TRINITY_DN566_c0_g2_i1.p1	XP_062530195.1	30.882	340	229	4	12	348	9	345	7.86e-40	154	492	1047	68	XP_062530195.1 uncharacterized protein LOC101747211 isoform X1 [Bombyx mori]
TRINITY_DN566_c0_g2_i1.p1	XP_062530196.1	30.882	340	229	4	12	348	9	345	1.03e-39	154	492	1008	68	XP_062530196.1 glycosylphosphatidylinositol anchor attachment 1 protein isoform X2 [Bombyx mori]
TRINITY_DN566_c0_g2_i1.p1	XP_062532286.1	27.079	469	301	11	32	491	3	439	2.68e-38	145	492	439	93	XP_062532286.1 facilitated trehalose transporter Tret1 isoform X2 [Bombyx mori]
TRINITY_DN566_c0_g2_i1.p1	XP_037866889.1	25.355	493	306	13	14	490	27	473	6.30e-38	145	492	490	97	XP_037866889.1 facilitated trehalose transporter Tret1 [Bombyx mori]
TRINITY_DN566_c0_g2_i1.p1	XP_004926386.1	26.144	459	295	10	29	476	32	457	3.11e-37	142	492	463	91	XP_004926386.1 facilitated trehalose transporter Tret1-like isoform X1 [Bombyx mori]
TRINITY_DN566_c0_g2_i1.p1	XP_062532284.1	25.150	501	328	13	2	490	20	485	7.21e-36	139	492	487	99	XP_062532284.1 facilitated trehalose transporter Tret1-like [Bombyx mori]
TRINITY_DN566_c0_g2_i1.p1	XP_037876551.1	25.786	477	311	8	14	481	35	477	1.15e-35	138	492	477	95	XP_037876551.1 facilitated trehalose transporter Tret1 isoform X1 [Bombyx mori]
TRINITY_DN566_c0_g2_i1.p1	XP_004932337.1	25.217	460	294	10	29	476	24	445	2.58e-35	137	492	470	91	XP_004932337.1 facilitated trehalose transporter Tret1 [Bombyx mori]
TRINITY_DN566_c0_g2_i1.p1	XP_062527949.1	26.988	415	260	9	72	476	4	385	1.00e-34	134	492	391	82	XP_062527949.1 facilitated trehalose transporter Tret1 isoform X2 [Bombyx mori]
TRINITY_DN566_c0_g2_i1.p1	XP_004933590.3	26.602	515	321	13	2	490	263	746	4.39e-34	136	492	747	99	XP_004933590.3 facilitated trehalose transporter Tret1 [Bombyx mori]
TRINITY_DN566_c0_g2_i1.p1	NP_001108344.1	26.328	433	263	10	67	485	103	493	2.22e-33	132	492	505	85	NP_001108344.1 facilitated trehalose transporter Tret1 [Bombyx mori]
TRINITY_DN566_c0_g2_i2.p1	XP_037874115.1	61.826	482	179	3	3	483	2	479	0.0	584	492	479	98	XP_037874115.1 facilitated trehalose transporter Tret1 isoform X5 [Bombyx mori]
TRINITY_DN566_c0_g2_i2.p1	XP_062530222.1	62.745	408	147	3	3	409	2	405	1.35e-175	501	492	448	83	XP_062530222.1 facilitated trehalose transporter Tret1-like isoform X6 [Bombyx mori]
TRINITY_DN566_c0_g2_i2.p1	XP_004927668.3	50.103	485	236	3	1	485	1	479	2.97e-172	494	492	484	99	XP_004927668.3 facilitated trehalose transporter Tret1 [Bombyx mori]
TRINITY_DN566_c0_g2_i2.p1	XP_012546859.1	37.815	476	287	2	13	488	5	471	4.56e-110	335	492	476	97	XP_012546859.1 uncharacterized protein LOC101736231 [Bombyx mori]
TRINITY_DN566_c0_g2_i2.p1	XP_004927669.1	36.009	461	288	4	29	484	22	480	5.24e-84	268	492	480	93	XP_004927669.1 facilitated trehalose transporter Tret1-2 homolog isoform X2 [Bombyx mori]
TRINITY_DN566_c0_g2_i2.p1	XP_062530224.1	34.801	477	288	5	29	484	22	496	1.03e-79	257	492	496	93	XP_062530224.1 facilitated trehalose transporter Tret1-2 homolog isoform X1 [Bombyx mori]
TRINITY_DN566_c0_g2_i2.p1	XP_062530456.1	35.613	424	266	4	29	447	22	443	4.95e-74	243	492	548	85	XP_062530456.1 facilitated trehalose transporter Tret1-2 homolog [Bombyx mori]
TRINITY_DN566_c0_g2_i2.p1	XP_062530225.1	34.860	393	249	4	97	484	2	392	6.49e-67	220	492	392	79	XP_062530225.1 facilitated trehalose transporter Tret1-2 homolog isoform X3 [Bombyx mori]
TRINITY_DN566_c0_g2_i2.p1	XP_012546373.1	28.352	455	295	7	29	481	30	455	4.81e-46	167	492	461	92	XP_012546373.1 facilitated trehalose transporter Tret1 [Bombyx mori]
TRINITY_DN566_c0_g2_i2.p1	XP_004922520.1	27.655	499	316	9	2	488	12	477	4.84e-44	162	492	488	99	XP_004922520.1 facilitated trehalose transporter Tret1-like [Bombyx mori]
TRINITY_DN566_c0_g2_i2.p1	XP_004922577.1	27.331	472	301	9	29	488	36	477	2.59e-43	160	492	488	93	XP_004922577.1 solute carrier family 2, facilitated glucose transporter member 8 [Bombyx mori]
TRINITY_DN566_c0_g2_i2.p1	XP_037874078.1	27.586	464	302	6	29	485	33	469	4.00e-43	159	492	479	93	XP_037874078.1 facilitated trehalose transporter Tret1 [Bombyx mori]
TRINITY_DN566_c0_g2_i2.p1	XP_062532285.1	26.600	500	322	12	1	491	8	471	7.01e-41	153	492	471	99	XP_062532285.1 facilitated trehalose transporter Tret1 isoform X1 [Bombyx mori]
TRINITY_DN566_c0_g2_i2.p1	XP_021208155.2	26.600	500	322	12	1	491	8	471	7.01e-41	153	492	471	99	XP_021208155.2 facilitated trehalose transporter Tret1 isoform X1 [Bombyx mori]
TRINITY_DN566_c0_g2_i2.p1	XP_062530195.1	30.882	340	229	4	12	348	9	345	7.86e-40	154	492	1047	68	XP_062530195.1 uncharacterized protein LOC101747211 isoform X1 [Bombyx mori]
TRINITY_DN566_c0_g2_i2.p1	XP_062530196.1	30.882	340	229	4	12	348	9	345	1.03e-39	154	492	1008	68	XP_062530196.1 glycosylphosphatidylinositol anchor attachment 1 protein isoform X2 [Bombyx mori]
TRINITY_DN566_c0_g2_i2.p1	XP_062532286.1	27.079	469	301	11	32	491	3	439	2.68e-38	145	492	439	93	XP_062532286.1 facilitated trehalose transporter Tret1 isoform X2 [Bombyx mori]
TRINITY_DN566_c0_g2_i2.p1	XP_037866889.1	25.355	493	306	13	14	490	27	473	6.30e-38	145	492	490	97	XP_037866889.1 facilitated trehalose transporter Tret1 [Bombyx mori]
TRINITY_DN566_c0_g2_i2.p1	XP_004926386.1	26.144	459	295	10	29	476	32	457	3.11e-37	142	492	463	91	XP_004926386.1 facilitated trehalose transporter Tret1-like isoform X1 [Bombyx mori]
TRINITY_DN566_c0_g2_i2.p1	XP_062532284.1	25.150	501	328	13	2	490	20	485	7.21e-36	139	492	487	99	XP_062532284.1 facilitated trehalose transporter Tret1-like [Bombyx mori]
TRINITY_DN566_c0_g2_i2.p1	XP_037876551.1	25.786	477	311	8	14	481	35	477	1.15e-35	138	492	477	95	XP_037876551.1 facilitated trehalose transporter Tret1 isoform X1 [Bombyx mori]
TRINITY_DN566_c0_g2_i2.p1	XP_004932337.1	25.217	460	294	10	29	476	24	445	2.58e-35	137	492	470	91	XP_004932337.1 facilitated trehalose transporter Tret1 [Bombyx mori]
TRINITY_DN566_c0_g2_i2.p1	XP_062527949.1	26.988	415	260	9	72	476	4	385	1.00e-34	134	492	391	82	XP_062527949.1 facilitated trehalose transporter Tret1 isoform X2 [Bombyx mori]
TRINITY_DN566_c0_g2_i2.p1	XP_004933590.3	26.602	515	321	13	2	490	263	746	4.39e-34	136	492	747	99	XP_004933590.3 facilitated trehalose transporter Tret1 [Bombyx mori]
TRINITY_DN566_c0_g2_i2.p1	NP_001108344.1	26.328	433	263	10	67	485	103	493	2.22e-33	132	492	505	85	NP_001108344.1 facilitated trehalose transporter Tret1 [Bombyx mori]
TRINITY_DN60107_c0_g1_i1.p1	XP_062527289.1	69.608	102	31	0	1	102	193	294	4.70e-49	162	102	527	100	XP_062527289.1 UDP-glycosyltransferase UGT46A2 isoform X1 [Bombyx mori]
TRINITY_DN60107_c0_g1_i1.p1	NP_001243972.1	66.667	102	34	0	1	102	191	292	5.96e-47	157	102	525	100	NP_001243972.1 UDP-glycosyltransferase UGT46A2 precursor [Bombyx mori]
TRINITY_DN60107_c0_g1_i1.p1	XP_037870428.1	48.810	84	42	1	6	89	191	273	1.45e-20	85.1	102	521	82	XP_037870428.1 LOW QUALITY PROTEIN: UDP-glucosyltransferase 2 [Bombyx mori]
TRINITY_DN60107_c0_g1_i1.p1	NP_001243973.1	40.404	99	57	2	3	101	179	275	6.96e-18	77.4	102	536	97	NP_001243973.1 UDP-glycosyltransferase UGT47A1 precursor [Bombyx mori]
TRINITY_DN60107_c0_g1_i1.p1	XP_062525517.1	32.692	104	67	1	2	102	184	287	1.91e-12	62.0	102	525	99	XP_062525517.1 UDP-glycosyltransferase UGT39C1 isoform X1 [Bombyx mori]
TRINITY_DN60107_c0_g1_i1.p1	NP_001243964.1	32.692	104	67	1	2	102	184	287	1.91e-12	62.0	102	525	99	NP_001243964.1 UDP-glycosyltransferase UGT39C1 precursor [Bombyx mori]
TRINITY_DN60107_c0_g1_i1.p1	XP_062525518.1	32.692	104	67	1	2	102	168	271	1.98e-12	62.0	102	509	99	XP_062525518.1 UDP-glycosyltransferase UGT39C1 isoform X2 [Bombyx mori]
TRINITY_DN60107_c0_g1_i1.p1	NP_001243980.1	27.885	104	72	1	2	102	184	287	1.25e-11	59.7	102	520	99	NP_001243980.1 UDP-glycosyltransferase UGT39B1 precursor [Bombyx mori]
TRINITY_DN60107_c0_g1_i1.p1	NP_001243970.1	32.927	82	54	1	4	85	188	268	1.39e-11	59.7	102	516	80	NP_001243970.1 UDP-glycosyltransferase UGT43B1 precursor [Bombyx mori]
TRINITY_DN60107_c0_g1_i1.p1	NP_001243971.1	31.915	94	63	1	9	102	189	281	2.37e-08	50.4	102	525	92	NP_001243971.1 UDP-glycosyltransferase UGT44A1 [Bombyx mori]
TRINITY_DN60107_c0_g1_i1.p1	XP_062529502.1	25.263	95	70	1	3	97	186	279	1.77e-06	45.1	102	538	93	XP_062529502.1 UDP-glycosyltransferase UGT50A1 isoform X1 [Bombyx mori]
TRINITY_DN60107_c0_g1_i1.p1	XP_037873014.1	25.263	95	70	1	3	97	186	279	1.77e-06	45.1	102	538	93	XP_037873014.1 UDP-glycosyltransferase UGT50A1 isoform X1 [Bombyx mori]
TRINITY_DN60107_c0_g1_i1.p1	NP_001243994.1	25.263	95	70	1	3	97	188	281	1.81e-06	45.1	102	540	93	NP_001243994.1 UDP-glycosyltransferase UGT50A1 precursor [Bombyx mori]
TRINITY_DN60107_c0_g1_i1.p1	XP_062525248.1	26.471	102	68	1	7	101	144	245	2.19e-06	44.7	102	473	93	XP_062525248.1 UDP-glucosyltransferase isoform X1 [Bombyx mori]
TRINITY_DN60107_c0_g1_i1.p1	NP_001182390.1	26.214	103	69	1	7	102	190	292	2.48e-06	44.7	102	519	94	NP_001182390.1 UDP-glucosyltransferase precursor [Bombyx mori]
TRINITY_DN60107_c0_g1_i1.p1	NP_001243969.1	28.713	101	70	2	2	102	184	282	1.36e-05	42.4	102	509	99	NP_001243969.1 UDP-glycosyltransferase UGT42A2 precursor [Bombyx mori]
TRINITY_DN60107_c0_g1_i1.p1	NP_001243968.1	27.723	101	71	2	2	102	182	280	2.05e-05	42.0	102	512	99	NP_001243968.1 UDP-glycosyltransferase UGT42A1 [Bombyx mori]
TRINITY_DN60107_c0_g1_i1.p1	NP_001243963.1	25.490	102	71	3	3	101	190	289	2.50e-05	41.6	102	524	97	NP_001243963.1 UDP-glycosyltransferase UGT340C2 precursor [Bombyx mori]
TRINITY_DN60107_c0_g1_i1.p1	NP_001243959.1	28.986	69	48	1	34	102	216	283	3.09e-05	41.6	102	516	68	NP_001243959.1 UDP-glycosyltransferase UGT33N1 precursor [Bombyx mori]
TRINITY_DN60107_c0_g1_i1.p1	XP_037875538.1	28.431	102	65	2	7	101	182	282	3.71e-05	41.2	102	434	93	XP_037875538.1 UDP-glycosyltransferase UGT41A3 isoform X2 [Bombyx mori]
TRINITY_DN60107_c0_g1_i1.p1	NP_001243978.1	27.160	81	58	1	21	101	206	285	3.83e-05	41.2	102	521	79	NP_001243978.1 UDP-glucosyltransferase precursor [Bombyx mori]
TRINITY_DN60107_c0_g1_i1.p1	NP_001040425.1	25.000	96	70	2	7	102	192	285	4.88e-05	40.8	102	520	94	NP_001040425.1 antennal-enriched UDP-glycosyltransferase precursor [Bombyx mori]
TRINITY_DN60107_c0_g1_i1.p1	XP_062531498.1	28.431	102	65	2	7	101	182	282	5.22e-05	40.8	102	516	93	XP_062531498.1 UDP-glycosyltransferase UGT41A3 isoform X1 [Bombyx mori]
TRINITY_DN60107_c0_g1_i1.p1	XP_037875537.1	28.431	102	65	2	7	101	182	282	5.22e-05	40.8	102	516	93	XP_037875537.1 UDP-glycosyltransferase UGT41A3 isoform X1 [Bombyx mori]
TRINITY_DN60107_c0_g1_i1.p1	NP_001243967.1	28.431	102	65	2	7	101	182	282	5.22e-05	40.8	102	516	93	NP_001243967.1 UDP-glycosyltransferase UGT41A3 precursor [Bombyx mori]
TRINITY_DN654_c0_g1_i1.p1	NP_001037040.1	49.640	139	69	1	7	145	5	142	4.09e-38	135	146	520	95	NP_001037040.1 phenol UDP-glucosyltransferase precursor [Bombyx mori]
TRINITY_DN654_c0_g1_i1.p1	XP_012550236.1	41.844	141	78	3	7	145	8	146	5.09e-32	119	146	517	95	XP_012550236.1 UDP-glucosyltransferase protein 3 isoform X1 [Bombyx mori]
TRINITY_DN654_c0_g1_i1.p1	NP_001161187.1	41.135	141	79	3	7	145	7	145	1.34e-31	117	146	462	95	NP_001161187.1 UDP-glucosyltransferase protein 3 [Bombyx mori]
TRINITY_DN654_c0_g1_i1.p1	XP_062525247.1	45.070	142	74	2	1	139	1	141	1.26e-28	109	146	524	95	XP_062525247.1 UDP-glucosyltransferase isoform X2 [Bombyx mori]
TRINITY_DN654_c0_g1_i1.p1	XP_012550238.1	45.070	142	74	2	1	139	8	148	1.36e-28	109	146	531	95	XP_012550238.1 UDP-glucosyltransferase isoform X1 [Bombyx mori]
TRINITY_DN654_c0_g1_i1.p1	XP_062525249.1	41.892	148	78	5	1	145	1	143	2.60e-28	108	146	439	99	XP_062525249.1 UDP-glycosyltransferase UGT40B3 isoform X1 [Bombyx mori]
TRINITY_DN654_c0_g1_i1.p1	NP_001243981.1	41.892	148	78	5	1	145	1	143	4.81e-28	108	146	518	99	NP_001243981.1 UDP-glycosyltransferase UGT40B3 precursor [Bombyx mori]
TRINITY_DN654_c0_g1_i1.p1	NP_001182386.1	47.934	121	62	1	19	139	20	139	1.45e-27	106	146	522	83	NP_001182386.1 UDP-glucosyltransferase precursor [Bombyx mori]
TRINITY_DN654_c0_g1_i1.p1	XP_037868047.1	40.132	152	75	5	1	145	1	143	1.77e-27	106	146	518	99	XP_037868047.1 UDP-glucosyltransferase 2 [Bombyx mori]
TRINITY_DN654_c0_g1_i1.p1	NP_001243965.1	41.892	148	78	5	1	145	1	143	1.83e-27	106	146	518	99	NP_001243965.1 UDP-glycosyltransferase UGT40B4 precursor [Bombyx mori]
TRINITY_DN654_c0_g1_i1.p1	XP_037867794.1	39.568	139	83	1	1	139	1	138	1.60e-26	103	146	514	95	XP_037867794.1 UDP-glucosyltransferase isoform X1 [Bombyx mori]
TRINITY_DN654_c0_g1_i1.p1	XP_012550240.1	39.568	139	83	1	1	139	1	138	1.60e-26	103	146	514	95	XP_012550240.1 UDP-glucosyltransferase isoform X1 [Bombyx mori]
TRINITY_DN654_c0_g1_i1.p1	NP_001182387.1	39.568	139	83	1	1	139	1	138	1.60e-26	103	146	514	95	NP_001182387.1 UDP-glucosyltransferase precursor [Bombyx mori]
TRINITY_DN654_c0_g1_i1.p1	NP_001182395.1	39.310	145	85	2	1	145	2	143	4.36e-24	97.1	146	520	99	NP_001182395.1 UDP-glucosyltransferase precursor [Bombyx mori]
TRINITY_DN654_c0_g1_i1.p1	NP_001182389.1	36.486	148	84	5	1	145	1	141	5.38e-19	82.4	146	516	99	NP_001182389.1 UDP-glucosyltransferase precursor [Bombyx mori]
TRINITY_DN654_c0_g1_i1.p1	NP_001182390.1	31.469	143	96	2	5	145	3	145	3.35e-18	80.1	146	519	97	NP_001182390.1 UDP-glucosyltransferase precursor [Bombyx mori]
TRINITY_DN654_c0_g1_i1.p1	NP_001243974.1	29.078	141	82	4	10	144	9	137	8.16e-13	64.7	146	511	92	NP_001243974.1 UDP-glycosyltransferase UGT48C1 precursor [Bombyx mori]
TRINITY_DN654_c0_g1_i1.p1	NP_001243969.1	32.215	149	65	4	5	136	6	135	2.97e-12	63.2	146	509	90	NP_001243969.1 UDP-glycosyltransferase UGT42A2 precursor [Bombyx mori]
TRINITY_DN654_c0_g1_i1.p1	XP_037875538.1	29.921	127	81	3	19	145	19	137	2.41e-11	60.5	146	434	87	XP_037875538.1 UDP-glycosyltransferase UGT41A3 isoform X2 [Bombyx mori]
TRINITY_DN654_c0_g1_i1.p1	XP_062531498.1	29.921	127	81	3	19	145	19	137	3.94e-11	60.1	146	516	87	XP_062531498.1 UDP-glycosyltransferase UGT41A3 isoform X1 [Bombyx mori]
TRINITY_DN654_c0_g1_i1.p1	XP_037875537.1	29.921	127	81	3	19	145	19	137	3.94e-11	60.1	146	516	87	XP_037875537.1 UDP-glycosyltransferase UGT41A3 isoform X1 [Bombyx mori]
TRINITY_DN654_c0_g1_i1.p1	NP_001243967.1	29.921	127	81	3	19	145	19	137	3.94e-11	60.1	146	516	87	NP_001243967.1 UDP-glycosyltransferase UGT41A3 precursor [Bombyx mori]
TRINITY_DN654_c0_g1_i1.p1	NP_001243966.1	27.143	140	94	2	6	145	6	137	1.00e-09	55.8	146	517	96	NP_001243966.1 UDP-glycosyltransferase UGT41A2 precursor [Bombyx mori]
TRINITY_DN654_c0_g1_i1.p1	XP_062531495.1	27.143	140	94	2	6	145	6	137	1.64e-09	55.5	146	517	96	XP_062531495.1 UDP-glycosyltransferase UGT41A2 isoform X1 [Bombyx mori]
TRINITY_DN654_c0_g1_i1.p1	XP_037875535.1	27.143	140	94	2	6	145	6	137	1.64e-09	55.5	146	517	96	XP_037875535.1 UDP-glycosyltransferase UGT41A2 isoform X1 [Bombyx mori]
TRINITY_DN654_c0_g1_i2.p1	NP_001037040.1	57.426	505	210	3	7	507	5	508	0.0	602	519	520	97	NP_001037040.1 phenol UDP-glucosyltransferase precursor [Bombyx mori]
TRINITY_DN654_c0_g1_i2.p1	XP_012550238.1	49.809	524	253	4	1	517	8	528	1.34e-180	518	519	531	99	XP_012550238.1 UDP-glucosyltransferase isoform X1 [Bombyx mori]
TRINITY_DN654_c0_g1_i2.p1	XP_062525247.1	49.809	524	253	4	1	517	1	521	1.75e-180	517	519	524	99	XP_062525247.1 UDP-glucosyltransferase isoform X2 [Bombyx mori]
TRINITY_DN654_c0_g1_i2.p1	XP_021207027.1	58.867	406	163	2	106	507	1	406	6.79e-180	512	519	418	77	XP_021207027.1 phenol UDP-glucosyltransferase isoform X1 [Bombyx mori]
TRINITY_DN654_c0_g1_i2.p1	NP_001182386.1	50.497	503	242	3	19	517	20	519	1.59e-178	512	519	522	96	NP_001182386.1 UDP-glucosyltransferase precursor [Bombyx mori]
TRINITY_DN654_c0_g1_i2.p1	XP_012550236.1	49.012	506	243	5	7	504	8	506	4.24e-178	511	519	517	96	XP_012550236.1 UDP-glucosyltransferase protein 3 isoform X1 [Bombyx mori]
TRINITY_DN654_c0_g1_i2.p1	NP_001243981.1	51.434	488	233	3	1	487	1	485	4.57e-177	508	519	518	94	NP_001243981.1 UDP-glycosyltransferase UGT40B3 precursor [Bombyx mori]
TRINITY_DN654_c0_g1_i2.p1	XP_037868047.1	51.417	494	224	5	1	487	1	485	7.10e-176	505	519	518	94	XP_037868047.1 UDP-glucosyltransferase 2 [Bombyx mori]
TRINITY_DN654_c0_g1_i2.p1	NP_001243965.1	50.307	489	237	5	1	487	1	485	3.04e-170	491	519	518	94	NP_001243965.1 UDP-glycosyltransferase UGT40B4 precursor [Bombyx mori]
TRINITY_DN654_c0_g1_i2.p1	XP_037867794.1	48.340	482	244	3	1	481	1	478	4.28e-162	470	519	514	93	XP_037867794.1 UDP-glucosyltransferase isoform X1 [Bombyx mori]
TRINITY_DN654_c0_g1_i2.p1	XP_012550240.1	48.340	482	244	3	1	481	1	478	4.28e-162	470	519	514	93	XP_012550240.1 UDP-glucosyltransferase isoform X1 [Bombyx mori]
TRINITY_DN654_c0_g1_i2.p1	NP_001182387.1	48.340	482	244	3	1	481	1	478	4.28e-162	470	519	514	93	NP_001182387.1 UDP-glucosyltransferase precursor [Bombyx mori]
TRINITY_DN654_c0_g1_i2.p1	NP_001161187.1	47.516	463	228	5	7	461	7	462	4.72e-157	455	519	462	88	NP_001161187.1 UDP-glucosyltransferase protein 3 [Bombyx mori]
TRINITY_DN654_c0_g1_i2.p1	NP_001182390.1	44.874	517	280	4	5	517	3	518	1.55e-154	451	519	519	99	NP_001182390.1 UDP-glucosyltransferase precursor [Bombyx mori]
TRINITY_DN654_c0_g1_i2.p1	XP_062525425.1	52.618	401	190	0	87	487	8	408	8.05e-149	434	519	441	77	XP_062525425.1 UDP-glucosyltransferase 2 [Bombyx mori]
TRINITY_DN654_c0_g1_i2.p1	NP_001182388.1	48.853	436	221	1	80	515	8	441	2.67e-148	432	519	443	84	NP_001182388.1 UDP-glucosyltransferase [Bombyx mori]
TRINITY_DN654_c0_g1_i2.p1	XP_062525249.1	48.299	441	220	4	1	440	1	434	9.01e-146	426	519	439	85	XP_062525249.1 UDP-glycosyltransferase UGT40B3 isoform X1 [Bombyx mori]
TRINITY_DN654_c0_g1_i2.p1	XP_062525248.1	44.894	470	255	3	51	517	4	472	1.05e-141	417	519	473	90	XP_062525248.1 UDP-glucosyltransferase isoform X1 [Bombyx mori]
TRINITY_DN654_c0_g1_i2.p1	NP_001182389.1	45.418	491	249	8	1	483	1	480	1.24e-139	413	519	516	93	NP_001182389.1 UDP-glucosyltransferase precursor [Bombyx mori]
TRINITY_DN654_c0_g1_i2.p1	NP_001182395.1	43.633	479	266	3	4	481	5	480	8.08e-138	408	519	520	92	NP_001182395.1 UDP-glucosyltransferase precursor [Bombyx mori]
TRINITY_DN654_c0_g1_i2.p1	NP_001243966.1	37.228	505	309	2	1	505	1	497	2.40e-107	330	519	517	97	NP_001243966.1 UDP-glycosyltransferase UGT41A2 precursor [Bombyx mori]
TRINITY_DN654_c0_g1_i2.p1	XP_037875539.1	36.149	509	309	5	1	505	1	497	3.48e-107	330	519	518	97	XP_037875539.1 UDP-glycosyltransferase UGT41A1 isoform X1 [Bombyx mori]
TRINITY_DN654_c0_g1_i2.p1	NP_001243993.1	36.149	509	309	5	1	505	1	497	3.48e-107	330	519	518	97	NP_001243993.1 UDP-glycosyltransferase UGT41A1 precursor [Bombyx mori]
TRINITY_DN654_c0_g1_i2.p1	XP_062531495.1	37.228	505	309	2	1	505	1	497	3.93e-107	329	519	517	97	XP_062531495.1 UDP-glycosyltransferase UGT41A2 isoform X1 [Bombyx mori]
TRINITY_DN654_c0_g1_i2.p1	XP_037875535.1	37.228	505	309	2	1	505	1	497	3.93e-107	329	519	517	97	XP_037875535.1 UDP-glycosyltransferase UGT41A2 isoform X1 [Bombyx mori]
TRINITY_DN6816_c0_g1_i13.p1	NP_001243970.1	51.677	507	234	6	4	502	3	506	0.0	547	519	516	96	NP_001243970.1 UDP-glycosyltransferase UGT43B1 precursor [Bombyx mori]
TRINITY_DN6816_c0_g1_i13.p1	NP_001274756.1	40.123	486	275	10	13	493	11	485	1.08e-118	359	519	508	93	NP_001274756.1 UDP-glucuronosyltransferase 2B14-like precursor [Bombyx mori]
TRINITY_DN6816_c0_g1_i13.p1	NP_001243969.1	37.354	514	297	11	1	502	1	501	7.21e-114	347	519	509	97	NP_001243969.1 UDP-glycosyltransferase UGT42A2 precursor [Bombyx mori]
TRINITY_DN6816_c0_g1_i13.p1	NP_001243968.1	35.769	520	307	11	6	518	9	508	1.03e-110	338	519	512	99	NP_001243968.1 UDP-glycosyltransferase UGT42A1 [Bombyx mori]
TRINITY_DN6816_c0_g1_i13.p1	XP_062529504.1	39.518	415	237	8	13	422	11	416	1.61e-93	291	519	432	79	XP_062529504.1 UDP-glucuronosyltransferase 2B14-like isoform X1 [Bombyx mori]
TRINITY_DN6816_c0_g1_i13.p1	NP_001243971.1	36.089	496	303	8	9	498	11	498	7.38e-92	290	519	525	94	NP_001243971.1 UDP-glycosyltransferase UGT44A1 [Bombyx mori]
TRINITY_DN6816_c0_g1_i13.p1	NP_001243973.1	31.227	538	330	12	1	517	1	519	3.86e-87	278	519	536	99	NP_001243973.1 UDP-glycosyltransferase UGT47A1 precursor [Bombyx mori]
TRINITY_DN6816_c0_g1_i13.p1	XP_037870428.1	30.189	530	347	11	1	517	1	520	6.85e-87	277	519	521	99	XP_037870428.1 LOW QUALITY PROTEIN: UDP-glucosyltransferase 2 [Bombyx mori]
TRINITY_DN6816_c0_g1_i13.p1	XP_062527289.1	29.528	508	343	8	7	501	9	514	1.95e-79	258	519	527	95	XP_062527289.1 UDP-glycosyltransferase UGT46A2 isoform X1 [Bombyx mori]
TRINITY_DN6816_c0_g1_i13.p1	NP_001243972.1	30.862	499	328	8	17	501	17	512	9.44e-77	251	519	525	93	NP_001243972.1 UDP-glycosyltransferase UGT46A2 precursor [Bombyx mori]
TRINITY_DN6816_c0_g1_i13.p1	NP_001243981.1	33.069	505	314	10	13	502	14	509	2.84e-73	241	519	518	94	NP_001243981.1 UDP-glycosyltransferase UGT40B3 precursor [Bombyx mori]
TRINITY_DN6816_c0_g1_i13.p1	XP_037868047.1	33.135	504	311	11	15	502	16	509	5.65e-70	233	519	518	94	XP_037868047.1 UDP-glucosyltransferase 2 [Bombyx mori]
TRINITY_DN6816_c0_g1_i13.p1	NP_001243965.1	33.008	512	301	13	15	502	16	509	9.33e-69	229	519	518	94	NP_001243965.1 UDP-glycosyltransferase UGT40B4 precursor [Bombyx mori]
TRINITY_DN6816_c0_g1_i13.p1	NP_001243980.1	30.452	509	316	10	15	502	16	507	1.50e-68	229	519	520	94	NP_001243980.1 UDP-glycosyltransferase UGT39B1 precursor [Bombyx mori]
TRINITY_DN6816_c0_g1_i13.p1	NP_001182390.1	30.418	526	332	14	5	507	3	517	4.32e-65	220	519	519	97	NP_001182390.1 UDP-glucosyltransferase precursor [Bombyx mori]
TRINITY_DN6816_c0_g1_i13.p1	NP_001243962.1	28.358	536	347	16	1	516	1	519	1.99e-64	218	519	521	99	NP_001243962.1 UDP-glycosyltransferase UGT340C1 precursor [Bombyx mori]
TRINITY_DN6816_c0_g1_i13.p1	NP_001243963.1	28.320	512	342	12	1	495	1	504	4.10e-64	218	519	524	95	NP_001243963.1 UDP-glycosyltransferase UGT340C2 precursor [Bombyx mori]
TRINITY_DN6816_c0_g1_i13.p1	XP_062529505.1	38.516	283	168	6	213	493	88	366	5.24e-64	213	519	389	65	XP_062529505.1 UDP-glucuronosyltransferase 2B14-like isoform X2 [Bombyx mori]
TRINITY_DN6816_c0_g1_i13.p1	XP_062529505.1	40.984	61	33	2	13	70	11	71	5.33e-05	46.2	519	389	65	XP_062529505.1 UDP-glucuronosyltransferase 2B14-like isoform X2 [Bombyx mori]
TRINITY_DN6816_c0_g1_i13.p1	XP_062525518.1	30.080	502	309	11	7	491	5	481	1.09e-63	216	519	509	93	XP_062525518.1 UDP-glycosyltransferase UGT39C1 isoform X2 [Bombyx mori]
TRINITY_DN6816_c0_g1_i13.p1	XP_062525517.1	30.040	506	320	12	7	491	5	497	1.82e-63	216	519	525	93	XP_062525517.1 UDP-glycosyltransferase UGT39C1 isoform X1 [Bombyx mori]
TRINITY_DN6816_c0_g1_i13.p1	NP_001243964.1	30.040	506	320	12	7	491	5	497	1.82e-63	216	519	525	93	NP_001243964.1 UDP-glycosyltransferase UGT39C1 precursor [Bombyx mori]
TRINITY_DN6816_c0_g1_i13.p1	XP_012550236.1	30.891	505	317	15	7	490	10	503	1.84e-63	216	519	517	93	XP_012550236.1 UDP-glucosyltransferase protein 3 isoform X1 [Bombyx mori]
TRINITY_DN6816_c0_g1_i13.p1	NP_001182386.1	28.364	550	328	16	6	517	1	522	7.43e-61	209	519	522	99	NP_001182386.1 UDP-glucosyltransferase precursor [Bombyx mori]
TRINITY_DN6816_c0_g1_i13.p1	XP_012550238.1	30.403	546	332	17	1	517	5	531	1.28e-60	208	519	531	99	XP_012550238.1 UDP-glucosyltransferase isoform X1 [Bombyx mori]
TRINITY_DN6816_c0_g1_i13.p1	XP_062525247.1	30.499	541	328	17	6	517	3	524	1.41e-60	208	519	524	99	XP_062525247.1 UDP-glucosyltransferase isoform X2 [Bombyx mori]
TRINITY_DN6816_c0_g1_i14.p1	NP_001243970.1	51.429	350	164	4	4	349	3	350	4.62e-125	369	359	516	96	NP_001243970.1 UDP-glycosyltransferase UGT43B1 precursor [Bombyx mori]
TRINITY_DN6816_c0_g1_i14.p1	XP_062529504.1	39.883	341	191	8	13	348	11	342	6.40e-72	230	359	432	94	XP_062529504.1 UDP-glucuronosyltransferase 2B14-like isoform X1 [Bombyx mori]
TRINITY_DN6816_c0_g1_i14.p1	NP_001274756.1	39.763	337	191	7	15	348	15	342	4.25e-71	230	359	508	93	NP_001274756.1 UDP-glucuronosyltransferase 2B14-like precursor [Bombyx mori]
TRINITY_DN6816_c0_g1_i14.p1	NP_001243969.1	36.565	361	205	10	1	349	1	349	3.40e-64	212	359	509	97	NP_001243969.1 UDP-glycosyltransferase UGT42A2 precursor [Bombyx mori]
TRINITY_DN6816_c0_g1_i14.p1	NP_001243968.1	33.048	351	216	9	6	349	9	347	6.50e-58	196	359	512	96	NP_001243968.1 UDP-glycosyltransferase UGT42A1 [Bombyx mori]
TRINITY_DN6816_c0_g1_i14.p1	XP_037870428.1	29.972	357	232	9	1	344	1	352	6.91e-54	185	359	521	96	XP_037870428.1 LOW QUALITY PROTEIN: UDP-glucosyltransferase 2 [Bombyx mori]
TRINITY_DN6816_c0_g1_i14.p1	NP_001243973.1	29.041	365	224	10	1	349	1	346	6.62e-47	167	359	536	97	NP_001243973.1 UDP-glycosyltransferase UGT47A1 precursor [Bombyx mori]
TRINITY_DN6816_c0_g1_i14.p1	NP_001243971.1	31.014	345	225	7	9	348	11	347	1.25e-42	155	359	525	95	NP_001243971.1 UDP-glycosyltransferase UGT44A1 [Bombyx mori]
TRINITY_DN6816_c0_g1_i14.p1	XP_062527289.1	27.920	351	238	8	7	344	9	357	1.74e-40	149	359	527	94	XP_062527289.1 UDP-glycosyltransferase UGT46A2 isoform X1 [Bombyx mori]
TRINITY_DN6816_c0_g1_i14.p1	NP_001243972.1	29.825	342	223	8	17	344	17	355	1.08e-37	142	359	525	91	NP_001243972.1 UDP-glycosyltransferase UGT46A2 precursor [Bombyx mori]
TRINITY_DN6816_c0_g1_i14.p1	XP_062525249.1	28.490	351	228	9	13	349	14	355	1.79e-28	115	359	439	94	XP_062525249.1 UDP-glycosyltransferase UGT40B3 isoform X1 [Bombyx mori]
TRINITY_DN6816_c0_g1_i14.p1	NP_001243981.1	28.490	351	228	9	13	349	14	355	2.67e-28	115	359	518	94	NP_001243981.1 UDP-glycosyltransferase UGT40B3 precursor [Bombyx mori]
TRINITY_DN6816_c0_g1_i14.p1	NP_001243980.1	28.169	355	218	9	15	349	16	353	2.90e-28	115	359	520	93	NP_001243980.1 UDP-glycosyltransferase UGT39B1 precursor [Bombyx mori]
TRINITY_DN6816_c0_g1_i14.p1	NP_001243956.1	26.536	358	242	12	1	348	1	347	4.14e-25	106	359	515	97	NP_001243956.1 UDP-glycosyltransferase UGT33D3 [Bombyx mori]
TRINITY_DN6816_c0_g1_i14.p1	XP_037868047.1	27.557	352	230	10	13	349	14	355	5.29e-25	106	359	518	94	XP_037868047.1 UDP-glucosyltransferase 2 [Bombyx mori]
TRINITY_DN6816_c0_g1_i14.p1	XP_062532682.1	26.966	356	235	13	6	348	9	352	8.64e-25	105	359	519	96	XP_062532682.1 UDP-glycosyltransferase UGT33K1 isoform X1 [Bombyx mori]
TRINITY_DN6816_c0_g1_i14.p1	XP_062532681.1	26.966	356	235	13	6	348	9	352	8.64e-25	105	359	519	96	XP_062532681.1 UDP-glycosyltransferase UGT33K1 isoform X1 [Bombyx mori]
TRINITY_DN6816_c0_g1_i14.p1	NP_001243958.1	26.966	356	235	13	6	348	9	352	8.64e-25	105	359	519	96	NP_001243958.1 UDP-glycosyltransferase UGT33K1 precursor [Bombyx mori]
TRINITY_DN6816_c0_g1_i14.p1	NP_001135960.1	24.789	355	251	11	1	348	1	346	1.32e-24	105	359	514	97	NP_001135960.1 uridine diphosphate glucosyltransferase [Bombyx mori]
TRINITY_DN6816_c0_g1_i14.p1	NP_001243966.1	25.978	358	235	10	6	349	8	349	1.34e-24	105	359	517	96	NP_001243966.1 UDP-glycosyltransferase UGT41A2 precursor [Bombyx mori]
TRINITY_DN6816_c0_g1_i14.p1	NP_001243963.1	25.205	365	249	11	1	349	1	357	1.84e-24	104	359	524	97	NP_001243963.1 UDP-glycosyltransferase UGT340C2 precursor [Bombyx mori]
TRINITY_DN6816_c0_g1_i14.p1	NP_001243965.1	28.090	356	219	12	15	349	16	355	2.85e-24	103	359	518	93	NP_001243965.1 UDP-glycosyltransferase UGT40B4 precursor [Bombyx mori]
TRINITY_DN6816_c0_g1_i14.p1	XP_062531495.1	25.698	358	236	10	6	349	8	349	3.60e-24	103	359	517	96	XP_062531495.1 UDP-glycosyltransferase UGT41A2 isoform X1 [Bombyx mori]
TRINITY_DN6816_c0_g1_i14.p1	XP_037875535.1	25.698	358	236	10	6	349	8	349	3.60e-24	103	359	517	96	XP_037875535.1 UDP-glycosyltransferase UGT41A2 isoform X1 [Bombyx mori]
TRINITY_DN6816_c0_g1_i14.p1	XP_062525518.1	26.462	359	223	10	7	349	5	338	4.48e-24	103	359	509	96	XP_062525518.1 UDP-glycosyltransferase UGT39C1 isoform X2 [Bombyx mori]
TRINITY_DN6816_c0_g1_i16.p1	NP_001243970.1	51.076	511	241	6	4	507	3	511	0.0	550	519	516	97	NP_001243970.1 UDP-glycosyltransferase UGT43B1 precursor [Bombyx mori]
TRINITY_DN6816_c0_g1_i16.p1	NP_001274756.1	40.000	490	278	10	13	497	11	489	2.34e-119	360	519	508	93	NP_001274756.1 UDP-glucuronosyltransferase 2B14-like precursor [Bombyx mori]
TRINITY_DN6816_c0_g1_i16.p1	NP_001243969.1	37.160	514	298	11	1	502	1	501	1.71e-112	343	519	509	97	NP_001243969.1 UDP-glycosyltransferase UGT42A2 precursor [Bombyx mori]
TRINITY_DN6816_c0_g1_i16.p1	NP_001243968.1	35.962	520	306	11	6	518	9	508	3.70e-111	340	519	512	99	NP_001243968.1 UDP-glycosyltransferase UGT42A1 [Bombyx mori]
TRINITY_DN6816_c0_g1_i16.p1	XP_062529504.1	39.518	415	237	8	13	422	11	416	1.97e-93	291	519	432	79	XP_062529504.1 UDP-glucuronosyltransferase 2B14-like isoform X1 [Bombyx mori]
TRINITY_DN6816_c0_g1_i16.p1	NP_001243971.1	35.425	494	306	7	9	497	11	496	1.76e-92	292	519	525	94	NP_001243971.1 UDP-glycosyltransferase UGT44A1 [Bombyx mori]
TRINITY_DN6816_c0_g1_i16.p1	NP_001243973.1	30.483	538	324	13	1	507	1	519	2.13e-87	279	519	536	98	NP_001243973.1 UDP-glycosyltransferase UGT47A1 precursor [Bombyx mori]
TRINITY_DN6816_c0_g1_i16.p1	XP_037870428.1	30.755	530	344	12	1	517	1	520	1.06e-86	276	519	521	99	XP_037870428.1 LOW QUALITY PROTEIN: UDP-glucosyltransferase 2 [Bombyx mori]
TRINITY_DN6816_c0_g1_i16.p1	XP_062527289.1	29.333	525	350	10	7	518	9	525	7.66e-79	256	519	527	99	XP_062527289.1 UDP-glycosyltransferase UGT46A2 isoform X1 [Bombyx mori]
TRINITY_DN6816_c0_g1_i16.p1	NP_001243972.1	30.620	516	335	10	17	518	17	523	5.06e-76	249	519	525	97	NP_001243972.1 UDP-glycosyltransferase UGT46A2 precursor [Bombyx mori]
TRINITY_DN6816_c0_g1_i16.p1	NP_001243981.1	33.333	483	298	10	13	480	14	487	2.56e-72	239	519	518	90	NP_001243981.1 UDP-glycosyltransferase UGT40B3 precursor [Bombyx mori]
TRINITY_DN6816_c0_g1_i16.p1	XP_037868047.1	33.058	484	298	11	13	480	14	487	1.50e-69	232	519	518	90	XP_037868047.1 UDP-glucosyltransferase 2 [Bombyx mori]
TRINITY_DN6816_c0_g1_i16.p1	NP_001243980.1	30.648	509	315	10	15	502	16	507	5.49e-69	230	519	520	94	NP_001243980.1 UDP-glycosyltransferase UGT39B1 precursor [Bombyx mori]
TRINITY_DN6816_c0_g1_i16.p1	NP_001243965.1	33.061	490	286	13	15	480	16	487	1.53e-68	229	519	518	90	NP_001243965.1 UDP-glycosyltransferase UGT40B4 precursor [Bombyx mori]
TRINITY_DN6816_c0_g1_i16.p1	NP_001182390.1	31.402	535	324	16	5	516	3	517	6.05e-68	228	519	519	99	NP_001182390.1 UDP-glucosyltransferase precursor [Bombyx mori]
TRINITY_DN6816_c0_g1_i16.p1	XP_062525518.1	29.502	522	326	11	7	511	5	501	3.79e-65	220	519	509	97	XP_062525518.1 UDP-glycosyltransferase UGT39C1 isoform X2 [Bombyx mori]
TRINITY_DN6816_c0_g1_i16.p1	XP_062525517.1	29.468	526	337	12	7	511	5	517	6.02e-65	219	519	525	97	XP_062525517.1 UDP-glycosyltransferase UGT39C1 isoform X1 [Bombyx mori]
TRINITY_DN6816_c0_g1_i16.p1	NP_001243964.1	29.468	526	337	12	7	511	5	517	6.02e-65	219	519	525	97	NP_001243964.1 UDP-glycosyltransferase UGT39C1 precursor [Bombyx mori]
TRINITY_DN6816_c0_g1_i16.p1	XP_062529505.1	38.328	287	171	6	213	497	88	370	8.54e-65	215	519	389	66	XP_062529505.1 UDP-glucuronosyltransferase 2B14-like isoform X2 [Bombyx mori]
TRINITY_DN6816_c0_g1_i16.p1	XP_062529505.1	40.984	61	33	2	13	70	11	71	5.77e-05	45.8	519	389	66	XP_062529505.1 UDP-glucuronosyltransferase 2B14-like isoform X2 [Bombyx mori]
TRINITY_DN6816_c0_g1_i16.p1	NP_001243963.1	28.324	519	343	13	1	502	1	507	2.49e-64	218	519	524	97	NP_001243963.1 UDP-glycosyltransferase UGT340C2 precursor [Bombyx mori]
TRINITY_DN6816_c0_g1_i16.p1	NP_001243962.1	28.810	538	342	17	1	516	1	519	4.63e-64	217	519	521	99	NP_001243962.1 UDP-glycosyltransferase UGT340C1 precursor [Bombyx mori]
TRINITY_DN6816_c0_g1_i16.p1	XP_012550236.1	30.891	505	317	15	7	490	10	503	2.13e-63	215	519	517	93	XP_012550236.1 UDP-glucosyltransferase protein 3 isoform X1 [Bombyx mori]
TRINITY_DN6816_c0_g1_i16.p1	XP_062525248.1	31.557	488	294	15	49	516	4	471	5.28e-62	211	519	473	90	XP_062525248.1 UDP-glucosyltransferase isoform X1 [Bombyx mori]
TRINITY_DN6816_c0_g1_i16.p1	XP_012550238.1	30.896	547	326	18	1	518	5	528	5.75e-61	209	519	531	99	XP_012550238.1 UDP-glucosyltransferase isoform X1 [Bombyx mori]
TRINITY_DN6816_c0_g1_i16.p1	XP_062525247.1	30.996	542	322	18	6	518	3	521	8.87e-61	209	519	524	99	XP_062525247.1 UDP-glucosyltransferase isoform X2 [Bombyx mori]
TRINITY_DN6816_c0_g1_i2.p1	NP_001243970.1	52.121	165	74	2	1	161	343	506	1.11e-59	194	178	516	90	NP_001243970.1 UDP-glycosyltransferase UGT43B1 precursor [Bombyx mori]
TRINITY_DN6816_c0_g1_i2.p1	NP_001243968.1	41.243	177	96	2	1	177	340	508	1.70e-44	154	178	512	99	NP_001243968.1 UDP-glycosyltransferase UGT42A1 [Bombyx mori]
TRINITY_DN6816_c0_g1_i2.p1	NP_001243969.1	39.130	161	97	1	1	161	342	501	1.58e-41	145	178	509	90	NP_001243969.1 UDP-glycosyltransferase UGT42A2 precursor [Bombyx mori]
TRINITY_DN6816_c0_g1_i2.p1	NP_001243971.1	43.889	180	96	2	1	175	341	520	1.93e-41	145	178	525	98	NP_001243971.1 UDP-glycosyltransferase UGT44A1 [Bombyx mori]
TRINITY_DN6816_c0_g1_i2.p1	XP_062525425.1	44.099	161	89	1	2	161	272	432	2.00e-40	142	178	441	90	XP_062525425.1 UDP-glucosyltransferase 2 [Bombyx mori]
TRINITY_DN6816_c0_g1_i2.p1	XP_062529505.1	40.541	148	87	1	1	148	217	363	1.08e-39	139	178	389	83	XP_062529505.1 UDP-glucuronosyltransferase 2B14-like isoform X2 [Bombyx mori]
TRINITY_DN6816_c0_g1_i2.p1	NP_001182386.1	42.614	176	98	2	2	176	349	522	2.51e-39	140	178	522	98	NP_001182386.1 UDP-glucosyltransferase precursor [Bombyx mori]
TRINITY_DN6816_c0_g1_i2.p1	XP_037868047.1	45.342	161	87	1	2	161	349	509	2.77e-39	140	178	518	90	XP_037868047.1 UDP-glucosyltransferase 2 [Bombyx mori]
TRINITY_DN6816_c0_g1_i2.p1	NP_001274756.1	40.541	148	87	1	1	148	336	482	7.11e-39	139	178	508	83	NP_001274756.1 UDP-glucuronosyltransferase 2B14-like precursor [Bombyx mori]
TRINITY_DN6816_c0_g1_i2.p1	NP_001243981.1	43.478	161	90	1	2	161	349	509	7.90e-39	139	178	518	90	NP_001243981.1 UDP-glycosyltransferase UGT40B3 precursor [Bombyx mori]
TRINITY_DN6816_c0_g1_i2.p1	NP_001243965.1	44.720	161	88	1	2	161	349	509	1.80e-38	137	178	518	90	NP_001243965.1 UDP-glycosyltransferase UGT40B4 precursor [Bombyx mori]
TRINITY_DN6816_c0_g1_i2.p1	XP_012550238.1	42.045	176	99	2	2	176	358	531	2.43e-38	137	178	531	98	XP_012550238.1 UDP-glucosyltransferase isoform X1 [Bombyx mori]
TRINITY_DN6816_c0_g1_i2.p1	XP_062525247.1	42.045	176	99	2	2	176	351	524	2.53e-38	137	178	524	98	XP_062525247.1 UDP-glucosyltransferase isoform X2 [Bombyx mori]
TRINITY_DN6816_c0_g1_i2.p1	XP_062525248.1	38.554	166	101	1	2	166	306	471	3.94e-37	133	178	473	93	XP_062525248.1 UDP-glucosyltransferase isoform X1 [Bombyx mori]
TRINITY_DN6816_c0_g1_i2.p1	NP_001182390.1	38.554	166	101	1	2	166	352	517	6.54e-37	133	178	519	93	NP_001182390.1 UDP-glucosyltransferase precursor [Bombyx mori]
TRINITY_DN6816_c0_g1_i2.p1	XP_012550236.1	41.722	151	85	2	2	149	353	503	1.38e-36	132	178	517	83	XP_012550236.1 UDP-glucosyltransferase protein 3 isoform X1 [Bombyx mori]
TRINITY_DN6816_c0_g1_i2.p1	XP_021207027.1	42.763	152	85	2	2	152	246	396	1.13e-35	129	178	418	85	XP_021207027.1 phenol UDP-glucosyltransferase isoform X1 [Bombyx mori]
TRINITY_DN6816_c0_g1_i2.p1	NP_001243980.1	36.420	162	102	1	1	161	346	507	1.16e-35	130	178	520	90	NP_001243980.1 UDP-glycosyltransferase UGT39B1 precursor [Bombyx mori]
TRINITY_DN6816_c0_g1_i2.p1	NP_001243962.1	36.364	176	108	2	1	175	347	519	2.44e-35	129	178	521	98	NP_001243962.1 UDP-glycosyltransferase UGT340C1 precursor [Bombyx mori]
TRINITY_DN6816_c0_g1_i2.p1	NP_001037040.1	44.286	140	77	1	2	140	348	487	2.44e-35	129	178	520	78	NP_001037040.1 phenol UDP-glucosyltransferase precursor [Bombyx mori]
TRINITY_DN6816_c0_g1_i2.p1	XP_062525518.1	39.073	151	91	1	1	150	331	481	1.16e-34	127	178	509	84	XP_062525518.1 UDP-glycosyltransferase UGT39C1 isoform X2 [Bombyx mori]
TRINITY_DN6816_c0_g1_i2.p1	NP_001182388.1	37.427	171	97	3	2	167	277	442	1.16e-34	126	178	443	93	NP_001182388.1 UDP-glucosyltransferase [Bombyx mori]
TRINITY_DN6816_c0_g1_i2.p1	XP_062525517.1	39.073	151	91	1	1	150	347	497	1.28e-34	127	178	525	84	XP_062525517.1 UDP-glycosyltransferase UGT39C1 isoform X1 [Bombyx mori]
TRINITY_DN6816_c0_g1_i2.p1	NP_001243964.1	39.073	151	91	1	1	150	347	497	1.28e-34	127	178	525	84	NP_001243964.1 UDP-glycosyltransferase UGT39C1 precursor [Bombyx mori]
TRINITY_DN6816_c0_g1_i2.p1	NP_001243973.1	36.464	181	110	2	1	176	339	519	3.36e-34	126	178	536	99	NP_001243973.1 UDP-glycosyltransferase UGT47A1 precursor [Bombyx mori]
TRINITY_DN6816_c0_g1_i4.p1	NP_001243970.1	51.429	350	164	4	4	349	3	350	4.62e-125	369	359	516	96	NP_001243970.1 UDP-glycosyltransferase UGT43B1 precursor [Bombyx mori]
TRINITY_DN6816_c0_g1_i4.p1	XP_062529504.1	39.883	341	191	8	13	348	11	342	6.40e-72	230	359	432	94	XP_062529504.1 UDP-glucuronosyltransferase 2B14-like isoform X1 [Bombyx mori]
TRINITY_DN6816_c0_g1_i4.p1	NP_001274756.1	39.763	337	191	7	15	348	15	342	4.25e-71	230	359	508	93	NP_001274756.1 UDP-glucuronosyltransferase 2B14-like precursor [Bombyx mori]
TRINITY_DN6816_c0_g1_i4.p1	NP_001243969.1	36.565	361	205	10	1	349	1	349	3.40e-64	212	359	509	97	NP_001243969.1 UDP-glycosyltransferase UGT42A2 precursor [Bombyx mori]
TRINITY_DN6816_c0_g1_i4.p1	NP_001243968.1	33.048	351	216	9	6	349	9	347	6.50e-58	196	359	512	96	NP_001243968.1 UDP-glycosyltransferase UGT42A1 [Bombyx mori]
TRINITY_DN6816_c0_g1_i4.p1	XP_037870428.1	29.972	357	232	9	1	344	1	352	6.91e-54	185	359	521	96	XP_037870428.1 LOW QUALITY PROTEIN: UDP-glucosyltransferase 2 [Bombyx mori]
TRINITY_DN6816_c0_g1_i4.p1	NP_001243973.1	29.041	365	224	10	1	349	1	346	6.62e-47	167	359	536	97	NP_001243973.1 UDP-glycosyltransferase UGT47A1 precursor [Bombyx mori]
TRINITY_DN6816_c0_g1_i4.p1	NP_001243971.1	31.014	345	225	7	9	348	11	347	1.25e-42	155	359	525	95	NP_001243971.1 UDP-glycosyltransferase UGT44A1 [Bombyx mori]
TRINITY_DN6816_c0_g1_i4.p1	XP_062527289.1	27.920	351	238	8	7	344	9	357	1.74e-40	149	359	527	94	XP_062527289.1 UDP-glycosyltransferase UGT46A2 isoform X1 [Bombyx mori]
TRINITY_DN6816_c0_g1_i4.p1	NP_001243972.1	29.825	342	223	8	17	344	17	355	1.08e-37	142	359	525	91	NP_001243972.1 UDP-glycosyltransferase UGT46A2 precursor [Bombyx mori]
TRINITY_DN6816_c0_g1_i4.p1	XP_062525249.1	28.490	351	228	9	13	349	14	355	1.79e-28	115	359	439	94	XP_062525249.1 UDP-glycosyltransferase UGT40B3 isoform X1 [Bombyx mori]
TRINITY_DN6816_c0_g1_i4.p1	NP_001243981.1	28.490	351	228	9	13	349	14	355	2.67e-28	115	359	518	94	NP_001243981.1 UDP-glycosyltransferase UGT40B3 precursor [Bombyx mori]
TRINITY_DN6816_c0_g1_i4.p1	NP_001243980.1	28.169	355	218	9	15	349	16	353	2.90e-28	115	359	520	93	NP_001243980.1 UDP-glycosyltransferase UGT39B1 precursor [Bombyx mori]
TRINITY_DN6816_c0_g1_i4.p1	NP_001243956.1	26.536	358	242	12	1	348	1	347	4.14e-25	106	359	515	97	NP_001243956.1 UDP-glycosyltransferase UGT33D3 [Bombyx mori]
TRINITY_DN6816_c0_g1_i4.p1	XP_037868047.1	27.557	352	230	10	13	349	14	355	5.29e-25	106	359	518	94	XP_037868047.1 UDP-glucosyltransferase 2 [Bombyx mori]
TRINITY_DN6816_c0_g1_i4.p1	XP_062532682.1	26.966	356	235	13	6	348	9	352	8.64e-25	105	359	519	96	XP_062532682.1 UDP-glycosyltransferase UGT33K1 isoform X1 [Bombyx mori]
TRINITY_DN6816_c0_g1_i4.p1	XP_062532681.1	26.966	356	235	13	6	348	9	352	8.64e-25	105	359	519	96	XP_062532681.1 UDP-glycosyltransferase UGT33K1 isoform X1 [Bombyx mori]
TRINITY_DN6816_c0_g1_i4.p1	NP_001243958.1	26.966	356	235	13	6	348	9	352	8.64e-25	105	359	519	96	NP_001243958.1 UDP-glycosyltransferase UGT33K1 precursor [Bombyx mori]
TRINITY_DN6816_c0_g1_i4.p1	NP_001135960.1	24.789	355	251	11	1	348	1	346	1.32e-24	105	359	514	97	NP_001135960.1 uridine diphosphate glucosyltransferase [Bombyx mori]
TRINITY_DN6816_c0_g1_i4.p1	NP_001243966.1	25.978	358	235	10	6	349	8	349	1.34e-24	105	359	517	96	NP_001243966.1 UDP-glycosyltransferase UGT41A2 precursor [Bombyx mori]
TRINITY_DN6816_c0_g1_i4.p1	NP_001243963.1	25.205	365	249	11	1	349	1	357	1.84e-24	104	359	524	97	NP_001243963.1 UDP-glycosyltransferase UGT340C2 precursor [Bombyx mori]
TRINITY_DN6816_c0_g1_i4.p1	NP_001243965.1	28.090	356	219	12	15	349	16	355	2.85e-24	103	359	518	93	NP_001243965.1 UDP-glycosyltransferase UGT40B4 precursor [Bombyx mori]
TRINITY_DN6816_c0_g1_i4.p1	XP_062531495.1	25.698	358	236	10	6	349	8	349	3.60e-24	103	359	517	96	XP_062531495.1 UDP-glycosyltransferase UGT41A2 isoform X1 [Bombyx mori]
TRINITY_DN6816_c0_g1_i4.p1	XP_037875535.1	25.698	358	236	10	6	349	8	349	3.60e-24	103	359	517	96	XP_037875535.1 UDP-glycosyltransferase UGT41A2 isoform X1 [Bombyx mori]
TRINITY_DN6816_c0_g1_i4.p1	XP_062525518.1	26.462	359	223	10	7	349	5	338	4.48e-24	103	359	509	96	XP_062525518.1 UDP-glycosyltransferase UGT39C1 isoform X2 [Bombyx mori]
TRINITY_DN6816_c0_g1_i6.p1	NP_001243970.1	47.679	237	116	4	30	261	273	506	1.18e-74	237	278	516	83	NP_001243970.1 UDP-glycosyltransferase UGT43B1 precursor [Bombyx mori]
TRINITY_DN6816_c0_g1_i6.p1	NP_001243968.1	38.057	247	136	6	36	277	274	508	2.00e-52	179	278	512	87	NP_001243968.1 UDP-glycosyltransferase UGT42A1 [Bombyx mori]
TRINITY_DN6816_c0_g1_i6.p1	NP_001243969.1	37.931	232	136	5	34	261	274	501	1.39e-51	176	278	509	82	NP_001243969.1 UDP-glycosyltransferase UGT42A2 precursor [Bombyx mori]
TRINITY_DN6816_c0_g1_i6.p1	XP_062529505.1	38.813	219	129	5	36	252	151	366	7.50e-51	171	278	389	78	XP_062529505.1 UDP-glucuronosyltransferase 2B14-like isoform X2 [Bombyx mori]
TRINITY_DN6816_c0_g1_i6.p1	XP_062525425.1	40.260	231	133	3	34	261	204	432	4.51e-50	171	278	441	82	XP_062525425.1 UDP-glucosyltransferase 2 [Bombyx mori]
TRINITY_DN6816_c0_g1_i6.p1	NP_001274756.1	38.813	219	129	5	36	252	270	485	7.42e-50	172	278	508	78	NP_001274756.1 UDP-glucuronosyltransferase 2B14-like precursor [Bombyx mori]
TRINITY_DN6816_c0_g1_i6.p1	NP_001243971.1	41.333	225	128	3	36	257	275	498	5.19e-49	170	278	525	80	NP_001243971.1 UDP-glycosyltransferase UGT44A1 [Bombyx mori]
TRINITY_DN6816_c0_g1_i6.p1	XP_037868047.1	41.126	231	131	3	34	261	281	509	6.65e-48	167	278	518	82	XP_037868047.1 UDP-glucosyltransferase 2 [Bombyx mori]
TRINITY_DN6816_c0_g1_i6.p1	XP_062525248.1	35.593	236	147	3	34	266	238	471	4.42e-47	164	278	473	84	XP_062525248.1 UDP-glucosyltransferase isoform X1 [Bombyx mori]
TRINITY_DN6816_c0_g1_i6.p1	NP_001243981.1	39.738	229	133	3	36	261	283	509	6.08e-47	164	278	518	81	NP_001243981.1 UDP-glycosyltransferase UGT40B3 precursor [Bombyx mori]
TRINITY_DN6816_c0_g1_i6.p1	NP_001182390.1	35.593	236	147	3	34	266	284	517	7.07e-47	164	278	519	84	NP_001182390.1 UDP-glucosyltransferase precursor [Bombyx mori]
TRINITY_DN6816_c0_g1_i6.p1	NP_001243965.1	40.693	231	132	3	34	261	281	509	7.80e-47	164	278	518	82	NP_001243965.1 UDP-glycosyltransferase UGT40B4 precursor [Bombyx mori]
TRINITY_DN6816_c0_g1_i6.p1	NP_001182386.1	36.475	244	148	4	36	276	283	522	8.73e-46	161	278	522	87	NP_001182386.1 UDP-glucosyltransferase precursor [Bombyx mori]
TRINITY_DN6816_c0_g1_i6.p1	XP_062525247.1	38.525	244	143	4	36	276	285	524	1.02e-44	158	278	524	87	XP_062525247.1 UDP-glucosyltransferase isoform X2 [Bombyx mori]
TRINITY_DN6816_c0_g1_i6.p1	XP_012550238.1	38.525	244	143	4	36	276	292	531	1.12e-44	158	278	531	87	XP_012550238.1 UDP-glucosyltransferase isoform X1 [Bombyx mori]
TRINITY_DN6816_c0_g1_i6.p1	XP_012550236.1	36.986	219	131	4	36	249	287	503	1.35e-44	158	278	517	77	XP_012550236.1 UDP-glucosyltransferase protein 3 isoform X1 [Bombyx mori]
TRINITY_DN6816_c0_g1_i6.p1	NP_001243980.1	34.498	229	145	3	36	261	281	507	4.68e-44	156	278	520	81	NP_001243980.1 UDP-glycosyltransferase UGT39B1 precursor [Bombyx mori]
TRINITY_DN6816_c0_g1_i6.p1	NP_001243963.1	34.310	239	149	5	22	254	268	504	5.44e-44	156	278	524	84	NP_001243963.1 UDP-glycosyltransferase UGT340C2 precursor [Bombyx mori]
TRINITY_DN6816_c0_g1_i6.p1	NP_001182388.1	37.327	217	131	3	34	247	209	423	1.61e-43	154	278	443	77	NP_001182388.1 UDP-glucosyltransferase [Bombyx mori]
TRINITY_DN6816_c0_g1_i6.p1	NP_001243962.1	32.700	263	161	6	24	275	262	519	2.32e-43	154	278	521	91	NP_001243962.1 UDP-glycosyltransferase UGT340C1 precursor [Bombyx mori]
TRINITY_DN6816_c0_g1_i6.p1	XP_062525518.1	36.364	220	136	3	34	250	263	481	4.80e-43	154	278	509	78	XP_062525518.1 UDP-glycosyltransferase UGT39C1 isoform X2 [Bombyx mori]
TRINITY_DN6816_c0_g1_i6.p1	XP_062525517.1	36.364	220	136	3	34	250	279	497	5.78e-43	154	278	525	78	XP_062525517.1 UDP-glycosyltransferase UGT39C1 isoform X1 [Bombyx mori]
TRINITY_DN6816_c0_g1_i6.p1	NP_001243964.1	36.364	220	136	3	34	250	279	497	5.78e-43	154	278	525	78	NP_001243964.1 UDP-glycosyltransferase UGT39C1 precursor [Bombyx mori]
TRINITY_DN6816_c0_g1_i6.p1	XP_021207027.1	37.727	220	131	4	36	252	180	396	2.03e-42	150	278	418	78	XP_021207027.1 phenol UDP-glucosyltransferase isoform X1 [Bombyx mori]
TRINITY_DN6816_c0_g1_i6.p1	NP_001037040.1	38.462	208	123	3	36	240	282	487	6.91e-42	150	278	520	74	NP_001037040.1 phenol UDP-glucosyltransferase precursor [Bombyx mori]
TRINITY_DN7259_c0_g1_i1.p1	XP_004932409.1	82.759	464	80	0	16	479	3	466	0.0	796	484	468	96	XP_004932409.1 dolichyl-diphosphooligosaccharide--protein glycosyltransferase subunit 1 [Bombyx mori]
TRINITY_DN729_c0_g1_i2.p1	XP_004934317.1	75.949	237	55	1	1	237	1	235	1.75e-124	354	237	286	100	XP_004934317.1 SAP30-binding protein [Bombyx mori]
TRINITY_DN729_c0_g1_i3.p1	XP_004927391.1	95.536	112	5	0	1	112	1	112	7.68e-75	217	113	112	99	XP_004927391.1 dolichyl-diphosphooligosaccharide--protein glycosyltransferase subunit DAD1 [Bombyx mori]
TRINITY_DN729_c0_g1_i4.p1	XP_004934317.1	75.261	287	68	2	1	286	1	285	4.82e-153	429	288	286	99	XP_004934317.1 SAP30-binding protein [Bombyx mori]
TRINITY_DN729_c0_g1_i7.p1	XP_004934317.1	77.632	228	50	1	1	227	58	285	7.40e-125	355	229	286	99	XP_004934317.1 SAP30-binding protein [Bombyx mori]
TRINITY_DN729_c0_g1_i9.p1	XP_004934317.1	81.882	287	50	1	1	287	1	285	1.94e-169	471	289	286	99	XP_004934317.1 SAP30-binding protein [Bombyx mori]
TRINITY_DN7973_c0_g1_i1.p1	XP_037870891.1	85.241	332	49	0	1	332	1	332	0.0	608	333	332	99	XP_037870891.1 tumor suppressor candidate 3 [Bombyx mori]
TRINITY_DN7973_c0_g1_i4.p1	XP_037870891.1	78.246	285	62	0	1	285	1	285	2.23e-176	490	294	332	97	XP_037870891.1 tumor suppressor candidate 3 [Bombyx mori]
TRINITY_DN7973_c0_g1_i8.p1	XP_037870891.1	83.988	331	53	0	1	331	1	331	0.0	601	353	332	94	XP_037870891.1 tumor suppressor candidate 3 [Bombyx mori]
TRINITY_DN7973_c0_g1_i9.p1	XP_037870891.1	78.246	285	62	0	1	285	1	285	2.23e-176	490	294	332	97	XP_037870891.1 tumor suppressor candidate 3 [Bombyx mori]
TRINITY_DN8039_c0_g1_i1.p1	NP_001116813.1	77.341	331	69	3	1	329	1	327	0.0	529	330	327	99	NP_001116813.1 fringe [Bombyx mori]
TRINITY_DN87_c1_g3_i1.p1	NP_001135960.1	53.000	100	47	0	1	100	413	512	5.15e-30	111	103	514	97	NP_001135960.1 uridine diphosphate glucosyltransferase [Bombyx mori]
TRINITY_DN87_c1_g3_i1.p1	NP_001243956.1	51.961	102	49	0	1	102	414	515	7.82e-30	110	103	515	99	NP_001243956.1 UDP-glycosyltransferase UGT33D3 [Bombyx mori]
TRINITY_DN87_c1_g3_i1.p1	NP_001243959.1	52.941	102	43	4	2	101	417	515	4.50e-29	108	103	516	97	NP_001243959.1 UDP-glycosyltransferase UGT33N1 precursor [Bombyx mori]
TRINITY_DN87_c1_g3_i1.p1	NP_001243962.1	43.000	100	57	0	1	100	420	519	7.37e-27	102	103	521	97	NP_001243962.1 UDP-glycosyltransferase UGT340C1 precursor [Bombyx mori]
TRINITY_DN87_c1_g3_i1.p1	NP_001243963.1	44.118	102	57	0	1	102	423	524	1.43e-26	102	103	524	99	NP_001243963.1 UDP-glycosyltransferase UGT340C2 precursor [Bombyx mori]
TRINITY_DN87_c1_g3_i1.p1	NP_001243978.1	57.831	83	32	1	1	83	419	498	1.45e-26	102	103	521	81	NP_001243978.1 UDP-glucosyltransferase precursor [Bombyx mori]
TRINITY_DN87_c1_g3_i1.p1	NP_001243991.1	51.961	102	49	0	1	102	414	515	5.66e-25	97.4	103	515	99	NP_001243991.1 UDP-glycosyltransferase UGT33D7 precursor [Bombyx mori]
TRINITY_DN87_c1_g3_i1.p1	NP_001040425.1	52.439	82	36	1	1	82	418	496	6.09e-25	97.4	103	520	80	NP_001040425.1 antennal-enriched UDP-glycosyltransferase precursor [Bombyx mori]
TRINITY_DN87_c1_g3_i1.p1	NP_001243995.1	48.936	94	44	2	2	95	419	508	1.63e-24	96.3	103	520	91	NP_001243995.1 UDP-glycosyltransferase UGT33D5 precursor [Bombyx mori]
TRINITY_DN87_c1_g3_i1.p1	NP_001243955.1	50.980	102	50	0	1	102	414	515	3.66e-24	95.1	103	515	99	NP_001243955.1 UDP-glycosyltransferase UGT33D2 precursor [Bombyx mori]
TRINITY_DN87_c1_g3_i1.p1	NP_001243957.1	52.000	100	48	0	3	102	416	515	1.00e-23	94.0	103	515	97	NP_001243957.1 UDP-glycosyltransferase UGT33D6 [Bombyx mori]
TRINITY_DN87_c1_g3_i1.p1	XP_062532682.1	53.061	98	45	1	3	100	421	517	1.62e-23	93.6	103	519	95	XP_062532682.1 UDP-glycosyltransferase UGT33K1 isoform X1 [Bombyx mori]
TRINITY_DN87_c1_g3_i1.p1	XP_062532681.1	53.061	98	45	1	3	100	421	517	1.62e-23	93.6	103	519	95	XP_062532681.1 UDP-glycosyltransferase UGT33K1 isoform X1 [Bombyx mori]
TRINITY_DN87_c1_g3_i1.p1	NP_001243958.1	53.061	98	45	1	3	100	421	517	1.62e-23	93.6	103	519	95	NP_001243958.1 UDP-glycosyltransferase UGT33K1 precursor [Bombyx mori]
TRINITY_DN87_c1_g3_i1.p1	NP_001243960.1	56.140	57	25	0	3	59	414	470	3.76e-19	80.9	103	482	55	NP_001243960.1 UDP-glycosyltransferase UGT33Q1 precursor [Bombyx mori]
TRINITY_DN87_c1_g3_i1.p1	XP_062529502.1	42.169	83	48	0	1	83	418	500	4.80e-18	77.8	103	538	81	XP_062529502.1 UDP-glycosyltransferase UGT50A1 isoform X1 [Bombyx mori]
TRINITY_DN87_c1_g3_i1.p1	XP_037873014.1	42.169	83	48	0	1	83	418	500	4.80e-18	77.8	103	538	81	XP_037873014.1 UDP-glycosyltransferase UGT50A1 isoform X1 [Bombyx mori]
TRINITY_DN87_c1_g3_i1.p1	NP_001243994.1	42.169	83	48	0	1	83	420	502	1.11e-17	77.0	103	540	81	NP_001243994.1 UDP-glycosyltransferase UGT50A1 precursor [Bombyx mori]
TRINITY_DN87_c1_g3_i1.p1	NP_001243961.1	51.515	66	32	0	3	68	409	474	4.12e-15	69.7	103	504	64	NP_001243961.1 UDP-glycosyltransferase UGT33R1 precursor [Bombyx mori]
TRINITY_DN87_c1_g3_i1.p1	NP_001127730.1	34.524	84	54	1	2	85	418	500	1.66e-12	62.0	103	525	82	NP_001127730.1 uridine diphosphate glucosyltransferase precursor [Bombyx mori]
TRINITY_DN87_c1_g3_i1.p1	NP_001243992.1	49.180	61	31	0	3	63	414	474	5.81e-12	60.5	103	509	59	NP_001243992.1 UDP-glycosyltransferase UGT33R2 precursor [Bombyx mori]
TRINITY_DN87_c1_g3_i1.p1	NP_001182386.1	32.353	102	69	0	1	102	421	522	1.21e-11	59.7	103	522	99	NP_001182386.1 UDP-glucosyltransferase precursor [Bombyx mori]
TRINITY_DN87_c1_g3_i1.p1	NP_001243973.1	38.710	62	38	0	3	64	414	475	2.77e-11	58.5	103	536	60	NP_001243973.1 UDP-glycosyltransferase UGT47A1 precursor [Bombyx mori]
TRINITY_DN87_c1_g3_i1.p1	XP_012550238.1	32.353	102	69	0	1	102	430	531	4.25e-11	58.2	103	531	99	XP_012550238.1 UDP-glucosyltransferase isoform X1 [Bombyx mori]
TRINITY_DN87_c1_g3_i1.p1	XP_062525247.1	32.353	102	69	0	1	102	423	524	4.77e-11	58.2	103	524	99	XP_062525247.1 UDP-glucosyltransferase isoform X2 [Bombyx mori]
TRINITY_DN87_c1_g3_i2.p1	NP_001135960.1	53.030	462	214	3	2	463	54	512	0.0	525	466	514	99	NP_001135960.1 uridine diphosphate glucosyltransferase [Bombyx mori]
TRINITY_DN87_c1_g3_i2.p1	NP_001243959.1	53.978	465	207	6	2	464	56	515	0.0	522	466	516	99	NP_001243959.1 UDP-glycosyltransferase UGT33N1 precursor [Bombyx mori]
TRINITY_DN87_c1_g3_i2.p1	NP_001243995.1	54.367	458	202	5	2	458	57	508	0.0	517	466	520	98	NP_001243995.1 UDP-glycosyltransferase UGT33D5 precursor [Bombyx mori]
TRINITY_DN87_c1_g3_i2.p1	NP_001243956.1	51.724	464	221	3	2	465	55	515	1.02e-180	515	466	515	99	NP_001243956.1 UDP-glycosyltransferase UGT33D3 [Bombyx mori]
TRINITY_DN87_c1_g3_i2.p1	NP_001243991.1	52.473	465	218	3	1	465	54	515	4.32e-178	509	466	515	99	NP_001243991.1 UDP-glycosyltransferase UGT33D7 precursor [Bombyx mori]
TRINITY_DN87_c1_g3_i2.p1	NP_001040425.1	54.036	446	199	4	2	446	57	497	3.93e-176	504	466	520	95	NP_001040425.1 antennal-enriched UDP-glycosyltransferase precursor [Bombyx mori]
TRINITY_DN87_c1_g3_i2.p1	NP_001243957.1	51.613	465	222	3	1	465	54	515	3.40e-174	499	466	515	99	NP_001243957.1 UDP-glycosyltransferase UGT33D6 [Bombyx mori]
TRINITY_DN87_c1_g3_i2.p1	NP_001243978.1	52.466	446	206	4	2	446	58	498	3.03e-173	497	466	521	95	NP_001243978.1 UDP-glucosyltransferase precursor [Bombyx mori]
TRINITY_DN87_c1_g3_i2.p1	NP_001243955.1	51.724	464	221	3	2	465	55	515	5.01e-169	486	466	515	99	NP_001243955.1 UDP-glycosyltransferase UGT33D2 precursor [Bombyx mori]
TRINITY_DN87_c1_g3_i2.p1	XP_062532682.1	50.647	464	225	4	2	464	58	518	5.59e-164	473	466	519	99	XP_062532682.1 UDP-glycosyltransferase UGT33K1 isoform X1 [Bombyx mori]
TRINITY_DN87_c1_g3_i2.p1	XP_062532681.1	50.647	464	225	4	2	464	58	518	5.59e-164	473	466	519	99	XP_062532681.1 UDP-glycosyltransferase UGT33K1 isoform X1 [Bombyx mori]
TRINITY_DN87_c1_g3_i2.p1	NP_001243958.1	50.647	464	225	4	2	464	58	518	5.59e-164	473	466	519	99	NP_001243958.1 UDP-glycosyltransferase UGT33K1 precursor [Bombyx mori]
TRINITY_DN87_c1_g3_i2.p1	NP_001243962.1	42.704	466	254	7	7	463	58	519	4.41e-132	392	466	521	98	NP_001243962.1 UDP-glycosyltransferase UGT340C1 precursor [Bombyx mori]
TRINITY_DN87_c1_g3_i2.p1	NP_001243963.1	41.719	477	258	8	2	465	55	524	1.54e-131	390	466	524	99	NP_001243963.1 UDP-glycosyltransferase UGT340C2 precursor [Bombyx mori]
TRINITY_DN87_c1_g3_i2.p1	NP_001243961.1	41.741	448	241	7	2	444	55	487	6.43e-123	368	466	504	95	NP_001243961.1 UDP-glycosyltransferase UGT33R1 precursor [Bombyx mori]
TRINITY_DN87_c1_g3_i2.p1	NP_001243960.1	44.656	421	227	6	2	422	56	470	2.89e-122	365	466	482	90	NP_001243960.1 UDP-glycosyltransferase UGT33Q1 precursor [Bombyx mori]
TRINITY_DN87_c1_g3_i2.p1	NP_001243992.1	41.176	425	245	4	2	426	55	474	5.51e-116	350	466	509	91	NP_001243992.1 UDP-glycosyltransferase UGT33R2 precursor [Bombyx mori]
TRINITY_DN87_c1_g3_i2.p1	XP_062532683.1	42.935	368	205	5	2	369	56	418	6.07e-97	298	466	419	79	XP_062532683.1 UDP-glycosyltransferase UGT33Q1 isoform X1 [Bombyx mori]
TRINITY_DN87_c1_g3_i2.p1	NP_001127730.1	31.435	439	290	7	13	448	70	500	2.36e-65	219	466	525	94	NP_001127730.1 uridine diphosphate glucosyltransferase precursor [Bombyx mori]
TRINITY_DN87_c1_g3_i2.p1	NP_001243980.1	29.825	399	266	8	61	449	114	508	6.10e-59	202	466	520	83	NP_001243980.1 UDP-glycosyltransferase UGT39B1 precursor [Bombyx mori]
TRINITY_DN87_c1_g3_i2.p1	XP_062525518.1	31.358	405	256	12	66	458	103	497	1.29e-57	198	466	509	84	XP_062525518.1 UDP-glycosyltransferase UGT39C1 isoform X2 [Bombyx mori]
TRINITY_DN87_c1_g3_i2.p1	XP_062525517.1	31.358	405	256	12	66	458	119	513	1.82e-57	198	466	525	84	XP_062525517.1 UDP-glycosyltransferase UGT39C1 isoform X1 [Bombyx mori]
TRINITY_DN87_c1_g3_i2.p1	NP_001243964.1	31.358	405	256	12	66	458	119	513	1.82e-57	198	466	525	84	NP_001243964.1 UDP-glycosyltransferase UGT39C1 precursor [Bombyx mori]
TRINITY_DN87_c1_g3_i2.p1	NP_001243994.1	30.326	399	258	8	58	446	114	502	1.61e-56	196	466	540	83	NP_001243994.1 UDP-glycosyltransferase UGT50A1 precursor [Bombyx mori]
TRINITY_DN87_c1_g3_i2.p1	XP_062529502.1	30.326	399	258	8	58	446	112	500	1.83e-56	196	466	538	83	XP_062529502.1 UDP-glycosyltransferase UGT50A1 isoform X1 [Bombyx mori]
TRINITY_DN87_c1_g3_i3.p1	NP_001243978.1	57.282	103	40	2	1	99	419	521	5.83e-31	114	100	521	99	NP_001243978.1 UDP-glucosyltransferase precursor [Bombyx mori]
TRINITY_DN87_c1_g3_i3.p1	NP_001135960.1	52.041	98	46	1	1	97	413	510	1.89e-30	112	100	514	97	NP_001135960.1 uridine diphosphate glucosyltransferase [Bombyx mori]
TRINITY_DN87_c1_g3_i3.p1	NP_001243963.1	50.000	102	48	1	1	99	423	524	1.36e-29	110	100	524	99	NP_001243963.1 UDP-glycosyltransferase UGT340C2 precursor [Bombyx mori]
TRINITY_DN87_c1_g3_i3.p1	NP_001243956.1	50.980	102	47	1	1	99	414	515	5.71e-29	108	100	515	99	NP_001243956.1 UDP-glycosyltransferase UGT33D3 [Bombyx mori]
TRINITY_DN87_c1_g3_i3.p1	NP_001243959.1	52.874	87	41	0	2	88	417	503	5.74e-29	108	100	516	87	NP_001243959.1 UDP-glycosyltransferase UGT33N1 precursor [Bombyx mori]
TRINITY_DN87_c1_g3_i3.p1	NP_001243962.1	48.000	100	49	1	1	97	420	519	5.67e-28	105	100	521	97	NP_001243962.1 UDP-glycosyltransferase UGT340C1 precursor [Bombyx mori]
TRINITY_DN87_c1_g3_i3.p1	NP_001243995.1	52.000	100	44	1	2	97	419	518	6.76e-28	105	100	520	96	NP_001243995.1 UDP-glycosyltransferase UGT33D5 precursor [Bombyx mori]
TRINITY_DN87_c1_g3_i3.p1	NP_001040425.1	51.485	101	45	1	1	97	418	518	2.59e-27	103	100	520	97	NP_001040425.1 antennal-enriched UDP-glycosyltransferase precursor [Bombyx mori]
TRINITY_DN87_c1_g3_i3.p1	XP_062532682.1	51.579	95	46	0	3	97	421	515	7.25e-24	94.4	100	519	95	XP_062532682.1 UDP-glycosyltransferase UGT33K1 isoform X1 [Bombyx mori]
TRINITY_DN87_c1_g3_i3.p1	XP_062532681.1	51.579	95	46	0	3	97	421	515	7.25e-24	94.4	100	519	95	XP_062532681.1 UDP-glycosyltransferase UGT33K1 isoform X1 [Bombyx mori]
TRINITY_DN87_c1_g3_i3.p1	NP_001243958.1	51.579	95	46	0	3	97	421	515	7.25e-24	94.4	100	519	95	NP_001243958.1 UDP-glycosyltransferase UGT33K1 precursor [Bombyx mori]
TRINITY_DN87_c1_g3_i3.p1	NP_001243991.1	54.167	96	43	1	3	97	416	511	7.77e-24	94.4	100	515	95	NP_001243991.1 UDP-glycosyltransferase UGT33D7 precursor [Bombyx mori]
TRINITY_DN87_c1_g3_i3.p1	NP_001243957.1	55.208	96	42	1	3	97	416	511	9.65e-24	94.0	100	515	95	NP_001243957.1 UDP-glycosyltransferase UGT33D6 [Bombyx mori]
TRINITY_DN87_c1_g3_i3.p1	NP_001243955.1	52.222	90	41	2	3	91	416	504	2.94e-23	92.4	100	515	89	NP_001243955.1 UDP-glycosyltransferase UGT33D2 precursor [Bombyx mori]
TRINITY_DN87_c1_g3_i3.p1	NP_001243960.1	47.826	69	36	0	3	71	414	482	7.58e-19	80.1	100	482	69	NP_001243960.1 UDP-glycosyltransferase UGT33Q1 precursor [Bombyx mori]
TRINITY_DN87_c1_g3_i3.p1	XP_062529502.1	40.964	83	49	0	1	83	418	500	3.16e-17	75.5	100	538	83	XP_062529502.1 UDP-glycosyltransferase UGT50A1 isoform X1 [Bombyx mori]
TRINITY_DN87_c1_g3_i3.p1	XP_037873014.1	40.964	83	49	0	1	83	418	500	3.16e-17	75.5	100	538	83	XP_037873014.1 UDP-glycosyltransferase UGT50A1 isoform X1 [Bombyx mori]
TRINITY_DN87_c1_g3_i3.p1	NP_001243994.1	40.964	83	49	0	1	83	420	502	3.69e-17	75.5	100	540	83	NP_001243994.1 UDP-glycosyltransferase UGT50A1 precursor [Bombyx mori]
TRINITY_DN87_c1_g3_i3.p1	NP_001243961.1	41.935	93	50	1	3	91	409	501	1.04e-15	71.2	100	504	89	NP_001243961.1 UDP-glycosyltransferase UGT33R1 precursor [Bombyx mori]
TRINITY_DN87_c1_g3_i3.p1	NP_001127730.1	34.483	87	57	0	2	88	418	504	1.05e-12	62.8	100	525	87	NP_001127730.1 uridine diphosphate glucosyltransferase precursor [Bombyx mori]
TRINITY_DN87_c1_g3_i3.p1	NP_001243992.1	49.180	61	31	0	3	63	414	474	3.37e-12	61.2	100	509	61	NP_001243992.1 UDP-glycosyltransferase UGT33R2 precursor [Bombyx mori]
TRINITY_DN87_c1_g3_i3.p1	NP_001037040.1	34.118	85	56	0	3	87	422	506	6.75e-12	60.5	100	520	85	NP_001037040.1 phenol UDP-glucosyltransferase precursor [Bombyx mori]
TRINITY_DN87_c1_g3_i3.p1	NP_001182386.1	32.979	94	63	0	1	94	421	514	8.28e-12	60.1	100	522	94	NP_001182386.1 UDP-glucosyltransferase precursor [Bombyx mori]
TRINITY_DN87_c1_g3_i3.p1	NP_001243973.1	32.955	88	55	1	3	90	414	497	1.06e-11	59.7	100	536	88	NP_001243973.1 UDP-glycosyltransferase UGT47A1 precursor [Bombyx mori]
TRINITY_DN87_c1_g3_i3.p1	XP_012550238.1	32.979	94	63	0	1	94	430	523	2.91e-11	58.5	100	531	94	XP_012550238.1 UDP-glucosyltransferase isoform X1 [Bombyx mori]
TRINITY_DN87_c1_g3_i4.p1	NP_001135960.1	52.826	460	213	4	2	460	54	510	0.0	527	463	514	99	NP_001135960.1 uridine diphosphate glucosyltransferase [Bombyx mori]
TRINITY_DN87_c1_g3_i4.p1	NP_001243995.1	54.957	464	202	4	2	460	57	518	0.0	526	463	520	99	NP_001243995.1 UDP-glycosyltransferase UGT33D5 precursor [Bombyx mori]
TRINITY_DN87_c1_g3_i4.p1	NP_001243959.1	54.000	450	205	2	2	451	56	503	0.0	522	463	516	97	NP_001243959.1 UDP-glycosyltransferase UGT33N1 precursor [Bombyx mori]
TRINITY_DN87_c1_g3_i4.p1	NP_001243956.1	51.509	464	219	4	2	462	55	515	3.84e-180	514	463	515	99	NP_001243956.1 UDP-glycosyltransferase UGT33D3 [Bombyx mori]
TRINITY_DN87_c1_g3_i4.p1	NP_001040425.1	53.879	464	207	4	2	460	57	518	2.16e-178	509	463	520	99	NP_001040425.1 antennal-enriched UDP-glycosyltransferase precursor [Bombyx mori]
TRINITY_DN87_c1_g3_i4.p1	NP_001243978.1	52.575	466	214	5	2	462	58	521	1.81e-177	507	463	521	99	NP_001243978.1 UDP-glucosyltransferase precursor [Bombyx mori]
TRINITY_DN87_c1_g3_i4.p1	NP_001243991.1	52.711	461	214	4	1	460	54	511	4.04e-177	506	463	515	99	NP_001243991.1 UDP-glycosyltransferase UGT33D7 precursor [Bombyx mori]
TRINITY_DN87_c1_g3_i4.p1	NP_001243957.1	52.278	461	216	4	1	460	54	511	1.85e-174	499	463	515	99	NP_001243957.1 UDP-glycosyltransferase UGT33D6 [Bombyx mori]
TRINITY_DN87_c1_g3_i4.p1	NP_001243955.1	51.762	454	214	5	2	454	55	504	3.26e-168	483	463	515	98	NP_001243955.1 UDP-glycosyltransferase UGT33D2 precursor [Bombyx mori]
TRINITY_DN87_c1_g3_i4.p1	XP_062532682.1	50.435	460	225	3	2	460	58	515	5.50e-165	475	463	519	99	XP_062532682.1 UDP-glycosyltransferase UGT33K1 isoform X1 [Bombyx mori]
TRINITY_DN87_c1_g3_i4.p1	XP_062532681.1	50.435	460	225	3	2	460	58	515	5.50e-165	475	463	519	99	XP_062532681.1 UDP-glycosyltransferase UGT33K1 isoform X1 [Bombyx mori]
TRINITY_DN87_c1_g3_i4.p1	NP_001243958.1	50.435	460	225	3	2	460	58	515	5.50e-165	475	463	519	99	NP_001243958.1 UDP-glycosyltransferase UGT33K1 precursor [Bombyx mori]
TRINITY_DN87_c1_g3_i4.p1	NP_001243963.1	42.977	477	249	9	2	462	55	524	3.60e-135	400	463	524	99	NP_001243963.1 UDP-glycosyltransferase UGT340C2 precursor [Bombyx mori]
TRINITY_DN87_c1_g3_i4.p1	NP_001243962.1	43.777	466	246	8	7	460	58	519	2.67e-133	395	463	521	98	NP_001243962.1 UDP-glycosyltransferase UGT340C1 precursor [Bombyx mori]
TRINITY_DN87_c1_g3_i4.p1	NP_001243961.1	41.342	462	247	8	2	454	55	501	3.26e-124	371	463	504	98	NP_001243961.1 UDP-glycosyltransferase UGT33R1 precursor [Bombyx mori]
TRINITY_DN87_c1_g3_i4.p1	NP_001243960.1	44.418	421	228	6	2	422	56	470	4.74e-122	365	463	482	91	NP_001243960.1 UDP-glycosyltransferase UGT33Q1 precursor [Bombyx mori]
TRINITY_DN87_c1_g3_i4.p1	NP_001243992.1	41.176	425	245	4	2	426	55	474	1.92e-116	351	463	509	92	NP_001243992.1 UDP-glycosyltransferase UGT33R2 precursor [Bombyx mori]
TRINITY_DN87_c1_g3_i4.p1	XP_062532683.1	42.935	368	205	5	2	369	56	418	4.18e-97	298	463	419	79	XP_062532683.1 UDP-glycosyltransferase UGT33Q1 isoform X1 [Bombyx mori]
TRINITY_DN87_c1_g3_i4.p1	NP_001127730.1	31.448	442	293	6	13	451	70	504	3.69e-66	221	463	525	95	NP_001127730.1 uridine diphosphate glucosyltransferase precursor [Bombyx mori]
TRINITY_DN87_c1_g3_i4.p1	NP_001243980.1	30.326	399	264	8	61	449	114	508	8.24e-60	204	463	520	84	NP_001243980.1 UDP-glycosyltransferase UGT39B1 precursor [Bombyx mori]
TRINITY_DN87_c1_g3_i4.p1	XP_062525518.1	31.852	405	254	12	66	458	103	497	1.29e-58	201	463	509	85	XP_062525518.1 UDP-glycosyltransferase UGT39C1 isoform X2 [Bombyx mori]
TRINITY_DN87_c1_g3_i4.p1	XP_062525517.1	31.852	405	254	12	66	458	119	513	1.93e-58	201	463	525	85	XP_062525517.1 UDP-glycosyltransferase UGT39C1 isoform X1 [Bombyx mori]
TRINITY_DN87_c1_g3_i4.p1	NP_001243964.1	31.852	405	254	12	66	458	119	513	1.93e-58	201	463	525	85	NP_001243964.1 UDP-glycosyltransferase UGT39C1 precursor [Bombyx mori]
TRINITY_DN87_c1_g3_i4.p1	XP_062529502.1	30.075	399	259	8	58	446	112	500	1.12e-55	194	463	538	84	XP_062529502.1 UDP-glycosyltransferase UGT50A1 isoform X1 [Bombyx mori]
TRINITY_DN87_c1_g3_i4.p1	XP_037873014.1	30.075	399	259	8	58	446	112	500	1.12e-55	194	463	538	84	XP_037873014.1 UDP-glycosyltransferase UGT50A1 isoform X1 [Bombyx mori]
TRINITY_DN87_c1_g3_i5.p1	NP_001243995.1	58.594	512	204	3	35	538	7	518	0.0	612	541	520	93	NP_001243995.1 UDP-glycosyltransferase UGT33D5 precursor [Bombyx mori]
TRINITY_DN87_c1_g3_i5.p1	NP_001135960.1	55.098	510	226	3	32	538	1	510	0.0	611	541	514	94	NP_001135960.1 uridine diphosphate glucosyltransferase [Bombyx mori]
TRINITY_DN87_c1_g3_i5.p1	NP_001040425.1	57.087	515	213	3	34	540	6	520	0.0	600	541	520	94	NP_001040425.1 antennal-enriched UDP-glycosyltransferase precursor [Bombyx mori]
TRINITY_DN87_c1_g3_i5.p1	NP_001243978.1	57.253	517	213	4	32	540	5	521	0.0	599	541	521	94	NP_001243978.1 UDP-glucosyltransferase precursor [Bombyx mori]
TRINITY_DN87_c1_g3_i5.p1	NP_001243956.1	55.773	511	221	3	35	540	5	515	0.0	592	541	515	94	NP_001243956.1 UDP-glycosyltransferase UGT33D3 [Bombyx mori]
TRINITY_DN87_c1_g3_i5.p1	NP_001243957.1	58.185	507	208	4	36	538	5	511	0.0	592	541	515	93	NP_001243957.1 UDP-glycosyltransferase UGT33D6 [Bombyx mori]
TRINITY_DN87_c1_g3_i5.p1	NP_001243959.1	55.179	502	222	2	31	529	2	503	0.0	591	541	516	92	NP_001243959.1 UDP-glycosyltransferase UGT33N1 precursor [Bombyx mori]
TRINITY_DN87_c1_g3_i5.p1	NP_001243991.1	57.863	496	206	3	46	538	16	511	0.0	586	541	515	91	NP_001243991.1 UDP-glycosyltransferase UGT33D7 precursor [Bombyx mori]
TRINITY_DN87_c1_g3_i5.p1	NP_001243955.1	56.436	505	215	5	32	532	1	504	0.0	583	541	515	93	NP_001243955.1 UDP-glycosyltransferase UGT33D2 precursor [Bombyx mori]
TRINITY_DN87_c1_g3_i5.p1	XP_062532682.1	53.502	514	233	3	31	538	2	515	0.0	555	541	519	94	XP_062532682.1 UDP-glycosyltransferase UGT33K1 isoform X1 [Bombyx mori]
TRINITY_DN87_c1_g3_i5.p1	XP_062532681.1	53.502	514	233	3	31	538	2	515	0.0	555	541	519	94	XP_062532681.1 UDP-glycosyltransferase UGT33K1 isoform X1 [Bombyx mori]
TRINITY_DN87_c1_g3_i5.p1	NP_001243958.1	53.502	514	233	3	31	538	2	515	0.0	555	541	519	94	NP_001243958.1 UDP-glycosyltransferase UGT33K1 precursor [Bombyx mori]
TRINITY_DN87_c1_g3_i5.p1	NP_001243963.1	46.768	526	258	5	33	540	3	524	1.61e-165	480	541	524	94	NP_001243963.1 UDP-glycosyltransferase UGT340C2 precursor [Bombyx mori]
TRINITY_DN87_c1_g3_i5.p1	NP_001243962.1	47.308	520	256	7	34	538	3	519	5.54e-165	479	541	521	93	NP_001243962.1 UDP-glycosyltransferase UGT340C1 precursor [Bombyx mori]
TRINITY_DN87_c1_g3_i5.p1	NP_001243960.1	48.312	474	242	3	40	512	11	482	7.16e-164	474	541	482	87	NP_001243960.1 UDP-glycosyltransferase UGT33Q1 precursor [Bombyx mori]
TRINITY_DN87_c1_g3_i5.p1	NP_001243961.1	43.564	505	273	5	34	532	3	501	4.48e-148	435	541	504	92	NP_001243961.1 UDP-glycosyltransferase UGT33R1 precursor [Bombyx mori]
TRINITY_DN87_c1_g3_i5.p1	NP_001243992.1	44.541	458	251	3	48	504	19	474	3.75e-141	417	541	509	84	NP_001243992.1 UDP-glycosyltransferase UGT33R2 precursor [Bombyx mori]
TRINITY_DN87_c1_g3_i5.p1	XP_062532683.1	48.166	409	209	3	40	447	11	417	8.39e-137	403	541	419	75	XP_062532683.1 UDP-glycosyltransferase UGT33Q1 isoform X1 [Bombyx mori]
TRINITY_DN87_c1_g3_i5.p1	NP_001243980.1	31.538	520	313	15	34	527	6	508	2.91e-78	255	541	520	91	NP_001243980.1 UDP-glycosyltransferase UGT39B1 precursor [Bombyx mori]
TRINITY_DN87_c1_g3_i5.p1	XP_062525517.1	30.639	532	319	14	32	537	7	514	9.56e-77	251	541	525	94	XP_062525517.1 UDP-glycosyltransferase UGT39C1 isoform X1 [Bombyx mori]
TRINITY_DN87_c1_g3_i5.p1	NP_001243964.1	30.639	532	319	14	32	537	7	514	9.56e-77	251	541	525	94	NP_001243964.1 UDP-glycosyltransferase UGT39C1 precursor [Bombyx mori]
TRINITY_DN87_c1_g3_i5.p1	XP_062525518.1	30.344	524	315	14	32	537	7	498	2.20e-75	247	541	509	94	XP_062525518.1 UDP-glycosyltransferase UGT39C1 isoform X2 [Bombyx mori]
TRINITY_DN87_c1_g3_i5.p1	NP_001127730.1	30.724	511	332	5	32	529	3	504	1.62e-71	238	541	525	92	NP_001127730.1 uridine diphosphate glucosyltransferase precursor [Bombyx mori]
TRINITY_DN87_c1_g3_i5.p1	NP_001182386.1	29.502	522	339	12	32	535	4	514	1.49e-68	230	541	522	93	NP_001182386.1 UDP-glucosyltransferase precursor [Bombyx mori]
TRINITY_DN87_c1_g3_i5.p1	XP_062525247.1	29.502	522	339	12	32	535	6	516	3.39e-68	229	541	524	93	XP_062525247.1 UDP-glucosyltransferase isoform X2 [Bombyx mori]
TRINITY_DN9587_c0_g1_i1.p1	NP_001135960.1	51.034	145	70	1	1	144	368	512	2.22e-52	173	149	514	97	NP_001135960.1 uridine diphosphate glucosyltransferase [Bombyx mori]
TRINITY_DN9587_c0_g1_i1.p1	NP_001243956.1	55.862	145	63	1	1	144	369	513	4.08e-51	170	149	515	97	NP_001243956.1 UDP-glycosyltransferase UGT33D3 [Bombyx mori]
TRINITY_DN9587_c0_g1_i1.p1	NP_001243978.1	51.370	146	71	0	1	146	374	519	1.69e-47	160	149	521	98	NP_001243978.1 UDP-glucosyltransferase precursor [Bombyx mori]
TRINITY_DN9587_c0_g1_i1.p1	NP_001243962.1	51.515	132	64	0	2	133	376	507	3.23e-47	160	149	521	89	NP_001243962.1 UDP-glycosyltransferase UGT340C1 precursor [Bombyx mori]
TRINITY_DN9587_c0_g1_i1.p1	NP_001243995.1	50.685	146	72	0	1	146	373	518	5.36e-47	159	149	520	98	NP_001243995.1 UDP-glycosyltransferase UGT33D5 precursor [Bombyx mori]
TRINITY_DN9587_c0_g1_i1.p1	NP_001040425.1	54.198	131	60	0	1	131	373	503	7.89e-47	159	149	520	88	NP_001040425.1 antennal-enriched UDP-glycosyltransferase precursor [Bombyx mori]
TRINITY_DN9587_c0_g1_i1.p1	NP_001243959.1	47.586	145	74	1	2	146	372	514	3.75e-46	157	149	516	97	NP_001243959.1 UDP-glycosyltransferase UGT33N1 precursor [Bombyx mori]
TRINITY_DN9587_c0_g1_i1.p1	NP_001243955.1	51.351	148	71	1	1	148	369	515	2.27e-45	155	149	515	99	NP_001243955.1 UDP-glycosyltransferase UGT33D2 precursor [Bombyx mori]
TRINITY_DN9587_c0_g1_i1.p1	NP_001243957.1	61.538	104	40	0	1	104	369	472	8.34e-44	150	149	515	70	NP_001243957.1 UDP-glycosyltransferase UGT33D6 [Bombyx mori]
TRINITY_DN9587_c0_g1_i1.p1	XP_062532682.1	56.296	135	59	0	1	135	374	508	1.96e-42	147	149	519	91	XP_062532682.1 UDP-glycosyltransferase UGT33K1 isoform X1 [Bombyx mori]
TRINITY_DN9587_c0_g1_i1.p1	XP_062532681.1	56.296	135	59	0	1	135	374	508	1.96e-42	147	149	519	91	XP_062532681.1 UDP-glycosyltransferase UGT33K1 isoform X1 [Bombyx mori]
TRINITY_DN9587_c0_g1_i1.p1	NP_001243958.1	56.296	135	59	0	1	135	374	508	1.96e-42	147	149	519	91	NP_001243958.1 UDP-glycosyltransferase UGT33K1 precursor [Bombyx mori]
TRINITY_DN9587_c0_g1_i1.p1	NP_001243991.1	52.308	130	61	1	1	129	369	498	1.14e-41	145	149	515	87	NP_001243991.1 UDP-glycosyltransferase UGT33D7 precursor [Bombyx mori]
TRINITY_DN9587_c0_g1_i1.p1	NP_001243963.1	45.578	147	79	1	2	148	379	524	1.78e-41	144	149	524	99	NP_001243963.1 UDP-glycosyltransferase UGT340C2 precursor [Bombyx mori]
TRINITY_DN9587_c0_g1_i1.p1	NP_001243961.1	43.697	119	67	0	2	120	363	481	8.69e-32	118	149	504	80	NP_001243961.1 UDP-glycosyltransferase UGT33R1 precursor [Bombyx mori]
TRINITY_DN9587_c0_g1_i1.p1	NP_001243992.1	42.991	107	61	0	2	108	368	474	3.71e-27	105	149	509	72	NP_001243992.1 UDP-glycosyltransferase UGT33R2 precursor [Bombyx mori]
TRINITY_DN9587_c0_g1_i1.p1	NP_001243960.1	39.216	102	62	0	3	104	369	470	1.09e-26	103	149	482	68	NP_001243960.1 UDP-glycosyltransferase UGT33Q1 precursor [Bombyx mori]
TRINITY_DN9587_c0_g1_i1.p1	XP_062529502.1	38.129	139	82	2	3	137	375	513	1.42e-24	98.6	149	538	91	XP_062529502.1 UDP-glycosyltransferase UGT50A1 isoform X1 [Bombyx mori]
TRINITY_DN9587_c0_g1_i1.p1	XP_037873014.1	38.129	139	82	2	3	137	375	513	1.42e-24	98.6	149	538	91	XP_037873014.1 UDP-glycosyltransferase UGT50A1 isoform X1 [Bombyx mori]
TRINITY_DN9587_c0_g1_i1.p1	NP_001243994.1	37.857	140	83	2	3	138	377	516	1.69e-24	98.2	149	540	91	NP_001243994.1 UDP-glycosyltransferase UGT50A1 precursor [Bombyx mori]
TRINITY_DN9587_c0_g1_i1.p1	NP_001243980.1	32.331	133	86	1	3	135	376	504	1.19e-23	95.9	149	520	89	NP_001243980.1 UDP-glycosyltransferase UGT39B1 precursor [Bombyx mori]
TRINITY_DN9587_c0_g1_i1.p1	XP_062525518.1	32.593	135	91	0	3	137	361	495	4.68e-23	94.0	149	509	91	XP_062525518.1 UDP-glycosyltransferase UGT39C1 isoform X2 [Bombyx mori]
TRINITY_DN9587_c0_g1_i1.p1	XP_062525517.1	32.593	135	91	0	3	137	377	511	5.04e-23	94.0	149	525	91	XP_062525517.1 UDP-glycosyltransferase UGT39C1 isoform X1 [Bombyx mori]
TRINITY_DN9587_c0_g1_i1.p1	NP_001243964.1	32.593	135	91	0	3	137	377	511	5.04e-23	94.0	149	525	91	NP_001243964.1 UDP-glycosyltransferase UGT39C1 precursor [Bombyx mori]
TRINITY_DN9587_c0_g1_i1.p1	NP_001243973.1	34.532	139	87	1	2	140	368	502	5.46e-23	94.0	149	536	93	NP_001243973.1 UDP-glycosyltransferase UGT47A1 precursor [Bombyx mori]
