TRINITY_DN7610_c0_g1_i3.p1	Spodoptera|XP_035432672.2	33.333	30	20	0	32	61	553	189	218	327	0.42	23.1
TRINITY_DN4688_c0_g1_i16.p1	Spodoptera|XP_035442818.1	32.258	31	21	0	256	286	479	331	361	390	0.36	23.1
TRINITY_DN585_c0_g1_i1.p1	Bmori|XP_037867392.1	21.519	79	53	3	178	247	251	93	171	395	0.73	20.8
TRINITY_DN304_c0_g1_i2.p1	Spodoptera|XP_035432548.2	40.909	22	11	1	278	297	318	53	74	311	0.28	22.7
TRINITY_DN14240_c0_g4_i2.p1	Spodoptera|XP_050559197.1	25.581	43	29	1	36	75	873	177	219	343	0.57	23.1
TRINITY_DN14240_c0_g4_i2.p1	Bmori|XP_012551199.2	40.625	32	16	1	249	280	873	253	281	349	0.80	22.7
TRINITY_DN1769_c1_g1_i4.p1	Spodoptera|XP_035433286.1	37.931	29	16	1	498	526	534	248	274	344	0.69	22.3
TRINITY_DN2164_c0_g1_i7.p1	Bmori|XP_062524699.1	42.857	28	15	1	647	673	794	9	36	343	0.48	23.5
TRINITY_DN12649_c0_g1_i1.p1	Spodoptera|XP_035435946.2	44.828	29	16	0	71	99	111	110	138	344	0.057	22.7
TRINITY_DN12649_c0_g1_i1.p1	Bmori|XP_012550153.2	50.000	14	7	0	75	88	111	12	25	312	0.49	20.0
TRINITY_DN1926_c0_g1_i19.p2	Bmori|XP_037867392.1	30.769	26	18	0	50	75	168	316	341	395	0.48	20.8
TRINITY_DN1228_c0_g1_i11.p1	Spodoptera|XP_050549308.1	21.667	60	41	2	55	114	253	347	400	431	0.38	21.9
TRINITY_DN1228_c0_g1_i11.p1	Bmori|XP_012550153.2	32.143	28	19	0	4	31	253	248	275	312	0.67	21.2
TRINITY_DN26404_c0_g1_i1.p1	Spodoptera|XP_050559191.1	30.303	33	23	0	125	157	157	256	288	352	0.68	20.0
TRINITY_DN11038_c0_g1_i6.p1	Spodoptera|XP_050559193.1	38.710	31	16	1	229	256	447	127	157	349	0.86	21.6
TRINITY_DN22592_c0_g1_i1.p1	Spodoptera|XP_050559193.1	21.875	32	25	0	48	79	103	181	212	349	0.60	19.6
TRINITY_DN6115_c0_g1_i1.p1	Spodoptera|XP_035433286.1	26.667	45	33	0	200	244	522	122	166	344	0.88	21.9
TRINITY_DN5900_c0_g1_i1.p1	Bmori|XP_062529457.1	35.714	42	19	1	412	445	506	87	128	326	0.35	23.1
TRINITY_DN7854_c2_g1_i1.p1	Bmori|XP_012550153.2	26.316	76	51	2	290	363	478	10	82	312	0.13	24.3
TRINITY_DN7854_c2_g1_i1.p1	Spodoptera|XP_035433249.2	37.037	27	17	0	316	342	478	183	209	238	0.20	23.5
TRINITY_DN1390_c0_g1_i10.p1	Bmori|XP_012550153.2	36.538	52	23	2	1245	1287	1608	33	83	312	0.014	29.3
TRINITY_DN1390_c0_g2_i1.p1	Bmori|XP_062529457.1	25.000	100	63	4	45	139	225	212	304	326	0.006	27.3
TRINITY_DN56723_c0_g1_i1.p1	Bmori|XP_012550153.2	25.957	235	144	7	4	210	254	5	237	312	2.05e-15	65.1
TRINITY_DN56723_c0_g1_i1.p1	Spodoptera|XP_035433249.2	25.676	74	51	1	6	79	254	14	83	238	1.80e-07	41.2
TRINITY_DN56723_c0_g1_i1.p1	Spodoptera|XP_050559703.1	22.727	110	83	1	3	110	254	82	191	315	4.20e-05	34.3
TRINITY_DN56723_c0_g1_i1.p1	Spodoptera|XP_035435946.2	23.077	26	20	0	89	114	254	45	70	344	0.33	21.9
TRINITY_DN13444_c0_g1_i3.p1	Spodoptera|XP_035435946.2	39.474	38	17	2	67	98	458	251	288	344	0.062	25.4
TRINITY_DN28393_c0_g1_i10.p1	Bmori|XP_062527116.1	35.000	20	13	0	80	99	99	124	143	436	0.053	22.3
TRINITY_DN28393_c0_g1_i10.p1	Spodoptera|XP_035432672.2	35.000	20	13	0	52	71	99	263	282	327	0.27	20.4
TRINITY_DN28393_c0_g1_i10.p1	Spodoptera|XP_050549308.1	35.000	20	13	0	80	99	99	121	140	431	0.44	19.6
TRINITY_DN51277_c0_g1_i1.p1	Spodoptera|XP_050559197.1	36.364	22	14	0	94	115	128	249	270	343	0.32	20.8
TRINITY_DN4686_c0_g1_i3.p1	Spodoptera|XP_035442818.1	32.143	28	15	1	2	25	100	126	153	390	0.31	20.4
TRINITY_DN38730_c0_g1_i1.p1	Spodoptera|XP_035432548.2	31.373	51	32	2	16	64	123	158	207	311	0.60	19.6
TRINITY_DN9435_c0_g1_i1.p1	Spodoptera|XP_050559191.1	35.849	53	27	3	37	82	841	230	282	352	0.43	23.5
TRINITY_DN9435_c0_g1_i1.p1	Spodoptera|XP_035432548.2	36.842	19	12	0	559	577	841	189	207	311	0.96	22.3
TRINITY_DN5342_c0_g1_i2.p1	Spodoptera|XP_035432548.2	23.913	46	35	0	164	209	416	71	116	311	0.50	22.3
TRINITY_DN4406_c0_g1_i22.p1	Bmori|XP_012551199.2	38.095	21	13	0	143	163	345	242	262	349	0.15	23.5
TRINITY_DN4406_c0_g1_i22.p1	Spodoptera|XP_050559193.1	38.095	21	13	0	143	163	345	245	265	349	0.26	22.7
TRINITY_DN51834_c0_g1_i1.p1	Spodoptera|XP_035433249.2	35.484	31	19	1	121	151	336	43	72	238	0.53	21.6
TRINITY_DN23626_c1_g1_i4.p1	Spodoptera|XP_050559191.1	30.000	20	14	0	4	23	151	220	239	352	0.31	21.2
TRINITY_DN2163_c0_g1_i2.p1	Bmori|XP_012551199.2	29.310	58	30	2	285	337	456	293	344	349	0.070	25.0
TRINITY_DN12671_c0_g1_i43.p1	Spodoptera|XP_035432672.2	31.034	29	17	1	127	152	153	7	35	327	0.26	21.6
TRINITY_DN33004_c0_g1_i1.p1	Spodoptera|XP_035436318.2	30.233	43	28	1	84	126	326	188	228	351	0.058	24.6
TRINITY_DN33004_c0_g1_i1.p1	Spodoptera|XP_050559196.1	30.233	43	28	1	84	126	326	188	228	304	0.061	24.6
TRINITY_DN33004_c0_g1_i1.p1	Spodoptera|XP_035436301.1	20.690	58	39	1	44	94	326	252	309	341	0.60	21.6
TRINITY_DN33004_c0_g1_i1.p1	Spodoptera|XP_050559193.1	27.907	43	29	1	84	126	326	186	226	349	0.91	21.2
TRINITY_DN50223_c0_g1_i1.p1	Bmori|XP_062524699.1	58.333	12	5	0	36	47	102	31	42	343	0.26	20.4
TRINITY_DN50223_c0_g1_i1.p1	Spodoptera|XP_050559193.1	44.444	18	9	1	40	57	102	36	52	349	0.29	20.4
TRINITY_DN6114_c0_g1_i43.p1	Spodoptera|XP_050559191.1	33.333	54	33	2	125	176	644	112	164	352	0.20	24.3
TRINITY_DN6114_c0_g1_i43.p1	Spodoptera|XP_035435946.2	35.294	51	21	3	566	615	644	83	122	344	0.87	22.3
TRINITY_DN10124_c0_g1_i1.p1	Bmori|XP_062524699.1	38.889	18	11	0	502	519	668	88	105	343	0.96	21.9
TRINITY_DN13304_c0_g1_i1.p1	Spodoptera|XP_035442818.1	40.223	358	184	7	55	404	407	52	387	390	3.69e-95	282
TRINITY_DN13304_c0_g1_i1.p1	Spodoptera|XP_035432548.2	40.777	309	162	6	99	404	407	18	308	311	8.46e-80	239
TRINITY_DN13304_c0_g1_i1.p1	Bmori|XP_037867392.1	36.364	352	205	6	55	403	407	56	391	395	4.99e-77	235
TRINITY_DN54455_c0_g1_i1.p1	Bmori|XP_037867392.1	33.333	30	17	2	33	62	100	285	311	395	0.28	20.4
TRINITY_DN54455_c0_g1_i1.p1	Bmori|XP_012550153.2	53.333	15	6	1	75	88	100	234	248	312	0.83	18.9
TRINITY_DN5459_c0_g1_i11.p1	Bmori|XP_062529457.1	34.091	44	26	1	316	356	696	275	318	326	0.63	22.7
TRINITY_DN15967_c0_g1_i1.p1	Spodoptera|XP_035433249.2	33.333	72	45	1	55	126	328	7	75	238	7.90e-09	45.8
TRINITY_DN15967_c0_g1_i1.p1	Bmori|XP_012550153.2	28.125	64	44	1	62	125	328	7	68	312	0.001	30.4
TRINITY_DN15967_c0_g1_i1.p1	Spodoptera|XP_050559196.1	25.926	81	48	3	191	265	328	85	159	304	0.070	24.6
TRINITY_DN15967_c0_g1_i1.p1	Spodoptera|XP_035436318.2	25.926	81	48	3	191	265	328	85	159	351	0.082	24.3
TRINITY_DN15011_c0_g1_i1.p1	Spodoptera|XP_035433249.2	36.667	30	19	0	507	536	560	105	134	238	0.56	22.3
TRINITY_DN15011_c0_g1_i1.p1	Spodoptera|XP_050559703.1	26.316	38	28	0	104	141	560	89	126	315	0.87	21.9
TRINITY_DN5459_c0_g2_i2.p1	Bmori|XP_012550153.2	32.432	37	19	2	256	290	370	96	128	312	0.25	23.1
TRINITY_DN547_c2_g1_i6.p1	Spodoptera|XP_050559191.1	32.727	55	26	2	68	122	613	176	219	352	0.085	25.4
TRINITY_DN547_c2_g1_i6.p1	Spodoptera|XP_035435946.2	30.909	55	27	2	68	122	613	167	210	344	0.17	24.3
TRINITY_DN547_c2_g1_i6.p1	Spodoptera|XP_050549308.1	36.842	38	19	2	82	119	613	363	395	431	0.30	23.5
TRINITY_DN547_c2_g1_i6.p1	Bmori|XP_062527116.1	44.828	29	13	1	91	119	613	373	398	436	0.51	23.1
TRINITY_DN547_c2_g1_i6.p1	Bmori|XP_062529457.1	35.897	39	20	2	84	122	613	165	198	326	0.85	21.9
TRINITY_DN547_c2_g2_i12.p1	Spodoptera|XP_050559191.1	32.727	55	26	2	232	286	781	176	219	352	0.097	25.4
TRINITY_DN547_c2_g2_i12.p1	Spodoptera|XP_035435946.2	30.909	55	27	2	232	286	781	167	210	344	0.21	24.6
TRINITY_DN547_c2_g2_i12.p1	Spodoptera|XP_050549308.1	36.842	38	19	2	246	283	781	363	395	431	0.38	23.5
TRINITY_DN547_c2_g2_i12.p1	Bmori|XP_062527116.1	44.828	29	13	1	255	283	781	373	398	436	0.58	23.1
TRINITY_DN11176_c0_g1_i1.p1	Spodoptera|XP_050549308.1	50.000	14	7	0	41	54	124	280	293	431	0.90	19.2
TRINITY_DN1650_c1_g1_i15.p1	Bmori|XP_012550153.2	28.261	46	31	1	23	68	282	221	264	312	0.15	23.1
TRINITY_DN10961_c0_g1_i4.p1	Spodoptera|XP_035433286.1	32.759	58	30	4	717	767	1217	259	314	344	0.94	23.1
TRINITY_DN3633_c0_g1_i1.p1	Spodoptera|XP_035442818.1	32.432	37	23	1	68	102	461	325	361	390	0.024	26.6
TRINITY_DN3633_c0_g1_i1.p1	Spodoptera|XP_050559191.1	43.750	16	9	0	320	335	461	102	117	352	0.15	24.3
TRINITY_DN48510_c0_g1_i1.p1	Spodoptera|XP_050559197.1	22.581	31	24	0	11	41	140	168	198	343	0.71	20.0
TRINITY_DN27456_c0_g2_i1.p1	Spodoptera|XP_035432672.2	26.923	26	19	0	12	37	446	246	271	327	0.95	21.6
TRINITY_DN3074_c0_g1_i6.p1	Spodoptera|XP_035432548.2	36.667	30	18	1	1044	1072	1426	64	93	311	0.23	25.0
TRINITY_DN58407_c0_g1_i1.p1	Bmori|XP_062524699.1	32.353	34	23	0	43	76	137	189	222	343	0.074	22.7
TRINITY_DN2161_c0_g1_i1.p1	Bmori|XP_062529457.1	31.111	45	31	0	204	248	296	233	277	326	0.087	24.3
TRINITY_DN20882_c0_g1_i1.p1	Spodoptera|XP_050549308.1	27.536	69	48	1	9	75	151	4	72	431	0.010	25.8
TRINITY_DN20882_c0_g1_i1.p1	Bmori|XP_062527116.1	33.333	30	20	0	9	38	151	4	33	436	0.31	21.2
TRINITY_DN18331_c0_g2_i1.p1	Bmori|XP_062524699.1	24.444	45	34	0	199	243	302	299	343	343	0.13	23.5
TRINITY_DN18331_c0_g2_i1.p1	Spodoptera|XP_050559197.1	26.000	50	35	2	181	229	302	280	328	343	0.92	20.8
TRINITY_DN41215_c0_g1_i1.p1	Spodoptera|XP_035436318.2	26.744	86	55	2	226	303	417	34	119	351	0.045	25.4
TRINITY_DN41215_c0_g1_i1.p1	Spodoptera|XP_050559196.1	26.744	86	55	2	226	303	417	34	119	304	0.059	25.0
TRINITY_DN52746_c0_g1_i1.p1	Bmori|XP_012551199.2	36.000	25	13	1	89	110	134	191	215	349	0.11	22.3
TRINITY_DN52746_c0_g1_i1.p1	Spodoptera|XP_050559196.1	23.077	78	55	3	55	129	134	162	237	304	0.16	21.9
TRINITY_DN52746_c0_g1_i1.p1	Spodoptera|XP_035436318.2	23.077	78	55	3	55	129	134	162	237	351	0.16	21.6
TRINITY_DN52746_c0_g1_i1.p1	Spodoptera|XP_050559193.1	27.941	68	41	2	24	91	134	25	84	349	0.31	20.8
TRINITY_DN52746_c0_g1_i1.p1	Spodoptera|XP_035433286.1	23.729	59	42	1	55	110	134	153	211	344	0.55	20.0
TRINITY_DN52746_c0_g1_i1.p1	Bmori|XP_062524699.1	24.359	78	56	2	55	130	134	153	229	343	0.69	20.0
TRINITY_DN2266_c2_g1_i7.p2	Bmori|XP_062529457.1	27.273	44	32	0	51	94	122	69	112	326	0.032	23.5
TRINITY_DN33701_c0_g1_i1.p1	Spodoptera|XP_035433249.2	36.667	30	16	2	71	100	102	124	150	238	0.97	18.9
TRINITY_DN26402_c0_g1_i4.p1	Spodoptera|XP_035442818.1	33.333	33	22	0	181	213	380	37	69	390	0.48	22.3
TRINITY_DN31435_c0_g1_i1.p1	Spodoptera|XP_050559196.1	26.190	42	22	1	21	62	197	256	288	304	0.14	22.7
TRINITY_DN285_c1_g1_i1.p1	Bmori|XP_062524699.1	21.429	98	63	2	723	820	1002	27	110	343	0.70	23.1
TRINITY_DN2020_c0_g1_i1.p1	Spodoptera|XP_050549308.1	66.667	9	3	0	90	98	124	254	262	431	0.31	20.8
TRINITY_DN2020_c0_g1_i1.p1	Bmori|XP_062527116.1	66.667	9	3	0	90	98	124	257	265	436	0.31	20.8
TRINITY_DN5200_c0_g1_i14.p1	Spodoptera|XP_050549308.1	40.625	32	15	2	32	63	183	70	97	431	0.88	20.0
TRINITY_DN12786_c0_g1_i1.p1	Spodoptera|XP_035442818.1	39.130	23	14	0	76	98	159	26	48	390	0.47	20.8
TRINITY_DN12786_c0_g1_i1.p1	Spodoptera|XP_050559191.1	63.636	11	4	0	103	113	159	301	311	352	0.74	20.0
TRINITY_DN7863_c0_g1_i11.p1	Spodoptera|XP_035433249.2	35.714	28	18	0	374	401	402	203	230	238	0.047	25.4
TRINITY_DN7863_c0_g1_i11.p1	Bmori|XP_012551199.2	40.000	20	9	1	287	303	402	212	231	349	0.39	22.7
TRINITY_DN12088_c0_g1_i1.p1	Spodoptera|XP_035435946.2	33.333	36	18	1	99	128	490	241	276	344	0.81	21.9
TRINITY_DN1365_c0_g1_i5.p1	Spodoptera|XP_035442818.1	45.833	24	12	1	94	116	275	32	55	390	0.78	21.2
TRINITY_DN7165_c0_g1_i3.p1	Spodoptera|XP_050549308.1	22.449	49	35	1	84	129	190	178	226	431	0.56	20.8
TRINITY_DN8777_c0_g2_i1.p1	Bmori|XP_062527116.1	47.059	17	9	0	60	76	103	354	370	436	0.64	19.2
TRINITY_DN8777_c0_g2_i1.p1	Spodoptera|XP_050559197.1	58.333	12	5	0	23	34	103	116	127	343	0.86	18.9
TRINITY_DN685_c2_g2_i10.p1	Spodoptera|XP_050559197.1	33.333	27	18	0	54	80	1047	206	232	343	0.22	24.6
TRINITY_DN685_c2_g2_i10.p1	Spodoptera|XP_035435946.2	40.741	27	16	0	54	80	1047	209	235	344	0.29	24.6
TRINITY_DN4684_c0_g1_i2.p1	Bmori|XP_037867392.1	22.917	48	34	1	51	98	159	283	327	395	0.096	22.7
TRINITY_DN7864_c0_g1_i20.p1	Spodoptera|XP_035432548.2	26.923	78	45	2	1110	1181	2549	40	111	311	0.11	26.9
TRINITY_DN14494_c0_g1_i1.p1	Bmori|XP_062524699.1	22.330	103	63	4	959	1051	1052	98	193	343	0.063	26.6
TRINITY_DN14494_c0_g1_i1.p1	Bmori|XP_037867392.1	36.667	30	15	1	762	791	1052	238	263	395	0.38	24.3
TRINITY_DN59342_c0_g1_i1.p1	Bmori|XP_012550153.2	34.783	23	15	0	85	107	107	287	309	312	0.38	20.0
TRINITY_DN59342_c0_g1_i1.p1	Spodoptera|XP_035442818.1	30.556	36	22	1	47	79	107	121	156	390	0.58	19.6
TRINITY_DN17674_c0_g1_i1.p1	Spodoptera|XP_050549308.1	25.581	43	26	1	45	81	101	191	233	431	0.28	20.4
TRINITY_DN17674_c0_g1_i1.p1	Bmori|XP_037867392.1	33.333	33	20	1	39	69	101	59	91	395	0.58	19.6
TRINITY_DN17674_c0_g1_i1.p1	Spodoptera|XP_035442818.1	63.636	11	4	0	39	49	101	55	65	390	0.95	18.9
TRINITY_DN38705_c0_g3_i1.p1	Bmori|XP_037869304.1	27.027	37	27	0	223	259	293	192	228	319	0.12	23.5
TRINITY_DN38705_c0_g3_i1.p1	Bmori|XP_004930400.2	20.455	88	70	0	186	273	293	184	271	346	0.39	21.9
TRINITY_DN38705_c0_g3_i1.p1	Bmori|XP_062526415.1	20.455	88	70	0	186	273	293	115	202	277	0.45	21.9
TRINITY_DN38705_c0_g3_i1.p1	Bmori|XP_062526412.1	20.455	88	70	0	186	273	293	127	214	289	0.50	21.6
TRINITY_DN26519_c0_g1_i1.p1	Bmori|XP_062524699.1	35.714	28	18	0	246	273	618	46	73	343	0.61	22.7
TRINITY_DN5340_c0_g2_i6.p1	Bmori|XP_062529457.1	88.889	9	1	0	137	145	372	30	38	326	0.76	21.6
TRINITY_DN15150_c0_g1_i2.p1	Spodoptera|XP_050559703.1	52.000	25	11	1	240	264	753	233	256	315	0.25	24.3
TRINITY_DN11732_c0_g1_i1.p1	Spodoptera|XP_035436301.1	29.412	34	24	0	187	220	221	251	284	341	0.92	20.4
TRINITY_DN1224_c0_g2_i2.p1	Bmori|XP_062527116.1	32.203	59	33	2	62	113	290	67	125	436	0.22	22.7
TRINITY_DN1224_c0_g2_i2.p1	Bmori|XP_062527116.1	44.444	27	12	1	14	37	290	99	125	436	0.62	21.6
TRINITY_DN28925_c0_g1_i5.p1	Spodoptera|XP_050559197.1	45.161	31	14	2	142	169	192	221	251	343	0.29	21.6
TRINITY_DN11576_c1_g1_i17.p1	Spodoptera|XP_035442818.1	25.758	66	28	3	294	358	841	129	174	390	0.51	23.5
TRINITY_DN5456_c0_g1_i2.p1	Spodoptera|XP_050559703.1	36.000	25	16	0	90	114	214	173	197	315	0.12	23.1
TRINITY_DN15964_c0_g1_i5.p1	Spodoptera|XP_050559193.1	28.205	39	22	1	73	105	128	190	228	349	0.24	21.2
TRINITY_DN15964_c0_g1_i5.p1	Spodoptera|XP_050559196.1	23.684	38	23	1	74	105	128	193	230	304	0.85	19.6
TRINITY_DN15964_c0_g1_i5.p1	Spodoptera|XP_035436318.2	23.684	38	23	1	74	105	128	193	230	351	0.86	19.6
TRINITY_DN33002_c0_g1_i1.p1	Spodoptera|XP_050559191.1	44.444	18	10	0	86	103	139	180	197	352	0.99	19.2
TRINITY_DN4543_c0_g1_i10.p1	Bmori|XP_012550153.2	33.333	66	34	3	1644	1706	2341	74	132	312	0.049	28.1
TRINITY_DN698_c0_g1_i1.p1	Bmori|XP_021206280.1	38.095	21	13	0	181	201	283	204	224	290	0.94	20.8
TRINITY_DN8077_c0_g1_i43.p1	Bmori|XP_062527116.1	30.435	46	32	0	41	86	130	185	230	436	0.94	19.2
TRINITY_DN1468_c2_g1_i13.p1	Spodoptera|XP_050559196.1	25.714	35	26	0	297	331	593	18	52	304	0.14	24.6
TRINITY_DN1468_c2_g1_i13.p1	Spodoptera|XP_035436318.2	25.000	40	30	0	297	336	593	18	57	351	0.17	24.3
TRINITY_DN1468_c2_g1_i13.p1	Bmori|XP_062526415.1	30.000	40	22	1	381	420	593	238	271	277	0.25	23.9
TRINITY_DN1468_c2_g1_i13.p1	Bmori|XP_062526412.1	30.000	40	22	1	381	420	593	250	283	289	0.28	23.5
TRINITY_DN1468_c2_g1_i13.p1	Bmori|XP_004930400.2	30.000	40	22	1	381	420	593	307	340	346	0.30	23.5
TRINITY_DN1468_c2_g1_i13.p1	Spodoptera|XP_035435946.2	30.000	40	22	1	381	420	593	307	340	344	0.81	22.3
TRINITY_DN25885_c0_g1_i1.p1	Bmori|XP_062529457.1	35.897	39	19	1	106	138	204	49	87	326	0.15	22.7
TRINITY_DN25604_c0_g1_i1.p1	Spodoptera|XP_050559703.1	25.962	104	57	6	30	118	146	154	252	315	0.14	21.9
TRINITY_DN25604_c0_g1_i1.p1	Bmori|XP_062526415.1	31.579	38	25	1	24	60	146	133	170	277	0.45	20.4
TRINITY_DN25604_c0_g1_i1.p1	Bmori|XP_062526412.1	31.579	38	25	1	24	60	146	145	182	289	0.51	20.4
TRINITY_DN25604_c0_g1_i1.p1	Bmori|XP_004930400.2	31.579	38	25	1	24	60	146	202	239	346	0.74	20.0
TRINITY_DN4683_c0_g2_i1.p1	Bmori|XP_062526415.1	38.462	26	16	0	88	113	275	191	216	277	0.019	25.8
TRINITY_DN4683_c0_g2_i1.p1	Bmori|XP_062526412.1	38.462	26	16	0	88	113	275	203	228	289	0.021	25.8
TRINITY_DN4683_c0_g2_i1.p1	Bmori|XP_004930400.2	38.462	26	16	0	88	113	275	260	285	346	0.024	25.8
TRINITY_DN4683_c0_g2_i1.p1	Bmori|XP_062524699.1	40.000	20	12	0	99	118	275	270	289	343	0.66	21.2
TRINITY_DN4683_c0_g2_i1.p1	Spodoptera|XP_050559703.1	29.167	48	30	2	221	268	275	150	193	315	0.68	21.2
TRINITY_DN4683_c0_g2_i1.p1	Spodoptera|XP_050559193.1	39.130	23	12	1	98	120	275	276	296	349	0.86	20.8
TRINITY_DN580_c0_g2_i7.p1	Bmori|XP_012550153.2	37.931	29	13	1	304	327	546	56	84	312	0.40	23.1
TRINITY_DN9570_c0_g1_i10.p1	Spodoptera|XP_035433286.1	26.471	34	25	0	555	588	884	7	40	344	0.48	23.5
TRINITY_DN59318_c0_g1_i1.p1	Bmori|XP_062524699.1	23.529	68	46	2	27	90	103	221	286	343	0.032	23.1
TRINITY_DN3747_c0_g1_i1.p1	Spodoptera|XP_035432672.2	27.419	62	29	3	57	118	163	242	287	327	0.27	21.6
TRINITY_DN9547_c0_g1_i2.p1	Bmori|XP_021206280.1	29.630	27	19	0	489	515	516	154	180	290	0.65	22.3
TRINITY_DN16039_c0_g1_i1.p1	Spodoptera|XP_035436301.1	26.471	34	25	0	96	129	296	282	315	341	0.54	21.6
TRINITY_DN7012_c2_g1_i3.p1	Spodoptera|XP_050549308.1	42.105	19	11	0	23	41	115	342	360	431	0.84	19.2
TRINITY_DN1223_c0_g1_i19.p1	Spodoptera|XP_035432672.2	28.814	59	39	2	271	329	743	23	78	327	0.14	25.0
TRINITY_DN11708_c0_g1_i12.p1	Spodoptera|XP_050559197.1	34.483	29	19	0	41	69	269	51	79	343	0.45	21.6
TRINITY_DN11708_c0_g1_i12.p1	Spodoptera|XP_050559191.1	34.483	29	19	0	41	69	269	54	82	352	0.61	21.2
TRINITY_DN11708_c0_g1_i12.p1	Spodoptera|XP_035435946.2	30.000	30	21	0	40	69	269	53	82	344	0.71	21.2
TRINITY_DN11708_c0_g1_i12.p1	Spodoptera|XP_050559193.1	31.034	29	20	0	41	69	269	53	81	349	0.94	20.8
TRINITY_DN59457_c0_g1_i1.p1	Bmori|XP_062529457.1	41.176	17	10	0	11	27	168	118	134	326	0.83	20.0
TRINITY_DN12207_c1_g1_i8.p2	Spodoptera|XP_035432672.2	25.000	80	45	2	39	103	132	36	115	327	0.79	19.6
TRINITY_DN3188_c0_g1_i2.p1	Spodoptera|XP_035433249.2	32.653	49	31	1	723	771	1028	98	144	238	0.73	23.1
TRINITY_DN3188_c0_g1_i2.p1	Spodoptera|XP_035432548.2	41.379	29	14	1	132	157	1028	37	65	311	0.93	22.7
TRINITY_DN16876_c0_g2_i1.p1	Bmori|XP_062529457.1	27.500	40	23	1	122	155	169	162	201	326	0.50	20.8
TRINITY_DN60001_c0_g1_i1.p1	Bmori|XP_021206280.1	28.571	21	15	0	41	61	101	157	177	290	0.32	20.0
TRINITY_DN33397_c0_g1_i1.p1	Spodoptera|XP_050559197.1	40.000	30	17	1	190	219	346	271	299	343	0.36	22.3
TRINITY_DN33397_c0_g1_i1.p1	Bmori|XP_021206280.1	50.000	18	9	0	231	248	346	112	129	290	0.78	21.2
TRINITY_DN24133_c0_g1_i1.p1	Bmori|XP_021206280.1	37.500	24	15	0	147	170	183	182	205	290	0.67	20.4
TRINITY_DN24133_c0_g1_i1.p1	Spodoptera|XP_035433249.2	27.778	36	25	1	97	131	183	55	90	238	0.76	20.0
TRINITY_DN13416_c0_g1_i1.p1	Spodoptera|XP_050559193.1	25.000	64	37	2	35	98	208	53	105	349	0.20	22.3
TRINITY_DN13416_c0_g1_i1.p1	Spodoptera|XP_050559191.1	30.233	43	28	1	39	81	208	58	98	352	0.80	20.4
TRINITY_DN13416_c0_g1_i1.p1	Spodoptera|XP_050559196.1	26.087	69	39	3	30	98	208	51	107	304	0.89	20.4
TRINITY_DN13416_c0_g1_i1.p1	Spodoptera|XP_035436318.2	26.087	69	39	3	30	98	208	51	107	351	0.91	20.4
TRINITY_DN13697_c0_g1_i1.p1	Bmori|XP_004930400.2	26.154	65	42	1	46	110	338	228	286	346	0.24	23.1
TRINITY_DN13697_c0_g1_i1.p1	Bmori|XP_062526415.1	26.154	65	42	1	46	110	338	159	217	277	0.26	22.7
TRINITY_DN13697_c0_g1_i1.p1	Bmori|XP_062526412.1	26.154	65	42	1	46	110	338	171	229	289	0.26	22.7
TRINITY_DN51947_c0_g1_i1.p1	Bmori|XP_062529457.1	28.986	69	43	2	414	476	480	244	312	326	4.36e-04	32.3
TRINITY_DN14196_c1_g1_i2.p1	Bmori|XP_012550153.2	29.545	44	28	1	12	55	127	5	45	312	0.008	25.4
TRINITY_DN14196_c1_g1_i2.p1	Spodoptera|XP_050559703.1	30.435	46	32	0	18	63	127	86	131	315	0.14	21.9
TRINITY_DN14196_c1_g1_i2.p1	Spodoptera|XP_035433249.2	23.684	76	58	0	10	85	127	7	82	238	0.27	20.8
TRINITY_DN1467_c2_g1_i2.p1	Bmori|XP_062526415.1	30.233	43	21	2	142	175	289	14	56	277	0.40	21.9
TRINITY_DN1467_c2_g1_i2.p1	Bmori|XP_062526412.1	30.233	43	21	2	142	175	289	26	68	289	0.41	21.9
TRINITY_DN1467_c2_g1_i2.p1	Bmori|XP_004930400.2	30.233	43	21	2	142	175	289	83	125	346	0.42	21.9
TRINITY_DN14196_c1_g3_i1.p1	Spodoptera|XP_035442818.1	32.407	108	71	1	35	140	145	23	130	390	2.07e-17	68.2
TRINITY_DN14196_c1_g3_i1.p1	Bmori|XP_037867392.1	43.373	83	45	1	60	140	145	52	134	395	1.08e-16	66.2
TRINITY_DN14196_c1_g3_i1.p1	Bmori|XP_037867392.1	23.656	93	54	3	57	143	145	250	331	395	0.39	20.8
TRINITY_DN14196_c1_g3_i1.p1	Spodoptera|XP_035432548.2	40.000	35	21	0	106	140	145	18	52	311	1.33e-05	33.9
TRINITY_DN7861_c0_g1_i1.p1	Spodoptera|XP_050559191.1	23.684	38	27	1	196	231	315	229	266	352	0.47	21.9
TRINITY_DN7163_c0_g1_i1.p1	Bmori|XP_037867392.1	25.000	56	23	3	97	139	490	232	281	395	0.22	23.9
TRINITY_DN17648_c0_g1_i1.p2	Spodoptera|XP_050559191.1	22.857	35	27	0	29	63	112	191	225	352	0.61	19.6
TRINITY_DN17648_c0_g1_i1.p2	Spodoptera|XP_050559703.1	27.660	47	32	2	34	80	112	111	155	315	0.68	19.6
TRINITY_DN20018_c0_g1_i25.p1	Bmori|XP_062526415.1	27.273	44	31	1	38	81	496	19	61	277	0.072	25.0
TRINITY_DN20018_c0_g1_i25.p1	Bmori|XP_062526412.1	27.273	44	31	1	38	81	496	31	73	289	0.13	24.3
TRINITY_DN20018_c0_g1_i25.p1	Bmori|XP_004930400.2	27.273	44	31	1	38	81	496	88	130	346	0.15	24.3
TRINITY_DN31549_c0_g1_i27.p1	Bmori|XP_004930400.2	34.615	26	17	0	95	120	475	124	149	346	0.31	23.1
TRINITY_DN31549_c0_g1_i27.p1	Bmori|XP_062526415.1	34.615	26	17	0	95	120	475	55	80	277	0.32	23.1
TRINITY_DN31549_c0_g1_i27.p1	Bmori|XP_062526412.1	34.615	26	17	0	95	120	475	67	92	289	0.34	23.1
TRINITY_DN5314_c0_g1_i1.p1	Spodoptera|XP_035433249.2	33.333	42	26	1	81	120	200	111	152	238	0.032	24.6
TRINITY_DN4682_c0_g1_i11.p1	Spodoptera|XP_050559703.1	35.417	48	26	2	432	475	751	221	267	315	0.65	22.7
TRINITY_DN4682_c0_g1_i11.p1	Spodoptera|XP_050559197.1	18.519	54	44	0	267	320	751	253	306	343	0.75	22.7
TRINITY_DN1479_c0_g1_i5.p1	Spodoptera|XP_050559193.1	32.258	31	21	0	162	192	293	67	97	349	0.23	22.7
TRINITY_DN1479_c0_g1_i5.p1	Bmori|XP_062524699.1	23.636	110	56	4	63	153	293	19	119	343	0.63	21.6
TRINITY_DN4659_c0_g1_i3.p1	Bmori|XP_037867392.1	29.167	24	17	0	378	401	410	138	161	395	0.62	21.9
TRINITY_DN28922_c0_g1_i2.p1	Bmori|XP_062527116.1	38.636	44	21	1	128	165	415	98	141	436	0.15	23.9
TRINITY_DN28922_c0_g1_i2.p1	Bmori|XP_012550153.2	27.660	47	31	2	328	374	415	103	146	312	0.26	23.1
TRINITY_DN142_c1_g1_i2.p1	Spodoptera|XP_035442818.1	39.286	28	17	0	187	214	269	247	274	390	0.44	21.6
TRINITY_DN60280_c0_g1_i1.p1	Bmori|XP_037869304.1	25.424	59	38	2	70	124	144	96	152	319	0.038	23.9
TRINITY_DN60280_c0_g1_i1.p1	Bmori|XP_004930400.2	33.333	39	19	2	99	137	144	9	40	346	0.16	21.9
TRINITY_DN60257_c0_g1_i1.p1	Spodoptera|XP_050549308.1	45.455	22	9	1	96	114	124	181	202	431	0.96	19.2
TRINITY_DN3_c9_g2_i1.p1	Bmori|XP_037869304.1	28.000	75	40	4	114	178	227	124	194	319	0.11	23.5
TRINITY_DN13817_c1_g1_i5.p1	Bmori|XP_037869304.1	35.294	17	11	0	93	109	112	248	264	319	0.53	19.6
TRINITY_DN13817_c1_g1_i5.p1	Spodoptera|XP_035436301.1	35.294	17	11	0	93	109	112	267	283	341	0.79	19.2
TRINITY_DN1222_c0_g1_i7.p1	Spodoptera|XP_035432672.2	29.825	57	36	1	23	75	494	7	63	327	0.049	25.8
TRINITY_DN7978_c0_g2_i1.p1	Spodoptera|XP_035442818.1	32.609	46	25	2	476	517	551	250	293	390	0.39	23.1
TRINITY_DN5297_c1_g1_i1.p1	Spodoptera|XP_035433249.2	61.538	13	5	0	146	158	564	76	88	238	0.36	23.1
TRINITY_DN5297_c1_g1_i1.p1	Bmori|XP_037867392.1	29.412	34	24	0	177	210	564	28	61	395	0.57	22.7
TRINITY_DN33396_c0_g1_i1.p1	Bmori|XP_062524699.1	21.127	71	49	3	23	91	127	141	206	343	0.43	20.4
TRINITY_DN36576_c0_g1_i1.p1	Bmori|XP_062529457.1	42.105	19	11	0	1	19	108	169	187	326	0.66	19.2
TRINITY_DN4518_c0_g1_i1.p1	Bmori|XP_012550153.2	26.562	64	44	2	750	810	1362	233	296	312	0.62	23.9
TRINITY_DN31547_c0_g1_i1.p1	Spodoptera|XP_050559197.1	27.907	43	23	2	49	91	101	36	70	343	0.50	19.6
TRINITY_DN31547_c0_g1_i1.p1	Spodoptera|XP_035433286.1	30.769	39	23	1	60	94	101	145	183	344	0.64	19.2
TRINITY_DN31547_c0_g1_i1.p1	Bmori|XP_004930400.2	25.581	43	24	1	49	91	101	38	72	346	0.70	19.2
TRINITY_DN12502_c0_g1_i3.p1	Spodoptera|XP_035432672.2	32.353	34	23	0	491	524	572	246	279	327	0.40	23.1
TRINITY_DN4680_c0_g1_i4.p1	Bmori|XP_012551199.2	45.455	22	12	0	441	462	563	88	109	349	0.87	21.9
TRINITY_DN3449_c1_g1_i1.p1	Spodoptera|XP_035433249.2	33.929	56	29	2	171	226	577	118	165	238	0.048	25.8
TRINITY_DN3449_c1_g1_i1.p1	Spodoptera|XP_035432672.2	34.375	32	21	0	311	342	577	211	242	327	0.34	23.1
TRINITY_DN25445_c1_g1_i3.p1	Spodoptera|XP_050559193.1	25.455	55	37	1	218	268	606	16	70	349	0.41	23.1
TRINITY_DN25_c9_g2_i1.p1	Spodoptera|XP_035442818.1	36.111	36	19	1	501	536	912	93	124	390	0.11	25.8
TRINITY_DN815_c1_g1_i12.p1	Bmori|XP_062527116.1	29.730	37	26	0	70	106	238	96	132	436	0.23	22.3
TRINITY_DN6510_c1_g1_i8.p1	Bmori|XP_062527116.1	32.692	52	31	1	200	247	688	106	157	436	0.059	26.2
TRINITY_DN4400_c0_g1_i1.p1	Bmori|XP_062529457.1	46.667	15	8	0	17	31	99	87	101	326	0.84	18.9
TRINITY_DN21069_c0_g2_i1.p1	Spodoptera|XP_035433286.1	20.988	162	110	7	166	314	401	155	311	344	0.19	23.5
TRINITY_DN21069_c0_g2_i1.p1	Bmori|XP_062529457.1	47.619	21	11	0	166	186	401	145	165	326	0.20	23.5
TRINITY_DN21069_c0_g2_i1.p1	Bmori|XP_062524699.1	55.556	18	8	0	166	183	401	155	172	343	0.24	23.1
TRINITY_DN21069_c0_g2_i1.p1	Spodoptera|XP_050559196.1	52.941	17	8	0	166	182	401	164	180	304	0.25	23.1
TRINITY_DN21069_c0_g2_i1.p1	Spodoptera|XP_035436318.2	52.941	17	8	0	166	182	401	164	180	351	0.25	23.1
TRINITY_DN2134_c0_g1_i13.p1	Spodoptera|XP_035436301.1	42.308	26	15	0	565	590	714	181	206	341	0.63	22.7
TRINITY_DN2134_c0_g1_i13.p1	Bmori|XP_037869304.1	42.308	26	15	0	565	590	714	162	187	319	0.75	22.3
TRINITY_DN8609_c0_g1_i2.p1	Spodoptera|XP_050559197.1	36.667	30	19	0	32	61	169	96	125	343	0.13	22.3
TRINITY_DN8609_c0_g1_i2.p1	Bmori|XP_037869304.1	30.000	30	21	0	55	84	169	229	258	319	0.52	20.8
TRINITY_DN60256_c0_g1_i1.p1	Spodoptera|XP_050559191.1	25.806	62	40	2	130	185	821	116	177	352	0.76	22.7
TRINITY_DN55362_c0_g1_i1.p1	Spodoptera|XP_035432548.2	29.268	41	25	1	64	104	136	249	285	311	0.80	19.6
TRINITY_DN12781_c0_g1_i11.p1	Spodoptera|XP_035442818.1	28.889	45	28	1	165	205	1689	343	387	390	0.44	24.6
TRINITY_DN5453_c0_g1_i1.p1	Spodoptera|XP_035432548.2	28.846	52	23	2	101	138	220	157	208	311	0.83	20.4
TRINITY_DN15938_c0_g1_i1.p1	Bmori|XP_062526415.1	28.302	53	37	1	21	72	230	125	177	277	0.43	21.6
TRINITY_DN15938_c0_g1_i1.p1	Bmori|XP_062526412.1	28.302	53	37	1	21	72	230	137	189	289	0.52	21.2
TRINITY_DN15938_c0_g1_i1.p1	Bmori|XP_004930400.2	28.302	53	37	1	21	72	230	194	246	346	0.82	20.8
TRINITY_DN20994_c0_g1_i1.p1	Bmori|XP_062527116.1	20.952	105	77	3	320	421	1279	142	243	436	0.57	23.9
TRINITY_DN20994_c0_g1_i1.p1	Spodoptera|XP_050549308.1	40.000	30	18	0	98	127	1279	275	304	431	0.83	23.5
TRINITY_DN41327_c0_g1_i1.p1	Spodoptera|XP_035432548.2	23.077	39	30	0	3	41	190	116	154	311	0.36	21.2
TRINITY_DN24247_c0_g1_i2.p1	Bmori|XP_037869304.1	30.000	50	35	0	28	77	99	257	306	319	0.21	20.8
TRINITY_DN14194_c1_g4_i1.p1	Bmori|XP_037869304.1	32.812	64	40	2	75	136	345	29	91	319	3.32e-04	32.0
TRINITY_DN14194_c1_g4_i1.p1	Spodoptera|XP_035436301.1	30.769	65	44	1	72	136	345	47	110	341	4.82e-04	31.6
TRINITY_DN14194_c1_g4_i1.p1	Bmori|XP_062527116.1	60.000	20	8	0	168	187	345	218	237	436	0.18	23.5
TRINITY_DN14194_c1_g4_i1.p1	Spodoptera|XP_035432548.2	43.750	16	9	0	295	310	345	78	93	311	0.38	22.3
TRINITY_DN14194_c1_g4_i1.p1	Spodoptera|XP_050549308.1	55.000	20	9	0	168	187	345	215	234	431	0.44	22.3
TRINITY_DN12759_c0_g1_i3.p1	Spodoptera|XP_035436301.1	28.889	45	32	0	72	116	127	82	126	341	0.75	19.6
TRINITY_DN7161_c0_g1_i14.p1	Spodoptera|XP_050549308.1	32.857	70	37	4	33	102	309	26	85	431	0.78	21.2
TRINITY_DN553_c0_g1_i5.p1	Spodoptera|XP_050559193.1	43.333	30	13	1	131	160	1272	257	282	349	0.37	24.3
TRINITY_DN553_c0_g1_i5.p1	Spodoptera|XP_050559191.1	40.909	22	13	0	889	910	1272	271	292	352	0.41	24.3
TRINITY_DN7836_c0_g2_i4.p1	Spodoptera|XP_050559191.1	38.095	21	13	0	508	528	548	197	217	352	0.47	22.7
TRINITY_DN7836_c0_g2_i4.p1	Spodoptera|XP_035435946.2	36.364	22	14	0	508	529	548	188	209	344	0.69	22.3
TRINITY_DN7138_c0_g1_i2.p1	Spodoptera|XP_035436301.1	38.710	31	19	0	89	119	136	278	308	341	0.59	20.0
TRINITY_DN7138_c0_g1_i2.p1	Spodoptera|XP_035436301.1	33.333	24	16	0	60	83	136	202	225	341	0.89	19.6
TRINITY_DN3045_c0_g2_i1.p1	Bmori|XP_062529457.1	30.000	40	28	0	3	42	103	245	284	326	0.60	19.6
TRINITY_DN96_c1_g1_i4.p1	Spodoptera|XP_050559703.1	24.561	57	40	1	571	624	992	214	270	315	0.49	23.5
TRINITY_DN33254_c0_g1_i1.p1	Spodoptera|XP_035432548.2	41.667	24	14	0	161	184	189	218	241	311	0.84	20.0
TRINITY_DN1477_c0_g1_i3.p1	Spodoptera|XP_050559193.1	24.590	61	28	1	268	328	340	261	303	349	0.25	22.7
TRINITY_DN1477_c0_g1_i3.p1	Spodoptera|XP_050559197.1	33.333	27	18	0	305	331	340	272	298	343	0.28	22.7
TRINITY_DN1477_c0_g1_i3.p1	Bmori|XP_037867392.1	42.105	19	11	0	319	337	340	117	135	395	0.76	21.6
TRINITY_DN20155_c0_g2_i1.p1	Bmori|XP_021206280.1	23.636	55	42	0	268	322	594	50	104	290	0.006	28.9
TRINITY_DN20155_c0_g2_i1.p1	Bmori|XP_062524699.1	27.660	47	29	2	260	304	594	100	143	343	0.34	23.5
TRINITY_DN20155_c0_g2_i1.p1	Spodoptera|XP_035433286.1	32.203	59	35	1	322	375	594	285	343	344	0.54	22.7
TRINITY_DN20155_c0_g2_i1.p1	Spodoptera|XP_050549308.1	52.381	21	9	1	28	47	594	16	36	431	0.85	21.9
TRINITY_DN37486_c0_g1_i1.p1	Bmori|XP_037867392.1	23.077	52	37	2	59	107	107	336	387	395	0.39	20.0
TRINITY_DN5451_c0_g1_i1.p1	Spodoptera|XP_035433286.1	29.310	58	29	3	53	110	158	236	281	344	0.79	20.0
TRINITY_DN5428_c0_g1_i12.p1	Bmori|XP_004930400.2	27.500	40	29	0	530	569	998	32	71	346	0.059	26.6
TRINITY_DN1220_c0_g1_i12.p1	Spodoptera|XP_050559703.1	20.388	103	72	1	1142	1244	2426	5	97	315	0.051	28.1
TRINITY_DN1220_c0_g1_i12.p1	Spodoptera|XP_035433286.1	22.609	115	60	4	145	247	2426	206	303	344	0.40	25.4
TRINITY_DN38142_c0_g2_i1.p1	Spodoptera|XP_050559193.1	27.500	40	20	1	110	149	312	296	326	349	1.00	20.8
TRINITY_DN16873_c0_g2_i1.p1	Spodoptera|XP_050559191.1	26.531	49	36	0	392	440	891	42	90	352	0.50	23.5
TRINITY_DN5452_c0_g1_i1.p1	Bmori|XP_037867392.1	35.714	28	16	1	5	30	275	117	144	395	0.61	21.2
TRINITY_DN22822_c1_g1_i1.p1	Spodoptera|XP_050559703.1	31.081	74	35	5	66	139	233	158	215	315	0.35	21.6
TRINITY_DN36574_c0_g1_i1.p1	Bmori|XP_037867392.1	34.483	29	19	0	197	225	356	170	198	395	0.58	21.9
TRINITY_DN36574_c0_g2_i1.p1	Spodoptera|XP_035436301.1	31.373	51	27	3	71	113	117	43	93	341	0.21	21.2
TRINITY_DN36574_c0_g2_i1.p1	Bmori|XP_037869304.1	33.333	27	16	1	87	113	117	50	74	319	0.42	20.0
TRINITY_DN4516_c0_g1_i13.p1	Spodoptera|XP_050549308.1	42.424	33	13	1	50	82	1208	374	400	431	0.35	24.3
TRINITY_DN4516_c0_g1_i13.p1	Bmori|XP_062527116.1	42.424	33	13	1	50	82	1208	377	403	436	0.45	24.3
TRINITY_DN5015_c1_g1_i1.p1	Spodoptera|XP_035436318.2	23.837	172	96	7	128	291	305	174	318	351	1.00	20.8
TRINITY_DN2388_c0_g1_i1.p1	Bmori|XP_062529457.1	25.439	114	49	4	76	153	234	62	175	326	0.19	22.7
TRINITY_DN2388_c0_g1_i1.p1	Spodoptera|XP_035435946.2	22.222	27	21	0	175	201	234	10	36	344	0.96	20.4
TRINITY_DN21066_c0_g1_i9.p1	Spodoptera|XP_035433249.2	29.787	47	33	0	26	72	309	1	47	238	0.63	21.2
TRINITY_DN21066_c0_g1_i9.p1	Bmori|XP_012550153.2	40.000	30	14	1	169	194	309	270	299	312	0.69	21.2
TRINITY_DN18581_c0_g1_i2.p1	Bmori|XP_012551199.2	25.843	89	53	3	135	213	405	51	136	349	0.17	23.9
TRINITY_DN18300_c0_g1_i4.p1	Spodoptera|XP_035436301.1	24.742	97	62	3	1	93	107	141	230	341	0.004	25.8
TRINITY_DN18300_c0_g1_i4.p1	Bmori|XP_037869304.1	25.000	100	58	5	1	93	107	122	211	319	0.006	25.4
TRINITY_DN18300_c0_g1_i4.p1	Bmori|XP_012551199.2	50.000	14	7	0	91	104	107	196	209	349	0.55	19.6
TRINITY_DN552_c0_g2_i6.p1	Spodoptera|XP_035436318.2	29.630	27	19	0	25	51	110	267	293	351	0.61	19.6
TRINITY_DN15445_c8_g1_i1.p1	Spodoptera|XP_035435946.2	50.000	14	7	0	55	68	109	155	168	344	0.64	19.6
TRINITY_DN21067_c0_g1_i1.p1	Spodoptera|XP_035432548.2	23.967	121	62	3	9	116	170	150	253	311	0.062	23.5
TRINITY_DN21067_c0_g1_i1.p1	Spodoptera|XP_050549308.1	26.923	26	19	0	89	114	170	353	378	431	0.87	20.0
TRINITY_DN12199_c0_g1_i1.p1	Spodoptera|XP_050549308.1	35.714	28	18	0	147	174	196	221	248	431	0.72	20.4
TRINITY_DN12199_c0_g1_i1.p1	Bmori|XP_062527116.1	35.714	28	18	0	147	174	196	224	251	436	0.78	20.4
TRINITY_DN12199_c0_g2_i3.p1	Bmori|XP_012551199.2	35.484	31	17	1	227	257	501	172	199	349	0.63	22.3
TRINITY_DN668_c0_g1_i11.p1	Bmori|XP_062529457.1	36.000	25	16	0	213	237	400	118	142	326	0.34	22.7
TRINITY_DN668_c0_g1_i11.p1	Spodoptera|XP_035432672.2	26.667	30	22	0	212	241	400	9	38	327	0.85	21.6
TRINITY_DN56134_c0_g1_i1.p1	Bmori|XP_012550153.2	32.787	61	38	2	52	109	330	117	177	312	0.82	21.2
TRINITY_DN37485_c0_g1_i1.p1	Bmori|XP_062524699.1	25.862	58	42	1	96	153	240	76	132	343	0.081	23.9
TRINITY_DN25299_c0_g1_i1.p1	Spodoptera|XP_035442818.1	25.641	117	70	4	444	559	719	258	358	390	0.90	22.3
TRINITY_DN8607_c0_g1_i16.p1	Bmori|XP_062526415.1	26.667	30	22	0	79	108	149	2	31	277	0.79	19.6
TRINITY_DN18440_c0_g1_i1.p1	Spodoptera|XP_050559703.1	37.500	24	15	0	75	98	100	199	222	315	0.038	22.7
TRINITY_DN36549_c0_g1_i1.p1	Spodoptera|XP_050559196.1	38.095	42	19	3	10	51	147	245	279	304	0.12	22.3
TRINITY_DN36549_c0_g1_i1.p1	Spodoptera|XP_035433249.2	26.190	42	23	1	28	61	147	142	183	238	0.86	19.6
TRINITY_DN41324_c0_g1_i1.p1	Spodoptera|XP_050559197.1	31.746	63	36	2	588	643	1364	211	273	343	0.12	26.2
TRINITY_DN41324_c0_g1_i1.p1	Bmori|XP_062526415.1	26.230	61	38	2	578	631	1364	134	194	277	0.14	25.8
TRINITY_DN41324_c0_g1_i1.p1	Bmori|XP_062526412.1	26.230	61	38	2	578	631	1364	146	206	289	0.17	25.4
TRINITY_DN41324_c0_g1_i1.p1	Spodoptera|XP_050559193.1	26.667	75	49	2	583	655	1364	214	284	349	0.19	25.4
TRINITY_DN41324_c0_g1_i1.p1	Bmori|XP_004930400.2	26.230	61	38	2	578	631	1364	203	263	346	0.19	25.4
TRINITY_DN41324_c0_g1_i1.p1	Spodoptera|XP_035433249.2	26.471	68	40	2	803	860	1364	67	134	238	0.25	25.0
TRINITY_DN41324_c0_g1_i1.p1	Spodoptera|XP_035436318.2	24.096	83	57	2	577	657	1364	210	288	351	0.31	24.6
TRINITY_DN41324_c0_g1_i1.p1	Spodoptera|XP_050559196.1	30.769	52	34	1	583	632	1364	216	267	304	0.31	24.6
TRINITY_DN41324_c0_g1_i1.p1	Spodoptera|XP_050559191.1	33.333	54	28	3	604	655	1364	241	288	352	0.36	24.6
TRINITY_DN41324_c0_g1_i1.p1	Bmori|XP_021206280.1	33.333	33	17	1	604	631	1364	173	205	290	0.87	23.1
TRINITY_DN20968_c0_g1_i5.p1	Spodoptera|XP_035436301.1	25.301	83	58	1	667	749	2228	35	113	341	0.005	31.2
TRINITY_DN692_c0_g2_i1.p1	Spodoptera|XP_035436301.1	36.000	25	16	0	17	41	185	138	162	341	0.54	20.8
TRINITY_DN692_c0_g2_i1.p1	Bmori|XP_037869304.1	36.000	25	16	0	17	41	185	119	143	319	0.92	20.0
TRINITY_DN692_c0_g3_i2.p1	Spodoptera|XP_035435946.2	50.000	16	8	0	47	62	145	135	150	344	0.14	21.9
TRINITY_DN38816_c0_g1_i1.p1	Spodoptera|XP_050559703.1	38.235	34	16	2	13	42	111	172	204	315	0.94	18.9
TRINITY_DN3601_c0_g1_i10.p1	Spodoptera|XP_050559191.1	32.787	61	32	3	24	75	554	124	184	352	0.99	21.9
TRINITY_DN2271_c0_g1_i3.p1	Bmori|XP_062524699.1	28.261	46	32	1	43	88	475	189	233	343	0.26	23.5
TRINITY_DN33112_c0_g1_i1.p1	Spodoptera|XP_035433249.2	29.921	127	65	4	15	140	253	13	116	238	2.73e-11	52.4
TRINITY_DN33112_c0_g1_i1.p1	Spodoptera|XP_050559703.1	19.838	247	175	5	7	252	253	76	300	315	6.28e-08	42.7
TRINITY_DN33112_c0_g1_i1.p1	Bmori|XP_012550153.2	24.260	169	96	5	15	180	253	6	145	312	0.003	28.1
TRINITY_DN2248_c0_g1_i2.p1	Spodoptera|XP_035432672.2	37.037	27	17	0	222	248	522	22	48	327	0.84	21.9
TRINITY_DN12756_c0_g1_i20.p1	Spodoptera|XP_050549308.1	30.233	43	29	1	393	434	479	239	281	431	0.71	21.9
TRINITY_DN38257_c0_g1_i1.p1	Bmori|XP_062527116.1	32.143	28	19	0	88	115	165	31	58	436	0.64	20.4
TRINITY_DN38257_c0_g1_i1.p1	Spodoptera|XP_050549308.1	32.143	28	19	0	88	115	165	31	58	431	0.65	20.4
TRINITY_DN20013_c0_g2_i1.p1	Spodoptera|XP_035435946.2	23.469	98	53	3	4	101	132	156	231	344	0.044	23.5
TRINITY_DN4205_c3_g1_i2.p1	Spodoptera|XP_035436318.2	39.535	43	19	3	57	92	311	52	94	351	0.025	25.8
TRINITY_DN4205_c3_g1_i2.p1	Spodoptera|XP_050559196.1	39.535	43	19	3	57	92	311	52	94	304	0.026	25.8
TRINITY_DN4205_c3_g1_i2.p1	Spodoptera|XP_035432548.2	42.857	21	12	0	102	122	311	268	288	311	0.11	23.9
TRINITY_DN52856_c0_g1_i1.p2	Spodoptera|XP_035433249.2	54.545	22	9	1	44	65	103	38	58	238	0.13	21.2
TRINITY_DN10209_c0_g1_i2.p1	Spodoptera|XP_050559703.1	34.146	41	26	1	422	462	586	175	214	315	0.083	25.4
TRINITY_DN1474_c0_g1_i19.p1	Bmori|XP_037867392.1	25.301	83	53	3	102	181	653	36	112	395	0.81	22.3
TRINITY_DN551_c0_g1_i10.p1	Bmori|XP_012550153.2	27.869	61	36	3	264	319	370	38	95	312	0.19	23.5
TRINITY_DN551_c0_g1_i10.p1	Spodoptera|XP_035436301.1	28.261	46	33	0	146	191	370	218	263	341	0.79	21.6
TRINITY_DN528_c0_g1_i11.p1	Bmori|XP_012551199.2	33.333	48	32	0	141	188	1545	87	134	349	0.48	24.3
TRINITY_DN3043_c0_g1_i1.p1	Spodoptera|XP_035436318.2	27.660	47	24	1	99	145	188	221	257	351	0.19	22.3
TRINITY_DN3043_c0_g1_i1.p1	Spodoptera|XP_050559196.1	27.660	47	24	1	99	145	188	221	257	304	0.20	21.9
TRINITY_DN3043_c0_g1_i1.p1	Spodoptera|XP_050559703.1	27.273	77	46	4	117	186	188	125	198	315	0.84	20.0
TRINITY_DN5310_c0_g2_i1.p1	Bmori|XP_037867392.1	47.059	17	9	0	8	24	117	174	190	395	0.40	20.4
TRINITY_DN5310_c0_g2_i1.p1	Spodoptera|XP_035432672.2	53.846	13	6	0	94	106	117	22	34	327	0.54	20.0
TRINITY_DN12896_c0_g1_i2.p1	Spodoptera|XP_035435946.2	45.000	20	10	1	180	199	213	182	200	344	0.66	20.8
TRINITY_DN12896_c0_g1_i2.p1	Spodoptera|XP_035432672.2	43.478	23	11	1	189	211	213	255	275	327	0.85	20.4
TRINITY_DN2107_c0_g2_i2.p1	Bmori|XP_037869304.1	40.000	25	15	0	168	192	223	206	230	319	0.45	21.2
TRINITY_DN4793_c0_g2_i2.p1	Bmori|XP_012551199.2	21.642	134	87	6	19	136	193	191	322	349	0.074	23.5
TRINITY_DN4793_c0_g2_i2.p1	Spodoptera|XP_035433249.2	25.000	96	53	5	75	151	193	98	193	238	0.86	20.0
TRINITY_DN1475_c0_g1_i1.p1	Spodoptera|XP_035435946.2	64.706	17	6	0	100	116	259	297	313	344	0.47	21.6
TRINITY_DN667_c0_g1_i1.p1	Bmori|XP_062526415.1	32.353	34	22	1	277	309	728	110	143	277	0.60	22.7
TRINITY_DN667_c0_g1_i1.p1	Bmori|XP_062526412.1	32.353	34	22	1	277	309	728	122	155	289	0.64	22.7
TRINITY_DN667_c0_g1_i1.p1	Bmori|XP_004930400.2	32.353	34	22	1	277	309	728	179	212	346	0.76	22.7
TRINITY_DN667_c0_g1_i1.p1	Bmori|XP_021206280.1	28.125	32	22	1	277	307	728	121	152	290	0.96	22.3
TRINITY_DN59428_c0_g1_i1.p1	Spodoptera|XP_050559197.1	30.952	42	28	1	7	47	115	113	154	343	0.096	21.9
TRINITY_DN3182_c0_g1_i14.p1	Bmori|XP_037867392.1	23.077	65	42	1	123	179	182	52	116	395	0.52	20.8
TRINITY_DN31403_c0_g1_i4.p1	Spodoptera|XP_050559197.1	30.612	49	34	0	64	112	326	234	282	343	0.60	21.6
TRINITY_DN21622_c0_g1_i1.p1	Spodoptera|XP_035433249.2	36.364	22	14	0	25	46	103	141	162	238	0.36	20.0
TRINITY_DN5426_c0_g1_i7.p1	Bmori|XP_021206280.1	44.444	18	8	1	271	286	310	135	152	290	0.93	20.8
TRINITY_DN23709_c1_g3_i1.p1	Spodoptera|XP_050559197.1	22.727	44	34	0	83	126	177	112	155	343	0.089	23.1
TRINITY_DN19329_c0_g1_i3.p1	Bmori|XP_012550153.2	40.625	32	19	0	659	690	690	93	124	312	0.089	25.4
TRINITY_DN18416_c0_g1_i1.p1	Bmori|XP_037869304.1	34.375	32	21	0	173	204	490	248	279	319	0.49	22.3
TRINITY_DN29970_c0_g1_i1.p1	Spodoptera|XP_035433286.1	21.429	140	92	3	76	197	501	193	332	344	0.086	25.0
TRINITY_DN80_c3_g1_i4.p1	Spodoptera|XP_050559196.1	64.706	17	6	0	836	852	1779	256	272	304	0.13	26.2
TRINITY_DN13668_c0_g1_i1.p1	Spodoptera|XP_035433286.1	37.143	35	18	2	31	65	351	2	32	344	0.093	24.3
TRINITY_DN2270_c0_g1_i1.p1	Spodoptera|XP_050549308.1	23.656	93	56	3	146	223	372	255	347	431	0.33	22.7
TRINITY_DN515_c2_g1_i2.p1	Spodoptera|XP_050549308.1	40.741	27	16	0	398	424	428	345	371	431	0.65	21.9
TRINITY_DN515_c2_g1_i2.p1	Bmori|XP_062527116.1	40.741	27	16	0	398	424	428	348	374	436	0.93	21.6
TRINITY_DN1334_c0_g1_i10.p1	Bmori|XP_062524699.1	26.984	63	44	1	457	519	767	77	137	343	0.15	25.0
TRINITY_DN59568_c0_g1_i1.p1	Spodoptera|XP_035435946.2	24.242	33	24	1	56	87	103	183	215	344	0.80	19.2
TRINITY_DN26768_c0_g1_i3.p1	Spodoptera|XP_035442818.1	28.846	52	33	2	43	91	105	22	72	390	0.027	23.5
TRINITY_DN13411_c0_g1_i12.p1	Spodoptera|XP_035433286.1	33.333	21	14	0	502	522	534	38	58	344	0.87	21.9
TRINITY_DN16987_c0_g1_i2.p1	Bmori|XP_037867392.1	26.923	52	34	1	65	112	143	113	164	395	0.16	21.9
TRINITY_DN16987_c0_g1_i2.p1	Spodoptera|XP_035436301.1	31.081	74	38	3	1	69	143	100	165	341	0.71	20.0
TRINITY_DN19211_c0_g1_i1.p1	Spodoptera|XP_035433249.2	22.785	237	136	9	8	226	249	12	219	238	6.01e-08	42.4
TRINITY_DN19211_c0_g1_i1.p1	Bmori|XP_012550153.2	28.916	166	88	7	9	155	249	6	160	312	1.69e-07	41.6
TRINITY_DN19211_c0_g1_i1.p1	Bmori|XP_012550153.2	36.364	33	21	0	6	38	249	39	71	312	0.11	23.5
TRINITY_DN19211_c0_g1_i1.p1	Spodoptera|XP_050559703.1	19.665	239	148	6	6	226	249	81	293	315	0.018	25.8
TRINITY_DN2386_c0_g1_i1.p1	Bmori|XP_062527116.1	25.275	91	60	2	1	91	165	141	223	436	0.008	26.2
TRINITY_DN2386_c0_g1_i1.p1	Spodoptera|XP_050559196.1	38.889	18	11	0	129	146	165	8	25	304	0.76	20.0
TRINITY_DN2386_c0_g1_i1.p1	Spodoptera|XP_035436318.2	38.889	18	11	0	129	146	165	8	25	351	0.84	20.0
TRINITY_DN21762_c0_g1_i1.p2	Bmori|XP_062529457.1	28.846	52	29	1	4	47	114	96	147	326	0.19	21.2
TRINITY_DN1473_c0_g1_i12.p1	Spodoptera|XP_035433249.2	29.897	97	45	4	186	264	524	60	151	238	0.83	21.9
TRINITY_DN527_c0_g1_i9.p1	Spodoptera|XP_035433286.1	27.500	40	26	1	90	129	248	54	90	344	0.23	22.3
TRINITY_DN56108_c0_g1_i1.p1	Bmori|XP_021206280.1	44.444	18	10	0	52	69	124	267	284	290	0.29	20.8
TRINITY_DN56108_c0_g1_i1.p1	Bmori|XP_062527116.1	35.294	34	21	1	90	123	124	355	387	436	0.44	20.4
TRINITY_DN3042_c0_g1_i14.p1	Spodoptera|XP_050559703.1	37.838	37	20	2	387	421	446	267	302	315	0.53	22.3
TRINITY_DN3042_c0_g1_i14.p1	Spodoptera|XP_035442818.1	43.590	39	16	2	131	165	446	101	137	390	0.71	21.9
TRINITY_DN9517_c0_g1_i1.p1	Bmori|XP_012551199.2	33.333	36	24	0	60	95	267	312	347	349	0.83	20.8
TRINITY_DN28476_c0_g1_i3.p1	Spodoptera|XP_035433249.2	66.667	12	4	0	52	63	227	50	61	238	0.44	21.2
TRINITY_DN16707_c0_g1_i1.p1	Spodoptera|XP_050559196.1	36.585	41	19	2	103	136	206	134	174	304	0.020	25.4
TRINITY_DN16707_c0_g1_i1.p1	Spodoptera|XP_035436318.2	36.585	41	19	2	103	136	206	134	174	351	0.021	25.4
TRINITY_DN7274_c0_g1_i23.p1	Spodoptera|XP_050559703.1	45.000	20	11	0	179	198	380	279	298	315	0.43	22.3
TRINITY_DN666_c0_g1_i3.p1	Spodoptera|XP_050549308.1	31.034	29	20	0	80	108	116	386	414	431	0.41	20.4
TRINITY_DN666_c0_g1_i3.p1	Bmori|XP_062527116.1	25.806	31	23	0	80	110	116	389	419	436	0.99	19.2
TRINITY_DN44_c5_g1_i1.p1	Spodoptera|XP_050559197.1	24.176	91	58	3	15	98	99	49	135	343	0.043	22.7
TRINITY_DN38115_c0_g1_i1.p1	Spodoptera|XP_035442818.1	33.333	18	12	0	92	109	110	236	253	390	0.56	19.6
TRINITY_DN7274_c0_g4_i1.p1	Spodoptera|XP_035435946.2	27.273	33	24	0	700	732	896	190	222	344	0.95	22.7
TRINITY_DN3181_c0_g2_i1.p1	Spodoptera|XP_035432548.2	57.895	19	7	1	696	714	736	69	86	311	0.21	24.3
TRINITY_DN52714_c0_g1_i1.p1	Bmori|XP_037867392.1	40.000	15	9	0	65	79	116	127	141	395	0.90	19.2
TRINITY_DN229_c1_g1_i2.p1	Spodoptera|XP_035436301.1	37.500	16	10	0	52	67	149	71	86	341	0.086	22.7
TRINITY_DN229_c1_g1_i2.p1	Bmori|XP_037869304.1	37.500	16	10	0	52	67	149	52	67	319	0.10	22.7
TRINITY_DN57882_c0_g1_i1.p1	Spodoptera|XP_050559703.1	70.000	10	3	0	76	85	149	294	303	315	0.80	19.6
TRINITY_DN43985_c0_g1_i1.p1	Spodoptera|XP_035442818.1	28.261	46	28	1	92	137	141	344	384	390	0.11	22.3
TRINITY_DN6477_c0_g1_i3.p1	Spodoptera|XP_035442818.1	33.333	33	17	1	98	130	134	267	294	390	1.00	19.2
TRINITY_DN40667_c0_g1_i1.p1	Bmori|XP_037867392.1	34.783	23	15	0	111	133	141	49	71	395	0.26	21.2
TRINITY_DN7831_c0_g1_i3.p1	Spodoptera|XP_035436318.2	22.222	63	49	0	117	179	212	109	171	351	0.50	21.2
TRINITY_DN7831_c0_g1_i3.p1	Spodoptera|XP_050559196.1	22.222	63	49	0	117	179	212	109	171	304	0.51	21.2
TRINITY_DN7831_c0_g1_i3.p1	Bmori|XP_021206280.1	28.947	38	21	2	109	144	212	253	286	290	0.78	20.4
TRINITY_DN39168_c0_g1_i2.p1	Bmori|XP_037867392.1	31.250	48	19	2	23	61	125	140	182	395	0.55	20.0
TRINITY_DN7808_c0_g1_i4.p1	Spodoptera|XP_035433249.2	43.750	16	8	1	134	149	165	24	38	238	0.47	20.8
TRINITY_DN1333_c0_g2_i14.p1	Spodoptera|XP_035435946.2	24.000	50	37	1	136	185	619	155	203	344	0.57	22.7
TRINITY_DN11143_c0_g1_i1.p1	Spodoptera|XP_035432548.2	25.000	40	30	0	17	56	146	58	97	311	0.76	20.0
TRINITY_DN8883_c0_g1_i5.p1	Spodoptera|XP_050559193.1	23.438	64	41	1	427	490	558	256	311	349	0.093	25.0
TRINITY_DN19210_c0_g1_i2.p1	Spodoptera|XP_035433286.1	42.857	21	12	0	178	198	333	316	336	344	0.096	24.3
TRINITY_DN19210_c0_g1_i2.p1	Bmori|XP_012551199.2	40.000	20	12	0	179	198	333	322	341	349	0.35	22.3
TRINITY_DN8883_c0_g2_i19.p1	Bmori|XP_037869304.1	37.500	32	18	1	289	320	346	279	308	319	0.54	21.9
TRINITY_DN27561_c0_g1_i2.p1	Bmori|XP_004930400.2	42.308	26	15	0	25	50	474	212	237	346	0.30	23.1
TRINITY_DN27561_c0_g1_i2.p1	Bmori|XP_062526412.1	42.308	26	15	0	25	50	474	155	180	289	0.32	23.1
TRINITY_DN27561_c0_g1_i2.p1	Bmori|XP_062526415.1	42.308	26	15	0	25	50	474	143	168	277	0.34	23.1
TRINITY_DN11980_c0_g1_i12.p1	Bmori|XP_012551199.2	29.167	24	17	0	6	29	110	130	153	349	0.35	20.4
TRINITY_DN20150_c0_g1_i9.p1	Bmori|XP_037869304.1	26.471	68	44	2	34	97	135	109	174	319	0.35	20.8
TRINITY_DN56130_c0_g1_i1.p1	Spodoptera|XP_050559193.1	34.783	23	14	1	296	318	318	204	225	349	0.16	23.5
TRINITY_DN56130_c0_g1_i1.p1	Bmori|XP_062527116.1	27.500	40	29	0	49	88	318	331	370	436	0.57	21.6
TRINITY_DN526_c0_g1_i31.p1	Spodoptera|XP_035433249.2	28.000	50	33	1	186	232	503	100	149	238	0.53	22.3
TRINITY_DN309_c7_g1_i1.p1	Spodoptera|XP_035442818.1	31.579	19	13	0	173	191	198	312	330	390	0.75	20.4
TRINITY_DN3716_c0_g1_i4.p1	Bmori|XP_012550153.2	27.273	66	46	1	56	121	974	231	294	312	0.11	25.8
TRINITY_DN18413_c0_g2_i1.p1	Bmori|XP_037867392.1	27.273	44	29	1	145	185	190	171	214	395	0.39	21.2
TRINITY_DN4768_c0_g1_i1.p1	Spodoptera|XP_050559193.1	29.487	78	31	4	593	649	776	137	211	349	0.59	23.1
TRINITY_DN20964_c0_g2_i1.p1	Bmori|XP_062524699.1	47.619	21	11	0	46	66	158	261	281	343	0.50	20.4
TRINITY_DN11700_c0_g1_i10.p1	Bmori|XP_062526415.1	28.571	63	35	3	387	439	475	164	226	277	0.12	24.3
TRINITY_DN11700_c0_g1_i10.p1	Bmori|XP_062526412.1	28.571	63	35	3	387	439	475	176	238	289	0.12	24.3
TRINITY_DN11700_c0_g1_i10.p1	Bmori|XP_004930400.2	28.571	63	35	3	387	439	475	233	295	346	0.13	24.3
TRINITY_DN665_c0_g1_i12.p1	Spodoptera|XP_035442818.1	26.582	79	52	3	505	583	583	122	194	390	0.20	24.3
TRINITY_DN34279_c0_g1_i1.p1	Bmori|XP_062527116.1	19.101	89	66	3	118	203	389	12	97	436	0.99	21.2
TRINITY_DN5424_c0_g1_i1.p1	Bmori|XP_037869304.1	31.667	60	31	2	582	635	1365	228	283	319	0.088	26.6
TRINITY_DN20290_c0_g1_i1.p3	Bmori|XP_062526415.1	40.909	22	13	0	19	40	105	19	40	277	0.28	20.4
TRINITY_DN20290_c0_g1_i1.p3	Bmori|XP_062526412.1	40.909	22	13	0	19	40	105	31	52	289	0.30	20.4
TRINITY_DN20290_c0_g1_i1.p3	Bmori|XP_004930400.2	40.909	22	13	0	19	40	105	88	109	346	0.68	19.2
TRINITY_DN6476_c0_g1_i18.p1	Spodoptera|XP_035433249.2	24.242	33	25	0	66	98	337	172	204	238	0.74	21.2
TRINITY_DN37598_c0_g3_i1.p1	Bmori|XP_037867392.1	30.000	30	21	0	101	130	268	354	383	395	0.28	22.3
TRINITY_DN12753_c0_g1_i1.p1	Spodoptera|XP_035433249.2	29.630	27	19	0	130	156	342	85	111	238	0.88	21.2
TRINITY_DN7830_c0_g1_i1.p1	Spodoptera|XP_035442818.1	33.333	36	24	0	27	62	154	218	253	390	0.61	20.4
TRINITY_DN13252_c1_g1_i2.p1	Spodoptera|XP_035442818.1	25.000	44	33	0	9	52	236	151	194	390	0.88	20.4
TRINITY_DN4627_c0_g1_i1.p1	Bmori|XP_062524699.1	37.500	16	10	0	109	124	150	261	276	343	0.42	20.8
TRINITY_DN3016_c0_g1_i1.p1	Bmori|XP_021206280.1	25.000	48	28	1	240	287	600	4	43	290	0.45	23.1
TRINITY_DN3016_c0_g1_i1.p1	Spodoptera|XP_050559191.1	16.832	101	72	1	240	328	600	62	162	352	0.58	22.7
TRINITY_DN28473_c0_g1_i1.p1	Spodoptera|XP_035433286.1	33.333	33	18	1	111	139	435	246	278	344	0.12	24.3
TRINITY_DN1448_c0_g1_i1.p1	Bmori|XP_062527116.1	25.316	79	41	3	49	124	450	145	208	436	0.85	21.6
TRINITY_DN7248_c0_g1_i2.p1	Spodoptera|XP_050559193.1	34.783	23	15	0	65	87	494	297	319	349	0.31	23.1
TRINITY_DN41438_c0_g1_i1.p1	Bmori|XP_021206280.1	28.261	46	31	1	351	394	457	84	129	290	0.28	23.1
TRINITY_DN20126_c0_g1_i1.p1	Bmori|XP_062529457.1	26.923	26	19	0	40	65	111	54	79	326	0.59	19.6
TRINITY_DN20126_c0_g1_i1.p1	Spodoptera|XP_035432672.2	21.127	71	49	3	40	110	111	54	117	327	0.68	19.6
TRINITY_DN31680_c0_g1_i10.p1	Bmori|XP_012551199.2	29.787	47	32	1	221	267	377	172	217	349	0.16	23.5
TRINITY_DN31680_c0_g1_i10.p1	Spodoptera|XP_050559191.1	28.205	39	28	0	248	286	377	42	80	352	0.25	23.1
TRINITY_DN3040_c0_g2_i2.p1	Bmori|XP_012550153.2	36.667	30	19	0	98	127	321	272	301	312	0.24	22.7
TRINITY_DN3017_c0_g1_i6.p1	Spodoptera|XP_050549308.1	32.609	46	30	1	762	807	999	246	290	431	0.16	25.4
TRINITY_DN3017_c0_g1_i6.p1	Bmori|XP_062527116.1	25.000	76	51	3	762	833	999	249	322	436	0.89	22.7
TRINITY_DN4790_c0_g1_i1.p1	Spodoptera|XP_050549308.1	37.143	35	18	2	8	42	777	352	382	431	0.85	22.7
TRINITY_DN20963_c0_g1_i1.p1	Bmori|XP_004930400.2	50.000	14	7	0	264	277	344	323	336	346	0.82	21.2
TRINITY_DN20963_c0_g1_i1.p1	Bmori|XP_062526412.1	50.000	14	7	0	264	277	344	266	279	289	0.88	21.2
TRINITY_DN20963_c0_g1_i1.p1	Bmori|XP_062526415.1	50.000	14	7	0	264	277	344	254	267	277	0.96	21.2
TRINITY_DN664_c0_g1_i1.p1	Spodoptera|XP_035432672.2	37.500	24	15	0	142	165	359	239	262	327	0.94	21.2
TRINITY_DN8741_c0_g1_i13.p1	Spodoptera|XP_035435946.2	25.806	124	71	4	74	193	282	238	344	344	0.66	21.2
TRINITY_DN31098_c0_g2_i2.p1	Spodoptera|XP_050559196.1	45.455	11	6	0	23	33	99	278	288	304	0.48	19.6
TRINITY_DN31098_c0_g2_i2.p1	Spodoptera|XP_035436318.2	45.455	11	6	0	23	33	99	325	335	351	0.53	19.6
TRINITY_DN28309_c0_g1_i2.p1	Spodoptera|XP_050559193.1	34.483	29	17	1	54	82	215	261	287	349	0.54	21.2
TRINITY_DN12751_c0_g1_i1.p1	Spodoptera|XP_050559191.1	33.333	33	22	0	23	55	184	34	66	352	0.070	23.5
TRINITY_DN12751_c0_g1_i1.p1	Bmori|XP_062529457.1	58.333	12	5	0	107	118	184	246	257	326	0.90	20.0
TRINITY_DN1330_c0_g1_i12.p1	Spodoptera|XP_035436318.2	30.435	46	26	1	68	107	509	258	303	351	0.30	23.5
TRINITY_DN17896_c0_g1_i2.p1	Spodoptera|XP_035433249.2	25.822	213	121	9	13	207	240	14	207	238	1.56e-08	44.3
TRINITY_DN17896_c0_g1_i2.p1	Bmori|XP_012550153.2	18.681	91	69	2	13	98	240	7	97	312	7.04e-05	33.1
TRINITY_DN17896_c0_g1_i2.p1	Spodoptera|XP_050559703.1	26.562	64	40	2	32	88	240	104	167	315	0.001	29.3
TRINITY_DN1278_c3_g1_i11.p1	Spodoptera|XP_035436301.1	26.882	93	57	3	270	362	450	243	324	341	0.69	21.9
TRINITY_DN1872_c1_g1_i2.p1	Spodoptera|XP_050549308.1	45.000	20	11	0	292	311	562	129	148	431	0.57	22.7
TRINITY_DN6475_c0_g1_i38.p1	Bmori|XP_037867392.1	28.571	63	31	2	1948	2007	3054	264	315	395	0.29	26.2
TRINITY_DN6475_c0_g1_i38.p1	Bmori|XP_037869304.1	29.730	37	26	0	1811	1847	3054	68	104	319	0.81	24.6
TRINITY_DN1174_c1_g1_i2.p1	Bmori|XP_037869304.1	33.333	27	18	0	71	97	234	52	78	319	0.63	20.8
TRINITY_DN1174_c1_g1_i2.p1	Spodoptera|XP_035436301.1	33.333	27	18	0	71	97	234	71	97	341	0.66	20.8
TRINITY_DN1174_c1_g1_i2.p1	Spodoptera|XP_050549308.1	22.642	53	29	1	141	181	234	15	67	431	0.96	20.4
TRINITY_DN1435_c2_g1_i12.p1	Spodoptera|XP_035432548.2	25.806	31	23	0	12	42	406	133	163	311	0.63	21.9
TRINITY_DN1435_c2_g1_i12.p1	Spodoptera|XP_050559191.1	42.857	28	12	1	93	120	406	267	290	352	0.68	21.9
TRINITY_DN4626_c0_g1_i15.p1	Spodoptera|XP_050549308.1	27.419	62	40	1	378	434	564	148	209	431	0.36	23.1
TRINITY_DN4626_c0_g1_i15.p1	Spodoptera|XP_050549308.1	32.143	28	19	0	30	57	564	384	411	431	0.83	21.9
TRINITY_DN4626_c0_g1_i15.p1	Bmori|XP_062527116.1	32.143	28	19	0	30	57	564	387	414	436	0.59	22.7
TRINITY_DN4626_c0_g1_i15.p1	Spodoptera|XP_050559193.1	31.429	35	23	1	526	559	564	110	144	349	0.72	22.3
TRINITY_DN52967_c0_g1_i1.p1	Bmori|XP_062529457.1	29.630	27	17	1	22	46	101	245	271	326	0.80	18.9
TRINITY_DN48848_c0_g1_i1.p1	Bmori|XP_012551199.2	21.667	120	79	5	121	231	232	11	124	349	0.29	21.9
TRINITY_DN7270_c0_g1_i3.p1	Spodoptera|XP_035432672.2	31.818	44	25	1	115	158	197	102	140	327	0.88	20.4
TRINITY_DN662_c0_g1_i2.p1	Spodoptera|XP_035436301.1	34.211	38	25	0	1377	1414	1515	278	315	341	0.56	23.9
TRINITY_DN662_c0_g1_i2.p1	Bmori|XP_037869304.1	34.211	38	25	0	1377	1414	1515	259	296	319	0.76	23.5
TRINITY_DN1447_c0_g1_i4.p1	Spodoptera|XP_035442818.1	26.389	72	38	3	3	59	217	186	257	390	0.11	23.1
TRINITY_DN1447_c0_g1_i4.p1	Bmori|XP_012551199.2	22.535	71	50	1	77	147	217	282	347	349	0.24	22.3
TRINITY_DN7247_c0_g1_i7.p1	Spodoptera|XP_035432548.2	25.926	54	29	1	304	357	501	92	134	311	0.045	25.8
TRINITY_DN7247_c0_g1_i7.p1	Spodoptera|XP_035442818.1	56.250	16	7	0	304	319	501	169	184	390	0.16	24.3
TRINITY_DN7247_c0_g1_i7.p1	Bmori|XP_021206280.1	62.500	16	6	0	56	71	501	64	79	290	0.75	21.9
TRINITY_DN1447_c0_g2_i1.p1	Spodoptera|XP_035436301.1	34.615	26	17	0	27	52	100	41	66	341	0.90	18.9
TRINITY_DN662_c0_g4_i1.p1	Bmori|XP_037869304.1	31.667	60	31	2	569	622	1344	228	283	319	0.10	26.2
TRINITY_DN662_c0_g4_i1.p1	Spodoptera|XP_050559191.1	30.556	36	25	0	152	187	1344	193	228	352	0.31	24.6
TRINITY_DN31656_c0_g1_i1.p1	Spodoptera|XP_050559196.1	38.462	26	16	0	215	240	312	35	60	304	0.17	23.1
TRINITY_DN31656_c0_g1_i1.p1	Spodoptera|XP_035436318.2	38.462	26	16	0	215	240	312	35	60	351	0.20	23.1
TRINITY_DN31656_c0_g1_i1.p1	Bmori|XP_062524699.1	33.333	45	23	2	149	188	312	91	133	343	0.25	22.7
TRINITY_DN31656_c0_g1_i1.p1	Spodoptera|XP_050559193.1	35.714	28	18	0	213	240	312	31	58	349	0.28	22.7
TRINITY_DN11799_c1_g1_i1.p1	Bmori|XP_037867392.1	26.829	41	27	1	44	81	386	131	171	395	0.55	21.9
TRINITY_DN2499_c0_g1_i2.p1	Spodoptera|XP_035442818.1	24.444	45	34	0	54	98	382	168	212	390	0.74	21.6
TRINITY_DN48289_c0_g1_i1.p1	Bmori|XP_062529457.1	36.000	25	16	0	54	78	161	281	305	326	0.67	20.0
TRINITY_DN20962_c0_g1_i2.p1	Spodoptera|XP_035442818.1	26.471	34	25	0	52	85	354	90	123	390	0.88	21.2
TRINITY_DN1586_c0_g1_i1.p1	Bmori|XP_021206280.1	41.379	29	17	0	14	42	290	51	79	290	0.93	20.8
TRINITY_DN41576_c0_g1_i1.p1	Spodoptera|XP_035432672.2	30.000	30	18	1	53	79	130	80	109	327	0.86	19.6
TRINITY_DN20939_c0_g1_i10.p1	Bmori|XP_062529457.1	30.769	65	36	2	843	907	1109	150	205	326	0.56	23.5
TRINITY_DN1870_c1_g1_i1.p1	Spodoptera|XP_050559191.1	29.730	37	26	0	259	295	364	186	222	352	0.43	22.3
TRINITY_DN1870_c1_g1_i1.p1	Spodoptera|XP_035435946.2	58.333	12	5	0	259	270	364	177	188	344	0.67	21.6
TRINITY_DN3155_c0_g1_i10.p1	Bmori|XP_062527116.1	35.294	34	21	1	130	163	328	387	419	436	0.80	21.2
TRINITY_DN924_c1_g1_i1.p1	Spodoptera|XP_050549308.1	40.000	15	9	0	15	29	156	296	310	431	0.23	21.6
TRINITY_DN924_c1_g1_i1.p1	Bmori|XP_004930400.2	32.258	31	21	0	124	154	156	118	148	346	0.50	20.4
TRINITY_DN924_c1_g1_i1.p1	Bmori|XP_062526412.1	32.258	31	21	0	124	154	156	61	91	289	0.54	20.4
TRINITY_DN924_c1_g1_i1.p1	Bmori|XP_062526415.1	32.258	31	21	0	124	154	156	49	79	277	0.59	20.4
TRINITY_DN28308_c0_g1_i1.p1	Bmori|XP_062527116.1	50.000	20	8	1	126	143	159	242	261	436	0.30	21.2
TRINITY_DN28308_c0_g1_i1.p1	Spodoptera|XP_050549308.1	50.000	20	8	1	126	143	159	239	258	431	0.34	21.2
TRINITY_DN12750_c0_g1_i3.p1	Spodoptera|XP_050559197.1	47.059	17	9	0	92	108	477	26	42	343	0.49	22.3
TRINITY_DN12750_c0_g1_i3.p1	Bmori|XP_004930400.2	44.000	25	13	1	13	36	477	315	339	346	0.52	22.3
TRINITY_DN12750_c0_g1_i3.p1	Bmori|XP_062526412.1	44.000	25	13	1	13	36	477	258	282	289	0.53	22.3
TRINITY_DN12750_c0_g1_i3.p1	Bmori|XP_062526415.1	44.000	25	13	1	13	36	477	246	270	277	0.53	22.3
TRINITY_DN8998_c0_g1_i4.p1	Bmori|XP_037867392.1	25.000	52	31	1	112	155	659	52	103	395	0.15	24.6
TRINITY_DN8998_c0_g1_i4.p1	Spodoptera|XP_035433249.2	21.875	32	25	0	77	108	659	14	45	238	0.95	21.9
TRINITY_DN2219_c0_g1_i11.p1	Spodoptera|XP_050559703.1	26.154	65	47	1	119	182	586	25	89	315	0.50	22.7
TRINITY_DN7804_c0_g1_i1.p1	Spodoptera|XP_035432548.2	31.034	29	20	0	104	132	163	160	188	311	0.50	20.8
TRINITY_DN7106_c0_g1_i1.p1	Spodoptera|XP_050549308.1	32.000	25	17	0	713	737	900	215	239	431	0.12	25.4
TRINITY_DN7106_c0_g1_i1.p1	Spodoptera|XP_050559193.1	41.176	34	17	1	703	736	900	168	198	349	0.17	25.0
TRINITY_DN7106_c0_g1_i1.p1	Bmori|XP_062527116.1	26.923	26	19	0	712	737	900	217	242	436	0.48	23.5
TRINITY_DN3992_c0_g1_i1.p1	Bmori|XP_037869304.1	27.778	36	26	0	65	100	225	33	68	319	0.74	20.8
TRINITY_DN17895_c0_g2_i3.p1	Spodoptera|XP_035432548.2	28.049	82	58	1	101	182	219	36	116	311	7.05e-09	45.1
TRINITY_DN17895_c0_g2_i3.p1	Spodoptera|XP_035442818.1	29.464	112	65	6	76	182	219	91	193	390	1.45e-06	38.5
TRINITY_DN17895_c0_g2_i3.p1	Bmori|XP_037867392.1	20.112	179	124	6	9	182	219	33	197	395	3.52e-05	34.3
TRINITY_DN2358_c0_g1_i1.p1	Spodoptera|XP_035436301.1	40.000	15	9	0	161	175	297	249	263	341	0.87	20.8
TRINITY_DN7932_c2_g1_i2.p1	Bmori|XP_012550153.2	36.364	22	13	1	61	81	287	80	101	312	0.35	21.9
TRINITY_DN1445_c0_g1_i17.p1	Spodoptera|XP_035432548.2	31.429	35	24	0	2768	2802	3138	88	122	311	0.68	24.6
TRINITY_DN7805_c0_g1_i3.p1	Spodoptera|XP_035436301.1	35.135	37	22	1	54	88	367	258	294	341	0.55	21.9
TRINITY_DN9512_c0_g1_i2.p1	Bmori|XP_021206280.1	27.273	44	31	1	105	147	225	9	52	290	0.31	21.9
TRINITY_DN1987_c1_g1_i4.p1	Spodoptera|XP_035436301.1	36.667	30	13	1	251	280	282	303	326	341	0.70	21.2
TRINITY_DN55471_c0_g1_i3.p1	Bmori|XP_062529457.1	21.739	115	54	2	121	221	912	4	96	326	0.20	24.6
TRINITY_DN3295_c0_g1_i6.p1	Spodoptera|XP_050559193.1	27.027	37	27	0	620	656	695	202	238	349	0.51	23.1
TRINITY_DN3295_c0_g1_i6.p1	Bmori|XP_012550153.2	36.735	49	20	2	392	429	695	96	144	312	0.75	22.3
TRINITY_DN3295_c0_g1_i6.p1	Spodoptera|XP_035436318.2	25.000	32	24	0	625	656	695	209	240	351	0.84	22.3
TRINITY_DN3295_c0_g1_i6.p1	Spodoptera|XP_050559196.1	25.000	32	24	0	625	656	695	209	240	304	0.98	21.9
TRINITY_DN3295_c0_g2_i1.p1	Spodoptera|XP_050559193.1	27.027	37	27	0	620	656	695	202	238	349	0.51	23.1
TRINITY_DN3295_c0_g2_i1.p1	Bmori|XP_012550153.2	36.735	49	20	2	392	429	695	96	144	312	0.75	22.3
TRINITY_DN3295_c0_g2_i1.p1	Spodoptera|XP_035436318.2	25.000	32	24	0	625	656	695	209	240	351	0.84	22.3
TRINITY_DN3295_c0_g2_i1.p1	Spodoptera|XP_050559196.1	25.000	32	24	0	625	656	695	209	240	304	0.98	21.9
TRINITY_DN65_c1_g1_i1.p1	Spodoptera|XP_050559197.1	29.730	37	25	1	829	864	1418	39	75	343	0.29	25.0
TRINITY_DN1289_c1_g2_i1.p1	Bmori|XP_062529457.1	32.432	37	22	1	320	353	739	174	210	326	0.98	22.3
TRINITY_DN2382_c0_g2_i1.p1	Spodoptera|XP_050559191.1	20.635	63	41	2	2	64	210	229	282	352	0.096	23.5
TRINITY_DN2382_c0_g2_i1.p1	Bmori|XP_062529457.1	24.390	41	27	1	2	42	210	208	244	326	0.13	22.7
TRINITY_DN24355_c0_g1_i2.p1	Spodoptera|XP_035432672.2	28.889	45	32	0	36	80	115	278	322	327	0.57	19.6
TRINITY_DN2359_c0_g1_i11.p1	Bmori|XP_037867392.1	31.429	35	23	1	56	89	246	100	134	395	0.31	21.9
TRINITY_DN2101_c0_g3_i1.p1	Bmori|XP_062526415.1	20.000	120	81	3	93	197	212	117	236	277	0.83	20.4
TRINITY_DN8159_c0_g1_i12.p1	Bmori|XP_021206280.1	37.143	35	16	1	345	373	659	70	104	290	0.90	21.9
TRINITY_DN1446_c0_g1_i10.p1	Bmori|XP_012550153.2	42.424	33	16	1	389	418	1161	49	81	312	0.62	23.5
TRINITY_DN638_c0_g1_i5.p1	Spodoptera|XP_035442818.1	55.000	20	9	0	197	216	536	238	257	390	0.062	25.8
TRINITY_DN29104_c0_g1_i1.p1	Bmori|XP_012550153.2	40.000	30	18	0	36	65	141	255	284	312	0.006	26.2
TRINITY_DN58069_c0_g1_i1.p2	Bmori|XP_012550153.2	34.615	26	17	0	42	67	101	97	122	312	0.79	18.9
TRINITY_DN57854_c0_g1_i1.p1	Bmori|XP_062527116.1	44.000	25	14	0	47	71	111	184	208	436	0.057	22.7
TRINITY_DN57854_c0_g1_i1.p1	Spodoptera|XP_035432548.2	37.500	16	10	0	83	98	111	43	58	311	0.65	19.6
TRINITY_DN36542_c0_g1_i2.p1	Bmori|XP_062527116.1	28.571	42	30	0	382	423	913	165	206	436	0.65	23.1
TRINITY_DN36542_c0_g1_i2.p1	Spodoptera|XP_035433286.1	26.506	83	43	3	53	134	913	85	150	344	0.93	22.7
TRINITY_DN30719_c0_g1_i1.p1	Spodoptera|XP_035435946.2	27.778	36	26	0	4	39	476	163	198	344	0.19	23.9
TRINITY_DN30719_c0_g1_i1.p1	Spodoptera|XP_050559191.1	22.222	36	28	0	4	39	476	172	207	352	0.52	22.3
TRINITY_DN18410_c0_g1_i4.p1	Spodoptera|XP_035432672.2	30.556	36	21	2	170	204	1342	215	247	327	0.41	24.3
TRINITY_DN18410_c0_g1_i4.p1	Spodoptera|XP_050559197.1	58.824	17	7	0	618	634	1342	231	247	343	0.89	23.1
TRINITY_DN20263_c0_g1_i1.p1	Spodoptera|XP_035442818.1	30.435	23	16	0	161	183	332	189	211	390	0.12	23.9
TRINITY_DN29243_c0_g1_i2.p1	Spodoptera|XP_050559703.1	100.000	6	0	0	119	124	183	208	213	315	0.77	20.4
TRINITY_DN49642_c0_g1_i1.p1	Spodoptera|XP_050559703.1	25.000	56	34	2	77	132	139	36	83	315	0.068	23.1
TRINITY_DN2241_c0_g1_i7.p1	Spodoptera|XP_035436318.2	25.000	52	38	1	121	172	360	299	349	351	0.33	22.7
TRINITY_DN2241_c0_g1_i7.p1	Spodoptera|XP_050559196.1	31.429	35	23	1	138	172	360	269	302	304	0.52	21.9
TRINITY_DN8997_c0_g1_i1.p1	Spodoptera|XP_050559196.1	36.364	33	21	0	194	226	1177	224	256	304	0.47	23.9
TRINITY_DN8997_c0_g1_i1.p1	Spodoptera|XP_035436318.2	36.364	33	21	0	194	226	1177	224	256	351	0.60	23.5
TRINITY_DN2241_c0_g2_i1.p1	Bmori|XP_021206280.1	30.233	43	28	1	147	187	298	9	51	290	0.063	24.6
TRINITY_DN2241_c0_g2_i1.p1	Bmori|XP_062524699.1	25.581	43	30	1	146	186	298	64	106	343	0.55	21.6
TRINITY_DN2218_c0_g1_i4.p1	Spodoptera|XP_035435946.2	23.404	141	96	3	146	277	282	174	311	344	0.034	25.4
TRINITY_DN2218_c0_g1_i4.p1	Spodoptera|XP_050559191.1	36.000	25	16	0	146	170	282	183	207	352	0.28	22.3
TRINITY_DN2218_c0_g1_i4.p1	Bmori|XP_062529457.1	56.250	16	7	0	25	40	282	53	68	326	0.75	21.2
TRINITY_DN1409_c2_g1_i2.p1	Spodoptera|XP_050559193.1	26.190	42	31	0	117	158	223	211	252	349	0.73	20.8
TRINITY_DN52128_c0_g1_i1.p1	Bmori|XP_062526415.1	37.500	32	18	1	48	79	558	184	213	277	0.52	22.7
TRINITY_DN52128_c0_g1_i1.p1	Bmori|XP_004930400.2	37.500	32	18	1	48	79	558	253	282	346	0.61	22.3
TRINITY_DN52128_c0_g1_i1.p1	Bmori|XP_062526412.1	37.500	32	18	1	48	79	558	196	225	289	0.61	22.3
TRINITY_DN286_c13_g1_i2.p1	Spodoptera|XP_035442818.1	23.684	76	58	0	478	553	940	85	160	390	0.25	24.6
TRINITY_DN286_c13_g1_i2.p1	Bmori|XP_012550153.2	44.444	18	10	0	675	692	940	157	174	312	0.87	22.7
TRINITY_DN1444_c0_g1_i1.p1	Spodoptera|XP_050559703.1	36.364	33	20	1	94	125	215	97	129	315	0.88	20.4
TRINITY_DN521_c0_g1_i10.p1	Bmori|XP_021206280.1	37.500	40	22	2	38	74	530	107	146	290	0.39	23.1
TRINITY_DN521_c0_g1_i10.p1	Spodoptera|XP_035435946.2	42.308	26	15	0	198	223	530	88	113	344	0.73	21.9
TRINITY_DN47234_c0_g1_i1.p1	Bmori|XP_062527116.1	30.303	33	21	1	56	88	99	395	425	436	0.57	19.6
TRINITY_DN521_c0_g3_i2.p1	Bmori|XP_012551199.2	25.397	63	39	3	582	638	744	86	146	349	0.20	24.3
TRINITY_DN521_c0_g3_i2.p1	Spodoptera|XP_035433286.1	26.316	38	26	1	582	619	744	82	117	344	0.91	22.3
TRINITY_DN2100_c0_g1_i1.p1	Bmori|XP_012551199.2	28.947	38	27	0	319	356	719	114	151	349	0.67	22.7
TRINITY_DN8856_c0_g1_i1.p1	Spodoptera|XP_035433249.2	25.000	88	53	4	124	209	520	103	179	238	0.38	22.7
TRINITY_DN60222_c0_g1_i1.p1	Spodoptera|XP_050549308.1	53.846	13	6	0	12	24	99	219	231	431	0.54	19.6
TRINITY_DN60222_c0_g1_i1.p1	Bmori|XP_062527116.1	53.846	13	6	0	12	24	99	222	234	436	0.58	19.6
TRINITY_DN23699_c0_g2_i1.p1	Bmori|XP_004930400.2	28.070	57	39	1	50	104	298	283	339	346	0.60	21.6
TRINITY_DN23699_c0_g2_i1.p1	Bmori|XP_062526412.1	30.435	46	32	0	50	95	298	226	271	289	0.84	20.8
TRINITY_DN23699_c0_g2_i1.p1	Bmori|XP_062526415.1	28.070	57	39	1	50	104	298	214	270	277	0.99	20.8
TRINITY_DN55586_c0_g1_i1.p1	Spodoptera|XP_050559196.1	39.130	23	14	0	127	149	167	28	50	304	0.26	21.6
TRINITY_DN55586_c0_g1_i1.p1	Spodoptera|XP_035436318.2	39.130	23	14	0	127	149	167	28	50	351	0.28	21.6
TRINITY_DN3129_c0_g1_i1.p1	Bmori|XP_037867392.1	29.787	47	31	1	113	157	409	137	183	395	0.74	21.6
TRINITY_DN2205_c2_g1_i3.p1	Bmori|XP_062524699.1	30.612	49	30	1	288	336	468	268	312	343	0.004	28.9
TRINITY_DN56242_c0_g1_i1.p1	Spodoptera|XP_035442818.1	23.077	65	45	1	52	111	113	189	253	390	0.020	23.9
TRINITY_DN7645_c1_g1_i3.p1	Spodoptera|XP_035436301.1	33.333	36	21	1	3	35	102	303	338	341	0.97	18.9
TRINITY_DN30182_c0_g1_i1.p1	Spodoptera|XP_050559193.1	75.000	8	2	0	38	45	100	3	10	349	0.84	18.9
TRINITY_DN8298_c0_g1_i3.p1	Spodoptera|XP_050559703.1	31.579	38	26	0	793	830	1252	229	266	315	0.78	23.1
TRINITY_DN4622_c0_g1_i16.p1	Bmori|XP_021206280.1	62.500	16	4	1	412	425	434	107	122	290	0.97	21.2
TRINITY_DN8298_c0_g2_i1.p1	Spodoptera|XP_035436318.2	38.462	26	16	0	86	111	135	277	302	351	0.54	20.0
TRINITY_DN8298_c0_g2_i1.p1	Bmori|XP_012551199.2	26.000	50	34	2	74	120	135	14	63	349	0.83	19.6
TRINITY_DN8298_c0_g3_i1.p1	Bmori|XP_021206280.1	30.556	36	25	0	246	281	330	17	52	290	0.42	21.9
TRINITY_DN777_c0_g1_i14.p1	Bmori|XP_062524699.1	22.772	101	51	3	11	109	117	241	316	343	0.44	20.0
TRINITY_DN777_c0_g1_i14.p1	Spodoptera|XP_050559191.1	25.000	40	26	1	73	108	117	94	133	352	0.56	20.0
TRINITY_DN7104_c0_g1_i21.p1	Spodoptera|XP_050559703.1	27.273	44	32	0	163	206	1536	191	234	315	0.74	23.5
TRINITY_DN3990_c0_g1_i1.p1	Bmori|XP_037869304.1	25.000	72	45	2	85	156	568	81	143	319	0.46	22.7
TRINITY_DN20378_c0_g1_i4.p1	Spodoptera|XP_050559193.1	35.556	45	28	1	149	192	278	245	289	349	0.21	22.7
TRINITY_DN20378_c0_g1_i4.p1	Spodoptera|XP_035436318.2	47.619	21	11	0	172	192	278	271	291	351	0.97	20.8
TRINITY_DN6472_c0_g1_i12.p1	Spodoptera|XP_035435946.2	30.682	88	40	4	595	669	955	111	190	344	0.42	23.9
TRINITY_DN6472_c0_g1_i12.p1	Spodoptera|XP_050559703.1	25.000	60	39	2	824	880	955	72	128	315	0.62	23.1
TRINITY_DN25150_c0_g1_i2.p1	Spodoptera|XP_050559197.1	27.778	72	47	1	13	79	311	77	148	343	0.032	25.4
TRINITY_DN16282_c0_g1_i1.p1	Bmori|XP_012551199.2	38.000	50	28	2	50	96	201	15	64	349	0.51	21.2
TRINITY_DN2356_c0_g1_i12.p1	Spodoptera|XP_035435946.2	28.571	77	47	4	235	310	498	122	191	344	0.15	24.3
TRINITY_DN2356_c0_g1_i12.p1	Spodoptera|XP_050559193.1	47.826	23	12	0	244	266	498	15	37	349	0.57	22.3
TRINITY_DN3710_c0_g1_i1.p1	Bmori|XP_037869304.1	28.000	75	35	3	71	137	383	99	162	319	0.074	24.6
TRINITY_DN3710_c0_g1_i1.p1	Spodoptera|XP_035436301.1	26.667	75	36	3	71	137	383	118	181	341	0.30	22.7
TRINITY_DN9510_c0_g1_i20.p1	Spodoptera|XP_050549308.1	36.364	44	24	1	138	177	602	369	412	431	0.36	23.5
TRINITY_DN2588_c4_g1_i5.p2	Bmori|XP_012550153.2	58.333	12	5	0	73	84	122	44	55	312	0.57	20.0
TRINITY_DN6588_c0_g1_i2.p1	Spodoptera|XP_050559703.1	30.556	36	20	2	96	131	134	7	37	315	0.87	19.6
TRINITY_DN3012_c0_g1_i1.p1	Bmori|XP_037867392.1	26.786	56	35	2	226	275	510	38	93	395	0.17	24.3
TRINITY_DN10340_c0_g2_i1.p1	Spodoptera|XP_035432672.2	29.167	24	17	0	49	72	109	262	285	327	0.17	21.2
TRINITY_DN17595_c1_g1_i3.p1	Spodoptera|XP_035442818.1	53.191	47	22	0	38	84	100	52	98	390	5.01e-13	53.9
TRINITY_DN17595_c1_g1_i3.p1	Bmori|XP_037867392.1	36.364	55	35	0	30	84	100	48	102	395	8.10e-10	44.7
TRINITY_DN17595_c1_g1_i3.p1	Spodoptera|XP_035433286.1	30.435	23	16	0	60	82	100	47	69	344	0.32	20.0
TRINITY_DN1936_c5_g1_i1.p1	Bmori|XP_062529457.1	36.667	30	19	0	74	103	108	193	222	326	0.035	23.1
TRINITY_DN1936_c5_g1_i1.p1	Spodoptera|XP_050559193.1	30.000	30	21	0	74	103	108	210	239	349	0.22	20.8
TRINITY_DN11254_c0_g1_i4.p1	Spodoptera|XP_050559193.1	31.915	47	26	1	33	79	115	90	130	349	0.020	23.9
TRINITY_DN11254_c0_g1_i4.p1	Bmori|XP_012550153.2	34.211	38	25	0	75	112	115	271	308	312	0.19	21.2
TRINITY_DN11254_c0_g1_i4.p1	Spodoptera|XP_035436318.2	47.059	17	9	0	33	49	115	92	108	351	0.82	19.2
TRINITY_DN11254_c0_g1_i4.p1	Spodoptera|XP_050559196.1	44.444	18	10	0	33	50	115	92	109	304	0.96	19.2
TRINITY_DN920_c1_g1_i2.p1	Spodoptera|XP_050559193.1	54.545	11	5	0	101	111	244	206	216	349	0.88	20.8
TRINITY_DN126_c11_g1_i2.p1	Spodoptera|XP_050549308.1	45.833	24	13	0	569	592	609	180	203	431	0.87	22.3
TRINITY_DN16141_c0_g1_i1.p1	Spodoptera|XP_035433249.2	33.333	69	36	2	11	77	251	15	75	238	4.67e-08	42.7
TRINITY_DN16141_c0_g1_i1.p1	Bmori|XP_012550153.2	24.138	58	39	1	10	67	251	7	59	312	0.31	21.9
TRINITY_DN16141_c0_g1_i1.p1	Spodoptera|XP_035432548.2	45.000	20	11	0	212	231	251	17	36	311	0.50	21.6
TRINITY_DN16141_c0_g1_i1.p1	Spodoptera|XP_050549308.1	53.333	15	7	0	15	29	251	200	214	431	0.88	20.8
TRINITY_DN868_c4_g1_i4.p1	Spodoptera|XP_035432548.2	24.138	58	43	1	472	528	555	6	63	311	0.24	23.5
TRINITY_DN10602_c1_g1_i1.p1	Spodoptera|XP_050549308.1	29.749	279	166	7	64	320	340	137	407	431	4.62e-30	109
TRINITY_DN10602_c1_g1_i1.p1	Bmori|XP_062527116.1	29.323	266	160	6	64	308	340	140	398	436	5.56e-27	101
TRINITY_DN10602_c1_g1_i1.p1	Bmori|XP_021206280.1	28.571	84	43	4	140	223	340	109	175	290	0.042	25.4
TRINITY_DN10602_c1_g1_i1.p1	Bmori|XP_012551199.2	27.632	76	38	4	143	218	340	173	231	349	0.064	24.6
TRINITY_DN10602_c1_g1_i1.p1	Spodoptera|XP_035433286.1	39.286	28	15	1	140	167	340	166	191	344	0.32	22.7
TRINITY_DN10602_c1_g1_i1.p1	Spodoptera|XP_035436318.2	38.462	26	14	1	139	164	340	174	197	351	0.63	21.6
TRINITY_DN10602_c1_g1_i1.p1	Spodoptera|XP_050559196.1	38.462	26	14	1	139	164	340	174	197	304	0.73	21.6
TRINITY_DN10602_c1_g1_i1.p1	Spodoptera|XP_050559193.1	44.000	25	12	1	143	167	340	176	198	349	0.94	21.2
TRINITY_DN10602_c1_g1_i1.p1	Bmori|XP_062524699.1	40.000	25	13	1	143	167	340	169	191	343	0.97	21.2
TRINITY_DN20238_c0_g1_i1.p1	Spodoptera|XP_035432548.2	38.235	34	17	1	79	108	128	78	111	311	0.43	20.4
TRINITY_DN1146_c1_g1_i3.p1	Bmori|XP_021206280.1	21.053	95	67	2	42	133	386	83	172	290	0.27	23.1
TRINITY_DN37569_c0_g1_i1.p1	Spodoptera|XP_050559196.1	25.806	31	23	0	5	35	111	35	65	304	0.24	20.8
TRINITY_DN37569_c0_g1_i1.p1	Bmori|XP_037867392.1	66.667	9	3	0	86	94	111	324	332	395	0.91	19.2
TRINITY_DN6731_c1_g1_i12.p1	Spodoptera|XP_035433249.2	48.148	27	13	1	319	344	450	3	29	238	0.084	24.6
TRINITY_DN4621_c0_g1_i1.p1	Spodoptera|XP_035433286.1	28.947	38	27	0	248	285	322	43	80	344	0.21	23.1
TRINITY_DN4621_c0_g1_i1.p1	Spodoptera|XP_050559703.1	46.154	26	12	1	100	125	322	46	69	315	0.82	21.2
TRINITY_DN18524_c0_g1_i2.p1	Bmori|XP_004930400.2	26.087	69	37	2	46	114	331	222	276	346	0.71	21.6
TRINITY_DN18524_c0_g1_i2.p1	Bmori|XP_062526412.1	26.087	69	37	2	46	114	331	165	219	289	0.97	20.8
TRINITY_DN7488_c2_g1_i2.p1	Spodoptera|XP_035436318.2	34.848	66	36	3	63	127	462	260	319	351	0.008	28.1
TRINITY_DN41431_c0_g1_i1.p1	Spodoptera|XP_035433249.2	26.667	45	28	1	10	54	271	196	235	238	0.87	20.8
TRINITY_DN1699_c0_g1_i6.p1	Spodoptera|XP_050559191.1	20.000	65	52	0	126	190	364	122	186	352	0.42	22.3
TRINITY_DN5120_c1_g1_i14.p1	Bmori|XP_062526415.1	40.909	22	13	0	628	649	693	241	262	277	0.67	22.7
TRINITY_DN5120_c1_g1_i14.p1	Bmori|XP_062526412.1	40.909	22	13	0	628	649	693	253	274	289	0.70	22.7
TRINITY_DN5120_c1_g1_i14.p1	Bmori|XP_004930400.2	40.909	22	13	0	628	649	693	310	331	346	0.75	22.3
TRINITY_DN5120_c1_g1_i14.p1	Spodoptera|XP_035436301.1	32.143	28	19	0	401	428	693	116	143	341	0.78	22.3
TRINITY_DN2198_c1_g1_i14.p1	Bmori|XP_062526412.1	34.615	26	17	0	96	121	231	119	144	289	0.85	20.4
TRINITY_DN2198_c1_g1_i14.p1	Bmori|XP_062526415.1	34.615	26	17	0	96	121	231	107	132	277	0.99	20.4
TRINITY_DN3966_c0_g1_i1.p1	Bmori|XP_012550153.2	30.986	71	42	2	386	450	569	216	285	312	0.54	22.7
TRINITY_DN1285_c1_g1_i4.p1	Bmori|XP_037867392.1	25.180	139	89	2	27	152	201	202	338	395	2.99e-08	43.1
TRINITY_DN1285_c1_g1_i4.p1	Spodoptera|XP_035432548.2	31.325	83	55	1	73	155	201	179	259	311	1.14e-07	41.2
TRINITY_DN1285_c1_g1_i4.p1	Spodoptera|XP_035442818.1	26.250	80	57	1	73	152	201	256	333	390	1.11e-04	32.3
TRINITY_DN1285_c1_g1_i4.p1	Spodoptera|XP_035433249.2	28.205	39	28	0	163	201	201	136	174	238	0.25	21.9
TRINITY_DN13078_c0_g1_i3.p1	Spodoptera|XP_050559197.1	23.418	158	94	6	378	521	878	5	149	343	0.52	23.5
TRINITY_DN54508_c0_g1_i1.p1	Spodoptera|XP_035442818.1	35.714	28	17	1	25	51	188	107	134	390	0.56	20.8
TRINITY_DN54508_c0_g1_i1.p1	Spodoptera|XP_050549308.1	35.714	42	19	2	111	152	188	69	102	431	0.72	20.4
TRINITY_DN54508_c0_g1_i1.p1	Bmori|XP_004930400.2	40.000	25	15	0	147	171	188	320	344	346	0.77	20.4
TRINITY_DN54508_c0_g1_i1.p1	Bmori|XP_062526412.1	40.000	25	15	0	147	171	188	263	287	289	0.82	20.0
TRINITY_DN54508_c0_g1_i1.p1	Bmori|XP_062526415.1	45.000	20	11	0	152	171	188	256	275	277	0.86	20.0
TRINITY_DN25902_c6_g1_i1.p1	Bmori|XP_062529457.1	35.294	34	22	0	44	77	101	68	101	326	0.076	21.9
TRINITY_DN12165_c0_g1_i2.p1	Spodoptera|XP_050559193.1	28.571	49	35	0	333	381	403	30	78	349	0.56	21.9
TRINITY_DN3011_c0_g1_i4.p1	Spodoptera|XP_050559196.1	50.000	22	11	0	130	151	280	38	59	304	0.26	22.3
TRINITY_DN3011_c0_g1_i4.p1	Spodoptera|XP_035436318.2	50.000	22	11	0	130	151	280	38	59	351	0.32	22.3
TRINITY_DN2494_c0_g2_i1.p1	Spodoptera|XP_035435946.2	28.000	50	32	1	419	468	715	208	253	344	0.75	22.7
TRINITY_DN6848_c1_g1_i12.p1	Spodoptera|XP_035436318.2	26.389	72	48	2	153	224	330	13	79	351	0.55	21.9
TRINITY_DN6848_c1_g1_i12.p1	Spodoptera|XP_050549308.1	30.000	50	25	2	80	129	330	156	195	431	0.56	21.9
TRINITY_DN6848_c1_g1_i12.p1	Spodoptera|XP_050559196.1	26.389	72	48	2	153	224	330	13	79	304	0.61	21.6
TRINITY_DN6848_c1_g2_i1.p1	Bmori|XP_037867392.1	40.741	27	15	1	250	275	638	72	98	395	0.10	25.0
TRINITY_DN6848_c1_g3_i1.p1	Bmori|XP_037867392.1	43.137	102	55	3	33	132	132	1	101	395	1.01e-13	57.0
TRINITY_DN6848_c1_g3_i1.p1	Spodoptera|XP_035442818.1	40.789	76	44	1	57	132	132	23	97	390	8.82e-12	51.6
TRINITY_DN4738_c0_g1_i1.p1	Spodoptera|XP_050559703.1	40.000	15	9	0	52	66	161	215	229	315	1.00	19.6
TRINITY_DN3918_c4_g1_i3.p1	Spodoptera|XP_035435946.2	33.333	42	27	1	3	44	109	86	126	344	0.41	20.0
TRINITY_DN2046_c3_g1_i1.p1	Spodoptera|XP_035433286.1	42.857	21	12	0	44	64	108	131	151	344	0.42	20.0
TRINITY_DN14571_c0_g1_i2.p1	Bmori|XP_037869304.1	23.529	102	66	4	265	359	481	40	136	319	0.047	25.8
TRINITY_DN14571_c0_g1_i2.p1	Spodoptera|XP_035436301.1	22.549	102	67	4	265	359	481	59	155	341	0.66	21.9
TRINITY_DN7918_c0_g1_i1.p1	Bmori|XP_062529457.1	23.333	60	44	1	69	126	126	183	242	326	0.75	19.6
TRINITY_DN7243_c0_g1_i20.p1	Bmori|XP_062526415.1	37.778	45	25	2	1647	1688	1997	213	257	277	0.90	23.9
TRINITY_DN37452_c0_g1_i1.p1	Bmori|XP_062526415.1	29.730	37	20	2	65	95	100	197	233	277	0.98	18.9
TRINITY_DN221_c1_g1_i1.p1	Spodoptera|XP_050559191.1	27.143	70	36	2	612	681	990	232	286	352	0.029	27.7
TRINITY_DN221_c1_g1_i1.p1	Bmori|XP_004930400.2	21.176	85	53	2	612	692	990	222	296	346	0.047	26.9
TRINITY_DN221_c1_g1_i1.p1	Bmori|XP_062526415.1	25.000	64	34	2	612	671	990	153	206	277	0.24	24.6
TRINITY_DN221_c1_g1_i1.p1	Bmori|XP_062526412.1	25.000	64	34	2	612	671	990	165	218	289	0.28	24.3
TRINITY_DN44890_c0_g1_i1.p1	Spodoptera|XP_050559191.1	39.394	33	20	0	263	295	390	61	93	352	0.026	26.2
TRINITY_DN44890_c0_g1_i1.p1	Spodoptera|XP_050559197.1	41.379	29	17	0	267	295	390	62	90	343	0.21	23.5
TRINITY_DN44890_c0_g1_i1.p1	Bmori|XP_062526412.1	36.364	33	21	0	263	295	390	3	35	289	0.22	23.1
TRINITY_DN44890_c0_g1_i1.p1	Bmori|XP_004930400.2	36.364	33	21	0	263	295	390	60	92	346	0.25	23.1
TRINITY_DN44890_c0_g1_i1.p1	Bmori|XP_062529457.1	52.632	19	7	1	92	108	390	140	158	326	0.58	21.9
TRINITY_DN44890_c0_g1_i1.p1	Spodoptera|XP_050559196.1	31.579	38	26	0	263	300	390	62	99	304	0.98	21.2
TRINITY_DN1582_c0_g1_i23.p1	Bmori|XP_062526415.1	24.731	93	54	4	317	395	544	175	265	277	0.069	25.4
TRINITY_DN1582_c0_g1_i23.p1	Bmori|XP_062526412.1	24.731	93	54	4	317	395	544	187	277	289	0.093	25.0
TRINITY_DN1582_c0_g1_i23.p1	Bmori|XP_004930400.2	24.731	93	54	4	317	395	544	244	334	346	0.096	25.0
TRINITY_DN17192_c0_g1_i4.p1	Spodoptera|XP_035433249.2	38.710	31	18	1	28	57	101	7	37	238	0.34	20.0
TRINITY_DN29240_c0_g1_i1.p1	Bmori|XP_037867392.1	25.581	43	32	0	75	117	117	30	72	395	0.033	23.5
TRINITY_DN29240_c0_g1_i1.p1	Bmori|XP_062527116.1	45.455	22	12	0	58	79	117	106	127	436	0.14	21.6
TRINITY_DN8713_c0_g2_i2.p1	Spodoptera|XP_050549308.1	26.829	41	24	1	64	104	238	216	250	431	0.010	26.6
TRINITY_DN8713_c0_g2_i2.p1	Bmori|XP_062527116.1	20.755	53	36	1	52	104	238	207	253	436	0.049	24.6
TRINITY_DN4620_c0_g1_i2.p1	Spodoptera|XP_035436301.1	69.231	13	4	0	327	339	345	36	48	341	0.52	21.9
TRINITY_DN8684_c3_g1_i1.p1	Spodoptera|XP_050559197.1	46.154	13	7	0	55	67	112	205	217	343	0.22	20.8
TRINITY_DN8684_c3_g1_i1.p1	Bmori|XP_037867392.1	47.368	19	10	0	58	76	112	157	175	395	0.45	20.0
TRINITY_DN8684_c3_g1_i1.p1	Spodoptera|XP_050559196.1	45.455	22	10	1	21	40	112	91	112	304	0.99	18.9
TRINITY_DN57269_c0_g1_i1.p1	Spodoptera|XP_050549308.1	24.615	65	45	1	21	81	101	34	98	431	0.009	24.6
TRINITY_DN57269_c0_g1_i1.p1	Bmori|XP_062527116.1	26.027	73	47	2	21	89	101	34	103	436	0.013	24.3
TRINITY_DN1698_c0_g1_i1.p1	Bmori|XP_012550153.2	23.529	51	39	0	15	65	337	259	309	312	0.45	21.9
TRINITY_DN30441_c1_g1_i1.p1	Bmori|XP_037867392.1	52.632	19	9	0	83	101	101	160	178	395	0.23	20.8
TRINITY_DN30441_c1_g1_i1.p1	Spodoptera|XP_035442818.1	75.000	12	1	1	92	101	101	163	174	390	0.79	19.2
TRINITY_DN1959_c1_g1_i2.p1	Bmori|XP_037869304.1	42.308	26	13	1	426	449	488	143	168	319	0.095	24.6
TRINITY_DN1959_c1_g1_i2.p1	Spodoptera|XP_035436301.1	42.308	26	13	1	426	449	488	162	187	341	0.10	24.6
TRINITY_DN8829_c0_g1_i2.p1	Spodoptera|XP_035435946.2	23.881	67	49	1	394	458	614	231	297	344	0.68	22.3
TRINITY_DN8154_c0_g1_i2.p1	Spodoptera|XP_050559193.1	33.333	27	18	0	52	78	112	253	279	349	0.080	22.3
TRINITY_DN8154_c0_g1_i2.p1	Bmori|XP_021206280.1	28.571	28	18	1	50	77	112	257	282	290	0.66	19.6
TRINITY_DN2615_c1_g1_i10.p1	Spodoptera|XP_035433286.1	24.419	86	49	4	25	95	101	201	285	344	0.69	19.2
TRINITY_DN1418_c0_g1_i12.p1	Spodoptera|XP_050559193.1	25.000	76	52	1	33	108	1034	116	186	349	0.062	26.6
TRINITY_DN4760_c0_g1_i1.p1	Spodoptera|XP_035432548.2	26.087	69	49	2	109	176	194	138	205	311	0.27	21.9
TRINITY_DN4760_c0_g1_i1.p1	Bmori|XP_062529457.1	27.273	33	23	1	155	186	194	261	293	326	0.61	20.8
TRINITY_DN1934_c5_g1_i1.p1	Spodoptera|XP_050559703.1	30.233	43	29	1	155	197	243	60	101	315	0.13	23.1
TRINITY_DN56215_c0_g1_i1.p1	Spodoptera|XP_035435946.2	28.571	42	30	0	8	49	157	217	258	344	0.36	21.2
TRINITY_DN56215_c0_g1_i1.p1	Spodoptera|XP_050559191.1	23.810	42	32	0	8	49	157	226	267	352	0.85	20.0
TRINITY_DN31091_c0_g1_i1.p1	Spodoptera|XP_035442818.1	21.212	132	76	4	2123	2239	2768	119	237	390	0.81	24.6
TRINITY_DN29496_c0_g2_i1.p1	Spodoptera|XP_035432672.2	27.632	76	46	3	84	159	261	30	96	327	0.082	23.9
TRINITY_DN3126_c0_g1_i14.p1	Bmori|XP_062526415.1	25.000	80	47	3	86	165	784	164	230	277	0.46	23.1
TRINITY_DN3126_c0_g1_i14.p1	Bmori|XP_062526412.1	25.316	79	46	3	87	165	784	177	242	289	0.52	23.1
TRINITY_DN3126_c0_g1_i14.p1	Bmori|XP_062524699.1	28.571	63	36	1	87	149	784	233	286	343	0.62	23.1
TRINITY_DN3126_c0_g1_i14.p1	Bmori|XP_004930400.2	25.316	79	46	3	87	165	784	234	299	346	0.72	22.7
TRINITY_DN8711_c0_g1_i50.p1	Bmori|XP_062529457.1	29.268	41	27	1	192	230	733	94	134	326	0.23	24.3
TRINITY_DN8711_c0_g1_i50.p1	Spodoptera|XP_035436318.2	58.824	17	6	1	404	419	733	222	238	351	0.95	22.3
TRINITY_DN8711_c0_g1_i50.p1	Spodoptera|XP_050559196.1	58.824	17	6	1	404	419	733	222	238	304	0.99	22.3
TRINITY_DN8711_c0_g2_i2.p1	Bmori|XP_062529457.1	29.268	41	27	1	256	294	434	94	134	326	0.25	23.1
TRINITY_DN12721_c0_g1_i1.p1	Spodoptera|XP_050559196.1	32.353	34	19	1	22	51	99	11	44	304	0.61	19.2
TRINITY_DN12721_c0_g1_i1.p1	Spodoptera|XP_035436318.2	32.353	34	19	1	22	51	99	11	44	351	0.62	19.2
TRINITY_DN8969_c0_g1_i1.p1	Spodoptera|XP_035442818.1	47.619	21	11	0	474	494	550	243	263	390	0.23	23.9
TRINITY_DN48284_c0_g1_i1.p1	Spodoptera|XP_035442818.1	43.478	23	13	0	132	154	261	236	258	390	0.078	23.9
TRINITY_DN27647_c0_g1_i1.p1	Bmori|XP_037869304.1	28.302	53	34	2	42	94	121	263	311	319	0.10	21.9
TRINITY_DN27647_c0_g1_i1.p1	Spodoptera|XP_050559703.1	29.167	24	17	0	57	80	121	9	32	315	0.83	19.2
TRINITY_DN1300_c0_g1_i14.p1	Spodoptera|XP_035432672.2	40.000	30	18	0	14	43	396	111	140	327	0.65	21.9
TRINITY_DN3963_c0_g2_i16.p1	Spodoptera|XP_035433249.2	32.653	49	31	2	160	208	1216	30	76	238	0.43	23.9
TRINITY_DN16953_c0_g1_i1.p1	Bmori|XP_062527116.1	34.783	23	15	0	46	68	360	397	419	436	0.69	21.6
TRINITY_DN55699_c0_g1_i1.p1	Spodoptera|XP_050559197.1	42.105	19	11	0	74	92	107	263	281	343	0.16	21.2
TRINITY_DN25123_c0_g1_i1.p1	Bmori|XP_012551199.2	31.111	45	28	1	286	327	427	211	255	349	0.25	23.1
TRINITY_DN25123_c0_g1_i1.p1	Spodoptera|XP_035433286.1	40.000	20	12	0	286	305	427	207	226	344	0.55	22.3
TRINITY_DN2352_c0_g1_i10.p1	Spodoptera|XP_035433286.1	29.412	34	24	0	285	318	384	113	146	344	0.86	21.6
TRINITY_DN25123_c0_g2_i1.p1	Spodoptera|XP_050559703.1	30.769	39	27	0	22	60	142	74	112	315	0.20	21.6
TRINITY_DN25123_c0_g2_i1.p1	Bmori|XP_037869304.1	60.000	10	4	0	73	82	142	119	128	319	0.25	21.2
TRINITY_DN25123_c0_g2_i1.p1	Spodoptera|XP_050559193.1	30.508	59	33	3	51	105	142	124	178	349	0.55	20.4
TRINITY_DN8712_c0_g1_i4.p1	Spodoptera|XP_035436318.2	26.744	86	55	4	44	122	278	191	275	351	0.12	23.5
TRINITY_DN8712_c0_g1_i4.p1	Spodoptera|XP_050559196.1	26.250	80	51	4	44	116	278	191	269	304	0.41	21.9
TRINITY_DN8712_c0_g1_i4.p1	Bmori|XP_012550153.2	34.615	26	17	0	42	67	278	33	58	312	0.72	21.2
TRINITY_DN1697_c0_g1_i5.p1	Spodoptera|XP_050559703.1	35.714	28	18	0	9	36	124	3	30	315	0.43	20.4
TRINITY_DN1697_c0_g1_i5.p1	Spodoptera|XP_035432548.2	23.077	39	30	0	74	112	124	9	47	311	0.50	20.0
TRINITY_DN1697_c0_g1_i5.p1	Spodoptera|XP_035432548.2	22.500	40	31	0	25	64	124	8	47	311	0.65	19.6
TRINITY_DN1697_c0_g1_i5.p1	Spodoptera|XP_035432548.2	25.000	36	27	0	89	124	124	8	43	311	0.77	19.6
TRINITY_DN1697_c0_g1_i5.p1	Spodoptera|XP_035432548.2	22.500	40	31	0	57	96	124	8	47	311	0.95	19.2
TRINITY_DN1697_c0_g1_i5.p1	Spodoptera|XP_035442818.1	63.636	11	4	0	31	41	124	108	118	390	0.66	19.6
TRINITY_DN1697_c0_g1_i5.p1	Spodoptera|XP_035442818.1	63.636	11	4	0	47	57	124	108	118	390	0.66	19.6
TRINITY_DN1416_c0_g1_i1.p1	Spodoptera|XP_050559197.1	33.333	27	18	0	115	141	383	224	250	343	0.16	23.9
TRINITY_DN1416_c0_g1_i1.p1	Spodoptera|XP_035436301.1	24.615	65	31	2	179	241	383	89	137	341	0.48	22.3
TRINITY_DN3266_c0_g1_i17.p1	Spodoptera|XP_035436318.2	23.077	78	53	2	73	145	486	16	91	351	0.29	23.1
TRINITY_DN3266_c0_g1_i17.p1	Spodoptera|XP_050559196.1	26.316	57	40	1	89	145	486	37	91	304	0.37	22.7
TRINITY_DN2353_c0_g1_i1.p1	Spodoptera|XP_035436301.1	23.016	126	81	4	403	522	556	57	172	341	0.21	23.9
TRINITY_DN2353_c0_g1_i1.p1	Bmori|XP_037869304.1	22.131	122	85	4	404	522	556	39	153	319	0.24	23.9
TRINITY_DN5921_c3_g1_i2.p1	Spodoptera|XP_035433249.2	33.654	104	53	5	11	112	277	15	104	238	1.25e-08	44.7
TRINITY_DN5921_c3_g1_i2.p1	Bmori|XP_012550153.2	27.273	99	57	3	11	105	277	8	95	312	1.33e-05	35.8
TRINITY_DN5921_c3_g1_i2.p1	Bmori|XP_012550153.2	34.375	32	15	1	224	249	277	105	136	312	0.44	21.6
TRINITY_DN5921_c3_g1_i2.p1	Spodoptera|XP_050559703.1	22.794	136	78	4	11	131	277	86	209	315	8.18e-04	30.4
TRINITY_DN5921_c3_g1_i2.p1	Spodoptera|XP_050559703.1	34.286	35	23	0	238	272	277	262	296	315	0.15	23.1
TRINITY_DN11250_c0_g1_i1.p1	Spodoptera|XP_050559193.1	29.412	34	24	0	51	84	101	168	201	349	0.14	21.2
TRINITY_DN11250_c0_g1_i1.p1	Spodoptera|XP_050559191.1	27.778	36	25	1	44	79	101	166	200	352	0.36	20.0
TRINITY_DN11250_c0_g1_i1.p1	Spodoptera|XP_035435946.2	33.333	30	19	1	50	79	101	163	191	344	0.58	19.6
TRINITY_DN1417_c0_g1_i9.p1	Spodoptera|XP_050559197.1	25.000	52	28	1	279	319	519	205	256	343	0.056	25.8
TRINITY_DN1417_c0_g1_i9.p1	Bmori|XP_012551199.2	27.273	44	31	1	277	319	519	218	261	349	0.28	23.5
TRINITY_DN7498_c0_g1_i5.p1	Spodoptera|XP_035433249.2	27.778	72	47	2	831	901	910	3	70	238	0.46	23.5
TRINITY_DN21008_c0_g3_i1.p1	Bmori|XP_037867392.1	34.146	41	22	2	70	109	164	359	395	395	0.36	21.2
TRINITY_DN1130_c3_g1_i1.p1	Spodoptera|XP_035432548.2	39.130	23	14	0	101	123	130	158	180	311	0.25	21.2
TRINITY_DN1130_c3_g1_i1.p1	Spodoptera|XP_050559193.1	28.000	25	18	0	79	103	130	143	167	349	0.87	19.6
TRINITY_DN609_c0_g4_i1.p1	Bmori|XP_062524699.1	23.529	85	38	3	284	348	715	202	279	343	0.41	23.5
TRINITY_DN609_c0_g4_i1.p1	Bmori|XP_012551199.2	50.000	20	10	0	170	189	715	104	123	349	0.99	22.3
TRINITY_DN2469_c0_g1_i10.p1	Spodoptera|XP_050559197.1	47.059	17	9	0	99	115	344	42	58	343	0.71	21.6
TRINITY_DN21170_c0_g1_i1.p1	Bmori|XP_021206280.1	42.308	26	11	1	64	85	133	49	74	290	0.40	20.4
TRINITY_DN4736_c0_g1_i2.p1	Spodoptera|XP_035432672.2	30.435	23	16	0	72	94	223	213	235	327	0.30	21.9
TRINITY_DN4736_c0_g1_i2.p1	Bmori|XP_021206280.1	31.818	22	15	0	73	94	223	168	189	290	0.61	20.8
TRINITY_DN4736_c0_g1_i2.p1	Spodoptera|XP_035435946.2	25.510	98	65	3	79	175	223	41	131	344	0.67	20.8
TRINITY_DN20932_c0_g2_i1.p1	Bmori|XP_062524699.1	25.000	56	25	2	148	188	292	228	281	343	0.15	23.5
TRINITY_DN3125_c0_g1_i1.p1	Spodoptera|XP_035433286.1	26.596	94	49	3	54	133	147	144	231	344	0.008	25.8
TRINITY_DN3125_c0_g1_i1.p1	Bmori|XP_012551199.2	23.077	65	33	2	80	133	147	177	235	349	0.36	20.8
TRINITY_DN28582_c0_g1_i1.p1	Spodoptera|XP_050559191.1	45.833	24	13	0	81	104	140	269	292	352	0.14	21.9
TRINITY_DN25379_c0_g1_i1.p1	Spodoptera|XP_050559191.1	34.375	32	20	1	150	181	250	172	202	352	0.086	23.9
TRINITY_DN25379_c0_g1_i1.p1	Spodoptera|XP_035435946.2	34.375	32	20	1	150	181	250	163	193	344	0.093	23.9
TRINITY_DN25379_c0_g1_i1.p1	Spodoptera|XP_035433249.2	40.000	25	15	0	38	62	250	134	158	238	0.15	22.7
TRINITY_DN25379_c0_g1_i1.p1	Bmori|XP_012550153.2	77.778	9	2	0	152	160	250	119	127	312	0.79	20.8
TRINITY_DN749_c0_g1_i6.p1	Spodoptera|XP_050549308.1	39.286	28	17	0	140	167	400	262	289	431	0.15	23.9
TRINITY_DN749_c0_g1_i6.p1	Bmori|XP_037867392.1	31.429	35	19	1	122	151	400	138	172	395	0.35	22.7
TRINITY_DN749_c0_g1_i6.p1	Spodoptera|XP_035432548.2	25.000	120	71	4	124	224	400	64	183	311	0.58	21.9
TRINITY_DN749_c0_g1_i6.p1	Bmori|XP_062527116.1	35.714	28	18	0	140	167	400	265	292	436	0.85	21.6
TRINITY_DN3939_c0_g1_i10.p1	Bmori|XP_012551199.2	50.000	12	6	0	418	429	589	145	156	349	0.95	21.9
TRINITY_DN2328_c0_g1_i1.p1	Bmori|XP_037867392.1	22.222	36	28	0	181	216	527	129	164	395	0.50	22.7
TRINITY_DN14405_c0_g1_i4.p1	Bmori|XP_012550153.2	26.923	52	30	2	148	196	196	59	105	312	0.59	20.8
TRINITY_DN1282_c1_g2_i1.p1	Spodoptera|XP_035432672.2	75.692	325	78	1	3	326	327	2	326	327	0.0	504
TRINITY_DN1282_c1_g2_i1.p1	Bmori|XP_062529457.1	63.692	325	114	2	3	325	327	2	324	326	2.67e-153	424
TRINITY_DN1282_c1_g2_i1.p1	Spodoptera|XP_035433286.1	43.505	331	177	1	4	324	327	5	335	344	2.73e-102	295
TRINITY_DN1282_c1_g2_i1.p1	Spodoptera|XP_035436318.2	44.126	349	167	5	3	326	327	6	351	351	4.31e-100	290
TRINITY_DN1282_c1_g2_i1.p1	Bmori|XP_012551199.2	45.015	331	171	2	6	325	327	11	341	349	1.77e-93	273
TRINITY_DN1282_c1_g2_i1.p1	Spodoptera|XP_050559193.1	42.939	347	170	5	3	325	327	6	348	349	1.70e-91	268
TRINITY_DN1282_c1_g2_i1.p1	Spodoptera|XP_035435946.2	43.452	336	172	5	6	325	327	10	343	344	4.46e-91	267
TRINITY_DN1282_c1_g2_i1.p1	Spodoptera|XP_050559196.1	40.936	342	141	4	3	326	327	6	304	304	2.25e-87	256
TRINITY_DN1282_c1_g2_i1.p1	Bmori|XP_004930400.2	44.144	333	170	3	7	323	327	9	341	346	2.88e-86	254
TRINITY_DN1282_c1_g2_i1.p1	Spodoptera|XP_050559191.1	40.462	346	181	5	4	325	327	7	351	352	6.40e-86	254
TRINITY_DN1282_c1_g2_i1.p1	Spodoptera|XP_050559197.1	40.643	342	187	3	1	326	327	1	342	343	1.65e-84	250
TRINITY_DN1282_c1_g2_i1.p1	Bmori|XP_062524699.1	39.339	333	183	5	9	323	327	9	340	343	1.89e-81	242
TRINITY_DN1282_c1_g2_i1.p1	Bmori|XP_021206280.1	43.643	291	143	4	56	327	327	1	289	290	4.91e-79	234
TRINITY_DN1282_c1_g2_i1.p1	Bmori|XP_062526412.1	45.035	282	139	3	58	323	327	3	284	289	4.26e-73	219
TRINITY_DN1282_c1_g2_i1.p1	Bmori|XP_062526415.1	44.981	269	132	3	73	325	327	6	274	277	9.36e-68	205
TRINITY_DN9065_c0_g1_i14.p1	Bmori|XP_012550153.2	50.000	18	9	0	200	217	754	201	218	312	0.88	22.3
TRINITY_DN8256_c2_g1_i2.p1	Bmori|XP_021206280.1	25.000	76	48	3	64	132	143	149	222	290	0.16	21.9
TRINITY_DN6844_c1_g2_i1.p1	Bmori|XP_037867392.1	40.000	20	12	0	126	145	154	172	191	395	0.25	21.6
TRINITY_DN4734_c0_g1_i7.p1	Bmori|XP_062526415.1	34.483	29	18	1	47	74	676	196	224	277	0.030	26.9
TRINITY_DN4734_c0_g1_i7.p1	Bmori|XP_062526412.1	34.483	29	18	1	47	74	676	208	236	289	0.032	26.9
TRINITY_DN4734_c0_g1_i7.p1	Bmori|XP_004930400.2	34.483	29	18	1	47	74	676	265	293	346	0.033	26.9
TRINITY_DN4734_c0_g1_i7.p1	Spodoptera|XP_050559197.1	47.826	23	12	0	119	141	676	113	135	343	0.26	23.9
TRINITY_DN12139_c0_g1_i1.p1	Spodoptera|XP_050549308.1	52.941	17	6	1	180	194	274	236	252	431	0.56	21.6
TRINITY_DN12139_c0_g1_i1.p1	Bmori|XP_062527116.1	52.941	17	6	1	180	194	274	239	255	436	0.62	21.2
TRINITY_DN12139_c0_g1_i1.p1	Spodoptera|XP_035433286.1	30.303	33	20	1	173	205	274	95	124	344	0.87	20.8
TRINITY_DN889_c0_g1_i1.p1	Spodoptera|XP_035433249.2	26.667	75	47	3	601	669	1311	131	203	238	0.51	23.9
TRINITY_DN8966_c0_g1_i11.p1	Bmori|XP_062526415.1	32.432	37	24	1	501	536	843	47	83	277	0.81	22.7
TRINITY_DN20931_c0_g1_i1.p1	Spodoptera|XP_050559197.1	31.111	45	30	1	1372	1415	1504	274	318	343	0.71	23.9
TRINITY_DN1555_c0_g3_i1.p1	Bmori|XP_062526412.1	30.000	40	28	0	63	102	453	136	175	289	0.69	21.9
TRINITY_DN1555_c0_g3_i1.p1	Bmori|XP_062526415.1	30.000	40	28	0	63	102	453	124	163	277	0.75	21.9
TRINITY_DN1555_c0_g3_i1.p1	Bmori|XP_004930400.2	30.000	40	28	0	63	102	453	193	232	346	0.79	21.9
TRINITY_DN26708_c0_g1_i1.p1	Bmori|XP_062529457.1	37.500	24	15	0	63	86	275	38	61	326	0.22	22.7
TRINITY_DN26708_c0_g1_i1.p1	Bmori|XP_062524699.1	25.000	36	27	0	63	98	275	40	75	343	0.31	22.3
TRINITY_DN26708_c0_g1_i1.p1	Spodoptera|XP_050559193.1	36.364	33	20	1	77	109	275	148	179	349	0.44	21.9
TRINITY_DN26708_c0_g1_i1.p1	Spodoptera|XP_035432548.2	25.581	43	30	1	15	57	275	1	41	311	0.94	20.8
TRINITY_DN6442_c0_g1_i28.p1	Spodoptera|XP_050559191.1	39.130	23	14	0	459	481	498	308	330	352	0.64	22.3
TRINITY_DN6442_c0_g1_i28.p1	Bmori|XP_062526415.1	31.818	44	29	1	438	481	498	211	253	277	0.84	21.9
TRINITY_DN6442_c0_g1_i28.p1	Bmori|XP_062526412.1	31.818	44	29	1	438	481	498	223	265	289	0.98	21.6
TRINITY_DN11626_c1_g1_i1.p1	Bmori|XP_037867392.1	37.037	27	13	1	629	655	669	272	294	395	0.94	22.3
TRINITY_DN5787_c0_g1_i1.p1	Bmori|XP_062529457.1	32.500	40	26	1	454	492	648	204	243	326	0.76	22.3
TRINITY_DN2211_c0_g1_i11.p1	Spodoptera|XP_035433286.1	25.000	52	37	1	10	59	262	82	133	344	0.73	20.8
TRINITY_DN2211_c0_g1_i11.p1	Bmori|XP_012551199.2	22.105	95	72	1	10	102	262	86	180	349	0.79	20.8
TRINITY_DN5089_c0_g1_i1.p1	Spodoptera|XP_035432672.2	28.846	52	34	2	57	108	253	6	54	327	0.81	20.8
TRINITY_DN748_c0_g1_i2.p1	Spodoptera|XP_035442818.1	27.907	43	31	0	8	50	336	327	369	390	0.45	21.9
TRINITY_DN20349_c0_g1_i5.p1	Spodoptera|XP_050559193.1	30.769	26	18	0	134	159	211	2	27	349	0.15	22.7
TRINITY_DN748_c0_g3_i1.p1	Spodoptera|XP_035442818.1	27.907	43	31	0	8	50	336	327	369	390	0.45	21.9
TRINITY_DN3938_c0_g1_i14.p1	Spodoptera|XP_035433286.1	31.429	35	24	0	675	709	1009	127	161	344	0.98	22.7
TRINITY_DN55416_c0_g1_i1.p1	Bmori|XP_062527116.1	27.419	62	41	4	11	71	152	349	407	436	0.83	20.0
TRINITY_DN55416_c0_g1_i1.p1	Spodoptera|XP_050549308.1	28.846	52	34	3	20	71	152	356	404	431	0.94	19.6
TRINITY_DN16951_c0_g2_i3.p1	Spodoptera|XP_050559703.1	38.462	26	15	1	277	302	453	186	210	315	0.28	23.1
TRINITY_DN15340_c0_g1_i1.p1	Bmori|XP_037867392.1	32.143	28	19	0	68	95	102	239	266	395	0.37	20.0
TRINITY_DN15340_c0_g1_i1.p1	Spodoptera|XP_035433249.2	43.750	16	9	0	55	70	102	32	47	238	0.71	19.2
TRINITY_DN21005_c0_g2_i1.p1	Spodoptera|XP_035442818.1	31.818	44	28	1	77	118	167	82	125	390	0.023	24.6
TRINITY_DN21005_c0_g2_i1.p1	Spodoptera|XP_035436318.2	38.710	31	16	1	136	166	167	3	30	351	0.14	22.3
TRINITY_DN21005_c0_g2_i1.p1	Spodoptera|XP_050559196.1	38.710	31	16	1	136	166	167	3	30	304	0.14	22.3
TRINITY_DN21005_c0_g2_i1.p1	Bmori|XP_062526415.1	40.000	15	9	0	118	132	167	60	74	277	0.77	20.0
TRINITY_DN21005_c0_g2_i1.p1	Bmori|XP_062526412.1	40.000	15	9	0	118	132	167	72	86	289	0.81	20.0
TRINITY_DN21005_c0_g2_i1.p1	Bmori|XP_004930400.2	40.000	15	9	0	118	132	167	129	143	346	0.87	20.0
TRINITY_DN887_c0_g1_i35.p1	Bmori|XP_062527116.1	44.444	18	10	0	966	983	1784	110	127	436	0.98	23.5
TRINITY_DN59671_c0_g1_i1.p1	Bmori|XP_062529457.1	36.364	22	14	0	121	142	249	304	325	326	0.26	22.3
TRINITY_DN6582_c0_g1_i1.p1	Spodoptera|XP_035442818.1	27.632	76	46	4	85	159	358	191	258	390	0.63	21.6
TRINITY_DN13074_c0_g1_i2.p1	Bmori|XP_062524699.1	25.000	32	23	1	116	147	559	93	123	343	0.64	22.3
TRINITY_DN4733_c0_g1_i2.p1	Spodoptera|XP_035433286.1	22.951	61	45	2	259	317	326	54	114	344	0.071	24.6
TRINITY_DN62180_c0_g1_i1.p1	Bmori|XP_062529457.1	47.059	17	9	0	79	95	101	139	155	326	0.71	19.2
TRINITY_DN7913_c0_g2_i1.p1	Spodoptera|XP_035442818.1	32.143	56	34	2	169	221	667	97	151	390	0.32	23.5
TRINITY_DN888_c0_g1_i2.p1	Spodoptera|XP_050559197.1	26.866	67	49	0	47	113	416	47	113	343	0.19	23.5
TRINITY_DN23669_c0_g1_i1.p1	Spodoptera|XP_035442818.1	30.189	53	33	2	513	561	935	94	146	390	0.89	22.7
TRINITY_DN8267_c0_g1_i2.p1	Bmori|XP_037867392.1	29.412	34	19	2	5	33	117	73	106	395	0.42	20.4
TRINITY_DN57823_c0_g1_i1.p2	Spodoptera|XP_050559193.1	34.091	44	26	1	64	104	104	20	63	349	0.98	18.9
TRINITY_DN1554_c0_g1_i2.p1	Spodoptera|XP_035433249.2	38.889	36	18	1	448	483	569	144	175	238	0.26	23.5
TRINITY_DN17862_c0_g1_i2.p1	Spodoptera|XP_035436318.2	19.403	67	50	1	340	406	948	164	226	351	0.37	23.9
TRINITY_DN29910_c0_g1_i10.p1	Bmori|XP_004930400.2	22.414	116	83	4	320	433	1017	192	302	346	0.036	27.3
TRINITY_DN29910_c0_g1_i10.p1	Bmori|XP_062526412.1	22.414	116	83	4	320	433	1017	135	245	289	0.045	26.9
TRINITY_DN29910_c0_g1_i10.p1	Bmori|XP_062526415.1	22.414	116	83	4	320	433	1017	123	233	277	0.045	26.9
TRINITY_DN3227_c2_g1_i4.p1	Bmori|XP_037867392.1	47.619	21	11	0	116	136	159	327	347	395	0.084	23.1
TRINITY_DN20209_c0_g1_i1.p1	Spodoptera|XP_050559191.1	41.667	24	10	1	165	184	295	204	227	352	0.99	20.8
TRINITY_DN49611_c0_g1_i1.p1	Bmori|XP_012551199.2	35.294	34	17	1	254	282	297	89	122	349	0.81	21.2
TRINITY_DN12020_c0_g1_i1.p1	Spodoptera|XP_035432548.2	33.333	33	22	0	106	138	372	111	143	311	0.65	21.6
TRINITY_DN14683_c0_g1_i1.p1	Bmori|XP_062524699.1	34.043	47	31	0	107	153	326	146	192	343	0.034	25.4
TRINITY_DN14683_c0_g1_i1.p1	Spodoptera|XP_050559196.1	31.818	44	30	0	110	153	326	158	201	304	0.22	23.1
TRINITY_DN14683_c0_g1_i1.p1	Spodoptera|XP_050559193.1	29.787	47	33	0	110	156	326	156	202	349	0.23	23.1
TRINITY_DN14683_c0_g1_i1.p1	Spodoptera|XP_035435946.2	35.484	31	20	0	123	153	326	164	194	344	0.24	22.7
TRINITY_DN14683_c0_g1_i1.p1	Spodoptera|XP_035436318.2	31.818	44	30	0	110	153	326	158	201	351	0.26	22.7
TRINITY_DN14683_c0_g1_i1.p1	Spodoptera|XP_050559191.1	32.258	31	21	0	123	153	326	173	203	352	0.50	21.9
TRINITY_DN14683_c0_g1_i1.p1	Bmori|XP_021206280.1	28.571	42	30	0	107	148	326	89	130	290	0.95	20.8
TRINITY_DN1954_c1_g1_i2.p1	Spodoptera|XP_035432672.2	28.125	64	30	2	11	58	821	235	298	327	0.10	25.4
TRINITY_DN1954_c1_g1_i2.p1	Bmori|XP_062527116.1	22.535	71	42	2	437	507	821	291	348	436	0.45	23.5
TRINITY_DN1954_c1_g1_i2.p1	Spodoptera|XP_050549308.1	24.000	50	27	1	458	507	821	307	345	431	0.59	23.1
TRINITY_DN30268_c0_g1_i3.p1	Spodoptera|XP_050559193.1	39.286	28	11	1	16	37	110	49	76	349	0.89	19.2
TRINITY_DN1517_c2_g1_i11.p1	Spodoptera|XP_050559191.1	30.986	71	39	3	128	196	492	273	335	352	0.021	26.9
TRINITY_DN7911_c0_g1_i1.p1	Spodoptera|XP_035442818.1	50.000	14	7	0	48	61	104	377	390	390	0.021	23.9
TRINITY_DN7911_c0_g1_i1.p1	Spodoptera|XP_035432548.2	50.000	10	5	0	52	61	104	302	311	311	0.67	19.2
TRINITY_DN21004_c0_g2_i3.p1	Spodoptera|XP_035435946.2	50.000	16	8	0	44	59	106	255	270	344	0.17	21.2
TRINITY_DN7494_c0_g3_i4.p1	Spodoptera|XP_050549308.1	21.429	112	68	5	19	120	206	185	286	431	0.16	22.7
TRINITY_DN7494_c0_g3_i4.p1	Bmori|XP_062527116.1	29.091	55	33	2	66	120	206	241	289	436	0.47	21.2
TRINITY_DN43391_c0_g1_i1.p1	Spodoptera|XP_035433249.2	60.000	15	6	0	118	132	133	111	125	238	0.15	21.6
TRINITY_DN43391_c0_g1_i1.p1	Bmori|XP_012551199.2	32.000	25	17	0	64	88	133	298	322	349	0.93	19.2
TRINITY_DN36790_c0_g1_i1.p1	Spodoptera|XP_035432548.2	32.143	28	17	1	82	107	109	262	289	311	0.19	21.2
TRINITY_DN8825_c0_g1_i2.p1	Spodoptera|XP_035442818.1	22.222	54	32	1	84	137	485	106	149	390	0.38	23.1
TRINITY_DN4732_c0_g1_i3.p1	Spodoptera|XP_035433249.2	50.000	18	9	0	52	69	188	79	96	238	0.26	21.6
TRINITY_DN8127_c0_g2_i1.p1	Bmori|XP_062524699.1	32.075	53	32	2	277	329	1253	266	314	343	0.20	25.0
TRINITY_DN50410_c0_g1_i1.p1	Bmori|XP_062524699.1	25.490	51	36	1	43	93	143	153	201	343	0.032	23.9
TRINITY_DN50410_c0_g1_i1.p1	Bmori|XP_012551199.2	31.034	29	20	0	64	92	143	176	204	349	0.14	21.9
TRINITY_DN50410_c0_g1_i1.p1	Spodoptera|XP_050559191.1	25.455	110	68	4	1	107	143	210	308	352	0.17	21.9
TRINITY_DN4709_c0_g1_i1.p1	Bmori|XP_062529457.1	33.333	30	18	1	141	170	333	165	192	326	0.31	22.7
TRINITY_DN19809_c1_g1_i2.p1	Spodoptera|XP_035433249.2	45.455	22	6	1	44	59	119	105	126	238	0.35	20.4
TRINITY_DN17024_c0_g1_i1.p1	Spodoptera|XP_050559197.1	28.571	70	40	4	261	325	559	15	79	343	0.15	24.3
TRINITY_DN17024_c0_g1_i1.p1	Bmori|XP_062524699.1	34.409	93	47	7	407	493	559	174	258	343	0.65	22.3
TRINITY_DN9877_c0_g1_i1.p1	Bmori|XP_062529457.1	27.473	91	53	4	144	221	409	81	171	326	0.047	25.4
TRINITY_DN52375_c0_g1_i1.p1	Bmori|XP_021206280.1	41.667	24	14	0	195	218	219	184	207	290	0.62	20.8
TRINITY_DN26549_c1_g2_i1.p1	Spodoptera|XP_035436301.1	25.758	66	38	3	8	64	101	139	202	341	0.28	20.4
TRINITY_DN26549_c1_g2_i1.p1	Spodoptera|XP_035436301.1	60.000	15	5	1	1	14	101	167	181	341	0.57	19.6
TRINITY_DN26549_c1_g2_i1.p1	Bmori|XP_037869304.1	60.000	15	5	1	1	14	101	148	162	319	0.57	19.6
TRINITY_DN26549_c1_g2_i1.p1	Bmori|XP_021206280.1	34.615	26	17	0	4	29	101	149	174	290	0.71	19.2
TRINITY_DN4871_c0_g1_i1.p1	Spodoptera|XP_050559197.1	41.176	34	17	2	1	34	586	246	276	343	0.22	23.9
TRINITY_DN745_c0_g1_i1.p1	Bmori|XP_037867392.1	28.571	49	32	1	36	81	128	30	78	395	0.63	20.0
TRINITY_DN1553_c0_g2_i1.p1	Bmori|XP_037869304.1	34.375	32	20	1	138	168	1129	220	251	319	0.20	25.0
TRINITY_DN1553_c0_g2_i1.p1	Bmori|XP_037869304.1	37.931	29	17	1	404	432	1129	248	275	319	0.79	23.1
TRINITY_DN1553_c0_g2_i1.p1	Spodoptera|XP_035436301.1	44.444	18	10	0	707	724	1129	5	22	341	0.27	24.6
TRINITY_DN1553_c0_g2_i1.p1	Spodoptera|XP_050559196.1	21.311	61	48	0	239	299	1129	47	107	304	0.74	23.1
TRINITY_DN1553_c0_g2_i1.p1	Spodoptera|XP_035436318.2	21.311	61	48	0	239	299	1129	47	107	351	0.76	23.1
TRINITY_DN17861_c0_g1_i10.p1	Spodoptera|XP_035433249.2	32.500	40	27	0	247	286	687	6	45	238	0.018	27.3
TRINITY_DN20906_c0_g1_i1.p1	Spodoptera|XP_050559191.1	32.353	34	21	1	418	451	642	298	329	352	0.082	25.4
TRINITY_DN17861_c0_g2_i1.p1	Spodoptera|XP_035436318.2	42.857	21	12	0	4	24	108	152	172	351	0.32	20.4
TRINITY_DN17861_c0_g2_i1.p1	Spodoptera|XP_050559196.1	44.444	18	10	0	3	20	108	151	168	304	0.36	20.0
TRINITY_DN59089_c0_g1_i1.p1	Spodoptera|XP_035433249.2	33.333	36	8	1	61	96	265	10	29	238	0.84	20.8
TRINITY_DN31064_c0_g2_i1.p1	Spodoptera|XP_035436318.2	25.641	39	29	0	258	296	688	272	310	351	0.40	23.5
TRINITY_DN31064_c0_g2_i1.p1	Bmori|XP_062527116.1	23.529	85	64	1	104	188	688	352	435	436	0.72	22.7
TRINITY_DN13607_c0_g1_i2.p1	Spodoptera|XP_035442818.1	58.333	12	5	0	75	86	112	297	308	390	0.22	20.8
TRINITY_DN1669_c0_g1_i15.p1	Bmori|XP_062529457.1	27.679	112	73	4	238	341	380	14	125	326	0.010	27.3
TRINITY_DN1669_c0_g1_i15.p1	Spodoptera|XP_035436318.2	35.714	42	23	1	52	93	380	237	274	351	0.56	21.9
TRINITY_DN1669_c0_g1_i15.p1	Spodoptera|XP_050559193.1	34.211	38	21	1	52	89	380	235	268	349	0.93	21.2
TRINITY_DN47459_c0_g1_i1.p1	Spodoptera|XP_050559703.1	47.368	19	9	1	9	27	125	296	313	315	0.41	20.4
TRINITY_DN9038_c0_g1_i1.p1	Bmori|XP_062529457.1	29.730	37	26	0	65	101	172	239	275	326	0.40	21.2
TRINITY_DN28695_c0_g2_i1.p1	Spodoptera|XP_035442818.1	50.000	30	10	2	52	79	111	94	120	390	0.16	21.2
TRINITY_DN28695_c0_g2_i1.p1	Bmori|XP_037867392.1	50.000	12	6	0	51	62	111	97	108	395	0.55	19.6
TRINITY_DN21701_c0_g1_i1.p1	Bmori|XP_037869304.1	26.667	75	43	1	41	115	328	239	301	319	0.77	21.2
TRINITY_DN2325_c0_g2_i6.p1	Bmori|XP_021206280.1	18.519	54	44	0	125	178	295	156	209	290	0.41	21.9
TRINITY_DN33447_c0_g1_i1.p1	Spodoptera|XP_035442818.1	50.000	12	6	0	70	81	99	175	186	390	0.59	19.2
TRINITY_DN13332_c1_g1_i3.p1	Bmori|XP_062524699.1	87.500	8	1	0	38	45	111	67	74	343	0.46	20.0
TRINITY_DN13332_c1_g1_i3.p1	Bmori|XP_012551199.2	40.000	15	9	0	38	52	111	71	85	349	0.53	19.6
TRINITY_DN59646_c0_g1_i1.p1	Spodoptera|XP_035433286.1	32.759	58	28	2	17	73	343	68	115	344	0.13	23.9
TRINITY_DN59646_c0_g1_i1.p1	Spodoptera|XP_035432672.2	27.273	33	24	0	180	212	343	236	268	327	0.48	21.9
TRINITY_DN13885_c0_g1_i2.p1	Bmori|XP_012551199.2	35.714	28	16	1	63	90	973	243	268	349	0.98	22.7
TRINITY_DN1551_c0_g1_i11.p1	Spodoptera|XP_035432672.2	28.000	25	18	0	100	124	149	221	245	327	0.45	20.8
TRINITY_DN15715_c1_g2_i1.p1	Spodoptera|XP_050559197.1	33.333	39	26	0	12	50	104	252	290	343	0.41	20.0
TRINITY_DN15715_c1_g2_i1.p1	Bmori|XP_062527116.1	41.176	17	10	0	37	53	104	162	178	436	0.62	19.6
TRINITY_DN15715_c1_g2_i1.p1	Spodoptera|XP_050549308.1	53.333	15	7	0	39	53	104	161	175	431	0.77	19.2
TRINITY_DN40188_c0_g1_i1.p1	Spodoptera|XP_035433286.1	35.294	17	11	0	5	21	138	98	114	344	0.50	20.4
TRINITY_DN4870_c0_g1_i1.p1	Bmori|XP_012550153.2	47.368	19	10	0	101	119	225	48	66	312	0.25	21.9
TRINITY_DN4870_c0_g1_i1.p1	Spodoptera|XP_035436318.2	40.000	20	12	0	122	141	225	43	62	351	0.60	21.2
TRINITY_DN4870_c0_g1_i1.p1	Spodoptera|XP_050559196.1	40.000	20	12	0	122	141	225	43	62	304	0.68	20.8
TRINITY_DN18773_c0_g1_i1.p1	Spodoptera|XP_050559196.1	57.895	19	8	0	202	220	278	34	52	304	0.005	27.7
TRINITY_DN18773_c0_g1_i1.p1	Spodoptera|XP_035436318.2	57.895	19	8	0	202	220	278	34	52	351	0.005	27.7
TRINITY_DN4847_c0_g1_i2.p1	Bmori|XP_062527116.1	64.286	14	5	0	74	87	229	5	18	436	0.97	20.4
TRINITY_DN4847_c0_g1_i2.p1	Spodoptera|XP_050549308.1	64.286	14	5	0	74	87	229	5	18	431	0.97	20.4
TRINITY_DN18075_c0_g1_i1.p1	Spodoptera|XP_050559703.1	31.707	41	28	0	250	290	644	260	300	315	0.44	23.1
TRINITY_DN18075_c0_g1_i1.p1	Spodoptera|XP_050549308.1	35.294	34	21	1	135	168	644	195	227	431	0.94	21.9
TRINITY_DN1529_c0_g3_i1.p1	Spodoptera|XP_050559196.1	31.818	44	26	2	291	333	377	5	45	304	0.25	23.1
TRINITY_DN1529_c0_g3_i1.p1	Spodoptera|XP_035436318.2	31.818	44	26	2	291	333	377	5	45	351	0.30	22.7
TRINITY_DN3236_c0_g1_i19.p1	Spodoptera|XP_035442818.1	34.211	38	23	1	1	36	1966	238	275	390	0.030	28.5
TRINITY_DN3236_c0_g1_i19.p1	Spodoptera|XP_050559193.1	24.444	45	34	0	778	822	1966	129	173	349	0.49	24.6
TRINITY_DN6416_c0_g1_i1.p1	Spodoptera|XP_050559703.1	25.000	24	18	0	57	80	105	41	64	315	0.79	19.2
TRINITY_DN330_c1_g1_i8.p1	Spodoptera|XP_050559193.1	30.000	40	27	1	239	277	744	200	239	349	0.24	24.3
TRINITY_DN330_c1_g1_i8.p1	Spodoptera|XP_035433286.1	24.272	103	55	4	273	365	744	245	334	344	0.36	23.5
TRINITY_DN330_c1_g1_i8.p1	Spodoptera|XP_035432548.2	36.667	30	18	1	306	334	744	202	231	311	0.74	22.7
TRINITY_DN16924_c0_g2_i1.p2	Spodoptera|XP_050559703.1	47.619	21	11	0	75	95	151	237	257	315	0.40	20.8
TRINITY_DN57960_c0_g1_i1.p1	Spodoptera|XP_035435946.2	46.154	13	7	0	43	55	99	29	41	344	0.50	19.6
TRINITY_DN30150_c0_g1_i8.p1	Spodoptera|XP_035442818.1	24.000	150	86	6	358	503	884	131	256	390	0.46	23.5
TRINITY_DN30150_c0_g1_i8.p1	Bmori|XP_004930400.2	34.286	35	22	1	618	651	884	110	144	346	0.67	23.1
TRINITY_DN30150_c0_g1_i8.p1	Bmori|XP_062526412.1	34.286	35	22	1	618	651	884	53	87	289	0.71	22.7
TRINITY_DN30150_c0_g1_i8.p1	Spodoptera|XP_050559191.1	42.308	26	15	0	70	95	884	81	106	352	0.95	22.7
TRINITY_DN5086_c0_g1_i1.p1	Spodoptera|XP_035436301.1	24.194	62	44	1	116	177	208	211	269	341	0.45	21.2
TRINITY_DN30127_c0_g1_i1.p1	Bmori|XP_062527116.1	35.294	17	11	0	126	142	168	255	271	436	1.00	19.6
TRINITY_DN1691_c0_g3_i2.p1	Bmori|XP_021206280.1	29.577	71	39	4	284	346	1346	218	285	290	0.14	25.8
TRINITY_DN1691_c0_g3_i2.p1	Spodoptera|XP_035433286.1	47.368	19	10	0	234	252	1346	275	293	344	0.76	23.5
TRINITY_DN7468_c0_g1_i1.p1	Bmori|XP_037867392.1	30.508	59	28	4	103	161	454	302	347	395	0.042	25.8
TRINITY_DN1691_c0_g4_i1.p1	Bmori|XP_037869304.1	30.769	39	22	1	41	79	239	175	208	319	0.30	21.9
TRINITY_DN1691_c0_g4_i1.p1	Spodoptera|XP_035436301.1	30.769	39	22	1	41	79	239	194	227	341	0.37	21.9
TRINITY_DN11478_c0_g2_i1.p1	Spodoptera|XP_035436301.1	25.352	71	34	2	374	433	542	111	173	341	0.11	24.6
TRINITY_DN11478_c0_g2_i1.p1	Spodoptera|XP_035436301.1	38.710	31	13	2	268	294	542	83	111	341	0.97	21.9
TRINITY_DN11478_c0_g2_i1.p1	Spodoptera|XP_050559196.1	27.273	44	32	0	207	250	542	133	176	304	0.41	23.1
TRINITY_DN11478_c0_g2_i1.p1	Bmori|XP_037869304.1	36.000	25	16	0	409	433	542	130	154	319	0.43	22.7
TRINITY_DN11478_c0_g2_i1.p1	Spodoptera|XP_035436318.2	27.273	44	32	0	207	250	542	133	176	351	0.48	22.7
TRINITY_DN1254_c1_g1_i5.p1	Spodoptera|XP_035442818.1	37.931	29	18	0	76	104	570	355	383	390	0.58	22.7
TRINITY_DN30_c1_g1_i13.p1	Spodoptera|XP_035442818.1	39.286	28	14	1	136	160	245	139	166	390	0.11	23.5
TRINITY_DN30_c1_g1_i13.p1	Spodoptera|XP_035432548.2	37.500	32	16	2	133	161	245	60	90	311	0.73	20.8
TRINITY_DN9037_c0_g1_i11.p1	Spodoptera|XP_035432548.2	37.500	32	20	0	722	753	850	128	159	311	0.62	23.1
TRINITY_DN8822_c0_g1_i1.p1	Bmori|XP_021206280.1	35.484	31	20	0	57	87	194	203	233	290	0.044	24.3
TRINITY_DN8822_c0_g1_i1.p1	Spodoptera|XP_050559703.1	26.190	42	31	0	143	184	194	143	184	315	0.27	21.9
TRINITY_DN8822_c0_g1_i1.p1	Bmori|XP_062524699.1	25.000	36	27	0	57	92	194	260	295	343	0.70	20.4
TRINITY_DN21002_c0_g1_i1.p1	Bmori|XP_037869304.1	40.000	20	12	0	85	104	304	211	230	319	0.90	20.8
TRINITY_DN603_c0_g1_i1.p1	Bmori|XP_062524699.1	48.148	27	14	0	138	164	1012	173	199	343	0.083	26.2
TRINITY_DN603_c0_g1_i1.p1	Bmori|XP_021206280.1	37.037	27	17	0	138	164	1012	116	142	290	0.91	22.7
TRINITY_DN4289_c0_g1_i12.p1	Spodoptera|XP_035432548.2	36.364	33	20	1	654	685	1048	160	192	311	0.45	23.9
TRINITY_DN11221_c0_g1_i17.p1	Spodoptera|XP_050559703.1	28.205	39	28	0	71	109	1513	109	147	315	0.21	25.4
TRINITY_DN11221_c0_g1_i17.p1	Spodoptera|XP_050559703.1	23.529	51	31	1	1258	1300	1513	120	170	315	0.47	24.3
TRINITY_DN29465_c0_g2_i1.p1	Spodoptera|XP_035432548.2	36.957	46	28	1	279	323	484	256	301	311	0.21	23.5
TRINITY_DN29465_c0_g2_i1.p1	Spodoptera|XP_035433286.1	32.500	40	24	1	331	367	484	188	227	344	0.67	21.9
TRINITY_DN186_c0_g5_i1.p1	Spodoptera|XP_035433249.2	27.778	36	24	1	7	42	103	199	232	238	0.12	21.6
TRINITY_DN25234_c0_g1_i1.p1	Bmori|XP_004930400.2	47.826	23	8	1	199	221	368	12	30	346	0.40	22.3
TRINITY_DN2463_c0_g1_i2.p1	Bmori|XP_062524699.1	34.545	55	30	1	248	296	396	119	173	343	0.062	25.0
TRINITY_DN2463_c0_g1_i2.p1	Spodoptera|XP_035433286.1	42.308	26	15	0	271	296	396	148	173	344	0.67	21.9
TRINITY_DN708_c2_g1_i2.p1	Bmori|XP_004930400.2	57.143	14	6	0	121	134	327	56	69	346	0.13	23.9
TRINITY_DN708_c2_g1_i2.p1	Spodoptera|XP_035432672.2	35.294	51	25	2	87	135	327	23	67	327	0.30	22.7
TRINITY_DN708_c2_g1_i2.p1	Spodoptera|XP_035433286.1	42.857	28	14	1	121	148	327	55	80	344	0.88	21.2
TRINITY_DN708_c2_g1_i2.p1	Spodoptera|XP_050559193.1	33.333	36	21	1	102	134	327	34	69	349	0.89	21.2
TRINITY_DN4032_c0_g1_i2.p1	Bmori|XP_012551199.2	25.000	64	41	1	69	132	138	32	88	349	0.17	21.6
TRINITY_DN604_c0_g1_i10.p1	Bmori|XP_062527116.1	53.846	13	6	0	482	494	547	208	220	436	0.84	21.9
TRINITY_DN604_c0_g2_i2.p1	Spodoptera|XP_035442818.1	28.070	57	41	0	30	86	520	118	174	390	0.055	25.8
TRINITY_DN7194_c1_g1_i2.p1	Spodoptera|XP_050559197.1	47.826	23	12	0	62	84	109	118	140	343	0.74	19.2
TRINITY_DN5759_c0_g1_i1.p1	Bmori|XP_004930400.2	19.231	104	64	3	267	370	760	252	335	346	0.025	27.3
TRINITY_DN5759_c0_g1_i1.p1	Bmori|XP_062526412.1	19.231	104	64	3	267	370	760	195	278	289	0.031	26.9
TRINITY_DN5759_c0_g1_i1.p1	Bmori|XP_062526415.1	19.231	104	64	3	267	370	760	183	266	277	0.033	26.9
TRINITY_DN24437_c0_g1_i2.p1	Spodoptera|XP_050559703.1	31.081	74	44	5	6	74	133	145	216	315	0.30	20.8
TRINITY_DN24437_c0_g1_i2.p1	Spodoptera|XP_035442818.1	38.889	18	11	0	94	111	133	79	96	390	0.76	19.6
TRINITY_DN743_c0_g1_i1.p1	Bmori|XP_062527116.1	43.478	23	13	0	280	302	481	32	54	436	0.94	21.6
TRINITY_DN7328_c0_g1_i1.p1	Bmori|XP_062527116.1	27.778	54	36	2	29	79	125	100	153	436	0.72	19.6
TRINITY_DN3933_c0_g1_i1.p1	Bmori|XP_021206280.1	50.000	12	6	0	172	183	263	54	65	290	0.67	21.2
TRINITY_DN17161_c0_g1_i19.p1	Bmori|XP_037867392.1	38.462	26	15	1	289	314	435	55	79	395	0.61	21.9
TRINITY_DN17161_c0_g1_i19.p1	Spodoptera|XP_050559703.1	29.730	37	23	1	158	194	435	183	216	315	0.83	21.6
TRINITY_DN3933_c0_g2_i1.p1	Bmori|XP_062524699.1	33.333	27	18	0	110	136	136	233	259	343	0.61	20.0
TRINITY_DN2322_c0_g3_i1.p2	Spodoptera|XP_035435946.2	29.091	55	31	1	78	132	142	105	151	344	0.057	23.1
TRINITY_DN2322_c0_g3_i1.p2	Spodoptera|XP_050549308.1	28.571	42	21	2	3	44	142	278	310	431	0.81	19.6
TRINITY_DN3079_c1_g2_i2.p1	Spodoptera|XP_035436318.2	32.558	43	28	1	57	98	121	261	303	351	0.68	19.6
TRINITY_DN1357_c3_g1_i1.p1	Bmori|XP_021206280.1	30.769	39	27	0	136	174	331	101	139	290	0.52	21.9
TRINITY_DN7751_c1_g1_i3.p1	Bmori|XP_021206280.1	25.000	48	35	1	182	229	876	45	91	290	0.44	23.5
TRINITY_DN9734_c0_g1_i15.p1	Spodoptera|XP_050559193.1	20.779	77	55	2	125	196	256	149	224	349	0.65	21.2
TRINITY_DN9734_c0_g1_i15.p1	Bmori|XP_062526415.1	38.889	18	11	0	213	230	256	66	83	277	0.85	20.8
TRINITY_DN9734_c0_g1_i15.p1	Bmori|XP_004930400.2	38.889	18	11	0	213	230	256	135	152	346	0.96	20.4
TRINITY_DN13046_c0_g1_i1.p1	Spodoptera|XP_050559197.1	23.611	72	52	2	108	177	289	36	106	343	0.13	23.5
TRINITY_DN2323_c0_g1_i3.p1	Bmori|XP_037867392.1	36.667	30	18	1	82	111	197	175	203	395	0.73	20.4
TRINITY_DN48811_c0_g1_i1.p1	Bmori|XP_062527116.1	60.000	15	6	0	12	26	114	177	191	436	0.35	20.4
TRINITY_DN48811_c0_g1_i1.p1	Spodoptera|XP_050549308.1	42.857	21	12	0	12	32	114	174	194	431	0.49	20.0
TRINITY_DN21397_c0_g1_i1.p1	Spodoptera|XP_035433249.2	32.000	50	32	1	401	448	721	55	104	238	0.13	24.6
TRINITY_DN21397_c0_g1_i1.p1	Spodoptera|XP_035442818.1	28.947	38	26	1	673	709	721	116	153	390	0.86	22.3
TRINITY_DN33445_c0_g2_i1.p1	Spodoptera|XP_035432672.2	32.353	34	22	1	39	71	150	8	41	327	0.39	20.8
TRINITY_DN1410_c0_g1_i1.p1	Spodoptera|XP_035442818.1	27.660	47	32	2	52	96	222	157	203	390	0.15	22.7
TRINITY_DN1410_c0_g1_i1.p1	Spodoptera|XP_035442818.1	33.333	27	17	1	133	158	222	302	328	390	0.70	20.8
TRINITY_DN4705_c0_g2_i4.p1	Spodoptera|XP_035432672.2	32.558	43	26	1	319	358	394	101	143	327	0.53	21.9
TRINITY_DN4288_c0_g1_i3.p1	Bmori|XP_062526415.1	32.432	37	16	2	114	147	240	197	227	277	0.97	20.4
TRINITY_DN9873_c0_g1_i1.p1	Bmori|XP_012551199.2	26.582	79	51	3	200	273	447	79	155	349	0.44	22.7
TRINITY_DN9873_c0_g1_i1.p1	Spodoptera|XP_035435946.2	33.333	36	21	1	60	95	447	206	238	344	0.48	22.3
TRINITY_DN4549_c1_g2_i1.p1	Bmori|XP_062529457.1	63.636	11	4	0	66	76	102	61	71	326	0.51	19.6
TRINITY_DN12947_c0_g1_i1.p1	Spodoptera|XP_050549308.1	25.000	56	40	2	168	221	310	330	385	431	0.45	21.9
TRINITY_DN21815_c0_g2_i1.p2	Bmori|XP_037867392.1	47.368	19	10	0	80	98	105	78	96	395	0.96	18.9
TRINITY_DN12947_c0_g2_i1.p1	Bmori|XP_012551199.2	41.379	29	17	0	28	56	114	261	289	349	0.022	23.9
TRINITY_DN12947_c0_g2_i1.p1	Spodoptera|XP_035432672.2	50.000	14	7	0	62	75	114	224	237	327	0.75	19.2
TRINITY_DN4706_c0_g1_i35.p1	Bmori|XP_062524699.1	28.431	102	67	4	9	109	362	101	197	343	0.091	24.3
TRINITY_DN1526_c0_g2_i1.p1	Bmori|XP_012551199.2	44.444	18	10	0	142	159	160	86	103	349	0.17	21.9
TRINITY_DN1526_c0_g3_i3.p1	Spodoptera|XP_050559193.1	27.027	37	27	0	25	61	334	291	327	349	0.83	21.2
TRINITY_DN7891_c1_g1_i10.p1	Bmori|XP_012551199.2	31.034	58	29	3	415	472	986	8	54	349	0.12	25.4
TRINITY_DN11620_c1_g1_i18.p1	Spodoptera|XP_035435946.2	24.444	90	57	4	161	250	1658	116	194	344	0.47	24.6
TRINITY_DN35967_c0_g1_i1.p1	Spodoptera|XP_050559703.1	28.571	49	26	3	121	163	241	180	225	315	0.041	24.6
TRINITY_DN35967_c0_g1_i1.p1	Spodoptera|XP_035433249.2	27.419	62	40	1	37	98	241	64	120	238	0.48	21.2
TRINITY_DN14655_c0_g1_i1.p1	Bmori|XP_012550153.2	30.508	59	33	3	66	123	143	100	151	312	0.11	22.3
TRINITY_DN7327_c0_g1_i11.p1	Bmori|XP_037867392.1	33.333	30	12	1	509	530	573	254	283	395	0.46	23.1
TRINITY_DN17835_c0_g1_i2.p1	Spodoptera|XP_050559703.1	28.571	35	25	0	57	91	474	11	45	315	0.073	25.0
TRINITY_DN27598_c1_g1_i3.p1	Bmori|XP_012550153.2	35.714	28	17	1	254	281	507	220	246	312	0.70	21.9
TRINITY_DN26109_c2_g2_i1.p1	Spodoptera|XP_035435946.2	46.667	15	8	0	9	23	172	44	58	344	0.49	20.8
TRINITY_DN1666_c0_g1_i1.p1	Spodoptera|XP_050559703.1	25.373	67	33	3	8	66	481	158	215	315	0.78	21.9
TRINITY_DN183_c0_g1_i3.p1	Spodoptera|XP_035442818.1	45.833	24	6	1	244	260	307	34	57	390	0.63	21.6
TRINITY_DN11476_c0_g1_i2.p1	Spodoptera|XP_035433286.1	23.810	42	32	0	377	418	640	275	316	344	0.47	23.1
TRINITY_DN1950_c1_g2_i3.p1	Bmori|XP_062529457.1	19.828	116	76	5	6	115	133	14	118	326	0.11	22.3
TRINITY_DN1950_c1_g2_i3.p1	Bmori|XP_012551199.2	26.087	23	17	0	82	104	133	206	228	349	0.40	20.4
TRINITY_DN1927_c1_g1_i21.p1	Bmori|XP_021206280.1	27.083	48	33	1	227	272	396	186	233	290	0.68	21.6
TRINITY_DN12830_c0_g1_i4.p1	Spodoptera|XP_035442818.1	50.820	366	174	4	27	387	388	26	390	390	1.20e-138	392
TRINITY_DN12830_c0_g1_i4.p1	Bmori|XP_037867392.1	40.052	387	227	3	2	383	388	5	391	395	6.43e-111	322
TRINITY_DN12830_c0_g1_i4.p1	Spodoptera|XP_035432548.2	45.918	294	157	2	96	387	388	18	311	311	4.28e-104	301
TRINITY_DN12830_c0_g1_i4.p1	Spodoptera|XP_050549308.1	28.302	53	27	2	322	365	388	22	72	431	0.72	21.6
TRINITY_DN1513_c2_g1_i10.p1	Spodoptera|XP_050549308.1	34.615	52	32	2	217	267	528	335	385	431	0.35	23.1
TRINITY_DN6116_c1_g1_i1.p1	Spodoptera|XP_035442818.1	33.333	39	23	1	265	300	415	340	378	390	0.050	25.4
TRINITY_DN882_c0_g1_i2.p1	Bmori|XP_062527116.1	33.333	24	16	0	3	26	120	94	117	436	0.56	20.0
TRINITY_DN5484_c1_g1_i1.p1	Bmori|XP_062526412.1	30.769	52	29	2	90	134	299	146	197	289	0.014	26.6
TRINITY_DN5484_c1_g1_i1.p1	Bmori|XP_004930400.2	30.769	52	29	2	90	134	299	203	254	346	0.015	26.6
TRINITY_DN5484_c1_g1_i1.p1	Bmori|XP_062526415.1	30.769	52	29	2	90	134	299	134	185	277	0.016	26.2
TRINITY_DN5484_c1_g1_i1.p1	Spodoptera|XP_035432672.2	46.154	13	7	0	9	21	299	185	197	327	0.75	21.2
TRINITY_DN5484_c1_g1_i1.p1	Spodoptera|XP_050559193.1	28.947	38	23	1	101	134	299	223	260	349	0.88	20.8
TRINITY_DN4287_c0_g1_i12.p1	Spodoptera|XP_035432672.2	23.529	68	40	2	11	67	377	261	327	327	0.50	21.9
TRINITY_DN184_c0_g2_i1.p1	Spodoptera|XP_050559703.1	38.462	39	18	2	63	97	245	97	133	315	0.97	20.4
TRINITY_DN22750_c0_g1_i1.p1	Bmori|XP_012550153.2	22.340	94	65	2	19	112	263	8	93	312	0.008	27.3
TRINITY_DN49839_c0_g1_i1.p1	Spodoptera|XP_050549308.1	40.741	27	15	1	20	45	148	207	233	431	0.028	24.3
TRINITY_DN49839_c0_g1_i1.p1	Bmori|XP_062527116.1	33.333	27	17	1	20	45	148	210	236	436	0.34	21.2
TRINITY_DN22029_c0_g1_i1.p1	Bmori|XP_062527116.1	25.000	40	29	1	71	110	111	330	368	436	0.13	21.6
TRINITY_DN2438_c0_g1_i9.p1	Bmori|XP_004930400.2	39.286	28	13	1	868	891	1024	305	332	346	0.96	22.7
TRINITY_DN48251_c0_g1_i1.p1	Spodoptera|XP_050559196.1	28.261	46	31	2	76	119	234	235	280	304	0.53	21.2
TRINITY_DN48251_c0_g1_i1.p1	Spodoptera|XP_035436318.2	40.909	22	13	0	144	165	234	267	288	351	0.58	21.2
TRINITY_DN48251_c0_g1_i1.p1	Spodoptera|XP_035433286.1	23.944	71	46	2	161	231	234	10	72	344	0.97	20.4
TRINITY_DN48251_c0_g1_i1.p1	Spodoptera|XP_050559191.1	32.143	56	28	4	68	119	234	279	328	352	0.98	20.4
TRINITY_DN12946_c0_g3_i1.p1	Bmori|XP_062527116.1	28.571	28	20	0	14	41	102	62	89	436	0.83	18.9
TRINITY_DN706_c2_g1_i1.p1	Spodoptera|XP_035436318.2	25.225	111	69	3	410	520	575	86	182	351	0.24	23.9
TRINITY_DN706_c2_g1_i1.p1	Spodoptera|XP_050559196.1	25.664	113	70	3	408	520	575	84	182	304	0.27	23.5
TRINITY_DN27197_c0_g1_i1.p1	Spodoptera|XP_035432672.2	24.638	138	84	4	312	446	802	6	126	327	0.20	24.6
TRINITY_DN1525_c0_g1_i10.p1	Spodoptera|XP_035433249.2	34.375	32	21	0	118	149	257	31	62	238	0.38	21.6
TRINITY_DN1525_c0_g1_i10.p1	Bmori|XP_012551199.2	57.143	21	4	1	83	103	257	33	48	349	0.39	21.9
TRINITY_DN14515_c0_g1_i2.p1	Spodoptera|XP_050559197.1	22.835	127	68	4	70	185	195	180	287	343	0.049	24.3
TRINITY_DN6412_c0_g1_i1.p1	Bmori|XP_062527116.1	20.290	69	55	0	32	100	112	344	412	436	0.25	20.8
TRINITY_DN2577_c0_g1_i3.p1	Bmori|XP_062529457.1	24.096	83	49	3	72	140	265	60	142	326	0.48	21.6
TRINITY_DN36621_c0_g1_i1.p1	Spodoptera|XP_050559191.1	27.778	54	34	3	68	121	156	130	178	352	0.86	20.0
TRINITY_DN741_c0_g1_i11.p1	Bmori|XP_062527116.1	33.333	27	18	0	17	43	323	216	242	436	0.93	21.2
TRINITY_DN741_c0_g1_i11.p1	Spodoptera|XP_050559191.1	22.807	57	44	0	65	121	323	132	188	352	0.96	20.8
TRINITY_DN17834_c0_g1_i1.p1	Spodoptera|XP_050559703.1	24.615	65	42	2	32	89	751	145	209	315	0.62	22.7
TRINITY_DN17834_c0_g1_i1.p1	Bmori|XP_062527116.1	28.846	52	30	2	677	726	751	289	335	436	0.63	23.1
TRINITY_DN3233_c0_g1_i2.p1	Spodoptera|XP_035432672.2	21.311	61	48	0	66	126	199	171	231	327	0.98	20.0
TRINITY_DN6413_c0_g1_i1.p1	Spodoptera|XP_050559193.1	57.143	14	6	0	106	119	184	134	147	349	0.45	21.2
TRINITY_DN16921_c0_g1_i1.p1	Spodoptera|XP_050559191.1	29.787	47	22	1	521	556	593	46	92	352	0.15	24.6
TRINITY_DN16921_c0_g1_i1.p1	Spodoptera|XP_035435946.2	29.787	47	22	1	521	556	593	46	92	344	0.32	23.5
TRINITY_DN16921_c0_g1_i1.p1	Spodoptera|XP_050559703.1	50.000	20	10	0	551	570	593	8	27	315	0.34	23.5
TRINITY_DN14498_c1_g1_i7.p1	Spodoptera|XP_035442818.1	29.032	93	48	4	246	325	360	32	119	390	0.11	24.3
TRINITY_DN14498_c1_g2_i1.p1	Spodoptera|XP_035436301.1	37.500	24	15	0	233	256	294	141	164	341	0.18	23.1
TRINITY_DN14498_c1_g2_i1.p1	Bmori|XP_037869304.1	33.333	24	16	0	233	256	294	122	145	319	0.88	20.8
TRINITY_DN14498_c1_g2_i1.p1	Spodoptera|XP_035432548.2	38.462	26	14	1	42	65	294	176	201	311	0.93	20.8
TRINITY_DN857_c0_g1_i1.p1	Bmori|XP_062524699.1	42.105	19	10	1	56	73	174	200	218	343	0.70	20.4
TRINITY_DN182_c0_g1_i12.p1	Spodoptera|XP_050559196.1	29.333	75	51	2	58	131	435	222	295	304	0.001	30.4
TRINITY_DN182_c0_g1_i12.p1	Spodoptera|XP_035435946.2	28.767	73	41	4	70	131	435	263	335	344	0.20	23.5
TRINITY_DN182_c0_g1_i12.p1	Spodoptera|XP_050559191.1	34.615	26	17	0	106	131	435	318	343	352	0.93	21.6
TRINITY_DN24835_c1_g1_i1.p1	Spodoptera|XP_050559196.1	31.481	54	36	1	50	103	147	232	284	304	0.21	21.6
TRINITY_DN24835_c1_g1_i1.p1	Spodoptera|XP_035436318.2	37.143	35	21	1	50	84	147	232	265	351	0.89	19.6
TRINITY_DN159_c0_g1_i11.p1	Spodoptera|XP_050559703.1	23.423	111	63	5	61	152	405	44	151	315	0.040	25.8
TRINITY_DN10562_c0_g1_i1.p1	Spodoptera|XP_035436301.1	29.268	41	21	1	81	113	286	232	272	341	0.26	22.3
TRINITY_DN6529_c0_g1_i1.p1	Spodoptera|XP_035433286.1	33.333	54	20	3	230	269	324	255	306	344	0.13	23.5
TRINITY_DN9034_c0_g1_i1.p1	Bmori|XP_012550153.2	26.230	61	37	2	111	171	175	26	78	312	0.64	20.4
TRINITY_DN30961_c0_g2_i1.p1	Spodoptera|XP_050559703.1	33.333	21	12	1	27	47	156	214	232	315	0.25	21.6
TRINITY_DN30961_c0_g2_i1.p1	Spodoptera|XP_050559191.1	23.529	68	32	3	78	126	156	115	181	352	0.42	20.8
TRINITY_DN30961_c0_g2_i1.p1	Spodoptera|XP_050559193.1	43.750	16	9	0	140	155	156	116	131	349	0.85	20.0
TRINITY_DN5199_c0_g1_i1.p1	Bmori|XP_062527116.1	30.952	42	28	1	29	70	525	282	322	436	0.10	25.0
TRINITY_DN5199_c0_g1_i1.p1	Spodoptera|XP_050549308.1	28.571	42	29	1	29	70	525	279	319	431	0.23	23.9
TRINITY_DN5199_c0_g1_i1.p1	Spodoptera|XP_050559196.1	31.373	51	28	2	328	377	525	81	125	304	0.48	22.7
TRINITY_DN5199_c0_g1_i1.p1	Spodoptera|XP_035436318.2	31.373	51	28	2	328	377	525	81	125	351	0.50	22.7
TRINITY_DN5199_c0_g1_i1.p1	Spodoptera|XP_050559197.1	36.111	36	20	2	328	360	525	77	112	343	0.82	21.9
TRINITY_DN10125_c1_g2_i1.p2	Spodoptera|XP_035442818.1	23.529	34	26	0	38	71	174	329	362	390	0.39	21.2
TRINITY_DN6691_c0_g1_i1.p1	Bmori|XP_037869304.1	42.424	33	11	3	6	30	105	152	184	319	0.087	21.9
TRINITY_DN6691_c0_g1_i1.p1	Spodoptera|XP_035436301.1	42.424	33	11	3	6	30	105	171	203	341	0.092	21.9
TRINITY_DN26259_c0_g3_i1.p1	Spodoptera|XP_035442818.1	28.431	102	63	4	80	177	238	168	263	390	0.016	26.2
TRINITY_DN26259_c0_g4_i1.p1	Spodoptera|XP_050559193.1	52.941	17	8	0	28	44	110	6	22	349	0.77	19.2
TRINITY_DN8935_c0_g1_i2.p1	Bmori|XP_004930400.2	28.169	71	42	3	28	94	158	246	311	346	0.30	21.2
TRINITY_DN8935_c0_g1_i2.p1	Bmori|XP_062526415.1	28.169	71	42	3	28	94	158	177	242	277	0.30	21.2
TRINITY_DN8935_c0_g1_i2.p1	Bmori|XP_062526412.1	28.169	71	42	3	28	94	158	189	254	289	0.30	21.2
TRINITY_DN12945_c0_g1_i2.p1	Bmori|XP_012550153.2	29.032	31	22	0	64	94	131	193	223	312	0.062	23.1
TRINITY_DN17832_c0_g1_i1.p1	Spodoptera|XP_050559197.1	30.159	63	35	2	166	219	752	1	63	343	0.14	25.0
TRINITY_DN17832_c0_g1_i1.p1	Bmori|XP_037869304.1	33.333	33	22	0	570	602	752	194	226	319	0.86	22.3
TRINITY_DN17832_c0_g1_i1.p1	Bmori|XP_037869304.1	31.111	45	28	1	495	539	752	271	312	319	0.92	22.3
TRINITY_DN299_c0_g1_i5.p1	Spodoptera|XP_035433249.2	26.562	64	37	2	247	310	320	64	117	238	0.043	25.0
TRINITY_DN6098_c2_g2_i1.p1	Spodoptera|XP_050549308.1	38.182	55	27	3	44	98	100	20	67	431	0.44	19.6
TRINITY_DN55665_c0_g1_i1.p1	Bmori|XP_062527116.1	28.947	38	26	1	65	102	102	81	117	436	0.35	20.0
TRINITY_DN6669_c0_g1_i1.p1	Spodoptera|XP_035433286.1	26.966	89	59	3	235	317	353	234	322	344	0.23	23.1
TRINITY_DN6669_c0_g1_i1.p1	Spodoptera|XP_035432548.2	24.000	50	38	0	42	91	353	141	190	311	0.40	22.3
TRINITY_DN22865_c0_g2_i1.p1	Spodoptera|XP_035432548.2	22.951	61	38	1	88	148	201	1	52	311	0.22	21.9
TRINITY_DN2576_c0_g1_i1.p1	Spodoptera|XP_050559193.1	26.415	53	25	1	40	92	103	149	187	349	0.39	20.0
TRINITY_DN2576_c0_g1_i1.p1	Bmori|XP_062524699.1	50.000	12	6	0	81	92	103	140	151	343	0.58	19.6
TRINITY_DN5756_c0_g1_i10.p1	Bmori|XP_062526415.1	35.849	53	25	4	70	117	275	155	203	277	0.12	23.5
TRINITY_DN5756_c0_g1_i10.p1	Bmori|XP_062526412.1	46.667	30	12	3	88	117	275	190	215	289	0.13	23.5
TRINITY_DN5756_c0_g1_i10.p1	Bmori|XP_004930400.2	46.667	30	12	3	88	117	275	247	272	346	0.14	23.5
TRINITY_DN3075_c1_g1_i55.p1	Bmori|XP_062526415.1	23.077	39	28	1	735	773	819	166	202	277	0.70	22.7
TRINITY_DN3075_c1_g1_i55.p1	Bmori|XP_062526412.1	23.077	39	28	1	735	773	819	178	214	289	0.70	22.7
TRINITY_DN3075_c1_g1_i55.p1	Bmori|XP_004930400.2	25.641	39	27	1	735	773	819	235	271	346	0.78	22.7
TRINITY_DN740_c0_g1_i11.p1	Spodoptera|XP_035435946.2	32.258	31	14	1	205	235	286	147	170	344	0.48	21.6
TRINITY_DN740_c0_g1_i11.p1	Bmori|XP_021206280.1	38.889	18	10	1	215	232	286	92	108	290	0.52	21.6
TRINITY_DN32785_c0_g1_i2.p1	Spodoptera|XP_035436301.1	38.889	18	11	0	75	92	99	121	138	341	0.14	21.2
TRINITY_DN32785_c0_g1_i2.p1	Bmori|XP_037869304.1	31.250	32	22	0	61	92	99	88	119	319	0.41	20.0
TRINITY_DN274_c4_g1_i10.p1	Spodoptera|XP_050559197.1	40.000	30	18	0	353	382	420	57	86	343	0.076	25.0
TRINITY_DN274_c4_g1_i10.p1	Bmori|XP_004930400.2	33.333	45	30	0	353	397	420	59	103	346	0.23	23.5
TRINITY_DN274_c4_g1_i10.p1	Bmori|XP_062526412.1	33.333	45	30	0	353	397	420	2	46	289	0.23	23.1
TRINITY_DN274_c4_g1_i10.p1	Spodoptera|XP_050559191.1	36.667	30	19	0	353	382	420	60	89	352	0.99	21.2
TRINITY_DN12106_c0_g1_i4.p1	Bmori|XP_062527116.1	29.091	55	33	2	28	78	171	44	96	436	0.73	20.4
TRINITY_DN4284_c0_g1_i4.p1	Bmori|XP_062529457.1	30.769	65	39	3	267	327	355	231	293	326	0.001	30.0
TRINITY_DN856_c0_g1_i18.p1	Bmori|XP_021206280.1	44.444	18	10	0	197	214	285	266	283	290	0.69	21.2
TRINITY_DN856_c0_g1_i18.p1	Bmori|XP_021206280.1	54.545	11	5	0	36	46	285	254	264	290	0.85	20.8
TRINITY_DN181_c0_g1_i11.p1	Spodoptera|XP_035436301.1	21.277	94	56	3	145	226	504	253	340	341	0.59	22.3
TRINITY_DN40181_c0_g1_i2.p1	Bmori|XP_012550153.2	33.333	42	20	2	201	237	482	106	144	312	0.23	23.5
TRINITY_DN40181_c0_g2_i1.p1	Spodoptera|XP_035432548.2	33.333	36	18	2	55	88	186	47	78	311	0.061	23.5
TRINITY_DN8120_c0_g1_i2.p1	Spodoptera|XP_050559703.1	26.923	26	19	0	11	36	953	222	247	315	0.45	23.5
TRINITY_DN3609_c1_g1_i2.p1	Spodoptera|XP_035442818.1	27.778	36	26	0	269	304	469	34	69	390	0.27	23.5
TRINITY_DN1522_c0_g1_i1.p1	Spodoptera|XP_050549308.1	41.667	24	10	1	213	232	415	273	296	431	0.39	22.7
TRINITY_DN1522_c0_g1_i1.p1	Spodoptera|XP_035432672.2	27.907	43	22	1	365	407	415	286	319	327	0.63	21.9
TRINITY_DN1522_c0_g1_i1.p1	Bmori|XP_062527116.1	41.667	24	10	1	213	232	415	276	299	436	0.64	21.9
TRINITY_DN4702_c0_g1_i1.p1	Spodoptera|XP_035435946.2	25.455	55	35	2	121	175	765	135	183	344	0.33	23.9
TRINITY_DN4702_c0_g1_i1.p1	Spodoptera|XP_035432548.2	33.929	56	30	3	564	617	765	13	63	311	0.48	23.1
TRINITY_DN1522_c0_g2_i4.p1	Bmori|XP_012550153.2	31.395	86	45	5	401	479	629	92	170	312	0.29	23.5
TRINITY_DN6690_c0_g1_i14.p1	Spodoptera|XP_050559703.1	37.143	35	21	1	119	152	250	2	36	315	0.038	25.0
TRINITY_DN6667_c0_g1_i2.p1	Spodoptera|XP_035442818.1	30.769	26	18	0	136	161	180	84	109	390	0.60	20.8
TRINITY_DN13880_c0_g1_i2.p1	Spodoptera|XP_035436301.1	25.926	27	20	0	39	65	101	200	226	341	0.75	19.2
TRINITY_DN13880_c0_g1_i2.p1	Bmori|XP_037867392.1	26.506	83	54	3	22	101	101	100	178	395	0.77	19.2
TRINITY_DN9172_c0_g1_i11.p1	Spodoptera|XP_035435946.2	31.915	47	30	1	914	958	1369	243	289	344	0.060	26.9
TRINITY_DN7166_c1_g1_i1.p1	Bmori|XP_062527116.1	24.138	116	67	6	93	198	338	111	215	436	0.15	23.5
TRINITY_DN13857_c0_g1_i8.p2	Spodoptera|XP_050559703.1	42.308	26	14	1	100	125	126	261	285	315	0.29	20.8
TRINITY_DN2436_c0_g1_i1.p1	Bmori|XP_062526415.1	66.667	15	5	0	670	684	708	103	117	277	0.21	24.3
TRINITY_DN2436_c0_g1_i1.p1	Bmori|XP_062526412.1	66.667	15	5	0	670	684	708	115	129	289	0.23	24.3
TRINITY_DN2436_c0_g1_i1.p1	Bmori|XP_004930400.2	66.667	15	5	0	670	684	708	172	186	346	0.24	24.3
TRINITY_DN2436_c0_g1_i1.p1	Bmori|XP_021206280.1	60.000	15	6	0	670	684	708	114	128	290	0.85	22.3
TRINITY_DN2436_c0_g1_i1.p1	Spodoptera|XP_050559197.1	60.000	15	6	0	670	684	708	170	184	343	0.92	22.3
TRINITY_DN4841_c0_g1_i1.p1	Bmori|XP_012551199.2	39.583	48	20	4	229	276	425	251	289	349	0.11	24.6
TRINITY_DN4841_c0_g1_i1.p1	Bmori|XP_004930400.2	33.333	33	21	1	360	391	425	56	88	346	0.18	23.9
TRINITY_DN13159_c0_g3_i3.p1	Spodoptera|XP_050559703.1	27.184	103	68	4	40	135	195	123	225	315	0.043	24.3
TRINITY_DN1523_c0_g1_i10.p1	Bmori|XP_037869304.1	26.829	82	53	3	114	192	359	81	158	319	0.094	24.3
TRINITY_DN1523_c0_g1_i10.p1	Bmori|XP_062526415.1	23.333	60	44	2	238	296	359	175	233	277	0.20	23.1
TRINITY_DN1523_c0_g1_i10.p1	Bmori|XP_062526412.1	23.333	60	44	2	238	296	359	187	245	289	0.22	23.1
TRINITY_DN1523_c0_g1_i10.p1	Spodoptera|XP_035436301.1	25.410	122	73	6	114	231	359	100	207	341	0.24	23.1
TRINITY_DN1523_c0_g1_i10.p1	Bmori|XP_004930400.2	23.333	60	44	2	238	296	359	244	302	346	0.27	22.7
TRINITY_DN1523_c0_g1_i10.p1	Bmori|XP_062529457.1	34.043	47	25	3	151	191	359	186	232	326	0.63	21.6
TRINITY_DN3905_c0_g1_i22.p1	Bmori|XP_037867392.1	28.302	53	33	2	414	464	503	281	330	395	0.27	23.5
TRINITY_DN2575_c0_g1_i12.p1	Bmori|XP_037867392.1	25.000	72	52	1	240	309	490	158	229	395	0.23	23.5
TRINITY_DN5755_c0_g1_i2.p1	Bmori|XP_062526415.1	26.829	41	28	1	336	376	385	33	71	277	0.74	21.6
TRINITY_DN5755_c0_g1_i2.p1	Bmori|XP_062526412.1	26.829	41	28	1	336	376	385	45	83	289	0.96	21.2
TRINITY_DN5080_c0_g1_i8.p1	Spodoptera|XP_050559193.1	23.077	52	28	1	158	209	464	262	301	349	0.21	23.5
TRINITY_DN59896_c0_g1_i1.p2	Spodoptera|XP_035433286.1	32.000	25	17	0	62	86	116	120	144	344	0.86	19.2
TRINITY_DN33283_c1_g2_i1.p1	Spodoptera|XP_050559703.1	26.316	19	14	0	67	85	112	121	139	315	0.32	20.4
TRINITY_DN3906_c0_g1_i2.p1	Spodoptera|XP_035436318.2	23.158	95	72	1	724	817	1408	239	333	351	0.051	27.3
TRINITY_DN3906_c0_g1_i2.p1	Spodoptera|XP_050559703.1	26.230	61	38	2	1058	1111	1408	79	139	315	0.10	26.2
TRINITY_DN9031_c0_g1_i1.p1	Bmori|XP_062527116.1	23.404	94	68	2	406	496	499	304	396	436	0.11	24.6
TRINITY_DN9031_c0_g1_i1.p1	Spodoptera|XP_050549308.1	20.879	91	68	2	409	496	499	304	393	431	0.32	23.1
TRINITY_DN3231_c0_g2_i2.p1	Bmori|XP_021206280.1	24.138	58	36	3	1	51	109	201	257	290	0.88	19.2
TRINITY_DN9008_c0_g1_i1.p1	Spodoptera|XP_035442818.1	47.826	23	10	1	48	68	208	223	245	390	0.80	20.4
TRINITY_DN28665_c0_g1_i1.p1	Bmori|XP_037869304.1	50.000	20	10	0	248	267	415	44	63	319	0.15	23.9
TRINITY_DN28665_c0_g1_i1.p1	Spodoptera|XP_035436301.1	50.000	20	10	0	248	267	415	63	82	341	0.16	23.9
TRINITY_DN18884_c0_g1_i3.p1	Spodoptera|XP_050559193.1	32.143	28	17	1	54	79	757	205	232	349	0.54	23.1
TRINITY_DN4283_c0_g1_i1.p1	Spodoptera|XP_050549308.1	37.500	40	21	2	150	187	215	177	214	431	0.95	20.4
TRINITY_DN180_c0_g1_i1.p1	Bmori|XP_062529457.1	22.699	163	92	7	84	222	503	170	322	326	0.24	23.5
TRINITY_DN180_c0_g1_i1.p1	Spodoptera|XP_035435946.2	34.091	44	29	0	196	239	503	127	170	344	0.40	22.7
TRINITY_DN180_c0_g1_i1.p1	Spodoptera|XP_035435946.2	42.857	21	12	0	244	264	503	298	318	344	0.76	21.9
TRINITY_DN180_c0_g2_i1.p1	Spodoptera|XP_035435946.2	41.379	29	14	1	231	259	511	193	218	344	0.10	24.6
TRINITY_DN157_c0_g1_i1.p1	Spodoptera|XP_050559193.1	43.750	16	9	0	145	160	210	157	172	349	0.77	20.4
TRINITY_DN157_c0_g3_i1.p1	Bmori|XP_012551199.2	32.353	34	23	0	7	40	104	77	110	349	0.72	19.2
TRINITY_DN6527_c0_g1_i6.p1	Bmori|XP_012551199.2	28.169	71	40	2	1001	1060	1342	262	332	349	0.034	27.7
TRINITY_DN12942_c0_g1_i3.p1	Spodoptera|XP_035433249.2	27.344	128	71	5	5	130	210	3	110	238	2.87e-05	33.9
TRINITY_DN12942_c0_g1_i3.p1	Bmori|XP_012550153.2	27.419	62	44	1	58	118	210	36	97	312	7.44e-05	32.7
TRINITY_DN12942_c0_g1_i3.p1	Spodoptera|XP_050559703.1	28.750	80	48	5	73	149	210	128	201	315	0.26	21.9
TRINITY_DN1521_c0_g1_i1.p1	Bmori|XP_037867392.1	34.615	26	17	0	45	70	128	76	101	395	0.34	20.8
TRINITY_DN1521_c0_g1_i1.p1	Spodoptera|XP_035442818.1	36.000	25	16	0	62	86	128	128	152	390	0.45	20.4
TRINITY_DN994_c0_g1_i1.p1	Bmori|XP_012550153.2	33.333	48	29	1	1796	1840	1963	243	290	312	0.038	28.1
TRINITY_DN14511_c0_g1_i1.p1	Spodoptera|XP_035433286.1	26.250	80	42	3	788	862	1291	55	122	344	0.21	25.0
TRINITY_DN31009_c0_g3_i1.p1	Spodoptera|XP_035433249.2	37.500	24	15	0	14	37	378	132	155	238	0.70	21.6
TRINITY_DN4817_c0_g1_i2.p1	Spodoptera|XP_035432548.2	29.787	47	32	1	25	70	100	11	57	311	0.27	20.4
TRINITY_DN995_c0_g1_i1.p1	Spodoptera|XP_035442818.1	38.462	26	16	0	75	100	350	62	87	390	0.80	21.2
TRINITY_DN714_c0_g1_i11.p1	Spodoptera|XP_050559703.1	50.000	20	7	1	93	109	282	246	265	315	0.20	22.7
TRINITY_DN11332_c0_g1_i1.p1	Bmori|XP_021206280.1	36.765	68	34	6	21	85	251	33	94	290	0.86	20.8
TRINITY_DN685_c3_g1_i1.p1	Spodoptera|XP_035435946.2	46.667	15	8	0	99	113	261	39	53	344	0.68	21.2
TRINITY_DN3487_c0_g1_i11.p1	Spodoptera|XP_035442818.1	37.500	32	14	2	729	754	1002	126	157	390	0.65	23.1
TRINITY_DN9287_c0_g2_i5.p1	Spodoptera|XP_050559193.1	33.333	21	11	1	69	86	102	222	242	349	0.45	19.6
TRINITY_DN9287_c0_g2_i5.p1	Bmori|XP_062524699.1	43.750	16	8	1	78	92	102	312	327	343	0.98	18.9
TRINITY_DN21950_c0_g1_i1.p1	Spodoptera|XP_035432672.2	50.000	14	7	0	185	198	393	33	46	327	0.32	22.7
TRINITY_DN33696_c0_g1_i1.p1	Bmori|XP_037869304.1	25.532	47	29	2	10	56	173	270	310	319	0.057	23.5
TRINITY_DN21950_c0_g3_i1.p1	Spodoptera|XP_035436301.1	26.667	45	30	1	144	188	229	116	157	341	0.47	21.2
TRINITY_DN1638_c0_g1_i6.p1	Spodoptera|XP_035442818.1	42.857	21	12	0	36	56	839	38	58	390	0.98	22.3
TRINITY_DN7438_c0_g2_i6.p1	Bmori|XP_004930400.2	29.310	58	25	2	250	296	582	104	156	346	0.29	23.5
TRINITY_DN7438_c0_g2_i6.p1	Bmori|XP_062526415.1	29.310	58	25	2	250	296	582	35	87	277	0.29	23.5
TRINITY_DN7438_c0_g2_i6.p1	Bmori|XP_062526412.1	29.310	58	25	2	250	296	582	47	99	289	0.32	23.5
TRINITY_DN7438_c0_g2_i6.p1	Spodoptera|XP_050559191.1	35.185	54	29	3	250	298	582	105	157	352	0.40	23.1
TRINITY_DN7438_c0_g2_i6.p1	Spodoptera|XP_050559197.1	30.769	39	22	1	250	288	582	102	135	343	0.67	22.3
TRINITY_DN32783_c0_g3_i1.p1	Bmori|XP_012551199.2	43.478	23	13	0	119	141	246	87	109	349	0.96	20.4
TRINITY_DN2137_c1_g1_i1.p1	Bmori|XP_062524699.1	29.268	41	29	0	327	367	524	145	185	343	0.35	23.1
TRINITY_DN26116_c0_g1_i1.p1	Spodoptera|XP_050559191.1	29.000	100	55	5	47	141	218	187	275	352	0.37	21.6
TRINITY_DN20316_c0_g2_i2.p1	Bmori|XP_062527116.1	24.000	50	37	1	117	165	437	335	384	436	0.11	24.6
TRINITY_DN20316_c0_g2_i2.p1	Spodoptera|XP_050549308.1	33.333	24	16	0	117	140	437	332	355	431	0.58	22.3
TRINITY_DN7722_c1_g1_i1.p1	Bmori|XP_012550153.2	22.857	70	44	2	599	665	857	203	265	312	0.91	22.3
TRINITY_DN1224_c1_g1_i3.p1	Bmori|XP_062527116.1	32.203	59	33	2	44	95	135	67	125	436	0.012	25.0
TRINITY_DN1777_c0_g1_i20.p1	Bmori|XP_062527116.1	23.469	98	64	3	2	89	323	27	123	436	0.25	22.7
TRINITY_DN7462_c0_g1_i1.p1	Bmori|XP_021206280.1	23.913	46	33	1	650	693	707	45	90	290	0.55	22.7
TRINITY_DN7462_c0_g1_i1.p1	Spodoptera|XP_035432548.2	23.457	81	60	2	416	495	707	20	99	311	0.78	22.3
TRINITY_DN44947_c0_g1_i1.p1	Spodoptera|XP_050559703.1	30.000	50	33	1	109	158	223	265	312	315	0.068	23.9
TRINITY_DN156_c0_g1_i14.p1	Bmori|XP_037867392.1	34.483	29	18	1	472	499	639	140	168	395	0.73	22.3
TRINITY_DN4259_c0_g3_i2.p1	Spodoptera|XP_050559197.1	50.000	20	7	1	329	348	444	194	210	343	0.58	22.3
TRINITY_DN4259_c0_g3_i2.p1	Bmori|XP_062527116.1	50.000	16	8	0	275	290	444	235	250	436	0.82	21.6
TRINITY_DN4259_c0_g3_i2.p1	Spodoptera|XP_050549308.1	50.000	16	8	0	275	290	444	232	247	431	0.84	21.6
TRINITY_DN14069_c0_g2_i4.p1	Spodoptera|XP_035432548.2	28.195	266	169	7	66	310	348	4	268	311	3.03e-25	94.7
TRINITY_DN14069_c0_g2_i4.p1	Bmori|XP_037867392.1	23.824	340	221	10	35	348	348	56	383	395	7.56e-24	92.0
TRINITY_DN14069_c0_g2_i4.p1	Spodoptera|XP_035442818.1	24.151	265	181	5	67	313	348	85	347	390	3.38e-21	84.3
TRINITY_DN8931_c0_g1_i5.p1	Spodoptera|XP_035436301.1	31.481	54	33	1	291	344	1018	202	251	341	0.051	26.9
TRINITY_DN8931_c0_g1_i5.p1	Bmori|XP_037869304.1	43.478	23	13	0	291	313	1018	183	205	319	0.27	24.6
TRINITY_DN31572_c1_g1_i1.p1	Bmori|XP_062529457.1	35.484	31	20	0	115	145	281	30	60	326	0.028	25.4
TRINITY_DN18009_c2_g1_i1.p1	Spodoptera|XP_035433249.2	28.571	63	29	3	42	89	99	142	203	238	0.040	22.7
TRINITY_DN18009_c2_g1_i1.p1	Bmori|XP_012551199.2	33.929	56	31	2	42	93	99	87	140	349	0.23	20.4
TRINITY_DN4700_c0_g2_i1.p1	Bmori|XP_062529457.1	33.333	33	17	1	55	87	114	299	326	326	0.67	19.6
TRINITY_DN1778_c0_g1_i1.p1	Bmori|XP_062527116.1	40.000	25	15	0	121	145	543	187	211	436	0.16	24.3
TRINITY_DN295_c0_g1_i12.p1	Spodoptera|XP_050559703.1	44.444	18	10	0	508	525	915	191	208	315	0.73	23.1
TRINITY_DN60694_c0_g1_i1.p1	Spodoptera|XP_035433249.2	25.899	139	91	4	4	141	297	8	135	238	4.16e-09	46.2
TRINITY_DN60694_c0_g1_i1.p1	Spodoptera|XP_050559703.1	24.615	130	86	3	21	138	297	96	225	315	2.46e-04	32.0
TRINITY_DN60694_c0_g1_i1.p1	Bmori|XP_012550153.2	29.348	92	55	3	10	95	297	7	94	312	0.002	29.3
TRINITY_DN5054_c0_g1_i10.p1	Spodoptera|XP_050559191.1	25.217	115	59	3	251	356	890	78	174	352	0.23	24.6
TRINITY_DN5054_c0_g1_i10.p1	Bmori|XP_037867392.1	36.957	46	23	3	25	68	890	245	286	395	0.97	22.7
TRINITY_DN45044_c0_g1_i1.p1	Bmori|XP_037867392.1	42.105	19	11	0	74	92	104	269	287	395	0.10	21.6
TRINITY_DN24688_c0_g1_i1.p1	Spodoptera|XP_035433249.2	25.564	133	81	4	26	157	261	15	130	238	1.21e-04	32.7
TRINITY_DN713_c0_g1_i1.p1	Spodoptera|XP_050559196.1	22.703	185	111	5	73	234	780	13	188	304	0.42	23.5
TRINITY_DN713_c0_g1_i1.p1	Spodoptera|XP_035436318.2	22.703	185	111	5	73	234	780	13	188	351	0.48	23.5
TRINITY_DN1880_c6_g1_i1.p1	Spodoptera|XP_035432672.2	32.258	62	32	2	40	92	106	249	309	327	0.63	19.6
TRINITY_DN3486_c0_g1_i14.p1	Spodoptera|XP_035435946.2	22.472	89	59	2	637	724	961	15	94	344	0.38	23.9
TRINITY_DN17131_c0_g5_i1.p1	Bmori|XP_037869304.1	30.769	52	26	2	12	53	270	92	143	319	0.92	20.8
TRINITY_DN1660_c0_g1_i11.p1	Bmori|XP_012550153.2	36.364	33	21	0	64	96	471	110	142	312	0.21	23.5
TRINITY_DN7460_c0_g1_i1.p1	Bmori|XP_062524699.1	26.316	57	37	3	255	307	343	60	115	343	0.14	23.5
TRINITY_DN7460_c0_g1_i1.p1	Spodoptera|XP_050559191.1	31.915	47	30	1	180	224	343	275	321	352	0.85	21.2
TRINITY_DN44945_c0_g1_i1.p1	Bmori|XP_021206280.1	31.250	32	22	0	98	129	132	63	94	290	0.13	21.9
TRINITY_DN1637_c0_g1_i19.p1	Spodoptera|XP_050549308.1	31.579	57	37	1	240	294	465	158	214	431	0.048	25.8
TRINITY_DN1637_c0_g2_i8.p1	Spodoptera|XP_050549308.1	31.579	57	37	1	240	294	337	158	214	431	0.042	25.4
TRINITY_DN20315_c0_g2_i4.p1	Spodoptera|XP_035442818.1	44.373	311	170	2	35	344	397	32	340	390	1.73e-94	280
TRINITY_DN20315_c0_g2_i4.p1	Bmori|XP_037867392.1	41.325	317	178	4	36	347	397	37	350	395	6.13e-89	266
TRINITY_DN20315_c0_g2_i4.p1	Spodoptera|XP_035432548.2	47.581	248	126	3	99	344	397	18	263	311	2.74e-79	238
TRINITY_DN20315_c0_g2_i4.p1	Spodoptera|XP_050559703.1	32.500	40	20	2	216	255	397	33	65	315	0.063	25.0
TRINITY_DN696_c1_g1_i2.p1	Spodoptera|XP_035433286.1	52.941	17	8	0	1	17	120	285	301	344	0.68	19.6
TRINITY_DN5194_c0_g1_i1.p1	Bmori|XP_012551199.2	26.506	83	57	2	62	140	755	182	264	349	0.016	28.1
TRINITY_DN5194_c0_g1_i1.p1	Spodoptera|XP_035433286.1	25.641	78	54	2	62	135	755	178	255	344	0.51	23.1
TRINITY_DN36035_c0_g1_i1.p1	Spodoptera|XP_050559703.1	45.000	20	8	1	21	40	104	214	230	315	0.41	20.0
TRINITY_DN4281_c0_g1_i12.p1	Bmori|XP_037869304.1	29.545	44	25	1	757	800	1662	134	171	319	0.48	24.3
TRINITY_DN853_c0_g1_i1.p1	Spodoptera|XP_035432548.2	44.000	25	14	0	22	46	849	268	292	311	0.075	25.8
TRINITY_DN4281_c0_g2_i1.p1	Bmori|XP_037869304.1	29.545	44	25	1	1939	1982	2116	134	171	319	0.53	24.6
TRINITY_DN3449_c2_g2_i1.p1	Bmori|XP_012550153.2	41.176	17	10	0	229	245	315	109	125	312	0.47	21.9
TRINITY_DN13853_c0_g1_i2.p1	Spodoptera|XP_035432672.2	21.622	74	52	2	28	99	118	250	319	327	0.30	20.8
TRINITY_DN13853_c0_g1_i2.p1	Bmori|XP_012550153.2	28.571	28	17	1	49	73	118	107	134	312	0.88	19.2
TRINITY_DN40155_c0_g1_i1.p1	Spodoptera|XP_050559196.1	34.211	38	24	1	4	41	107	266	302	304	0.62	19.6
TRINITY_DN9145_c0_g2_i2.p1	Bmori|XP_062527116.1	31.111	45	24	1	211	248	421	279	323	436	0.86	21.6
TRINITY_DN13155_c0_g1_i1.p1	Spodoptera|XP_035435946.2	28.986	69	45	3	90	157	158	51	116	344	0.75	20.0
TRINITY_DN8232_c0_g1_i3.p1	Spodoptera|XP_035436318.2	35.593	59	27	3	147	201	446	292	343	351	0.26	23.1
TRINITY_DN294_c0_g1_i14.p1	Bmori|XP_012551199.2	35.849	53	24	3	155	197	671	101	153	349	0.32	23.5
TRINITY_DN294_c0_g1_i14.p1	Spodoptera|XP_035433286.1	33.333	81	40	5	155	229	671	97	169	344	0.69	22.7
TRINITY_DN3484_c0_g1_i4.p1	Spodoptera|XP_035433286.1	40.426	47	24	2	484	528	572	8	52	344	0.086	25.0
TRINITY_DN3484_c0_g1_i4.p1	Spodoptera|XP_035435946.2	33.333	30	20	0	194	223	572	276	305	344	0.67	22.3
TRINITY_DN211_c11_g1_i1.p1	Bmori|XP_037867392.1	31.034	29	20	0	185	213	278	68	96	395	0.017	26.2
TRINITY_DN211_c11_g1_i1.p1	Spodoptera|XP_035432548.2	52.941	17	8	0	171	187	278	261	277	311	0.56	21.6
TRINITY_DN31030_c0_g1_i2.p1	Spodoptera|XP_035433286.1	25.581	43	32	0	1	43	308	116	158	344	0.95	20.8
TRINITY_DN16474_c0_g1_i2.p1	Bmori|XP_062526415.1	32.000	50	32	1	57	104	602	125	174	277	0.33	23.5
TRINITY_DN16474_c0_g1_i2.p1	Bmori|XP_062526412.1	32.000	50	32	1	57	104	602	137	186	289	0.37	23.1
TRINITY_DN16474_c0_g1_i2.p1	Bmori|XP_004930400.2	32.000	50	32	1	57	104	602	194	243	346	0.41	23.1
TRINITY_DN2548_c0_g1_i10.p1	Spodoptera|XP_050559703.1	46.154	13	7	0	371	383	510	123	135	315	0.89	21.9
TRINITY_DN5728_c0_g1_i2.p1	Spodoptera|XP_035435946.2	35.484	31	19	1	188	217	1954	184	214	344	0.088	26.9
TRINITY_DN5728_c0_g1_i2.p1	Spodoptera|XP_035433286.1	28.571	70	45	2	1079	1148	1954	165	229	344	0.88	23.9
TRINITY_DN5728_c0_g2_i1.p1	Bmori|XP_062527116.1	25.301	83	53	2	59	132	153	36	118	436	0.082	23.1
TRINITY_DN399_c2_g1_i1.p1	Spodoptera|XP_050549308.1	31.707	41	25	1	309	349	466	258	295	431	0.56	22.3
TRINITY_DN399_c2_g1_i1.p1	Bmori|XP_062527116.1	31.707	41	25	1	309	349	466	261	298	436	0.79	21.9
TRINITY_DN17805_c0_g1_i1.p1	Spodoptera|XP_035433249.2	46.429	28	14	1	74	100	253	206	233	238	0.59	21.2
TRINITY_DN9983_c0_g1_i2.p1	Spodoptera|XP_035436301.1	25.758	66	39	3	207	270	316	207	264	341	0.24	22.7
TRINITY_DN9983_c0_g1_i2.p1	Bmori|XP_062524699.1	25.000	36	27	0	160	195	316	87	122	343	0.25	22.7
TRINITY_DN9983_c0_g1_i2.p1	Bmori|XP_037869304.1	29.545	44	25	2	207	250	316	188	225	319	0.53	21.6
TRINITY_DN9983_c0_g1_i2.p1	Bmori|XP_021206280.1	22.857	35	27	0	160	194	316	31	65	290	0.55	21.6
TRINITY_DN3902_c0_g3_i1.p1	Bmori|XP_062529457.1	26.471	34	25	0	403	436	499	152	185	326	0.51	22.3
TRINITY_DN5192_c0_g1_i1.p1	Bmori|XP_037869304.1	23.611	72	54	1	292	362	583	135	206	319	0.52	22.7
TRINITY_DN12359_c0_g1_i1.p1	Spodoptera|XP_035432548.2	33.333	27	18	0	138	164	178	123	149	311	0.56	20.8
TRINITY_DN12359_c0_g1_i1.p1	Spodoptera|XP_050559703.1	34.211	38	23	1	130	167	178	211	246	315	0.64	20.4
TRINITY_DN153_c0_g3_i1.p1	Bmori|XP_012550153.2	26.667	60	37	2	420	472	506	61	120	312	0.13	24.3
TRINITY_DN153_c0_g3_i1.p1	Spodoptera|XP_035433286.1	44.000	25	13	1	325	349	506	14	37	344	0.24	23.5
TRINITY_DN5297_c2_g1_i1.p1	Spodoptera|XP_035442818.1	31.034	29	20	0	43	71	107	233	261	390	0.038	23.1
TRINITY_DN4257_c0_g1_i1.p1	Bmori|XP_062527116.1	30.000	50	30	2	105	149	226	146	195	436	0.54	21.2
TRINITY_DN829_c0_g1_i3.p1	Spodoptera|XP_050549308.1	21.327	211	128	9	193	380	622	125	320	431	0.063	25.8
TRINITY_DN9842_c0_g1_i1.p1	Spodoptera|XP_050559197.1	50.000	20	10	0	320	339	1125	253	272	343	0.26	24.6
TRINITY_DN9842_c0_g1_i1.p1	Spodoptera|XP_035432672.2	29.091	55	25	2	238	282	1125	81	131	327	0.87	23.1
TRINITY_DN15939_c1_g1_i1.p1	Spodoptera|XP_050559703.1	25.000	40	24	1	69	102	116	36	75	315	0.59	19.6
TRINITY_DN49134_c0_g1_i1.p1	Spodoptera|XP_035433286.1	33.333	36	23	1	82	116	123	194	229	344	0.54	20.0
TRINITY_DN12218_c0_g1_i1.p1	Bmori|XP_021206280.1	36.364	22	14	0	680	701	754	198	219	290	0.19	24.6
TRINITY_DN991_c0_g2_i1.p1	Spodoptera|XP_035432672.2	34.615	26	17	0	407	432	703	288	313	327	0.45	23.1
TRINITY_DN13293_c0_g1_i3.p1	Spodoptera|XP_050559191.1	38.095	21	13	0	81	101	418	116	136	352	0.73	21.9
TRINITY_DN13293_c0_g1_i3.p1	Spodoptera|XP_050559197.1	32.500	40	25	1	30	69	418	110	147	343	0.91	21.6
TRINITY_DN16473_c0_g1_i1.p1	Bmori|XP_012550153.2	39.062	64	34	3	86	148	219	201	260	312	1.14e-09	47.4
TRINITY_DN16473_c0_g1_i1.p1	Bmori|XP_012551199.2	43.478	23	12	1	117	139	219	223	244	349	0.069	23.9
TRINITY_DN16473_c0_g1_i1.p1	Bmori|XP_062524699.1	37.500	40	14	3	59	94	219	259	291	343	0.88	20.4
TRINITY_DN5750_c0_g1_i10.p1	Spodoptera|XP_050559193.1	34.375	32	21	0	74	105	1157	122	153	349	0.65	23.5
TRINITY_DN2547_c0_g1_i1.p1	Spodoptera|XP_050549308.1	38.636	44	22	2	165	206	667	191	231	431	0.10	25.4
TRINITY_DN2547_c0_g1_i1.p1	Bmori|XP_062527116.1	33.962	53	30	2	156	206	667	185	234	436	0.31	23.9
TRINITY_DN19653_c0_g2_i1.p1	Spodoptera|XP_050559703.1	54.545	11	5	0	50	60	123	209	219	315	0.52	20.0
TRINITY_DN5052_c0_g1_i1.p1	Bmori|XP_037869304.1	30.909	55	34	1	1264	1318	2338	50	100	319	0.17	26.2
TRINITY_DN5052_c0_g1_i1.p1	Spodoptera|XP_035442818.1	24.528	106	74	3	1399	1498	2338	86	191	390	0.85	24.3
TRINITY_DN33669_c0_g1_i1.p1	Spodoptera|XP_050549308.1	29.730	37	26	0	37	73	117	223	259	431	0.91	19.2
TRINITY_DN33669_c0_g1_i1.p1	Bmori|XP_062527116.1	29.730	37	26	0	37	73	117	226	262	436	0.98	19.2
TRINITY_DN17804_c0_g1_i2.p1	Spodoptera|XP_035435946.2	24.324	74	50	2	149	221	967	121	189	344	0.59	23.5
TRINITY_DN44106_c0_g1_i1.p1	Spodoptera|XP_035432672.2	32.692	52	31	2	51	102	104	2	49	327	0.11	21.6
TRINITY_DN31843_c0_g1_i1.p1	Spodoptera|XP_050559191.1	28.571	84	55	3	36	114	168	68	151	352	0.80	20.0
TRINITY_DN31843_c0_g1_i1.p1	Bmori|XP_012550153.2	41.176	17	10	0	7	23	168	77	93	312	0.81	20.0
TRINITY_DN31843_c0_g4_i1.p1	Spodoptera|XP_050559196.1	37.037	54	23	2	20	62	181	120	173	304	0.054	23.9
TRINITY_DN31843_c0_g4_i1.p1	Spodoptera|XP_035436318.2	37.037	54	23	2	20	62	181	120	173	351	0.056	23.9
TRINITY_DN8371_c0_g1_i12.p1	Bmori|XP_004930400.2	27.119	59	37	1	343	401	1190	199	251	346	0.55	23.9
TRINITY_DN8371_c0_g1_i12.p1	Bmori|XP_062526412.1	27.119	59	37	1	343	401	1190	142	194	289	0.72	23.5
TRINITY_DN8371_c0_g1_i12.p1	Bmori|XP_062526415.1	27.119	59	37	1	343	401	1190	130	182	277	0.75	23.1
TRINITY_DN5168_c0_g1_i12.p1	Spodoptera|XP_035442818.1	25.000	64	43	2	36	98	841	38	97	390	0.14	25.0
TRINITY_DN27724_c0_g1_i3.p1	Spodoptera|XP_035435946.2	30.000	50	26	1	2	51	190	109	149	344	0.038	24.3
TRINITY_DN18856_c0_g1_i6.p1	Spodoptera|XP_035442818.1	57.895	19	7	1	142	159	307	242	260	390	0.16	23.5
TRINITY_DN16164_c3_g1_i1.p1	Bmori|XP_062524699.1	52.174	23	10	1	6	28	111	8	29	343	0.41	20.0
TRINITY_DN16164_c3_g1_i1.p1	Spodoptera|XP_050559193.1	31.818	22	15	0	3	24	111	249	270	349	0.49	20.0
TRINITY_DN850_c0_g1_i3.p1	Bmori|XP_012550153.2	37.500	24	15	0	89	112	277	282	305	312	0.95	20.8
TRINITY_DN152_c0_g1_i7.p1	Spodoptera|XP_035432548.2	26.154	65	42	2	67	128	164	240	301	311	0.40	20.8
TRINITY_DN6522_c0_g1_i1.p1	Bmori|XP_062529457.1	50.000	14	7	0	240	253	315	2	15	326	0.47	21.9
TRINITY_DN413_c1_g2_i1.p2	Bmori|XP_062529457.1	54.545	11	5	0	85	95	100	180	190	326	0.73	19.2
TRINITY_DN30233_c0_g1_i3.p1	Spodoptera|XP_050549308.1	26.667	30	19	1	38	67	115	367	393	431	0.37	20.4
TRINITY_DN30233_c0_g1_i3.p1	Bmori|XP_062527116.1	26.829	41	22	2	28	67	115	363	396	436	0.78	19.2
TRINITY_DN9818_c0_g1_i5.p1	Spodoptera|XP_035432672.2	29.851	67	46	1	239	305	808	252	317	327	0.080	25.8
TRINITY_DN5725_c0_g1_i15.p1	Spodoptera|XP_035436301.1	41.667	24	14	0	493	516	3118	162	185	341	0.52	25.0
TRINITY_DN5725_c0_g1_i15.p1	Bmori|XP_037869304.1	41.667	24	14	0	493	516	3118	143	166	319	0.56	25.0
TRINITY_DN8230_c0_g1_i5.p1	Spodoptera|XP_035442818.1	55.556	387	170	2	1	385	390	1	387	390	1.37e-164	458
TRINITY_DN8230_c0_g1_i5.p1	Bmori|XP_037867392.1	48.767	365	183	3	23	384	390	28	391	395	2.16e-130	371
TRINITY_DN8230_c0_g1_i5.p1	Spodoptera|XP_035432548.2	50.000	300	132	6	95	385	390	18	308	311	2.05e-105	305
TRINITY_DN36847_c0_g1_i1.p1	Spodoptera|XP_035433249.2	35.294	34	22	0	59	92	197	4	37	238	0.028	24.6
TRINITY_DN36847_c0_g1_i1.p1	Bmori|XP_021206280.1	53.846	13	6	0	121	133	197	134	146	290	0.41	21.2
TRINITY_DN8207_c0_g1_i1.p2	Spodoptera|XP_050559197.1	43.750	16	9	0	116	131	273	247	262	343	0.22	22.7
TRINITY_DN4812_c0_g1_i2.p1	Spodoptera|XP_050559703.1	45.833	24	13	0	202	225	280	48	71	315	0.37	21.9
TRINITY_DN4812_c0_g1_i2.p1	Bmori|XP_037867392.1	43.333	30	14	1	2	31	280	234	260	395	0.42	21.9
TRINITY_DN44802_c0_g1_i1.p1	Spodoptera|XP_050559703.1	35.294	17	11	0	72	88	101	194	210	315	0.99	18.9
TRINITY_DN59053_c0_g1_i1.p1	Bmori|XP_062529457.1	37.037	27	17	0	28	54	168	32	58	326	0.30	21.2
TRINITY_DN6662_c0_g1_i10.p1	Spodoptera|XP_050559193.1	40.741	27	16	0	703	729	782	195	221	349	0.030	27.3
TRINITY_DN6662_c0_g1_i10.p1	Spodoptera|XP_035442818.1	34.286	35	15	1	255	289	782	25	51	390	0.29	23.9
TRINITY_DN22835_c0_g1_i1.p1	Spodoptera|XP_035436301.1	50.000	24	12	0	88	111	127	117	140	341	0.16	21.6
TRINITY_DN22835_c0_g1_i1.p1	Bmori|XP_062529457.1	31.579	38	22	1	20	57	127	238	271	326	0.26	21.2
TRINITY_DN22835_c0_g1_i1.p1	Bmori|XP_037869304.1	45.833	24	13	0	88	111	127	98	121	319	0.57	20.0
TRINITY_DN22835_c0_g1_i1.p1	Spodoptera|XP_050559703.1	23.077	26	20	0	39	64	127	185	210	315	0.93	19.2
TRINITY_DN2546_c0_g1_i14.p1	Spodoptera|XP_035432672.2	46.154	26	13	1	950	974	1381	118	143	327	0.40	24.3
TRINITY_DN2546_c0_g1_i14.p1	Bmori|XP_037867392.1	35.294	34	19	1	932	962	1381	51	84	395	0.67	23.9
TRINITY_DN57902_c0_g1_i1.p1	Spodoptera|XP_050559197.1	31.579	38	23	1	60	94	114	23	60	343	0.63	19.6
TRINITY_DN710_c0_g1_i1.p1	Bmori|XP_062524699.1	39.130	46	20	3	149	189	303	115	157	343	0.089	24.3
TRINITY_DN710_c0_g1_i1.p1	Bmori|XP_021206280.1	41.026	39	13	3	159	189	303	64	100	290	0.10	23.9
TRINITY_DN710_c0_g1_i1.p1	Spodoptera|XP_035435946.2	24.176	91	51	3	147	233	303	232	308	344	0.25	22.7
TRINITY_DN710_c0_g1_i1.p1	Spodoptera|XP_035442818.1	41.176	17	10	0	275	291	303	125	141	390	0.60	21.6
TRINITY_DN59867_c0_g1_i1.p1	Spodoptera|XP_050559193.1	33.333	27	18	0	36	62	173	199	225	349	0.99	20.0
TRINITY_DN3900_c0_g1_i4.p1	Bmori|XP_062527116.1	27.273	77	49	3	451	520	1245	187	263	436	0.019	28.5
TRINITY_DN3900_c0_g1_i4.p1	Spodoptera|XP_050549308.1	26.027	73	47	3	455	520	1245	188	260	431	0.37	24.3
TRINITY_DN692_c1_g1_i2.p1	Spodoptera|XP_035436301.1	36.000	25	16	0	17	41	146	138	162	341	0.17	21.9
TRINITY_DN692_c1_g1_i2.p1	Bmori|XP_037869304.1	36.000	25	16	0	17	41	146	119	143	319	0.22	21.6
TRINITY_DN6778_c0_g1_i10.p1	Spodoptera|XP_035433286.1	24.359	78	46	3	644	718	776	181	248	344	0.81	22.7
TRINITY_DN9283_c0_g1_i7.p1	Spodoptera|XP_050559191.1	27.273	55	35	2	1098	1147	1351	281	335	352	0.41	24.3
TRINITY_DN8370_c0_g2_i1.p1	Bmori|XP_062527116.1	27.083	48	35	0	231	278	318	155	202	436	0.14	23.5
TRINITY_DN8370_c0_g2_i1.p1	Spodoptera|XP_035435946.2	24.490	49	35	1	173	219	318	24	72	344	0.15	23.5
TRINITY_DN5428_c1_g1_i2.p1	Bmori|XP_062527116.1	28.571	42	27	2	121	160	170	212	252	436	0.22	21.9
TRINITY_DN5428_c1_g1_i2.p1	Spodoptera|XP_050549308.1	24.324	37	27	1	124	160	170	214	249	431	0.47	20.8
TRINITY_DN53112_c0_g1_i1.p1	Bmori|XP_012550153.2	50.000	14	7	0	75	88	101	267	280	312	0.28	20.4
TRINITY_DN23607_c0_g1_i1.p1	Bmori|XP_062527116.1	30.000	60	36	2	76	132	137	327	383	436	0.85	19.6
TRINITY_DN128_c0_g1_i27.p1	Spodoptera|XP_050559191.1	33.333	42	28	0	46	87	287	183	224	352	0.19	23.1
TRINITY_DN40128_c0_g1_i1.p1	Bmori|XP_037867392.1	45.000	20	9	1	25	42	102	237	256	395	0.35	20.0
TRINITY_DN18994_c0_g1_i3.p1	Spodoptera|XP_035432548.2	28.261	46	30	1	62	107	130	247	289	311	0.030	23.9
TRINITY_DN57344_c0_g1_i2.p1	Spodoptera|XP_050559196.1	31.034	29	20	0	23	51	100	150	178	304	0.35	20.0
TRINITY_DN57344_c0_g1_i2.p1	Spodoptera|XP_035436318.2	31.034	29	20	0	23	51	100	150	178	351	0.36	20.0
TRINITY_DN965_c0_g1_i3.p1	Bmori|XP_037867392.1	35.714	28	18	0	70	97	711	251	278	395	0.053	26.2
TRINITY_DN256_c2_g1_i1.p1	Spodoptera|XP_035433249.2	27.143	70	34	1	331	383	543	124	193	238	0.10	24.6
TRINITY_DN256_c2_g1_i1.p1	Bmori|XP_037869304.1	23.158	95	53	4	376	455	543	221	310	319	0.11	24.6
TRINITY_DN256_c2_g1_i1.p1	Bmori|XP_062527116.1	50.000	12	6	0	483	494	543	209	220	436	0.75	22.3
TRINITY_DN4643_c3_g2_i1.p1	Spodoptera|XP_050549308.1	24.771	109	57	4	14	109	133	6	102	431	0.16	21.9
TRINITY_DN4643_c3_g2_i1.p1	Bmori|XP_062526415.1	37.037	27	17	0	55	81	133	100	126	277	0.30	20.8
TRINITY_DN4643_c3_g2_i1.p1	Bmori|XP_004930400.2	37.037	27	17	0	55	81	133	169	195	346	0.32	20.8
TRINITY_DN4643_c3_g2_i1.p1	Bmori|XP_062526412.1	37.037	27	17	0	55	81	133	112	138	289	0.32	20.8
TRINITY_DN14065_c0_g2_i2.p1	Spodoptera|XP_035432548.2	29.730	37	17	1	78	105	118	78	114	311	0.76	19.2
TRINITY_DN9142_c0_g1_i3.p1	Bmori|XP_062527116.1	23.529	102	69	2	252	345	513	258	358	436	0.24	23.9
TRINITY_DN46627_c0_g1_i1.p1	Spodoptera|XP_035433249.2	28.000	75	51	2	111	183	187	31	104	238	0.006	26.6
TRINITY_DN25596_c0_g1_i1.p1	Bmori|XP_012551199.2	25.806	62	40	2	113	170	308	51	110	349	0.095	23.9
TRINITY_DN25596_c0_g1_i1.p1	Bmori|XP_021206280.1	31.250	32	17	2	279	305	308	150	181	290	0.66	21.2
TRINITY_DN5724_c0_g1_i2.p1	Spodoptera|XP_035432672.2	35.714	28	18	0	216	243	322	254	281	327	0.87	21.2
TRINITY_DN8904_c0_g1_i1.p1	Spodoptera|XP_035433249.2	27.632	76	52	1	12	87	311	15	87	238	3.40e-06	37.7
TRINITY_DN8904_c0_g1_i1.p1	Bmori|XP_012550153.2	22.672	247	143	9	6	229	311	5	226	312	1.47e-04	32.7
TRINITY_DN8904_c0_g1_i1.p1	Spodoptera|XP_035435946.2	44.444	27	13	1	100	126	311	259	283	344	0.083	24.3
TRINITY_DN5026_c0_g3_i1.p1	Spodoptera|XP_050559703.1	44.444	18	10	0	49	66	582	267	284	315	0.85	21.9
TRINITY_DN1889_c0_g1_i1.p1	Bmori|XP_062529457.1	24.490	98	59	3	734	831	952	236	318	326	0.30	24.3
TRINITY_DN4394_c0_g1_i10.p1	Spodoptera|XP_035433286.1	45.833	24	13	0	70	93	495	130	153	344	0.94	21.6
TRINITY_DN3200_c0_g1_i1.p1	Bmori|XP_062529457.1	37.500	24	15	0	11	34	130	146	169	326	0.26	21.2
TRINITY_DN3200_c0_g1_i1.p1	Spodoptera|XP_035433286.1	37.500	24	15	0	11	34	130	156	179	344	0.98	19.2
TRINITY_DN9281_c0_g1_i1.p1	Spodoptera|XP_035432672.2	34.286	35	23	0	79	113	288	213	247	327	0.26	22.7
TRINITY_DN3458_c0_g2_i1.p1	Spodoptera|XP_035436318.2	42.857	21	12	0	133	153	227	87	107	351	0.63	20.8
TRINITY_DN3458_c0_g2_i1.p1	Spodoptera|XP_050559196.1	42.857	21	12	0	133	153	227	87	107	304	0.67	20.8
TRINITY_DN242_c4_g1_i1.p1	Spodoptera|XP_035433286.1	25.000	44	31	1	406	447	539	219	262	344	0.11	24.6
TRINITY_DN242_c4_g1_i1.p1	Spodoptera|XP_035433286.1	27.381	84	53	4	162	238	539	225	307	344	0.87	21.9
TRINITY_DN242_c4_g1_i1.p1	Spodoptera|XP_035432672.2	20.833	72	51	2	369	440	539	177	242	327	0.46	22.7
TRINITY_DN1609_c0_g1_i1.p1	Spodoptera|XP_035433249.2	28.099	121	74	4	504	617	2665	49	163	238	0.36	25.4
TRINITY_DN1609_c0_g1_i1.p1	Bmori|XP_012550153.2	42.308	26	15	0	2280	2305	2665	249	274	312	0.82	24.3
TRINITY_DN1609_c0_g1_i1.p1	Spodoptera|XP_035435946.2	20.833	120	85	3	206	317	2665	32	149	344	0.88	24.3
TRINITY_DN12897_c1_g1_i5.p1	Spodoptera|XP_035432548.2	68.548	248	78	0	1	248	273	21	268	311	3.34e-138	383
TRINITY_DN12897_c1_g1_i5.p1	Spodoptera|XP_035442818.1	53.279	244	113	1	1	244	273	99	341	390	1.08e-98	286
TRINITY_DN12897_c1_g1_i5.p1	Bmori|XP_037867392.1	46.559	247	130	2	1	246	273	103	348	395	6.33e-82	243
TRINITY_DN691_c1_g1_i1.p1	Spodoptera|XP_035442818.1	33.333	48	20	2	107	152	404	353	390	390	0.66	21.9
TRINITY_DN691_c1_g1_i1.p1	Spodoptera|XP_035435946.2	25.926	54	37	1	291	341	404	44	97	344	0.83	21.6
TRINITY_DN46092_c0_g1_i1.p1	Spodoptera|XP_035436301.1	30.189	53	33	2	89	141	172	40	88	341	0.36	21.2
TRINITY_DN21339_c0_g1_i1.p1	Spodoptera|XP_035432548.2	33.333	21	14	0	138	158	159	158	178	311	0.44	20.8
TRINITY_DN16871_c1_g4_i1.p1	Spodoptera|XP_035442818.1	27.907	43	31	0	117	159	162	341	383	390	0.19	21.9
TRINITY_DN17918_c0_g1_i5.p1	Bmori|XP_012550153.2	32.075	53	35	1	764	816	1024	254	305	312	0.13	25.4
TRINITY_DN17918_c0_g1_i5.p1	Spodoptera|XP_035433249.2	50.000	18	9	0	388	405	1024	170	187	238	0.26	24.3
TRINITY_DN34462_c0_g1_i1.p1	Bmori|XP_062527116.1	37.838	37	23	0	60	96	138	247	283	436	0.17	21.9
TRINITY_DN34462_c0_g1_i1.p1	Spodoptera|XP_050549308.1	37.838	37	23	0	60	96	138	244	280	431	0.17	21.6
TRINITY_DN31957_c0_g2_i1.p1	Spodoptera|XP_035433249.2	29.412	68	35	2	144	208	210	63	120	238	0.55	20.8
TRINITY_DN127_c0_g4_i1.p1	Spodoptera|XP_035435946.2	56.250	16	7	0	160	175	317	285	300	344	0.25	22.7
TRINITY_DN16307_c0_g1_i1.p1	Spodoptera|XP_050559191.1	35.000	40	21	1	129	163	179	291	330	352	0.74	20.4
TRINITY_DN16307_c0_g1_i1.p1	Spodoptera|XP_050559703.1	29.032	31	20	1	34	64	179	113	141	315	0.86	20.0
TRINITY_DN2404_c0_g2_i11.p1	Spodoptera|XP_035433249.2	44.444	27	9	1	77	97	104	7	33	238	0.041	22.7
TRINITY_DN2404_c0_g2_i11.p1	Spodoptera|XP_050559703.1	38.462	26	15	1	72	96	104	228	253	315	0.35	20.0
TRINITY_DN2404_c0_g2_i11.p1	Spodoptera|XP_050549308.1	32.258	62	31	2	36	88	104	19	78	431	0.51	19.6
TRINITY_DN12912_c0_g3_i1.p1	Spodoptera|XP_035433286.1	38.462	26	16	0	64	89	115	11	36	344	0.22	20.8
TRINITY_DN12912_c0_g3_i1.p1	Bmori|XP_062529457.1	42.857	14	8	0	65	78	115	118	131	326	0.38	20.4
TRINITY_DN12912_c0_g3_i1.p1	Spodoptera|XP_050559191.1	27.500	40	29	0	59	98	115	125	164	352	0.65	19.6
TRINITY_DN12912_c0_g4_i1.p1	Spodoptera|XP_035432672.2	26.667	30	22	0	64	93	123	9	38	327	0.14	21.6
TRINITY_DN12912_c0_g4_i1.p1	Bmori|XP_062529457.1	32.000	25	17	0	65	89	123	118	142	326	0.24	21.2
TRINITY_DN12912_c0_g4_i1.p1	Spodoptera|XP_035433286.1	40.000	25	15	0	64	88	123	11	35	344	0.41	20.4
TRINITY_DN12912_c0_g4_i1.p1	Bmori|XP_004930400.2	34.211	38	23	1	58	93	123	4	41	346	0.71	19.6
TRINITY_DN26250_c0_g1_i2.p2	Bmori|XP_037869304.1	34.783	23	15	0	28	50	101	297	319	319	0.040	22.7
TRINITY_DN26250_c0_g1_i2.p2	Spodoptera|XP_050549308.1	32.692	52	30	1	9	55	101	286	337	431	0.10	21.6
TRINITY_DN26250_c0_g1_i2.p2	Bmori|XP_062527116.1	30.769	52	31	1	9	55	101	289	340	436	0.70	19.2
TRINITY_DN17359_c0_g1_i3.p1	Spodoptera|XP_035436301.1	28.571	28	20	0	7	34	100	310	337	341	0.40	20.0
TRINITY_DN550_c1_g1_i1.p1	Spodoptera|XP_050549308.1	34.286	35	21	1	107	139	230	15	49	431	0.34	21.9
TRINITY_DN550_c1_g1_i1.p1	Bmori|XP_062527116.1	34.286	35	21	1	107	139	230	15	49	436	0.48	21.2
TRINITY_DN9816_c0_g1_i3.p1	Spodoptera|XP_050559191.1	25.000	48	32	1	485	528	533	63	110	352	0.88	21.9
TRINITY_DN9118_c0_g1_i1.p1	Bmori|XP_012551199.2	47.059	17	9	0	20	36	119	208	224	349	0.51	20.0
TRINITY_DN5723_c0_g1_i1.p1	Spodoptera|XP_035433286.1	30.357	56	25	3	466	508	594	161	215	344	0.60	22.7
TRINITY_DN5723_c0_g1_i1.p1	Spodoptera|XP_035433286.1	28.358	67	31	2	386	443	594	118	176	344	0.75	22.3
TRINITY_DN8903_c0_g1_i1.p1	Spodoptera|XP_035433286.1	23.636	55	39	1	20	71	222	35	89	344	0.89	20.4
TRINITY_DN5025_c0_g1_i16.p1	Spodoptera|XP_035433249.2	44.898	49	17	4	20	65	480	63	104	238	0.002	30.0
TRINITY_DN8205_c0_g1_i2.p1	Bmori|XP_062527116.1	37.500	32	20	0	259	290	424	153	184	436	0.008	28.1
TRINITY_DN8205_c0_g1_i2.p1	Spodoptera|XP_050549308.1	32.558	43	28	1	259	300	424	150	192	431	0.031	26.2
TRINITY_DN4810_c0_g1_i21.p1	Bmori|XP_012550153.2	31.250	64	37	2	282	340	443	93	154	312	0.47	22.3
TRINITY_DN4393_c0_g1_i1.p1	Bmori|XP_021206280.1	41.667	24	14	0	184	207	1581	220	243	290	0.86	23.5
TRINITY_DN4393_c0_g1_i1.p1	Bmori|XP_037869304.1	66.667	12	3	1	165	176	1581	301	311	319	0.92	23.5
TRINITY_DN290_c0_g1_i14.p1	Spodoptera|XP_035436318.2	47.619	21	11	0	300	320	1080	153	173	351	0.18	25.0
TRINITY_DN290_c0_g1_i14.p1	Spodoptera|XP_050559196.1	47.619	21	11	0	300	320	1080	153	173	304	0.19	25.0
TRINITY_DN40290_c0_g1_i1.p1	Spodoptera|XP_035442818.1	34.375	32	21	0	68	99	114	107	138	390	0.21	21.2
TRINITY_DN59028_c0_g1_i1.p1	Bmori|XP_062526415.1	28.235	85	56	3	439	519	839	142	225	277	0.34	23.9
TRINITY_DN59028_c0_g1_i1.p1	Bmori|XP_062526412.1	28.235	85	56	3	439	519	839	154	237	289	0.39	23.5
TRINITY_DN59028_c0_g1_i1.p1	Bmori|XP_004930400.2	28.235	85	56	3	439	519	839	211	294	346	0.47	23.5
TRINITY_DN34321_c0_g1_i1.p1	Spodoptera|XP_050559196.1	36.364	33	20	1	11	42	124	5	37	304	0.19	21.2
TRINITY_DN34321_c0_g1_i1.p1	Spodoptera|XP_035436318.2	36.364	33	20	1	11	42	124	5	37	351	0.22	21.2
TRINITY_DN13267_c0_g1_i3.p1	Spodoptera|XP_050559703.1	40.625	32	17	1	85	116	359	116	145	315	0.12	23.9
TRINITY_DN10087_c0_g2_i4.p1	Spodoptera|XP_035433286.1	53.846	13	6	0	138	150	244	118	130	344	0.95	20.4
TRINITY_DN3741_c1_g1_i1.p1	Spodoptera|XP_050559191.1	36.364	33	21	0	167	199	273	191	223	352	0.059	24.6
TRINITY_DN2544_c0_g1_i25.p1	Bmori|XP_062527116.1	18.605	43	35	0	556	598	847	32	74	436	0.26	24.3
TRINITY_DN2544_c0_g1_i25.p1	Spodoptera|XP_050549308.1	21.053	57	43	1	556	610	847	32	88	431	0.69	23.1
TRINITY_DN27978_c0_g1_i1.p1	Spodoptera|XP_035432672.2	35.135	37	18	1	31	61	120	63	99	327	0.12	21.9
TRINITY_DN27978_c0_g1_i1.p1	Bmori|XP_004930400.2	32.258	31	19	1	36	64	120	3	33	346	0.58	20.0
TRINITY_DN27978_c0_g1_i1.p1	Bmori|XP_062524699.1	26.190	84	43	4	27	100	120	61	135	343	0.70	19.6
TRINITY_DN18829_c0_g1_i1.p1	Spodoptera|XP_050559191.1	30.435	69	40	3	75	139	287	125	189	352	0.059	24.6
TRINITY_DN2130_c1_g1_i2.p1	Bmori|XP_037869304.1	29.091	55	34	2	403	452	522	259	313	319	0.90	21.9
TRINITY_DN1608_c0_g1_i1.p1	Spodoptera|XP_050549308.1	33.333	30	20	0	375	404	452	338	367	431	0.56	22.3
TRINITY_DN14621_c0_g1_i3.p1	Spodoptera|XP_035433286.1	24.194	62	46	1	59	120	170	208	268	344	0.022	25.0
TRINITY_DN14621_c0_g1_i3.p1	Spodoptera|XP_035433286.1	32.075	53	23	3	84	123	170	85	137	344	0.36	21.2
TRINITY_DN23187_c0_g1_i2.p1	Bmori|XP_037867392.1	17.500	80	64	1	65	144	212	63	140	395	0.57	20.8
TRINITY_DN9000_c0_g1_i2.p1	Spodoptera|XP_035433249.2	36.842	38	18	2	5	40	101	18	51	238	0.12	21.6
TRINITY_DN9000_c0_g1_i2.p1	Spodoptera|XP_050559703.1	34.483	29	19	0	73	101	101	188	216	315	0.33	20.0
TRINITY_DN40010_c0_g2_i1.p1	Spodoptera|XP_035433249.2	33.333	30	20	0	77	106	115	21	50	238	0.059	22.7
TRINITY_DN5165_c0_g1_i1.p1	Spodoptera|XP_035436301.1	31.148	61	32	3	636	687	945	91	150	341	0.86	22.7
TRINITY_DN48473_c0_g1_i1.p1	Bmori|XP_062524699.1	43.478	23	13	0	77	99	141	205	227	343	0.24	21.2
TRINITY_DN48473_c0_g1_i1.p1	Bmori|XP_062529457.1	28.889	45	30	1	56	100	141	176	218	326	0.67	20.0
TRINITY_DN28773_c0_g2_i1.p1	Bmori|XP_012551199.2	29.032	62	28	3	59	114	137	28	79	349	0.75	19.6
TRINITY_DN40963_c0_g2_i1.p1	Bmori|XP_062524699.1	52.381	21	8	1	148	168	242	254	272	343	0.038	25.0
TRINITY_DN40963_c0_g2_i1.p1	Bmori|XP_012551199.2	28.571	42	28	1	150	191	242	242	281	349	0.50	21.2
TRINITY_DN265_c0_g3_i2.p1	Bmori|XP_062527116.1	30.909	55	31	2	623	671	672	25	78	436	0.25	23.9
TRINITY_DN265_c0_g3_i2.p1	Spodoptera|XP_050549308.1	40.000	35	21	0	384	418	672	155	189	431	0.37	23.5
TRINITY_DN265_c0_g3_i2.p1	Spodoptera|XP_050549308.1	30.909	55	31	2	623	671	672	25	78	431	0.56	22.7
TRINITY_DN58811_c0_g1_i1.p1	Spodoptera|XP_050559196.1	23.577	123	75	6	3	109	115	120	239	304	0.13	21.6
TRINITY_DN58811_c0_g1_i1.p1	Bmori|XP_062527116.1	44.444	27	10	1	60	86	115	36	57	436	0.50	20.0
TRINITY_DN58811_c0_g1_i1.p1	Spodoptera|XP_035436318.2	22.764	123	76	5	3	109	115	120	239	351	0.98	19.2
TRINITY_DN5722_c0_g1_i4.p1	Bmori|XP_062529457.1	40.909	22	13	0	614	635	965	239	260	326	0.42	23.9
TRINITY_DN5024_c0_g1_i20.p1	Bmori|XP_062529457.1	48.276	29	11	3	202	227	284	45	72	326	0.27	22.3
TRINITY_DN45014_c0_g1_i1.p1	Bmori|XP_037869304.1	29.412	34	24	0	19	52	221	271	304	319	0.89	20.4
TRINITY_DN393_c2_g1_i2.p1	Bmori|XP_062526412.1	28.261	46	30	1	14	59	136	125	167	289	0.038	23.5
TRINITY_DN393_c2_g1_i2.p1	Bmori|XP_062526415.1	28.261	46	30	1	14	59	136	113	155	277	0.040	23.5
TRINITY_DN393_c2_g1_i2.p1	Bmori|XP_004930400.2	28.261	46	30	1	14	59	136	182	224	346	0.043	23.5
TRINITY_DN393_c2_g1_i2.p1	Spodoptera|XP_050559197.1	28.261	46	30	1	14	59	136	180	222	343	0.35	20.8
TRINITY_DN393_c2_g1_i2.p1	Bmori|XP_037867392.1	47.368	19	10	0	71	89	136	116	134	395	0.81	19.6
TRINITY_DN535_c22_g2_i1.p1	Spodoptera|XP_035435946.2	37.500	16	10	0	84	99	114	98	113	344	0.28	20.8
TRINITY_DN535_c22_g2_i1.p1	Spodoptera|XP_050559197.1	66.667	9	3	0	83	91	114	94	102	343	0.96	19.2
TRINITY_DN1189_c0_g1_i1.p1	Spodoptera|XP_050559703.1	26.744	86	54	3	23	99	165	36	121	315	0.094	22.7
TRINITY_DN25429_c0_g1_i1.p1	Spodoptera|XP_035432548.2	47.518	141	73	1	14	153	154	63	203	311	1.32e-43	137
TRINITY_DN25429_c0_g1_i1.p1	Spodoptera|XP_035442818.1	46.970	132	70	0	17	148	154	143	274	390	5.64e-39	127
TRINITY_DN25429_c0_g1_i1.p1	Bmori|XP_037867392.1	35.507	138	85	2	17	153	154	147	281	395	4.63e-28	98.2
TRINITY_DN3717_c1_g1_i2.p1	Bmori|XP_062529457.1	28.000	25	18	0	100	124	287	168	192	326	0.51	21.6
TRINITY_DN822_c0_g1_i12.p1	Bmori|XP_062527116.1	30.000	70	43	3	241	306	716	341	408	436	0.22	24.3
TRINITY_DN56684_c0_g1_i1.p1	Bmori|XP_037869304.1	23.529	34	26	0	52	85	136	83	116	319	0.13	21.9
TRINITY_DN32752_c0_g1_i10.p1	Spodoptera|XP_050559196.1	23.529	51	26	1	4	41	296	12	62	304	0.44	21.9
TRINITY_DN32752_c0_g1_i10.p1	Spodoptera|XP_035436318.2	23.529	51	26	1	4	41	296	12	62	351	0.44	21.9
TRINITY_DN32752_c0_g1_i10.p1	Spodoptera|XP_035436301.1	34.694	49	24	2	186	234	296	122	162	341	0.58	21.6
TRINITY_DN1607_c0_g1_i17.p1	Spodoptera|XP_050559196.1	22.973	74	51	1	286	353	724	180	253	304	0.97	22.3
TRINITY_DN7407_c0_g1_i2.p1	Bmori|XP_012551199.2	38.889	18	11	0	37	54	194	81	98	349	0.41	21.2
TRINITY_DN32054_c0_g1_i1.p1	Spodoptera|XP_035432548.2	32.000	25	17	0	2	26	102	61	85	311	0.50	19.6
TRINITY_DN8187_c1_g1_i1.p1	Bmori|XP_062527116.1	26.829	41	28	1	21	61	110	100	138	436	0.17	21.2
TRINITY_DN22971_c0_g1_i2.p1	Spodoptera|XP_035433286.1	27.500	40	25	1	307	342	419	213	252	344	0.11	24.3
TRINITY_DN22971_c0_g1_i2.p1	Bmori|XP_012551199.2	22.368	76	43	3	307	367	419	217	291	349	0.28	23.1
TRINITY_DN6622_c2_g1_i1.p1	Spodoptera|XP_035432548.2	37.143	35	22	0	302	336	384	241	275	311	0.47	22.3
TRINITY_DN4228_c0_g1_i1.p1	Spodoptera|XP_050559703.1	25.000	48	33	1	204	251	491	220	264	315	0.19	23.9
TRINITY_DN35373_c0_g1_i1.p1	Spodoptera|XP_035435946.2	34.615	26	17	0	13	38	107	88	113	344	0.21	20.8
TRINITY_DN8900_c0_g1_i2.p1	Bmori|XP_012551199.2	24.074	54	35	1	138	185	332	49	102	349	0.58	21.6
TRINITY_DN8202_c0_g1_i16.p1	Bmori|XP_062529457.1	34.375	32	20	1	261	291	437	191	222	326	0.90	21.6
TRINITY_DN45968_c0_g1_i1.p1	Bmori|XP_062529457.1	41.176	17	10	0	81	97	100	229	245	326	0.99	18.9
TRINITY_DN4367_c0_g1_i7.p1	Spodoptera|XP_050549308.1	27.778	36	26	0	118	153	318	55	90	431	0.80	21.2
TRINITY_DN264_c0_g2_i1.p1	Bmori|XP_062529457.1	29.545	44	31	0	128	171	248	150	193	326	0.53	21.2
TRINITY_DN264_c0_g2_i1.p1	Spodoptera|XP_035435946.2	26.667	30	18	1	223	248	248	111	140	344	0.84	20.8
TRINITY_DN13939_c0_g1_i3.p1	Spodoptera|XP_050559193.1	39.130	23	14	0	11	33	158	322	344	349	0.15	22.3
TRINITY_DN13939_c0_g1_i3.p1	Spodoptera|XP_050559193.1	28.205	39	28	0	12	50	158	254	292	349	0.23	21.6
TRINITY_DN13939_c0_g1_i3.p1	Spodoptera|XP_050559197.1	40.000	20	12	0	14	33	158	318	337	343	0.16	21.9
TRINITY_DN13939_c0_g1_i3.p1	Spodoptera|XP_035436318.2	34.783	23	15	0	11	33	158	324	346	351	0.36	21.2
TRINITY_DN13939_c0_g1_i3.p1	Spodoptera|XP_035436318.2	25.641	39	29	0	12	50	158	256	294	351	0.55	20.4
TRINITY_DN13939_c0_g1_i3.p1	Spodoptera|XP_050559196.1	34.783	23	15	0	11	33	158	277	299	304	0.46	20.8
TRINITY_DN13939_c0_g1_i3.p1	Bmori|XP_012550153.2	54.545	11	5	0	71	81	158	248	258	312	0.54	20.4
TRINITY_DN13939_c0_g1_i3.p1	Spodoptera|XP_035435946.2	34.783	23	15	0	11	33	158	317	339	344	0.65	20.4
TRINITY_DN13939_c0_g1_i3.p1	Spodoptera|XP_035442818.1	46.154	13	7	0	22	34	158	25	37	390	0.96	19.6
TRINITY_DN525_c1_g1_i3.p1	Bmori|XP_062524699.1	44.444	18	10	0	81	98	428	317	334	343	0.54	22.3
TRINITY_DN2541_c0_g1_i2.p1	Bmori|XP_062527116.1	26.471	68	47	2	375	440	523	33	99	436	0.45	22.7
TRINITY_DN2541_c0_g1_i2.p1	Bmori|XP_062529457.1	38.710	31	13	1	417	441	523	252	282	326	0.66	22.3
TRINITY_DN7133_c1_g4_i1.p1	Spodoptera|XP_035436301.1	22.034	59	33	2	123	181	242	218	263	341	0.59	21.2
TRINITY_DN7133_c1_g4_i1.p1	Bmori|XP_037869304.1	27.119	59	30	3	123	181	242	199	244	319	0.65	21.2
TRINITY_DN33663_c0_g2_i1.p1	Bmori|XP_037867392.1	19.118	68	52	1	28	95	249	179	243	395	0.35	21.9
TRINITY_DN19210_c1_g1_i1.p1	Bmori|XP_021206280.1	37.500	32	17	1	58	89	99	182	210	290	0.71	19.2
TRINITY_DN18013_c0_g3_i2.p1	Spodoptera|XP_035435946.2	46.667	15	8	0	11	25	132	135	149	344	0.95	19.2
TRINITY_DN9953_c0_g1_i1.p1	Spodoptera|XP_035432672.2	40.541	37	20	1	306	340	857	163	199	327	0.14	25.0
TRINITY_DN9953_c0_g1_i1.p1	Bmori|XP_021206280.1	29.412	51	30	3	345	395	857	121	165	290	0.46	23.5
TRINITY_DN8342_c0_g1_i2.p1	Spodoptera|XP_035442818.1	25.000	20	15	0	52	71	181	131	150	390	0.98	20.0
TRINITY_DN36284_c0_g1_i1.p1	Spodoptera|XP_050559197.1	29.268	41	28	1	51	90	103	168	208	343	0.13	21.6
TRINITY_DN36284_c0_g1_i1.p1	Bmori|XP_062526415.1	28.571	42	29	1	50	90	103	100	141	277	0.41	20.0
TRINITY_DN36284_c0_g1_i1.p1	Bmori|XP_062526412.1	28.571	42	29	1	50	90	103	112	153	289	0.41	20.0
TRINITY_DN36284_c0_g1_i1.p1	Bmori|XP_004930400.2	26.190	42	30	1	50	90	103	169	210	346	0.65	19.2
TRINITY_DN23883_c0_g1_i1.p1	Spodoptera|XP_050559191.1	29.268	41	27	1	57	97	140	113	151	352	0.30	21.2
TRINITY_DN59863_c0_g1_i1.p1	Bmori|XP_037867392.1	30.000	30	21	0	13	42	229	218	247	395	0.45	21.6
TRINITY_DN22970_c0_g2_i2.p1	Bmori|XP_021206280.1	28.125	64	39	2	74	133	279	41	101	290	0.32	22.3
TRINITY_DN6076_c0_g2_i1.p1	Spodoptera|XP_050549308.1	23.529	34	26	0	58	91	111	68	101	431	0.93	19.2
TRINITY_DN6076_c0_g2_i1.p1	Spodoptera|XP_050559703.1	41.176	17	10	0	92	108	111	139	155	315	0.96	18.9
TRINITY_DN4250_c0_g1_i11.p1	Spodoptera|XP_035433249.2	23.171	82	52	2	402	473	474	88	168	238	0.79	21.6
TRINITY_DN2244_c1_g1_i1.p1	Spodoptera|XP_035433286.1	36.842	38	23	1	5	41	213	235	272	344	0.87	20.4
TRINITY_DN32192_c0_g2_i1.p1	Spodoptera|XP_035432672.2	43.750	16	9	0	113	128	157	186	201	327	0.43	20.8
TRINITY_DN14735_c0_g1_i4.p1	Bmori|XP_062526415.1	30.769	26	18	0	125	150	339	168	193	277	0.51	21.9
TRINITY_DN14735_c0_g1_i4.p1	Bmori|XP_062526412.1	30.769	26	18	0	125	150	339	180	205	289	0.54	21.9
TRINITY_DN14735_c0_g1_i4.p1	Bmori|XP_004930400.2	30.769	26	18	0	125	150	339	237	262	346	0.59	21.6
TRINITY_DN14735_c0_g1_i4.p1	Bmori|XP_062529457.1	53.333	15	7	0	226	240	339	87	101	326	0.71	21.6
TRINITY_DN25591_c0_g1_i1.p1	Spodoptera|XP_035432548.2	32.653	49	30	1	61	109	117	182	227	311	0.83	19.2
TRINITY_DN5977_c0_g1_i10.p1	Spodoptera|XP_035432548.2	34.146	41	24	2	14	54	152	230	267	311	0.079	23.1
TRINITY_DN5977_c0_g1_i10.p1	Spodoptera|XP_035436301.1	22.340	94	60	3	14	107	152	50	130	341	0.25	21.6
TRINITY_DN5977_c0_g1_i10.p1	Bmori|XP_012551199.2	24.138	58	41	1	63	120	152	172	226	349	0.35	21.2
TRINITY_DN2099_c0_g1_i2.p1	Bmori|XP_062524699.1	26.786	56	35	2	85	134	595	123	178	343	0.81	22.3
TRINITY_DN1884_c0_g1_i17.p1	Spodoptera|XP_035433286.1	72.965	344	91	1	1	342	342	1	344	344	0.0	555
TRINITY_DN1884_c0_g1_i17.p1	Bmori|XP_012551199.2	67.359	337	107	1	1	334	342	5	341	349	1.58e-175	482
TRINITY_DN1884_c0_g1_i17.p1	Bmori|XP_062529457.1	43.598	328	177	2	5	332	342	3	322	326	2.70e-99	288
TRINITY_DN1884_c0_g1_i17.p1	Spodoptera|XP_035432672.2	44.444	333	170	3	5	333	342	3	324	327	9.03e-97	281
TRINITY_DN1884_c0_g1_i17.p1	Spodoptera|XP_050559197.1	43.284	335	180	3	7	332	342	6	339	343	6.48e-94	275
TRINITY_DN1884_c0_g1_i17.p1	Spodoptera|XP_035436318.2	41.570	344	185	5	5	333	342	7	349	351	1.86e-93	274
TRINITY_DN1884_c0_g1_i17.p1	Bmori|XP_004930400.2	44.179	335	177	3	7	332	342	8	341	346	3.97e-89	263
TRINITY_DN1884_c0_g1_i17.p1	Spodoptera|XP_050559193.1	40.413	339	188	4	8	333	342	10	347	349	1.57e-87	258
TRINITY_DN1884_c0_g1_i17.p1	Spodoptera|XP_035435946.2	40.356	337	187	4	7	333	342	10	342	344	1.42e-83	248
TRINITY_DN1884_c0_g1_i17.p1	Bmori|XP_062524699.1	37.758	339	194	4	10	335	342	9	343	343	7.21e-83	246
TRINITY_DN1884_c0_g1_i17.p1	Spodoptera|XP_050559191.1	39.826	344	192	3	5	333	342	7	350	352	4.13e-79	237
TRINITY_DN1884_c0_g1_i17.p1	Bmori|XP_062526412.1	45.965	285	144	3	57	332	342	1	284	289	2.41e-77	230
TRINITY_DN1884_c0_g1_i17.p1	Spodoptera|XP_050559196.1	37.092	337	163	5	5	333	342	7	302	304	2.47e-75	226
TRINITY_DN1884_c0_g1_i17.p1	Bmori|XP_021206280.1	40.893	291	164	4	57	341	342	1	289	290	6.66e-75	224
TRINITY_DN1884_c0_g1_i17.p1	Bmori|XP_062526415.1	45.522	268	136	3	74	332	342	6	272	277	7.23e-70	211
TRINITY_DN1884_c0_g1_i17.p1	Spodoptera|XP_035432548.2	28.947	38	27	0	242	279	342	237	274	311	0.85	21.2
TRINITY_DN33523_c0_g2_i1.p1	Bmori|XP_037869304.1	23.077	78	56	3	16	93	154	130	203	319	0.32	21.2
TRINITY_DN33523_c0_g2_i1.p1	Spodoptera|XP_035436301.1	25.000	40	30	0	16	55	154	149	188	341	0.57	20.4
TRINITY_DN33523_c0_g2_i1.p1	Bmori|XP_012551199.2	37.500	24	15	0	97	120	154	203	226	349	0.66	20.0
TRINITY_DN2099_c0_g3_i1.p1	Spodoptera|XP_035442818.1	34.259	108	64	1	119	219	226	31	138	390	1.07e-18	74.3
TRINITY_DN2099_c0_g3_i1.p1	Bmori|XP_037867392.1	30.380	79	55	0	133	211	226	56	134	395	5.64e-11	51.6
TRINITY_DN2099_c0_g3_i1.p1	Bmori|XP_037867392.1	45.833	24	11	2	5	28	226	150	171	395	0.61	21.2
TRINITY_DN2099_c0_g3_i1.p1	Spodoptera|XP_035432548.2	41.860	43	25	0	177	219	226	18	60	311	1.63e-06	38.1
TRINITY_DN18292_c0_g1_i1.p1	Spodoptera|XP_035432548.2	31.111	45	30	1	246	289	2440	122	166	311	0.37	25.4
TRINITY_DN6760_c2_g1_i1.p1	Bmori|XP_037867392.1	23.684	38	29	0	47	84	117	189	226	395	0.39	20.4
TRINITY_DN2099_c0_g5_i1.p1	Spodoptera|XP_035433249.2	32.955	88	50	1	16	103	285	15	93	238	1.97e-11	53.1
TRINITY_DN2099_c0_g5_i1.p1	Spodoptera|XP_050559703.1	23.333	210	130	6	10	211	285	80	266	315	6.44e-07	40.0
TRINITY_DN2099_c0_g5_i1.p1	Bmori|XP_012550153.2	42.424	33	17	2	16	47	285	8	39	312	0.059	24.6
TRINITY_DN18269_c0_g1_i1.p1	Bmori|XP_062526415.1	28.000	75	36	5	22	84	109	3	71	277	0.18	21.2
TRINITY_DN18269_c0_g1_i1.p1	Spodoptera|XP_035442818.1	24.390	41	24	2	39	73	109	279	318	390	0.69	19.2
TRINITY_DN18269_c0_g1_i1.p1	Spodoptera|XP_050549308.1	41.667	24	13	1	2	24	109	215	238	431	0.79	19.2
TRINITY_DN18269_c0_g1_i1.p1	Bmori|XP_004930400.2	20.755	53	41	1	12	63	109	33	85	346	0.90	19.2
TRINITY_DN263_c0_g1_i11.p1	Bmori|XP_062524699.1	34.043	47	28	2	26	70	576	180	225	343	0.068	25.4
TRINITY_DN5720_c0_g1_i2.p1	Bmori|XP_012550153.2	35.000	20	13	0	22	41	342	142	161	312	0.64	21.6
TRINITY_DN22389_c0_g1_i1.p1	Spodoptera|XP_035432548.2	42.308	26	15	0	5	30	250	286	311	311	0.57	21.2
TRINITY_DN3995_c1_g1_i1.p1	Spodoptera|XP_050559703.1	46.667	15	8	0	81	95	99	158	172	315	0.040	22.7
TRINITY_DN3995_c1_g1_i1.p1	Spodoptera|XP_035433249.2	60.000	15	5	1	84	97	99	83	97	238	0.62	19.2
TRINITY_DN22389_c0_g2_i1.p1	Spodoptera|XP_035432548.2	25.581	43	32	0	22	64	234	35	77	311	0.16	22.7
TRINITY_DN5022_c0_g2_i2.p1	Spodoptera|XP_035442818.1	20.482	83	54	2	141	223	289	63	133	390	0.39	21.9
TRINITY_DN7685_c0_g1_i2.p1	Bmori|XP_062527116.1	24.000	75	54	2	672	743	2467	282	356	436	0.040	28.5
TRINITY_DN7685_c0_g1_i2.p1	Spodoptera|XP_035442818.1	29.545	44	27	1	407	450	2467	176	215	390	0.24	26.2
TRINITY_DN7685_c0_g1_i2.p1	Bmori|XP_062529457.1	26.316	95	60	4	2027	2112	2467	81	174	326	0.24	25.8
TRINITY_DN7685_c0_g1_i2.p1	Spodoptera|XP_035433286.1	25.000	60	34	1	32	91	2467	4	52	344	0.74	24.3
TRINITY_DN28630_c0_g2_i1.p1	Bmori|XP_037867392.1	25.600	125	65	4	63	169	174	44	158	395	0.050	23.9
TRINITY_DN28630_c0_g4_i1.p1	Spodoptera|XP_035435946.2	39.130	23	14	0	21	43	115	271	293	344	0.14	21.6
TRINITY_DN28630_c0_g4_i1.p1	Spodoptera|XP_050559191.1	32.000	25	17	0	21	45	115	280	304	352	0.52	20.0
TRINITY_DN820_c0_g2_i2.p1	Spodoptera|XP_050559703.1	31.579	38	24	1	35	72	106	120	155	315	0.28	20.4
TRINITY_DN820_c0_g2_i2.p1	Spodoptera|XP_050559197.1	30.435	23	16	0	8	30	106	319	341	343	0.89	18.9
TRINITY_DN820_c0_g2_i2.p1	Spodoptera|XP_035432548.2	36.000	25	9	1	37	54	106	90	114	311	0.93	18.9
TRINITY_DN4225_c0_g1_i2.p1	Spodoptera|XP_035435946.2	24.359	78	54	2	119	191	407	57	134	344	0.23	23.1
TRINITY_DN4225_c0_g2_i1.p1	Spodoptera|XP_035435946.2	24.359	78	54	2	119	191	407	57	134	344	0.23	23.1
TRINITY_DN23184_c0_g1_i1.p1	Spodoptera|XP_035432672.2	29.032	31	22	0	352	382	407	18	48	327	0.71	21.6
TRINITY_DN20679_c0_g3_i1.p1	Spodoptera|XP_050559703.1	30.000	40	28	0	48	87	675	208	247	315	0.81	22.3
TRINITY_DN664_c1_g1_i1.p1	Bmori|XP_062529457.1	32.558	43	26	2	153	193	209	59	100	326	0.001	29.6
TRINITY_DN664_c1_g1_i1.p1	Spodoptera|XP_035436301.1	27.083	48	27	1	33	80	209	216	255	341	0.058	23.9
TRINITY_DN664_c1_g1_i1.p1	Bmori|XP_062524699.1	22.807	57	41	2	149	203	209	57	112	343	0.096	23.5
TRINITY_DN664_c1_g1_i1.p1	Bmori|XP_021206280.1	31.250	48	30	2	158	203	209	10	56	290	0.18	22.3
TRINITY_DN664_c1_g1_i1.p1	Spodoptera|XP_050559196.1	30.233	43	27	2	153	193	209	64	105	304	0.21	22.3
TRINITY_DN664_c1_g1_i1.p1	Spodoptera|XP_035436318.2	30.233	43	27	2	153	193	209	64	105	351	0.22	22.3
TRINITY_DN664_c1_g1_i1.p1	Spodoptera|XP_035433286.1	33.333	27	16	1	169	193	209	76	102	344	0.34	21.6
TRINITY_DN664_c1_g1_i1.p1	Spodoptera|XP_035435946.2	26.923	52	33	3	155	204	209	65	113	344	0.34	21.6
TRINITY_DN664_c1_g1_i1.p1	Spodoptera|XP_050559193.1	27.907	43	28	2	153	193	209	62	103	349	0.36	21.6
TRINITY_DN664_c1_g1_i1.p1	Bmori|XP_062526412.1	26.829	41	27	2	155	193	209	7	46	289	0.37	21.6
TRINITY_DN664_c1_g1_i1.p1	Spodoptera|XP_035432672.2	25.581	43	29	2	153	193	209	59	100	327	0.46	21.2
TRINITY_DN664_c1_g1_i1.p1	Bmori|XP_004930400.2	26.829	41	27	2	155	193	209	64	103	346	0.50	21.2
TRINITY_DN664_c1_g1_i1.p1	Bmori|XP_062526415.1	33.333	27	16	1	169	193	209	8	34	277	0.81	20.4
TRINITY_DN664_c1_g1_i1.p1	Bmori|XP_012551199.2	21.538	65	44	3	131	193	209	47	106	349	0.85	20.4
TRINITY_DN38666_c0_g1_i1.p1	Spodoptera|XP_050559703.1	30.120	83	46	4	158	239	354	198	269	315	0.79	21.2
TRINITY_DN9113_c0_g1_i2.p1	Spodoptera|XP_035432548.2	27.273	33	24	0	32	64	139	254	286	311	0.52	20.4
TRINITY_DN9113_c0_g1_i2.p1	Bmori|XP_012550153.2	43.750	16	9	0	46	61	139	28	43	312	0.93	19.6
TRINITY_DN37055_c0_g1_i1.p1	Bmori|XP_062524699.1	35.593	59	32	3	926	979	980	43	100	343	0.27	24.3
TRINITY_DN960_c0_g1_i3.p1	Spodoptera|XP_035435946.2	34.000	50	28	2	1	49	322	245	290	344	0.61	21.6
TRINITY_DN1185_c0_g1_i10.p1	Bmori|XP_037867392.1	26.923	52	30	2	5	51	140	236	284	395	0.45	20.4
TRINITY_DN18268_c0_g1_i1.p1	Spodoptera|XP_050549308.1	32.609	46	25	1	508	547	603	145	190	431	0.95	21.9
TRINITY_DN262_c0_g1_i1.p1	Bmori|XP_062529457.1	35.385	65	39	2	770	831	1154	46	110	326	0.001	32.3
TRINITY_DN262_c0_g1_i1.p1	Spodoptera|XP_035432548.2	33.846	65	38	3	356	419	1154	88	148	311	0.13	25.8
TRINITY_DN9229_c0_g1_i1.p1	Bmori|XP_012551199.2	34.783	23	15	0	268	290	476	224	246	349	0.86	21.6
TRINITY_DN28605_c0_g2_i1.p1	Bmori|XP_012551199.2	21.875	96	68	2	152	241	296	185	279	349	0.13	23.5
TRINITY_DN2516_c0_g1_i2.p1	Spodoptera|XP_035433286.1	36.364	22	13	1	74	95	99	39	59	344	0.87	18.9
TRINITY_DN3015_c1_g1_i1.p1	Bmori|XP_062524699.1	40.625	32	18	1	355	386	393	216	246	343	0.038	25.8
TRINITY_DN3015_c1_g1_i1.p1	Spodoptera|XP_050559191.1	27.586	58	40	1	51	108	393	283	338	352	0.52	21.9
TRINITY_DN3015_c1_g1_i1.p1	Bmori|XP_021206280.1	29.870	77	46	3	173	243	393	141	215	290	0.65	21.6
TRINITY_DN1603_c0_g1_i14.p1	Spodoptera|XP_035435946.2	30.435	46	31	1	477	521	969	115	160	344	0.32	24.3
TRINITY_DN1603_c0_g1_i14.p1	Bmori|XP_012550153.2	24.800	125	74	5	358	463	969	107	230	312	0.61	23.1
TRINITY_DN7403_c0_g2_i1.p1	Bmori|XP_012551199.2	27.586	29	21	0	15	43	108	72	100	349	0.068	22.3
TRINITY_DN23182_c0_g1_i1.p1	Spodoptera|XP_050559191.1	40.909	22	13	0	61	82	107	144	165	352	0.88	18.9
TRINITY_DN1186_c0_g1_i1.p1	Bmori|XP_012551199.2	32.692	52	33	1	163	214	336	3	52	349	0.37	22.3
TRINITY_DN1186_c0_g1_i1.p1	Bmori|XP_012550153.2	27.586	29	21	0	280	308	336	18	46	312	0.95	21.2
TRINITY_DN1186_c0_g3_i3.p1	Spodoptera|XP_050559703.1	25.225	111	63	5	163	273	335	224	314	315	0.062	24.6
TRINITY_DN22944_c0_g1_i1.p1	Spodoptera|XP_035432672.2	50.000	22	11	0	232	253	485	38	59	327	0.21	23.5
TRINITY_DN1447_c1_g1_i10.p1	Spodoptera|XP_035432672.2	25.000	52	39	0	183	234	252	214	265	327	0.031	25.0
TRINITY_DN1447_c1_g1_i10.p1	Bmori|XP_021206280.1	26.667	30	22	0	205	234	252	190	219	290	0.46	21.6
TRINITY_DN1447_c1_g1_i10.p1	Bmori|XP_062529457.1	41.667	24	10	1	123	146	252	25	44	326	1.00	20.4
TRINITY_DN16558_c0_g1_i1.p1	Spodoptera|XP_035433249.2	25.439	228	135	8	21	232	259	11	219	238	2.46e-06	37.7
TRINITY_DN16558_c0_g1_i1.p1	Bmori|XP_012550153.2	26.087	115	55	5	24	124	259	7	105	312	3.33e-05	34.3
TRINITY_DN16558_c0_g1_i1.p1	Spodoptera|XP_050559703.1	22.088	249	150	9	6	232	259	67	293	315	3.63e-05	34.3
TRINITY_DN16558_c0_g1_i1.p1	Spodoptera|XP_050549308.1	29.000	100	46	5	63	139	259	193	290	431	0.72	21.2
TRINITY_DN16558_c0_g1_i1.p1	Bmori|XP_062527116.1	30.357	56	23	3	98	139	259	240	293	436	0.84	20.8
TRINITY_DN9514_c1_g1_i1.p1	Bmori|XP_062527116.1	31.579	38	24	1	86	121	546	376	413	436	0.97	21.9
TRINITY_DN4224_c0_g1_i4.p1	Spodoptera|XP_050559197.1	29.787	47	29	2	158	200	309	60	106	343	0.74	21.2
TRINITY_DN7404_c0_g1_i10.p1	Spodoptera|XP_050559196.1	29.167	24	17	0	485	508	636	186	209	304	0.57	22.7
TRINITY_DN7404_c0_g1_i10.p1	Spodoptera|XP_035436318.2	29.167	24	17	0	485	508	636	186	209	351	0.71	22.3
TRINITY_DN3569_c0_g2_i1.p1	Bmori|XP_062524699.1	27.083	48	26	2	41	79	100	185	232	343	0.073	21.9
TRINITY_DN3569_c0_g2_i1.p1	Bmori|XP_021206280.1	31.250	32	18	1	52	79	100	144	175	290	0.63	19.2
TRINITY_DN28070_c0_g1_i1.p1	Bmori|XP_062527116.1	50.000	12	6	0	68	79	139	209	220	436	0.16	21.9
TRINITY_DN28070_c0_g1_i1.p1	Spodoptera|XP_035442818.1	25.610	82	55	3	30	111	139	94	169	390	0.46	20.4
TRINITY_DN28070_c0_g1_i1.p1	Spodoptera|XP_050549308.1	50.000	12	6	0	68	79	139	206	217	431	0.81	19.6
TRINITY_DN33520_c0_g1_i2.p1	Spodoptera|XP_035433249.2	21.250	80	53	1	322	391	764	157	236	238	0.39	23.5
TRINITY_DN33520_c0_g1_i2.p1	Spodoptera|XP_035435946.2	29.630	54	35	2	204	255	764	88	140	344	0.51	23.1
TRINITY_DN7636_c4_g1_i10.p1	Spodoptera|XP_035433249.2	22.368	76	50	1	1694	1769	4002	102	168	238	0.48	25.4
TRINITY_DN12466_c0_g1_i1.p1	Bmori|XP_012551199.2	32.653	49	31	1	456	504	553	275	321	349	0.083	25.0
TRINITY_DN29401_c0_g2_i3.p1	Spodoptera|XP_050559703.1	22.353	85	63	2	12	93	115	94	178	315	0.14	21.6
TRINITY_DN29401_c0_g2_i3.p1	Bmori|XP_037867392.1	20.000	55	39	2	2	52	115	62	115	395	0.51	20.0
TRINITY_DN10617_c0_g1_i2.p1	Spodoptera|XP_050559196.1	36.667	30	12	2	101	126	143	195	221	304	0.97	19.6
TRINITY_DN10617_c0_g1_i2.p1	Spodoptera|XP_035436318.2	36.667	30	12	2	101	126	143	195	221	351	0.98	19.6
TRINITY_DN16417_c0_g1_i1.p1	Spodoptera|XP_035432672.2	25.000	64	37	2	146	199	431	25	87	327	0.50	22.3
TRINITY_DN11814_c1_g2_i1.p1	Bmori|XP_062527116.1	39.394	33	17	2	10	40	101	43	74	436	0.81	19.2
TRINITY_DN21473_c0_g1_i2.p1	Bmori|XP_062524699.1	26.230	61	40	2	276	332	510	25	84	343	0.46	22.7
TRINITY_DN53360_c0_g1_i1.p1	Spodoptera|XP_050549308.1	29.268	41	29	0	25	65	128	61	101	431	0.047	23.1
TRINITY_DN11669_c0_g1_i1.p1	Bmori|XP_062526412.1	21.212	66	43	1	144	200	238	34	99	289	0.41	21.6
TRINITY_DN11669_c0_g1_i1.p1	Bmori|XP_004930400.2	21.212	66	43	1	144	200	238	91	156	346	0.43	21.6
TRINITY_DN11669_c0_g1_i1.p1	Bmori|XP_062526415.1	21.212	66	43	1	144	200	238	22	87	277	0.53	21.2
TRINITY_DN11669_c0_g1_i1.p1	Spodoptera|XP_035432548.2	40.909	22	13	0	11	32	238	86	107	311	0.57	21.2
TRINITY_DN23717_c0_g1_i1.p1	Spodoptera|XP_050559193.1	19.565	92	72	1	3	94	136	18	107	349	0.093	22.3
TRINITY_DN13936_c0_g1_i2.p1	Spodoptera|XP_035435946.2	32.609	46	30	1	254	299	968	300	344	344	0.025	27.7
TRINITY_DN10081_c0_g2_i1.p1	Spodoptera|XP_050549308.1	23.529	34	26	0	120	153	198	151	184	431	0.72	20.4
TRINITY_DN34573_c0_g2_i1.p1	Spodoptera|XP_035432672.2	38.462	39	20	1	93	127	127	249	287	327	0.83	19.6
TRINITY_DN597_c6_g1_i1.p1	Bmori|XP_012550153.2	32.075	53	28	3	28	73	218	200	251	312	0.52	21.2
TRINITY_DN30480_c0_g1_i1.p1	Bmori|XP_012550153.2	63.636	11	4	0	1	11	112	85	95	312	0.78	19.2
TRINITY_DN30480_c0_g3_i1.p1	Bmori|XP_004930400.2	33.333	27	18	0	44	70	106	260	286	346	0.020	23.9
TRINITY_DN30480_c0_g3_i1.p1	Bmori|XP_062526412.1	33.333	27	18	0	44	70	106	203	229	289	0.11	21.6
TRINITY_DN30480_c0_g3_i1.p1	Bmori|XP_062526415.1	33.333	27	18	0	44	70	106	191	217	277	0.13	21.6
TRINITY_DN1602_c0_g2_i1.p1	Spodoptera|XP_035442818.1	29.412	34	24	0	33	66	250	271	304	390	0.69	21.2
TRINITY_DN76_c0_g1_i1.p1	Spodoptera|XP_035432548.2	22.680	97	67	3	43	134	421	53	146	311	0.34	22.7
TRINITY_DN377_c0_g1_i10.p1	Bmori|XP_062524699.1	35.714	28	17	1	267	293	304	21	48	343	0.97	20.8
TRINITY_DN59138_c0_g1_i2.p1	Spodoptera|XP_035433249.2	34.375	32	21	0	29	60	340	92	123	238	0.042	25.0
TRINITY_DN49357_c0_g1_i1.p1	Bmori|XP_021206280.1	31.481	54	22	3	116	158	298	89	138	290	0.28	22.3
TRINITY_DN49357_c0_g1_i1.p1	Bmori|XP_062529457.1	35.000	20	13	0	278	297	298	38	57	326	0.41	21.9
TRINITY_DN26477_c0_g1_i1.p1	Spodoptera|XP_035432672.2	42.857	21	12	0	102	122	368	12	32	327	0.66	21.6
TRINITY_DN766_c3_g1_i1.p1	Spodoptera|XP_035432672.2	31.250	48	33	0	68	115	396	83	130	327	0.020	26.6
TRINITY_DN766_c3_g1_i1.p1	Bmori|XP_012550153.2	29.787	47	27	1	302	348	396	38	78	312	0.13	23.9
TRINITY_DN766_c3_g1_i1.p1	Spodoptera|XP_050559196.1	33.333	45	27	1	214	255	396	153	197	304	0.28	23.1
TRINITY_DN766_c3_g1_i1.p1	Spodoptera|XP_035436318.2	33.333	45	27	1	214	255	396	153	197	351	0.30	22.7
TRINITY_DN31252_c0_g1_i1.p1	Spodoptera|XP_035433286.1	40.000	25	10	1	123	142	145	47	71	344	0.34	20.8
TRINITY_DN10198_c0_g1_i10.p1	Spodoptera|XP_050559703.1	35.714	28	18	0	45	72	511	280	307	315	0.038	26.2
TRINITY_DN45963_c0_g1_i1.p1	Spodoptera|XP_035436301.1	23.288	73	40	2	107	163	165	152	224	341	0.098	22.7
TRINITY_DN45963_c0_g1_i1.p1	Bmori|XP_037869304.1	23.529	102	46	5	79	163	165	119	205	319	0.26	21.6
TRINITY_DN45963_c0_g1_i1.p1	Spodoptera|XP_050549308.1	31.818	44	26	1	51	94	165	23	62	431	0.33	21.2
TRINITY_DN45963_c0_g1_i1.p1	Bmori|XP_062527116.1	34.091	44	25	1	51	94	165	23	62	436	0.45	20.8
TRINITY_DN1846_c2_g1_i1.p1	Spodoptera|XP_035435946.2	25.688	109	46	6	53	152	170	83	165	344	0.85	20.0
TRINITY_DN27133_c0_g1_i1.p1	Bmori|XP_012550153.2	31.707	82	53	2	12	91	166	232	312	312	5.32e-04	29.6
TRINITY_DN27133_c0_g1_i1.p1	Bmori|XP_062527116.1	21.918	73	55	1	93	163	166	358	430	436	0.058	23.5
TRINITY_DN24628_c0_g2_i5.p1	Bmori|XP_037867392.1	38.235	34	20	1	243	275	627	72	105	395	0.14	24.6
TRINITY_DN31253_c0_g1_i2.p1	Spodoptera|XP_035435946.2	24.000	25	19	0	1	25	149	24	48	344	0.78	20.0
TRINITY_DN778_c1_g1_i3.p1	Spodoptera|XP_050559193.1	30.952	42	20	1	104	145	210	77	109	349	0.45	21.2
TRINITY_DN778_c1_g1_i3.p1	Spodoptera|XP_050559196.1	29.032	62	25	3	104	157	210	79	129	304	0.46	21.2
TRINITY_DN778_c1_g1_i3.p1	Spodoptera|XP_035436318.2	29.032	62	25	3	104	157	210	79	129	351	0.49	21.2
TRINITY_DN2513_c0_g1_i1.p1	Spodoptera|XP_035432548.2	35.417	48	29	1	1452	1499	2981	96	141	311	0.76	24.6
TRINITY_DN10616_c0_g3_i1.p1	Spodoptera|XP_050549308.1	28.261	46	33	0	131	176	674	23	68	431	0.83	22.3
TRINITY_DN15503_c0_g2_i1.p1	Bmori|XP_012551199.2	42.857	28	16	0	1	28	101	261	288	349	0.058	22.3
TRINITY_DN15503_c0_g2_i1.p1	Spodoptera|XP_050559196.1	60.000	10	4	0	58	67	101	142	151	304	0.51	19.6
TRINITY_DN15503_c0_g2_i1.p1	Spodoptera|XP_035436318.2	60.000	10	4	0	58	67	101	142	151	351	0.51	19.6
TRINITY_DN15503_c0_g2_i1.p1	Spodoptera|XP_050549308.1	25.926	54	27	2	5	53	101	214	259	431	0.60	19.2
TRINITY_DN11691_c0_g1_i10.p1	Spodoptera|XP_050559193.1	25.397	63	41	1	569	631	789	97	153	349	0.11	25.4
TRINITY_DN1183_c0_g1_i2.p1	Spodoptera|XP_035432548.2	25.000	64	42	2	22	79	374	85	148	311	0.86	21.2
TRINITY_DN11668_c0_g1_i1.p1	Spodoptera|XP_035432548.2	35.294	34	17	2	43	75	253	68	97	311	0.17	22.7
TRINITY_DN23716_c0_g1_i2.p1	Spodoptera|XP_035436301.1	25.352	71	41	3	48	106	235	155	225	341	0.54	21.2
TRINITY_DN237_c0_g1_i6.p1	Bmori|XP_062527116.1	27.778	36	26	0	463	498	657	52	87	436	0.64	22.7
TRINITY_DN49217_c0_g1_i1.p1	Spodoptera|XP_050559197.1	42.857	21	12	0	43	63	146	107	127	343	0.74	20.0
TRINITY_DN1997_c0_g1_i1.p1	Spodoptera|XP_050559193.1	55.556	18	7	1	200	217	220	161	177	349	0.41	21.6
TRINITY_DN7401_c0_g1_i1.p1	Spodoptera|XP_050559193.1	27.500	40	29	0	224	263	478	88	127	349	0.14	24.3
TRINITY_DN75_c0_g1_i2.p1	Bmori|XP_062524699.1	29.630	54	33	1	164	217	844	15	63	343	0.77	22.7
TRINITY_DN7401_c0_g2_i4.p1	Spodoptera|XP_050559703.1	29.825	57	28	2	90	134	139	35	91	315	0.28	21.2
TRINITY_DN7401_c0_g2_i4.p1	Bmori|XP_062526415.1	29.730	37	21	2	74	110	139	4	35	277	0.45	20.4
TRINITY_DN4479_c0_g1_i1.p1	Bmori|XP_062526415.1	71.429	14	4	0	66	79	483	73	86	277	0.48	22.3
TRINITY_DN4479_c0_g1_i1.p1	Bmori|XP_004930400.2	71.429	14	4	0	66	79	483	142	155	346	0.49	22.3
TRINITY_DN4479_c0_g1_i1.p1	Bmori|XP_062526412.1	71.429	14	4	0	66	79	483	85	98	289	0.51	22.3
TRINITY_DN7659_c0_g1_i9.p1	Spodoptera|XP_050549308.1	30.986	71	47	2	220	290	643	128	196	431	0.004	29.6
TRINITY_DN7659_c0_g1_i9.p1	Bmori|XP_062527116.1	35.484	31	20	0	260	290	643	169	199	436	0.82	22.3
TRINITY_DN18666_c1_g1_i3.p1	Bmori|XP_037869304.1	35.897	39	14	2	16	52	103	84	113	319	0.52	19.6
TRINITY_DN6071_c0_g1_i1.p1	Bmori|XP_021206280.1	34.783	23	15	0	781	803	1463	207	229	290	0.52	23.9
TRINITY_DN13376_c0_g1_i4.p1	Bmori|XP_037869304.1	31.884	69	34	4	88	151	396	52	112	319	0.090	24.6
TRINITY_DN37193_c0_g1_i1.p1	Spodoptera|XP_050559703.1	29.032	31	22	0	76	106	116	59	89	315	0.70	19.6
TRINITY_DN37193_c0_g2_i1.p1	Bmori|XP_062529457.1	50.000	14	7	0	31	44	99	199	212	326	0.43	19.6
TRINITY_DN37193_c0_g2_i1.p1	Spodoptera|XP_035433249.2	36.842	19	12	0	31	49	99	19	37	238	0.81	18.9
TRINITY_DN16840_c1_g1_i1.p1	Bmori|XP_021206280.1	41.176	17	10	0	86	102	127	122	138	290	0.77	19.6
TRINITY_DN5135_c0_g2_i10.p1	Spodoptera|XP_050559191.1	32.432	74	36	3	271	344	1588	50	109	352	0.38	24.6
TRINITY_DN5135_c0_g2_i10.p1	Bmori|XP_012550153.2	32.353	68	41	2	812	878	1588	239	302	312	0.65	23.9
TRINITY_DN309_c20_g1_i3.p1	Bmori|XP_062524699.1	35.897	39	19	2	13	49	123	241	275	343	0.12	21.9
TRINITY_DN41730_c0_g1_i1.p1	Spodoptera|XP_050559193.1	42.857	21	12	0	34	54	125	49	69	349	0.55	20.0
TRINITY_DN33077_c0_g2_i1.p1	Spodoptera|XP_035433249.2	31.111	45	28	1	61	102	150	162	206	238	0.39	20.8
TRINITY_DN6885_c0_g1_i3.p1	Spodoptera|XP_050559197.1	27.941	68	40	3	118	181	515	88	150	343	0.99	21.6
TRINITY_DN10197_c0_g1_i19.p1	Bmori|XP_012550153.2	26.471	34	25	0	141	174	221	226	259	312	0.10	23.5
TRINITY_DN10197_c0_g1_i19.p1	Spodoptera|XP_035432548.2	27.119	59	40	3	114	171	221	85	141	311	0.35	21.6
TRINITY_DN10197_c0_g1_i19.p1	Bmori|XP_004930400.2	28.571	28	20	0	105	132	221	173	200	346	0.55	21.2
TRINITY_DN10197_c0_g1_i19.p1	Spodoptera|XP_035442818.1	28.814	59	37	4	115	171	221	163	218	390	0.58	21.2
TRINITY_DN10197_c0_g1_i19.p1	Bmori|XP_062526412.1	28.571	28	20	0	105	132	221	116	143	289	0.60	20.8
TRINITY_DN10197_c0_g1_i19.p1	Bmori|XP_062526415.1	28.571	28	20	0	105	132	221	104	131	277	0.68	20.8
TRINITY_DN5949_c0_g1_i3.p1	Spodoptera|XP_050559196.1	53.073	179	83	1	1	178	178	1	179	304	2.52e-68	201
TRINITY_DN5949_c0_g1_i3.p1	Spodoptera|XP_035436318.2	53.073	179	83	1	1	178	178	1	179	351	4.18e-68	202
TRINITY_DN5949_c0_g1_i3.p1	Spodoptera|XP_050559193.1	49.162	179	88	2	1	178	178	1	177	349	4.61e-60	182
TRINITY_DN5949_c0_g1_i3.p1	Spodoptera|XP_050559191.1	52.747	182	81	4	1	178	178	1	181	352	1.16e-58	178
TRINITY_DN5949_c0_g1_i3.p1	Spodoptera|XP_035435946.2	51.462	171	74	4	9	178	178	10	172	344	1.83e-53	164
TRINITY_DN5949_c0_g1_i3.p1	Bmori|XP_004930400.2	52.353	170	73	4	10	178	178	9	171	346	4.81e-44	140
TRINITY_DN5949_c0_g1_i3.p1	Spodoptera|XP_050559197.1	47.514	181	80	6	1	178	178	1	169	343	6.00e-43	137
TRINITY_DN5949_c0_g1_i3.p1	Bmori|XP_062524699.1	39.053	169	94	3	12	178	178	9	170	343	9.93e-42	134
TRINITY_DN5949_c0_g1_i3.p1	Spodoptera|XP_035433286.1	40.782	179	88	6	6	178	178	4	170	344	4.69e-36	119
TRINITY_DN5949_c0_g1_i3.p1	Bmori|XP_062529457.1	38.068	176	87	5	7	178	178	3	160	326	9.31e-36	118
TRINITY_DN5949_c0_g1_i3.p1	Spodoptera|XP_035432672.2	39.623	159	79	4	7	164	178	3	145	327	2.95e-32	109
TRINITY_DN5949_c0_g1_i3.p1	Bmori|XP_062526412.1	58.333	120	43	3	60	178	178	1	114	289	4.43e-32	108
TRINITY_DN5949_c0_g1_i3.p1	Bmori|XP_012551199.2	39.655	174	91	5	9	178	178	11	174	349	7.54e-30	103
TRINITY_DN5949_c0_g1_i3.p1	Bmori|XP_021206280.1	41.667	120	62	2	60	178	178	1	113	290	8.43e-28	96.7
TRINITY_DN5949_c0_g1_i3.p1	Bmori|XP_062526415.1	53.398	103	41	3	77	178	178	6	102	277	3.35e-21	79.0
TRINITY_DN24650_c0_g1_i1.p1	Spodoptera|XP_050559703.1	29.825	57	40	0	74	130	267	4	60	315	0.048	24.6
TRINITY_DN24650_c0_g1_i1.p1	Spodoptera|XP_035435946.2	20.968	62	48	1	89	150	267	128	188	344	0.34	21.9
TRINITY_DN36396_c0_g1_i1.p1	Bmori|XP_062526412.1	26.087	46	34	0	140	185	221	214	259	289	0.67	20.8
TRINITY_DN36396_c0_g1_i1.p1	Bmori|XP_004930400.2	26.087	46	34	0	140	185	221	271	316	346	0.69	20.8
TRINITY_DN36396_c0_g1_i1.p1	Bmori|XP_062526415.1	26.087	46	34	0	140	185	221	202	247	277	0.69	20.8
TRINITY_DN36396_c0_g1_i1.p1	Bmori|XP_012551199.2	21.918	73	55	2	118	189	221	251	322	349	0.72	20.8
TRINITY_DN4338_c0_g1_i1.p1	Spodoptera|XP_035442818.1	39.809	314	185	3	32	342	415	23	335	390	2.26e-78	239
TRINITY_DN4338_c0_g1_i1.p1	Spodoptera|XP_035432548.2	38.854	314	168	5	102	413	415	18	309	311	4.90e-69	212
TRINITY_DN4338_c0_g1_i1.p1	Bmori|XP_037867392.1	30.649	385	240	7	33	411	415	28	391	395	1.49e-63	201
TRINITY_DN235_c0_g1_i1.p1	Spodoptera|XP_035432672.2	22.596	208	136	8	93	283	331	10	209	327	0.042	25.4
TRINITY_DN44328_c0_g1_i1.p1	Bmori|XP_021206280.1	41.667	12	7	0	49	60	114	155	166	290	0.75	19.2
TRINITY_DN3425_c0_g1_i1.p1	Bmori|XP_037867392.1	25.000	64	42	2	46	107	120	55	114	395	0.30	20.8
TRINITY_DN3425_c0_g1_i1.p1	Spodoptera|XP_035432548.2	36.364	22	14	0	43	64	120	26	47	311	0.63	19.6
TRINITY_DN6605_c0_g1_i2.p1	Spodoptera|XP_050559191.1	33.333	36	24	0	12	47	121	136	171	352	0.13	21.9
TRINITY_DN10615_c0_g1_i1.p1	Spodoptera|XP_035442818.1	29.825	57	36	1	69	125	125	26	78	390	0.61	20.0
TRINITY_DN2512_c0_g1_i1.p1	Spodoptera|XP_050559703.1	32.558	43	27	1	43	83	269	1	43	315	0.070	24.3
TRINITY_DN2512_c0_g1_i1.p1	Spodoptera|XP_035435946.2	19.767	86	54	1	16	86	269	26	111	344	0.084	23.9
TRINITY_DN8593_c0_g1_i1.p1	Bmori|XP_062526415.1	35.000	20	13	0	137	156	373	174	193	277	0.59	21.9
TRINITY_DN8593_c0_g1_i1.p1	Bmori|XP_062526412.1	35.000	20	13	0	137	156	373	186	205	289	0.59	21.9
TRINITY_DN8593_c0_g1_i1.p1	Bmori|XP_004930400.2	35.000	20	13	0	137	156	373	243	262	346	0.60	21.9
TRINITY_DN37052_c0_g2_i1.p1	Bmori|XP_037869304.1	28.070	57	28	2	115	167	220	190	237	319	0.86	20.4
TRINITY_DN54946_c0_g1_i1.p1	Spodoptera|XP_035436301.1	27.907	43	26	1	20	57	118	276	318	341	0.58	19.6
TRINITY_DN27946_c0_g1_i1.p1	Spodoptera|XP_050559703.1	42.105	19	11	0	100	118	408	52	70	315	0.94	21.2
TRINITY_DN7680_c0_g1_i4.p1	Bmori|XP_037867392.1	29.508	61	37	2	67	124	465	204	261	395	0.89	21.6
TRINITY_DN1857_c0_g1_i15.p1	Spodoptera|XP_035433249.2	34.000	50	30	1	32	81	322	125	171	238	0.023	25.8
TRINITY_DN1182_c0_g1_i10.p1	Bmori|XP_062524699.1	80.000	10	2	0	59	68	398	286	295	343	0.65	21.9
TRINITY_DN53335_c0_g1_i1.p1	Bmori|XP_037867392.1	38.710	31	17	1	240	270	302	259	287	395	0.28	22.7
TRINITY_DN2356_c1_g1_i47.p1	Bmori|XP_062524699.1	29.070	86	52	2	867	949	2434	72	151	343	0.38	25.4
TRINITY_DN2356_c1_g1_i47.p1	Spodoptera|XP_035432548.2	29.032	62	38	2	556	611	2434	5	66	311	1.00	23.9
TRINITY_DN9226_c0_g1_i1.p1	Bmori|XP_021206280.1	34.375	32	20	1	242	272	439	110	141	290	0.15	23.9
TRINITY_DN9226_c0_g1_i1.p1	Bmori|XP_037867392.1	19.149	94	68	2	67	156	439	33	122	395	0.98	21.6
TRINITY_DN10056_c0_g2_i1.p1	Bmori|XP_062527116.1	33.333	27	18	0	70	96	104	180	206	436	0.088	21.9
TRINITY_DN9226_c0_g3_i1.p1	Bmori|XP_021206280.1	41.667	12	7	0	24	35	292	130	141	290	0.58	21.6
TRINITY_DN24092_c0_g1_i1.p1	Spodoptera|XP_035432672.2	34.091	44	23	1	25	68	215	25	62	327	0.36	21.6
TRINITY_DN24092_c0_g1_i1.p1	Bmori|XP_037867392.1	36.000	25	16	0	74	98	215	126	150	395	0.61	20.8
TRINITY_DN4220_c0_g1_i2.p1	Spodoptera|XP_035432672.2	32.353	34	21	1	36	67	254	40	73	327	0.92	20.4
TRINITY_DN1600_c0_g1_i1.p1	Spodoptera|XP_035442818.1	42.308	26	12	1	85	110	436	248	270	390	0.13	24.3
TRINITY_DN7400_c0_g1_i1.p1	Bmori|XP_012551199.2	25.000	36	27	0	326	361	388	43	78	349	0.14	23.9
TRINITY_DN17595_c2_g1_i1.p1	Bmori|XP_012551199.2	53.333	15	7	0	60	74	173	4	18	349	0.23	21.9
TRINITY_DN17595_c2_g1_i1.p1	Bmori|XP_012550153.2	40.741	27	16	0	102	128	173	286	312	312	0.28	21.6
TRINITY_DN38522_c0_g1_i1.p1	Spodoptera|XP_035432548.2	40.000	20	12	0	488	507	570	29	48	311	0.93	21.9
TRINITY_DN27388_c0_g1_i1.p1	Spodoptera|XP_035433286.1	25.397	63	39	1	43	105	105	48	102	344	0.40	20.0
TRINITY_DN338_c2_g1_i12.p1	Spodoptera|XP_050559193.1	36.957	46	23	2	559	604	1393	237	276	349	0.20	25.4
TRINITY_DN4337_c0_g1_i7.p1	Spodoptera|XP_050559703.1	30.328	122	65	6	315	428	2320	191	300	315	0.23	25.8
TRINITY_DN14170_c0_g1_i1.p1	Spodoptera|XP_035433286.1	28.358	67	43	2	316	380	423	38	101	344	0.015	26.9
TRINITY_DN14170_c0_g1_i1.p1	Spodoptera|XP_035435946.2	32.051	78	47	4	309	380	423	26	103	344	0.083	24.6
TRINITY_DN234_c0_g1_i10.p1	Bmori|XP_062526412.1	31.818	44	29	1	263	306	553	53	95	289	0.60	22.3
TRINITY_DN234_c0_g1_i10.p1	Bmori|XP_062526415.1	31.818	44	29	1	263	306	553	41	83	277	0.60	22.3
TRINITY_DN234_c0_g1_i10.p1	Bmori|XP_004930400.2	30.435	46	31	1	261	306	553	108	152	346	0.68	22.3
TRINITY_DN234_c0_g1_i10.p1	Bmori|XP_012551199.2	50.000	16	8	0	162	177	553	143	158	349	0.81	21.9
TRINITY_DN3424_c0_g1_i1.p1	Bmori|XP_062527116.1	46.429	28	12	1	657	681	859	117	144	436	0.17	25.0
TRINITY_DN29096_c0_g1_i3.p1	Bmori|XP_062524699.1	32.075	53	26	1	302	344	522	30	82	343	0.72	21.9
TRINITY_DN29096_c0_g1_i3.p1	Spodoptera|XP_035435946.2	34.615	26	17	0	440	465	522	243	268	344	0.82	21.9
TRINITY_DN4879_c1_g1_i1.p1	Spodoptera|XP_050559703.1	28.302	53	33	1	149	196	349	16	68	315	0.28	22.7
TRINITY_DN13932_c0_g3_i1.p1	Spodoptera|XP_050559197.1	57.143	14	6	0	272	285	558	48	61	343	0.89	21.9
TRINITY_DN2511_c0_g1_i17.p1	Spodoptera|XP_050559193.1	30.435	46	15	2	124	169	409	309	337	349	0.83	21.6
TRINITY_DN16414_c0_g1_i2.p1	Spodoptera|XP_035436301.1	27.273	33	24	0	160	192	326	241	273	341	0.45	21.9
TRINITY_DN2094_c0_g1_i1.p1	Spodoptera|XP_035442818.1	33.333	51	33	1	266	316	561	156	205	390	0.31	23.5
TRINITY_DN48582_c0_g1_i2.p1	Spodoptera|XP_050559197.1	33.333	63	29	3	311	373	497	98	147	343	0.40	22.7
TRINITY_DN48582_c0_g1_i2.p1	Bmori|XP_062529457.1	41.667	24	13	1	80	103	497	163	185	326	0.56	22.3
TRINITY_DN48582_c0_g1_i2.p1	Spodoptera|XP_035432672.2	41.667	24	13	1	80	103	497	162	184	327	0.97	21.6
TRINITY_DN11666_c0_g1_i2.p1	Bmori|XP_062529457.1	34.783	46	24	2	280	319	333	121	166	326	0.19	23.1
TRINITY_DN6743_c0_g1_i2.p1	Spodoptera|XP_035435946.2	27.692	65	33	3	303	360	1173	102	159	344	0.27	24.6
TRINITY_DN9225_c0_g1_i5.p1	Spodoptera|XP_050559703.1	46.154	13	7	0	371	383	488	123	135	315	0.95	21.6
TRINITY_DN10055_c0_g1_i5.p1	Bmori|XP_062524699.1	32.143	28	19	0	59	86	118	116	143	343	0.032	23.5
TRINITY_DN10055_c0_g1_i5.p1	Bmori|XP_062524699.1	26.471	34	25	0	19	52	118	15	48	343	0.49	20.0
TRINITY_DN10055_c0_g1_i5.p1	Bmori|XP_021206280.1	35.714	28	18	0	59	86	118	59	86	290	0.23	20.8
TRINITY_DN5132_c0_g1_i3.p1	Spodoptera|XP_035435946.2	28.571	63	31	3	82	133	564	201	260	344	0.68	22.3
TRINITY_DN5109_c0_g1_i1.p1	Spodoptera|XP_035433286.1	27.869	61	38	2	115	171	886	245	303	344	0.15	25.0
TRINITY_DN1995_c0_g1_i11.p1	Spodoptera|XP_035433286.1	29.412	85	46	5	431	506	880	84	163	344	0.94	22.7
TRINITY_DN1995_c0_g1_i11.p1	Bmori|XP_012550153.2	34.211	38	22	1	402	436	880	73	110	312	0.95	22.3
TRINITY_DN53473_c0_g1_i1.p1	Bmori|XP_004930400.2	26.471	34	24	1	101	134	142	10	42	346	0.91	19.6
TRINITY_DN2494_c1_g1_i5.p1	Spodoptera|XP_050559703.1	29.091	110	47	5	608	704	900	44	135	315	0.016	28.1
TRINITY_DN2494_c1_g1_i5.p1	Spodoptera|XP_050559197.1	38.235	34	20	1	269	302	900	253	285	343	0.16	25.0
TRINITY_DN2494_c1_g1_i5.p1	Bmori|XP_021206280.1	35.000	40	25	1	271	309	900	199	238	290	0.38	23.9
TRINITY_DN19872_c0_g1_i1.p1	Spodoptera|XP_035432548.2	23.944	71	35	4	92	154	239	177	236	311	0.11	23.5
TRINITY_DN19872_c0_g1_i1.p1	Spodoptera|XP_050559191.1	29.412	34	19	1	64	92	239	24	57	352	0.34	21.9
TRINITY_DN20520_c2_g1_i3.p1	Spodoptera|XP_050559196.1	26.316	38	28	0	87	124	139	48	85	304	0.80	19.6
TRINITY_DN2214_c1_g2_i3.p1	Spodoptera|XP_050559703.1	43.478	23	12	1	409	431	447	145	166	315	0.23	23.5
TRINITY_DN14705_c0_g1_i1.p1	Spodoptera|XP_050559191.1	22.430	107	57	3	92	180	384	178	276	352	0.84	21.6
TRINITY_DN33336_c1_g1_i1.p1	Spodoptera|XP_050549308.1	70.000	10	3	0	64	73	113	350	359	431	0.43	20.0
TRINITY_DN33336_c1_g1_i1.p1	Spodoptera|XP_050559191.1	27.273	66	32	3	34	89	113	210	269	352	0.82	19.2
TRINITY_DN2092_c0_g1_i11.p1	Spodoptera|XP_035433249.2	36.000	25	16	0	141	165	165	21	45	238	0.91	19.6
TRINITY_DN42757_c0_g1_i1.p2	Spodoptera|XP_035442818.1	40.541	37	19	2	57	91	127	132	167	390	0.16	21.6
TRINITY_DN20532_c0_g2_i4.p1	Bmori|XP_012550153.2	29.730	37	26	0	334	370	842	273	309	312	0.17	24.6
TRINITY_DN22903_c2_g1_i1.p1	Spodoptera|XP_035442818.1	50.000	12	6	0	67	78	100	125	136	390	0.87	18.9
TRINITY_DN233_c0_g2_i1.p1	Spodoptera|XP_050559197.1	27.273	44	32	0	183	226	292	168	211	343	0.25	22.7
TRINITY_DN9223_c0_g1_i3.p1	Spodoptera|XP_035433249.2	30.303	99	49	3	15	113	328	15	93	238	1.04e-06	39.3
TRINITY_DN9223_c0_g1_i3.p1	Bmori|XP_012550153.2	35.938	64	35	4	67	126	328	48	109	312	0.001	30.0
TRINITY_DN9223_c0_g1_i3.p1	Spodoptera|XP_050559703.1	26.829	82	47	2	6	87	328	77	145	315	0.20	23.1
TRINITY_DN8591_c0_g2_i2.p1	Spodoptera|XP_035433249.2	39.286	28	17	0	361	388	801	48	75	238	0.36	23.5
TRINITY_DN7655_c0_g1_i1.p1	Spodoptera|XP_050559191.1	32.258	31	20	1	166	196	494	193	222	352	0.26	23.5
TRINITY_DN372_c0_g1_i4.p1	Bmori|XP_021206280.1	72.727	11	3	0	390	400	404	258	268	290	0.44	22.3
TRINITY_DN372_c0_g1_i4.p1	Bmori|XP_062526415.1	25.000	84	47	2	319	400	404	190	259	277	0.67	21.6
TRINITY_DN372_c0_g1_i4.p1	Bmori|XP_004930400.2	25.000	84	47	2	319	400	404	259	328	346	0.81	21.6
TRINITY_DN372_c0_g1_i4.p1	Bmori|XP_062526412.1	25.000	84	47	2	319	400	404	202	271	289	0.83	21.6
TRINITY_DN1157_c0_g1_i23.p1	Bmori|XP_012550153.2	34.483	29	19	0	937	965	1086	18	46	312	0.16	25.4
TRINITY_DN1157_c0_g1_i23.p1	Spodoptera|XP_035442818.1	30.769	52	35	1	477	527	1086	339	390	390	0.23	25.0
TRINITY_DN25524_c2_g1_i1.p1	Spodoptera|XP_035442818.1	57.477	214	91	0	2	215	215	177	390	390	3.96e-90	261
TRINITY_DN25524_c2_g1_i1.p1	Bmori|XP_037867392.1	48.585	212	106	3	2	211	215	181	391	395	1.64e-69	209
TRINITY_DN25524_c2_g1_i1.p1	Spodoptera|XP_035432548.2	46.047	215	112	2	2	215	215	100	311	311	4.76e-69	205
TRINITY_DN25524_c2_g2_i1.p1	Bmori|XP_012550153.2	31.148	61	36	3	4	64	131	201	255	312	1.14e-04	30.8
TRINITY_DN25524_c2_g2_i1.p1	Spodoptera|XP_050559703.1	32.258	31	21	0	8	38	131	265	295	315	0.65	20.0
TRINITY_DN16529_c0_g1_i2.p1	Spodoptera|XP_035442818.1	30.909	55	33	2	100	154	211	91	140	390	0.30	21.9
TRINITY_DN24090_c0_g1_i1.p1	Spodoptera|XP_050549308.1	46.154	13	7	0	48	60	124	202	214	431	0.71	19.6
TRINITY_DN1994_c0_g1_i1.p1	Spodoptera|XP_035442818.1	53.846	13	6	0	268	280	532	231	243	390	0.40	23.1
TRINITY_DN42199_c0_g1_i1.p1	Bmori|XP_062524699.1	50.000	18	9	0	109	126	128	291	308	343	0.054	23.1
TRINITY_DN42199_c0_g1_i1.p1	Bmori|XP_021206280.1	41.667	24	14	0	103	126	128	226	249	290	0.072	22.7
TRINITY_DN2650_c0_g2_i1.p1	Bmori|XP_037869304.1	33.333	45	18	3	42	74	111	35	79	319	0.56	19.6
TRINITY_DN2650_c0_g2_i1.p1	Spodoptera|XP_035436301.1	36.585	41	14	3	46	74	111	58	98	341	0.63	19.6
TRINITY_DN48417_c0_g1_i1.p1	Spodoptera|XP_050559197.1	17.647	119	79	3	18	118	159	8	125	343	0.40	20.8
TRINITY_DN18237_c0_g1_i1.p1	Spodoptera|XP_050559193.1	26.471	68	33	2	65	132	207	298	348	349	0.66	20.8
TRINITY_DN906_c0_g1_i2.p1	Spodoptera|XP_050559193.1	35.484	31	17	1	121	148	239	264	294	349	0.77	20.8
TRINITY_DN7514_c0_g1_i3.p1	Bmori|XP_012550153.2	31.250	48	33	0	10	57	100	2	49	312	0.092	21.6
TRINITY_DN10194_c0_g1_i1.p1	Bmori|XP_062527116.1	24.324	37	28	0	121	157	253	376	412	436	0.45	21.6
TRINITY_DN10194_c0_g1_i1.p1	Spodoptera|XP_050549308.1	24.324	37	28	0	121	157	253	373	409	431	0.97	20.4
TRINITY_DN2068_c0_g1_i1.p1	Spodoptera|XP_035442818.1	25.287	87	44	5	294	372	374	139	212	390	0.90	21.2
TRINITY_DN62480_c0_g1_i1.p2	Spodoptera|XP_035432672.2	31.579	38	26	0	59	96	113	207	244	327	0.026	23.5
TRINITY_DN4335_c0_g1_i1.p1	Bmori|XP_062529457.1	27.273	77	45	2	358	433	799	131	197	326	0.019	27.7
TRINITY_DN4335_c0_g1_i1.p1	Spodoptera|XP_035442818.1	36.000	25	16	0	266	290	799	232	256	390	0.98	22.3
TRINITY_DN232_c0_g1_i19.p1	Bmori|XP_021206280.1	37.931	29	18	0	288	316	901	183	211	290	0.26	24.3
TRINITY_DN232_c0_g1_i19.p1	Spodoptera|XP_035432672.2	27.586	58	38	1	288	345	901	229	282	327	0.38	23.9
TRINITY_DN2329_c1_g1_i13.p1	Spodoptera|XP_050559191.1	32.653	49	26	1	210	258	647	73	114	352	0.45	23.1
TRINITY_DN3422_c0_g1_i10.p1	Bmori|XP_062529457.1	26.415	106	68	4	921	1022	2148	188	287	326	0.13	26.6
TRINITY_DN55856_c0_g1_i1.p1	Spodoptera|XP_050549308.1	28.125	32	23	0	265	296	297	346	377	431	0.54	21.6
TRINITY_DN4474_c0_g1_i3.p1	Spodoptera|XP_035433249.2	32.432	74	40	4	722	791	1661	99	166	238	0.73	23.5
TRINITY_DN6718_c0_g1_i4.p1	Bmori|XP_012551199.2	58.333	12	5	0	843	854	1264	39	50	349	0.62	23.5
TRINITY_DN49351_c0_g1_i1.p1	Spodoptera|XP_050559191.1	31.250	48	31	1	175	222	254	153	198	352	0.27	22.3
TRINITY_DN7217_c1_g1_i3.p1	Spodoptera|XP_050559703.1	47.619	21	9	1	13	33	189	123	141	315	0.85	20.0
TRINITY_DN609_c1_g1_i13.p1	Spodoptera|XP_035432548.2	24.444	45	34	0	779	823	852	220	264	311	0.57	23.1
TRINITY_DN14983_c0_g1_i2.p1	Spodoptera|XP_050559197.1	24.194	62	31	2	80	141	141	1	46	343	0.23	21.2
TRINITY_DN2469_c1_g1_i2.p1	Spodoptera|XP_035435946.2	45.000	20	11	0	14	33	183	192	211	344	0.24	21.9
TRINITY_DN48_c0_g1_i12.p1	Spodoptera|XP_050559193.1	40.000	25	15	0	93	117	180	320	344	349	0.55	20.8
TRINITY_DN48_c0_g1_i12.p1	Spodoptera|XP_050559197.1	40.000	25	15	0	93	117	180	313	337	343	0.64	20.4
TRINITY_DN47085_c0_g1_i1.p1	Spodoptera|XP_050559193.1	30.303	66	32	4	23	83	105	112	168	349	0.43	20.0
TRINITY_DN10192_c0_g1_i9.p1	Spodoptera|XP_050559193.1	27.586	58	39	1	666	720	897	103	160	349	0.43	23.5
TRINITY_DN31223_c0_g6_i1.p1	Spodoptera|XP_050559193.1	35.294	17	11	0	78	94	169	265	281	349	0.51	20.8
TRINITY_DN33073_c0_g1_i3.p1	Spodoptera|XP_035436301.1	25.000	96	65	2	24	113	130	219	313	341	0.52	20.0
TRINITY_DN33073_c0_g2_i1.p1	Spodoptera|XP_035436301.1	28.000	25	17	1	66	89	183	37	61	341	0.49	20.8
TRINITY_DN13633_c1_g2_i1.p1	Spodoptera|XP_035436318.2	26.923	26	19	0	598	623	712	320	345	351	0.31	23.9
TRINITY_DN13633_c1_g2_i1.p1	Spodoptera|XP_050559196.1	26.923	26	19	0	598	623	712	273	298	304	0.37	23.5
TRINITY_DN13633_c1_g2_i1.p1	Spodoptera|XP_035435946.2	26.923	26	19	0	598	623	712	313	338	344	0.68	22.7
TRINITY_DN905_c0_g1_i10.p1	Bmori|XP_012551199.2	34.483	29	17	1	343	369	508	192	220	349	0.68	22.3
TRINITY_DN3420_c0_g1_i12.p1	Spodoptera|XP_035432672.2	38.889	18	11	0	283	300	316	24	41	327	0.88	21.2
TRINITY_DN3678_c0_g1_i12.p1	Spodoptera|XP_035432672.2	33.962	53	29	3	872	921	973	48	97	327	0.016	28.5
TRINITY_DN3678_c0_g1_i12.p1	Spodoptera|XP_035433286.1	35.593	59	30	4	866	920	973	44	98	344	0.025	27.7
TRINITY_DN3678_c0_g1_i12.p1	Bmori|XP_012551199.2	31.667	60	30	5	866	916	973	48	105	349	0.13	25.4
TRINITY_DN6183_c0_g1_i1.p1	Spodoptera|XP_035433286.1	34.146	41	27	0	172	212	296	30	70	344	0.046	25.0
TRINITY_DN49491_c0_g1_i1.p1	Bmori|XP_012550153.2	46.667	15	8	0	38	52	100	15	29	312	0.35	20.0
TRINITY_DN49491_c0_g1_i1.p1	Spodoptera|XP_050559196.1	32.000	25	17	0	14	38	100	187	211	304	0.55	19.6
TRINITY_DN49491_c0_g1_i1.p1	Spodoptera|XP_035436318.2	32.000	25	17	0	14	38	100	187	211	351	0.56	19.6
TRINITY_DN749_c1_g1_i1.p1	Bmori|XP_062524699.1	29.268	41	20	1	19	59	174	51	82	343	0.15	22.3
TRINITY_DN749_c1_g1_i1.p1	Spodoptera|XP_035432672.2	27.907	43	22	1	17	59	174	47	80	327	0.40	21.2
TRINITY_DN749_c1_g1_i1.p1	Spodoptera|XP_050559197.1	28.947	38	18	1	22	59	174	53	81	343	0.57	20.4
TRINITY_DN749_c1_g1_i1.p1	Spodoptera|XP_035436318.2	28.302	53	26	2	7	59	174	45	85	351	0.66	20.4
TRINITY_DN749_c1_g1_i1.p1	Spodoptera|XP_050559196.1	28.302	53	26	2	7	59	174	45	85	304	0.83	20.0
TRINITY_DN2090_c0_g1_i3.p1	Spodoptera|XP_050549308.1	30.952	42	29	0	567	608	1551	39	80	431	0.80	23.5
TRINITY_DN749_c1_g2_i1.p1	Spodoptera|XP_050559196.1	33.333	39	17	1	331	369	971	56	85	304	0.27	24.3
TRINITY_DN749_c1_g2_i1.p1	Bmori|XP_062524699.1	30.769	39	18	1	331	369	971	53	82	343	0.72	23.1
TRINITY_DN749_c1_g2_i1.p1	Spodoptera|XP_035436318.2	33.333	39	17	1	331	369	971	56	85	351	0.73	23.1
TRINITY_DN749_c1_g2_i1.p1	Spodoptera|XP_035432672.2	32.558	43	20	1	327	369	971	47	80	327	0.82	22.7
TRINITY_DN48555_c0_g1_i1.p1	Bmori|XP_012551199.2	33.333	42	22	2	14	55	170	184	219	349	0.73	20.4
TRINITY_DN27918_c0_g1_i1.p1	Bmori|XP_062524699.1	28.205	39	28	0	277	315	339	304	342	343	0.61	21.6
TRINITY_DN27918_c0_g1_i1.p1	Spodoptera|XP_035436301.1	36.842	19	12	0	135	153	339	182	200	341	0.63	21.6
TRINITY_DN1852_c0_g1_i10.p1	Bmori|XP_062529457.1	26.829	41	24	2	280	318	345	227	263	326	0.46	21.9
TRINITY_DN1829_c0_g1_i1.p1	Bmori|XP_062524699.1	25.843	89	52	4	204	292	305	158	232	343	0.62	21.6
TRINITY_DN4334_c0_g1_i1.p1	Spodoptera|XP_035433249.2	32.258	31	18	1	4	31	299	97	127	238	0.47	21.6
TRINITY_DN41819_c0_g1_i1.p1	Spodoptera|XP_035433249.2	26.316	38	28	0	82	119	145	79	116	238	0.51	20.4
TRINITY_DN3421_c0_g1_i1.p1	Bmori|XP_062529457.1	30.769	26	14	1	192	213	290	26	51	326	0.78	21.2
TRINITY_DN179_c3_g1_i9.p1	Bmori|XP_012550153.2	22.881	118	83	3	331	445	511	35	147	312	0.073	25.0
TRINITY_DN4473_c0_g1_i2.p1	Bmori|XP_062524699.1	26.115	157	82	6	161	304	813	60	195	343	0.037	26.9
TRINITY_DN4473_c0_g1_i2.p1	Spodoptera|XP_035442818.1	26.471	34	25	0	361	394	813	174	207	390	0.89	22.7
TRINITY_DN10052_c0_g1_i10.p1	Spodoptera|XP_050559193.1	33.333	30	20	0	979	1008	1158	207	236	349	0.26	24.6
TRINITY_DN48414_c0_g1_i1.p1	Spodoptera|XP_050559197.1	36.000	25	14	1	97	121	394	215	237	343	0.36	22.7
TRINITY_DN48414_c0_g1_i1.p1	Spodoptera|XP_050559191.1	38.462	26	14	1	96	121	394	226	249	352	0.63	21.9
TRINITY_DN19707_c0_g3_i1.p1	Bmori|XP_037867392.1	50.000	16	8	0	33	48	105	268	283	395	0.069	22.3
TRINITY_DN12434_c0_g4_i1.p1	Spodoptera|XP_035442818.1	35.135	37	22	1	364	400	563	351	385	390	0.57	22.7
TRINITY_DN1294_c0_g1_i4.p1	Bmori|XP_021206280.1	26.667	45	32	1	1	45	161	7	50	290	0.12	22.3
TRINITY_DN59270_c0_g1_i1.p1	Spodoptera|XP_035435946.2	30.769	39	21	1	251	283	396	58	96	344	0.26	23.1
TRINITY_DN20647_c0_g1_i10.p1	Spodoptera|XP_050559193.1	29.787	47	33	0	305	351	820	283	329	349	0.21	24.6
TRINITY_DN20647_c0_g1_i10.p1	Spodoptera|XP_035436318.2	38.095	21	13	0	305	325	820	285	305	351	0.50	23.5
TRINITY_DN11779_c0_g1_i4.p1	Spodoptera|XP_035442818.1	24.528	53	34	1	140	192	286	178	224	390	0.20	23.1
TRINITY_DN6158_c0_g1_i1.p1	Bmori|XP_062527116.1	33.333	51	27	3	89	134	136	312	360	436	0.23	21.2
TRINITY_DN49328_c0_g1_i1.p1	Spodoptera|XP_050559193.1	33.333	24	16	0	61	84	101	67	90	349	0.63	19.2
TRINITY_DN27801_c0_g1_i10.p1	Spodoptera|XP_035432672.2	32.203	59	29	2	386	435	1031	23	79	327	0.11	25.8
TRINITY_DN27801_c0_g1_i10.p1	Bmori|XP_062529457.1	90.000	10	1	0	426	435	1031	70	79	326	0.54	23.5
TRINITY_DN12435_c0_g1_i1.p1	Bmori|XP_021206280.1	42.308	26	15	0	169	194	285	252	277	290	0.14	23.1
TRINITY_DN12435_c0_g1_i1.p1	Bmori|XP_062524699.1	22.727	88	54	3	114	194	285	256	336	343	0.89	20.8
TRINITY_DN4332_c0_g1_i1.p1	Bmori|XP_021206280.1	40.000	20	12	0	98	117	292	256	275	290	0.26	22.7
TRINITY_DN4332_c0_g1_i1.p1	Bmori|XP_062524699.1	40.000	20	12	0	98	117	292	315	334	343	0.35	22.3
TRINITY_DN4332_c0_g1_i1.p1	Bmori|XP_062527116.1	37.500	24	15	0	63	86	292	399	422	436	0.55	21.6
TRINITY_DN4309_c0_g1_i39.p1	Spodoptera|XP_050559703.1	21.429	98	65	3	649	740	1302	184	275	315	0.89	23.1
TRINITY_DN11522_c0_g1_i2.p1	Spodoptera|XP_035433286.1	29.167	24	17	0	178	201	242	49	72	344	0.48	21.6
TRINITY_DN206_c0_g1_i1.p1	Spodoptera|XP_050559197.1	30.303	33	21	1	184	214	332	203	235	343	0.11	23.9
TRINITY_DN206_c0_g1_i1.p1	Spodoptera|XP_035436318.2	38.889	18	11	0	197	214	332	228	245	351	0.13	23.9
TRINITY_DN206_c0_g1_i1.p1	Spodoptera|XP_050559193.1	25.714	35	18	1	180	214	332	217	243	349	0.13	23.9
TRINITY_DN206_c0_g1_i1.p1	Spodoptera|XP_050559196.1	38.889	18	11	0	197	214	332	228	245	304	0.13	23.5
TRINITY_DN206_c0_g1_i1.p1	Bmori|XP_062526415.1	28.571	28	18	1	189	214	332	141	168	277	0.38	22.3
TRINITY_DN206_c0_g1_i1.p1	Bmori|XP_062526412.1	28.571	28	18	1	189	214	332	153	180	289	0.40	21.9
TRINITY_DN206_c0_g1_i1.p1	Bmori|XP_004930400.2	28.571	28	18	1	189	214	332	210	237	346	0.45	21.9
TRINITY_DN206_c0_g1_i1.p1	Spodoptera|XP_050559191.1	33.333	18	12	0	197	214	332	230	247	352	0.48	21.9
TRINITY_DN206_c0_g1_i1.p1	Spodoptera|XP_035435946.2	33.333	18	12	0	197	214	332	221	238	344	0.66	21.6
TRINITY_DN1694_c1_g1_i12.p1	Spodoptera|XP_050559703.1	35.000	40	24	1	390	427	614	274	313	315	0.43	23.1
TRINITY_DN1694_c1_g1_i12.p1	Spodoptera|XP_050559703.1	23.077	52	40	0	247	298	614	70	121	315	0.56	22.7
TRINITY_DN23208_c6_g1_i1.p1	Bmori|XP_037867392.1	34.483	29	9	2	67	85	108	139	167	395	0.64	19.6
TRINITY_DN1153_c0_g1_i1.p1	Spodoptera|XP_035432548.2	53.846	13	6	0	94	106	251	182	194	311	0.77	20.8
TRINITY_DN6017_c0_g2_i1.p1	Spodoptera|XP_050549308.1	37.037	27	17	0	18	44	125	214	240	431	0.17	21.6
TRINITY_DN6017_c0_g2_i1.p1	Bmori|XP_062527116.1	33.333	27	18	0	18	44	125	217	243	436	0.54	20.0
TRINITY_DN19986_c0_g1_i3.p1	Spodoptera|XP_035442818.1	25.641	39	29	0	246	284	305	215	253	390	0.55	21.6
TRINITY_DN6017_c0_g3_i1.p1	Spodoptera|XP_050549308.1	27.119	59	30	1	331	376	438	214	272	431	0.45	22.7
TRINITY_DN30426_c0_g1_i6.p1	Spodoptera|XP_035432672.2	31.250	32	22	0	862	893	1004	209	240	327	0.86	22.7
TRINITY_DN1967_c0_g1_i1.p1	Spodoptera|XP_035442818.1	37.500	16	10	0	103	118	277	157	172	390	0.74	21.2
TRINITY_DN45_c0_g1_i1.p1	Spodoptera|XP_050559703.1	29.091	55	30	2	362	412	447	243	292	315	0.80	21.6
TRINITY_DN4449_c0_g1_i4.p1	Bmori|XP_062527116.1	31.250	32	22	0	28	59	2351	405	436	436	0.37	25.4
TRINITY_DN7629_c0_g1_i5.p1	Spodoptera|XP_050559193.1	66.667	15	5	0	197	211	367	144	158	349	0.029	26.2
TRINITY_DN346_c0_g2_i1.p1	Spodoptera|XP_035442818.1	27.941	68	36	3	348	415	431	80	134	390	0.051	25.4
TRINITY_DN630_c1_g2_i1.p1	Spodoptera|XP_035442818.1	22.105	95	53	2	157	242	242	248	330	390	0.060	24.3
TRINITY_DN630_c1_g2_i1.p1	Spodoptera|XP_035432672.2	29.091	55	30	3	101	148	242	3	55	327	0.11	23.5
TRINITY_DN4588_c0_g1_i1.p1	Spodoptera|XP_035442818.1	53.846	13	6	0	61	73	136	316	328	390	0.50	20.4
TRINITY_DN3675_c0_g1_i6.p1	Spodoptera|XP_035432672.2	50.000	18	9	0	317	334	552	2	19	327	0.27	23.5
TRINITY_DN5942_c0_g1_i2.p1	Spodoptera|XP_050559193.1	40.000	25	14	1	6	29	218	91	115	349	0.72	20.8
TRINITY_DN45234_c0_g1_i1.p1	Spodoptera|XP_035435946.2	20.430	93	66	4	92	184	468	148	232	344	0.49	22.3
TRINITY_DN45234_c0_g1_i1.p1	Spodoptera|XP_035432548.2	30.000	50	32	2	13	61	468	62	109	311	0.61	21.9
TRINITY_DN4308_c0_g1_i11.p1	Spodoptera|XP_035442818.1	35.484	31	20	0	23	53	291	194	224	390	0.13	23.5
TRINITY_DN4308_c0_g1_i11.p1	Spodoptera|XP_050559197.1	36.000	25	16	0	28	52	291	280	304	343	0.64	21.2
TRINITY_DN205_c0_g1_i4.p1	Bmori|XP_062524699.1	23.810	42	29	1	69	110	125	223	261	343	0.97	19.2
TRINITY_DN23267_c0_g1_i3.p1	Spodoptera|XP_035435946.2	29.167	24	17	0	211	234	250	94	117	344	0.21	22.7
TRINITY_DN14399_c0_g1_i1.p1	Bmori|XP_037869304.1	35.714	28	18	0	53	80	148	92	119	319	0.13	22.3
TRINITY_DN205_c0_g3_i1.p1	Bmori|XP_062524699.1	25.000	56	39	1	44	99	115	209	261	343	0.037	23.1
TRINITY_DN205_c0_g3_i1.p1	Spodoptera|XP_050549308.1	47.368	19	10	0	19	37	115	373	391	431	0.16	21.6
TRINITY_DN13903_c0_g1_i1.p1	Spodoptera|XP_035442818.1	29.825	57	39	1	19	74	102	118	174	390	0.020	23.9
TRINITY_DN205_c0_g4_i2.p2	Spodoptera|XP_035435946.2	41.667	24	14	0	81	104	110	17	40	344	0.56	19.6
TRINITY_DN205_c0_g4_i2.p2	Bmori|XP_012551199.2	43.478	23	10	1	45	64	110	295	317	349	0.87	19.2
TRINITY_DN2065_c0_g1_i1.p1	Bmori|XP_037867392.1	27.586	29	20	1	423	450	634	300	328	395	0.73	22.3
TRINITY_DN17460_c0_g1_i1.p1	Spodoptera|XP_035442818.1	32.258	31	19	1	329	357	457	297	327	390	0.69	21.9
TRINITY_DN17460_c0_g1_i1.p1	Spodoptera|XP_035436318.2	31.746	63	25	5	376	438	457	227	271	351	0.94	21.6
TRINITY_DN13904_c0_g1_i1.p1	Bmori|XP_037867392.1	22.302	139	92	5	20	146	336	155	289	395	0.49	21.9
TRINITY_DN46006_c0_g1_i1.p1	Spodoptera|XP_050559703.1	24.891	229	125	10	10	214	253	81	286	315	3.54e-09	46.6
TRINITY_DN46006_c0_g1_i1.p1	Bmori|XP_012550153.2	29.592	98	57	3	14	110	253	7	93	312	2.17e-07	41.2
TRINITY_DN46006_c0_g1_i1.p1	Spodoptera|XP_035433249.2	23.333	210	125	8	14	206	253	14	204	238	1.06e-05	35.8
TRINITY_DN46006_c0_g1_i1.p1	Spodoptera|XP_050559191.1	40.909	22	9	1	201	218	253	286	307	352	0.77	20.8
TRINITY_DN4471_c0_g1_i1.p1	Spodoptera|XP_035433249.2	20.968	62	48	1	91	151	172	120	181	238	0.25	21.6
TRINITY_DN4471_c0_g1_i1.p1	Spodoptera|XP_050559193.1	34.783	23	15	0	89	111	172	304	326	349	0.30	21.6
TRINITY_DN4471_c0_g1_i1.p1	Spodoptera|XP_035436318.2	34.783	23	15	0	89	111	172	306	328	351	0.37	21.2
TRINITY_DN4471_c0_g1_i1.p1	Bmori|XP_021206280.1	29.167	24	17	0	91	114	172	241	264	290	0.85	20.0
TRINITY_DN24039_c0_g1_i2.p1	Bmori|XP_037869304.1	25.000	56	42	0	90	145	1174	240	295	319	0.041	27.3
TRINITY_DN11776_c0_g1_i1.p1	Spodoptera|XP_035432548.2	25.743	101	61	3	266	355	362	96	193	311	0.023	26.2
TRINITY_DN55711_c0_g1_i1.p2	Spodoptera|XP_050559703.1	40.000	30	15	1	87	116	139	109	135	315	0.016	25.0
TRINITY_DN55711_c0_g1_i1.p2	Spodoptera|XP_035433286.1	32.353	34	15	1	19	44	139	11	44	344	0.11	22.3
TRINITY_DN9335_c0_g1_i3.p1	Spodoptera|XP_035433249.2	24.000	100	56	4	16	107	275	20	107	238	0.015	26.2
TRINITY_DN9335_c0_g1_i3.p1	Spodoptera|XP_050559703.1	32.692	52	33	1	21	72	275	96	145	315	0.23	22.7
TRINITY_DN9335_c0_g1_i3.p1	Spodoptera|XP_050559191.1	16.471	85	67	1	180	260	275	109	193	352	0.74	21.2
TRINITY_DN9335_c0_g1_i3.p1	Bmori|XP_012551199.2	24.638	69	41	2	138	204	275	276	335	349	0.74	21.2
TRINITY_DN28969_c0_g1_i1.p1	Bmori|XP_021206280.1	28.571	35	25	0	98	132	296	30	64	290	0.19	23.1
TRINITY_DN24876_c0_g1_i1.p1	Spodoptera|XP_035436301.1	34.483	29	16	1	71	96	124	88	116	341	0.24	21.2
TRINITY_DN24876_c0_g1_i1.p1	Spodoptera|XP_050559703.1	72.727	11	3	0	79	89	124	277	287	315	0.35	20.4
TRINITY_DN24876_c0_g1_i1.p1	Bmori|XP_037869304.1	40.000	20	12	0	66	85	124	64	83	319	0.40	20.4
TRINITY_DN4587_c0_g1_i1.p1	Spodoptera|XP_035433286.1	35.294	34	21	1	229	261	474	124	157	344	0.27	23.5
TRINITY_DN4587_c0_g1_i1.p1	Spodoptera|XP_050559197.1	21.519	79	54	2	28	99	474	245	322	343	0.35	23.1
TRINITY_DN4587_c0_g1_i1.p1	Bmori|XP_037867392.1	37.500	32	18	1	403	434	474	159	188	395	0.88	21.6
TRINITY_DN13606_c1_g2_i3.p1	Bmori|XP_037867392.1	33.504	391	231	4	28	416	418	29	392	395	2.34e-75	231
TRINITY_DN13606_c1_g2_i3.p1	Spodoptera|XP_035442818.1	37.461	323	195	4	28	349	418	25	341	390	7.39e-73	225
TRINITY_DN13606_c1_g2_i3.p1	Spodoptera|XP_035432548.2	36.278	317	176	5	104	418	418	18	310	311	1.57e-69	214
TRINITY_DN7767_c0_g1_i6.p1	Spodoptera|XP_035442818.1	27.907	43	21	1	11	53	367	132	164	390	0.062	25.0
TRINITY_DN13606_c1_g3_i1.p1	Bmori|XP_037867392.1	33.504	391	231	4	28	416	418	29	392	395	2.34e-75	231
TRINITY_DN13606_c1_g3_i1.p1	Spodoptera|XP_035442818.1	37.461	323	195	4	28	349	418	25	341	390	7.39e-73	225
TRINITY_DN13606_c1_g3_i1.p1	Spodoptera|XP_035432548.2	36.278	317	176	5	104	418	418	18	310	311	1.57e-69	214
TRINITY_DN3674_c0_g1_i1.p1	Bmori|XP_012551199.2	41.667	24	14	0	39	62	106	324	347	349	0.46	20.0
TRINITY_DN163_c5_g1_i1.p1	Bmori|XP_062524699.1	34.483	29	19	0	296	324	368	169	197	343	0.46	22.3
TRINITY_DN163_c5_g1_i1.p1	Spodoptera|XP_035442818.1	56.522	23	5	1	144	166	368	230	247	390	0.57	21.9
TRINITY_DN163_c5_g1_i1.p1	Spodoptera|XP_050559191.1	37.500	24	15	0	296	319	368	180	203	352	0.71	21.6
TRINITY_DN163_c5_g1_i1.p1	Spodoptera|XP_035435946.2	37.500	24	15	0	296	319	368	171	194	344	0.72	21.6
TRINITY_DN163_c5_g1_i1.p1	Spodoptera|XP_050559196.1	32.000	25	17	0	295	319	368	177	201	304	0.83	21.2
TRINITY_DN163_c5_g1_i1.p1	Spodoptera|XP_035436318.2	32.000	25	17	0	295	319	368	177	201	351	0.98	21.2
TRINITY_DN34098_c0_g1_i2.p1	Spodoptera|XP_035432672.2	58.824	17	7	0	36	52	247	37	53	327	0.14	23.1
TRINITY_DN25509_c0_g1_i1.p1	Bmori|XP_021206280.1	36.667	30	19	0	559	588	1280	28	57	290	0.75	23.5
TRINITY_DN5918_c0_g1_i11.p1	Bmori|XP_062529457.1	40.909	22	12	1	55	76	373	204	224	326	0.31	22.7
TRINITY_DN5918_c0_g1_i11.p1	Spodoptera|XP_050549308.1	28.889	45	25	1	56	93	373	155	199	431	0.37	22.7
TRINITY_DN5243_c0_g1_i1.p1	Bmori|XP_062529457.1	19.868	151	89	3	260	393	545	168	303	326	0.24	23.5
TRINITY_DN5243_c0_g1_i1.p1	Bmori|XP_037867392.1	33.333	30	19	1	267	295	545	151	180	395	0.58	22.3
TRINITY_DN16925_c1_g1_i2.p1	Spodoptera|XP_035435946.2	23.958	96	52	4	16	99	101	91	177	344	0.50	19.6
TRINITY_DN16925_c1_g1_i2.p1	Bmori|XP_021206280.1	62.500	16	6	0	86	101	101	27	42	290	0.56	19.6
TRINITY_DN1150_c0_g1_i5.p1	Spodoptera|XP_050559197.1	23.404	47	33	1	276	319	651	106	152	343	0.85	22.3
TRINITY_DN18233_c0_g1_i1.p1	Spodoptera|XP_050559193.1	25.926	54	39	1	91	144	166	246	298	349	0.42	20.8
TRINITY_DN18233_c0_g1_i1.p1	Bmori|XP_037869304.1	38.095	21	13	0	41	61	166	230	250	319	0.68	20.4
TRINITY_DN18233_c0_g1_i1.p1	Spodoptera|XP_035433249.2	50.000	22	8	1	25	46	166	37	55	238	0.75	20.0
TRINITY_DN1127_c0_g1_i1.p1	Bmori|XP_037867392.1	26.667	30	22	0	155	184	481	239	268	395	0.39	22.7
TRINITY_DN4330_c0_g3_i1.p1	Bmori|XP_037867392.1	33.333	30	20	0	47	76	156	348	377	395	0.97	19.6
TRINITY_DN4307_c0_g1_i1.p1	Bmori|XP_062524699.1	30.435	46	28	2	8	53	226	250	291	343	0.76	20.8
TRINITY_DN4307_c0_g1_i1.p1	Bmori|XP_037867392.1	50.000	16	8	0	126	141	226	74	89	395	1.00	20.4
TRINITY_DN52671_c0_g1_i1.p1	Spodoptera|XP_035442818.1	27.778	36	25	1	191	226	408	305	339	390	0.077	25.0
TRINITY_DN5382_c0_g1_i4.p1	Bmori|XP_012550153.2	41.176	34	16	1	1	34	596	146	175	312	0.63	22.3
TRINITY_DN45372_c0_g1_i1.p1	Bmori|XP_021206280.1	26.562	64	41	2	18	79	278	187	246	290	0.13	23.5
TRINITY_DN1128_c0_g1_i3.p1	Bmori|XP_062529457.1	29.310	58	38	2	144	200	316	193	248	326	0.60	21.6
TRINITY_DN604_c1_g3_i3.p1	Bmori|XP_004930400.2	32.353	34	16	1	467	500	567	232	258	346	0.88	21.9
TRINITY_DN604_c1_g3_i3.p1	Bmori|XP_062526412.1	32.353	34	16	1	467	500	567	175	201	289	0.93	21.9
TRINITY_DN13205_c0_g1_i1.p1	Spodoptera|XP_035442818.1	32.143	56	31	3	46	101	119	198	246	390	0.17	21.6
TRINITY_DN13205_c0_g1_i1.p1	Spodoptera|XP_050549308.1	44.444	9	5	0	44	52	119	202	210	431	0.90	19.2
TRINITY_DN13205_c0_g1_i1.p1	Bmori|XP_062527116.1	44.444	9	5	0	44	52	119	205	213	436	0.90	19.2
TRINITY_DN6580_c1_g1_i1.p1	Bmori|XP_062526415.1	34.615	26	17	0	81	106	305	183	208	277	0.95	20.8
TRINITY_DN6580_c1_g1_i1.p1	Bmori|XP_062526412.1	34.615	26	17	0	81	106	305	195	220	289	1.00	20.8
TRINITY_DN1290_c0_g1_i1.p1	Spodoptera|XP_050559197.1	20.192	104	55	4	28	128	286	200	278	343	0.59	21.6
TRINITY_DN22910_c0_g1_i4.p1	Spodoptera|XP_050559703.1	28.571	35	25	0	522	556	1188	132	166	315	0.44	23.9
TRINITY_DN22910_c0_g1_i4.p1	Bmori|XP_037869304.1	29.730	37	24	1	247	281	1188	256	292	319	0.74	23.5
TRINITY_DN19819_c0_g1_i75.p1	Bmori|XP_012551199.2	47.826	23	9	1	70	89	2145	33	55	349	0.51	24.6
TRINITY_DN5499_c0_g1_i1.p1	Spodoptera|XP_035432672.2	29.167	24	17	0	238	261	367	3	26	327	0.99	21.2
TRINITY_DN60045_c0_g1_i1.p1	Bmori|XP_037867392.1	46.154	13	7	0	141	153	273	157	169	395	0.30	22.3
TRINITY_DN60045_c0_g1_i1.p1	Bmori|XP_037869304.1	31.818	44	28	1	209	252	273	28	69	319	0.46	21.6
TRINITY_DN25374_c1_g2_i1.p1	Spodoptera|XP_035442818.1	36.232	69	44	0	36	104	104	29	97	390	5.01e-11	48.5
TRINITY_DN25374_c1_g2_i1.p1	Bmori|XP_037867392.1	38.710	62	38	0	43	104	104	40	101	395	3.41e-10	46.2
TRINITY_DN18489_c0_g2_i2.p1	Spodoptera|XP_035433286.1	46.154	26	14	0	116	141	487	108	133	344	0.15	24.3
TRINITY_DN6155_c0_g1_i2.p1	Spodoptera|XP_050559197.1	31.169	77	44	3	58	133	135	87	155	343	0.93	19.6
TRINITY_DN5917_c0_g1_i1.p1	Spodoptera|XP_035433249.2	35.714	42	27	0	244	285	303	35	76	238	0.030	25.4
TRINITY_DN5917_c0_g1_i1.p1	Spodoptera|XP_035432548.2	61.538	13	5	0	235	247	303	263	275	311	0.73	21.2
TRINITY_DN5917_c0_g2_i1.p1	Spodoptera|XP_035433249.2	35.556	45	28	1	271	314	341	35	79	238	0.031	25.4
TRINITY_DN5917_c0_g2_i1.p1	Spodoptera|XP_035432548.2	53.333	15	7	0	260	274	341	261	275	311	0.81	21.2
TRINITY_DN2039_c0_g1_i1.p1	Spodoptera|XP_035442818.1	28.571	28	20	0	68	95	195	166	193	390	0.85	20.4
TRINITY_DN45232_c0_g1_i1.p1	Bmori|XP_021206280.1	26.000	50	30	1	58	100	107	241	290	290	0.76	19.2
TRINITY_DN330_c2_g1_i1.p1	Bmori|XP_012550153.2	33.333	81	39	4	250	316	330	195	274	312	0.53	21.9
TRINITY_DN41814_c0_g1_i1.p1	Spodoptera|XP_035433286.1	30.435	46	29	1	53	98	411	256	298	344	0.44	22.3
TRINITY_DN1126_c0_g1_i2.p1	Bmori|XP_012551199.2	27.660	47	28	2	89	135	351	92	132	349	0.39	22.3
TRINITY_DN52670_c0_g1_i1.p1	Spodoptera|XP_050559193.1	28.070	57	36	3	14	68	244	281	334	349	0.078	23.9
TRINITY_DN52670_c0_g1_i1.p1	Spodoptera|XP_050559197.1	33.333	27	16	1	42	68	244	303	327	343	0.22	22.3
TRINITY_DN28850_c0_g1_i1.p1	Bmori|XP_012551199.2	41.667	12	7	0	77	88	102	9	20	349	0.82	18.9
TRINITY_DN5381_c0_g1_i11.p1	Spodoptera|XP_050559196.1	30.556	36	25	0	313	348	378	49	84	304	0.45	22.3
TRINITY_DN5381_c0_g1_i11.p1	Spodoptera|XP_035436318.2	30.556	36	25	0	313	348	378	49	84	351	0.48	22.3
TRINITY_DN5381_c0_g1_i11.p1	Spodoptera|XP_050559191.1	40.000	25	15	0	324	348	378	59	83	352	0.56	21.9
TRINITY_DN5358_c0_g1_i1.p1	Spodoptera|XP_035442818.1	28.358	67	32	4	71	134	136	277	330	390	0.95	19.6
TRINITY_DN30_c2_g1_i10.p1	Spodoptera|XP_050559197.1	57.143	14	6	0	50	63	191	24	37	343	0.32	21.6
TRINITY_DN7625_c0_g1_i1.p1	Spodoptera|XP_035432548.2	47.368	19	10	0	295	313	683	184	202	311	0.64	22.7
TRINITY_DN23123_c0_g1_i2.p1	Spodoptera|XP_035442818.1	38.095	21	13	0	126	146	172	342	362	390	0.37	21.2
TRINITY_DN59384_c0_g1_i1.p1	Bmori|XP_062529457.1	29.787	47	29	1	102	144	144	69	115	326	0.043	23.5
TRINITY_DN6014_c0_g1_i5.p1	Spodoptera|XP_035442818.1	28.125	32	23	0	66	97	324	58	89	390	0.66	21.6
TRINITY_DN186_c1_g1_i4.p1	Spodoptera|XP_050549308.1	42.308	26	15	0	515	540	608	126	151	431	0.95	21.9
TRINITY_DN14099_c1_g1_i13.p1	Spodoptera|XP_050559193.1	37.143	35	22	0	78	112	771	55	89	349	0.31	23.9
TRINITY_DN14099_c1_g1_i13.p1	Spodoptera|XP_035436318.2	37.143	35	22	0	78	112	771	57	91	351	0.99	22.3
TRINITY_DN1964_c0_g1_i2.p1	Spodoptera|XP_035436301.1	19.424	139	88	6	168	298	328	93	215	341	0.10	24.3
TRINITY_DN15169_c0_g1_i4.p1	Bmori|XP_062524699.1	27.660	47	32	1	49	93	391	202	248	343	0.71	21.6
TRINITY_DN4446_c0_g1_i13.p1	Spodoptera|XP_050559197.1	28.571	49	34	1	49	97	410	238	285	343	0.53	22.3
TRINITY_DN42_c0_g1_i10.p1	Spodoptera|XP_035433286.1	38.095	21	13	0	256	276	520	209	229	344	0.97	21.6
TRINITY_DN26419_c0_g1_i5.p1	Spodoptera|XP_050559197.1	33.333	27	18	0	52	78	165	206	232	343	0.023	24.6
TRINITY_DN26419_c0_g1_i5.p1	Spodoptera|XP_035435946.2	37.037	27	17	0	52	78	165	209	235	344	0.070	23.1
TRINITY_DN26419_c0_g1_i5.p1	Spodoptera|XP_035433286.1	27.500	40	26	1	39	78	165	197	233	344	0.21	21.9
TRINITY_DN8678_c0_g1_i1.p1	Spodoptera|XP_050559191.1	25.926	27	20	0	33	59	268	309	335	352	0.79	20.8
TRINITY_DN60044_c0_g1_i1.p1	Spodoptera|XP_035436301.1	18.421	38	31	0	168	205	224	148	185	341	0.39	21.6
TRINITY_DN60044_c0_g1_i1.p1	Bmori|XP_037869304.1	18.421	38	31	0	168	205	224	129	166	319	0.52	21.2
TRINITY_DN2579_c1_g1_i9.p1	Spodoptera|XP_035432548.2	31.746	63	40	2	438	497	895	244	306	311	0.13	25.4
TRINITY_DN3672_c0_g1_i2.p1	Bmori|XP_037867392.1	47.368	19	9	1	25	42	196	150	168	395	0.81	20.4
TRINITY_DN40459_c0_g1_i1.p1	Spodoptera|XP_035433286.1	26.531	49	35	1	32	80	102	271	318	344	0.008	25.0
TRINITY_DN40459_c0_g1_i1.p1	Bmori|XP_012551199.2	23.256	43	33	0	32	74	102	275	317	349	0.068	22.3
TRINITY_DN40459_c0_g1_i1.p1	Bmori|XP_062529457.1	36.364	33	20	1	51	83	102	278	309	326	0.17	21.2
TRINITY_DN12546_c0_g1_i1.p1	Spodoptera|XP_035432672.2	31.429	35	24	0	66	100	309	285	319	327	0.38	21.9
TRINITY_DN393_c9_g1_i2.p1	Spodoptera|XP_035433249.2	34.615	26	17	0	10	35	109	117	142	238	0.43	20.0
TRINITY_DN1823_c0_g1_i1.p1	Spodoptera|XP_050559191.1	33.333	36	24	0	209	244	637	138	173	352	0.089	25.4
TRINITY_DN4305_c0_g1_i1.p1	Spodoptera|XP_050559703.1	40.000	20	12	0	8	27	110	268	287	315	0.63	19.6
TRINITY_DN598_c0_g2_i1.p1	Bmori|XP_021206280.1	41.667	24	12	1	509	530	795	126	149	290	0.26	24.3
TRINITY_DN202_c0_g1_i56.p1	Spodoptera|XP_050559703.1	60.000	15	6	0	282	296	311	110	124	315	0.12	23.5
TRINITY_DN9473_c0_g1_i12.p1	Spodoptera|XP_035432548.2	30.000	50	28	2	21	68	168	204	248	311	0.52	20.8
TRINITY_DN61514_c0_g1_i1.p1	Bmori|XP_062527116.1	27.660	47	33	1	107	153	167	294	339	436	0.12	22.7
TRINITY_DN61514_c0_g1_i1.p1	Bmori|XP_062527116.1	43.750	16	9	0	140	155	167	111	126	436	0.85	20.0
TRINITY_DN19700_c0_g1_i1.p1	Bmori|XP_037867392.1	28.333	60	36	2	115	167	245	43	102	395	0.15	23.1
TRINITY_DN8537_c0_g1_i3.p1	Bmori|XP_012550153.2	34.483	29	18	1	63	91	309	105	132	312	0.14	23.5
TRINITY_DN8537_c0_g1_i3.p1	Bmori|XP_062529457.1	24.490	49	33	1	204	252	309	157	201	326	0.37	22.3
TRINITY_DN341_c0_g1_i1.p1	Spodoptera|XP_035432548.2	37.931	29	15	1	181	209	331	265	290	311	0.17	23.5
TRINITY_DN341_c0_g2_i1.p1	Spodoptera|XP_035435946.2	34.783	46	25	2	99	140	336	50	94	344	0.089	24.3
TRINITY_DN341_c0_g2_i1.p1	Spodoptera|XP_050559191.1	28.947	38	23	1	106	139	336	56	93	352	0.60	21.6
TRINITY_DN19701_c0_g1_i1.p1	Spodoptera|XP_050559197.1	36.000	25	14	1	11	33	105	265	289	343	0.19	20.8
TRINITY_DN19701_c0_g1_i1.p1	Bmori|XP_062529457.1	26.027	73	43	4	16	80	105	52	121	326	0.23	20.8
TRINITY_DN1369_c2_g1_i2.p1	Bmori|XP_062529457.1	50.000	12	6	0	33	44	125	115	126	326	0.78	19.6
TRINITY_DN1963_c0_g2_i1.p1	Bmori|XP_021206280.1	31.818	44	25	2	350	393	721	133	171	290	0.37	23.5
TRINITY_DN1963_c0_g2_i1.p1	Bmori|XP_062524699.1	34.211	38	20	2	355	392	721	195	227	343	0.88	22.3
TRINITY_DN1265_c0_g1_i1.p1	Spodoptera|XP_035442818.1	31.373	51	27	2	289	337	671	138	182	390	0.59	22.7
TRINITY_DN11773_c0_g1_i7.p1	Spodoptera|XP_050549308.1	37.931	29	18	0	249	277	767	25	53	431	0.022	27.7
TRINITY_DN11773_c0_g1_i7.p1	Bmori|XP_062527116.1	37.931	29	18	0	249	277	767	25	53	436	0.041	26.9
TRINITY_DN26441_c0_g1_i1.p1	Bmori|XP_012550153.2	38.095	21	13	0	33	53	119	232	252	312	0.63	19.6
TRINITY_DN1265_c0_g2_i1.p1	Spodoptera|XP_035435946.2	25.806	62	41	2	185	246	384	68	124	344	0.55	21.9
TRINITY_DN6850_c0_g1_i1.p1	Bmori|XP_062524699.1	22.222	72	50	1	119	190	286	69	134	343	0.63	21.2
TRINITY_DN26441_c0_g2_i1.p1	Spodoptera|XP_050559193.1	35.484	31	20	0	192	222	268	133	163	349	0.51	21.6
TRINITY_DN1963_c0_g5_i1.p1	Spodoptera|XP_035442818.1	35.484	31	18	1	365	393	1077	38	68	390	0.80	23.1
TRINITY_DN29621_c0_g2_i1.p1	Spodoptera|XP_050559703.1	30.952	42	26	1	71	112	126	171	209	315	0.43	20.4
TRINITY_DN18_c0_g1_i5.p1	Bmori|XP_062529457.1	22.857	35	27	0	47	81	165	282	316	326	0.74	20.0
TRINITY_DN6827_c0_g1_i13.p1	Bmori|XP_012550153.2	42.105	19	11	0	346	364	375	95	113	312	0.26	23.1
TRINITY_DN6152_c0_g1_i2.p1	Spodoptera|XP_035436318.2	23.585	106	57	4	22	117	556	243	334	351	0.63	22.3
TRINITY_DN19119_c0_g1_i2.p1	Spodoptera|XP_035435946.2	36.667	30	19	0	75	104	127	110	139	344	0.28	20.8
TRINITY_DN19119_c0_g1_i2.p1	Bmori|XP_062526412.1	29.032	31	22	0	43	73	127	187	217	289	0.48	20.0
TRINITY_DN19119_c0_g1_i2.p1	Bmori|XP_004930400.2	29.032	31	22	0	43	73	127	244	274	346	0.51	20.0
TRINITY_DN19119_c0_g1_i2.p1	Bmori|XP_062526415.1	29.032	31	22	0	43	73	127	175	205	277	0.53	20.0
TRINITY_DN13319_c0_g3_i1.p1	Spodoptera|XP_050559191.1	29.032	62	38	2	63	120	395	70	129	352	0.28	23.1
TRINITY_DN13319_c0_g3_i1.p1	Spodoptera|XP_050559703.1	29.231	65	37	3	177	238	395	92	150	315	0.40	22.3
TRINITY_DN4584_c0_g1_i2.p1	Spodoptera|XP_035433249.2	22.917	96	71	3	368	461	545	87	181	238	0.24	23.5
TRINITY_DN4303_c0_g1_i1.p1	Spodoptera|XP_035432548.2	29.851	67	43	2	62	127	198	162	225	311	0.094	23.1
TRINITY_DN264_c7_g1_i11.p1	Spodoptera|XP_035433286.1	24.324	74	45	3	109	178	524	214	280	344	0.22	23.9
TRINITY_DN56062_c0_g1_i1.p1	Spodoptera|XP_050559191.1	31.148	61	35	2	76	132	249	207	264	352	0.023	25.4
TRINITY_DN44574_c0_g1_i1.p1	Spodoptera|XP_050549308.1	50.000	14	7	0	84	97	107	257	270	431	0.19	21.2
TRINITY_DN44574_c0_g1_i1.p1	Bmori|XP_062527116.1	50.000	14	7	0	84	97	107	260	273	436	0.20	20.8
TRINITY_DN3671_c0_g2_i1.p1	Spodoptera|XP_035432548.2	45.833	24	9	1	77	96	99	114	137	311	0.30	20.4
TRINITY_DN9471_c0_g4_i1.p1	Bmori|XP_037867392.1	34.375	32	21	0	43	74	154	307	338	395	0.39	20.8
TRINITY_DN1124_c0_g1_i10.p1	Spodoptera|XP_035432548.2	30.769	52	34	2	332	382	1272	158	208	311	0.070	26.6
TRINITY_DN2176_c0_g1_i1.p1	Bmori|XP_037869304.1	42.857	28	15	1	778	804	1137	217	244	319	0.92	23.1
TRINITY_DN28127_c0_g1_i2.p1	Spodoptera|XP_050559703.1	24.000	25	19	0	72	96	102	280	304	315	0.58	19.6
TRINITY_DN1961_c0_g1_i9.p1	Spodoptera|XP_050559193.1	20.339	177	118	6	159	326	516	120	282	349	0.38	23.1
TRINITY_DN1961_c0_g1_i9.p1	Spodoptera|XP_035432672.2	30.769	26	18	0	105	130	516	201	226	327	0.64	22.3
TRINITY_DN7623_c0_g1_i1.p1	Bmori|XP_012551199.2	35.294	34	16	1	61	88	241	21	54	349	0.22	22.3
TRINITY_DN4443_c0_g2_i2.p1	Spodoptera|XP_035433286.1	42.857	28	7	2	237	261	329	26	47	344	0.22	23.1
TRINITY_DN16_c0_g1_i17.p1	Spodoptera|XP_035436301.1	29.688	64	37	3	795	852	1065	54	115	341	0.45	23.9
TRINITY_DN40340_c0_g1_i1.p1	Spodoptera|XP_035432672.2	40.909	22	13	0	37	58	125	47	68	327	0.64	19.6
TRINITY_DN40340_c0_g1_i1.p1	Spodoptera|XP_035433286.1	27.027	37	23	1	1	33	125	88	124	344	0.87	19.2
TRINITY_DN3788_c0_g1_i11.p1	Bmori|XP_037867392.1	28.571	35	17	1	22	56	399	42	68	395	0.33	22.7
TRINITY_DN5495_c0_g1_i1.p1	Bmori|XP_062524699.1	63.636	11	4	0	73	83	104	113	123	343	0.91	18.9
TRINITY_DN2244_c8_g1_i12.p1	Spodoptera|XP_035442818.1	29.231	65	43	1	165	226	319	236	300	390	0.027	25.8
TRINITY_DN2244_c8_g1_i12.p1	Spodoptera|XP_035442818.1	33.333	36	18	1	119	154	319	311	340	390	0.23	23.1
TRINITY_DN2244_c8_g1_i12.p1	Bmori|XP_037867392.1	21.978	91	61	2	225	314	319	231	312	395	0.76	21.2
TRINITY_DN1939_c0_g1_i1.p1	Bmori|XP_037867392.1	38.462	26	16	0	455	480	1047	134	159	395	0.15	25.4
TRINITY_DN1264_c0_g1_i10.p1	Bmori|XP_012550153.2	27.273	33	16	1	43	67	642	75	107	312	0.30	23.5
TRINITY_DN32105_c0_g1_i4.p1	Spodoptera|XP_035433249.2	29.699	266	142	9	13	278	294	2	222	238	2.27e-24	89.7
TRINITY_DN32105_c0_g1_i4.p1	Spodoptera|XP_050559703.1	22.656	256	150	5	23	275	294	83	293	315	3.58e-12	56.2
TRINITY_DN32105_c0_g1_i4.p1	Bmori|XP_012550153.2	28.846	104	61	4	24	119	294	6	104	312	2.66e-07	41.2
TRINITY_DN32105_c0_g1_i4.p1	Spodoptera|XP_035432548.2	23.404	47	34	1	21	67	294	39	83	311	0.89	20.8
TRINITY_DN740_c1_g1_i55.p1	Bmori|XP_062526415.1	34.286	35	21	1	857	891	1914	49	81	277	0.36	25.0
TRINITY_DN740_c1_g1_i55.p1	Bmori|XP_062526412.1	34.286	35	21	1	857	891	1914	61	93	289	0.41	24.6
TRINITY_DN740_c1_g1_i55.p1	Bmori|XP_004930400.2	34.286	35	21	1	857	891	1914	118	150	346	0.46	24.6
TRINITY_DN27197_c1_g1_i14.p1	Bmori|XP_062524699.1	24.444	90	53	3	332	418	1179	159	236	343	0.20	25.0
TRINITY_DN27197_c1_g1_i14.p1	Spodoptera|XP_050559196.1	24.468	94	51	4	961	1036	1179	28	119	304	0.27	24.6
TRINITY_DN27197_c1_g1_i14.p1	Spodoptera|XP_035436318.2	24.468	94	51	4	961	1036	1179	28	119	351	0.28	24.6
TRINITY_DN10138_c0_g1_i1.p1	Spodoptera|XP_035432672.2	30.303	33	23	0	108	140	890	3	35	327	0.67	23.1
TRINITY_DN25087_c0_g1_i2.p1	Bmori|XP_062529457.1	44.444	18	10	0	2	19	125	285	302	326	0.25	20.8
TRINITY_DN21692_c0_g1_i2.p1	Spodoptera|XP_035432672.2	45.833	24	8	1	97	120	121	7	25	327	0.30	20.8
TRINITY_DN22866_c1_g2_i2.p1	Spodoptera|XP_050559193.1	36.364	22	14	0	10	31	161	307	328	349	0.79	20.0
TRINITY_DN22866_c1_g2_i2.p1	Bmori|XP_062526415.1	46.667	15	8	0	17	31	161	240	254	277	0.99	19.6
TRINITY_DN4583_c0_g1_i2.p1	Spodoptera|XP_035435946.2	66.667	9	3	0	95	103	108	223	231	344	0.98	18.9
TRINITY_DN3647_c0_g1_i1.p1	Spodoptera|XP_035432672.2	27.778	36	26	0	40	75	383	209	244	327	0.13	23.9
TRINITY_DN3647_c0_g1_i1.p1	Spodoptera|XP_050549308.1	45.833	24	13	0	65	88	383	338	361	431	0.45	22.3
TRINITY_DN8534_c0_g1_i1.p1	Spodoptera|XP_035432548.2	31.373	51	35	0	351	401	840	230	280	311	0.17	25.0
TRINITY_DN1250_c2_g1_i6.p1	Spodoptera|XP_035432548.2	25.333	75	49	2	79	151	643	200	269	311	0.34	23.5
TRINITY_DN1123_c0_g1_i1.p1	Spodoptera|XP_050559197.1	31.111	45	27	1	50	90	746	279	323	343	0.52	23.1
TRINITY_DN596_c0_g1_i12.p1	Bmori|XP_012551199.2	31.250	48	31	1	458	505	624	190	235	349	0.12	25.0
TRINITY_DN1123_c0_g2_i2.p1	Bmori|XP_037867392.1	23.077	52	37	1	573	621	1730	114	165	395	0.38	25.0
TRINITY_DN1123_c0_g2_i2.p1	Bmori|XP_062524699.1	50.000	22	11	0	1310	1331	1730	16	37	343	0.45	24.6
TRINITY_DN3088_c0_g1_i1.p1	Spodoptera|XP_050559703.1	36.000	25	16	0	163	187	560	126	150	315	0.094	25.0
TRINITY_DN49576_c0_g1_i1.p1	Spodoptera|XP_035433249.2	50.000	20	9	1	8	26	138	205	224	238	0.91	19.6
TRINITY_DN10020_c0_g2_i3.p1	Bmori|XP_012550153.2	24.615	65	40	2	107	170	416	2	58	312	0.31	22.7
TRINITY_DN159_c1_g1_i1.p1	Spodoptera|XP_050559703.1	21.600	125	74	6	3	108	109	48	167	315	0.60	19.6
TRINITY_DN1960_c0_g1_i1.p1	Bmori|XP_012551199.2	50.000	12	6	0	72	83	112	224	235	349	0.72	19.2
TRINITY_DN15165_c0_g2_i1.p1	Spodoptera|XP_050549308.1	25.714	35	26	0	45	79	129	158	192	431	0.84	19.6
TRINITY_DN4419_c0_g1_i1.p1	Spodoptera|XP_035442818.1	34.211	38	17	1	74	111	529	121	150	390	0.33	23.1
TRINITY_DN15_c0_g1_i1.p1	Spodoptera|XP_035436301.1	26.562	64	41	2	52	115	1069	265	322	341	0.58	23.5
TRINITY_DN22311_c2_g1_i1.p1	Bmori|XP_004930400.2	42.857	14	8	0	60	73	102	259	272	346	0.39	20.0
TRINITY_DN22311_c2_g1_i1.p1	Bmori|XP_062526412.1	33.333	18	12	0	59	76	102	201	218	289	0.42	20.0
TRINITY_DN22311_c2_g1_i1.p1	Bmori|XP_062526415.1	40.000	15	9	0	59	73	102	189	203	277	0.46	19.6
TRINITY_DN55963_c0_g1_i1.p1	Bmori|XP_012551199.2	25.287	87	61	1	358	440	1558	239	325	349	0.26	25.0
TRINITY_DN55963_c0_g1_i1.p1	Spodoptera|XP_035436301.1	25.532	47	35	0	1243	1289	1558	292	338	341	0.44	24.3
TRINITY_DN33715_c0_g1_i1.p1	Spodoptera|XP_050559196.1	28.846	52	34	2	7	56	200	187	237	304	0.58	20.8
TRINITY_DN33715_c0_g1_i1.p1	Spodoptera|XP_035436318.2	28.846	52	34	2	7	56	200	187	237	351	0.74	20.4
TRINITY_DN7063_c0_g1_i1.p1	Spodoptera|XP_035432672.2	44.444	18	9	1	97	114	128	56	72	327	0.97	19.2
TRINITY_DN10160_c0_g1_i1.p1	Spodoptera|XP_050559197.1	27.778	36	26	0	630	665	669	20	55	343	0.32	23.5
TRINITY_DN6127_c0_g1_i1.p1	Bmori|XP_037867392.1	50.000	10	5	0	40	49	105	83	92	395	0.93	18.9
TRINITY_DN6127_c0_g1_i1.p1	Spodoptera|XP_050559196.1	28.571	28	20	0	29	56	105	9	36	304	0.93	18.9
TRINITY_DN27491_c0_g2_i1.p1	Bmori|XP_037867392.1	30.000	30	21	0	108	137	141	115	144	395	0.71	20.0
TRINITY_DN27491_c0_g2_i1.p1	Spodoptera|XP_050549308.1	27.692	65	38	1	68	132	141	46	101	431	0.81	19.6
TRINITY_DN27468_c0_g1_i1.p1	Spodoptera|XP_035432548.2	34.615	26	16	1	122	146	197	199	224	311	0.87	20.4
TRINITY_DN4301_c0_g1_i1.p1	Spodoptera|XP_035436301.1	26.984	63	40	1	385	441	1409	160	222	341	0.080	26.6
TRINITY_DN4301_c0_g1_i1.p1	Bmori|XP_037869304.1	26.984	63	40	1	385	441	1409	141	203	319	0.15	25.8
TRINITY_DN7179_c0_g1_i1.p1	Spodoptera|XP_050559191.1	45.833	24	13	0	273	296	441	213	236	352	0.11	24.3
TRINITY_DN38999_c0_g1_i1.p1	Spodoptera|XP_035435946.2	23.214	56	40	2	51	105	476	275	328	344	0.12	24.3
TRINITY_DN38999_c0_g1_i1.p1	Bmori|XP_004930400.2	23.729	59	39	3	50	105	476	273	328	346	0.16	23.9
TRINITY_DN38999_c0_g1_i1.p1	Bmori|XP_062526412.1	24.138	58	38	3	51	105	476	217	271	289	0.24	23.5
TRINITY_DN38999_c0_g1_i1.p1	Spodoptera|XP_035436318.2	30.769	26	16	1	80	105	476	312	335	351	0.25	23.5
TRINITY_DN38999_c0_g1_i1.p1	Bmori|XP_062526415.1	24.138	58	38	3	51	105	476	205	259	277	0.26	23.1
TRINITY_DN38999_c0_g1_i1.p1	Bmori|XP_062524699.1	25.352	71	45	4	38	105	476	262	327	343	0.73	21.9
TRINITY_DN38999_c0_g1_i1.p1	Spodoptera|XP_050559193.1	30.769	26	16	1	80	105	476	310	333	349	0.75	21.9
TRINITY_DN38999_c0_g1_i1.p1	Bmori|XP_012551199.2	41.176	17	10	0	450	466	476	177	193	349	0.83	21.9
TRINITY_DN2733_c0_g1_i3.p1	Spodoptera|XP_035436301.1	40.625	32	18	1	60	91	102	128	158	341	0.27	20.4
TRINITY_DN1820_c0_g1_i2.p1	Bmori|XP_062526412.1	22.472	89	55	4	342	427	1145	184	261	289	0.53	23.5
TRINITY_DN1820_c0_g1_i2.p1	Bmori|XP_062526415.1	22.472	89	55	4	342	427	1145	172	249	277	0.56	23.5
TRINITY_DN1820_c0_g1_i2.p1	Bmori|XP_004930400.2	24.615	65	46	3	342	403	1145	241	305	346	0.59	23.5
TRINITY_DN314_c0_g1_i14.p1	Spodoptera|XP_050559197.1	25.974	77	36	2	162	238	259	250	305	343	0.40	21.9
TRINITY_DN314_c0_g1_i14.p1	Spodoptera|XP_035435946.2	36.170	47	23	3	162	208	259	253	292	344	0.53	21.6
TRINITY_DN29460_c1_g1_i1.p1	Spodoptera|XP_050559196.1	85.714	28	4	0	1	28	117	227	254	304	3.43e-14	57.8
TRINITY_DN29460_c1_g1_i1.p1	Spodoptera|XP_035436318.2	85.714	28	4	0	1	28	117	227	254	351	3.85e-14	57.8
TRINITY_DN29460_c1_g1_i1.p1	Spodoptera|XP_050559193.1	56.000	50	22	0	1	50	117	225	274	349	4.58e-14	57.4
TRINITY_DN29460_c1_g1_i1.p1	Spodoptera|XP_050559191.1	64.286	42	14	1	1	41	117	229	270	352	8.02e-14	57.0
TRINITY_DN29460_c1_g1_i1.p1	Bmori|XP_062526412.1	53.061	49	22	1	1	48	117	162	210	289	1.12e-12	53.5
TRINITY_DN29460_c1_g1_i1.p1	Bmori|XP_062526415.1	53.061	49	22	1	1	48	117	150	198	277	1.17e-12	53.5
TRINITY_DN29460_c1_g1_i1.p1	Bmori|XP_004930400.2	53.061	49	22	1	1	48	117	219	267	346	1.47e-12	53.1
TRINITY_DN29460_c1_g1_i1.p1	Spodoptera|XP_050559197.1	82.143	28	5	0	1	28	117	217	244	343	3.73e-12	52.0
TRINITY_DN29460_c1_g1_i1.p1	Bmori|XP_021206280.1	57.143	42	17	1	1	41	117	161	202	290	1.24e-10	47.8
TRINITY_DN29460_c1_g1_i1.p1	Spodoptera|XP_035435946.2	75.000	28	7	0	1	28	117	220	247	344	2.50e-10	47.0
TRINITY_DN29460_c1_g1_i1.p1	Bmori|XP_062529457.1	61.538	26	10	0	1	26	117	208	233	326	3.95e-09	43.5
TRINITY_DN29460_c1_g1_i1.p1	Bmori|XP_062524699.1	60.714	28	11	0	1	28	117	218	245	343	1.90e-08	41.6
TRINITY_DN29460_c1_g1_i1.p1	Spodoptera|XP_035432672.2	44.444	45	17	1	1	37	117	207	251	327	8.93e-08	39.7
TRINITY_DN29460_c1_g1_i1.p1	Bmori|XP_012551199.2	53.571	28	13	0	1	28	117	222	249	349	1.93e-06	35.8
TRINITY_DN29460_c1_g1_i1.p1	Spodoptera|XP_035433286.1	37.500	56	23	2	1	48	117	218	269	344	5.25e-06	34.7
TRINITY_DN2174_c0_g2_i11.p1	Bmori|XP_062527116.1	43.750	16	9	0	295	310	363	214	229	436	0.41	22.3
TRINITY_DN1261_c0_g1_i22.p1	Bmori|XP_012551199.2	32.468	77	39	4	152	220	514	75	146	349	0.052	25.8
TRINITY_DN1238_c0_g1_i1.p1	Spodoptera|XP_035435946.2	27.083	48	34	1	154	200	204	50	97	344	0.15	22.7
TRINITY_DN1238_c0_g1_i1.p1	Bmori|XP_062529457.1	40.000	25	14	1	155	178	204	47	71	326	0.16	22.7
TRINITY_DN14_c0_g1_i2.p1	Spodoptera|XP_050559191.1	34.375	32	21	0	1018	1049	1396	244	275	352	0.77	23.5
TRINITY_DN315_c0_g1_i1.p1	Bmori|XP_012551199.2	35.897	39	19	1	29	67	153	278	310	349	0.46	20.8
TRINITY_DN17408_c0_g1_i4.p1	Bmori|XP_037867392.1	31.250	32	21	1	65	95	190	123	154	395	0.21	21.9
TRINITY_DN9305_c0_g1_i1.p1	Spodoptera|XP_035432548.2	25.926	27	20	0	17	43	122	161	187	311	0.95	19.2
TRINITY_DN19396_c0_g1_i1.p1	Spodoptera|XP_035432672.2	29.577	71	44	3	375	445	641	65	129	327	0.60	22.7
TRINITY_DN19396_c0_g1_i1.p1	Spodoptera|XP_050559197.1	31.034	58	26	2	34	77	641	248	305	343	0.91	21.9
TRINITY_DN33714_c0_g2_i1.p1	Bmori|XP_062527116.1	26.087	69	32	3	16	80	112	235	288	436	0.18	21.2
TRINITY_DN33714_c0_g2_i1.p1	Spodoptera|XP_050549308.1	26.087	69	32	3	16	80	112	232	285	431	0.28	20.8
TRINITY_DN23235_c0_g1_i2.p1	Bmori|XP_062526415.1	31.818	22	15	0	63	84	102	248	269	277	0.068	22.3
TRINITY_DN23235_c0_g1_i2.p1	Bmori|XP_004930400.2	31.818	22	15	0	63	84	102	317	338	346	0.069	22.3
TRINITY_DN23235_c0_g1_i2.p1	Bmori|XP_062526412.1	30.435	23	16	0	63	85	102	260	282	289	0.069	22.3
TRINITY_DN23235_c0_g1_i2.p1	Spodoptera|XP_050559193.1	27.273	22	16	0	63	84	102	322	343	349	0.30	20.4
TRINITY_DN23235_c0_g1_i2.p1	Spodoptera|XP_050559197.1	22.727	22	17	0	63	84	102	315	336	343	0.73	19.2
TRINITY_DN23235_c0_g1_i2.p1	Spodoptera|XP_035435946.2	50.000	12	6	0	3	14	102	33	44	344	0.95	18.9
TRINITY_DN23235_c0_g2_i1.p1	Bmori|XP_004930400.2	26.087	23	17	0	94	116	157	317	339	346	0.34	21.2
TRINITY_DN23235_c0_g2_i1.p1	Bmori|XP_062526415.1	26.087	23	17	0	94	116	157	248	270	277	0.34	21.2
TRINITY_DN23235_c0_g2_i1.p1	Bmori|XP_062526412.1	26.087	23	17	0	94	116	157	260	282	289	0.36	20.8
TRINITY_DN6126_c0_g1_i6.p1	Bmori|XP_037869304.1	28.261	46	24	2	262	300	307	88	131	319	0.75	21.2
TRINITY_DN42721_c0_g1_i1.p1	Spodoptera|XP_050549308.1	29.268	41	27	1	39	77	122	49	89	431	0.63	19.6
TRINITY_DN57670_c0_g1_i1.p1	Spodoptera|XP_035432548.2	28.846	52	36	1	8	58	109	129	180	311	0.13	21.6
TRINITY_DN57670_c0_g1_i1.p1	Spodoptera|XP_035436318.2	83.333	12	1	1	85	95	109	256	267	351	0.32	20.4
TRINITY_DN57670_c0_g1_i1.p1	Spodoptera|XP_050559196.1	88.889	9	1	0	87	95	109	259	267	304	0.36	20.4
TRINITY_DN36335_c0_g1_i1.p1	Bmori|XP_062527116.1	37.037	27	17	0	52	78	117	90	116	436	0.71	19.6
TRINITY_DN15023_c0_g1_i27.p1	Bmori|XP_037869304.1	35.556	45	29	0	59	103	984	52	96	319	0.43	23.9
TRINITY_DN15023_c0_g1_i27.p1	Spodoptera|XP_050559703.1	23.864	88	59	3	142	225	984	212	295	315	0.76	23.1
TRINITY_DN1662_c1_g1_i1.p1	Bmori|XP_037869304.1	41.176	17	10	0	181	197	200	213	229	319	0.76	20.4
TRINITY_DN10973_c0_g1_i1.p1	Bmori|XP_062526415.1	40.000	25	15	0	168	192	195	45	69	277	0.12	22.7
TRINITY_DN10973_c0_g1_i1.p1	Bmori|XP_062526412.1	40.000	25	15	0	168	192	195	57	81	289	0.12	22.7
TRINITY_DN10973_c0_g1_i1.p1	Bmori|XP_004930400.2	40.000	25	15	0	168	192	195	114	138	346	0.13	22.7
TRINITY_DN7462_c1_g1_i5.p1	Bmori|XP_062529457.1	39.286	28	17	0	32	59	116	272	299	326	0.84	19.2
TRINITY_DN40455_c0_g1_i1.p1	Spodoptera|XP_035432672.2	35.714	42	21	2	177	214	376	237	276	327	0.45	22.3
TRINITY_DN40455_c0_g1_i1.p1	Spodoptera|XP_035435946.2	43.750	32	15	2	171	201	376	243	272	344	0.57	21.9
TRINITY_DN40455_c0_g1_i1.p1	Spodoptera|XP_035433286.1	45.455	22	10	1	180	201	376	251	270	344	0.69	21.6
TRINITY_DN33283_c2_g1_i3.p1	Bmori|XP_012551199.2	26.087	92	54	2	257	339	430	250	336	349	0.65	21.9
TRINITY_DN18342_c0_g1_i3.p1	Bmori|XP_037869304.1	29.268	41	25	1	161	197	276	202	242	319	0.056	24.6
TRINITY_DN18342_c0_g1_i3.p1	Bmori|XP_037867392.1	25.000	76	47	4	52	120	276	62	134	395	0.24	22.7
TRINITY_DN1225_c2_g1_i2.p1	Bmori|XP_062524699.1	27.273	44	27	1	107	150	530	7	45	343	0.17	24.3
TRINITY_DN1894_c5_g1_i2.p1	Spodoptera|XP_035442818.1	59.375	128	50	2	1	127	127	264	390	390	1.08e-49	154
TRINITY_DN1894_c5_g1_i2.p1	Bmori|XP_037867392.1	45.312	128	68	2	1	127	127	269	395	395	6.13e-35	115
TRINITY_DN1894_c5_g1_i2.p1	Spodoptera|XP_035432548.2	41.353	133	64	2	1	127	127	187	311	311	1.19e-33	110
TRINITY_DN1894_c5_g1_i2.p1	Spodoptera|XP_035432548.2	22.807	57	43	1	9	65	127	20	75	311	0.76	19.6
TRINITY_DN4416_c0_g1_i11.p1	Spodoptera|XP_035433249.2	26.316	57	35	2	654	710	886	58	107	238	0.004	29.6
TRINITY_DN4416_c0_g1_i11.p1	Spodoptera|XP_035433249.2	33.333	27	18	0	494	520	886	187	213	238	0.52	23.1
TRINITY_DN4416_c0_g1_i11.p1	Bmori|XP_062526412.1	55.556	18	8	0	2	19	886	208	225	289	0.38	23.9
TRINITY_DN4416_c0_g1_i11.p1	Bmori|XP_062526415.1	55.556	18	8	0	2	19	886	196	213	277	0.40	23.5
TRINITY_DN4416_c0_g1_i11.p1	Bmori|XP_004930400.2	55.556	18	8	0	2	19	886	265	282	346	0.42	23.9
TRINITY_DN4416_c0_g1_i11.p1	Spodoptera|XP_050559193.1	37.209	43	19	2	505	539	886	146	188	349	0.68	23.1
TRINITY_DN4416_c0_g1_i11.p1	Bmori|XP_021206280.1	32.258	31	21	0	521	551	886	106	136	290	0.72	22.7
TRINITY_DN12519_c0_g2_i1.p1	Spodoptera|XP_035432548.2	25.275	91	45	3	127	194	473	217	307	311	0.26	23.5
TRINITY_DN11606_c0_g2_i1.p1	Spodoptera|XP_050559191.1	25.000	32	23	1	64	95	115	115	145	352	0.78	19.2
TRINITY_DN9584_c0_g1_i1.p1	Bmori|XP_021206280.1	42.857	28	16	0	86	113	645	258	285	290	0.32	23.5
TRINITY_DN28960_c0_g1_i1.p1	Spodoptera|XP_035435946.2	57.143	14	6	0	56	69	111	263	276	344	0.60	19.6
TRINITY_DN49574_c0_g1_i1.p1	Spodoptera|XP_050559703.1	30.769	39	25	1	73	109	137	56	94	315	0.15	21.9
TRINITY_DN3086_c0_g2_i1.p1	Spodoptera|XP_050559197.1	36.842	19	12	0	144	162	420	186	204	343	0.86	21.6
TRINITY_DN3086_c0_g3_i1.p1	Spodoptera|XP_035432548.2	40.741	27	12	1	12	38	199	178	200	311	0.28	21.6
TRINITY_DN180_c1_g2_i1.p1	Bmori|XP_004930400.2	24.638	69	37	2	37	101	311	214	271	346	0.15	23.5
TRINITY_DN180_c1_g2_i1.p1	Bmori|XP_062526412.1	24.638	69	37	2	37	101	311	157	214	289	0.18	23.1
TRINITY_DN180_c1_g2_i1.p1	Bmori|XP_062526415.1	24.638	69	37	2	37	101	311	145	202	277	0.18	23.1
TRINITY_DN180_c1_g2_i1.p1	Bmori|XP_012551199.2	22.059	68	48	1	215	282	311	187	249	349	0.63	21.6
TRINITY_DN12681_c0_g1_i1.p1	Spodoptera|XP_050559191.1	32.353	34	23	0	155	188	248	110	143	352	0.30	21.9
TRINITY_DN12681_c0_g1_i1.p1	Spodoptera|XP_050549308.1	27.273	55	32	2	149	195	248	36	90	431	0.44	21.6
TRINITY_DN12681_c0_g1_i1.p1	Spodoptera|XP_035435946.2	27.778	72	32	3	111	175	248	86	144	344	0.73	20.8
TRINITY_DN157_c1_g1_i7.p1	Spodoptera|XP_035433286.1	24.390	82	52	3	156	227	298	46	127	344	0.18	23.1
TRINITY_DN157_c1_g1_i7.p1	Spodoptera|XP_035432548.2	31.429	35	18	1	165	199	298	54	82	311	0.49	21.6
TRINITY_DN38880_c0_g1_i2.p1	Bmori|XP_062527116.1	23.611	72	38	1	5	76	131	311	365	436	0.68	20.0
TRINITY_DN1237_c0_g1_i1.p1	Spodoptera|XP_050559197.1	31.148	61	39	2	20	79	207	46	104	343	0.14	22.7
TRINITY_DN4417_c0_g1_i1.p1	Bmori|XP_037867392.1	33.333	51	27	3	28	76	101	340	385	395	0.26	20.4
TRINITY_DN25500_c0_g1_i1.p1	Spodoptera|XP_035442818.1	37.143	35	20	2	54	87	102	337	370	390	0.64	19.2
TRINITY_DN52758_c0_g1_i2.p1	Bmori|XP_021206280.1	27.273	44	30	1	211	252	339	141	184	290	0.32	22.3
TRINITY_DN10134_c0_g1_i5.p1	Spodoptera|XP_035435946.2	33.333	33	21	1	140	172	779	188	219	344	0.97	22.3
TRINITY_DN13314_c0_g1_i1.p1	Bmori|XP_021206280.1	28.571	35	23	2	234	267	514	149	182	290	0.64	22.3
TRINITY_DN50909_c0_g1_i1.p1	Bmori|XP_062527116.1	29.730	37	24	1	14	50	127	370	404	436	0.009	25.4
TRINITY_DN50909_c0_g1_i1.p1	Spodoptera|XP_050549308.1	29.730	37	24	1	14	50	127	367	401	431	0.014	24.6
TRINITY_DN3643_c0_g1_i1.p1	Bmori|XP_012550153.2	29.333	75	42	3	33	97	99	217	290	312	0.013	24.3
TRINITY_DN55379_c0_g1_i1.p1	Bmori|XP_037867392.1	38.095	21	13	0	106	126	178	358	378	395	0.50	20.8
TRINITY_DN2009_c0_g1_i11.p1	Spodoptera|XP_035436318.2	44.000	25	14	0	484	508	570	290	314	351	0.27	23.5
TRINITY_DN2009_c0_g1_i11.p1	Spodoptera|XP_035432548.2	31.250	32	18	1	417	448	570	273	300	311	0.92	21.9
TRINITY_DN12517_c0_g1_i1.p1	Spodoptera|XP_035442818.1	25.000	24	18	0	2	25	312	133	156	390	0.77	21.2
TRINITY_DN18598_c0_g2_i1.p1	Bmori|XP_012551199.2	25.000	32	24	0	29	60	502	280	311	349	0.19	23.9
TRINITY_DN18598_c0_g3_i2.p1	Bmori|XP_037869304.1	32.353	34	23	0	79	112	112	37	70	319	0.22	20.8
TRINITY_DN17685_c0_g1_i3.p1	Bmori|XP_037867392.1	34.615	26	17	0	159	184	270	321	346	395	0.87	20.8
TRINITY_DN32499_c0_g1_i1.p1	Spodoptera|XP_035432548.2	29.851	67	36	3	171	227	290	72	137	311	0.42	21.9
TRINITY_DN10972_c0_g1_i2.p1	Spodoptera|XP_035435946.2	43.243	37	19	2	1121	1156	1514	258	293	344	0.33	24.6
TRINITY_DN10972_c0_g1_i2.p1	Spodoptera|XP_050559193.1	27.907	43	31	0	1249	1291	1514	171	213	349	0.70	23.9
TRINITY_DN11471_c1_g1_i1.p1	Spodoptera|XP_035433249.2	28.155	206	128	5	6	191	216	15	220	238	4.38e-13	57.0
TRINITY_DN11471_c1_g1_i1.p1	Spodoptera|XP_050559703.1	26.522	230	112	7	6	195	216	86	298	315	9.98e-12	53.5
TRINITY_DN11471_c1_g1_i1.p1	Bmori|XP_012550153.2	30.000	90	53	4	6	85	216	8	97	312	2.05e-10	49.7
TRINITY_DN7438_c1_g1_i2.p1	Spodoptera|XP_035433249.2	40.000	20	12	0	69	88	100	91	110	238	0.48	19.6
TRINITY_DN25617_c0_g1_i1.p1	Bmori|XP_037869304.1	30.769	52	31	2	120	171	573	61	107	319	0.058	25.8
TRINITY_DN25617_c0_g1_i1.p1	Spodoptera|XP_035436301.1	28.846	52	32	2	120	171	573	80	126	341	0.089	25.0
TRINITY_DN25617_c0_g1_i1.p1	Spodoptera|XP_050549308.1	28.814	59	37	2	369	426	573	151	205	431	0.28	23.5
TRINITY_DN25617_c0_g1_i1.p1	Bmori|XP_062527116.1	27.119	59	38	2	369	426	573	154	208	436	0.75	22.3
TRINITY_DN9583_c0_g1_i10.p1	Bmori|XP_062524699.1	39.130	46	16	2	39	84	213	292	325	343	0.22	22.3
TRINITY_DN3085_c0_g2_i5.p1	Spodoptera|XP_035435946.2	30.435	23	16	0	65	87	155	111	133	344	0.97	19.6
TRINITY_DN2172_c0_g1_i33.p1	Bmori|XP_037869304.1	36.667	30	18	1	277	306	319	213	241	319	0.47	21.9
TRINITY_DN16075_c0_g1_i3.p3	Spodoptera|XP_050559193.1	34.483	29	16	2	70	97	168	15	41	349	0.13	22.3
TRINITY_DN16075_c0_g1_i3.p3	Spodoptera|XP_050559193.1	41.176	17	9	1	40	55	168	15	31	349	0.62	20.4
TRINITY_DN8647_c0_g1_i2.p1	Spodoptera|XP_035436301.1	34.694	49	21	3	80	117	354	212	260	341	0.51	21.9
TRINITY_DN156_c1_g2_i1.p1	Bmori|XP_062524699.1	33.333	27	18	0	7	33	364	120	146	343	0.81	21.6
TRINITY_DN7734_c0_g1_i3.p1	Bmori|XP_062527116.1	20.388	103	76	2	3	99	391	26	128	436	0.44	22.3
TRINITY_DN7734_c0_g1_i3.p1	Spodoptera|XP_035433249.2	53.333	15	7	0	13	27	391	154	168	238	0.80	21.6
TRINITY_DN7734_c0_g1_i3.p1	Spodoptera|XP_035433249.2	64.286	14	5	0	29	42	391	46	59	238	0.89	21.2
TRINITY_DN1236_c0_g1_i1.p1	Spodoptera|XP_035436301.1	25.641	39	29	0	102	140	196	295	333	341	0.76	20.4
TRINITY_DN7734_c0_g5_i1.p1	Bmori|XP_012550153.2	41.176	17	10	0	1	17	136	90	106	312	0.56	20.0
TRINITY_DN40313_c0_g1_i1.p1	Spodoptera|XP_050549308.1	22.222	72	41	3	33	97	159	29	92	431	0.33	21.2
TRINITY_DN295_c1_g1_i1.p1	Spodoptera|XP_035433249.2	47.368	19	10	0	187	205	711	134	152	238	0.54	22.7
TRINITY_DN4555_c0_g1_i1.p1	Spodoptera|XP_035436301.1	39.130	23	14	0	91	113	414	50	72	341	0.16	23.9
TRINITY_DN4555_c0_g1_i1.p1	Bmori|XP_037869304.1	40.000	20	12	0	94	113	414	34	53	319	0.50	22.3
TRINITY_DN31584_c0_g2_i2.p1	Bmori|XP_062529457.1	31.746	63	23	3	400	442	461	19	81	326	0.040	25.8
TRINITY_DN33257_c2_g1_i1.p1	Spodoptera|XP_035442818.1	27.273	55	36	2	102	152	209	54	108	390	0.13	23.1
TRINITY_DN16609_c0_g1_i2.p1	Bmori|XP_062526415.1	28.358	67	36	3	30	89	290	208	269	277	0.75	21.2
TRINITY_DN16609_c0_g1_i2.p1	Bmori|XP_004930400.2	28.358	67	36	3	30	89	290	277	338	346	0.76	21.2
TRINITY_DN16609_c0_g1_i2.p1	Bmori|XP_062526412.1	28.358	67	36	3	30	89	290	220	281	289	0.81	20.8
TRINITY_DN17806_c1_g1_i4.p1	Spodoptera|XP_050559197.1	34.375	32	21	0	116	147	240	94	125	343	0.38	21.6
TRINITY_DN8787_c0_g1_i1.p1	Bmori|XP_062524699.1	39.394	33	18	1	106	138	364	292	322	343	0.049	25.4
TRINITY_DN8787_c0_g1_i1.p1	Bmori|XP_062524699.1	28.889	45	27	1	110	154	364	59	98	343	0.25	23.1
TRINITY_DN8787_c0_g1_i1.p1	Spodoptera|XP_050559193.1	24.194	62	43	1	160	217	364	103	164	349	0.10	24.3
TRINITY_DN8787_c0_g1_i1.p1	Bmori|XP_062529457.1	29.032	31	22	0	302	332	364	293	323	326	0.65	21.6
TRINITY_DN2008_c0_g3_i1.p1	Bmori|XP_037867392.1	22.308	260	168	9	101	340	477	93	338	395	6.20e-11	53.9
TRINITY_DN2008_c0_g3_i1.p1	Spodoptera|XP_035442818.1	22.150	307	194	14	64	344	477	50	337	390	2.80e-08	45.4
TRINITY_DN2008_c0_g3_i1.p1	Spodoptera|XP_035432548.2	20.889	225	160	8	133	344	477	41	260	311	4.74e-04	32.0
TRINITY_DN2008_c0_g3_i1.p1	Bmori|XP_062529457.1	35.294	34	17	2	154	182	477	3	36	326	0.88	21.6
TRINITY_DN32217_c0_g1_i1.p1	Spodoptera|XP_050559703.1	100.000	7	0	0	112	118	140	234	240	315	0.60	20.0
TRINITY_DN32217_c0_g1_i1.p1	Spodoptera|XP_035432672.2	38.095	21	13	0	91	111	140	84	104	327	0.95	19.6
TRINITY_DN11186_c0_g1_i1.p1	Bmori|XP_012551199.2	21.898	137	91	5	74	204	527	211	337	349	0.003	30.0
TRINITY_DN11186_c0_g1_i1.p1	Bmori|XP_062526415.1	27.273	44	32	0	148	191	527	214	257	277	0.006	28.9
TRINITY_DN11186_c0_g1_i1.p1	Bmori|XP_062526412.1	27.273	44	32	0	148	191	527	226	269	289	0.006	28.9
TRINITY_DN11186_c0_g1_i1.p1	Bmori|XP_004930400.2	27.273	44	32	0	148	191	527	283	326	346	0.008	28.5
TRINITY_DN11186_c0_g1_i1.p1	Spodoptera|XP_050559193.1	26.437	87	51	4	109	195	527	262	335	349	0.82	21.9
TRINITY_DN11186_c0_g1_i1.p1	Spodoptera|XP_035436318.2	24.444	45	33	1	147	191	527	290	333	351	0.92	21.9
TRINITY_DN3758_c0_g1_i2.p1	Spodoptera|XP_050559193.1	32.258	31	21	0	466	496	915	134	164	349	0.17	25.0
TRINITY_DN3758_c0_g1_i2.p1	Spodoptera|XP_035442818.1	22.807	57	41	1	694	747	915	101	157	390	0.75	23.1
TRINITY_DN3083_c0_g1_i2.p1	Spodoptera|XP_050559196.1	20.930	129	80	6	464	570	730	170	298	304	0.037	26.6
TRINITY_DN3083_c0_g1_i2.p1	Spodoptera|XP_050559193.1	24.427	131	71	6	464	566	730	168	298	349	0.059	26.2
TRINITY_DN3083_c0_g1_i2.p1	Spodoptera|XP_035435946.2	45.455	22	12	0	555	576	730	323	344	344	0.76	22.7
TRINITY_DN8530_c0_g1_i1.p1	Bmori|XP_062524699.1	33.333	27	18	0	78	104	165	228	254	343	0.20	21.9
TRINITY_DN8530_c0_g1_i1.p1	Bmori|XP_021206280.1	31.034	29	20	0	78	106	165	171	199	290	0.82	20.0
TRINITY_DN10_c0_g1_i19.p1	Bmori|XP_062529457.1	27.660	47	34	0	542	588	844	280	326	326	0.27	24.3
TRINITY_DN10_c0_g1_i19.p1	Bmori|XP_012550153.2	23.770	122	80	4	634	749	844	1	115	312	0.30	23.9
TRINITY_DN9582_c0_g1_i3.p1	Spodoptera|XP_035432672.2	28.000	50	34	1	76	125	199	230	277	327	0.51	20.8
TRINITY_DN13592_c0_g3_i3.p1	Spodoptera|XP_050559196.1	39.286	28	9	1	10	29	122	246	273	304	0.078	22.3
TRINITY_DN18456_c0_g1_i1.p1	Bmori|XP_012550153.2	25.373	67	45	3	267	332	409	79	141	312	0.85	21.6
TRINITY_DN6820_c0_g1_i11.p1	Spodoptera|XP_050549308.1	33.333	66	33	3	469	532	719	216	272	431	0.014	28.1
TRINITY_DN6820_c0_g1_i11.p1	Bmori|XP_062527116.1	31.818	66	34	3	469	532	719	219	275	436	0.086	25.8
TRINITY_DN6820_c0_g1_i11.p1	Bmori|XP_062527116.1	28.947	38	27	0	400	437	719	395	432	436	0.22	24.3
TRINITY_DN22576_c0_g1_i11.p1	Spodoptera|XP_035433286.1	34.286	35	18	1	1024	1058	1086	134	163	344	0.12	25.8
TRINITY_DN16888_c0_g1_i2.p1	Bmori|XP_062527116.1	21.739	115	76	2	535	649	659	67	167	436	0.37	23.5
TRINITY_DN5490_c0_g1_i1.p2	Spodoptera|XP_050549308.1	36.364	33	20	1	86	118	185	260	291	431	0.30	21.6
TRINITY_DN5490_c0_g1_i1.p2	Bmori|XP_062527116.1	30.769	39	26	1	86	124	185	263	300	436	0.32	21.6
TRINITY_DN2287_c0_g1_i10.p1	Bmori|XP_037869304.1	37.931	29	18	0	102	130	360	284	312	319	0.32	22.7
TRINITY_DN4554_c0_g1_i1.p1	Bmori|XP_012551199.2	26.733	101	60	4	932	1021	1119	240	337	349	0.006	30.0
TRINITY_DN4554_c0_g1_i1.p1	Bmori|XP_021206280.1	55.556	18	8	0	1074	1091	1119	10	27	290	0.30	24.3
TRINITY_DN9441_c0_g1_i2.p1	Spodoptera|XP_050559193.1	27.586	58	36	2	80	136	344	222	274	349	0.22	23.1
TRINITY_DN3618_c0_g1_i10.p1	Spodoptera|XP_035442818.1	24.000	25	19	0	35	59	661	361	385	390	0.91	22.3
TRINITY_DN51982_c0_g1_i1.p1	Bmori|XP_012550153.2	27.143	70	37	2	18	87	203	13	68	312	0.71	20.4
TRINITY_DN13428_c0_g1_i1.p1	Bmori|XP_004930400.2	60.534	337	132	1	5	340	343	6	342	346	2.64e-151	421
TRINITY_DN13428_c0_g1_i1.p1	Spodoptera|XP_050559197.1	57.018	342	146	1	3	343	343	2	343	343	6.38e-147	409
TRINITY_DN13428_c0_g1_i1.p1	Spodoptera|XP_035435946.2	51.032	339	163	3	5	342	343	8	344	344	4.06e-127	359
TRINITY_DN13428_c0_g1_i1.p1	Bmori|XP_062526412.1	61.053	285	110	1	57	340	343	1	285	289	1.32e-125	353
TRINITY_DN13428_c0_g1_i1.p1	Spodoptera|XP_035436318.2	50.575	348	163	5	2	341	343	4	350	351	5.84e-124	352
TRINITY_DN13428_c0_g1_i1.p1	Spodoptera|XP_050559191.1	54.658	322	134	6	31	342	343	33	352	352	3.05e-121	345
TRINITY_DN13428_c0_g1_i1.p1	Spodoptera|XP_050559193.1	49.719	356	158	6	1	342	343	1	349	349	6.60e-121	343
TRINITY_DN13428_c0_g1_i1.p1	Bmori|XP_062526415.1	59.328	268	108	1	74	340	343	6	273	277	1.71e-114	325
TRINITY_DN13428_c0_g1_i1.p1	Bmori|XP_062524699.1	44.578	332	182	2	10	339	343	9	340	343	6.59e-113	323
TRINITY_DN13428_c0_g1_i1.p1	Spodoptera|XP_050559196.1	44.828	348	136	4	2	341	343	4	303	304	3.72e-102	294
TRINITY_DN13428_c0_g1_i1.p1	Bmori|XP_021206280.1	46.735	291	137	3	57	339	343	1	281	290	1.40e-100	290
TRINITY_DN13428_c0_g1_i1.p1	Bmori|XP_062529457.1	40.469	341	172	5	7	339	343	5	322	326	3.46e-88	259
TRINITY_DN13428_c0_g1_i1.p1	Spodoptera|XP_035433286.1	40.719	334	191	2	7	339	343	7	334	344	3.51e-86	255
TRINITY_DN13428_c0_g1_i1.p1	Bmori|XP_012551199.2	42.197	346	182	6	1	339	343	5	339	349	5.25e-85	252
TRINITY_DN13428_c0_g1_i1.p1	Spodoptera|XP_035432672.2	42.042	333	179	2	7	339	343	5	323	327	3.40e-82	244
TRINITY_DN13428_c0_g1_i1.p1	Spodoptera|XP_035436301.1	38.889	18	11	0	64	81	343	64	81	341	0.27	22.7
TRINITY_DN13428_c0_g1_i1.p1	Bmori|XP_037869304.1	38.889	18	11	0	64	81	343	45	62	319	0.28	22.7
TRINITY_DN49408_c0_g1_i1.p1	Spodoptera|XP_035432548.2	46.154	13	7	0	27	39	151	158	170	311	0.63	20.0
TRINITY_DN13428_c0_g2_i1.p1	Spodoptera|XP_050559197.1	84.795	342	51	1	1	342	344	1	341	343	0.0	602
TRINITY_DN13428_c0_g2_i1.p1	Bmori|XP_004930400.2	76.106	339	81	0	5	343	344	6	344	346	0.0	540
TRINITY_DN13428_c0_g2_i1.p1	Bmori|XP_062526412.1	78.049	287	63	0	57	343	344	1	287	289	4.75e-171	469
TRINITY_DN13428_c0_g2_i1.p1	Bmori|XP_062526415.1	78.519	270	58	0	74	343	344	6	275	277	5.86e-160	440
TRINITY_DN13428_c0_g2_i1.p1	Spodoptera|XP_035435946.2	56.047	339	147	2	5	343	344	8	344	344	1.30e-143	401
TRINITY_DN13428_c0_g2_i1.p1	Spodoptera|XP_050559193.1	58.407	339	130	3	11	343	344	16	349	349	7.19e-141	394
TRINITY_DN13428_c0_g2_i1.p1	Spodoptera|XP_035436318.2	55.362	345	140	5	6	340	344	8	348	351	1.15e-140	394
TRINITY_DN13428_c0_g2_i1.p1	Spodoptera|XP_050559191.1	58.824	323	122	4	30	343	344	32	352	352	1.89e-139	391
TRINITY_DN13428_c0_g2_i1.p1	Bmori|XP_062524699.1	50.755	331	161	1	10	340	344	12	340	343	1.35e-125	355
TRINITY_DN13428_c0_g2_i1.p1	Bmori|XP_021206280.1	52.941	289	123	3	57	340	344	1	281	290	4.81e-114	324
TRINITY_DN13428_c0_g2_i1.p1	Spodoptera|XP_050559196.1	48.696	345	116	5	6	340	344	8	301	304	2.53e-113	323
TRINITY_DN13428_c0_g2_i1.p1	Spodoptera|XP_035433286.1	45.238	336	176	3	6	340	344	6	334	344	5.92e-102	295
TRINITY_DN13428_c0_g2_i1.p1	Bmori|XP_012551199.2	45.930	344	179	4	1	343	344	5	342	349	3.78e-98	286
TRINITY_DN13428_c0_g2_i1.p1	Bmori|XP_062529457.1	41.547	349	160	5	6	340	344	4	322	326	2.61e-91	267
TRINITY_DN13428_c0_g2_i1.p1	Spodoptera|XP_035432672.2	42.814	334	176	2	7	340	344	5	323	327	1.08e-85	253
TRINITY_DN13428_c0_g2_i1.p1	Spodoptera|XP_035436301.1	23.474	213	130	9	64	264	344	64	255	341	0.002	29.3
TRINITY_DN13428_c0_g2_i1.p1	Bmori|XP_037869304.1	23.043	230	143	11	48	267	344	33	238	319	0.13	23.9
TRINITY_DN590_c0_g1_i7.p1	Spodoptera|XP_035432548.2	70.000	10	3	0	1086	1095	1173	226	235	311	0.51	23.9
TRINITY_DN10970_c0_g1_i2.p1	Spodoptera|XP_035442818.1	39.130	23	14	0	114	136	150	214	236	390	0.70	20.0
TRINITY_DN1233_c0_g1_i11.p1	Spodoptera|XP_035432672.2	32.075	53	20	2	309	347	386	170	220	327	0.52	21.9
TRINITY_DN310_c0_g3_i1.p1	Spodoptera|XP_035433286.1	54.167	24	10	1	1	24	139	124	146	344	0.22	21.6
TRINITY_DN310_c0_g3_i1.p1	Spodoptera|XP_035442818.1	42.857	21	12	0	114	134	139	76	96	390	0.31	21.2
TRINITY_DN310_c0_g3_i1.p1	Bmori|XP_012551199.2	53.846	13	6	0	1	13	139	128	140	349	0.72	20.0
TRINITY_DN2407_c1_g3_i5.p1	Bmori|XP_037869304.1	44.444	18	10	0	71	88	419	274	291	319	0.75	21.6
TRINITY_DN2407_c1_g3_i5.p1	Bmori|XP_062529457.1	50.000	20	10	0	241	260	419	87	106	326	0.80	21.6
TRINITY_DN9300_c0_g1_i1.p1	Spodoptera|XP_035442818.1	42.105	19	11	0	18	36	122	269	287	390	0.32	20.8
TRINITY_DN6662_c1_g1_i2.p1	Spodoptera|XP_035442818.1	32.143	56	35	2	106	159	491	25	79	390	0.16	24.3
TRINITY_DN6662_c1_g1_i2.p1	Spodoptera|XP_050559193.1	26.087	46	27	1	407	445	491	195	240	349	0.93	21.6
TRINITY_DN2147_c0_g1_i2.p1	Spodoptera|XP_050559196.1	33.898	59	33	3	335	387	1168	78	136	304	1.00	22.7
TRINITY_DN24143_c0_g3_i1.p1	Spodoptera|XP_035436318.2	50.000	20	10	0	291	310	1201	41	60	351	0.19	25.0
TRINITY_DN24143_c0_g3_i1.p1	Spodoptera|XP_050559196.1	50.000	20	10	0	291	310	1201	41	60	304	0.22	25.0
TRINITY_DN33269_c0_g2_i1.p2	Bmori|XP_037869304.1	54.545	11	5	0	77	87	100	56	66	319	0.95	18.9
TRINITY_DN33269_c0_g2_i1.p2	Spodoptera|XP_035436301.1	54.545	11	5	0	77	87	100	75	85	341	0.96	18.9
TRINITY_DN1234_c0_g1_i5.p1	Spodoptera|XP_035432672.2	37.143	35	20	1	159	193	730	247	279	327	0.31	23.9
TRINITY_DN7709_c0_g1_i15.p1	Spodoptera|XP_035436301.1	41.667	24	14	0	206	229	866	296	319	341	0.56	23.1
TRINITY_DN26410_c0_g2_i1.p1	Bmori|XP_062526415.1	41.935	31	15	1	47	77	501	35	62	277	0.13	24.3
TRINITY_DN26410_c0_g2_i1.p1	Bmori|XP_062526412.1	41.935	31	15	1	47	77	501	47	74	289	0.13	24.3
TRINITY_DN26410_c0_g2_i1.p1	Bmori|XP_004930400.2	41.935	31	15	1	47	77	501	104	131	346	0.14	24.3
TRINITY_DN9301_c0_g1_i1.p2	Bmori|XP_012550153.2	36.667	30	19	0	25	54	104	109	138	312	0.42	20.0
TRINITY_DN3199_c0_g1_i1.p1	Spodoptera|XP_050559703.1	28.235	85	47	4	104	180	588	188	266	315	0.32	23.5
TRINITY_DN60825_c0_g1_i1.p1	Spodoptera|XP_035442818.1	22.581	31	24	0	49	79	155	146	176	390	0.34	21.2
TRINITY_DN554_c2_g1_i2.p1	Spodoptera|XP_035432548.2	37.500	32	20	0	73	104	516	72	103	311	0.21	23.9
TRINITY_DN942_c5_g1_i1.p1	Bmori|XP_062526415.1	26.471	68	43	3	380	445	827	174	236	277	0.35	23.9
TRINITY_DN942_c5_g1_i1.p1	Bmori|XP_062526412.1	26.471	68	43	3	380	445	827	186	248	289	0.37	23.9
TRINITY_DN942_c5_g1_i1.p1	Bmori|XP_004930400.2	26.471	68	43	3	380	445	827	243	305	346	0.40	23.5
TRINITY_DN24144_c0_g2_i1.p1	Spodoptera|XP_035436318.2	32.000	25	17	0	91	115	277	29	53	351	0.13	23.5
TRINITY_DN24144_c0_g2_i1.p1	Spodoptera|XP_050559196.1	33.333	24	16	0	91	114	277	29	52	304	0.14	23.5
TRINITY_DN24144_c0_g2_i1.p1	Bmori|XP_037867392.1	25.532	47	35	0	83	129	277	250	296	395	0.58	21.6
TRINITY_DN1373_c0_g2_i1.p1	Bmori|XP_062527116.1	32.432	37	24	1	165	201	840	245	280	436	0.86	22.7
TRINITY_DN6935_c0_g1_i14.p1	Spodoptera|XP_050559703.1	28.571	77	37	5	5	66	113	171	244	315	1.00	18.9
TRINITY_DN11183_c0_g3_i1.p1	Spodoptera|XP_050559191.1	40.000	35	21	0	132	166	903	272	306	352	0.24	24.6
TRINITY_DN29008_c0_g1_i1.p1	Bmori|XP_062524699.1	50.000	16	8	0	83	98	124	17	32	343	0.17	21.6
TRINITY_DN25894_c0_g1_i1.p1	Bmori|XP_037867392.1	29.412	34	24	0	2	35	178	211	244	395	0.86	20.0
TRINITY_DN8785_c0_g1_i9.p1	Bmori|XP_062527116.1	30.233	43	30	0	39	81	124	30	72	436	0.30	20.8
TRINITY_DN8785_c0_g1_i9.p1	Spodoptera|XP_050549308.1	29.412	34	24	0	39	72	124	30	63	431	0.86	19.2
TRINITY_DN50370_c0_g1_i1.p1	Bmori|XP_062529457.1	32.143	28	12	1	76	96	100	85	112	326	0.29	20.4
TRINITY_DN7872_c0_g2_i2.p1	Spodoptera|XP_035433249.2	24.359	78	43	2	339	400	423	140	217	238	0.41	22.3
TRINITY_DN17682_c0_g1_i1.p1	Spodoptera|XP_035442818.1	48.718	78	39	1	1	78	148	259	335	390	3.85e-19	73.2
TRINITY_DN17682_c0_g1_i1.p1	Spodoptera|XP_035432548.2	44.156	77	42	1	1	77	148	182	257	311	6.96e-18	69.3
TRINITY_DN17682_c0_g1_i1.p1	Bmori|XP_037867392.1	40.506	79	46	1	1	79	148	264	341	395	1.44e-17	68.6
TRINITY_DN3756_c0_g1_i1.p1	Spodoptera|XP_035435946.2	31.034	29	20	0	17	45	234	1	29	344	0.033	25.0
TRINITY_DN3081_c0_g1_i18.p1	Spodoptera|XP_035442818.1	40.741	27	16	0	438	464	749	360	386	390	0.66	22.7
TRINITY_DN13566_c0_g1_i1.p1	Spodoptera|XP_035436318.2	29.545	44	27	1	158	197	239	302	345	351	1.00	20.4
TRINITY_DN5325_c0_g1_i6.p1	Spodoptera|XP_035435946.2	37.500	24	15	0	126	149	376	50	73	344	0.59	21.9
TRINITY_DN1907_c0_g1_i1.p1	Bmori|XP_062524699.1	26.230	61	41	1	4	60	292	154	214	343	0.29	22.3
TRINITY_DN1232_c0_g1_i3.p1	Spodoptera|XP_050559703.1	34.211	38	20	1	2111	2143	3015	159	196	315	0.60	25.0
TRINITY_DN35534_c0_g1_i1.p1	Spodoptera|XP_035433286.1	23.913	46	35	0	104	149	212	245	290	344	0.81	20.4
TRINITY_DN11717_c0_g2_i2.p1	Spodoptera|XP_050559193.1	26.316	76	42	2	92	161	540	90	157	349	0.13	24.6
TRINITY_DN20168_c0_g1_i2.p1	Bmori|XP_062524699.1	44.000	25	14	0	42	66	599	113	137	343	0.34	23.5
TRINITY_DN52753_c0_g1_i1.p1	Spodoptera|XP_035442818.1	32.500	40	15	1	44	71	115	201	240	390	0.68	19.6
TRINITY_DN9557_c0_g1_i1.p1	Spodoptera|XP_035442818.1	64.286	14	5	0	42	55	105	79	92	390	0.34	20.4
TRINITY_DN257_c3_g1_i1.p1	Spodoptera|XP_050559703.1	31.429	35	24	0	204	238	493	184	218	315	0.42	22.7
TRINITY_DN18454_c0_g1_i2.p1	Bmori|XP_004930400.2	33.333	33	17	1	47	79	154	7	34	346	0.67	20.0
TRINITY_DN18996_c1_g1_i1.p1	Bmori|XP_062524699.1	28.000	50	32	1	6	51	103	155	204	343	0.25	20.4
TRINITY_DN9980_c1_g1_i1.p1	Bmori|XP_004930400.2	29.032	31	22	0	33	63	99	26	56	346	0.42	20.0
TRINITY_DN9980_c1_g1_i1.p1	Bmori|XP_037867392.1	28.125	32	15	1	41	64	99	281	312	395	0.94	18.9
TRINITY_DN9980_c1_g1_i1.p1	Spodoptera|XP_035432672.2	57.143	14	6	0	77	90	99	236	249	327	0.98	18.9
TRINITY_DN12793_c0_g1_i1.p1	Spodoptera|XP_035436301.1	25.532	47	34	1	16	61	140	237	283	341	0.73	20.0
TRINITY_DN8085_c0_g2_i1.p1	Bmori|XP_062524699.1	40.000	15	9	0	51	65	426	312	326	343	0.94	21.6
TRINITY_DN47162_c0_g1_i1.p1	Spodoptera|XP_050549308.1	32.258	31	19	1	49	79	101	254	282	431	0.44	20.0
TRINITY_DN38969_c0_g1_i1.p1	Bmori|XP_037867392.1	38.889	18	11	0	17	34	107	107	124	395	0.89	18.9
TRINITY_DN57780_c0_g1_i1.p1	Bmori|XP_012550153.2	42.308	26	14	1	6	30	122	228	253	312	0.28	20.8
TRINITY_DN4691_c0_g1_i1.p1	Bmori|XP_062527116.1	31.250	32	22	0	440	471	483	104	135	436	0.87	21.9
TRINITY_DN669_c2_g1_i2.p1	Bmori|XP_062529457.1	39.535	43	21	3	253	294	404	170	208	326	0.24	23.1
TRINITY_DN669_c2_g2_i1.p1	Bmori|XP_012550153.2	31.429	35	24	0	49	83	119	60	94	312	0.64	19.6
TRINITY_DN20166_c0_g1_i1.p1	Bmori|XP_012551199.2	25.000	60	41	2	374	433	499	64	119	349	0.48	22.7
TRINITY_DN14478_c0_g1_i1.p1	Bmori|XP_062526412.1	20.588	68	54	0	34	101	199	221	288	289	0.68	20.4
TRINITY_DN14478_c0_g1_i1.p1	Spodoptera|XP_035433286.1	53.846	13	6	0	64	76	199	127	139	344	0.74	20.4
TRINITY_DN14478_c0_g1_i1.p1	Bmori|XP_004930400.2	20.588	68	54	0	34	101	199	278	345	346	0.88	20.4
TRINITY_DN14478_c0_g1_i1.p1	Bmori|XP_062526415.1	20.588	68	54	0	34	101	199	209	276	277	0.96	20.0
TRINITY_DN3755_c0_g1_i3.p1	Spodoptera|XP_035442818.1	37.143	35	19	1	239	270	282	109	143	390	0.29	22.3
TRINITY_DN14478_c0_g2_i1.p1	Bmori|XP_012550153.2	23.529	51	39	0	81	131	135	120	170	312	0.62	20.0
TRINITY_DN14064_c1_g1_i2.p1	Bmori|XP_021206280.1	34.483	29	19	0	175	203	271	252	280	290	0.72	21.2
TRINITY_DN1208_c0_g1_i1.p1	Bmori|XP_012550153.2	22.059	68	46	2	17	84	139	208	268	312	0.036	23.9
TRINITY_DN11041_c0_g2_i2.p1	Spodoptera|XP_035436301.1	25.333	75	46	3	412	479	976	209	280	341	0.42	23.9
TRINITY_DN11041_c0_g2_i2.p1	Bmori|XP_037869304.1	39.286	28	17	0	265	292	976	289	316	319	0.47	23.5
TRINITY_DN16884_c0_g1_i4.p1	Spodoptera|XP_035435946.2	30.986	71	34	4	80	139	197	1	67	344	0.32	21.6
TRINITY_DN4527_c0_g1_i3.p1	Bmori|XP_037867392.1	27.586	58	38	3	105	160	213	45	100	395	0.22	22.3
TRINITY_DN4527_c0_g1_i3.p1	Spodoptera|XP_035435946.2	32.609	46	24	2	110	155	213	231	269	344	0.90	20.4
TRINITY_DN61736_c0_g1_i1.p1	Spodoptera|XP_035433286.1	23.636	55	27	2	80	119	120	46	100	344	0.21	21.2
TRINITY_DN2284_c0_g1_i10.p1	Bmori|XP_037867392.1	31.250	48	33	0	736	783	1135	107	154	395	0.010	29.3
TRINITY_DN7171_c0_g1_i10.p1	Spodoptera|XP_050559193.1	28.571	42	30	0	193	234	755	234	275	349	0.77	22.7
TRINITY_DN2545_c1_g3_i1.p1	Spodoptera|XP_050549308.1	22.581	31	24	0	112	142	275	299	329	431	0.69	21.2
TRINITY_DN1632_c1_g1_i1.p1	Bmori|XP_062526412.1	22.500	40	30	1	448	486	501	42	81	289	0.60	22.3
TRINITY_DN1632_c1_g1_i1.p1	Bmori|XP_062526415.1	22.500	40	30	1	448	486	501	30	69	277	0.61	22.3
TRINITY_DN1632_c1_g1_i1.p1	Bmori|XP_004930400.2	22.500	40	30	1	448	486	501	99	138	346	0.62	22.3
TRINITY_DN26524_c0_g4_i1.p1	Bmori|XP_062526412.1	23.438	64	39	2	143	198	216	224	285	289	0.30	21.9
TRINITY_DN26524_c0_g4_i1.p1	Bmori|XP_004930400.2	23.438	64	39	2	143	198	216	281	342	346	0.32	21.9
TRINITY_DN26524_c0_g4_i1.p1	Bmori|XP_062526415.1	23.438	64	39	2	143	198	216	212	273	277	0.34	21.6
TRINITY_DN26524_c0_g4_i1.p1	Spodoptera|XP_035436301.1	26.923	52	35	2	15	63	216	86	137	341	0.75	20.8
TRINITY_DN16743_c0_g1_i4.p1	Spodoptera|XP_050549308.1	25.610	82	45	4	54	119	139	319	400	431	0.051	23.5
TRINITY_DN16743_c0_g1_i4.p1	Bmori|XP_062527116.1	25.610	82	45	4	54	119	139	322	403	436	0.060	23.1
TRINITY_DN1632_c1_g2_i1.p1	Bmori|XP_062526415.1	40.541	37	13	1	409	445	514	136	163	277	0.46	22.7
TRINITY_DN1632_c1_g2_i1.p1	Bmori|XP_062526412.1	40.541	37	13	1	409	445	514	148	175	289	0.48	22.7
TRINITY_DN1632_c1_g2_i1.p1	Bmori|XP_004930400.2	40.541	37	13	1	409	445	514	205	232	346	0.53	22.3
TRINITY_DN15535_c1_g2_i1.p1	Bmori|XP_062529457.1	45.455	22	9	1	3	21	106	217	238	326	0.60	19.6
TRINITY_DN15535_c1_g2_i1.p1	Spodoptera|XP_035436318.2	58.333	12	5	0	3	14	106	236	247	351	0.63	19.6
TRINITY_DN15535_c1_g2_i1.p1	Spodoptera|XP_050559193.1	58.333	12	5	0	3	14	106	234	245	349	0.71	19.2
TRINITY_DN15535_c1_g2_i1.p1	Bmori|XP_004930400.2	50.000	16	8	0	3	18	106	228	243	346	0.78	19.2
TRINITY_DN42132_c0_g1_i3.p1	Spodoptera|XP_035433286.1	31.111	45	31	0	51	95	1038	47	91	344	0.79	23.1
TRINITY_DN45312_c0_g1_i1.p1	Spodoptera|XP_035436301.1	28.571	42	23	1	43	77	116	250	291	341	0.35	20.4
TRINITY_DN4690_c0_g1_i2.p1	Bmori|XP_062529457.1	29.412	68	35	3	28	83	534	90	156	326	0.77	21.9
TRINITY_DN13564_c0_g1_i1.p1	Spodoptera|XP_035433249.2	29.545	44	28	1	45	85	268	175	218	238	0.30	21.9
TRINITY_DN14738_c1_g1_i3.p1	Spodoptera|XP_035433286.1	30.000	40	25	1	66	105	107	28	64	344	0.064	22.3
TRINITY_DN7705_c0_g1_i2.p1	Spodoptera|XP_050559193.1	26.415	53	36	1	329	381	669	248	297	349	0.76	22.3
TRINITY_DN1207_c0_g1_i6.p1	Bmori|XP_021206280.1	36.667	30	19	0	234	263	1065	21	50	290	0.074	26.2
TRINITY_DN1207_c0_g1_i6.p1	Bmori|XP_021206280.1	30.233	43	30	0	630	672	1065	247	289	290	0.28	24.6
TRINITY_DN1207_c0_g1_i6.p1	Bmori|XP_062524699.1	27.451	51	34	2	215	263	1065	57	106	343	0.31	24.3
TRINITY_DN1207_c0_g1_i6.p1	Spodoptera|XP_035436301.1	43.478	23	13	0	874	896	1065	147	169	341	0.59	23.5
TRINITY_DN1207_c0_g1_i6.p1	Bmori|XP_037869304.1	40.000	30	17	1	874	902	1065	128	157	319	0.86	23.1
TRINITY_DN3195_c0_g1_i1.p1	Bmori|XP_062524699.1	22.093	86	46	3	374	457	590	266	332	343	0.12	24.6
TRINITY_DN3195_c0_g1_i1.p1	Spodoptera|XP_035436318.2	34.615	26	15	1	434	457	590	315	340	351	0.63	22.3
TRINITY_DN3195_c0_g1_i1.p1	Spodoptera|XP_050559196.1	30.556	36	23	1	424	457	590	258	293	304	0.64	22.3
TRINITY_DN3195_c0_g1_i1.p1	Bmori|XP_021206280.1	19.192	99	52	4	362	453	590	192	269	290	0.74	22.3
TRINITY_DN16883_c0_g1_i1.p1	Spodoptera|XP_050559193.1	27.044	159	81	8	80	211	256	187	337	349	0.025	25.4
TRINITY_DN5723_c1_g1_i12.p1	Bmori|XP_021206280.1	35.714	28	15	1	1	25	192	228	255	290	0.28	21.6
TRINITY_DN5723_c1_g1_i12.p1	Bmori|XP_062524699.1	47.059	17	9	0	104	120	192	160	176	343	0.31	21.6
TRINITY_DN5723_c1_g1_i12.p1	Bmori|XP_062524699.1	31.429	35	19	1	4	33	192	288	322	343	0.62	20.8
TRINITY_DN5723_c1_g1_i12.p1	Spodoptera|XP_050559191.1	50.000	14	7	0	104	117	192	171	184	352	0.45	21.2
TRINITY_DN5723_c1_g1_i12.p1	Spodoptera|XP_050559196.1	44.000	25	13	1	37	61	192	198	221	304	0.57	20.8
TRINITY_DN5723_c1_g1_i12.p1	Spodoptera|XP_035436318.2	44.000	25	13	1	37	61	192	198	221	351	0.66	20.4
TRINITY_DN5723_c1_g1_i12.p1	Spodoptera|XP_035435946.2	53.846	13	6	0	105	117	192	163	175	344	0.89	20.0
TRINITY_DN1888_c1_g1_i3.p1	Spodoptera|XP_035435946.2	42.857	28	15	1	98	124	258	166	193	344	0.036	25.0
TRINITY_DN1888_c1_g1_i3.p1	Spodoptera|XP_050559191.1	39.286	28	16	1	98	124	258	175	202	352	0.11	23.5
TRINITY_DN1888_c1_g1_i3.p1	Bmori|XP_037867392.1	29.730	37	19	1	161	190	258	99	135	395	0.54	21.6
TRINITY_DN1888_c1_g1_i3.p1	Spodoptera|XP_050559197.1	23.171	82	56	3	102	182	258	167	242	343	0.82	20.8
TRINITY_DN7688_c1_g1_i1.p1	Spodoptera|XP_050559197.1	27.941	68	37	3	307	370	434	74	133	343	0.059	25.4
TRINITY_DN8781_c0_g1_i1.p1	Bmori|XP_012550153.2	39.394	33	19	1	32	63	346	273	305	312	0.82	21.2
TRINITY_DN12768_c0_g1_i3.p1	Spodoptera|XP_035442818.1	37.008	381	218	6	23	400	405	24	385	390	3.22e-80	243
TRINITY_DN12768_c0_g1_i3.p1	Bmori|XP_037867392.1	36.236	356	196	5	52	400	405	59	390	395	3.91e-80	243
TRINITY_DN12768_c0_g1_i3.p1	Spodoptera|XP_035432548.2	38.907	311	165	7	93	400	405	18	306	311	4.42e-72	220
TRINITY_DN11180_c0_g1_i3.p1	Spodoptera|XP_050559703.1	30.208	96	56	5	19	112	327	87	173	315	0.001	30.0
TRINITY_DN11180_c0_g1_i3.p1	Bmori|XP_012550153.2	25.134	187	94	9	19	182	327	9	172	312	0.003	28.9
TRINITY_DN11180_c0_g1_i3.p1	Spodoptera|XP_035433249.2	27.273	55	35	1	28	82	327	25	74	238	0.039	25.4
TRINITY_DN11180_c0_g1_i3.p1	Bmori|XP_037867392.1	25.000	36	27	0	173	208	327	36	71	395	0.93	21.2
TRINITY_DN1347_c0_g1_i1.p1	Spodoptera|XP_035432548.2	40.000	35	15	2	57	87	261	199	231	311	0.50	21.6
TRINITY_DN3752_c0_g1_i1.p1	Bmori|XP_012551199.2	34.375	32	20	1	106	136	523	188	219	349	0.28	23.5
TRINITY_DN30486_c1_g1_i1.p1	Spodoptera|XP_050549308.1	33.333	21	14	0	74	94	108	3	23	431	0.39	20.0
TRINITY_DN30486_c1_g1_i1.p1	Bmori|XP_062527116.1	28.571	21	15	0	74	94	108	3	23	436	0.58	19.6
TRINITY_DN11157_c0_g1_i1.p1	Bmori|XP_062529457.1	50.000	18	9	0	251	268	539	227	244	326	0.36	23.1
TRINITY_DN16742_c0_g1_i3.p1	Spodoptera|XP_050549308.1	41.176	34	16	1	19	48	104	369	402	431	0.31	20.4
TRINITY_DN7984_c0_g1_i2.p1	Bmori|XP_062527116.1	28.125	64	37	2	8	71	357	133	187	436	0.053	25.0
TRINITY_DN7984_c0_g1_i2.p1	Spodoptera|XP_050549308.1	36.111	36	20	1	37	72	357	153	185	431	0.72	21.6
TRINITY_DN11702_c2_g1_i4.p1	Spodoptera|XP_035442818.1	44.000	25	14	0	387	411	433	55	79	390	0.56	22.3
TRINITY_DN1486_c0_g1_i10.p1	Bmori|XP_062527116.1	31.579	38	26	0	212	249	308	43	80	436	0.51	21.9
TRINITY_DN1770_c1_g1_i5.p1	Spodoptera|XP_050549308.1	26.389	72	39	3	100	164	214	198	262	431	0.52	21.2
TRINITY_DN9553_c0_g1_i1.p1	Bmori|XP_012551199.2	22.449	49	35	2	64	109	148	75	123	349	0.69	20.0
TRINITY_DN126_c1_g2_i2.p1	Bmori|XP_062529457.1	34.483	29	19	0	108	136	206	179	207	326	0.18	22.3
TRINITY_DN1206_c0_g1_i10.p1	Bmori|XP_021206280.1	28.571	35	25	0	336	370	773	238	272	290	0.36	23.5
TRINITY_DN679_c0_g1_i1.p1	Spodoptera|XP_035432548.2	28.571	56	39	1	46	101	228	242	296	311	0.002	28.9
TRINITY_DN2281_c0_g1_i8.p1	Spodoptera|XP_035433249.2	26.786	56	37	1	46	97	399	35	90	238	0.14	23.9
TRINITY_DN2281_c0_g1_i8.p1	Spodoptera|XP_035432548.2	26.190	42	31	0	150	191	399	80	121	311	0.17	23.5
TRINITY_DN2281_c0_g1_i8.p1	Spodoptera|XP_050559703.1	40.909	22	13	0	337	358	399	100	121	315	0.27	23.1
TRINITY_DN16184_c0_g1_i1.p1	Spodoptera|XP_035442818.1	30.769	26	18	0	26	51	168	327	352	390	0.75	20.0
TRINITY_DN5438_c0_g1_i2.p2	Bmori|XP_062526412.1	40.000	20	12	0	62	81	180	224	243	289	0.13	22.7
TRINITY_DN5438_c0_g1_i2.p2	Bmori|XP_062526415.1	40.000	20	12	0	62	81	180	212	231	277	0.14	22.3
TRINITY_DN5438_c0_g1_i2.p2	Bmori|XP_004930400.2	40.000	20	12	0	62	81	180	281	300	346	0.14	22.7
TRINITY_DN11853_c0_g1_i1.p1	Spodoptera|XP_035433249.2	29.412	34	24	0	160	193	292	141	174	238	0.37	21.9
TRINITY_DN11853_c0_g1_i1.p1	Bmori|XP_062524699.1	37.143	35	14	2	4	33	292	246	277	343	0.54	21.6
TRINITY_DN11853_c0_g1_i1.p1	Bmori|XP_004930400.2	25.000	64	39	2	99	155	292	89	150	346	0.96	20.8
TRINITY_DN20979_c0_g1_i1.p1	Bmori|XP_012550153.2	36.364	33	21	0	339	371	373	109	141	312	0.60	21.9
TRINITY_DN23203_c0_g2_i4.p1	Bmori|XP_062527116.1	33.333	45	22	2	924	968	1363	197	233	436	0.52	24.3
TRINITY_DN393_c3_g1_i1.p1	Spodoptera|XP_050559196.1	29.268	41	21	1	3	43	1189	138	170	304	0.70	23.5
TRINITY_DN393_c3_g1_i1.p1	Spodoptera|XP_035436318.2	29.268	41	21	1	3	43	1189	138	170	351	0.73	23.5
TRINITY_DN30641_c0_g1_i1.p1	Bmori|XP_037867392.1	26.087	46	25	2	223	260	485	28	72	395	0.50	22.7
TRINITY_DN57753_c0_g1_i1.p1	Spodoptera|XP_035435946.2	27.273	55	37	1	79	130	139	246	300	344	0.26	21.2
TRINITY_DN4664_c0_g1_i2.p1	Spodoptera|XP_035433286.1	30.000	30	21	0	65	94	109	172	201	344	0.77	19.2
TRINITY_DN18567_c0_g1_i2.p1	Bmori|XP_012551199.2	43.333	30	12	2	85	114	501	255	279	349	1.00	21.6
TRINITY_DN561_c0_g1_i1.p1	Bmori|XP_037869304.1	32.353	34	23	0	179	212	332	259	292	319	0.24	22.7
TRINITY_DN7146_c0_g1_i5.p1	Bmori|XP_012550153.2	32.258	124	78	3	8	130	195	6	124	312	1.36e-15	64.3
TRINITY_DN7146_c0_g1_i5.p1	Bmori|XP_012550153.2	35.714	42	27	0	136	177	195	197	238	312	9.32e-07	38.5
TRINITY_DN7146_c0_g1_i5.p1	Spodoptera|XP_035433249.2	34.884	86	50	2	9	94	195	14	93	238	1.33e-09	46.6
TRINITY_DN7146_c0_g1_i5.p1	Spodoptera|XP_050559703.1	24.828	145	88	5	20	163	195	96	220	315	2.19e-06	37.4
TRINITY_DN7146_c0_g1_i5.p1	Spodoptera|XP_035433286.1	22.222	45	35	0	15	59	195	100	144	344	0.53	20.8
TRINITY_DN3751_c0_g1_i12.p1	Bmori|XP_037867392.1	23.776	286	202	5	79	351	363	56	338	395	7.20e-17	71.6
TRINITY_DN3751_c0_g1_i12.p1	Spodoptera|XP_035432548.2	25.532	235	142	9	147	355	363	33	260	311	1.65e-16	69.7
TRINITY_DN3751_c0_g1_i12.p1	Spodoptera|XP_035442818.1	23.529	289	202	8	77	351	363	50	333	390	6.08e-15	65.5
TRINITY_DN10941_c0_g1_i16.p1	Spodoptera|XP_050559703.1	45.000	20	10	1	73	91	713	277	296	315	0.37	23.5
TRINITY_DN7430_c1_g2_i1.p1	Spodoptera|XP_035433249.2	31.429	35	21	1	654	688	778	66	97	238	0.43	23.5
TRINITY_DN55487_c0_g1_i1.p1	Spodoptera|XP_050559703.1	28.986	69	26	4	26	83	225	151	207	315	0.59	21.2
TRINITY_DN124_c1_g1_i1.p1	Spodoptera|XP_035432548.2	19.643	56	45	0	167	222	571	255	310	311	0.72	22.3
TRINITY_DN42805_c0_g1_i1.p1	Spodoptera|XP_035432548.2	28.333	60	34	2	13	63	116	162	221	311	0.34	20.4
TRINITY_DN42805_c0_g1_i1.p1	Spodoptera|XP_035432672.2	33.333	18	12	0	34	51	116	180	197	327	0.35	20.4
TRINITY_DN2398_c0_g1_i7.p1	Bmori|XP_062526412.1	30.612	49	34	0	433	481	672	209	257	289	0.017	27.7
TRINITY_DN2398_c0_g1_i7.p1	Bmori|XP_062526415.1	30.612	49	34	0	433	481	672	197	245	277	0.021	27.3
TRINITY_DN2398_c0_g1_i7.p1	Bmori|XP_004930400.2	30.612	49	34	0	433	481	672	266	314	346	0.021	27.3
TRINITY_DN2398_c0_g1_i7.p1	Spodoptera|XP_035435946.2	27.273	44	27	1	131	174	672	34	72	344	0.085	25.4
TRINITY_DN2398_c0_g1_i7.p1	Spodoptera|XP_050559191.1	28.302	53	38	0	409	461	672	252	304	352	0.58	22.7
TRINITY_DN36442_c0_g1_i1.p1	Spodoptera|XP_035432548.2	29.032	62	38	2	49	110	120	124	179	311	0.039	23.5
TRINITY_DN36442_c0_g1_i1.p1	Spodoptera|XP_035442818.1	31.034	29	20	0	7	35	120	30	58	390	0.30	20.8
TRINITY_DN1204_c0_g1_i1.p1	Bmori|XP_037867392.1	25.000	48	35	1	8	54	164	110	157	395	0.34	21.2
TRINITY_DN1204_c0_g1_i1.p1	Spodoptera|XP_035433286.1	26.829	41	28	1	80	118	164	11	51	344	0.58	20.4
TRINITY_DN1204_c0_g1_i1.p1	Spodoptera|XP_035442818.1	22.581	62	43	1	84	140	164	317	378	390	0.81	20.0
TRINITY_DN14475_c0_g1_i1.p1	Spodoptera|XP_035433249.2	40.625	32	14	2	1138	1168	1696	52	79	238	0.16	25.8
TRINITY_DN20163_c0_g3_i1.p1	Bmori|XP_062524699.1	44.828	29	15	1	17	45	182	117	144	343	0.56	20.8
TRINITY_DN13562_c0_g1_i1.p1	Spodoptera|XP_035442818.1	28.571	77	50	2	47	118	462	245	321	390	0.14	24.3
TRINITY_DN36581_c0_g1_i1.p1	Spodoptera|XP_050559703.1	32.432	37	24	1	57	92	460	228	264	315	0.11	24.6
TRINITY_DN5436_c0_g2_i1.p1	Bmori|XP_062524699.1	30.000	40	26	1	400	439	563	219	256	343	0.72	22.3
TRINITY_DN588_c9_g1_i1.p1	Bmori|XP_062527116.1	40.476	42	22	1	529	567	724	326	367	436	0.017	27.7
TRINITY_DN2118_c0_g1_i21.p1	Bmori|XP_037867392.1	45.000	20	11	0	294	313	653	119	138	395	0.89	22.3
TRINITY_DN3995_c2_g1_i2.p1	Spodoptera|XP_050559193.1	31.579	38	26	0	77	114	145	158	195	349	0.83	19.6
TRINITY_DN7286_c0_g1_i4.p1	Spodoptera|XP_035436301.1	36.585	41	25	1	591	630	743	291	331	341	0.58	23.1
TRINITY_DN3891_c0_g1_i22.p1	Spodoptera|XP_035435946.2	61.538	13	5	0	84	96	146	236	248	344	0.14	21.9
TRINITY_DN3891_c0_g1_i22.p1	Spodoptera|XP_050559191.1	39.286	28	15	1	84	111	146	245	270	352	0.34	20.8
TRINITY_DN3891_c0_g1_i22.p1	Spodoptera|XP_050559197.1	28.788	66	31	3	84	139	146	233	292	343	0.40	20.8
TRINITY_DN3891_c0_g1_i22.p1	Bmori|XP_062526412.1	61.538	13	5	0	84	96	146	178	190	289	0.53	20.4
TRINITY_DN3891_c0_g1_i22.p1	Bmori|XP_004930400.2	61.538	13	5	0	84	96	146	235	247	346	0.56	20.4
TRINITY_DN3891_c0_g1_i22.p1	Bmori|XP_062526415.1	61.538	13	5	0	84	96	146	166	178	277	0.57	20.0
TRINITY_DN3891_c0_g1_i22.p1	Bmori|XP_037867392.1	24.299	107	58	5	24	110	146	31	134	395	0.73	20.0
TRINITY_DN3891_c0_g1_i22.p1	Bmori|XP_012551199.2	39.130	23	14	0	74	96	146	228	250	349	0.88	19.6
TRINITY_DN59439_c0_g1_i1.p1	Spodoptera|XP_050559191.1	34.211	38	20	2	188	225	239	77	109	352	0.43	21.6
TRINITY_DN5437_c0_g1_i1.p1	Bmori|XP_012551199.2	28.000	50	32	2	116	162	516	3	51	349	0.091	25.0
TRINITY_DN5437_c0_g1_i1.p1	Spodoptera|XP_035433286.1	25.397	63	38	1	314	367	516	184	246	344	0.27	23.5
TRINITY_DN5437_c0_g1_i1.p1	Spodoptera|XP_050559191.1	30.556	36	16	1	328	354	516	209	244	352	0.60	22.3
TRINITY_DN36582_c0_g1_i1.p1	Bmori|XP_012550153.2	35.088	57	26	4	8	54	141	119	174	312	0.21	21.6
TRINITY_DN23598_c0_g1_i4.p1	Spodoptera|XP_050559193.1	30.435	46	25	2	111	151	432	22	65	349	0.29	23.1
TRINITY_DN52190_c0_g1_i1.p1	Spodoptera|XP_035435946.2	52.941	17	8	0	37	53	117	141	157	344	0.24	20.8
TRINITY_DN31553_c0_g1_i1.p1	Spodoptera|XP_035436301.1	21.667	60	41	1	80	133	199	47	106	341	0.55	20.8
TRINITY_DN31553_c0_g1_i1.p1	Bmori|XP_037869304.1	25.000	32	24	0	106	137	199	60	91	319	0.67	20.4
TRINITY_DN16997_c0_g1_i2.p1	Bmori|XP_037867392.1	40.000	25	15	0	118	142	385	235	259	395	0.022	26.6
TRINITY_DN16997_c0_g1_i2.p1	Spodoptera|XP_050559191.1	25.000	76	52	2	210	281	385	197	271	352	0.087	24.6
TRINITY_DN16997_c0_g1_i2.p1	Spodoptera|XP_035433249.2	26.786	56	39	1	91	144	385	63	118	238	0.12	23.9
TRINITY_DN16997_c0_g1_i2.p1	Spodoptera|XP_035436318.2	28.571	77	46	3	260	336	385	248	315	351	0.13	23.9
TRINITY_DN16997_c0_g1_i2.p1	Spodoptera|XP_035432672.2	36.364	22	14	0	260	281	385	228	249	327	0.87	21.2
TRINITY_DN2000_c0_g1_i17.p1	Bmori|XP_062524699.1	32.353	34	22	1	302	335	424	16	48	343	0.059	25.4
TRINITY_DN2000_c0_g1_i17.p1	Bmori|XP_012551199.2	23.529	102	65	4	222	311	424	215	315	349	0.31	23.1
TRINITY_DN4663_c0_g1_i1.p1	Bmori|XP_012551199.2	30.612	49	31	1	627	675	680	108	153	349	0.62	22.7
TRINITY_DN50318_c0_g1_i1.p1	Spodoptera|XP_050559703.1	25.714	35	26	0	39	73	126	203	237	315	0.23	21.2
TRINITY_DN50318_c0_g1_i1.p1	Bmori|XP_062527116.1	35.484	31	18	1	44	74	126	342	370	436	0.30	20.8
TRINITY_DN50318_c0_g1_i1.p1	Spodoptera|XP_050549308.1	32.353	34	21	1	44	77	126	339	370	431	0.45	20.4
TRINITY_DN3750_c0_g1_i7.p1	Spodoptera|XP_050559703.1	36.000	25	16	0	111	135	521	206	230	315	0.62	22.3
TRINITY_DN3727_c0_g1_i10.p1	Bmori|XP_037869304.1	58.333	12	5	0	205	216	581	306	317	319	0.39	23.1
TRINITY_DN43042_c0_g1_i2.p1	Spodoptera|XP_050559196.1	27.273	33	24	0	62	94	105	198	230	304	0.77	19.2
TRINITY_DN43042_c0_g1_i2.p1	Spodoptera|XP_035436318.2	27.273	33	24	0	62	94	105	198	230	351	0.99	18.9
TRINITY_DN3029_c0_g1_i25.p1	Spodoptera|XP_050559197.1	29.762	84	45	4	180	259	346	270	343	343	0.71	21.6
TRINITY_DN22405_c0_g1_i1.p1	Bmori|XP_062527116.1	26.016	123	84	4	301	418	873	305	425	436	0.14	25.0
TRINITY_DN48604_c0_g1_i1.p1	Spodoptera|XP_050549308.1	34.615	26	17	0	90	115	311	229	254	431	0.31	22.3
TRINITY_DN48604_c0_g1_i1.p1	Bmori|XP_062527116.1	34.615	26	17	0	90	115	311	232	257	436	0.45	21.9
TRINITY_DN7982_c0_g1_i6.p1	Spodoptera|XP_035436318.2	33.333	36	23	1	30	65	110	245	279	351	0.31	20.4
TRINITY_DN7982_c0_g1_i6.p1	Spodoptera|XP_050559196.1	28.571	35	25	0	20	54	110	235	269	304	0.37	20.0
TRINITY_DN7982_c0_g1_i6.p1	Bmori|XP_012551199.2	22.222	45	31	1	31	75	110	241	281	349	0.57	19.6
TRINITY_DN7982_c0_g1_i6.p1	Spodoptera|XP_035435946.2	32.000	25	17	0	30	54	110	238	262	344	0.61	19.6
TRINITY_DN1203_c0_g1_i1.p1	Bmori|XP_037869304.1	32.000	25	17	0	198	222	335	228	252	319	0.15	23.5
TRINITY_DN1203_c0_g1_i1.p1	Bmori|XP_037867392.1	26.389	72	41	3	159	230	335	53	112	395	0.20	23.1
TRINITY_DN11711_c0_g2_i1.p2	Bmori|XP_062524699.1	32.000	25	17	0	65	89	101	253	277	343	0.38	20.0
TRINITY_DN11711_c0_g2_i1.p2	Bmori|XP_037867392.1	50.000	14	7	0	64	77	101	152	165	395	0.64	19.2
TRINITY_DN14474_c0_g2_i10.p1	Bmori|XP_037867392.1	25.000	32	24	0	158	189	198	151	182	395	0.61	20.8
TRINITY_DN16856_c0_g1_i1.p1	Spodoptera|XP_050549308.1	24.528	53	40	0	348	400	1312	242	294	431	0.25	25.0
TRINITY_DN16856_c0_g1_i1.p1	Bmori|XP_062527116.1	22.642	53	41	0	348	400	1312	245	297	436	0.79	23.5
TRINITY_DN13561_c0_g1_i1.p1	Bmori|XP_012550153.2	37.500	24	14	1	164	187	215	260	282	312	0.94	20.4
TRINITY_DN9528_c0_g1_i5.p1	Bmori|XP_062526415.1	32.727	55	31	2	444	498	610	27	75	277	0.54	22.7
TRINITY_DN9528_c0_g1_i5.p1	Bmori|XP_062526412.1	32.727	55	31	2	444	498	610	39	87	289	0.67	22.3
TRINITY_DN9528_c0_g1_i5.p1	Bmori|XP_004930400.2	32.727	55	31	2	444	498	610	96	144	346	0.80	22.3
TRINITY_DN9528_c0_g1_i5.p1	Spodoptera|XP_050559196.1	23.333	150	105	4	166	313	610	96	237	304	0.90	21.9
TRINITY_DN19361_c0_g2_i2.p1	Spodoptera|XP_035435946.2	75.000	8	2	0	30	37	101	265	272	344	0.70	19.2
TRINITY_DN5435_c0_g1_i1.p1	Bmori|XP_062529457.1	19.565	92	61	3	94	172	268	88	179	326	0.040	25.0
TRINITY_DN5435_c0_g1_i1.p1	Spodoptera|XP_050559193.1	47.368	19	10	0	135	153	268	155	173	349	0.063	24.3
TRINITY_DN5435_c0_g1_i1.p1	Spodoptera|XP_035433286.1	42.105	19	11	0	135	153	268	148	166	344	0.16	23.1
TRINITY_DN5435_c0_g1_i1.p1	Spodoptera|XP_050559191.1	47.826	23	12	0	149	171	268	265	287	352	0.39	21.9
TRINITY_DN5435_c0_g1_i1.p1	Spodoptera|XP_035432548.2	40.000	20	10	1	135	152	268	164	183	311	0.93	20.8
TRINITY_DN5021_c1_g1_i1.p1	Spodoptera|XP_050559703.1	47.059	17	9	0	228	244	425	232	248	315	0.93	21.6
TRINITY_DN55345_c0_g1_i1.p1	Bmori|XP_037867392.1	41.176	34	13	2	18	51	99	218	244	395	0.025	23.5
TRINITY_DN55345_c0_g1_i1.p1	Spodoptera|XP_035432672.2	30.435	23	16	0	12	34	99	273	295	327	0.32	20.0
TRINITY_DN3169_c0_g2_i1.p1	Spodoptera|XP_050559193.1	29.412	51	26	3	342	385	707	95	142	349	0.28	23.9
TRINITY_DN1343_c0_g1_i14.p1	Spodoptera|XP_035436318.2	22.018	109	65	5	486	578	825	75	179	351	0.016	28.1
TRINITY_DN1343_c0_g1_i14.p1	Spodoptera|XP_050559196.1	22.018	109	65	5	486	578	825	75	179	304	0.017	28.1
TRINITY_DN1343_c0_g1_i14.p1	Bmori|XP_037869304.1	21.860	215	135	9	535	735	825	109	304	319	0.037	26.9
TRINITY_DN2540_c1_g2_i2.p1	Spodoptera|XP_035442818.1	30.233	43	11	1	156	179	330	302	344	390	0.29	22.7
TRINITY_DN52864_c0_g1_i1.p1	Bmori|XP_037867392.1	38.095	21	13	0	21	41	130	38	58	395	0.079	22.7
TRINITY_DN6488_c0_g1_i5.p1	Spodoptera|XP_050559197.1	27.632	76	39	3	24	88	347	84	154	343	0.67	21.6
TRINITY_DN14979_c3_g1_i1.p1	Spodoptera|XP_050559191.1	47.368	19	10	0	56	74	114	128	146	352	0.44	20.0
TRINITY_DN21771_c0_g1_i2.p1	Spodoptera|XP_050559703.1	23.457	81	56	2	214	291	299	179	256	315	0.76	21.2
TRINITY_DN30616_c0_g1_i2.p1	Spodoptera|XP_035435946.2	36.000	25	16	0	51	75	250	190	214	344	0.81	20.8
TRINITY_DN21073_c0_g1_i1.p1	Spodoptera|XP_035442818.1	75.000	12	3	0	45	56	188	58	69	390	0.11	23.1
TRINITY_DN9254_c1_g1_i11.p1	Spodoptera|XP_035436301.1	29.787	47	24	2	191	234	488	216	256	341	0.58	22.3
TRINITY_DN9254_c1_g1_i11.p1	Bmori|XP_037869304.1	27.273	44	29	1	191	234	488	197	237	319	0.93	21.6
TRINITY_DN4639_c0_g1_i1.p1	Spodoptera|XP_050559196.1	32.558	43	23	1	896	938	955	267	303	304	0.092	25.8
TRINITY_DN4639_c0_g1_i1.p1	Spodoptera|XP_035435946.2	47.619	21	11	0	918	938	955	323	343	344	0.19	25.0
TRINITY_DN4639_c0_g1_i1.p1	Spodoptera|XP_035435946.2	27.778	36	26	0	451	486	955	164	199	344	0.87	22.7
TRINITY_DN4639_c0_g1_i1.p1	Spodoptera|XP_050559191.1	28.571	56	31	2	886	938	955	302	351	352	0.27	24.3
TRINITY_DN4639_c0_g1_i1.p1	Spodoptera|XP_035436318.2	30.952	42	23	1	897	938	955	315	350	351	0.29	24.3
TRINITY_DN4639_c0_g1_i1.p1	Spodoptera|XP_050559193.1	25.000	60	36	2	879	938	955	298	348	349	0.29	24.3
TRINITY_DN4639_c0_g1_i1.p1	Spodoptera|XP_050559197.1	33.333	27	18	0	912	938	955	315	341	343	0.59	23.5
TRINITY_DN7819_c0_g1_i1.p1	Spodoptera|XP_050559193.1	32.000	50	30	2	325	371	547	251	299	349	0.082	25.0
TRINITY_DN23317_c0_g2_i1.p1	Spodoptera|XP_035435946.2	43.478	23	10	1	4	23	166	42	64	344	0.47	20.8
TRINITY_DN3028_c0_g1_i5.p1	Spodoptera|XP_035442818.1	56.250	16	7	0	451	466	855	357	372	390	0.23	24.6
TRINITY_DN28902_c0_g2_i1.p1	Spodoptera|XP_050559193.1	53.333	15	7	0	13	27	404	125	139	349	0.37	22.7
TRINITY_DN37353_c0_g2_i1.p1	Bmori|XP_037867392.1	29.787	47	27	1	192	238	494	104	144	395	0.075	25.0
TRINITY_DN3028_c0_g4_i1.p1	Spodoptera|XP_035435946.2	28.000	75	44	2	180	245	323	33	106	344	0.13	23.5
TRINITY_DN3028_c0_g4_i1.p1	Spodoptera|XP_050559191.1	24.742	97	54	4	202	289	323	55	141	352	0.15	23.5
TRINITY_DN2396_c0_g1_i1.p1	Bmori|XP_062529457.1	36.667	30	19	0	2319	2348	3317	96	125	326	0.22	26.6
TRINITY_DN2396_c0_g1_i1.p1	Spodoptera|XP_035433249.2	28.788	66	42	1	887	952	3317	127	187	238	0.46	25.4
TRINITY_DN2115_c0_g1_i1.p1	Spodoptera|XP_035435946.2	26.829	41	27	1	1701	1741	1832	125	162	344	0.58	24.3
TRINITY_DN675_c0_g1_i18.p1	Bmori|XP_062529457.1	38.636	44	25	1	694	735	750	163	206	326	0.079	25.8
TRINITY_DN11012_c0_g1_i1.p1	Bmori|XP_062527116.1	34.615	26	17	0	92	117	274	55	80	436	0.95	20.8
TRINITY_DN6631_c1_g2_i1.p1	Bmori|XP_037869304.1	62.500	8	3	0	80	87	101	307	314	319	0.74	19.2
TRINITY_DN4779_c0_g1_i1.p1	Spodoptera|XP_035435946.2	27.027	37	27	0	224	260	335	248	284	344	0.016	26.6
TRINITY_DN3191_c0_g1_i15.p1	Bmori|XP_062527116.1	38.095	21	13	0	45	65	376	268	288	436	0.67	21.6
TRINITY_DN3168_c0_g1_i19.p1	Bmori|XP_037867392.1	64.286	14	4	1	162	174	764	140	153	395	0.89	22.3
TRINITY_DN262_c1_g1_i11.p1	Bmori|XP_062527116.1	23.377	77	57	2	390	464	1194	191	267	436	0.45	24.3
TRINITY_DN51926_c0_g1_i1.p1	Spodoptera|XP_050549308.1	33.824	68	39	3	49	112	277	33	98	431	0.052	24.6
TRINITY_DN18563_c0_g1_i1.p1	Spodoptera|XP_035436318.2	64.348	230	79	2	2	228	228	71	300	351	2.18e-110	312
TRINITY_DN18563_c0_g1_i1.p1	Spodoptera|XP_050559191.1	59.829	234	88	3	1	228	228	69	302	352	6.40e-102	291
TRINITY_DN18563_c0_g1_i1.p1	Spodoptera|XP_050559193.1	60.435	230	88	2	2	228	228	69	298	349	1.62e-101	290
TRINITY_DN18563_c0_g1_i1.p1	Spodoptera|XP_035435946.2	60.262	229	86	2	1	228	228	69	293	344	3.92e-99	283
TRINITY_DN18563_c0_g1_i1.p1	Spodoptera|XP_050559196.1	65.327	199	66	2	2	197	228	71	269	304	7.56e-96	273
TRINITY_DN18563_c0_g1_i1.p1	Spodoptera|XP_050559197.1	53.509	228	101	2	2	228	228	67	290	343	3.53e-78	230
TRINITY_DN18563_c0_g1_i1.p1	Bmori|XP_062526412.1	55.804	224	94	2	1	223	228	11	230	289	5.94e-77	225
TRINITY_DN18563_c0_g1_i1.p1	Bmori|XP_004930400.2	55.804	224	94	2	1	223	228	68	287	346	2.40e-76	225
TRINITY_DN18563_c0_g1_i1.p1	Bmori|XP_021206280.1	51.327	226	100	4	1	223	228	11	229	290	1.19e-75	222
TRINITY_DN18563_c0_g1_i1.p1	Bmori|XP_062524699.1	49.339	227	104	4	1	223	228	67	286	343	5.86e-73	216
TRINITY_DN18563_c0_g1_i1.p1	Bmori|XP_062526415.1	54.839	217	93	2	8	223	228	6	218	277	1.36e-72	213
TRINITY_DN18563_c0_g1_i1.p1	Bmori|XP_062529457.1	46.637	223	100	4	3	221	228	67	274	326	2.85e-63	191
TRINITY_DN18563_c0_g1_i1.p1	Bmori|XP_012551199.2	46.053	228	110	4	2	224	228	72	291	349	3.83e-57	176
TRINITY_DN18563_c0_g1_i1.p1	Spodoptera|XP_035433286.1	43.946	223	116	4	5	224	228	71	287	344	2.07e-56	174
TRINITY_DN18563_c0_g1_i1.p1	Spodoptera|XP_035432672.2	41.778	225	117	3	2	225	228	66	277	327	2.65e-48	152
TRINITY_DN18563_c0_g1_i1.p1	Spodoptera|XP_035436301.1	20.968	124	84	3	102	224	228	164	274	341	0.15	22.7
TRINITY_DN18563_c0_g1_i1.p1	Bmori|XP_062527116.1	32.203	59	33	2	76	128	228	184	241	436	0.28	21.9
TRINITY_DN18563_c0_g1_i1.p1	Bmori|XP_062527116.1	43.478	23	11	1	173	195	228	29	49	436	0.97	20.4
TRINITY_DN18563_c0_g1_i1.p1	Spodoptera|XP_050549308.1	47.368	19	10	0	110	128	228	220	238	431	0.57	21.2
TRINITY_DN8055_c0_g2_i1.p1	Bmori|XP_037867392.1	25.275	91	60	3	337	423	613	145	231	395	0.31	23.5
TRINITY_DN27408_c0_g1_i1.p1	Spodoptera|XP_050559191.1	58.333	12	5	0	65	76	117	274	285	352	0.56	19.6
TRINITY_DN1342_c0_g1_i7.p1	Spodoptera|XP_050559196.1	64.286	14	5	0	568	581	1200	116	129	304	0.57	23.5
TRINITY_DN1342_c0_g1_i7.p1	Spodoptera|XP_035436318.2	64.286	14	5	0	568	581	1200	116	129	351	0.63	23.5
TRINITY_DN7817_c0_g1_i10.p1	Spodoptera|XP_035433249.2	41.667	12	7	0	27	38	330	77	88	238	0.98	20.8
TRINITY_DN38962_c0_g1_i1.p1	Spodoptera|XP_050559703.1	29.032	31	21	1	5	34	126	220	250	315	0.29	20.8
TRINITY_DN1342_c0_g2_i6.p1	Spodoptera|XP_050559197.1	36.000	25	16	0	80	104	300	318	342	343	0.21	22.7
TRINITY_DN1342_c0_g2_i6.p1	Bmori|XP_037869304.1	37.143	35	19	1	177	211	300	274	305	319	0.44	21.9
TRINITY_DN1319_c0_g1_i2.p1	Spodoptera|XP_035432548.2	33.333	33	22	0	884	916	2726	225	257	311	0.98	24.3
TRINITY_DN7119_c0_g1_i1.p1	Bmori|XP_062527116.1	20.856	187	112	7	119	298	825	64	221	436	0.14	25.0
TRINITY_DN47109_c0_g1_i1.p1	Bmori|XP_062527116.1	22.222	54	42	0	83	136	153	76	129	436	0.60	20.4
TRINITY_DN6487_c0_g1_i6.p2	Spodoptera|XP_050559191.1	35.000	40	24	1	30	69	168	65	102	352	0.20	21.9
TRINITY_DN30615_c0_g1_i1.p1	Spodoptera|XP_050559191.1	32.000	25	17	0	2	26	116	46	70	352	0.20	21.2
TRINITY_DN30615_c0_g1_i1.p1	Spodoptera|XP_035435946.2	36.364	22	14	0	2	23	116	46	67	344	0.65	19.6
TRINITY_DN662_c2_g1_i3.p1	Bmori|XP_037867392.1	27.273	55	31	2	21	66	193	213	267	395	0.15	22.7
TRINITY_DN662_c2_g1_i3.p1	Spodoptera|XP_035432672.2	19.388	98	70	2	103	191	193	1	98	327	0.72	20.4
TRINITY_DN30615_c0_g2_i1.p1	Spodoptera|XP_050549308.1	28.571	56	28	1	109	152	367	316	371	431	0.37	22.7
TRINITY_DN1481_c0_g1_i10.p1	Spodoptera|XP_035433249.2	25.490	102	68	4	467	568	3021	95	188	238	0.009	30.4
TRINITY_DN1458_c0_g1_i1.p1	Spodoptera|XP_050559196.1	23.129	147	95	7	170	301	459	80	223	304	0.17	23.9
TRINITY_DN1458_c0_g1_i1.p1	Spodoptera|XP_035436318.2	23.129	147	95	7	170	301	459	80	223	351	0.25	23.5
TRINITY_DN1458_c0_g1_i1.p1	Spodoptera|XP_035433286.1	40.741	27	15	1	398	423	459	11	37	344	0.93	21.6
TRINITY_DN28901_c0_g1_i1.p1	Spodoptera|XP_050559193.1	24.051	79	52	3	137	214	408	224	295	349	0.94	21.2
TRINITY_DN3027_c0_g1_i14.p1	Spodoptera|XP_035433249.2	20.902	244	159	9	4	244	327	7	219	238	0.53	21.6
TRINITY_DN3027_c0_g1_i14.p1	Bmori|XP_012550153.2	22.364	313	170	15	11	285	327	7	284	312	0.68	21.6
TRINITY_DN3027_c0_g1_i14.p1	Spodoptera|XP_050559703.1	23.077	39	30	0	74	112	327	243	281	315	0.73	21.2
TRINITY_DN3027_c0_g2_i3.p1	Spodoptera|XP_035442818.1	35.492	386	215	6	37	408	409	25	390	390	5.81e-82	248
TRINITY_DN3027_c0_g2_i3.p1	Bmori|XP_037867392.1	35.476	389	212	6	37	408	409	29	395	395	5.82e-74	228
TRINITY_DN3027_c0_g2_i3.p1	Spodoptera|XP_035432548.2	37.580	314	158	8	111	408	409	20	311	311	1.70e-65	203
TRINITY_DN22403_c0_g2_i1.p1	Bmori|XP_021206280.1	34.694	49	25	3	88	136	240	115	156	290	0.078	23.9
TRINITY_DN8612_c0_g1_i17.p1	Spodoptera|XP_035442818.1	31.081	74	33	4	80	144	222	33	97	390	0.16	22.7
TRINITY_DN78_c1_g1_i6.p1	Bmori|XP_062524699.1	24.000	50	36	1	9	56	163	193	242	343	0.11	22.7
TRINITY_DN78_c1_g1_i6.p1	Bmori|XP_021206280.1	30.435	23	16	0	34	56	163	163	185	290	0.15	22.3
TRINITY_DN78_c1_g1_i6.p1	Spodoptera|XP_050559193.1	27.273	33	23	1	34	65	163	227	259	349	0.22	21.6
TRINITY_DN78_c1_g1_i6.p1	Spodoptera|XP_035436318.2	26.087	23	17	0	34	56	163	229	251	351	0.25	21.6
TRINITY_DN78_c1_g1_i6.p1	Spodoptera|XP_050559196.1	26.087	23	17	0	34	56	163	229	251	304	0.28	21.6
TRINITY_DN78_c1_g1_i6.p1	Bmori|XP_062529457.1	26.087	23	17	0	34	56	163	210	232	326	0.38	20.8
TRINITY_DN78_c1_g1_i6.p1	Spodoptera|XP_050549308.1	30.769	39	26	1	103	140	163	34	72	431	0.48	20.8
TRINITY_DN78_c1_g1_i6.p1	Bmori|XP_012551199.2	50.000	16	8	0	41	56	163	231	246	349	0.67	20.4
TRINITY_DN196_c6_g1_i10.p1	Spodoptera|XP_050559191.1	24.096	83	47	4	88	169	200	262	329	352	0.88	20.4
TRINITY_DN9100_c3_g2_i1.p2	Bmori|XP_012550153.2	38.710	31	19	0	55	85	103	46	76	312	0.015	24.3
TRINITY_DN27571_c0_g1_i1.p1	Spodoptera|XP_035432672.2	29.167	24	17	0	296	319	413	235	258	327	0.56	21.9
TRINITY_DN27571_c0_g2_i1.p1	Spodoptera|XP_035442818.1	24.444	90	41	3	6	90	134	205	272	390	0.37	20.8
TRINITY_DN4777_c0_g1_i2.p1	Bmori|XP_012551199.2	29.167	24	17	0	70	93	261	46	69	349	0.78	20.8
TRINITY_DN7259_c0_g1_i1.p1	Spodoptera|XP_035433286.1	42.105	19	11	0	335	353	483	304	322	344	0.14	24.3
TRINITY_DN7259_c0_g1_i1.p1	Bmori|XP_012551199.2	22.222	45	26	2	335	378	483	309	345	349	0.75	21.9
TRINITY_DN260_c1_g1_i12.p1	Spodoptera|XP_050559191.1	74.221	353	89	2	1	352	353	1	352	352	0.0	535
TRINITY_DN260_c1_g1_i12.p1	Spodoptera|XP_035436318.2	62.571	350	128	2	1	349	353	1	348	351	1.17e-167	463
TRINITY_DN260_c1_g1_i12.p1	Spodoptera|XP_050559193.1	61.648	352	132	2	1	352	353	1	349	349	7.22e-166	458
TRINITY_DN260_c1_g1_i12.p1	Spodoptera|XP_035435946.2	61.919	344	122	4	9	352	353	10	344	344	5.83e-158	438
TRINITY_DN260_c1_g1_i12.p1	Spodoptera|XP_050559196.1	54.000	350	111	3	1	349	353	1	301	304	1.67e-134	377
TRINITY_DN260_c1_g1_i12.p1	Spodoptera|XP_050559197.1	56.196	347	141	5	9	353	353	6	343	343	7.15e-134	377
TRINITY_DN260_c1_g1_i12.p1	Bmori|XP_004930400.2	54.651	344	147	3	10	352	353	9	344	346	4.11e-123	350
TRINITY_DN260_c1_g1_i12.p1	Bmori|XP_062526412.1	58.644	295	113	3	59	352	353	1	287	289	4.22e-113	322
TRINITY_DN260_c1_g1_i12.p1	Bmori|XP_062524699.1	47.950	317	156	4	34	349	353	32	340	343	2.58e-104	301
TRINITY_DN260_c1_g1_i12.p1	Bmori|XP_062526415.1	57.194	278	110	3	76	352	353	6	275	277	3.92e-102	293
TRINITY_DN260_c1_g1_i12.p1	Bmori|XP_021206280.1	50.515	291	134	5	59	349	353	1	281	290	1.06e-95	278
TRINITY_DN260_c1_g1_i12.p1	Bmori|XP_062529457.1	40.816	343	180	3	7	349	353	3	322	326	2.31e-90	265
TRINITY_DN260_c1_g1_i12.p1	Spodoptera|XP_035433286.1	41.570	344	186	4	7	349	353	5	334	344	3.00e-87	258
TRINITY_DN260_c1_g1_i12.p1	Bmori|XP_012551199.2	41.783	359	183	5	1	353	353	5	343	349	4.44e-86	255
TRINITY_DN260_c1_g1_i12.p1	Spodoptera|XP_035432672.2	42.857	343	174	4	7	349	353	3	323	327	2.80e-82	244
TRINITY_DN260_c1_g1_i12.p1	Bmori|XP_037867392.1	42.105	38	18	2	269	305	353	344	378	395	0.043	25.4
TRINITY_DN16854_c0_g1_i1.p1	Spodoptera|XP_050549308.1	32.500	40	25	1	24	61	149	120	159	431	0.13	22.3
TRINITY_DN16854_c0_g1_i1.p1	Spodoptera|XP_035433249.2	34.211	38	20	1	13	45	149	120	157	238	0.31	21.2
TRINITY_DN16854_c0_g1_i1.p1	Bmori|XP_062527116.1	26.415	53	37	1	11	61	149	110	162	436	0.36	20.8
TRINITY_DN7700_c0_g1_i13.p1	Spodoptera|XP_050559703.1	32.432	37	23	1	524	560	1081	71	105	315	0.71	23.1
TRINITY_DN1340_c0_g3_i2.p1	Spodoptera|XP_050559703.1	45.833	24	13	0	12	35	596	188	211	315	0.32	23.5
TRINITY_DN1340_c0_g4_i2.p1	Bmori|XP_012550153.2	23.596	89	65	2	209	296	296	188	274	312	0.55	21.6
TRINITY_DN20276_c0_g1_i1.p1	Bmori|XP_012551199.2	27.184	103	64	4	14	113	116	117	211	349	0.009	25.0
TRINITY_DN20276_c0_g1_i1.p1	Spodoptera|XP_035432672.2	30.233	43	29	1	5	46	116	161	203	327	0.21	21.2
TRINITY_DN20276_c0_g1_i1.p1	Spodoptera|XP_035433286.1	25.263	95	61	4	22	113	116	120	207	344	0.67	19.6
TRINITY_DN6485_c0_g1_i6.p1	Spodoptera|XP_050559197.1	69.231	13	4	0	433	445	903	113	125	343	0.91	22.7
TRINITY_DN2254_c0_g1_i2.p1	Bmori|XP_037867392.1	28.947	38	26	1	1446	1482	1818	327	364	395	0.18	25.8
TRINITY_DN47108_c0_g1_i1.p1	Spodoptera|XP_035433249.2	23.684	38	29	0	47	84	100	71	108	238	0.64	19.2
TRINITY_DN11128_c0_g2_i1.p1	Spodoptera|XP_035436301.1	25.373	67	33	3	17	66	148	68	134	341	0.30	21.2
TRINITY_DN58662_c0_g1_i1.p1	Spodoptera|XP_035436301.1	32.353	34	23	0	17	50	137	139	172	341	0.17	21.6
TRINITY_DN58662_c0_g1_i1.p1	Bmori|XP_037867392.1	35.294	17	11	0	75	91	137	41	57	395	0.93	19.6
TRINITY_DN754_c6_g1_i12.p1	Bmori|XP_037869304.1	46.667	15	8	0	45	59	218	235	249	319	0.80	20.4
TRINITY_DN12878_c0_g1_i1.p1	Spodoptera|XP_035433249.2	35.135	74	34	3	45	117	310	10	70	238	7.73e-09	45.8
TRINITY_DN12878_c0_g1_i1.p1	Bmori|XP_012550153.2	26.866	67	38	1	49	115	310	7	62	312	2.59e-05	35.0
TRINITY_DN12878_c0_g1_i1.p1	Spodoptera|XP_050559703.1	28.333	60	31	2	57	116	310	93	140	315	0.015	26.6
TRINITY_DN30614_c0_g2_i1.p2	Spodoptera|XP_035442818.1	32.258	31	18	1	66	96	124	108	135	390	0.22	21.2
TRINITY_DN30614_c0_g2_i1.p2	Bmori|XP_037867392.1	54.545	11	5	0	23	33	124	138	148	395	0.78	19.6
TRINITY_DN27546_c0_g1_i2.p1	Spodoptera|XP_035435946.2	33.333	24	16	0	270	293	328	14	37	344	0.76	21.2
TRINITY_DN534_c0_g1_i8.p1	Spodoptera|XP_035433286.1	42.857	21	12	0	223	243	747	46	66	344	0.56	23.1
TRINITY_DN20135_c0_g1_i1.p1	Bmori|XP_037869304.1	27.907	43	21	2	1	37	154	109	147	319	0.10	22.7
TRINITY_DN120_c1_g1_i16.p1	Spodoptera|XP_035442818.1	30.357	56	30	1	178	224	311	171	226	390	0.44	21.9
TRINITY_DN8869_c0_g1_i3.p1	Spodoptera|XP_050549308.1	32.500	40	26	1	27	65	560	221	260	431	0.11	25.0
TRINITY_DN8869_c0_g1_i3.p1	Bmori|XP_062527116.1	32.500	40	26	1	27	65	560	224	263	436	0.16	24.3
TRINITY_DN673_c0_g1_i17.p1	Spodoptera|XP_050559703.1	25.926	27	20	0	825	851	1456	201	227	315	0.81	23.5
TRINITY_DN59434_c0_g1_i1.p1	Bmori|XP_012551199.2	36.667	30	18	1	20	49	223	258	286	349	0.97	20.4
TRINITY_DN61287_c0_g1_i1.p1	Bmori|XP_037867392.1	42.123	292	161	2	27	317	322	100	384	395	8.58e-86	255
TRINITY_DN61287_c0_g1_i1.p1	Spodoptera|XP_035442818.1	38.926	298	176	1	23	320	322	92	383	390	1.84e-81	243
TRINITY_DN61287_c0_g1_i1.p1	Spodoptera|XP_035432548.2	43.798	258	141	2	9	265	322	3	257	311	9.01e-76	226
TRINITY_DN48740_c0_g1_i1.p1	Bmori|XP_037867392.1	28.571	28	20	0	39	66	111	120	147	395	0.10	21.9
TRINITY_DN1316_c0_g1_i11.p1	Spodoptera|XP_050549308.1	47.059	17	9	0	111	127	515	56	72	431	0.62	22.3
TRINITY_DN5409_c0_g4_i1.p2	Bmori|XP_037869304.1	26.316	19	14	0	52	70	111	196	214	319	0.87	19.2
TRINITY_DN5409_c0_g4_i1.p2	Spodoptera|XP_035436301.1	29.412	17	12	0	52	68	111	215	231	341	0.88	19.2
TRINITY_DN20275_c0_g1_i4.p1	Bmori|XP_062529457.1	28.395	81	43	3	268	344	686	251	320	326	0.032	26.9
TRINITY_DN20275_c0_g1_i4.p1	Bmori|XP_062524699.1	24.138	58	38	1	489	540	686	274	331	343	0.33	23.5
TRINITY_DN20275_c0_g1_i4.p1	Bmori|XP_021206280.1	25.000	56	38	1	489	540	686	217	272	290	0.47	23.1
TRINITY_DN46474_c0_g1_i1.p1	Spodoptera|XP_035432672.2	27.273	66	45	2	41	106	211	245	307	327	0.33	21.6
TRINITY_DN13674_c0_g1_i1.p1	Bmori|XP_062527116.1	28.125	32	23	0	64	95	276	143	174	436	0.14	23.5
TRINITY_DN13674_c0_g1_i1.p1	Spodoptera|XP_050549308.1	28.125	32	23	0	64	95	276	140	171	431	0.14	23.5
TRINITY_DN13674_c0_g2_i1.p1	Bmori|XP_062527116.1	31.429	35	24	0	241	275	569	143	177	436	0.093	25.0
TRINITY_DN13674_c0_g2_i1.p1	Spodoptera|XP_050549308.1	31.429	35	24	0	241	275	569	140	174	431	0.11	25.0
TRINITY_DN25139_c0_g1_i1.p1	Spodoptera|XP_050559703.1	28.378	74	44	2	157	222	308	135	207	315	0.72	21.2
TRINITY_DN8751_c0_g3_i1.p1	Bmori|XP_004930400.2	32.558	43	28	1	79	121	218	15	56	346	0.050	24.3
TRINITY_DN8728_c0_g1_i1.p1	Spodoptera|XP_035435946.2	29.487	78	47	3	104	180	211	66	136	344	0.42	21.2
TRINITY_DN54406_c0_g1_i1.p1	Spodoptera|XP_035436301.1	46.667	15	8	0	69	83	106	100	114	341	0.96	18.9
TRINITY_DN4635_c0_g1_i13.p1	Spodoptera|XP_050559196.1	22.222	45	32	1	26	67	761	171	215	304	0.32	23.9
TRINITY_DN4635_c0_g1_i13.p1	Spodoptera|XP_035436318.2	22.222	45	32	1	26	67	761	171	215	351	0.39	23.5
TRINITY_DN509_c0_g1_i10.p1	Spodoptera|XP_035436301.1	24.444	45	28	1	9	47	259	293	337	341	0.16	23.1
TRINITY_DN49793_c0_g1_i1.p1	Bmori|XP_012550153.2	38.095	21	12	1	94	113	154	102	122	312	0.22	21.6
TRINITY_DN10214_c0_g1_i1.p1	Bmori|XP_062527116.1	36.364	33	21	0	77	109	550	270	302	436	0.41	23.1
TRINITY_DN10214_c0_g1_i1.p1	Spodoptera|XP_050549308.1	36.364	33	21	0	77	109	550	267	299	431	0.44	23.1
TRINITY_DN10214_c0_g1_i1.p1	Spodoptera|XP_050549308.1	35.714	28	14	1	474	501	550	206	229	431	1.00	21.9
TRINITY_DN8169_c0_g1_i1.p1	Spodoptera|XP_035442818.1	58.333	12	5	0	176	187	238	234	245	390	0.82	20.8
TRINITY_DN1456_c0_g1_i1.p1	Spodoptera|XP_050559703.1	24.528	53	37	1	68	117	117	142	194	315	0.62	19.6
TRINITY_DN3723_c0_g1_i2.p1	Spodoptera|XP_050559197.1	25.000	36	26	1	11	45	359	227	262	343	0.71	21.6
TRINITY_DN30729_c0_g1_i1.p1	Spodoptera|XP_050559197.1	25.862	116	60	5	20	110	450	179	293	343	1.59e-05	36.6
TRINITY_DN30729_c0_g1_i1.p1	Bmori|XP_062526415.1	31.250	32	18	1	26	53	450	121	152	277	0.029	26.2
TRINITY_DN30729_c0_g1_i1.p1	Bmori|XP_062526412.1	31.250	32	18	1	26	53	450	133	164	289	0.031	26.2
TRINITY_DN30729_c0_g1_i1.p1	Bmori|XP_004930400.2	31.250	32	18	1	26	53	450	190	221	346	0.033	26.2
TRINITY_DN30729_c0_g1_i1.p1	Spodoptera|XP_035435946.2	26.923	78	48	2	189	257	450	140	217	344	0.75	21.9
TRINITY_DN672_c0_g1_i1.p1	Bmori|XP_037867392.1	38.095	21	13	0	24	44	224	116	136	395	0.75	20.8
TRINITY_DN14585_c0_g1_i2.p1	Bmori|XP_021206280.1	23.288	73	49	2	65	130	223	146	218	290	0.20	22.3
TRINITY_DN14585_c0_g1_i2.p1	Spodoptera|XP_035432672.2	22.222	36	28	0	99	134	223	233	268	327	0.54	21.2
TRINITY_DN7257_c0_g1_i14.p1	Bmori|XP_062529457.1	27.083	48	34	1	320	366	478	218	265	326	0.97	21.6
TRINITY_DN61286_c0_g1_i1.p1	Spodoptera|XP_035432548.2	31.429	35	23	1	73	107	113	86	119	311	0.12	21.6
TRINITY_DN25022_c0_g1_i14.p1	Bmori|XP_012551199.2	41.176	17	10	0	42	58	103	51	67	349	0.50	19.6
TRINITY_DN21187_c0_g1_i2.p1	Bmori|XP_062527116.1	42.105	19	11	0	415	433	857	417	435	436	0.46	23.5
TRINITY_DN12038_c0_g1_i1.p1	Spodoptera|XP_050559193.1	27.941	68	39	2	173	240	330	89	146	349	0.23	23.1
TRINITY_DN12038_c0_g1_i1.p1	Bmori|XP_037867392.1	33.333	42	28	0	167	208	330	341	382	395	0.82	21.2
TRINITY_DN48299_c0_g1_i1.p1	Bmori|XP_037867392.1	40.000	30	18	0	249	278	602	69	98	395	0.045	26.2
TRINITY_DN11823_c0_g1_i1.p1	Bmori|XP_037867392.1	44.000	25	13	1	77	100	137	74	98	395	0.36	20.8
TRINITY_DN1315_c0_g1_i1.p1	Bmori|XP_062529457.1	28.261	46	30	2	164	206	369	157	202	326	0.33	22.7
TRINITY_DN1315_c0_g2_i1.p1	Spodoptera|XP_050549308.1	23.770	122	53	4	165	255	367	205	317	431	0.86	21.2
TRINITY_DN28318_c0_g1_i1.p1	Bmori|XP_062524699.1	30.303	33	20	1	73	105	112	110	139	343	0.17	21.2
TRINITY_DN508_c0_g1_i13.p1	Bmori|XP_012551199.2	23.077	52	40	0	119	170	376	252	303	349	0.18	23.5
TRINITY_DN22680_c0_g1_i1.p1	Spodoptera|XP_050559196.1	27.500	40	23	1	140	179	195	240	273	304	0.36	21.6
TRINITY_DN22680_c0_g1_i1.p1	Bmori|XP_062529457.1	32.308	65	27	4	122	180	195	36	89	326	0.73	20.4
TRINITY_DN22680_c0_g1_i1.p1	Spodoptera|XP_035432672.2	34.091	44	18	4	124	161	195	38	76	327	0.96	20.0
TRINITY_DN3979_c0_g2_i1.p1	Bmori|XP_037867392.1	28.302	53	37	1	102	154	369	122	173	395	0.13	23.9
TRINITY_DN3979_c0_g2_i1.p1	Spodoptera|XP_050559703.1	23.256	43	33	0	113	155	369	235	277	315	0.68	21.6
TRINITY_DN2110_c0_g1_i1.p1	Spodoptera|XP_050559191.1	25.000	48	36	0	450	497	1136	41	88	352	0.36	24.3
TRINITY_DN1455_c0_g1_i1.p1	Bmori|XP_004930400.2	22.642	53	37	2	91	141	807	10	60	346	0.13	25.0
TRINITY_DN7255_c0_g1_i1.p1	Spodoptera|XP_050559703.1	22.807	57	39	2	300	355	380	9	61	315	0.079	24.6
TRINITY_DN1716_c1_g1_i1.p1	Bmori|XP_037869304.1	27.473	91	51	3	64	151	351	239	317	319	0.30	22.7
TRINITY_DN868_c6_g1_i1.p1	Bmori|XP_012551199.2	40.000	30	10	1	388	417	423	73	94	349	0.21	23.5
TRINITY_DN22382_c1_g1_i1.p1	Bmori|XP_004930400.2	30.556	36	22	1	19	54	110	232	264	346	0.63	19.6
TRINITY_DN22382_c1_g1_i1.p1	Bmori|XP_062526412.1	30.556	36	22	1	19	54	110	175	207	289	0.97	18.9
TRINITY_DN2791_c1_g1_i5.p1	Bmori|XP_037867392.1	29.630	27	15	1	76	102	109	324	346	395	0.49	20.0
TRINITY_DN648_c0_g1_i14.p1	Spodoptera|XP_050549308.1	33.333	33	22	0	30	62	555	277	309	431	0.13	24.6
TRINITY_DN648_c0_g1_i14.p1	Bmori|XP_062527116.1	32.258	31	21	0	32	62	555	282	312	436	0.36	23.1
TRINITY_DN59432_c0_g1_i1.p1	Bmori|XP_037867392.1	29.545	44	28	1	78	121	122	171	211	395	0.17	21.6
TRINITY_DN13648_c0_g1_i9.p1	Spodoptera|XP_035442818.1	35.135	37	21	1	198	234	266	129	162	390	0.007	27.3
TRINITY_DN8027_c0_g1_i1.p1	Bmori|XP_062529457.1	28.571	21	15	0	52	72	192	2	22	326	0.69	20.4
TRINITY_DN27403_c0_g2_i1.p1	Spodoptera|XP_035435946.2	21.600	125	73	4	57	160	252	91	211	344	0.22	22.7
TRINITY_DN1314_c0_g1_i2.p1	Bmori|XP_062524699.1	38.462	39	20	1	214	252	1447	260	294	343	0.84	23.5
TRINITY_DN1285_c3_g1_i1.p1	Bmori|XP_062527116.1	45.000	20	11	0	32	51	104	194	213	436	0.27	20.4
TRINITY_DN1285_c3_g1_i1.p1	Spodoptera|XP_050549308.1	53.333	15	7	0	37	51	104	196	210	431	0.49	19.6
TRINITY_DN49790_c0_g1_i1.p1	Bmori|XP_062529457.1	54.545	11	5	0	65	75	124	130	140	326	0.66	19.6
TRINITY_DN10211_c0_g1_i3.p1	Spodoptera|XP_050559197.1	20.000	105	76	3	1938	2037	2111	241	342	343	0.91	23.9
TRINITY_DN10492_c0_g2_i1.p1	Spodoptera|XP_050549308.1	42.857	21	12	0	27	47	120	129	149	431	0.92	19.2
TRINITY_DN2366_c0_g1_i1.p1	Spodoptera|XP_035432672.2	30.000	30	21	0	148	177	182	64	93	327	0.22	21.9
TRINITY_DN2355_c2_g2_i1.p1	Bmori|XP_021206280.1	28.571	28	20	0	278	305	384	100	127	290	0.23	23.1
TRINITY_DN5546_c0_g1_i1.p1	Bmori|XP_062527116.1	22.131	122	73	5	472	589	1200	198	301	436	0.42	24.3
TRINITY_DN5546_c0_g1_i1.p1	Spodoptera|XP_050549308.1	31.915	47	27	1	535	581	1200	244	285	431	0.66	23.5
TRINITY_DN5546_c0_g1_i1.p1	Spodoptera|XP_035433249.2	26.786	56	36	1	1098	1148	1200	156	211	238	0.86	23.1
TRINITY_DN2355_c2_g3_i1.p1	Spodoptera|XP_035442818.1	28.571	35	21	1	55	89	217	179	209	390	0.75	20.8
TRINITY_DN1408_c16_g1_i1.p1	Bmori|XP_037869304.1	23.387	124	69	3	147	267	439	184	284	319	0.009	27.7
TRINITY_DN45536_c0_g1_i1.p1	Spodoptera|XP_050559703.1	23.077	65	50	0	89	153	222	112	176	315	0.085	23.5
TRINITY_DN8028_c0_g1_i1.p1	Spodoptera|XP_035433286.1	30.909	55	33	2	449	503	554	167	216	344	0.10	25.0
TRINITY_DN8028_c0_g1_i1.p1	Bmori|XP_037867392.1	36.364	44	23	2	14	52	554	144	187	395	0.68	22.3
TRINITY_DN1453_c0_g2_i1.p1	Bmori|XP_012551199.2	34.286	35	15	2	106	140	280	117	143	349	1.00	20.8
TRINITY_DN7813_c0_g1_i8.p1	Spodoptera|XP_035442818.1	38.481	395	204	12	47	433	435	25	388	390	3.73e-81	247
TRINITY_DN7813_c0_g1_i8.p1	Bmori|XP_037867392.1	35.733	389	220	8	47	431	435	29	391	395	1.08e-78	241
TRINITY_DN7813_c0_g1_i8.p1	Spodoptera|XP_035432548.2	38.994	318	165	7	117	432	435	18	308	311	7.40e-74	225
TRINITY_DN530_c0_g1_i1.p1	Spodoptera|XP_035436301.1	25.000	40	30	0	108	147	147	112	151	341	0.063	23.1
TRINITY_DN530_c0_g1_i1.p1	Bmori|XP_037869304.1	26.415	53	38	1	96	147	147	80	132	319	0.066	23.1
TRINITY_DN6598_c0_g1_i2.p1	Spodoptera|XP_050549308.1	32.143	28	19	0	424	451	468	367	394	431	0.26	23.5
TRINITY_DN49791_c0_g1_i1.p1	Spodoptera|XP_035442818.1	42.857	14	8	0	1	14	110	237	250	390	0.64	19.6
TRINITY_DN2494_c2_g1_i2.p1	Bmori|XP_012550153.2	53.846	13	6	0	58	70	99	58	70	312	0.57	19.2
TRINITY_DN73_c1_g1_i1.p1	Bmori|XP_012550153.2	46.154	13	7	0	139	151	172	128	140	312	0.94	20.0
TRINITY_DN2390_c0_g1_i1.p1	Spodoptera|XP_050559193.1	50.000	16	8	0	157	172	203	267	282	349	0.44	21.2
TRINITY_DN6848_c3_g1_i1.p1	Spodoptera|XP_035442818.1	53.957	278	124	4	1	276	276	115	390	390	3.59e-108	310
TRINITY_DN6848_c3_g1_i1.p1	Spodoptera|XP_035432548.2	50.534	281	128	5	1	276	276	37	311	311	7.52e-107	304
TRINITY_DN6848_c3_g1_i1.p1	Bmori|XP_037867392.1	46.619	281	141	4	1	276	276	119	395	395	2.99e-91	267
TRINITY_DN6848_c3_g1_i1.p1	Bmori|XP_021206280.1	24.603	126	63	5	136	250	276	159	263	290	0.21	22.7
TRINITY_DN2367_c0_g1_i1.p1	Spodoptera|XP_035435946.2	41.667	24	14	0	30	53	116	7	30	344	0.77	19.2
TRINITY_DN646_c0_g1_i17.p1	Bmori|XP_004930400.2	42.105	19	11	0	186	204	501	42	60	346	0.54	22.3
TRINITY_DN646_c0_g1_i17.p1	Spodoptera|XP_050559197.1	42.105	19	11	0	186	204	501	40	58	343	0.79	21.9
TRINITY_DN20132_c0_g1_i1.p1	Spodoptera|XP_035432548.2	31.707	41	23	1	154	189	211	4	44	311	0.30	21.9
TRINITY_DN20132_c0_g1_i1.p1	Spodoptera|XP_035442818.1	53.846	13	6	0	14	26	211	93	105	390	0.88	20.4
TRINITY_DN20132_c0_g2_i1.p1	Spodoptera|XP_035432548.2	33.333	39	20	2	86	124	144	258	290	311	0.16	21.9
TRINITY_DN20132_c0_g2_i1.p1	Bmori|XP_037867392.1	44.000	25	11	1	72	96	144	222	243	395	0.98	19.6
TRINITY_DN907_c1_g1_i12.p1	Spodoptera|XP_035442818.1	24.176	91	48	4	394	477	919	313	389	390	0.12	25.4
TRINITY_DN19331_c0_g2_i1.p1	Bmori|XP_062524699.1	38.235	34	21	0	236	269	323	138	171	343	0.016	26.6
TRINITY_DN19331_c0_g2_i1.p1	Bmori|XP_021206280.1	39.024	41	23	1	237	277	323	82	120	290	0.088	24.3
TRINITY_DN19331_c0_g2_i1.p1	Bmori|XP_012550153.2	25.275	91	57	1	69	148	323	161	251	312	0.58	21.6
TRINITY_DN21184_c0_g1_i3.p1	Bmori|XP_012550153.2	35.000	60	29	4	19	76	193	100	151	312	0.018	25.4
TRINITY_DN6602_c1_g3_i1.p1	Spodoptera|XP_050559703.1	35.714	28	17	1	64	90	108	129	156	315	0.81	19.2
TRINITY_DN1593_c0_g1_i2.p1	Spodoptera|XP_035433249.2	25.714	35	26	0	593	627	678	160	194	238	0.53	22.7
TRINITY_DN647_c0_g1_i1.p1	Bmori|XP_062524699.1	30.000	70	43	2	16	83	560	32	97	343	0.17	24.3
TRINITY_DN52833_c0_g1_i1.p1	Bmori|XP_062529457.1	18.421	76	62	0	2	77	190	11	86	326	0.38	21.2
TRINITY_DN52833_c0_g1_i1.p1	Bmori|XP_004930400.2	25.000	36	27	0	42	77	190	54	89	346	0.50	20.8
TRINITY_DN1533_c6_g1_i15.p1	Bmori|XP_062527116.1	34.375	32	20	1	7	37	101	137	168	436	0.72	19.2
TRINITY_DN45534_c0_g1_i1.p1	Spodoptera|XP_035432548.2	28.571	28	20	0	33	60	207	64	91	311	0.54	20.8
TRINITY_DN15914_c0_g2_i1.p1	Bmori|XP_037869304.1	36.364	22	14	0	72	93	115	294	315	319	0.29	20.8
TRINITY_DN9892_c4_g2_i1.p1	Spodoptera|XP_035435946.2	40.000	15	9	0	4	18	100	196	210	344	0.89	18.9
TRINITY_DN786_c0_g1_i1.p1	Spodoptera|XP_050559197.1	26.471	68	39	2	89	145	201	220	287	343	0.034	24.6
TRINITY_DN786_c0_g1_i1.p1	Bmori|XP_021206280.1	22.500	80	53	2	68	138	201	142	221	290	0.15	22.7
TRINITY_DN7113_c0_g1_i1.p1	Bmori|XP_062527116.1	29.091	55	37	1	554	608	1752	164	216	436	0.032	28.5
TRINITY_DN1313_c0_g2_i1.p1	Spodoptera|XP_050559196.1	39.130	23	14	0	77	99	483	43	65	304	0.69	21.9
TRINITY_DN1313_c0_g2_i1.p1	Spodoptera|XP_035436318.2	39.130	23	14	0	77	99	483	43	65	351	0.69	21.9
TRINITY_DN6481_c0_g1_i1.p1	Spodoptera|XP_035432548.2	35.484	31	20	0	230	260	744	36	66	311	0.99	22.3
TRINITY_DN3976_c0_g2_i2.p1	Bmori|XP_012551199.2	32.000	25	17	0	8	32	268	3	27	349	0.57	21.2
TRINITY_DN3976_c0_g3_i1.p1	Spodoptera|XP_050559703.1	37.500	24	15	0	58	81	269	12	35	315	0.59	21.2
TRINITY_DN51921_c0_g1_i1.p1	Bmori|XP_062527116.1	27.083	96	58	4	31	121	210	105	193	436	0.10	23.1
TRINITY_DN51921_c0_g1_i1.p1	Spodoptera|XP_050549308.1	26.316	57	37	2	74	125	210	138	194	431	0.28	21.9
TRINITY_DN51921_c0_g1_i1.p1	Spodoptera|XP_035436318.2	22.414	58	39	3	71	126	210	109	162	351	0.40	21.6
TRINITY_DN51921_c0_g1_i1.p1	Spodoptera|XP_050559196.1	22.414	58	39	3	71	126	210	109	162	304	0.41	21.2
TRINITY_DN36690_c0_g1_i1.p1	Spodoptera|XP_050559703.1	31.818	22	15	0	62	83	99	156	177	315	0.45	19.6
TRINITY_DN47242_c0_g1_i1.p1	Spodoptera|XP_050559193.1	28.889	45	31	1	66	110	119	129	172	349	0.49	20.0
TRINITY_DN29391_c0_g1_i1.p1	Bmori|XP_012550153.2	37.931	29	18	0	52	80	101	8	36	312	0.001	27.7
TRINITY_DN29391_c0_g1_i1.p1	Spodoptera|XP_035433249.2	30.556	36	25	0	45	80	101	8	43	238	0.004	25.8
TRINITY_DN29391_c0_g1_i1.p1	Spodoptera|XP_050559703.1	31.250	32	22	0	52	83	101	86	117	315	0.10	21.6
TRINITY_DN49_c1_g1_i13.p1	Bmori|XP_021206280.1	36.364	33	18	1	441	470	659	250	282	290	0.24	23.9
TRINITY_DN49_c1_g1_i13.p1	Spodoptera|XP_035432548.2	23.404	94	60	4	445	526	659	76	169	311	0.82	22.3
TRINITY_DN4771_c0_g1_i12.p1	Bmori|XP_062529457.1	45.833	24	13	0	164	187	1137	180	203	326	0.040	27.3
TRINITY_DN4771_c0_g1_i12.p1	Spodoptera|XP_035436318.2	27.273	44	30	1	1029	1070	1137	92	135	351	0.97	22.7
TRINITY_DN24339_c0_g1_i2.p1	Bmori|XP_012551199.2	50.000	14	7	0	242	255	391	139	152	349	0.24	23.1
TRINITY_DN12176_c0_g1_i1.p1	Spodoptera|XP_050559193.1	30.508	59	21	3	283	337	639	196	238	349	0.29	23.9
TRINITY_DN4748_c0_g1_i1.p1	Spodoptera|XP_035433249.2	26.667	75	52	2	240	311	400	157	231	238	0.36	22.3
TRINITY_DN4748_c0_g1_i1.p1	Spodoptera|XP_050559193.1	40.000	25	15	0	354	378	400	287	311	349	0.54	21.9
TRINITY_DN645_c0_g1_i4.p1	Spodoptera|XP_050559197.1	38.095	21	13	0	96	116	142	5	25	343	0.040	23.9
TRINITY_DN645_c0_g1_i4.p1	Spodoptera|XP_035432672.2	33.333	36	19	1	100	135	142	11	41	327	0.24	21.2
TRINITY_DN645_c0_g1_i4.p1	Bmori|XP_012550153.2	25.806	62	37	3	81	142	142	68	120	312	0.98	19.6
TRINITY_DN50426_c0_g1_i1.p1	Bmori|XP_062524699.1	31.034	29	20	0	1	29	204	313	341	343	0.59	20.8
TRINITY_DN5247_c1_g1_i8.p1	Bmori|XP_062526415.1	31.818	22	15	0	98	119	120	49	70	277	0.68	19.6
TRINITY_DN5247_c1_g1_i8.p1	Bmori|XP_062526412.1	31.818	22	15	0	98	119	120	61	82	289	0.71	19.6
TRINITY_DN5247_c1_g1_i8.p1	Bmori|XP_004930400.2	31.818	22	15	0	98	119	120	118	139	346	0.86	19.2
TRINITY_DN44738_c0_g1_i1.p1	Bmori|XP_037867392.1	37.931	29	18	0	10	38	152	178	206	395	0.34	21.2
TRINITY_DN44738_c0_g1_i1.p1	Spodoptera|XP_035442818.1	27.778	36	26	0	10	45	152	174	209	390	0.45	20.8
TRINITY_DN3160_c0_g1_i7.p1	Spodoptera|XP_050559703.1	22.881	236	156	6	12	239	246	86	303	315	2.17e-12	56.2
TRINITY_DN3160_c0_g1_i7.p1	Spodoptera|XP_035433249.2	26.337	243	144	8	8	243	246	11	225	238	5.96e-12	54.3
TRINITY_DN3160_c0_g1_i7.p1	Bmori|XP_012550153.2	23.529	170	107	5	11	170	246	7	163	312	1.04e-07	42.0
TRINITY_DN3160_c0_g1_i7.p1	Bmori|XP_062526415.1	33.929	56	33	2	189	240	246	156	211	277	0.85	20.8
TRINITY_DN3160_c0_g1_i7.p1	Bmori|XP_062526412.1	31.343	67	41	3	179	240	246	157	223	289	0.87	20.4
TRINITY_DN3137_c0_g1_i2.p1	Spodoptera|XP_035433286.1	31.034	29	20	0	22	50	115	68	96	344	0.066	22.7
TRINITY_DN3137_c0_g1_i2.p1	Bmori|XP_012551199.2	27.586	29	21	0	22	50	115	72	100	349	0.081	22.3
TRINITY_DN2224_c0_g1_i13.p1	Spodoptera|XP_035436301.1	23.596	89	48	1	425	513	2160	98	166	341	0.098	26.9
TRINITY_DN2224_c0_g1_i13.p1	Bmori|XP_037869304.1	23.596	89	48	1	425	513	2160	79	147	319	0.14	26.6
TRINITY_DN2224_c0_g1_i13.p1	Bmori|XP_062527116.1	55.000	20	9	0	711	730	2160	44	63	436	0.28	25.8
TRINITY_DN5404_c0_g1_i1.p1	Spodoptera|XP_050549308.1	70.000	10	3	0	34	43	247	289	298	431	0.74	20.8
TRINITY_DN5404_c0_g1_i1.p1	Bmori|XP_062527116.1	70.000	10	3	0	34	43	247	292	301	436	0.77	20.8
TRINITY_DN1592_c0_g1_i28.p1	Spodoptera|XP_035432672.2	35.135	37	24	0	4372	4408	4669	42	78	327	0.26	26.6
TRINITY_DN1592_c0_g1_i28.p1	Bmori|XP_062526415.1	24.390	82	41	1	3663	3744	4669	4	64	277	0.90	25.0
TRINITY_DN7392_c0_g1_i1.p1	Spodoptera|XP_035432672.2	66.667	12	4	0	44	55	528	128	139	327	0.46	22.7
TRINITY_DN8566_c1_g1_i2.p1	Bmori|XP_021206280.1	29.167	24	17	0	12	35	101	82	105	290	0.63	19.2
TRINITY_DN52809_c0_g1_i1.p1	Spodoptera|XP_050559193.1	27.027	37	21	1	85	115	161	154	190	349	0.22	21.6
TRINITY_DN52809_c0_g1_i1.p1	Spodoptera|XP_035435946.2	21.053	114	52	4	14	115	161	98	185	344	0.92	19.6
TRINITY_DN29094_c1_g1_i1.p1	Spodoptera|XP_050549308.1	41.176	17	10	0	86	102	102	50	66	431	0.23	20.8
TRINITY_DN29094_c1_g1_i1.p1	Spodoptera|XP_035432548.2	26.923	26	19	0	24	49	102	58	83	311	0.51	19.6
TRINITY_DN2225_c0_g1_i39.p1	Spodoptera|XP_050559191.1	24.490	49	37	0	173	221	232	114	162	352	0.12	23.1
TRINITY_DN2225_c0_g1_i39.p1	Bmori|XP_021206280.1	31.429	35	21	1	100	131	232	83	117	290	0.57	21.2
TRINITY_DN4888_c0_g1_i2.p1	Spodoptera|XP_050549308.1	24.545	110	66	4	39	133	224	287	394	431	0.18	22.7
TRINITY_DN40209_c1_g1_i1.p1	Spodoptera|XP_035433286.1	27.586	29	21	0	8	36	119	209	237	344	0.25	20.8
TRINITY_DN29366_c0_g1_i1.p1	Bmori|XP_037869304.1	26.415	53	36	1	4	53	160	177	229	319	0.89	19.6
TRINITY_DN6480_c0_g1_i3.p1	Spodoptera|XP_035436301.1	27.660	47	33	1	116	161	309	272	318	341	0.011	26.9
TRINITY_DN6480_c0_g1_i3.p1	Bmori|XP_037869304.1	27.660	47	33	1	116	161	309	253	299	319	0.017	26.2
TRINITY_DN6480_c0_g2_i1.p1	Spodoptera|XP_035432548.2	30.769	26	18	0	87	112	179	160	185	311	0.79	20.0
TRINITY_DN3277_c0_g1_i4.p1	Spodoptera|XP_050559196.1	43.478	23	13	0	92	114	487	23	45	304	0.16	23.9
TRINITY_DN3277_c0_g1_i4.p1	Spodoptera|XP_035436318.2	43.478	23	13	0	92	114	487	23	45	351	0.16	24.3
TRINITY_DN6480_c0_g3_i1.p1	Bmori|XP_062524699.1	37.037	27	17	0	88	114	167	121	147	343	0.63	20.4
TRINITY_DN49090_c0_g1_i1.p1	Bmori|XP_062529457.1	37.500	16	10	0	100	115	135	206	221	326	0.27	21.2
TRINITY_DN49090_c0_g1_i1.p1	Bmori|XP_012551199.2	40.000	15	9	0	67	81	135	237	251	349	0.89	19.6
TRINITY_DN49067_c0_g1_i1.p1	Bmori|XP_012550153.2	24.891	229	123	6	26	210	216	3	226	312	1.58e-10	50.1
TRINITY_DN49067_c0_g1_i1.p1	Spodoptera|XP_035433249.2	30.667	75	50	2	30	103	216	14	87	238	2.97e-04	30.8
TRINITY_DN49067_c0_g1_i1.p1	Spodoptera|XP_050559703.1	24.812	133	85	5	26	155	216	81	201	315	8.48e-04	29.6
TRINITY_DN49067_c0_g1_i1.p1	Spodoptera|XP_050559197.1	39.130	23	14	0	99	121	216	88	110	343	0.68	20.8
TRINITY_DN49067_c0_g1_i1.p1	Spodoptera|XP_050559191.1	32.258	31	21	0	70	100	216	74	104	352	0.96	20.4
TRINITY_DN12872_c0_g1_i22.p1	Bmori|XP_062526412.1	33.333	36	24	0	240	275	617	147	182	289	0.021	27.3
TRINITY_DN12872_c0_g1_i22.p1	Bmori|XP_004930400.2	33.333	36	24	0	240	275	617	204	239	346	0.022	27.3
TRINITY_DN12872_c0_g1_i22.p1	Bmori|XP_062526415.1	33.333	36	24	0	240	275	617	135	170	277	0.025	26.9
TRINITY_DN12872_c0_g1_i22.p1	Spodoptera|XP_050559197.1	30.556	36	25	0	240	275	617	202	237	343	0.032	26.6
TRINITY_DN12872_c0_g1_i22.p1	Spodoptera|XP_050549308.1	52.632	19	9	0	484	502	617	307	325	431	0.96	21.9
TRINITY_DN5130_c1_g1_i5.p1	Bmori|XP_037867392.1	23.028	317	206	9	18	313	366	39	338	395	2.88e-17	72.8
TRINITY_DN5130_c1_g1_i5.p1	Spodoptera|XP_035442818.1	23.279	305	201	10	40	322	366	50	343	390	7.32e-15	65.5
TRINITY_DN5130_c1_g1_i5.p1	Spodoptera|XP_035432548.2	20.084	239	170	6	102	322	366	31	266	311	2.97e-13	60.1
TRINITY_DN5130_c1_g1_i5.p1	Spodoptera|XP_035432672.2	19.481	77	49	2	217	284	366	179	251	327	0.50	21.9
TRINITY_DN41418_c0_g1_i1.p1	Spodoptera|XP_050559703.1	27.778	36	26	0	43	78	102	163	198	315	0.77	19.2
TRINITY_DN61840_c0_g1_i1.p1	Bmori|XP_062529457.1	31.373	51	30	1	33	78	121	263	313	326	0.17	21.6
TRINITY_DN9078_c0_g1_i1.p1	Bmori|XP_012551199.2	32.353	34	19	1	54	87	158	46	75	349	0.41	20.8
TRINITY_DN9078_c0_g1_i1.p1	Spodoptera|XP_035433286.1	32.353	34	19	1	54	87	158	42	71	344	0.65	20.4
TRINITY_DN7950_c0_g1_i5.p1	Spodoptera|XP_050559196.1	45.000	20	11	0	80	99	145	27	46	304	0.61	20.0
TRINITY_DN7950_c0_g1_i5.p1	Spodoptera|XP_035436318.2	45.000	20	11	0	80	99	145	27	46	351	0.72	20.0
TRINITY_DN13644_c0_g2_i1.p1	Spodoptera|XP_035442818.1	31.429	35	24	0	359	393	473	142	176	390	0.089	25.0
TRINITY_DN22095_c0_g1_i2.p1	Spodoptera|XP_050559193.1	52.941	17	7	1	86	101	107	208	224	349	0.42	20.0
TRINITY_DN3420_c1_g2_i1.p1	Bmori|XP_012550153.2	24.468	94	61	3	835	920	1257	193	284	312	0.11	26.2
TRINITY_DN7391_c0_g1_i1.p1	Bmori|XP_062529457.1	31.667	60	39	2	322	380	836	28	86	326	0.53	23.1
TRINITY_DN20944_c0_g1_i1.p1	Spodoptera|XP_050559703.1	32.692	52	32	1	46	94	253	201	252	315	0.18	22.7
TRINITY_DN1568_c0_g2_i5.p1	Spodoptera|XP_050559193.1	27.273	33	19	1	129	156	169	82	114	349	0.64	20.4
TRINITY_DN14558_c0_g1_i5.p1	Spodoptera|XP_035442818.1	28.571	49	31	1	221	269	280	93	137	390	0.046	25.0
TRINITY_DN14558_c0_g1_i5.p1	Bmori|XP_062527116.1	27.143	70	39	2	191	260	280	123	180	436	0.16	23.1
TRINITY_DN14558_c0_g1_i5.p1	Spodoptera|XP_050549308.1	28.736	87	48	4	190	274	280	119	193	431	0.22	22.7
TRINITY_DN12034_c0_g1_i12.p1	Spodoptera|XP_050559703.1	28.125	96	57	5	628	718	1619	172	260	315	0.28	25.0
TRINITY_DN12034_c0_g1_i12.p1	Bmori|XP_062526412.1	26.316	57	31	2	490	546	1619	229	274	289	0.60	23.9
TRINITY_DN12034_c0_g1_i12.p1	Bmori|XP_004930400.2	26.316	57	31	2	490	546	1619	286	331	346	0.69	23.9
TRINITY_DN12034_c0_g1_i12.p1	Bmori|XP_062526415.1	26.316	57	31	2	490	546	1619	217	262	277	0.75	23.5
TRINITY_DN3276_c0_g2_i5.p1	Spodoptera|XP_035433249.2	25.510	98	63	3	38	135	307	7	94	238	2.30e-06	38.1
TRINITY_DN3276_c0_g2_i5.p1	Bmori|XP_012550153.2	36.842	38	21	1	40	77	307	5	39	312	6.73e-05	33.9
TRINITY_DN3276_c0_g2_i5.p1	Spodoptera|XP_050559703.1	25.843	89	59	4	56	142	307	96	179	315	0.002	29.3
TRINITY_DN3276_c0_g2_i5.p1	Spodoptera|XP_050559196.1	44.000	25	12	1	278	300	307	1	25	304	0.38	21.9
TRINITY_DN3276_c0_g2_i5.p1	Spodoptera|XP_035436318.2	44.000	25	12	1	278	300	307	1	25	351	0.43	21.9
TRINITY_DN8861_c0_g1_i3.p1	Spodoptera|XP_035435946.2	28.767	73	47	1	242	314	348	129	196	344	0.007	27.7
TRINITY_DN46_c1_g1_i1.p1	Bmori|XP_062526412.1	25.373	67	39	3	203	269	695	148	203	289	0.65	22.7
TRINITY_DN46_c1_g1_i1.p1	Bmori|XP_004930400.2	25.373	67	39	3	203	269	695	205	260	346	0.67	22.7
TRINITY_DN46_c1_g1_i1.p1	Bmori|XP_062526415.1	25.373	67	39	3	203	269	695	136	191	277	0.78	22.3
TRINITY_DN43266_c0_g1_i3.p1	Spodoptera|XP_050559703.1	29.545	44	31	0	81	124	132	259	302	315	1.66e-05	33.5
TRINITY_DN43266_c0_g1_i3.p1	Spodoptera|XP_035433249.2	25.000	36	27	0	80	115	132	184	219	238	0.099	22.3
TRINITY_DN6595_c0_g2_i4.p1	Bmori|XP_062529457.1	22.807	57	44	0	434	490	534	199	255	326	0.20	23.9
TRINITY_DN9077_c0_g1_i2.p1	Spodoptera|XP_035435946.2	30.435	46	30	1	399	442	4181	210	255	344	0.81	25.0
TRINITY_DN19585_c0_g1_i1.p1	Bmori|XP_062529457.1	33.333	36	23	1	181	216	419	269	303	326	0.17	23.9
TRINITY_DN2479_c0_g1_i1.p1	Spodoptera|XP_035435946.2	34.783	46	26	2	623	664	1003	30	75	344	0.035	27.3
TRINITY_DN2479_c0_g1_i1.p1	Bmori|XP_012551199.2	30.233	43	30	0	888	930	1003	93	135	349	0.089	26.2
TRINITY_DN45672_c0_g1_i1.p1	Bmori|XP_062524699.1	47.619	21	11	0	15	35	138	170	190	343	0.50	20.4
TRINITY_DN11779_c1_g3_i1.p1	Bmori|XP_062529457.1	57.143	14	6	0	42	55	173	110	123	326	0.98	20.0
TRINITY_DN4746_c0_g1_i1.p1	Bmori|XP_037867392.1	28.358	67	44	3	139	202	375	300	365	395	0.44	22.3
TRINITY_DN18649_c0_g1_i2.p1	Bmori|XP_062529457.1	38.462	26	15	1	46	71	344	41	65	326	0.25	22.7
TRINITY_DN18649_c0_g1_i2.p1	Spodoptera|XP_050559703.1	44.828	29	15	1	269	297	344	287	314	315	0.84	21.2
TRINITY_DN7251_c0_g1_i1.p1	Bmori|XP_012550153.2	32.231	242	138	6	2	225	236	6	239	312	1.64e-34	117
TRINITY_DN7251_c0_g1_i1.p1	Spodoptera|XP_035433249.2	25.000	92	59	3	1	92	236	12	93	238	3.11e-06	37.0
TRINITY_DN7251_c0_g1_i1.p1	Spodoptera|XP_050559703.1	28.713	101	67	2	2	101	236	84	180	315	7.72e-06	36.2
TRINITY_DN7251_c0_g1_i1.p1	Bmori|XP_012551199.2	34.091	44	28	1	177	220	236	90	132	349	0.27	21.9
TRINITY_DN20942_c0_g4_i1.p1	Spodoptera|XP_035432548.2	29.787	47	31	1	158	202	204	73	119	311	0.63	20.8
TRINITY_DN25378_c2_g1_i1.p1	Spodoptera|XP_050559193.1	30.357	56	32	2	21	69	103	1	56	349	0.60	19.6
TRINITY_DN25378_c2_g1_i1.p1	Bmori|XP_004930400.2	20.930	43	34	0	38	80	103	25	67	346	0.92	18.9
TRINITY_DN12032_c0_g1_i5.p1	Bmori|XP_012551199.2	28.169	71	38	4	55	121	121	262	323	349	0.13	21.9
TRINITY_DN554_c9_g2_i1.p1	Bmori|XP_004930400.2	34.884	43	27	1	386	428	523	15	56	346	0.34	23.1
TRINITY_DN554_c9_g2_i1.p1	Spodoptera|XP_035432548.2	33.333	81	34	5	358	421	523	129	206	311	0.34	23.1
TRINITY_DN554_c9_g2_i1.p1	Bmori|XP_062529457.1	44.444	27	12	1	492	518	523	106	129	326	0.51	22.7
TRINITY_DN1567_c0_g1_i1.p1	Spodoptera|XP_035442818.1	26.087	46	34	0	471	516	529	58	103	390	0.83	21.9
TRINITY_DN759_c0_g1_i2.p1	Spodoptera|XP_035442818.1	25.490	102	67	5	205	302	350	244	340	390	0.47	21.9
TRINITY_DN7367_c0_g1_i16.p1	Spodoptera|XP_035442818.1	33.333	33	19	1	868	900	1166	26	55	390	0.15	25.4
TRINITY_DN1955_c3_g1_i1.p1	Bmori|XP_062527116.1	34.286	35	19	1	127	157	521	373	407	436	0.48	22.7
TRINITY_DN20245_c0_g1_i2.p1	Bmori|XP_012550153.2	38.710	31	19	0	51	81	109	244	274	312	0.26	20.8
TRINITY_DN9063_c2_g1_i1.p1	Bmori|XP_037867392.1	52.632	19	9	0	60	78	129	339	357	395	0.088	22.3
TRINITY_DN25807_c0_g1_i1.p1	Spodoptera|XP_050549308.1	27.083	48	35	0	354	401	514	30	77	431	0.53	22.7
TRINITY_DN25807_c0_g1_i1.p1	Spodoptera|XP_035442818.1	32.432	37	25	0	253	289	514	99	135	390	0.89	21.9
TRINITY_DN783_c0_g1_i3.p1	Spodoptera|XP_035435946.2	36.364	22	14	0	10	31	101	233	254	344	0.13	21.6
TRINITY_DN783_c0_g1_i3.p1	Spodoptera|XP_050559197.1	36.364	22	14	0	10	31	101	230	251	343	0.15	21.2
TRINITY_DN783_c0_g1_i3.p1	Bmori|XP_062524699.1	39.130	23	14	0	23	45	101	27	49	343	0.19	20.8
TRINITY_DN783_c0_g1_i3.p1	Bmori|XP_062524699.1	28.000	25	18	0	5	29	101	226	250	343	0.64	19.2
TRINITY_DN3275_c0_g1_i1.p1	Spodoptera|XP_035433286.1	47.368	19	10	0	1489	1507	1556	147	165	344	0.93	23.5
TRINITY_DN8837_c0_g1_i1.p1	Bmori|XP_062524699.1	22.000	100	67	3	176	272	380	128	219	343	0.24	23.1
TRINITY_DN1553_c2_g1_i5.p1	Spodoptera|XP_050559193.1	36.170	47	24	2	623	667	696	150	192	349	0.51	23.1
TRINITY_DN33484_c0_g1_i6.p1	Bmori|XP_012550153.2	28.049	82	40	3	57	127	176	69	142	312	0.15	22.3
TRINITY_DN10864_c1_g2_i6.p1	Bmori|XP_062524699.1	22.535	71	52	1	30	100	103	228	295	343	0.13	21.6
TRINITY_DN12149_c0_g1_i1.p1	Bmori|XP_037867392.1	70.000	10	3	0	123	132	196	272	281	395	0.65	20.8
TRINITY_DN1426_c0_g1_i7.p1	Spodoptera|XP_035432548.2	45.161	31	16	1	165	195	1183	250	279	311	0.044	27.3
TRINITY_DN899_c0_g1_i10.p1	Bmori|XP_021206280.1	25.532	47	34	1	291	336	733	171	217	290	0.11	25.0
TRINITY_DN7226_c0_g1_i2.p1	Spodoptera|XP_050559703.1	37.255	51	23	3	11	61	482	148	189	315	0.034	26.2
TRINITY_DN630_c2_g5_i3.p1	Bmori|XP_037867392.1	50.000	20	10	0	149	168	245	375	394	395	0.079	23.9
TRINITY_DN630_c2_g5_i3.p1	Spodoptera|XP_050559191.1	33.333	39	23	2	108	146	245	186	221	352	0.14	23.1
TRINITY_DN19584_c0_g1_i4.p1	Spodoptera|XP_050559197.1	30.000	40	19	1	112	151	223	260	290	343	0.77	20.8
TRINITY_DN7227_c0_g1_i1.p1	Bmori|XP_062527116.1	38.298	47	27	1	268	312	316	211	257	436	0.058	24.6
TRINITY_DN7227_c0_g1_i1.p1	Spodoptera|XP_050549308.1	36.170	47	28	1	268	312	316	208	254	431	0.28	22.7
TRINITY_DN7227_c0_g1_i1.p1	Spodoptera|XP_050559191.1	34.375	32	21	0	157	188	316	242	273	352	0.94	20.8
TRINITY_DN49622_c0_g1_i1.p1	Spodoptera|XP_050559703.1	42.857	21	12	0	24	44	206	282	302	315	0.35	21.6
TRINITY_DN49622_c0_g1_i1.p1	Bmori|XP_062527116.1	43.478	23	13	0	52	74	206	29	51	436	0.99	20.0
TRINITY_DN28568_c0_g1_i1.p1	Spodoptera|XP_035432672.2	26.866	67	34	3	511	577	905	35	86	327	0.096	25.8
TRINITY_DN9476_c1_g1_i3.p1	Bmori|XP_021206280.1	30.769	91	52	5	60	141	1133	17	105	290	0.13	25.4
TRINITY_DN27655_c0_g1_i1.p1	Bmori|XP_062529457.1	34.615	26	17	0	133	158	325	3	28	326	0.51	21.9
TRINITY_DN48269_c0_g1_i1.p1	Spodoptera|XP_050559193.1	38.235	34	20	1	566	598	657	167	200	349	0.50	23.1
TRINITY_DN48269_c0_g1_i1.p1	Bmori|XP_037867392.1	26.190	126	81	5	15	134	657	81	200	395	0.53	23.1
TRINITY_DN758_c0_g1_i12.p1	Spodoptera|XP_050559191.1	50.000	18	9	0	3284	3301	4284	42	59	352	0.90	25.0
TRINITY_DN3971_c0_g2_i1.p1	Spodoptera|XP_035432548.2	26.190	42	26	1	42	78	163	45	86	311	0.56	20.4
TRINITY_DN3948_c0_g1_i1.p1	Spodoptera|XP_035442818.1	29.167	48	32	1	184	229	635	81	128	390	0.45	23.1
TRINITY_DN3273_c0_g1_i8.p1	Spodoptera|XP_035433249.2	21.333	75	59	0	906	980	1425	99	173	238	0.24	25.0
TRINITY_DN25649_c1_g5_i1.p2	Bmori|XP_004930400.2	50.000	14	7	0	116	129	131	30	43	346	0.60	20.0
TRINITY_DN25649_c1_g5_i1.p2	Spodoptera|XP_050559197.1	58.333	12	5	0	118	129	131	30	41	343	0.88	19.6
TRINITY_DN2360_c0_g1_i9.p1	Spodoptera|XP_050559197.1	37.143	35	20	1	56	88	624	271	305	343	0.19	24.3
TRINITY_DN2360_c0_g1_i9.p1	Bmori|XP_012550153.2	31.111	45	27	2	366	410	624	56	96	312	0.89	21.9
TRINITY_DN3972_c0_g2_i2.p1	Spodoptera|XP_035436318.2	31.818	22	15	0	65	86	388	161	182	351	0.43	22.3
TRINITY_DN3972_c0_g2_i2.p1	Spodoptera|XP_050559196.1	31.818	22	15	0	65	86	388	161	182	304	0.46	22.3
TRINITY_DN3972_c0_g2_i2.p1	Spodoptera|XP_035435946.2	38.889	18	11	0	65	82	388	154	171	344	0.58	21.9
TRINITY_DN3972_c0_g2_i2.p1	Spodoptera|XP_050559191.1	38.889	18	11	0	65	82	388	163	180	352	0.61	21.9
TRINITY_DN19582_c0_g1_i2.p1	Bmori|XP_012550153.2	37.500	24	13	1	76	97	170	289	312	312	0.68	20.4
TRINITY_DN25945_c0_g3_i1.p1	Spodoptera|XP_035432672.2	45.000	20	11	0	173	192	209	119	138	327	0.63	20.8
TRINITY_DN8138_c0_g1_i15.p1	Spodoptera|XP_050559197.1	22.340	94	51	4	210	302	475	212	284	343	0.22	23.5
TRINITY_DN898_c0_g1_i90.p1	Bmori|XP_012550153.2	28.846	52	30	1	403	447	458	254	305	312	0.078	25.0
TRINITY_DN20499_c0_g1_i13.p1	Bmori|XP_037867392.1	30.909	55	29	2	224	278	315	242	287	395	0.096	24.3
TRINITY_DN26859_c0_g1_i1.p1	Spodoptera|XP_035436301.1	45.161	31	16	1	186	216	255	44	73	341	0.47	21.6
TRINITY_DN6593_c0_g2_i1.p1	Spodoptera|XP_035435946.2	57.143	14	5	1	79	92	106	155	167	344	0.71	19.2
TRINITY_DN6593_c0_g2_i1.p1	Spodoptera|XP_050559703.1	40.000	15	9	0	79	93	106	171	185	315	0.98	18.9
TRINITY_DN588_c3_g3_i12.p1	Spodoptera|XP_050559191.1	61.538	13	5	0	162	174	453	196	208	352	0.38	22.7
TRINITY_DN2477_c0_g1_i1.p1	Spodoptera|XP_035432548.2	27.500	40	29	0	98	137	337	268	307	311	0.61	21.6
TRINITY_DN12985_c0_g1_i7.p1	Spodoptera|XP_050559703.1	38.462	26	16	0	128	153	710	80	105	315	0.82	22.3
TRINITY_DN3133_c0_g1_i12.p1	Bmori|XP_012551199.2	28.358	67	40	2	24	90	762	235	293	349	0.053	26.2
TRINITY_DN19699_c0_g1_i1.p1	Bmori|XP_062529457.1	26.562	64	44	2	17	80	117	76	136	326	0.56	19.6
TRINITY_DN8020_c0_g1_i1.p1	Bmori|XP_062524699.1	27.778	36	26	0	21	56	998	264	299	343	0.30	24.3
TRINITY_DN780_c0_g1_i2.p1	Spodoptera|XP_035442818.1	44.828	29	14	2	51	78	286	149	176	390	0.91	20.8
TRINITY_DN4883_c0_g3_i2.p1	Bmori|XP_062529457.1	47.826	23	11	1	220	241	333	262	284	326	0.46	21.9
TRINITY_DN4883_c0_g3_i2.p1	Spodoptera|XP_050559197.1	32.727	55	20	3	72	111	333	202	254	343	0.85	21.2
TRINITY_DN757_c0_g1_i7.p1	Bmori|XP_037867392.1	27.907	43	31	0	129	171	225	134	176	395	0.15	22.7
TRINITY_DN11375_c0_g1_i1.p1	Spodoptera|XP_050559191.1	36.667	30	17	1	210	237	355	121	150	352	0.91	21.2
TRINITY_DN3272_c0_g1_i2.p1	Spodoptera|XP_050559703.1	26.087	23	17	0	18	40	123	289	311	315	0.76	19.6
TRINITY_DN17175_c0_g1_i1.p1	Spodoptera|XP_050559197.1	22.222	72	54	1	407	478	864	201	270	343	0.72	22.7
TRINITY_DN17175_c0_g1_i1.p1	Bmori|XP_062524699.1	29.091	55	34	2	633	682	864	161	215	343	0.88	22.7
TRINITY_DN33458_c0_g1_i1.p1	Bmori|XP_004930400.2	42.857	21	12	0	180	200	597	16	36	346	0.10	25.0
TRINITY_DN33458_c0_g2_i1.p1	Spodoptera|XP_050559191.1	30.000	60	33	3	458	512	529	42	97	352	0.82	21.9
TRINITY_DN500_c0_g1_i1.p2	Spodoptera|XP_035435946.2	39.130	23	14	0	64	86	106	51	73	344	0.14	21.6
TRINITY_DN500_c0_g1_i1.p2	Spodoptera|XP_050559191.1	43.478	23	13	0	64	86	106	51	73	352	0.16	21.2
TRINITY_DN52246_c0_g1_i2.p1	Spodoptera|XP_050559193.1	23.214	56	42	1	20	74	100	11	66	349	0.89	18.9
TRINITY_DN30977_c0_g1_i1.p1	Bmori|XP_004930400.2	70.000	10	3	0	99	108	133	24	33	346	0.40	20.4
TRINITY_DN2337_c0_g1_i2.p1	Spodoptera|XP_035436301.1	25.532	47	28	1	253	299	324	144	183	341	0.79	21.2
TRINITY_DN4742_c0_g1_i3.p1	Bmori|XP_012551199.2	30.000	40	27	1	328	366	840	58	97	349	0.71	22.7
TRINITY_DN4742_c0_g1_i3.p1	Spodoptera|XP_050559197.1	30.000	30	21	0	3	32	840	288	317	343	0.80	22.7
TRINITY_DN7922_c0_g1_i18.p1	Bmori|XP_062526415.1	25.862	58	41	1	333	390	814	132	187	277	0.34	23.9
TRINITY_DN7922_c0_g1_i18.p1	Bmori|XP_062526412.1	25.862	58	41	1	333	390	814	144	199	289	0.38	23.5
TRINITY_DN7922_c0_g1_i18.p1	Bmori|XP_004930400.2	25.862	58	41	1	333	390	814	201	256	346	0.38	23.5
TRINITY_DN12147_c0_g1_i17.p1	Spodoptera|XP_050559193.1	25.000	40	28	1	106	145	148	114	151	349	0.39	20.8
TRINITY_DN1424_c0_g1_i6.p1	Spodoptera|XP_035435946.2	34.091	44	20	1	118	161	201	20	54	344	0.34	21.6
TRINITY_DN61928_c0_g1_i1.p1	Spodoptera|XP_035432672.2	54.545	11	5	0	75	85	116	216	226	327	0.46	20.0
TRINITY_DN2476_c0_g1_i8.p1	Spodoptera|XP_050549308.1	29.787	47	29	1	239	285	354	167	209	431	0.33	22.7
TRINITY_DN2476_c0_g1_i8.p1	Spodoptera|XP_050559197.1	29.167	72	41	3	141	205	354	1	69	343	0.71	21.6
TRINITY_DN16379_c0_g2_i1.p1	Spodoptera|XP_050549308.1	44.444	27	13	1	87	113	189	368	392	431	0.13	22.7
TRINITY_DN16379_c0_g2_i1.p1	Bmori|XP_062527116.1	44.000	25	12	1	89	113	189	373	395	436	0.91	20.0
TRINITY_DN2062_c1_g1_i15.p1	Spodoptera|XP_035432548.2	32.432	37	21	1	178	210	420	43	79	311	0.98	21.2
TRINITY_DN20241_c0_g1_i1.p1	Bmori|XP_021206280.1	22.581	124	84	4	76	194	245	45	161	290	0.94	20.4
TRINITY_DN12570_c1_g1_i4.p1	Spodoptera|XP_050559191.1	28.205	39	28	0	385	423	751	100	138	352	0.31	23.9
TRINITY_DN20241_c0_g3_i1.p1	Bmori|XP_004930400.2	24.138	58	38	1	65	122	198	21	72	346	0.022	25.0
TRINITY_DN20241_c0_g3_i1.p1	Spodoptera|XP_050559197.1	26.531	49	34	1	74	122	198	24	70	343	0.11	23.1
TRINITY_DN20241_c0_g3_i1.p1	Spodoptera|XP_035435946.2	31.429	35	22	1	78	110	198	146	180	344	0.35	21.6
TRINITY_DN20241_c0_g3_i1.p1	Spodoptera|XP_050559191.1	32.000	25	17	0	98	122	198	49	73	352	0.39	21.2
TRINITY_DN30836_c0_g1_i1.p1	Bmori|XP_062527116.1	31.429	35	24	0	327	361	362	88	122	436	0.43	22.3
TRINITY_DN5097_c0_g1_i1.p1	Bmori|XP_062524699.1	25.000	36	27	0	119	154	398	105	140	343	0.62	21.9
TRINITY_DN44849_c0_g1_i1.p1	Spodoptera|XP_035432548.2	29.545	44	30	1	61	104	251	263	305	311	0.73	20.8
TRINITY_DN14669_c0_g1_i1.p1	Spodoptera|XP_050559193.1	26.471	34	25	0	70	103	377	278	311	349	0.75	21.6
TRINITY_DN3248_c0_g1_i2.p1	Spodoptera|XP_050549308.1	33.333	24	16	0	10	33	220	224	247	431	0.13	23.1
TRINITY_DN3248_c0_g1_i2.p1	Bmori|XP_062527116.1	33.333	24	16	0	10	33	220	227	250	436	0.15	22.7
TRINITY_DN6428_c0_g1_i2.p1	Bmori|XP_062529457.1	58.824	17	5	1	95	109	483	222	238	326	0.30	23.1
TRINITY_DN16261_c0_g1_i15.p1	Spodoptera|XP_050549308.1	37.931	29	18	0	117	145	213	28	56	431	0.13	23.1
TRINITY_DN16261_c0_g1_i15.p1	Bmori|XP_062527116.1	34.483	29	19	0	117	145	213	28	56	436	0.45	21.2
TRINITY_DN13058_c0_g1_i5.p1	Spodoptera|XP_050559197.1	45.833	24	10	1	226	246	361	206	229	343	0.47	21.9
TRINITY_DN33480_c0_g1_i3.p1	Spodoptera|XP_050549308.1	39.130	23	14	0	95	117	117	360	382	431	0.51	20.0
TRINITY_DN33480_c0_g1_i3.p1	Spodoptera|XP_050549308.1	30.189	53	34	2	46	97	117	245	295	431	0.67	19.6
TRINITY_DN33480_c0_g1_i3.p1	Bmori|XP_062527116.1	40.000	20	12	0	46	65	117	248	267	436	0.93	19.2
TRINITY_DN6567_c0_g1_i1.p1	Bmori|XP_004930400.2	31.579	19	13	0	208	226	418	9	27	346	0.74	21.6
TRINITY_DN6567_c0_g1_i1.p1	Bmori|XP_062527116.1	22.892	83	42	3	206	273	418	158	233	436	0.89	21.6
TRINITY_DN12844_c0_g1_i2.p1	Spodoptera|XP_050549308.1	30.435	23	11	1	4	21	102	197	219	431	0.52	19.6
TRINITY_DN8834_c0_g3_i3.p1	Spodoptera|XP_035435946.2	31.429	105	59	5	202	306	349	243	334	344	0.48	21.9
TRINITY_DN14551_c0_g1_i1.p1	Spodoptera|XP_035442818.1	28.333	60	28	2	2	51	99	219	273	390	0.18	20.8
TRINITY_DN896_c0_g1_i11.p1	Bmori|XP_062527116.1	25.000	32	24	0	549	580	1142	215	246	436	0.073	26.6
TRINITY_DN896_c0_g1_i11.p1	Spodoptera|XP_050549308.1	21.875	32	25	0	549	580	1142	212	243	431	0.80	23.1
TRINITY_DN6414_c2_g1_i1.p1	Spodoptera|XP_035442818.1	22.667	75	54	1	117	191	274	62	132	390	0.67	21.2
TRINITY_DN6414_c2_g1_i1.p1	Bmori|XP_012551199.2	32.258	31	19	1	144	172	274	232	262	349	0.94	20.8
TRINITY_DN59657_c0_g1_i1.p1	Bmori|XP_062527116.1	29.032	31	22	0	208	238	535	357	387	436	0.37	23.1
TRINITY_DN20758_c1_g1_i1.p1	Bmori|XP_021206280.1	46.667	15	8	0	200	214	474	253	267	290	0.74	21.9
TRINITY_DN8973_c0_g1_i2.p1	Bmori|XP_062527116.1	27.536	69	41	1	77	136	723	263	331	436	0.30	23.9
TRINITY_DN7362_c0_g1_i8.p1	Spodoptera|XP_050559193.1	38.095	42	23	1	971	1012	1294	21	59	349	0.15	25.8
TRINITY_DN27628_c0_g2_i1.p1	Bmori|XP_062527116.1	30.000	80	47	3	348	427	499	134	204	436	0.058	25.8
TRINITY_DN27628_c0_g3_i1.p1	Bmori|XP_062524699.1	40.000	30	14	1	16	45	128	99	124	343	0.79	19.6
TRINITY_DN20915_c0_g1_i1.p1	Spodoptera|XP_050559191.1	40.909	22	13	0	3	24	139	122	143	352	0.14	21.9
TRINITY_DN1539_c0_g1_i2.p1	Spodoptera|XP_035433249.2	25.714	35	26	0	61	95	144	84	118	238	0.48	20.4
TRINITY_DN11372_c0_g1_i1.p1	Spodoptera|XP_050559703.1	21.782	101	77	2	42	141	305	81	180	315	1.15e-04	33.1
TRINITY_DN11372_c0_g1_i1.p1	Spodoptera|XP_035433249.2	18.085	94	70	2	45	138	305	13	99	238	0.017	26.2
TRINITY_DN11372_c0_g1_i1.p1	Bmori|XP_012550153.2	19.655	290	189	12	44	302	305	5	281	312	0.026	25.8
TRINITY_DN11372_c0_g1_i1.p1	Spodoptera|XP_035436318.2	34.286	35	21	1	123	157	305	85	117	351	0.22	22.7
TRINITY_DN11372_c0_g1_i1.p1	Spodoptera|XP_050559196.1	34.286	35	21	1	123	157	305	85	117	304	0.26	22.7
TRINITY_DN11372_c0_g1_i1.p1	Bmori|XP_021206280.1	20.930	86	58	4	63	139	305	136	220	290	0.37	21.9
TRINITY_DN11372_c0_g1_i1.p1	Spodoptera|XP_050559193.1	26.923	52	34	2	123	172	305	83	132	349	0.46	21.9
TRINITY_DN10436_c0_g1_i7.p1	Bmori|XP_012551199.2	21.622	37	29	0	14	50	138	120	156	349	0.86	19.6
TRINITY_DN5513_c0_g1_i1.p1	Spodoptera|XP_050559197.1	28.571	28	20	0	64	91	142	247	274	343	0.11	22.3
TRINITY_DN5096_c0_g1_i4.p1	Spodoptera|XP_035433249.2	38.889	36	22	0	614	649	995	110	145	238	0.35	23.9
TRINITY_DN4858_c0_g1_i1.p1	Spodoptera|XP_050559193.1	32.258	62	23	3	24	67	214	261	321	349	0.89	20.4
TRINITY_DN3945_c0_g1_i1.p1	Bmori|XP_062526412.1	30.952	42	29	0	86	127	496	180	221	289	0.031	26.2
TRINITY_DN3945_c0_g1_i1.p1	Bmori|XP_062526415.1	30.952	42	29	0	86	127	496	168	209	277	0.033	26.2
TRINITY_DN3945_c0_g1_i1.p1	Bmori|XP_004930400.2	30.952	42	29	0	86	127	496	237	278	346	0.035	26.2
TRINITY_DN3945_c0_g1_i1.p1	Bmori|XP_021206280.1	28.333	60	31	1	86	133	496	179	238	290	0.46	22.7
TRINITY_DN17173_c0_g1_i1.p1	Spodoptera|XP_035432548.2	47.059	17	9	0	43	59	117	193	209	311	0.20	21.2
TRINITY_DN40_c1_g1_i2.p1	Spodoptera|XP_035436301.1	27.059	85	46	3	533	608	1187	94	171	341	0.056	26.9
TRINITY_DN40057_c0_g1_i1.p1	Bmori|XP_037867392.1	45.000	20	11	0	126	145	177	375	394	395	0.44	21.2
TRINITY_DN25105_c0_g2_i2.p1	Spodoptera|XP_050559196.1	35.484	31	20	0	120	150	175	166	196	304	0.17	22.3
TRINITY_DN25105_c0_g2_i2.p1	Spodoptera|XP_035436318.2	35.484	31	20	0	120	150	175	166	196	351	0.18	21.9
TRINITY_DN1421_c0_g1_i10.p1	Bmori|XP_062524699.1	27.143	70	47	2	302	370	957	233	299	343	0.31	24.3
TRINITY_DN4601_c0_g2_i1.p1	Bmori|XP_037867392.1	22.368	76	50	3	555	621	766	258	333	395	0.16	24.6
TRINITY_DN4601_c0_g2_i1.p1	Spodoptera|XP_035432548.2	42.857	21	12	0	420	440	766	49	69	311	0.96	22.3
TRINITY_DN1679_c0_g1_i2.p1	Spodoptera|XP_035436318.2	43.478	23	13	0	5	27	446	329	351	351	0.11	24.6
TRINITY_DN1679_c0_g1_i2.p1	Spodoptera|XP_050559196.1	43.478	23	13	0	5	27	446	282	304	304	0.11	24.3
TRINITY_DN1679_c0_g1_i2.p1	Spodoptera|XP_050559703.1	42.308	26	15	0	67	92	446	86	111	315	0.25	23.1
TRINITY_DN894_c0_g3_i4.p1	Bmori|XP_062527116.1	36.364	22	11	1	373	391	419	204	225	436	0.72	21.9
TRINITY_DN196_c0_g1_i1.p1	Bmori|XP_062529457.1	28.571	49	30	1	43	91	118	74	117	326	0.096	21.9
TRINITY_DN6566_c0_g1_i1.p1	Spodoptera|XP_035435946.2	21.429	84	57	1	62	145	571	81	155	344	0.25	23.9
TRINITY_DN1265_c1_g1_i3.p1	Spodoptera|XP_035442818.1	39.286	28	13	1	346	373	377	131	154	390	0.19	23.5
TRINITY_DN1265_c1_g1_i3.p1	Spodoptera|XP_035432672.2	39.286	28	8	1	73	100	377	37	55	327	0.78	21.6
TRINITY_DN1265_c1_g1_i3.p1	Bmori|XP_037867392.1	26.531	98	55	4	287	377	377	75	162	395	0.82	21.6
TRINITY_DN25505_c1_g1_i3.p1	Spodoptera|XP_035442818.1	42.647	272	150	3	30	296	296	23	293	390	7.86e-77	231
TRINITY_DN25505_c1_g1_i3.p1	Spodoptera|XP_035432548.2	48.500	200	101	2	98	296	296	18	216	311	4.69e-66	201
TRINITY_DN25505_c1_g1_i3.p1	Bmori|XP_037867392.1	36.755	302	179	5	1	296	296	3	298	395	3.53e-62	193
TRINITY_DN4717_c0_g1_i1.p1	Spodoptera|XP_050559196.1	24.359	78	56	2	65	142	182	42	116	304	0.18	22.3
TRINITY_DN4717_c0_g1_i1.p1	Spodoptera|XP_035436318.2	24.359	78	56	2	65	142	182	42	116	351	0.21	21.9
TRINITY_DN4717_c0_g1_i1.p1	Bmori|XP_012551199.2	36.000	25	16	0	23	47	182	34	58	349	0.68	20.4
TRINITY_DN26994_c0_g1_i1.p1	Bmori|XP_037869304.1	35.135	37	22	1	32	66	262	225	261	319	0.85	20.8
TRINITY_DN197_c0_g1_i12.p1	Spodoptera|XP_050559193.1	26.724	116	55	4	64	162	893	206	308	349	0.20	24.6
TRINITY_DN17032_c0_g1_i4.p1	Spodoptera|XP_050559193.1	25.000	36	27	0	35	70	171	223	258	349	0.83	20.0
TRINITY_DN45084_c0_g1_i1.p1	Bmori|XP_012550153.2	21.831	284	173	10	9	275	305	13	264	312	8.33e-07	39.7
TRINITY_DN45084_c0_g1_i1.p1	Spodoptera|XP_035433249.2	22.917	240	127	11	9	230	305	20	219	238	0.13	23.5
TRINITY_DN48264_c0_g1_i1.p2	Bmori|XP_004930400.2	60.000	10	4	0	59	68	101	225	234	346	0.99	18.9
TRINITY_DN1561_c0_g1_i1.p1	Bmori|XP_037867392.1	53.333	15	7	0	154	168	558	254	268	395	0.53	22.7
TRINITY_DN20914_c0_g1_i1.p1	Bmori|XP_062527116.1	37.037	27	16	1	103	128	132	145	171	436	0.61	20.0
TRINITY_DN5793_c0_g1_i3.p1	Spodoptera|XP_035433249.2	40.000	30	14	1	565	594	633	50	75	238	0.60	22.7
TRINITY_DN5095_c0_g1_i5.p1	Spodoptera|XP_035433286.1	25.926	27	20	0	221	247	259	234	260	344	0.49	21.6
TRINITY_DN4857_c0_g1_i1.p1	Spodoptera|XP_050549308.1	33.333	15	10	0	283	297	427	204	218	431	0.77	21.9
TRINITY_DN1677_c0_g2_i5.p1	Bmori|XP_012551199.2	26.667	45	31	2	2	44	111	262	306	349	0.71	19.2
TRINITY_DN20355_c0_g1_i13.p1	Spodoptera|XP_035432548.2	26.087	46	30	1	686	731	888	167	208	311	0.18	24.6
TRINITY_DN16934_c0_g1_i1.p1	Spodoptera|XP_035432672.2	40.000	20	12	0	61	80	223	261	280	327	0.46	21.2
TRINITY_DN8831_c0_g1_i1.p1	Spodoptera|XP_050559197.1	22.794	136	87	6	114	233	322	200	333	343	0.16	23.5
TRINITY_DN8831_c0_g1_i1.p1	Bmori|XP_021206280.1	23.881	67	51	0	124	190	322	155	221	290	0.97	20.8
TRINITY_DN8133_c0_g1_i4.p1	Bmori|XP_037869304.1	36.000	25	16	0	63	87	137	229	253	319	0.22	21.6
TRINITY_DN8133_c0_g1_i4.p1	Spodoptera|XP_050559197.1	37.500	48	23	3	65	110	137	78	120	343	0.57	20.0
TRINITY_DN53854_c0_g1_i1.p1	Spodoptera|XP_035442818.1	20.000	30	24	0	79	108	108	222	251	390	0.57	19.6
TRINITY_DN4298_c0_g1_i1.p1	Bmori|XP_062527116.1	42.857	14	8	0	66	79	125	207	220	436	0.23	21.2
TRINITY_DN4298_c0_g1_i1.p1	Spodoptera|XP_050549308.1	42.857	14	8	0	66	79	125	204	217	431	0.56	20.0
TRINITY_DN4298_c0_g1_i1.p1	Spodoptera|XP_035442818.1	31.707	41	23	2	59	99	125	122	157	390	0.71	19.6
TRINITY_DN195_c0_g1_i2.p1	Bmori|XP_037869304.1	45.000	20	11	0	227	246	532	124	143	319	0.52	22.7
TRINITY_DN2472_c0_g1_i1.p1	Spodoptera|XP_050559196.1	36.842	19	12	0	127	145	480	50	68	304	0.61	22.3
TRINITY_DN2472_c0_g1_i1.p1	Spodoptera|XP_035436318.2	38.889	18	11	0	127	144	480	50	67	351	0.67	21.9
TRINITY_DN2472_c0_g1_i1.p1	Spodoptera|XP_035433249.2	33.333	30	20	0	84	113	480	134	163	238	0.67	21.9
TRINITY_DN7221_c0_g1_i11.p1	Bmori|XP_062529457.1	50.000	22	11	0	411	432	1314	187	208	326	0.62	23.9
TRINITY_DN14526_c0_g1_i1.p1	Spodoptera|XP_035433286.1	40.909	22	13	0	404	425	618	3	24	344	0.73	22.3
TRINITY_DN14526_c0_g1_i1.p1	Spodoptera|XP_050559193.1	53.333	15	7	0	532	546	618	31	45	349	0.94	21.9
TRINITY_DN5768_c0_g1_i1.p1	Spodoptera|XP_035432672.2	53.333	15	7	0	45	59	310	57	71	327	0.18	23.1
TRINITY_DN1560_c0_g1_i1.p1	Bmori|XP_012550153.2	23.404	47	35	1	39	85	116	247	292	312	0.51	20.0
TRINITY_DN3942_c0_g1_i7.p1	Bmori|XP_012551199.2	36.667	30	13	2	86	115	212	42	65	349	0.94	20.4
TRINITY_DN3942_c0_g1_i7.p1	Bmori|XP_012550153.2	35.294	34	16	1	101	128	212	121	154	312	0.95	20.4
TRINITY_DN47327_c0_g1_i1.p1	Bmori|XP_037869304.1	30.000	70	42	1	132	194	275	33	102	319	0.005	27.7
TRINITY_DN47327_c0_g1_i1.p1	Bmori|XP_004930400.2	24.590	61	39	2	9	68	275	175	229	346	0.16	23.1
TRINITY_DN47327_c0_g1_i1.p1	Bmori|XP_062526412.1	24.590	61	39	2	9	68	275	118	172	289	0.24	22.3
TRINITY_DN47327_c0_g1_i1.p1	Bmori|XP_062526415.1	24.590	61	39	2	9	68	275	106	160	277	0.31	22.3
TRINITY_DN47327_c0_g1_i1.p1	Spodoptera|XP_050559197.1	24.590	61	39	2	9	68	275	173	227	343	0.44	21.9
TRINITY_DN11347_c0_g2_i2.p1	Bmori|XP_062529457.1	48.148	27	8	2	180	200	237	143	169	326	0.39	21.6
TRINITY_DN22620_c0_g2_i2.p1	Spodoptera|XP_035432548.2	27.500	40	28	1	94	133	149	112	150	311	0.49	20.4
TRINITY_DN3786_c1_g1_i4.p1	Bmori|XP_062529457.1	36.170	47	24	3	566	609	611	207	250	326	0.094	25.0
TRINITY_DN3786_c1_g1_i4.p1	Spodoptera|XP_035432672.2	27.273	44	32	0	566	609	611	206	249	327	0.69	22.3
TRINITY_DN2589_c0_g1_i5.p1	Bmori|XP_004930400.2	25.000	68	45	2	486	551	1331	183	246	346	0.39	24.3
TRINITY_DN2589_c0_g1_i5.p1	Bmori|XP_062526415.1	27.778	36	26	0	486	521	1331	114	149	277	0.43	24.3
TRINITY_DN2589_c0_g1_i5.p1	Bmori|XP_062526412.1	30.303	33	23	0	486	518	1331	126	158	289	0.44	24.3
TRINITY_DN1676_c0_g2_i1.p1	Bmori|XP_037869304.1	22.549	102	60	3	1109	1191	2284	176	277	319	0.29	25.4
TRINITY_DN1676_c0_g2_i1.p1	Bmori|XP_021206280.1	36.364	22	14	0	2028	2049	2284	127	148	290	0.93	23.9
TRINITY_DN14666_c0_g1_i11.p1	Spodoptera|XP_035436318.2	23.485	132	68	4	141	249	441	185	306	351	0.016	26.9
TRINITY_DN14666_c0_g1_i11.p1	Spodoptera|XP_050559196.1	46.154	26	14	0	141	166	441	185	210	304	0.023	26.6
TRINITY_DN14666_c0_g1_i11.p1	Spodoptera|XP_050559193.1	35.135	37	22	1	141	175	441	183	219	349	0.039	25.8
TRINITY_DN14666_c0_g1_i11.p1	Bmori|XP_062524699.1	52.174	23	8	1	143	162	441	178	200	343	0.32	23.1
TRINITY_DN3943_c0_g1_i10.p1	Spodoptera|XP_035432548.2	29.730	37	26	0	23	59	304	225	261	311	0.31	22.3
TRINITY_DN3245_c0_g1_i10.p1	Bmori|XP_021206280.1	35.714	28	18	0	160	187	469	66	93	290	0.68	21.9
TRINITY_DN13753_c0_g1_i10.p1	Bmori|XP_037869304.1	35.294	17	11	0	90	106	259	47	63	319	0.67	21.2
TRINITY_DN13753_c0_g1_i10.p1	Spodoptera|XP_035436301.1	35.294	17	11	0	90	106	259	66	82	341	0.69	21.2
TRINITY_DN8109_c0_g1_i5.p1	Spodoptera|XP_035433249.2	23.664	131	90	4	1176	1304	1476	100	222	238	0.48	24.3
TRINITY_DN18617_c0_g1_i4.p1	Spodoptera|XP_035442818.1	18.182	99	70	2	1671	1769	2578	125	212	390	0.63	24.6
TRINITY_DN892_c0_g1_i7.p1	Spodoptera|XP_035432548.2	56.250	16	7	0	215	230	398	103	118	311	0.35	22.7
TRINITY_DN194_c0_g1_i4.p1	Bmori|XP_062527116.1	35.714	28	18	0	109	136	138	398	425	436	0.69	20.0
TRINITY_DN194_c0_g1_i4.p1	Bmori|XP_062527116.1	26.531	49	36	0	42	90	138	48	96	436	0.84	19.6
TRINITY_DN2471_c0_g1_i1.p1	Spodoptera|XP_035436318.2	53.846	13	6	0	55	67	139	149	161	351	0.50	20.4
TRINITY_DN2471_c0_g1_i1.p1	Spodoptera|XP_050559196.1	53.846	13	6	0	55	67	139	149	161	304	0.52	20.4
TRINITY_DN2448_c0_g1_i11.p1	Bmori|XP_004930400.2	27.451	51	34	1	323	373	570	232	279	346	0.40	23.1
TRINITY_DN2448_c0_g1_i11.p1	Bmori|XP_062526412.1	27.451	51	34	1	323	373	570	175	222	289	0.44	22.7
TRINITY_DN2448_c0_g1_i11.p1	Bmori|XP_062526415.1	27.451	51	34	1	323	373	570	163	210	277	0.47	22.7
TRINITY_DN612_c0_g1_i1.p1	Spodoptera|XP_035435946.2	25.974	77	52	2	90	166	191	222	293	344	0.002	28.5
TRINITY_DN612_c0_g1_i1.p1	Spodoptera|XP_050559191.1	22.689	119	64	5	76	173	191	218	329	352	0.011	26.2
TRINITY_DN612_c0_g1_i1.p1	Spodoptera|XP_050559193.1	25.210	119	60	5	77	173	191	215	326	349	0.063	23.9
TRINITY_DN612_c0_g1_i1.p1	Spodoptera|XP_035436318.2	27.500	80	43	3	90	160	191	229	302	351	0.26	21.9
TRINITY_DN612_c0_g1_i1.p1	Bmori|XP_062526412.1	27.273	66	41	3	90	154	191	164	223	289	0.26	21.9
TRINITY_DN612_c0_g1_i1.p1	Bmori|XP_062526415.1	27.273	66	41	3	90	154	191	152	211	277	0.26	21.6
TRINITY_DN612_c0_g1_i1.p1	Bmori|XP_004930400.2	27.273	66	41	3	90	154	191	221	280	346	0.27	21.9
TRINITY_DN612_c0_g1_i1.p1	Spodoptera|XP_050559197.1	25.316	79	41	3	90	167	191	219	280	343	0.31	21.6
TRINITY_DN612_c0_g1_i1.p1	Spodoptera|XP_035442818.1	26.829	41	30	0	150	190	191	290	330	390	0.37	21.2
TRINITY_DN612_c0_g3_i2.p1	Spodoptera|XP_050559191.1	34.375	32	19	1	343	372	400	303	334	352	0.28	23.1
TRINITY_DN612_c0_g4_i1.p1	Spodoptera|XP_050559191.1	34.375	32	19	1	343	372	400	303	334	352	0.28	23.1
TRINITY_DN5767_c0_g1_i1.p1	Spodoptera|XP_035433286.1	28.571	56	40	0	309	364	739	131	186	344	0.85	22.3
TRINITY_DN5092_c0_g1_i13.p1	Spodoptera|XP_050559193.1	57.143	14	6	0	30	43	111	271	284	349	0.12	21.6
TRINITY_DN5092_c0_g1_i13.p1	Spodoptera|XP_035436318.2	57.143	14	6	0	30	43	111	273	286	351	0.27	20.8
TRINITY_DN8947_c0_g1_i1.p2	Spodoptera|XP_035433286.1	22.000	100	61	2	143	242	243	212	294	344	0.073	23.9
TRINITY_DN45082_c0_g1_i1.p1	Bmori|XP_037869304.1	23.913	92	58	2	26	108	138	134	222	319	1.61e-05	33.5
TRINITY_DN45082_c0_g1_i1.p1	Spodoptera|XP_035436301.1	23.529	85	53	2	26	101	138	153	234	341	9.97e-05	31.2
TRINITY_DN12001_c0_g1_i4.p1	Spodoptera|XP_035435946.2	34.286	35	21	1	17	51	167	92	124	344	0.40	20.8
TRINITY_DN38200_c0_g1_i1.p1	Spodoptera|XP_050549308.1	31.429	35	24	0	23	57	150	338	372	431	0.024	24.6
TRINITY_DN38200_c0_g1_i1.p1	Bmori|XP_062527116.1	28.571	35	25	0	23	57	150	341	375	436	0.070	23.1
TRINITY_DN40751_c0_g1_i1.p1	Bmori|XP_021206280.1	41.667	24	14	0	63	86	124	103	126	290	0.15	21.6
TRINITY_DN26712_c0_g2_i1.p1	Bmori|XP_037867392.1	24.096	83	50	4	50	126	129	105	180	395	0.33	20.8
TRINITY_DN2330_c0_g1_i2.p1	Bmori|XP_037867392.1	38.462	26	16	0	431	456	701	161	186	395	0.005	29.6
TRINITY_DN2330_c0_g1_i2.p1	Spodoptera|XP_050559191.1	25.974	77	48	2	66	134	701	270	345	352	0.33	23.5
TRINITY_DN2330_c0_g1_i2.p1	Spodoptera|XP_035442818.1	34.783	23	15	0	434	456	701	160	182	390	0.37	23.5
TRINITY_DN23376_c1_g1_i1.p1	Bmori|XP_062526415.1	42.857	21	12	0	43	63	181	15	35	277	0.50	20.8
TRINITY_DN23376_c1_g1_i1.p1	Bmori|XP_062526412.1	42.857	21	12	0	43	63	181	27	47	289	0.54	20.8
TRINITY_DN23376_c1_g1_i1.p1	Bmori|XP_004930400.2	42.857	21	12	0	43	63	181	84	104	346	0.60	20.8
TRINITY_DN23376_c1_g1_i1.p1	Spodoptera|XP_050559193.1	50.000	18	9	0	45	62	181	86	103	349	0.92	20.0
TRINITY_DN8388_c0_g1_i8.p1	Spodoptera|XP_035432548.2	29.825	57	33	1	307	356	1184	21	77	311	0.066	26.6
TRINITY_DN8388_c0_g1_i8.p1	Bmori|XP_012550153.2	31.250	32	22	0	262	293	1184	238	269	312	0.68	23.5
TRINITY_DN8388_c0_g1_i8.p1	Spodoptera|XP_050549308.1	27.143	70	33	3	864	926	1184	34	92	431	0.97	23.1
TRINITY_DN3785_c1_g2_i1.p1	Bmori|XP_062529457.1	29.412	34	24	0	290	323	491	78	111	326	0.24	23.5
TRINITY_DN16077_c1_g1_i1.p1	Spodoptera|XP_050559197.1	30.159	63	38	3	18	79	169	33	90	343	0.037	24.3
TRINITY_DN16077_c1_g1_i1.p1	Bmori|XP_004930400.2	28.571	63	39	3	18	79	169	35	92	346	0.14	22.3
TRINITY_DN16077_c1_g1_i1.p1	Spodoptera|XP_050559191.1	34.146	41	26	1	52	91	169	65	105	352	0.18	21.9
TRINITY_DN16077_c1_g1_i1.p1	Spodoptera|XP_035435946.2	28.070	57	40	1	36	91	169	49	105	344	0.37	21.2
TRINITY_DN16077_c1_g1_i1.p1	Bmori|XP_062526412.1	38.710	31	18	1	50	79	169	5	35	289	0.38	21.2
TRINITY_DN6562_c0_g2_i1.p1	Spodoptera|XP_050549308.1	35.484	31	20	0	825	855	865	132	162	431	0.51	23.5
TRINITY_DN3244_c0_g1_i1.p1	Spodoptera|XP_035432672.2	35.294	68	32	3	881	948	982	65	120	327	0.12	25.4
TRINITY_DN25240_c0_g2_i1.p1	Bmori|XP_062526412.1	27.143	70	47	3	15	82	100	153	220	289	0.009	24.6
TRINITY_DN25240_c0_g2_i1.p1	Bmori|XP_062526415.1	27.143	70	47	3	15	82	100	141	208	277	0.009	24.6
TRINITY_DN25240_c0_g2_i1.p1	Bmori|XP_004930400.2	32.075	53	33	2	15	65	100	210	261	346	0.039	22.7
TRINITY_DN25240_c0_g2_i1.p1	Spodoptera|XP_035433249.2	35.484	31	20	0	28	58	100	22	52	238	0.056	22.3
TRINITY_DN19529_c0_g1_i2.p1	Spodoptera|XP_050559703.1	21.610	236	176	6	2	234	275	74	303	315	1.16e-07	42.4
TRINITY_DN19529_c0_g1_i2.p1	Spodoptera|XP_035433249.2	24.719	89	58	1	16	104	275	14	93	238	5.49e-05	33.9
TRINITY_DN19529_c0_g1_i2.p1	Bmori|XP_012550153.2	35.000	40	26	0	16	55	275	7	46	312	0.001	30.0
TRINITY_DN33453_c0_g2_i1.p1	Spodoptera|XP_050559193.1	41.667	24	14	0	78	101	170	143	166	349	0.63	20.4
TRINITY_DN891_c0_g1_i6.p1	Spodoptera|XP_035432672.2	40.909	22	13	0	635	656	1201	227	248	327	0.86	23.1
TRINITY_DN4713_c0_g3_i2.p1	Bmori|XP_062527116.1	25.000	64	44	1	183	246	612	177	236	436	0.33	23.5
TRINITY_DN868_c0_g1_i2.p1	Bmori|XP_012551199.2	63.636	11	4	0	314	324	545	213	223	349	0.87	21.9
TRINITY_DN7476_c0_g1_i10.p1	Spodoptera|XP_050559193.1	45.833	24	13	0	697	720	806	18	41	349	0.78	22.7
TRINITY_DN2279_c3_g3_i1.p1	Spodoptera|XP_050559703.1	25.000	88	57	2	205	283	404	156	243	315	0.48	22.3
TRINITY_DN42437_c0_g1_i1.p1	Spodoptera|XP_035442818.1	30.864	81	55	1	61	141	141	23	102	390	2.19e-11	50.8
TRINITY_DN42437_c0_g1_i1.p1	Bmori|XP_037867392.1	41.176	51	30	0	91	141	141	56	106	395	1.59e-09	45.4
TRINITY_DN42437_c0_g1_i1.p1	Bmori|XP_004930400.2	40.000	15	9	0	86	100	141	25	39	346	0.44	20.4
TRINITY_DN42437_c0_g1_i1.p1	Spodoptera|XP_050559197.1	42.308	26	12	1	78	100	141	12	37	343	0.75	19.6
TRINITY_DN715_c2_g1_i20.p1	Bmori|XP_062527116.1	40.000	35	17	1	385	415	420	298	332	436	0.60	21.9
TRINITY_DN24305_c0_g1_i9.p1	Bmori|XP_062529457.1	38.889	18	11	0	194	211	371	45	62	326	0.17	23.5
TRINITY_DN1534_c0_g1_i1.p1	Bmori|XP_037867392.1	28.205	39	24	2	41	79	184	125	159	395	0.081	23.5
TRINITY_DN10689_c0_g1_i2.p1	Spodoptera|XP_050559191.1	45.000	20	11	0	176	195	507	139	158	352	0.48	22.7
TRINITY_DN19669_c0_g1_i1.p1	Spodoptera|XP_050559703.1	36.667	30	19	0	109	138	193	233	262	315	0.97	20.0
TRINITY_DN45756_c0_g1_i1.p1	Spodoptera|XP_035432548.2	37.209	43	24	1	465	507	511	257	296	311	0.033	26.2
TRINITY_DN40750_c0_g1_i1.p1	Spodoptera|XP_035432548.2	28.846	52	27	1	115	166	250	233	274	311	0.24	22.3
TRINITY_DN6422_c0_g2_i1.p1	Spodoptera|XP_035432672.2	38.095	21	13	0	710	730	760	13	33	327	0.61	22.7
TRINITY_DN28676_c0_g1_i1.p1	Bmori|XP_012550153.2	29.333	75	41	2	44	106	684	234	308	312	0.61	22.7
TRINITY_DN8387_c0_g1_i1.p2	Spodoptera|XP_050559703.1	30.000	30	21	0	82	111	123	106	135	315	0.43	20.4
TRINITY_DN12814_c0_g3_i2.p1	Bmori|XP_062527116.1	40.000	25	14	1	124	148	150	393	416	436	0.40	20.8
TRINITY_DN12814_c0_g3_i2.p1	Spodoptera|XP_050549308.1	40.000	25	14	1	124	148	150	390	413	431	0.49	20.4
TRINITY_DN1674_c0_g1_i1.p1	Bmori|XP_012550153.2	47.826	23	12	0	81	103	120	247	269	312	0.62	19.6
TRINITY_DN1674_c0_g1_i1.p1	Bmori|XP_012550153.2	70.000	10	3	0	104	113	120	56	65	312	0.71	19.6
TRINITY_DN157_c2_g1_i1.p1	Spodoptera|XP_035436318.2	25.490	51	32	2	65	115	126	275	319	351	0.072	22.7
TRINITY_DN157_c2_g1_i1.p1	Spodoptera|XP_050559193.1	38.889	18	11	0	9	26	126	157	174	349	0.56	20.0
TRINITY_DN4399_c2_g1_i6.p2	Spodoptera|XP_050559191.1	50.000	18	9	0	43	60	101	220	237	352	0.070	21.9
TRINITY_DN4399_c2_g1_i6.p2	Spodoptera|XP_035435946.2	40.000	20	12	0	41	60	101	209	228	344	0.82	18.9
TRINITY_DN890_c0_g1_i4.p1	Spodoptera|XP_050549308.1	25.581	129	75	5	384	495	1026	279	403	431	0.13	25.4
TRINITY_DN890_c0_g1_i4.p1	Spodoptera|XP_035432672.2	33.333	27	17	1	979	1005	1026	239	264	327	0.33	24.3
TRINITY_DN44702_c0_g1_i1.p1	Bmori|XP_062529457.1	23.611	144	97	5	6	145	169	170	304	326	5.70e-04	29.6
TRINITY_DN12140_c0_g4_i2.p1	Bmori|XP_062529457.1	27.451	51	34	1	42	89	103	189	239	326	0.11	21.6
TRINITY_DN12140_c0_g4_i2.p1	Bmori|XP_012551199.2	25.000	56	39	1	36	88	103	197	252	349	0.19	20.8
TRINITY_DN12140_c0_g4_i2.p1	Spodoptera|XP_050559193.1	29.412	51	33	1	42	89	103	206	256	349	0.88	18.9
TRINITY_DN18198_c0_g2_i1.p1	Bmori|XP_037869304.1	43.478	23	11	1	13	35	149	235	255	319	0.60	20.4
TRINITY_DN22037_c0_g1_i1.p1	Bmori|XP_004930400.2	27.184	103	65	3	95	190	406	16	115	346	0.049	25.4
TRINITY_DN685_c5_g1_i2.p1	Spodoptera|XP_035432672.2	28.261	46	28	1	97	142	146	161	201	327	0.037	23.9
TRINITY_DN685_c5_g1_i2.p1	Spodoptera|XP_035432672.2	25.000	56	27	2	15	70	146	33	73	327	0.15	21.9
TRINITY_DN59092_c0_g1_i1.p1	Spodoptera|XP_050559703.1	27.500	40	28	1	125	163	430	204	243	315	0.38	22.7
TRINITY_DN592_c1_g1_i1.p1	Spodoptera|XP_050559193.1	47.619	21	11	0	427	447	1040	4	24	349	0.50	23.5
TRINITY_DN19691_c0_g1_i1.p1	Spodoptera|XP_050559703.1	20.714	140	85	4	8	121	245	2	141	315	0.89	20.4
TRINITY_DN1765_c4_g1_i1.p2	Bmori|XP_062527116.1	42.308	26	13	1	2	27	109	80	103	436	0.076	22.3
TRINITY_DN57918_c0_g1_i1.p1	Bmori|XP_037867392.1	50.000	12	6	0	84	95	120	231	242	395	0.73	19.6
TRINITY_DN14662_c0_g1_i1.p1	Bmori|XP_037867392.1	25.000	44	33	0	184	227	310	339	382	395	0.33	22.3
TRINITY_DN726_c0_g2_i1.p1	Spodoptera|XP_035432672.2	29.231	65	32	2	309	372	399	208	259	327	0.28	23.1
TRINITY_DN726_c0_g2_i1.p1	Bmori|XP_062529457.1	23.404	47	31	1	288	334	399	261	302	326	0.60	21.9
TRINITY_DN3916_c0_g1_i1.p1	Bmori|XP_062524699.1	27.778	36	26	0	69	104	228	189	224	343	0.33	21.9
TRINITY_DN13051_c0_g1_i1.p1	Spodoptera|XP_035435946.2	31.429	35	23	1	174	208	239	7	40	344	0.29	21.9
TRINITY_DN45196_c0_g1_i1.p1	Bmori|XP_037867392.1	35.000	20	12	1	21	39	136	135	154	395	0.48	20.4
TRINITY_DN45196_c0_g1_i1.p1	Bmori|XP_062524699.1	30.233	43	24	2	94	130	136	226	268	343	0.50	20.4
TRINITY_DN33427_c0_g2_i1.p1	Bmori|XP_012550153.2	30.435	23	16	0	21	43	132	219	241	312	0.92	19.2
TRINITY_DN865_c0_g1_i3.p1	Bmori|XP_037869304.1	26.812	138	50	7	36	152	380	47	154	319	0.010	27.3
TRINITY_DN865_c0_g1_i3.p1	Spodoptera|XP_035436301.1	43.396	53	15	6	36	84	380	66	107	341	0.012	27.3
TRINITY_DN167_c0_g2_i10.p1	Spodoptera|XP_035432548.2	25.581	258	173	6	82	325	357	20	272	311	1.49e-24	92.8
TRINITY_DN167_c0_g2_i10.p1	Bmori|XP_037867392.1	26.174	298	183	8	38	311	357	55	339	395	4.70e-22	87.0
TRINITY_DN167_c0_g2_i10.p1	Spodoptera|XP_035442818.1	24.125	257	176	7	68	311	357	84	334	390	4.64e-21	84.0
TRINITY_DN167_c0_g2_i10.p1	Spodoptera|XP_050559196.1	21.569	51	40	0	50	100	357	12	62	304	0.77	21.6
TRINITY_DN167_c0_g2_i10.p1	Spodoptera|XP_035436318.2	21.569	51	40	0	50	100	357	12	62	351	0.78	21.6
TRINITY_DN31601_c0_g1_i3.p1	Spodoptera|XP_035442818.1	46.296	378	190	5	22	399	400	26	390	390	2.31e-117	338
TRINITY_DN31601_c0_g1_i3.p1	Bmori|XP_037867392.1	39.842	379	214	5	22	399	400	30	395	395	1.30e-94	280
TRINITY_DN31601_c0_g1_i3.p1	Spodoptera|XP_035432548.2	44.089	313	149	8	94	399	400	18	311	311	2.45e-90	266
TRINITY_DN1934_c1_g1_i1.p1	Spodoptera|XP_050549308.1	34.211	38	24	1	6	43	397	121	157	431	0.80	21.6
TRINITY_DN7734_c1_g1_i2.p1	Spodoptera|XP_050559196.1	24.074	54	41	0	46	99	100	251	304	304	0.013	24.3
TRINITY_DN6537_c0_g1_i1.p1	Spodoptera|XP_035432548.2	34.615	26	16	1	31	56	217	139	163	311	0.72	20.8
TRINITY_DN4711_c0_g1_i3.p1	Spodoptera|XP_050559191.1	22.034	59	42	1	140	194	375	72	130	352	0.30	22.7
TRINITY_DN39926_c0_g1_i1.p1	Spodoptera|XP_050559191.1	32.558	43	29	0	16	58	117	30	72	352	0.12	21.9
TRINITY_DN295_c2_g1_i2.p1	Spodoptera|XP_050559191.1	27.957	93	45	4	111	202	671	92	163	352	0.35	23.5
TRINITY_DN295_c2_g1_i2.p1	Bmori|XP_012551199.2	47.619	21	10	1	514	533	671	40	60	349	0.74	22.3
TRINITY_DN1789_c0_g1_i6.p1	Spodoptera|XP_050559703.1	24.051	79	47	3	49	127	506	235	300	315	0.77	21.9
TRINITY_DN4294_c0_g1_i1.p1	Spodoptera|XP_050559197.1	30.769	65	26	3	292	337	419	238	302	343	0.19	23.5
TRINITY_DN8943_c0_g1_i3.p1	Bmori|XP_062526412.1	26.154	65	36	3	28	89	115	164	219	289	0.84	19.2
TRINITY_DN8943_c0_g1_i3.p1	Bmori|XP_062526415.1	26.154	65	36	3	28	89	115	152	207	277	0.88	19.2
TRINITY_DN31584_c1_g1_i1.p1	Spodoptera|XP_050559703.1	34.375	32	21	0	214	245	414	168	199	315	0.71	21.6
TRINITY_DN21123_c0_g1_i1.p1	Bmori|XP_021206280.1	21.805	133	91	5	138	260	294	75	204	290	0.069	24.3
TRINITY_DN21123_c0_g1_i1.p1	Spodoptera|XP_035432548.2	37.037	27	17	0	12	38	294	59	85	311	0.45	21.9
TRINITY_DN21123_c0_g2_i4.p1	Bmori|XP_021206280.1	21.805	133	91	5	138	260	294	75	204	290	0.067	24.3
TRINITY_DN21123_c0_g2_i4.p1	Spodoptera|XP_035432548.2	37.037	27	17	0	12	38	294	59	85	311	0.46	21.9
TRINITY_DN1509_c0_g1_i7.p1	Spodoptera|XP_050559191.1	35.484	31	11	1	57	87	285	70	91	352	0.85	20.8
TRINITY_DN1509_c0_g1_i7.p1	Bmori|XP_021206280.1	35.714	28	13	1	233	260	285	182	204	290	0.95	20.8
TRINITY_DN7309_c0_g1_i1.p1	Spodoptera|XP_035433286.1	32.432	37	25	0	35	71	153	291	327	344	0.39	20.8
TRINITY_DN2584_c0_g1_i1.p1	Bmori|XP_037867392.1	33.962	53	33	2	449	499	524	343	395	395	0.41	23.1
TRINITY_DN2584_c0_g1_i1.p1	Spodoptera|XP_035436301.1	23.016	126	80	5	358	474	524	163	280	341	0.46	22.7
TRINITY_DN2584_c0_g1_i1.p1	Bmori|XP_037869304.1	23.577	123	83	4	358	474	524	144	261	319	0.48	22.7
TRINITY_DN5066_c0_g1_i12.p1	Bmori|XP_012550153.2	50.000	16	8	0	70	85	160	144	159	312	0.30	21.2
TRINITY_DN11481_c0_g1_i2.p1	Spodoptera|XP_035433286.1	27.419	62	31	3	59	106	219	3	64	344	0.20	22.3
TRINITY_DN725_c0_g1_i2.p1	Spodoptera|XP_035433249.2	42.424	33	16	1	259	288	308	112	144	238	0.99	20.8
TRINITY_DN3240_c0_g1_i1.p1	Spodoptera|XP_035442818.1	33.333	36	24	0	84	119	527	38	73	390	0.33	23.1
TRINITY_DN46525_c0_g1_i1.p2	Bmori|XP_012551199.2	87.500	8	1	0	61	68	104	262	269	349	0.36	20.0
TRINITY_DN9298_c0_g1_i4.p1	Spodoptera|XP_035432548.2	29.730	37	20	1	105	141	382	65	95	311	0.52	21.9
TRINITY_DN8104_c0_g1_i13.p1	Spodoptera|XP_035442818.1	39.583	48	23	3	79	123	359	102	146	390	0.60	21.9
TRINITY_DN8104_c0_g1_i13.p1	Spodoptera|XP_035436301.1	44.444	18	10	0	87	104	359	173	190	341	0.93	21.2
TRINITY_DN8104_c0_g1_i13.p1	Bmori|XP_037869304.1	44.444	18	10	0	87	104	359	154	171	319	0.98	21.2
TRINITY_DN13592_c1_g1_i1.p1	Spodoptera|XP_035435946.2	35.714	28	14	1	31	54	110	193	220	344	0.16	21.2
TRINITY_DN13592_c1_g1_i1.p1	Spodoptera|XP_035435946.2	66.667	9	3	0	2	10	110	259	267	344	0.54	19.6
TRINITY_DN4292_c0_g1_i1.p1	Spodoptera|XP_050559193.1	30.189	53	36	1	179	230	467	6	58	349	0.029	26.6
TRINITY_DN4292_c0_g1_i1.p1	Spodoptera|XP_050559191.1	21.212	66	48	1	273	334	467	208	273	352	0.26	23.5
TRINITY_DN8646_c1_g1_i1.p1	Spodoptera|XP_035432672.2	34.783	23	15	0	391	413	541	203	225	327	0.19	23.9
TRINITY_DN8646_c1_g1_i1.p1	Bmori|XP_062529457.1	34.375	32	18	1	26	57	541	241	269	326	0.43	22.7
TRINITY_DN6122_c1_g1_i3.p1	Bmori|XP_037867392.1	26.471	68	47	1	1679	1746	2403	33	97	395	0.82	24.3
TRINITY_DN294_c2_g1_i1.p1	Spodoptera|XP_050559703.1	23.913	46	35	0	142	187	291	223	268	315	0.95	20.8
TRINITY_DN1507_c0_g1_i8.p1	Spodoptera|XP_035442818.1	34.615	26	17	0	971	996	1037	249	274	390	0.71	23.1
TRINITY_DN9855_c0_g3_i1.p1	Spodoptera|XP_050559197.1	40.000	25	12	1	98	122	135	189	210	343	0.23	21.2
TRINITY_DN9855_c0_g3_i1.p1	Spodoptera|XP_035442818.1	21.739	69	48	1	67	135	135	65	127	390	0.28	21.2
TRINITY_DN9855_c0_g3_i1.p1	Bmori|XP_004930400.2	50.000	12	6	0	98	109	135	191	202	346	0.58	20.0
TRINITY_DN9855_c0_g3_i1.p1	Bmori|XP_062526412.1	50.000	12	6	0	98	109	135	134	145	289	0.59	20.0
TRINITY_DN9855_c0_g3_i1.p1	Bmori|XP_062526415.1	50.000	12	6	0	98	109	135	122	133	277	0.60	20.0
TRINITY_DN8942_c0_g1_i1.p1	Bmori|XP_037867392.1	40.000	35	18	1	174	208	223	205	236	395	0.54	21.2
TRINITY_DN5739_c0_g1_i1.p1	Bmori|XP_004930400.2	29.412	34	19	1	270	298	710	297	330	346	0.55	23.1
TRINITY_DN5739_c0_g1_i1.p1	Spodoptera|XP_035435946.2	26.087	46	29	1	257	297	710	284	329	344	0.65	22.7
TRINITY_DN5739_c0_g1_i1.p1	Bmori|XP_062526412.1	29.412	34	19	1	270	298	710	240	273	289	0.68	22.7
TRINITY_DN5739_c0_g1_i1.p1	Bmori|XP_062526415.1	29.412	34	19	1	270	298	710	228	261	277	0.76	22.3
TRINITY_DN7331_c0_g1_i1.p1	Spodoptera|XP_035435946.2	25.424	59	42	1	314	372	485	92	148	344	0.16	23.9
TRINITY_DN723_c0_g1_i3.p1	Spodoptera|XP_050559197.1	33.333	42	27	1	53	94	304	82	122	343	0.11	23.9
TRINITY_DN723_c0_g1_i3.p1	Spodoptera|XP_050559191.1	33.333	42	26	1	243	284	304	233	272	352	0.19	23.1
TRINITY_DN723_c0_g1_i3.p1	Bmori|XP_062529457.1	24.390	41	29	1	243	283	304	212	250	326	0.43	21.9
TRINITY_DN723_c0_g1_i3.p1	Bmori|XP_012551199.2	24.561	57	40	1	137	190	304	250	306	349	0.64	21.6
TRINITY_DN9983_c2_g1_i1.p1	Bmori|XP_037867392.1	30.612	49	25	2	13	52	133	309	357	395	0.53	20.0
TRINITY_DN9983_c2_g1_i1.p1	Spodoptera|XP_050549308.1	66.667	12	4	0	116	127	133	372	383	431	0.81	19.6
TRINITY_DN2007_c1_g1_i8.p1	Spodoptera|XP_035433286.1	40.000	20	12	0	180	199	548	123	142	344	0.27	23.5
TRINITY_DN2583_c0_g1_i1.p1	Spodoptera|XP_050549308.1	33.333	21	12	1	241	259	318	221	241	431	0.88	21.2
TRINITY_DN955_c4_g1_i10.p1	Spodoptera|XP_035435946.2	45.833	24	8	1	110	128	586	273	296	344	0.63	22.3
TRINITY_DN955_c4_g1_i10.p1	Bmori|XP_012550153.2	25.926	81	52	3	501	574	586	42	121	312	0.82	21.9
TRINITY_DN48373_c0_g1_i1.p1	Spodoptera|XP_035435946.2	57.143	21	9	0	38	58	132	18	38	344	0.017	24.6
TRINITY_DN48373_c0_g1_i1.p1	Spodoptera|XP_035442818.1	39.130	23	14	0	27	49	132	355	377	390	0.17	21.6
TRINITY_DN1931_c1_g1_i1.p1	Bmori|XP_062527116.1	25.373	67	37	3	16	69	184	219	285	436	0.055	23.9
TRINITY_DN1931_c1_g1_i1.p1	Spodoptera|XP_050549308.1	24.242	66	37	3	17	69	184	217	282	431	0.14	22.7
TRINITY_DN1931_c1_g1_i1.p1	Spodoptera|XP_050549308.1	24.138	58	43	1	42	98	184	305	362	431	0.14	22.7
TRINITY_DN1931_c1_g1_i1.p1	Spodoptera|XP_050559703.1	34.375	32	20	1	59	90	184	115	145	315	0.55	20.8
TRINITY_DN3914_c0_g1_i1.p1	Spodoptera|XP_050559191.1	29.851	67	37	3	156	212	219	93	159	352	0.99	20.4
TRINITY_DN9297_c0_g1_i15.p1	Spodoptera|XP_035436318.2	18.750	48	31	2	86	125	297	207	254	351	0.80	21.2
TRINITY_DN8103_c0_g1_i11.p1	Spodoptera|XP_035432548.2	50.000	24	11	1	34	57	126	247	269	311	0.35	20.4
TRINITY_DN18611_c0_g1_i1.p1	Bmori|XP_037867392.1	40.000	25	15	0	193	217	1551	330	354	395	0.96	23.5
TRINITY_DN18869_c0_g1_i1.p1	Spodoptera|XP_035435946.2	29.730	37	19	2	193	223	298	185	220	344	0.96	20.8
TRINITY_DN7471_c0_g1_i19.p1	Bmori|XP_062524699.1	30.645	62	37	2	399	456	678	243	302	343	0.24	24.3
TRINITY_DN7471_c0_g1_i19.p1	Spodoptera|XP_050559197.1	31.667	60	33	2	447	506	678	41	92	343	0.56	22.7
TRINITY_DN6535_c0_g1_i6.p1	Spodoptera|XP_050559193.1	34.146	41	26	1	17	57	203	304	343	349	0.68	20.8
TRINITY_DN991_c2_g1_i1.p1	Bmori|XP_062527116.1	50.000	16	8	0	278	293	337	188	203	436	0.85	21.2
TRINITY_DN681_c5_g1_i3.p1	Bmori|XP_062526412.1	33.333	33	22	0	325	357	472	14	46	289	0.32	23.1
TRINITY_DN681_c5_g1_i3.p1	Bmori|XP_004930400.2	33.333	33	22	0	325	357	472	71	103	346	0.33	23.1
TRINITY_DN681_c5_g2_i3.p1	Bmori|XP_062526412.1	33.333	33	22	0	645	677	792	14	46	289	0.43	23.5
TRINITY_DN681_c5_g2_i3.p1	Bmori|XP_004930400.2	33.333	33	22	0	645	677	792	71	103	346	0.47	23.5
TRINITY_DN554_c3_g1_i1.p1	Bmori|XP_004930400.2	26.531	49	31	1	442	485	488	292	340	346	0.12	24.6
TRINITY_DN554_c3_g1_i1.p1	Bmori|XP_062526412.1	26.531	49	31	1	442	485	488	235	283	289	0.15	24.3
TRINITY_DN554_c3_g1_i1.p1	Bmori|XP_062526415.1	26.531	49	31	1	442	485	488	223	271	277	0.15	23.9
TRINITY_DN14079_c0_g1_i1.p1	Spodoptera|XP_035442818.1	32.500	40	27	0	163	202	618	163	202	390	0.16	24.6
TRINITY_DN14079_c0_g1_i1.p1	Spodoptera|XP_035436301.1	31.250	64	40	3	156	215	618	125	188	341	0.16	24.6
TRINITY_DN14079_c0_g1_i1.p1	Bmori|XP_037869304.1	29.688	64	41	3	156	215	618	106	169	319	0.57	22.7
TRINITY_DN11183_c1_g1_i1.p1	Bmori|XP_062529457.1	36.364	22	14	0	74	95	101	24	45	326	0.18	20.8
TRINITY_DN11183_c1_g1_i1.p1	Spodoptera|XP_035432548.2	30.769	26	18	0	76	101	101	203	228	311	0.51	19.6
TRINITY_DN11183_c1_g1_i1.p1	Spodoptera|XP_035432672.2	32.143	28	19	0	69	96	101	19	46	327	0.59	19.2
TRINITY_DN5063_c0_g1_i15.p1	Bmori|XP_037867392.1	32.558	43	24	2	98	135	193	87	129	395	0.63	20.8
TRINITY_DN35970_c0_g1_i1.p1	Spodoptera|XP_035432548.2	23.188	69	48	2	167	234	276	93	157	311	0.53	21.6
TRINITY_DN31559_c1_g3_i2.p1	Spodoptera|XP_035432672.2	29.268	41	26	1	64	104	107	252	289	327	0.53	19.6
TRINITY_DN7307_c0_g1_i1.p1	Spodoptera|XP_035442818.1	57.143	14	6	0	92	105	316	165	178	390	0.63	21.6
TRINITY_DN7307_c0_g1_i1.p1	Bmori|XP_062527116.1	26.471	34	25	0	68	101	316	195	228	436	0.71	21.6
TRINITY_DN17140_c0_g1_i1.p1	Bmori|XP_062529457.1	30.000	40	26	1	139	178	535	9	46	326	0.38	23.1
TRINITY_DN9295_c0_g1_i1.p1	Spodoptera|XP_050559191.1	20.548	73	57	1	17	89	152	269	340	352	0.77	20.0
TRINITY_DN28648_c0_g1_i1.p1	Spodoptera|XP_050559193.1	27.869	61	43	1	229	288	926	183	243	349	0.50	23.5
TRINITY_DN28648_c0_g1_i1.p1	Spodoptera|XP_050559196.1	27.027	37	26	1	229	264	926	185	221	304	0.71	23.1
TRINITY_DN28648_c0_g1_i1.p1	Spodoptera|XP_035436318.2	27.027	37	26	1	229	264	926	185	221	351	0.95	22.7
TRINITY_DN2582_c0_g1_i1.p1	Spodoptera|XP_035435946.2	27.586	29	21	0	111	139	384	227	255	344	0.98	21.2
TRINITY_DN33423_c0_g1_i4.p1	Spodoptera|XP_035436301.1	50.000	14	7	0	69	82	142	215	228	341	0.40	20.8
TRINITY_DN30105_c0_g1_i1.p1	Bmori|XP_004930400.2	50.000	18	8	1	96	112	114	80	97	346	0.49	20.0
TRINITY_DN30105_c0_g1_i1.p1	Bmori|XP_062526415.1	50.000	18	8	1	96	112	114	11	28	277	0.62	19.6
TRINITY_DN30105_c0_g1_i1.p1	Bmori|XP_062526412.1	50.000	18	8	1	96	112	114	23	40	289	0.63	19.6
TRINITY_DN18158_c2_g1_i1.p1	Spodoptera|XP_035442818.1	42.857	21	9	1	27	44	114	259	279	390	0.65	19.6
TRINITY_DN18158_c2_g2_i1.p1	Bmori|XP_062524699.1	38.889	18	11	0	195	212	226	128	145	343	0.74	20.8
TRINITY_DN18158_c2_g2_i1.p1	Spodoptera|XP_035435946.2	31.915	47	24	2	16	54	226	252	298	344	0.94	20.4
TRINITY_DN5325_c1_g1_i2.p1	Spodoptera|XP_035442818.1	22.754	167	104	5	195	341	383	62	223	390	0.10	24.3
TRINITY_DN5325_c1_g1_i2.p1	Spodoptera|XP_050559191.1	57.143	21	9	0	233	253	383	145	165	352	0.37	22.7
TRINITY_DN31180_c0_g1_i1.p1	Bmori|XP_021206280.1	28.571	42	28	1	32	73	125	156	195	290	0.66	19.6
TRINITY_DN10543_c0_g1_i1.p1	Bmori|XP_062529457.1	38.710	31	17	2	115	143	171	204	234	326	0.22	21.9
TRINITY_DN3215_c0_g1_i6.p1	Spodoptera|XP_035442818.1	26.667	45	32	1	803	847	1687	97	140	390	0.78	23.9
TRINITY_DN9296_c0_g1_i8.p1	Spodoptera|XP_035436301.1	30.357	56	34	2	28	82	530	200	251	341	0.14	24.3
TRINITY_DN9296_c0_g1_i8.p1	Bmori|XP_037869304.1	31.250	32	21	1	28	58	530	181	212	319	0.76	21.9
TRINITY_DN23643_c0_g3_i1.p1	Bmori|XP_004930400.2	46.667	15	8	0	36	50	113	296	310	346	0.94	19.2
TRINITY_DN55530_c0_g1_i1.p1	Spodoptera|XP_050559197.1	26.923	26	19	0	62	87	158	267	292	343	0.33	21.2
TRINITY_DN55530_c0_g1_i1.p1	Spodoptera|XP_050559193.1	32.000	25	17	0	63	87	158	276	300	349	0.33	21.2
TRINITY_DN55530_c0_g1_i1.p1	Bmori|XP_062529457.1	85.714	7	1	0	146	152	158	217	223	326	0.85	20.0
TRINITY_DN164_c0_g3_i1.p1	Spodoptera|XP_050549308.1	29.310	58	39	1	1	56	151	37	94	431	0.13	22.3
TRINITY_DN49144_c0_g1_i1.p1	Spodoptera|XP_035436301.1	44.444	18	10	0	29	46	151	135	152	341	0.48	20.4
TRINITY_DN13164_c0_g2_i1.p1	Bmori|XP_062526415.1	46.429	28	13	1	168	193	1025	48	75	277	0.23	24.6
TRINITY_DN13164_c0_g2_i1.p1	Bmori|XP_062526412.1	46.429	28	13	1	168	193	1025	60	87	289	0.27	24.6
TRINITY_DN13164_c0_g2_i1.p1	Bmori|XP_004930400.2	46.429	28	13	1	168	193	1025	117	144	346	0.33	24.3
TRINITY_DN13164_c0_g2_i1.p1	Spodoptera|XP_050559197.1	46.429	28	13	1	168	193	1025	115	142	343	0.62	23.5
TRINITY_DN2441_c0_g2_i1.p1	Bmori|XP_012551199.2	25.714	35	26	0	404	438	595	20	54	349	0.57	22.7
TRINITY_DN164_c0_g7_i1.p1	Bmori|XP_037867392.1	53.846	13	6	0	108	120	124	324	336	395	0.51	20.0
TRINITY_DN50759_c0_g1_i1.p1	Bmori|XP_062527116.1	43.478	23	13	0	61	83	101	181	203	436	0.067	22.3
TRINITY_DN23084_c0_g1_i1.p1	Spodoptera|XP_050559193.1	35.556	45	23	2	75	119	173	14	52	349	0.27	21.6
TRINITY_DN11596_c0_g1_i1.p1	Spodoptera|XP_035432548.2	31.707	41	21	2	85	118	225	120	160	311	0.55	21.2
TRINITY_DN8242_c0_g2_i4.p1	Spodoptera|XP_050549308.1	27.660	47	27	2	82	125	395	254	296	431	0.41	22.3
TRINITY_DN50085_c0_g1_i1.p1	Bmori|XP_004930400.2	27.451	51	33	1	14	60	119	88	138	346	0.020	24.3
TRINITY_DN50085_c0_g1_i1.p1	Bmori|XP_062526412.1	27.451	51	33	1	14	60	119	31	81	289	0.023	23.9
TRINITY_DN50085_c0_g1_i1.p1	Bmori|XP_062526415.1	27.451	51	33	1	14	60	119	19	69	277	0.024	23.9
TRINITY_DN50085_c0_g1_i1.p1	Spodoptera|XP_050559197.1	27.778	54	27	2	14	59	119	86	135	343	0.055	22.7
TRINITY_DN50085_c0_g1_i1.p1	Spodoptera|XP_050559196.1	20.833	48	30	1	14	53	119	90	137	304	0.39	20.4
TRINITY_DN50085_c0_g1_i1.p1	Spodoptera|XP_035436318.2	20.833	48	30	1	14	53	119	90	137	351	0.41	20.4
TRINITY_DN3911_c0_g1_i8.p1	Bmori|XP_062526412.1	28.302	53	29	2	58	101	159	151	203	289	0.31	21.2
TRINITY_DN3911_c0_g1_i8.p1	Bmori|XP_004930400.2	28.302	53	29	2	58	101	159	208	260	346	0.33	21.2
TRINITY_DN3911_c0_g1_i8.p1	Bmori|XP_062526415.1	28.302	53	29	2	58	101	159	139	191	277	0.39	20.8
TRINITY_DN9992_c0_g1_i1.p1	Spodoptera|XP_035433249.2	28.846	52	33	2	33	84	355	161	208	238	0.71	21.6
TRINITY_DN3494_c0_g1_i1.p1	Spodoptera|XP_050559193.1	28.000	100	56	6	196	282	326	129	225	349	0.40	22.3
TRINITY_DN16901_c0_g1_i1.p1	Bmori|XP_012551199.2	23.958	96	55	3	208	288	402	245	337	349	0.83	21.6
TRINITY_DN17397_c0_g2_i2.p1	Spodoptera|XP_050559703.1	30.000	40	28	0	21	60	308	97	136	315	0.002	29.3
TRINITY_DN17397_c0_g2_i2.p1	Spodoptera|XP_035433249.2	32.143	28	19	0	38	65	308	43	70	238	0.31	22.3
TRINITY_DN17397_c0_g2_i2.p1	Bmori|XP_037869304.1	30.120	83	46	5	7	80	308	87	166	319	0.70	21.2
TRINITY_DN2300_c0_g1_i1.p1	Bmori|XP_012551199.2	22.105	95	55	3	124	206	634	35	122	349	0.41	23.1
TRINITY_DN60422_c0_g1_i1.p1	Spodoptera|XP_035433249.2	30.909	55	33	1	95	144	173	99	153	238	0.89	20.0
TRINITY_DN11455_c0_g1_i1.p1	Bmori|XP_062524699.1	33.333	33	19	1	264	296	414	147	176	343	0.23	23.5
TRINITY_DN11455_c0_g1_i1.p1	Spodoptera|XP_035436301.1	28.333	60	41	1	57	116	414	267	324	341	0.43	22.3
TRINITY_DN11455_c0_g1_i1.p1	Spodoptera|XP_035436301.1	38.462	26	16	0	51	76	414	294	319	341	0.69	21.9
TRINITY_DN11455_c0_g1_i1.p1	Bmori|XP_037869304.1	30.000	60	40	1	57	116	414	248	305	319	0.55	21.9
TRINITY_DN6532_c0_g1_i1.p1	Spodoptera|XP_050559196.1	32.653	49	33	0	93	141	258	16	64	304	0.010	26.9
TRINITY_DN6532_c0_g1_i1.p1	Spodoptera|XP_035436318.2	32.653	49	33	0	93	141	258	16	64	351	0.012	26.6
TRINITY_DN6532_c0_g1_i1.p1	Bmori|XP_004930400.2	46.667	15	8	0	238	252	258	226	240	346	0.77	20.8
TRINITY_DN6532_c0_g1_i1.p1	Spodoptera|XP_050559191.1	53.333	15	7	0	238	252	258	236	250	352	0.83	20.8
TRINITY_DN6532_c0_g1_i1.p1	Bmori|XP_062526412.1	46.667	15	8	0	238	252	258	169	183	289	0.90	20.8
TRINITY_DN25491_c0_g1_i10.p1	Bmori|XP_062529457.1	37.778	45	26	2	16	59	106	90	133	326	0.56	19.6
TRINITY_DN2697_c0_g1_i2.p1	Spodoptera|XP_035442818.1	60.000	15	6	0	2	16	99	354	368	390	0.25	20.4
TRINITY_DN2697_c0_g1_i2.p1	Spodoptera|XP_035433286.1	38.889	18	11	0	69	86	99	220	237	344	0.77	19.2
TRINITY_DN36741_c0_g1_i1.p1	Spodoptera|XP_035436318.2	23.810	63	43	2	2	64	108	267	324	351	0.22	20.8
TRINITY_DN2697_c0_g2_i2.p1	Spodoptera|XP_035442818.1	60.000	15	6	0	3	17	100	354	368	390	0.30	20.4
TRINITY_DN2697_c0_g2_i2.p1	Spodoptera|XP_035433286.1	38.889	18	11	0	70	87	100	220	237	344	0.87	18.9
TRINITY_DN8101_c0_g1_i1.p1	Bmori|XP_012551199.2	22.951	61	44	1	54	111	477	215	275	349	0.099	24.6
TRINITY_DN15687_c0_g1_i9.p1	Spodoptera|XP_050559191.1	26.000	50	37	0	248	297	369	34	83	352	0.68	21.6
TRINITY_DN18169_c0_g1_i2.p1	Spodoptera|XP_050559197.1	45.455	22	12	0	377	398	593	38	59	343	0.66	22.3
TRINITY_DN18169_c0_g1_i2.p1	Spodoptera|XP_050559197.1	50.000	22	11	0	391	412	593	38	59	343	0.76	22.3
TRINITY_DN50619_c0_g1_i1.p1	Bmori|XP_062529457.1	32.609	46	31	0	15	60	108	139	184	326	0.12	21.6
TRINITY_DN20439_c0_g1_i2.p1	Spodoptera|XP_035433286.1	27.027	37	27	0	107	143	150	271	307	344	0.11	22.3
TRINITY_DN23619_c0_g1_i17.p1	Bmori|XP_037867392.1	25.581	43	26	1	96	138	250	164	200	395	0.34	21.9
TRINITY_DN9828_c0_g1_i1.p1	Bmori|XP_062526412.1	26.214	103	60	5	130	224	225	6	100	289	0.086	23.5
TRINITY_DN9828_c0_g1_i1.p1	Bmori|XP_004930400.2	26.214	103	60	5	130	224	225	63	157	346	0.088	23.5
TRINITY_DN9828_c0_g1_i1.p1	Bmori|XP_012551199.2	23.158	95	71	2	131	224	225	67	160	349	0.21	22.3
TRINITY_DN9828_c0_g1_i1.p1	Spodoptera|XP_050559197.1	27.027	37	27	0	131	167	225	62	98	343	0.27	21.9
TRINITY_DN9828_c0_g1_i1.p1	Spodoptera|XP_050559191.1	45.000	20	11	0	148	167	225	82	101	352	0.28	21.9
TRINITY_DN9828_c0_g1_i1.p1	Spodoptera|XP_035432548.2	41.379	29	16	1	24	51	225	56	84	311	0.88	20.4
TRINITY_DN1347_c1_g1_i1.p1	Spodoptera|XP_035442818.1	46.154	13	7	0	49	61	152	296	308	390	0.48	20.4
TRINITY_DN1347_c1_g1_i1.p1	Bmori|XP_062524699.1	50.000	14	7	0	18	31	152	193	206	343	0.57	20.4
TRINITY_DN9828_c0_g2_i1.p1	Bmori|XP_021206280.1	31.579	38	25	1	93	129	226	3	40	290	0.31	21.9
TRINITY_DN8240_c0_g1_i2.p1	Spodoptera|XP_050559191.1	45.833	24	9	1	51	74	215	24	43	352	0.35	21.6
TRINITY_DN8240_c0_g1_i2.p1	Spodoptera|XP_035432672.2	20.588	34	23	1	45	74	215	6	39	327	0.70	20.8
TRINITY_DN8240_c0_g1_i2.p1	Spodoptera|XP_050559703.1	50.000	14	7	0	3	16	215	51	64	315	0.82	20.4
TRINITY_DN8240_c0_g1_i2.p1	Bmori|XP_037867392.1	23.256	43	33	0	132	174	215	30	72	395	0.98	20.4
TRINITY_DN2417_c0_g1_i12.p1	Bmori|XP_037869304.1	23.684	76	46	3	592	658	1226	212	284	319	0.75	23.5
TRINITY_DN1608_c2_g1_i4.p1	Spodoptera|XP_035435946.2	50.000	16	8	0	89	104	110	138	153	344	0.63	19.6
TRINITY_DN1504_c0_g1_i2.p1	Bmori|XP_012550153.2	41.935	31	14	1	24	50	511	76	106	312	0.060	25.4
TRINITY_DN1504_c0_g1_i2.p1	Spodoptera|XP_035432672.2	22.059	68	49	1	267	330	511	253	320	327	0.69	21.9
TRINITY_DN977_c0_g1_i21.p1	Spodoptera|XP_050559191.1	27.273	33	22	1	16	46	166	133	165	352	0.82	20.0
TRINITY_DN22170_c0_g1_i2.p1	Spodoptera|XP_035432548.2	29.730	37	24	1	47	81	353	212	248	311	0.61	21.6
TRINITY_DN2556_c0_g1_i1.p1	Spodoptera|XP_035433286.1	28.889	45	31	1	170	213	349	191	235	344	0.32	22.7
TRINITY_DN2556_c0_g1_i1.p1	Spodoptera|XP_035436318.2	21.212	99	62	3	231	313	349	94	192	351	0.57	21.9
TRINITY_DN2556_c0_g1_i1.p1	Spodoptera|XP_050559196.1	21.212	99	62	3	231	313	349	94	192	304	0.59	21.6
TRINITY_DN8241_c0_g1_i1.p1	Spodoptera|XP_050559193.1	32.432	37	25	0	317	353	959	138	174	349	0.54	23.5
TRINITY_DN45051_c0_g1_i1.p1	Spodoptera|XP_035432548.2	37.838	37	22	1	8	44	263	164	199	311	0.83	20.8
TRINITY_DN5061_c0_g5_i1.p1	Spodoptera|XP_035433249.2	23.301	103	69	5	44	140	271	8	106	238	0.031	25.0
TRINITY_DN5061_c0_g5_i1.p1	Bmori|XP_012550153.2	37.931	29	10	1	111	131	271	66	94	312	0.056	24.6
TRINITY_DN5061_c0_g5_i1.p1	Bmori|XP_037867392.1	40.909	22	13	0	46	67	271	119	140	395	0.16	23.1
TRINITY_DN5061_c0_g5_i1.p1	Bmori|XP_021206280.1	30.233	43	28	1	68	108	271	219	261	290	0.17	23.1
TRINITY_DN5061_c0_g5_i1.p1	Spodoptera|XP_050549308.1	34.615	26	17	0	242	267	271	309	334	431	0.85	20.8
TRINITY_DN26379_c0_g1_i1.p1	Spodoptera|XP_035433286.1	26.923	78	49	2	505	574	1810	162	239	344	0.014	29.6
TRINITY_DN13720_c0_g1_i17.p1	Spodoptera|XP_050559196.1	47.368	19	10	0	748	766	3141	279	297	304	0.61	25.0
TRINITY_DN13720_c0_g1_i17.p1	Spodoptera|XP_050559197.1	52.632	19	9	0	748	766	3141	317	335	343	0.98	24.3
TRINITY_DN25466_c0_g1_i4.p1	Bmori|XP_012551199.2	34.783	23	15	0	129	151	153	26	48	349	0.60	20.4
TRINITY_DN49283_c0_g1_i1.p1	Bmori|XP_037867392.1	34.375	32	21	0	250	281	406	209	240	395	0.099	24.6
TRINITY_DN1644_c0_g1_i10.p1	Spodoptera|XP_035442818.1	33.333	42	26	2	121	161	277	220	260	390	0.056	24.6
TRINITY_DN836_c0_g1_i10.p1	Bmori|XP_021206280.1	39.130	23	14	0	143	165	731	225	247	290	0.48	23.1
TRINITY_DN7444_c0_g1_i1.p1	Spodoptera|XP_035432672.2	26.190	42	31	0	55	96	109	162	203	327	0.80	19.2
TRINITY_DN9013_c0_g1_i1.p1	Spodoptera|XP_035436301.1	32.353	34	23	0	32	65	197	120	153	341	0.13	22.7
TRINITY_DN2696_c0_g1_i18.p1	Spodoptera|XP_035433286.1	28.000	75	37	4	54	114	168	134	205	344	0.29	21.6
TRINITY_DN25467_c0_g3_i1.p1	Spodoptera|XP_035436301.1	27.419	62	41	2	332	390	700	191	251	341	0.69	22.7
TRINITY_DN25467_c0_g3_i1.p1	Spodoptera|XP_035435946.2	20.482	83	57	2	339	412	700	183	265	344	0.74	22.7
TRINITY_DN1783_c0_g1_i1.p1	Spodoptera|XP_035432548.2	30.435	23	16	0	187	209	213	96	118	311	0.21	22.3
TRINITY_DN162_c0_g1_i17.p1	Spodoptera|XP_050549308.1	30.303	33	23	0	138	170	584	351	383	431	0.84	21.9
TRINITY_DN9152_c0_g1_i5.p1	Bmori|XP_037867392.1	30.435	46	30	1	86	131	202	124	167	395	0.19	22.3
TRINITY_DN12924_c0_g1_i4.p1	Spodoptera|XP_035442818.1	46.154	13	7	0	44	56	189	199	211	390	0.20	22.3
TRINITY_DN2555_c0_g1_i1.p1	Spodoptera|XP_035436318.2	50.000	16	8	0	7	22	111	29	44	351	0.73	19.2
TRINITY_DN2555_c0_g1_i1.p1	Spodoptera|XP_050559196.1	50.000	16	8	0	7	22	111	29	44	304	0.90	19.2
TRINITY_DN45027_c0_g1_i1.p1	Spodoptera|XP_035442818.1	37.037	27	16	1	34	60	106	360	385	390	0.50	19.6
TRINITY_DN19224_c1_g1_i1.p1	Bmori|XP_004930400.2	53.846	13	6	0	155	167	172	4	16	346	0.25	21.6
TRINITY_DN9967_c0_g1_i13.p1	Bmori|XP_062529457.1	40.541	37	19	1	869	902	1685	71	107	326	0.27	25.4
TRINITY_DN45166_c0_g1_i1.p1	Spodoptera|XP_035433249.2	22.674	172	104	8	10	180	181	5	148	238	1.34e-05	34.7
TRINITY_DN45166_c0_g1_i1.p1	Spodoptera|XP_050559703.1	22.556	133	84	4	14	145	181	80	194	315	2.38e-05	33.9
TRINITY_DN45166_c0_g1_i1.p1	Bmori|XP_012550153.2	24.000	100	63	2	18	116	181	6	93	312	1.14e-04	32.0
TRINITY_DN835_c0_g1_i14.p1	Spodoptera|XP_035436301.1	47.059	17	9	0	101	117	425	279	295	341	0.41	22.7
TRINITY_DN7443_c0_g1_i3.p1	Spodoptera|XP_035432672.2	28.205	39	28	0	58	96	909	196	234	327	0.28	24.3
TRINITY_DN50897_c0_g1_i1.p1	Spodoptera|XP_035433249.2	32.143	28	19	0	75	102	104	118	145	238	0.79	19.2
TRINITY_DN6530_c0_g1_i1.p1	Bmori|XP_021206280.1	27.083	48	26	1	61	99	396	188	235	290	0.51	21.9
TRINITY_DN22703_c0_g1_i1.p1	Bmori|XP_012550153.2	28.333	60	39	1	398	457	706	120	175	312	0.30	23.9
TRINITY_DN22703_c0_g1_i1.p1	Spodoptera|XP_035433286.1	25.641	78	41	2	100	160	706	207	284	344	0.48	23.1
TRINITY_DN22703_c0_g2_i1.p1	Bmori|XP_062524699.1	29.268	41	28	1	227	267	433	303	342	343	0.16	23.9
TRINITY_DN22703_c0_g2_i1.p1	Spodoptera|XP_050549308.1	28.000	25	18	0	62	86	433	265	289	431	0.79	21.6
TRINITY_DN36041_c0_g1_i1.p1	Spodoptera|XP_035436301.1	25.301	83	49	3	12	81	346	86	168	341	0.071	24.6
TRINITY_DN36041_c0_g1_i1.p1	Bmori|XP_037869304.1	24.096	83	50	3	12	81	346	67	149	319	0.43	21.9
TRINITY_DN1759_c0_g1_i3.p1	Bmori|XP_062527116.1	44.444	27	12	1	14	37	156	99	125	436	0.13	22.3
TRINITY_DN1759_c0_g1_i3.p1	Bmori|XP_062524699.1	30.556	36	19	1	56	85	156	85	120	343	0.83	20.0
TRINITY_DN11569_c0_g1_i1.p1	Spodoptera|XP_050559196.1	52.381	21	8	1	219	239	960	256	274	304	0.89	22.7
TRINITY_DN11569_c0_g1_i1.p1	Spodoptera|XP_035436318.2	69.231	13	4	0	219	231	960	256	268	351	0.95	22.7
TRINITY_DN5438_c1_g1_i7.p1	Bmori|XP_012550153.2	30.137	73	40	3	121	183	228	147	218	312	0.78	20.8
TRINITY_DN34473_c0_g1_i12.p2	Spodoptera|XP_035435946.2	27.419	62	33	2	98	154	187	257	311	344	0.59	20.8
TRINITY_DN24669_c0_g1_i1.p1	Spodoptera|XP_035432672.2	28.571	21	15	0	51	71	104	44	64	327	0.58	19.6
TRINITY_DN24669_c0_g1_i1.p1	Bmori|XP_062529457.1	38.095	21	13	0	51	71	104	44	64	326	0.88	18.9
TRINITY_DN39337_c0_g1_i1.p1	Bmori|XP_062529457.1	36.364	22	14	0	69	90	114	302	323	326	0.84	19.2
TRINITY_DN975_c0_g1_i6.p1	Bmori|XP_012551199.2	40.000	30	16	1	89	118	580	262	289	349	0.84	21.9
TRINITY_DN7302_c0_g1_i1.p1	Spodoptera|XP_035432672.2	34.615	26	15	1	478	503	566	40	63	327	0.18	24.3
TRINITY_DN7302_c0_g1_i1.p1	Spodoptera|XP_035432672.2	23.333	60	46	0	96	155	566	74	133	327	0.45	22.7
TRINITY_DN7302_c0_g1_i1.p1	Bmori|XP_062529457.1	41.667	24	12	1	325	346	566	244	267	326	0.96	21.9
TRINITY_DN2061_c24_g1_i1.p1	Bmori|XP_004930400.2	23.214	56	43	0	57	112	409	236	291	346	0.51	22.3
TRINITY_DN2061_c24_g1_i1.p1	Bmori|XP_062526412.1	23.214	56	43	0	57	112	409	179	234	289	0.53	21.9
TRINITY_DN2061_c24_g1_i1.p1	Bmori|XP_062526415.1	23.214	56	43	0	57	112	409	167	222	277	0.66	21.9
TRINITY_DN2061_c24_g1_i1.p1	Spodoptera|XP_050559703.1	25.490	102	57	5	146	233	409	111	207	315	0.88	21.6
TRINITY_DN4664_c1_g1_i1.p1	Spodoptera|XP_035436318.2	32.353	34	17	1	204	231	381	20	53	351	0.38	22.3
TRINITY_DN4664_c1_g1_i1.p1	Spodoptera|XP_050559196.1	32.353	34	17	1	204	231	381	20	53	304	0.39	22.3
TRINITY_DN3467_c0_g1_i2.p1	Spodoptera|XP_050559197.1	33.333	33	22	0	142	174	251	272	304	343	0.21	22.7
TRINITY_DN37511_c0_g1_i1.p1	Bmori|XP_062527116.1	37.931	29	13	2	8	35	123	203	227	436	0.24	21.2
TRINITY_DN37511_c0_g1_i1.p1	Bmori|XP_037869304.1	31.481	54	22	3	21	74	123	120	158	319	0.24	21.2
TRINITY_DN28643_c0_g1_i1.p1	Spodoptera|XP_050559191.1	53.333	15	7	0	95	109	118	28	42	352	0.59	19.6
TRINITY_DN28643_c0_g1_i1.p1	Spodoptera|XP_035436301.1	26.923	26	19	0	8	33	118	146	171	341	0.74	19.6
TRINITY_DN28643_c0_g1_i1.p1	Bmori|XP_037869304.1	26.923	26	19	0	8	33	118	127	152	319	0.88	19.2
TRINITY_DN2554_c0_g1_i1.p1	Spodoptera|XP_050559191.1	41.176	17	9	1	77	92	100	276	292	352	0.70	19.2
TRINITY_DN16457_c0_g1_i1.p1	Bmori|XP_037867392.1	35.849	53	22	3	26	71	100	36	83	395	0.27	20.4
TRINITY_DN5734_c0_g1_i11.p1	Bmori|XP_062527116.1	26.316	57	37	1	319	370	530	181	237	436	0.33	23.1
TRINITY_DN48344_c0_g1_i1.p1	Spodoptera|XP_035436318.2	33.333	33	22	0	23	55	136	305	337	351	0.32	20.8
TRINITY_DN6786_c0_g1_i1.p1	Spodoptera|XP_050559703.1	26.027	73	52	2	96	167	182	145	216	315	0.26	21.6
TRINITY_DN6786_c0_g1_i1.p1	Spodoptera|XP_050559703.1	25.301	83	52	3	17	89	182	97	179	315	0.40	21.2
TRINITY_DN6088_c0_g1_i12.p1	Spodoptera|XP_035432672.2	26.190	84	59	2	417	498	829	24	106	327	0.002	31.2
TRINITY_DN6088_c0_g1_i12.p1	Spodoptera|XP_050559191.1	21.000	100	72	4	412	508	829	26	121	352	0.013	28.5
TRINITY_DN6088_c0_g1_i12.p1	Spodoptera|XP_035435946.2	20.339	59	47	0	448	506	829	60	118	344	0.61	23.1
TRINITY_DN44_c8_g1_i1.p1	Bmori|XP_012550153.2	34.375	32	21	0	966	997	1541	243	274	312	0.19	25.4
TRINITY_DN61309_c0_g1_i1.p1	Spodoptera|XP_035436301.1	47.059	17	9	0	17	33	104	257	273	341	0.074	21.9
TRINITY_DN61309_c0_g1_i1.p1	Bmori|XP_037869304.1	47.059	17	9	0	17	33	104	238	254	319	0.10	21.6
TRINITY_DN42683_c0_g1_i1.p1	Bmori|XP_037869304.1	25.373	67	46	2	72	134	149	162	228	319	0.71	20.0
TRINITY_DN9529_c1_g1_i1.p1	Spodoptera|XP_050559703.1	34.146	41	23	1	238	278	339	272	308	315	0.82	21.2
TRINITY_DN9529_c1_g1_i1.p1	Bmori|XP_062527116.1	18.852	122	74	3	212	327	339	222	324	436	0.88	21.2
TRINITY_DN9529_c1_g1_i1.p1	Spodoptera|XP_050549308.1	18.852	122	74	3	212	327	339	219	321	431	0.89	21.2
TRINITY_DN1048_c2_g1_i7.p1	Spodoptera|XP_035433249.2	27.451	51	32	1	82	127	295	7	57	238	0.12	23.5
TRINITY_DN834_c0_g1_i1.p1	Spodoptera|XP_035433286.1	34.375	32	21	0	54	85	110	31	62	344	0.42	20.0
TRINITY_DN7442_c0_g1_i2.p1	Bmori|XP_004930400.2	38.889	18	11	0	230	247	421	313	330	346	0.70	21.9
TRINITY_DN7442_c0_g1_i2.p1	Bmori|XP_062526412.1	38.889	18	11	0	230	247	421	256	273	289	0.78	21.6
TRINITY_DN7442_c0_g1_i2.p1	Bmori|XP_062526415.1	38.889	18	11	0	230	247	421	244	261	277	0.79	21.6
TRINITY_DN136_c0_g1_i1.p1	Bmori|XP_037869304.1	37.500	32	19	1	152	183	295	255	285	319	0.28	22.3
TRINITY_DN40136_c0_g1_i1.p1	Bmori|XP_021206280.1	50.000	20	10	0	206	225	445	193	212	290	0.39	22.7
TRINITY_DN12921_c0_g1_i2.p1	Bmori|XP_012551199.2	33.333	36	17	2	37	66	260	26	60	349	1.00	20.4
TRINITY_DN48901_c0_g1_i1.p1	Spodoptera|XP_050559197.1	24.742	97	54	3	98	194	309	71	148	343	0.69	21.2
TRINITY_DN8755_c1_g3_i1.p1	Bmori|XP_062524699.1	38.710	31	19	0	20	50	301	247	277	343	0.81	21.2
TRINITY_DN8755_c1_g3_i1.p1	Bmori|XP_004930400.2	52.941	17	8	0	20	36	301	248	264	346	0.92	20.8
TRINITY_DN8755_c1_g3_i1.p1	Bmori|XP_062526415.1	52.941	17	8	0	20	36	301	179	195	277	0.95	20.8
TRINITY_DN8755_c1_g3_i1.p1	Bmori|XP_062526412.1	52.941	17	8	0	20	36	301	191	207	289	0.96	20.8
TRINITY_DN14073_c0_g1_i2.p1	Spodoptera|XP_050559196.1	53.333	15	7	0	190	204	223	273	287	304	0.19	22.3
TRINITY_DN14073_c0_g1_i2.p1	Spodoptera|XP_035436318.2	53.333	15	7	0	190	204	223	320	334	351	0.21	22.3
TRINITY_DN14073_c0_g1_i2.p1	Spodoptera|XP_035435946.2	46.667	15	8	0	190	204	223	313	327	344	0.60	20.8
TRINITY_DN14073_c0_g1_i2.p1	Spodoptera|XP_035432672.2	52.941	17	8	0	177	193	223	11	27	327	0.60	20.8
TRINITY_DN14748_c0_g3_i1.p1	Spodoptera|XP_035436318.2	50.000	18	7	1	86	101	108	69	86	351	0.035	23.1
TRINITY_DN14748_c0_g3_i1.p1	Spodoptera|XP_050559193.1	50.000	18	7	1	86	101	108	67	84	349	0.035	23.1
TRINITY_DN14748_c0_g3_i1.p1	Spodoptera|XP_050559191.1	50.000	18	7	1	86	101	108	68	85	352	0.035	23.1
TRINITY_DN14748_c0_g3_i1.p1	Spodoptera|XP_035435946.2	60.000	15	4	1	89	101	108	71	85	344	0.046	22.7
TRINITY_DN14748_c0_g3_i1.p1	Bmori|XP_062524699.1	55.000	20	7	1	86	103	108	66	85	343	0.086	21.9
TRINITY_DN14748_c0_g3_i1.p1	Spodoptera|XP_050559196.1	60.000	15	4	1	89	101	108	72	86	304	0.16	21.2
TRINITY_DN14748_c0_g3_i1.p1	Bmori|XP_012551199.2	53.333	15	5	1	89	101	108	73	87	349	0.35	20.4
TRINITY_DN14748_c0_g3_i1.p1	Bmori|XP_004930400.2	44.444	18	8	1	86	101	108	67	84	346	0.40	20.0
TRINITY_DN14748_c0_g3_i1.p1	Bmori|XP_021206280.1	55.000	20	7	1	89	106	108	13	32	290	0.54	19.6
TRINITY_DN14748_c0_g3_i1.p1	Spodoptera|XP_035432672.2	44.444	18	8	1	86	101	108	64	81	327	0.63	19.6
TRINITY_DN14748_c0_g3_i1.p1	Spodoptera|XP_050559703.1	18.391	87	70	1	1	86	108	156	242	315	0.86	19.2
TRINITY_DN14748_c0_g3_i1.p1	Spodoptera|XP_050559197.1	38.889	18	9	1	86	101	108	65	82	343	0.93	18.9
TRINITY_DN14748_c0_g3_i1.p1	Bmori|XP_062529457.1	53.333	15	5	1	89	101	108	67	81	326	0.96	18.9
TRINITY_DN5732_c0_g1_i2.p1	Spodoptera|XP_050559197.1	22.727	66	37	2	223	277	475	191	253	343	0.50	22.3
TRINITY_DN12922_c0_g1_i9.p1	Bmori|XP_012550153.2	21.591	88	63	2	2331	2412	3566	224	311	312	0.26	26.2
TRINITY_DN1364_c13_g1_i6.p1	Bmori|XP_012550153.2	27.273	44	32	0	100	143	180	16	59	312	0.22	21.9
TRINITY_DN1364_c13_g1_i6.p1	Spodoptera|XP_035442818.1	26.087	23	17	0	137	159	180	44	66	390	0.48	20.8
TRINITY_DN1897_c0_g1_i10.p1	Spodoptera|XP_035432548.2	33.333	45	25	2	561	605	710	158	197	311	0.13	25.0
TRINITY_DN974_c0_g1_i6.p1	Bmori|XP_037867392.1	38.338	373	216	7	36	403	409	28	391	395	6.47e-92	274
TRINITY_DN974_c0_g1_i6.p1	Spodoptera|XP_035442818.1	38.462	377	219	8	35	407	409	23	390	390	3.90e-88	264
TRINITY_DN974_c0_g1_i6.p1	Spodoptera|XP_035432548.2	41.503	306	161	6	107	407	409	19	311	311	3.62e-78	236
TRINITY_DN23080_c0_g1_i4.p1	Spodoptera|XP_035442818.1	22.330	103	67	4	140	237	359	37	131	390	0.51	21.9
TRINITY_DN3029_c1_g1_i1.p1	Bmori|XP_012551199.2	30.864	81	36	4	328	392	596	204	280	349	0.89	21.9
TRINITY_DN41630_c0_g1_i1.p1	Bmori|XP_062529457.1	18.750	64	38	2	130	193	195	168	217	326	0.42	21.2
TRINITY_DN7698_c0_g1_i1.p1	Bmori|XP_037867392.1	24.291	247	170	4	74	306	359	95	338	395	1.19e-17	73.9
TRINITY_DN7698_c0_g1_i1.p1	Spodoptera|XP_035432548.2	23.361	244	168	6	81	309	359	20	259	311	1.58e-17	72.8
TRINITY_DN7698_c0_g1_i1.p1	Spodoptera|XP_035442818.1	24.194	248	168	8	74	306	359	91	333	390	3.79e-17	72.4
TRINITY_DN4122_c0_g1_i2.p1	Spodoptera|XP_035435946.2	60.000	15	6	0	50	64	119	330	344	344	0.98	19.2
TRINITY_DN4122_c0_g2_i1.p1	Spodoptera|XP_035432672.2	29.630	54	36	1	24	75	131	171	224	327	0.57	20.0
TRINITY_DN24527_c0_g1_i1.p1	Spodoptera|XP_035432548.2	28.205	39	21	1	24	62	112	84	115	311	0.13	21.6
TRINITY_DN24527_c0_g1_i1.p1	Spodoptera|XP_035432672.2	27.273	33	24	0	37	69	112	110	142	327	0.20	21.2
TRINITY_DN27707_c0_g1_i2.p2	Spodoptera|XP_035432672.2	72.727	11	3	0	76	86	144	114	124	327	0.041	23.5
TRINITY_DN44926_c0_g1_i2.p1	Bmori|XP_062527116.1	23.077	182	128	5	253	428	662	251	426	436	0.066	25.8
TRINITY_DN44926_c0_g1_i2.p1	Spodoptera|XP_050549308.1	26.531	49	35	1	253	300	662	248	296	431	0.35	23.5
TRINITY_DN11141_c3_g1_i1.p1	Spodoptera|XP_035435946.2	40.909	22	10	1	4	25	108	208	226	344	0.87	19.2
TRINITY_DN7418_c0_g4_i1.p1	Spodoptera|XP_035432672.2	27.273	44	28	2	45	87	103	66	106	327	0.74	19.2
TRINITY_DN22284_c0_g1_i1.p1	Bmori|XP_062527116.1	60.000	20	7	1	61	80	139	59	77	436	0.14	21.9
TRINITY_DN972_c0_g1_i3.p1	Bmori|XP_062527116.1	31.579	57	30	1	434	481	630	110	166	436	0.012	28.1
TRINITY_DN1757_c0_g1_i12.p1	Bmori|XP_021206280.1	28.767	73	48	2	132	203	457	121	190	290	0.044	25.8
TRINITY_DN1757_c0_g1_i12.p1	Bmori|XP_062524699.1	24.658	73	51	2	132	203	457	178	247	343	0.12	24.3
TRINITY_DN11590_c0_g1_i1.p1	Spodoptera|XP_035435946.2	26.389	72	41	3	6	77	493	2	61	344	0.058	25.4
TRINITY_DN11590_c0_g1_i1.p1	Bmori|XP_021206280.1	20.635	63	44	1	225	287	493	233	289	290	0.32	23.1
TRINITY_DN20021_c1_g1_i1.p1	Spodoptera|XP_035432672.2	28.169	71	43	2	413	477	497	68	136	327	0.54	22.3
TRINITY_DN1896_c0_g1_i18.p1	Bmori|XP_062527116.1	22.785	79	60	1	58	136	136	172	249	436	0.19	21.6
TRINITY_DN973_c0_g2_i1.p1	Spodoptera|XP_035433286.1	45.000	20	11	0	264	283	721	14	33	344	0.86	22.3
TRINITY_DN4378_c0_g1_i1.p1	Bmori|XP_012550153.2	60.000	10	4	0	344	353	386	51	60	312	0.99	21.2
TRINITY_DN275_c0_g1_i16.p1	Spodoptera|XP_035436301.1	94.495	327	17	1	1	326	329	15	341	341	0.0	614
TRINITY_DN275_c0_g1_i16.p1	Bmori|XP_037869304.1	89.493	276	29	0	40	315	329	35	310	319	0.0	509
TRINITY_DN275_c0_g1_i16.p1	Spodoptera|XP_035436318.2	26.733	101	66	3	150	242	329	174	274	351	0.047	25.0
TRINITY_DN275_c0_g1_i16.p1	Bmori|XP_062526412.1	25.843	89	58	3	155	235	329	114	202	289	0.11	23.9
TRINITY_DN275_c0_g1_i16.p1	Bmori|XP_004930400.2	25.843	89	58	3	155	235	329	171	259	346	0.13	23.9
TRINITY_DN275_c0_g1_i16.p1	Bmori|XP_004930400.2	38.889	18	11	0	50	67	329	65	82	346	0.28	22.7
TRINITY_DN275_c0_g1_i16.p1	Bmori|XP_062526415.1	25.843	89	58	3	155	235	329	102	190	277	0.16	23.5
TRINITY_DN275_c0_g1_i16.p1	Bmori|XP_021206280.1	44.444	18	10	0	50	67	329	8	25	290	0.26	22.7
TRINITY_DN275_c0_g1_i16.p1	Spodoptera|XP_050559197.1	38.889	18	11	0	50	67	329	63	80	343	0.43	21.9
TRINITY_DN275_c0_g1_i16.p1	Spodoptera|XP_035435946.2	45.833	24	13	0	213	236	329	238	261	344	0.48	21.9
TRINITY_DN9963_c0_g1_i1.p1	Spodoptera|XP_050549308.1	25.397	63	33	2	117	179	183	50	98	431	0.99	20.0
TRINITY_DN9265_c0_g1_i11.p1	Bmori|XP_012550153.2	29.032	31	22	0	25	55	380	25	55	312	0.55	21.9
TRINITY_DN342_c8_g1_i11.p1	Bmori|XP_012551199.2	36.667	30	18	1	61	89	1064	36	65	349	0.062	26.6
TRINITY_DN342_c8_g1_i11.p1	Spodoptera|XP_035433249.2	28.070	57	36	1	1010	1061	1064	98	154	238	0.075	26.2
TRINITY_DN28641_c0_g1_i1.p1	Spodoptera|XP_035435946.2	21.127	71	51	1	240	310	509	205	270	344	0.090	25.0
TRINITY_DN2552_c0_g2_i7.p1	Spodoptera|XP_050559193.1	21.918	73	55	1	240	310	321	145	217	349	0.17	23.5
TRINITY_DN2552_c0_g2_i7.p1	Bmori|XP_062527116.1	38.462	26	12	1	209	234	321	403	424	436	0.24	23.1
TRINITY_DN895_c7_g1_i1.p1	Spodoptera|XP_035433249.2	29.508	61	37	1	256	316	943	134	188	238	0.31	23.9
TRINITY_DN895_c7_g1_i1.p1	Spodoptera|XP_035433286.1	29.825	57	39	1	33	89	943	213	268	344	0.59	23.1
TRINITY_DN27288_c0_g1_i2.p1	Spodoptera|XP_035442818.1	24.000	50	38	0	60	109	354	204	253	390	0.094	24.3
TRINITY_DN7416_c0_g1_i2.p1	Spodoptera|XP_050559191.1	23.585	106	76	2	19	124	182	82	182	352	0.043	24.3
TRINITY_DN7416_c0_g1_i2.p1	Spodoptera|XP_035432672.2	37.838	37	22	1	19	55	182	78	113	327	0.091	23.1
TRINITY_DN7416_c0_g1_i2.p1	Bmori|XP_062529457.1	37.037	27	16	1	21	47	182	80	105	326	0.80	20.0
TRINITY_DN11426_c0_g1_i3.p1	Spodoptera|XP_035432672.2	29.412	68	35	3	55	112	186	41	105	327	0.92	20.0
TRINITY_DN31825_c0_g1_i2.p1	Bmori|XP_062524699.1	52.941	17	8	0	163	179	536	19	35	343	0.63	22.3
TRINITY_DN31825_c0_g1_i2.p1	Spodoptera|XP_050559196.1	22.388	67	40	2	366	432	536	229	283	304	0.95	21.6
TRINITY_DN31825_c0_g1_i2.p1	Bmori|XP_012550153.2	18.966	58	31	1	241	282	536	1	58	312	1.00	21.6
TRINITY_DN1202_c1_g1_i13.p1	Bmori|XP_062526412.1	33.333	36	22	1	331	364	563	194	229	289	0.45	22.7
TRINITY_DN1202_c1_g1_i13.p1	Bmori|XP_062526415.1	33.333	36	22	1	331	364	563	182	217	277	0.45	22.7
TRINITY_DN1202_c1_g1_i13.p1	Bmori|XP_004930400.2	33.333	36	22	1	331	364	563	251	286	346	0.46	22.7
TRINITY_DN6086_c0_g1_i7.p1	Spodoptera|XP_050559703.1	52.381	21	10	0	705	725	765	132	152	315	0.17	24.6
TRINITY_DN8170_c5_g1_i4.p1	Bmori|XP_062526415.1	56.250	16	7	0	196	211	213	22	37	277	0.53	21.2
TRINITY_DN8170_c5_g1_i4.p1	Bmori|XP_062526412.1	56.250	16	7	0	196	211	213	34	49	289	0.57	20.8
TRINITY_DN8170_c5_g1_i4.p1	Bmori|XP_004930400.2	56.250	16	7	0	196	211	213	91	106	346	0.58	20.8
TRINITY_DN8170_c5_g1_i4.p1	Spodoptera|XP_050559197.1	56.250	16	7	0	196	211	213	89	104	343	0.70	20.8
TRINITY_DN41745_c0_g1_i1.p1	Spodoptera|XP_050559196.1	26.923	26	19	0	11	36	106	248	273	304	0.94	18.9
TRINITY_DN832_c0_g2_i2.p1	Spodoptera|XP_050559196.1	36.364	22	14	0	149	170	439	167	188	304	0.53	22.3
TRINITY_DN832_c0_g2_i2.p1	Spodoptera|XP_035433286.1	25.373	67	44	2	145	205	439	154	220	344	0.57	22.3
TRINITY_DN832_c0_g2_i2.p1	Spodoptera|XP_035436318.2	36.364	22	14	0	149	170	439	167	188	351	0.63	21.9
TRINITY_DN49114_c0_g1_i1.p1	Bmori|XP_021206280.1	36.364	22	14	0	70	91	121	63	84	290	0.84	19.2
TRINITY_DN5289_c0_g1_i3.p1	Spodoptera|XP_035432548.2	35.294	34	16	1	618	651	679	177	204	311	0.68	22.7
TRINITY_DN12221_c0_g1_i5.p1	Bmori|XP_037867392.1	30.769	39	20	2	367	398	810	322	360	395	0.36	23.9
TRINITY_DN3168_c1_g1_i1.p1	Bmori|XP_012550153.2	22.222	54	40	1	439	492	513	18	69	312	0.92	21.6
TRINITY_DN4376_c0_g1_i2.p1	Spodoptera|XP_050559197.1	50.000	16	8	0	110	125	262	288	303	343	0.28	22.3
TRINITY_DN273_c0_g1_i26.p1	Spodoptera|XP_035436318.2	28.125	32	23	0	490	521	840	13	44	351	0.26	24.3
TRINITY_DN273_c0_g1_i26.p1	Spodoptera|XP_050559196.1	28.125	32	23	0	490	521	840	13	44	304	0.26	24.3
TRINITY_DN23729_c0_g1_i10.p1	Bmori|XP_012550153.2	19.608	51	41	0	274	324	358	113	163	312	0.96	21.2
TRINITY_DN3463_c0_g1_i11.p1	Bmori|XP_062529457.1	33.333	27	18	0	130	156	411	112	138	326	0.29	23.1
TRINITY_DN36852_c0_g1_i1.p1	Spodoptera|XP_035442818.1	51.786	112	54	0	1	112	115	114	225	390	8.18e-43	135
TRINITY_DN36852_c0_g1_i1.p1	Bmori|XP_037867392.1	46.957	115	61	0	1	115	115	118	232	395	1.21e-36	119
TRINITY_DN36852_c0_g1_i1.p1	Spodoptera|XP_035432548.2	47.826	115	59	1	1	114	115	36	150	311	8.64e-35	113
TRINITY_DN36852_c0_g1_i1.p1	Spodoptera|XP_035432548.2	47.059	17	7	1	15	29	115	148	164	311	0.64	19.6
TRINITY_DN42798_c0_g1_i1.p1	Spodoptera|XP_035433286.1	34.615	26	17	0	29	54	103	193	218	344	0.29	20.4
TRINITY_DN6487_c1_g1_i10.p1	Bmori|XP_037867392.1	33.333	30	20	0	162	191	587	263	292	395	0.11	25.0
TRINITY_DN6487_c1_g1_i10.p1	Bmori|XP_037869304.1	40.000	20	12	0	170	189	587	55	74	319	0.81	21.9
TRINITY_DN6487_c1_g1_i10.p1	Spodoptera|XP_035436301.1	35.484	31	18	1	170	198	587	74	104	341	0.84	21.9
TRINITY_DN8892_c1_g1_i1.p1	Spodoptera|XP_050559703.1	55.556	9	4	0	92	100	110	114	122	315	0.37	20.4
TRINITY_DN8892_c1_g1_i1.p1	Spodoptera|XP_035433286.1	38.235	34	19	1	7	38	110	184	217	344	0.61	19.6
TRINITY_DN1197_c0_g1_i11.p1	Spodoptera|XP_050559196.1	29.310	58	36	2	30	82	131	120	177	304	0.29	20.8
TRINITY_DN1197_c0_g1_i11.p1	Spodoptera|XP_035436318.2	29.310	58	36	2	30	82	131	120	177	351	0.37	20.4
TRINITY_DN26634_c1_g1_i1.p1	Bmori|XP_012550153.2	29.545	44	31	0	41	84	124	128	171	312	0.41	20.4
TRINITY_DN26634_c1_g1_i1.p1	Spodoptera|XP_035433286.1	30.303	33	20	1	79	108	124	78	110	344	0.66	19.6
TRINITY_DN2551_c0_g1_i11.p1	Bmori|XP_021206280.1	26.582	79	36	2	364	422	425	69	145	290	0.061	25.0
TRINITY_DN2551_c0_g1_i11.p1	Bmori|XP_037867392.1	20.930	43	34	0	115	157	425	344	386	395	0.66	21.9
TRINITY_DN2528_c0_g1_i1.p1	Spodoptera|XP_035432548.2	23.810	63	47	1	19	81	318	243	304	311	0.78	21.2
TRINITY_DN3027_c1_g1_i4.p1	Spodoptera|XP_050559197.1	30.645	62	31	3	32	86	246	261	317	343	0.18	22.7
TRINITY_DN1615_c0_g1_i3.p1	Spodoptera|XP_035433249.2	30.769	39	22	1	159	192	270	183	221	238	0.56	21.2
TRINITY_DN807_c0_g1_i12.p1	Spodoptera|XP_035442818.1	31.034	29	20	0	90	118	792	127	155	390	0.30	23.9
TRINITY_DN807_c0_g1_i12.p1	Spodoptera|XP_035435946.2	30.000	50	29	2	111	156	792	119	166	344	0.38	23.5
TRINITY_DN9392_c2_g1_i1.p1	Spodoptera|XP_035436301.1	42.105	19	10	1	8	25	136	208	226	341	0.62	20.0
TRINITY_DN7980_c1_g1_i5.p1	Bmori|XP_062524699.1	36.538	52	29	4	34	83	174	282	331	343	0.11	22.7
TRINITY_DN22258_c0_g1_i1.p1	Bmori|XP_062527116.1	46.667	15	8	0	23	37	115	107	121	436	0.18	21.2
TRINITY_DN5172_c0_g1_i12.p1	Spodoptera|XP_035433249.2	25.263	95	61	2	145	231	264	19	111	238	0.006	27.3
TRINITY_DN13674_c1_g1_i1.p1	Spodoptera|XP_050559191.1	34.211	38	18	2	81	111	137	23	60	352	0.90	19.6
TRINITY_DN831_c0_g1_i1.p1	Bmori|XP_037867392.1	25.000	36	21	1	51	86	202	171	200	395	0.85	20.4
TRINITY_DN11564_c0_g1_i1.p1	Spodoptera|XP_035433249.2	30.435	23	16	0	1053	1075	1172	161	183	238	0.54	23.5
TRINITY_DN6630_c2_g1_i5.p1	Spodoptera|XP_035442818.1	24.390	82	50	3	5	74	556	303	384	390	0.16	24.3
TRINITY_DN18139_c0_g1_i1.p1	Spodoptera|XP_035432672.2	40.000	20	12	0	285	304	417	25	44	327	0.50	22.3
TRINITY_DN6630_c2_g2_i1.p1	Spodoptera|XP_035436318.2	40.000	30	18	0	159	188	245	319	348	351	0.015	26.2
TRINITY_DN6630_c2_g2_i1.p1	Spodoptera|XP_050559196.1	40.000	30	18	0	159	188	245	272	301	304	0.016	25.8
TRINITY_DN6630_c2_g2_i1.p1	Bmori|XP_004930400.2	32.692	52	30	2	143	192	245	297	345	346	0.023	25.4
TRINITY_DN6630_c2_g2_i1.p1	Bmori|XP_062526412.1	32.692	52	30	2	143	192	245	240	288	289	0.026	25.4
TRINITY_DN6630_c2_g2_i1.p1	Bmori|XP_062526415.1	32.692	52	30	2	143	192	245	228	276	277	0.029	25.0
TRINITY_DN6630_c2_g2_i1.p1	Spodoptera|XP_035435946.2	36.667	30	19	0	159	188	245	312	341	344	0.059	24.3
TRINITY_DN6630_c2_g2_i1.p1	Spodoptera|XP_050559191.1	36.667	30	19	0	159	188	245	320	349	352	0.069	24.3
TRINITY_DN6630_c2_g2_i1.p1	Spodoptera|XP_050559193.1	33.333	30	20	0	159	188	245	317	346	349	0.25	22.3
TRINITY_DN6630_c2_g2_i1.p1	Spodoptera|XP_050559197.1	33.333	30	20	0	159	188	245	310	339	343	0.29	21.9
TRINITY_DN6630_c2_g2_i1.p1	Spodoptera|XP_050549308.1	34.286	35	22	1	113	146	245	174	208	431	0.41	21.6
TRINITY_DN10651_c0_g1_i3.p1	Spodoptera|XP_050559197.1	36.000	25	15	1	40	64	147	199	222	343	0.45	20.4
TRINITY_DN19631_c0_g1_i2.p1	Spodoptera|XP_050559703.1	21.739	115	76	3	136	236	532	69	183	315	0.29	23.5
TRINITY_DN19631_c0_g1_i2.p1	Spodoptera|XP_050559191.1	27.586	29	19	1	101	129	532	285	311	352	0.46	22.7
TRINITY_DN19631_c0_g1_i2.p1	Spodoptera|XP_035432672.2	42.857	28	15	1	130	156	532	241	268	327	0.79	21.9
TRINITY_DN13133_c0_g1_i1.p1	Bmori|XP_062527116.1	24.324	37	28	0	35	71	166	169	205	436	0.34	21.2
TRINITY_DN8210_c0_g1_i2.p1	Spodoptera|XP_035433249.2	21.138	123	83	3	579	700	824	97	206	238	0.12	25.0
TRINITY_DN8210_c0_g1_i2.p1	Spodoptera|XP_035442818.1	46.154	26	14	0	317	342	824	43	68	390	0.61	23.1
TRINITY_DN8210_c0_g1_i2.p1	Spodoptera|XP_050559191.1	37.500	24	15	0	411	434	824	123	146	352	0.63	23.1
TRINITY_DN28059_c0_g1_i1.p1	Spodoptera|XP_035433249.2	27.381	252	121	13	46	279	343	14	221	238	2.11e-06	38.5
TRINITY_DN28059_c0_g1_i1.p1	Bmori|XP_012550153.2	27.619	105	51	3	46	142	343	7	94	312	2.08e-04	32.7
TRINITY_DN28059_c0_g1_i1.p1	Spodoptera|XP_050559703.1	37.209	43	27	0	47	89	343	86	128	315	4.24e-04	31.6
TRINITY_DN20560_c2_g1_i1.p1	Spodoptera|XP_035432548.2	21.622	37	29	0	51	87	112	26	62	311	0.80	19.2
TRINITY_DN28059_c0_g3_i1.p1	Spodoptera|XP_035433249.2	25.000	256	142	10	46	299	369	14	221	238	7.01e-06	37.0
TRINITY_DN28059_c0_g3_i1.p1	Spodoptera|XP_050559703.1	22.745	255	146	10	47	297	369	86	293	315	3.43e-05	35.0
TRINITY_DN28059_c0_g3_i1.p1	Bmori|XP_012550153.2	31.068	103	51	4	46	143	369	7	94	312	8.27e-05	33.9
TRINITY_DN947_c0_g1_i1.p1	Spodoptera|XP_035433249.2	30.000	50	34	1	16	65	242	44	92	238	0.27	21.9
TRINITY_DN6619_c0_g1_i1.p1	Bmori|XP_021206280.1	34.483	29	17	1	58	84	106	200	228	290	0.54	19.6
TRINITY_DN33648_c0_g1_i1.p1	Spodoptera|XP_035435946.2	39.286	28	12	1	73	95	149	211	238	344	0.43	20.8
TRINITY_DN27285_c0_g1_i1.p1	Bmori|XP_037867392.1	38.095	21	13	0	99	119	150	359	379	395	0.24	21.6
TRINITY_DN3590_c2_g1_i1.p1	Bmori|XP_012551199.2	47.619	21	9	1	1	21	111	270	288	349	0.80	19.2
TRINITY_DN1196_c0_g1_i3.p1	Bmori|XP_037869304.1	34.146	41	25	1	145	183	270	263	303	319	0.47	21.6
TRINITY_DN15099_c0_g1_i1.p1	Spodoptera|XP_050549308.1	26.316	114	56	5	369	460	525	128	235	431	0.12	24.6
TRINITY_DN14186_c0_g1_i1.p1	Spodoptera|XP_035432548.2	25.862	58	39	1	352	409	743	253	306	311	0.059	26.2
TRINITY_DN6758_c0_g1_i7.p1	Spodoptera|XP_050559193.1	37.143	35	20	1	11	43	171	60	94	349	0.71	20.4
TRINITY_DN638_c3_g1_i5.p1	Spodoptera|XP_035436301.1	32.353	34	22	1	179	211	381	150	183	341	0.66	21.6
TRINITY_DN638_c3_g1_i5.p1	Bmori|XP_037869304.1	32.353	34	22	1	179	211	381	131	164	319	0.82	21.6
TRINITY_DN28616_c0_g1_i1.p1	Bmori|XP_012551199.2	27.083	96	58	4	6	93	131	53	144	349	0.21	21.2
TRINITY_DN30211_c0_g1_i1.p1	Spodoptera|XP_035433249.2	32.500	40	27	0	197	236	396	94	133	238	0.55	21.9
TRINITY_DN30211_c0_g1_i1.p1	Spodoptera|XP_050559196.1	27.778	72	33	3	249	310	396	207	269	304	0.63	21.9
TRINITY_DN30211_c0_g1_i1.p1	Spodoptera|XP_035436318.2	27.027	74	35	3	249	312	396	207	271	351	0.74	21.6
TRINITY_DN5147_c0_g1_i11.p1	Spodoptera|XP_050559193.1	37.037	27	17	0	234	260	544	115	141	349	0.35	23.1
TRINITY_DN5147_c0_g1_i11.p1	Spodoptera|XP_035433286.1	40.625	32	15	2	440	471	544	196	223	344	0.82	21.9
TRINITY_DN5147_c0_g1_i11.p1	Spodoptera|XP_035436318.2	34.483	29	19	0	236	264	544	119	147	351	0.89	21.9
TRINITY_DN5147_c0_g1_i11.p1	Spodoptera|XP_050559196.1	34.483	29	19	0	236	264	544	119	147	304	0.92	21.9
TRINITY_DN48317_c0_g1_i1.p1	Spodoptera|XP_035432548.2	54.545	11	5	0	40	50	101	84	94	311	0.99	18.9
TRINITY_DN4234_c0_g1_i10.p1	Spodoptera|XP_035442818.1	31.429	35	24	0	13	47	1237	236	270	390	0.33	24.6
TRINITY_DN4234_c0_g1_i10.p1	Spodoptera|XP_035432548.2	31.111	45	31	0	3	47	1237	149	193	311	0.75	23.5
TRINITY_DN2217_c3_g1_i7.p1	Bmori|XP_012551199.2	29.167	48	32	1	315	362	363	67	112	349	0.30	22.7
TRINITY_DN1614_c0_g1_i2.p1	Spodoptera|XP_050559703.1	29.167	72	39	4	29	88	337	160	231	315	0.87	21.2
TRINITY_DN88_c0_g1_i48.p1	Bmori|XP_012550153.2	30.556	36	25	0	186	221	543	233	268	312	0.30	23.5
TRINITY_DN88_c0_g1_i48.p1	Spodoptera|XP_035442818.1	41.667	24	14	0	156	179	543	251	274	390	0.64	22.3
TRINITY_DN389_c0_g1_i14.p1	Spodoptera|XP_035436318.2	27.273	44	30	1	448	491	697	261	302	351	0.44	23.1
TRINITY_DN389_c0_g1_i14.p1	Spodoptera|XP_035442818.1	33.333	24	16	0	494	517	697	300	323	390	0.55	23.1
TRINITY_DN108_c0_g1_i12.p1	Spodoptera|XP_035436301.1	27.869	61	42	2	143	202	422	226	285	341	0.19	23.5
TRINITY_DN108_c0_g1_i12.p1	Bmori|XP_021206280.1	36.842	19	12	0	373	391	422	44	62	290	0.29	23.1
TRINITY_DN6759_c0_g1_i12.p1	Spodoptera|XP_035442818.1	35.417	48	25	2	1177	1218	2319	235	282	390	0.25	25.8
TRINITY_DN5171_c0_g2_i1.p1	Bmori|XP_021206280.1	39.286	28	17	0	489	516	518	145	172	290	0.24	23.5
TRINITY_DN1753_c0_g1_i10.p1	Spodoptera|XP_050559193.1	37.037	27	17	0	162	188	301	211	237	349	0.29	22.3
TRINITY_DN1753_c0_g1_i10.p1	Bmori|XP_004930400.2	26.000	50	36	1	24	72	301	211	260	346	0.52	21.6
TRINITY_DN1753_c0_g1_i10.p1	Bmori|XP_062526412.1	26.000	50	36	1	24	72	301	154	203	289	0.52	21.6
TRINITY_DN1753_c0_g1_i10.p1	Bmori|XP_062526415.1	26.000	50	36	1	24	72	301	142	191	277	0.59	21.6
TRINITY_DN1753_c0_g1_i10.p1	Spodoptera|XP_050559196.1	33.333	39	21	1	155	188	301	201	239	304	0.93	20.8
TRINITY_DN1753_c0_g1_i10.p1	Spodoptera|XP_035436318.2	33.333	39	21	1	155	188	301	201	239	351	0.95	20.8
TRINITY_DN8750_c1_g1_i1.p1	Spodoptera|XP_050559193.1	33.333	27	18	0	117	143	279	256	282	349	0.34	21.9
TRINITY_DN5148_c0_g2_i1.p1	Bmori|XP_062527116.1	28.049	82	50	5	23	95	107	353	434	436	0.020	23.9
TRINITY_DN5148_c0_g2_i1.p1	Spodoptera|XP_035432672.2	40.000	20	12	0	74	93	107	122	141	327	0.19	21.2
TRINITY_DN5148_c0_g2_i1.p1	Spodoptera|XP_035442818.1	20.635	63	42	2	16	71	107	275	336	390	0.63	19.6
TRINITY_DN5148_c0_g2_i1.p1	Spodoptera|XP_050549308.1	30.000	40	22	3	30	63	107	357	396	431	0.91	18.9
TRINITY_DN132_c0_g1_i17.p1	Spodoptera|XP_035436318.2	34.615	26	17	0	68	93	309	286	311	351	0.34	22.3
TRINITY_DN5409_c1_g1_i1.p1	Bmori|XP_012551199.2	42.857	21	12	0	279	299	474	228	248	349	0.055	25.4
TRINITY_DN5409_c1_g1_i1.p1	Spodoptera|XP_035433249.2	25.424	59	39	1	49	102	474	161	219	238	0.47	22.3
TRINITY_DN5409_c1_g1_i1.p1	Spodoptera|XP_035432548.2	22.727	44	30	1	329	368	474	256	299	311	0.94	21.6
TRINITY_DN13830_c0_g1_i1.p1	Bmori|XP_062527116.1	39.394	33	20	0	264	296	561	67	99	436	0.30	23.5
TRINITY_DN10650_c0_g2_i2.p1	Spodoptera|XP_035436301.1	25.532	47	32	1	135	178	196	88	134	341	0.61	20.8
TRINITY_DN22396_c0_g1_i1.p1	Spodoptera|XP_050559703.1	24.194	62	38	2	250	302	417	244	305	315	0.79	21.6
TRINITY_DN31939_c0_g2_i1.p1	Spodoptera|XP_035435946.2	38.889	18	11	0	219	236	273	297	314	344	0.59	21.2
TRINITY_DN22396_c0_g2_i1.p1	Bmori|XP_062527116.1	22.727	44	34	0	144	187	312	345	388	436	0.26	22.7
TRINITY_DN22396_c0_g3_i1.p1	Bmori|XP_037867392.1	28.125	32	20	1	203	234	365	315	343	395	0.48	22.3
TRINITY_DN22396_c0_g3_i1.p1	Spodoptera|XP_035432672.2	34.615	26	17	0	32	57	365	17	42	327	0.75	21.6
TRINITY_DN13132_c0_g2_i12.p1	Bmori|XP_037867392.1	29.412	68	43	3	456	522	875	31	94	395	0.28	24.3
TRINITY_DN946_c0_g1_i9.p1	Spodoptera|XP_050559197.1	32.692	52	27	1	288	339	500	86	129	343	0.14	24.3
TRINITY_DN946_c0_g1_i9.p1	Bmori|XP_037867392.1	47.368	19	10	0	168	186	500	371	389	395	0.21	23.9
TRINITY_DN7815_c1_g1_i1.p1	Bmori|XP_062524699.1	31.250	32	22	0	198	229	242	160	191	343	0.13	23.1
TRINITY_DN7815_c1_g1_i1.p1	Bmori|XP_012550153.2	28.302	53	35	1	190	242	242	26	75	312	0.33	21.9
TRINITY_DN16451_c0_g1_i2.p1	Spodoptera|XP_050559193.1	45.833	24	13	0	195	218	387	267	290	349	0.11	24.3
TRINITY_DN16451_c0_g1_i2.p1	Spodoptera|XP_035436318.2	41.667	24	14	0	195	218	387	269	292	351	0.25	23.1
TRINITY_DN7117_c1_g1_i1.p1	Spodoptera|XP_035433286.1	23.256	43	33	0	283	325	525	179	221	344	0.73	21.9
TRINITY_DN7117_c1_g1_i1.p1	Bmori|XP_021206280.1	26.667	30	22	0	304	333	525	107	136	290	0.98	21.6
TRINITY_DN27982_c0_g1_i1.p1	Spodoptera|XP_035433249.2	25.641	78	46	4	9	76	234	39	114	238	0.83	20.4
TRINITY_DN12335_c0_g1_i20.p1	Spodoptera|XP_035442818.1	29.825	57	33	2	261	314	475	288	340	390	0.25	23.5
TRINITY_DN27959_c0_g1_i2.p1	Spodoptera|XP_050549308.1	93.720	414	26	0	1	414	431	1	414	431	0.0	795
TRINITY_DN27959_c0_g1_i2.p1	Bmori|XP_062527116.1	86.079	431	56	2	1	427	431	1	431	436	0.0	772
TRINITY_DN27959_c0_g1_i2.p1	Spodoptera|XP_035436318.2	22.222	99	68	2	140	238	431	111	200	351	0.094	24.6
TRINITY_DN27959_c0_g1_i2.p1	Spodoptera|XP_050559196.1	22.222	99	68	2	140	238	431	111	200	304	0.13	24.3
TRINITY_DN27959_c0_g1_i2.p1	Spodoptera|XP_050559193.1	21.212	99	69	2	140	238	431	109	198	349	0.17	23.9
TRINITY_DN27959_c0_g1_i2.p1	Bmori|XP_012551199.2	56.250	16	7	0	220	235	431	177	192	349	0.61	21.9
TRINITY_DN1195_c0_g1_i1.p1	Spodoptera|XP_035433286.1	52.941	17	8	0	10	26	117	212	228	344	0.80	19.2
TRINITY_DN15098_c0_g1_i1.p1	Bmori|XP_037867392.1	30.000	30	21	0	375	404	532	315	344	395	0.32	23.1
TRINITY_DN59171_c0_g1_i1.p1	Spodoptera|XP_035432548.2	33.803	71	38	4	80	148	622	27	90	311	0.13	24.6
TRINITY_DN47683_c0_g1_i1.p1	Spodoptera|XP_035442818.1	29.032	31	21	1	74	103	104	210	240	390	0.80	19.2
TRINITY_DN9960_c0_g1_i5.p1	Spodoptera|XP_035433249.2	33.333	51	28	3	82	129	202	124	171	238	0.34	21.6
TRINITY_DN56528_c0_g1_i1.p1	Bmori|XP_012550153.2	25.296	253	164	9	18	261	280	5	241	312	3.10e-12	56.2
TRINITY_DN56528_c0_g1_i1.p1	Spodoptera|XP_035433249.2	34.921	63	38	1	20	82	280	14	73	238	3.75e-06	37.4
TRINITY_DN56528_c0_g1_i1.p1	Spodoptera|XP_050559703.1	30.000	50	31	2	49	97	280	114	160	315	0.078	24.3
TRINITY_DN56528_c0_g1_i1.p1	Bmori|XP_021206280.1	23.364	107	68	3	139	235	280	144	246	290	0.25	22.3
TRINITY_DN56528_c0_g1_i1.p1	Spodoptera|XP_050559193.1	23.377	154	81	7	108	244	280	97	230	349	0.27	22.3
TRINITY_DN56528_c0_g1_i1.p1	Spodoptera|XP_050559191.1	26.923	26	19	0	222	247	280	212	237	352	0.97	20.8
TRINITY_DN9960_c0_g2_i1.p1	Spodoptera|XP_035435946.2	47.368	19	10	0	47	65	204	6	24	344	0.29	21.9
TRINITY_DN6780_c0_g4_i1.p1	Spodoptera|XP_035433286.1	29.825	57	37	1	13	69	187	5	58	344	0.069	23.5
TRINITY_DN6780_c0_g4_i1.p1	Spodoptera|XP_035442818.1	29.630	27	19	0	99	125	187	193	219	390	0.44	21.2
TRINITY_DN28615_c0_g2_i1.p1	Spodoptera|XP_035433286.1	39.130	23	11	1	249	268	494	24	46	344	0.66	22.3
TRINITY_DN5146_c0_g1_i1.p1	Spodoptera|XP_050559191.1	58.333	12	5	0	42	53	215	54	65	352	1.00	20.4
TRINITY_DN24522_c0_g2_i1.p1	Spodoptera|XP_050549308.1	28.070	57	37	1	202	258	360	6	58	431	0.072	24.6
TRINITY_DN24522_c0_g2_i1.p1	Bmori|XP_062527116.1	28.070	57	37	1	202	258	360	6	58	436	0.091	24.3
TRINITY_DN130_c0_g1_i10.p1	Spodoptera|XP_035433286.1	42.105	38	20	2	166	203	521	131	166	344	0.51	22.7
TRINITY_DN11423_c0_g1_i1.p1	Bmori|XP_062527116.1	30.159	63	41	2	5	65	217	260	321	436	0.28	21.9
TRINITY_DN11423_c0_g1_i1.p1	Spodoptera|XP_050549308.1	34.783	23	15	0	131	153	217	214	236	431	0.54	21.2
TRINITY_DN59172_c0_g1_i1.p1	Spodoptera|XP_035442818.1	31.111	45	17	3	72	113	139	311	344	390	0.97	19.6
TRINITY_DN388_c0_g1_i11.p1	Spodoptera|XP_035436301.1	26.596	94	53	3	518	596	4155	203	295	341	0.32	26.2
TRINITY_DN6500_c0_g1_i5.p1	Spodoptera|XP_035433286.1	27.500	40	26	1	51	87	338	113	152	344	0.25	22.7
TRINITY_DN33506_c0_g1_i1.p1	Bmori|XP_037869304.1	23.529	85	53	3	44	121	234	234	313	319	0.22	22.3
TRINITY_DN27818_c0_g1_i1.p1	Bmori|XP_062527116.1	36.667	30	13	1	107	130	139	340	369	436	0.54	20.4
TRINITY_DN1752_c0_g1_i3.p1	Bmori|XP_062527116.1	27.907	43	31	0	225	267	300	93	135	436	0.28	22.7
TRINITY_DN11562_c0_g1_i1.p1	Bmori|XP_037867392.1	55.000	20	8	1	30	49	644	214	232	395	0.91	22.3
TRINITY_DN12061_c1_g2_i1.p1	Spodoptera|XP_050559197.1	29.730	37	24	1	81	115	135	178	214	343	0.088	22.7
TRINITY_DN12061_c1_g2_i1.p1	Bmori|XP_012551199.2	34.286	35	21	1	81	113	135	183	217	349	0.24	21.2
TRINITY_DN12061_c1_g2_i1.p1	Spodoptera|XP_035433286.1	31.429	35	22	1	81	113	135	179	213	344	0.94	19.2
TRINITY_DN13235_c2_g1_i1.p1	Bmori|XP_062524699.1	30.769	39	27	0	62	100	120	103	141	343	0.96	19.2
TRINITY_DN31263_c0_g1_i1.p1	Bmori|XP_062527116.1	34.375	32	21	0	15	46	176	82	113	436	0.32	21.6
TRINITY_DN25575_c0_g1_i3.p1	Spodoptera|XP_035433249.2	26.667	45	28	1	112	151	302	163	207	238	0.31	22.3
TRINITY_DN24662_c0_g1_i2.p1	Spodoptera|XP_050559703.1	70.000	10	3	0	8	17	109	168	177	315	0.70	19.2
TRINITY_DN1891_c0_g1_i1.p1	Bmori|XP_012550153.2	23.256	43	31	2	241	281	611	219	261	312	0.75	22.3
TRINITY_DN1891_c0_g1_i1.p1	Spodoptera|XP_035433286.1	30.769	39	27	0	91	129	611	88	126	344	0.78	22.3
TRINITY_DN9069_c3_g1_i1.p1	Bmori|XP_037867392.1	32.075	53	29	3	29	77	124	118	167	395	0.67	19.6
TRINITY_DN33507_c0_g1_i1.p1	Bmori|XP_062524699.1	24.074	54	39	2	50	103	412	238	289	343	0.91	21.6
TRINITY_DN1868_c0_g1_i1.p1	Spodoptera|XP_035442818.1	42.105	19	11	0	134	152	297	34	52	390	0.53	21.6
TRINITY_DN1193_c0_g1_i36.p1	Spodoptera|XP_035432672.2	28.767	73	46	2	581	648	1058	205	276	327	0.54	23.5
TRINITY_DN945_c0_g1_i2.p1	Bmori|XP_062527116.1	37.838	37	21	1	2	38	201	102	136	436	0.044	24.3
TRINITY_DN41183_c0_g1_i1.p1	Bmori|XP_004930400.2	28.889	45	30	1	259	303	422	294	336	346	0.33	22.7
TRINITY_DN41183_c0_g1_i1.p1	Bmori|XP_062526412.1	28.889	45	30	1	259	303	422	237	279	289	0.36	22.7
TRINITY_DN41183_c0_g1_i1.p1	Bmori|XP_062526415.1	28.889	45	30	1	259	303	422	225	267	277	0.38	22.7
TRINITY_DN945_c0_g2_i1.p1	Bmori|XP_062527116.1	37.838	37	21	1	2	38	201	102	136	436	0.044	24.3
TRINITY_DN247_c0_g1_i2.p1	Bmori|XP_062529457.1	34.615	52	20	3	195	246	307	179	216	326	0.35	22.3
TRINITY_DN6617_c0_g1_i1.p1	Bmori|XP_062529457.1	26.562	64	46	1	38	100	583	246	309	326	0.48	22.7
TRINITY_DN6617_c0_g1_i1.p1	Bmori|XP_004930400.2	52.632	19	9	0	421	439	583	13	31	346	0.64	22.3
TRINITY_DN20132_c1_g1_i1.p1	Spodoptera|XP_035432672.2	44.444	27	9	1	24	44	104	85	111	327	0.29	20.4
TRINITY_DN49227_c0_g1_i1.p1	Spodoptera|XP_050549308.1	37.500	16	10	0	112	127	248	271	286	431	0.62	21.2
TRINITY_DN48314_c0_g1_i1.p1	Spodoptera|XP_035432672.2	45.455	22	5	1	65	86	117	236	250	327	0.30	20.8
TRINITY_DN48314_c0_g1_i1.p1	Bmori|XP_062529457.1	46.667	15	8	0	65	79	117	237	251	326	0.61	19.6
TRINITY_DN27958_c0_g1_i1.p1	Bmori|XP_021206280.1	24.000	50	32	1	201	250	290	221	264	290	0.14	23.5
TRINITY_DN27958_c0_g1_i1.p1	Spodoptera|XP_035435946.2	19.792	96	61	3	151	246	290	241	320	344	0.17	23.1
TRINITY_DN1194_c0_g1_i10.p1	Spodoptera|XP_035442818.1	24.286	140	76	5	375	514	735	53	162	390	0.075	25.8
TRINITY_DN386_c0_g2_i1.p1	Spodoptera|XP_035435946.2	25.532	47	33	1	52	98	141	113	157	344	0.090	22.7
TRINITY_DN11679_c0_g1_i1.p1	Spodoptera|XP_035432672.2	27.907	43	26	1	109	146	623	177	219	327	0.95	21.9
TRINITY_DN31820_c0_g2_i1.p1	Bmori|XP_062529457.1	23.457	81	54	3	49	122	131	5	84	326	0.037	23.5
TRINITY_DN1750_c0_g1_i1.p1	Bmori|XP_062529457.1	31.250	32	21	1	180	210	693	33	64	326	0.93	22.3
TRINITY_DN30467_c0_g1_i1.p1	Spodoptera|XP_035435946.2	26.786	56	30	2	45	89	137	268	323	344	0.19	21.6
TRINITY_DN233_c2_g1_i8.p1	Spodoptera|XP_035435946.2	34.483	29	19	0	37	65	113	131	159	344	0.013	24.6
TRINITY_DN14740_c0_g1_i2.p1	Spodoptera|XP_035436301.1	30.645	62	38	3	692	753	770	253	309	341	0.71	22.7
TRINITY_DN804_c0_g1_i1.p1	Bmori|XP_062527116.1	34.426	61	30	3	364	414	1004	158	218	436	0.17	25.0
TRINITY_DN86_c0_g1_i3.p1	Spodoptera|XP_035442818.1	31.818	22	15	0	216	237	281	154	175	390	0.87	20.8
TRINITY_DN4209_c0_g1_i2.p1	Bmori|XP_012551199.2	24.490	49	34	1	106	154	336	4	49	349	0.082	24.3
TRINITY_DN15914_c1_g1_i1.p1	Bmori|XP_004930400.2	33.333	33	18	2	9	40	109	205	234	346	0.19	21.2
TRINITY_DN15914_c1_g1_i1.p1	Bmori|XP_062526415.1	33.333	33	18	2	9	40	109	136	165	277	0.25	20.8
TRINITY_DN15914_c1_g1_i1.p1	Bmori|XP_062526412.1	33.333	33	18	2	9	40	109	148	177	289	0.27	20.4
TRINITY_DN15914_c1_g1_i1.p1	Spodoptera|XP_035435946.2	52.941	17	8	0	86	102	109	134	150	344	0.97	18.9
TRINITY_DN55753_c0_g1_i1.p1	Bmori|XP_012550153.2	28.415	183	92	6	2	145	293	55	237	312	2.57e-11	53.5
TRINITY_DN55753_c0_g1_i1.p1	Spodoptera|XP_035433249.2	30.233	43	25	2	2	44	293	61	98	238	0.76	21.2
TRINITY_DN13106_c0_g1_i4.p1	Bmori|XP_021206280.1	63.636	11	4	0	78	88	157	95	105	290	0.36	20.8
TRINITY_DN13106_c0_g1_i4.p1	Spodoptera|XP_035435946.2	54.545	11	5	0	78	88	157	154	164	344	0.81	20.0
TRINITY_DN13106_c0_g1_i4.p1	Bmori|XP_037867392.1	25.532	47	32	1	98	141	157	122	168	395	0.92	19.6
TRINITY_DN19187_c0_g1_i3.p1	Bmori|XP_012550153.2	36.000	50	31	1	159	207	222	194	243	312	2.61e-07	40.4
TRINITY_DN19187_c0_g1_i3.p1	Spodoptera|XP_035433249.2	25.581	86	61	1	35	120	222	15	97	238	1.20e-04	32.3
TRINITY_DN19187_c0_g1_i3.p1	Spodoptera|XP_050559703.1	25.843	89	56	3	35	116	222	86	171	315	0.047	24.3
TRINITY_DN19187_c0_g1_i3.p1	Spodoptera|XP_050559193.1	57.143	14	6	0	138	151	222	12	25	349	0.97	20.4
TRINITY_DN715_c9_g1_i1.p1	Spodoptera|XP_050549308.1	28.571	42	28	1	353	392	458	183	224	431	0.71	21.9
TRINITY_DN60088_c0_g1_i1.p1	Bmori|XP_012550153.2	34.375	32	14	1	169	200	253	230	254	312	0.54	21.2
TRINITY_DN943_c0_g1_i3.p1	Bmori|XP_062526412.1	31.818	44	26	1	89	132	258	247	286	289	0.032	25.0
TRINITY_DN943_c0_g1_i3.p1	Bmori|XP_062526415.1	31.818	44	26	1	89	132	258	235	274	277	0.035	25.0
TRINITY_DN943_c0_g1_i3.p1	Bmori|XP_004930400.2	31.818	44	26	1	89	132	258	304	343	346	0.039	25.0
TRINITY_DN943_c0_g1_i3.p1	Spodoptera|XP_050559193.1	28.205	39	28	0	83	121	258	303	341	349	0.12	23.5
TRINITY_DN13648_c1_g1_i3.p1	Bmori|XP_021206280.1	31.746	63	40	1	525	587	1029	227	286	290	0.13	25.4
TRINITY_DN13648_c1_g1_i3.p1	Spodoptera|XP_050559197.1	34.000	50	30	1	533	582	1029	293	339	343	0.55	23.5
TRINITY_DN13648_c1_g1_i3.p1	Bmori|XP_012550153.2	52.941	17	8	0	180	196	1029	14	30	312	0.73	23.1
TRINITY_DN13648_c1_g1_i3.p1	Spodoptera|XP_050559196.1	30.189	53	36	1	531	582	1029	249	301	304	0.86	22.7
TRINITY_DN943_c0_g2_i1.p1	Spodoptera|XP_050559191.1	26.984	63	42	3	87	148	225	284	343	352	0.086	23.5
TRINITY_DN943_c0_g2_i1.p1	Spodoptera|XP_050559193.1	30.769	52	32	2	87	136	225	280	329	349	0.34	21.9
TRINITY_DN943_c0_g2_i1.p1	Spodoptera|XP_035436318.2	29.032	62	39	4	87	146	225	282	340	351	0.92	20.4
TRINITY_DN55869_c0_g1_i1.p1	Bmori|XP_062529457.1	28.205	39	26	1	43	79	292	198	236	326	0.69	21.2
TRINITY_DN7114_c1_g1_i2.p1	Spodoptera|XP_035432548.2	40.000	20	12	0	3	22	150	119	138	311	0.48	20.4
TRINITY_DN5702_c0_g1_i1.p1	Bmori|XP_037867392.1	31.707	41	25	1	1131	1171	1272	242	279	395	0.021	28.5
TRINITY_DN16967_c1_g1_i1.p1	Spodoptera|XP_035435946.2	37.500	16	10	0	25	40	157	49	64	344	0.50	20.4
TRINITY_DN16967_c1_g1_i1.p1	Spodoptera|XP_035436301.1	19.737	76	48	2	2	66	157	153	226	341	0.69	20.0
TRINITY_DN16967_c1_g1_i1.p1	Spodoptera|XP_050549308.1	32.203	59	28	3	14	61	157	222	279	431	0.86	20.0
TRINITY_DN1169_c0_g1_i5.p1	Spodoptera|XP_035432672.2	56.250	16	7	0	1147	1162	2108	24	39	327	0.97	23.9
TRINITY_DN246_c0_g1_i1.p1	Bmori|XP_012551199.2	30.303	33	23	0	220	252	500	100	132	349	0.84	21.9
TRINITY_DN634_c3_g1_i1.p1	Spodoptera|XP_035435946.2	29.787	47	29	3	89	132	228	62	107	344	0.50	21.2
TRINITY_DN5132_c2_g1_i1.p1	Spodoptera|XP_035433249.2	32.653	49	24	2	7	52	195	68	110	238	0.38	21.2
TRINITY_DN27957_c0_g1_i2.p1	Spodoptera|XP_050559193.1	44.444	18	10	0	40	57	336	4	21	349	0.25	22.7
TRINITY_DN1610_c0_g1_i1.p1	Spodoptera|XP_050559191.1	40.000	25	15	0	4	28	351	115	139	352	0.41	22.3
TRINITY_DN7691_c0_g1_i1.p1	Spodoptera|XP_050559193.1	31.250	48	33	0	335	382	473	290	337	349	0.20	23.9
TRINITY_DN7668_c0_g1_i1.p1	Spodoptera|XP_035436318.2	25.000	28	21	0	117	144	342	296	323	351	0.41	22.3
TRINITY_DN385_c0_g2_i1.p1	Spodoptera|XP_050559703.1	63.636	11	4	0	235	245	316	164	174	315	0.41	21.9
TRINITY_DN6755_c0_g1_i14.p1	Spodoptera|XP_035432672.2	31.579	38	23	2	227	263	438	19	54	327	0.26	23.1
TRINITY_DN6080_c0_g1_i2.p1	Bmori|XP_037869304.1	37.037	27	12	1	173	194	838	64	90	319	0.34	23.9
TRINITY_DN10067_c0_g1_i20.p1	Spodoptera|XP_050559703.1	38.462	26	16	0	93	118	298	121	146	315	0.16	23.1
TRINITY_DN51520_c0_g1_i1.p1	Spodoptera|XP_050559196.1	23.944	71	53	1	49	118	122	29	99	304	0.35	20.4
TRINITY_DN51520_c0_g1_i1.p1	Spodoptera|XP_035436318.2	23.944	71	53	1	49	118	122	29	99	351	0.39	20.4
TRINITY_DN51520_c0_g1_i1.p1	Spodoptera|XP_050559193.1	20.000	55	40	2	53	103	122	31	85	349	0.92	19.2
TRINITY_DN42652_c0_g1_i1.p1	Spodoptera|XP_050559196.1	27.273	66	42	3	330	389	446	235	300	304	0.93	21.6
TRINITY_DN3161_c1_g1_i1.p1	Spodoptera|XP_035435946.2	50.000	20	10	0	539	558	580	29	48	344	0.97	21.9
TRINITY_DN36266_c0_g1_i1.p1	Bmori|XP_012551199.2	70.000	10	3	0	51	60	112	14	23	349	0.89	19.2
TRINITY_DN1726_c0_g1_i30.p1	Bmori|XP_062524699.1	30.986	71	42	3	685	751	1007	220	287	343	0.18	25.0
TRINITY_DN2225_c1_g1_i18.p1	Bmori|XP_004930400.2	27.500	40	29	0	53	92	304	278	317	346	0.85	21.2
TRINITY_DN20404_c0_g1_i4.p1	Spodoptera|XP_050559703.1	35.294	34	16	1	345	372	378	103	136	315	0.23	23.1
TRINITY_DN20404_c0_g1_i4.p1	Spodoptera|XP_035435946.2	25.000	112	47	5	243	321	378	170	277	344	0.72	21.6
TRINITY_DN4231_c0_g3_i2.p1	Spodoptera|XP_050559191.1	38.889	18	11	0	475	492	501	111	128	352	0.61	22.3
TRINITY_DN21184_c1_g1_i1.p1	Bmori|XP_012550153.2	50.000	14	7	0	48	61	107	100	113	312	0.34	20.4
TRINITY_DN21184_c1_g1_i1.p1	Bmori|XP_062527116.1	32.353	34	20	2	53	86	107	181	211	436	0.63	19.6
TRINITY_DN1312_c1_g1_i1.p1	Spodoptera|XP_035433286.1	37.778	45	25	2	232	276	1849	207	248	344	0.057	27.7
TRINITY_DN1312_c1_g1_i1.p1	Bmori|XP_062527116.1	28.571	35	25	0	891	925	1849	93	127	436	0.60	24.3
TRINITY_DN1593_c1_g1_i5.p1	Spodoptera|XP_035442818.1	29.730	37	26	0	189	225	492	150	186	390	0.55	22.3
TRINITY_DN25549_c0_g2_i2.p1	Bmori|XP_062524699.1	25.926	54	26	1	42	81	145	99	152	343	0.049	23.5
TRINITY_DN25549_c0_g2_i2.p1	Spodoptera|XP_035433286.1	27.586	29	19	1	66	94	145	101	127	344	0.78	19.6
TRINITY_DN25549_c0_g2_i2.p1	Bmori|XP_062526412.1	26.000	50	29	1	24	65	145	158	207	289	0.81	19.6
TRINITY_DN25549_c0_g2_i2.p1	Bmori|XP_004930400.2	26.000	50	29	1	24	65	145	215	264	346	0.86	19.6
TRINITY_DN25549_c0_g2_i2.p1	Bmori|XP_062526415.1	26.000	50	29	1	24	65	145	146	195	277	0.96	19.6
TRINITY_DN4370_c0_g1_i2.p1	Spodoptera|XP_035432548.2	31.818	22	15	0	23	44	223	288	309	311	0.48	21.2
TRINITY_DN1533_c7_g1_i1.p1	Bmori|XP_062529457.1	30.769	39	25	1	79	117	149	264	300	326	0.067	23.1
TRINITY_DN1533_c7_g1_i1.p1	Bmori|XP_062529457.1	33.333	42	17	1	87	117	149	10	51	326	0.096	22.7
TRINITY_DN1533_c7_g1_i1.p1	Spodoptera|XP_035432672.2	50.000	18	9	0	87	104	149	10	27	327	0.089	22.7
TRINITY_DN919_c0_g1_i3.p1	Spodoptera|XP_035433249.2	25.610	82	59	1	43	124	211	138	217	238	0.003	27.7
TRINITY_DN26205_c0_g1_i1.p1	Bmori|XP_062526415.1	30.000	40	28	0	25	64	106	123	162	277	0.017	23.9
TRINITY_DN26205_c0_g1_i1.p1	Bmori|XP_062526412.1	30.000	40	28	0	25	64	106	135	174	289	0.020	23.9
TRINITY_DN26205_c0_g1_i1.p1	Bmori|XP_004930400.2	30.000	40	28	0	25	64	106	192	231	346	0.022	23.9
TRINITY_DN16424_c0_g1_i6.p1	Spodoptera|XP_035432548.2	32.258	62	38	2	496	556	643	242	300	311	0.69	22.3
TRINITY_DN16424_c0_g1_i6.p1	Bmori|XP_037869304.1	30.000	60	33	3	377	430	643	172	228	319	0.81	22.3
TRINITY_DN16424_c0_g1_i6.p1	Spodoptera|XP_035436301.1	27.586	58	37	2	377	430	643	191	247	341	0.91	21.9
TRINITY_DN5959_c0_g1_i1.p1	Bmori|XP_012551199.2	40.000	35	20	1	105	139	707	251	284	349	0.009	28.5
TRINITY_DN16424_c0_g4_i1.p1	Spodoptera|XP_050559703.1	28.767	146	78	5	2	124	200	162	304	315	6.57e-07	38.9
TRINITY_DN16424_c0_g4_i1.p1	Spodoptera|XP_035433249.2	32.432	37	25	0	78	114	200	183	219	238	0.052	23.9
TRINITY_DN12589_c0_g1_i1.p1	Spodoptera|XP_035442818.1	25.581	86	62	1	141	226	486	205	288	390	0.094	25.0
TRINITY_DN1866_c0_g1_i16.p1	Bmori|XP_037867392.1	30.645	62	33	3	1	62	224	262	313	395	0.22	22.3
TRINITY_DN1191_c0_g1_i1.p1	Bmori|XP_004930400.2	38.889	18	11	0	57	74	180	42	59	346	0.88	20.0
TRINITY_DN1866_c0_g2_i7.p1	Bmori|XP_037867392.1	30.645	62	33	3	1	62	224	262	313	395	0.22	22.3
TRINITY_DN1168_c0_g1_i1.p1	Bmori|XP_062526415.1	26.250	80	49	3	478	550	682	9	85	277	0.069	25.8
TRINITY_DN1168_c0_g1_i1.p1	Bmori|XP_004930400.2	26.250	80	49	3	478	550	682	78	154	346	0.077	25.8
TRINITY_DN1168_c0_g1_i1.p1	Bmori|XP_062526412.1	26.250	80	49	3	478	550	682	21	97	289	0.083	25.4
TRINITY_DN1168_c0_g1_i1.p1	Bmori|XP_062529457.1	35.714	28	17	1	375	401	682	184	211	326	0.10	25.0
TRINITY_DN1168_c0_g1_i1.p1	Spodoptera|XP_050559197.1	26.250	80	53	3	483	560	682	81	156	343	0.44	23.1
TRINITY_DN11676_c0_g2_i3.p1	Spodoptera|XP_035436301.1	21.875	32	25	0	26	57	264	253	284	341	0.64	21.2
TRINITY_DN11676_c0_g3_i1.p1	Spodoptera|XP_050549308.1	27.692	65	43	2	37	99	99	24	86	431	0.33	20.0
TRINITY_DN57576_c0_g1_i1.p1	Spodoptera|XP_035432672.2	31.507	73	47	3	8	79	232	121	191	327	0.59	21.2
TRINITY_DN30464_c0_g2_i1.p1	Bmori|XP_012550153.2	61.538	13	5	0	94	106	121	271	283	312	0.12	21.9
TRINITY_DN801_c0_g1_i3.p1	Spodoptera|XP_050559703.1	20.395	152	103	4	13	157	240	8	148	315	0.003	28.5
TRINITY_DN801_c0_g1_i3.p1	Bmori|XP_037867392.1	36.364	22	14	0	2	23	240	146	167	395	0.42	21.6
TRINITY_DN24078_c0_g1_i2.p1	Bmori|XP_062529457.1	29.630	54	28	3	60	108	131	232	280	326	0.30	20.8
TRINITY_DN20683_c0_g2_i4.p1	Bmori|XP_062529457.1	24.359	78	41	4	7	75	183	10	78	326	0.27	21.6
TRINITY_DN384_c0_g1_i21.p1	Spodoptera|XP_050559196.1	21.951	123	65	6	98	218	495	169	262	304	0.31	23.1
TRINITY_DN384_c0_g1_i21.p1	Spodoptera|XP_035436318.2	21.951	123	65	6	98	218	495	169	262	351	0.38	23.1
TRINITY_DN384_c0_g1_i21.p1	Bmori|XP_021206280.1	38.710	31	13	2	98	127	495	103	128	290	0.52	22.3
TRINITY_DN38531_c0_g2_i1.p1	Spodoptera|XP_035435946.2	42.105	19	11	0	105	123	135	324	342	344	0.23	21.2
TRINITY_DN38531_c0_g2_i1.p1	Spodoptera|XP_050559196.1	36.842	19	12	0	105	123	135	284	302	304	0.55	20.0
TRINITY_DN38531_c0_g2_i1.p1	Spodoptera|XP_035436318.2	36.842	19	12	0	105	123	135	331	349	351	0.58	20.0
TRINITY_DN59145_c0_g1_i1.p1	Bmori|XP_012551199.2	24.419	86	57	2	344	425	690	253	334	349	0.23	24.3
TRINITY_DN27397_c0_g1_i1.p1	Bmori|XP_062529457.1	29.268	41	21	1	94	126	170	206	246	326	0.093	23.1
TRINITY_DN27397_c0_g1_i1.p1	Spodoptera|XP_050559191.1	42.308	26	13	1	107	132	170	248	271	352	0.92	20.0
TRINITY_DN4230_c0_g1_i1.p1	Spodoptera|XP_035436301.1	26.562	64	38	3	7	61	214	266	329	341	0.26	21.9
TRINITY_DN4207_c0_g1_i1.p1	Spodoptera|XP_050559703.1	29.787	47	24	1	70	107	253	30	76	315	0.92	20.4
TRINITY_DN14298_c0_g1_i1.p1	Bmori|XP_021206280.1	29.412	51	21	2	11	59	99	159	196	290	0.071	21.9
TRINITY_DN179_c5_g1_i5.p1	Spodoptera|XP_035432672.2	40.000	20	12	0	226	245	353	122	141	327	0.69	21.6
TRINITY_DN9375_c0_g1_i1.p1	Bmori|XP_062529457.1	60.000	15	6	0	819	833	915	184	198	326	0.25	24.3
TRINITY_DN19185_c0_g1_i1.p1	Spodoptera|XP_050559193.1	22.951	61	35	1	32	92	335	130	178	349	0.23	23.1
TRINITY_DN18272_c0_g1_i5.p1	Spodoptera|XP_050559703.1	34.615	26	17	0	262	287	371	32	57	315	0.095	24.3
TRINITY_DN941_c0_g1_i44.p1	Bmori|XP_037867392.1	22.807	57	41	2	620	676	768	281	334	395	0.76	22.7
TRINITY_DN918_c0_g1_i5.p1	Spodoptera|XP_035436318.2	25.000	96	69	1	462	557	581	224	316	351	0.93	21.9
TRINITY_DN243_c0_g1_i5.p1	Spodoptera|XP_050559703.1	35.484	31	20	0	93	123	517	265	295	315	0.60	22.3
TRINITY_DN23024_c0_g2_i4.p1	Spodoptera|XP_035433286.1	32.432	74	47	2	284	354	398	180	253	344	0.016	26.9
TRINITY_DN10623_c0_g1_i4.p1	Bmori|XP_062529457.1	25.397	63	47	0	179	241	549	44	106	326	0.79	21.9
TRINITY_DN1865_c0_g1_i11.p1	Spodoptera|XP_035432672.2	30.952	42	29	0	542	583	892	266	307	327	0.33	23.9
TRINITY_DN8164_c1_g1_i1.p1	Spodoptera|XP_050559197.1	30.986	71	31	5	191	258	457	247	302	343	0.23	23.5
TRINITY_DN8164_c1_g1_i1.p1	Bmori|XP_062524699.1	38.889	18	11	0	198	215	457	311	328	343	0.83	21.6
TRINITY_DN3434_c0_g1_i16.p1	Spodoptera|XP_035432548.2	30.233	43	30	0	489	531	534	220	262	311	0.17	24.3
TRINITY_DN9234_c0_g1_i8.p1	Bmori|XP_062526415.1	29.412	34	23	1	297	330	353	236	268	277	0.70	21.6
TRINITY_DN9234_c0_g1_i8.p1	Bmori|XP_062526412.1	29.412	34	23	1	297	330	353	248	280	289	0.83	21.2
TRINITY_DN9234_c0_g1_i8.p1	Bmori|XP_004930400.2	29.412	34	23	1	297	330	353	305	337	346	0.86	21.2
TRINITY_DN5141_c0_g1_i1.p1	Bmori|XP_062526415.1	60.000	10	4	0	31	40	142	146	155	277	0.84	19.6
TRINITY_DN5141_c0_g1_i1.p1	Bmori|XP_062526412.1	60.000	10	4	0	31	40	142	158	167	289	0.92	19.6
TRINITY_DN5141_c0_g1_i1.p1	Bmori|XP_004930400.2	60.000	10	4	0	31	40	142	215	224	346	0.93	19.6
TRINITY_DN2521_c0_g3_i1.p1	Spodoptera|XP_050559703.1	44.444	27	12	1	934	957	1018	261	287	315	0.12	25.8
TRINITY_DN82_c0_g1_i4.p1	Bmori|XP_037867392.1	27.907	43	25	2	269	311	654	255	291	395	0.19	24.3
TRINITY_DN82_c0_g1_i4.p1	Bmori|XP_021206280.1	31.373	51	32	2	128	176	654	44	93	290	0.85	22.3
TRINITY_DN4486_c0_g1_i1.p1	Spodoptera|XP_035433249.2	45.455	22	12	0	113	134	138	34	55	238	0.30	20.8
TRINITY_DN18389_c0_g1_i1.p1	Spodoptera|XP_035432548.2	33.333	30	15	1	233	262	433	50	74	311	0.53	22.3
TRINITY_DN102_c0_g1_i2.p1	Spodoptera|XP_035433249.2	35.714	42	17	2	50	88	528	60	94	238	0.25	23.5
TRINITY_DN56639_c0_g1_i1.p1	Bmori|XP_062524699.1	30.000	40	25	1	90	126	182	183	222	343	0.63	20.4
TRINITY_DN102_c0_g2_i7.p1	Spodoptera|XP_035433249.2	47.619	21	8	1	50	67	734	60	80	238	0.83	22.3
TRINITY_DN17476_c0_g2_i2.p1	Spodoptera|XP_050559193.1	41.026	39	18	2	10	48	109	241	274	349	0.098	21.9
TRINITY_DN17476_c0_g2_i2.p1	Spodoptera|XP_050559191.1	27.419	62	35	2	10	71	109	245	296	352	0.29	20.4
TRINITY_DN17476_c0_g2_i2.p1	Spodoptera|XP_035435946.2	50.000	18	9	0	10	27	109	236	253	344	0.48	20.0
TRINITY_DN17476_c0_g2_i2.p1	Spodoptera|XP_050559196.1	31.915	47	24	2	12	51	109	245	290	304	0.77	19.2
TRINITY_DN644_c1_g1_i1.p1	Bmori|XP_012551199.2	21.875	32	25	0	97	128	236	69	100	349	0.90	20.4
TRINITY_DN12470_c0_g1_i1.p1	Spodoptera|XP_050559196.1	29.545	44	29	1	57	98	181	117	160	304	0.26	21.6
TRINITY_DN12470_c0_g1_i1.p1	Spodoptera|XP_035436318.2	29.545	44	29	1	57	98	181	117	160	351	0.27	21.6
TRINITY_DN12470_c0_g1_i1.p1	Spodoptera|XP_035432672.2	38.095	21	13	0	17	37	181	232	252	327	0.35	21.2
TRINITY_DN27396_c0_g1_i1.p1	Spodoptera|XP_035436318.2	47.368	19	10	0	54	72	1508	321	339	351	0.41	24.6
TRINITY_DN27396_c0_g1_i1.p1	Spodoptera|XP_050559196.1	47.368	19	10	0	54	72	1508	274	292	304	0.45	24.3
TRINITY_DN14714_c0_g1_i1.p1	Bmori|XP_062524699.1	42.857	28	10	1	55	82	144	4	25	343	0.90	19.6
TRINITY_DN103_c0_g2_i1.p1	Bmori|XP_062529457.1	30.000	30	21	0	454	483	550	126	155	326	0.044	26.2
TRINITY_DN783_c1_g1_i8.p1	Bmori|XP_062524699.1	33.333	27	18	0	88	114	119	305	331	343	0.42	20.4
TRINITY_DN6869_c0_g1_i1.p1	Spodoptera|XP_050559703.1	61.538	13	5	0	148	160	437	34	46	315	0.74	21.9
TRINITY_DN22390_c0_g2_i1.p1	Spodoptera|XP_035433286.1	35.294	34	19	2	258	288	576	189	222	344	0.29	23.5
TRINITY_DN17876_c1_g2_i2.p1	Spodoptera|XP_050559197.1	25.287	87	46	3	81	153	188	237	318	343	0.80	20.4
TRINITY_DN242_c0_g2_i1.p1	Bmori|XP_021206280.1	44.000	25	10	1	155	175	207	202	226	290	0.048	24.3
TRINITY_DN242_c0_g2_i1.p1	Bmori|XP_062524699.1	47.619	21	9	1	155	175	207	259	277	343	0.21	22.3
TRINITY_DN242_c0_g2_i1.p1	Spodoptera|XP_050559197.1	40.000	15	9	0	156	170	207	259	273	343	0.91	20.4
TRINITY_DN23979_c0_g1_i2.p1	Spodoptera|XP_035433286.1	36.000	25	16	0	98	122	345	45	69	344	0.007	28.1
TRINITY_DN23979_c0_g1_i2.p1	Bmori|XP_012551199.2	29.167	24	17	0	98	121	345	49	72	349	0.46	21.9
TRINITY_DN23979_c0_g1_i2.p1	Bmori|XP_062529457.1	26.531	49	34	2	75	123	345	22	68	326	0.67	21.6
TRINITY_DN11535_c0_g1_i1.p1	Spodoptera|XP_050549308.1	25.000	56	34	2	262	310	357	204	258	431	0.37	22.3
TRINITY_DN11535_c0_g1_i1.p1	Bmori|XP_062527116.1	25.455	55	33	2	263	310	357	208	261	436	0.74	21.6
TRINITY_DN219_c0_g1_i4.p1	Bmori|XP_037869304.1	31.111	45	29	1	90	134	412	152	194	319	0.70	21.9
TRINITY_DN10051_c2_g1_i1.p1	Spodoptera|XP_050559703.1	26.190	84	45	5	34	113	137	85	155	315	0.044	23.5
TRINITY_DN13940_c0_g2_i1.p1	Bmori|XP_021206280.1	53.333	15	7	0	42	56	185	255	269	290	0.29	21.6
TRINITY_DN3409_c0_g1_i2.p1	Spodoptera|XP_050549308.1	23.214	112	62	3	411	517	521	307	399	431	0.069	25.4
TRINITY_DN22391_c0_g2_i2.p1	Spodoptera|XP_050559191.1	26.957	115	53	5	236	328	437	95	200	352	0.002	30.0
TRINITY_DN22391_c0_g2_i2.p1	Spodoptera|XP_035435946.2	23.622	127	75	4	236	345	437	95	216	344	0.002	30.0
TRINITY_DN22391_c0_g2_i2.p1	Spodoptera|XP_050559196.1	27.174	92	57	3	284	374	437	159	241	304	0.071	25.0
TRINITY_DN22391_c0_g2_i2.p1	Bmori|XP_004930400.2	29.730	74	46	3	312	383	437	174	243	346	0.084	24.6
TRINITY_DN22391_c0_g2_i2.p1	Bmori|XP_062526412.1	29.730	74	46	3	312	383	437	117	186	289	0.084	24.6
TRINITY_DN22391_c0_g2_i2.p1	Bmori|XP_062526415.1	29.730	74	46	3	312	383	437	105	174	277	0.092	24.6
TRINITY_DN22391_c0_g2_i2.p1	Spodoptera|XP_035436318.2	27.174	92	57	3	284	374	437	159	241	351	0.100	24.6
TRINITY_DN1864_c0_g1_i10.p1	Bmori|XP_021206280.1	28.986	69	41	3	855	921	952	14	76	290	0.064	26.2
TRINITY_DN46_c2_g1_i1.p1	Spodoptera|XP_035433249.2	40.000	20	12	0	14	33	157	84	103	238	0.63	20.0
TRINITY_DN46_c2_g2_i1.p1	Spodoptera|XP_035442818.1	30.435	46	26	2	442	483	639	324	367	390	0.21	24.3
TRINITY_DN46_c2_g2_i1.p1	Spodoptera|XP_050559703.1	28.571	28	20	0	37	64	639	96	123	315	0.63	22.7
TRINITY_DN18387_c0_g3_i1.p1	Spodoptera|XP_035436318.2	77.778	9	2	0	148	156	515	209	217	351	0.63	22.3
TRINITY_DN18387_c0_g3_i1.p1	Spodoptera|XP_050559196.1	77.778	9	2	0	148	156	515	209	217	304	0.63	22.3
TRINITY_DN18387_c0_g3_i1.p1	Spodoptera|XP_050559193.1	77.778	9	2	0	148	156	515	207	215	349	0.75	21.9
TRINITY_DN25273_c1_g1_i1.p1	Spodoptera|XP_050559197.1	27.083	48	32	2	126	173	257	74	118	343	0.67	21.2
TRINITY_DN25273_c1_g1_i1.p1	Bmori|XP_062526415.1	25.000	36	27	0	62	97	257	122	157	277	0.94	20.4
TRINITY_DN13504_c1_g1_i1.p1	Spodoptera|XP_035432548.2	31.429	35	24	0	21	55	639	248	282	311	0.38	23.1
TRINITY_DN11779_c2_g1_i1.p1	Spodoptera|XP_035442818.1	31.250	48	33	0	135	182	271	184	231	390	0.009	26.9
TRINITY_DN58_c0_g1_i2.p1	Spodoptera|XP_035433286.1	20.270	74	59	0	1204	1277	1402	249	322	344	0.79	23.5
TRINITY_DN58_c0_g1_i2.p1	Spodoptera|XP_050559703.1	32.075	53	30	3	119	168	1402	158	207	315	0.93	23.1
TRINITY_DN16539_c0_g1_i3.p1	Bmori|XP_062527116.1	28.889	45	32	0	45	89	713	180	224	436	0.45	23.5
TRINITY_DN12446_c0_g1_i1.p1	Bmori|XP_012550153.2	42.857	28	16	0	52	79	298	23	50	312	0.065	24.6
TRINITY_DN12446_c0_g1_i1.p1	Bmori|XP_037867392.1	36.842	19	12	0	55	73	298	291	309	395	0.57	21.6
TRINITY_DN4205_c0_g1_i1.p1	Bmori|XP_062524699.1	31.034	58	32	2	182	239	250	30	79	343	0.060	24.3
TRINITY_DN4205_c0_g1_i1.p1	Bmori|XP_062524699.1	20.690	87	66	2	99	182	250	185	271	343	0.76	20.8
TRINITY_DN4205_c0_g1_i1.p1	Bmori|XP_062529457.1	26.087	69	33	3	171	239	250	27	77	326	0.13	23.1
TRINITY_DN4205_c0_g1_i1.p1	Spodoptera|XP_035432672.2	50.000	12	6	0	228	239	250	66	77	327	0.51	21.6
TRINITY_DN4205_c0_g1_i1.p1	Bmori|XP_012551199.2	42.857	14	8	0	226	239	250	70	83	349	0.67	21.2
TRINITY_DN8978_c1_g3_i1.p1	Spodoptera|XP_035442818.1	35.556	45	27	2	21	64	272	59	102	390	0.30	22.3
TRINITY_DN12032_c1_g2_i2.p1	Bmori|XP_012550153.2	34.615	52	30	1	374	425	901	258	305	312	0.074	26.2
TRINITY_DN12032_c1_g2_i2.p1	Spodoptera|XP_035432548.2	23.077	26	20	0	310	335	901	141	166	311	0.43	23.5
TRINITY_DN26459_c0_g2_i1.p1	Spodoptera|XP_035433286.1	26.984	63	43	2	301	363	386	52	111	344	0.71	21.6
TRINITY_DN40102_c0_g1_i1.p1	Bmori|XP_062526412.1	29.545	44	29	2	76	119	130	1	42	289	0.12	21.9
TRINITY_DN40102_c0_g1_i1.p1	Bmori|XP_004930400.2	29.545	44	29	2	76	119	130	58	99	346	0.14	21.9
TRINITY_DN22366_c0_g1_i1.p1	Spodoptera|XP_035435946.2	50.000	16	8	0	164	179	498	64	79	344	0.32	23.1
TRINITY_DN22366_c0_g1_i1.p1	Spodoptera|XP_050559197.1	25.758	66	46	2	264	327	498	168	232	343	0.49	22.7
TRINITY_DN10878_c0_g1_i2.p1	Spodoptera|XP_050559703.1	50.000	16	8	0	40	55	219	6	21	315	0.91	20.4
TRINITY_DN3972_c1_g1_i3.p1	Spodoptera|XP_035436301.1	30.667	75	38	3	292	366	507	56	116	341	0.13	24.3
TRINITY_DN3972_c1_g1_i3.p1	Bmori|XP_037869304.1	26.866	67	36	2	300	366	507	44	97	319	0.46	22.7
TRINITY_DN30321_c0_g1_i1.p1	Bmori|XP_037869304.1	19.403	67	45	3	31	97	123	120	177	319	0.62	19.6
TRINITY_DN1839_c0_g1_i1.p1	Spodoptera|XP_035442818.1	24.561	57	37	1	87	137	215	281	337	390	0.57	21.2
TRINITY_DN1839_c0_g3_i1.p1	Spodoptera|XP_035442818.1	26.316	57	42	0	88	144	216	281	337	390	0.031	25.0
TRINITY_DN1839_c0_g3_i1.p1	Spodoptera|XP_035432548.2	27.907	86	51	4	85	161	216	201	284	311	0.37	21.6
TRINITY_DN1839_c0_g3_i1.p1	Bmori|XP_037867392.1	22.222	90	61	3	88	172	216	286	371	395	0.80	20.4
TRINITY_DN241_c0_g2_i4.p1	Spodoptera|XP_050559197.1	24.528	53	27	2	16	65	502	205	247	343	0.98	21.6
TRINITY_DN1839_c0_g4_i1.p1	Spodoptera|XP_035433286.1	23.148	108	71	3	72	179	213	110	205	344	0.29	21.9
TRINITY_DN1839_c0_g4_i1.p1	Spodoptera|XP_035433249.2	32.653	49	32	1	77	124	213	16	64	238	0.32	21.6
TRINITY_DN1839_c0_g4_i1.p1	Spodoptera|XP_050559191.1	33.333	27	18	0	45	71	213	326	352	352	0.66	20.8
TRINITY_DN14154_c0_g1_i1.p1	Spodoptera|XP_035436301.1	35.135	37	24	0	522	558	878	40	76	341	0.86	22.7
TRINITY_DN59002_c0_g1_i1.p1	Spodoptera|XP_050559703.1	34.375	32	16	1	94	125	163	9	35	315	0.54	20.4
TRINITY_DN218_c0_g1_i14.p1	Spodoptera|XP_050559703.1	27.000	100	58	4	296	390	734	220	309	315	0.66	22.7
TRINITY_DN6611_c0_g1_i1.p1	Spodoptera|XP_035432548.2	26.596	94	57	6	58	149	281	201	284	311	0.12	23.5
TRINITY_DN3408_c0_g1_i6.p1	Bmori|XP_037869304.1	24.096	83	46	3	177	242	253	237	319	319	0.15	23.1
TRINITY_DN30460_c0_g1_i1.p1	Spodoptera|XP_035442818.1	80.000	10	2	0	34	43	150	366	375	390	0.62	20.0
TRINITY_DN8576_c0_g3_i1.p1	Spodoptera|XP_050549308.1	23.140	121	75	4	17	125	126	150	264	431	0.025	23.9
TRINITY_DN8576_c0_g3_i1.p1	Bmori|XP_012550153.2	35.294	34	20	1	70	103	126	195	226	312	0.056	23.1
TRINITY_DN18386_c0_g1_i2.p1	Spodoptera|XP_035432672.2	26.316	38	28	0	644	681	749	17	54	327	0.48	23.1
TRINITY_DN7663_c0_g1_i3.p1	Bmori|XP_012550153.2	29.167	24	15	1	22	43	142	26	49	312	0.96	19.6
TRINITY_DN11673_c0_g1_i1.p1	Spodoptera|XP_050559191.1	35.897	39	22	1	55	90	423	232	270	352	0.95	21.6
TRINITY_DN308_c14_g1_i1.p1	Spodoptera|XP_050559703.1	30.000	60	34	3	258	317	642	88	139	315	0.84	22.3
TRINITY_DN6750_c0_g1_i1.p1	Bmori|XP_004930400.2	28.571	35	25	0	29	63	179	12	46	346	0.12	22.7
TRINITY_DN6750_c0_g1_i1.p1	Spodoptera|XP_035432548.2	53.846	13	6	0	166	178	179	68	80	311	0.86	20.0
TRINITY_DN22923_c0_g1_i1.p1	Spodoptera|XP_035436301.1	32.353	34	15	2	5	31	117	194	226	341	0.80	19.2
TRINITY_DN22923_c0_g2_i2.p1	Spodoptera|XP_050559196.1	28.205	78	37	3	45	105	124	63	138	304	0.69	19.6
TRINITY_DN22923_c0_g2_i2.p1	Spodoptera|XP_035436318.2	28.205	78	37	3	45	105	124	63	138	351	0.95	19.2
TRINITY_DN6029_c0_g1_i27.p1	Spodoptera|XP_035442818.1	31.707	41	27	1	259	298	333	99	139	390	0.60	21.6
TRINITY_DN9209_c0_g1_i6.p1	Bmori|XP_062529457.1	27.778	36	21	1	252	287	309	252	282	326	0.38	22.3
TRINITY_DN9209_c0_g1_i6.p1	Bmori|XP_062529457.1	32.258	31	15	1	280	304	309	252	282	326	0.49	21.9
TRINITY_DN5116_c0_g1_i2.p1	Bmori|XP_062529457.1	40.625	32	12	2	90	114	472	67	98	326	0.94	21.6
TRINITY_DN28590_c1_g1_i1.p1	Bmori|XP_037869304.1	66.667	12	4	0	81	92	105	306	317	319	0.039	23.1
TRINITY_DN28590_c1_g1_i1.p1	Spodoptera|XP_050559703.1	36.667	30	14	1	73	102	105	195	219	315	0.11	21.6
TRINITY_DN80_c0_g2_i1.p1	Spodoptera|XP_035433286.1	42.105	19	11	0	38	56	103	89	107	344	0.54	19.6
TRINITY_DN100_c0_g1_i1.p1	Spodoptera|XP_035435946.2	29.545	44	31	0	125	168	312	274	317	344	0.78	21.2
TRINITY_DN56637_c0_g1_i1.p1	Bmori|XP_012551199.2	23.256	43	33	0	27	69	127	257	299	349	0.41	20.4
TRINITY_DN746_c3_g2_i10.p1	Bmori|XP_037867392.1	24.051	79	50	3	116	185	266	3	80	395	0.031	25.4
TRINITY_DN746_c3_g2_i10.p1	Bmori|XP_012551199.2	25.510	98	60	5	43	140	266	172	256	349	0.40	21.9
TRINITY_DN4745_c1_g1_i1.p1	Spodoptera|XP_035432548.2	41.935	31	12	2	55	81	233	203	231	311	0.16	22.7
TRINITY_DN4745_c1_g1_i1.p1	Spodoptera|XP_035442818.1	53.846	13	6	0	69	81	233	296	308	390	0.18	22.7
TRINITY_DN4745_c1_g1_i1.p1	Bmori|XP_037867392.1	46.154	13	7	0	69	81	233	301	313	395	0.70	20.8
TRINITY_DN3548_c0_g1_i2.p2	Bmori|XP_012550153.2	43.478	23	13	0	65	87	104	274	296	312	0.59	19.6
TRINITY_DN3548_c0_g1_i2.p2	Bmori|XP_062529457.1	42.105	19	11	0	3	21	104	287	305	326	0.91	18.9
TRINITY_DN12445_c0_g1_i1.p1	Spodoptera|XP_050559197.1	28.947	38	22	1	51	88	135	296	328	343	0.30	20.8
TRINITY_DN12445_c0_g1_i1.p1	Bmori|XP_037867392.1	20.930	86	67	1	47	132	135	39	123	395	0.44	20.4
TRINITY_DN6192_c0_g1_i1.p1	Spodoptera|XP_035442818.1	24.286	70	53	0	389	458	1843	106	175	390	0.18	26.2
TRINITY_DN6192_c0_g1_i1.p1	Spodoptera|XP_035432672.2	32.353	34	23	0	1513	1546	1843	105	138	327	0.19	25.8
TRINITY_DN31233_c0_g1_i25.p1	Bmori|XP_004930400.2	23.529	85	56	2	393	469	693	55	138	346	0.91	22.3
TRINITY_DN19857_c0_g1_i1.p1	Spodoptera|XP_050559703.1	26.667	60	42	2	72	131	150	89	146	315	0.012	25.4
TRINITY_DN60198_c0_g1_i1.p1	Bmori|XP_012550153.2	61.111	18	7	0	92	109	111	201	218	312	0.002	26.9
TRINITY_DN60198_c0_g1_i1.p1	Spodoptera|XP_050549308.1	27.907	43	26	1	32	74	111	357	394	431	0.062	22.7
TRINITY_DN60198_c0_g1_i1.p1	Bmori|XP_062527116.1	25.581	43	27	1	32	74	111	360	397	436	0.32	20.4
TRINITY_DN5256_c0_g1_i10.p1	Spodoptera|XP_035436301.1	46.429	28	15	0	301	328	412	224	251	341	1.80e-04	33.1
TRINITY_DN5256_c0_g1_i10.p1	Bmori|XP_037869304.1	25.185	135	84	4	246	367	412	149	279	319	0.003	29.3
TRINITY_DN5256_c0_g1_i10.p1	Spodoptera|XP_050559191.1	22.500	280	175	10	111	380	412	62	309	352	0.003	29.3
TRINITY_DN5256_c0_g1_i10.p1	Bmori|XP_004930400.2	22.764	123	63	5	247	347	412	171	283	346	0.008	28.1
TRINITY_DN5256_c0_g1_i10.p1	Bmori|XP_062526415.1	22.764	123	63	5	247	347	412	102	214	277	0.008	27.7
TRINITY_DN5256_c0_g1_i10.p1	Bmori|XP_062526412.1	22.764	123	63	5	247	347	412	114	226	289	0.010	27.7
TRINITY_DN5256_c0_g1_i10.p1	Bmori|XP_021206280.1	24.324	111	71	4	247	346	412	113	221	290	0.045	25.4
TRINITY_DN5256_c0_g1_i10.p1	Bmori|XP_012551199.2	23.077	156	102	6	247	385	412	174	328	349	0.058	25.4
TRINITY_DN5256_c0_g1_i10.p1	Bmori|XP_062524699.1	30.612	49	33	1	84	132	412	34	81	343	0.089	24.6
TRINITY_DN5256_c0_g1_i10.p1	Spodoptera|XP_050559197.1	21.374	131	70	6	247	359	412	169	284	343	0.11	24.3
TRINITY_DN5256_c0_g1_i10.p1	Spodoptera|XP_035435946.2	22.222	306	161	14	78	346	412	15	280	344	0.11	24.3
TRINITY_DN5256_c0_g1_i10.p1	Spodoptera|XP_035433286.1	30.769	78	48	3	111	182	412	60	137	344	0.34	22.7
TRINITY_DN5256_c0_g1_i10.p1	Spodoptera|XP_050559196.1	23.313	163	90	7	112	265	412	61	197	304	0.59	21.9
TRINITY_DN5256_c0_g1_i10.p1	Spodoptera|XP_035436318.2	23.313	163	90	7	112	265	412	61	197	351	0.59	21.9
TRINITY_DN5256_c0_g1_i10.p1	Spodoptera|XP_035436318.2	18.621	145	91	4	247	380	412	179	307	351	0.76	21.6
TRINITY_DN5256_c0_g1_i10.p1	Bmori|XP_062529457.1	45.455	22	12	0	111	132	412	58	79	326	0.83	21.6
TRINITY_DN41153_c0_g1_i1.p1	Spodoptera|XP_050549308.1	70.000	10	3	0	229	238	301	208	217	431	0.98	20.8
TRINITY_DN14153_c0_g1_i1.p1	Spodoptera|XP_050559191.1	22.951	61	43	1	252	308	338	272	332	352	0.63	21.6
TRINITY_DN217_c0_g1_i7.p1	Bmori|XP_037867392.1	25.926	54	40	0	90	143	252	187	240	395	0.61	21.2
TRINITY_DN217_c0_g1_i7.p1	Bmori|XP_062529457.1	29.487	78	36	4	87	145	252	239	316	326	0.88	20.8
TRINITY_DN9230_c0_g1_i1.p1	Bmori|XP_062529457.1	28.125	32	20	1	63	94	161	37	65	326	0.33	21.2
TRINITY_DN46996_c0_g1_i1.p1	Spodoptera|XP_050549308.1	23.913	46	35	0	41	86	129	47	92	431	0.93	19.2
TRINITY_DN49220_c0_g1_i1.p1	Spodoptera|XP_035432548.2	19.697	66	46	1	46	111	154	215	273	311	0.26	21.2
TRINITY_DN4482_c0_g1_i1.p1	Bmori|XP_062524699.1	25.000	52	39	0	444	495	2049	284	335	343	0.064	27.7
TRINITY_DN4482_c0_g1_i1.p1	Spodoptera|XP_035436301.1	32.500	40	20	1	1873	1912	2049	208	240	341	0.44	24.6
TRINITY_DN18385_c0_g1_i2.p1	Spodoptera|XP_050559191.1	28.125	32	23	0	210	241	387	51	82	352	0.32	22.7
TRINITY_DN18385_c0_g1_i2.p1	Spodoptera|XP_050559196.1	29.032	31	22	0	27	57	387	262	292	304	0.91	21.2
TRINITY_DN44_c2_g2_i1.p1	Bmori|XP_012551199.2	62.500	16	5	1	301	315	463	39	54	349	0.16	23.9
TRINITY_DN44_c2_g2_i1.p1	Spodoptera|XP_035436318.2	35.556	45	23	3	421	463	463	226	266	351	0.75	21.9
TRINITY_DN44_c2_g2_i1.p1	Spodoptera|XP_050559196.1	35.556	45	23	3	421	463	463	226	266	304	0.86	21.6
TRINITY_DN356_c0_g1_i2.p1	Bmori|XP_012550153.2	29.167	24	15	1	35	58	125	41	62	312	0.29	20.8
TRINITY_DN11649_c0_g1_i3.p1	Spodoptera|XP_035433249.2	31.818	44	28	1	1804	1847	2063	145	186	238	0.14	26.2
TRINITY_DN17449_c0_g1_i1.p1	Bmori|XP_021206280.1	25.926	81	51	2	74	145	562	129	209	290	0.001	31.2
TRINITY_DN17449_c0_g1_i1.p1	Spodoptera|XP_035432548.2	27.083	48	35	0	259	306	562	44	91	311	0.91	21.9
TRINITY_DN6726_c0_g1_i6.p1	Bmori|XP_062529457.1	46.875	32	12	1	310	341	430	146	172	326	0.46	22.3
TRINITY_DN6726_c0_g1_i6.p1	Bmori|XP_062524699.1	36.585	41	21	1	310	350	430	156	191	343	0.55	22.3
TRINITY_DN6726_c0_g1_i6.p1	Spodoptera|XP_035433286.1	43.750	32	13	1	310	341	430	156	182	344	0.79	21.6
TRINITY_DN6051_c0_g1_i1.p1	Bmori|XP_062526415.1	38.636	44	23	2	128	171	181	45	84	277	0.007	26.6
TRINITY_DN6051_c0_g1_i1.p1	Bmori|XP_062526412.1	38.636	44	23	2	128	171	181	57	96	289	0.007	26.6
TRINITY_DN6051_c0_g1_i1.p1	Bmori|XP_004930400.2	38.636	44	23	2	128	171	181	114	153	346	0.009	26.2
TRINITY_DN6051_c0_g1_i1.p1	Spodoptera|XP_035436301.1	31.707	41	22	1	29	69	181	162	196	341	0.47	20.8
TRINITY_DN6051_c0_g1_i1.p1	Bmori|XP_037869304.1	35.714	42	19	2	29	69	181	143	177	319	0.61	20.4
TRINITY_DN617_c1_g3_i2.p1	Bmori|XP_062526415.1	31.818	22	15	0	98	119	208	248	269	277	0.18	22.3
TRINITY_DN617_c1_g3_i2.p1	Bmori|XP_004930400.2	31.818	22	15	0	98	119	208	317	338	346	0.18	22.3
TRINITY_DN617_c1_g3_i2.p1	Bmori|XP_062526412.1	31.818	22	15	0	98	119	208	260	281	289	0.19	22.3
TRINITY_DN617_c1_g3_i2.p1	Bmori|XP_037869304.1	36.667	30	19	0	115	144	208	33	62	319	0.37	21.6
TRINITY_DN617_c1_g3_i2.p1	Spodoptera|XP_050559193.1	27.273	22	16	0	98	119	208	322	343	349	0.62	20.8
TRINITY_DN617_c1_g3_i2.p1	Spodoptera|XP_035436301.1	38.462	26	16	0	119	144	208	56	81	341	0.80	20.4
TRINITY_DN1978_c0_g1_i1.p1	Bmori|XP_037869304.1	28.000	50	34	1	133	182	391	258	305	319	0.062	25.0
TRINITY_DN4202_c0_g1_i1.p1	Spodoptera|XP_035432672.2	27.778	36	25	1	419	454	788	182	216	327	0.77	22.7
TRINITY_DN56_c0_g1_i1.p1	Spodoptera|XP_050559197.1	40.000	25	15	0	719	743	752	260	284	343	0.60	23.1
TRINITY_DN6167_c0_g1_i1.p1	Bmori|XP_037869304.1	28.261	46	33	0	210	255	359	135	180	319	0.22	23.1
TRINITY_DN6167_c0_g1_i1.p1	Spodoptera|XP_035436301.1	28.261	46	33	0	210	255	359	154	199	341	0.23	23.1
TRINITY_DN6451_c1_g2_i1.p1	Spodoptera|XP_035435946.2	28.986	69	27	4	147	215	292	295	341	344	0.069	24.3
TRINITY_DN6451_c1_g2_i1.p1	Spodoptera|XP_035442818.1	24.691	81	60	1	161	241	292	45	124	390	0.10	23.9
TRINITY_DN6451_c1_g2_i1.p1	Spodoptera|XP_035436318.2	26.667	60	22	4	156	215	292	311	348	351	0.79	21.2
TRINITY_DN19157_c0_g2_i3.p1	Bmori|XP_062529457.1	37.500	32	16	1	280	311	491	163	190	326	0.081	25.0
TRINITY_DN19157_c0_g2_i3.p1	Spodoptera|XP_035442818.1	24.138	87	55	4	83	168	491	254	330	390	0.91	21.6
TRINITY_DN12444_c0_g1_i11.p1	Bmori|XP_062529457.1	32.432	37	25	0	263	299	495	144	180	326	0.18	23.9
TRINITY_DN48424_c0_g1_i1.p2	Spodoptera|XP_035442818.1	45.455	22	12	0	115	136	140	117	138	390	0.017	24.6
TRINITY_DN1721_c0_g1_i1.p1	Spodoptera|XP_035433249.2	53.846	13	6	0	16	28	132	13	25	238	0.15	21.6
TRINITY_DN4599_c0_g1_i4.p1	Bmori|XP_012551199.2	38.889	18	11	0	298	315	331	64	81	349	0.84	21.2
TRINITY_DN9486_c0_g1_i1.p1	Spodoptera|XP_035433286.1	38.462	26	16	0	9	34	305	5	30	344	0.16	23.5
TRINITY_DN9486_c0_g1_i1.p1	Spodoptera|XP_035435946.2	37.778	45	20	2	125	161	305	226	270	344	0.21	23.1
TRINITY_DN9486_c0_g1_i1.p1	Bmori|XP_012551199.2	39.130	23	14	0	12	34	305	12	34	349	0.56	21.6
TRINITY_DN1837_c0_g1_i1.p1	Bmori|XP_037867392.1	45.000	20	11	0	287	306	335	124	143	395	0.66	21.6
TRINITY_DN4319_c0_g1_i1.p1	Bmori|XP_062527116.1	36.585	41	25	1	368	408	722	101	140	436	0.33	23.9
TRINITY_DN216_c0_g1_i2.p1	Bmori|XP_037867392.1	25.000	60	36	2	100	152	267	100	157	395	0.25	22.7
TRINITY_DN216_c0_g1_i2.p1	Spodoptera|XP_035433286.1	34.615	26	13	1	165	190	267	35	56	344	0.61	21.2
TRINITY_DN52683_c0_g1_i1.p1	Bmori|XP_004930400.2	25.581	43	31	1	95	136	153	101	143	346	0.13	22.3
TRINITY_DN52683_c0_g1_i1.p1	Bmori|XP_062526412.1	25.581	43	31	1	95	136	153	44	86	289	0.15	21.9
TRINITY_DN52683_c0_g1_i1.p1	Bmori|XP_062526415.1	25.581	43	31	1	95	136	153	32	74	277	0.19	21.6
TRINITY_DN3406_c0_g1_i1.p1	Spodoptera|XP_035442818.1	26.316	38	27	1	42	79	204	167	203	390	0.97	20.0
TRINITY_DN9206_c0_g1_i1.p1	Bmori|XP_062527116.1	32.258	31	21	0	699	729	1657	304	334	436	0.37	25.0
TRINITY_DN4458_c0_g1_i1.p1	Bmori|XP_012551199.2	44.444	18	10	0	347	364	371	238	255	349	0.60	21.9
TRINITY_DN41268_c0_g1_i1.p1	Spodoptera|XP_050549308.1	46.667	15	8	0	87	101	121	268	282	431	0.67	19.6
TRINITY_DN38502_c0_g1_i3.p1	Spodoptera|XP_050559703.1	29.787	47	26	1	322	361	365	42	88	315	0.31	22.7
TRINITY_DN17471_c0_g1_i4.p1	Bmori|XP_037867392.1	40.000	15	9	0	58	72	101	311	325	395	0.32	20.4
TRINITY_DN1528_c3_g1_i12.p1	Bmori|XP_062527116.1	35.897	39	23	1	814	852	1239	83	119	436	0.50	23.9
TRINITY_DN1528_c3_g2_i17.p1	Bmori|XP_062527116.1	35.897	39	23	1	813	851	1238	83	119	436	0.49	23.9
TRINITY_DN13355_c0_g1_i10.p1	Bmori|XP_012550153.2	23.810	21	16	0	19	39	101	16	36	312	0.59	19.2
TRINITY_DN13355_c0_g1_i10.p1	Bmori|XP_012550153.2	23.810	21	16	0	36	56	101	16	36	312	0.84	18.9
TRINITY_DN10060_c0_g1_i1.p1	Spodoptera|XP_035436301.1	30.909	55	34	3	6	58	512	92	144	341	0.39	23.1
TRINITY_DN10060_c0_g1_i1.p1	Spodoptera|XP_050559703.1	54.545	11	5	0	501	511	512	33	43	315	0.78	21.9
TRINITY_DN6027_c0_g1_i1.p1	Bmori|XP_062527116.1	33.333	27	18	0	121	147	171	7	33	436	0.18	21.9
TRINITY_DN6027_c0_g1_i1.p1	Spodoptera|XP_050549308.1	29.630	27	19	0	121	147	171	7	33	431	0.24	21.9
TRINITY_DN6027_c0_g1_i1.p1	Spodoptera|XP_050559703.1	40.000	15	9	0	33	47	171	205	219	315	0.50	20.8
TRINITY_DN37149_c0_g1_i1.p1	Spodoptera|XP_050559703.1	23.762	101	61	3	43	131	132	129	225	315	0.046	23.5
TRINITY_DN27368_c0_g1_i1.p1	Bmori|XP_004930400.2	26.562	64	43	2	83	145	195	210	270	346	0.55	20.8
TRINITY_DN27368_c0_g1_i1.p1	Bmori|XP_004930400.2	40.000	25	13	1	24	46	195	18	42	346	0.82	20.4
TRINITY_DN27368_c0_g1_i1.p1	Bmori|XP_062526412.1	26.562	64	43	2	83	145	195	153	213	289	0.61	20.8
TRINITY_DN27368_c0_g1_i1.p1	Bmori|XP_062526415.1	26.562	64	43	2	83	145	195	141	201	277	0.72	20.4
TRINITY_DN12984_c1_g1_i1.p1	Bmori|XP_062524699.1	41.379	29	12	1	58	81	165	140	168	343	0.060	23.5
TRINITY_DN55_c0_g1_i1.p1	Spodoptera|XP_035435946.2	22.695	141	79	6	110	241	303	27	146	344	0.11	23.9
TRINITY_DN55_c0_g1_i1.p1	Bmori|XP_062526412.1	36.364	22	14	0	46	67	303	158	179	289	0.60	21.6
TRINITY_DN55_c0_g1_i1.p1	Bmori|XP_004930400.2	36.364	22	14	0	46	67	303	215	236	346	0.62	21.6
TRINITY_DN55_c0_g1_i1.p1	Bmori|XP_062526415.1	36.364	22	14	0	46	67	303	146	167	277	0.65	21.2
TRINITY_DN4598_c0_g1_i4.p1	Bmori|XP_012551199.2	43.750	16	9	0	90	105	119	289	304	349	0.84	19.2
TRINITY_DN25386_c1_g2_i1.p1	Spodoptera|XP_035436318.2	31.111	45	29	1	79	123	129	130	172	351	0.30	20.8
TRINITY_DN25386_c1_g2_i1.p1	Spodoptera|XP_050559196.1	31.111	45	29	1	79	123	129	130	172	304	0.38	20.4
TRINITY_DN25386_c1_g2_i1.p1	Spodoptera|XP_050559193.1	53.333	15	7	0	109	123	129	156	170	349	0.56	20.0
TRINITY_DN25386_c1_g2_i1.p1	Spodoptera|XP_035432672.2	23.214	56	43	0	65	120	129	165	220	327	0.70	19.6
TRINITY_DN59256_c0_g1_i1.p1	Spodoptera|XP_035433249.2	25.397	63	38	2	78	139	163	56	110	238	0.77	20.0
TRINITY_DN22363_c0_g1_i1.p1	Bmori|XP_062529457.1	27.778	90	47	3	107	180	817	12	99	326	0.30	23.9
TRINITY_DN27227_c0_g1_i1.p1	Spodoptera|XP_035432548.2	31.579	38	23	1	53	90	118	94	128	311	0.10	21.9
TRINITY_DN27227_c0_g1_i1.p1	Bmori|XP_062529457.1	22.059	68	44	2	25	92	118	136	194	326	0.31	20.4
TRINITY_DN27227_c0_g1_i1.p1	Bmori|XP_062524699.1	28.125	32	22	1	28	59	118	149	179	343	0.68	19.6
TRINITY_DN53314_c0_g1_i1.p1	Bmori|XP_037867392.1	28.125	32	23	0	23	54	110	156	187	395	0.88	19.2
TRINITY_DN41151_c0_g1_i1.p2	Spodoptera|XP_035432672.2	30.769	26	18	0	174	199	202	49	74	327	0.22	21.9
TRINITY_DN41151_c0_g1_i1.p2	Spodoptera|XP_035432548.2	37.500	24	14	1	102	125	202	75	97	311	0.43	21.2
TRINITY_DN1138_c0_g1_i1.p1	Bmori|XP_021206280.1	40.741	27	15	1	355	380	468	46	72	290	0.31	23.1
TRINITY_DN1138_c0_g1_i1.p1	Spodoptera|XP_050559197.1	25.862	58	32	2	8	55	468	187	243	343	0.54	22.3
TRINITY_DN4318_c0_g1_i21.p1	Bmori|XP_062529457.1	26.531	49	34	1	346	392	569	187	235	326	0.73	22.3
TRINITY_DN9205_c0_g1_i1.p1	Spodoptera|XP_035442818.1	28.571	42	30	0	55	96	195	124	165	390	0.90	20.0
TRINITY_DN10035_c0_g1_i17.p1	Bmori|XP_012551199.2	29.032	62	38	3	239	297	516	226	284	349	0.64	22.3
TRINITY_DN10035_c0_g1_i17.p1	Spodoptera|XP_035433286.1	33.333	33	22	0	249	281	516	229	261	344	0.76	21.9
TRINITY_DN36932_c0_g1_i1.p1	Spodoptera|XP_035436318.2	37.500	16	10	0	31	46	123	320	335	351	0.57	20.0
TRINITY_DN36932_c0_g1_i1.p1	Spodoptera|XP_050559196.1	37.500	16	10	0	31	46	123	273	288	304	0.66	19.6
TRINITY_DN36932_c0_g1_i1.p1	Bmori|XP_062524699.1	33.333	18	12	0	31	48	123	312	329	343	0.70	19.6
TRINITY_DN36932_c0_g1_i1.p1	Bmori|XP_004930400.2	37.500	16	10	0	31	46	123	313	328	346	0.82	19.2
TRINITY_DN36932_c0_g1_i1.p1	Bmori|XP_062526412.1	37.500	16	10	0	31	46	123	256	271	289	0.98	19.2
TRINITY_DN6590_c1_g2_i2.p1	Spodoptera|XP_050559197.1	58.333	12	5	0	80	91	106	326	337	343	0.22	20.8
TRINITY_DN6590_c1_g2_i2.p1	Spodoptera|XP_050559193.1	58.333	12	5	0	80	91	106	333	344	349	0.22	20.8
TRINITY_DN1277_c0_g1_i17.p1	Bmori|XP_062524699.1	32.353	34	23	0	173	206	728	99	132	343	0.78	22.3
TRINITY_DN9049_c1_g1_i4.p1	Spodoptera|XP_050559191.1	25.714	70	49	2	767	836	967	269	335	352	0.55	23.5
TRINITY_DN27228_c0_g1_i4.p1	Spodoptera|XP_050549308.1	22.951	61	36	3	157	209	242	341	398	431	0.20	22.7
TRINITY_DN27228_c0_g1_i4.p1	Bmori|XP_062529457.1	34.615	26	17	0	19	44	242	248	273	326	0.39	21.6
TRINITY_DN27228_c0_g1_i4.p1	Bmori|XP_062527116.1	18.333	60	40	2	157	209	242	344	401	436	0.74	20.8
TRINITY_DN53_c0_g2_i1.p1	Spodoptera|XP_035442818.1	29.630	27	19	0	96	122	141	98	124	390	0.25	21.2
TRINITY_DN53_c0_g2_i1.p1	Spodoptera|XP_035433286.1	26.667	60	40	2	24	79	141	104	163	344	0.67	20.0
TRINITY_DN1561_c1_g1_i2.p1	Bmori|XP_012551199.2	26.984	63	43	2	338	397	586	84	146	349	0.11	25.0
TRINITY_DN1561_c1_g1_i2.p1	Spodoptera|XP_050559197.1	27.500	40	25	1	89	128	586	17	52	343	0.51	22.7
TRINITY_DN1561_c1_g1_i2.p1	Spodoptera|XP_050559197.1	40.625	32	14	1	61	87	586	256	287	343	0.98	21.9
TRINITY_DN1561_c1_g1_i2.p1	Bmori|XP_004930400.2	41.379	29	13	1	74	102	586	8	32	346	0.56	22.7
TRINITY_DN55720_c0_g1_i1.p1	Spodoptera|XP_050549308.1	21.795	78	49	2	114	185	799	19	90	431	0.40	23.5
TRINITY_DN25798_c0_g1_i1.p1	Spodoptera|XP_035433286.1	69.231	13	4	0	77	89	100	114	126	344	0.13	21.2
TRINITY_DN16534_c0_g1_i1.p1	Spodoptera|XP_035436301.1	29.167	24	17	0	4	27	102	171	194	341	0.46	19.6
TRINITY_DN16534_c0_g1_i1.p1	Bmori|XP_037869304.1	29.167	24	17	0	4	27	102	152	175	319	0.48	19.6
TRINITY_DN48421_c0_g1_i1.p1	Spodoptera|XP_050549308.1	40.741	27	14	1	66	92	158	226	250	431	0.68	20.0
TRINITY_DN48421_c0_g1_i1.p1	Bmori|XP_062527116.1	40.741	27	14	1	66	92	158	229	253	436	0.68	20.0
TRINITY_DN19016_c0_g1_i4.p1	Spodoptera|XP_050549308.1	35.294	34	19	1	28	61	129	253	283	431	0.060	23.1
TRINITY_DN19016_c0_g1_i4.p1	Bmori|XP_062527116.1	32.353	34	20	1	28	61	129	256	286	436	0.36	20.8
TRINITY_DN1976_c0_g1_i14.p1	Spodoptera|XP_035432672.2	26.154	65	48	0	306	370	456	49	113	327	0.56	22.3
TRINITY_DN20654_c0_g1_i12.p1	Spodoptera|XP_050559703.1	26.241	141	94	4	117	255	327	65	197	315	2.03e-07	42.0
TRINITY_DN20654_c0_g1_i12.p1	Spodoptera|XP_035433249.2	24.590	61	46	0	139	199	327	14	74	238	0.011	26.9
TRINITY_DN1927_c4_g1_i4.p1	Bmori|XP_062524699.1	31.429	35	15	1	135	169	266	37	62	343	0.37	21.9
TRINITY_DN5927_c0_g1_i23.p1	Spodoptera|XP_035442818.1	44.414	367	202	2	36	401	415	25	390	390	1.80e-112	327
TRINITY_DN5927_c0_g1_i23.p1	Bmori|XP_037867392.1	44.110	365	199	3	36	397	415	29	391	395	3.33e-112	326
TRINITY_DN5927_c0_g1_i23.p1	Spodoptera|XP_035432548.2	41.722	302	161	4	107	401	415	18	311	311	8.78e-89	263
TRINITY_DN28023_c0_g1_i1.p1	Spodoptera|XP_035436301.1	40.000	25	15	0	182	206	228	146	170	341	0.44	21.6
TRINITY_DN28023_c0_g1_i1.p1	Bmori|XP_037869304.1	35.294	34	16	1	173	206	228	124	151	319	0.53	21.2
TRINITY_DN28023_c0_g1_i1.p1	Bmori|XP_037869304.1	34.783	23	13	1	158	178	228	295	317	319	0.92	20.4
TRINITY_DN15760_c0_g1_i3.p1	Spodoptera|XP_050559703.1	34.286	35	23	0	47	81	100	77	111	315	0.51	19.6
TRINITY_DN5252_c0_g3_i1.p1	Spodoptera|XP_050549308.1	29.730	37	15	2	127	156	166	205	237	431	0.68	20.4
TRINITY_DN15760_c0_g3_i1.p1	Spodoptera|XP_050559196.1	31.250	48	30	1	69	116	116	67	111	304	0.17	21.2
TRINITY_DN15760_c0_g3_i1.p1	Spodoptera|XP_035436318.2	29.630	54	35	1	63	116	116	61	111	351	0.46	20.0
TRINITY_DN15760_c0_g3_i1.p1	Spodoptera|XP_050559193.1	27.941	68	38	2	49	116	116	53	109	349	0.93	19.2
TRINITY_DN5252_c0_g4_i1.p1	Spodoptera|XP_050559197.1	36.585	41	19	2	225	262	465	214	250	343	0.49	22.3
TRINITY_DN5252_c0_g4_i1.p1	Spodoptera|XP_035435946.2	25.806	62	38	3	229	284	465	199	258	344	0.51	22.3
TRINITY_DN5252_c0_g6_i1.p1	Bmori|XP_021206280.1	26.786	56	33	1	206	253	379	126	181	290	0.14	23.9
TRINITY_DN4597_c0_g1_i1.p1	Spodoptera|XP_050559196.1	32.500	40	26	1	1	40	243	203	241	304	0.73	20.8
TRINITY_DN4597_c0_g1_i1.p1	Spodoptera|XP_035436318.2	32.500	40	26	1	1	40	243	203	241	351	0.97	20.4
TRINITY_DN10989_c0_g1_i5.p1	Spodoptera|XP_050549308.1	27.778	36	26	0	17	52	198	62	97	431	0.037	24.6
TRINITY_DN1678_c1_g2_i12.p1	Spodoptera|XP_050559193.1	28.846	52	26	1	78	129	195	151	191	349	0.023	25.0
TRINITY_DN1678_c1_g2_i12.p1	Spodoptera|XP_035436318.2	26.923	52	27	1	78	129	195	153	193	351	0.086	23.5
TRINITY_DN1678_c1_g2_i12.p1	Spodoptera|XP_050559196.1	26.923	52	27	1	78	129	195	153	193	304	0.087	23.1
TRINITY_DN1678_c1_g2_i12.p1	Bmori|XP_021206280.1	46.154	26	12	1	104	129	195	104	127	290	0.089	23.1
TRINITY_DN1678_c1_g2_i12.p1	Spodoptera|XP_050559191.1	31.250	48	22	2	82	129	195	159	195	352	0.15	22.7
TRINITY_DN1678_c1_g2_i12.p1	Spodoptera|XP_035433286.1	28.571	49	24	1	81	129	195	147	184	344	0.21	22.3
TRINITY_DN1678_c1_g2_i12.p1	Spodoptera|XP_035435946.2	30.612	49	23	2	81	129	195	149	186	344	0.24	21.9
TRINITY_DN1678_c1_g2_i12.p1	Bmori|XP_062529457.1	42.105	19	11	0	111	129	195	156	174	326	0.97	20.0
TRINITY_DN2073_c0_g1_i21.p1	Bmori|XP_012550153.2	44.000	25	14	0	346	370	395	206	230	312	0.39	22.3
TRINITY_DN40_c2_g1_i14.p1	Spodoptera|XP_035433249.2	24.675	77	48	3	866	942	1322	100	166	238	0.78	23.1
TRINITY_DN1160_c0_g1_i10.p1	Bmori|XP_062524699.1	22.222	36	28	0	490	525	620	59	94	343	0.36	23.5
TRINITY_DN7635_c0_g1_i1.p1	Bmori|XP_021206280.1	36.111	36	15	2	123	156	343	244	273	290	0.26	22.7
TRINITY_DN59394_c0_g1_i1.p1	Spodoptera|XP_035432548.2	27.451	51	32	1	88	138	189	184	229	311	0.17	22.3
TRINITY_DN2334_c1_g2_i1.p1	Spodoptera|XP_035442818.1	36.842	38	17	3	97	127	147	141	178	390	0.75	20.0
TRINITY_DN13214_c0_g1_i1.p1	Bmori|XP_012551199.2	27.083	48	23	1	71	118	241	223	258	349	0.21	22.3
TRINITY_DN13214_c0_g1_i1.p1	Bmori|XP_062527116.1	44.000	25	13	1	45	69	241	32	55	436	0.41	21.6
TRINITY_DN6566_c1_g1_i1.p1	Bmori|XP_012551199.2	41.667	24	14	0	345	368	406	81	104	349	0.12	24.3
TRINITY_DN6566_c1_g1_i1.p1	Bmori|XP_062526415.1	24.752	101	53	4	183	279	406	116	197	277	0.13	23.9
TRINITY_DN6566_c1_g1_i1.p1	Bmori|XP_062526412.1	24.752	101	53	4	183	279	406	128	209	289	0.15	23.9
TRINITY_DN6566_c1_g1_i1.p1	Bmori|XP_004930400.2	24.752	101	53	4	183	279	406	185	266	346	0.21	23.5
TRINITY_DN45101_c0_g1_i1.p1	Bmori|XP_062527116.1	66.667	12	4	0	107	118	118	46	57	436	0.34	20.4
TRINITY_DN45101_c0_g1_i1.p1	Spodoptera|XP_050549308.1	70.000	10	3	0	109	118	118	48	57	431	0.96	19.2
TRINITY_DN18101_c0_g1_i1.p1	Spodoptera|XP_050559703.1	31.250	48	31	1	127	174	187	155	200	315	0.12	22.7
TRINITY_DN18101_c0_g1_i1.p1	Spodoptera|XP_035432548.2	30.000	40	24	1	26	61	187	32	71	311	0.35	21.2
TRINITY_DN3670_c2_g1_i10.p1	Spodoptera|XP_050559193.1	31.111	45	27	1	210	254	355	245	285	349	0.24	23.1
TRINITY_DN3670_c2_g1_i10.p1	Spodoptera|XP_035436318.2	31.111	45	27	1	210	254	355	247	287	351	0.25	23.1
TRINITY_DN3670_c2_g1_i10.p1	Spodoptera|XP_035435946.2	31.111	45	27	1	210	254	355	240	280	344	0.32	22.7
TRINITY_DN52_c0_g1_i9.p1	Bmori|XP_062526415.1	50.000	18	9	0	114	131	546	139	156	277	0.33	23.1
TRINITY_DN52_c0_g1_i9.p1	Bmori|XP_062526412.1	50.000	18	9	0	114	131	546	151	168	289	0.36	23.1
TRINITY_DN52_c0_g1_i9.p1	Bmori|XP_004930400.2	50.000	18	9	0	114	131	546	208	225	346	0.43	22.7
TRINITY_DN52_c0_g1_i9.p1	Spodoptera|XP_050559196.1	38.889	18	11	0	114	131	546	216	233	304	0.81	21.9
TRINITY_DN52_c0_g1_i9.p1	Spodoptera|XP_035436318.2	38.889	18	11	0	114	131	546	216	233	351	0.86	21.9
TRINITY_DN52_c0_g1_i9.p1	Spodoptera|XP_050559191.1	28.788	66	45	1	85	148	546	75	140	352	0.97	21.9
TRINITY_DN38500_c0_g1_i1.p1	Bmori|XP_062526415.1	25.926	27	20	0	5	31	107	124	150	277	0.78	19.2
TRINITY_DN38500_c0_g1_i1.p1	Bmori|XP_062526412.1	25.926	27	20	0	5	31	107	136	162	289	0.82	19.2
TRINITY_DN38500_c0_g1_i1.p1	Bmori|XP_004930400.2	25.926	27	20	0	5	31	107	193	219	346	1.00	18.9
TRINITY_DN49333_c0_g1_i1.p1	Spodoptera|XP_035435946.2	38.889	18	11	0	14	31	299	192	209	344	0.93	20.8
TRINITY_DN8407_c0_g1_i4.p1	Spodoptera|XP_050559191.1	26.000	50	26	1	28	77	262	91	129	352	0.34	21.9
TRINITY_DN5112_c0_g1_i2.p1	Spodoptera|XP_050559197.1	46.429	28	15	0	94	121	262	94	121	343	0.17	23.1
TRINITY_DN3682_c0_g1_i1.p1	Bmori|XP_004930400.2	24.561	57	42	1	3	58	105	59	115	346	0.028	23.5
TRINITY_DN3682_c0_g1_i1.p1	Bmori|XP_062526412.1	24.561	57	42	1	3	58	105	2	58	289	0.029	23.5
TRINITY_DN3682_c0_g1_i1.p1	Spodoptera|XP_050559197.1	26.786	56	40	1	3	57	105	57	112	343	0.037	23.1
TRINITY_DN3682_c0_g1_i1.p1	Bmori|XP_062526415.1	30.769	26	18	0	33	58	105	21	46	277	0.078	21.9
TRINITY_DN3682_c0_g1_i1.p1	Spodoptera|XP_035436301.1	75.000	8	2	0	57	64	105	238	245	341	0.71	19.2
TRINITY_DN6862_c0_g1_i1.p1	Bmori|XP_037869304.1	34.483	29	19	0	7	35	148	235	263	319	0.65	20.0
TRINITY_DN9344_c0_g1_i1.p1	Spodoptera|XP_050559191.1	37.500	40	24	1	503	542	944	188	226	352	0.074	26.2
TRINITY_DN42736_c0_g1_i1.p1	Spodoptera|XP_035436301.1	21.538	65	51	0	55	119	130	53	117	341	0.92	19.2
TRINITY_DN2321_c3_g1_i2.p1	Spodoptera|XP_035432672.2	26.087	46	24	1	138	183	470	212	247	327	0.26	23.5
TRINITY_DN19154_c0_g4_i1.p1	Spodoptera|XP_035435946.2	30.769	26	18	0	99	124	128	299	324	344	0.72	19.6
TRINITY_DN910_c0_g1_i17.p2	Spodoptera|XP_035432672.2	53.846	13	6	0	64	76	132	221	233	327	0.64	20.0
TRINITY_DN4315_c0_g1_i2.p1	Spodoptera|XP_035436318.2	25.397	63	32	2	145	207	335	193	240	351	0.57	21.6
TRINITY_DN4315_c0_g1_i2.p1	Spodoptera|XP_050559196.1	20.370	108	72	2	100	207	335	147	240	304	0.94	21.2
TRINITY_DN3683_c0_g1_i14.p1	Spodoptera|XP_035433249.2	42.857	21	12	0	80	100	912	156	176	238	0.21	24.6
TRINITY_DN3402_c0_g1_i1.p1	Bmori|XP_062527116.1	42.857	28	16	0	779	806	972	366	393	436	0.16	25.4
TRINITY_DN24743_c0_g1_i1.p1	Spodoptera|XP_035433286.1	45.161	31	9	2	88	118	152	322	344	344	0.40	20.8
TRINITY_DN45357_c0_g1_i1.p1	Spodoptera|XP_035432548.2	47.368	19	10	0	365	383	412	154	172	311	0.29	23.1
TRINITY_DN45357_c0_g1_i1.p1	Spodoptera|XP_035435946.2	29.412	34	18	1	102	135	412	141	168	344	0.78	21.6
TRINITY_DN27225_c0_g1_i1.p1	Bmori|XP_021206280.1	37.500	32	19	1	392	422	1402	65	96	290	0.61	23.9
TRINITY_DN351_c0_g1_i13.p1	Spodoptera|XP_035442818.1	20.000	40	32	0	348	387	874	28	67	390	0.10	25.8
TRINITY_DN1834_c0_g2_i1.p1	Spodoptera|XP_035433249.2	22.807	57	40	1	214	266	374	106	162	238	0.45	21.9
TRINITY_DN1834_c0_g2_i1.p1	Spodoptera|XP_050559197.1	30.909	55	28	2	163	211	374	95	145	343	0.72	21.6
TRINITY_DN351_c0_g2_i1.p2	Spodoptera|XP_035433286.1	27.586	58	31	2	55	106	106	135	187	344	0.19	21.2
TRINITY_DN3799_c0_g1_i1.p1	Bmori|XP_012551199.2	32.075	53	30	2	744	796	821	246	292	349	0.27	24.3
TRINITY_DN9901_c0_g2_i2.p1	Spodoptera|XP_050559196.1	41.667	24	14	0	16	39	850	22	45	304	0.68	22.7
TRINITY_DN9901_c0_g2_i2.p1	Spodoptera|XP_035436318.2	41.667	24	14	0	16	39	850	22	45	351	0.80	22.7
TRINITY_DN57544_c0_g1_i1.p1	Spodoptera|XP_035433249.2	43.750	16	9	0	6	21	115	192	207	238	0.74	19.2
TRINITY_DN1275_c0_g1_i2.p1	Spodoptera|XP_035432672.2	34.286	35	23	0	278	312	890	6	40	327	0.80	22.7
TRINITY_DN51_c0_g1_i2.p1	Spodoptera|XP_050549308.1	37.037	27	17	0	86	112	213	151	177	431	0.15	22.7
TRINITY_DN3646_c2_g1_i1.p1	Bmori|XP_012551199.2	30.952	42	25	2	19	59	108	85	123	349	0.62	19.6
TRINITY_DN9342_c0_g1_i2.p1	Spodoptera|XP_050559191.1	32.558	43	27	1	366	408	608	23	63	352	0.60	22.7
TRINITY_DN49332_c0_g1_i1.p1	Spodoptera|XP_035433286.1	29.032	31	22	0	59	89	105	225	255	344	0.094	21.9
TRINITY_DN49332_c0_g1_i1.p1	Spodoptera|XP_035433286.1	19.608	51	41	0	19	69	105	102	152	344	0.71	19.2
TRINITY_DN51883_c0_g1_i2.p1	Bmori|XP_037869304.1	34.211	38	23	1	142	179	273	213	248	319	0.45	21.6
TRINITY_DN8687_c0_g1_i2.p1	Spodoptera|XP_035442818.1	53.846	13	6	0	5	17	190	296	308	390	0.41	21.2
TRINITY_DN12416_c0_g1_i2.p1	Bmori|XP_012550153.2	33.333	42	23	1	325	361	650	131	172	312	0.29	23.9
TRINITY_DN12416_c0_g1_i2.p1	Spodoptera|XP_050559703.1	37.500	24	15	0	85	108	650	272	295	315	0.91	21.9
TRINITY_DN2070_c0_g1_i1.p1	Spodoptera|XP_050559703.1	23.377	77	49	3	154	220	574	52	128	315	0.40	23.1
TRINITY_DN1925_c4_g1_i5.p1	Spodoptera|XP_050549308.1	38.889	18	11	0	71	88	135	307	324	431	0.71	20.0
TRINITY_DN2047_c0_g1_i1.p1	Bmori|XP_037867392.1	26.263	99	54	3	107	201	241	90	173	395	0.34	21.9
TRINITY_DN5227_c0_g1_i5.p1	Bmori|XP_021206280.1	26.966	89	52	3	426	506	530	13	96	290	0.65	22.3
TRINITY_DN25800_c1_g1_i5.p1	Spodoptera|XP_035442818.1	33.333	27	18	0	149	175	290	98	124	390	0.53	21.6
TRINITY_DN42037_c0_g1_i1.p1	Spodoptera|XP_035432548.2	31.034	58	29	3	35	82	101	55	111	311	0.13	21.2
TRINITY_DN1134_c0_g1_i1.p1	Spodoptera|XP_035432672.2	21.311	61	47	1	186	246	251	161	220	327	0.22	22.3
TRINITY_DN1134_c0_g1_i1.p1	Spodoptera|XP_050559197.1	63.636	11	4	0	236	246	251	220	230	343	0.71	20.8
TRINITY_DN286_c5_g1_i1.p1	Bmori|XP_004930400.2	26.316	57	32	3	27	83	162	259	305	346	0.21	21.9
TRINITY_DN286_c5_g1_i1.p1	Bmori|XP_062526412.1	24.561	57	33	3	27	83	162	202	248	289	0.22	21.6
TRINITY_DN286_c5_g1_i1.p1	Bmori|XP_062526415.1	24.561	57	33	3	27	83	162	190	236	277	0.23	21.6
TRINITY_DN286_c5_g1_i1.p1	Bmori|XP_062527116.1	63.636	11	4	0	97	107	162	263	273	436	0.69	20.4
TRINITY_DN286_c5_g1_i1.p1	Spodoptera|XP_035442818.1	28.571	28	20	0	63	90	162	182	209	390	0.70	20.0
TRINITY_DN286_c5_g1_i1.p1	Spodoptera|XP_050549308.1	63.636	11	4	0	97	107	162	260	270	431	0.78	20.0
TRINITY_DN26568_c0_g1_i1.p1	Bmori|XP_062529457.1	50.000	12	6	0	67	78	108	292	303	326	0.60	19.6
TRINITY_DN40211_c0_g1_i1.p1	Spodoptera|XP_035436301.1	28.571	49	32	1	42	90	163	48	93	341	0.022	24.6
TRINITY_DN40211_c0_g1_i1.p1	Bmori|XP_037869304.1	30.952	42	26	1	49	90	163	36	74	319	0.044	23.9
TRINITY_DN40211_c0_g1_i1.p1	Spodoptera|XP_050559196.1	36.364	22	14	0	112	133	163	49	70	304	0.71	20.0
TRINITY_DN40211_c0_g1_i1.p1	Spodoptera|XP_035436318.2	32.836	67	41	3	5	67	163	249	315	351	0.76	20.0
TRINITY_DN40211_c0_g1_i1.p1	Spodoptera|XP_035436318.2	36.364	22	14	0	112	133	163	49	70	351	0.86	20.0
TRINITY_DN1676_c1_g1_i1.p1	Bmori|XP_062526415.1	55.556	9	4	0	3	11	110	162	170	277	0.34	20.4
TRINITY_DN1676_c1_g1_i1.p1	Bmori|XP_062526412.1	55.556	9	4	0	3	11	110	174	182	289	0.35	20.4
TRINITY_DN1676_c1_g1_i1.p1	Bmori|XP_004930400.2	62.500	8	3	0	3	10	110	231	238	346	0.37	20.4
TRINITY_DN55160_c0_g1_i1.p1	Spodoptera|XP_050559196.1	31.034	29	17	1	34	62	106	257	282	304	0.45	20.0
TRINITY_DN9459_c0_g1_i1.p1	Bmori|XP_037869304.1	50.000	14	7	0	105	118	298	236	249	319	0.84	21.2
TRINITY_DN9459_c0_g1_i1.p1	Bmori|XP_037869304.1	37.838	37	18	2	116	150	298	200	233	319	0.92	20.8
TRINITY_DN11643_c0_g1_i1.p1	Bmori|XP_012550153.2	33.333	33	22	0	673	705	940	232	264	312	0.53	23.5
TRINITY_DN327_c0_g1_i9.p1	Spodoptera|XP_050559196.1	29.167	48	28	2	172	218	646	231	273	304	0.36	23.5
TRINITY_DN8132_c1_g2_i1.p1	Bmori|XP_037867392.1	24.138	87	42	2	32	94	126	92	178	395	0.015	24.6
TRINITY_DN30408_c0_g1_i2.p2	Spodoptera|XP_035432672.2	35.484	31	18	1	118	148	151	61	89	327	0.17	21.9
TRINITY_DN30408_c0_g1_i2.p2	Spodoptera|XP_050559197.1	31.250	32	20	1	118	149	151	62	91	343	0.74	20.0
TRINITY_DN36489_c0_g1_i1.p1	Bmori|XP_012550153.2	32.143	56	35	2	50	105	136	99	151	312	0.14	21.9
TRINITY_DN36489_c0_g1_i1.p1	Spodoptera|XP_035435946.2	24.444	45	34	0	57	101	136	176	220	344	0.93	19.6
TRINITY_DN1274_c0_g1_i1.p1	Spodoptera|XP_035435946.2	32.353	34	20	1	89	119	409	135	168	344	0.47	22.3
TRINITY_DN4454_c0_g1_i1.p1	Bmori|XP_021206280.1	21.951	82	60	3	109	189	343	22	100	290	0.55	21.9
TRINITY_DN35576_c0_g1_i1.p1	Bmori|XP_062524699.1	31.429	35	22	1	7	39	156	4	38	343	0.77	20.0
TRINITY_DN9599_c0_g1_i4.p1	Spodoptera|XP_050559197.1	41.176	34	13	2	31	64	119	223	249	343	0.11	21.9
TRINITY_DN5923_c0_g1_i1.p2	Spodoptera|XP_035435946.2	75.000	8	2	0	24	31	101	5	12	344	0.63	19.2
TRINITY_DN24601_c0_g1_i1.p1	Spodoptera|XP_035435946.2	40.000	25	14	1	8	31	132	176	200	344	0.74	19.6
TRINITY_DN3_c0_g1_i21.p1	Spodoptera|XP_035432548.2	29.508	61	35	3	109	164	229	239	296	311	0.35	21.6
TRINITY_DN3_c0_g1_i21.p1	Bmori|XP_062524699.1	30.000	60	35	1	128	187	229	228	280	343	0.65	20.8
TRINITY_DN3_c0_g1_i21.p1	Bmori|XP_021206280.1	27.869	61	37	1	128	188	229	171	224	290	0.97	20.4
TRINITY_DN3680_c0_g1_i1.p1	Spodoptera|XP_050549308.1	23.188	69	49	1	391	459	2224	345	409	431	0.057	28.1
TRINITY_DN3680_c0_g1_i1.p1	Bmori|XP_062527116.1	21.519	79	58	1	391	469	2224	348	422	436	0.26	25.8
TRINITY_DN3680_c0_g1_i1.p1	Spodoptera|XP_035442818.1	24.242	66	39	2	1617	1682	2224	134	188	390	0.95	23.9
TRINITY_DN6162_c0_g1_i1.p1	Bmori|XP_037869304.1	39.286	28	17	0	802	829	904	106	133	319	0.22	24.6
TRINITY_DN26428_c0_g3_i1.p1	Spodoptera|XP_035442818.1	32.143	28	19	0	45	72	150	118	145	390	0.021	24.6
TRINITY_DN31203_c0_g2_i2.p1	Bmori|XP_012551199.2	24.031	129	78	6	299	424	477	32	143	349	0.028	26.6
TRINITY_DN3918_c1_g1_i1.p1	Bmori|XP_062529457.1	33.333	24	14	1	110	131	161	245	268	326	0.28	21.6
TRINITY_DN2046_c0_g1_i5.p1	Spodoptera|XP_050559193.1	30.233	43	28	1	101	141	192	37	79	349	0.67	20.4
TRINITY_DN15734_c0_g1_i4.p1	Bmori|XP_062527116.1	47.368	19	8	1	192	210	260	204	220	436	0.21	22.7
TRINITY_DN15734_c0_g1_i4.p1	Bmori|XP_062526415.1	39.130	23	14	0	9	31	260	45	67	277	0.45	21.6
TRINITY_DN15734_c0_g1_i4.p1	Bmori|XP_062526412.1	39.130	23	14	0	9	31	260	57	79	289	0.47	21.6
TRINITY_DN15734_c0_g1_i4.p1	Bmori|XP_004930400.2	39.130	23	14	0	9	31	260	114	136	346	0.53	21.6
TRINITY_DN15734_c0_g1_i4.p1	Spodoptera|XP_050549308.1	47.368	19	8	1	192	210	260	201	217	431	0.91	20.8
TRINITY_DN5226_c0_g2_i1.p1	Spodoptera|XP_035442818.1	29.032	31	22	0	106	136	217	84	114	390	0.24	22.3
TRINITY_DN5226_c0_g2_i1.p1	Spodoptera|XP_050559197.1	22.857	70	48	2	20	84	217	76	144	343	0.90	20.4
TRINITY_DN13_c2_g1_i1.p1	Spodoptera|XP_035435946.2	50.000	18	9	0	92	109	219	9	26	344	0.11	23.1
TRINITY_DN13_c2_g1_i1.p1	Spodoptera|XP_035436301.1	50.000	14	7	0	202	215	219	292	305	341	0.13	23.1
TRINITY_DN13_c2_g1_i1.p1	Bmori|XP_037869304.1	42.857	14	8	0	202	215	219	273	286	319	0.69	20.8
TRINITY_DN13_c2_g1_i1.p1	Bmori|XP_062529457.1	28.571	42	30	0	40	81	219	135	176	326	0.80	20.4
TRINITY_DN1133_c0_g2_i1.p1	Bmori|XP_062524699.1	30.556	36	21	1	70	105	123	16	47	343	0.59	20.0
TRINITY_DN3785_c2_g1_i13.p1	Bmori|XP_062529457.1	30.000	50	23	2	453	490	676	94	143	326	0.18	24.3
TRINITY_DN10705_c0_g1_i2.p1	Bmori|XP_012551199.2	37.500	32	17	1	90	118	177	310	341	349	0.67	20.4
TRINITY_DN31342_c0_g2_i1.p1	Spodoptera|XP_035433249.2	27.083	96	49	4	8	101	103	90	166	238	0.27	20.4
TRINITY_DN9458_c0_g1_i15.p1	Spodoptera|XP_035432672.2	25.000	40	30	0	625	664	876	209	248	327	0.19	24.6
TRINITY_DN31319_c0_g1_i1.p1	Spodoptera|XP_050559197.1	34.615	26	17	0	92	117	121	248	273	343	0.65	19.6
TRINITY_DN31319_c0_g1_i1.p1	Bmori|XP_037869304.1	37.500	32	11	2	38	69	121	292	314	319	0.67	19.6
TRINITY_DN31319_c0_g1_i1.p1	Bmori|XP_037867392.1	57.143	14	6	0	94	107	121	61	74	395	0.94	19.2
TRINITY_DN8545_c0_g3_i1.p1	Spodoptera|XP_050559703.1	32.653	49	26	2	5	53	121	164	205	315	0.078	22.3
TRINITY_DN8545_c0_g3_i1.p1	Spodoptera|XP_050549308.1	33.333	33	22	0	85	117	121	265	297	431	0.26	20.8
TRINITY_DN18355_c0_g1_i3.p1	Spodoptera|XP_035433286.1	18.696	230	156	8	105	312	363	48	268	344	0.18	23.5
TRINITY_DN4429_c0_g1_i2.p1	Bmori|XP_021206280.1	24.590	61	36	2	207	264	549	135	188	290	0.11	24.6
TRINITY_DN7609_c0_g1_i1.p1	Spodoptera|XP_035433286.1	28.889	45	27	1	820	859	1840	218	262	344	0.82	23.9
TRINITY_DN326_c0_g1_i15.p1	Spodoptera|XP_035436301.1	25.352	71	44	3	438	500	555	250	319	341	0.51	22.7
TRINITY_DN23107_c0_g1_i1.p1	Spodoptera|XP_050559193.1	21.739	115	73	4	144	253	266	174	276	349	0.44	21.6
TRINITY_DN23107_c0_g1_i1.p1	Spodoptera|XP_035436318.2	30.000	40	22	1	211	250	266	242	275	351	0.91	20.8
TRINITY_DN4713_c1_g3_i7.p1	Bmori|XP_004930400.2	25.000	28	21	0	154	181	349	5	32	346	1.00	21.2
TRINITY_DN43506_c0_g1_i1.p1	Spodoptera|XP_050549308.1	24.138	58	39	1	4	56	305	133	190	431	0.29	22.7
TRINITY_DN43506_c0_g1_i1.p1	Spodoptera|XP_050559703.1	30.435	46	32	0	56	101	305	39	84	315	0.44	21.9
TRINITY_DN3099_c0_g1_i10.p1	Bmori|XP_012551199.2	35.294	34	22	0	320	353	526	173	206	349	0.64	22.3
TRINITY_DN19011_c0_g1_i1.p1	Bmori|XP_062529457.1	29.630	27	19	0	33	59	163	189	215	326	0.55	20.4
TRINITY_DN16089_c0_g1_i1.p1	Spodoptera|XP_050559193.1	27.273	66	34	3	110	163	206	5	68	349	0.016	25.8
TRINITY_DN16089_c0_g1_i1.p1	Bmori|XP_021206280.1	30.769	52	33	1	91	139	206	154	205	290	0.85	20.4
TRINITY_DN1971_c0_g1_i1.p1	Bmori|XP_021206280.1	32.258	31	21	0	125	155	937	23	53	290	0.016	28.1
TRINITY_DN1971_c0_g1_i1.p1	Bmori|XP_062524699.1	38.710	31	19	0	125	155	937	79	109	343	0.023	27.7
TRINITY_DN5922_c0_g1_i5.p1	Spodoptera|XP_050559703.1	25.424	59	35	1	2170	2228	3168	243	292	315	0.050	28.5
TRINITY_DN25794_c0_g3_i1.p1	Bmori|XP_037867392.1	22.222	81	54	2	4	75	290	312	392	395	0.64	21.2
TRINITY_DN5224_c0_g1_i1.p1	Bmori|XP_012550153.2	26.718	131	72	6	8	132	246	7	119	312	2.91e-05	34.7
TRINITY_DN5224_c0_g1_i1.p1	Spodoptera|XP_035433249.2	23.348	227	144	7	9	220	246	15	226	238	1.06e-04	32.7
TRINITY_DN5224_c0_g1_i1.p1	Spodoptera|XP_050559703.1	22.581	186	97	7	60	215	246	127	295	315	0.017	25.8
TRINITY_DN51858_c0_g1_i1.p1	Bmori|XP_062527116.1	33.929	56	28	4	30	80	158	123	174	436	0.17	21.9
TRINITY_DN51858_c0_g1_i1.p1	Spodoptera|XP_050549308.1	28.235	85	52	4	30	109	158	120	200	431	0.21	21.9
TRINITY_DN2_c0_g1_i4.p1	Spodoptera|XP_035442818.1	53.846	13	6	0	69	81	254	296	308	390	0.70	21.2
TRINITY_DN2_c0_g3_i1.p1	Bmori|XP_062524699.1	70.000	10	3	0	50	59	165	197	206	343	0.29	21.6
TRINITY_DN2_c0_g3_i1.p1	Spodoptera|XP_050559197.1	77.778	9	2	0	51	59	165	197	205	343	0.49	20.8
TRINITY_DN2_c0_g3_i1.p1	Bmori|XP_021206280.1	29.730	37	23	1	23	59	165	116	149	290	0.85	20.0
TRINITY_DN3656_c0_g1_i2.p1	Bmori|XP_012551199.2	28.571	77	40	5	4	79	99	239	301	349	0.67	19.2
TRINITY_DN22334_c0_g1_i11.p1	Spodoptera|XP_035435946.2	50.000	20	10	0	97	116	338	16	35	344	0.16	23.5
TRINITY_DN1934_c2_g1_i15.p1	Spodoptera|XP_035436318.2	40.000	30	17	1	493	521	521	237	266	351	0.68	22.3
TRINITY_DN1934_c2_g1_i15.p1	Spodoptera|XP_050559193.1	40.000	30	17	1	493	521	521	235	264	349	0.80	21.9
TRINITY_DN1934_c2_g1_i15.p1	Spodoptera|XP_050559196.1	25.806	62	40	2	466	521	521	205	266	304	0.82	21.9
TRINITY_DN8543_c0_g2_i2.p1	Bmori|XP_021206280.1	23.853	109	68	5	111	209	285	103	206	290	0.12	23.5
TRINITY_DN2045_c0_g1_i1.p1	Bmori|XP_062529457.1	42.857	35	18	1	49	83	240	246	278	326	0.12	23.1
TRINITY_DN1830_c0_g1_i4.p1	Spodoptera|XP_035432548.2	23.256	86	64	2	144	229	644	115	198	311	0.42	23.1
TRINITY_DN7630_c0_g1_i1.p1	Bmori|XP_012551199.2	50.000	18	9	0	255	272	456	195	212	349	0.27	23.1
TRINITY_DN7630_c0_g1_i1.p1	Bmori|XP_062529457.1	34.000	50	17	2	154	199	456	23	60	326	0.41	22.7
TRINITY_DN1807_c0_g1_i1.p1	Bmori|XP_037867392.1	35.135	37	24	0	143	179	236	203	239	395	0.17	22.7
TRINITY_DN701_c5_g1_i7.p2	Spodoptera|XP_050559703.1	24.638	69	33	3	31	94	143	179	233	315	0.74	20.0
TRINITY_DN1109_c0_g1_i3.p1	Spodoptera|XP_035436318.2	25.641	78	48	3	795	868	1211	99	170	351	0.28	24.6
TRINITY_DN1109_c0_g1_i3.p1	Spodoptera|XP_050559196.1	25.926	54	38	1	815	868	1211	119	170	304	0.33	24.3
TRINITY_DN3795_c0_g1_i2.p1	Spodoptera|XP_035432548.2	36.111	36	23	0	834	869	1335	212	247	311	0.26	25.0
TRINITY_DN9480_c0_g1_i2.p1	Spodoptera|XP_035442818.1	21.898	137	85	5	454	579	740	32	157	390	0.31	23.9
TRINITY_DN1674_c1_g1_i3.p1	Spodoptera|XP_050559191.1	46.667	15	5	1	523	537	551	211	222	352	0.97	21.9
TRINITY_DN168_c1_g1_i2.p1	Spodoptera|XP_050559193.1	29.091	55	38	1	25	78	574	251	305	349	0.020	27.3
TRINITY_DN5364_c0_g1_i12.p1	Spodoptera|XP_035436301.1	33.333	33	22	0	467	499	596	130	162	341	0.43	23.1
TRINITY_DN5364_c0_g1_i12.p1	Bmori|XP_037869304.1	29.545	44	29	1	456	499	596	102	143	319	0.70	22.3
TRINITY_DN30405_c0_g1_i2.p1	Bmori|XP_021206280.1	30.435	23	16	0	249	271	361	96	118	290	0.44	22.3
TRINITY_DN1946_c0_g1_i19.p1	Spodoptera|XP_050559703.1	47.368	19	9	1	43	61	130	68	85	315	0.26	21.2
TRINITY_DN1946_c0_g1_i19.p1	Bmori|XP_037867392.1	42.857	14	8	0	93	106	130	280	293	395	0.84	19.6
TRINITY_DN41261_c0_g1_i1.p1	Spodoptera|XP_035432672.2	45.833	24	11	1	97	118	402	36	59	327	0.26	23.1
TRINITY_DN7608_c0_g1_i52.p1	Bmori|XP_062527116.1	40.909	22	13	0	70	91	758	280	301	436	0.31	23.9
TRINITY_DN4993_c1_g1_i3.p1	Spodoptera|XP_050559191.1	25.000	36	27	0	68	103	134	310	345	352	0.79	19.6
TRINITY_DN6020_c0_g1_i3.p1	Spodoptera|XP_050559196.1	39.130	23	14	0	48	70	520	123	145	304	0.51	22.7
TRINITY_DN6020_c0_g1_i3.p1	Spodoptera|XP_035436318.2	39.130	23	14	0	48	70	520	123	145	351	0.52	22.7
TRINITY_DN6020_c0_g1_i3.p1	Spodoptera|XP_050559191.1	24.706	85	50	2	41	111	520	61	145	352	0.91	21.9
TRINITY_DN9880_c1_g1_i3.p1	Spodoptera|XP_050549308.1	37.500	56	30	3	36	89	120	335	387	431	0.018	24.3
TRINITY_DN12412_c0_g1_i6.p1	Spodoptera|XP_035432672.2	30.000	50	27	1	370	419	754	41	82	327	0.046	26.6
TRINITY_DN7747_c0_g1_i2.p1	Bmori|XP_062527116.1	29.293	99	55	5	156	248	1056	252	341	436	0.10	26.2
TRINITY_DN7747_c0_g1_i2.p1	Spodoptera|XP_050549308.1	50.000	18	9	0	156	173	1056	249	266	431	0.78	23.1
TRINITY_DN22321_c2_g1_i1.p1	Spodoptera|XP_050559193.1	47.059	17	9	0	11	27	126	170	186	349	0.36	20.4
TRINITY_DN1533_c1_g1_i27.p1	Spodoptera|XP_050549308.1	24.138	58	38	1	222	279	289	12	63	431	0.93	20.8
TRINITY_DN4568_c0_g1_i3.p1	Bmori|XP_062527116.1	66.667	15	5	0	1269	1283	2209	253	267	436	0.082	27.3
TRINITY_DN4568_c0_g1_i3.p1	Spodoptera|XP_050549308.1	66.667	15	5	0	1269	1283	2209	250	264	431	0.084	27.3
TRINITY_DN23246_c0_g1_i3.p1	Spodoptera|XP_035442818.1	25.000	68	45	2	282	346	398	56	120	390	0.13	24.3
TRINITY_DN3655_c0_g1_i10.p1	Spodoptera|XP_050559197.1	50.000	20	7	1	57	76	176	194	210	343	0.43	21.2
TRINITY_DN3655_c0_g1_i10.p1	Spodoptera|XP_035432672.2	60.000	10	4	0	106	115	176	37	46	327	0.65	20.4
TRINITY_DN58313_c0_g1_i1.p1	Bmori|XP_012551199.2	27.586	29	21	0	46	74	104	179	207	349	0.40	20.0
TRINITY_DN8542_c0_g1_i1.p1	Bmori|XP_012550153.2	30.204	245	131	6	1	211	218	4	242	312	2.28e-29	102
TRINITY_DN8542_c0_g1_i1.p1	Spodoptera|XP_035433249.2	29.688	128	79	3	5	128	218	15	135	238	2.10e-12	55.1
TRINITY_DN135_c12_g1_i1.p1	Bmori|XP_062529457.1	25.287	87	51	2	336	414	541	236	316	326	0.45	22.7
TRINITY_DN1806_c0_g1_i1.p1	Bmori|XP_062527116.1	22.500	80	54	2	163	234	408	296	375	436	0.24	23.5
TRINITY_DN1131_c0_g1_i11.p1	Spodoptera|XP_050559196.1	26.154	65	48	0	45	109	128	66	130	304	0.026	23.9
TRINITY_DN1131_c0_g1_i11.p1	Spodoptera|XP_035436318.2	26.154	65	48	0	45	109	128	66	130	351	0.035	23.5
TRINITY_DN1131_c0_g1_i11.p1	Spodoptera|XP_050559197.1	27.451	51	37	0	45	95	128	62	112	343	0.055	23.1
TRINITY_DN1131_c0_g1_i11.p1	Spodoptera|XP_050559193.1	21.212	66	52	0	44	109	128	63	128	349	0.42	20.4
TRINITY_DN59365_c0_g1_i1.p1	Spodoptera|XP_035436318.2	27.273	55	40	0	97	151	198	18	72	351	0.095	23.1
TRINITY_DN59365_c0_g1_i1.p1	Spodoptera|XP_050559196.1	27.273	55	40	0	97	151	198	18	72	304	0.12	22.7
TRINITY_DN59365_c0_g1_i1.p1	Spodoptera|XP_050559193.1	30.909	55	36	1	97	151	198	18	70	349	0.90	20.0
TRINITY_DN3794_c0_g1_i1.p1	Spodoptera|XP_050559191.1	42.105	19	11	0	206	224	305	262	280	352	0.75	21.2
TRINITY_DN1247_c0_g1_i21.p1	Spodoptera|XP_050559703.1	44.444	18	10	0	79	96	116	12	29	315	0.36	20.4
TRINITY_DN10547_c1_g2_i1.p1	Bmori|XP_062529457.1	31.818	22	15	0	86	107	694	305	326	326	0.66	22.7
TRINITY_DN4427_c0_g1_i1.p1	Bmori|XP_012550153.2	30.435	23	16	0	356	378	538	98	120	312	0.55	22.3
TRINITY_DN56186_c0_g1_i1.p1	Bmori|XP_012551199.2	19.355	62	50	0	154	215	270	65	126	349	0.44	21.6
TRINITY_DN25093_c0_g1_i2.p1	Spodoptera|XP_035433286.1	22.917	48	37	0	96	143	274	118	165	344	0.74	21.2
TRINITY_DN4566_c0_g1_i1.p1	Spodoptera|XP_050559191.1	37.143	35	19	1	621	652	2143	29	63	352	0.17	26.2
TRINITY_DN18469_c0_g1_i2.p1	Spodoptera|XP_035433286.1	40.000	30	18	0	105	134	404	134	163	344	0.12	24.3
TRINITY_DN1271_c0_g1_i35.p1	Bmori|XP_004930400.2	42.308	26	15	0	992	1017	1333	21	46	346	0.32	24.6
TRINITY_DN1271_c0_g1_i35.p1	Spodoptera|XP_035432548.2	41.176	34	19	1	348	380	1333	128	161	311	0.35	24.6
TRINITY_DN3653_c0_g1_i1.p1	Spodoptera|XP_050559197.1	26.667	45	33	0	72	116	252	110	154	343	0.41	21.6
TRINITY_DN6135_c0_g1_i1.p1	Spodoptera|XP_035442818.1	36.585	41	20	1	79	113	245	46	86	390	0.39	21.6
TRINITY_DN5920_c0_g1_i1.p1	Spodoptera|XP_035432672.2	32.432	37	16	2	172	199	235	224	260	327	0.97	20.4
TRINITY_DN42730_c0_g1_i1.p1	Spodoptera|XP_035433286.1	28.000	50	34	1	102	149	160	129	178	344	0.020	25.0
TRINITY_DN42730_c0_g1_i1.p1	Spodoptera|XP_035442818.1	34.286	35	15	1	100	134	160	25	51	390	0.54	20.4
TRINITY_DN33862_c0_g1_i1.p1	Spodoptera|XP_035436301.1	38.095	21	13	0	34	54	215	84	104	341	0.36	21.6
TRINITY_DN7885_c0_g1_i46.p1	Spodoptera|XP_050559193.1	29.545	44	28	1	198	238	723	107	150	349	0.75	22.7
TRINITY_DN7885_c0_g1_i46.p1	Bmori|XP_037867392.1	25.424	59	40	2	61	115	723	224	282	395	0.82	22.3
TRINITY_DN7885_c0_g2_i1.p1	Spodoptera|XP_050559193.1	29.545	44	28	1	33	73	558	107	150	349	0.66	22.3
TRINITY_DN20763_c0_g1_i2.p1	Bmori|XP_037869304.1	38.889	18	11	0	286	303	324	212	229	319	0.71	21.2
TRINITY_DN1387_c0_g1_i1.p1	Bmori|XP_004930400.2	40.000	25	15	0	77	101	115	203	227	346	0.34	20.4
TRINITY_DN1387_c0_g1_i1.p1	Bmori|XP_062526412.1	37.037	27	17	0	77	103	115	146	172	289	0.35	20.4
TRINITY_DN1387_c0_g1_i1.p1	Bmori|XP_062526415.1	37.037	27	17	0	77	103	115	134	160	277	0.45	20.0
TRINITY_DN1671_c1_g1_i10.p1	Spodoptera|XP_035442818.1	23.404	47	34	1	34	78	382	230	276	390	0.14	23.9
TRINITY_DN55830_c0_g1_i1.p1	Bmori|XP_037869304.1	40.000	30	17	1	7	36	110	284	312	319	0.59	19.6
TRINITY_DN3654_c0_g1_i1.p1	Bmori|XP_037867392.1	30.556	36	25	0	175	210	669	223	258	395	0.62	22.7
TRINITY_DN9454_c0_g1_i1.p1	Bmori|XP_062529457.1	40.909	22	11	1	377	398	437	46	65	326	0.22	23.5
TRINITY_DN9454_c0_g1_i1.p1	Spodoptera|XP_035433286.1	39.130	23	12	1	377	399	437	48	68	344	0.49	22.3
TRINITY_DN9454_c0_g1_i1.p1	Bmori|XP_012551199.2	34.783	23	13	1	377	399	437	52	72	349	0.52	22.3
TRINITY_DN40464_c0_g1_i1.p1	Spodoptera|XP_050559191.1	77.778	9	2	0	75	83	162	25	33	352	0.99	19.6
TRINITY_DN10959_c0_g1_i1.p1	Spodoptera|XP_050559193.1	44.444	18	10	0	470	487	490	323	340	349	0.92	21.6
TRINITY_DN22309_c0_g1_i1.p1	Spodoptera|XP_035442818.1	63.265	98	36	0	1	98	107	124	221	390	1.11e-40	129
TRINITY_DN22309_c0_g1_i1.p1	Spodoptera|XP_035432548.2	55.102	98	43	1	2	98	107	47	144	311	3.16e-34	111
TRINITY_DN22309_c0_g1_i1.p1	Bmori|XP_037867392.1	47.619	105	55	0	3	107	107	130	234	395	2.12e-31	105
TRINITY_DN2043_c0_g1_i2.p1	Spodoptera|XP_035436301.1	40.909	22	13	0	33	54	608	149	170	341	0.89	21.9
TRINITY_DN2043_c0_g1_i2.p1	Bmori|XP_037869304.1	40.909	22	13	0	33	54	608	130	151	319	0.91	21.9
TRINITY_DN1909_c2_g1_i3.p1	Spodoptera|XP_035442818.1	31.707	41	22	2	14	54	162	267	301	390	0.73	20.0
TRINITY_DN7886_c0_g1_i46.p1	Spodoptera|XP_035436301.1	28.571	42	30	0	2021	2062	4053	222	263	341	0.50	25.8
TRINITY_DN7886_c0_g1_i46.p1	Bmori|XP_037867392.1	27.083	48	34	1	610	657	4053	134	180	395	0.60	25.4
TRINITY_DN322_c0_g1_i1.p1	Bmori|XP_062529457.1	30.189	53	24	2	426	478	478	101	140	326	0.21	23.5
TRINITY_DN3095_c0_g2_i2.p1	Spodoptera|XP_035433286.1	50.000	20	10	0	111	130	475	129	148	344	0.078	25.0
TRINITY_DN3095_c0_g2_i2.p1	Spodoptera|XP_035432548.2	26.829	41	30	0	169	209	475	7	47	311	0.28	23.1
TRINITY_DN48670_c0_g1_i1.p1	Spodoptera|XP_035433249.2	22.826	92	56	3	98	174	206	137	228	238	0.89	20.0
TRINITY_DN47734_c0_g1_i1.p1	Bmori|XP_037867392.1	47.059	17	8	1	23	39	99	234	249	395	0.50	19.6
TRINITY_DN47734_c0_g1_i1.p1	Spodoptera|XP_050559703.1	53.846	13	6	0	31	43	99	270	282	315	0.74	19.2
TRINITY_DN4426_c0_g1_i3.p1	Spodoptera|XP_050559196.1	22.642	106	70	2	298	403	706	29	122	304	0.51	23.1
TRINITY_DN4426_c0_g1_i3.p1	Spodoptera|XP_035436318.2	24.528	106	68	2	298	403	706	29	122	351	0.76	22.3
TRINITY_DN294_c3_g1_i10.p1	Spodoptera|XP_050559191.1	22.222	81	56	3	76	156	213	45	118	352	0.16	22.7
TRINITY_DN294_c3_g1_i10.p1	Spodoptera|XP_050559196.1	23.711	97	58	5	76	163	213	46	135	304	0.39	21.6
TRINITY_DN294_c3_g1_i10.p1	Spodoptera|XP_035436318.2	23.711	97	58	5	76	163	213	46	135	351	0.41	21.6
TRINITY_DN294_c3_g1_i10.p1	Spodoptera|XP_050559197.1	21.154	52	34	1	118	162	213	79	130	343	0.63	20.8
TRINITY_DN9855_c1_g1_i1.p1	Spodoptera|XP_050559197.1	36.667	30	13	1	169	198	199	177	200	343	0.51	21.2
TRINITY_DN9855_c1_g1_i1.p1	Bmori|XP_012551199.2	21.951	82	61	2	94	174	199	79	158	349	0.87	20.4
TRINITY_DN6832_c0_g1_i8.p1	Spodoptera|XP_050559197.1	34.000	50	23	2	379	418	461	180	229	343	0.13	24.3
TRINITY_DN6832_c0_g1_i8.p1	Bmori|XP_062526415.1	41.379	29	16	1	391	418	461	134	162	277	0.54	22.3
TRINITY_DN6832_c0_g1_i8.p1	Bmori|XP_062526412.1	41.379	29	16	1	391	418	461	146	174	289	0.55	22.3
TRINITY_DN6832_c0_g1_i8.p1	Bmori|XP_004930400.2	41.379	29	16	1	391	418	461	203	231	346	0.68	21.9
TRINITY_DN3629_c0_g1_i7.p1	Spodoptera|XP_035432548.2	41.667	24	14	0	352	375	568	284	307	311	0.23	23.9
TRINITY_DN723_c1_g1_i8.p1	Spodoptera|XP_035433286.1	30.189	53	25	2	213	255	723	82	132	344	0.60	22.7
TRINITY_DN34774_c0_g2_i1.p1	Bmori|XP_062524699.1	30.000	40	19	1	92	122	176	87	126	343	0.78	20.0
TRINITY_DN723_c1_g2_i1.p1	Spodoptera|XP_035435946.2	30.000	20	14	0	11	30	106	204	223	344	0.84	19.2
TRINITY_DN2041_c0_g1_i102.p1	Spodoptera|XP_035432548.2	34.783	23	15	0	215	237	245	46	68	311	0.67	20.8
TRINITY_DN8797_c0_g1_i4.p1	Bmori|XP_012550153.2	33.212	274	140	7	20	263	269	3	263	312	1.96e-37	125
TRINITY_DN8797_c0_g1_i4.p1	Spodoptera|XP_035433249.2	22.963	135	90	3	22	154	269	12	134	238	1.17e-07	41.6
TRINITY_DN8797_c0_g1_i4.p1	Spodoptera|XP_050559703.1	28.205	117	73	5	35	149	269	96	203	315	3.28e-06	37.7
TRINITY_DN1803_c0_g1_i1.p1	Bmori|XP_021206280.1	27.586	58	39	1	433	490	604	16	70	290	0.65	22.3
TRINITY_DN7884_c0_g1_i1.p1	Spodoptera|XP_035436301.1	30.645	62	41	2	430	490	959	60	120	341	0.049	26.9
TRINITY_DN7884_c0_g1_i1.p1	Bmori|XP_037869304.1	30.645	62	41	2	430	490	959	41	101	319	0.065	26.2
TRINITY_DN1386_c0_g1_i4.p1	Spodoptera|XP_050559703.1	56.250	16	7	0	1287	1302	1339	100	115	315	0.30	24.6
TRINITY_DN7186_c0_g1_i11.p1	Spodoptera|XP_035432672.2	25.301	83	50	2	886	965	2768	210	283	327	0.046	28.5
TRINITY_DN7186_c0_g1_i11.p1	Bmori|XP_021206280.1	37.500	24	15	0	1826	1849	2768	206	229	290	0.33	25.4
TRINITY_DN11196_c0_g1_i1.p1	Spodoptera|XP_035433249.2	26.752	157	99	5	13	157	292	14	166	238	8.31e-07	39.3
TRINITY_DN11196_c0_g1_i1.p1	Bmori|XP_012550153.2	21.622	111	59	4	13	99	292	7	113	312	0.009	26.9
TRINITY_DN11196_c0_g1_i1.p1	Bmori|XP_012550153.2	50.000	14	7	0	92	105	292	274	287	312	0.73	21.2
TRINITY_DN11196_c0_g1_i1.p1	Spodoptera|XP_050559703.1	22.222	135	88	3	14	131	292	86	220	315	0.020	26.2
TRINITY_DN2042_c0_g1_i1.p1	Spodoptera|XP_050549308.1	35.000	40	24	1	395	432	1367	173	212	431	0.25	25.0
TRINITY_DN12550_c0_g2_i1.p1	Bmori|XP_012551199.2	34.146	41	20	2	26	66	111	101	134	349	0.31	20.4
TRINITY_DN48507_c0_g1_i1.p1	Spodoptera|XP_050559197.1	32.692	52	31	2	52	102	112	76	124	343	0.27	20.8
TRINITY_DN48507_c0_g1_i1.p1	Spodoptera|XP_035432672.2	38.095	21	13	0	35	55	112	307	327	327	0.96	18.9
TRINITY_DN18350_c0_g3_i1.p1	Spodoptera|XP_035435946.2	40.741	27	16	0	262	288	345	119	145	344	0.15	23.5
TRINITY_DN321_c0_g1_i1.p1	Bmori|XP_012551199.2	50.000	24	6	1	116	139	205	33	50	349	0.99	20.0
TRINITY_DN1106_c0_g1_i4.p1	Spodoptera|XP_035432548.2	40.625	32	15	2	452	480	480	259	289	311	0.53	22.3
TRINITY_DN3792_c0_g5_i1.p1	Spodoptera|XP_050559191.1	26.562	64	46	1	794	856	885	49	112	352	0.20	24.6
TRINITY_DN13579_c0_g1_i1.p1	Spodoptera|XP_050559703.1	21.795	78	42	3	248	314	320	185	254	315	0.020	26.2
TRINITY_DN13579_c0_g1_i1.p1	Spodoptera|XP_035432672.2	38.889	18	11	0	297	314	320	176	193	327	0.41	21.9
TRINITY_DN3792_c0_g6_i1.p1	Spodoptera|XP_035433286.1	20.988	81	60	2	195	275	422	242	318	344	0.28	23.1
TRINITY_DN165_c1_g1_i3.p1	Spodoptera|XP_035433249.2	38.462	26	10	1	79	104	119	27	46	238	0.074	22.3
TRINITY_DN5361_c0_g1_i11.p1	Bmori|XP_062527116.1	32.143	28	19	0	398	425	2037	93	120	436	0.91	23.9
TRINITY_DN54334_c0_g1_i1.p1	Spodoptera|XP_035432548.2	50.000	12	6	0	118	129	129	49	60	311	0.15	21.6
TRINITY_DN54334_c0_g1_i1.p1	Spodoptera|XP_050559193.1	30.357	56	32	3	17	68	129	208	260	349	0.89	19.2
TRINITY_DN2158_c0_g1_i12.p1	Spodoptera|XP_035433249.2	35.000	40	24	1	462	499	505	82	121	238	0.33	23.1
TRINITY_DN165_c1_g3_i5.p1	Spodoptera|XP_050559193.1	35.294	34	19	1	19	49	119	102	135	349	0.34	20.4
TRINITY_DN165_c1_g3_i5.p1	Spodoptera|XP_035433249.2	37.037	27	11	1	78	104	119	26	46	238	0.55	19.6
TRINITY_DN5338_c0_g1_i1.p1	Spodoptera|XP_050559193.1	20.988	81	55	2	151	225	955	36	113	349	0.27	24.3
TRINITY_DN26421_c0_g1_i1.p1	Spodoptera|XP_035436318.2	34.146	41	20	1	15	48	129	276	316	351	0.62	20.0
TRINITY_DN26421_c0_g1_i1.p1	Bmori|XP_004930400.2	21.739	69	43	3	18	86	129	9	66	346	0.63	20.0
TRINITY_DN26421_c0_g2_i1.p1	Spodoptera|XP_035442818.1	52.941	17	8	0	22	38	122	61	77	390	0.26	20.8
TRINITY_DN3512_c0_g1_i13.p1	Spodoptera|XP_035435946.2	27.907	43	24	1	129	164	222	261	303	344	0.51	21.2
TRINITY_DN3512_c0_g1_i13.p1	Bmori|XP_062526412.1	30.769	26	16	1	7	32	222	137	160	289	0.94	20.4
TRINITY_DN3512_c0_g1_i13.p1	Bmori|XP_062526415.1	30.769	26	16	1	7	32	222	125	148	277	0.96	20.4
TRINITY_DN1506_c1_g1_i17.p1	Spodoptera|XP_050559196.1	22.449	98	71	2	66	160	559	21	116	304	0.42	23.1
TRINITY_DN1506_c1_g1_i17.p1	Spodoptera|XP_035436318.2	22.449	98	71	2	66	160	559	21	116	351	0.58	22.7
TRINITY_DN7744_c0_g1_i4.p2	Spodoptera|XP_050559193.1	41.176	17	10	0	70	86	110	293	309	349	0.68	19.2
TRINITY_DN461_c0_g1_i1.p1	Spodoptera|XP_035436301.1	28.571	35	25	0	63	97	763	41	75	341	0.16	24.6
TRINITY_DN2040_c0_g1_i21.p1	Bmori|XP_012551199.2	20.619	97	66	2	669	756	873	244	338	349	0.81	22.7
TRINITY_DN8796_c0_g1_i10.p1	Bmori|XP_012551199.2	28.571	28	20	0	208	235	320	74	101	349	0.25	22.7
TRINITY_DN8796_c0_g1_i10.p1	Bmori|XP_037869304.1	30.303	33	23	0	46	78	320	220	252	319	0.37	22.3
TRINITY_DN8796_c0_g1_i10.p1	Spodoptera|XP_035433286.1	32.143	28	19	0	208	235	320	70	97	344	0.82	21.2
TRINITY_DN2298_c0_g1_i1.p1	Spodoptera|XP_035435946.2	70.000	10	3	0	94	103	117	215	224	344	0.14	21.6
TRINITY_DN8098_c0_g3_i3.p1	Spodoptera|XP_035442818.1	82.540	252	44	0	1	252	252	139	390	390	4.29e-163	448
TRINITY_DN8098_c0_g3_i3.p1	Spodoptera|XP_035432548.2	51.210	248	117	3	6	252	252	67	311	311	1.78e-89	259
TRINITY_DN8098_c0_g3_i3.p1	Bmori|XP_037867392.1	47.200	250	129	3	1	248	252	143	391	395	1.01e-87	257
TRINITY_DN7185_c0_g1_i5.p1	Bmori|XP_012550153.2	33.333	30	20	0	567	596	1433	78	107	312	0.42	24.3
TRINITY_DN11195_c0_g1_i1.p2	Spodoptera|XP_050559191.1	41.667	24	14	0	36	59	119	119	142	352	0.44	20.0
TRINITY_DN827_c3_g1_i14.p1	Spodoptera|XP_050559196.1	27.692	65	44	2	828	892	1134	230	291	304	0.96	22.7
TRINITY_DN5336_c0_g1_i1.p1	Spodoptera|XP_050559193.1	31.250	32	22	0	259	290	314	272	303	349	0.36	22.3
TRINITY_DN15844_c0_g1_i1.p1	Spodoptera|XP_050559703.1	27.536	69	45	3	66	131	133	198	264	315	0.84	19.6
TRINITY_DN24295_c0_g1_i1.p1	Spodoptera|XP_050559193.1	33.333	42	22	2	147	182	207	16	57	349	0.78	20.4
TRINITY_DN2180_c0_g1_i12.p1	Spodoptera|XP_035432548.2	45.000	20	11	0	171	190	201	231	250	311	0.58	20.8
TRINITY_DN2180_c0_g1_i12.p1	Bmori|XP_037869304.1	28.571	49	26	1	78	117	201	119	167	319	0.68	20.4
TRINITY_DN2180_c0_g1_i12.p1	Bmori|XP_037867392.1	30.303	33	21	1	171	201	201	313	345	395	0.90	20.4
TRINITY_DN21533_c0_g1_i10.p1	Bmori|XP_062524699.1	47.368	19	10	0	93	111	325	207	225	343	0.49	21.9
TRINITY_DN14234_c0_g1_i1.p1	Bmori|XP_062526412.1	33.333	27	15	1	77	100	101	192	218	289	0.84	18.9
TRINITY_DN14234_c0_g1_i1.p1	Bmori|XP_062526415.1	33.333	27	15	1	77	100	101	180	206	277	0.89	18.9
TRINITY_DN6806_c0_g1_i13.p1	Spodoptera|XP_035436318.2	26.724	116	57	4	75	162	183	196	311	351	0.083	23.1
TRINITY_DN6806_c0_g1_i13.p1	Spodoptera|XP_050559196.1	36.000	25	16	0	75	99	183	196	220	304	0.085	23.1
TRINITY_DN9980_c3_g1_i2.p1	Bmori|XP_004930400.2	36.364	33	19	1	52	82	110	239	271	346	0.32	20.4
TRINITY_DN9980_c3_g1_i2.p1	Bmori|XP_062527116.1	53.333	15	7	0	57	71	110	417	431	436	0.78	19.2
TRINITY_DN9311_c0_g2_i4.p1	Spodoptera|XP_050559193.1	29.333	75	43	4	579	650	788	138	205	349	0.11	25.4
TRINITY_DN9311_c0_g2_i4.p1	Spodoptera|XP_035432672.2	34.000	50	28	2	494	543	788	171	215	327	0.91	22.3
TRINITY_DN6108_c0_g1_i1.p1	Bmori|XP_004930400.2	55.556	18	5	1	87	104	108	5	19	346	0.69	19.2
TRINITY_DN5476_c0_g1_i64.p1	Bmori|XP_037867392.1	25.260	289	194	6	58	329	390	56	339	395	7.89e-21	83.6
TRINITY_DN5476_c0_g1_i64.p1	Spodoptera|XP_035442818.1	26.518	313	199	10	41	329	390	29	334	390	9.45e-21	83.6
TRINITY_DN5476_c0_g1_i64.p1	Spodoptera|XP_035432548.2	25.991	227	151	5	117	330	390	36	258	311	1.56e-19	79.0
TRINITY_DN4253_c3_g1_i2.p1	Spodoptera|XP_035432548.2	20.290	138	89	5	76	211	831	193	311	311	0.066	26.2
TRINITY_DN3650_c0_g1_i13.p1	Spodoptera|XP_035436301.1	37.500	24	15	0	514	537	913	39	62	341	0.41	23.9
TRINITY_DN29716_c0_g1_i1.p1	Spodoptera|XP_035442818.1	32.432	37	18	1	199	228	323	145	181	390	0.74	21.2
TRINITY_DN55386_c0_g1_i1.p1	Spodoptera|XP_050559193.1	27.273	77	47	2	5	79	145	82	151	349	0.018	24.6
TRINITY_DN9398_c3_g1_i1.p1	Spodoptera|XP_050549308.1	21.053	114	87	2	16	126	168	148	261	431	0.25	21.6
TRINITY_DN8097_c0_g1_i1.p1	Bmori|XP_037867392.1	44.118	34	17	1	179	212	1142	274	305	395	0.25	25.0
TRINITY_DN669_c4_g1_i5.p1	Bmori|XP_062524699.1	20.833	48	34	1	352	395	509	45	92	343	0.39	23.1
TRINITY_DN669_c4_g1_i5.p1	Bmori|XP_062529457.1	25.275	91	54	4	312	394	509	5	89	326	0.40	22.7
TRINITY_DN669_c4_g1_i5.p1	Bmori|XP_004930400.2	22.340	94	62	3	303	395	509	10	93	346	0.62	22.3
TRINITY_DN669_c4_g1_i5.p1	Spodoptera|XP_050559197.1	25.000	52	34	1	346	397	509	47	93	343	0.68	22.3
TRINITY_DN7882_c0_g1_i7.p1	Spodoptera|XP_035435946.2	42.857	21	12	0	58	78	501	251	271	344	0.30	23.1
TRINITY_DN7882_c0_g1_i7.p1	Spodoptera|XP_035436301.1	32.000	25	17	0	208	232	501	105	129	341	0.54	22.3
TRINITY_DN7882_c0_g2_i2.p1	Bmori|XP_062527116.1	36.364	33	21	0	453	485	504	104	136	436	0.078	25.0
TRINITY_DN4679_c0_g1_i2.p1	Bmori|XP_062527116.1	22.472	89	54	2	53	141	224	126	199	436	0.26	22.3
TRINITY_DN4679_c0_g1_i2.p1	Bmori|XP_012551199.2	25.301	83	47	3	92	171	224	37	107	349	0.28	21.9
TRINITY_DN1103_c0_g1_i1.p1	Spodoptera|XP_035442818.1	29.268	41	22	2	126	166	342	142	175	390	0.87	21.2
TRINITY_DN7184_c0_g1_i1.p1	Spodoptera|XP_050559191.1	25.843	89	51	4	112	189	610	156	240	352	0.080	25.4
TRINITY_DN4952_c3_g1_i1.p2	Spodoptera|XP_035442818.1	37.209	43	23	2	35	76	157	73	112	390	0.45	20.8
TRINITY_DN4952_c3_g3_i1.p1	Spodoptera|XP_050559193.1	41.667	24	11	1	36	59	102	138	158	349	0.22	20.8
TRINITY_DN26821_c1_g1_i1.p1	Spodoptera|XP_035433286.1	21.739	92	63	3	24	106	109	78	169	344	0.26	20.8
TRINITY_DN9428_c0_g1_i1.p1	Bmori|XP_062527116.1	64.286	14	5	0	40	53	128	78	91	436	0.065	22.7
TRINITY_DN9428_c0_g1_i1.p1	Spodoptera|XP_050549308.1	57.143	14	6	0	40	53	128	78	91	431	0.092	22.3
TRINITY_DN28804_c0_g1_i1.p1	Spodoptera|XP_035435946.2	37.931	29	17	1	15	42	119	287	315	344	0.90	19.2
TRINITY_DN28804_c0_g1_i1.p1	Spodoptera|XP_035436318.2	35.714	28	17	1	15	41	119	294	321	351	0.99	19.2
TRINITY_DN16081_c0_g2_i1.p1	Spodoptera|XP_050559196.1	50.000	24	8	1	11	34	255	36	55	304	0.37	21.9
TRINITY_DN16081_c0_g2_i1.p1	Spodoptera|XP_035436318.2	50.000	24	8	1	11	34	255	36	55	351	0.45	21.6
TRINITY_DN28804_c0_g2_i1.p1	Bmori|XP_004930400.2	29.545	44	30	1	6	49	239	17	59	346	0.066	24.3
TRINITY_DN139_c1_g1_i1.p1	Bmori|XP_037869304.1	27.273	33	24	0	34	66	116	228	260	319	0.093	21.9
TRINITY_DN139_c1_g1_i1.p1	Spodoptera|XP_035436301.1	27.273	33	24	0	34	66	116	247	279	341	0.39	20.4
TRINITY_DN5335_c0_g1_i2.p1	Spodoptera|XP_035432672.2	31.915	47	27	1	43	84	128	172	218	327	0.10	22.3
TRINITY_DN14907_c0_g1_i2.p1	Bmori|XP_062527116.1	47.059	17	9	0	86	102	102	193	209	436	0.34	20.0
TRINITY_DN3790_c0_g1_i2.p1	Spodoptera|XP_050559196.1	30.303	33	23	0	45	77	222	66	98	304	0.42	21.6
TRINITY_DN3790_c0_g1_i2.p1	Spodoptera|XP_035436318.2	30.303	33	23	0	45	77	222	66	98	351	0.61	20.8
TRINITY_DN3092_c0_g1_i1.p1	Spodoptera|XP_050559703.1	32.143	28	19	0	63	90	416	221	248	315	0.97	21.2
TRINITY_DN55245_c0_g1_i1.p1	Spodoptera|XP_050559193.1	31.818	44	26	1	50	89	116	149	192	349	0.81	19.2
TRINITY_DN8654_c0_g1_i5.p1	Spodoptera|XP_035435946.2	27.027	37	27	0	250	286	293	299	335	344	0.95	20.8
TRINITY_DN8654_c0_g1_i5.p1	Bmori|XP_062526415.1	27.027	37	27	0	250	286	293	230	266	277	0.95	20.8
TRINITY_DN30796_c0_g2_i1.p1	Bmori|XP_062524699.1	31.111	45	30	1	5	48	207	272	316	343	0.15	22.7
TRINITY_DN1941_c0_g1_i1.p1	Bmori|XP_012550153.2	32.432	37	19	2	253	283	298	6	42	312	0.53	21.6
TRINITY_DN7999_c0_g1_i7.p1	Spodoptera|XP_050559193.1	29.268	82	39	4	621	698	1807	195	261	349	0.019	28.9
TRINITY_DN7999_c0_g1_i7.p1	Spodoptera|XP_035436318.2	28.049	82	40	4	621	698	1807	197	263	351	0.090	26.9
TRINITY_DN7999_c0_g1_i7.p1	Spodoptera|XP_050559196.1	28.049	82	40	4	621	698	1807	197	263	304	0.12	26.6
TRINITY_DN7999_c0_g1_i7.p1	Bmori|XP_037867392.1	25.926	54	40	0	1128	1181	1807	81	134	395	0.34	25.0
TRINITY_DN6805_c0_g1_i1.p2	Bmori|XP_062527116.1	23.077	26	20	0	37	62	111	164	189	436	0.42	20.0
TRINITY_DN2701_c2_g1_i3.p1	Bmori|XP_004930400.2	35.000	20	13	0	25	44	116	1	20	346	0.57	19.6
TRINITY_DN5475_c0_g1_i1.p1	Bmori|XP_062529457.1	38.889	18	11	0	154	171	245	17	34	326	0.91	20.4
TRINITY_DN54448_c0_g1_i1.p1	Spodoptera|XP_035433286.1	46.154	13	7	0	89	101	110	143	155	344	0.18	21.2
TRINITY_DN54448_c0_g1_i1.p1	Bmori|XP_012551199.2	35.294	17	11	0	85	101	110	143	159	349	0.54	19.6
TRINITY_DN42004_c0_g1_i1.p1	Bmori|XP_062527116.1	26.829	41	25	1	219	254	512	163	203	436	0.61	22.3
TRINITY_DN4562_c0_g1_i11.p1	Spodoptera|XP_050549308.1	25.316	79	44	3	214	283	1211	289	361	431	0.082	26.6
TRINITY_DN4562_c0_g1_i11.p1	Bmori|XP_062526412.1	34.783	46	25	2	237	279	1211	143	186	289	0.88	23.1
TRINITY_DN4562_c0_g1_i11.p1	Bmori|XP_062526415.1	42.105	19	11	0	237	255	1211	131	149	277	0.96	22.7
TRINITY_DN11192_c0_g1_i1.p1	Spodoptera|XP_050559703.1	44.828	29	16	0	1072	1100	1325	208	236	315	0.040	27.3
TRINITY_DN1359_c0_g1_i1.p1	Spodoptera|XP_035432672.2	61.538	13	5	0	523	535	579	120	132	327	0.43	23.1
TRINITY_DN1359_c0_g1_i1.p1	Spodoptera|XP_035436301.1	29.577	71	45	1	241	311	579	117	182	341	0.57	22.7
TRINITY_DN4539_c0_g1_i1.p1	Spodoptera|XP_050549308.1	32.143	56	36	2	33	88	109	314	367	431	0.069	22.3
TRINITY_DN4823_c1_g1_i8.p1	Spodoptera|XP_035442818.1	32.203	59	36	2	190	244	713	220	278	390	0.71	22.7
TRINITY_DN4823_c1_g1_i8.p1	Spodoptera|XP_050559193.1	31.429	35	24	0	509	543	713	163	197	349	0.73	22.7
TRINITY_DN8513_c0_g1_i2.p1	Spodoptera|XP_035433286.1	37.037	27	17	0	93	119	196	313	339	344	0.095	23.1
TRINITY_DN2015_c0_g2_i10.p1	Spodoptera|XP_035435946.2	30.303	66	43	2	62	126	420	126	189	344	0.45	22.3
TRINITY_DN2015_c0_g2_i10.p1	Bmori|XP_012551199.2	27.778	36	24	1	186	221	420	210	243	349	0.86	21.6
TRINITY_DN61887_c0_g1_i1.p1	Bmori|XP_062527116.1	50.000	16	8	0	67	82	118	103	118	436	0.070	22.7
TRINITY_DN161_c1_g1_i1.p1	Bmori|XP_062527116.1	35.135	37	19	1	260	291	487	223	259	436	0.13	24.6
TRINITY_DN161_c1_g1_i1.p1	Spodoptera|XP_050549308.1	23.478	115	62	6	260	348	487	220	334	431	0.52	22.3
TRINITY_DN161_c1_g1_i1.p1	Spodoptera|XP_035442818.1	26.263	99	55	4	310	404	487	151	235	390	0.58	22.3
TRINITY_DN21530_c0_g2_i1.p2	Bmori|XP_037869304.1	25.000	64	42	2	7	66	112	114	175	319	0.12	21.6
TRINITY_DN21530_c0_g4_i1.p1	Spodoptera|XP_050559703.1	45.455	33	6	2	21	41	106	154	186	315	0.14	21.6
TRINITY_DN1499_c0_g1_i10.p1	Bmori|XP_037869304.1	22.330	103	58	2	70	172	197	43	123	319	0.57	20.8
TRINITY_DN1218_c0_g3_i1.p1	Spodoptera|XP_035442818.1	43.333	30	16	1	45	73	198	26	55	390	0.047	24.3
TRINITY_DN14489_c0_g1_i2.p1	Bmori|XP_012551199.2	26.531	49	32	1	130	174	440	100	148	349	0.34	22.7
TRINITY_DN14489_c0_g1_i2.p1	Spodoptera|XP_050559193.1	36.364	33	19	1	408	440	440	248	278	349	1.00	21.6
TRINITY_DN5473_c0_g1_i1.p1	Bmori|XP_012551199.2	39.394	33	14	1	200	232	2965	38	64	349	0.33	25.8
TRINITY_DN5473_c0_g1_i1.p1	Bmori|XP_037869304.1	29.412	51	35	1	1773	1822	2965	88	138	319	0.56	25.0
TRINITY_DN5473_c0_g1_i1.p1	Spodoptera|XP_035436301.1	32.432	37	25	0	2003	2039	2965	55	91	341	0.57	25.0
TRINITY_DN5473_c0_g1_i1.p1	Spodoptera|XP_035442818.1	41.463	41	22	2	2395	2434	2965	133	172	390	0.79	24.6
TRINITY_DN37112_c0_g1_i1.p1	Spodoptera|XP_050549308.1	30.952	84	52	3	71	148	165	279	362	431	0.060	23.5
TRINITY_DN37112_c0_g1_i1.p1	Bmori|XP_062527116.1	46.667	15	8	0	71	85	165	282	296	436	0.72	20.0
TRINITY_DN24151_c0_g1_i1.p1	Bmori|XP_062529457.1	29.412	51	33	2	17	67	111	101	148	326	0.47	20.0
TRINITY_DN2155_c0_g1_i10.p1	Bmori|XP_062524699.1	22.368	76	51	3	287	361	664	29	97	343	0.31	23.5
TRINITY_DN7740_c0_g1_i12.p1	Spodoptera|XP_035433286.1	28.571	35	25	0	109	143	260	166	200	344	0.25	22.3
TRINITY_DN27308_c0_g1_i1.p1	Spodoptera|XP_050559197.1	35.714	42	18	2	124	165	267	178	210	343	0.84	20.8
TRINITY_DN27308_c0_g1_i1.p1	Bmori|XP_012551199.2	36.000	25	16	0	92	116	267	265	289	349	0.99	20.4
TRINITY_DN1242_c0_g1_i2.p1	Spodoptera|XP_035433286.1	22.951	61	43	1	96	152	409	250	310	344	0.23	23.1
TRINITY_DN1242_c0_g1_i2.p1	Bmori|XP_062527116.1	69.231	13	4	0	249	261	409	154	166	436	0.30	23.1
TRINITY_DN9129_c1_g2_i1.p1	Spodoptera|XP_050559703.1	50.000	14	7	0	58	71	124	70	83	315	0.97	19.2
TRINITY_DN976_c1_g1_i3.p1	Spodoptera|XP_050559703.1	32.353	34	22	1	107	139	205	80	113	315	0.22	22.3
TRINITY_DN16895_c0_g1_i4.p1	Bmori|XP_012550153.2	33.333	21	14	0	215	235	341	109	129	312	0.60	21.6
TRINITY_DN1381_c0_g1_i10.p1	Spodoptera|XP_035442818.1	30.000	30	21	0	225	254	260	131	160	390	0.86	20.8
TRINITY_DN1381_c0_g1_i10.p1	Bmori|XP_062526415.1	28.846	52	33	1	202	253	260	129	176	277	0.95	20.4
TRINITY_DN3625_c0_g1_i1.p1	Spodoptera|XP_050559703.1	39.130	23	14	0	223	245	270	179	201	315	0.86	20.8
TRINITY_DN8793_c0_g1_i1.p1	Spodoptera|XP_050559193.1	21.739	69	51	2	158	225	297	283	349	349	0.15	23.5
TRINITY_DN8793_c0_g1_i1.p1	Spodoptera|XP_035432548.2	32.353	34	19	1	39	72	297	272	301	311	0.89	20.8
TRINITY_DN60834_c0_g1_i1.p2	Spodoptera|XP_050559703.1	50.000	20	9	1	76	94	112	8	27	315	0.32	20.4
TRINITY_DN60136_c0_g1_i1.p1	Spodoptera|XP_050559197.1	47.059	17	9	0	48	64	141	87	103	343	0.17	21.9
TRINITY_DN60136_c0_g1_i1.p1	Bmori|XP_037869304.1	28.261	46	25	2	5	47	141	90	130	319	0.76	19.6
TRINITY_DN7880_c0_g2_i1.p1	Bmori|XP_062526412.1	17.647	102	67	2	125	226	370	157	241	289	0.79	21.6
TRINITY_DN7880_c0_g2_i1.p1	Bmori|XP_004930400.2	17.647	102	67	2	125	226	370	214	298	346	0.82	21.6
TRINITY_DN7880_c0_g2_i1.p1	Bmori|XP_062526415.1	17.647	102	67	2	125	226	370	145	229	277	0.86	21.2
TRINITY_DN4677_c0_g1_i1.p1	Bmori|XP_062524699.1	28.125	32	23	0	163	194	218	311	342	343	0.49	21.2
TRINITY_DN4677_c0_g1_i1.p1	Bmori|XP_021206280.1	27.586	29	21	0	163	191	218	252	280	290	0.67	20.8
TRINITY_DN574_c0_g1_i28.p1	Spodoptera|XP_035433249.2	26.230	61	42	1	55	115	603	95	152	238	0.40	23.1
TRINITY_DN12650_c2_g1_i2.p1	Spodoptera|XP_035442818.1	29.577	71	39	5	57	127	158	319	378	390	0.11	22.7
TRINITY_DN2153_c0_g1_i2.p1	Spodoptera|XP_035436318.2	34.783	23	15	0	39	61	132	291	313	351	0.57	20.0
TRINITY_DN2153_c0_g1_i2.p1	Spodoptera|XP_050559193.1	30.435	23	16	0	39	61	132	289	311	349	1.00	19.2
TRINITY_DN18450_c2_g1_i1.p1	Bmori|XP_062529457.1	34.375	32	18	1	56	84	101	104	135	326	0.23	20.8
TRINITY_DN18450_c2_g1_i1.p1	Spodoptera|XP_035433286.1	26.667	30	22	0	42	71	101	306	335	344	0.53	19.6
TRINITY_DN18450_c2_g1_i1.p1	Spodoptera|XP_035432672.2	36.842	19	12	0	66	84	101	116	134	327	0.96	18.9
TRINITY_DN48618_c0_g1_i1.p1	Spodoptera|XP_035435946.2	34.091	44	26	1	90	130	132	70	113	344	0.022	24.3
TRINITY_DN48618_c0_g1_i1.p1	Spodoptera|XP_035442818.1	20.213	94	64	2	34	116	132	47	140	390	0.025	24.3
TRINITY_DN48618_c0_g1_i1.p1	Spodoptera|XP_050559191.1	37.500	32	17	1	90	118	132	70	101	352	0.027	23.9
TRINITY_DN4420_c0_g1_i6.p1	Spodoptera|XP_050559191.1	40.909	22	13	0	350	371	667	160	181	352	0.97	21.9
TRINITY_DN14207_c0_g1_i2.p1	Bmori|XP_062527116.1	28.571	42	26	1	111	152	278	70	107	436	0.34	22.3
TRINITY_DN28918_c0_g1_i1.p1	Bmori|XP_037867392.1	25.532	47	31	1	18	64	109	93	135	395	0.63	19.6
TRINITY_DN24150_c0_g1_i5.p1	Bmori|XP_012551199.2	26.415	53	37	1	18	70	110	244	294	349	0.50	20.0
TRINITY_DN29295_c0_g1_i1.p1	Spodoptera|XP_050559196.1	52.941	17	6	1	54	68	148	91	107	304	0.86	19.6
TRINITY_DN29295_c0_g1_i1.p1	Spodoptera|XP_035436318.2	52.941	17	6	1	54	68	148	91	107	351	0.92	19.6
TRINITY_DN34070_c0_g1_i1.p1	Spodoptera|XP_035433249.2	34.091	44	24	2	112	153	295	114	154	238	0.30	22.3
TRINITY_DN22301_c0_g1_i2.p1	Spodoptera|XP_050559191.1	24.561	114	83	2	98	211	665	127	237	352	0.013	28.1
TRINITY_DN22301_c0_g1_i2.p1	Bmori|XP_037867392.1	30.556	36	25	0	103	138	665	335	370	395	0.72	22.7
TRINITY_DN33832_c0_g1_i10.p1	Spodoptera|XP_050559703.1	32.353	34	20	1	882	915	1696	273	303	315	0.79	23.9
TRINITY_DN15002_c0_g1_i1.p1	Bmori|XP_004930400.2	23.333	60	44	2	93	152	229	170	227	346	0.30	21.9
TRINITY_DN15002_c0_g1_i1.p1	Bmori|XP_062526415.1	23.333	60	44	2	93	152	229	101	158	277	0.34	21.6
TRINITY_DN15002_c0_g1_i1.p1	Bmori|XP_062526412.1	23.333	60	44	2	93	152	229	113	170	289	0.35	21.6
TRINITY_DN15002_c0_g1_i1.p1	Spodoptera|XP_050559196.1	52.632	19	9	0	17	35	229	278	296	304	0.51	21.2
TRINITY_DN15002_c0_g1_i1.p1	Spodoptera|XP_035436318.2	52.632	19	9	0	17	35	229	325	343	351	0.59	21.2
TRINITY_DN15002_c0_g1_i1.p1	Spodoptera|XP_035435946.2	52.632	19	9	0	17	35	229	318	336	344	0.86	20.4
TRINITY_DN11190_c0_g1_i1.p1	Spodoptera|XP_035433286.1	24.627	134	74	5	38	154	365	119	242	344	0.070	24.6
TRINITY_DN186_c13_g1_i1.p1	Spodoptera|XP_050549308.1	17.143	70	55	1	18	84	100	33	102	431	0.070	21.9
TRINITY_DN186_c13_g1_i1.p1	Bmori|XP_062527116.1	15.714	70	56	1	18	84	100	33	102	436	0.41	20.0
TRINITY_DN1424_c8_g1_i1.p1	Bmori|XP_062526415.1	32.759	58	32	1	775	832	919	205	255	277	0.12	25.4
TRINITY_DN1424_c8_g1_i1.p1	Bmori|XP_062526412.1	32.759	58	32	1	775	832	919	217	267	289	0.13	25.4
TRINITY_DN1424_c8_g1_i1.p1	Bmori|XP_004930400.2	33.333	54	29	1	779	832	919	278	324	346	0.22	24.6
TRINITY_DN1424_c8_g1_i1.p1	Bmori|XP_037869304.1	38.095	21	13	0	615	635	919	231	251	319	0.98	22.3
TRINITY_DN1100_c0_g3_i1.p1	Bmori|XP_037867392.1	25.600	125	81	5	237	356	541	37	154	395	0.51	22.7
TRINITY_DN13573_c0_g1_i13.p1	Bmori|XP_012550153.2	46.429	28	12	2	383	410	854	107	131	312	0.75	22.7
TRINITY_DN37390_c0_g1_i1.p1	Spodoptera|XP_050559197.1	25.641	39	29	0	50	88	117	258	296	343	0.17	21.6
TRINITY_DN136_c1_g3_i2.p1	Spodoptera|XP_035435946.2	34.783	23	15	0	221	243	287	261	283	344	0.096	23.9
TRINITY_DN136_c1_g3_i2.p1	Spodoptera|XP_050549308.1	37.838	37	18	1	110	146	287	346	377	431	0.19	23.1
TRINITY_DN1914_c0_g1_i1.p1	Bmori|XP_062524699.1	28.205	39	28	0	186	224	434	265	303	343	0.44	22.3
TRINITY_DN15142_c0_g1_i7.p1	Bmori|XP_012550153.2	40.909	22	13	0	106	127	246	20	41	312	0.62	21.2
TRINITY_DN15119_c0_g1_i1.p1	Spodoptera|XP_035432672.2	40.000	30	18	0	996	1025	4171	31	60	327	0.81	25.0
TRINITY_DN41206_c0_g1_i1.p1	Spodoptera|XP_050559703.1	25.714	105	55	5	285	372	481	2	100	315	0.16	24.3
TRINITY_DN12921_c1_g5_i2.p1	Spodoptera|XP_050559196.1	23.256	43	33	0	90	132	200	101	143	304	0.65	20.8
TRINITY_DN12921_c1_g5_i2.p1	Spodoptera|XP_035436318.2	23.256	43	33	0	90	132	200	101	143	351	0.72	20.4
TRINITY_DN28940_c0_g1_i1.p1	Spodoptera|XP_035436301.1	30.508	59	32	2	378	436	483	36	85	341	0.29	23.1
TRINITY_DN19374_c0_g1_i4.p1	Spodoptera|XP_035433249.2	25.362	138	84	5	421	558	984	92	210	238	0.23	24.6
TRINITY_DN8651_c0_g1_i6.p2	Bmori|XP_062529457.1	42.857	14	8	0	28	41	149	10	23	326	0.79	20.0
TRINITY_DN5448_c0_g1_i1.p1	Spodoptera|XP_035433249.2	31.944	72	45	3	27	96	187	46	115	238	0.026	24.6
TRINITY_DN15956_c0_g1_i1.p1	Spodoptera|XP_050559196.1	33.333	30	20	0	281	310	632	132	161	304	0.81	22.3
TRINITY_DN15956_c0_g1_i1.p1	Spodoptera|XP_035436318.2	33.333	30	20	0	281	310	632	132	161	351	0.87	22.3
TRINITY_DN8628_c0_g1_i1.p1	Bmori|XP_062529457.1	31.915	47	30	1	1	45	151	136	182	326	0.25	21.6
TRINITY_DN2541_c3_g1_i4.p1	Spodoptera|XP_035433286.1	32.258	31	21	0	188	218	407	2	32	344	0.71	21.6
TRINITY_DN18438_c0_g1_i1.p1	Bmori|XP_037867392.1	32.143	28	19	0	69	96	102	157	184	395	0.97	18.9
TRINITY_DN3622_c0_g1_i1.p1	Spodoptera|XP_035433286.1	31.034	29	20	0	215	243	838	46	74	344	0.24	24.3
TRINITY_DN3622_c0_g1_i1.p1	Spodoptera|XP_035432672.2	40.741	27	15	1	403	428	838	36	62	327	0.81	22.7
TRINITY_DN3622_c0_g1_i1.p1	Bmori|XP_062524699.1	29.167	48	34	0	196	243	838	27	74	343	0.91	22.3
TRINITY_DN26789_c0_g2_i1.p1	Spodoptera|XP_050559703.1	24.638	69	49	2	29	95	107	183	250	315	0.42	20.0
TRINITY_DN22581_c0_g1_i1.p1	Spodoptera|XP_035442818.1	42.424	33	17	2	28	59	119	161	192	390	0.32	20.8
TRINITY_DN6104_c0_g1_i2.p2	Spodoptera|XP_050559191.1	27.027	74	54	0	109	182	202	9	82	352	0.083	23.5
TRINITY_DN10114_c0_g1_i1.p1	Bmori|XP_012550153.2	28.571	91	58	3	7	90	235	7	97	312	5.93e-09	45.4
TRINITY_DN10114_c0_g1_i1.p1	Spodoptera|XP_035433249.2	28.125	96	61	4	7	98	235	14	105	238	7.28e-05	33.1
TRINITY_DN10114_c0_g1_i1.p1	Spodoptera|XP_050559703.1	19.895	191	134	5	29	200	235	107	297	315	0.033	25.0
TRINITY_DN33831_c0_g1_i1.p1	Spodoptera|XP_035442818.1	41.176	17	10	0	61	77	198	243	259	390	0.85	20.4
TRINITY_DN22581_c0_g4_i1.p1	Bmori|XP_012550153.2	44.444	18	10	0	95	112	114	15	32	312	0.47	20.0
TRINITY_DN2269_c0_g1_i6.p1	Bmori|XP_062527116.1	33.333	39	19	3	156	189	399	296	332	436	0.42	22.3
TRINITY_DN571_c0_g1_i1.p1	Spodoptera|XP_035433249.2	44.000	25	14	0	129	153	297	136	160	238	0.30	22.3
TRINITY_DN20732_c0_g1_i1.p1	Bmori|XP_062526415.1	30.000	20	14	0	58	77	103	151	170	277	0.32	20.4
TRINITY_DN20732_c0_g1_i1.p1	Bmori|XP_062526412.1	30.000	20	14	0	58	77	103	163	182	289	0.40	20.0
TRINITY_DN20732_c0_g1_i1.p1	Spodoptera|XP_035436318.2	24.719	89	54	4	12	99	103	191	267	351	0.49	19.6
TRINITY_DN20732_c0_g1_i1.p1	Spodoptera|XP_050559196.1	24.719	89	54	4	12	99	103	191	267	304	0.52	19.6
TRINITY_DN20732_c0_g1_i1.p1	Bmori|XP_004930400.2	30.000	20	14	0	58	77	103	220	239	346	0.91	18.9
TRINITY_DN7698_c1_g1_i3.p1	Spodoptera|XP_050559196.1	34.146	41	19	2	33	65	118	232	272	304	0.39	20.4
TRINITY_DN55915_c0_g1_i1.p1	Bmori|XP_062529457.1	26.786	56	38	2	73	125	136	215	270	326	0.25	21.2
TRINITY_DN55915_c0_g1_i1.p1	Spodoptera|XP_035432548.2	37.838	37	19	2	3	39	136	201	233	311	0.90	19.6
TRINITY_DN3064_c0_g1_i1.p1	Bmori|XP_037867392.1	22.523	111	74	5	320	428	453	194	294	395	0.38	22.7
TRINITY_DN3064_c0_g1_i1.p1	Spodoptera|XP_035432548.2	20.000	35	28	0	320	354	453	113	147	311	0.96	21.6
TRINITY_DN42141_c0_g1_i1.p1	Bmori|XP_021206280.1	38.889	18	11	0	93	110	229	250	267	290	0.47	21.2
TRINITY_DN48616_c0_g1_i1.p1	Bmori|XP_012550153.2	32.468	77	48	2	68	141	141	188	263	312	3.27e-07	38.5
TRINITY_DN50492_c0_g1_i1.p1	Bmori|XP_012550153.2	46.667	15	8	0	5	19	153	82	96	312	0.16	21.9
TRINITY_DN41205_c0_g1_i1.p1	Spodoptera|XP_050559191.1	22.581	93	54	2	57	149	151	240	314	352	0.090	22.7
TRINITY_DN41205_c0_g1_i1.p1	Spodoptera|XP_035435946.2	23.404	47	36	0	96	142	151	252	298	344	0.091	22.7
TRINITY_DN2290_c0_g2_i1.p1	Spodoptera|XP_035432548.2	35.135	37	24	0	80	116	399	147	183	311	0.27	23.1
TRINITY_DN2267_c0_g1_i9.p1	Spodoptera|XP_035436301.1	33.333	48	25	2	101	143	273	296	341	341	0.44	21.6
TRINITY_DN21643_c0_g1_i1.p1	Bmori|XP_062526412.1	28.571	35	25	0	38	72	115	59	93	289	0.45	20.0
TRINITY_DN21643_c0_g1_i1.p1	Bmori|XP_062526415.1	28.571	35	25	0	38	72	115	47	81	277	0.48	20.0
TRINITY_DN21643_c0_g1_i1.p1	Bmori|XP_004930400.2	28.571	35	25	0	38	72	115	116	150	346	0.54	20.0
TRINITY_DN24125_c0_g1_i11.p1	Bmori|XP_037869304.1	19.737	76	60	1	442	517	1077	76	150	319	0.29	24.6
TRINITY_DN24125_c0_g1_i11.p1	Spodoptera|XP_035436301.1	20.482	83	65	1	434	516	1077	87	168	341	0.47	23.9
TRINITY_DN56968_c0_g1_i1.p1	Bmori|XP_037867392.1	50.000	16	8	0	68	83	115	273	288	395	0.65	19.6
TRINITY_DN9679_c0_g1_i1.p1	Bmori|XP_012551199.2	50.000	12	6	0	100	111	146	249	260	349	0.44	20.8
TRINITY_DN9679_c0_g2_i2.p1	Spodoptera|XP_035442818.1	21.739	46	36	0	104	149	242	195	240	390	0.65	21.2
TRINITY_DN2291_c0_g1_i1.p1	Spodoptera|XP_035435946.2	29.412	51	30	1	273	317	396	17	67	344	0.18	23.5
TRINITY_DN3465_c1_g1_i11.p1	Spodoptera|XP_050559197.1	38.889	18	11	0	470	487	765	181	198	343	0.92	22.3
TRINITY_DN18576_c0_g2_i2.p1	Bmori|XP_062527116.1	20.000	55	44	0	55	109	414	62	116	436	0.37	22.7
TRINITY_DN18576_c0_g2_i2.p1	Spodoptera|XP_035436301.1	44.828	29	15	1	98	126	414	181	208	341	0.47	22.3
TRINITY_DN18576_c0_g2_i2.p1	Bmori|XP_037869304.1	44.828	29	15	1	98	126	414	162	189	319	0.75	21.6
TRINITY_DN1355_c0_g1_i11.p1	Bmori|XP_062527116.1	29.885	87	49	3	160	235	272	255	340	436	0.029	25.4
TRINITY_DN1355_c0_g1_i11.p1	Bmori|XP_062527116.1	44.000	25	13	1	147	170	272	402	426	436	0.11	23.9
TRINITY_DN1355_c0_g1_i11.p1	Spodoptera|XP_050549308.1	27.273	88	50	3	160	235	272	252	337	431	0.032	25.4
TRINITY_DN13409_c0_g1_i1.p1	Spodoptera|XP_035436301.1	21.839	87	57	3	65	148	399	100	178	341	0.54	21.9
TRINITY_DN5306_c0_g1_i1.p1	Spodoptera|XP_035432548.2	23.611	72	55	0	85	156	401	149	220	311	0.19	23.5
TRINITY_DN4674_c0_g2_i1.p1	Spodoptera|XP_050559197.1	35.714	28	18	0	104	131	195	306	333	343	0.12	22.7
TRINITY_DN3761_c0_g1_i1.p1	Spodoptera|XP_050549308.1	26.923	52	28	1	67	108	190	165	216	431	0.28	21.6
TRINITY_DN3738_c0_g2_i1.p1	Spodoptera|XP_050559703.1	27.778	54	38	1	102	155	539	33	85	315	0.84	21.9
TRINITY_DN2127_c0_g1_i2.p1	Bmori|XP_021206280.1	25.000	44	33	0	49	92	203	204	247	290	0.077	23.5
TRINITY_DN11024_c0_g1_i1.p1	Bmori|XP_062529457.1	53.846	13	6	0	58	70	140	58	70	326	0.95	19.6
TRINITY_DN6382_c0_g1_i8.p1	Bmori|XP_037869304.1	43.750	16	9	0	63	78	119	208	223	319	0.21	21.2
TRINITY_DN16890_c0_g1_i4.p1	Bmori|XP_062524699.1	26.374	91	47	3	272	342	861	203	293	343	0.014	28.5
TRINITY_DN16890_c0_g1_i4.p1	Bmori|XP_021206280.1	26.667	75	40	3	272	331	861	146	220	290	0.096	25.8
TRINITY_DN16192_c0_g1_i5.p1	Bmori|XP_062527116.1	27.027	37	27	0	71	107	137	96	132	436	0.78	19.6
TRINITY_DN16867_c0_g2_i1.p1	Spodoptera|XP_035432672.2	35.000	20	13	0	42	61	107	57	76	327	0.33	20.4
TRINITY_DN16867_c0_g2_i1.p1	Bmori|XP_062529457.1	40.000	20	12	0	42	61	107	57	76	326	0.36	20.0
TRINITY_DN16867_c0_g2_i1.p1	Bmori|XP_012551199.2	30.000	20	14	0	42	61	107	63	82	349	0.53	19.6
TRINITY_DN51822_c0_g1_i3.p1	Spodoptera|XP_035432548.2	34.211	38	19	3	116	152	448	220	252	311	0.25	23.5
TRINITY_DN51822_c0_g1_i3.p1	Bmori|XP_062527116.1	40.000	30	12	2	260	284	448	233	261	436	0.31	23.1
TRINITY_DN51822_c0_g1_i3.p1	Spodoptera|XP_050549308.1	40.000	30	12	2	260	284	448	230	258	431	0.34	23.1
TRINITY_DN51822_c0_g1_i3.p1	Bmori|XP_037867392.1	29.545	44	31	0	379	422	448	64	107	395	0.63	21.9
TRINITY_DN2266_c0_g1_i11.p1	Bmori|XP_012550153.2	23.333	30	23	0	260	289	294	28	57	312	0.89	20.8
TRINITY_DN1353_c0_g1_i1.p1	Bmori|XP_062524699.1	29.730	37	26	0	234	270	279	123	159	343	0.050	24.6
TRINITY_DN1353_c0_g2_i2.p1	Bmori|XP_012550153.2	35.484	31	18	1	114	144	250	258	286	312	0.36	21.9
TRINITY_DN1353_c0_g2_i2.p1	Bmori|XP_037869304.1	32.000	25	17	0	135	159	250	29	53	319	0.86	20.8
TRINITY_DN3620_c0_g1_i2.p1	Spodoptera|XP_035442818.1	60.000	10	4	0	247	256	289	25	34	390	0.68	21.2
TRINITY_DN3620_c0_g1_i2.p1	Bmori|XP_037867392.1	41.667	12	7	0	247	258	289	29	40	395	0.79	21.2
TRINITY_DN29011_c0_g1_i1.p1	Spodoptera|XP_035436318.2	52.000	25	8	1	35	55	187	3	27	351	0.068	23.5
TRINITY_DN29011_c0_g1_i1.p1	Spodoptera|XP_050559196.1	52.000	25	8	1	35	55	187	3	27	304	0.086	23.1
TRINITY_DN29011_c0_g2_i1.p1	Bmori|XP_021206280.1	23.853	109	74	5	5	113	119	51	150	290	0.22	21.2
TRINITY_DN33806_c0_g1_i2.p1	Spodoptera|XP_050559703.1	38.889	18	11	0	152	169	180	100	117	315	0.25	21.6
TRINITY_DN33806_c0_g1_i2.p1	Spodoptera|XP_050559193.1	28.571	49	26	2	11	53	180	51	96	349	0.88	20.0
TRINITY_DN8067_c0_g1_i2.p1	Bmori|XP_012551199.2	38.889	18	11	0	291	308	595	232	249	349	0.56	22.7
TRINITY_DN546_c0_g1_i1.p1	Bmori|XP_012551199.2	56.250	16	7	0	138	153	547	225	240	349	0.27	23.5
TRINITY_DN17662_c0_g1_i2.p2	Spodoptera|XP_035436301.1	24.000	25	19	0	23	47	293	196	220	341	0.68	21.2
TRINITY_DN17662_c0_g1_i2.p2	Bmori|XP_037869304.1	24.000	25	19	0	23	47	293	177	201	319	0.72	21.2
TRINITY_DN23327_c0_g1_i1.p1	Bmori|XP_062526415.1	31.746	63	31	2	482	532	1164	169	231	277	0.090	26.2
TRINITY_DN23327_c0_g1_i1.p1	Bmori|XP_062526412.1	31.746	63	31	2	482	532	1164	181	243	289	0.096	26.2
TRINITY_DN23327_c0_g1_i1.p1	Bmori|XP_004930400.2	31.746	63	31	2	482	532	1164	238	300	346	0.11	26.2
TRINITY_DN12338_c1_g2_i3.p1	Bmori|XP_062526415.1	29.412	34	24	0	128	161	326	145	178	277	0.18	23.1
TRINITY_DN12338_c1_g2_i3.p1	Bmori|XP_062526412.1	29.412	34	24	0	128	161	326	157	190	289	0.20	23.1
TRINITY_DN12338_c1_g2_i3.p1	Bmori|XP_004930400.2	29.412	34	24	0	128	161	326	214	247	346	0.22	23.1
TRINITY_DN12338_c1_g2_i3.p1	Spodoptera|XP_050559197.1	29.412	34	24	0	128	161	326	212	245	343	0.35	22.3
TRINITY_DN36450_c0_g1_i1.p1	Spodoptera|XP_050559196.1	23.864	88	54	3	98	172	186	203	290	304	0.46	20.8
TRINITY_DN1910_c0_g1_i1.p1	Spodoptera|XP_050549308.1	23.000	100	57	3	28	120	138	175	261	431	0.33	20.8
TRINITY_DN1910_c0_g1_i1.p1	Bmori|XP_062527116.1	23.000	100	57	3	28	120	138	178	264	436	0.57	20.0
TRINITY_DN7991_c0_g1_i1.p1	Bmori|XP_037867392.1	47.368	19	10	0	148	166	182	231	249	395	0.63	20.4
TRINITY_DN7991_c0_g1_i1.p1	Bmori|XP_062524699.1	33.333	42	22	2	135	170	182	211	252	343	0.74	20.4
TRINITY_DN42396_c0_g1_i1.p1	Bmori|XP_037867392.1	47.059	17	9	0	51	67	103	306	322	395	0.35	20.0
TRINITY_DN13570_c0_g1_i1.p1	Bmori|XP_037867392.1	24.375	160	101	6	94	241	377	32	183	395	6.65e-06	37.7
TRINITY_DN28913_c0_g2_i1.p1	Spodoptera|XP_035433286.1	26.087	46	29	1	84	129	167	104	144	344	0.083	23.1
TRINITY_DN22415_c0_g1_i1.p1	Bmori|XP_012550153.2	36.364	33	19	1	56	88	301	83	113	312	0.54	21.6
TRINITY_DN2126_c0_g1_i1.p1	Spodoptera|XP_050559191.1	44.444	18	10	0	243	260	688	28	45	352	0.58	22.7
TRINITY_DN2126_c0_g1_i1.p1	Spodoptera|XP_035432548.2	19.394	165	116	5	373	534	688	85	235	311	0.64	22.7
TRINITY_DN2126_c0_g1_i1.p1	Spodoptera|XP_050559193.1	37.500	32	19	1	229	260	688	130	160	349	0.73	22.7
TRINITY_DN2126_c0_g1_i1.p1	Spodoptera|XP_035442818.1	31.579	38	26	0	255	292	688	312	349	390	0.79	22.3
TRINITY_DN12634_c0_g1_i2.p1	Spodoptera|XP_035436318.2	27.536	69	42	3	157	223	523	77	139	351	0.16	24.3
TRINITY_DN12634_c0_g1_i2.p1	Spodoptera|XP_050559193.1	30.952	42	25	2	157	196	523	75	114	349	0.23	23.9
TRINITY_DN12634_c0_g1_i2.p1	Spodoptera|XP_050559196.1	26.087	69	43	3	157	223	523	77	139	304	0.27	23.5
TRINITY_DN12634_c0_g1_i2.p1	Spodoptera|XP_035435946.2	34.211	38	21	2	157	192	523	76	111	344	0.42	22.7
TRINITY_DN12634_c0_g1_i2.p1	Spodoptera|XP_050559191.1	32.258	31	19	1	157	187	523	76	104	352	0.72	21.9
TRINITY_DN24122_c0_g2_i1.p1	Bmori|XP_012551199.2	23.881	67	48	1	85	148	160	65	131	349	0.71	20.0
TRINITY_DN21502_c0_g2_i3.p1	Spodoptera|XP_035435946.2	27.869	61	42	1	185	243	316	15	75	344	0.035	25.4
TRINITY_DN14599_c0_g1_i21.p1	Spodoptera|XP_035433249.2	37.097	62	34	3	465	526	738	98	154	238	0.008	28.5
TRINITY_DN14599_c0_g1_i21.p1	Spodoptera|XP_035432548.2	29.167	48	28	1	658	699	738	201	248	311	0.52	23.1
TRINITY_DN1184_c3_g1_i7.p1	Spodoptera|XP_035436318.2	28.070	57	40	1	304	360	664	261	316	351	0.095	25.4
TRINITY_DN6100_c0_g1_i1.p1	Spodoptera|XP_035442818.1	36.554	383	222	6	11	390	393	23	387	390	6.90e-84	252
TRINITY_DN6100_c0_g1_i1.p1	Spodoptera|XP_035432548.2	39.297	313	165	6	81	390	393	18	308	311	4.64e-75	227
TRINITY_DN6100_c0_g1_i1.p1	Bmori|XP_037867392.1	30.848	389	237	8	12	391	393	28	393	395	2.11e-60	192
TRINITY_DN6100_c0_g1_i1.p1	Spodoptera|XP_050559193.1	22.951	61	42	2	321	378	393	126	184	349	0.081	24.6
TRINITY_DN6100_c0_g1_i1.p1	Spodoptera|XP_050559191.1	47.059	17	9	0	27	43	393	119	135	352	0.73	21.6
TRINITY_DN6100_c0_g2_i12.p1	Spodoptera|XP_035433249.2	27.723	101	64	1	3	103	271	5	96	238	4.56e-09	46.2
TRINITY_DN6100_c0_g2_i12.p1	Spodoptera|XP_050559703.1	29.032	93	64	1	13	105	271	86	176	315	9.62e-07	39.3
TRINITY_DN6100_c0_g2_i12.p1	Bmori|XP_012550153.2	20.769	260	167	8	12	240	271	7	258	312	1.15e-04	32.7
TRINITY_DN3178_c0_g1_i1.p1	Spodoptera|XP_035442818.1	21.687	83	54	2	102	173	355	216	298	390	0.49	21.9
TRINITY_DN6358_c0_g1_i4.p1	Spodoptera|XP_035442818.1	47.059	17	9	0	601	617	709	105	121	390	0.85	22.3
TRINITY_DN6100_c0_g3_i3.p1	Spodoptera|XP_035442818.1	52.632	323	145	4	12	333	333	75	390	390	7.30e-123	350
TRINITY_DN6100_c0_g3_i3.p1	Bmori|XP_037867392.1	48.297	323	156	3	10	329	333	77	391	395	4.72e-110	317
TRINITY_DN6100_c0_g3_i3.p1	Spodoptera|XP_035432548.2	46.865	303	150	4	33	333	333	18	311	311	8.59e-102	293
TRINITY_DN6100_c0_g3_i3.p1	Spodoptera|XP_050559196.1	22.857	70	40	2	236	305	333	209	264	304	0.12	23.9
TRINITY_DN6100_c0_g3_i3.p1	Spodoptera|XP_035436318.2	22.857	70	40	2	236	305	333	209	264	351	0.13	23.9
TRINITY_DN6100_c0_g3_i3.p1	Spodoptera|XP_050559193.1	28.571	42	29	1	228	268	333	198	239	349	0.36	22.3
TRINITY_DN6100_c0_g3_i3.p1	Bmori|XP_062529457.1	26.471	68	33	2	235	296	333	183	239	326	0.58	21.6
TRINITY_DN28354_c0_g1_i1.p1	Bmori|XP_062527116.1	30.435	69	38	3	60	120	255	233	299	436	0.60	21.2
TRINITY_DN9960_c1_g2_i2.p1	Spodoptera|XP_035442818.1	23.077	52	40	0	3	54	218	188	239	390	0.46	21.2
TRINITY_DN42953_c0_g1_i1.p1	Bmori|XP_062527116.1	19.820	111	57	4	22	132	190	154	232	436	0.12	22.7
TRINITY_DN5445_c0_g1_i1.p2	Bmori|XP_012550153.2	43.750	16	9	0	67	82	154	60	75	312	0.73	20.0
TRINITY_DN4509_c0_g1_i1.p1	Bmori|XP_062529457.1	40.909	22	13	0	23	44	176	149	170	326	0.49	20.8
TRINITY_DN2526_c1_g2_i1.p1	Spodoptera|XP_035433249.2	31.915	47	27	2	144	185	781	53	99	238	0.29	23.9
TRINITY_DN2526_c1_g2_i1.p1	Bmori|XP_062526415.1	28.409	88	54	4	101	181	781	137	222	277	0.33	23.9
TRINITY_DN2526_c1_g2_i1.p1	Bmori|XP_062526412.1	28.409	88	54	4	101	181	781	149	234	289	0.36	23.5
TRINITY_DN2526_c1_g2_i1.p1	Bmori|XP_004930400.2	28.409	88	54	4	101	181	781	206	291	346	0.52	23.1
TRINITY_DN2526_c1_g2_i1.p1	Bmori|XP_037867392.1	17.308	52	43	0	727	778	781	51	102	395	0.72	22.7
TRINITY_DN3590_c3_g1_i1.p1	Bmori|XP_004930400.2	38.889	18	11	0	21	38	113	101	118	346	0.89	19.2
TRINITY_DN34043_c0_g1_i1.p1	Bmori|XP_012551199.2	85.714	7	1	0	15	21	109	139	145	349	0.85	19.2
TRINITY_DN21780_c0_g1_i1.p1	Bmori|XP_062526415.1	42.857	21	12	0	134	154	175	167	187	277	0.69	20.4
TRINITY_DN21780_c0_g1_i1.p1	Bmori|XP_062526412.1	42.857	21	12	0	134	154	175	179	199	289	0.74	20.4
TRINITY_DN21780_c0_g1_i1.p1	Bmori|XP_004930400.2	42.857	21	12	0	134	154	175	236	256	346	0.92	20.0
TRINITY_DN24960_c0_g1_i1.p1	Bmori|XP_012551199.2	27.586	29	21	0	85	113	135	7	35	349	0.73	19.6
TRINITY_DN6781_c1_g2_i1.p1	Bmori|XP_062527116.1	30.612	49	26	2	76	118	121	181	227	436	0.24	21.2
TRINITY_DN7828_c0_g1_i4.p1	Spodoptera|XP_035436318.2	33.871	62	21	2	83	141	374	39	83	351	0.20	23.5
TRINITY_DN7828_c0_g1_i4.p1	Spodoptera|XP_050559196.1	33.871	62	21	2	83	141	374	39	83	304	0.23	23.1
TRINITY_DN14481_c0_g2_i2.p1	Bmori|XP_012550153.2	29.730	74	35	3	336	408	469	34	91	312	0.051	25.4
TRINITY_DN38973_c0_g2_i2.p1	Bmori|XP_062524699.1	22.222	81	62	1	2	81	117	188	268	343	0.044	23.1
TRINITY_DN11163_c0_g1_i1.p1	Bmori|XP_012550153.2	26.531	49	34	1	24	70	177	245	293	312	0.77	20.0
TRINITY_DN12632_c0_g1_i1.p1	Spodoptera|XP_050559703.1	40.000	25	15	0	52	76	123	88	112	315	0.003	26.6
TRINITY_DN9536_c0_g1_i11.p1	Spodoptera|XP_050559197.1	47.059	17	9	0	50	66	189	1	17	343	0.56	20.8
TRINITY_DN9536_c0_g1_i11.p1	Spodoptera|XP_050549308.1	35.000	20	13	0	106	125	189	352	371	431	0.83	20.4
TRINITY_DN1409_c6_g1_i1.p1	Spodoptera|XP_050559193.1	35.714	28	16	1	279	306	312	230	255	349	0.82	21.2
TRINITY_DN18433_c0_g1_i1.p1	Spodoptera|XP_050559196.1	26.667	75	42	2	245	319	340	15	76	304	0.61	21.6
TRINITY_DN18433_c0_g1_i1.p1	Spodoptera|XP_035436318.2	26.667	75	42	2	245	319	340	15	76	351	0.63	21.6
TRINITY_DN4788_c0_g2_i1.p1	Spodoptera|XP_050559703.1	33.333	51	32	2	82	131	393	83	132	315	0.091	24.6
TRINITY_DN46485_c0_g1_i1.p1	Spodoptera|XP_050559703.1	36.000	25	16	0	129	153	169	117	141	315	0.37	21.2
TRINITY_DN3177_c0_g1_i1.p1	Bmori|XP_004930400.2	60.000	10	4	0	2	11	273	214	223	346	0.99	20.8
TRINITY_DN22669_c0_g1_i4.p1	Bmori|XP_012551199.2	31.373	51	20	3	90	134	263	297	338	349	0.16	23.1
TRINITY_DN8763_c0_g1_i10.p1	Spodoptera|XP_035436318.2	32.143	28	19	0	56	83	130	130	157	351	0.48	20.4
TRINITY_DN8763_c0_g1_i10.p1	Spodoptera|XP_050559196.1	32.143	28	19	0	56	83	130	130	157	304	0.51	20.0
TRINITY_DN1490_c0_g1_i20.p1	Spodoptera|XP_035442818.1	23.148	108	69	4	1	99	437	183	285	390	0.042	25.8
TRINITY_DN1490_c0_g1_i20.p1	Spodoptera|XP_035432672.2	40.741	27	14	1	402	426	437	102	128	327	0.59	21.9
TRINITY_DN4670_c0_g1_i7.p1	Spodoptera|XP_035432548.2	23.810	84	55	2	6	80	107	216	299	311	0.056	22.7
TRINITY_DN4670_c0_g1_i7.p1	Spodoptera|XP_035442818.1	33.333	18	12	0	6	23	107	293	310	390	0.38	20.0
TRINITY_DN544_c0_g1_i13.p1	Bmori|XP_012550153.2	27.586	87	46	5	17	97	774	26	101	312	0.34	23.9
TRINITY_DN544_c0_g1_i13.p1	Spodoptera|XP_050559703.1	54.545	22	9	1	652	673	774	58	78	315	0.51	23.1
TRINITY_DN17660_c0_g1_i1.p1	Bmori|XP_012551199.2	25.773	97	57	4	103	184	795	64	160	349	0.29	23.9
TRINITY_DN1146_c5_g1_i3.p1	Spodoptera|XP_035442818.1	23.232	99	57	4	30	115	192	272	364	390	0.29	21.6
TRINITY_DN55910_c0_g1_i1.p1	Bmori|XP_012550153.2	22.222	234	146	6	6	206	282	7	237	312	6.86e-10	48.9
TRINITY_DN55910_c0_g1_i1.p1	Spodoptera|XP_050559703.1	33.333	96	62	1	7	102	282	86	179	315	4.43e-09	46.6
TRINITY_DN55910_c0_g1_i1.p1	Spodoptera|XP_035433249.2	22.477	218	136	5	6	202	282	14	219	238	5.03e-08	43.1
TRINITY_DN87_c1_g1_i1.p1	Spodoptera|XP_050559197.1	25.397	63	31	2	188	247	334	188	237	343	0.063	24.6
TRINITY_DN87_c1_g1_i1.p1	Bmori|XP_021206280.1	35.714	28	18	0	220	247	334	154	181	290	0.19	23.1
TRINITY_DN87_c1_g1_i1.p1	Bmori|XP_062524699.1	25.397	63	31	3	188	247	334	189	238	343	0.45	21.9
TRINITY_DN87_c1_g2_i1.p1	Bmori|XP_062524699.1	37.143	35	17	1	44	73	525	134	168	343	0.34	23.1
TRINITY_DN60245_c0_g1_i1.p1	Bmori|XP_012550153.2	37.931	58	31	2	40	96	113	199	252	312	6.57e-09	42.7
TRINITY_DN60245_c0_g1_i1.p1	Bmori|XP_021206280.1	30.000	50	27	1	69	110	113	114	163	290	0.16	21.2
TRINITY_DN5303_c0_g2_i2.p1	Spodoptera|XP_035436301.1	27.869	61	36	1	89	149	217	98	150	341	0.54	21.2
TRINITY_DN48869_c0_g1_i1.p1	Spodoptera|XP_035432548.2	24.590	61	38	2	80	132	262	144	204	311	0.11	23.5
TRINITY_DN21082_c0_g2_i1.p1	Bmori|XP_062529457.1	42.857	21	10	1	201	221	385	38	56	326	0.93	21.2
TRINITY_DN1210_c0_g1_i11.p1	Spodoptera|XP_035442818.1	25.490	51	38	0	584	634	861	114	164	390	0.44	23.5
TRINITY_DN683_c0_g1_i1.p1	Spodoptera|XP_035442818.1	30.435	23	16	0	31	53	140	232	254	390	0.50	20.4
TRINITY_DN683_c0_g1_i1.p1	Bmori|XP_062524699.1	30.357	56	21	2	68	109	140	84	135	343	0.80	19.6
TRINITY_DN4787_c0_g1_i12.p1	Spodoptera|XP_035442818.1	66.667	12	4	0	268	279	418	372	383	390	0.63	21.9
TRINITY_DN684_c0_g1_i2.p1	Bmori|XP_062529457.1	27.381	84	56	2	219	302	309	134	212	326	0.19	23.1
TRINITY_DN684_c0_g1_i2.p1	Spodoptera|XP_035435946.2	36.842	38	14	1	133	160	309	307	344	344	0.33	22.3
TRINITY_DN684_c0_g1_i2.p1	Spodoptera|XP_035432672.2	28.205	39	18	1	133	161	309	289	327	327	0.36	22.3
TRINITY_DN684_c0_g1_i2.p1	Spodoptera|XP_050559193.1	39.474	38	13	1	133	160	309	312	349	349	0.41	21.9
TRINITY_DN684_c0_g1_i2.p1	Bmori|XP_062524699.1	37.838	37	14	2	133	169	309	306	333	343	0.68	21.2
TRINITY_DN20983_c0_g3_i1.p1	Bmori|XP_037867392.1	37.931	29	13	2	99	127	339	244	267	395	0.50	21.9
TRINITY_DN20983_c0_g3_i1.p1	Bmori|XP_062524699.1	28.947	38	27	0	57	94	339	103	140	343	0.54	21.9
TRINITY_DN2263_c0_g1_i14.p1	Spodoptera|XP_050559193.1	56.522	23	8	1	428	448	508	260	282	349	0.21	23.9
TRINITY_DN2263_c0_g1_i14.p1	Bmori|XP_062524699.1	28.261	46	26	1	124	162	508	246	291	343	0.88	21.9
TRINITY_DN1350_c0_g1_i42.p1	Bmori|XP_004930400.2	31.707	41	19	1	741	781	1281	217	248	346	0.76	23.5
TRINITY_DN1350_c0_g1_i42.p1	Bmori|XP_062526412.1	31.707	41	19	1	741	781	1281	160	191	289	0.86	23.1
TRINITY_DN1350_c0_g1_i42.p1	Bmori|XP_062526415.1	31.707	41	19	1	741	781	1281	148	179	277	0.95	23.1
TRINITY_DN7150_c0_g1_i4.p1	Bmori|XP_062526415.1	30.000	40	27	1	659	698	1394	146	184	277	0.40	24.3
TRINITY_DN7150_c0_g1_i4.p1	Bmori|XP_012551199.2	31.250	64	36	2	84	144	1394	53	111	349	0.46	24.3
TRINITY_DN7150_c0_g1_i4.p1	Bmori|XP_062526412.1	30.000	40	27	1	659	698	1394	158	196	289	0.48	24.3
TRINITY_DN7150_c0_g1_i4.p1	Bmori|XP_004930400.2	30.000	40	27	1	659	698	1394	215	253	346	0.50	24.3
TRINITY_DN1327_c0_g1_i10.p1	Bmori|XP_021206280.1	26.000	50	37	0	747	796	1004	58	107	290	0.73	23.1
TRINITY_DN1327_c0_g1_i10.p1	Bmori|XP_062524699.1	26.087	46	33	1	751	796	1004	120	164	343	0.85	22.7
TRINITY_DN10922_c0_g2_i1.p1	Bmori|XP_062526415.1	46.667	15	8	0	48	62	112	130	144	277	0.44	20.0
TRINITY_DN10922_c0_g2_i1.p1	Bmori|XP_062526412.1	46.667	15	8	0	48	62	112	142	156	289	0.44	20.0
TRINITY_DN10922_c0_g2_i1.p1	Bmori|XP_004930400.2	46.667	15	8	0	48	62	112	199	213	346	0.48	20.0
TRINITY_DN31536_c0_g1_i3.p1	Spodoptera|XP_050559197.1	29.412	51	35	1	33	83	218	172	221	343	0.14	22.7
TRINITY_DN31536_c0_g1_i3.p1	Spodoptera|XP_050559196.1	28.571	49	34	1	35	83	218	184	231	304	0.46	21.2
TRINITY_DN31536_c0_g1_i3.p1	Spodoptera|XP_035436318.2	28.571	49	34	1	35	83	218	184	231	351	0.62	20.8
TRINITY_DN2379_c0_g1_i5.p1	Spodoptera|XP_050559197.1	53.846	13	6	0	174	186	193	326	338	343	0.96	20.0
TRINITY_DN22929_c1_g1_i2.p1	Spodoptera|XP_035432672.2	42.857	21	11	1	22	41	109	267	287	327	0.58	19.6
TRINITY_DN33105_c0_g1_i1.p1	Spodoptera|XP_050559197.1	46.154	13	7	0	1	13	118	29	41	343	0.92	19.2
TRINITY_DN4646_c0_g1_i1.p1	Bmori|XP_012550153.2	27.778	36	26	0	128	163	208	31	66	312	0.38	21.6
TRINITY_DN543_c0_g1_i1.p1	Spodoptera|XP_035433286.1	33.333	24	16	0	95	118	279	34	57	344	0.56	21.6
TRINITY_DN25_c7_g2_i11.p1	Bmori|XP_062529457.1	35.897	39	21	2	213	247	568	59	97	326	0.44	22.7
TRINITY_DN25_c7_g2_i11.p1	Spodoptera|XP_050559193.1	25.974	77	50	3	201	273	568	174	247	349	0.72	22.3
TRINITY_DN20819_c0_g1_i1.p1	Spodoptera|XP_035442818.1	30.556	36	25	0	166	201	322	158	193	390	0.61	21.6
TRINITY_DN9533_c0_g1_i1.p1	Bmori|XP_062524699.1	26.829	41	29	1	138	178	490	297	336	343	0.14	24.3
TRINITY_DN9533_c0_g1_i1.p1	Spodoptera|XP_035433249.2	37.931	29	18	0	97	125	490	192	220	238	0.33	23.1
TRINITY_DN12630_c0_g1_i1.p1	Spodoptera|XP_050559191.1	29.032	31	22	0	69	99	147	155	185	352	0.67	20.0
TRINITY_DN8878_c0_g1_i1.p1	Bmori|XP_062527116.1	16.832	101	76	3	90	182	219	323	423	436	0.34	21.9
TRINITY_DN8878_c0_g1_i1.p1	Spodoptera|XP_050549308.1	17.895	95	70	3	90	176	219	320	414	431	0.51	21.2
TRINITY_DN8878_c0_g2_i1.p1	Spodoptera|XP_050559197.1	28.846	52	33	1	355	406	493	189	236	343	0.014	27.3
TRINITY_DN8878_c0_g2_i1.p1	Bmori|XP_062526412.1	26.923	52	34	1	355	406	493	134	181	289	0.085	25.0
TRINITY_DN8878_c0_g2_i1.p1	Bmori|XP_004930400.2	26.923	52	34	1	355	406	493	191	238	346	0.10	24.6
TRINITY_DN8878_c0_g2_i1.p1	Bmori|XP_062526415.1	26.923	52	34	1	355	406	493	122	169	277	0.11	24.6
TRINITY_DN3174_c0_g3_i2.p1	Spodoptera|XP_050559191.1	30.357	56	29	2	472	519	1207	286	339	352	0.32	24.6
TRINITY_DN3174_c0_g4_i1.p1	Spodoptera|XP_050559197.1	27.869	61	41	1	389	449	1580	276	333	343	0.75	23.9
TRINITY_DN3174_c0_g4_i1.p1	Bmori|XP_062527116.1	25.316	79	53	1	492	564	1580	57	135	436	0.92	23.5
TRINITY_DN2261_c0_g1_i12.p1	Bmori|XP_004930400.2	27.907	43	26	1	213	255	523	224	261	346	0.89	21.9
TRINITY_DN80_c34_g1_i3.p1	Bmori|XP_021206280.1	41.176	17	10	0	108	124	140	225	241	290	0.51	20.4
TRINITY_DN80_c34_g1_i3.p1	Bmori|XP_062524699.1	34.146	41	26	1	33	73	140	272	311	343	0.69	20.0
TRINITY_DN80_c34_g1_i3.p1	Spodoptera|XP_035436318.2	31.579	19	13	0	105	123	140	131	149	351	0.75	19.6
TRINITY_DN80_c34_g1_i3.p1	Spodoptera|XP_050559196.1	31.579	19	13	0	105	123	140	131	149	304	0.83	19.6
TRINITY_DN8621_c0_g1_i27.p1	Bmori|XP_062526415.1	38.095	42	25	1	1076	1117	1478	183	223	277	0.47	24.3
TRINITY_DN8621_c0_g1_i27.p1	Bmori|XP_004930400.2	38.095	42	25	1	1076	1117	1478	252	292	346	0.47	24.3
TRINITY_DN8621_c0_g1_i27.p1	Bmori|XP_062526412.1	38.095	42	25	1	1076	1117	1478	195	235	289	0.49	24.3
TRINITY_DN30_c17_g1_i15.p1	Spodoptera|XP_050559703.1	58.824	17	7	0	16	32	189	220	236	315	0.13	22.7
TRINITY_DN6493_c0_g1_i1.p1	Spodoptera|XP_050559703.1	30.556	36	25	0	97	132	236	243	278	315	0.41	21.6
TRINITY_DN55351_c0_g1_i1.p1	Spodoptera|XP_035442818.1	25.000	36	27	0	374	409	818	201	236	390	0.65	23.1
TRINITY_DN35494_c1_g1_i2.p1	Spodoptera|XP_035436318.2	35.714	28	18	0	53	80	110	144	171	351	0.27	20.8
TRINITY_DN35494_c1_g1_i2.p1	Spodoptera|XP_050559196.1	26.667	75	50	2	7	80	110	101	171	304	0.37	20.0
TRINITY_DN2262_c0_g1_i1.p1	Spodoptera|XP_035432672.2	30.435	46	32	0	194	239	349	100	145	327	0.65	21.6
TRINITY_DN7824_c0_g1_i1.p1	Bmori|XP_037867392.1	39.394	33	19	1	29	60	426	179	211	395	0.39	22.7
TRINITY_DN799_c0_g1_i10.p1	Spodoptera|XP_050559196.1	33.333	30	20	0	107	136	340	41	70	304	0.13	23.9
TRINITY_DN799_c0_g1_i10.p1	Spodoptera|XP_035436318.2	33.333	30	20	0	107	136	340	41	70	351	0.14	23.5
TRINITY_DN799_c0_g1_i10.p1	Bmori|XP_004930400.2	40.909	22	13	0	89	110	340	54	75	346	0.17	23.5
TRINITY_DN799_c0_g1_i10.p1	Spodoptera|XP_050559193.1	38.095	21	13	0	90	110	340	55	75	349	0.34	22.3
TRINITY_DN799_c0_g1_i10.p1	Spodoptera|XP_035432672.2	30.000	30	21	0	107	136	340	36	65	327	0.43	21.9
TRINITY_DN33645_c1_g1_i1.p1	Spodoptera|XP_035436301.1	25.000	64	45	2	57	119	224	227	288	341	0.50	21.2
TRINITY_DN22667_c0_g1_i3.p1	Spodoptera|XP_050559191.1	28.070	57	38	2	118	172	186	103	158	352	0.13	22.7
TRINITY_DN5300_c0_g1_i2.p1	Spodoptera|XP_050559193.1	25.490	51	36	1	147	195	374	291	341	349	0.39	22.3
TRINITY_DN5300_c0_g1_i2.p1	Spodoptera|XP_035436318.2	23.529	51	37	1	147	195	374	293	343	351	0.47	22.3
TRINITY_DN24934_c0_g1_i3.p1	Spodoptera|XP_035442818.1	42.577	357	174	11	1	353	355	59	388	390	3.03e-88	262
TRINITY_DN24934_c0_g1_i3.p1	Spodoptera|XP_035432548.2	38.558	319	166	7	38	353	355	18	309	311	5.84e-78	233
TRINITY_DN24934_c0_g1_i3.p1	Bmori|XP_037867392.1	37.746	355	191	6	1	351	355	63	391	395	3.78e-77	234
TRINITY_DN24934_c0_g2_i6.p3	Spodoptera|XP_035433249.2	26.126	111	70	2	4	111	131	6	107	238	1.19e-08	42.4
TRINITY_DN24934_c0_g2_i6.p3	Spodoptera|XP_050559703.1	28.155	103	72	1	13	115	131	86	186	315	5.04e-07	37.7
TRINITY_DN24934_c0_g2_i6.p3	Bmori|XP_012550153.2	25.556	90	63	3	13	101	131	8	94	312	0.004	26.2
TRINITY_DN1465_c0_g1_i10.p1	Spodoptera|XP_035436301.1	40.625	32	19	0	563	594	601	88	119	341	0.30	23.5
TRINITY_DN1465_c0_g1_i10.p1	Bmori|XP_037869304.1	36.111	36	23	0	563	598	601	69	104	319	0.45	23.1
TRINITY_DN4231_c1_g1_i4.p1	Spodoptera|XP_050559703.1	13.793	58	50	0	185	242	310	9	66	315	0.28	22.7
TRINITY_DN34156_c0_g1_i1.p1	Bmori|XP_062524699.1	53.846	13	6	0	105	117	127	1	13	343	0.82	19.6
TRINITY_DN28468_c0_g1_i4.p2	Spodoptera|XP_035433286.1	25.806	62	46	0	3	64	154	74	135	344	0.23	21.6
TRINITY_DN8877_c0_g1_i5.p1	Spodoptera|XP_035436318.2	25.714	35	26	0	54	88	274	179	213	351	0.32	22.3
TRINITY_DN8877_c0_g1_i5.p1	Spodoptera|XP_050559196.1	25.714	35	26	0	54	88	274	179	213	304	0.34	21.9
TRINITY_DN25288_c0_g3_i3.p1	Spodoptera|XP_035432672.2	52.941	17	8	0	480	496	876	250	266	327	0.65	23.1
TRINITY_DN25288_c0_g3_i3.p1	Spodoptera|XP_050549308.1	41.379	29	17	0	16	44	876	137	165	431	0.80	22.7
TRINITY_DN42111_c0_g1_i1.p1	Spodoptera|XP_050559196.1	22.368	76	53	2	89	164	209	64	133	304	0.31	21.6
TRINITY_DN42111_c0_g1_i1.p1	Spodoptera|XP_035436318.2	22.368	76	53	2	89	164	209	64	133	351	0.37	21.6
TRINITY_DN15111_c0_g1_i5.p1	Spodoptera|XP_035432672.2	23.404	47	36	0	32	78	1289	174	220	327	0.94	23.1
TRINITY_DN942_c1_g1_i2.p1	Bmori|XP_062527116.1	37.931	29	17	1	13	40	661	159	187	436	0.56	22.7
TRINITY_DN60382_c0_g1_i1.p1	Spodoptera|XP_035435946.2	38.095	21	13	0	96	116	146	87	107	344	0.15	21.9
TRINITY_DN60382_c0_g1_i1.p1	Spodoptera|XP_050559191.1	39.130	23	14	0	94	116	146	85	107	352	0.49	20.4
TRINITY_DN5417_c0_g1_i1.p1	Bmori|XP_012550153.2	27.711	83	45	5	27	102	233	190	264	312	0.97	20.4
TRINITY_DN4504_c0_g1_i5.p1	Spodoptera|XP_050559197.1	29.787	47	28	2	144	190	285	71	112	343	0.80	21.2
TRINITY_DN55350_c0_g1_i1.p1	Spodoptera|XP_035435946.2	21.311	61	47	1	305	364	637	106	166	344	0.13	24.6
TRINITY_DN55350_c0_g1_i1.p1	Spodoptera|XP_035435946.2	23.529	51	38	1	2	51	637	116	166	344	0.28	23.9
TRINITY_DN55350_c0_g1_i1.p1	Spodoptera|XP_050559196.1	33.333	51	31	1	10	57	637	129	179	304	0.26	23.9
TRINITY_DN55350_c0_g1_i1.p1	Spodoptera|XP_050559196.1	33.333	51	31	1	323	370	637	129	179	304	0.26	23.9
TRINITY_DN55350_c0_g1_i1.p1	Spodoptera|XP_035436318.2	33.333	51	31	1	10	57	637	129	179	351	0.29	23.9
TRINITY_DN55350_c0_g1_i1.p1	Spodoptera|XP_035436318.2	33.333	51	31	1	323	370	637	129	179	351	0.29	23.9
TRINITY_DN25170_c0_g1_i1.p1	Spodoptera|XP_035435946.2	42.308	26	15	0	125	150	302	190	215	344	0.33	22.3
TRINITY_DN13682_c0_g2_i2.p1	Bmori|XP_012551199.2	26.531	49	33	1	293	338	414	236	284	349	0.80	21.6
TRINITY_DN13682_c0_g2_i2.p1	Bmori|XP_037867392.1	25.532	47	34	1	233	278	414	332	378	395	0.91	21.6
TRINITY_DN12746_c0_g2_i2.p1	Spodoptera|XP_050559193.1	23.129	147	80	7	8	144	308	77	200	349	0.51	21.6
TRINITY_DN12746_c0_g2_i2.p1	Spodoptera|XP_035436318.2	42.857	35	13	3	115	144	308	170	202	351	0.70	21.2
TRINITY_DN12746_c0_g2_i2.p1	Spodoptera|XP_050559196.1	42.857	35	13	3	115	144	308	170	202	304	0.87	20.8
TRINITY_DN12746_c0_g2_i2.p1	Bmori|XP_062527116.1	25.000	32	21	1	212	240	308	174	205	436	0.97	20.8
TRINITY_DN540_c0_g1_i6.p1	Spodoptera|XP_050549308.1	27.778	36	26	0	56	91	702	184	219	431	0.36	23.5
TRINITY_DN1325_c0_g1_i1.p1	Spodoptera|XP_035435946.2	25.806	93	66	2	379	470	1164	193	283	344	0.29	24.6
TRINITY_DN1325_c0_g3_i1.p1	Spodoptera|XP_035442818.1	46.667	15	8	0	691	705	1156	229	243	390	0.81	23.1
TRINITY_DN3988_c0_g1_i3.p1	Spodoptera|XP_050559191.1	26.230	61	41	1	162	218	595	102	162	352	0.25	23.9
TRINITY_DN16720_c0_g2_i1.p1	Spodoptera|XP_035432672.2	38.235	34	13	1	33	66	114	300	325	327	0.16	21.6
TRINITY_DN2377_c0_g1_i1.p1	Bmori|XP_062524699.1	41.935	31	17	1	91	121	163	175	204	343	0.64	20.4
TRINITY_DN8177_c0_g1_i2.p1	Spodoptera|XP_050559193.1	38.889	18	11	0	62	79	115	157	174	349	0.25	20.8
TRINITY_DN645_c2_g1_i11.p1	Bmori|XP_062529457.1	24.615	65	36	3	589	640	694	17	81	326	0.34	23.5
TRINITY_DN20840_c0_g1_i3.p1	Spodoptera|XP_050559191.1	30.435	46	23	2	829	874	1393	274	310	352	0.15	25.8
TRINITY_DN23_c7_g1_i10.p1	Bmori|XP_037869304.1	20.909	110	53	3	276	367	659	138	231	319	0.87	22.3
TRINITY_DN45405_c0_g1_i1.p1	Spodoptera|XP_035435946.2	39.130	23	14	0	307	329	339	136	158	344	0.63	21.6
TRINITY_DN45405_c0_g1_i1.p1	Spodoptera|XP_050549308.1	23.016	126	77	4	149	258	339	131	252	431	0.97	21.2
TRINITY_DN680_c0_g1_i1.p1	Bmori|XP_062527116.1	29.487	78	29	3	749	813	1085	367	431	436	0.19	25.0
TRINITY_DN20956_c0_g1_i3.p1	Spodoptera|XP_035436318.2	32.558	43	20	2	80	118	386	302	339	351	0.42	22.3
TRINITY_DN38106_c0_g1_i1.p1	Bmori|XP_037867392.1	25.397	63	45	1	108	170	192	112	172	395	0.30	21.6
TRINITY_DN18406_c0_g1_i1.p1	Spodoptera|XP_035442818.1	52.980	302	136	6	2	300	300	92	390	390	1.79e-110	317
TRINITY_DN18406_c0_g1_i1.p1	Spodoptera|XP_035432548.2	46.465	297	152	4	7	300	300	19	311	311	1.94e-101	291
TRINITY_DN18406_c0_g1_i1.p1	Bmori|XP_037867392.1	47.195	303	153	3	2	300	300	96	395	395	2.26e-100	291
TRINITY_DN18406_c0_g3_i1.p1	Spodoptera|XP_035442818.1	50.269	372	177	8	24	391	391	23	390	390	3.88e-126	360
TRINITY_DN18406_c0_g3_i1.p1	Bmori|XP_037867392.1	45.641	390	203	5	7	391	391	10	395	395	4.06e-119	343
TRINITY_DN18406_c0_g3_i1.p1	Spodoptera|XP_035432548.2	46.465	297	152	4	98	391	391	19	311	311	4.02e-100	291
TRINITY_DN35625_c0_g2_i1.p1	Bmori|XP_062527116.1	34.783	23	15	0	96	118	125	413	435	436	0.060	22.7
TRINITY_DN25146_c0_g2_i1.p1	Bmori|XP_004930400.2	25.000	60	39	2	995	1054	1056	183	236	346	0.43	23.9
TRINITY_DN25146_c0_g2_i1.p1	Bmori|XP_062526412.1	25.000	60	39	2	995	1054	1056	126	179	289	0.53	23.5
TRINITY_DN25146_c0_g2_i1.p1	Spodoptera|XP_050559197.1	21.667	60	41	2	995	1054	1056	181	234	343	0.58	23.5
TRINITY_DN25146_c0_g2_i1.p1	Bmori|XP_062526415.1	25.000	60	39	2	995	1054	1056	114	167	277	0.62	23.5
TRINITY_DN25146_c0_g2_i1.p1	Spodoptera|XP_035436318.2	26.786	56	35	2	999	1054	1056	195	244	351	0.70	23.1
TRINITY_DN25146_c0_g2_i1.p1	Spodoptera|XP_050559196.1	26.786	56	35	2	999	1054	1056	195	244	304	0.82	23.1
TRINITY_DN8735_c0_g1_i2.p1	Spodoptera|XP_035436301.1	39.394	33	19	1	193	225	368	56	87	341	0.48	21.9
TRINITY_DN8735_c0_g1_i2.p1	Bmori|XP_037869304.1	40.000	30	17	1	196	225	368	40	68	319	0.61	21.9
TRINITY_DN60101_c0_g1_i1.p1	Spodoptera|XP_035432672.2	33.333	24	16	0	133	156	182	264	287	327	0.034	24.3
TRINITY_DN39857_c0_g1_i1.p2	Bmori|XP_012551199.2	23.529	51	39	0	45	95	127	7	57	349	0.22	21.2
TRINITY_DN797_c0_g1_i5.p1	Spodoptera|XP_035432672.2	23.529	34	26	0	126	159	185	238	271	327	0.82	20.0
TRINITY_DN38944_c0_g1_i1.p1	Bmori|XP_062524699.1	37.500	40	19	3	67	103	105	6	42	343	0.24	20.8
TRINITY_DN3987_c0_g1_i1.p1	Spodoptera|XP_050559191.1	40.000	25	15	0	24	48	107	148	172	352	0.78	19.2
TRINITY_DN3031_c0_g1_i1.p1	Spodoptera|XP_050549308.1	40.625	32	16	1	146	177	371	245	273	431	0.24	23.1
TRINITY_DN3031_c0_g1_i1.p1	Bmori|XP_062527116.1	40.625	32	16	1	146	177	371	248	276	436	0.31	22.7
TRINITY_DN800_c1_g1_i3.p1	Bmori|XP_037867392.1	25.641	39	26	1	310	345	964	36	74	395	0.27	24.6
TRINITY_DN6211_c0_g1_i1.p1	Spodoptera|XP_050559197.1	35.849	53	20	2	31	73	167	168	216	343	0.050	23.9
TRINITY_DN46201_c0_g1_i1.p1	Bmori|XP_062527116.1	42.105	19	11	0	116	134	195	123	141	436	0.096	23.1
TRINITY_DN12884_c0_g2_i1.p1	Bmori|XP_037869304.1	54.545	11	5	0	85	95	103	309	319	319	0.92	18.9
TRINITY_DN21054_c0_g1_i1.p1	Spodoptera|XP_050559703.1	23.009	113	69	3	22	124	194	44	148	315	0.49	20.8
TRINITY_DN40540_c0_g1_i1.p1	Bmori|XP_062527116.1	43.750	16	9	0	60	75	105	197	212	436	0.63	19.6
TRINITY_DN40540_c0_g1_i1.p1	Bmori|XP_037867392.1	33.333	21	14	0	56	76	105	138	158	395	0.80	19.2
TRINITY_DN30736_c0_g1_i2.p1	Spodoptera|XP_035435946.2	47.368	19	10	0	75	93	112	287	305	344	0.071	22.3
TRINITY_DN30736_c0_g1_i2.p1	Spodoptera|XP_035432672.2	25.000	40	30	0	23	62	112	3	42	327	0.63	19.6
TRINITY_DN1310_c2_g1_i1.p1	Bmori|XP_062529457.1	45.000	20	10	1	1	20	105	156	174	326	0.58	19.6
TRINITY_DN1310_c2_g1_i1.p1	Spodoptera|XP_035432672.2	50.000	18	8	1	3	20	105	157	173	327	0.77	19.2
TRINITY_DN24373_c0_g1_i1.p1	Spodoptera|XP_050549308.1	40.000	30	18	0	849	878	893	251	280	431	0.87	22.7
TRINITY_DN4782_c0_g1_i1.p1	Bmori|XP_004930400.2	28.571	42	27	1	364	405	602	295	333	346	0.76	22.3
TRINITY_DN4782_c0_g1_i1.p1	Bmori|XP_062526412.1	28.571	42	27	1	364	405	602	238	276	289	0.85	21.9
TRINITY_DN4782_c0_g1_i1.p1	Bmori|XP_062526415.1	28.571	42	27	1	364	405	602	226	264	277	0.91	21.9
TRINITY_DN2078_c1_g1_i1.p1	Spodoptera|XP_050559193.1	29.412	51	32	1	203	253	348	264	310	349	0.90	21.2
TRINITY_DN656_c0_g2_i1.p1	Spodoptera|XP_050559703.1	38.095	21	13	0	101	121	221	266	286	315	0.49	21.2
TRINITY_DN656_c0_g2_i1.p1	Spodoptera|XP_035432548.2	32.143	28	19	0	158	185	221	173	200	311	0.55	21.2
TRINITY_DN3171_c0_g2_i1.p1	Bmori|XP_062529457.1	37.500	16	10	0	403	418	458	242	257	326	0.30	23.1
TRINITY_DN13656_c0_g1_i3.p1	Spodoptera|XP_050559703.1	35.714	42	22	1	486	527	902	136	172	315	0.46	23.5
TRINITY_DN8733_c0_g1_i1.p1	Spodoptera|XP_035432548.2	26.829	41	30	0	138	178	219	141	181	311	0.011	26.2
TRINITY_DN8733_c0_g1_i1.p1	Spodoptera|XP_035442818.1	26.829	41	30	0	138	178	219	218	258	390	0.73	20.8
TRINITY_DN2235_c0_g1_i1.p1	Bmori|XP_062526415.1	28.889	45	25	1	692	729	805	129	173	277	0.27	24.3
TRINITY_DN2235_c0_g1_i1.p1	Bmori|XP_062526412.1	28.889	45	25	1	692	729	805	141	185	289	0.30	23.9
TRINITY_DN2235_c0_g1_i1.p1	Bmori|XP_037867392.1	42.857	21	12	0	701	721	805	54	74	395	0.33	23.9
TRINITY_DN219_c1_g1_i1.p1	Spodoptera|XP_050559703.1	26.415	53	38	1	475	527	527	226	277	315	0.95	21.6
TRINITY_DN12045_c0_g1_i1.p1	Spodoptera|XP_035435946.2	34.375	32	21	0	311	342	463	3	34	344	0.36	22.7
TRINITY_DN795_c0_g1_i12.p1	Spodoptera|XP_050559196.1	33.333	30	20	0	238	267	1690	144	173	304	0.91	23.5
TRINITY_DN795_c0_g1_i12.p1	Spodoptera|XP_035436318.2	33.333	30	20	0	238	267	1690	144	173	351	0.91	23.5
TRINITY_DN23576_c0_g1_i1.p1	Spodoptera|XP_035442818.1	30.435	46	29	2	28	72	147	112	155	390	0.96	19.6
TRINITY_DN2374_c0_g1_i17.p1	Spodoptera|XP_035432548.2	34.211	38	25	0	12	49	285	61	98	311	0.032	25.4
TRINITY_DN8734_c0_g2_i7.p1	Spodoptera|XP_035442818.1	32.258	62	30	4	113	169	350	287	341	390	0.075	24.6
TRINITY_DN8734_c0_g2_i7.p1	Spodoptera|XP_035432548.2	27.692	65	35	3	113	172	350	210	267	311	0.13	23.9
TRINITY_DN27412_c0_g1_i1.p1	Bmori|XP_012550153.2	22.727	66	51	0	59	124	490	25	90	312	0.32	23.1
TRINITY_DN24907_c0_g2_i1.p1	Spodoptera|XP_050549308.1	40.000	30	15	2	44	73	101	156	182	431	0.13	21.6
TRINITY_DN27412_c0_g2_i1.p1	Bmori|XP_012550153.2	25.000	104	73	3	254	354	354	15	116	312	0.20	23.1
TRINITY_DN4618_c0_g1_i11.p1	Bmori|XP_012551199.2	30.000	20	14	0	273	292	497	237	256	349	0.35	23.1
TRINITY_DN29377_c0_g1_i2.p1	Spodoptera|XP_035436301.1	40.000	20	12	0	42	61	99	153	172	341	0.79	18.9
TRINITY_DN29377_c0_g1_i2.p1	Spodoptera|XP_050559191.1	32.432	37	21	2	39	72	99	154	189	352	0.88	18.9
TRINITY_DN52959_c0_g1_i1.p1	Spodoptera|XP_050559703.1	34.375	32	20	1	115	146	227	232	262	315	0.40	21.6
TRINITY_DN22664_c0_g1_i1.p1	Spodoptera|XP_050549308.1	20.000	70	55	1	556	625	726	89	157	431	0.70	22.7
TRINITY_DN13796_c0_g1_i5.p1	Bmori|XP_062527116.1	23.636	55	36	2	7	61	162	179	227	436	0.057	23.5
TRINITY_DN13796_c0_g2_i2.p1	Spodoptera|XP_035433286.1	31.034	58	36	2	634	687	713	26	83	344	0.027	27.3
TRINITY_DN49078_c0_g1_i1.p1	Spodoptera|XP_035432548.2	28.125	32	23	0	42	73	111	162	193	311	0.40	20.0
TRINITY_DN1462_c0_g1_i7.p1	Spodoptera|XP_035432672.2	45.833	24	13	0	699	722	915	4	27	327	0.76	22.7
TRINITY_DN654_c0_g1_i2.p1	Spodoptera|XP_050559703.1	22.388	67	48	1	291	357	518	2	64	315	0.61	22.3
TRINITY_DN32303_c0_g1_i3.p1	Spodoptera|XP_035432548.2	33.333	24	16	0	10	33	128	110	133	311	0.56	20.0
TRINITY_DN26615_c0_g1_i2.p1	Bmori|XP_037867392.1	27.273	44	29	1	201	244	249	42	82	395	0.20	22.7
TRINITY_DN26615_c0_g1_i2.p1	Spodoptera|XP_035435946.2	32.000	50	31	1	167	216	249	226	272	344	0.63	21.2
TRINITY_DN20140_c0_g2_i1.p1	Spodoptera|XP_035442818.1	46.667	15	8	0	22	36	209	230	244	390	0.64	20.8
TRINITY_DN5413_c0_g1_i12.p1	Bmori|XP_062529457.1	33.333	21	14	0	245	265	291	36	56	326	1.00	20.8
TRINITY_DN30735_c0_g1_i1.p1	Bmori|XP_062524699.1	29.268	41	27	1	85	123	322	303	343	343	0.48	21.9
TRINITY_DN4500_c0_g1_i1.p1	Bmori|XP_062529457.1	38.095	21	13	0	76	96	100	202	222	326	0.32	20.0
TRINITY_DN4758_c0_g1_i1.p1	Spodoptera|XP_050549308.1	36.111	36	17	2	25	60	228	214	243	431	0.67	20.8
TRINITY_DN655_c0_g3_i1.p1	Spodoptera|XP_050559197.1	31.111	45	26	2	68	107	450	24	68	343	0.21	23.5
TRINITY_DN655_c0_g3_i1.p1	Spodoptera|XP_050559191.1	34.211	38	24	1	27	64	450	74	110	352	0.59	22.3
TRINITY_DN8732_c0_g1_i1.p1	Spodoptera|XP_035436318.2	34.884	43	24	2	51	92	461	133	172	351	0.28	23.1
TRINITY_DN8732_c0_g1_i1.p1	Spodoptera|XP_050559196.1	34.884	43	24	2	51	92	461	133	172	304	0.34	22.7
TRINITY_DN8732_c0_g1_i1.p1	Bmori|XP_012550153.2	23.913	46	35	0	414	459	461	38	83	312	0.78	21.9
TRINITY_DN9231_c1_g1_i27.p1	Spodoptera|XP_035442818.1	27.778	72	49	2	49	119	371	188	257	390	0.55	21.9
TRINITY_DN12719_c0_g1_i8.p1	Spodoptera|XP_035442818.1	34.286	35	18	1	45	79	176	267	296	390	0.42	21.2
TRINITY_DN9208_c1_g1_i3.p1	Spodoptera|XP_050559703.1	37.500	32	20	0	88	119	677	110	141	315	0.12	25.0
TRINITY_DN1321_c0_g1_i22.p1	Spodoptera|XP_035435946.2	36.364	22	14	0	479	500	726	231	252	344	0.14	25.0
TRINITY_DN1321_c0_g1_i22.p1	Bmori|XP_062524699.1	25.676	74	49	3	398	468	726	240	310	343	0.50	23.1
TRINITY_DN3984_c0_g1_i5.p1	Spodoptera|XP_035435946.2	26.154	130	71	6	119	233	358	19	138	344	0.016	26.9
TRINITY_DN3984_c0_g1_i5.p1	Spodoptera|XP_035436318.2	23.529	102	67	2	111	203	358	242	341	351	0.37	22.3
TRINITY_DN11806_c0_g2_i1.p1	Spodoptera|XP_035432672.2	38.889	18	7	1	80	97	99	118	131	327	0.36	20.0
TRINITY_DN11806_c0_g2_i1.p1	Spodoptera|XP_050559193.1	50.000	14	7	0	82	95	99	8	21	349	0.74	19.2
TRINITY_DN11806_c0_g2_i1.p1	Spodoptera|XP_035436301.1	35.897	39	20	2	15	51	99	39	74	341	0.88	18.9
TRINITY_DN3286_c0_g1_i3.p1	Spodoptera|XP_050559191.1	47.059	17	9	0	78	94	749	297	313	352	0.68	22.7
TRINITY_DN25842_c0_g1_i2.p1	Spodoptera|XP_050559197.1	34.615	52	27	3	56	100	131	88	139	343	0.81	19.6
TRINITY_DN2373_c0_g1_i13.p1	Bmori|XP_062529457.1	40.909	22	13	0	12	33	147	105	126	326	0.50	20.4
TRINITY_DN9209_c1_g2_i2.p1	Bmori|XP_021206280.1	29.851	67	40	1	134	200	285	224	283	290	0.21	22.7
TRINITY_DN20396_c0_g1_i3.p1	Bmori|XP_062529457.1	27.273	44	30	1	195	238	447	185	226	326	0.28	23.1
TRINITY_DN20396_c0_g1_i3.p1	Bmori|XP_037867392.1	31.579	38	20	2	1	35	447	356	390	395	0.61	21.9
TRINITY_DN20396_c0_g1_i3.p1	Bmori|XP_012550153.2	29.703	101	57	5	1	95	447	45	137	312	0.67	21.9
TRINITY_DN3704_c0_g1_i1.p1	Bmori|XP_062527116.1	30.435	23	16	0	294	316	371	206	228	436	0.45	22.3
TRINITY_DN3704_c0_g1_i1.p1	Spodoptera|XP_050549308.1	30.435	23	16	0	294	316	371	203	225	431	0.64	21.9
TRINITY_DN80_c1_g2_i6.p1	Spodoptera|XP_050549308.1	32.000	25	17	0	58	82	103	342	366	431	0.23	20.8
TRINITY_DN80_c1_g2_i6.p1	Bmori|XP_062524699.1	38.462	13	8	0	63	75	103	197	209	343	0.25	20.4
TRINITY_DN80_c1_g2_i6.p1	Bmori|XP_062527116.1	32.143	28	19	0	58	85	103	345	372	436	0.50	19.6
TRINITY_DN80_c1_g3_i1.p1	Bmori|XP_062524699.1	28.947	38	26	1	415	452	522	86	122	343	0.16	24.3
TRINITY_DN80_c1_g3_i1.p1	Spodoptera|XP_035433249.2	21.212	66	51	1	427	492	522	148	212	238	0.56	22.3
TRINITY_DN30733_c0_g1_i1.p1	Spodoptera|XP_035435946.2	24.771	109	45	4	32	126	360	45	130	344	0.36	22.3
TRINITY_DN7261_c0_g2_i6.p1	Spodoptera|XP_035442818.1	38.710	31	19	0	72	102	295	331	361	390	0.017	26.2
TRINITY_DN18659_c0_g3_i1.p1	Spodoptera|XP_035433249.2	34.091	44	26	1	54	97	150	45	85	238	0.13	22.3
TRINITY_DN216_c1_g2_i1.p1	Spodoptera|XP_035435946.2	36.585	41	23	3	34	71	104	40	80	344	0.25	20.8
TRINITY_DN216_c1_g2_i1.p1	Bmori|XP_062524699.1	39.286	28	7	2	22	40	104	212	238	343	0.76	19.2
TRINITY_DN216_c1_g2_i1.p1	Bmori|XP_021206280.1	37.838	37	11	3	22	49	104	155	188	290	0.88	18.9
TRINITY_DN39714_c0_g1_i1.p1	Spodoptera|XP_050559191.1	22.222	72	55	1	64	134	198	280	351	352	0.31	21.6
TRINITY_DN39714_c0_g1_i1.p1	Spodoptera|XP_035432672.2	31.818	22	15	0	12	33	198	225	246	327	0.59	20.8
TRINITY_DN18402_c0_g3_i1.p1	Spodoptera|XP_050549308.1	28.395	81	47	3	71	142	307	117	195	431	0.097	24.3
TRINITY_DN895_c12_g1_i2.p1	Spodoptera|XP_035432548.2	38.889	18	11	0	185	202	243	146	163	311	0.10	23.5
TRINITY_DN897_c2_g1_i10.p1	Spodoptera|XP_050559191.1	41.667	24	11	1	86	109	298	155	175	352	0.69	21.2
TRINITY_DN3407_c1_g1_i9.p1	Spodoptera|XP_050559703.1	34.375	32	19	1	55	86	218	285	314	315	0.54	21.2
TRINITY_DN897_c2_g2_i1.p1	Bmori|XP_021206280.1	28.000	75	47	3	32	103	588	159	229	290	0.025	26.9
TRINITY_DN1320_c0_g1_i2.p1	Bmori|XP_062527116.1	66.667	9	3	0	22	30	161	257	265	436	0.90	20.0
TRINITY_DN1320_c0_g1_i2.p1	Spodoptera|XP_050549308.1	66.667	9	3	0	22	30	161	254	262	431	0.96	19.6
TRINITY_DN793_c0_g1_i10.p1	Bmori|XP_062529457.1	36.735	49	21	3	422	463	684	135	180	326	0.59	22.7
TRINITY_DN17605_c0_g1_i2.p1	Spodoptera|XP_035433286.1	43.750	16	9	0	257	272	326	7	22	344	0.63	21.6
TRINITY_DN55438_c0_g1_i1.p1	Spodoptera|XP_035432548.2	30.952	42	24	1	21	57	319	62	103	311	0.46	21.9
TRINITY_DN55438_c0_g1_i1.p1	Spodoptera|XP_050559197.1	41.176	17	10	0	6	22	319	87	103	343	0.48	21.9
TRINITY_DN55438_c0_g1_i1.p1	Spodoptera|XP_050559196.1	26.087	46	25	2	184	229	319	256	292	304	0.56	21.6
TRINITY_DN3285_c0_g3_i3.p1	Spodoptera|XP_035433249.2	26.772	127	88	3	19	144	229	14	136	238	2.87e-10	48.9
TRINITY_DN3285_c0_g3_i3.p1	Bmori|XP_012550153.2	22.340	94	68	2	14	103	229	2	94	312	4.66e-04	30.8
TRINITY_DN2372_c0_g1_i1.p1	Bmori|XP_037867392.1	41.667	24	14	0	777	800	1212	94	117	395	0.82	23.1
TRINITY_DN12857_c0_g1_i2.p1	Spodoptera|XP_035435946.2	31.579	38	17	1	134	162	440	171	208	344	0.16	23.9
TRINITY_DN59693_c0_g1_i1.p1	Spodoptera|XP_050559191.1	34.483	29	16	1	36	61	327	241	269	352	0.65	21.6
TRINITY_DN10038_c1_g1_i1.p1	Bmori|XP_062529457.1	38.095	21	11	1	344	362	505	244	264	326	0.86	21.9
TRINITY_DN513_c0_g1_i13.p1	Bmori|XP_062524699.1	34.694	49	20	2	126	174	269	161	197	343	0.042	25.0
TRINITY_DN25957_c0_g1_i1.p1	Bmori|XP_062529457.1	20.000	55	35	1	36	90	100	69	114	326	0.90	18.9
TRINITY_DN8173_c0_g1_i6.p1	Bmori|XP_021206280.1	26.923	52	26	2	46	94	201	21	63	290	0.72	20.4
TRINITY_DN8173_c0_g1_i6.p1	Bmori|XP_021206280.1	34.375	32	18	1	132	163	201	195	223	290	0.75	20.4
TRINITY_DN8173_c0_g1_i6.p1	Spodoptera|XP_050549308.1	28.571	56	33	2	3	51	201	178	233	431	0.89	20.4
TRINITY_DN12183_c0_g1_i4.p1	Spodoptera|XP_050559703.1	40.625	32	14	1	74	105	315	106	132	315	0.080	24.3
TRINITY_DN12183_c0_g1_i4.p1	Bmori|XP_012550153.2	31.707	41	17	1	76	105	315	44	84	312	0.82	21.2
TRINITY_DN7260_c0_g1_i1.p1	Spodoptera|XP_035433249.2	31.915	47	27	2	110	155	254	165	207	238	0.34	21.9
TRINITY_DN7260_c0_g1_i1.p1	Spodoptera|XP_035432672.2	39.394	33	15	1	152	184	254	231	258	327	0.37	21.9
TRINITY_DN7260_c0_g1_i1.p1	Spodoptera|XP_035435946.2	26.531	49	36	0	56	104	254	107	155	344	0.66	21.2
TRINITY_DN652_c0_g1_i12.p1	Bmori|XP_037867392.1	31.579	38	26	0	350	387	1018	114	151	395	0.47	23.9
TRINITY_DN41565_c0_g1_i1.p1	Bmori|XP_062529457.1	36.364	44	21	2	216	259	340	204	240	326	0.58	21.6
TRINITY_DN1127_c3_g1_i3.p1	Spodoptera|XP_035432672.2	41.176	17	10	0	75	91	319	48	64	327	0.75	21.2
TRINITY_DN8987_c0_g1_i1.p1	Spodoptera|XP_035442818.1	29.787	47	31	2	24	69	296	337	382	390	0.99	20.8
TRINITY_DN5411_c0_g1_i3.p1	Spodoptera|XP_035435946.2	24.771	109	68	6	228	326	470	194	298	344	0.066	25.4
TRINITY_DN5411_c0_g1_i3.p1	Spodoptera|XP_035432548.2	41.176	17	10	0	6	22	470	113	129	311	0.35	23.1
TRINITY_DN3686_c1_g1_i1.p1	Spodoptera|XP_035433286.1	28.000	50	32	1	43	92	505	145	190	344	0.40	22.7
TRINITY_DN3686_c1_g1_i1.p1	Spodoptera|XP_050559191.1	37.500	24	15	0	182	205	505	124	147	352	0.73	21.9
TRINITY_DN33353_c0_g1_i3.p1	Spodoptera|XP_035432672.2	28.571	35	25	0	557	591	848	8	42	327	0.70	22.7
TRINITY_DN8289_c0_g1_i1.p1	Spodoptera|XP_035432548.2	35.714	42	26	1	102	143	722	253	293	311	0.023	27.3
TRINITY_DN30035_c0_g1_i1.p1	Spodoptera|XP_050559703.1	41.935	31	18	0	13	43	129	214	244	315	0.068	22.7
TRINITY_DN30035_c0_g1_i1.p1	Spodoptera|XP_035433249.2	29.412	34	24	0	37	70	129	97	130	238	0.19	21.2
TRINITY_DN18401_c0_g1_i11.p1	Spodoptera|XP_035436301.1	28.571	42	26	1	100	141	323	206	243	341	0.23	23.1
TRINITY_DN18401_c0_g2_i2.p1	Spodoptera|XP_050559197.1	31.111	45	24	2	624	661	1061	295	339	343	0.58	23.5
TRINITY_DN7376_c0_g1_i1.p1	Spodoptera|XP_050559191.1	35.294	34	16	1	233	266	326	80	107	352	0.66	21.6
TRINITY_DN41566_c0_g1_i2.p1	Spodoptera|XP_035432672.2	33.333	18	12	0	5	22	117	46	63	327	0.56	19.6
TRINITY_DN38102_c0_g1_i1.p1	Bmori|XP_037867392.1	47.059	17	9	0	195	211	297	70	86	395	0.74	21.2
TRINITY_DN49633_c0_g1_i1.p1	Spodoptera|XP_035433286.1	40.909	22	13	0	39	60	137	91	112	344	0.16	21.9
TRINITY_DN4895_c0_g1_i1.p1	Bmori|XP_062527116.1	32.609	46	29	1	312	357	788	90	133	436	0.90	22.3
TRINITY_DN4197_c0_g1_i3.p1	Spodoptera|XP_035442818.1	30.769	52	33	1	10	58	199	92	143	390	0.033	24.6
TRINITY_DN769_c0_g1_i1.p1	Spodoptera|XP_035433249.2	36.000	25	16	0	110	134	179	87	111	238	0.56	20.4
TRINITY_DN29373_c0_g2_i1.p1	Bmori|XP_037867392.1	29.167	48	23	1	191	227	333	67	114	395	0.036	25.4
TRINITY_DN2371_c0_g1_i2.p1	Spodoptera|XP_035433286.1	25.000	80	44	3	429	492	597	16	95	344	0.22	23.9
TRINITY_DN18384_c1_g4_i1.p1	Spodoptera|XP_050559197.1	61.538	13	5	0	228	240	258	273	285	343	0.54	21.6
TRINITY_DN18384_c1_g4_i1.p1	Spodoptera|XP_050559193.1	31.579	38	19	2	37	68	258	31	67	349	0.59	21.2
TRINITY_DN2348_c0_g2_i14.p1	Spodoptera|XP_050549308.1	34.783	23	13	1	270	290	400	121	143	431	0.54	22.3
TRINITY_DN2348_c0_g2_i14.p1	Bmori|XP_062527116.1	32.000	25	15	1	268	290	400	122	146	436	0.57	21.9
TRINITY_DN2348_c0_g2_i14.p1	Bmori|XP_004930400.2	21.818	55	36	1	244	291	400	191	245	346	0.74	21.6
TRINITY_DN2348_c0_g2_i14.p1	Bmori|XP_062526412.1	21.818	55	36	1	244	291	400	134	188	289	0.82	21.6
TRINITY_DN2348_c0_g2_i14.p1	Bmori|XP_062526415.1	21.818	55	36	1	244	291	400	122	176	277	0.87	21.2
TRINITY_DN12181_c0_g2_i3.p1	Spodoptera|XP_050559191.1	30.435	23	16	0	23	45	228	158	180	352	0.75	20.8
TRINITY_DN35760_c0_g1_i1.p1	Bmori|XP_062526412.1	34.286	35	22	1	14	48	188	252	285	289	0.068	23.5
TRINITY_DN35760_c0_g1_i1.p1	Bmori|XP_062526415.1	34.286	35	22	1	14	48	188	240	273	277	0.071	23.5
TRINITY_DN35760_c0_g1_i1.p1	Bmori|XP_004930400.2	33.333	39	25	1	14	52	188	309	346	346	0.076	23.5
TRINITY_DN35760_c0_g1_i1.p1	Spodoptera|XP_050559196.1	29.412	34	23	1	14	47	188	269	301	304	0.37	21.2
TRINITY_DN35760_c0_g1_i1.p1	Spodoptera|XP_035436318.2	29.412	34	23	1	14	47	188	316	348	351	0.44	21.2
TRINITY_DN35760_c0_g1_i1.p1	Spodoptera|XP_035435946.2	29.412	34	23	1	14	47	188	309	341	344	0.76	20.4
TRINITY_DN11245_c0_g1_i1.p1	Bmori|XP_062524699.1	53.333	15	7	0	83	97	141	3	17	343	0.24	21.2
TRINITY_DN14425_c0_g1_i13.p1	Spodoptera|XP_035442818.1	33.867	375	207	7	100	451	456	30	386	390	1.53e-64	204
TRINITY_DN14425_c0_g1_i13.p1	Bmori|XP_037867392.1	31.781	365	205	11	116	455	456	50	395	395	1.12e-56	184
TRINITY_DN14425_c0_g1_i13.p1	Spodoptera|XP_035432548.2	29.091	330	187	13	152	455	456	3	311	311	6.37e-38	131
TRINITY_DN9502_c0_g1_i2.p1	Spodoptera|XP_050559703.1	29.412	68	42	2	145	209	405	6	70	315	0.87	21.6
TRINITY_DN24345_c0_g1_i1.p1	Bmori|XP_037869304.1	26.316	38	28	0	16	53	145	86	123	319	0.59	20.0
TRINITY_DN26612_c0_g1_i1.p1	Bmori|XP_004930400.2	30.556	72	38	4	30	89	140	72	143	346	0.25	21.2
TRINITY_DN26612_c0_g1_i1.p1	Bmori|XP_062526412.1	30.556	72	38	4	30	89	140	15	86	289	0.25	21.2
TRINITY_DN26612_c0_g1_i1.p1	Bmori|XP_062526415.1	31.250	64	32	4	38	89	140	11	74	277	0.31	20.8
TRINITY_DN26612_c0_g1_i1.p1	Spodoptera|XP_035435946.2	29.730	37	24	1	29	63	140	72	108	344	0.39	20.8
TRINITY_DN26612_c0_g1_i1.p1	Spodoptera|XP_050559197.1	34.043	47	21	3	53	89	140	95	141	343	0.94	19.6
TRINITY_DN13628_c0_g1_i3.p1	Spodoptera|XP_035442818.1	26.154	65	37	2	815	879	902	128	181	390	0.090	25.8
TRINITY_DN16808_c0_g1_i4.p1	Spodoptera|XP_035433249.2	34.694	49	26	3	405	451	766	61	105	238	0.042	26.6
TRINITY_DN2207_c0_g1_i11.p1	Bmori|XP_062524699.1	27.273	66	46	1	923	986	1493	2	67	343	0.33	24.6
TRINITY_DN12715_c0_g1_i2.p1	Spodoptera|XP_035432548.2	55.000	20	9	0	313	332	447	125	144	311	0.28	23.1
TRINITY_DN12715_c0_g1_i2.p1	Spodoptera|XP_035432548.2	24.194	124	82	4	316	431	447	25	144	311	0.78	21.6
TRINITY_DN8288_c0_g1_i1.p1	Spodoptera|XP_035432548.2	41.379	29	17	0	149	177	563	29	57	311	0.11	24.6
TRINITY_DN767_c0_g1_i1.p1	Bmori|XP_037867392.1	37.500	16	10	0	13	28	146	128	143	395	0.39	20.8
TRINITY_DN319_c3_g1_i14.p1	Bmori|XP_062526415.1	26.389	72	34	3	884	954	1169	29	82	277	0.61	23.5
TRINITY_DN3700_c0_g1_i21.p1	Spodoptera|XP_035433249.2	29.412	34	24	0	299	332	438	55	88	238	0.093	24.6
TRINITY_DN11105_c0_g1_i12.p1	Spodoptera|XP_050559193.1	25.000	68	47	2	197	261	295	116	182	349	0.085	24.3
TRINITY_DN11105_c0_g1_i12.p1	Bmori|XP_062527116.1	56.250	16	7	0	235	250	295	111	126	436	0.26	22.7
TRINITY_DN3002_c0_g1_i1.p1	Spodoptera|XP_035435946.2	32.353	34	22	1	16	48	238	251	284	344	0.94	20.4
TRINITY_DN17186_c0_g1_i1.p1	Bmori|XP_012550153.2	34.483	29	18	1	502	530	1025	83	110	312	0.49	23.5
TRINITY_DN19591_c0_g1_i10.p1	Spodoptera|XP_050559196.1	27.184	103	53	5	726	814	1409	63	157	304	0.21	25.4
TRINITY_DN19591_c0_g1_i10.p1	Spodoptera|XP_035436318.2	27.184	103	53	5	726	814	1409	63	157	351	0.25	25.0
TRINITY_DN42337_c0_g1_i1.p1	Bmori|XP_062529457.1	60.000	10	4	0	16	25	117	176	185	326	0.49	20.0
TRINITY_DN57005_c0_g1_i1.p1	Spodoptera|XP_050559193.1	35.294	34	9	1	87	107	115	130	163	349	0.43	20.0
TRINITY_DN1217_c7_g1_i1.p1	Spodoptera|XP_035432672.2	45.455	22	12	0	137	158	253	238	259	327	0.63	21.2
TRINITY_DN53193_c0_g1_i1.p1	Spodoptera|XP_050549308.1	35.714	28	18	0	56	83	126	146	173	431	0.56	20.0
TRINITY_DN8408_c1_g1_i1.p1	Spodoptera|XP_035442818.1	42.105	19	11	0	87	105	107	33	51	390	0.18	21.2
TRINITY_DN59668_c0_g1_i1.p2	Bmori|XP_037869304.1	34.615	26	17	0	5	30	105	70	95	319	0.068	22.3
TRINITY_DN59668_c0_g1_i1.p2	Spodoptera|XP_035436301.1	34.615	26	17	0	5	30	105	89	114	341	0.15	21.2
TRINITY_DN6579_c0_g1_i1.p1	Spodoptera|XP_035432548.2	39.130	23	13	1	64	86	104	99	120	311	0.31	20.4
TRINITY_DN57144_c0_g1_i1.p2	Bmori|XP_012550153.2	25.806	62	41	2	57	118	120	240	296	312	0.54	20.0
TRINITY_DN56489_c0_g1_i1.p1	Spodoptera|XP_035435946.2	29.032	31	21	1	29	59	121	208	237	344	0.47	20.0
TRINITY_DN3119_c0_g1_i15.p1	Bmori|XP_012550153.2	29.032	62	35	1	67	119	164	25	86	312	0.15	22.3
TRINITY_DN3119_c0_g1_i15.p1	Bmori|XP_012551199.2	33.333	24	16	0	11	34	164	299	322	349	0.69	20.4
TRINITY_DN31084_c0_g2_i2.p1	Spodoptera|XP_050559197.1	47.059	17	9	0	494	510	628	87	103	343	0.93	21.9
TRINITY_DN31084_c0_g3_i2.p1	Spodoptera|XP_050559196.1	40.000	20	12	0	5	24	444	257	276	304	0.45	22.3
TRINITY_DN8704_c0_g1_i1.p1	Spodoptera|XP_035442818.1	26.923	78	50	3	216	287	528	229	305	390	0.23	23.9
TRINITY_DN30846_c0_g1_i1.p1	Spodoptera|XP_050559703.1	38.462	13	8	0	50	62	117	208	220	315	0.84	19.2
TRINITY_DN2487_c0_g1_i4.p1	Spodoptera|XP_050559197.1	52.632	19	9	0	160	178	190	180	198	343	0.84	20.4
TRINITY_DN2487_c0_g1_i4.p1	Spodoptera|XP_035433286.1	63.636	11	4	0	160	170	190	181	191	344	0.84	20.4
TRINITY_DN12995_c0_g2_i1.p1	Bmori|XP_062527116.1	30.000	40	27	1	52	91	106	124	162	436	0.23	20.8
TRINITY_DN53029_c0_g1_i1.p1	Spodoptera|XP_035432548.2	29.630	81	52	3	30	108	222	228	305	311	0.21	22.3
TRINITY_DN60490_c0_g1_i1.p2	Bmori|XP_037869304.1	50.000	18	9	0	79	96	100	149	166	319	0.35	20.0
TRINITY_DN60490_c0_g1_i1.p2	Spodoptera|XP_035436301.1	50.000	18	9	0	79	96	100	168	185	341	0.36	20.0
TRINITY_DN31085_c0_g1_i1.p1	Spodoptera|XP_035442818.1	30.303	33	23	0	145	177	346	212	244	390	0.32	22.7
TRINITY_DN31085_c0_g1_i1.p1	Spodoptera|XP_050559191.1	30.303	33	22	1	10	41	346	196	228	352	0.34	22.3
TRINITY_DN196_c2_g1_i1.p1	Spodoptera|XP_035433286.1	30.000	40	28	0	316	355	510	282	321	344	0.051	25.8
TRINITY_DN196_c2_g1_i1.p1	Spodoptera|XP_035433286.1	28.846	52	32	2	366	417	510	116	162	344	0.27	23.5
TRINITY_DN196_c2_g1_i1.p1	Spodoptera|XP_035435946.2	24.074	108	66	5	324	423	510	68	167	344	0.18	23.9
TRINITY_DN196_c2_g1_i1.p1	Bmori|XP_062526412.1	35.294	34	22	0	315	348	510	231	264	289	0.73	21.9
TRINITY_DN196_c2_g1_i1.p1	Bmori|XP_004930400.2	35.294	34	22	0	315	348	510	288	321	346	0.76	21.9
TRINITY_DN196_c2_g1_i1.p1	Bmori|XP_062526415.1	35.294	34	22	0	315	348	510	219	252	277	0.78	21.9
TRINITY_DN53168_c0_g1_i1.p1	Bmori|XP_021206280.1	32.000	25	14	1	52	76	192	137	158	290	0.35	21.6
TRINITY_DN3957_c0_g1_i1.p1	Spodoptera|XP_035433286.1	26.415	53	29	2	266	312	616	38	86	344	0.42	23.1
TRINITY_DN9082_c0_g1_i3.p1	Bmori|XP_062527116.1	36.364	22	14	0	71	92	113	199	220	436	0.25	20.8
TRINITY_DN9082_c0_g1_i3.p1	Spodoptera|XP_050549308.1	31.818	22	15	0	71	92	113	196	217	431	0.30	20.4
TRINITY_DN31899_c0_g1_i1.p1	Spodoptera|XP_035433249.2	40.000	70	28	3	11	79	319	14	70	238	8.49e-10	48.5
TRINITY_DN31899_c0_g1_i1.p1	Spodoptera|XP_035433249.2	32.609	46	28	2	267	311	319	189	232	238	0.030	25.4
TRINITY_DN31899_c0_g1_i1.p1	Bmori|XP_012550153.2	23.810	105	66	3	4	106	319	1	93	312	9.39e-06	36.6
TRINITY_DN31899_c0_g1_i1.p1	Spodoptera|XP_050559703.1	27.500	80	51	2	237	309	319	231	310	315	1.02e-04	33.5
TRINITY_DN31899_c0_g1_i1.p1	Spodoptera|XP_050559703.1	27.632	76	43	2	2	77	319	76	139	315	7.62e-04	30.8
TRINITY_DN22635_c0_g1_i1.p1	Spodoptera|XP_035442818.1	57.718	298	121	2	5	299	302	91	386	390	2.36e-131	370
TRINITY_DN22635_c0_g1_i1.p1	Spodoptera|XP_035432548.2	48.837	301	148	4	1	299	302	11	307	311	2.43e-110	314
TRINITY_DN22635_c0_g1_i1.p1	Bmori|XP_037867392.1	44.667	300	164	2	5	302	302	95	394	395	1.31e-102	297
TRINITY_DN136_c8_g1_i1.p1	Spodoptera|XP_050549308.1	24.419	86	59	2	769	848	1275	4	89	431	0.84	23.5
TRINITY_DN2485_c0_g2_i1.p1	Spodoptera|XP_035433286.1	31.579	38	25	1	774	811	1015	234	270	344	0.54	23.5
TRINITY_DN2485_c0_g3_i1.p1	Spodoptera|XP_035436301.1	25.000	40	29	1	18	56	436	163	202	341	0.50	22.3
TRINITY_DN2485_c0_g3_i1.p1	Bmori|XP_037869304.1	25.000	40	29	1	18	56	436	144	183	319	0.87	21.6
TRINITY_DN1572_c0_g1_i18.p1	Bmori|XP_012551199.2	32.000	50	29	2	655	700	1866	241	289	349	0.73	23.9
TRINITY_DN39011_c0_g2_i1.p1	Bmori|XP_062529457.1	29.730	37	26	0	130	166	199	188	224	326	0.57	20.8
TRINITY_DN19154_c1_g1_i1.p1	Spodoptera|XP_035433249.2	37.500	24	15	0	42	65	392	201	224	238	0.61	21.9
TRINITY_DN20227_c0_g1_i2.p1	Spodoptera|XP_050559703.1	27.273	55	39	1	86	139	504	47	101	315	0.19	23.9
TRINITY_DN20227_c0_g1_i2.p1	Bmori|XP_062529457.1	25.333	75	48	1	8	82	504	189	255	326	0.48	22.7
TRINITY_DN44719_c0_g1_i2.p1	Bmori|XP_062527116.1	40.909	22	13	0	220	241	865	399	420	436	0.85	22.7
TRINITY_DN3141_c0_g1_i11.p1	Spodoptera|XP_050559193.1	33.333	30	20	0	863	892	940	54	83	349	0.61	23.1
TRINITY_DN3141_c0_g1_i11.p1	Spodoptera|XP_050559197.1	38.462	26	16	0	867	892	940	56	81	343	0.99	22.7
TRINITY_DN15736_c1_g2_i1.p1	Spodoptera|XP_050559197.1	34.375	32	18	1	158	189	318	189	217	343	0.26	22.7
TRINITY_DN8984_c0_g1_i10.p1	Spodoptera|XP_035433249.2	31.111	45	28	1	113	157	524	69	110	238	0.27	23.5
TRINITY_DN9199_c0_g4_i1.p1	Spodoptera|XP_035433286.1	25.926	27	20	0	122	148	764	180	206	344	0.88	22.3
TRINITY_DN5390_c1_g1_i5.p1	Bmori|XP_037867392.1	21.212	66	47	2	211	274	581	275	337	395	0.77	22.3
TRINITY_DN48276_c0_g1_i1.p1	Bmori|XP_062524699.1	25.000	36	27	0	64	99	112	191	226	343	0.11	21.9
TRINITY_DN11800_c0_g1_i1.p1	Spodoptera|XP_050559191.1	29.508	61	35	2	179	239	432	223	275	352	0.57	22.3
TRINITY_DN17858_c0_g1_i12.p1	Bmori|XP_012550153.2	26.761	71	37	3	284	341	427	218	286	312	0.13	24.3
TRINITY_DN17858_c0_g2_i1.p1	Bmori|XP_012551199.2	27.273	44	28	2	48	88	462	185	227	349	0.49	22.3
TRINITY_DN17858_c0_g2_i1.p1	Spodoptera|XP_035433286.1	32.558	43	27	1	46	88	462	183	223	344	0.55	22.3
TRINITY_DN328_c1_g1_i1.p1	Spodoptera|XP_050549308.1	19.149	94	71	1	93	181	240	276	369	431	0.034	25.0
TRINITY_DN328_c1_g1_i1.p1	Spodoptera|XP_050549308.1	32.353	68	35	4	146	210	240	216	275	431	0.31	21.9
TRINITY_DN328_c1_g1_i1.p1	Bmori|XP_062527116.1	30.612	49	29	2	172	218	240	80	125	436	0.20	22.7
TRINITY_DN8006_c0_g1_i1.p1	Spodoptera|XP_050559193.1	22.785	79	49	2	100	177	261	25	92	349	0.36	21.9
TRINITY_DN8006_c0_g1_i1.p1	Bmori|XP_062529457.1	58.333	12	5	0	109	120	261	31	42	326	0.49	21.6
TRINITY_DN8006_c0_g1_i1.p1	Bmori|XP_021206280.1	20.455	44	35	0	8	51	261	57	100	290	0.71	20.8
TRINITY_DN8006_c0_g1_i1.p1	Bmori|XP_062524699.1	29.412	34	21	1	21	51	261	124	157	343	0.84	20.8
TRINITY_DN1689_c0_g1_i2.p1	Spodoptera|XP_035435946.2	50.000	18	9	0	300	317	518	16	33	344	0.48	22.7
TRINITY_DN26167_c0_g1_i2.p1	Bmori|XP_012551199.2	47.368	19	10	0	3	21	189	77	95	349	0.99	20.0
TRINITY_DN9058_c0_g1_i1.p1	Spodoptera|XP_035433286.1	28.571	84	32	4	79	140	332	37	114	344	0.97	20.8
TRINITY_DN13068_c0_g1_i3.p1	Spodoptera|XP_035435946.2	31.707	41	21	2	28	65	109	271	307	344	0.068	22.3
TRINITY_DN2345_c0_g1_i1.p1	Bmori|XP_037867392.1	53.333	15	7	0	86	100	103	238	252	395	0.22	20.8
TRINITY_DN4750_c0_g1_i2.p2	Bmori|XP_037867392.1	34.021	97	62	1	1	97	121	273	367	395	2.58e-12	52.8
TRINITY_DN4750_c0_g1_i2.p2	Spodoptera|XP_035432548.2	37.662	77	43	2	24	100	121	214	285	311	7.03e-12	51.2
TRINITY_DN4750_c0_g1_i2.p2	Spodoptera|XP_035442818.1	44.444	54	28	1	24	77	121	291	342	390	2.26e-11	50.1
TRINITY_DN24341_c0_g2_i2.p1	Spodoptera|XP_035442818.1	22.491	289	197	9	42	307	356	49	333	390	1.98e-16	70.1
TRINITY_DN24341_c0_g2_i2.p1	Spodoptera|XP_035432548.2	22.530	253	175	5	74	307	356	6	256	311	8.04e-14	61.6
TRINITY_DN24341_c0_g2_i2.p1	Bmori|XP_037867392.1	20.000	280	186	8	57	307	356	68	338	395	2.60e-09	48.1
TRINITY_DN7930_c0_g1_i2.p1	Spodoptera|XP_035432548.2	26.389	72	51	2	566	636	720	192	262	311	0.75	22.3
TRINITY_DN1432_c0_g1_i3.p1	Spodoptera|XP_035432548.2	30.882	68	38	2	1031	1098	1209	51	109	311	0.26	24.6
TRINITY_DN1432_c0_g1_i3.p1	Spodoptera|XP_050559703.1	26.606	109	58	5	597	695	1209	170	266	315	0.58	23.5
TRINITY_DN17019_c0_g1_i1.p1	Bmori|XP_021206280.1	28.571	28	20	0	255	282	337	262	289	290	0.25	22.7
TRINITY_DN6577_c0_g1_i18.p1	Spodoptera|XP_035432672.2	23.346	257	145	13	265	494	1274	89	320	327	0.058	26.9
TRINITY_DN37441_c0_g1_i2.p1	Bmori|XP_062524699.1	58.333	12	5	0	5	16	187	207	218	343	0.96	20.0
TRINITY_DN1571_c0_g1_i15.p1	Spodoptera|XP_050559196.1	24.638	69	52	0	103	171	370	43	111	304	0.15	23.9
TRINITY_DN1571_c0_g1_i15.p1	Spodoptera|XP_035436318.2	24.638	69	52	0	103	171	370	43	111	351	0.17	23.5
TRINITY_DN1548_c0_g1_i10.p1	Spodoptera|XP_050559703.1	30.612	49	29	2	128	172	208	247	294	315	0.17	22.3
TRINITY_DN24319_c0_g4_i4.p1	Spodoptera|XP_035436318.2	38.889	18	11	0	92	109	124	5	22	351	0.50	20.0
TRINITY_DN24319_c0_g4_i4.p1	Spodoptera|XP_050559196.1	41.176	17	10	0	92	108	124	5	21	304	0.53	20.0
TRINITY_DN8983_c0_g2_i1.p1	Bmori|XP_021206280.1	24.540	163	110	6	258	410	983	17	176	290	0.035	27.3
TRINITY_DN8983_c0_g2_i1.p1	Bmori|XP_037869304.1	27.619	105	45	6	449	522	983	46	150	319	0.37	23.9
TRINITY_DN12712_c0_g1_i1.p1	Spodoptera|XP_035433286.1	34.694	49	31	1	380	427	460	110	158	344	0.039	25.8
TRINITY_DN12712_c0_g1_i1.p1	Bmori|XP_012551199.2	23.810	42	32	0	169	210	460	117	158	349	0.34	23.1
TRINITY_DN8004_c0_g1_i11.p1	Spodoptera|XP_035435946.2	35.484	31	20	0	223	253	299	105	135	344	0.33	22.3
TRINITY_DN8004_c0_g2_i1.p1	Spodoptera|XP_050559197.1	33.333	39	24	1	46	82	207	258	296	343	0.56	20.8
TRINITY_DN45095_c0_g1_i1.p2	Bmori|XP_062524699.1	27.273	33	21	1	87	119	122	245	274	343	0.19	21.2
TRINITY_DN18512_c0_g2_i1.p1	Bmori|XP_062527116.1	25.424	59	35	2	30	88	102	159	208	436	0.036	23.1
TRINITY_DN18512_c0_g2_i1.p1	Spodoptera|XP_035432548.2	25.000	52	39	0	51	102	102	228	279	311	0.71	19.2
TRINITY_DN4867_c0_g1_i1.p1	Spodoptera|XP_050559193.1	29.091	55	36	2	26	78	147	133	186	349	0.020	24.6
TRINITY_DN4867_c0_g1_i1.p1	Bmori|XP_062527116.1	47.059	17	9	0	97	113	147	60	76	436	0.62	20.0
TRINITY_DN3954_c0_g1_i1.p1	Spodoptera|XP_050559703.1	25.641	39	22	1	8	46	112	208	239	315	0.017	24.3
TRINITY_DN1430_c0_g1_i1.p2	Spodoptera|XP_035435946.2	33.333	39	17	2	75	113	115	291	320	344	0.31	20.4
TRINITY_DN1430_c0_g1_i1.p2	Spodoptera|XP_050559196.1	21.212	33	26	0	81	113	115	248	280	304	0.34	20.4
TRINITY_DN4610_c0_g1_i16.p1	Spodoptera|XP_050559193.1	38.710	31	13	1	454	478	793	315	345	349	0.64	23.1
TRINITY_DN194_c2_g1_i11.p1	Spodoptera|XP_035442818.1	27.083	48	23	2	52	93	171	50	91	390	0.35	21.2
TRINITY_DN1407_c0_g1_i1.p1	Spodoptera|XP_035433286.1	55.556	18	7	1	174	191	206	98	114	344	0.72	20.4
TRINITY_DN194_c2_g2_i1.p1	Spodoptera|XP_050559703.1	33.333	33	22	0	16	48	222	65	97	315	0.004	27.7
TRINITY_DN35709_c0_g1_i1.p1	Bmori|XP_062529457.1	23.377	77	37	3	20	76	195	166	240	326	0.44	21.2
TRINITY_DN9080_c0_g1_i2.p1	Bmori|XP_062524699.1	44.444	18	10	0	89	106	108	293	310	343	0.46	20.0
TRINITY_DN9080_c0_g1_i2.p1	Bmori|XP_021206280.1	60.000	10	4	0	97	106	108	242	251	290	0.50	19.6
TRINITY_DN28433_c0_g1_i15.p1	Spodoptera|XP_035432548.2	26.829	41	29	1	245	285	361	250	289	311	0.12	23.9
TRINITY_DN4726_c0_g1_i1.p1	Bmori|XP_062526415.1	33.333	21	14	0	460	480	697	102	122	277	0.36	23.5
TRINITY_DN4726_c0_g1_i1.p1	Bmori|XP_062526412.1	33.333	21	14	0	460	480	697	114	134	289	0.37	23.5
TRINITY_DN4726_c0_g1_i1.p1	Spodoptera|XP_050559197.1	33.333	21	14	0	460	480	697	169	189	343	0.40	23.5
TRINITY_DN4726_c0_g1_i1.p1	Bmori|XP_004930400.2	33.333	21	14	0	460	480	697	171	191	346	0.42	23.5
TRINITY_DN16803_c0_g1_i1.p1	Spodoptera|XP_050559193.1	31.250	48	28	1	19	61	233	104	151	349	0.46	21.6
TRINITY_DN2202_c0_g1_i16.p1	Spodoptera|XP_035432672.2	37.838	37	22	1	103	139	547	273	308	327	0.16	24.3
TRINITY_DN8958_c0_g1_i1.p1	Bmori|XP_021206280.1	38.095	42	22	2	15	54	184	208	247	290	0.043	24.3
TRINITY_DN7370_c0_g1_i19.p1	Bmori|XP_037867392.1	31.661	319	208	6	59	368	432	29	346	395	2.47e-57	185
TRINITY_DN7370_c0_g1_i19.p1	Spodoptera|XP_035432548.2	34.146	246	154	5	128	366	432	18	262	311	4.05e-51	166
TRINITY_DN7370_c0_g1_i19.p1	Spodoptera|XP_035442818.1	32.517	286	184	6	88	366	432	56	339	390	1.04e-49	164
TRINITY_DN7370_c0_g1_i19.p1	Bmori|XP_062529457.1	29.412	34	24	0	18	51	432	82	115	326	0.81	21.6
TRINITY_DN728_c2_g1_i5.p1	Bmori|XP_012551199.2	34.091	44	26	2	416	457	872	284	326	349	0.88	22.7
TRINITY_DN14560_c0_g1_i1.p1	Bmori|XP_021206280.1	23.529	68	36	3	317	381	419	44	98	290	0.40	22.7
TRINITY_DN2203_c0_g1_i11.p1	Bmori|XP_062524699.1	36.000	25	16	0	86	110	2078	53	77	343	0.73	24.3
TRINITY_DN12711_c0_g1_i1.p1	Bmori|XP_012550153.2	30.233	43	24	2	63	102	375	45	84	312	0.24	23.1
TRINITY_DN8701_c0_g3_i4.p1	Spodoptera|XP_050559197.1	29.032	31	22	0	71	101	120	31	61	343	0.52	20.0
TRINITY_DN3255_c0_g1_i2.p1	Spodoptera|XP_035442818.1	58.333	12	5	0	149	160	715	101	112	390	0.91	22.3
TRINITY_DN25_c1_g2_i1.p1	Spodoptera|XP_050549308.1	25.373	67	41	2	108	174	404	264	321	431	0.17	23.9
TRINITY_DN1687_c0_g1_i11.p1	Spodoptera|XP_035433249.2	23.913	46	35	0	1	46	215	16	61	238	0.21	22.3
TRINITY_DN1406_c0_g1_i10.p1	Spodoptera|XP_050559703.1	45.455	22	12	0	61	82	603	140	161	315	0.88	21.9
TRINITY_DN20365_c0_g1_i1.p1	Bmori|XP_037869304.1	29.545	44	29	1	85	126	141	42	85	319	0.29	21.2
TRINITY_DN12153_c0_g1_i1.p1	Bmori|XP_012551199.2	19.697	66	51	1	238	303	376	77	140	349	0.43	22.3
TRINITY_DN18341_c3_g1_i1.p1	Spodoptera|XP_035442818.1	33.333	27	18	0	10	36	116	268	294	390	0.36	20.4
TRINITY_DN52391_c0_g1_i1.p1	Spodoptera|XP_050559191.1	20.312	64	47	2	33	96	259	185	244	352	0.73	20.8
TRINITY_DN11217_c0_g1_i2.p1	Bmori|XP_012551199.2	35.714	28	18	0	90	117	178	199	226	349	0.012	25.8
TRINITY_DN11217_c0_g1_i2.p1	Spodoptera|XP_035433286.1	28.571	28	20	0	90	117	178	195	222	344	0.61	20.4
TRINITY_DN3783_c3_g1_i13.p1	Spodoptera|XP_050549308.1	24.432	176	103	9	32	184	340	183	351	431	0.10	24.3
TRINITY_DN3783_c3_g1_i13.p1	Spodoptera|XP_035442818.1	31.250	32	19	1	95	126	340	143	171	390	0.11	23.9
TRINITY_DN22073_c0_g1_i1.p1	Bmori|XP_062524699.1	27.083	48	31	1	8	51	136	99	146	343	0.51	20.4
TRINITY_DN8282_c0_g1_i2.p1	Spodoptera|XP_035435946.2	24.615	65	47	1	16	80	383	66	128	344	0.58	21.9
TRINITY_DN3656_c1_g1_i1.p1	Bmori|XP_037867392.1	34.615	26	17	0	227	252	480	319	344	395	0.61	22.3
TRINITY_DN3656_c1_g1_i1.p1	Bmori|XP_062529457.1	28.302	53	33	2	426	473	480	245	297	326	0.80	21.9
TRINITY_DN21137_c0_g1_i1.p1	Spodoptera|XP_035435946.2	28.767	73	44	2	214	284	418	272	338	344	0.009	27.7
TRINITY_DN21137_c0_g1_i1.p1	Spodoptera|XP_050559193.1	24.675	77	50	2	210	284	418	273	343	349	0.85	21.6
TRINITY_DN48249_c0_g1_i1.p1	Bmori|XP_037867392.1	32.000	25	17	0	43	67	309	233	257	395	0.50	21.9
TRINITY_DN1934_c3_g1_i1.p1	Spodoptera|XP_050549308.1	41.379	29	17	0	114	142	453	368	396	431	0.025	26.6
TRINITY_DN1934_c3_g1_i1.p1	Bmori|XP_062527116.1	37.931	29	18	0	114	142	453	371	399	436	0.14	24.3
TRINITY_DN11356_c0_g1_i1.p1	Spodoptera|XP_035432672.2	37.500	24	15	0	240	263	1091	238	261	327	0.63	23.5
TRINITY_DN11356_c0_g1_i1.p1	Spodoptera|XP_035433249.2	23.810	84	55	2	674	748	1091	35	118	238	0.93	22.7
TRINITY_DN1236_c3_g1_i1.p1	Spodoptera|XP_050559197.1	50.000	14	7	0	267	280	426	24	37	343	0.97	21.6
TRINITY_DN31755_c0_g1_i1.p1	Bmori|XP_037869304.1	38.095	21	13	0	5	25	107	53	73	319	0.046	22.7
TRINITY_DN31755_c0_g1_i1.p1	Spodoptera|XP_035436301.1	38.095	21	13	0	5	25	107	72	92	341	0.13	21.6
TRINITY_DN16907_c2_g1_i1.p1	Bmori|XP_062529457.1	32.353	34	23	0	37	70	108	38	71	326	0.39	20.0
TRINITY_DN16907_c2_g1_i1.p1	Spodoptera|XP_050559191.1	43.750	16	9	0	13	28	108	38	53	352	0.56	19.6
TRINITY_DN25111_c0_g1_i1.p1	Spodoptera|XP_050559193.1	55.556	18	8	0	77	94	232	254	271	349	0.14	23.1
TRINITY_DN49603_c0_g1_i1.p1	Bmori|XP_021206280.1	30.000	50	34	1	90	138	201	158	207	290	0.58	20.8
TRINITY_DN2598_c0_g1_i1.p1	Spodoptera|XP_050559193.1	28.571	42	28	1	1142	1183	1900	271	310	349	0.17	26.2
TRINITY_DN1685_c0_g2_i2.p1	Bmori|XP_012551199.2	19.858	141	85	6	20	153	191	190	309	349	0.048	24.3
TRINITY_DN1685_c0_g2_i2.p1	Spodoptera|XP_035433286.1	23.596	89	53	2	66	153	191	230	304	344	0.084	23.5
TRINITY_DN1685_c0_g2_i2.p1	Spodoptera|XP_050549308.1	25.806	31	23	0	32	62	191	261	291	431	0.49	21.2
TRINITY_DN1685_c0_g2_i2.p1	Bmori|XP_062527116.1	25.806	31	23	0	32	62	191	264	294	436	0.67	20.4
TRINITY_DN1685_c0_g2_i2.p1	Spodoptera|XP_035436318.2	38.095	21	13	0	13	33	191	314	334	351	0.93	20.0
TRINITY_DN762_c0_g1_i1.p1	Spodoptera|XP_050559703.1	26.786	56	40	1	30	84	148	152	207	315	0.59	20.0
TRINITY_DN59523_c0_g1_i1.p1	Bmori|XP_062524699.1	29.825	57	34	2	339	394	506	10	61	343	0.19	23.9
TRINITY_DN24019_c1_g1_i1.p1	Spodoptera|XP_035442818.1	25.714	35	26	0	4	38	180	50	84	390	0.041	24.3
TRINITY_DN24019_c1_g1_i1.p1	Bmori|XP_004930400.2	25.000	48	35	1	62	109	180	254	300	346	0.98	20.0
TRINITY_DN34376_c0_g1_i3.p1	Spodoptera|XP_035433286.1	33.333	42	25	1	647	688	868	3	41	344	0.041	26.9
TRINITY_DN34376_c0_g1_i3.p1	Bmori|XP_021206280.1	47.059	17	9	0	607	623	868	122	138	290	0.44	23.5
TRINITY_DN2341_c0_g1_i13.p1	Spodoptera|XP_050549308.1	33.333	24	16	0	73	96	176	3	26	431	0.96	20.0
TRINITY_DN16919_c0_g1_i3.p1	Spodoptera|XP_035433249.2	28.571	56	29	3	77	124	175	21	73	238	0.52	20.8
TRINITY_DN30283_c0_g1_i1.p1	Spodoptera|XP_050559703.1	29.787	47	28	2	290	333	674	162	206	315	0.36	23.5
TRINITY_DN30283_c0_g1_i1.p1	Bmori|XP_021206280.1	28.571	28	20	0	339	366	674	74	101	290	0.68	22.7
TRINITY_DN7205_c0_g1_i1.p1	Spodoptera|XP_035432672.2	28.788	66	45	1	100	165	224	201	264	327	0.44	21.6
TRINITY_DN2480_c0_g1_i2.p1	Bmori|XP_037867392.1	24.000	50	37	1	850	899	975	67	115	395	0.54	23.5
TRINITY_DN1249_c1_g1_i1.p1	Bmori|XP_021206280.1	25.000	32	21	1	7	35	163	135	166	290	0.13	22.3
TRINITY_DN25251_c0_g3_i1.p1	Bmori|XP_062529457.1	27.500	40	28	1	99	137	163	287	326	326	0.37	21.2
TRINITY_DN21833_c0_g1_i2.p1	Bmori|XP_012551199.2	38.889	18	11	0	221	238	239	29	46	349	0.90	20.4
TRINITY_DN36501_c0_g1_i1.p1	Spodoptera|XP_035433286.1	26.667	75	49	1	695	763	836	241	315	344	0.16	25.0
TRINITY_DN36501_c0_g1_i1.p1	Spodoptera|XP_035432548.2	31.429	35	15	1	50	84	836	133	158	311	0.57	23.1
TRINITY_DN26813_c4_g1_i1.p1	Spodoptera|XP_035432672.2	30.612	49	31	2	7	54	105	32	78	327	1.00	18.9
TRINITY_DN8817_c0_g1_i1.p1	Spodoptera|XP_050559193.1	28.986	69	41	3	99	159	377	14	82	349	0.047	25.4
TRINITY_DN18650_c0_g2_i1.p1	Spodoptera|XP_035432672.2	41.379	29	17	0	396	424	560	276	304	327	0.79	21.9
TRINITY_DN18650_c0_g2_i1.p1	Spodoptera|XP_050559196.1	25.373	67	49	1	494	560	560	56	121	304	0.95	21.9
TRINITY_DN9316_c1_g1_i1.p1	Spodoptera|XP_035442818.1	30.612	49	30	1	325	369	1099	202	250	390	0.44	23.9
TRINITY_DN4724_c0_g1_i1.p1	Bmori|XP_062527116.1	33.333	63	32	3	47	103	112	8	66	436	0.71	19.6
TRINITY_DN621_c0_g1_i10.p1	Spodoptera|XP_035432548.2	30.000	40	25	1	854	893	1123	63	99	311	0.74	23.1
TRINITY_DN39264_c0_g2_i1.p1	Bmori|XP_062526415.1	36.000	25	16	0	56	80	99	174	198	277	0.051	22.3
TRINITY_DN39264_c0_g2_i1.p1	Bmori|XP_062526412.1	36.000	25	16	0	56	80	99	186	210	289	0.060	22.3
TRINITY_DN39264_c0_g2_i1.p1	Bmori|XP_004930400.2	36.000	25	16	0	56	80	99	243	267	346	0.062	22.3
TRINITY_DN18650_c0_g4_i1.p1	Spodoptera|XP_035432672.2	41.379	29	17	0	381	409	544	276	304	327	0.64	22.3
TRINITY_DN14534_c0_g1_i1.p1	Bmori|XP_062529457.1	29.167	48	33	1	91	138	648	195	241	326	0.041	26.6
TRINITY_DN1388_c1_g1_i11.p1	Spodoptera|XP_050549308.1	39.130	23	14	0	109	131	200	277	299	431	0.26	21.9
TRINITY_DN1388_c1_g1_i11.p1	Spodoptera|XP_035432548.2	40.741	27	16	0	163	189	200	13	39	311	0.26	21.9
TRINITY_DN1388_c1_g1_i11.p1	Bmori|XP_062527116.1	34.783	23	15	0	109	131	200	280	302	436	0.77	20.4
TRINITY_DN2200_c0_g1_i6.p1	Bmori|XP_062524699.1	34.694	49	20	2	72	120	216	161	197	343	0.34	21.6
TRINITY_DN2458_c0_g1_i10.p1	Spodoptera|XP_035432548.2	35.000	40	25	1	282	321	371	186	224	311	0.79	21.6
TRINITY_DN760_c0_g1_i6.p1	Spodoptera|XP_035433286.1	26.190	84	48	4	2	73	111	205	286	344	0.45	20.0
TRINITY_DN27634_c0_g2_i1.p1	Spodoptera|XP_050559197.1	40.000	25	15	0	53	77	142	241	265	343	0.86	19.6
TRINITY_DN17853_c0_g1_i2.p1	Bmori|XP_012551199.2	31.034	29	20	0	59	87	108	252	280	349	0.72	19.2
TRINITY_DN737_c0_g2_i2.p1	Bmori|XP_012551199.2	30.556	72	41	3	30	95	183	260	328	349	0.14	22.7
TRINITY_DN11355_c0_g1_i3.p1	Spodoptera|XP_035435946.2	33.333	54	27	2	132	176	477	99	152	344	1.00	21.6
TRINITY_DN22605_c0_g2_i1.p3	Bmori|XP_037869304.1	31.579	19	13	0	35	53	111	125	143	319	0.36	20.4
TRINITY_DN12813_c2_g1_i1.p1	Bmori|XP_037867392.1	50.000	16	8	0	158	173	229	82	97	395	0.58	21.2
TRINITY_DN5777_c0_g1_i5.p1	Bmori|XP_012550153.2	38.462	26	14	1	180	203	329	258	283	312	0.95	20.8
TRINITY_DN11494_c0_g1_i1.p1	Spodoptera|XP_035442818.1	29.310	58	39	1	2	57	109	51	108	390	0.25	20.8
TRINITY_DN11494_c0_g1_i1.p1	Spodoptera|XP_050559703.1	40.000	25	15	0	16	40	109	130	154	315	0.27	20.4
TRINITY_DN9751_c0_g1_i11.p1	Spodoptera|XP_050559703.1	35.417	48	26	3	6	49	196	167	213	315	0.53	20.8
TRINITY_DN3928_c0_g1_i1.p1	Spodoptera|XP_035435946.2	22.581	124	76	6	4	123	300	1	108	344	0.41	21.9
TRINITY_DN3928_c0_g1_i1.p1	Spodoptera|XP_050559703.1	40.909	22	13	0	259	280	300	27	48	315	0.83	21.2
TRINITY_DN9728_c0_g1_i4.p1	Spodoptera|XP_035436301.1	27.368	95	55	4	58	144	188	100	188	341	0.076	23.5
TRINITY_DN9728_c0_g1_i4.p1	Bmori|XP_037869304.1	26.316	95	56	4	58	144	188	81	169	319	0.14	22.7
TRINITY_DN12825_c0_g1_i4.p1	Bmori|XP_062527116.1	35.135	37	21	2	180	214	295	169	204	436	0.54	21.6
TRINITY_DN12825_c0_g1_i4.p1	Spodoptera|XP_050559703.1	24.194	62	41	1	93	148	295	149	210	315	0.57	21.6
TRINITY_DN8398_c0_g1_i1.p1	Spodoptera|XP_050549308.1	23.377	77	50	3	306	373	413	117	193	431	0.83	21.6
TRINITY_DN39937_c0_g1_i1.p1	Bmori|XP_062529457.1	36.364	44	27	1	94	137	145	99	141	326	0.025	24.3
TRINITY_DN7589_c2_g1_i1.p1	Bmori|XP_062526415.1	36.170	47	26	2	35	79	112	231	275	277	0.005	25.8
TRINITY_DN7589_c2_g1_i1.p1	Bmori|XP_062526412.1	36.170	47	26	2	35	79	112	243	287	289	0.005	25.4
TRINITY_DN7589_c2_g1_i1.p1	Bmori|XP_004930400.2	36.170	47	26	2	35	79	112	300	344	346	0.014	24.3
TRINITY_DN7589_c2_g1_i1.p1	Spodoptera|XP_050559193.1	35.088	57	29	2	4	52	112	266	322	349	0.089	21.9
TRINITY_DN7589_c2_g1_i1.p1	Spodoptera|XP_050559197.1	29.167	48	26	2	37	80	112	300	343	343	0.46	20.0
TRINITY_DN12127_c0_g1_i2.p1	Spodoptera|XP_050559197.1	34.375	32	21	0	270	301	314	235	266	343	0.22	23.1
TRINITY_DN12127_c0_g1_i2.p1	Spodoptera|XP_050559191.1	35.714	28	15	1	165	189	314	213	240	352	0.54	21.6
TRINITY_DN12127_c0_g1_i2.p1	Spodoptera|XP_050559191.1	28.125	32	23	0	270	301	314	247	278	352	0.82	21.2
TRINITY_DN12825_c0_g3_i2.p1	Bmori|XP_062527116.1	24.390	82	49	4	221	290	302	169	249	436	0.12	23.9
TRINITY_DN12825_c0_g3_i2.p1	Bmori|XP_062526415.1	33.333	33	20	1	249	279	302	242	274	277	0.13	23.5
TRINITY_DN12825_c0_g3_i2.p1	Bmori|XP_062526412.1	33.333	33	20	1	249	279	302	254	286	289	0.15	23.5
TRINITY_DN12825_c0_g3_i2.p1	Bmori|XP_004930400.2	33.333	33	20	1	249	279	302	311	343	346	0.18	23.1
TRINITY_DN12825_c0_g3_i2.p1	Spodoptera|XP_050559197.1	30.303	33	21	1	249	279	302	309	341	343	0.19	23.1
TRINITY_DN12825_c0_g3_i2.p1	Spodoptera|XP_050559196.1	24.528	53	36	2	229	277	302	249	301	304	0.53	21.6
TRINITY_DN877_c0_g1_i8.p1	Spodoptera|XP_050559191.1	37.500	24	15	0	610	633	1639	217	240	352	0.36	24.6
TRINITY_DN12127_c0_g3_i1.p1	Spodoptera|XP_050559703.1	28.846	52	34	1	48	99	605	34	82	315	0.88	21.9
TRINITY_DN11214_c0_g1_i1.p1	Spodoptera|XP_035436318.2	24.390	82	60	1	13	92	111	49	130	351	0.039	23.1
TRINITY_DN11214_c0_g1_i1.p1	Spodoptera|XP_050559196.1	26.154	65	48	0	28	92	111	66	130	304	0.039	23.1
TRINITY_DN11214_c0_g1_i1.p1	Spodoptera|XP_050559197.1	28.571	42	30	0	28	69	111	62	103	343	0.19	21.2
TRINITY_DN11214_c0_g1_i1.p1	Spodoptera|XP_050559191.1	20.896	67	51	1	14	78	111	49	115	352	0.42	20.0
TRINITY_DN11214_c0_g1_i1.p1	Spodoptera|XP_050559193.1	20.548	73	58	0	20	92	111	56	128	349	0.52	19.6
TRINITY_DN179_c0_g1_i15.p1	Spodoptera|XP_035432548.2	29.630	27	19	0	212	238	533	59	85	311	0.82	21.9
TRINITY_DN18469_c1_g1_i3.p1	Bmori|XP_012551199.2	25.000	52	35	1	172	223	526	46	93	349	0.42	22.7
TRINITY_DN10582_c0_g1_i1.p1	Spodoptera|XP_035433286.1	31.915	47	23	2	56	102	789	45	82	344	0.24	24.3
TRINITY_DN16382_c0_g1_i4.p1	Bmori|XP_021206280.1	28.571	28	20	0	47	74	195	65	92	290	0.57	20.8
TRINITY_DN16382_c0_g1_i4.p1	Bmori|XP_062524699.1	25.926	27	20	0	48	74	195	123	149	343	0.60	20.8
TRINITY_DN16359_c0_g1_i1.p1	Bmori|XP_062527116.1	30.435	46	26	2	206	249	655	365	406	436	0.45	23.1
TRINITY_DN20221_c0_g1_i2.p1	Spodoptera|XP_050559193.1	43.478	23	9	1	258	280	786	217	235	349	0.38	23.5
TRINITY_DN20221_c0_g1_i2.p1	Bmori|XP_062529457.1	34.783	23	15	0	385	407	786	234	256	326	0.90	22.3
TRINITY_DN5222_c1_g1_i1.p1	Bmori|XP_062529457.1	38.710	31	12	1	108	138	143	1	24	326	0.037	23.9
TRINITY_DN5222_c1_g1_i1.p1	Spodoptera|XP_035442818.1	32.075	53	33	1	50	99	143	199	251	390	0.044	23.5
TRINITY_DN5775_c0_g1_i28.p1	Spodoptera|XP_035432672.2	34.884	43	26	1	68	108	1345	234	276	327	0.93	23.1
TRINITY_DN30141_c0_g3_i1.p1	Bmori|XP_037867392.1	40.000	30	17	1	286	314	340	85	114	395	0.65	21.6
TRINITY_DN59520_c0_g1_i1.p1	Spodoptera|XP_050549308.1	37.931	29	12	1	40	62	100	376	404	431	0.34	20.0
TRINITY_DN59520_c0_g1_i1.p1	Bmori|XP_062527116.1	37.931	29	12	1	40	62	100	379	407	436	0.57	19.6
TRINITY_DN3926_c0_g1_i1.p1	Bmori|XP_037869304.1	21.053	76	56	2	120	192	248	101	175	319	0.18	22.7
TRINITY_DN3926_c0_g1_i1.p1	Spodoptera|XP_050549308.1	41.176	34	17	1	148	181	248	371	401	431	0.93	20.8
TRINITY_DN26022_c0_g1_i1.p1	Spodoptera|XP_050559193.1	47.059	17	8	1	49	64	155	140	156	349	0.88	19.6
TRINITY_DN2304_c2_g1_i3.p1	Spodoptera|XP_035435946.2	50.000	14	7	0	81	94	197	220	233	344	0.52	20.8
TRINITY_DN2596_c0_g3_i1.p1	Spodoptera|XP_035436301.1	21.212	33	26	0	43	75	115	252	284	341	0.72	19.6
TRINITY_DN7483_c0_g2_i1.p1	Bmori|XP_062524699.1	42.857	28	10	1	170	197	204	135	156	343	0.26	21.9
TRINITY_DN7483_c0_g2_i1.p1	Spodoptera|XP_035436318.2	26.190	42	25	1	124	165	204	223	258	351	0.61	20.8
TRINITY_DN7483_c0_g2_i1.p1	Spodoptera|XP_035436318.2	31.915	47	22	2	158	200	204	128	168	351	0.68	20.8
TRINITY_DN7483_c0_g2_i1.p1	Spodoptera|XP_050559196.1	26.190	42	25	1	124	165	204	223	258	304	0.69	20.4
TRINITY_DN7483_c0_g2_i1.p1	Spodoptera|XP_050559196.1	31.915	47	22	2	158	200	204	128	168	304	0.73	20.4
TRINITY_DN26836_c0_g1_i1.p1	Bmori|XP_037867392.1	36.000	25	16	0	42	66	110	148	172	395	0.070	22.3
TRINITY_DN26836_c0_g1_i1.p1	Bmori|XP_037867392.1	28.571	28	20	0	53	80	110	81	108	395	0.13	21.6
TRINITY_DN6570_c0_g1_i3.p1	Bmori|XP_021206280.1	30.000	80	48	5	14	91	107	139	212	290	0.075	22.3
TRINITY_DN6570_c0_g1_i3.p1	Bmori|XP_062526412.1	26.190	42	26	1	19	55	107	136	177	289	0.095	21.9
TRINITY_DN6570_c0_g1_i3.p1	Bmori|XP_062526415.1	26.190	42	26	1	19	55	107	124	165	277	0.11	21.6
TRINITY_DN6570_c0_g1_i3.p1	Bmori|XP_004930400.2	30.769	26	18	0	30	55	107	209	234	346	0.22	20.8
TRINITY_DN6570_c0_g1_i3.p1	Bmori|XP_037867392.1	37.037	27	12	1	24	45	107	369	395	395	0.33	20.4
TRINITY_DN6570_c0_g1_i3.p1	Bmori|XP_062529457.1	35.714	14	9	0	42	55	107	210	223	326	0.55	19.6
TRINITY_DN6570_c0_g1_i3.p1	Bmori|XP_012551199.2	46.154	13	7	0	43	55	107	225	237	349	0.79	19.2
TRINITY_DN3927_c0_g1_i23.p1	Spodoptera|XP_050559197.1	25.455	110	64	4	263	366	1448	58	155	343	0.63	23.9
TRINITY_DN9052_c0_g1_i5.p1	Spodoptera|XP_035442818.1	24.615	65	32	2	351	410	483	207	259	390	0.43	22.7
TRINITY_DN8397_c0_g1_i3.p1	Spodoptera|XP_035442818.1	24.419	86	55	2	422	507	876	163	238	390	0.37	23.9
TRINITY_DN8116_c0_g1_i5.p1	Bmori|XP_037867392.1	20.833	72	40	1	137	208	385	29	83	395	0.068	25.0
TRINITY_DN8116_c0_g1_i5.p1	Spodoptera|XP_035442818.1	26.786	56	40	1	181	235	385	52	107	390	0.29	22.7
TRINITY_DN12126_c0_g2_i4.p1	Bmori|XP_062524699.1	30.233	43	23	1	5	40	100	109	151	343	0.043	22.7
TRINITY_DN12126_c0_g2_i4.p1	Bmori|XP_021206280.1	38.095	21	13	0	20	40	100	74	94	290	0.65	19.2
TRINITY_DN7484_c0_g1_i1.p1	Spodoptera|XP_035432672.2	33.333	21	14	0	112	132	330	294	314	327	0.88	21.2
TRINITY_DN23657_c0_g1_i8.p1	Spodoptera|XP_035436301.1	35.484	31	17	1	137	167	347	314	341	341	0.56	21.9
TRINITY_DN40876_c0_g1_i1.p1	Bmori|XP_012550153.2	32.500	40	27	0	98	137	149	247	286	312	0.81	19.6
TRINITY_DN4565_c1_g2_i3.p1	Spodoptera|XP_035432672.2	30.769	39	22	2	194	232	750	226	259	327	0.44	23.5
TRINITY_DN4565_c1_g2_i3.p1	Spodoptera|XP_050559196.1	30.000	40	28	0	674	713	750	248	287	304	0.72	22.7
TRINITY_DN2455_c0_g1_i5.p1	Spodoptera|XP_035433249.2	30.952	42	29	0	3	44	802	96	137	238	0.52	23.1
TRINITY_DN59078_c0_g1_i1.p1	Spodoptera|XP_035433249.2	47.059	17	9	0	102	118	526	9	25	238	0.34	23.1
TRINITY_DN59078_c0_g1_i1.p1	Bmori|XP_037867392.1	33.333	18	12	0	420	437	526	234	251	395	0.71	22.3
TRINITY_DN6687_c0_g1_i1.p1	Spodoptera|XP_035433249.2	25.541	231	145	7	9	235	247	14	221	238	7.00e-09	45.1
TRINITY_DN6687_c0_g1_i1.p1	Bmori|XP_012550153.2	27.000	100	54	2	8	99	247	6	94	312	4.34e-07	40.0
TRINITY_DN6687_c0_g1_i1.p1	Spodoptera|XP_050559703.1	20.703	256	153	8	6	244	247	82	304	315	1.37e-05	35.4
TRINITY_DN9169_c0_g1_i1.p1	Bmori|XP_062529457.1	38.462	26	16	0	155	180	197	196	221	326	0.065	23.9
TRINITY_DN16497_c0_g2_i2.p1	Spodoptera|XP_035435946.2	20.652	92	64	2	243	333	759	98	181	344	0.36	23.5
TRINITY_DN16497_c0_g2_i2.p1	Bmori|XP_062529457.1	33.333	36	23	1	309	343	759	145	180	326	0.85	22.3
TRINITY_DN14648_c0_g1_i3.p1	Spodoptera|XP_050559197.1	37.500	32	19	1	168	198	285	44	75	343	0.19	23.1
TRINITY_DN50099_c0_g1_i1.p1	Bmori|XP_012551199.2	25.000	64	38	3	65	125	137	242	298	349	0.30	20.8
TRINITY_DN17828_c0_g1_i1.p1	Spodoptera|XP_035433286.1	41.176	17	10	0	529	545	890	139	155	344	0.60	23.1
TRINITY_DN61372_c0_g1_i1.p1	Bmori|XP_004930400.2	53.846	13	6	0	9	21	101	111	123	346	0.27	20.4
TRINITY_DN61372_c0_g1_i1.p1	Bmori|XP_062526415.1	53.846	13	6	0	9	21	101	42	54	277	0.39	20.0
TRINITY_DN61372_c0_g1_i1.p1	Bmori|XP_062526412.1	53.846	13	6	0	9	21	101	54	66	289	0.42	20.0
TRINITY_DN579_c1_g1_i2.p1	Bmori|XP_062529457.1	40.000	30	17	1	30	59	104	181	209	326	0.023	23.5
TRINITY_DN579_c1_g1_i2.p1	Spodoptera|XP_035442818.1	39.286	28	14	1	24	51	104	126	150	390	0.32	20.4
TRINITY_DN7482_c0_g1_i1.p1	Spodoptera|XP_035436301.1	37.037	27	17	0	320	346	465	90	116	341	0.60	22.3
TRINITY_DN1682_c0_g2_i2.p1	Spodoptera|XP_035435946.2	31.250	48	29	1	5	52	246	221	264	344	0.19	22.7
TRINITY_DN1682_c0_g2_i2.p1	Spodoptera|XP_050559193.1	52.941	17	8	0	39	55	246	256	272	349	0.69	20.8
TRINITY_DN14672_c0_g1_i1.p1	Spodoptera|XP_050559193.1	24.390	123	79	4	66	175	438	114	235	349	0.52	22.3
TRINITY_DN19536_c0_g1_i1.p1	Spodoptera|XP_035436318.2	28.571	21	15	0	73	93	117	135	155	351	0.73	19.6
TRINITY_DN19536_c0_g1_i1.p1	Spodoptera|XP_050559196.1	28.571	21	15	0	73	93	117	135	155	304	0.79	19.2
TRINITY_DN36755_c0_g1_i1.p1	Bmori|XP_062529457.1	34.091	44	19	2	28	69	118	269	304	326	0.99	19.2
TRINITY_DN10556_c0_g5_i1.p1	Spodoptera|XP_035433286.1	26.471	68	43	1	86	146	169	225	292	344	0.34	21.2
TRINITY_DN10556_c0_g5_i1.p1	Bmori|XP_012551199.2	34.211	38	25	0	110	147	169	260	297	349	0.40	21.2
TRINITY_DN17991_c0_g1_i1.p1	Bmori|XP_037867392.1	32.000	25	17	0	219	243	284	294	318	395	0.73	21.2
TRINITY_DN2581_c2_g1_i13.p1	Spodoptera|XP_035432672.2	32.000	50	29	3	89	137	199	173	218	327	0.48	21.2
TRINITY_DN2581_c2_g2_i10.p1	Spodoptera|XP_035432672.2	32.000	50	29	3	91	139	201	173	218	327	0.48	21.2
TRINITY_DN16357_c0_g1_i4.p1	Bmori|XP_037867392.1	45.000	20	11	0	811	830	907	232	251	395	0.20	24.6
TRINITY_DN14531_c0_g2_i1.p1	Spodoptera|XP_035435946.2	40.741	27	13	1	61	84	179	33	59	344	0.98	20.0
TRINITY_DN383_c8_g1_i1.p1	Spodoptera|XP_050559703.1	28.889	45	28	2	59	103	518	275	315	315	0.36	23.1
TRINITY_DN3790_c1_g1_i10.p1	Bmori|XP_062529457.1	33.333	30	20	0	671	700	706	122	151	326	0.34	23.5
TRINITY_DN5773_c0_g1_i20.p1	Bmori|XP_062527116.1	28.205	39	21	1	29	60	112	376	414	436	0.71	19.6
TRINITY_DN519_c10_g1_i1.p1	Spodoptera|XP_035432672.2	29.268	41	26	2	256	294	340	16	55	327	0.62	21.6
TRINITY_DN4837_c0_g1_i4.p1	Bmori|XP_037867392.1	36.000	25	16	0	310	334	475	319	343	395	0.49	22.7
TRINITY_DN4837_c0_g3_i1.p1	Bmori|XP_062529457.1	23.377	77	52	2	16	85	101	66	142	326	0.14	21.2
TRINITY_DN7319_c0_g1_i1.p1	Spodoptera|XP_035432672.2	39.286	28	17	0	522	549	880	10	37	327	0.62	23.1
TRINITY_DN17827_c0_g2_i1.p1	Spodoptera|XP_050559196.1	28.205	39	28	0	205	243	347	16	54	304	0.52	21.9
TRINITY_DN17827_c0_g2_i1.p1	Spodoptera|XP_035436318.2	28.205	39	28	0	205	243	347	16	54	351	0.57	21.9
TRINITY_DN55402_c0_g1_i1.p1	Spodoptera|XP_035436318.2	32.143	56	24	3	235	279	424	218	270	351	0.15	23.9
TRINITY_DN55402_c0_g1_i1.p1	Spodoptera|XP_035432672.2	30.769	39	24	1	293	328	424	8	46	327	0.23	23.5
TRINITY_DN55402_c0_g1_i1.p1	Spodoptera|XP_050559196.1	30.909	55	24	3	235	278	424	218	269	304	0.54	22.3
TRINITY_DN8394_c0_g1_i1.p1	Spodoptera|XP_035433249.2	25.532	47	35	0	962	1008	1087	98	144	238	0.035	27.3
TRINITY_DN48801_c0_g1_i1.p1	Spodoptera|XP_035442818.1	25.000	28	21	0	58	85	124	111	138	390	1.00	19.2
TRINITY_DN1658_c0_g2_i1.p1	Bmori|XP_062529457.1	25.758	66	44	2	32	95	265	3	65	326	0.009	26.9
TRINITY_DN1658_c0_g2_i1.p1	Spodoptera|XP_050559703.1	31.818	22	15	0	9	30	265	205	226	315	0.84	20.8
TRINITY_DN17966_c0_g1_i8.p1	Bmori|XP_037867392.1	44.444	126	64	2	1	126	126	86	205	395	1.48e-29	100
TRINITY_DN17966_c0_g1_i8.p1	Spodoptera|XP_035442818.1	40.000	120	71	1	1	120	126	82	200	390	4.87e-29	99.8
TRINITY_DN17966_c0_g1_i8.p1	Spodoptera|XP_035432548.2	38.393	112	64	1	15	126	126	18	124	311	4.39e-25	87.8
TRINITY_DN17966_c0_g1_i8.p1	Bmori|XP_062529457.1	40.909	22	13	0	18	39	126	260	281	326	0.41	20.4
TRINITY_DN175_c0_g1_i1.p1	Bmori|XP_062529457.1	28.571	35	23	1	149	181	196	68	102	326	0.42	21.2
TRINITY_DN22741_c0_g1_i1.p1	Spodoptera|XP_050559703.1	33.333	18	12	0	69	86	178	38	55	315	0.46	20.8
TRINITY_DN9050_c0_g1_i10.p1	Bmori|XP_037869304.1	27.586	58	42	0	610	667	967	240	297	319	0.088	25.8
TRINITY_DN60574_c0_g1_i1.p1	Bmori|XP_037867392.1	46.667	15	8	0	45	59	104	181	195	395	0.94	18.9
TRINITY_DN1797_c0_g1_i13.p1	Bmori|XP_012551199.2	36.667	30	14	1	455	484	1893	66	90	349	0.68	24.3
TRINITY_DN12124_c0_g1_i1.p1	Bmori|XP_062527116.1	38.235	34	14	1	685	711	815	43	76	436	0.50	23.5
TRINITY_DN12124_c0_g1_i1.p1	Bmori|XP_062529457.1	26.316	76	50	2	22	96	815	70	140	326	0.73	22.7
TRINITY_DN5476_c1_g1_i1.p1	Bmori|XP_012551199.2	32.500	40	21	2	125	160	596	21	58	349	0.38	23.1
TRINITY_DN4279_c0_g1_i5.p1	Bmori|XP_062524699.1	25.000	72	52	1	398	469	1351	187	256	343	0.73	23.5
TRINITY_DN29455_c0_g1_i1.p1	Spodoptera|XP_035433286.1	29.032	31	22	0	12	42	100	219	249	344	0.12	21.6
TRINITY_DN29455_c0_g1_i1.p1	Spodoptera|XP_035432548.2	36.842	19	12	0	6	24	100	200	218	311	0.45	19.6
TRINITY_DN176_c0_g1_i14.p1	Spodoptera|XP_035432672.2	34.286	35	19	1	33	67	124	206	236	327	0.32	20.8
TRINITY_DN176_c0_g1_i14.p1	Bmori|XP_062529457.1	31.429	35	20	1	33	67	124	207	237	326	0.39	20.4
TRINITY_DN176_c0_g1_i14.p1	Bmori|XP_062529457.1	33.333	27	18	0	31	57	124	95	121	326	0.61	20.0
TRINITY_DN437_c1_g1_i8.p2	Spodoptera|XP_050549308.1	29.412	34	18	1	86	119	124	251	278	431	0.79	19.6
TRINITY_DN437_c1_g1_i8.p2	Bmori|XP_062527116.1	43.750	16	9	0	86	101	124	254	269	436	0.89	19.2
TRINITY_DN18761_c0_g1_i1.p1	Bmori|XP_062524699.1	41.379	29	10	1	193	221	254	243	264	343	0.10	23.5
TRINITY_DN127_c4_g1_i2.p1	Spodoptera|XP_035435946.2	32.558	43	21	2	23	60	772	193	232	344	0.62	23.1
TRINITY_DN127_c4_g1_i2.p1	Spodoptera|XP_050559703.1	21.053	57	45	0	145	201	772	111	167	315	0.80	22.7
TRINITY_DN41507_c0_g1_i1.p1	Spodoptera|XP_035442818.1	55.556	18	6	1	62	77	140	234	251	390	0.46	20.4
TRINITY_DN14507_c0_g1_i1.p1	Bmori|XP_062529457.1	24.390	82	50	3	106	186	226	224	294	326	0.026	25.4
TRINITY_DN14507_c0_g1_i1.p1	Spodoptera|XP_035432672.2	22.727	66	43	1	82	147	226	199	256	327	0.075	23.9
TRINITY_DN10695_c0_g1_i17.p1	Spodoptera|XP_035436301.1	26.667	60	41	2	447	505	557	180	237	341	0.17	24.3
TRINITY_DN5749_c0_g1_i2.p1	Spodoptera|XP_050559703.1	35.000	40	15	2	447	475	665	241	280	315	0.87	22.3
TRINITY_DN4836_c0_g1_i12.p1	Bmori|XP_062527116.1	38.462	39	20	1	428	462	474	124	162	436	0.11	24.6
TRINITY_DN4836_c0_g1_i12.p1	Spodoptera|XP_050549308.1	39.024	41	21	1	426	462	474	119	159	431	0.12	24.6
TRINITY_DN55401_c0_g1_i1.p1	Spodoptera|XP_035435946.2	35.135	37	22	1	33	69	388	289	323	344	0.90	21.2
TRINITY_DN16913_c0_g1_i2.p1	Spodoptera|XP_050559193.1	22.449	49	25	1	179	214	243	226	274	349	0.45	21.6
TRINITY_DN2312_c0_g1_i11.p1	Spodoptera|XP_050559191.1	27.778	108	64	6	170	266	535	55	159	352	0.040	26.2
TRINITY_DN2312_c0_g1_i11.p1	Bmori|XP_062526415.1	39.130	23	14	0	284	306	535	45	67	277	0.52	22.7
TRINITY_DN2312_c0_g1_i11.p1	Bmori|XP_062526412.1	39.130	23	14	0	284	306	535	57	79	289	0.55	22.3
TRINITY_DN2312_c0_g1_i11.p1	Bmori|XP_004930400.2	39.130	23	14	0	284	306	535	114	136	346	0.57	22.3
TRINITY_DN2312_c0_g1_i11.p1	Spodoptera|XP_035432548.2	28.571	42	30	0	206	247	535	238	279	311	0.67	22.3
TRINITY_DN8393_c0_g1_i2.p1	Bmori|XP_012550153.2	34.146	41	17	2	128	163	826	1	36	312	0.16	25.0
TRINITY_DN33434_c0_g1_i2.p1	Spodoptera|XP_050559197.1	32.432	37	21	1	95	131	146	110	142	343	0.11	22.3
TRINITY_DN9590_c1_g3_i1.p1	Bmori|XP_037869304.1	40.000	15	9	0	12	26	167	219	233	319	0.28	21.6
TRINITY_DN849_c0_g1_i9.p1	Spodoptera|XP_035433249.2	28.571	70	44	3	559	627	2103	100	164	238	0.41	24.6
TRINITY_DN40872_c0_g1_i1.p1	Spodoptera|XP_035432548.2	33.333	30	17	1	54	80	129	30	59	311	0.071	22.7
TRINITY_DN174_c0_g3_i1.p1	Spodoptera|XP_035442818.1	24.242	66	43	1	348	406	422	102	167	390	0.036	25.8
TRINITY_DN174_c0_g3_i1.p1	Spodoptera|XP_050559193.1	27.778	54	32	1	22	75	422	59	105	349	0.40	22.7
TRINITY_DN55798_c0_g1_i1.p1	Bmori|XP_062524699.1	23.913	92	50	6	10	95	127	63	140	343	0.41	20.4
TRINITY_DN4538_c1_g1_i2.p1	Spodoptera|XP_035436318.2	37.838	37	22	1	408	443	534	137	173	351	0.47	22.7
TRINITY_DN4538_c1_g1_i2.p1	Spodoptera|XP_050559196.1	37.838	37	22	1	408	443	534	137	173	304	0.53	22.7
TRINITY_DN43354_c0_g1_i1.p1	Spodoptera|XP_050559196.1	50.000	16	8	0	28	43	117	259	274	304	0.14	21.6
TRINITY_DN43354_c0_g1_i1.p1	Spodoptera|XP_050549308.1	34.783	23	15	0	61	83	117	80	102	431	0.79	19.2
TRINITY_DN22717_c0_g1_i2.p1	Spodoptera|XP_050559191.1	48.000	25	11	1	13	37	250	187	209	352	0.50	21.6
TRINITY_DN2428_c0_g1_i2.p1	Spodoptera|XP_035432672.2	23.188	69	46	3	16	77	149	243	311	327	0.46	20.4
TRINITY_DN8113_c0_g1_i1.p1	Spodoptera|XP_050559196.1	42.857	21	12	0	63	83	164	43	63	304	0.22	21.6
TRINITY_DN8113_c0_g1_i1.p1	Spodoptera|XP_035436318.2	42.857	21	12	0	63	83	164	43	63	351	0.23	21.6
TRINITY_DN42699_c0_g1_i1.p1	Bmori|XP_062529457.1	33.333	42	26	2	3	43	270	246	286	326	0.86	20.8
TRINITY_DN6683_c0_g1_i2.p1	Spodoptera|XP_035436301.1	47.619	21	11	0	199	219	485	269	289	341	0.066	25.4
TRINITY_DN6683_c0_g1_i2.p1	Spodoptera|XP_035436318.2	46.667	15	8	0	222	236	485	104	118	351	0.96	21.6
TRINITY_DN17010_c0_g1_i1.p1	Spodoptera|XP_035435946.2	26.415	53	38	1	247	298	427	8	60	344	0.75	21.6
TRINITY_DN10693_c0_g1_i1.p1	Spodoptera|XP_035433286.1	38.710	31	19	0	276	306	443	272	302	344	0.100	24.6
TRINITY_DN10693_c0_g1_i1.p1	Bmori|XP_012551199.2	40.000	30	12	1	276	305	443	276	299	349	0.34	22.7
TRINITY_DN10693_c0_g1_i1.p1	Spodoptera|XP_050559191.1	50.000	14	7	0	276	289	443	283	296	352	0.59	22.3
TRINITY_DN10693_c0_g1_i1.p1	Spodoptera|XP_050559193.1	29.412	51	30	3	243	289	443	244	292	349	0.79	21.6
TRINITY_DN10693_c0_g1_i1.p1	Spodoptera|XP_035436318.2	50.000	14	7	0	276	289	443	281	294	351	0.89	21.6
TRINITY_DN2015_c1_g1_i16.p1	Spodoptera|XP_035435946.2	35.484	31	20	0	355	385	454	40	70	344	0.66	21.9
TRINITY_DN49992_c0_g1_i1.p1	Spodoptera|XP_035432548.2	38.462	26	16	0	245	270	305	51	76	311	0.64	21.6
TRINITY_DN22182_c0_g1_i1.p1	Spodoptera|XP_050549308.1	25.641	39	29	0	60	98	152	334	372	431	0.12	22.3
TRINITY_DN22182_c0_g1_i1.p1	Bmori|XP_062527116.1	23.077	39	30	0	60	98	152	337	375	436	0.86	19.6
TRINITY_DN2568_c0_g3_i1.p1	Spodoptera|XP_035433249.2	23.810	42	32	0	107	148	197	180	221	238	0.34	21.6
TRINITY_DN161_c2_g1_i3.p1	Spodoptera|XP_050559703.1	39.394	33	20	0	292	324	402	38	70	315	0.94	21.2
TRINITY_DN709_c0_g1_i1.p1	Spodoptera|XP_035442818.1	29.091	55	33	1	142	190	378	178	232	390	0.53	21.9
TRINITY_DN58976_c0_g1_i1.p1	Spodoptera|XP_035433286.1	25.806	62	39	2	386	443	582	158	216	344	0.36	23.1
TRINITY_DN10529_c0_g1_i1.p1	Spodoptera|XP_050559193.1	30.000	40	27	1	1	40	341	166	204	349	0.56	21.9
TRINITY_DN393_c6_g1_i1.p1	Spodoptera|XP_035432548.2	34.426	61	27	3	137	193	341	32	83	311	0.072	24.6
TRINITY_DN393_c6_g1_i1.p1	Bmori|XP_037867392.1	31.707	41	25	1	292	329	341	120	160	395	0.38	22.3
TRINITY_DN393_c6_g1_i1.p1	Spodoptera|XP_035436301.1	29.545	44	31	0	289	332	341	72	115	341	0.97	21.2
TRINITY_DN5189_c0_g1_i1.p1	Spodoptera|XP_035435946.2	26.087	138	72	7	114	231	494	192	319	344	0.17	23.9
TRINITY_DN5189_c0_g1_i1.p1	Bmori|XP_037867392.1	26.000	100	65	2	110	209	494	305	395	395	0.34	23.1
TRINITY_DN12379_c0_g1_i12.p1	Spodoptera|XP_035436301.1	20.930	86	45	3	2	71	120	109	187	341	0.62	19.6
TRINITY_DN4276_c0_g1_i1.p1	Spodoptera|XP_050559703.1	37.143	35	22	0	336	370	477	171	205	315	0.40	22.7
TRINITY_DN26809_c0_g1_i28.p1	Bmori|XP_012551199.2	25.000	52	39	0	211	262	346	213	264	349	0.11	23.9
TRINITY_DN6543_c0_g1_i1.p1	Bmori|XP_012550153.2	38.298	47	26	2	3	48	209	39	83	312	0.66	20.8
TRINITY_DN2450_c0_g1_i5.p1	Spodoptera|XP_035435946.2	26.562	64	42	2	19	79	128	115	176	344	0.046	23.1
TRINITY_DN2450_c0_g1_i5.p1	Spodoptera|XP_050559193.1	23.077	91	68	1	23	111	128	122	212	349	0.096	22.3
TRINITY_DN48915_c0_g1_i1.p1	Bmori|XP_062527116.1	34.000	50	27	2	8	56	143	390	434	436	0.13	22.3
TRINITY_DN1514_c0_g1_i1.p1	Spodoptera|XP_035436318.2	42.105	19	11	0	70	88	173	7	25	351	0.91	20.0
TRINITY_DN1514_c0_g1_i1.p1	Spodoptera|XP_050559196.1	40.000	20	12	0	70	89	173	7	26	304	0.92	20.0
TRINITY_DN1795_c0_g2_i1.p1	Spodoptera|XP_035436318.2	30.435	46	17	2	123	153	188	23	68	351	0.32	21.6
TRINITY_DN1795_c0_g2_i1.p1	Spodoptera|XP_050559196.1	26.923	52	23	2	123	159	188	23	74	304	0.36	21.2
TRINITY_DN1097_c0_g2_i23.p1	Bmori|XP_012551199.2	34.375	32	19	1	59	88	149	300	331	349	0.65	20.0
TRINITY_DN6682_c0_g1_i1.p1	Spodoptera|XP_035433249.2	23.881	67	43	2	108	166	389	130	196	238	0.094	24.3
TRINITY_DN6659_c0_g1_i22.p1	Spodoptera|XP_035435946.2	40.000	35	19	1	344	376	466	95	129	344	0.089	24.6
TRINITY_DN9839_c0_g1_i51.p1	Bmori|XP_062529457.1	33.333	60	34	2	300	357	1184	68	123	326	0.75	23.1
TRINITY_DN9164_c0_g2_i1.p1	Bmori|XP_037867392.1	31.034	29	20	0	82	110	145	68	96	395	0.38	20.8
TRINITY_DN4833_c0_g1_i6.p1	Spodoptera|XP_050549308.1	37.500	40	23	1	123	160	299	256	295	431	0.022	26.2
TRINITY_DN4833_c0_g1_i6.p1	Bmori|XP_062527116.1	35.000	40	24	1	123	160	299	259	298	436	0.068	24.6
TRINITY_DN4833_c0_g1_i6.p1	Bmori|XP_012550153.2	40.909	22	13	0	116	137	299	112	133	312	0.91	20.8
TRINITY_DN730_c0_g1_i46.p1	Spodoptera|XP_035433286.1	42.424	33	10	3	449	473	608	207	238	344	0.44	23.1
TRINITY_DN730_c0_g1_i46.p1	Bmori|XP_012551199.2	26.829	82	38	4	392	473	608	183	242	349	0.73	22.3
TRINITY_DN1217_c15_g1_i3.p1	Bmori|XP_004930400.2	32.143	28	18	1	210	237	356	216	242	346	0.79	21.6
TRINITY_DN1217_c15_g1_i3.p1	Bmori|XP_062526412.1	32.143	28	18	1	210	237	356	159	185	289	0.84	21.2
TRINITY_DN1217_c15_g1_i3.p1	Bmori|XP_062526415.1	32.143	28	18	1	210	237	356	147	173	277	0.95	21.2
TRINITY_DN1515_c0_g1_i1.p1	Bmori|XP_062527116.1	23.684	76	37	3	94	148	375	60	135	436	0.79	21.6
TRINITY_DN7315_c0_g1_i1.p1	Spodoptera|XP_050559196.1	28.571	42	21	1	775	816	945	256	288	304	0.18	25.0
TRINITY_DN7315_c0_g1_i1.p1	Spodoptera|XP_050559193.1	34.783	46	24	3	735	779	945	128	168	349	0.42	23.9
TRINITY_DN1497_c1_g1_i1.p1	Spodoptera|XP_035432672.2	33.333	39	23	1	31	69	178	222	257	327	0.57	20.8
TRINITY_DN7454_c0_g1_i1.p1	Bmori|XP_037867392.1	28.571	49	25	2	214	261	315	291	330	395	0.37	22.3
TRINITY_DN7454_c0_g1_i1.p1	Bmori|XP_062529457.1	26.168	107	58	3	64	154	315	129	230	326	0.43	21.9
TRINITY_DN3921_c0_g1_i5.p1	Spodoptera|XP_050559191.1	35.417	48	25	2	1885	1930	2370	114	157	352	1.00	23.9
TRINITY_DN6799_c0_g1_i1.p1	Spodoptera|XP_050559191.1	35.135	37	23	1	91	127	162	46	81	352	0.23	21.6
TRINITY_DN1217_c1_g1_i10.p1	Bmori|XP_062526415.1	23.585	106	74	5	120	221	252	134	236	277	0.74	20.8
TRINITY_DN1217_c1_g1_i10.p1	Bmori|XP_062526412.1	23.009	113	66	4	120	221	252	146	248	289	0.86	20.8
TRINITY_DN1498_c1_g1_i15.p1	Spodoptera|XP_050559193.1	40.741	27	16	0	1122	1148	1241	183	209	349	0.24	25.0
TRINITY_DN60432_c0_g1_i1.p1	Spodoptera|XP_050559196.1	21.239	113	56	6	38	144	178	175	260	304	0.16	22.3
TRINITY_DN60432_c0_g1_i1.p1	Spodoptera|XP_035436318.2	23.009	113	54	6	38	144	178	175	260	351	0.21	21.9
TRINITY_DN60432_c0_g1_i1.p1	Spodoptera|XP_050559193.1	21.519	79	44	4	55	127	178	180	246	349	0.37	21.2
TRINITY_DN30252_c0_g1_i4.p1	Spodoptera|XP_035442818.1	31.313	99	54	5	281	373	422	50	140	390	0.10	24.6
TRINITY_DN870_c0_g1_i3.p1	Spodoptera|XP_035433286.1	26.389	72	44	1	914	985	996	241	303	344	0.16	25.0
TRINITY_DN870_c0_g1_i3.p1	Bmori|XP_062526415.1	44.118	34	18	1	428	461	996	152	184	277	0.21	24.6
TRINITY_DN870_c0_g1_i3.p1	Bmori|XP_062526412.1	44.118	34	18	1	428	461	996	164	196	289	0.23	24.6
TRINITY_DN870_c0_g1_i3.p1	Bmori|XP_004930400.2	44.118	34	18	1	428	461	996	221	253	346	0.27	24.6
TRINITY_DN870_c0_g1_i3.p1	Spodoptera|XP_050559197.1	34.694	49	31	1	428	476	996	219	266	343	0.35	24.3
TRINITY_DN14085_c0_g1_i13.p1	Bmori|XP_062529457.1	23.913	92	54	2	408	497	594	104	181	326	0.50	22.7
TRINITY_DN14085_c0_g1_i13.p1	Bmori|XP_037867392.1	25.000	124	69	5	455	563	594	241	355	395	0.76	22.3
TRINITY_DN6542_c0_g1_i1.p1	Spodoptera|XP_035442818.1	50.000	18	9	0	548	565	1178	232	249	390	0.43	24.3
TRINITY_DN13847_c0_g1_i1.p1	Bmori|XP_012550153.2	24.359	78	57	1	997	1072	1111	76	153	312	0.90	23.1
TRINITY_DN1794_c0_g1_i2.p1	Bmori|XP_037867392.1	30.986	71	39	4	94	164	363	104	164	395	0.080	24.6
TRINITY_DN1513_c0_g2_i1.p1	Bmori|XP_012551199.2	31.250	48	33	0	131	178	503	107	154	349	0.016	27.3
TRINITY_DN9861_c0_g1_i3.p1	Spodoptera|XP_035433286.1	46.429	28	13	2	59	85	376	34	60	344	0.19	23.5
TRINITY_DN6658_c0_g1_i6.p1	Bmori|XP_037867392.1	42.857	21	12	0	517	537	741	258	278	395	0.88	22.3
TRINITY_DN9163_c0_g1_i1.p1	Spodoptera|XP_035432548.2	27.273	33	24	0	247	279	747	258	290	311	0.71	22.7
TRINITY_DN6244_c1_g1_i12.p1	Bmori|XP_062529457.1	30.612	49	28	2	145	191	220	167	211	326	0.19	22.3
TRINITY_DN4809_c0_g2_i1.p1	Spodoptera|XP_035442818.1	38.095	21	13	0	127	147	176	62	82	390	0.58	20.8
TRINITY_DN289_c0_g1_i1.p1	Bmori|XP_062524699.1	30.189	53	30	2	35	83	168	186	235	343	0.31	21.2
TRINITY_DN52475_c0_g1_i2.p1	Spodoptera|XP_035432548.2	31.818	22	15	0	22	43	137	142	163	311	0.59	20.0
TRINITY_DN10411_c0_g1_i5.p1	Spodoptera|XP_050559191.1	25.000	40	27	1	101	137	142	169	208	352	0.95	19.6
TRINITY_DN44961_c0_g1_i1.p2	Spodoptera|XP_050559193.1	50.000	14	7	0	25	38	111	146	159	349	0.62	19.6
TRINITY_DN1653_c0_g1_i11.p1	Bmori|XP_037867392.1	20.755	53	36	1	51	103	198	30	76	395	0.65	20.8
TRINITY_DN41643_c0_g1_i1.p1	Bmori|XP_021206280.1	28.571	35	25	0	19	53	151	246	280	290	0.014	25.0
TRINITY_DN41643_c0_g1_i1.p1	Bmori|XP_062524699.1	33.333	21	14	0	19	39	151	305	325	343	0.20	21.6
TRINITY_DN38575_c0_g2_i1.p1	Bmori|XP_037867392.1	19.394	165	95	6	60	223	289	263	390	395	0.38	21.9
TRINITY_DN38575_c0_g2_i1.p1	Bmori|XP_037869304.1	31.481	54	29	2	109	162	289	125	170	319	0.81	20.8
TRINITY_DN26389_c0_g1_i20.p1	Spodoptera|XP_035435946.2	26.190	84	52	2	2	85	222	106	179	344	0.61	20.8
TRINITY_DN6517_c0_g1_i2.p1	Bmori|XP_012551199.2	34.211	38	23	2	34	70	161	245	281	349	0.078	23.1
TRINITY_DN6517_c0_g1_i2.p1	Bmori|XP_012550153.2	29.630	27	19	0	46	72	161	18	44	312	0.15	22.3
TRINITY_DN6517_c0_g1_i2.p1	Spodoptera|XP_050559703.1	31.250	32	14	1	32	55	161	109	140	315	0.60	20.4
TRINITY_DN49710_c0_g1_i1.p1	Bmori|XP_037867392.1	38.636	44	19	4	24	61	121	116	157	395	0.61	19.6
TRINITY_DN5187_c0_g1_i12.p1	Bmori|XP_037867392.1	38.462	39	20	2	305	339	351	205	243	395	0.11	24.3
TRINITY_DN5187_c0_g1_i12.p1	Bmori|XP_012551199.2	50.000	14	7	0	161	174	351	16	29	349	0.99	21.2
TRINITY_DN1792_c0_g1_i13.p1	Spodoptera|XP_035442818.1	30.189	53	36	1	68	119	217	298	350	390	0.044	24.6
TRINITY_DN1792_c0_g1_i13.p1	Spodoptera|XP_050559197.1	30.303	33	23	0	111	143	217	29	61	343	0.058	24.3
TRINITY_DN1792_c0_g1_i13.p1	Bmori|XP_004930400.2	30.556	36	24	1	114	149	217	34	68	346	0.38	21.6
TRINITY_DN44962_c0_g1_i1.p1	Spodoptera|XP_050549308.1	64.286	14	5	0	153	166	380	33	46	431	0.86	21.6
TRINITY_DN171_c0_g1_i10.p1	Bmori|XP_037867392.1	29.167	48	32	2	750	795	882	29	76	395	0.32	24.3
TRINITY_DN17939_c0_g1_i1.p1	Spodoptera|XP_050559197.1	31.579	38	18	2	101	138	139	171	200	343	0.34	20.8
TRINITY_DN17939_c0_g1_i1.p1	Bmori|XP_062524699.1	50.000	10	5	0	101	110	139	143	152	343	0.82	19.6
TRINITY_DN148_c0_g1_i5.p1	Spodoptera|XP_050559191.1	25.714	70	41	3	62	130	144	247	306	352	0.040	23.9
TRINITY_DN148_c0_g1_i5.p1	Bmori|XP_062527116.1	26.667	45	28	1	67	111	144	116	155	436	0.50	20.4
TRINITY_DN9836_c0_g1_i3.p1	Bmori|XP_062529457.1	30.435	23	16	0	247	269	406	277	299	326	0.24	23.1
TRINITY_DN9836_c0_g1_i3.p1	Spodoptera|XP_050549308.1	36.842	19	12	0	326	344	406	344	362	431	0.45	22.3
TRINITY_DN8923_c0_g1_i3.p1	Bmori|XP_012551199.2	32.000	50	29	1	261	305	306	59	108	349	0.93	20.8
TRINITY_DN8923_c0_g1_i3.p1	Bmori|XP_037869304.1	40.000	25	15	0	43	67	306	233	257	319	0.97	20.8
TRINITY_DN985_c0_g1_i1.p1	Spodoptera|XP_050559197.1	53.846	13	6	0	444	456	685	23	35	343	0.47	23.1
TRINITY_DN3466_c2_g1_i12.p1	Spodoptera|XP_035432672.2	26.562	64	41	3	248	309	652	5	64	327	0.82	22.3
TRINITY_DN6657_c0_g1_i18.p1	Spodoptera|XP_035433249.2	22.368	76	48	2	166	241	258	5	69	238	0.17	22.7
TRINITY_DN16490_c0_g1_i2.p1	Spodoptera|XP_035442818.1	26.667	30	22	0	63	92	103	42	71	390	0.44	20.0
TRINITY_DN16490_c0_g1_i2.p1	Spodoptera|XP_035432548.2	53.333	15	7	0	1	15	103	68	82	311	0.55	19.6
TRINITY_DN8226_c0_g1_i11.p1	Spodoptera|XP_035435946.2	25.532	47	29	2	664	707	1213	242	285	344	0.89	23.1
TRINITY_DN6796_c0_g1_i8.p1	Spodoptera|XP_035436318.2	40.000	25	15	0	516	540	1450	299	323	351	0.47	24.3
TRINITY_DN6796_c0_g1_i8.p1	Bmori|XP_012550153.2	26.761	71	49	1	165	235	1450	241	308	312	0.91	23.1
TRINITY_DN9976_c0_g1_i2.p1	Bmori|XP_021206280.1	37.037	27	17	0	3	29	510	176	202	290	0.16	24.3
TRINITY_DN6796_c0_g2_i2.p1	Spodoptera|XP_035436318.2	40.000	25	15	0	516	540	1450	299	323	351	0.47	24.3
TRINITY_DN6796_c0_g2_i2.p1	Bmori|XP_012550153.2	26.761	71	49	1	165	235	1450	241	308	312	0.91	23.1
TRINITY_DN13030_c0_g1_i3.p1	Spodoptera|XP_050559197.1	36.667	30	19	0	15	44	354	3	32	343	0.12	23.9
TRINITY_DN13030_c0_g1_i3.p1	Bmori|XP_004930400.2	33.333	30	20	0	15	44	354	5	34	346	0.22	23.1
TRINITY_DN22156_c0_g1_i1.p1	Spodoptera|XP_050559191.1	42.857	14	8	0	81	94	107	209	222	352	0.38	20.0
TRINITY_DN22156_c0_g1_i1.p1	Bmori|XP_062527116.1	28.125	32	20	1	37	68	107	209	237	436	0.88	19.2
TRINITY_DN22156_c0_g1_i1.p1	Spodoptera|XP_035436318.2	46.667	15	8	0	22	36	107	16	30	351	0.96	18.9
TRINITY_DN53805_c0_g1_i1.p1	Bmori|XP_012550153.2	25.490	51	36	2	50	99	100	21	70	312	0.55	19.6
TRINITY_DN44937_c0_g1_i1.p1	Spodoptera|XP_035442818.1	63.636	11	4	0	24	34	128	297	307	390	0.090	22.3
TRINITY_DN44937_c0_g1_i1.p1	Spodoptera|XP_035432548.2	43.333	30	11	2	9	34	128	203	230	311	0.31	20.8
TRINITY_DN44937_c0_g1_i1.p1	Bmori|XP_037867392.1	54.545	11	5	0	24	34	128	302	312	395	0.33	20.8
TRINITY_DN26107_c0_g1_i2.p1	Spodoptera|XP_035433286.1	25.758	66	43	2	173	238	550	44	103	344	0.23	23.9
TRINITY_DN16326_c0_g1_i7.p1	Spodoptera|XP_035432672.2	42.105	19	11	0	359	377	557	120	138	327	0.82	21.9
TRINITY_DN6487_c3_g2_i1.p1	Spodoptera|XP_035433249.2	38.776	49	26	2	119	167	364	113	157	238	0.099	24.3
TRINITY_DN24562_c0_g1_i2.p1	Spodoptera|XP_035432672.2	24.528	53	36	1	59	111	160	167	215	327	0.11	22.7
TRINITY_DN4273_c0_g1_i2.p1	Bmori|XP_037869304.1	35.897	39	22	1	143	181	294	125	160	319	0.79	21.2
TRINITY_DN147_c0_g1_i11.p1	Spodoptera|XP_035432548.2	27.586	87	47	5	119	193	513	145	227	311	0.29	23.5
TRINITY_DN147_c0_g1_i11.p1	Bmori|XP_037867392.1	27.027	37	27	0	152	188	513	354	390	395	0.67	22.3
TRINITY_DN9835_c0_g1_i1.p1	Spodoptera|XP_035442818.1	28.205	39	28	0	9	47	162	260	298	390	0.033	24.3
TRINITY_DN9835_c0_g1_i1.p1	Bmori|XP_012551199.2	27.586	29	21	0	27	55	162	53	81	349	0.81	20.0
TRINITY_DN2424_c0_g1_i1.p1	Spodoptera|XP_035436301.1	30.233	43	20	1	62	94	234	130	172	341	0.48	21.2
TRINITY_DN2424_c0_g1_i1.p1	Bmori|XP_037869304.1	30.233	43	20	1	62	94	234	111	153	319	0.61	21.2
TRINITY_DN12909_c0_g1_i4.p1	Spodoptera|XP_035436301.1	26.866	67	40	3	146	210	336	131	190	341	0.29	22.7
TRINITY_DN12909_c0_g1_i4.p1	Bmori|XP_037869304.1	26.866	67	40	3	146	210	336	112	171	319	0.31	22.7
TRINITY_DN286_c0_g1_i1.p1	Spodoptera|XP_035435946.2	30.952	42	27	1	24	65	275	117	156	344	0.022	25.8
TRINITY_DN26945_c0_g1_i1.p1	Spodoptera|XP_050559193.1	23.404	47	36	0	113	159	229	171	217	349	0.061	24.3
TRINITY_DN11579_c0_g1_i3.p1	Spodoptera|XP_035433249.2	27.273	99	63	1	4	102	281	5	94	238	2.22e-08	43.9
TRINITY_DN11579_c0_g1_i3.p1	Spodoptera|XP_050559703.1	26.471	102	68	3	7	107	281	82	177	315	1.02e-06	39.3
TRINITY_DN11579_c0_g1_i3.p1	Bmori|XP_012550153.2	22.283	184	82	6	69	200	281	63	237	312	8.25e-04	30.4
TRINITY_DN3476_c0_g1_i3.p1	Bmori|XP_037869304.1	27.660	47	26	1	25	63	238	196	242	319	0.26	22.3
TRINITY_DN2563_c0_g1_i14.p1	Spodoptera|XP_050559197.1	25.806	62	43	2	1612	1673	1740	189	247	343	0.22	25.4
TRINITY_DN2563_c0_g1_i14.p1	Bmori|XP_062526415.1	28.889	45	31	1	1612	1656	1740	122	165	277	0.86	23.5
TRINITY_DN2563_c0_g1_i14.p1	Bmori|XP_062526412.1	28.889	45	31	1	1612	1656	1740	134	177	289	0.94	23.5
TRINITY_DN2563_c0_g1_i14.p1	Bmori|XP_004930400.2	28.889	45	31	1	1612	1656	1740	191	234	346	0.94	23.5
TRINITY_DN10950_c1_g1_i1.p1	Bmori|XP_021206280.1	48.148	27	12	1	538	564	610	26	50	290	0.43	23.1
TRINITY_DN10950_c1_g1_i1.p1	Spodoptera|XP_050559703.1	30.000	50	27	2	70	114	610	269	315	315	0.59	22.7
TRINITY_DN10950_c1_g1_i1.p1	Bmori|XP_062529457.1	47.619	21	11	0	167	187	610	245	265	326	0.88	21.9
TRINITY_DN133_c2_g3_i1.p1	Spodoptera|XP_050559193.1	36.842	38	24	0	609	646	660	86	123	349	0.056	26.2
TRINITY_DN35929_c0_g1_i1.p1	Spodoptera|XP_035432548.2	33.333	30	20	0	82	111	149	133	162	311	0.023	24.6
TRINITY_DN35929_c0_g1_i1.p1	Bmori|XP_062527116.1	45.833	24	12	1	65	87	149	176	199	436	0.13	22.3
TRINITY_DN35929_c0_g1_i1.p1	Spodoptera|XP_050559191.1	42.308	26	13	1	41	66	149	262	285	352	0.59	20.4
TRINITY_DN6795_c0_g2_i11.p1	Bmori|XP_012551199.2	37.037	27	17	0	62	88	135	197	223	349	0.60	20.0
TRINITY_DN31161_c0_g1_i1.p1	Spodoptera|XP_035436318.2	20.408	49	39	0	33	81	110	113	161	351	0.85	19.2
TRINITY_DN7451_c0_g1_i1.p1	Bmori|XP_037869304.1	23.457	81	43	2	177	238	423	239	319	319	0.92	21.6
TRINITY_DN27019_c0_g2_i1.p1	Bmori|XP_062527116.1	53.846	13	6	0	143	155	224	133	145	436	0.57	21.2
TRINITY_DN2150_c1_g2_i1.p1	Spodoptera|XP_050559191.1	23.077	39	30	0	145	183	210	119	157	352	0.31	21.6
TRINITY_DN11438_c0_g2_i1.p1	Spodoptera|XP_035435946.2	22.642	53	26	1	572	624	1079	55	92	344	0.43	23.9
TRINITY_DN53943_c0_g1_i1.p1	Spodoptera|XP_035442818.1	38.462	13	8	0	5	17	116	377	389	390	0.25	20.8
TRINITY_DN38689_c0_g1_i2.p1	Spodoptera|XP_050559703.1	28.889	45	27	2	18	57	160	103	147	315	0.088	22.7
TRINITY_DN8921_c0_g1_i1.p1	Spodoptera|XP_050549308.1	27.273	44	31	1	17	59	236	198	241	431	0.40	21.6
TRINITY_DN8921_c0_g1_i1.p1	Spodoptera|XP_050549308.1	25.490	51	38	0	180	230	236	360	410	431	0.53	21.2
TRINITY_DN8921_c0_g1_i1.p1	Bmori|XP_062527116.1	27.273	44	31	1	17	59	236	201	244	436	0.97	20.4
TRINITY_DN2423_c0_g1_i1.p1	Bmori|XP_037867392.1	31.034	29	17	1	262	290	647	255	280	395	0.53	22.7
TRINITY_DN702_c0_g2_i1.p1	Bmori|XP_012551199.2	28.814	59	32	2	67	115	151	260	318	349	0.58	20.4
TRINITY_DN285_c0_g1_i10.p1	Spodoptera|XP_035436301.1	46.667	15	8	0	232	246	272	290	304	341	0.53	21.6
TRINITY_DN285_c0_g1_i10.p1	Bmori|XP_037869304.1	46.667	15	8	0	232	246	272	271	285	319	0.55	21.6
TRINITY_DN285_c0_g2_i1.p2	Bmori|XP_062524699.1	40.625	32	17	1	44	73	216	89	120	343	0.34	21.6
TRINITY_DN5719_c0_g1_i1.p1	Bmori|XP_037867392.1	42.105	19	11	0	288	306	318	334	352	395	0.68	21.6
TRINITY_DN5044_c0_g1_i1.p1	Bmori|XP_062529457.1	34.211	38	25	0	39	76	491	111	148	326	0.26	23.5
TRINITY_DN14199_c0_g1_i1.p1	Spodoptera|XP_035442818.1	31.667	60	38	2	402	461	692	90	146	390	0.090	25.4
TRINITY_DN14199_c0_g1_i1.p1	Spodoptera|XP_035432548.2	31.707	41	27	1	404	444	692	12	51	311	0.18	24.6
TRINITY_DN6096_c0_g2_i1.p1	Bmori|XP_062526415.1	34.375	32	21	0	968	999	1305	48	79	277	0.69	23.5
TRINITY_DN6096_c0_g2_i1.p1	Bmori|XP_062526412.1	34.375	32	21	0	968	999	1305	60	91	289	0.69	23.5
TRINITY_DN55629_c0_g1_i1.p1	Spodoptera|XP_035442818.1	28.571	35	25	0	148	182	203	325	359	390	0.17	22.7
TRINITY_DN4270_c0_g1_i1.p2	Spodoptera|XP_035442818.1	41.176	17	10	0	84	100	103	339	355	390	0.30	20.4
TRINITY_DN842_c0_g2_i6.p1	Spodoptera|XP_050559703.1	26.168	107	60	5	91	188	389	59	155	315	0.12	24.3
TRINITY_DN4247_c0_g1_i1.p1	Bmori|XP_012551199.2	20.690	87	63	3	272	352	664	40	126	349	0.12	25.0
TRINITY_DN819_c0_g1_i33.p1	Bmori|XP_062527116.1	37.500	32	20	0	28	59	494	173	204	436	0.15	24.3
TRINITY_DN819_c0_g1_i33.p1	Spodoptera|XP_035435946.2	41.667	24	14	0	200	223	494	40	63	344	0.52	22.3
TRINITY_DN4508_c1_g1_i1.p1	Bmori|XP_062527116.1	32.812	64	31	4	180	231	361	316	379	436	0.048	25.4
TRINITY_DN4508_c1_g1_i1.p1	Spodoptera|XP_050549308.1	30.769	65	33	4	180	232	361	313	377	431	0.14	23.9
TRINITY_DN4508_c1_g1_i1.p1	Spodoptera|XP_050559191.1	26.437	87	64	0	221	307	361	126	212	352	0.46	22.3
TRINITY_DN2421_c0_g1_i12.p1	Spodoptera|XP_050559191.1	30.986	71	44	2	700	770	1452	230	295	352	0.39	24.6
TRINITY_DN42669_c0_g1_i2.p1	Spodoptera|XP_050559193.1	32.000	25	17	0	26	50	178	113	137	349	0.31	21.6
TRINITY_DN42669_c0_g1_i2.p1	Spodoptera|XP_035433286.1	23.333	60	33	1	126	172	178	191	250	344	0.57	20.8
TRINITY_DN42669_c0_g1_i2.p1	Spodoptera|XP_035432548.2	28.846	104	65	5	34	133	178	103	201	311	0.80	20.0
TRINITY_DN19504_c0_g4_i1.p1	Spodoptera|XP_050559703.1	29.630	27	17	1	46	72	104	210	234	315	0.57	19.6
TRINITY_DN55511_c0_g1_i1.p1	Spodoptera|XP_035433249.2	29.545	44	29	1	426	467	530	146	189	238	0.89	21.6
TRINITY_DN49823_c0_g1_i1.p1	Bmori|XP_062524699.1	31.915	47	25	2	36	82	102	231	270	343	0.029	23.1
TRINITY_DN49823_c0_g1_i1.p1	Spodoptera|XP_035432548.2	25.806	62	35	3	2	54	102	252	311	311	0.16	21.2
TRINITY_DN49823_c0_g1_i1.p1	Bmori|XP_021206280.1	27.586	29	21	0	23	51	102	161	189	290	0.85	18.9
TRINITY_DN8920_c0_g1_i1.p1	Bmori|XP_012550153.2	40.000	30	16	1	80	109	208	150	177	312	0.89	20.4
TRINITY_DN13145_c0_g1_i1.p1	Spodoptera|XP_035432548.2	30.120	83	44	4	190	258	592	109	191	311	0.87	21.9
TRINITY_DN49125_c0_g1_i1.p1	Spodoptera|XP_050559703.1	39.286	28	14	1	97	124	198	143	167	315	0.059	23.9
TRINITY_DN4804_c0_g1_i3.p1	Spodoptera|XP_050559197.1	25.373	67	46	2	272	334	349	205	271	343	0.15	23.5
TRINITY_DN701_c0_g1_i1.p1	Bmori|XP_062529457.1	31.429	35	22	1	33	65	418	223	257	326	0.35	22.7
TRINITY_DN701_c0_g1_i1.p1	Spodoptera|XP_035432672.2	30.435	46	28	2	33	76	418	222	265	327	0.42	22.3
TRINITY_DN45009_c0_g1_i1.p1	Spodoptera|XP_050549308.1	28.302	53	34	2	656	705	901	234	285	431	0.56	23.5
TRINITY_DN45009_c0_g1_i1.p1	Bmori|XP_062527116.1	28.302	53	34	2	656	705	901	237	288	436	0.57	23.5
TRINITY_DN35926_c0_g1_i1.p2	Bmori|XP_004930400.2	50.000	14	7	0	101	114	142	214	227	346	0.16	21.9
TRINITY_DN35926_c0_g1_i1.p2	Bmori|XP_062526415.1	46.667	15	8	0	101	115	142	145	159	277	0.18	21.6
TRINITY_DN35926_c0_g1_i1.p2	Bmori|XP_062526412.1	46.667	15	8	0	101	115	142	157	171	289	0.19	21.6
TRINITY_DN35926_c0_g1_i1.p2	Bmori|XP_062527116.1	27.473	91	52	4	43	120	142	347	436	436	0.23	21.6
TRINITY_DN35926_c0_g1_i1.p2	Spodoptera|XP_050559191.1	41.667	24	14	0	69	92	142	146	169	352	0.35	20.8
TRINITY_DN35926_c0_g1_i1.p2	Spodoptera|XP_050559197.1	42.857	14	8	0	101	114	142	212	225	343	0.72	20.0
TRINITY_DN4387_c0_g2_i1.p1	Bmori|XP_062527116.1	27.941	68	49	0	42	109	474	203	270	436	0.36	23.1
TRINITY_DN18009_c0_g3_i2.p1	Spodoptera|XP_035433249.2	27.419	62	31	2	149	196	357	142	203	238	0.18	23.5
TRINITY_DN32608_c0_g3_i1.p1	Spodoptera|XP_035436301.1	31.111	45	27	1	253	297	334	286	326	341	0.11	23.9
TRINITY_DN32608_c0_g3_i1.p1	Spodoptera|XP_050559197.1	44.444	18	10	0	264	281	334	90	107	343	0.36	22.3
TRINITY_DN32608_c0_g3_i1.p1	Bmori|XP_004930400.2	38.889	18	11	0	264	281	334	92	109	346	0.39	22.3
TRINITY_DN32608_c0_g3_i1.p1	Bmori|XP_062526415.1	38.889	18	11	0	264	281	334	23	40	277	0.41	21.9
TRINITY_DN32608_c0_g3_i1.p1	Bmori|XP_062526412.1	38.889	18	11	0	264	281	334	35	52	289	0.41	21.9
TRINITY_DN32608_c0_g3_i1.p1	Spodoptera|XP_035435946.2	66.667	12	4	0	269	280	334	98	109	344	0.50	21.9
TRINITY_DN32608_c0_g3_i1.p1	Spodoptera|XP_050559703.1	38.710	31	18	1	243	273	334	39	68	315	0.98	20.8
TRINITY_DN7153_c1_g1_i1.p1	Bmori|XP_012550153.2	27.083	48	33	1	508	555	721	262	307	312	0.40	23.5
TRINITY_DN7153_c1_g1_i1.p1	Spodoptera|XP_050559193.1	40.541	37	19	1	681	717	721	235	268	349	0.44	23.1
TRINITY_DN2561_c0_g1_i4.p1	Spodoptera|XP_050559703.1	26.000	50	29	1	53	94	218	44	93	315	0.10	23.1
TRINITY_DN5718_c0_g1_i1.p1	Spodoptera|XP_050559197.1	29.412	34	23	1	357	389	608	103	136	343	0.23	23.9
TRINITY_DN88_c2_g1_i3.p1	Bmori|XP_062529457.1	37.838	37	22	1	456	491	700	169	205	326	0.68	22.7
TRINITY_DN1492_c1_g1_i12.p1	Bmori|XP_012550153.2	23.256	86	54	4	47	130	488	218	293	312	0.18	23.9
TRINITY_DN1880_c4_g1_i1.p1	Spodoptera|XP_050559191.1	23.256	86	57	1	100	185	196	274	350	352	0.002	28.1
TRINITY_DN1880_c4_g1_i1.p1	Bmori|XP_021206280.1	37.143	35	22	0	156	190	196	253	287	290	0.055	23.9
TRINITY_DN1880_c4_g1_i1.p1	Spodoptera|XP_050559197.1	20.270	74	52	2	103	176	196	265	331	343	0.83	20.4
TRINITY_DN8339_c0_g1_i1.p1	Spodoptera|XP_050559197.1	33.333	33	18	1	130	158	1211	179	211	343	0.39	24.3
TRINITY_DN841_c0_g2_i1.p1	Bmori|XP_062524699.1	25.962	104	71	3	7	107	161	34	134	343	0.001	28.9
TRINITY_DN27017_c0_g1_i1.p1	Spodoptera|XP_035432548.2	18.681	91	64	2	41	121	249	163	253	311	0.055	24.3
TRINITY_DN7426_c0_g1_i22.p1	Bmori|XP_004930400.2	25.000	88	65	1	1011	1097	1160	174	261	346	0.69	23.5
TRINITY_DN7426_c0_g1_i22.p1	Bmori|XP_062526412.1	25.000	88	65	1	1011	1097	1160	117	204	289	0.77	23.1
TRINITY_DN12905_c0_g2_i1.p1	Spodoptera|XP_050559196.1	21.667	60	46	1	183	242	628	184	242	304	0.058	25.8
TRINITY_DN12905_c0_g2_i1.p1	Spodoptera|XP_035436318.2	21.667	60	46	1	183	242	628	184	242	351	0.059	25.8
TRINITY_DN957_c0_g1_i1.p1	Spodoptera|XP_050559703.1	22.078	77	56	3	76	150	477	237	311	315	0.96	21.6
TRINITY_DN20443_c0_g1_i1.p1	Spodoptera|XP_050559193.1	35.294	34	21	1	52	85	199	115	147	349	0.092	23.5
TRINITY_DN20443_c0_g1_i1.p1	Spodoptera|XP_035436318.2	29.730	74	44	4	16	82	199	75	147	351	0.39	21.2
TRINITY_DN20443_c0_g1_i1.p1	Spodoptera|XP_050559196.1	29.730	74	44	4	16	82	199	75	147	304	0.41	21.2
TRINITY_DN6652_c0_g1_i10.p1	Bmori|XP_012550153.2	35.714	42	25	1	793	832	1168	247	288	312	0.96	22.7
TRINITY_DN29423_c0_g2_i1.p1	Bmori|XP_037867392.1	29.730	37	16	1	269	295	615	120	156	395	0.28	23.9
TRINITY_DN29423_c0_g2_i1.p1	Spodoptera|XP_035433249.2	30.909	55	28	3	68	122	615	78	122	238	0.49	22.7
TRINITY_DN6652_c0_g3_i1.p1	Spodoptera|XP_035442818.1	24.706	85	53	3	604	678	1164	131	214	390	0.70	23.5
TRINITY_DN31276_c0_g1_i2.p2	Bmori|XP_012550153.2	25.000	108	59	4	52	150	275	45	139	312	0.026	25.4
TRINITY_DN31276_c0_g1_i2.p2	Spodoptera|XP_035433286.1	36.000	25	16	0	64	88	275	309	333	344	0.19	22.7
TRINITY_DN45008_c0_g1_i1.p1	Spodoptera|XP_050559703.1	41.176	17	10	0	91	107	148	122	138	315	0.99	19.6
TRINITY_DN283_c0_g1_i1.p1	Spodoptera|XP_050549308.1	32.500	40	26	1	604	643	895	44	82	431	0.59	23.1
TRINITY_DN283_c0_g1_i1.p1	Spodoptera|XP_050559703.1	23.913	46	35	0	739	784	895	158	203	315	0.80	22.7
TRINITY_DN56539_c0_g1_i1.p1	Spodoptera|XP_035436301.1	25.806	62	41	2	22	81	114	111	169	341	0.88	19.2
TRINITY_DN59719_c0_g1_i1.p1	Bmori|XP_012551199.2	50.000	20	10	0	54	73	118	102	121	349	0.16	21.6
TRINITY_DN28626_c0_g1_i1.p1	Spodoptera|XP_050559197.1	30.435	23	16	0	58	80	160	206	228	343	0.13	22.3
TRINITY_DN28626_c0_g1_i1.p1	Spodoptera|XP_050559197.1	21.154	52	38	1	1	49	160	57	108	343	0.22	21.6
TRINITY_DN28626_c0_g1_i1.p1	Bmori|XP_004930400.2	20.000	30	24	0	58	87	160	208	237	346	0.86	20.0
TRINITY_DN597_c10_g1_i4.p1	Bmori|XP_062529457.1	27.143	70	46	2	239	303	597	11	80	326	0.19	24.3
TRINITY_DN12370_c0_g1_i2.p1	Bmori|XP_062524699.1	39.583	48	21	3	70	109	168	17	64	343	0.054	23.5
TRINITY_DN12347_c0_g1_i1.p1	Spodoptera|XP_035433286.1	31.915	47	24	3	248	294	394	57	95	344	0.39	22.7
TRINITY_DN53102_c0_g1_i1.p1	Spodoptera|XP_035432548.2	44.118	204	111	3	1	202	255	56	258	311	2.61e-59	182
TRINITY_DN53102_c0_g1_i1.p1	Spodoptera|XP_035442818.1	39.841	251	142	4	6	255	255	139	381	390	6.15e-59	183
TRINITY_DN53102_c0_g1_i1.p1	Bmori|XP_037867392.1	36.719	256	151	4	1	254	255	138	384	395	5.83e-57	178
TRINITY_DN11434_c0_g1_i1.p1	Spodoptera|XP_035432548.2	25.397	63	43	2	49	107	324	112	174	311	0.41	21.9
TRINITY_DN11434_c0_g1_i1.p1	Bmori|XP_062527116.1	25.333	75	50	2	110	184	324	46	114	436	0.72	21.6
TRINITY_DN26102_c0_g1_i3.p1	Spodoptera|XP_035436301.1	27.536	69	36	2	418	472	568	39	107	341	0.36	23.1
TRINITY_DN26102_c0_g1_i3.p1	Bmori|XP_062527116.1	37.838	37	22	1	169	205	568	401	436	436	0.80	22.3
TRINITY_DN26102_c0_g1_i3.p1	Bmori|XP_037869304.1	26.437	87	48	3	432	507	568	40	121	319	0.84	21.9
TRINITY_DN24377_c1_g1_i1.p1	Bmori|XP_037869304.1	41.667	24	11	1	26	49	108	75	95	319	0.005	25.8
TRINITY_DN24377_c1_g1_i1.p1	Spodoptera|XP_035436301.1	37.037	27	14	1	26	52	108	94	117	341	0.005	25.8
TRINITY_DN12889_c1_g1_i3.p1	Bmori|XP_062524699.1	33.333	45	29	1	90	133	327	209	253	343	0.005	28.1
TRINITY_DN12889_c1_g1_i3.p1	Bmori|XP_021206280.1	30.952	42	28	1	94	134	327	156	197	290	0.023	26.2
TRINITY_DN12889_c1_g1_i3.p1	Spodoptera|XP_050559197.1	36.000	25	16	0	109	133	327	228	252	343	0.065	24.6
TRINITY_DN12889_c1_g1_i3.p1	Spodoptera|XP_035435946.2	25.510	98	68	4	103	195	327	224	321	344	0.13	23.9
TRINITY_DN12889_c1_g1_i3.p1	Spodoptera|XP_035432672.2	20.833	48	38	0	109	156	327	218	265	327	0.52	21.9
TRINITY_DN12889_c1_g1_i3.p1	Spodoptera|XP_050559191.1	19.780	91	68	2	109	195	327	240	329	352	0.71	21.6
TRINITY_DN6769_c0_g1_i41.p1	Bmori|XP_021206280.1	36.364	33	16	1	424	451	570	226	258	290	0.023	26.9
TRINITY_DN6769_c0_g1_i41.p1	Bmori|XP_062524699.1	50.000	16	8	0	436	451	570	302	317	343	0.12	24.6
TRINITY_DN1763_c0_g1_i1.p1	Spodoptera|XP_050559196.1	25.333	75	44	4	128	200	236	137	201	304	0.039	24.6
TRINITY_DN1763_c0_g1_i1.p1	Spodoptera|XP_035436318.2	25.333	75	44	4	128	200	236	137	201	351	0.049	24.6
TRINITY_DN1763_c0_g1_i1.p1	Spodoptera|XP_050559191.1	23.171	82	55	3	155	234	236	164	239	352	0.60	21.2
TRINITY_DN1763_c0_g1_i1.p1	Bmori|XP_062524699.1	22.105	95	62	4	146	235	236	142	229	343	0.98	20.4
TRINITY_DN4245_c0_g1_i12.p1	Spodoptera|XP_035436301.1	23.529	85	50	3	251	325	701	128	207	341	0.30	23.9
TRINITY_DN7425_c0_g1_i3.p1	Bmori|XP_021206280.1	33.333	39	24	1	5	43	228	16	52	290	0.60	20.8
TRINITY_DN119_c0_g1_i10.p1	Bmori|XP_062527116.1	53.333	15	7	0	248	262	929	237	251	436	0.99	22.7
TRINITY_DN5297_c0_g1_i2.p1	Bmori|XP_037869304.1	28.261	46	28	2	259	300	409	207	251	319	0.40	22.3
TRINITY_DN5297_c0_g1_i2.p1	Spodoptera|XP_035436301.1	26.087	46	29	2	259	300	409	226	270	341	0.62	21.9
TRINITY_DN12904_c0_g1_i1.p1	Bmori|XP_004930400.2	31.429	35	24	0	416	450	474	99	133	346	0.53	22.3
TRINITY_DN12904_c0_g1_i1.p1	Bmori|XP_062526412.1	31.429	35	24	0	416	450	474	42	76	289	0.55	22.3
TRINITY_DN12904_c0_g1_i1.p1	Bmori|XP_062526415.1	31.429	35	24	0	416	450	474	30	64	277	0.63	21.9
TRINITY_DN5297_c0_g4_i1.p1	Spodoptera|XP_050559703.1	50.000	12	6	0	208	219	521	151	162	315	0.87	21.9
TRINITY_DN4384_c0_g1_i1.p1	Spodoptera|XP_050559191.1	50.000	12	6	0	54	65	179	296	307	352	0.42	21.2
TRINITY_DN24934_c1_g1_i4.p1	Spodoptera|XP_035432548.2	50.000	18	9	0	56	73	126	43	60	311	0.086	22.3
TRINITY_DN24934_c1_g1_i4.p1	Bmori|XP_012551199.2	41.176	17	10	0	54	70	126	219	235	349	0.28	20.8
TRINITY_DN27969_c0_g1_i1.p1	Spodoptera|XP_050559197.1	36.735	49	27	1	63	111	127	259	303	343	0.18	21.6
TRINITY_DN27969_c0_g2_i1.p1	Bmori|XP_037869304.1	38.095	21	13	0	29	49	109	283	303	319	0.15	21.6
TRINITY_DN27969_c0_g2_i1.p1	Spodoptera|XP_050559703.1	32.353	34	17	2	40	73	109	89	116	315	0.72	19.2
TRINITY_DN9970_c0_g1_i13.p1	Bmori|XP_037869304.1	28.571	91	53	5	31	113	139	59	145	319	0.22	21.2
TRINITY_DN9970_c0_g1_i13.p1	Spodoptera|XP_035436301.1	25.532	94	52	4	31	113	139	78	164	341	0.50	20.4
TRINITY_DN9970_c0_g1_i13.p1	Spodoptera|XP_035432548.2	28.767	73	44	2	47	119	139	241	305	311	0.85	19.6
TRINITY_DN14195_c0_g1_i3.p1	Bmori|XP_012550153.2	87.296	307	35	3	1	306	317	4	307	312	0.0	524
TRINITY_DN14195_c0_g1_i3.p1	Spodoptera|XP_035433249.2	29.545	88	53	3	4	90	317	14	93	238	3.61e-07	40.8
TRINITY_DN14195_c0_g1_i3.p1	Spodoptera|XP_050559703.1	23.874	222	144	7	5	222	317	86	286	315	5.58e-06	37.4
TRINITY_DN14195_c0_g1_i3.p1	Spodoptera|XP_035435946.2	36.842	19	12	0	241	259	317	84	102	344	0.38	22.3
TRINITY_DN59043_c0_g1_i1.p1	Bmori|XP_037867392.1	48.000	25	11	1	59	81	106	63	87	395	0.27	20.4
TRINITY_DN259_c0_g1_i2.p1	Bmori|XP_062524699.1	28.358	67	45	1	571	637	780	250	313	343	0.42	23.5
TRINITY_DN21057_c1_g1_i2.p1	Bmori|XP_037867392.1	23.810	84	36	3	59	114	125	128	211	395	0.33	20.8
TRINITY_DN14195_c0_g2_i2.p1	Spodoptera|XP_035442818.1	40.701	371	214	4	46	413	420	23	390	390	1.22e-102	301
TRINITY_DN14195_c0_g2_i2.p1	Bmori|XP_037867392.1	40.469	341	196	4	72	409	420	55	391	395	2.04e-93	278
TRINITY_DN14195_c0_g2_i2.p1	Spodoptera|XP_035432548.2	39.934	303	167	5	117	413	420	18	311	311	1.27e-76	232
TRINITY_DN6058_c2_g1_i3.p1	Bmori|XP_021206280.1	28.000	50	35	1	37	85	941	192	241	290	0.11	25.4
TRINITY_DN1466_c1_g1_i1.p1	Spodoptera|XP_050559197.1	34.783	23	15	0	365	387	391	260	282	343	0.41	22.3
TRINITY_DN8336_c0_g1_i1.p1	Bmori|XP_012550153.2	37.931	29	18	0	377	405	535	22	50	312	0.70	22.3
TRINITY_DN106_c2_g1_i4.p1	Bmori|XP_062529457.1	21.477	149	99	5	206	348	419	5	141	326	0.032	26.2
TRINITY_DN398_c0_g1_i13.p1	Bmori|XP_062526412.1	22.368	76	57	1	453	526	809	135	210	289	0.20	24.6
TRINITY_DN398_c0_g1_i13.p1	Bmori|XP_062526415.1	22.368	76	57	1	453	526	809	123	198	277	0.24	24.3
TRINITY_DN398_c0_g1_i13.p1	Bmori|XP_004930400.2	22.368	76	57	1	453	526	809	192	267	346	0.30	23.9
TRINITY_DN786_c3_g1_i1.p1	Spodoptera|XP_050559193.1	28.205	39	27	1	259	297	973	109	146	349	0.90	22.7
TRINITY_DN6510_c0_g1_i20.p1	Spodoptera|XP_035432548.2	30.556	36	25	0	209	244	341	65	100	311	0.068	24.6
TRINITY_DN6510_c0_g1_i20.p1	Spodoptera|XP_035442818.1	20.930	43	34	0	202	244	341	135	177	390	0.99	21.2
TRINITY_DN659_c1_g1_i4.p1	Spodoptera|XP_050559193.1	69.474	95	29	0	1	95	153	219	313	349	1.44e-47	148
TRINITY_DN659_c1_g1_i4.p1	Spodoptera|XP_035436318.2	67.368	95	31	0	1	95	153	221	315	351	1.26e-46	146
TRINITY_DN659_c1_g1_i4.p1	Spodoptera|XP_050559191.1	69.474	95	29	0	1	95	153	223	317	352	1.33e-46	146
TRINITY_DN659_c1_g1_i4.p1	Spodoptera|XP_035435946.2	67.368	95	31	0	1	95	153	214	308	344	5.13e-44	139
TRINITY_DN659_c1_g1_i4.p1	Spodoptera|XP_050559197.1	61.458	96	36	1	1	95	153	211	306	343	2.55e-37	122
TRINITY_DN659_c1_g1_i4.p1	Bmori|XP_062526415.1	56.250	96	41	1	1	95	153	144	239	277	5.52e-33	109
TRINITY_DN659_c1_g1_i4.p1	Bmori|XP_062526412.1	56.250	96	41	1	1	95	153	156	251	289	8.20e-33	108
TRINITY_DN659_c1_g1_i4.p1	Bmori|XP_004930400.2	56.250	96	41	1	1	95	153	213	308	346	2.62e-32	108
TRINITY_DN659_c1_g1_i4.p1	Bmori|XP_062524699.1	51.613	93	44	1	6	97	153	217	309	343	7.68e-29	99.4
TRINITY_DN659_c1_g1_i4.p1	Bmori|XP_021206280.1	51.087	92	44	1	6	97	153	160	250	290	3.10e-27	94.4
TRINITY_DN659_c1_g1_i4.p1	Spodoptera|XP_050559196.1	79.592	49	10	0	1	49	153	221	269	304	9.86e-25	87.8
TRINITY_DN659_c1_g1_i4.p1	Bmori|XP_012551199.2	44.211	95	49	1	1	95	153	216	306	349	1.35e-21	80.1
TRINITY_DN659_c1_g1_i4.p1	Bmori|XP_062529457.1	46.667	90	41	3	6	95	153	207	289	326	5.01e-21	78.2
TRINITY_DN659_c1_g1_i4.p1	Spodoptera|XP_035432672.2	41.111	90	48	1	6	95	153	206	290	327	1.22e-17	68.9
TRINITY_DN659_c1_g1_i4.p1	Spodoptera|XP_035433286.1	41.053	95	51	1	1	95	153	212	301	344	1.64e-17	68.6
TRINITY_DN659_c1_g1_i4.p1	Spodoptera|XP_035436301.1	27.451	51	33	1	25	75	153	227	273	341	0.91	19.6
TRINITY_DN816_c0_g1_i11.p1	Spodoptera|XP_035433249.2	27.174	92	58	2	3048	3130	8915	38	129	238	0.60	26.2
TRINITY_DN816_c0_g1_i11.p1	Spodoptera|XP_050559703.1	31.481	54	35	2	8184	8235	8915	97	150	315	0.91	25.8
TRINITY_DN118_c0_g1_i5.p1	Spodoptera|XP_035432672.2	25.000	104	61	5	153	244	499	36	134	327	0.44	22.7
TRINITY_DN1325_c1_g1_i31.p1	Spodoptera|XP_035436318.2	25.424	59	40	1	142	196	612	279	337	351	0.090	25.4
TRINITY_DN1325_c1_g1_i31.p1	Spodoptera|XP_035435946.2	25.000	64	44	1	137	196	612	267	330	344	0.31	23.5
TRINITY_DN1325_c1_g1_i31.p1	Spodoptera|XP_050559196.1	39.286	28	13	1	173	196	612	263	290	304	0.38	23.1
TRINITY_DN1325_c1_g1_i31.p1	Spodoptera|XP_050559193.1	23.704	135	78	6	73	188	612	195	323	349	0.46	23.1
TRINITY_DN1325_c1_g1_i31.p1	Spodoptera|XP_050559197.1	35.714	28	17	1	161	188	612	290	316	343	0.47	23.1
TRINITY_DN1325_c1_g1_i31.p1	Bmori|XP_062526415.1	36.364	22	10	1	177	194	612	238	259	277	0.84	21.9
TRINITY_DN1325_c1_g1_i31.p1	Bmori|XP_062529457.1	58.333	12	5	0	177	188	612	288	299	326	0.89	21.9
TRINITY_DN1325_c1_g1_i31.p1	Bmori|XP_062526412.1	36.364	22	10	1	177	194	612	250	271	289	0.90	21.9
TRINITY_DN1325_c1_g1_i31.p1	Bmori|XP_004930400.2	36.364	22	10	1	177	194	612	307	328	346	0.92	21.9
TRINITY_DN13141_c0_g1_i13.p1	Bmori|XP_012551199.2	30.769	39	18	2	413	450	500	184	214	349	0.67	22.3
TRINITY_DN9108_c0_g1_i1.p1	Spodoptera|XP_050559191.1	23.622	127	82	4	18	135	385	91	211	352	0.87	21.6
TRINITY_DN13118_c0_g1_i1.p1	Spodoptera|XP_035433249.2	24.903	257	127	11	16	250	267	7	219	238	3.49e-10	49.3
TRINITY_DN13118_c0_g1_i1.p1	Spodoptera|XP_050559703.1	29.487	78	42	2	18	95	267	80	144	315	6.64e-07	39.7
TRINITY_DN13118_c0_g1_i1.p1	Bmori|XP_012550153.2	26.415	106	61	2	22	127	267	6	94	312	2.71e-05	34.7
TRINITY_DN28067_c0_g1_i1.p1	Bmori|XP_037867392.1	27.586	58	30	2	40	97	337	104	149	395	0.24	23.1
TRINITY_DN4383_c0_g1_i11.p1	Spodoptera|XP_035435946.2	23.256	43	33	0	51	93	230	126	168	344	0.26	21.9
TRINITY_DN4383_c0_g1_i11.p1	Bmori|XP_062524699.1	38.710	31	17	1	102	132	230	211	239	343	0.55	21.2
TRINITY_DN27154_c0_g1_i1.p1	Spodoptera|XP_035442818.1	28.571	28	20	0	110	137	147	185	212	390	0.94	19.6
TRINITY_DN1867_c2_g3_i3.p1	Spodoptera|XP_050559193.1	25.490	51	36	1	3	53	186	159	207	349	0.31	21.6
TRINITY_DN1867_c2_g3_i3.p1	Spodoptera|XP_035435946.2	34.615	26	17	0	3	28	186	154	179	344	0.66	20.4
TRINITY_DN3447_c0_g1_i1.p1	Spodoptera|XP_035442818.1	20.513	39	31	0	104	142	247	263	301	390	0.67	21.2
TRINITY_DN1326_c1_g1_i10.p1	Spodoptera|XP_050559197.1	25.532	94	55	4	79	159	213	178	269	343	0.024	25.4
TRINITY_DN1326_c1_g1_i10.p1	Bmori|XP_004930400.2	50.000	14	7	0	123	136	213	235	248	346	0.99	20.0
TRINITY_DN2534_c0_g1_i1.p1	Spodoptera|XP_035435946.2	28.302	53	35	1	520	569	597	28	80	344	0.046	26.2
TRINITY_DN11689_c0_g1_i2.p1	Bmori|XP_037869304.1	40.000	15	9	0	5	19	106	209	223	319	0.33	20.4
TRINITY_DN10078_c0_g1_i1.p1	Bmori|XP_004930400.2	40.000	25	15	0	138	162	378	47	71	346	0.091	24.6
TRINITY_DN10078_c0_g1_i1.p1	Spodoptera|XP_035436301.1	22.727	44	34	0	316	359	378	265	308	341	0.77	21.6
TRINITY_DN3448_c0_g3_i2.p1	Spodoptera|XP_050559196.1	28.889	45	29	1	440	481	694	223	267	304	0.65	22.7
TRINITY_DN3448_c0_g3_i2.p1	Spodoptera|XP_035436318.2	28.889	45	29	1	440	481	694	223	267	351	0.90	22.3
TRINITY_DN24531_c0_g1_i1.p1	Bmori|XP_037867392.1	34.146	41	24	2	242	281	626	72	110	395	0.63	22.7
TRINITY_DN8335_c0_g1_i1.p1	Bmori|XP_062526415.1	41.379	29	14	1	361	386	428	42	70	277	0.21	23.5
TRINITY_DN8335_c0_g1_i1.p1	Bmori|XP_062526412.1	41.379	29	14	1	361	386	428	54	82	289	0.22	23.5
TRINITY_DN8335_c0_g1_i1.p1	Bmori|XP_004930400.2	41.379	29	14	1	361	386	428	111	139	346	0.23	23.5
TRINITY_DN33657_c0_g1_i1.p1	Spodoptera|XP_035436301.1	28.070	57	37	1	87	143	1549	251	303	341	0.35	24.6
TRINITY_DN2225_c3_g1_i10.p1	Spodoptera|XP_035436301.1	29.167	72	31	3	355	415	554	38	100	341	0.46	22.7
TRINITY_DN1622_c0_g1_i4.p1	Spodoptera|XP_035432548.2	30.303	33	23	0	74	106	227	272	304	311	0.14	23.1
TRINITY_DN6767_c0_g1_i1.p1	Spodoptera|XP_050549308.1	28.125	32	23	0	171	202	362	142	173	431	0.17	23.5
TRINITY_DN16577_c0_g1_i10.p1	Spodoptera|XP_035436318.2	26.136	88	50	4	81	160	166	87	167	351	0.096	22.7
TRINITY_DN16577_c0_g1_i10.p1	Spodoptera|XP_050559196.1	26.136	88	50	4	81	160	166	87	167	304	0.11	22.7
TRINITY_DN21352_c0_g1_i2.p1	Bmori|XP_062527116.1	35.714	28	18	0	7	34	157	190	217	436	0.81	20.0
TRINITY_DN5156_c0_g1_i5.p1	Spodoptera|XP_035433286.1	26.000	50	34	1	22	71	108	135	181	344	0.64	19.6
TRINITY_DN14751_c0_g1_i1.p1	Spodoptera|XP_050559191.1	29.545	44	27	2	79	121	237	274	314	352	0.42	21.6
TRINITY_DN4243_c0_g2_i1.p1	Spodoptera|XP_035432672.2	47.368	19	10	0	264	282	1095	74	92	327	0.81	23.1
TRINITY_DN4243_c0_g2_i1.p1	Spodoptera|XP_035433286.1	42.105	19	11	0	264	282	1095	76	94	344	0.90	23.1
TRINITY_DN140_c0_g1_i7.p1	Spodoptera|XP_035432548.2	22.485	169	99	9	192	339	457	4	161	311	0.41	22.7
TRINITY_DN117_c0_g1_i1.p1	Bmori|XP_037869304.1	30.864	81	41	5	275	349	1073	196	267	319	0.028	27.7
TRINITY_DN117_c0_g1_i1.p1	Spodoptera|XP_035436301.1	28.421	95	52	5	275	365	1073	215	297	341	0.055	26.9
TRINITY_DN9130_c0_g1_i14.p1	Spodoptera|XP_035432672.2	27.907	43	30	1	11	53	519	81	122	327	0.55	22.3
TRINITY_DN21491_c0_g1_i1.p1	Bmori|XP_062527116.1	42.424	33	17	2	226	257	531	340	371	436	0.17	24.3
TRINITY_DN21491_c0_g1_i1.p1	Spodoptera|XP_050549308.1	42.424	33	17	2	226	257	531	337	368	431	0.86	21.9
TRINITY_DN24671_c0_g1_i3.p1	Bmori|XP_037867392.1	25.000	40	22	1	390	429	498	59	90	395	0.66	22.3
TRINITY_DN30336_c0_g1_i1.p1	Bmori|XP_004930400.2	26.562	64	37	3	28	84	189	249	309	346	0.30	21.6
TRINITY_DN30336_c0_g1_i1.p1	Bmori|XP_062526415.1	26.562	64	37	3	28	84	189	180	240	277	0.34	21.2
TRINITY_DN30336_c0_g1_i1.p1	Bmori|XP_062526412.1	26.562	64	37	3	28	84	189	192	252	289	0.35	21.2
TRINITY_DN27828_c0_g1_i2.p1	Spodoptera|XP_035433286.1	37.500	24	15	0	18	41	108	319	342	344	0.052	22.7
TRINITY_DN27828_c0_g1_i2.p1	Bmori|XP_037867392.1	40.000	25	15	0	68	92	108	141	165	395	0.063	22.3
TRINITY_DN954_c0_g1_i76.p1	Spodoptera|XP_035436301.1	30.435	46	29	2	6	49	1156	96	140	341	0.65	23.5
TRINITY_DN4359_c0_g1_i1.p1	Spodoptera|XP_035442818.1	26.263	99	63	4	73	171	1172	68	156	390	0.42	24.3
TRINITY_DN4359_c0_g1_i1.p1	Spodoptera|XP_050559196.1	41.667	24	14	0	904	927	1172	278	301	304	0.66	23.5
TRINITY_DN4359_c0_g1_i1.p1	Spodoptera|XP_035436318.2	41.667	24	14	0	904	927	1172	325	348	351	0.76	23.1
TRINITY_DN540_c1_g1_i11.p1	Spodoptera|XP_035435946.2	40.625	32	18	1	1370	1401	2475	22	52	344	0.25	25.8
TRINITY_DN540_c1_g1_i11.p1	Spodoptera|XP_035433249.2	28.125	64	31	3	200	250	2475	25	86	238	0.95	23.9
TRINITY_DN12746_c1_g3_i6.p1	Spodoptera|XP_035433249.2	25.641	39	29	0	419	457	724	188	226	238	0.69	22.7
TRINITY_DN5015_c0_g2_i3.p1	Bmori|XP_062529457.1	21.212	66	46	1	47	112	434	185	244	326	0.022	26.6
TRINITY_DN5015_c0_g2_i3.p1	Spodoptera|XP_035432672.2	25.490	51	36	1	47	97	434	184	232	327	0.068	25.0
TRINITY_DN18703_c0_g1_i6.p1	Bmori|XP_012550153.2	31.818	44	28	1	98	141	300	41	82	312	0.60	21.6
TRINITY_DN1878_c0_g2_i5.p1	Bmori|XP_037867392.1	21.429	70	55	0	86	155	772	156	225	395	0.13	25.0
TRINITY_DN1878_c0_g2_i5.p1	Spodoptera|XP_035435946.2	47.826	23	12	0	495	517	772	173	195	344	0.92	22.3
TRINITY_DN7678_c0_g3_i2.p1	Spodoptera|XP_035432548.2	36.000	50	26	2	166	209	232	10	59	311	0.14	23.1
TRINITY_DN56536_c0_g1_i1.p1	Bmori|XP_012550153.2	66.667	12	4	0	92	103	111	197	208	312	0.087	21.9
TRINITY_DN31806_c0_g2_i1.p1	Spodoptera|XP_035432672.2	37.037	27	17	0	87	113	180	292	318	327	0.020	25.0
TRINITY_DN31806_c0_g2_i1.p1	Spodoptera|XP_050559196.1	41.667	24	14	0	79	102	180	262	285	304	0.083	23.1
TRINITY_DN31806_c0_g2_i1.p1	Spodoptera|XP_050549308.1	32.432	37	19	2	55	85	180	216	252	431	0.18	22.3
TRINITY_DN31806_c0_g2_i1.p1	Spodoptera|XP_035436318.2	50.000	16	8	0	87	102	180	317	332	351	0.19	21.9
TRINITY_DN31806_c0_g2_i1.p1	Bmori|XP_062527116.1	39.130	23	11	1	66	85	180	233	255	436	0.20	21.9
TRINITY_DN31806_c0_g2_i1.p1	Spodoptera|XP_035442818.1	37.500	24	14	1	69	92	180	147	169	390	0.25	21.9
TRINITY_DN31806_c0_g2_i1.p1	Bmori|XP_037867392.1	39.130	23	14	0	158	180	180	73	95	395	0.26	21.6
TRINITY_DN31806_c0_g2_i1.p1	Bmori|XP_062526415.1	41.176	17	10	0	88	104	180	242	258	277	0.30	21.6
TRINITY_DN31806_c0_g2_i1.p1	Bmori|XP_062526412.1	41.176	17	10	0	88	104	180	254	270	289	0.33	21.2
TRINITY_DN31806_c0_g2_i1.p1	Bmori|XP_004930400.2	41.176	17	10	0	88	104	180	311	327	346	0.36	21.2
TRINITY_DN31806_c0_g2_i1.p1	Spodoptera|XP_035435946.2	46.667	15	8	0	88	102	180	311	325	344	0.57	20.8
TRINITY_DN13280_c0_g1_i5.p1	Spodoptera|XP_035433286.1	35.294	17	11	0	36	52	106	218	234	344	0.75	19.2
TRINITY_DN9247_c0_g1_i2.p1	Spodoptera|XP_050559703.1	26.068	234	130	9	1	201	213	81	304	315	1.84e-10	49.7
TRINITY_DN9247_c0_g1_i2.p1	Bmori|XP_012550153.2	32.584	89	58	2	3	89	213	5	93	312	9.24e-08	41.6
TRINITY_DN9247_c0_g1_i2.p1	Bmori|XP_012550153.2	36.842	38	24	0	155	192	213	201	238	312	1.28e-05	35.4
TRINITY_DN9247_c0_g1_i2.p1	Spodoptera|XP_035433249.2	28.090	89	59	1	5	93	213	14	97	238	1.11e-06	38.1
TRINITY_DN5154_c0_g1_i3.p1	Bmori|XP_062524699.1	47.059	17	9	0	66	82	106	54	70	343	0.81	19.2
TRINITY_DN24530_c0_g1_i1.p1	Bmori|XP_012551199.2	34.615	26	17	0	289	314	449	128	153	349	0.87	21.6
TRINITY_DN24530_c0_g1_i1.p1	Bmori|XP_062527116.1	30.000	30	21	0	225	254	449	93	122	436	0.92	21.6
TRINITY_DN36276_c0_g1_i1.p1	Bmori|XP_037869304.1	25.926	54	37	1	22	75	113	225	275	319	0.80	19.2
TRINITY_DN4218_c0_g1_i13.p1	Bmori|XP_062527116.1	30.357	56	31	2	406	454	1115	92	146	436	0.10	26.2
TRINITY_DN4218_c0_g1_i13.p1	Bmori|XP_062524699.1	25.000	32	24	0	216	247	1115	101	132	343	0.94	22.7
TRINITY_DN22264_c0_g2_i1.p1	Bmori|XP_021206280.1	34.091	44	28	1	149	192	488	190	232	290	0.33	23.1
TRINITY_DN22264_c0_g2_i1.p1	Bmori|XP_062524699.1	27.586	58	41	1	313	370	488	76	132	343	0.35	23.1
TRINITY_DN39595_c0_g1_i3.p1	Spodoptera|XP_035433249.2	28.205	39	28	0	362	400	428	153	191	238	0.72	21.6
TRINITY_DN39595_c0_g1_i3.p1	Spodoptera|XP_050559703.1	24.444	90	56	5	316	396	428	135	221	315	0.88	21.6
TRINITY_DN1760_c0_g1_i11.p1	Spodoptera|XP_035442818.1	34.286	35	13	1	310	344	426	129	153	390	0.88	21.6
TRINITY_DN1760_c0_g1_i11.p1	Bmori|XP_037867392.1	18.519	81	34	2	324	404	426	269	317	395	0.96	21.6
TRINITY_DN4219_c0_g1_i1.p1	Bmori|XP_062526415.1	31.915	47	20	2	162	208	269	243	277	277	0.59	21.2
TRINITY_DN4219_c0_g1_i1.p1	Bmori|XP_062526412.1	31.915	47	20	2	162	208	269	255	289	289	0.63	21.2
TRINITY_DN4219_c0_g1_i1.p1	Bmori|XP_004930400.2	31.915	47	20	2	162	208	269	312	346	346	0.68	21.2
TRINITY_DN5294_c0_g1_i1.p1	Spodoptera|XP_050559191.1	31.707	41	23	1	242	282	411	214	249	352	0.34	22.7
TRINITY_DN5294_c0_g1_i1.p1	Spodoptera|XP_050559193.1	28.205	39	23	1	242	280	411	210	243	349	0.43	22.3
TRINITY_DN5294_c0_g1_i1.p1	Spodoptera|XP_050559196.1	26.829	41	25	1	242	282	411	212	247	304	0.52	22.3
TRINITY_DN5294_c0_g1_i1.p1	Spodoptera|XP_035436318.2	26.829	41	25	1	242	282	411	212	247	351	0.72	21.6
TRINITY_DN24670_c0_g1_i1.p1	Spodoptera|XP_050559703.1	40.909	22	13	0	154	175	189	228	249	315	0.78	20.4
TRINITY_DN24670_c0_g1_i1.p1	Bmori|XP_062527116.1	32.143	28	16	1	109	133	189	200	227	436	0.97	20.0
TRINITY_DN24670_c0_g2_i1.p1	Bmori|XP_062524699.1	37.931	29	16	1	100	128	149	75	101	343	0.33	21.2
TRINITY_DN41191_c0_g1_i1.p1	Spodoptera|XP_050559191.1	36.842	19	12	0	61	79	145	237	255	352	0.76	20.0
TRINITY_DN60654_c0_g1_i1.p1	Spodoptera|XP_050559196.1	25.000	32	23	1	18	48	125	258	289	304	0.24	21.2
TRINITY_DN5712_c0_g1_i1.p1	Bmori|XP_004930400.2	25.275	91	52	3	124	202	205	48	134	346	0.067	23.9
TRINITY_DN5712_c0_g1_i1.p1	Bmori|XP_012550153.2	32.143	28	19	0	1	28	205	4	31	312	0.71	20.4
TRINITY_DN54268_c0_g1_i1.p1	Bmori|XP_037869304.1	35.897	39	19	2	48	83	151	215	250	319	0.64	20.0
TRINITY_DN7677_c0_g1_i3.p1	Bmori|XP_062527116.1	32.812	64	27	4	307	366	481	128	179	436	0.66	22.3
TRINITY_DN394_c0_g1_i1.p1	Bmori|XP_004930400.2	30.952	42	25	1	779	816	876	26	67	346	0.81	22.7
TRINITY_DN7677_c0_g2_i1.p1	Spodoptera|XP_035433286.1	31.034	29	20	0	20	48	147	236	264	344	0.94	19.6
TRINITY_DN11406_c0_g1_i11.p1	Bmori|XP_012550153.2	23.618	199	121	9	967	1144	1197	15	203	312	0.11	25.8
TRINITY_DN11406_c0_g1_i11.p1	Spodoptera|XP_050559703.1	43.333	30	13	1	1039	1064	1197	6	35	315	0.97	23.1
TRINITY_DN11687_c0_g1_i1.p1	Bmori|XP_037867392.1	31.034	58	29	2	128	175	212	158	214	395	0.86	20.4
TRINITY_DN11406_c0_g2_i1.p1	Bmori|XP_012550153.2	36.898	187	105	5	1	183	206	90	267	312	1.24e-28	100
TRINITY_DN94_c0_g1_i13.p1	Bmori|XP_012550153.2	47.059	17	9	0	386	402	519	19	35	312	0.44	22.7
TRINITY_DN26494_c0_g1_i1.p1	Bmori|XP_037867392.1	44.915	236	127	2	2	235	262	110	344	395	4.22e-73	220
TRINITY_DN26494_c0_g1_i1.p1	Spodoptera|XP_035432548.2	39.831	236	141	1	1	235	262	27	262	311	1.58e-68	206
TRINITY_DN26494_c0_g1_i1.p1	Spodoptera|XP_035442818.1	44.492	236	129	2	1	235	262	105	339	390	2.02e-67	205
TRINITY_DN26494_c0_g2_i1.p1	Bmori|XP_037867392.1	42.553	282	152	4	2	281	282	110	383	395	1.04e-78	235
TRINITY_DN26494_c0_g2_i1.p1	Spodoptera|XP_035442818.1	40.569	281	159	4	1	280	282	105	378	390	1.91e-70	214
TRINITY_DN26494_c0_g2_i1.p1	Spodoptera|XP_035432548.2	37.546	269	164	2	1	265	282	27	295	311	5.45e-69	207
TRINITY_DN114_c0_g1_i11.p1	Spodoptera|XP_050559197.1	26.562	64	47	0	3	66	283	276	339	343	0.59	21.6
TRINITY_DN60513_c0_g1_i1.p1	Spodoptera|XP_050549308.1	40.000	15	9	0	87	101	103	250	264	431	0.94	18.9
TRINITY_DN27127_c0_g1_i4.p1	Bmori|XP_012550153.2	31.343	67	42	2	1116	1179	1350	109	174	312	0.22	25.0
TRINITY_DN22379_c0_g1_i2.p1	Spodoptera|XP_035436318.2	52.941	17	8	0	17	33	157	306	322	351	0.15	22.3
TRINITY_DN22379_c0_g1_i2.p1	Bmori|XP_021206280.1	30.435	23	16	0	88	110	157	162	184	290	0.35	21.2
TRINITY_DN22379_c0_g1_i2.p1	Spodoptera|XP_035435946.2	27.273	33	24	0	78	110	157	211	243	344	0.42	20.8
TRINITY_DN22379_c0_g1_i2.p1	Bmori|XP_037867392.1	63.636	11	4	0	105	115	157	54	64	395	0.70	20.0
TRINITY_DN22379_c0_g1_i2.p1	Spodoptera|XP_050559193.1	33.333	33	15	1	7	32	157	287	319	349	0.75	20.0
TRINITY_DN22379_c0_g1_i2.p1	Spodoptera|XP_050559197.1	34.783	23	15	0	88	110	157	218	240	343	0.87	20.0
TRINITY_DN20000_c1_g1_i5.p1	Bmori|XP_062526415.1	33.333	18	12	0	57	74	99	127	144	277	0.13	21.2
TRINITY_DN20000_c1_g1_i5.p1	Bmori|XP_062526412.1	33.333	18	12	0	57	74	99	139	156	289	0.16	21.2
TRINITY_DN20000_c1_g1_i5.p1	Bmori|XP_021206280.1	80.000	10	2	0	63	72	99	229	238	290	1.00	18.9
TRINITY_DN31247_c0_g4_i1.p1	Spodoptera|XP_035432672.2	40.909	22	13	0	59	80	159	203	224	327	0.23	21.6
TRINITY_DN31247_c0_g4_i1.p1	Bmori|XP_012551199.2	28.571	35	25	0	52	86	159	120	154	349	0.32	21.2
TRINITY_DN381_c2_g1_i1.p1	Spodoptera|XP_050559193.1	19.149	94	73	1	327	417	494	146	239	349	0.88	21.9
TRINITY_DN1875_c0_g1_i10.p1	Spodoptera|XP_050559193.1	33.333	27	17	1	252	277	360	190	216	349	0.37	22.3
TRINITY_DN929_c0_g1_i31.p1	Spodoptera|XP_035435946.2	25.000	60	41	1	1100	1155	1767	92	151	344	0.25	25.4
TRINITY_DN929_c0_g1_i31.p1	Spodoptera|XP_050559197.1	26.190	42	31	0	1100	1141	1767	89	130	343	0.59	24.3
TRINITY_DN254_c0_g1_i11.p1	Bmori|XP_037869304.1	27.160	81	58	1	786	865	1594	218	298	319	0.27	25.0
TRINITY_DN619_c3_g1_i5.p1	Spodoptera|XP_035432672.2	21.667	120	78	4	41	156	208	178	285	327	1.00	20.0
TRINITY_DN619_c3_g2_i1.p1	Spodoptera|XP_035432548.2	40.000	30	17	1	19	47	208	162	191	311	0.11	23.1
TRINITY_DN13929_c0_g1_i3.p1	Bmori|XP_062526415.1	40.909	22	13	0	157	178	785	143	164	277	0.90	22.3
TRINITY_DN13929_c0_g1_i3.p1	Bmori|XP_062526412.1	40.909	22	13	0	157	178	785	155	176	289	0.95	22.3
TRINITY_DN13929_c0_g1_i3.p1	Bmori|XP_021206280.1	38.235	34	17	1	573	606	785	174	203	290	0.96	22.3
TRINITY_DN5013_c0_g1_i1.p1	Spodoptera|XP_035436301.1	40.741	27	14	1	383	409	637	105	129	341	0.56	22.7
TRINITY_DN7676_c0_g1_i1.p1	Spodoptera|XP_050549308.1	31.034	29	20	0	338	366	692	20	48	431	0.78	22.3
TRINITY_DN24371_c1_g1_i1.p1	Bmori|XP_062524699.1	26.667	90	59	4	61	146	167	247	333	343	0.005	26.6
TRINITY_DN24371_c1_g1_i1.p1	Bmori|XP_021206280.1	23.333	60	42	2	72	130	167	201	257	290	0.64	20.4
TRINITY_DN24371_c1_g1_i1.p1	Bmori|XP_062526412.1	27.419	62	39	2	72	130	167	202	260	289	0.68	20.4
TRINITY_DN24371_c1_g1_i1.p1	Bmori|XP_062526415.1	27.419	62	39	2	72	130	167	190	248	277	0.71	20.0
TRINITY_DN24371_c1_g1_i1.p1	Bmori|XP_004930400.2	27.419	62	39	2	72	130	167	259	317	346	0.81	20.0
TRINITY_DN24371_c1_g2_i1.p1	Bmori|XP_012550153.2	33.333	27	18	0	119	145	154	35	61	312	0.088	22.7
TRINITY_DN24371_c1_g2_i1.p1	Spodoptera|XP_050559703.1	24.490	49	31	2	52	94	154	3	51	315	0.19	21.9
TRINITY_DN393_c0_g5_i1.p1	Spodoptera|XP_050549308.1	40.909	22	13	0	277	298	688	178	199	431	0.57	23.1
TRINITY_DN16573_c0_g1_i14.p1	Bmori|XP_012551199.2	28.000	25	18	0	81	105	106	253	277	349	0.48	19.6
TRINITY_DN5129_c0_g1_i2.p1	Spodoptera|XP_035432548.2	28.571	42	28	1	4	45	415	101	140	311	0.30	23.1
TRINITY_DN1734_c0_g1_i1.p1	Spodoptera|XP_035433249.2	46.154	26	14	0	182	207	387	45	70	238	0.33	22.7
TRINITY_DN8309_c0_g1_i6.p1	Bmori|XP_062529457.1	37.037	27	17	0	190	216	351	193	219	326	0.46	21.9
TRINITY_DN8309_c0_g1_i6.p1	Bmori|XP_012551199.2	28.125	32	23	0	182	213	351	173	204	349	0.51	21.9
TRINITY_DN8309_c0_g1_i6.p1	Spodoptera|XP_035432672.2	27.586	29	21	0	188	216	351	190	218	327	0.75	21.6
TRINITY_DN27010_c0_g1_i1.p1	Bmori|XP_012551199.2	32.258	31	21	0	7	37	411	25	55	349	0.032	26.2
TRINITY_DN811_c0_g1_i1.p1	Bmori|XP_062527116.1	33.333	45	26	2	19	61	353	116	158	436	0.17	23.5
TRINITY_DN41724_c0_g1_i1.p1	Bmori|XP_037867392.1	29.630	27	19	0	42	68	279	350	376	395	0.56	21.6
TRINITY_DN20412_c0_g1_i1.p1	Spodoptera|XP_050559197.1	28.302	53	32	1	125	171	184	11	63	343	0.015	25.4
TRINITY_DN4216_c0_g1_i32.p1	Spodoptera|XP_035436301.1	22.936	109	79	3	226	332	872	223	328	341	0.42	23.5
TRINITY_DN113_c0_g1_i3.p1	Spodoptera|XP_050559196.1	32.075	53	31	2	829	878	3060	250	300	304	0.67	24.6
TRINITY_DN28760_c0_g1_i1.p1	Bmori|XP_062526412.1	36.842	19	12	0	58	76	147	198	216	289	0.33	20.8
TRINITY_DN28760_c0_g1_i1.p1	Bmori|XP_062526415.1	36.842	19	12	0	58	76	147	186	204	277	0.34	20.8
TRINITY_DN28760_c0_g1_i1.p1	Bmori|XP_004930400.2	36.842	19	12	0	58	76	147	255	273	346	0.39	20.8
TRINITY_DN25580_c0_g2_i1.p1	Bmori|XP_037867392.1	20.482	83	57	1	119	192	318	58	140	395	0.071	24.6
TRINITY_DN28039_c0_g1_i1.p1	Spodoptera|XP_035442818.1	24.786	117	71	4	108	220	467	27	130	390	0.34	23.1
TRINITY_DN28039_c0_g1_i1.p1	Bmori|XP_037867392.1	61.538	13	5	0	180	192	467	329	341	395	0.74	21.9
TRINITY_DN1735_c0_g2_i1.p1	Spodoptera|XP_035432672.2	25.287	87	56	4	71	151	545	212	295	327	0.25	23.5
TRINITY_DN927_c0_g2_i3.p1	Spodoptera|XP_035433286.1	22.222	36	28	0	176	211	359	175	210	344	0.82	21.2
TRINITY_DN23731_c0_g3_i1.p1	Spodoptera|XP_035432548.2	31.818	44	18	2	19	52	99	126	167	311	0.98	18.9
TRINITY_DN2234_c1_g1_i1.p1	Bmori|XP_037867392.1	35.714	28	17	1	78	104	169	155	182	395	0.14	22.3
TRINITY_DN2234_c1_g1_i1.p1	Bmori|XP_062529457.1	36.364	22	11	1	30	51	169	212	230	326	0.43	20.8
TRINITY_DN20413_c0_g1_i1.p1	Bmori|XP_012550153.2	31.034	58	35	3	59	114	321	57	111	312	0.054	25.0
TRINITY_DN28876_c0_g1_i1.p1	Spodoptera|XP_050559703.1	23.288	73	45	2	11	75	242	171	240	315	0.91	20.4
TRINITY_DN28876_c0_g2_i1.p1	Bmori|XP_037867392.1	41.176	17	10	0	91	107	108	264	280	395	0.50	19.6
TRINITY_DN1874_c0_g2_i2.p1	Spodoptera|XP_050559196.1	35.135	37	16	2	57	85	295	248	284	304	0.11	23.9
TRINITY_DN1874_c0_g2_i2.p1	Spodoptera|XP_050559196.1	30.769	26	18	0	51	76	295	26	51	304	0.65	21.2
TRINITY_DN1874_c0_g2_i2.p1	Spodoptera|XP_035436318.2	30.769	26	18	0	51	76	295	26	51	351	0.70	21.2
TRINITY_DN253_c0_g1_i1.p1	Spodoptera|XP_035435946.2	32.258	31	21	0	536	566	726	160	190	344	0.82	22.3
TRINITY_DN13928_c0_g1_i1.p1	Spodoptera|XP_050549308.1	28.571	63	41	3	337	397	662	122	182	431	0.13	25.0
TRINITY_DN13928_c0_g1_i1.p1	Spodoptera|XP_035432672.2	40.000	20	12	0	641	660	662	157	176	327	0.58	22.7
TRINITY_DN13928_c0_g1_i1.p1	Bmori|XP_062527116.1	30.000	30	21	0	337	366	662	125	154	436	0.65	22.7
TRINITY_DN8307_c0_g1_i1.p1	Spodoptera|XP_035433249.2	45.455	22	11	1	240	261	455	79	99	238	0.29	23.1
TRINITY_DN91_c0_g1_i12.p1	Spodoptera|XP_050559193.1	23.881	67	42	2	251	308	532	14	80	349	0.088	25.0
TRINITY_DN91_c0_g1_i12.p1	Spodoptera|XP_035435946.2	37.500	24	15	0	484	507	532	133	156	344	0.53	22.7
TRINITY_DN4495_c0_g1_i23.p1	Bmori|XP_037867392.1	26.316	76	49	2	113	186	583	325	395	395	0.88	21.9
TRINITY_DN68_c0_g1_i13.p1	Bmori|XP_062524699.1	39.286	28	16	1	24	51	434	29	55	343	0.58	21.9
TRINITY_DN68_c0_g2_i1.p1	Spodoptera|XP_035433249.2	40.909	22	13	0	253	274	481	151	172	238	0.64	21.9
TRINITY_DN6762_c0_g1_i2.p1	Bmori|XP_062527116.1	44.444	18	10	0	1400	1417	2069	190	207	436	0.87	23.9
TRINITY_DN653_c1_g1_i10.p1	Bmori|XP_062529457.1	25.455	55	28	2	123	167	386	42	93	326	0.97	21.2
TRINITY_DN1733_c0_g1_i1.p1	Bmori|XP_012551199.2	23.333	30	23	0	74	103	173	313	342	349	0.62	20.4
TRINITY_DN45118_c0_g1_i1.p1	Spodoptera|XP_035432672.2	38.462	26	16	0	16	41	142	263	288	327	0.071	23.1
TRINITY_DN45118_c0_g1_i1.p1	Spodoptera|XP_035435946.2	39.130	23	14	0	42	64	142	322	344	344	0.18	21.6
TRINITY_DN45118_c0_g1_i1.p1	Spodoptera|XP_035436318.2	30.159	63	35	3	5	58	142	283	345	351	0.30	21.2
TRINITY_DN45118_c0_g1_i1.p1	Spodoptera|XP_050559193.1	26.087	69	42	3	5	64	142	281	349	349	0.39	20.8
TRINITY_DN45118_c0_g1_i1.p1	Spodoptera|XP_050559196.1	52.941	17	8	0	42	58	142	282	298	304	0.59	20.0
TRINITY_DN92_c0_g1_i9.p1	Spodoptera|XP_035433249.2	28.571	112	62	3	15	126	406	15	108	238	1.49e-10	51.2
TRINITY_DN92_c0_g1_i9.p1	Bmori|XP_012550153.2	21.132	265	150	8	15	253	406	8	239	312	7.49e-07	40.4
TRINITY_DN92_c0_g1_i9.p1	Spodoptera|XP_050559703.1	28.205	78	41	2	4	81	406	78	140	315	2.39e-04	32.7
TRINITY_DN92_c0_g1_i9.p1	Spodoptera|XP_050559193.1	44.444	18	10	0	253	270	406	293	310	349	0.47	22.3
TRINITY_DN20669_c0_g1_i2.p1	Bmori|XP_062527116.1	25.352	71	35	3	24	81	102	244	309	436	0.15	21.2
TRINITY_DN20669_c0_g1_i2.p1	Bmori|XP_062526412.1	33.333	21	14	0	55	75	102	184	204	289	0.80	18.9
TRINITY_DN20669_c0_g1_i2.p1	Bmori|XP_062526415.1	33.333	21	14	0	55	75	102	172	192	277	0.82	18.9
TRINITY_DN112_c0_g1_i3.p1	Bmori|XP_021206280.1	31.915	47	25	2	662	705	1197	99	141	290	0.28	24.6
TRINITY_DN12998_c1_g1_i5.p1	Spodoptera|XP_035432548.2	43.478	23	13	0	61	83	104	6	28	311	0.83	18.9
TRINITY_DN4354_c0_g1_i1.p1	Spodoptera|XP_035436318.2	20.500	200	125	8	121	305	313	162	342	351	0.99	20.8
TRINITY_DN926_c0_g1_i12.p3	Spodoptera|XP_050549308.1	34.211	38	25	0	28	65	101	305	342	431	0.021	23.5
TRINITY_DN926_c0_g2_i6.p1	Spodoptera|XP_035442818.1	36.667	30	18	1	248	276	417	90	119	390	0.37	22.7
TRINITY_DN926_c0_g2_i6.p1	Spodoptera|XP_035432548.2	28.571	28	20	0	254	281	417	19	46	311	0.77	21.6
TRINITY_DN6621_c0_g1_i18.p1	Bmori|XP_037867392.1	30.909	55	31	1	190	237	2396	75	129	395	0.27	25.8
TRINITY_DN12718_c1_g1_i1.p1	Bmori|XP_012550153.2	30.189	53	28	2	12	64	205	225	268	312	0.93	20.0
TRINITY_DN3699_c0_g1_i1.p1	Spodoptera|XP_035433249.2	29.688	64	44	1	112	174	516	43	106	238	0.027	26.6
TRINITY_DN3699_c0_g1_i1.p1	Spodoptera|XP_035433249.2	29.091	55	37	2	288	341	516	34	87	238	0.43	22.7
TRINITY_DN3699_c0_g1_i1.p1	Spodoptera|XP_035433249.2	28.846	52	37	0	200	251	516	37	88	238	0.58	22.3
TRINITY_DN3699_c0_g1_i1.p1	Spodoptera|XP_035432672.2	30.435	69	37	3	168	230	516	208	271	327	0.100	24.6
TRINITY_DN3699_c0_g1_i1.p1	Spodoptera|XP_050559703.1	25.974	77	47	3	275	341	516	89	165	315	0.40	22.7
TRINITY_DN3418_c0_g1_i1.p1	Spodoptera|XP_050559191.1	24.272	103	74	2	260	358	389	198	300	352	0.50	22.3
TRINITY_DN3418_c0_g1_i1.p1	Spodoptera|XP_050549308.1	31.429	35	22	1	55	87	389	189	223	431	0.60	21.9
TRINITY_DN10631_c0_g1_i2.p1	Spodoptera|XP_035442818.1	34.615	26	17	0	445	470	1068	244	269	390	0.23	25.0
TRINITY_DN10631_c0_g1_i2.p1	Spodoptera|XP_050559191.1	35.135	37	18	1	731	767	1068	27	57	352	0.94	22.7
TRINITY_DN1320_c1_g2_i3.p1	Spodoptera|XP_035432672.2	22.727	66	43	1	11	68	326	161	226	327	0.32	22.3
TRINITY_DN1320_c1_g2_i3.p1	Spodoptera|XP_035442818.1	38.095	21	13	0	171	191	326	342	362	390	0.88	21.2
TRINITY_DN28875_c0_g2_i1.p1	Spodoptera|XP_050559196.1	38.710	31	17	1	97	127	154	243	271	304	0.36	20.8
TRINITY_DN28875_c0_g2_i1.p1	Spodoptera|XP_035436318.2	39.286	28	15	1	97	124	154	243	268	351	0.90	19.6
TRINITY_DN5010_c0_g1_i2.p1	Bmori|XP_062529457.1	37.500	24	15	0	118	141	328	48	71	326	0.055	25.0
TRINITY_DN5010_c0_g1_i2.p1	Spodoptera|XP_035432672.2	26.531	49	27	1	93	141	328	32	71	327	0.26	22.7
TRINITY_DN5010_c0_g1_i2.p1	Bmori|XP_012551199.2	29.167	24	17	0	118	141	328	54	77	349	0.48	21.9
TRINITY_DN18000_c0_g1_i7.p1	Bmori|XP_037867392.1	24.000	75	47	2	316	382	1364	179	251	395	0.095	26.6
TRINITY_DN41863_c0_g1_i1.p1	Spodoptera|XP_035435946.2	27.778	72	40	3	6	69	99	91	158	344	0.039	22.7
TRINITY_DN4355_c0_g2_i2.p1	Spodoptera|XP_035432548.2	47.619	21	10	1	154	174	428	177	196	311	0.13	24.3
TRINITY_DN3442_c0_g2_i1.p1	Spodoptera|XP_050559703.1	30.357	56	34	2	245	295	758	95	150	315	0.52	23.1
TRINITY_DN13252_c0_g1_i34.p1	Bmori|XP_037869304.1	19.753	81	52	2	64	144	344	32	99	319	0.55	21.9
TRINITY_DN9219_c0_g1_i1.p1	Spodoptera|XP_050559197.1	34.211	38	24	1	652	689	801	57	93	343	0.55	23.1
TRINITY_DN19052_c0_g1_i1.p3	Spodoptera|XP_050559196.1	24.074	54	41	0	21	74	149	242	295	304	0.067	23.1
TRINITY_DN19052_c0_g1_i1.p3	Spodoptera|XP_035436318.2	31.250	32	22	0	21	52	149	242	273	351	0.087	22.7
TRINITY_DN19052_c0_g1_i1.p3	Spodoptera|XP_035436318.2	32.000	25	17	0	39	63	149	249	273	351	0.22	21.6
TRINITY_DN10049_c0_g1_i1.p1	Spodoptera|XP_050559196.1	25.641	39	29	0	198	236	442	133	171	304	0.34	22.7
TRINITY_DN10049_c0_g1_i1.p1	Spodoptera|XP_035436318.2	25.641	39	29	0	198	236	442	133	171	351	0.41	22.7
TRINITY_DN51783_c0_g1_i5.p1	Spodoptera|XP_050559703.1	27.451	51	35	1	1901	1951	1979	18	66	315	0.46	24.6
TRINITY_DN49209_c0_g1_i1.p1	Bmori|XP_037869304.1	23.423	111	73	3	328	430	503	133	239	319	0.13	24.3
TRINITY_DN2506_c0_g1_i3.p1	Bmori|XP_037867392.1	25.926	54	34	1	117	164	326	43	96	395	0.013	26.9
TRINITY_DN8306_c0_g1_i1.p1	Bmori|XP_012551199.2	52.174	23	11	0	335	357	400	255	277	349	0.15	23.9
TRINITY_DN52001_c1_g1_i1.p1	Bmori|XP_037867392.1	35.000	20	13	0	235	254	309	36	55	395	0.73	21.2
TRINITY_DN391_c0_g1_i17.p1	Bmori|XP_062527116.1	28.846	52	32	1	1440	1491	1739	200	246	436	0.064	27.3
TRINITY_DN110_c0_g1_i1.p1	Spodoptera|XP_050559193.1	26.087	46	28	1	235	274	323	195	240	349	0.50	21.9
TRINITY_DN67_c0_g1_i4.p1	Spodoptera|XP_035432672.2	29.730	74	42	4	75	143	167	251	319	327	0.70	20.4
TRINITY_DN33912_c1_g1_i1.p1	Spodoptera|XP_035435946.2	27.273	22	16	0	4	25	291	212	233	344	0.48	21.6
TRINITY_DN17901_c0_g2_i2.p1	Spodoptera|XP_035436318.2	43.478	23	11	1	454	474	666	247	269	351	0.65	22.7
TRINITY_DN17901_c0_g2_i2.p1	Spodoptera|XP_050559196.1	43.478	23	11	1	454	474	666	247	269	304	0.69	22.3
TRINITY_DN110_c0_g2_i2.p1	Spodoptera|XP_050559193.1	32.143	28	19	0	264	291	338	196	223	349	0.75	21.2
TRINITY_DN110_c0_g2_i2.p1	Spodoptera|XP_035442818.1	44.444	18	10	0	112	129	338	25	42	390	0.77	21.2
TRINITY_DN6761_c0_g1_i1.p1	Spodoptera|XP_035436301.1	28.889	90	51	4	144	225	419	253	337	341	0.32	22.7
TRINITY_DN368_c0_g2_i10.p1	Spodoptera|XP_050559703.1	37.500	16	10	0	268	283	581	179	194	315	0.62	22.3
TRINITY_DN110_c0_g4_i1.p1	Spodoptera|XP_050559193.1	23.913	46	29	1	238	277	337	196	241	349	0.46	21.9
TRINITY_DN55734_c0_g1_i1.p1	Bmori|XP_021206280.1	32.353	34	17	2	48	79	342	120	149	290	0.64	21.6
TRINITY_DN37289_c2_g1_i3.p1	Spodoptera|XP_050559197.1	29.508	61	38	2	80	138	222	248	305	343	0.012	26.2
TRINITY_DN30_c6_g1_i4.p1	Spodoptera|XP_035442818.1	28.889	45	32	0	9	53	230	24	68	390	0.024	25.4
TRINITY_DN30_c6_g1_i4.p1	Bmori|XP_062524699.1	37.931	29	14	1	54	82	230	278	302	343	0.82	20.4
TRINITY_DN16832_c1_g1_i2.p1	Bmori|XP_037867392.1	25.397	63	43	2	64	122	125	192	254	395	0.29	20.8
TRINITY_DN163_c17_g1_i4.p1	Spodoptera|XP_035435946.2	25.000	72	41	3	28	94	99	2	65	344	0.040	22.7
TRINITY_DN163_c17_g1_i4.p1	Bmori|XP_062524699.1	34.483	29	17	1	67	95	99	38	64	343	0.21	20.8
TRINITY_DN1709_c0_g1_i22.p1	Spodoptera|XP_035442818.1	29.825	57	39	1	1893	1948	1951	118	174	390	0.076	27.3
TRINITY_DN59966_c0_g1_i1.p1	Spodoptera|XP_035436318.2	33.871	62	35	3	254	314	315	89	145	351	0.080	24.3
TRINITY_DN59966_c0_g1_i1.p1	Spodoptera|XP_050559196.1	33.871	62	35	3	254	314	315	89	145	304	0.085	24.3
TRINITY_DN4214_c0_g1_i9.p1	Spodoptera|XP_035442818.1	37.500	24	14	1	47	70	255	130	152	390	0.10	23.5
TRINITY_DN4214_c0_g1_i9.p1	Bmori|XP_062529457.1	21.951	41	27	1	25	65	255	161	196	326	0.37	21.9
TRINITY_DN1709_c0_g2_i1.p1	Spodoptera|XP_035442818.1	29.825	57	39	1	269	324	327	118	174	390	0.005	28.5
TRINITY_DN7637_c2_g1_i1.p1	Bmori|XP_062529457.1	38.462	26	14	1	61	84	117	269	294	326	0.71	19.6
TRINITY_DN925_c0_g1_i10.p1	Spodoptera|XP_035432548.2	38.710	31	17	1	328	358	379	68	96	311	0.37	22.3
TRINITY_DN3440_c0_g1_i14.p1	Bmori|XP_012550153.2	37.037	27	17	0	225	251	742	244	270	312	0.85	22.3
TRINITY_DN56089_c0_g1_i1.p1	Bmori|XP_062529457.1	50.000	16	8	0	68	83	231	138	153	326	0.23	22.3
TRINITY_DN56089_c0_g1_i1.p1	Spodoptera|XP_050559193.1	36.842	19	12	0	65	83	231	152	170	349	0.60	21.2
TRINITY_DN40250_c0_g2_i1.p1	Bmori|XP_037869304.1	30.000	50	35	0	39	88	100	30	79	319	0.53	19.6
TRINITY_DN3417_c0_g1_i2.p1	Spodoptera|XP_035436301.1	22.951	61	47	0	441	501	545	184	244	341	0.48	22.7
TRINITY_DN3417_c0_g1_i2.p1	Bmori|XP_037869304.1	25.641	39	29	0	441	479	545	165	203	319	0.89	21.9
TRINITY_DN3417_c0_g1_i2.p1	Spodoptera|XP_035442818.1	28.000	50	34	1	416	463	545	99	148	390	1.00	21.9
TRINITY_DN37742_c0_g1_i1.p1	Spodoptera|XP_035436318.2	28.302	53	35	2	41	90	304	155	207	351	0.46	21.9
TRINITY_DN37742_c0_g1_i1.p1	Spodoptera|XP_050559196.1	28.302	53	35	2	41	90	304	155	207	304	0.46	21.9
TRINITY_DN48575_c0_g1_i1.p1	Bmori|XP_012551199.2	28.571	42	30	0	263	304	322	251	292	349	0.30	22.7
TRINITY_DN7672_c0_g1_i1.p1	Bmori|XP_037867392.1	53.846	13	6	0	74	86	102	325	337	395	0.033	23.1
TRINITY_DN7672_c0_g1_i1.p1	Spodoptera|XP_035442818.1	41.667	24	10	1	75	98	102	321	340	390	0.15	21.2
TRINITY_DN40228_c0_g1_i1.p1	Spodoptera|XP_035442818.1	50.000	16	8	0	15	30	106	327	342	390	0.50	19.6
TRINITY_DN30470_c0_g1_i1.p1	Bmori|XP_037867392.1	23.841	151	92	5	558	708	1152	151	278	395	0.19	25.0
TRINITY_DN5125_c0_g1_i2.p1	Bmori|XP_012551199.2	31.250	80	52	2	97	176	236	70	146	349	0.029	25.0
TRINITY_DN5125_c0_g1_i2.p1	Spodoptera|XP_050559191.1	35.897	39	20	2	72	110	236	48	81	352	0.73	20.8
TRINITY_DN390_c0_g1_i10.p1	Spodoptera|XP_035433286.1	41.176	34	18	1	295	328	500	90	121	344	0.50	22.7
TRINITY_DN390_c0_g1_i10.p1	Spodoptera|XP_035442818.1	28.571	70	33	3	94	152	500	315	378	390	0.77	21.9
TRINITY_DN367_c0_g1_i1.p1	Spodoptera|XP_035432672.2	29.825	57	37	1	166	222	545	37	90	327	0.36	23.1
TRINITY_DN367_c0_g1_i1.p1	Bmori|XP_062527116.1	25.714	35	24	1	226	258	545	209	243	436	0.41	23.1
TRINITY_DN367_c0_g1_i1.p1	Spodoptera|XP_050549308.1	20.988	81	52	3	180	258	545	170	240	431	0.44	23.1
TRINITY_DN2334_c3_g1_i1.p1	Bmori|XP_012551199.2	33.333	39	25	1	222	259	397	122	160	349	0.62	21.9
TRINITY_DN1731_c0_g1_i10.p1	Spodoptera|XP_050549308.1	50.000	22	11	0	179	200	250	307	328	431	0.60	21.2
TRINITY_DN12715_c1_g1_i1.p1	Spodoptera|XP_050559196.1	39.130	23	14	0	479	501	544	261	283	304	0.049	25.8
TRINITY_DN3696_c0_g1_i2.p1	Spodoptera|XP_050559703.1	17.213	122	90	2	356	477	684	58	168	315	0.37	23.5
TRINITY_DN9381_c0_g2_i1.p1	Bmori|XP_062526412.1	22.897	214	102	8	82	246	306	8	207	289	3.50e-05	34.7
TRINITY_DN9381_c0_g2_i1.p1	Spodoptera|XP_035435946.2	25.234	107	68	3	148	251	306	173	270	344	3.94e-05	34.7
TRINITY_DN9381_c0_g2_i1.p1	Bmori|XP_004930400.2	22.897	214	102	8	82	246	306	65	264	346	4.39e-05	34.7
TRINITY_DN9381_c0_g2_i1.p1	Spodoptera|XP_050559191.1	24.762	105	67	3	150	251	306	184	279	352	1.15e-04	33.1
TRINITY_DN9381_c0_g2_i1.p1	Spodoptera|XP_035436318.2	25.954	131	81	5	150	275	306	182	301	351	1.20e-04	33.1
TRINITY_DN9381_c0_g2_i1.p1	Bmori|XP_062526415.1	29.524	105	52	5	150	246	306	105	195	277	1.59e-04	32.7
TRINITY_DN9381_c0_g2_i1.p1	Bmori|XP_012551199.2	21.698	106	65	4	148	247	306	175	268	349	3.89e-04	31.6
TRINITY_DN9381_c0_g2_i1.p1	Spodoptera|XP_050559193.1	27.174	92	61	2	150	241	306	180	265	349	8.38e-04	30.4
TRINITY_DN9381_c0_g2_i1.p1	Spodoptera|XP_035433286.1	35.294	34	22	0	218	251	306	235	268	344	0.002	29.3
TRINITY_DN9381_c0_g2_i1.p1	Spodoptera|XP_050559197.1	44.828	29	16	0	76	104	306	57	85	343	0.002	28.9
TRINITY_DN9381_c0_g2_i1.p1	Spodoptera|XP_050559196.1	26.042	96	57	3	150	241	306	182	267	304	0.005	28.1
TRINITY_DN9381_c0_g2_i1.p1	Spodoptera|XP_035432672.2	32.500	40	27	0	208	247	306	214	253	327	0.022	26.2
TRINITY_DN9381_c0_g2_i1.p1	Spodoptera|XP_035432672.2	42.857	21	12	0	79	99	306	59	79	327	0.11	23.9
TRINITY_DN9381_c0_g2_i1.p1	Bmori|XP_021206280.1	19.718	213	119	10	82	251	306	8	211	290	0.072	24.3
TRINITY_DN9381_c0_g2_i1.p1	Bmori|XP_062529457.1	34.211	38	24	1	65	101	306	72	109	326	0.22	22.7
TRINITY_DN9381_c0_g2_i1.p1	Bmori|XP_062529457.1	38.095	21	13	0	79	99	306	59	79	326	0.22	22.7
TRINITY_DN9381_c0_g2_i1.p1	Bmori|XP_062529457.1	26.000	50	36	1	206	255	306	213	261	326	0.30	22.3
TRINITY_DN9381_c0_g2_i1.p1	Bmori|XP_062524699.1	33.333	21	14	0	79	99	306	61	81	343	0.76	21.2
TRINITY_DN1172_c0_g1_i2.p1	Spodoptera|XP_050559193.1	22.105	95	64	2	480	571	881	139	226	349	0.11	25.4
TRINITY_DN924_c0_g1_i1.p1	Spodoptera|XP_050559193.1	23.858	197	112	9	307	486	1886	1	176	349	0.72	23.9
TRINITY_DN895_c3_g1_i1.p1	Spodoptera|XP_035433249.2	27.511	229	144	7	170	382	386	1	223	238	2.48e-19	77.0
TRINITY_DN895_c3_g1_i1.p1	Spodoptera|XP_035433249.2	30.476	105	64	2	55	150	386	11	115	238	5.94e-13	58.5
TRINITY_DN895_c3_g1_i1.p1	Spodoptera|XP_050559703.1	26.104	249	152	8	158	383	386	59	298	315	2.55e-12	57.4
TRINITY_DN895_c3_g1_i1.p1	Spodoptera|XP_050559703.1	31.915	94	52	2	53	134	386	78	171	315	1.41e-10	52.0
TRINITY_DN895_c3_g1_i1.p1	Bmori|XP_012550153.2	26.866	67	47	2	54	118	386	2	68	312	2.65e-04	32.3
TRINITY_DN895_c3_g1_i1.p1	Bmori|XP_012550153.2	27.473	91	47	4	188	263	386	7	93	312	8.40e-04	30.8
TRINITY_DN3697_c0_g1_i19.p1	Bmori|XP_062527116.1	23.596	89	45	2	292	357	527	196	284	436	0.12	24.6
TRINITY_DN3697_c0_g1_i19.p1	Spodoptera|XP_050549308.1	34.375	32	21	0	326	357	527	250	281	431	0.59	22.3
TRINITY_DN29088_c0_g2_i1.p1	Spodoptera|XP_035442818.1	36.000	25	16	0	5	29	115	287	311	390	0.32	20.4
TRINITY_DN2086_c0_g1_i33.p1	Spodoptera|XP_035442818.1	27.660	47	31	1	176	222	232	339	382	390	0.016	25.8
TRINITY_DN2086_c0_g1_i33.p1	Spodoptera|XP_035433286.1	47.619	21	4	1	6	26	232	64	77	344	0.97	20.4
TRINITY_DN1173_c0_g1_i14.p1	Bmori|XP_037867392.1	37.500	16	10	0	82	97	1164	326	341	395	0.64	23.5
TRINITY_DN626_c1_g1_i3.p1	Spodoptera|XP_035442818.1	26.471	34	24	1	105	137	150	117	150	390	0.84	19.6
TRINITY_DN46050_c0_g1_i1.p1	Bmori|XP_021206280.1	30.380	79	50	4	125	199	200	87	164	290	0.30	21.6
TRINITY_DN1987_c0_g1_i13.p1	Spodoptera|XP_035436318.2	30.769	52	24	2	125	174	346	259	300	351	0.18	23.5
TRINITY_DN65_c0_g1_i13.p1	Bmori|XP_037869304.1	18.493	146	92	3	435	556	593	94	236	319	0.94	21.9
TRINITY_DN11401_c0_g1_i2.p1	Bmori|XP_062529457.1	44.444	18	10	0	98	115	270	20	37	326	0.61	21.2
TRINITY_DN14977_c0_g2_i3.p1	Bmori|XP_062526415.1	33.333	30	20	0	69	98	276	48	77	277	0.22	22.7
TRINITY_DN14977_c0_g2_i3.p1	Bmori|XP_062526412.1	33.333	30	20	0	69	98	276	60	89	289	0.30	22.3
TRINITY_DN14977_c0_g2_i3.p1	Bmori|XP_004930400.2	33.333	30	20	0	69	98	276	117	146	346	0.34	21.9
TRINITY_DN55709_c0_g1_i1.p1	Bmori|XP_062527116.1	30.189	53	28	2	80	125	250	81	131	436	0.45	21.6
TRINITY_DN1730_c0_g1_i3.p1	Spodoptera|XP_050559191.1	28.000	50	29	1	357	399	542	250	299	352	0.010	28.1
TRINITY_DN1730_c0_g1_i3.p1	Spodoptera|XP_050559193.1	26.000	50	30	2	357	399	542	246	295	349	0.18	24.3
TRINITY_DN1730_c0_g1_i3.p1	Spodoptera|XP_050559197.1	24.000	50	31	1	357	399	542	238	287	343	0.51	22.7
TRINITY_DN6177_c0_g1_i1.p1	Spodoptera|XP_035436301.1	63.636	11	4	0	202	212	269	317	327	341	0.62	21.2
TRINITY_DN46167_c0_g1_i1.p1	Bmori|XP_062524699.1	38.710	31	16	1	67	94	162	278	308	343	0.41	20.8
TRINITY_DN3258_c1_g1_i1.p1	Spodoptera|XP_050559191.1	38.710	31	19	0	137	167	307	164	194	352	0.33	22.3
TRINITY_DN3258_c1_g1_i1.p1	Spodoptera|XP_035433286.1	35.484	31	20	0	137	167	307	153	183	344	0.52	21.6
TRINITY_DN1846_c0_g1_i14.p1	Bmori|XP_012551199.2	35.714	28	18	0	1070	1097	1262	86	113	349	0.79	23.5
TRINITY_DN1171_c0_g1_i20.p1	Spodoptera|XP_035433286.1	29.787	47	26	1	379	418	888	167	213	344	0.91	22.7
TRINITY_DN56504_c0_g1_i1.p1	Spodoptera|XP_035442818.1	42.478	113	65	0	1	113	123	59	171	390	2.01e-28	97.8
TRINITY_DN56504_c0_g1_i1.p1	Spodoptera|XP_035432548.2	47.059	85	44	1	38	121	123	18	102	311	8.72e-24	84.3
TRINITY_DN56504_c0_g1_i1.p1	Bmori|XP_037867392.1	36.283	113	72	0	1	113	123	63	175	395	1.59e-22	81.6
TRINITY_DN56504_c0_g1_i1.p1	Spodoptera|XP_035435946.2	43.478	23	12	1	80	101	123	96	118	344	0.88	19.2
TRINITY_DN225_c0_g1_i12.p1	Spodoptera|XP_050559196.1	32.000	50	32	1	202	251	468	180	227	304	0.39	22.7
TRINITY_DN225_c0_g1_i12.p1	Spodoptera|XP_035436318.2	32.000	50	32	1	202	251	468	180	227	351	0.50	22.3
TRINITY_DN52692_c0_g1_i1.p1	Bmori|XP_012551199.2	46.667	15	8	0	100	114	133	124	138	349	0.90	19.6
TRINITY_DN196_c3_g1_i1.p1	Spodoptera|XP_035442818.1	29.545	44	31	0	270	313	467	274	317	390	0.90	21.6
TRINITY_DN1409_c1_g1_i3.p1	Spodoptera|XP_050559197.1	32.353	34	20	1	3	36	132	256	286	343	0.79	19.6
TRINITY_DN55849_c0_g1_i1.p1	Spodoptera|XP_050559703.1	29.167	48	31	2	43	87	471	57	104	315	0.28	23.1
TRINITY_DN55849_c0_g1_i1.p1	Spodoptera|XP_035436301.1	22.857	140	78	6	242	352	471	186	324	341	0.49	22.3
TRINITY_DN2502_c0_g1_i1.p1	Spodoptera|XP_050559191.1	45.161	31	17	0	105	135	419	115	145	352	0.64	21.9
TRINITY_DN2502_c0_g1_i1.p1	Bmori|XP_062524699.1	36.364	33	20	1	308	339	419	3	35	343	0.86	21.6
TRINITY_DN2502_c0_g1_i1.p1	Spodoptera|XP_035432548.2	30.000	30	19	1	48	77	419	108	135	311	0.99	21.2
TRINITY_DN16405_c0_g1_i1.p1	Spodoptera|XP_050559191.1	31.667	60	31	3	50	107	160	233	284	352	0.46	20.8
TRINITY_DN16405_c0_g1_i1.p1	Spodoptera|XP_035433286.1	43.750	16	9	0	121	136	160	304	319	344	0.50	20.4
TRINITY_DN12697_c2_g1_i1.p1	Spodoptera|XP_035436318.2	30.435	46	32	0	549	594	611	220	265	351	0.13	24.6
TRINITY_DN12697_c2_g1_i1.p1	Spodoptera|XP_050559196.1	30.435	46	32	0	549	594	611	220	265	304	0.14	24.6
TRINITY_DN12697_c2_g1_i1.p1	Bmori|XP_012551199.2	35.714	14	9	0	209	222	611	189	202	349	0.74	22.3
TRINITY_DN30444_c0_g1_i3.p1	Spodoptera|XP_050559703.1	46.667	15	8	0	66	80	107	144	158	315	0.71	19.2
TRINITY_DN12697_c2_g2_i1.p1	Bmori|XP_037869304.1	40.000	20	12	0	156	175	299	120	139	319	0.31	22.3
TRINITY_DN12697_c2_g2_i1.p1	Spodoptera|XP_035436301.1	40.000	20	12	0	156	175	299	139	158	341	0.34	22.3
TRINITY_DN4467_c0_g1_i1.p1	Spodoptera|XP_035433249.2	36.486	74	41	2	4	77	247	8	75	238	6.49e-07	39.3
TRINITY_DN4467_c0_g1_i1.p1	Spodoptera|XP_050559703.1	19.403	67	48	1	11	77	247	86	146	315	0.78	20.8
TRINITY_DN11680_c0_g1_i2.p1	Bmori|XP_062529457.1	26.087	46	25	2	24	60	251	34	79	326	0.65	21.2
TRINITY_DN7647_c0_g1_i2.p1	Spodoptera|XP_035433286.1	23.529	51	26	2	50	100	156	82	119	344	0.63	20.4
TRINITY_DN17480_c0_g1_i2.p1	Spodoptera|XP_035442818.1	34.146	41	24	3	306	345	621	139	177	390	0.56	22.7
TRINITY_DN7647_c0_g2_i2.p2	Spodoptera|XP_035436301.1	34.211	38	16	2	28	56	113	91	128	341	0.91	19.2
TRINITY_DN1149_c0_g1_i18.p1	Spodoptera|XP_035436301.1	27.500	40	28	1	236	274	889	68	107	341	0.91	22.7
TRINITY_DN2036_c4_g1_i5.p1	Spodoptera|XP_035436318.2	36.000	50	24	2	470	511	961	40	89	351	0.61	23.1
TRINITY_DN2036_c4_g1_i5.p1	Spodoptera|XP_050559196.1	33.333	66	36	2	470	527	961	40	105	304	0.70	23.1
TRINITY_DN64_c0_g1_i15.p1	Spodoptera|XP_050559703.1	24.074	54	40	1	18	71	568	100	152	315	0.41	23.1
TRINITY_DN4468_c0_g1_i13.p1	Bmori|XP_062524699.1	23.602	161	83	9	56	210	225	130	256	343	0.79	20.8
TRINITY_DN5937_c0_g1_i1.p1	Spodoptera|XP_050559193.1	28.571	42	26	1	53	94	182	4	41	349	0.65	20.4
TRINITY_DN4729_c1_g2_i1.p1	Spodoptera|XP_050559703.1	56.250	16	7	0	175	190	199	124	139	315	0.087	23.5
TRINITY_DN15736_c2_g1_i1.p2	Bmori|XP_062526415.1	34.483	29	18	1	78	106	155	3	30	277	0.43	20.8
TRINITY_DN15736_c2_g1_i1.p2	Bmori|XP_062526415.1	47.059	17	9	0	8	24	155	3	19	277	0.55	20.4
TRINITY_DN45229_c0_g1_i1.p1	Spodoptera|XP_050559196.1	20.896	67	50	1	18	81	297	233	299	304	0.071	24.3
TRINITY_DN223_c0_g1_i14.p1	Spodoptera|XP_050559191.1	26.667	105	66	4	350	451	1668	112	208	352	0.61	24.3
TRINITY_DN6176_c0_g1_i1.p1	Spodoptera|XP_050559193.1	30.769	26	18	0	89	114	247	77	102	349	0.53	21.2
TRINITY_DN16403_c0_g1_i1.p1	Spodoptera|XP_035433286.1	47.619	21	11	0	33	53	111	267	287	344	0.48	20.0
TRINITY_DN1170_c0_g1_i11.p1	Spodoptera|XP_050559191.1	23.148	108	55	5	40	144	222	216	298	352	0.099	23.5
TRINITY_DN4350_c0_g1_i4.p1	Spodoptera|XP_035433249.2	25.385	130	96	1	10	139	239	14	142	238	2.03e-06	37.7
TRINITY_DN4350_c0_g1_i4.p1	Spodoptera|XP_050559703.1	21.649	97	75	1	7	103	239	82	177	315	0.027	25.4
TRINITY_DN4350_c0_g1_i4.p1	Bmori|XP_062529457.1	35.000	40	19	2	3	41	239	186	219	326	0.18	22.7
TRINITY_DN4350_c0_g1_i4.p1	Bmori|XP_012550153.2	25.641	39	29	0	10	48	239	7	45	312	0.46	21.6
TRINITY_DN4350_c0_g1_i4.p1	Bmori|XP_004930400.2	35.294	17	11	0	150	166	239	5	21	346	0.65	20.8
TRINITY_DN1845_c0_g2_i1.p1	Bmori|XP_012550153.2	22.449	98	69	3	540	631	1043	69	165	312	0.40	23.9
TRINITY_DN1170_c0_g2_i10.p1	Spodoptera|XP_050559191.1	23.148	108	55	5	40	144	156	216	298	352	0.022	24.6
TRINITY_DN1170_c0_g2_i10.p1	Spodoptera|XP_035432672.2	47.368	19	10	0	103	121	156	3	21	327	0.95	19.6
TRINITY_DN922_c0_g1_i3.p1	Bmori|XP_037867392.1	25.556	90	57	3	146	234	381	171	251	395	0.41	22.3
TRINITY_DN922_c0_g1_i3.p1	Spodoptera|XP_050559703.1	34.483	29	19	0	13	41	381	144	172	315	0.66	21.6
TRINITY_DN41835_c0_g1_i1.p1	Spodoptera|XP_035433249.2	38.889	18	11	0	15	32	103	60	77	238	0.43	19.6
TRINITY_DN5379_c0_g1_i1.p1	Spodoptera|XP_035433286.1	32.500	40	23	2	165	201	694	42	80	344	0.76	22.3
TRINITY_DN12569_c0_g1_i9.p1	Bmori|XP_021206280.1	37.500	24	15	0	301	324	565	27	50	290	0.73	22.3
TRINITY_DN39_c0_g1_i5.p1	Bmori|XP_062527116.1	35.294	34	20	1	285	318	334	56	87	436	0.71	21.6
TRINITY_DN363_c0_g2_i1.p1	Bmori|XP_021206280.1	34.483	29	19	0	235	263	393	166	194	290	0.056	25.0
TRINITY_DN363_c0_g2_i1.p1	Spodoptera|XP_035432672.2	22.414	116	68	4	235	329	393	212	326	327	0.069	25.0
TRINITY_DN39_c0_g3_i2.p1	Bmori|XP_004930400.2	31.250	48	24	2	9	52	265	89	131	346	0.21	22.7
TRINITY_DN39_c0_g3_i2.p1	Bmori|XP_062526415.1	33.333	33	18	1	24	52	265	30	62	277	0.23	22.3
TRINITY_DN39_c0_g3_i2.p1	Bmori|XP_062526412.1	31.250	48	24	2	9	52	265	32	74	289	0.23	22.7
TRINITY_DN1985_c0_g1_i14.p1	Spodoptera|XP_050559193.1	30.769	39	26	1	77	114	514	8	46	349	0.23	23.9
TRINITY_DN31215_c0_g1_i1.p1	Spodoptera|XP_035433249.2	20.619	97	61	4	25	107	113	122	216	238	0.26	20.8
TRINITY_DN19862_c0_g1_i2.p1	Bmori|XP_062527116.1	33.333	30	18	1	75	102	103	186	215	436	0.026	23.5
TRINITY_DN42746_c0_g1_i1.p1	Bmori|XP_012551199.2	27.778	36	25	1	328	362	383	31	66	349	0.68	21.6
TRINITY_DN1511_c7_g1_i1.p1	Spodoptera|XP_050559703.1	23.529	85	53	1	420	504	1561	210	282	315	0.84	23.5
TRINITY_DN12428_c0_g1_i2.p1	Spodoptera|XP_035433286.1	29.167	24	17	0	100	123	137	99	122	344	0.42	20.4
TRINITY_DN38650_c0_g2_i1.p1	Spodoptera|XP_050559193.1	47.368	19	10	0	95	113	281	270	288	349	0.18	23.1
TRINITY_DN23003_c0_g1_i1.p1	Bmori|XP_037867392.1	40.541	74	44	0	23	96	126	51	124	395	5.69e-17	66.2
TRINITY_DN23003_c0_g1_i1.p1	Spodoptera|XP_035442818.1	35.211	71	46	0	26	96	126	50	120	390	4.00e-12	52.4
TRINITY_DN23003_c0_g1_i1.p1	Spodoptera|XP_035432548.2	36.000	25	16	0	72	96	126	18	42	311	0.50	20.0
TRINITY_DN3693_c0_g1_i1.p1	Bmori|XP_037869304.1	23.529	68	34	1	531	580	685	235	302	319	0.68	22.7
TRINITY_DN27933_c0_g1_i4.p1	Spodoptera|XP_050559193.1	52.632	19	9	0	136	154	230	85	103	349	0.80	20.8
TRINITY_DN1273_c2_g1_i3.p1	Spodoptera|XP_050559196.1	23.958	96	56	5	3	85	147	173	264	304	0.33	20.8
TRINITY_DN1273_c2_g1_i3.p1	Spodoptera|XP_035436318.2	23.158	95	58	4	3	85	147	173	264	351	0.39	20.8
TRINITY_DN22632_c1_g1_i15.p1	Spodoptera|XP_035432548.2	27.273	44	25	1	348	391	568	136	172	311	0.60	22.3
TRINITY_DN5523_c1_g1_i1.p1	Spodoptera|XP_050559191.1	50.000	16	8	0	58	73	134	106	121	352	0.86	19.6
TRINITY_DN6731_c0_g1_i11.p1	Spodoptera|XP_050549308.1	42.857	35	15	2	383	412	1082	218	252	431	0.10	26.2
TRINITY_DN6731_c0_g1_i11.p1	Bmori|XP_062527116.1	42.857	35	15	2	383	412	1082	221	255	436	0.12	25.8
TRINITY_DN6731_c0_g1_i11.p1	Bmori|XP_021206280.1	21.277	94	55	4	575	666	1082	127	203	290	0.58	23.5
TRINITY_DN3413_c0_g1_i39.p1	Bmori|XP_062527116.1	55.000	20	9	0	345	364	405	155	174	436	0.82	21.6
TRINITY_DN16799_c0_g1_i2.p1	Bmori|XP_062529457.1	23.392	171	94	9	360	496	582	47	214	326	0.77	22.3
TRINITY_DN16799_c0_g1_i2.p1	Bmori|XP_012550153.2	36.111	36	12	1	387	422	582	261	285	312	0.89	21.9
TRINITY_DN8581_c0_g1_i1.p1	Spodoptera|XP_035433249.2	27.119	59	39	2	168	223	1306	80	137	238	0.013	28.9
TRINITY_DN8300_c0_g2_i3.p1	Bmori|XP_004930400.2	35.556	45	23	3	82	125	199	6	45	346	0.19	22.3
TRINITY_DN5378_c0_g1_i3.p1	Spodoptera|XP_035435946.2	30.380	79	44	4	646	717	1713	94	168	344	0.012	29.6
TRINITY_DN5378_c0_g1_i3.p1	Spodoptera|XP_050559191.1	37.838	37	23	0	647	683	1713	95	131	352	0.67	23.9
TRINITY_DN45110_c0_g1_i1.p2	Bmori|XP_012550153.2	25.000	44	31	1	38	79	99	18	61	312	0.45	19.6
TRINITY_DN30419_c0_g1_i1.p1	Bmori|XP_012550153.2	45.833	24	10	1	17	40	107	136	156	312	0.67	19.2
TRINITY_DN8842_c1_g1_i1.p1	Spodoptera|XP_050559193.1	38.095	21	13	0	86	106	107	1	21	349	0.32	20.4
TRINITY_DN7645_c0_g1_i9.p1	Spodoptera|XP_035432548.2	35.000	20	13	0	537	556	631	51	70	311	0.88	21.9
TRINITY_DN55705_c0_g1_i1.p1	Spodoptera|XP_035436301.1	21.519	79	52	2	145	213	652	199	277	341	0.29	23.9
TRINITY_DN6709_c0_g1_i5.p1	Spodoptera|XP_035436318.2	31.250	32	22	0	5	36	131	311	342	351	0.16	21.6
TRINITY_DN6709_c0_g1_i5.p1	Spodoptera|XP_050559191.1	34.615	26	17	0	11	36	131	318	343	352	0.24	21.2
TRINITY_DN6709_c0_g1_i5.p1	Spodoptera|XP_050559197.1	24.242	33	25	0	4	36	131	301	333	343	0.65	20.0
TRINITY_DN6709_c0_g1_i5.p1	Spodoptera|XP_050559196.1	32.000	25	17	0	12	36	131	271	295	304	0.92	19.2
TRINITY_DN6709_c0_g1_i5.p1	Spodoptera|XP_035435946.2	25.000	32	24	0	5	36	131	304	335	344	0.95	19.2
TRINITY_DN6709_c0_g1_i5.p1	Spodoptera|XP_050559193.1	25.000	32	24	0	5	36	131	309	340	349	0.96	19.2
TRINITY_DN6034_c0_g2_i1.p1	Bmori|XP_012550153.2	26.506	83	53	3	348	422	508	218	300	312	0.82	21.9
TRINITY_DN10044_c0_g1_i2.p1	Spodoptera|XP_050559703.1	30.435	46	22	2	318	355	572	113	156	315	0.33	23.5
TRINITY_DN27375_c0_g1_i1.p1	Bmori|XP_037867392.1	29.091	55	38	1	65	119	271	339	392	395	0.91	20.8
TRINITY_DN20662_c0_g2_i2.p1	Spodoptera|XP_035435946.2	26.733	101	61	5	1	90	149	230	328	344	0.046	23.5
TRINITY_DN20662_c0_g2_i2.p1	Spodoptera|XP_050559191.1	42.857	21	11	1	71	90	149	316	336	352	0.41	20.8
TRINITY_DN20662_c0_g2_i2.p1	Bmori|XP_062524699.1	27.119	59	40	3	35	90	149	269	327	343	0.65	20.0
TRINITY_DN20662_c0_g2_i2.p1	Spodoptera|XP_050559193.1	43.750	16	9	0	74	89	149	316	331	349	0.75	20.0
TRINITY_DN20662_c0_g2_i2.p1	Bmori|XP_021206280.1	53.333	15	6	1	67	80	149	243	257	290	0.92	19.6
TRINITY_DN1570_c1_g1_i4.p1	Spodoptera|XP_035433249.2	30.769	39	25	1	372	410	432	156	192	238	0.11	24.3
TRINITY_DN10600_c0_g1_i1.p1	Spodoptera|XP_035432672.2	25.000	112	67	4	508	616	1010	170	267	327	0.048	26.9
TRINITY_DN10600_c0_g1_i1.p1	Spodoptera|XP_050559197.1	35.714	42	23	2	54	95	1010	112	149	343	0.14	25.4
TRINITY_DN762_c1_g1_i12.p1	Bmori|XP_004930400.2	30.000	40	28	0	652	691	744	44	83	346	0.32	23.9
TRINITY_DN762_c1_g1_i12.p1	Spodoptera|XP_050559196.1	28.947	38	27	0	654	691	744	48	85	304	0.37	23.5
TRINITY_DN762_c1_g1_i12.p1	Spodoptera|XP_035436318.2	28.947	38	27	0	654	691	744	48	85	351	0.52	23.1
TRINITY_DN762_c1_g1_i12.p1	Spodoptera|XP_050559191.1	30.435	46	30	1	658	701	744	51	96	352	0.55	23.1
TRINITY_DN10183_c0_g1_i61.p1	Spodoptera|XP_035433286.1	26.214	103	52	4	36	128	302	168	256	344	0.14	23.5
TRINITY_DN2046_c2_g1_i6.p1	Spodoptera|XP_050549308.1	40.625	32	18	1	366	396	556	156	187	431	0.52	22.7
TRINITY_DN5260_c0_g2_i1.p1	Spodoptera|XP_050559197.1	42.105	19	11	0	232	250	278	241	259	343	0.44	21.9
TRINITY_DN5237_c0_g1_i14.p1	Spodoptera|XP_050559193.1	27.711	83	51	3	239	314	2428	206	286	349	0.28	25.8
TRINITY_DN5237_c0_g2_i11.p1	Spodoptera|XP_050559193.1	27.711	83	51	3	239	314	2428	206	286	349	0.28	25.8
TRINITY_DN4324_c0_g1_i1.p3	Bmori|XP_062527116.1	50.000	22	4	1	41	55	123	356	377	436	0.92	19.2
TRINITY_DN23283_c0_g1_i4.p1	Spodoptera|XP_050549308.1	26.667	30	22	0	109	138	166	369	398	431	0.035	24.3
TRINITY_DN23283_c0_g1_i4.p1	Bmori|XP_062527116.1	25.926	27	20	0	112	138	166	375	401	436	0.13	22.7
TRINITY_DN1686_c1_g1_i11.p1	Bmori|XP_012551199.2	26.829	82	49	4	422	495	535	15	93	349	0.58	22.3
TRINITY_DN27909_c0_g1_i1.p1	Bmori|XP_062527116.1	19.672	61	49	0	108	168	234	59	119	436	0.69	20.8
TRINITY_DN29501_c0_g1_i1.p1	Spodoptera|XP_050559191.1	45.455	22	12	0	117	138	274	126	147	352	0.97	20.8
TRINITY_DN13920_c0_g1_i1.p1	Bmori|XP_037867392.1	52.941	17	8	0	318	334	782	305	321	395	0.16	25.0
TRINITY_DN13920_c0_g1_i1.p1	Spodoptera|XP_035432548.2	52.941	17	8	0	318	334	782	223	239	311	0.16	24.6
TRINITY_DN10042_c0_g1_i4.p1	Spodoptera|XP_035432672.2	19.091	110	74	4	84	180	284	201	308	327	0.76	21.2
TRINITY_DN9056_c1_g1_i2.p1	Bmori|XP_012550153.2	28.070	57	37	3	51	104	119	245	300	312	0.061	22.7
TRINITY_DN9056_c1_g1_i2.p1	Spodoptera|XP_035433286.1	53.846	13	6	0	51	63	119	306	318	344	0.33	20.4
TRINITY_DN9056_c1_g1_i2.p1	Bmori|XP_012551199.2	62.500	8	3	0	51	58	119	311	318	349	0.94	19.2
TRINITY_DN1959_c0_g4_i1.p1	Spodoptera|XP_050549308.1	21.277	47	24	1	194	227	232	117	163	431	0.46	21.6
TRINITY_DN1959_c0_g4_i1.p1	Bmori|XP_062527116.1	27.273	33	24	0	176	208	232	102	134	436	0.89	20.4
TRINITY_DN1959_c0_g4_i1.p1	Spodoptera|XP_035432672.2	28.947	38	27	0	68	105	232	290	327	327	0.96	20.4
TRINITY_DN338_c0_g1_i1.p1	Bmori|XP_062529457.1	18.947	95	68	3	19	106	150	200	292	326	0.34	21.2
TRINITY_DN14535_c1_g1_i1.p1	Spodoptera|XP_035433286.1	37.931	29	18	0	31	59	127	290	318	344	0.018	24.3
TRINITY_DN14535_c1_g1_i1.p1	Bmori|XP_012551199.2	38.889	18	11	0	42	59	127	306	323	349	0.98	19.2
TRINITY_DN2_c2_g1_i2.p1	Spodoptera|XP_035442818.1	53.846	13	6	0	36	48	206	296	308	390	0.29	21.9
TRINITY_DN2_c2_g1_i2.p1	Spodoptera|XP_035432548.2	41.935	31	12	2	22	48	206	203	231	311	0.39	21.6
TRINITY_DN2_c2_g1_i2.p1	Bmori|XP_021206280.1	22.727	44	34	0	48	91	206	194	237	290	0.41	21.2
TRINITY_DN12425_c0_g1_i1.p1	Spodoptera|XP_035436318.2	41.176	17	10	0	146	162	679	221	237	351	0.61	22.7
TRINITY_DN12425_c0_g1_i1.p1	Spodoptera|XP_050559196.1	41.176	17	10	0	146	162	679	221	237	304	0.76	22.3
TRINITY_DN7783_c0_g1_i1.p1	Bmori|XP_012551199.2	26.531	49	27	1	18	66	215	297	336	349	0.75	20.8
TRINITY_DN23956_c0_g1_i1.p2	Bmori|XP_037869304.1	51.852	27	8	2	34	55	108	292	318	319	0.91	18.9
TRINITY_DN7085_c0_g1_i1.p1	Spodoptera|XP_035433286.1	40.625	32	14	1	17	43	102	158	189	344	0.12	21.6
TRINITY_DN7085_c0_g1_i1.p1	Bmori|XP_021206280.1	39.130	23	14	0	17	39	102	101	123	290	0.31	20.4
TRINITY_DN30_c12_g1_i10.p2	Bmori|XP_021206280.1	23.438	64	48	1	4	67	149	70	132	290	0.85	19.6
TRINITY_DN6870_c0_g1_i1.p1	Bmori|XP_037869304.1	29.268	41	28	1	105	144	351	97	137	319	0.45	21.9
TRINITY_DN17593_c0_g2_i1.p1	Spodoptera|XP_035436318.2	32.558	43	26	1	91	130	162	266	308	351	0.088	23.1
TRINITY_DN6172_c0_g1_i5.p1	Spodoptera|XP_035433249.2	35.135	37	20	1	6	38	523	77	113	238	0.20	23.9
TRINITY_DN6149_c0_g1_i11.p1	Bmori|XP_021206280.1	24.561	57	40	1	132	185	348	149	205	290	0.17	23.5
TRINITY_DN6149_c0_g1_i11.p1	Spodoptera|XP_050559197.1	24.138	58	41	1	132	186	348	205	262	343	0.42	22.3
TRINITY_DN6149_c0_g1_i11.p1	Bmori|XP_062524699.1	24.561	57	40	1	132	185	348	206	262	343	0.54	21.9
TRINITY_DN6149_c0_g1_i11.p1	Bmori|XP_062526412.1	19.298	57	43	1	132	185	348	150	206	289	0.54	21.9
TRINITY_DN6149_c0_g1_i11.p1	Bmori|XP_004930400.2	19.298	57	43	1	132	185	348	207	263	346	0.54	21.9
TRINITY_DN6149_c0_g1_i11.p1	Bmori|XP_062526415.1	19.298	57	43	1	132	185	348	138	194	277	0.64	21.6
TRINITY_DN9329_c0_g1_i1.p1	Spodoptera|XP_035442818.1	61.538	13	5	0	86	98	221	372	384	390	0.90	20.4
TRINITY_DN5934_c0_g1_i11.p1	Bmori|XP_012550153.2	23.404	94	66	2	73	160	332	7	100	312	3.53e-06	38.1
TRINITY_DN5934_c0_g1_i11.p1	Spodoptera|XP_035433249.2	28.767	73	49	1	64	136	332	8	77	238	9.51e-05	33.5
TRINITY_DN5934_c0_g1_i11.p1	Spodoptera|XP_050559703.1	25.850	147	88	6	87	215	332	94	237	315	0.003	28.9
TRINITY_DN5934_c0_g1_i11.p1	Bmori|XP_012551199.2	24.211	95	54	3	225	302	332	248	341	349	0.13	23.9
TRINITY_DN24612_c0_g1_i1.p1	Bmori|XP_062524699.1	58.333	12	5	0	41	52	149	290	301	343	0.34	20.8
TRINITY_DN24612_c0_g1_i1.p1	Spodoptera|XP_035442818.1	25.490	51	36	1	94	144	149	106	154	390	0.50	20.4
TRINITY_DN3691_c0_g1_i15.p1	Spodoptera|XP_050549308.1	27.536	69	44	1	135	203	492	23	85	431	0.89	21.9
TRINITY_DN29082_c0_g1_i2.p1	Bmori|XP_012550153.2	36.364	22	14	0	10	31	138	50	71	312	0.30	20.8
TRINITY_DN3668_c0_g2_i1.p1	Spodoptera|XP_035432672.2	25.843	89	55	3	41	118	464	19	107	327	0.064	25.4
TRINITY_DN27233_c0_g3_i1.p1	Bmori|XP_037869304.1	29.231	65	39	1	96	153	188	60	124	319	0.45	21.2
TRINITY_DN20520_c0_g1_i1.p1	Spodoptera|XP_050559191.1	34.286	35	23	0	63	97	131	241	275	352	0.20	21.6
TRINITY_DN47632_c0_g1_i1.p1	Spodoptera|XP_035436301.1	44.000	25	14	0	35	59	177	107	131	341	0.39	21.2
TRINITY_DN6031_c0_g1_i2.p1	Spodoptera|XP_035442818.1	43.333	30	15	1	897	926	1109	352	379	390	0.21	25.0
TRINITY_DN6031_c0_g1_i2.p1	Spodoptera|XP_050559193.1	40.909	44	21	3	581	621	1109	121	162	349	0.43	23.9
TRINITY_DN10041_c0_g1_i1.p1	Bmori|XP_012551199.2	27.586	58	32	1	58	105	152	215	272	349	0.012	25.4
TRINITY_DN10041_c0_g1_i1.p1	Spodoptera|XP_035433286.1	47.059	17	9	0	58	74	152	211	227	344	0.39	20.8
TRINITY_DN10041_c0_g2_i14.p1	Bmori|XP_062524699.1	40.476	42	22	2	204	245	1385	258	296	343	0.29	25.0
TRINITY_DN2196_c0_g1_i2.p1	Bmori|XP_062524699.1	27.059	85	50	3	70	150	151	196	272	343	0.34	21.2
TRINITY_DN2196_c0_g1_i2.p1	Spodoptera|XP_035433249.2	26.506	83	55	2	59	135	151	91	173	238	0.77	20.0
TRINITY_DN5376_c0_g1_i1.p1	Spodoptera|XP_035436318.2	36.667	30	19	0	411	440	927	41	70	351	0.44	23.5
TRINITY_DN1958_c0_g1_i1.p1	Spodoptera|XP_035433249.2	30.952	84	56	2	15	96	281	14	97	238	5.23e-08	42.7
TRINITY_DN1958_c0_g1_i1.p1	Spodoptera|XP_050559703.1	30.508	59	41	0	12	70	281	82	140	315	1.29e-04	32.7
TRINITY_DN1958_c0_g1_i1.p1	Bmori|XP_012550153.2	40.541	37	22	0	235	271	281	201	237	312	0.002	29.3
TRINITY_DN1958_c0_g1_i1.p1	Bmori|XP_012550153.2	27.586	58	41	1	13	69	281	5	62	312	0.014	26.6
TRINITY_DN1958_c0_g1_i1.p1	Bmori|XP_037867392.1	32.353	34	23	0	228	261	281	48	81	395	0.13	23.5
TRINITY_DN1958_c0_g1_i1.p1	Spodoptera|XP_035433286.1	26.562	64	42	3	183	242	281	148	210	344	0.54	21.6
TRINITY_DN1958_c0_g1_i1.p1	Bmori|XP_062529457.1	24.348	115	59	5	182	269	281	137	250	326	0.63	21.2
TRINITY_DN1283_c0_g1_i4.p1	Bmori|XP_062524699.1	21.600	125	88	5	193	309	878	203	325	343	0.030	27.3
TRINITY_DN1283_c0_g1_i4.p1	Spodoptera|XP_035433286.1	38.710	31	18	1	281	311	878	292	321	344	0.16	25.0
TRINITY_DN1283_c0_g1_i4.p1	Spodoptera|XP_035433286.1	21.875	96	67	3	715	806	878	10	101	344	0.66	23.1
TRINITY_DN1283_c0_g1_i4.p1	Bmori|XP_012551199.2	38.095	21	13	0	291	311	878	306	326	349	0.45	23.5
TRINITY_DN1283_c0_g1_i4.p1	Bmori|XP_021206280.1	40.000	20	12	0	291	310	878	248	267	290	0.86	22.7
TRINITY_DN1283_c0_g1_i4.p1	Bmori|XP_012550153.2	29.412	51	30	1	173	217	878	127	177	312	0.86	22.7
TRINITY_DN51868_c0_g1_i1.p2	Bmori|XP_062529457.1	31.579	19	13	0	137	155	168	191	209	326	0.56	20.4
TRINITY_DN51868_c0_g1_i1.p2	Spodoptera|XP_035432672.2	38.889	18	11	0	138	155	168	191	208	327	0.95	19.6
TRINITY_DN48404_c0_g1_i1.p1	Spodoptera|XP_035436301.1	52.174	23	9	1	490	510	1480	52	74	341	0.17	25.8
TRINITY_DN1107_c2_g1_i1.p1	Spodoptera|XP_035442818.1	22.835	127	79	4	315	427	517	50	171	390	0.78	21.9
TRINITY_DN41389_c0_g1_i1.p1	Bmori|XP_004930400.2	25.000	60	40	2	56	110	135	271	330	346	0.069	22.7
TRINITY_DN41389_c0_g1_i1.p1	Bmori|XP_062526415.1	25.000	60	40	2	56	110	135	202	261	277	0.072	22.7
TRINITY_DN41389_c0_g1_i1.p1	Bmori|XP_062526412.1	25.000	60	40	2	56	110	135	214	273	289	0.076	22.7
TRINITY_DN41389_c0_g1_i1.p1	Spodoptera|XP_035432548.2	28.205	39	27	1	31	69	135	273	310	311	0.63	20.0
TRINITY_DN24454_c1_g1_i1.p1	Spodoptera|XP_050559703.1	33.333	54	36	0	12	65	316	86	139	315	5.13e-05	34.3
TRINITY_DN24454_c1_g1_i1.p1	Spodoptera|XP_035433249.2	25.000	120	83	3	12	130	316	15	128	238	0.009	27.3
TRINITY_DN24454_c1_g1_i1.p1	Bmori|XP_012550153.2	23.188	69	51	2	8	74	316	4	72	312	0.10	23.9
TRINITY_DN24454_c1_g1_i1.p1	Bmori|XP_037867392.1	18.261	115	75	3	88	194	316	79	182	395	0.20	23.1
TRINITY_DN37293_c0_g1_i2.p1	Spodoptera|XP_035436301.1	47.059	17	9	0	159	175	394	46	62	341	0.37	22.7
TRINITY_DN6432_c1_g1_i1.p1	Spodoptera|XP_050559197.1	25.000	68	36	4	99	160	486	201	259	343	0.55	22.3
TRINITY_DN5235_c0_g1_i10.p1	Spodoptera|XP_050549308.1	33.333	33	21	1	1156	1188	1192	325	356	431	0.40	24.3
TRINITY_DN3927_c1_g2_i1.p1	Bmori|XP_062529457.1	29.268	41	29	0	232	272	308	246	286	326	0.85	21.2
TRINITY_DN50000_c0_g1_i1.p1	Spodoptera|XP_035432672.2	26.582	79	44	3	2	66	109	234	312	327	0.004	25.8
TRINITY_DN50000_c0_g1_i1.p1	Bmori|XP_012551199.2	28.571	35	25	0	68	102	109	115	149	349	0.27	20.8
TRINITY_DN41807_c0_g1_i1.p1	Spodoptera|XP_050559193.1	30.612	49	31	1	1	46	118	163	211	349	0.021	23.9
TRINITY_DN41807_c0_g1_i1.p1	Spodoptera|XP_035436318.2	26.531	49	33	1	1	46	118	165	213	351	0.034	23.5
TRINITY_DN41807_c0_g1_i1.p1	Spodoptera|XP_050559196.1	26.531	49	33	1	1	46	118	165	213	304	0.038	23.1
TRINITY_DN41807_c0_g1_i1.p1	Spodoptera|XP_050559191.1	27.027	37	27	0	1	37	118	167	203	352	0.17	21.6
TRINITY_DN41807_c0_g1_i1.p1	Spodoptera|XP_035435946.2	27.027	37	27	0	1	37	118	158	194	344	0.28	20.8
TRINITY_DN32264_c0_g1_i1.p1	Bmori|XP_012551199.2	37.037	27	15	1	111	135	226	239	265	349	0.100	23.5
TRINITY_DN29081_c0_g2_i2.p1	Spodoptera|XP_050559193.1	33.898	59	34	2	29	85	202	119	174	349	0.37	21.6
TRINITY_DN7618_c0_g1_i1.p1	Bmori|XP_021206280.1	40.000	25	15	0	152	176	231	227	251	290	0.40	21.6
TRINITY_DN17451_c0_g1_i1.p1	Spodoptera|XP_035432672.2	27.586	58	39	1	44	101	254	273	327	327	0.11	23.5
TRINITY_DN17451_c0_g1_i1.p1	Spodoptera|XP_035436318.2	28.571	35	20	1	73	102	254	248	282	351	0.47	21.6
TRINITY_DN9210_c0_g1_i12.p1	Spodoptera|XP_035433286.1	28.814	59	32	4	1	51	326	71	127	344	0.21	23.1
TRINITY_DN9210_c0_g1_i12.p1	Spodoptera|XP_035432548.2	26.866	67	32	2	45	111	326	31	80	311	0.29	22.7
TRINITY_DN9210_c0_g1_i12.p1	Spodoptera|XP_050559197.1	29.787	47	21	2	221	267	326	290	324	343	0.49	21.9
TRINITY_DN9210_c0_g1_i12.p1	Spodoptera|XP_035432672.2	33.333	27	16	1	1	25	326	69	95	327	0.79	21.2
TRINITY_DN2195_c0_g1_i12.p1	Spodoptera|XP_035433286.1	40.000	20	12	0	86	105	258	183	202	344	0.98	20.4
TRINITY_DN1980_c0_g1_i1.p1	Spodoptera|XP_035432548.2	37.838	37	23	0	32	68	348	19	55	311	0.28	22.7
TRINITY_DN1980_c0_g1_i1.p1	Spodoptera|XP_050559197.1	39.130	23	14	0	243	265	348	190	212	343	0.96	21.2
TRINITY_DN153_c5_g1_i34.p1	Spodoptera|XP_050559193.1	30.769	26	18	0	24	49	671	206	231	349	0.83	22.3
TRINITY_DN41249_c0_g1_i1.p1	Bmori|XP_037867392.1	18.667	75	61	0	71	145	326	316	390	395	0.100	24.3
TRINITY_DN41249_c0_g1_i1.p1	Spodoptera|XP_050559703.1	23.256	43	33	0	263	305	326	105	147	315	0.54	21.6
TRINITY_DN55702_c0_g1_i1.p1	Bmori|XP_037867392.1	39.130	23	14	0	186	208	307	115	137	395	0.12	23.9
TRINITY_DN55702_c0_g1_i1.p1	Bmori|XP_062526415.1	30.000	40	21	1	29	68	307	169	201	277	0.18	23.1
TRINITY_DN55702_c0_g1_i1.p1	Bmori|XP_062526412.1	30.000	40	21	1	29	68	307	181	213	289	0.18	23.1
TRINITY_DN55702_c0_g1_i1.p1	Bmori|XP_004930400.2	30.000	40	21	1	29	68	307	238	270	346	0.20	23.1
TRINITY_DN9326_c0_g1_i3.p1	Bmori|XP_062527116.1	23.810	42	30	1	61	102	102	143	182	436	0.90	18.9
TRINITY_DN18921_c0_g1_i1.p1	Spodoptera|XP_050559703.1	24.409	127	78	7	1	117	1922	90	208	315	0.025	28.9
TRINITY_DN1804_c2_g2_i3.p1	Spodoptera|XP_035432672.2	23.913	92	66	2	187	274	1048	230	321	327	0.21	25.0
TRINITY_DN7500_c0_g1_i3.p1	Bmori|XP_062527116.1	50.000	12	6	0	108	119	130	420	431	436	0.35	20.8
TRINITY_DN7500_c0_g1_i3.p1	Spodoptera|XP_050559197.1	30.303	33	18	1	86	118	130	290	317	343	0.65	20.0
TRINITY_DN6147_c0_g1_i1.p1	Bmori|XP_062524699.1	24.638	69	42	1	17	75	433	59	127	343	0.58	21.9
TRINITY_DN6147_c0_g1_i1.p1	Bmori|XP_037867392.1	33.333	24	16	0	34	57	433	306	329	395	0.84	21.6
TRINITY_DN24610_c0_g1_i2.p1	Spodoptera|XP_035433249.2	38.462	26	15	1	467	492	538	38	62	238	0.70	21.9
TRINITY_DN15742_c0_g1_i3.p1	Bmori|XP_062527116.1	34.426	61	36	2	112	172	1011	52	108	436	0.071	26.6
TRINITY_DN15742_c0_g1_i3.p1	Spodoptera|XP_050559703.1	25.676	74	46	2	146	219	1011	250	314	315	0.54	23.5
TRINITY_DN3228_c1_g1_i1.p1	Spodoptera|XP_035432672.2	25.000	48	36	0	118	165	222	21	68	327	0.064	23.9
TRINITY_DN3228_c1_g1_i1.p1	Bmori|XP_062529457.1	24.211	95	61	1	118	201	222	21	115	326	0.65	20.8
TRINITY_DN21407_c0_g1_i8.p1	Bmori|XP_037869304.1	28.125	64	37	3	210	272	434	35	90	319	0.074	25.0
TRINITY_DN21407_c0_g1_i8.p1	Spodoptera|XP_035436301.1	24.706	85	54	4	210	292	434	54	130	341	0.076	25.0
TRINITY_DN1141_c0_g1_i24.p1	Bmori|XP_062527116.1	26.733	101	63	4	455	551	926	332	425	436	0.27	24.3
TRINITY_DN1399_c0_g1_i40.p1	Spodoptera|XP_035436318.2	30.303	33	23	0	320	352	463	20	52	351	0.87	21.6
TRINITY_DN1399_c0_g1_i40.p1	Spodoptera|XP_050559196.1	34.483	29	19	0	324	352	463	24	52	304	0.97	21.6
TRINITY_DN9466_c0_g1_i2.p1	Spodoptera|XP_035436301.1	23.810	42	32	0	52	93	206	215	256	341	0.26	21.9
TRINITY_DN11650_c0_g1_i1.p1	Bmori|XP_062527116.1	28.571	35	22	1	19	50	163	376	410	436	0.39	21.2
TRINITY_DN11650_c0_g1_i1.p1	Spodoptera|XP_050549308.1	32.000	25	17	0	19	43	163	373	397	431	0.77	20.0
TRINITY_DN334_c0_g1_i1.p1	Spodoptera|XP_035442818.1	53.846	13	6	0	12	24	111	231	243	390	0.65	19.6
TRINITY_DN12679_c0_g1_i1.p1	Bmori|XP_037867392.1	33.333	36	24	0	275	310	764	308	343	395	0.76	22.7
TRINITY_DN1956_c0_g2_i2.p1	Bmori|XP_062529457.1	47.059	17	9	0	113	129	286	63	79	326	0.97	20.8
TRINITY_DN34_c0_g1_i1.p1	Spodoptera|XP_035433249.2	22.404	183	101	5	4	163	191	40	204	238	8.13e-08	41.2
TRINITY_DN34_c0_g1_i1.p1	Spodoptera|XP_050559703.1	34.831	89	44	5	5	91	191	112	188	315	1.28e-06	38.1
TRINITY_DN34_c0_g1_i1.p1	Bmori|XP_012550153.2	26.613	124	76	4	5	113	191	20	143	312	1.44e-05	34.7
TRINITY_DN34_c0_g3_i1.p1	Bmori|XP_037867392.1	41.935	31	17	1	346	375	440	51	81	395	0.35	22.7
TRINITY_DN10155_c0_g1_i1.p1	Spodoptera|XP_050559196.1	32.500	40	26	1	190	229	407	244	282	304	0.59	21.9
TRINITY_DN4577_c0_g1_i1.p1	Spodoptera|XP_035436318.2	33.333	39	24	2	73	110	330	202	239	351	0.039	25.4
TRINITY_DN4577_c0_g1_i1.p1	Spodoptera|XP_050559196.1	33.333	39	24	2	73	110	330	202	239	304	0.042	25.4
TRINITY_DN5931_c0_g1_i2.p1	Bmori|XP_062529457.1	35.135	37	21	1	183	216	264	184	220	326	0.53	21.6
TRINITY_DN15741_c0_g1_i3.p1	Spodoptera|XP_035435946.2	36.000	25	16	0	255	279	532	148	172	344	0.13	24.6
TRINITY_DN2407_c5_g1_i11.p1	Spodoptera|XP_035435946.2	32.432	37	20	2	115	146	199	26	62	344	0.27	21.9
TRINITY_DN2407_c5_g1_i11.p1	Bmori|XP_062526415.1	33.333	39	18	2	124	162	199	110	140	277	0.62	20.8
TRINITY_DN2407_c5_g1_i11.p1	Bmori|XP_062526412.1	28.205	39	20	1	124	162	199	122	152	289	0.67	20.4
TRINITY_DN2407_c5_g1_i11.p1	Bmori|XP_004930400.2	28.205	39	20	1	124	162	199	179	209	346	0.68	20.8
TRINITY_DN2407_c5_g1_i11.p1	Bmori|XP_012551199.2	46.667	15	8	0	124	138	199	182	196	349	0.93	20.0
TRINITY_DN1140_c0_g1_i10.p1	Spodoptera|XP_035435946.2	24.242	99	64	4	306	393	493	8	106	344	0.96	21.6
TRINITY_DN1117_c0_g1_i2.p1	Bmori|XP_012550153.2	36.000	25	16	0	149	173	246	16	40	312	0.28	21.9
TRINITY_DN43793_c0_g1_i1.p1	Spodoptera|XP_050559703.1	24.731	93	61	2	4	87	109	13	105	315	0.031	23.5
TRINITY_DN22481_c0_g1_i1.p1	Spodoptera|XP_050559197.1	40.741	27	15	1	14	39	257	70	96	343	0.52	21.6
TRINITY_DN22481_c0_g1_i1.p1	Bmori|XP_062529457.1	26.786	56	41	0	85	140	257	103	158	326	0.95	20.4
TRINITY_DN9465_c0_g2_i1.p1	Spodoptera|XP_035442818.1	26.087	23	17	0	49	71	176	101	123	390	0.91	20.0
TRINITY_DN20632_c0_g1_i1.p1	Spodoptera|XP_050549308.1	35.000	20	13	0	89	108	442	19	38	431	0.75	21.9
TRINITY_DN38738_c0_g1_i1.p1	Bmori|XP_021206280.1	22.759	145	88	6	186	326	362	57	181	290	0.20	23.1
TRINITY_DN6005_c0_g1_i11.p1	Spodoptera|XP_050559191.1	26.562	64	39	2	553	615	739	278	334	352	0.68	22.7
TRINITY_DN6005_c0_g1_i11.p1	Spodoptera|XP_050559197.1	38.095	21	13	0	11	31	739	23	43	343	0.84	22.3
TRINITY_DN6005_c0_g1_i11.p1	Bmori|XP_021206280.1	23.404	47	25	1	557	592	739	5	51	290	0.98	22.3
TRINITY_DN2193_c0_g1_i1.p1	Bmori|XP_062529457.1	42.105	19	11	0	15	33	104	225	243	326	0.052	22.7
TRINITY_DN12420_c0_g1_i1.p1	Spodoptera|XP_050559196.1	29.412	51	32	1	369	419	472	102	148	304	0.78	21.9
TRINITY_DN12420_c0_g1_i1.p1	Spodoptera|XP_035436318.2	29.412	51	32	1	369	419	472	102	148	351	0.95	21.6
TRINITY_DN9190_c1_g1_i4.p1	Spodoptera|XP_035442818.1	24.138	29	22	0	52	80	134	343	371	390	0.80	19.6
TRINITY_DN33709_c0_g1_i1.p1	Bmori|XP_062524699.1	25.373	67	43	2	208	267	268	252	318	343	0.33	21.9
TRINITY_DN18478_c0_g1_i1.p1	Spodoptera|XP_035442818.1	26.562	64	35	2	190	243	320	101	162	390	0.23	23.1
TRINITY_DN11067_c0_g1_i1.p1	Spodoptera|XP_035435946.2	41.026	39	19	2	167	205	335	237	271	344	0.87	21.2
TRINITY_DN6842_c0_g3_i1.p1	Spodoptera|XP_050559193.1	30.882	68	37	3	64	131	147	236	293	349	0.17	21.9
TRINITY_DN6819_c0_g1_i1.p1	Spodoptera|XP_035436301.1	29.167	48	30	2	63	110	303	214	257	341	0.55	21.6
TRINITY_DN36353_c0_g1_i1.p1	Spodoptera|XP_035432672.2	30.189	53	36	1	22	73	153	203	255	327	0.63	20.0
TRINITY_DN3767_c2_g1_i3.p1	Spodoptera|XP_035433249.2	31.915	47	31	1	114	159	766	107	153	238	0.56	23.1
TRINITY_DN14386_c0_g1_i1.p1	Bmori|XP_021206280.1	20.000	65	41	1	231	284	336	177	241	290	0.71	21.6
TRINITY_DN59909_c0_g1_i1.p1	Bmori|XP_062529457.1	30.357	56	35	1	69	120	150	113	168	326	0.42	20.8
TRINITY_DN3663_c0_g1_i2.p1	Bmori|XP_062527116.1	35.849	53	30	2	576	625	714	231	282	436	0.039	26.6
TRINITY_DN3663_c0_g1_i2.p1	Spodoptera|XP_050549308.1	33.962	53	31	2	576	625	714	228	279	431	0.13	25.0
TRINITY_DN34785_c0_g1_i1.p1	Bmori|XP_012550153.2	40.000	20	12	0	68	87	144	131	150	312	0.31	21.2
TRINITY_DN8550_c0_g3_i1.p1	Bmori|XP_037869304.1	31.915	47	26	2	10	50	147	143	189	319	0.91	19.6
TRINITY_DN8550_c0_g3_i1.p1	Spodoptera|XP_050549308.1	36.000	25	16	0	84	108	147	254	278	431	0.95	19.6
TRINITY_DN5209_c0_g1_i1.p1	Bmori|XP_021206280.1	29.167	48	29	2	46	89	335	38	84	290	0.82	21.2
TRINITY_DN1814_c0_g1_i12.p1	Spodoptera|XP_035436301.1	30.612	49	30	2	13	61	994	273	317	341	0.53	23.5
TRINITY_DN15042_c0_g1_i2.p1	Spodoptera|XP_035442818.1	28.571	28	20	0	9	36	161	100	127	390	0.55	20.4
TRINITY_DN42019_c0_g1_i1.p1	Spodoptera|XP_035442818.1	25.843	89	59	3	21	104	577	55	141	390	0.75	22.3
TRINITY_DN1116_c0_g1_i24.p1	Bmori|XP_062527116.1	29.167	48	31	1	353	400	443	375	419	436	0.35	22.7
TRINITY_DN6284_c0_g1_i1.p1	Spodoptera|XP_035432672.2	41.176	17	10	0	1	17	122	66	82	327	0.86	19.2
TRINITY_DN37823_c0_g1_i1.p1	Spodoptera|XP_035433286.1	28.846	52	30	2	56	100	100	64	115	344	0.63	19.2
TRINITY_DN10013_c0_g1_i1.p1	Bmori|XP_021206280.1	47.059	17	9	0	179	195	195	179	195	290	0.56	20.8
TRINITY_DN5371_c0_g1_i2.p1	Bmori|XP_062527116.1	23.077	39	30	0	60	98	284	207	245	436	0.14	23.5
TRINITY_DN5371_c0_g1_i2.p1	Spodoptera|XP_050549308.1	25.000	48	30	1	57	98	284	195	242	431	0.48	21.6
TRINITY_DN19949_c0_g1_i1.p1	Bmori|XP_062526412.1	28.000	50	31	1	643	692	880	159	203	289	0.47	23.5
TRINITY_DN19949_c0_g1_i1.p1	Bmori|XP_004930400.2	28.000	50	31	1	643	692	880	216	260	346	0.58	23.1
TRINITY_DN19949_c0_g1_i1.p1	Bmori|XP_062526415.1	28.000	50	31	1	643	692	880	147	191	277	0.66	23.1
TRINITY_DN36493_c0_g1_i1.p1	Bmori|XP_004930400.2	35.000	20	13	0	107	126	287	15	34	346	0.69	21.2
TRINITY_DN36493_c0_g2_i1.p1	Spodoptera|XP_050559193.1	24.324	111	66	4	283	379	516	196	302	349	0.030	26.6
TRINITY_DN36493_c0_g2_i1.p1	Spodoptera|XP_035442818.1	26.667	60	41	1	331	387	516	305	364	390	0.18	23.9
TRINITY_DN36493_c0_g2_i1.p1	Bmori|XP_062524699.1	36.000	25	16	0	457	481	516	265	289	343	0.61	22.3
TRINITY_DN1255_c0_g1_i17.p1	Spodoptera|XP_035432548.2	30.952	42	26	1	289	327	1256	205	246	311	0.56	23.9
TRINITY_DN1255_c0_g1_i17.p1	Spodoptera|XP_035442818.1	25.000	60	39	1	269	322	1256	256	315	390	0.64	23.5
TRINITY_DN4435_c0_g1_i10.p1	Bmori|XP_062529457.1	34.615	26	17	0	64	89	224	4	29	326	0.58	21.2
TRINITY_DN4435_c0_g1_i10.p1	Spodoptera|XP_050559193.1	33.333	24	15	1	65	87	224	9	32	349	0.71	20.8
TRINITY_DN29869_c0_g1_i1.p1	Spodoptera|XP_035436318.2	40.741	27	16	0	42	68	135	305	331	351	0.030	23.9
TRINITY_DN29869_c0_g1_i1.p1	Spodoptera|XP_050559191.1	40.741	27	15	1	42	68	135	307	332	352	0.055	23.1
TRINITY_DN29869_c0_g1_i1.p1	Spodoptera|XP_050559193.1	24.000	50	32	1	26	75	135	293	336	349	0.072	22.7
TRINITY_DN29869_c0_g1_i1.p1	Spodoptera|XP_050559196.1	32.500	40	21	2	35	68	135	245	284	304	0.44	20.4
TRINITY_DN6702_c0_g1_i1.p1	Bmori|XP_037867392.1	41.667	36	17	2	202	233	455	121	156	395	0.38	22.7
TRINITY_DN8114_c1_g4_i1.p1	Bmori|XP_021206280.1	25.862	58	36	2	393	448	534	131	183	290	0.52	22.7
TRINITY_DN40309_c0_g2_i1.p1	Spodoptera|XP_035432672.2	25.532	47	34	1	21	67	113	209	254	327	0.19	21.2
TRINITY_DN2192_c0_g1_i3.p1	Spodoptera|XP_035433286.1	26.230	61	43	1	650	708	1151	241	301	344	0.57	23.5
TRINITY_DN7754_c0_g1_i7.p1	Spodoptera|XP_035436301.1	54.545	11	5	0	87	97	105	319	329	341	0.99	18.9
TRINITY_DN3661_c0_g1_i1.p1	Spodoptera|XP_035433249.2	22.078	77	55	1	625	701	771	95	166	238	0.96	22.3
TRINITY_DN5230_c0_g1_i1.p1	Bmori|XP_062529457.1	60.000	15	6	0	714	728	856	305	319	326	0.35	23.9
TRINITY_DN5488_c0_g3_i1.p1	Bmori|XP_021206280.1	38.889	36	19	1	332	364	617	212	247	290	0.39	23.1
TRINITY_DN23253_c0_g1_i1.p1	Bmori|XP_037867392.1	30.952	42	25	1	1211	1248	1834	210	251	395	0.62	24.3
TRINITY_DN23253_c0_g1_i1.p1	Bmori|XP_062527116.1	28.889	45	26	1	960	998	1834	311	355	436	0.67	24.3
TRINITY_DN28815_c0_g1_i1.p1	Spodoptera|XP_050559703.1	50.000	18	9	0	45	62	350	138	155	315	0.59	21.6
TRINITY_DN2051_c0_g1_i4.p1	Bmori|XP_012550153.2	37.500	32	17	1	45	76	163	239	267	312	0.77	20.0
TRINITY_DN30668_c0_g1_i1.p1	Bmori|XP_037867392.1	25.532	47	28	2	19	60	153	316	360	395	0.52	20.4
TRINITY_DN2051_c0_g2_i2.p1	Spodoptera|XP_035433249.2	25.806	62	46	0	51	112	319	15	76	238	5.73e-05	33.9
TRINITY_DN2051_c0_g2_i2.p1	Bmori|XP_012550153.2	19.149	94	68	2	47	132	319	4	97	312	0.001	30.0
TRINITY_DN2051_c0_g3_i1.p1	Spodoptera|XP_050559193.1	25.000	64	46	2	16	77	170	143	206	349	0.42	20.8
TRINITY_DN2051_c0_g3_i1.p1	Spodoptera|XP_050549308.1	31.373	51	31	2	44	93	170	311	358	431	0.67	20.4
TRINITY_DN1813_c0_g2_i3.p1	Spodoptera|XP_050559196.1	27.451	51	28	1	238	288	761	186	227	304	0.057	26.2
TRINITY_DN1813_c0_g2_i3.p1	Spodoptera|XP_035436318.2	27.451	51	28	1	238	288	761	186	227	351	0.080	25.8
TRINITY_DN1813_c0_g2_i3.p1	Bmori|XP_062526412.1	34.483	29	19	0	499	527	761	216	244	289	0.62	22.7
TRINITY_DN1813_c0_g2_i3.p1	Bmori|XP_062526415.1	34.483	29	19	0	499	527	761	204	232	277	0.66	22.7
TRINITY_DN1813_c0_g2_i3.p1	Bmori|XP_004930400.2	34.483	29	19	0	499	527	761	273	301	346	0.69	22.7
TRINITY_DN26549_c0_g1_i5.p1	Bmori|XP_062524699.1	53.846	13	6	0	32	44	145	43	55	343	0.22	21.6
TRINITY_DN26549_c0_g1_i5.p1	Bmori|XP_021206280.1	33.333	27	18	0	44	70	145	132	158	290	0.44	20.4
TRINITY_DN14105_c0_g1_i1.p1	Spodoptera|XP_035433249.2	42.857	14	8	0	181	194	410	19	32	238	0.83	21.6
TRINITY_DN174_c1_g1_i1.p1	Bmori|XP_037867392.1	41.176	17	10	0	196	212	213	317	333	395	0.24	22.3
TRINITY_DN174_c1_g1_i1.p1	Bmori|XP_062529457.1	21.818	55	43	0	92	146	213	259	313	326	0.96	20.4
TRINITY_DN13588_c0_g2_i10.p1	Spodoptera|XP_035442818.1	29.787	47	32	1	228	274	488	308	353	390	0.43	22.7
TRINITY_DN1929_c0_g1_i1.p1	Bmori|XP_062529457.1	24.242	33	25	0	366	398	511	194	226	326	0.52	22.3
TRINITY_DN1929_c0_g1_i1.p1	Spodoptera|XP_035432672.2	21.875	32	25	0	366	397	511	193	224	327	0.82	21.9
TRINITY_DN15157_c0_g1_i3.p1	Spodoptera|XP_050549308.1	45.833	24	12	1	174	196	407	190	213	431	0.81	21.6
TRINITY_DN4434_c0_g1_i1.p1	Bmori|XP_062527116.1	28.070	57	31	1	271	317	411	38	94	436	0.80	21.6
TRINITY_DN30_c0_g2_i1.p1	Spodoptera|XP_050559191.1	48.000	25	13	0	857	881	1004	326	350	352	0.072	26.2
TRINITY_DN30_c0_g2_i1.p1	Spodoptera|XP_035436318.2	44.000	25	14	0	857	881	1004	325	349	351	0.49	23.5
TRINITY_DN30_c0_g2_i1.p1	Spodoptera|XP_050559196.1	44.000	25	14	0	857	881	1004	278	302	304	0.64	23.1
TRINITY_DN30_c0_g2_i1.p1	Spodoptera|XP_035435946.2	40.000	25	15	0	857	881	1004	318	342	344	0.73	23.1
TRINITY_DN20630_c0_g4_i1.p1	Spodoptera|XP_035433249.2	34.615	26	17	0	19	44	112	28	53	238	0.78	19.2
TRINITY_DN20630_c0_g4_i1.p1	Bmori|XP_062529457.1	30.769	52	25	3	30	70	112	29	80	326	0.96	18.9
TRINITY_DN9579_c0_g2_i1.p1	Spodoptera|XP_035442818.1	36.842	19	12	0	100	118	127	237	255	390	0.64	20.0
TRINITY_DN4573_c0_g1_i1.p1	Spodoptera|XP_050559191.1	50.000	12	6	0	71	82	208	186	197	352	0.84	20.4
TRINITY_DN4573_c0_g1_i1.p1	Spodoptera|XP_035435946.2	50.000	12	6	0	71	82	208	177	188	344	0.96	20.0
TRINITY_DN7753_c0_g1_i33.p1	Spodoptera|XP_050559703.1	34.615	26	17	0	214	239	610	182	207	315	0.99	21.9
TRINITY_DN11763_c0_g1_i1.p1	Bmori|XP_037869304.1	38.462	26	16	0	189	214	513	46	71	319	0.22	23.9
TRINITY_DN11763_c0_g1_i1.p1	Spodoptera|XP_035436301.1	38.462	26	16	0	189	214	513	65	90	341	0.33	23.1
TRINITY_DN59231_c0_g1_i1.p1	Bmori|XP_037867392.1	25.352	71	46	2	291	361	1187	109	172	395	0.55	23.9
TRINITY_DN59231_c0_g1_i1.p1	Spodoptera|XP_035442818.1	50.000	18	9	0	327	344	1187	135	152	390	0.69	23.5
TRINITY_DN23228_c0_g1_i1.p1	Spodoptera|XP_050559703.1	24.528	53	36	1	388	440	442	242	290	315	0.28	23.1
TRINITY_DN8229_c1_g1_i2.p1	Bmori|XP_037867392.1	26.316	57	39	2	101	154	284	48	104	395	0.006	27.7
TRINITY_DN19132_c0_g1_i4.p1	Bmori|XP_062529457.1	26.471	34	25	0	7	40	173	231	264	326	0.34	21.2
TRINITY_DN10129_c0_g1_i1.p1	Spodoptera|XP_050549308.1	29.730	37	22	1	13	45	132	290	326	431	0.005	26.2
TRINITY_DN10129_c0_g1_i1.p1	Bmori|XP_062527116.1	27.027	37	23	1	13	45	132	293	329	436	0.060	23.1
TRINITY_DN80_c9_g1_i1.p1	Spodoptera|XP_035433249.2	43.478	23	12	1	458	480	539	191	212	238	0.68	21.9
TRINITY_DN2026_c0_g1_i1.p1	Spodoptera|XP_035433286.1	38.710	31	19	0	221	251	334	101	131	344	0.27	22.7
TRINITY_DN5206_c0_g1_i2.p1	Bmori|XP_062526415.1	26.667	60	40	2	103	161	329	4	60	277	0.72	21.2
TRINITY_DN12378_c1_g1_i1.p1	Bmori|XP_021206280.1	27.586	29	21	0	42	70	244	21	49	290	0.82	20.8
TRINITY_DN3638_c0_g1_i2.p1	Bmori|XP_037867392.1	30.769	26	16	1	88	111	220	50	75	395	0.65	20.8
TRINITY_DN9438_c0_g1_i16.p1	Spodoptera|XP_035433249.2	34.146	41	24	1	908	948	1612	90	127	238	0.089	26.6
TRINITY_DN19946_c0_g1_i2.p1	Bmori|XP_012551199.2	42.857	21	12	0	279	299	398	228	248	349	0.063	25.0
TRINITY_DN24023_c0_g1_i4.p1	Spodoptera|XP_050559191.1	41.667	24	13	1	80	103	127	303	325	352	0.77	19.6
TRINITY_DN2050_c0_g3_i2.p1	Spodoptera|XP_050559197.1	19.672	61	46	1	349	406	548	268	328	343	0.91	21.9
TRINITY_DN1812_c0_g1_i10.p1	Spodoptera|XP_035432672.2	36.364	22	14	0	204	225	639	210	231	327	0.60	22.7
TRINITY_DN7612_c0_g1_i1.p1	Bmori|XP_037867392.1	47.368	19	10	0	5	23	578	296	314	395	0.29	23.5
TRINITY_DN7612_c0_g1_i1.p1	Spodoptera|XP_035432548.2	42.105	19	11	0	5	23	578	214	232	311	0.70	22.3
TRINITY_DN50368_c0_g1_i1.p1	Bmori|XP_012551199.2	26.829	41	29	1	59	99	142	300	339	349	0.94	19.6
TRINITY_DN55953_c0_g1_i1.p1	Spodoptera|XP_050559191.1	34.615	26	17	0	88	113	199	327	352	352	0.44	21.2
TRINITY_DN9577_c0_g1_i1.p1	Spodoptera|XP_035442818.1	34.615	26	17	0	52	77	114	41	66	390	0.44	20.0
TRINITY_DN587_c0_g4_i1.p1	Bmori|XP_037867392.1	32.075	53	32	2	62	111	697	335	386	395	0.72	22.7
TRINITY_DN3079_c0_g1_i13.p1	Spodoptera|XP_035432672.2	27.273	77	46	3	70	146	423	254	320	327	0.002	30.0
TRINITY_DN42156_c0_g1_i1.p1	Bmori|XP_004930400.2	25.862	58	33	1	30	87	119	77	124	346	0.73	19.6
TRINITY_DN42156_c0_g1_i1.p1	Bmori|XP_062526415.1	25.862	58	33	1	30	87	119	8	55	277	0.82	19.2
TRINITY_DN42156_c0_g1_i1.p1	Bmori|XP_062526412.1	25.862	58	33	1	30	87	119	20	67	289	0.82	19.2
TRINITY_DN36491_c0_g2_i1.p1	Bmori|XP_062527116.1	40.000	20	12	0	210	229	407	297	316	436	0.62	21.9
TRINITY_DN36491_c0_g2_i1.p1	Spodoptera|XP_035432548.2	20.000	80	48	3	240	315	407	16	83	311	0.98	21.2
TRINITY_DN36468_c0_g1_i1.p1	Bmori|XP_004930400.2	64.286	14	5	0	92	105	110	5	18	346	0.20	21.2
TRINITY_DN11063_c0_g1_i2.p1	Spodoptera|XP_035442818.1	28.866	97	54	5	746	841	1584	47	129	390	0.74	23.9
TRINITY_DN307_c0_g1_i1.p1	Bmori|XP_062527116.1	34.146	41	20	3	44	79	175	227	265	436	0.48	20.8
TRINITY_DN307_c0_g1_i1.p1	Spodoptera|XP_050549308.1	34.146	41	20	3	44	79	175	224	262	431	0.52	20.8
TRINITY_DN20189_c0_g1_i1.p1	Spodoptera|XP_035432672.2	45.000	20	11	0	486	505	549	35	54	327	0.10	25.0
TRINITY_DN10150_c0_g1_i1.p1	Spodoptera|XP_050559197.1	50.000	18	9	0	274	291	303	129	146	343	0.53	21.6
TRINITY_DN3468_c3_g1_i3.p1	Spodoptera|XP_050559191.1	33.333	36	24	0	420	455	637	114	149	352	0.32	23.5
TRINITY_DN13307_c0_g2_i16.p1	Spodoptera|XP_050559197.1	52.941	17	7	1	2	18	481	94	109	343	0.80	21.9
TRINITY_DN4572_c0_g1_i3.p1	Bmori|XP_037869304.1	40.909	22	13	0	117	138	153	39	60	319	0.65	20.0
TRINITY_DN7752_c0_g1_i15.p1	Spodoptera|XP_035432672.2	28.788	66	36	4	239	294	408	30	94	327	0.29	23.1
TRINITY_DN41382_c0_g1_i2.p1	Bmori|XP_062529457.1	43.478	23	13	0	66	88	633	136	158	326	0.40	23.1
TRINITY_DN4549_c0_g1_i9.p1	Spodoptera|XP_035436301.1	32.000	25	17	0	28	52	227	62	86	341	0.73	20.8
TRINITY_DN4549_c0_g1_i9.p1	Bmori|XP_037869304.1	32.000	25	17	0	28	52	227	43	67	319	0.81	20.4
TRINITY_DN59230_c0_g1_i2.p1	Spodoptera|XP_035436318.2	34.615	52	33	1	531	582	638	255	305	351	0.20	24.3
TRINITY_DN59230_c0_g1_i2.p1	Spodoptera|XP_050559193.1	37.209	43	26	1	532	574	638	254	295	349	0.71	22.3
TRINITY_DN59230_c0_g1_i2.p1	Bmori|XP_062527116.1	36.667	30	19	0	182	211	638	134	163	436	0.98	21.9
TRINITY_DN6816_c0_g1_i13.p1	Spodoptera|XP_035436318.2	28.070	57	29	3	185	237	518	208	256	351	0.27	23.5
TRINITY_DN6816_c0_g1_i13.p1	Spodoptera|XP_050559196.1	28.070	57	29	3	185	237	518	208	256	304	0.30	23.1
TRINITY_DN6816_c0_g1_i13.p1	Spodoptera|XP_050559193.1	34.694	49	25	3	308	349	518	230	278	349	0.36	23.1
TRINITY_DN6118_c0_g1_i1.p1	Spodoptera|XP_035432548.2	28.571	28	19	1	193	220	442	39	65	311	0.94	21.6
TRINITY_DN1810_c0_g2_i1.p1	Spodoptera|XP_035432672.2	31.034	29	20	0	5	33	158	242	270	327	0.51	20.4
TRINITY_DN1393_c0_g1_i11.p1	Spodoptera|XP_035442818.1	28.261	46	28	2	629	674	734	146	186	390	0.47	23.1
TRINITY_DN35414_c0_g1_i1.p1	Spodoptera|XP_035433249.2	39.130	23	7	1	61	76	110	40	62	238	0.53	19.6
TRINITY_DN35414_c0_g1_i1.p1	Bmori|XP_062526412.1	25.000	24	18	0	57	80	110	153	176	289	0.68	19.2
TRINITY_DN35414_c0_g1_i1.p1	Bmori|XP_062526415.1	25.000	24	18	0	57	80	110	141	164	277	0.75	19.2
TRINITY_DN35414_c0_g1_i1.p1	Spodoptera|XP_050559197.1	25.926	27	20	0	57	83	110	208	234	343	0.81	19.2
TRINITY_DN264_c5_g1_i12.p1	Bmori|XP_012551199.2	43.333	30	13	2	100	125	313	268	297	349	0.91	20.8
TRINITY_DN10965_c0_g2_i1.p1	Spodoptera|XP_035433249.2	40.000	30	18	0	427	456	462	124	153	238	0.86	21.6
TRINITY_DN5344_c0_g1_i1.p1	Bmori|XP_012550153.2	40.541	37	19	3	187	222	311	124	158	312	0.19	23.1
TRINITY_DN19247_c0_g1_i1.p1	Spodoptera|XP_050559191.1	23.913	46	35	0	4	49	109	158	203	352	0.55	19.6
TRINITY_DN19247_c0_g1_i1.p1	Spodoptera|XP_035442818.1	23.684	38	24	1	3	35	109	221	258	390	0.77	19.2
TRINITY_DN14644_c1_g2_i2.p1	Bmori|XP_062524699.1	29.268	41	29	0	12	52	205	136	176	343	0.39	21.6
TRINITY_DN91_c7_g1_i1.p1	Bmori|XP_062524699.1	25.243	103	61	4	225	321	394	211	303	343	0.067	25.0
TRINITY_DN7611_c0_g1_i2.p1	Bmori|XP_062527116.1	31.707	41	26	1	171	209	837	127	167	436	0.51	23.5
TRINITY_DN7611_c0_g1_i2.p1	Spodoptera|XP_035442818.1	26.000	50	37	0	55	104	837	241	290	390	0.90	22.7
TRINITY_DN11621_c0_g2_i3.p1	Spodoptera|XP_035442818.1	42.857	21	12	0	1	21	152	139	159	390	0.12	22.3
TRINITY_DN3776_c0_g1_i9.p1	Spodoptera|XP_035436318.2	35.000	40	24	1	1713	1750	1973	202	241	351	0.87	23.9
TRINITY_DN3776_c0_g1_i9.p1	Spodoptera|XP_050559196.1	28.333	60	37	2	1697	1750	1973	182	241	304	0.90	23.9
TRINITY_DN3078_c0_g1_i1.p1	Spodoptera|XP_050559191.1	25.000	44	33	0	3	46	552	269	312	352	0.81	21.9
TRINITY_DN3078_c0_g1_i1.p1	Spodoptera|XP_050559197.1	42.857	21	12	0	21	41	552	275	295	343	0.95	21.9
TRINITY_DN3078_c0_g2_i1.p1	Spodoptera|XP_035433249.2	35.294	34	21	1	306	339	539	110	142	238	0.38	23.1
TRINITY_DN3078_c0_g2_i1.p1	Spodoptera|XP_050559197.1	33.333	30	20	0	267	296	539	101	130	343	0.91	21.9
TRINITY_DN33287_c0_g1_i1.p1	Bmori|XP_037867392.1	40.741	27	16	0	59	85	276	306	332	395	0.26	22.3
TRINITY_DN7727_c0_g2_i1.p1	Spodoptera|XP_035436318.2	27.027	37	27	0	124	160	427	304	340	351	0.13	24.3
TRINITY_DN7727_c0_g2_i1.p1	Spodoptera|XP_035435946.2	25.000	36	27	0	124	159	427	297	332	344	0.58	21.9
TRINITY_DN7727_c0_g2_i1.p1	Spodoptera|XP_050559193.1	27.273	33	24	0	124	156	427	302	334	349	0.88	21.6
TRINITY_DN34618_c0_g1_i1.p1	Spodoptera|XP_035433249.2	33.333	72	45	1	17	88	345	14	82	238	4.05e-07	40.8
TRINITY_DN34618_c0_g1_i1.p1	Bmori|XP_012550153.2	27.473	91	61	3	17	106	345	7	93	312	4.70e-05	34.7
TRINITY_DN926_c7_g1_i9.p1	Bmori|XP_062529457.1	29.787	47	33	0	74	120	522	202	248	326	0.44	22.7
TRINITY_DN1368_c0_g1_i2.p1	Bmori|XP_062529457.1	26.984	63	44	1	97	159	332	236	296	326	0.77	21.2
TRINITY_DN23226_c0_g1_i1.p1	Spodoptera|XP_035432548.2	50.000	12	6	0	25	36	109	300	311	311	0.77	19.2
TRINITY_DN23226_c0_g2_i1.p1	Bmori|XP_037867392.1	26.154	65	31	2	110	174	223	260	307	395	0.69	20.8
TRINITY_DN6140_c0_g1_i1.p1	Spodoptera|XP_050559197.1	25.397	63	45	1	102	162	213	78	140	343	0.096	23.5
TRINITY_DN135_c3_g1_i3.p1	Spodoptera|XP_050559193.1	19.355	62	38	1	190	239	250	196	257	349	0.096	23.5
TRINITY_DN6117_c0_g1_i1.p1	Spodoptera|XP_035436318.2	26.531	49	32	1	217	265	556	147	191	351	0.14	24.6
TRINITY_DN6117_c0_g1_i1.p1	Spodoptera|XP_050559196.1	30.612	49	30	2	217	265	556	147	191	304	0.18	24.3
TRINITY_DN5902_c0_g1_i43.p1	Spodoptera|XP_050559191.1	33.333	24	16	0	62	85	177	29	52	352	0.17	22.3
TRINITY_DN5902_c0_g1_i43.p1	Spodoptera|XP_050559196.1	44.444	18	10	0	63	80	177	31	48	304	0.43	20.8
TRINITY_DN5902_c0_g1_i43.p1	Spodoptera|XP_035436318.2	44.444	18	10	0	63	80	177	31	48	351	0.45	20.8
TRINITY_DN2024_c0_g1_i15.p1	Bmori|XP_062529457.1	48.148	27	13	1	210	235	564	60	86	326	0.022	26.9
TRINITY_DN2024_c0_g2_i1.p1	Bmori|XP_062529457.1	44.444	27	14	1	9	34	293	60	86	326	0.15	23.5
TRINITY_DN12509_c0_g1_i1.p1	Spodoptera|XP_050559196.1	25.641	78	52	2	41	118	424	109	180	304	0.27	23.1
TRINITY_DN12509_c0_g1_i1.p1	Spodoptera|XP_035436318.2	25.641	78	52	2	41	118	424	109	180	351	0.33	22.7
TRINITY_DN13031_c1_g1_i1.p1	Spodoptera|XP_035433286.1	55.556	9	4	0	46	54	105	42	50	344	0.63	19.2
TRINITY_DN36326_c0_g2_i1.p1	Spodoptera|XP_050559703.1	36.667	30	19	0	2	31	125	269	298	315	0.011	25.0
TRINITY_DN32931_c0_g2_i1.p1	Spodoptera|XP_050559197.1	27.027	37	27	0	1	37	144	115	151	343	0.58	20.0
TRINITY_DN3774_c0_g1_i3.p1	Spodoptera|XP_035442818.1	47.368	19	9	1	91	108	355	128	146	390	0.33	22.7
TRINITY_DN35413_c0_g1_i1.p1	Bmori|XP_012551199.2	26.415	53	38	1	18	69	198	22	74	349	0.016	25.4
TRINITY_DN26545_c0_g1_i1.p1	Bmori|XP_012550153.2	31.373	51	26	3	201	247	326	260	305	312	0.23	23.1
TRINITY_DN28812_c0_g1_i14.p1	Spodoptera|XP_035436318.2	25.806	31	23	0	96	126	131	288	318	351	0.69	19.6
TRINITY_DN36465_c0_g2_i2.p1	Bmori|XP_037867392.1	32.432	37	19	1	35	65	131	263	299	395	0.66	20.0
