TRINITY_DN10989_c0_g1_i5.p1	TRINITY_DN10989_c0_g1_i5.p1	100.000	198	198	198	2.28e-150	408
TRINITY_DN10989_c0_g1_i5.p1	TRINITY_DN1124_c0_g1_i10.p1	52.736	201	198	1273	1.92e-64	207
TRINITY_DN10989_c0_g1_i5.p1	TRINITY_DN1124_c0_g1_i10.p1	44.937	158	198	1273	1.62e-35	124
TRINITY_DN10989_c0_g1_i5.p1	TRINITY_DN16854_c0_g2_i2.p1	42.640	197	198	548	6.30e-43	143
TRINITY_DN10989_c0_g1_i5.p1	TRINITY_DN4426_c0_g1_i3.p1	36.612	183	198	707	3.98e-32	114
TRINITY_DN10989_c0_g1_i5.p1	TRINITY_DN33353_c0_g1_i3.p1	39.394	132	198	849	7.22e-23	87.8
TRINITY_DN10989_c0_g1_i5.p1	TRINITY_DN11773_c0_g1_i7.p1	32.857	140	198	768	3.47e-15	65.5
TRINITY_DN10989_c0_g1_i5.p1	TRINITY_DN5424_c0_g1_i1.p1	27.219	169	198	1366	6.23e-15	65.1
TRINITY_DN10989_c0_g1_i5.p1	TRINITY_DN5424_c0_g1_i1.p1	26.531	98	198	1366	3.58e-07	42.0
TRINITY_DN10989_c0_g1_i5.p1	TRINITY_DN9474_c0_g1_i1.p1	26.950	141	198	1452	2.50e-12	57.4
TRINITY_DN10989_c0_g1_i5.p1	TRINITY_DN9474_c0_g1_i1.p1	27.368	95	198	1452	7.45e-06	38.1
TRINITY_DN10989_c0_g1_i5.p1	TRINITY_DN54_c0_g1_i1.p1	26.667	135	198	1379	2.77e-11	54.3
TRINITY_DN10989_c0_g1_i5.p1	TRINITY_DN54_c0_g1_i1.p1	28.713	101	198	1379	2.36e-06	39.7
TRINITY_DN10989_c0_g1_i5.p1	TRINITY_DN12134_c0_g1_i3.p1	35.000	80	198	1395	9.59e-11	52.8
TRINITY_DN10989_c0_g1_i5.p1	TRINITY_DN12134_c0_g1_i3.p1	33.019	106	198	1395	1.63e-08	46.2
TRINITY_DN10989_c0_g1_i5.p1	TRINITY_DN662_c0_g4_i1.p1	26.471	136	198	1345	1.24e-10	52.4
TRINITY_DN10989_c0_g1_i5.p1	TRINITY_DN254_c0_g1_i11.p1	30.769	104	198	1595	1.64e-10	52.0
TRINITY_DN10989_c0_g1_i5.p1	TRINITY_DN254_c0_g1_i11.p1	27.835	97	198	1595	7.44e-04	32.0
TRINITY_DN10989_c0_g1_i5.p1	TRINITY_DN662_c0_g1_i2.p1	28.244	131	198	1516	1.86e-10	52.0
TRINITY_DN10989_c0_g1_i5.p1	TRINITY_DN662_c0_g1_i2.p1	24.324	111	198	1516	4.50e-05	35.8
TRINITY_DN10989_c0_g1_i5.p1	TRINITY_DN18452_c0_g1_i1.p1	29.730	111	198	1399	1.25e-09	49.3
TRINITY_DN10989_c0_g1_i5.p1	TRINITY_DN18452_c0_g1_i1.p1	30.851	94	198	1399	5.74e-07	41.6
TRINITY_DN10989_c0_g1_i5.p1	TRINITY_DN4518_c0_g1_i1.p1	32.500	80	198	1363	1.71e-09	48.9
TRINITY_DN10989_c0_g1_i5.p1	TRINITY_DN4518_c0_g1_i1.p1	31.765	85	198	1363	4.35e-07	42.0
TRINITY_DN10989_c0_g1_i5.p1	TRINITY_DN33832_c0_g1_i10.p1	25.424	118	198	1697	1.59e-06	40.0
TRINITY_DN10989_c0_g1_i5.p1	TRINITY_DN11606_c0_g1_i6.p1	24.779	113	198	1641	6.26e-06	38.5
TRINITY_DN10989_c0_g1_i5.p1	TRINITY_DN11606_c0_g1_i6.p1	31.373	51	198	1641	3.53e-04	33.1
TRINITY_DN10989_c0_g1_i5.p1	TRINITY_DN9946_c0_g2_i2.p1	31.915	47	198	621	1.10e-05	37.4
TRINITY_DN10989_c0_g1_i5.p1	TRINITY_DN9037_c0_g1_i11.p1	30.000	80	198	851	2.27e-05	36.6
TRINITY_DN10989_c0_g1_i5.p1	TRINITY_DN1442_c0_g1_i7.p1	27.826	115	198	795	3.69e-05	35.8
TRINITY_DN10989_c0_g1_i5.p1	TRINITY_DN12905_c0_g2_i1.p1	32.258	62	198	629	4.43e-05	35.4
TRINITY_DN10989_c0_g1_i5.p1	TRINITY_DN4830_c1_g1_i1.p1	36.364	55	198	879	5.37e-05	35.4
TRINITY_DN10989_c0_g1_i5.p1	TRINITY_DN2350_c0_g1_i14.p1	26.446	121	198	791	5.50e-05	35.4
TRINITY_DN10989_c0_g1_i5.p1	TRINITY_DN5175_c0_g1_i3.p1	36.170	47	198	722	4.74e-04	32.3
TRINITY_DN1124_c0_g1_i10.p1	TRINITY_DN1124_c0_g1_i10.p1	100.000	1273	1273	1273	0.0	2614
TRINITY_DN1124_c0_g1_i10.p1	TRINITY_DN16854_c0_g2_i2.p1	44.216	536	1273	548	3.14e-135	417
TRINITY_DN1124_c0_g1_i10.p1	TRINITY_DN16854_c0_g2_i2.p1	35.577	520	1273	548	3.80e-88	289
TRINITY_DN1124_c0_g1_i10.p1	TRINITY_DN4426_c0_g1_i3.p1	33.577	548	1273	707	1.18e-81	276
TRINITY_DN1124_c0_g1_i10.p1	TRINITY_DN4426_c0_g1_i3.p1	32.149	591	1273	707	1.92e-80	272
TRINITY_DN1124_c0_g1_i10.p1	TRINITY_DN10989_c0_g1_i5.p1	52.736	201	1273	198	2.55e-68	220
TRINITY_DN1124_c0_g1_i10.p1	TRINITY_DN10989_c0_g1_i5.p1	44.937	158	1273	198	1.04e-34	124
TRINITY_DN1124_c0_g1_i10.p1	TRINITY_DN33353_c0_g1_i3.p1	50.840	238	1273	849	1.08e-66	235
TRINITY_DN1124_c0_g1_i10.p1	TRINITY_DN33353_c0_g1_i3.p1	43.673	245	1273	849	1.64e-54	197
TRINITY_DN1124_c0_g1_i10.p1	TRINITY_DN5424_c0_g1_i1.p1	25.864	897	1273	1366	3.83e-63	228
TRINITY_DN1124_c0_g1_i10.p1	TRINITY_DN5424_c0_g1_i1.p1	26.244	583	1273	1366	2.38e-39	151
TRINITY_DN1124_c0_g1_i10.p1	TRINITY_DN5424_c0_g1_i1.p1	28.235	255	1273	1366	1.98e-26	109
TRINITY_DN1124_c0_g1_i10.p1	TRINITY_DN662_c0_g4_i1.p1	27.064	872	1273	1345	3.60e-55	202
TRINITY_DN1124_c0_g1_i10.p1	TRINITY_DN662_c0_g4_i1.p1	33.871	248	1273	1345	2.22e-35	138
TRINITY_DN1124_c0_g1_i10.p1	TRINITY_DN662_c0_g4_i1.p1	30.806	211	1273	1345	1.10e-21	94.0
TRINITY_DN1124_c0_g1_i10.p1	TRINITY_DN18570_c0_g1_i2.p1	57.241	145	1273	150	1.24e-52	174
TRINITY_DN1124_c0_g1_i10.p1	TRINITY_DN11773_c0_g1_i7.p1	37.553	237	1273	768	3.15e-46	171
TRINITY_DN1124_c0_g1_i10.p1	TRINITY_DN11773_c0_g1_i7.p1	41.525	236	1273	768	2.28e-44	165
TRINITY_DN1124_c0_g1_i10.p1	TRINITY_DN12134_c0_g1_i3.p1	29.867	375	1273	1395	8.83e-38	146
TRINITY_DN1124_c0_g1_i10.p1	TRINITY_DN12134_c0_g1_i3.p1	32.540	252	1273	1395	1.93e-28	116
TRINITY_DN1124_c0_g1_i10.p1	TRINITY_DN12134_c0_g1_i3.p1	24.074	540	1273	1395	1.22e-24	103
TRINITY_DN1124_c0_g1_i10.p1	TRINITY_DN12134_c0_g1_i3.p1	30.806	211	1273	1395	1.49e-22	97.1
TRINITY_DN1124_c0_g1_i10.p1	TRINITY_DN9474_c0_g1_i1.p1	25.887	479	1273	1452	6.58e-37	143
TRINITY_DN1124_c0_g1_i10.p1	TRINITY_DN9474_c0_g1_i1.p1	33.333	240	1273	1452	4.89e-30	121
TRINITY_DN1124_c0_g1_i10.p1	TRINITY_DN9474_c0_g1_i1.p1	29.487	234	1273	1452	1.34e-25	106
TRINITY_DN1124_c0_g1_i10.p1	TRINITY_DN9474_c0_g1_i1.p1	25.472	212	1273	1452	6.30e-20	88.2
TRINITY_DN1124_c0_g1_i10.p1	TRINITY_DN662_c0_g1_i2.p1	35.443	237	1273	1516	3.59e-36	141
TRINITY_DN1124_c0_g1_i10.p1	TRINITY_DN662_c0_g1_i2.p1	32.692	208	1273	1516	3.30e-28	115
TRINITY_DN1124_c0_g1_i10.p1	TRINITY_DN662_c0_g1_i2.p1	28.617	311	1273	1516	7.12e-26	107
TRINITY_DN1124_c0_g1_i10.p1	TRINITY_DN662_c0_g1_i2.p1	32.018	228	1273	1516	2.00e-24	103
TRINITY_DN1124_c0_g1_i10.p1	TRINITY_DN4518_c0_g1_i1.p1	34.454	238	1273	1363	2.90e-35	138
TRINITY_DN1124_c0_g1_i10.p1	TRINITY_DN4518_c0_g1_i1.p1	33.175	211	1273	1363	2.83e-27	112
TRINITY_DN1124_c0_g1_i10.p1	TRINITY_DN4518_c0_g1_i1.p1	29.231	260	1273	1363	6.51e-25	104
TRINITY_DN1124_c0_g1_i10.p1	TRINITY_DN4518_c0_g1_i1.p1	28.390	236	1273	1363	1.90e-23	99.8
TRINITY_DN1124_c0_g1_i10.p1	TRINITY_DN18452_c0_g1_i1.p1	25.814	430	1273	1399	3.42e-35	138
TRINITY_DN1124_c0_g1_i10.p1	TRINITY_DN18452_c0_g1_i1.p1	25.093	538	1273	1399	8.30e-30	120
TRINITY_DN1124_c0_g1_i10.p1	TRINITY_DN18452_c0_g1_i1.p1	34.234	222	1273	1399	2.31e-28	115
TRINITY_DN1124_c0_g1_i10.p1	TRINITY_DN18452_c0_g1_i1.p1	25.547	274	1273	1399	2.92e-22	95.9
TRINITY_DN1124_c0_g1_i10.p1	TRINITY_DN54_c0_g1_i1.p1	23.732	552	1273	1379	3.37e-30	121
TRINITY_DN1124_c0_g1_i10.p1	TRINITY_DN54_c0_g1_i1.p1	31.855	248	1273	1379	2.35e-25	105
TRINITY_DN1124_c0_g1_i10.p1	TRINITY_DN54_c0_g1_i1.p1	30.943	265	1273	1379	6.22e-25	104
TRINITY_DN1124_c0_g1_i10.p1	TRINITY_DN54_c0_g1_i1.p1	29.237	236	1273	1379	7.19e-21	91.3
TRINITY_DN1124_c0_g1_i10.p1	TRINITY_DN254_c0_g1_i11.p1	33.493	209	1273	1595	6.58e-24	101
TRINITY_DN1124_c0_g1_i10.p1	TRINITY_DN254_c0_g1_i11.p1	33.862	189	1273	1595	1.01e-18	84.3
TRINITY_DN1124_c0_g1_i10.p1	TRINITY_DN254_c0_g1_i11.p1	24.354	271	1273	1595	1.73e-15	73.9
TRINITY_DN1124_c0_g1_i10.p1	TRINITY_DN254_c0_g1_i11.p1	25.592	211	1273	1595	2.57e-15	73.2
TRINITY_DN1124_c0_g1_i10.p1	TRINITY_DN9946_c0_g2_i2.p1	26.121	379	1273	621	7.36e-22	93.6
TRINITY_DN1124_c0_g1_i10.p1	TRINITY_DN9946_c0_g2_i2.p1	29.767	215	1273	621	7.20e-17	77.4
TRINITY_DN1124_c0_g1_i10.p1	TRINITY_DN5175_c0_g1_i3.p1	27.848	237	1273	722	3.32e-21	91.7
TRINITY_DN1124_c0_g1_i10.p1	TRINITY_DN5175_c0_g1_i3.p1	27.354	223	1273	722	5.18e-16	75.1
TRINITY_DN1124_c0_g1_i10.p1	TRINITY_DN7214_c0_g1_i11.p1	29.123	285	1273	655	8.65e-21	90.1
TRINITY_DN1124_c0_g1_i10.p1	TRINITY_DN7214_c0_g1_i11.p1	31.674	221	1273	655	2.34e-16	75.9
TRINITY_DN1124_c0_g1_i10.p1	TRINITY_DN9037_c0_g1_i11.p1	35.938	192	1273	851	9.88e-20	87.4
TRINITY_DN1124_c0_g1_i10.p1	TRINITY_DN9037_c0_g1_i11.p1	26.906	223	1273	851	1.56e-10	57.4
TRINITY_DN1124_c0_g1_i10.p1	TRINITY_DN33832_c0_g1_i10.p1	25.085	295	1273	1697	2.05e-19	86.7
TRINITY_DN1124_c0_g1_i10.p1	TRINITY_DN33832_c0_g1_i10.p1	26.667	225	1273	1697	2.49e-18	83.2
TRINITY_DN1124_c0_g1_i10.p1	TRINITY_DN33832_c0_g1_i10.p1	27.083	192	1273	1697	3.15e-13	66.2
TRINITY_DN1124_c0_g1_i10.p1	TRINITY_DN33832_c0_g1_i10.p1	26.519	181	1273	1697	3.92e-10	56.2
TRINITY_DN1124_c0_g1_i10.p1	TRINITY_DN20355_c0_g1_i13.p1	33.005	203	1273	888	7.17e-19	84.3
TRINITY_DN1124_c0_g1_i10.p1	TRINITY_DN20355_c0_g1_i13.p1	29.060	234	1273	888	7.68e-19	84.3
TRINITY_DN1124_c0_g1_i10.p1	TRINITY_DN332_c0_g1_i5.p1	29.278	263	1273	698	1.11e-18	83.6
TRINITY_DN1124_c0_g1_i10.p1	TRINITY_DN332_c0_g1_i5.p1	29.680	219	1273	698	1.12e-17	80.5
TRINITY_DN1124_c0_g1_i10.p1	TRINITY_DN12905_c0_g2_i1.p1	28.807	243	1273	629	2.00e-18	82.8
TRINITY_DN1124_c0_g1_i10.p1	TRINITY_DN12905_c0_g2_i1.p1	28.837	215	1273	629	3.38e-13	65.9
TRINITY_DN1124_c0_g1_i10.p1	TRINITY_DN264_c0_g1_i11.p1	31.285	179	1273	1744	1.49e-17	80.5
TRINITY_DN1124_c0_g1_i10.p1	TRINITY_DN264_c0_g1_i11.p1	27.354	223	1273	1744	1.07e-14	71.2
TRINITY_DN1124_c0_g1_i10.p1	TRINITY_DN264_c0_g1_i11.p1	21.577	241	1273	1744	2.01e-08	50.4
TRINITY_DN1124_c0_g1_i10.p1	TRINITY_DN264_c0_g1_i11.p1	21.560	218	1273	1744	8.93e-08	48.5
TRINITY_DN1124_c0_g1_i10.p1	TRINITY_DN2350_c0_g1_i14.p1	26.866	268	1273	791	2.07e-17	79.7
TRINITY_DN1124_c0_g1_i10.p1	TRINITY_DN2350_c0_g1_i14.p1	29.596	223	1273	791	1.10e-15	73.9
TRINITY_DN1124_c0_g1_i10.p1	TRINITY_DN11606_c0_g1_i6.p1	28.922	204	1273	1641	3.40e-16	76.3
TRINITY_DN1124_c0_g1_i10.p1	TRINITY_DN11606_c0_g1_i6.p1	25.551	227	1273	1641	1.80e-14	70.5
TRINITY_DN1124_c0_g1_i10.p1	TRINITY_DN11606_c0_g1_i6.p1	23.034	356	1273	1641	2.16e-13	67.0
TRINITY_DN1124_c0_g1_i10.p1	TRINITY_DN11606_c0_g1_i6.p1	24.186	215	1273	1641	1.02e-06	45.1
TRINITY_DN1124_c0_g1_i10.p1	TRINITY_DN1142_c1_g1_i12.p1	28.421	285	1273	764	4.55e-16	75.1
TRINITY_DN1124_c0_g1_i10.p1	TRINITY_DN1142_c1_g1_i12.p1	29.744	195	1273	764	1.81e-12	63.5
TRINITY_DN1124_c0_g1_i10.p1	TRINITY_DN30_c14_g1_i4.p1	25.778	225	1273	669	2.63e-14	69.3
TRINITY_DN1124_c0_g1_i10.p1	TRINITY_DN30_c14_g1_i4.p1	27.273	198	1273	669	1.75e-13	66.6
TRINITY_DN1124_c0_g1_i10.p1	TRINITY_DN4644_c0_g1_i1.p1	28.899	218	1273	638	4.98e-14	68.6
TRINITY_DN1124_c0_g1_i10.p1	TRINITY_DN4644_c0_g1_i1.p1	27.751	209	1273	638	9.39e-14	67.4
TRINITY_DN1124_c0_g1_i10.p1	TRINITY_DN13145_c0_g1_i1.p1	27.354	223	1273	593	3.40e-13	65.9
TRINITY_DN1124_c0_g1_i10.p1	TRINITY_DN13145_c0_g1_i1.p1	26.667	225	1273	593	9.23e-12	61.2
TRINITY_DN1124_c0_g1_i10.p1	TRINITY_DN1442_c0_g1_i7.p1	24.464	233	1273	795	1.13e-12	64.3
TRINITY_DN1124_c0_g1_i10.p1	TRINITY_DN1442_c0_g1_i7.p1	23.963	217	1273	795	1.40e-11	60.8
TRINITY_DN1124_c0_g1_i10.p1	TRINITY_DN4709_c2_g1_i1.p1	25.339	221	1273	668	2.24e-12	63.2
TRINITY_DN1124_c0_g1_i10.p1	TRINITY_DN4709_c2_g1_i1.p1	25.837	209	1273	668	1.32e-09	54.3
TRINITY_DN1124_c0_g1_i10.p1	TRINITY_DN4830_c1_g1_i1.p1	26.818	220	1273	879	1.09e-10	57.8
TRINITY_DN1124_c0_g1_i10.p1	TRINITY_DN4830_c1_g1_i1.p1	27.826	230	1273	879	5.32e-10	55.5
TRINITY_DN1124_c0_g1_i10.p1	TRINITY_DN4830_c1_g1_i1.p1	37.879	66	1273	879	8.43e-06	42.0
TRINITY_DN1124_c0_g1_i10.p1	TRINITY_DN4830_c1_g1_i1.p1	25.455	220	1273	879	9.90e-06	41.6
TRINITY_DN1124_c0_g1_i10.p1	TRINITY_DN37894_c0_g1_i1.p1	30.208	96	1273	125	2.31e-08	46.6
TRINITY_DN1124_c0_g1_i10.p1	TRINITY_DN37894_c0_g1_i1.p1	31.776	107	1273	125	1.41e-06	41.2
TRINITY_DN1124_c0_g1_i10.p1	TRINITY_DN16854_c0_g5_i1.p2	24.752	101	1273	101	2.06e-07	43.1
TRINITY_DN1124_c0_g1_i10.p1	TRINITY_DN18075_c0_g1_i1.p1	24.454	229	1273	645	2.45e-07	46.6
TRINITY_DN1124_c0_g1_i10.p1	TRINITY_DN18075_c0_g1_i1.p1	23.009	226	1273	645	1.49e-06	44.3
TRINITY_DN1124_c0_g1_i10.p1	TRINITY_DN16854_c0_g1_i1.p1	33.333	48	1273	149	1.40e-06	42.0
TRINITY_DN1124_c0_g1_i10.p1	TRINITY_DN35371_c0_g2_i1.p1	23.762	101	1273	224	1.03e-05	40.4
TRINITY_DN1124_c0_g1_i10.p1	TRINITY_DN35371_c0_g2_i1.p1	37.143	35	1273	224	4.76e-04	35.4
TRINITY_DN1124_c0_g1_i10.p1	TRINITY_DN16854_c0_g4_i1.p1	23.864	176	1273	214	1.08e-05	40.0
TRINITY_DN1124_c0_g1_i10.p1	TRINITY_DN9986_c0_g1_i1.p1	30.263	76	1273	564	1.29e-05	41.2
TRINITY_DN1124_c0_g1_i10.p1	TRINITY_DN9986_c0_g1_i1.p1	18.987	316	1273	564	5.34e-05	39.3
TRINITY_DN1124_c0_g1_i10.p1	TRINITY_DN49408_c0_g1_i1.p1	33.333	75	1273	151	6.88e-05	37.0
TRINITY_DN1142_c1_g1_i12.p1	TRINITY_DN1142_c1_g1_i12.p1	100.000	764	764	764	0.0	1592
TRINITY_DN1142_c1_g1_i12.p1	TRINITY_DN30_c14_g1_i4.p1	33.545	629	764	669	1.34e-116	360
TRINITY_DN1142_c1_g1_i12.p1	TRINITY_DN1124_c0_g1_i10.p1	28.421	285	764	1273	2.87e-16	75.1
TRINITY_DN1142_c1_g1_i12.p1	TRINITY_DN1124_c0_g1_i10.p1	29.744	195	764	1273	1.00e-12	63.5
TRINITY_DN1142_c1_g1_i12.p1	TRINITY_DN4426_c0_g1_i3.p1	27.897	233	764	707	5.51e-15	70.5
TRINITY_DN1142_c1_g1_i12.p1	TRINITY_DN33353_c0_g1_i3.p1	28.571	175	764	849	1.61e-11	59.7
TRINITY_DN1142_c1_g1_i12.p1	TRINITY_DN662_c0_g1_i2.p1	28.019	207	764	1516	1.68e-11	59.7
TRINITY_DN1142_c1_g1_i12.p1	TRINITY_DN662_c0_g1_i2.p1	23.214	168	764	1516	1.46e-04	37.0
TRINITY_DN1142_c1_g1_i12.p1	TRINITY_DN18452_c0_g1_i1.p1	27.723	202	764	1399	9.48e-11	57.4
TRINITY_DN1142_c1_g1_i12.p1	TRINITY_DN18452_c0_g1_i1.p1	24.051	237	764	1399	2.23e-05	39.7
TRINITY_DN1142_c1_g1_i12.p1	TRINITY_DN254_c0_g1_i11.p1	29.744	195	764	1595	9.51e-09	50.8
TRINITY_DN1142_c1_g1_i12.p1	TRINITY_DN254_c0_g1_i11.p1	27.219	169	764	1595	2.86e-07	45.8
TRINITY_DN1142_c1_g1_i12.p1	TRINITY_DN9474_c0_g1_i1.p1	23.596	178	764	1452	9.37e-08	47.4
TRINITY_DN1142_c1_g1_i12.p1	TRINITY_DN9474_c0_g1_i1.p1	24.017	229	764	1452	4.96e-05	38.5
TRINITY_DN1142_c1_g1_i12.p1	TRINITY_DN54_c0_g1_i1.p1	27.374	179	764	1379	9.79e-08	47.4
TRINITY_DN1142_c1_g1_i12.p1	TRINITY_DN16854_c0_g2_i2.p1	24.157	178	764	548	4.02e-07	45.1
TRINITY_DN1142_c1_g1_i12.p1	TRINITY_DN4518_c0_g1_i1.p1	21.320	197	764	1363	3.07e-06	42.4
TRINITY_DN1142_c1_g1_i12.p1	TRINITY_DN4644_c0_g1_i1.p1	26.126	222	764	638	4.82e-06	41.6
TRINITY_DN1142_c1_g1_i12.p1	TRINITY_DN4830_c1_g1_i1.p1	25.510	196	764	879	6.58e-06	41.2
TRINITY_DN1142_c1_g1_i12.p1	TRINITY_DN4830_c1_g1_i1.p1	24.242	231	764	879	1.18e-05	40.4
TRINITY_DN1142_c1_g1_i12.p1	TRINITY_DN20355_c0_g1_i13.p1	26.543	162	764	888	9.19e-06	40.8
TRINITY_DN1142_c1_g1_i12.p1	TRINITY_DN662_c0_g4_i1.p1	23.438	192	764	1345	1.43e-05	40.4
TRINITY_DN1142_c1_g1_i12.p1	TRINITY_DN12905_c0_g2_i1.p1	28.641	206	764	629	1.47e-05	40.0
TRINITY_DN1142_c1_g1_i12.p1	TRINITY_DN33832_c0_g1_i10.p1	23.757	181	764	1697	2.27e-05	39.7
TRINITY_DN1142_c1_g1_i12.p1	TRINITY_DN11773_c0_g1_i7.p1	40.000	60	764	768	1.42e-04	37.0
TRINITY_DN1142_c1_g1_i12.p1	TRINITY_DN332_c0_g1_i5.p1	23.626	182	764	698	2.05e-04	36.6
TRINITY_DN1142_c1_g1_i12.p1	TRINITY_DN9946_c0_g2_i2.p1	33.333	78	764	621	2.25e-04	36.2
TRINITY_DN1142_c1_g1_i12.p1	TRINITY_DN7214_c0_g1_i11.p1	28.571	91	764	655	2.89e-04	35.8
TRINITY_DN1142_c1_g1_i12.p1	TRINITY_DN5175_c0_g1_i3.p1	26.316	152	764	722	3.30e-04	35.8
TRINITY_DN1142_c1_g1_i12.p1	TRINITY_DN12134_c0_g1_i3.p1	21.951	164	764	1395	5.27e-04	35.4
TRINITY_DN1142_c1_g1_i12.p1	TRINITY_DN4709_c2_g1_i1.p1	24.731	186	764	668	7.56e-04	34.7
TRINITY_DN11606_c0_g1_i6.p1	TRINITY_DN11606_c0_g1_i6.p1	100.000	1641	1641	1641	0.0	3419
TRINITY_DN11606_c0_g1_i6.p1	TRINITY_DN33832_c0_g1_i10.p1	27.819	1747	1641	1697	1.17e-176	569
TRINITY_DN11606_c0_g1_i6.p1	TRINITY_DN264_c0_g1_i11.p1	26.633	1776	1641	1744	4.36e-163	533
TRINITY_DN11606_c0_g1_i6.p1	TRINITY_DN35371_c0_g2_i1.p1	33.163	196	1641	224	1.60e-32	119
TRINITY_DN11606_c0_g1_i6.p1	TRINITY_DN35371_c0_g2_i1.p1	29.442	197	1641	224	3.70e-29	109
TRINITY_DN11606_c0_g1_i6.p1	TRINITY_DN1442_c0_g1_i7.p1	36.316	190	1641	795	2.05e-25	105
TRINITY_DN11606_c0_g1_i6.p1	TRINITY_DN1442_c0_g1_i7.p1	28.293	205	1641	795	1.26e-15	74.3
TRINITY_DN11606_c0_g1_i6.p1	TRINITY_DN332_c0_g1_i5.p1	35.955	178	1641	698	1.70e-22	96.3
TRINITY_DN11606_c0_g1_i6.p1	TRINITY_DN332_c0_g1_i5.p1	28.729	181	1641	698	1.91e-13	67.0
TRINITY_DN11606_c0_g1_i6.p1	TRINITY_DN5175_c0_g1_i3.p1	36.041	197	1641	722	4.43e-22	95.1
TRINITY_DN11606_c0_g1_i6.p1	TRINITY_DN5175_c0_g1_i3.p1	28.426	197	1641	722	3.14e-17	79.3
TRINITY_DN11606_c0_g1_i6.p1	TRINITY_DN9946_c0_g2_i2.p1	35.928	167	1641	621	7.39e-22	94.0
TRINITY_DN11606_c0_g1_i6.p1	TRINITY_DN9946_c0_g2_i2.p1	27.624	181	1641	621	1.85e-11	60.5
TRINITY_DN11606_c0_g1_i6.p1	TRINITY_DN2350_c0_g1_i14.p1	32.979	188	1641	791	1.06e-21	94.0
TRINITY_DN11606_c0_g1_i6.p1	TRINITY_DN2350_c0_g1_i14.p1	29.218	243	1641	791	2.97e-17	79.7
TRINITY_DN11606_c0_g1_i6.p1	TRINITY_DN4709_c2_g1_i1.p1	34.091	220	1641	668	1.36e-20	90.1
TRINITY_DN11606_c0_g1_i6.p1	TRINITY_DN4709_c2_g1_i1.p1	27.928	333	1641	668	8.31e-13	65.1
TRINITY_DN11606_c0_g1_i6.p1	TRINITY_DN33353_c0_g1_i3.p1	31.351	185	1641	849	1.38e-18	84.0
TRINITY_DN11606_c0_g1_i6.p1	TRINITY_DN33353_c0_g1_i3.p1	26.442	208	1641	849	2.74e-07	47.0
TRINITY_DN11606_c0_g1_i6.p1	TRINITY_DN12905_c0_g2_i1.p1	30.556	180	1641	629	1.07e-16	77.4
TRINITY_DN11606_c0_g1_i6.p1	TRINITY_DN12905_c0_g2_i1.p1	26.857	175	1641	629	4.61e-11	59.3
TRINITY_DN11606_c0_g1_i6.p1	TRINITY_DN13145_c0_g1_i1.p1	33.113	151	1641	593	1.23e-16	77.4
TRINITY_DN11606_c0_g1_i6.p1	TRINITY_DN4426_c0_g1_i3.p1	27.803	223	1641	707	1.89e-16	77.0
TRINITY_DN11606_c0_g1_i6.p1	TRINITY_DN4426_c0_g1_i3.p1	21.860	215	1641	707	1.00e-05	42.0
TRINITY_DN11606_c0_g1_i6.p1	TRINITY_DN4644_c0_g1_i1.p1	30.337	178	1641	638	3.58e-16	75.9
TRINITY_DN11606_c0_g1_i6.p1	TRINITY_DN4644_c0_g1_i1.p1	27.570	214	1641	638	1.92e-12	63.9
TRINITY_DN11606_c0_g1_i6.p1	TRINITY_DN1124_c0_g1_i10.p1	28.922	204	1641	1273	5.32e-16	75.9
TRINITY_DN11606_c0_g1_i6.p1	TRINITY_DN1124_c0_g1_i10.p1	25.551	227	1641	1273	2.59e-14	70.5
TRINITY_DN11606_c0_g1_i6.p1	TRINITY_DN1124_c0_g1_i10.p1	23.034	356	1641	1273	2.60e-13	67.0
TRINITY_DN11606_c0_g1_i6.p1	TRINITY_DN1124_c0_g1_i10.p1	24.186	215	1641	1273	1.29e-06	45.1
TRINITY_DN11606_c0_g1_i6.p1	TRINITY_DN12134_c0_g1_i3.p1	27.511	229	1641	1395	3.42e-15	73.2
TRINITY_DN11606_c0_g1_i6.p1	TRINITY_DN12134_c0_g1_i3.p1	27.941	204	1641	1395	1.67e-09	54.7
TRINITY_DN11606_c0_g1_i6.p1	TRINITY_DN12134_c0_g1_i3.p1	27.411	197	1641	1395	6.76e-09	52.4
TRINITY_DN11606_c0_g1_i6.p1	TRINITY_DN5424_c0_g1_i1.p1	24.715	263	1641	1366	3.58e-15	73.2
TRINITY_DN11606_c0_g1_i6.p1	TRINITY_DN5424_c0_g1_i1.p1	23.047	256	1641	1366	3.55e-08	50.1
TRINITY_DN11606_c0_g1_i6.p1	TRINITY_DN37894_c0_g1_i1.p1	32.174	115	1641	125	4.08e-15	66.2
TRINITY_DN11606_c0_g1_i6.p1	TRINITY_DN37894_c0_g1_i1.p1	39.759	83	1641	125	3.00e-10	52.0
TRINITY_DN11606_c0_g1_i6.p1	TRINITY_DN662_c0_g4_i1.p1	28.017	232	1641	1345	6.49e-15	72.4
TRINITY_DN11606_c0_g1_i6.p1	TRINITY_DN662_c0_g4_i1.p1	25.641	273	1641	1345	7.76e-09	52.4
TRINITY_DN11606_c0_g1_i6.p1	TRINITY_DN662_c0_g4_i1.p1	25.564	133	1641	1345	8.36e-04	35.8
TRINITY_DN11606_c0_g1_i6.p1	TRINITY_DN7214_c0_g1_i11.p1	27.805	205	1641	655	1.75e-13	67.0
TRINITY_DN11606_c0_g1_i6.p1	TRINITY_DN7214_c0_g1_i11.p1	27.928	222	1641	655	4.44e-13	65.9
TRINITY_DN11606_c0_g1_i6.p1	TRINITY_DN4518_c0_g1_i1.p1	26.500	200	1641	1363	5.72e-12	62.8
TRINITY_DN11606_c0_g1_i6.p1	TRINITY_DN4518_c0_g1_i1.p1	25.000	228	1641	1363	1.59e-06	44.7
TRINITY_DN11606_c0_g1_i6.p1	TRINITY_DN662_c0_g1_i2.p1	25.234	214	1641	1516	3.01e-11	60.5
TRINITY_DN11606_c0_g1_i6.p1	TRINITY_DN662_c0_g1_i2.p1	25.431	232	1641	1516	1.37e-08	51.6
TRINITY_DN11606_c0_g1_i6.p1	TRINITY_DN9474_c0_g1_i1.p1	25.991	227	1641	1452	5.95e-11	59.3
TRINITY_DN11606_c0_g1_i6.p1	TRINITY_DN9474_c0_g1_i1.p1	26.630	184	1641	1452	3.32e-08	50.4
TRINITY_DN11606_c0_g1_i6.p1	TRINITY_DN9474_c0_g1_i1.p1	23.529	204	1641	1452	2.89e-04	37.4
TRINITY_DN11606_c0_g1_i6.p1	TRINITY_DN254_c0_g1_i11.p1	25.909	220	1641	1595	2.86e-10	57.0
TRINITY_DN11606_c0_g1_i6.p1	TRINITY_DN254_c0_g1_i11.p1	28.387	155	1641	1595	1.09e-05	42.0
TRINITY_DN11606_c0_g1_i6.p1	TRINITY_DN254_c0_g1_i11.p1	26.776	183	1641	1595	1.01e-04	38.9
TRINITY_DN11606_c0_g1_i6.p1	TRINITY_DN54_c0_g1_i1.p1	23.108	251	1641	1379	8.84e-10	55.5
TRINITY_DN11606_c0_g1_i6.p1	TRINITY_DN20355_c0_g1_i13.p1	24.542	273	1641	888	1.81e-09	54.3
TRINITY_DN11606_c0_g1_i6.p1	TRINITY_DN16854_c0_g2_i2.p1	27.358	212	1641	548	2.01e-09	53.9
TRINITY_DN11606_c0_g1_i6.p1	TRINITY_DN4830_c1_g1_i1.p1	28.342	187	1641	879	2.88e-09	53.5
TRINITY_DN11606_c0_g1_i6.p1	TRINITY_DN4830_c1_g1_i1.p1	27.749	191	1641	879	7.90e-09	52.4
TRINITY_DN11606_c0_g1_i6.p1	TRINITY_DN4830_c1_g1_i1.p1	26.442	208	1641	879	4.05e-04	36.6
TRINITY_DN11606_c0_g1_i6.p1	TRINITY_DN18452_c0_g1_i1.p1	25.373	201	1641	1399	6.17e-09	52.8
TRINITY_DN11606_c0_g1_i6.p1	TRINITY_DN18452_c0_g1_i1.p1	25.532	235	1641	1399	2.34e-08	50.8
TRINITY_DN11606_c0_g1_i6.p1	TRINITY_DN11773_c0_g1_i7.p1	25.581	215	1641	768	3.14e-08	50.1
TRINITY_DN11606_c0_g1_i6.p1	TRINITY_DN18075_c0_g1_i1.p1	27.027	148	1641	645	5.07e-08	49.3
TRINITY_DN11606_c0_g1_i6.p1	TRINITY_DN18075_c0_g1_i1.p1	26.667	150	1641	645	8.95e-04	35.4
TRINITY_DN11606_c0_g1_i6.p1	TRINITY_DN10989_c0_g1_i5.p1	24.779	113	1641	198	5.18e-05	38.5
TRINITY_DN11606_c0_g1_i6.p1	TRINITY_DN35371_c0_g1_i1.p1	25.676	74	1641	120	6.78e-05	36.6
TRINITY_DN11606_c0_g1_i6.p1	TRINITY_DN9037_c0_g1_i11.p1	28.671	143	1641	851	1.70e-04	38.1
TRINITY_DN11606_c0_g1_i6.p1	TRINITY_DN49408_c0_g1_i1.p1	31.884	69	1641	151	6.59e-04	34.3
TRINITY_DN11773_c0_g1_i7.p1	TRINITY_DN11773_c0_g1_i7.p1	100.000	768	768	768	0.0	1595
TRINITY_DN11773_c0_g1_i7.p1	TRINITY_DN33353_c0_g1_i3.p1	36.950	636	768	849	9.00e-144	436
TRINITY_DN11773_c0_g1_i7.p1	TRINITY_DN4426_c0_g1_i3.p1	32.911	474	768	707	2.74e-60	209
TRINITY_DN11773_c0_g1_i7.p1	TRINITY_DN1124_c0_g1_i10.p1	37.395	238	768	1273	6.54e-51	185
TRINITY_DN11773_c0_g1_i7.p1	TRINITY_DN1124_c0_g1_i10.p1	41.525	236	768	1273	2.21e-49	180
TRINITY_DN11773_c0_g1_i7.p1	TRINITY_DN16854_c0_g2_i2.p1	37.860	243	768	548	6.27e-40	147
TRINITY_DN11773_c0_g1_i7.p1	TRINITY_DN18452_c0_g1_i1.p1	33.700	273	768	1399	6.05e-37	141
TRINITY_DN11773_c0_g1_i7.p1	TRINITY_DN18452_c0_g1_i1.p1	26.210	248	768	1399	2.45e-22	94.7
TRINITY_DN11773_c0_g1_i7.p1	TRINITY_DN5424_c0_g1_i1.p1	32.794	247	768	1366	5.79e-36	138
TRINITY_DN11773_c0_g1_i7.p1	TRINITY_DN5424_c0_g1_i1.p1	30.303	231	768	1366	7.05e-26	106
TRINITY_DN11773_c0_g1_i7.p1	TRINITY_DN662_c0_g1_i2.p1	28.772	285	768	1516	9.56e-36	137
TRINITY_DN11773_c0_g1_i7.p1	TRINITY_DN662_c0_g1_i2.p1	27.575	301	768	1516	1.16e-28	115
TRINITY_DN11773_c0_g1_i7.p1	TRINITY_DN662_c0_g4_i1.p1	31.660	259	768	1345	2.64e-35	136
TRINITY_DN11773_c0_g1_i7.p1	TRINITY_DN662_c0_g4_i1.p1	31.250	224	768	1345	1.90e-22	95.1
TRINITY_DN11773_c0_g1_i7.p1	TRINITY_DN4518_c0_g1_i1.p1	31.873	251	768	1363	6.61e-35	135
TRINITY_DN11773_c0_g1_i7.p1	TRINITY_DN4518_c0_g1_i1.p1	26.383	235	768	1363	1.00e-21	92.8
TRINITY_DN11773_c0_g1_i7.p1	TRINITY_DN12134_c0_g1_i3.p1	27.604	384	768	1395	1.65e-34	134
TRINITY_DN11773_c0_g1_i7.p1	TRINITY_DN12134_c0_g1_i3.p1	26.482	253	768	1395	1.91e-24	101
TRINITY_DN11773_c0_g1_i7.p1	TRINITY_DN9474_c0_g1_i1.p1	34.375	224	768	1452	3.67e-31	123
TRINITY_DN11773_c0_g1_i7.p1	TRINITY_DN9474_c0_g1_i1.p1	23.750	240	768	1452	2.35e-20	88.6
TRINITY_DN11773_c0_g1_i7.p1	TRINITY_DN54_c0_g1_i1.p1	30.980	255	768	1379	3.00e-30	120
TRINITY_DN11773_c0_g1_i7.p1	TRINITY_DN54_c0_g1_i1.p1	24.229	227	768	1379	5.30e-20	87.4
TRINITY_DN11773_c0_g1_i7.p1	TRINITY_DN254_c0_g1_i11.p1	31.197	234	768	1595	1.12e-20	89.7
TRINITY_DN11773_c0_g1_i7.p1	TRINITY_DN254_c0_g1_i11.p1	25.000	244	768	1595	1.03e-14	70.1
TRINITY_DN11773_c0_g1_i7.p1	TRINITY_DN10989_c0_g1_i5.p1	32.857	140	768	198	1.04e-19	80.5
TRINITY_DN11773_c0_g1_i7.p1	TRINITY_DN33832_c0_g1_i10.p1	26.718	262	768	1697	6.99e-17	77.4
TRINITY_DN11773_c0_g1_i7.p1	TRINITY_DN33832_c0_g1_i10.p1	26.009	223	768	1697	7.71e-13	64.3
TRINITY_DN11773_c0_g1_i7.p1	TRINITY_DN4644_c0_g1_i1.p1	30.769	234	768	638	7.91e-16	73.2
TRINITY_DN11773_c0_g1_i7.p1	TRINITY_DN9946_c0_g2_i2.p1	28.270	237	768	621	2.00e-15	72.0
TRINITY_DN11773_c0_g1_i7.p1	TRINITY_DN332_c0_g1_i5.p1	28.346	254	768	698	4.40e-15	70.9
TRINITY_DN11773_c0_g1_i7.p1	TRINITY_DN20355_c0_g1_i13.p1	26.754	228	768	888	6.43e-15	70.5
TRINITY_DN11773_c0_g1_i7.p1	TRINITY_DN264_c0_g1_i11.p1	26.609	233	768	1744	1.12e-13	67.0
TRINITY_DN11773_c0_g1_i7.p1	TRINITY_DN264_c0_g1_i11.p1	23.288	219	768	1744	7.78e-09	51.2
TRINITY_DN11773_c0_g1_i7.p1	TRINITY_DN13145_c0_g1_i1.p1	28.111	217	768	593	1.48e-13	65.9
TRINITY_DN11773_c0_g1_i7.p1	TRINITY_DN7214_c0_g1_i11.p1	30.348	201	768	655	4.03e-13	64.7
TRINITY_DN11773_c0_g1_i7.p1	TRINITY_DN5175_c0_g1_i3.p1	23.207	237	768	722	6.07e-13	63.9
TRINITY_DN11773_c0_g1_i7.p1	TRINITY_DN12905_c0_g2_i1.p1	28.293	205	768	629	1.34e-12	62.8
TRINITY_DN11773_c0_g1_i7.p1	TRINITY_DN4709_c2_g1_i1.p1	26.482	253	768	668	2.00e-12	62.4
TRINITY_DN11773_c0_g1_i7.p1	TRINITY_DN9037_c0_g1_i11.p1	28.302	212	768	851	2.54e-12	62.0
TRINITY_DN11773_c0_g1_i7.p1	TRINITY_DN11606_c0_g1_i6.p1	25.346	217	768	1641	9.99e-12	60.5
TRINITY_DN11773_c0_g1_i7.p1	TRINITY_DN1442_c0_g1_i7.p1	23.482	247	768	795	1.07e-11	60.1
TRINITY_DN11773_c0_g1_i7.p1	TRINITY_DN2350_c0_g1_i14.p1	24.545	220	768	791	8.22e-11	57.4
TRINITY_DN11773_c0_g1_i7.p1	TRINITY_DN30_c14_g1_i4.p1	24.091	220	768	669	4.70e-10	54.7
TRINITY_DN11773_c0_g1_i7.p1	TRINITY_DN4830_c1_g1_i1.p1	24.444	225	768	879	6.75e-09	51.2
TRINITY_DN11773_c0_g1_i7.p1	TRINITY_DN4830_c1_g1_i1.p1	27.273	176	768	879	1.21e-07	47.0
TRINITY_DN11773_c0_g1_i7.p1	TRINITY_DN1142_c1_g1_i12.p1	23.311	296	768	764	1.66e-07	46.6
TRINITY_DN11773_c0_g1_i7.p1	TRINITY_DN9986_c0_g1_i1.p1	27.941	68	768	564	1.11e-04	37.4
TRINITY_DN11773_c0_g1_i7.p1	TRINITY_DN37894_c0_g1_i1.p1	28.000	50	768	125	4.74e-04	33.5
TRINITY_DN11773_c0_g1_i7.p1	TRINITY_DN35371_c0_g2_i1.p1	20.765	183	768	224	5.86e-04	34.3
TRINITY_DN12134_c0_g1_i3.p1	TRINITY_DN12134_c0_g1_i3.p1	100.000	1395	1395	1395	0.0	2897
TRINITY_DN12134_c0_g1_i3.p1	TRINITY_DN5424_c0_g1_i1.p1	50.642	1402	1395	1366	0.0	1441
TRINITY_DN12134_c0_g1_i3.p1	TRINITY_DN662_c0_g4_i1.p1	48.223	1379	1395	1345	0.0	1299
TRINITY_DN12134_c0_g1_i3.p1	TRINITY_DN18452_c0_g1_i1.p1	47.138	1415	1395	1399	0.0	1264
TRINITY_DN12134_c0_g1_i3.p1	TRINITY_DN4518_c0_g1_i1.p1	46.231	1393	1395	1363	0.0	1207
TRINITY_DN12134_c0_g1_i3.p1	TRINITY_DN54_c0_g1_i1.p1	44.191	1403	1395	1379	0.0	1134
TRINITY_DN12134_c0_g1_i3.p1	TRINITY_DN9474_c0_g1_i1.p1	38.434	1379	1395	1452	0.0	903
TRINITY_DN12134_c0_g1_i3.p1	TRINITY_DN662_c0_g1_i2.p1	33.964	1428	1395	1516	0.0	702
TRINITY_DN12134_c0_g1_i3.p1	TRINITY_DN254_c0_g1_i11.p1	29.398	1296	1395	1595	1.05e-150	490
TRINITY_DN12134_c0_g1_i3.p1	TRINITY_DN20355_c0_g1_i13.p1	29.149	717	1395	888	2.72e-79	273
TRINITY_DN12134_c0_g1_i3.p1	TRINITY_DN20355_c0_g1_i13.p1	29.381	194	1395	888	1.96e-13	67.0
TRINITY_DN12134_c0_g1_i3.p1	TRINITY_DN9986_c0_g1_i1.p1	28.686	624	1395	564	2.63e-61	213
TRINITY_DN12134_c0_g1_i3.p1	TRINITY_DN1124_c0_g1_i10.p1	25.137	911	1395	1273	1.10e-53	198
TRINITY_DN12134_c0_g1_i3.p1	TRINITY_DN1124_c0_g1_i10.p1	26.220	492	1395	1273	3.10e-39	151
TRINITY_DN12134_c0_g1_i3.p1	TRINITY_DN1124_c0_g1_i10.p1	30.806	211	1395	1273	1.91e-22	96.7
TRINITY_DN12134_c0_g1_i3.p1	TRINITY_DN4426_c0_g1_i3.p1	26.703	543	1395	707	3.69e-39	149
TRINITY_DN12134_c0_g1_i3.p1	TRINITY_DN4426_c0_g1_i3.p1	28.723	282	1395	707	2.46e-26	108
TRINITY_DN12134_c0_g1_i3.p1	TRINITY_DN33353_c0_g1_i3.p1	26.240	484	1395	849	1.14e-33	132
TRINITY_DN12134_c0_g1_i3.p1	TRINITY_DN33353_c0_g1_i3.p1	26.906	223	1395	849	1.36e-21	93.6
TRINITY_DN12134_c0_g1_i3.p1	TRINITY_DN44328_c0_g1_i1.p1	44.643	112	1395	114	3.42e-30	108
TRINITY_DN12134_c0_g1_i3.p1	TRINITY_DN11773_c0_g1_i7.p1	27.604	384	1395	768	3.26e-28	114
TRINITY_DN12134_c0_g1_i3.p1	TRINITY_DN11773_c0_g1_i7.p1	26.482	253	1395	768	9.26e-20	87.4
TRINITY_DN12134_c0_g1_i3.p1	TRINITY_DN9037_c0_g1_i11.p1	34.450	209	1395	851	2.22e-24	102
TRINITY_DN12134_c0_g1_i3.p1	TRINITY_DN9037_c0_g1_i11.p1	27.437	277	1395	851	8.24e-22	94.4
TRINITY_DN12134_c0_g1_i3.p1	TRINITY_DN9037_c0_g1_i11.p1	25.116	215	1395	851	2.48e-05	40.4
TRINITY_DN12134_c0_g1_i3.p1	TRINITY_DN16854_c0_g2_i2.p1	24.354	542	1395	548	2.70e-24	101
TRINITY_DN12134_c0_g1_i3.p1	TRINITY_DN16854_c0_g2_i2.p1	30.734	218	1395	548	2.07e-17	79.3
TRINITY_DN12134_c0_g1_i3.p1	TRINITY_DN2350_c0_g1_i14.p1	28.774	212	1395	791	2.39e-15	73.2
TRINITY_DN12134_c0_g1_i3.p1	TRINITY_DN2350_c0_g1_i14.p1	24.670	227	1395	791	5.79e-13	65.5
TRINITY_DN12134_c0_g1_i3.p1	TRINITY_DN11606_c0_g1_i6.p1	27.511	229	1395	1641	3.39e-15	73.2
TRINITY_DN12134_c0_g1_i3.p1	TRINITY_DN11606_c0_g1_i6.p1	27.941	204	1395	1641	1.48e-09	54.7
TRINITY_DN12134_c0_g1_i3.p1	TRINITY_DN11606_c0_g1_i6.p1	27.411	197	1395	1641	5.95e-09	52.4
TRINITY_DN12134_c0_g1_i3.p1	TRINITY_DN264_c0_g1_i11.p1	30.144	209	1395	1744	1.43e-13	67.8
TRINITY_DN12134_c0_g1_i3.p1	TRINITY_DN264_c0_g1_i11.p1	25.110	227	1395	1744	6.10e-12	62.4
TRINITY_DN12134_c0_g1_i3.p1	TRINITY_DN264_c0_g1_i11.p1	21.277	235	1395	1744	2.85e-07	47.0
TRINITY_DN12134_c0_g1_i3.p1	TRINITY_DN264_c0_g1_i11.p1	25.108	231	1395	1744	4.10e-07	46.6
TRINITY_DN12134_c0_g1_i3.p1	TRINITY_DN5175_c0_g1_i3.p1	24.402	209	1395	722	7.95e-13	64.7
TRINITY_DN12134_c0_g1_i3.p1	TRINITY_DN5175_c0_g1_i3.p1	26.316	209	1395	722	2.40e-11	60.1
TRINITY_DN12134_c0_g1_i3.p1	TRINITY_DN33832_c0_g1_i10.p1	26.293	232	1395	1697	3.28e-12	63.2
TRINITY_DN12134_c0_g1_i3.p1	TRINITY_DN33832_c0_g1_i10.p1	25.105	239	1395	1697	1.40e-10	57.8
TRINITY_DN12134_c0_g1_i3.p1	TRINITY_DN33832_c0_g1_i10.p1	21.667	240	1395	1697	2.34e-07	47.4
TRINITY_DN12134_c0_g1_i3.p1	TRINITY_DN33832_c0_g1_i10.p1	25.110	227	1395	1697	1.80e-04	37.7
TRINITY_DN12134_c0_g1_i3.p1	TRINITY_DN1442_c0_g1_i7.p1	24.314	255	1395	795	6.67e-12	62.0
TRINITY_DN12134_c0_g1_i3.p1	TRINITY_DN1442_c0_g1_i7.p1	22.449	245	1395	795	8.46e-09	51.6
TRINITY_DN12134_c0_g1_i3.p1	TRINITY_DN30_c14_g1_i4.p1	27.225	191	1395	669	1.94e-10	57.0
TRINITY_DN12134_c0_g1_i3.p1	TRINITY_DN30_c14_g1_i4.p1	25.110	227	1395	669	7.80e-10	55.1
TRINITY_DN12134_c0_g1_i3.p1	TRINITY_DN10989_c0_g1_i5.p1	35.000	80	1395	198	6.63e-10	52.8
TRINITY_DN12134_c0_g1_i3.p1	TRINITY_DN10989_c0_g1_i5.p1	33.019	106	1395	198	1.12e-07	46.2
TRINITY_DN12134_c0_g1_i3.p1	TRINITY_DN7214_c0_g1_i11.p1	24.878	205	1395	655	4.82e-09	52.4
TRINITY_DN12134_c0_g1_i3.p1	TRINITY_DN4644_c0_g1_i1.p1	27.723	202	1395	638	9.10e-08	48.1
TRINITY_DN12134_c0_g1_i3.p1	TRINITY_DN4644_c0_g1_i1.p1	23.301	206	1395	638	5.05e-05	39.3
TRINITY_DN12134_c0_g1_i3.p1	TRINITY_DN4830_c1_g1_i1.p1	28.125	192	1395	879	1.07e-07	48.1
TRINITY_DN12134_c0_g1_i3.p1	TRINITY_DN4830_c1_g1_i1.p1	24.686	239	1395	879	8.28e-07	45.4
TRINITY_DN12134_c0_g1_i3.p1	TRINITY_DN332_c0_g1_i5.p1	24.885	217	1395	698	1.90e-06	43.9
TRINITY_DN12134_c0_g1_i3.p1	TRINITY_DN9946_c0_g2_i2.p1	20.614	228	1395	621	2.99e-06	43.5
TRINITY_DN12134_c0_g1_i3.p1	TRINITY_DN35371_c0_g2_i1.p1	29.070	86	1395	224	2.37e-05	39.3
TRINITY_DN12134_c0_g1_i3.p1	TRINITY_DN12905_c0_g2_i1.p1	24.272	206	1395	629	3.58e-05	39.7
TRINITY_DN12134_c0_g1_i3.p1	TRINITY_DN37894_c0_g1_i1.p1	25.000	120	1395	125	4.71e-04	34.3
TRINITY_DN12134_c0_g1_i3.p1	TRINITY_DN18075_c0_g1_i1.p1	21.287	202	1395	645	6.27e-04	35.8
TRINITY_DN12134_c0_g1_i3.p1	TRINITY_DN1142_c1_g1_i12.p1	21.951	164	1395	764	0.001	35.4
TRINITY_DN12905_c0_g2_i1.p1	TRINITY_DN12905_c0_g2_i1.p1	100.000	629	629	629	0.0	1307
TRINITY_DN12905_c0_g2_i1.p1	TRINITY_DN332_c0_g1_i5.p1	37.615	654	629	698	1.88e-155	457
TRINITY_DN12905_c0_g2_i1.p1	TRINITY_DN4709_c2_g1_i1.p1	39.490	628	629	668	4.95e-152	447
TRINITY_DN12905_c0_g2_i1.p1	TRINITY_DN4644_c0_g1_i1.p1	37.520	637	629	638	8.57e-147	432
TRINITY_DN12905_c0_g2_i1.p1	TRINITY_DN7214_c0_g1_i11.p1	35.443	632	629	655	1.96e-140	417
TRINITY_DN12905_c0_g2_i1.p1	TRINITY_DN9946_c0_g2_i2.p1	34.173	635	629	621	2.76e-129	387
TRINITY_DN12905_c0_g2_i1.p1	TRINITY_DN13145_c0_g1_i1.p1	32.773	238	629	593	2.81e-34	130
TRINITY_DN12905_c0_g2_i1.p1	TRINITY_DN18075_c0_g1_i1.p1	23.529	289	629	645	5.06e-27	108
TRINITY_DN12905_c0_g2_i1.p1	TRINITY_DN21780_c0_g2_i1.p1	40.146	137	629	136	1.77e-26	97.8
TRINITY_DN12905_c0_g2_i1.p1	TRINITY_DN49408_c0_g1_i1.p1	46.957	115	629	151	3.94e-26	97.1
TRINITY_DN12905_c0_g2_i1.p1	TRINITY_DN33832_c0_g1_i10.p1	31.604	212	629	1697	1.40e-21	92.0
TRINITY_DN12905_c0_g2_i1.p1	TRINITY_DN33832_c0_g1_i10.p1	29.518	166	629	1697	6.43e-16	73.6
TRINITY_DN12905_c0_g2_i1.p1	TRINITY_DN5175_c0_g1_i3.p1	32.065	184	629	722	5.13e-19	83.2
TRINITY_DN12905_c0_g2_i1.p1	TRINITY_DN1124_c0_g1_i10.p1	28.807	243	629	1273	8.99e-19	82.8
TRINITY_DN12905_c0_g2_i1.p1	TRINITY_DN1124_c0_g1_i10.p1	28.837	215	629	1273	1.34e-13	66.2
TRINITY_DN12905_c0_g2_i1.p1	TRINITY_DN21780_c0_g1_i1.p1	24.670	227	629	175	1.13e-18	76.6
TRINITY_DN12905_c0_g2_i1.p1	TRINITY_DN264_c0_g1_i11.p1	30.168	179	629	1744	7.10e-18	80.1
TRINITY_DN12905_c0_g2_i1.p1	TRINITY_DN264_c0_g1_i11.p1	28.889	225	629	1744	8.01e-18	79.7
TRINITY_DN12905_c0_g2_i1.p1	TRINITY_DN33353_c0_g1_i3.p1	28.205	234	629	849	2.11e-17	78.2
TRINITY_DN12905_c0_g2_i1.p1	TRINITY_DN11606_c0_g1_i6.p1	30.556	180	629	1641	4.32e-17	77.4
TRINITY_DN12905_c0_g2_i1.p1	TRINITY_DN11606_c0_g1_i6.p1	26.857	175	629	1641	1.69e-11	59.3
TRINITY_DN12905_c0_g2_i1.p1	TRINITY_DN4426_c0_g1_i3.p1	26.339	224	629	707	6.01e-16	73.2
TRINITY_DN12905_c0_g2_i1.p1	TRINITY_DN4830_c1_g1_i1.p1	36.000	150	629	879	2.73e-12	61.6
TRINITY_DN12905_c0_g2_i1.p1	TRINITY_DN4830_c1_g1_i1.p1	38.571	70	629	879	5.39e-04	34.7
TRINITY_DN12905_c0_g2_i1.p1	TRINITY_DN2350_c0_g1_i14.p1	28.415	183	629	791	3.21e-12	61.2
TRINITY_DN12905_c0_g2_i1.p1	TRINITY_DN9474_c0_g1_i1.p1	26.337	243	629	1452	4.01e-12	61.2
TRINITY_DN12905_c0_g2_i1.p1	TRINITY_DN9474_c0_g1_i1.p1	28.061	196	629	1452	9.19e-07	43.9
TRINITY_DN12905_c0_g2_i1.p1	TRINITY_DN35371_c0_g2_i1.p1	32.184	87	629	224	5.47e-12	58.2
TRINITY_DN12905_c0_g2_i1.p1	TRINITY_DN1442_c0_g1_i7.p1	28.655	171	629	795	7.35e-12	60.1
TRINITY_DN12905_c0_g2_i1.p1	TRINITY_DN16854_c0_g2_i2.p1	29.114	237	629	548	5.25e-11	57.4
TRINITY_DN12905_c0_g2_i1.p1	TRINITY_DN11773_c0_g1_i7.p1	36.145	83	629	768	4.79e-10	54.3
TRINITY_DN12905_c0_g2_i1.p1	TRINITY_DN5424_c0_g1_i1.p1	23.473	311	629	1366	9.95e-10	53.5
TRINITY_DN12905_c0_g2_i1.p1	TRINITY_DN5424_c0_g1_i1.p1	25.253	198	629	1366	6.61e-05	37.7
TRINITY_DN12905_c0_g2_i1.p1	TRINITY_DN662_c0_g4_i1.p1	29.500	200	629	1345	2.52e-09	52.4
TRINITY_DN12905_c0_g2_i1.p1	TRINITY_DN662_c0_g4_i1.p1	25.000	200	629	1345	1.70e-05	39.7
TRINITY_DN12905_c0_g2_i1.p1	TRINITY_DN20355_c0_g1_i13.p1	26.141	241	629	888	6.74e-09	50.8
TRINITY_DN12905_c0_g2_i1.p1	TRINITY_DN18452_c0_g1_i1.p1	26.904	197	629	1399	7.74e-09	50.8
TRINITY_DN12905_c0_g2_i1.p1	TRINITY_DN18452_c0_g1_i1.p1	27.027	185	629	1399	1.51e-06	43.1
TRINITY_DN12905_c0_g2_i1.p1	TRINITY_DN54_c0_g1_i1.p1	26.693	251	629	1379	9.97e-09	50.4
TRINITY_DN12905_c0_g2_i1.p1	TRINITY_DN54_c0_g1_i1.p1	26.087	184	629	1379	2.37e-04	36.2
TRINITY_DN12905_c0_g2_i1.p1	TRINITY_DN662_c0_g1_i2.p1	29.500	200	629	1516	4.31e-08	48.1
TRINITY_DN12905_c0_g2_i1.p1	TRINITY_DN37894_c0_g1_i1.p1	36.620	71	629	125	4.97e-07	41.6
TRINITY_DN12905_c0_g2_i1.p1	TRINITY_DN1142_c1_g1_i12.p1	28.641	206	629	764	1.06e-05	40.4
TRINITY_DN12905_c0_g2_i1.p1	TRINITY_DN30_c14_g1_i4.p1	25.472	212	629	669	1.46e-05	39.7
TRINITY_DN12905_c0_g2_i1.p1	TRINITY_DN12134_c0_g1_i3.p1	24.272	206	629	1395	1.68e-05	39.7
TRINITY_DN12905_c0_g2_i1.p1	TRINITY_DN4518_c0_g1_i1.p1	26.738	187	629	1363	7.07e-05	37.7
TRINITY_DN12905_c0_g2_i1.p1	TRINITY_DN4518_c0_g1_i1.p1	23.529	170	629	1363	1.40e-04	37.0
TRINITY_DN12905_c0_g2_i1.p1	TRINITY_DN254_c0_g1_i11.p1	33.333	63	629	1595	7.62e-05	37.7
TRINITY_DN13145_c0_g1_i1.p1	TRINITY_DN13145_c0_g1_i1.p1	100.000	593	593	593	0.0	1219
TRINITY_DN13145_c0_g1_i1.p1	TRINITY_DN7214_c0_g1_i11.p1	27.222	540	593	655	2.55e-52	182
TRINITY_DN13145_c0_g1_i1.p1	TRINITY_DN4644_c0_g1_i1.p1	27.572	486	593	638	6.38e-44	158
TRINITY_DN13145_c0_g1_i1.p1	TRINITY_DN332_c0_g1_i5.p1	33.220	295	593	698	4.48e-42	154
TRINITY_DN13145_c0_g1_i1.p1	TRINITY_DN332_c0_g1_i5.p1	23.005	213	593	698	3.54e-07	45.1
TRINITY_DN13145_c0_g1_i1.p1	TRINITY_DN9946_c0_g2_i2.p1	26.346	520	593	621	6.02e-41	149
TRINITY_DN13145_c0_g1_i1.p1	TRINITY_DN4709_c2_g1_i1.p1	24.463	605	593	668	8.13e-39	144
TRINITY_DN13145_c0_g1_i1.p1	TRINITY_DN12905_c0_g2_i1.p1	32.773	238	593	629	1.75e-37	139
TRINITY_DN13145_c0_g1_i1.p1	TRINITY_DN18075_c0_g1_i1.p1	22.263	548	593	645	1.50e-23	97.1
TRINITY_DN13145_c0_g1_i1.p1	TRINITY_DN264_c0_g1_i11.p1	30.288	208	593	1744	2.01e-22	94.4
TRINITY_DN13145_c0_g1_i1.p1	TRINITY_DN264_c0_g1_i11.p1	27.928	222	593	1744	9.28e-16	73.2
TRINITY_DN13145_c0_g1_i1.p1	TRINITY_DN33832_c0_g1_i10.p1	26.786	224	593	1697	3.35e-19	84.0
TRINITY_DN13145_c0_g1_i1.p1	TRINITY_DN33832_c0_g1_i10.p1	27.451	255	593	1697	4.97e-17	77.0
TRINITY_DN13145_c0_g1_i1.p1	TRINITY_DN11606_c0_g1_i6.p1	32.903	155	593	1641	1.32e-18	82.0
TRINITY_DN13145_c0_g1_i1.p1	TRINITY_DN11606_c0_g1_i6.p1	23.383	201	593	1641	2.80e-05	38.9
TRINITY_DN13145_c0_g1_i1.p1	TRINITY_DN2350_c0_g1_i14.p1	28.879	232	593	791	1.02e-17	79.0
TRINITY_DN13145_c0_g1_i1.p1	TRINITY_DN5175_c0_g1_i3.p1	27.391	230	593	722	3.03e-17	77.4
TRINITY_DN13145_c0_g1_i1.p1	TRINITY_DN33353_c0_g1_i3.p1	27.315	216	593	849	4.31e-16	73.6
TRINITY_DN13145_c0_g1_i1.p1	TRINITY_DN1124_c0_g1_i10.p1	27.354	223	593	1273	8.83e-16	72.8
TRINITY_DN13145_c0_g1_i1.p1	TRINITY_DN1124_c0_g1_i10.p1	26.667	225	593	1273	2.32e-14	68.6
TRINITY_DN13145_c0_g1_i1.p1	TRINITY_DN4426_c0_g1_i3.p1	27.230	213	593	707	8.65e-14	66.2
TRINITY_DN13145_c0_g1_i1.p1	TRINITY_DN1442_c0_g1_i7.p1	26.201	229	593	795	5.93e-13	63.5
TRINITY_DN13145_c0_g1_i1.p1	TRINITY_DN35371_c0_g2_i1.p1	24.000	175	593	224	1.21e-12	60.1
TRINITY_DN13145_c0_g1_i1.p1	TRINITY_DN11773_c0_g1_i7.p1	28.111	217	593	768	1.24e-11	59.3
TRINITY_DN13145_c0_g1_i1.p1	TRINITY_DN54_c0_g1_i1.p1	24.306	288	593	1379	1.84e-09	52.4
TRINITY_DN13145_c0_g1_i1.p1	TRINITY_DN18452_c0_g1_i1.p1	25.114	219	593	1399	1.95e-09	52.4
TRINITY_DN13145_c0_g1_i1.p1	TRINITY_DN18452_c0_g1_i1.p1	25.000	204	593	1399	6.57e-09	50.8
TRINITY_DN13145_c0_g1_i1.p1	TRINITY_DN662_c0_g4_i1.p1	24.413	213	593	1345	2.22e-09	52.4
TRINITY_DN13145_c0_g1_i1.p1	TRINITY_DN662_c0_g4_i1.p1	23.611	216	593	1345	1.01e-05	40.4
TRINITY_DN13145_c0_g1_i1.p1	TRINITY_DN5424_c0_g1_i1.p1	26.442	208	593	1366	2.51e-09	52.0
TRINITY_DN13145_c0_g1_i1.p1	TRINITY_DN5424_c0_g1_i1.p1	23.415	205	593	1366	6.74e-07	44.3
TRINITY_DN13145_c0_g1_i1.p1	TRINITY_DN37894_c0_g1_i1.p1	29.524	105	593	125	3.92e-09	47.8
TRINITY_DN13145_c0_g1_i1.p1	TRINITY_DN662_c0_g1_i2.p1	24.845	161	593	1516	7.30e-09	50.4
TRINITY_DN13145_c0_g1_i1.p1	TRINITY_DN662_c0_g1_i2.p1	24.359	156	593	1516	7.15e-05	37.7
TRINITY_DN13145_c0_g1_i1.p1	TRINITY_DN21780_c0_g1_i1.p1	29.825	57	593	175	1.36e-08	47.0
TRINITY_DN13145_c0_g1_i1.p1	TRINITY_DN49408_c0_g1_i1.p1	56.410	39	593	151	1.48e-07	43.5
TRINITY_DN13145_c0_g1_i1.p1	TRINITY_DN4518_c0_g1_i1.p1	24.762	210	593	1363	1.74e-07	46.2
TRINITY_DN13145_c0_g1_i1.p1	TRINITY_DN4518_c0_g1_i1.p1	22.917	240	593	1363	8.41e-06	40.8
TRINITY_DN13145_c0_g1_i1.p1	TRINITY_DN16854_c0_g2_i2.p1	24.157	178	593	548	7.18e-07	43.9
TRINITY_DN13145_c0_g1_i1.p1	TRINITY_DN4830_c1_g1_i1.p1	31.618	136	593	879	9.34e-07	43.5
TRINITY_DN13145_c0_g1_i1.p1	TRINITY_DN4830_c1_g1_i1.p1	27.374	179	593	879	8.49e-06	40.4
TRINITY_DN13145_c0_g1_i1.p1	TRINITY_DN12134_c0_g1_i3.p1	25.121	207	593	1395	9.75e-07	43.5
TRINITY_DN13145_c0_g1_i1.p1	TRINITY_DN12134_c0_g1_i3.p1	22.791	215	593	1395	6.58e-06	40.8
TRINITY_DN13145_c0_g1_i1.p1	TRINITY_DN9474_c0_g1_i1.p1	22.984	248	593	1452	1.84e-06	42.7
TRINITY_DN13145_c0_g1_i1.p1	TRINITY_DN9474_c0_g1_i1.p1	23.697	211	593	1452	3.32e-06	42.0
TRINITY_DN13145_c0_g1_i1.p1	TRINITY_DN20355_c0_g1_i13.p1	26.471	204	593	888	4.33e-06	41.6
TRINITY_DN13145_c0_g1_i1.p1	TRINITY_DN254_c0_g1_i11.p1	22.549	204	593	1595	7.92e-06	40.8
TRINITY_DN13145_c0_g1_i1.p1	TRINITY_DN254_c0_g1_i11.p1	25.157	159	593	1595	3.30e-04	35.4
TRINITY_DN13145_c0_g1_i1.p1	TRINITY_DN9037_c0_g1_i11.p1	35.821	67	593	851	4.57e-04	35.0
TRINITY_DN13145_c0_g1_i1.p1	TRINITY_DN30_c14_g1_i4.p1	23.280	189	593	669	0.001	33.9
TRINITY_DN1442_c0_g1_i7.p1	TRINITY_DN1442_c0_g1_i7.p1	100.000	795	795	795	0.0	1646
TRINITY_DN1442_c0_g1_i7.p1	TRINITY_DN2350_c0_g1_i14.p1	48.822	764	795	791	0.0	671
TRINITY_DN1442_c0_g1_i7.p1	TRINITY_DN5175_c0_g1_i3.p1	40.237	758	795	722	0.0	570
TRINITY_DN1442_c0_g1_i7.p1	TRINITY_DN11606_c0_g1_i6.p1	36.316	190	795	1641	8.56e-28	112
TRINITY_DN1442_c0_g1_i7.p1	TRINITY_DN11606_c0_g1_i6.p1	28.780	205	795	1641	4.27e-17	78.2
TRINITY_DN1442_c0_g1_i7.p1	TRINITY_DN33832_c0_g1_i10.p1	30.568	229	795	1697	5.68e-27	110
TRINITY_DN1442_c0_g1_i7.p1	TRINITY_DN33832_c0_g1_i10.p1	30.043	233	795	1697	7.30e-23	96.7
TRINITY_DN1442_c0_g1_i7.p1	TRINITY_DN264_c0_g1_i11.p1	32.075	212	795	1744	6.10e-27	110
TRINITY_DN1442_c0_g1_i7.p1	TRINITY_DN264_c0_g1_i11.p1	29.078	282	795	1744	6.59e-27	109
TRINITY_DN1442_c0_g1_i7.p1	TRINITY_DN35371_c0_g2_i1.p1	30.412	194	795	224	1.41e-19	80.9
TRINITY_DN1442_c0_g1_i7.p1	TRINITY_DN33353_c0_g1_i3.p1	25.641	234	795	849	3.17e-18	81.3
TRINITY_DN1442_c0_g1_i7.p1	TRINITY_DN9474_c0_g1_i1.p1	24.519	208	795	1452	2.94e-17	78.6
TRINITY_DN1442_c0_g1_i7.p1	TRINITY_DN9474_c0_g1_i1.p1	24.219	256	795	1452	1.31e-10	57.0
TRINITY_DN1442_c0_g1_i7.p1	TRINITY_DN662_c0_g1_i2.p1	23.333	390	795	1516	4.03e-16	74.7
TRINITY_DN1442_c0_g1_i7.p1	TRINITY_DN662_c0_g1_i2.p1	25.806	217	795	1516	2.42e-07	46.2
TRINITY_DN1442_c0_g1_i7.p1	TRINITY_DN4644_c0_g1_i1.p1	27.749	191	795	638	2.97e-15	71.6
TRINITY_DN1442_c0_g1_i7.p1	TRINITY_DN9946_c0_g2_i2.p1	28.571	196	795	621	5.40e-15	70.5
TRINITY_DN1442_c0_g1_i7.p1	TRINITY_DN332_c0_g1_i5.p1	28.421	190	795	698	5.47e-15	70.9
TRINITY_DN1442_c0_g1_i7.p1	TRINITY_DN4426_c0_g1_i3.p1	27.559	254	795	707	1.51e-14	69.3
TRINITY_DN1442_c0_g1_i7.p1	TRINITY_DN18452_c0_g1_i1.p1	25.773	291	795	1399	2.62e-14	68.9
TRINITY_DN1442_c0_g1_i7.p1	TRINITY_DN18452_c0_g1_i1.p1	23.308	266	795	1399	1.15e-12	63.5
TRINITY_DN1442_c0_g1_i7.p1	TRINITY_DN20355_c0_g1_i13.p1	29.817	218	795	888	2.20e-13	65.9
TRINITY_DN1442_c0_g1_i7.p1	TRINITY_DN1124_c0_g1_i10.p1	25.943	212	795	1273	2.78e-13	65.5
TRINITY_DN1442_c0_g1_i7.p1	TRINITY_DN1124_c0_g1_i10.p1	24.464	233	795	1273	2.78e-13	65.5
TRINITY_DN1442_c0_g1_i7.p1	TRINITY_DN4709_c2_g1_i1.p1	29.534	193	795	668	2.97e-13	65.1
TRINITY_DN1442_c0_g1_i7.p1	TRINITY_DN4518_c0_g1_i1.p1	23.929	280	795	1363	4.11e-13	65.1
TRINITY_DN1442_c0_g1_i7.p1	TRINITY_DN4518_c0_g1_i1.p1	22.388	335	795	1363	1.35e-11	60.1
TRINITY_DN1442_c0_g1_i7.p1	TRINITY_DN7214_c0_g1_i11.p1	29.534	193	795	655	4.58e-13	64.3
TRINITY_DN1442_c0_g1_i7.p1	TRINITY_DN54_c0_g1_i1.p1	23.929	280	795	1379	6.35e-13	64.3
TRINITY_DN1442_c0_g1_i7.p1	TRINITY_DN54_c0_g1_i1.p1	26.866	201	795	1379	8.73e-11	57.4
TRINITY_DN1442_c0_g1_i7.p1	TRINITY_DN12905_c0_g2_i1.p1	28.655	171	795	629	8.65e-13	63.5
TRINITY_DN1442_c0_g1_i7.p1	TRINITY_DN37894_c0_g1_i1.p1	35.714	84	795	125	3.94e-12	56.6
TRINITY_DN1442_c0_g1_i7.p1	TRINITY_DN13145_c0_g1_i1.p1	26.754	228	795	593	4.69e-12	61.2
TRINITY_DN1442_c0_g1_i7.p1	TRINITY_DN12134_c0_g1_i3.p1	25.984	254	795	1395	6.33e-12	61.2
TRINITY_DN1442_c0_g1_i7.p1	TRINITY_DN12134_c0_g1_i3.p1	22.449	245	795	1395	1.60e-10	56.6
TRINITY_DN1442_c0_g1_i7.p1	TRINITY_DN5424_c0_g1_i1.p1	26.786	224	795	1366	2.77e-11	58.9
TRINITY_DN1442_c0_g1_i7.p1	TRINITY_DN5424_c0_g1_i1.p1	20.849	259	795	1366	2.33e-10	56.2
TRINITY_DN1442_c0_g1_i7.p1	TRINITY_DN16854_c0_g2_i2.p1	27.570	214	795	548	9.71e-11	57.0
TRINITY_DN1442_c0_g1_i7.p1	TRINITY_DN254_c0_g1_i11.p1	25.316	237	795	1595	2.26e-10	56.2
TRINITY_DN1442_c0_g1_i7.p1	TRINITY_DN254_c0_g1_i11.p1	22.927	205	795	1595	9.51e-05	37.7
TRINITY_DN1442_c0_g1_i7.p1	TRINITY_DN662_c0_g4_i1.p1	23.445	209	795	1345	3.94e-10	55.5
TRINITY_DN1442_c0_g1_i7.p1	TRINITY_DN662_c0_g4_i1.p1	23.256	215	795	1345	2.28e-07	46.2
TRINITY_DN1442_c0_g1_i7.p1	TRINITY_DN4830_c1_g1_i1.p1	28.421	190	795	879	1.58e-09	53.1
TRINITY_DN1442_c0_g1_i7.p1	TRINITY_DN4830_c1_g1_i1.p1	29.197	137	795	879	1.06e-07	47.4
TRINITY_DN1442_c0_g1_i7.p1	TRINITY_DN18075_c0_g1_i1.p1	25.767	163	795	645	3.46e-08	48.5
TRINITY_DN1442_c0_g1_i7.p1	TRINITY_DN11773_c0_g1_i7.p1	26.667	120	795	768	1.14e-07	47.0
TRINITY_DN1442_c0_g1_i7.p1	TRINITY_DN30_c14_g1_i4.p1	27.273	165	795	669	3.35e-06	42.4
TRINITY_DN1442_c0_g1_i7.p1	TRINITY_DN10989_c0_g1_i5.p1	27.826	115	795	198	1.71e-04	35.8
TRINITY_DN16854_c0_g1_i1.p1	TRINITY_DN16854_c0_g1_i1.p1	100.000	149	149	149	1.50e-112	308
TRINITY_DN16854_c0_g1_i1.p1	TRINITY_DN1124_c0_g1_i10.p1	25.862	116	149	1273	8.34e-10	48.5
TRINITY_DN16854_c0_g2_i2.p1	TRINITY_DN16854_c0_g2_i2.p1	100.000	548	548	548	0.0	1103
TRINITY_DN16854_c0_g2_i2.p1	TRINITY_DN1124_c0_g1_i10.p1	44.403	536	548	1273	1.01e-141	434
TRINITY_DN16854_c0_g2_i2.p1	TRINITY_DN1124_c0_g1_i10.p1	36.914	512	548	1273	7.78e-98	315
TRINITY_DN16854_c0_g2_i2.p1	TRINITY_DN4426_c0_g1_i3.p1	32.580	531	548	707	2.37e-80	259
TRINITY_DN16854_c0_g2_i2.p1	TRINITY_DN33353_c0_g1_i3.p1	32.613	463	548	849	1.16e-62	213
TRINITY_DN16854_c0_g2_i2.p1	TRINITY_DN11773_c0_g1_i7.p1	38.272	243	548	768	1.10e-42	155
TRINITY_DN16854_c0_g2_i2.p1	TRINITY_DN10989_c0_g1_i5.p1	42.640	197	548	198	1.89e-42	143
TRINITY_DN16854_c0_g2_i2.p1	TRINITY_DN18452_c0_g1_i1.p1	26.071	537	548	1399	5.37e-39	145
TRINITY_DN16854_c0_g2_i2.p1	TRINITY_DN18452_c0_g1_i1.p1	31.579	228	548	1399	3.37e-26	105
TRINITY_DN16854_c0_g2_i2.p1	TRINITY_DN4518_c0_g1_i1.p1	26.655	559	548	1363	1.07e-34	132
TRINITY_DN16854_c0_g2_i2.p1	TRINITY_DN4518_c0_g1_i1.p1	33.058	242	548	1363	3.36e-24	99.4
TRINITY_DN16854_c0_g2_i2.p1	TRINITY_DN662_c0_g4_i1.p1	29.773	309	548	1345	5.81e-33	126
TRINITY_DN16854_c0_g2_i2.p1	TRINITY_DN662_c0_g4_i1.p1	28.028	289	548	1345	4.80e-24	99.0
TRINITY_DN16854_c0_g2_i2.p1	TRINITY_DN662_c0_g1_i2.p1	32.271	251	548	1516	6.10e-33	126
TRINITY_DN16854_c0_g2_i2.p1	TRINITY_DN662_c0_g1_i2.p1	25.794	252	548	1516	6.12e-21	89.4
TRINITY_DN16854_c0_g2_i2.p1	TRINITY_DN5424_c0_g1_i1.p1	26.306	517	548	1366	7.91e-32	123
TRINITY_DN16854_c0_g2_i2.p1	TRINITY_DN5424_c0_g1_i1.p1	29.386	228	548	1366	1.56e-25	103
TRINITY_DN16854_c0_g2_i2.p1	TRINITY_DN54_c0_g1_i1.p1	25.414	543	548	1379	1.99e-31	122
TRINITY_DN16854_c0_g2_i2.p1	TRINITY_DN54_c0_g1_i1.p1	30.032	313	548	1379	5.11e-29	114
TRINITY_DN16854_c0_g2_i2.p1	TRINITY_DN12134_c0_g1_i3.p1	28.938	273	548	1395	6.65e-29	114
TRINITY_DN16854_c0_g2_i2.p1	TRINITY_DN12134_c0_g1_i3.p1	30.734	218	548	1395	1.27e-23	97.8
TRINITY_DN16854_c0_g2_i2.p1	TRINITY_DN9474_c0_g1_i1.p1	33.065	248	548	1452	9.48e-29	113
TRINITY_DN16854_c0_g2_i2.p1	TRINITY_DN9474_c0_g1_i1.p1	29.577	213	548	1452	1.79e-25	103
TRINITY_DN16854_c0_g2_i2.p1	TRINITY_DN254_c0_g1_i11.p1	25.787	508	548	1595	7.41e-23	95.5
TRINITY_DN16854_c0_g2_i2.p1	TRINITY_DN254_c0_g1_i11.p1	26.203	187	548	1595	2.22e-14	68.2
TRINITY_DN16854_c0_g2_i2.p1	TRINITY_DN18570_c0_g1_i2.p1	34.483	145	548	150	9.83e-21	81.6
TRINITY_DN16854_c0_g2_i2.p1	TRINITY_DN2350_c0_g1_i14.p1	31.532	222	548	791	5.66e-19	82.8
TRINITY_DN16854_c0_g2_i2.p1	TRINITY_DN5175_c0_g1_i3.p1	30.303	231	548	722	2.74e-18	80.5
TRINITY_DN16854_c0_g2_i2.p1	TRINITY_DN20355_c0_g1_i13.p1	30.894	246	548	888	3.10e-18	80.5
TRINITY_DN16854_c0_g2_i2.p1	TRINITY_DN7214_c0_g1_i11.p1	28.750	240	548	655	1.63e-17	77.8
TRINITY_DN16854_c0_g2_i2.p1	TRINITY_DN9037_c0_g1_i11.p1	37.000	200	548	851	6.76e-17	76.3
TRINITY_DN16854_c0_g2_i2.p1	TRINITY_DN1442_c0_g1_i7.p1	29.665	209	548	795	6.84e-15	69.7
TRINITY_DN16854_c0_g2_i2.p1	TRINITY_DN33832_c0_g1_i10.p1	27.570	214	548	1697	1.08e-14	69.3
TRINITY_DN16854_c0_g2_i2.p1	TRINITY_DN33832_c0_g1_i10.p1	24.868	189	548	1697	9.33e-06	40.4
TRINITY_DN16854_c0_g2_i2.p1	TRINITY_DN11606_c0_g1_i6.p1	29.245	212	548	1641	2.29e-14	68.2
TRINITY_DN16854_c0_g2_i2.p1	TRINITY_DN11606_c0_g1_i6.p1	25.654	191	548	1641	1.76e-05	39.7
TRINITY_DN16854_c0_g2_i2.p1	TRINITY_DN12905_c0_g2_i1.p1	29.661	236	548	629	3.81e-14	67.0
TRINITY_DN16854_c0_g2_i2.p1	TRINITY_DN332_c0_g1_i5.p1	31.122	196	548	698	8.02e-14	66.2
TRINITY_DN16854_c0_g2_i2.p1	TRINITY_DN264_c0_g1_i11.p1	26.190	210	548	1744	1.34e-13	65.9
TRINITY_DN16854_c0_g2_i2.p1	TRINITY_DN264_c0_g1_i11.p1	23.913	184	548	1744	9.67e-07	43.5
TRINITY_DN16854_c0_g2_i2.p1	TRINITY_DN4709_c2_g1_i1.p1	25.926	243	548	668	7.33e-13	63.2
TRINITY_DN16854_c0_g2_i2.p1	TRINITY_DN4644_c0_g1_i1.p1	27.586	203	548	638	7.58e-13	62.8
TRINITY_DN16854_c0_g2_i2.p1	TRINITY_DN30_c14_g1_i4.p1	27.143	210	548	669	2.42e-12	61.2
TRINITY_DN16854_c0_g2_i2.p1	TRINITY_DN9946_c0_g2_i2.p1	29.240	171	548	621	2.84e-12	61.2
TRINITY_DN16854_c0_g2_i2.p1	TRINITY_DN1142_c1_g1_i12.p1	26.368	201	548	764	6.76e-11	56.6
TRINITY_DN16854_c0_g2_i2.p1	TRINITY_DN13145_c0_g1_i1.p1	24.242	231	548	593	2.26e-07	45.4
TRINITY_DN16854_c0_g2_i2.p1	TRINITY_DN4830_c1_g1_i1.p1	27.545	167	548	879	3.58e-07	44.7
TRINITY_DN16854_c0_g2_i2.p1	TRINITY_DN4830_c1_g1_i1.p1	39.130	46	548	879	4.71e-07	44.3
TRINITY_DN16854_c0_g2_i2.p1	TRINITY_DN9986_c0_g1_i1.p1	22.039	363	548	564	1.47e-06	42.7
TRINITY_DN16854_c0_g2_i2.p1	TRINITY_DN49408_c0_g1_i1.p1	35.185	54	548	151	9.05e-05	35.4
TRINITY_DN16854_c0_g4_i1.p1	TRINITY_DN16854_c0_g4_i1.p1	100.000	214	214	214	4.02e-159	431
TRINITY_DN16854_c0_g4_i1.p1	TRINITY_DN1124_c0_g1_i10.p1	23.864	176	214	1273	3.52e-10	51.2
TRINITY_DN16854_c0_g4_i1.p1	TRINITY_DN1124_c0_g1_i10.p1	26.852	108	214	1273	2.60e-06	39.7
TRINITY_DN16854_c0_g4_i1.p1	TRINITY_DN54_c0_g1_i1.p1	28.378	74	214	1379	2.52e-05	36.6
TRINITY_DN16854_c0_g5_i1.p2	TRINITY_DN16854_c0_g5_i1.p2	100.000	101	101	101	3.31e-74	207
TRINITY_DN16854_c0_g5_i1.p2	TRINITY_DN1124_c0_g1_i10.p1	24.752	101	101	1273	1.48e-08	43.1
TRINITY_DN18075_c0_g1_i1.p1	TRINITY_DN18075_c0_g1_i1.p1	100.000	645	645	645	0.0	1329
TRINITY_DN18075_c0_g1_i1.p1	TRINITY_DN9946_c0_g2_i2.p1	24.568	521	645	621	3.25e-33	127
TRINITY_DN18075_c0_g1_i1.p1	TRINITY_DN7214_c0_g1_i11.p1	22.780	518	645	655	1.32e-30	119
TRINITY_DN18075_c0_g1_i1.p1	TRINITY_DN332_c0_g1_i5.p1	22.014	586	645	698	2.17e-30	119
TRINITY_DN18075_c0_g1_i1.p1	TRINITY_DN4644_c0_g1_i1.p1	27.600	250	645	638	4.14e-27	108
TRINITY_DN18075_c0_g1_i1.p1	TRINITY_DN12905_c0_g2_i1.p1	23.529	289	645	629	5.93e-27	108
TRINITY_DN18075_c0_g1_i1.p1	TRINITY_DN4709_c2_g1_i1.p1	28.326	233	645	668	1.21e-23	97.8
TRINITY_DN18075_c0_g1_i1.p1	TRINITY_DN13145_c0_g1_i1.p1	26.820	261	645	593	2.91e-21	90.1
TRINITY_DN18075_c0_g1_i1.p1	TRINITY_DN33832_c0_g1_i10.p1	23.715	253	645	1697	7.28e-10	53.9
TRINITY_DN18075_c0_g1_i1.p1	TRINITY_DN33832_c0_g1_i10.p1	22.072	222	645	1697	1.52e-08	49.7
TRINITY_DN18075_c0_g1_i1.p1	TRINITY_DN5175_c0_g1_i3.p1	25.143	175	645	722	1.30e-09	53.1
TRINITY_DN18075_c0_g1_i1.p1	TRINITY_DN264_c0_g1_i11.p1	22.026	227	645	1744	5.10e-09	51.2
TRINITY_DN18075_c0_g1_i1.p1	TRINITY_DN4426_c0_g1_i3.p1	25.000	228	645	707	1.53e-08	49.7
TRINITY_DN18075_c0_g1_i1.p1	TRINITY_DN11606_c0_g1_i6.p1	27.027	148	645	1641	1.99e-08	49.3
TRINITY_DN18075_c0_g1_i1.p1	TRINITY_DN11606_c0_g1_i6.p1	26.667	150	645	1641	3.52e-04	35.4
TRINITY_DN18075_c0_g1_i1.p1	TRINITY_DN1442_c0_g1_i7.p1	25.641	156	645	795	3.79e-08	48.1
TRINITY_DN18075_c0_g1_i1.p1	TRINITY_DN2350_c0_g1_i14.p1	27.273	187	645	791	5.37e-08	47.8
TRINITY_DN18075_c0_g1_i1.p1	TRINITY_DN18452_c0_g1_i1.p1	22.326	215	645	1399	7.94e-08	47.4
TRINITY_DN18075_c0_g1_i1.p1	TRINITY_DN18452_c0_g1_i1.p1	41.667	36	645	1399	3.21e-04	35.8
TRINITY_DN18075_c0_g1_i1.p1	TRINITY_DN1124_c0_g1_i10.p1	24.454	229	645	1273	1.23e-07	46.6
TRINITY_DN18075_c0_g1_i1.p1	TRINITY_DN1124_c0_g1_i10.p1	23.009	226	645	1273	7.95e-07	44.3
TRINITY_DN18075_c0_g1_i1.p1	TRINITY_DN33353_c0_g1_i3.p1	22.018	218	645	849	4.53e-07	44.7
TRINITY_DN18075_c0_g1_i1.p1	TRINITY_DN21780_c0_g1_i1.p1	32.836	67	645	175	7.73e-07	42.0
TRINITY_DN18075_c0_g1_i1.p1	TRINITY_DN254_c0_g1_i11.p1	28.090	178	645	1595	9.21e-07	43.9
TRINITY_DN18075_c0_g1_i1.p1	TRINITY_DN35371_c0_g2_i1.p1	28.155	103	645	224	1.89e-06	41.6
TRINITY_DN18075_c0_g1_i1.p1	TRINITY_DN4518_c0_g1_i1.p1	21.429	210	645	1363	2.29e-06	42.7
TRINITY_DN18075_c0_g1_i1.p1	TRINITY_DN9474_c0_g1_i1.p1	23.111	225	645	1452	3.47e-06	42.0
TRINITY_DN18075_c0_g1_i1.p1	TRINITY_DN662_c0_g4_i1.p1	22.000	200	645	1345	6.29e-06	41.2
TRINITY_DN18075_c0_g1_i1.p1	TRINITY_DN49408_c0_g1_i1.p1	50.000	36	645	151	5.04e-05	36.2
TRINITY_DN18075_c0_g1_i1.p1	TRINITY_DN5424_c0_g1_i1.p1	20.000	275	645	1366	6.76e-05	37.7
TRINITY_DN18075_c0_g1_i1.p1	TRINITY_DN5424_c0_g1_i1.p1	28.378	148	645	1366	5.39e-04	35.0
TRINITY_DN18075_c0_g1_i1.p1	TRINITY_DN54_c0_g1_i1.p1	21.053	209	645	1379	2.08e-04	36.2
TRINITY_DN18075_c0_g1_i1.p1	TRINITY_DN16854_c0_g2_i2.p1	24.528	159	645	548	2.72e-04	35.8
TRINITY_DN18075_c0_g1_i1.p1	TRINITY_DN12134_c0_g1_i3.p1	21.287	202	645	1395	3.13e-04	35.8
TRINITY_DN18075_c0_g1_i1.p1	TRINITY_DN662_c0_g1_i2.p1	23.148	216	645	1516	5.30e-04	35.0
TRINITY_DN18452_c0_g1_i1.p1	TRINITY_DN18452_c0_g1_i1.p1	100.000	1399	1399	1399	0.0	2891
TRINITY_DN18452_c0_g1_i1.p1	TRINITY_DN12134_c0_g1_i3.p1	47.138	1415	1399	1395	0.0	1251
TRINITY_DN18452_c0_g1_i1.p1	TRINITY_DN9474_c0_g1_i1.p1	43.064	1384	1399	1452	0.0	1093
TRINITY_DN18452_c0_g1_i1.p1	TRINITY_DN5424_c0_g1_i1.p1	42.128	1391	1399	1366	0.0	1093
TRINITY_DN18452_c0_g1_i1.p1	TRINITY_DN4518_c0_g1_i1.p1	43.148	1423	1399	1363	0.0	1088
TRINITY_DN18452_c0_g1_i1.p1	TRINITY_DN54_c0_g1_i1.p1	40.717	1422	1399	1379	0.0	1081
TRINITY_DN18452_c0_g1_i1.p1	TRINITY_DN662_c0_g4_i1.p1	42.446	1390	1399	1345	0.0	1073
TRINITY_DN18452_c0_g1_i1.p1	TRINITY_DN662_c0_g1_i2.p1	38.147	928	1399	1516	0.0	616
TRINITY_DN18452_c0_g1_i1.p1	TRINITY_DN662_c0_g1_i2.p1	31.017	403	1399	1516	1.93e-56	207
TRINITY_DN18452_c0_g1_i1.p1	TRINITY_DN254_c0_g1_i11.p1	30.524	1317	1399	1595	7.89e-164	526
TRINITY_DN18452_c0_g1_i1.p1	TRINITY_DN254_c0_g1_i11.p1	28.571	210	1399	1595	2.86e-17	79.7
TRINITY_DN18452_c0_g1_i1.p1	TRINITY_DN9986_c0_g1_i1.p1	30.537	596	1399	564	1.83e-80	269
TRINITY_DN18452_c0_g1_i1.p1	TRINITY_DN20355_c0_g1_i13.p1	27.486	724	1399	888	2.08e-69	244
TRINITY_DN18452_c0_g1_i1.p1	TRINITY_DN20355_c0_g1_i13.p1	27.027	222	1399	888	8.56e-16	74.7
TRINITY_DN18452_c0_g1_i1.p1	TRINITY_DN4426_c0_g1_i3.p1	27.422	547	1399	707	2.25e-40	152
TRINITY_DN18452_c0_g1_i1.p1	TRINITY_DN4426_c0_g1_i3.p1	29.358	218	1399	707	5.87e-22	94.4
TRINITY_DN18452_c0_g1_i1.p1	TRINITY_DN1124_c0_g1_i10.p1	23.741	556	1399	1273	1.01e-36	143
TRINITY_DN18452_c0_g1_i1.p1	TRINITY_DN1124_c0_g1_i10.p1	24.812	532	1399	1273	2.90e-30	122
TRINITY_DN18452_c0_g1_i1.p1	TRINITY_DN1124_c0_g1_i10.p1	34.234	222	1399	1273	3.57e-28	115
TRINITY_DN18452_c0_g1_i1.p1	TRINITY_DN1124_c0_g1_i10.p1	25.547	274	1399	1273	4.43e-22	95.5
TRINITY_DN18452_c0_g1_i1.p1	TRINITY_DN33353_c0_g1_i3.p1	22.772	505	1399	849	3.55e-36	140
TRINITY_DN18452_c0_g1_i1.p1	TRINITY_DN33353_c0_g1_i3.p1	30.612	245	1399	849	2.27e-28	115
TRINITY_DN18452_c0_g1_i1.p1	TRINITY_DN44328_c0_g1_i1.p1	47.321	112	1399	114	1.64e-35	123
TRINITY_DN18452_c0_g1_i1.p1	TRINITY_DN16854_c0_g2_i2.p1	26.071	537	1399	548	1.03e-34	133
TRINITY_DN18452_c0_g1_i1.p1	TRINITY_DN16854_c0_g2_i2.p1	29.825	228	1399	548	2.46e-19	85.5
TRINITY_DN18452_c0_g1_i1.p1	TRINITY_DN11773_c0_g1_i7.p1	33.700	273	1399	768	9.26e-31	122
TRINITY_DN18452_c0_g1_i1.p1	TRINITY_DN11773_c0_g1_i7.p1	26.378	254	1399	768	7.89e-18	81.3
TRINITY_DN18452_c0_g1_i1.p1	TRINITY_DN9037_c0_g1_i11.p1	31.771	192	1399	851	3.91e-24	101
TRINITY_DN18452_c0_g1_i1.p1	TRINITY_DN9037_c0_g1_i11.p1	27.046	281	1399	851	5.63e-22	94.7
TRINITY_DN18452_c0_g1_i1.p1	TRINITY_DN5175_c0_g1_i3.p1	26.638	229	1399	722	1.82e-13	67.0
TRINITY_DN18452_c0_g1_i1.p1	TRINITY_DN5175_c0_g1_i3.p1	26.000	200	1399	722	5.43e-13	65.5
TRINITY_DN18452_c0_g1_i1.p1	TRINITY_DN1442_c0_g1_i7.p1	25.773	291	1399	795	2.55e-13	66.6
TRINITY_DN18452_c0_g1_i1.p1	TRINITY_DN1442_c0_g1_i7.p1	23.308	266	1399	795	2.63e-10	56.6
TRINITY_DN18452_c0_g1_i1.p1	TRINITY_DN30_c14_g1_i4.p1	27.848	158	1399	669	1.80e-12	63.5
TRINITY_DN18452_c0_g1_i1.p1	TRINITY_DN30_c14_g1_i4.p1	22.951	244	1399	669	2.65e-07	47.0
TRINITY_DN18452_c0_g1_i1.p1	TRINITY_DN2350_c0_g1_i14.p1	26.165	279	1399	791	2.53e-12	63.2
TRINITY_DN18452_c0_g1_i1.p1	TRINITY_DN2350_c0_g1_i14.p1	25.688	218	1399	791	1.90e-10	57.0
TRINITY_DN18452_c0_g1_i1.p1	TRINITY_DN264_c0_g1_i11.p1	27.103	214	1399	1744	2.28e-11	60.5
TRINITY_DN18452_c0_g1_i1.p1	TRINITY_DN264_c0_g1_i11.p1	25.980	204	1399	1744	3.33e-08	50.1
TRINITY_DN18452_c0_g1_i1.p1	TRINITY_DN264_c0_g1_i11.p1	22.311	251	1399	1744	1.12e-06	45.1
TRINITY_DN18452_c0_g1_i1.p1	TRINITY_DN264_c0_g1_i11.p1	27.097	155	1399	1744	1.35e-05	41.6
TRINITY_DN18452_c0_g1_i1.p1	TRINITY_DN1142_c1_g1_i12.p1	27.723	202	1399	764	1.95e-10	57.0
TRINITY_DN18452_c0_g1_i1.p1	TRINITY_DN1142_c1_g1_i12.p1	24.051	237	1399	764	4.29e-05	39.7
TRINITY_DN18452_c0_g1_i1.p1	TRINITY_DN332_c0_g1_i5.p1	23.643	258	1399	698	8.76e-10	55.1
TRINITY_DN18452_c0_g1_i1.p1	TRINITY_DN332_c0_g1_i5.p1	24.221	289	1399	698	2.98e-07	46.6
TRINITY_DN18452_c0_g1_i1.p1	TRINITY_DN7214_c0_g1_i11.p1	24.887	221	1399	655	2.17e-09	53.5
TRINITY_DN18452_c0_g1_i1.p1	TRINITY_DN7214_c0_g1_i11.p1	24.859	177	1399	655	9.90e-09	51.6
TRINITY_DN18452_c0_g1_i1.p1	TRINITY_DN11606_c0_g1_i6.p1	25.373	201	1399	1641	4.71e-09	52.8
TRINITY_DN18452_c0_g1_i1.p1	TRINITY_DN11606_c0_g1_i6.p1	25.532	235	1399	1641	1.94e-08	50.8
TRINITY_DN18452_c0_g1_i1.p1	TRINITY_DN11606_c0_g1_i6.p1	25.926	216	1399	1641	2.28e-06	43.9
TRINITY_DN18452_c0_g1_i1.p1	TRINITY_DN10989_c0_g1_i5.p1	29.730	111	1399	198	8.49e-09	49.3
TRINITY_DN18452_c0_g1_i1.p1	TRINITY_DN10989_c0_g1_i5.p1	30.851	94	1399	198	4.06e-06	41.6
TRINITY_DN18452_c0_g1_i1.p1	TRINITY_DN12905_c0_g2_i1.p1	26.904	197	1399	629	1.50e-08	50.8
TRINITY_DN18452_c0_g1_i1.p1	TRINITY_DN12905_c0_g2_i1.p1	27.027	185	1399	629	2.93e-06	43.5
TRINITY_DN18452_c0_g1_i1.p1	TRINITY_DN33832_c0_g1_i10.p1	24.645	211	1399	1697	2.85e-08	50.4
TRINITY_DN18452_c0_g1_i1.p1	TRINITY_DN33832_c0_g1_i10.p1	24.731	279	1399	1697	6.86e-08	48.9
TRINITY_DN18452_c0_g1_i1.p1	TRINITY_DN33832_c0_g1_i10.p1	25.837	209	1399	1697	3.46e-06	43.5
TRINITY_DN18452_c0_g1_i1.p1	TRINITY_DN33832_c0_g1_i10.p1	20.087	229	1399	1697	4.15e-05	40.0
TRINITY_DN18452_c0_g1_i1.p1	TRINITY_DN4830_c1_g1_i1.p1	26.368	201	1399	879	8.43e-08	48.5
TRINITY_DN18452_c0_g1_i1.p1	TRINITY_DN4830_c1_g1_i1.p1	24.424	217	1399	879	4.77e-05	39.7
TRINITY_DN18452_c0_g1_i1.p1	TRINITY_DN4830_c1_g1_i1.p1	24.257	202	1399	879	8.71e-04	35.4
TRINITY_DN18452_c0_g1_i1.p1	TRINITY_DN18075_c0_g1_i1.p1	22.326	215	1399	645	1.92e-07	47.4
TRINITY_DN18452_c0_g1_i1.p1	TRINITY_DN18075_c0_g1_i1.p1	41.667	36	1399	645	7.21e-04	35.4
TRINITY_DN18452_c0_g1_i1.p1	TRINITY_DN4644_c0_g1_i1.p1	23.790	248	1399	638	3.25e-07	46.6
TRINITY_DN18452_c0_g1_i1.p1	TRINITY_DN4644_c0_g1_i1.p1	26.174	149	1399	638	4.69e-05	39.7
TRINITY_DN18452_c0_g1_i1.p1	TRINITY_DN13145_c0_g1_i1.p1	25.114	219	1399	593	5.22e-07	45.8
TRINITY_DN18452_c0_g1_i1.p1	TRINITY_DN13145_c0_g1_i1.p1	25.000	204	1399	593	5.00e-06	42.7
TRINITY_DN18452_c0_g1_i1.p1	TRINITY_DN9946_c0_g2_i2.p1	22.549	204	1399	621	3.35e-06	43.1
TRINITY_DN18452_c0_g1_i1.p1	TRINITY_DN9946_c0_g2_i2.p1	25.466	161	1399	621	2.21e-04	37.4
TRINITY_DN18452_c0_g1_i1.p1	TRINITY_DN35371_c0_g2_i1.p1	31.667	60	1399	224	5.16e-05	38.5
TRINITY_DN18452_c0_g1_i1.p1	TRINITY_DN37894_c0_g1_i1.p1	29.032	93	1399	125	2.85e-04	34.7
TRINITY_DN18452_c0_g1_i1.p1	TRINITY_DN49408_c0_g1_i1.p1	38.776	49	1399	151	5.89e-04	34.3
TRINITY_DN18452_c0_g1_i1.p1	TRINITY_DN49408_c0_g1_i1.p1	34.940	83	1399	151	8.03e-04	33.9
TRINITY_DN18452_c0_g1_i1.p1	TRINITY_DN4709_c2_g1_i1.p1	24.691	162	1399	668	6.51e-04	35.8
TRINITY_DN18570_c0_g1_i2.p1	TRINITY_DN18570_c0_g1_i2.p1	100.000	150	150	150	1.88e-109	300
TRINITY_DN18570_c0_g1_i2.p1	TRINITY_DN1124_c0_g1_i10.p1	57.241	145	150	1273	1.37e-53	174
TRINITY_DN18570_c0_g1_i2.p1	TRINITY_DN16854_c0_g2_i2.p1	34.483	145	150	548	2.74e-21	81.6
TRINITY_DN18570_c0_g1_i2.p1	TRINITY_DN4426_c0_g1_i3.p1	27.500	80	150	707	2.88e-04	32.3
TRINITY_DN20355_c0_g1_i13.p1	TRINITY_DN20355_c0_g1_i13.p1	100.000	888	888	888	0.0	1835
TRINITY_DN20355_c0_g1_i13.p1	TRINITY_DN12134_c0_g1_i3.p1	29.149	717	888	1395	1.36e-79	274
TRINITY_DN20355_c0_g1_i13.p1	TRINITY_DN12134_c0_g1_i3.p1	29.381	194	888	1395	1.22e-13	67.0
TRINITY_DN20355_c0_g1_i13.p1	TRINITY_DN662_c0_g1_i2.p1	26.294	715	888	1516	8.10e-71	248
TRINITY_DN20355_c0_g1_i13.p1	TRINITY_DN662_c0_g1_i2.p1	30.055	183	888	1516	2.54e-14	69.3
TRINITY_DN20355_c0_g1_i13.p1	TRINITY_DN18452_c0_g1_i1.p1	27.486	724	888	1399	1.72e-69	244
TRINITY_DN20355_c0_g1_i13.p1	TRINITY_DN18452_c0_g1_i1.p1	27.027	222	888	1399	6.39e-16	74.3
TRINITY_DN20355_c0_g1_i13.p1	TRINITY_DN254_c0_g1_i11.p1	26.000	850	888	1595	3.90e-66	234
TRINITY_DN20355_c0_g1_i13.p1	TRINITY_DN254_c0_g1_i11.p1	28.125	256	888	1595	2.51e-07	46.2
TRINITY_DN20355_c0_g1_i13.p1	TRINITY_DN5424_c0_g1_i1.p1	26.731	722	888	1366	3.55e-64	228
TRINITY_DN20355_c0_g1_i13.p1	TRINITY_DN5424_c0_g1_i1.p1	23.789	227	888	1366	6.77e-12	61.2
TRINITY_DN20355_c0_g1_i13.p1	TRINITY_DN662_c0_g4_i1.p1	27.635	702	888	1345	2.81e-63	224
TRINITY_DN20355_c0_g1_i13.p1	TRINITY_DN662_c0_g4_i1.p1	26.047	215	888	1345	5.31e-11	58.5
TRINITY_DN20355_c0_g1_i13.p1	TRINITY_DN9474_c0_g1_i1.p1	27.104	701	888	1452	5.65e-63	224
TRINITY_DN20355_c0_g1_i13.p1	TRINITY_DN9474_c0_g1_i1.p1	30.808	198	888	1452	4.36e-18	81.6
TRINITY_DN20355_c0_g1_i13.p1	TRINITY_DN54_c0_g1_i1.p1	26.201	687	888	1379	1.18e-62	223
TRINITY_DN20355_c0_g1_i13.p1	TRINITY_DN54_c0_g1_i1.p1	27.397	219	888	1379	5.04e-12	61.6
TRINITY_DN20355_c0_g1_i13.p1	TRINITY_DN4518_c0_g1_i1.p1	37.569	181	888	1363	2.61e-31	124
TRINITY_DN20355_c0_g1_i13.p1	TRINITY_DN4518_c0_g1_i1.p1	25.926	405	888	1363	8.69e-31	122
TRINITY_DN20355_c0_g1_i13.p1	TRINITY_DN4518_c0_g1_i1.p1	27.397	219	888	1363	3.13e-14	68.9
TRINITY_DN20355_c0_g1_i13.p1	TRINITY_DN1124_c0_g1_i10.p1	29.060	234	888	1273	3.87e-19	84.7
TRINITY_DN20355_c0_g1_i13.p1	TRINITY_DN1124_c0_g1_i10.p1	33.005	203	888	1273	4.15e-19	84.7
TRINITY_DN20355_c0_g1_i13.p1	TRINITY_DN4426_c0_g1_i3.p1	30.288	208	888	707	2.46e-16	75.5
TRINITY_DN20355_c0_g1_i13.p1	TRINITY_DN33353_c0_g1_i3.p1	25.431	232	888	849	2.02e-15	72.4
TRINITY_DN20355_c0_g1_i13.p1	TRINITY_DN2350_c0_g1_i14.p1	28.829	222	888	791	6.37e-15	70.9
TRINITY_DN20355_c0_g1_i13.p1	TRINITY_DN5175_c0_g1_i3.p1	30.151	199	888	722	3.74e-12	62.0
TRINITY_DN20355_c0_g1_i13.p1	TRINITY_DN11773_c0_g1_i7.p1	35.417	96	888	768	4.46e-12	61.6
TRINITY_DN20355_c0_g1_i13.p1	TRINITY_DN1442_c0_g1_i7.p1	30.093	216	888	795	5.61e-12	61.2
TRINITY_DN20355_c0_g1_i13.p1	TRINITY_DN9946_c0_g2_i2.p1	24.686	239	888	621	1.51e-11	59.7
TRINITY_DN20355_c0_g1_i13.p1	TRINITY_DN16854_c0_g2_i2.p1	30.081	246	888	548	1.63e-10	56.2
TRINITY_DN20355_c0_g1_i13.p1	TRINITY_DN11606_c0_g1_i6.p1	24.542	273	888	1641	9.82e-10	54.3
TRINITY_DN20355_c0_g1_i13.p1	TRINITY_DN4644_c0_g1_i1.p1	26.106	226	888	638	1.46e-09	53.5
TRINITY_DN20355_c0_g1_i13.p1	TRINITY_DN264_c0_g1_i11.p1	26.500	200	888	1744	2.23e-09	53.1
TRINITY_DN20355_c0_g1_i13.p1	TRINITY_DN12905_c0_g2_i1.p1	26.141	241	888	629	1.00e-08	50.4
TRINITY_DN20355_c0_g1_i13.p1	TRINITY_DN33832_c0_g1_i10.p1	37.349	83	888	1697	2.01e-07	46.6
TRINITY_DN20355_c0_g1_i13.p1	TRINITY_DN37894_c0_g1_i1.p1	37.097	62	888	125	1.12e-06	41.2
TRINITY_DN20355_c0_g1_i13.p1	TRINITY_DN332_c0_g1_i5.p1	21.359	206	888	698	4.64e-06	42.0
TRINITY_DN20355_c0_g1_i13.p1	TRINITY_DN7214_c0_g1_i11.p1	25.641	195	888	655	5.54e-06	41.6
TRINITY_DN20355_c0_g1_i13.p1	TRINITY_DN4830_c1_g1_i1.p1	59.375	32	888	879	4.84e-05	38.9
TRINITY_DN21667_c0_g1_i1.p1	TRINITY_DN21667_c0_g1_i1.p1	100.000	465	465	465	0.0	964
TRINITY_DN21667_c0_g1_i1.p1	TRINITY_DN264_c0_g1_i11.p1	25.994	327	465	1744	1.00e-25	103
TRINITY_DN21667_c0_g1_i1.p1	TRINITY_DN264_c0_g1_i11.p1	25.203	123	465	1744	4.67e-05	37.7
TRINITY_DN21667_c0_g1_i1.p1	TRINITY_DN33832_c0_g1_i10.p1	24.828	290	465	1697	2.95e-22	92.4
TRINITY_DN21667_c0_g1_i1.p1	TRINITY_DN33832_c0_g1_i10.p1	23.148	108	465	1697	8.18e-04	33.9
TRINITY_DN21780_c0_g1_i1.p1	TRINITY_DN21780_c0_g1_i1.p1	100.000	175	175	175	2.17e-133	363
TRINITY_DN21780_c0_g1_i1.p1	TRINITY_DN7214_c0_g1_i11.p1	32.597	181	175	655	5.20e-33	115
TRINITY_DN21780_c0_g1_i1.p1	TRINITY_DN4644_c0_g1_i1.p1	32.432	185	175	638	1.34e-26	97.8
TRINITY_DN21780_c0_g1_i1.p1	TRINITY_DN4709_c2_g1_i1.p1	27.128	188	175	668	1.81e-21	83.2
TRINITY_DN21780_c0_g1_i1.p1	TRINITY_DN12905_c0_g2_i1.p1	24.670	227	175	629	3.12e-19	76.6
TRINITY_DN21780_c0_g1_i1.p1	TRINITY_DN332_c0_g1_i5.p1	46.875	64	175	698	1.80e-17	71.6
TRINITY_DN21780_c0_g1_i1.p1	TRINITY_DN332_c0_g1_i5.p1	42.667	75	175	698	5.58e-17	70.1
TRINITY_DN21780_c0_g1_i1.p1	TRINITY_DN9946_c0_g2_i2.p1	25.510	196	175	621	9.04e-16	66.6
TRINITY_DN21780_c0_g1_i1.p1	TRINITY_DN13145_c0_g1_i1.p1	29.825	57	175	593	4.89e-09	47.0
TRINITY_DN21780_c0_g1_i1.p1	TRINITY_DN18075_c0_g1_i1.p1	32.836	67	175	645	2.10e-07	42.0
TRINITY_DN21780_c0_g2_i1.p1	TRINITY_DN21780_c0_g2_i1.p1	100.000	136	136	136	9.42e-100	275
TRINITY_DN21780_c0_g2_i1.p1	TRINITY_DN7214_c0_g1_i11.p1	39.706	136	136	655	4.93e-30	105
TRINITY_DN21780_c0_g2_i1.p1	TRINITY_DN12905_c0_g2_i1.p1	40.146	137	136	629	4.13e-27	97.4
TRINITY_DN21780_c0_g2_i1.p1	TRINITY_DN332_c0_g1_i5.p1	35.294	136	136	698	5.71e-27	97.1
TRINITY_DN21780_c0_g2_i1.p1	TRINITY_DN4644_c0_g1_i1.p1	38.849	139	136	638	2.20e-26	95.5
TRINITY_DN21780_c0_g2_i1.p1	TRINITY_DN9946_c0_g2_i2.p1	33.088	136	136	621	2.58e-23	86.7
TRINITY_DN21780_c0_g2_i1.p1	TRINITY_DN4709_c2_g1_i1.p1	31.387	137	136	668	1.76e-18	72.8
TRINITY_DN2350_c0_g1_i14.p1	TRINITY_DN2350_c0_g1_i14.p1	100.000	791	791	791	0.0	1629
TRINITY_DN2350_c0_g1_i14.p1	TRINITY_DN1442_c0_g1_i7.p1	48.822	764	791	795	0.0	691
TRINITY_DN2350_c0_g1_i14.p1	TRINITY_DN5175_c0_g1_i3.p1	39.271	741	791	722	3.58e-178	522
TRINITY_DN2350_c0_g1_i14.p1	TRINITY_DN33832_c0_g1_i10.p1	32.751	229	791	1697	9.97e-31	122
TRINITY_DN2350_c0_g1_i14.p1	TRINITY_DN33832_c0_g1_i10.p1	29.231	260	791	1697	3.37e-23	97.8
TRINITY_DN2350_c0_g1_i14.p1	TRINITY_DN264_c0_g1_i11.p1	34.906	212	791	1744	3.74e-30	120
TRINITY_DN2350_c0_g1_i14.p1	TRINITY_DN264_c0_g1_i11.p1	29.119	261	791	1744	2.64e-28	114
TRINITY_DN2350_c0_g1_i14.p1	TRINITY_DN11606_c0_g1_i6.p1	33.511	188	791	1641	3.20e-23	97.8
TRINITY_DN2350_c0_g1_i14.p1	TRINITY_DN11606_c0_g1_i6.p1	29.218	243	791	1641	4.25e-19	84.7
TRINITY_DN2350_c0_g1_i14.p1	TRINITY_DN1124_c0_g1_i10.p1	26.866	268	791	1273	3.73e-18	81.3
TRINITY_DN2350_c0_g1_i14.p1	TRINITY_DN1124_c0_g1_i10.p1	29.596	223	791	1273	7.15e-17	77.4
TRINITY_DN2350_c0_g1_i14.p1	TRINITY_DN35371_c0_g2_i1.p1	31.111	135	791	224	1.39e-17	75.1
TRINITY_DN2350_c0_g1_i14.p1	TRINITY_DN4644_c0_g1_i1.p1	29.756	205	791	638	7.99e-17	76.6
TRINITY_DN2350_c0_g1_i14.p1	TRINITY_DN12134_c0_g1_i3.p1	28.774	212	791	1395	1.30e-15	73.2
TRINITY_DN2350_c0_g1_i14.p1	TRINITY_DN12134_c0_g1_i3.p1	24.670	227	791	1395	8.23e-13	63.9
TRINITY_DN2350_c0_g1_i14.p1	TRINITY_DN33353_c0_g1_i3.p1	25.957	235	791	849	1.56e-15	72.8
TRINITY_DN2350_c0_g1_i14.p1	TRINITY_DN9474_c0_g1_i1.p1	27.317	205	791	1452	1.57e-15	72.8
TRINITY_DN2350_c0_g1_i14.p1	TRINITY_DN9474_c0_g1_i1.p1	24.576	236	791	1452	2.36e-12	62.4
TRINITY_DN2350_c0_g1_i14.p1	TRINITY_DN20355_c0_g1_i13.p1	30.531	226	791	888	1.60e-15	72.8
TRINITY_DN2350_c0_g1_i14.p1	TRINITY_DN662_c0_g1_i2.p1	24.242	231	791	1516	2.53e-15	72.4
TRINITY_DN2350_c0_g1_i14.p1	TRINITY_DN662_c0_g1_i2.p1	25.248	202	791	1516	8.62e-06	41.2
TRINITY_DN2350_c0_g1_i14.p1	TRINITY_DN13145_c0_g1_i1.p1	29.437	231	791	593	2.62e-15	71.6
TRINITY_DN2350_c0_g1_i14.p1	TRINITY_DN16854_c0_g2_i2.p1	29.694	229	791	548	4.51e-15	70.9
TRINITY_DN2350_c0_g1_i14.p1	TRINITY_DN4426_c0_g1_i3.p1	28.800	250	791	707	1.37e-14	69.3
TRINITY_DN2350_c0_g1_i14.p1	TRINITY_DN332_c0_g1_i5.p1	28.571	189	791	698	3.66e-14	68.2
TRINITY_DN2350_c0_g1_i14.p1	TRINITY_DN4518_c0_g1_i1.p1	25.221	226	791	1363	4.27e-14	68.2
TRINITY_DN2350_c0_g1_i14.p1	TRINITY_DN4518_c0_g1_i1.p1	26.000	200	791	1363	2.63e-10	55.8
TRINITY_DN2350_c0_g1_i14.p1	TRINITY_DN5424_c0_g1_i1.p1	25.090	279	791	1366	5.38e-14	67.8
TRINITY_DN2350_c0_g1_i14.p1	TRINITY_DN5424_c0_g1_i1.p1	26.407	231	791	1366	5.00e-13	64.7
TRINITY_DN2350_c0_g1_i14.p1	TRINITY_DN9946_c0_g2_i2.p1	30.000	180	791	621	3.54e-13	64.7
TRINITY_DN2350_c0_g1_i14.p1	TRINITY_DN12905_c0_g2_i1.p1	28.962	183	791	629	3.89e-13	64.7
TRINITY_DN2350_c0_g1_i14.p1	TRINITY_DN54_c0_g1_i1.p1	25.778	225	791	1379	6.04e-13	64.3
TRINITY_DN2350_c0_g1_i14.p1	TRINITY_DN54_c0_g1_i1.p1	26.818	220	791	1379	4.95e-10	55.1
TRINITY_DN2350_c0_g1_i14.p1	TRINITY_DN662_c0_g4_i1.p1	26.027	219	791	1345	1.12e-12	63.5
TRINITY_DN2350_c0_g1_i14.p1	TRINITY_DN662_c0_g4_i1.p1	24.402	209	791	1345	3.84e-08	48.9
TRINITY_DN2350_c0_g1_i14.p1	TRINITY_DN18452_c0_g1_i1.p1	26.165	279	791	1399	1.47e-12	63.2
TRINITY_DN2350_c0_g1_i14.p1	TRINITY_DN18452_c0_g1_i1.p1	25.688	218	791	1399	2.87e-12	62.4
TRINITY_DN2350_c0_g1_i14.p1	TRINITY_DN37894_c0_g1_i1.p1	31.624	117	791	125	4.32e-12	56.6
TRINITY_DN2350_c0_g1_i14.p1	TRINITY_DN7214_c0_g1_i11.p1	26.222	225	791	655	7.75e-12	60.5
TRINITY_DN2350_c0_g1_i14.p1	TRINITY_DN4709_c2_g1_i1.p1	27.660	188	791	668	2.92e-10	55.5
TRINITY_DN2350_c0_g1_i14.p1	TRINITY_DN18075_c0_g1_i1.p1	28.177	181	791	645	4.07e-09	51.6
TRINITY_DN2350_c0_g1_i14.p1	TRINITY_DN30_c14_g1_i4.p1	26.347	167	791	669	2.96e-08	48.9
TRINITY_DN2350_c0_g1_i14.p1	TRINITY_DN254_c0_g1_i11.p1	25.108	231	791	1595	3.05e-08	49.3
TRINITY_DN2350_c0_g1_i14.p1	TRINITY_DN254_c0_g1_i11.p1	25.907	193	791	1595	9.19e-06	41.2
TRINITY_DN2350_c0_g1_i14.p1	TRINITY_DN4830_c1_g1_i1.p1	42.188	64	791	879	1.06e-06	43.9
TRINITY_DN2350_c0_g1_i14.p1	TRINITY_DN4830_c1_g1_i1.p1	25.967	181	791	879	1.23e-05	40.4
TRINITY_DN2350_c0_g1_i14.p1	TRINITY_DN11773_c0_g1_i7.p1	24.885	217	791	768	1.66e-06	43.5
TRINITY_DN2350_c0_g1_i14.p1	TRINITY_DN10989_c0_g1_i5.p1	33.036	112	791	198	1.18e-05	39.3
TRINITY_DN254_c0_g1_i11.p1	TRINITY_DN254_c0_g1_i11.p1	100.000	1595	1595	1595	0.0	3281
TRINITY_DN254_c0_g1_i11.p1	TRINITY_DN662_c0_g1_i2.p1	30.129	1623	1595	1516	0.0	676
TRINITY_DN254_c0_g1_i11.p1	TRINITY_DN18452_c0_g1_i1.p1	30.889	1350	1595	1399	1.36e-179	569
TRINITY_DN254_c0_g1_i11.p1	TRINITY_DN12134_c0_g1_i3.p1	29.850	1330	1595	1395	1.19e-166	534
TRINITY_DN254_c0_g1_i11.p1	TRINITY_DN54_c0_g1_i1.p1	30.793	1286	1595	1379	4.38e-165	530
TRINITY_DN254_c0_g1_i11.p1	TRINITY_DN4518_c0_g1_i1.p1	30.383	1356	1595	1363	1.42e-162	522
TRINITY_DN254_c0_g1_i11.p1	TRINITY_DN4518_c0_g1_i1.p1	25.738	237	1595	1363	3.74e-14	69.7
TRINITY_DN254_c0_g1_i11.p1	TRINITY_DN5424_c0_g1_i1.p1	28.271	1330	1595	1366	2.58e-156	505
TRINITY_DN254_c0_g1_i11.p1	TRINITY_DN5424_c0_g1_i1.p1	24.464	233	1595	1366	1.80e-12	64.3
TRINITY_DN254_c0_g1_i11.p1	TRINITY_DN9474_c0_g1_i1.p1	30.211	1324	1595	1452	6.50e-153	498
TRINITY_DN254_c0_g1_i11.p1	TRINITY_DN9474_c0_g1_i1.p1	30.660	212	1595	1452	2.08e-19	87.0
TRINITY_DN254_c0_g1_i11.p1	TRINITY_DN662_c0_g4_i1.p1	27.766	1401	1595	1345	2.26e-143	469
TRINITY_DN254_c0_g1_i11.p1	TRINITY_DN20355_c0_g1_i13.p1	26.000	850	1595	888	2.94e-67	238
TRINITY_DN254_c0_g1_i11.p1	TRINITY_DN20355_c0_g1_i13.p1	27.208	283	1595	888	2.33e-11	60.5
TRINITY_DN254_c0_g1_i11.p1	TRINITY_DN9986_c0_g1_i1.p1	37.870	338	1595	564	4.38e-62	215
TRINITY_DN254_c0_g1_i11.p1	TRINITY_DN9986_c0_g1_i1.p1	28.372	215	1595	564	6.30e-10	55.5
TRINITY_DN254_c0_g1_i11.p1	TRINITY_DN4426_c0_g1_i3.p1	27.713	516	1595	707	3.62e-39	149
TRINITY_DN254_c0_g1_i11.p1	TRINITY_DN4426_c0_g1_i3.p1	26.786	224	1595	707	2.34e-17	79.7
TRINITY_DN254_c0_g1_i11.p1	TRINITY_DN1124_c0_g1_i10.p1	24.675	539	1595	1273	2.53e-30	122
TRINITY_DN254_c0_g1_i11.p1	TRINITY_DN1124_c0_g1_i10.p1	22.932	532	1595	1273	1.89e-22	97.1
TRINITY_DN254_c0_g1_i11.p1	TRINITY_DN1124_c0_g1_i10.p1	24.354	271	1595	1273	2.02e-15	73.9
TRINITY_DN254_c0_g1_i11.p1	TRINITY_DN1124_c0_g1_i10.p1	24.901	253	1595	1273	3.50e-15	73.2
TRINITY_DN254_c0_g1_i11.p1	TRINITY_DN33353_c0_g1_i3.p1	26.849	365	1595	849	7.27e-30	120
TRINITY_DN254_c0_g1_i11.p1	TRINITY_DN33353_c0_g1_i3.p1	23.585	212	1595	849	9.43e-14	68.2
TRINITY_DN254_c0_g1_i11.p1	TRINITY_DN16854_c0_g2_i2.p1	25.520	529	1595	548	2.01e-25	104
TRINITY_DN254_c0_g1_i11.p1	TRINITY_DN16854_c0_g2_i2.p1	24.599	187	1595	548	5.44e-09	52.4
TRINITY_DN254_c0_g1_i11.p1	TRINITY_DN11773_c0_g1_i7.p1	25.122	410	1595	768	5.56e-22	94.7
TRINITY_DN254_c0_g1_i11.p1	TRINITY_DN11773_c0_g1_i7.p1	26.437	174	1595	768	1.09e-10	58.2
TRINITY_DN254_c0_g1_i11.p1	TRINITY_DN9037_c0_g1_i11.p1	33.333	216	1595	851	1.94e-21	93.2
TRINITY_DN254_c0_g1_i11.p1	TRINITY_DN9037_c0_g1_i11.p1	25.806	279	1595	851	8.46e-16	74.7
TRINITY_DN254_c0_g1_i11.p1	TRINITY_DN264_c0_g1_i11.p1	27.111	225	1595	1744	1.59e-13	67.8
TRINITY_DN254_c0_g1_i11.p1	TRINITY_DN264_c0_g1_i11.p1	25.764	229	1595	1744	1.23e-11	61.6
TRINITY_DN254_c0_g1_i11.p1	TRINITY_DN264_c0_g1_i11.p1	25.094	267	1595	1744	1.06e-05	42.0
TRINITY_DN254_c0_g1_i11.p1	TRINITY_DN5175_c0_g1_i3.p1	25.926	270	1595	722	1.11e-12	64.7
TRINITY_DN254_c0_g1_i11.p1	TRINITY_DN5175_c0_g1_i3.p1	23.661	224	1595	722	7.57e-10	55.5
TRINITY_DN254_c0_g1_i11.p1	TRINITY_DN30_c14_g1_i4.p1	25.000	236	1595	669	1.53e-12	63.9
TRINITY_DN254_c0_g1_i11.p1	TRINITY_DN30_c14_g1_i4.p1	27.607	163	1595	669	7.52e-12	62.0
TRINITY_DN254_c0_g1_i11.p1	TRINITY_DN11606_c0_g1_i6.p1	25.909	220	1595	1641	2.56e-12	63.9
TRINITY_DN254_c0_g1_i11.p1	TRINITY_DN11606_c0_g1_i6.p1	26.961	204	1595	1641	6.89e-09	52.4
TRINITY_DN254_c0_g1_i11.p1	TRINITY_DN11606_c0_g1_i6.p1	28.387	155	1595	1641	1.54e-05	41.6
TRINITY_DN254_c0_g1_i11.p1	TRINITY_DN10989_c0_g1_i5.p1	30.769	104	1595	198	2.91e-12	59.7
TRINITY_DN254_c0_g1_i11.p1	TRINITY_DN33832_c0_g1_i10.p1	26.457	223	1595	1697	1.15e-11	61.6
TRINITY_DN254_c0_g1_i11.p1	TRINITY_DN33832_c0_g1_i10.p1	20.736	299	1595	1697	7.44e-11	58.9
TRINITY_DN254_c0_g1_i11.p1	TRINITY_DN33832_c0_g1_i10.p1	22.553	235	1595	1697	1.37e-04	38.5
TRINITY_DN254_c0_g1_i11.p1	TRINITY_DN1142_c1_g1_i12.p1	29.744	195	1595	764	5.86e-11	58.9
TRINITY_DN254_c0_g1_i11.p1	TRINITY_DN1142_c1_g1_i12.p1	27.219	169	1595	764	5.67e-07	45.8
TRINITY_DN254_c0_g1_i11.p1	TRINITY_DN2350_c0_g1_i14.p1	25.112	223	1595	791	1.20e-09	54.7
TRINITY_DN254_c0_g1_i11.p1	TRINITY_DN2350_c0_g1_i14.p1	24.528	265	1595	791	2.23e-08	50.4
TRINITY_DN254_c0_g1_i11.p1	TRINITY_DN7214_c0_g1_i11.p1	24.020	204	1595	655	3.84e-09	53.1
TRINITY_DN254_c0_g1_i11.p1	TRINITY_DN7214_c0_g1_i11.p1	27.053	207	1595	655	1.16e-06	45.1
TRINITY_DN254_c0_g1_i11.p1	TRINITY_DN18075_c0_g1_i1.p1	28.090	178	1595	645	1.19e-08	51.2
TRINITY_DN254_c0_g1_i11.p1	TRINITY_DN1442_c0_g1_i7.p1	23.667	300	1595	795	1.34e-08	51.2
TRINITY_DN254_c0_g1_i11.p1	TRINITY_DN1442_c0_g1_i7.p1	21.005	219	1595	795	2.91e-07	47.0
TRINITY_DN254_c0_g1_i11.p1	TRINITY_DN4830_c1_g1_i1.p1	27.568	185	1595	879	7.54e-07	45.8
TRINITY_DN254_c0_g1_i11.p1	TRINITY_DN332_c0_g1_i5.p1	25.000	212	1595	698	1.25e-06	44.7
TRINITY_DN254_c0_g1_i11.p1	TRINITY_DN4644_c0_g1_i1.p1	25.339	221	1595	638	1.53e-06	44.7
TRINITY_DN254_c0_g1_i11.p1	TRINITY_DN4644_c0_g1_i1.p1	22.018	218	1595	638	1.20e-04	38.5
TRINITY_DN254_c0_g1_i11.p1	TRINITY_DN9946_c0_g2_i2.p1	25.238	210	1595	621	1.71e-06	44.3
TRINITY_DN254_c0_g1_i11.p1	TRINITY_DN9946_c0_g2_i2.p1	28.125	96	1595	621	7.43e-05	38.9
TRINITY_DN254_c0_g1_i11.p1	TRINITY_DN4709_c2_g1_i1.p1	25.592	211	1595	668	4.14e-06	43.1
TRINITY_DN254_c0_g1_i11.p1	TRINITY_DN4709_c2_g1_i1.p1	26.380	163	1595	668	2.93e-04	37.0
TRINITY_DN254_c0_g1_i11.p1	TRINITY_DN44328_c0_g1_i1.p1	37.313	67	1595	114	4.86e-06	39.7
TRINITY_DN254_c0_g1_i11.p1	TRINITY_DN12905_c0_g2_i1.p1	25.556	180	1595	629	5.43e-06	42.7
TRINITY_DN254_c0_g1_i11.p1	TRINITY_DN13145_c0_g1_i1.p1	25.837	209	1595	593	1.87e-04	37.7
TRINITY_DN254_c0_g1_i11.p1	TRINITY_DN49408_c0_g1_i1.p1	42.593	54	1595	151	3.82e-04	35.0
TRINITY_DN264_c0_g1_i11.p1	TRINITY_DN264_c0_g1_i11.p1	100.000	1744	1744	1744	0.0	3631
TRINITY_DN264_c0_g1_i11.p1	TRINITY_DN33832_c0_g1_i10.p1	41.468	1758	1744	1697	0.0	1335
TRINITY_DN264_c0_g1_i11.p1	TRINITY_DN11606_c0_g1_i6.p1	27.084	1787	1744	1641	9.86e-167	543
TRINITY_DN264_c0_g1_i11.p1	TRINITY_DN35371_c0_g2_i1.p1	35.096	208	1744	224	3.78e-43	150
TRINITY_DN264_c0_g1_i11.p1	TRINITY_DN35371_c0_g2_i1.p1	39.037	187	1744	224	1.42e-41	145
TRINITY_DN264_c0_g1_i11.p1	TRINITY_DN2350_c0_g1_i14.p1	29.119	261	1744	791	8.73e-28	114
TRINITY_DN264_c0_g1_i11.p1	TRINITY_DN2350_c0_g1_i14.p1	34.434	212	1744	791	2.30e-27	112
TRINITY_DN264_c0_g1_i11.p1	TRINITY_DN5175_c0_g1_i3.p1	34.673	199	1744	722	1.52e-27	112
TRINITY_DN264_c0_g1_i11.p1	TRINITY_DN5175_c0_g1_i3.p1	25.993	277	1744	722	7.90e-25	103
TRINITY_DN264_c0_g1_i11.p1	TRINITY_DN1442_c0_g1_i7.p1	28.214	280	1744	795	1.61e-25	106
TRINITY_DN264_c0_g1_i11.p1	TRINITY_DN1442_c0_g1_i7.p1	31.132	212	1744	795	7.01e-25	104
TRINITY_DN264_c0_g1_i11.p1	TRINITY_DN21667_c0_g1_i1.p1	25.994	327	1744	465	3.40e-22	94.4
TRINITY_DN264_c0_g1_i11.p1	TRINITY_DN9946_c0_g2_i2.p1	33.679	193	1744	621	2.16e-21	92.8
TRINITY_DN264_c0_g1_i11.p1	TRINITY_DN9946_c0_g2_i2.p1	26.549	226	1744	621	7.16e-14	68.6
TRINITY_DN264_c0_g1_i11.p1	TRINITY_DN13145_c0_g1_i1.p1	30.288	208	1744	593	2.43e-20	89.4
TRINITY_DN264_c0_g1_i11.p1	TRINITY_DN13145_c0_g1_i1.p1	27.928	222	1744	593	2.51e-13	66.6
TRINITY_DN264_c0_g1_i11.p1	TRINITY_DN37894_c0_g1_i1.p1	33.607	122	1744	125	9.64e-20	79.3
TRINITY_DN264_c0_g1_i11.p1	TRINITY_DN37894_c0_g1_i1.p1	36.441	118	1744	125	2.46e-18	75.5
TRINITY_DN264_c0_g1_i11.p1	TRINITY_DN33353_c0_g1_i3.p1	27.642	246	1744	849	4.81e-18	82.4
TRINITY_DN264_c0_g1_i11.p1	TRINITY_DN33353_c0_g1_i3.p1	25.610	246	1744	849	9.69e-13	65.1
TRINITY_DN264_c0_g1_i11.p1	TRINITY_DN7214_c0_g1_i11.p1	25.795	283	1744	655	2.25e-17	79.7
TRINITY_DN264_c0_g1_i11.p1	TRINITY_DN7214_c0_g1_i11.p1	26.556	241	1744	655	6.82e-13	65.5
TRINITY_DN264_c0_g1_i11.p1	TRINITY_DN1124_c0_g1_i10.p1	31.285	179	1744	1273	2.42e-17	80.5
TRINITY_DN264_c0_g1_i11.p1	TRINITY_DN1124_c0_g1_i10.p1	27.354	223	1744	1273	1.67e-14	70.9
TRINITY_DN264_c0_g1_i11.p1	TRINITY_DN1124_c0_g1_i10.p1	21.577	241	1744	1273	3.69e-08	50.1
TRINITY_DN264_c0_g1_i11.p1	TRINITY_DN1124_c0_g1_i10.p1	21.560	218	1744	1273	1.49e-07	48.1
TRINITY_DN264_c0_g1_i11.p1	TRINITY_DN12905_c0_g2_i1.p1	28.889	225	1744	629	2.57e-17	79.7
TRINITY_DN264_c0_g1_i11.p1	TRINITY_DN12905_c0_g2_i1.p1	30.168	179	1744	629	2.68e-17	79.7
TRINITY_DN264_c0_g1_i11.p1	TRINITY_DN4644_c0_g1_i1.p1	27.103	214	1744	638	3.07e-17	79.3
TRINITY_DN264_c0_g1_i11.p1	TRINITY_DN4644_c0_g1_i1.p1	25.444	169	1744	638	3.60e-12	63.2
TRINITY_DN264_c0_g1_i11.p1	TRINITY_DN332_c0_g1_i5.p1	31.461	178	1744	698	4.14e-17	79.0
TRINITY_DN264_c0_g1_i11.p1	TRINITY_DN332_c0_g1_i5.p1	25.847	236	1744	698	2.10e-16	76.6
TRINITY_DN264_c0_g1_i11.p1	TRINITY_DN4709_c2_g1_i1.p1	28.873	284	1744	668	6.40e-17	78.6
TRINITY_DN264_c0_g1_i11.p1	TRINITY_DN4709_c2_g1_i1.p1	28.916	249	1744	668	1.96e-15	73.6
TRINITY_DN264_c0_g1_i11.p1	TRINITY_DN4426_c0_g1_i3.p1	27.143	210	1744	707	1.55e-14	70.9
TRINITY_DN264_c0_g1_i11.p1	TRINITY_DN4426_c0_g1_i3.p1	24.314	255	1744	707	1.36e-08	51.2
TRINITY_DN264_c0_g1_i11.p1	TRINITY_DN12134_c0_g1_i3.p1	30.144	209	1744	1395	1.86e-13	67.8
TRINITY_DN264_c0_g1_i11.p1	TRINITY_DN12134_c0_g1_i3.p1	25.110	227	1744	1395	6.84e-12	62.4
TRINITY_DN264_c0_g1_i11.p1	TRINITY_DN12134_c0_g1_i3.p1	21.277	235	1744	1395	3.88e-07	47.0
TRINITY_DN264_c0_g1_i11.p1	TRINITY_DN12134_c0_g1_i3.p1	25.108	231	1744	1395	6.27e-07	46.2
TRINITY_DN264_c0_g1_i11.p1	TRINITY_DN5424_c0_g1_i1.p1	25.481	208	1744	1366	9.45e-13	65.5
TRINITY_DN264_c0_g1_i11.p1	TRINITY_DN5424_c0_g1_i1.p1	24.280	243	1744	1366	4.43e-12	63.2
TRINITY_DN264_c0_g1_i11.p1	TRINITY_DN5424_c0_g1_i1.p1	21.667	300	1744	1366	4.17e-08	50.1
TRINITY_DN264_c0_g1_i11.p1	TRINITY_DN9474_c0_g1_i1.p1	26.749	243	1744	1452	2.05e-11	60.8
TRINITY_DN264_c0_g1_i11.p1	TRINITY_DN9474_c0_g1_i1.p1	25.116	215	1744	1452	3.51e-09	53.5
TRINITY_DN264_c0_g1_i11.p1	TRINITY_DN9474_c0_g1_i1.p1	23.013	239	1744	1452	1.03e-06	45.4
TRINITY_DN264_c0_g1_i11.p1	TRINITY_DN9474_c0_g1_i1.p1	25.728	206	1744	1452	1.10e-06	45.4
TRINITY_DN264_c0_g1_i11.p1	TRINITY_DN18452_c0_g1_i1.p1	27.103	214	1744	1399	3.20e-11	60.5
TRINITY_DN264_c0_g1_i11.p1	TRINITY_DN18452_c0_g1_i1.p1	25.980	204	1744	1399	3.82e-08	50.1
TRINITY_DN264_c0_g1_i11.p1	TRINITY_DN18452_c0_g1_i1.p1	22.311	251	1744	1399	1.34e-06	45.1
TRINITY_DN264_c0_g1_i11.p1	TRINITY_DN18452_c0_g1_i1.p1	27.097	155	1744	1399	1.60e-05	41.6
TRINITY_DN264_c0_g1_i11.p1	TRINITY_DN4518_c0_g1_i1.p1	27.778	198	1744	1363	1.02e-10	58.5
TRINITY_DN264_c0_g1_i11.p1	TRINITY_DN4518_c0_g1_i1.p1	24.893	233	1744	1363	6.30e-08	49.3
TRINITY_DN264_c0_g1_i11.p1	TRINITY_DN4518_c0_g1_i1.p1	22.800	250	1744	1363	7.46e-07	45.8
TRINITY_DN264_c0_g1_i11.p1	TRINITY_DN4518_c0_g1_i1.p1	21.569	204	1744	1363	1.00e-05	42.4
TRINITY_DN264_c0_g1_i11.p1	TRINITY_DN662_c0_g4_i1.p1	25.907	193	1744	1345	1.46e-10	58.2
TRINITY_DN264_c0_g1_i11.p1	TRINITY_DN662_c0_g4_i1.p1	22.932	266	1744	1345	2.71e-09	53.9
TRINITY_DN264_c0_g1_i11.p1	TRINITY_DN662_c0_g4_i1.p1	22.553	235	1744	1345	4.57e-08	50.1
TRINITY_DN264_c0_g1_i11.p1	TRINITY_DN254_c0_g1_i11.p1	25.243	206	1744	1595	1.98e-10	57.8
TRINITY_DN264_c0_g1_i11.p1	TRINITY_DN254_c0_g1_i11.p1	25.789	190	1744	1595	1.45e-08	51.6
TRINITY_DN264_c0_g1_i11.p1	TRINITY_DN254_c0_g1_i11.p1	25.094	267	1744	1595	1.01e-05	42.4
TRINITY_DN264_c0_g1_i11.p1	TRINITY_DN11773_c0_g1_i7.p1	26.609	233	1744	768	2.76e-10	57.0
TRINITY_DN264_c0_g1_i11.p1	TRINITY_DN11773_c0_g1_i7.p1	23.288	219	1744	768	2.90e-04	37.4
TRINITY_DN264_c0_g1_i11.p1	TRINITY_DN4830_c1_g1_i1.p1	24.227	194	1744	879	3.81e-10	56.6
TRINITY_DN264_c0_g1_i11.p1	TRINITY_DN4830_c1_g1_i1.p1	28.161	174	1744	879	1.47e-06	44.7
TRINITY_DN264_c0_g1_i11.p1	TRINITY_DN4830_c1_g1_i1.p1	29.775	178	1744	879	2.60e-04	37.4
TRINITY_DN264_c0_g1_i11.p1	TRINITY_DN16854_c0_g2_i2.p1	24.900	249	1744	548	1.13e-09	54.7
TRINITY_DN264_c0_g1_i11.p1	TRINITY_DN20355_c0_g1_i13.p1	26.500	200	1744	888	3.40e-09	53.5
TRINITY_DN264_c0_g1_i11.p1	TRINITY_DN20355_c0_g1_i13.p1	25.000	208	1744	888	1.02e-06	45.4
TRINITY_DN264_c0_g1_i11.p1	TRINITY_DN662_c0_g1_i2.p1	25.444	169	1744	1516	4.40e-09	53.1
TRINITY_DN264_c0_g1_i11.p1	TRINITY_DN662_c0_g1_i2.p1	21.811	243	1744	1516	2.34e-06	44.3
TRINITY_DN264_c0_g1_i11.p1	TRINITY_DN662_c0_g1_i2.p1	23.392	171	1744	1516	6.17e-06	43.1
TRINITY_DN264_c0_g1_i11.p1	TRINITY_DN662_c0_g1_i2.p1	21.918	219	1744	1516	2.09e-04	37.7
TRINITY_DN264_c0_g1_i11.p1	TRINITY_DN18075_c0_g1_i1.p1	22.026	227	1744	645	1.95e-08	50.8
TRINITY_DN264_c0_g1_i11.p1	TRINITY_DN54_c0_g1_i1.p1	25.681	257	1744	1379	5.71e-08	49.7
TRINITY_DN264_c0_g1_i11.p1	TRINITY_DN54_c0_g1_i1.p1	25.510	196	1744	1379	2.14e-07	47.8
TRINITY_DN264_c0_g1_i11.p1	TRINITY_DN54_c0_g1_i1.p1	22.477	218	1744	1379	2.78e-05	40.8
TRINITY_DN264_c0_g1_i11.p1	TRINITY_DN54_c0_g1_i1.p1	21.739	207	1744	1379	7.69e-04	36.2
TRINITY_DN264_c0_g1_i11.p1	TRINITY_DN35371_c0_g1_i1.p1	44.231	52	1744	120	3.88e-07	43.1
TRINITY_DN264_c0_g1_i11.p1	TRINITY_DN58313_c0_g1_i1.p1	34.091	44	1744	104	1.63e-04	35.4
TRINITY_DN264_c0_g1_i11.p1	TRINITY_DN9037_c0_g1_i11.p1	27.184	103	1744	851	5.50e-04	36.6
TRINITY_DN30_c14_g1_i4.p1	TRINITY_DN30_c14_g1_i4.p1	100.000	669	669	669	0.0	1393
TRINITY_DN30_c14_g1_i4.p1	TRINITY_DN1142_c1_g1_i12.p1	33.545	629	669	764	9.93e-117	360
TRINITY_DN30_c14_g1_i4.p1	TRINITY_DN662_c0_g4_i1.p1	26.800	250	669	1345	7.01e-16	73.6
TRINITY_DN30_c14_g1_i4.p1	TRINITY_DN662_c0_g4_i1.p1	29.319	191	669	1345	1.53e-13	65.9
TRINITY_DN30_c14_g1_i4.p1	TRINITY_DN9474_c0_g1_i1.p1	26.316	228	669	1452	1.11e-15	73.2
TRINITY_DN30_c14_g1_i4.p1	TRINITY_DN9474_c0_g1_i1.p1	24.457	184	669	1452	4.36e-08	48.5
TRINITY_DN30_c14_g1_i4.p1	TRINITY_DN4426_c0_g1_i3.p1	24.473	237	669	707	1.28e-14	69.3
TRINITY_DN30_c14_g1_i4.p1	TRINITY_DN1124_c0_g1_i10.p1	25.778	225	669	1273	1.62e-14	69.3
TRINITY_DN30_c14_g1_i4.p1	TRINITY_DN1124_c0_g1_i10.p1	27.273	198	669	1273	9.14e-14	66.6
TRINITY_DN30_c14_g1_i4.p1	TRINITY_DN18452_c0_g1_i1.p1	27.848	158	669	1399	9.96e-13	63.5
TRINITY_DN30_c14_g1_i4.p1	TRINITY_DN18452_c0_g1_i1.p1	22.441	254	669	1399	1.27e-07	47.0
TRINITY_DN30_c14_g1_i4.p1	TRINITY_DN33353_c0_g1_i3.p1	26.316	228	669	849	1.04e-12	63.2
TRINITY_DN30_c14_g1_i4.p1	TRINITY_DN5424_c0_g1_i1.p1	26.482	253	669	1366	1.12e-12	63.2
TRINITY_DN30_c14_g1_i4.p1	TRINITY_DN5424_c0_g1_i1.p1	26.630	184	669	1366	4.81e-10	54.7
TRINITY_DN30_c14_g1_i4.p1	TRINITY_DN254_c0_g1_i11.p1	27.607	163	669	1595	4.04e-12	61.6
TRINITY_DN30_c14_g1_i4.p1	TRINITY_DN254_c0_g1_i11.p1	25.000	236	669	1595	5.11e-10	54.7
TRINITY_DN30_c14_g1_i4.p1	TRINITY_DN662_c0_g1_i2.p1	27.350	234	669	1516	1.17e-11	60.1
TRINITY_DN30_c14_g1_i4.p1	TRINITY_DN662_c0_g1_i2.p1	20.909	220	669	1516	4.88e-06	41.6
TRINITY_DN30_c14_g1_i4.p1	TRINITY_DN54_c0_g1_i1.p1	25.221	226	669	1379	2.50e-11	58.9
TRINITY_DN30_c14_g1_i4.p1	TRINITY_DN54_c0_g1_i1.p1	28.049	164	669	1379	1.85e-10	56.2
TRINITY_DN30_c14_g1_i4.p1	TRINITY_DN4518_c0_g1_i1.p1	23.673	245	669	1363	3.36e-11	58.5
TRINITY_DN30_c14_g1_i4.p1	TRINITY_DN4518_c0_g1_i1.p1	26.829	164	669	1363	6.58e-09	50.8
TRINITY_DN30_c14_g1_i4.p1	TRINITY_DN12134_c0_g1_i3.p1	27.225	191	669	1395	9.32e-11	57.0
TRINITY_DN30_c14_g1_i4.p1	TRINITY_DN12134_c0_g1_i3.p1	25.110	227	669	1395	4.47e-10	54.7
TRINITY_DN30_c14_g1_i4.p1	TRINITY_DN16854_c0_g2_i2.p1	24.402	209	669	548	6.54e-09	50.4
TRINITY_DN30_c14_g1_i4.p1	TRINITY_DN5175_c0_g1_i3.p1	26.966	178	669	722	7.26e-09	50.4
TRINITY_DN30_c14_g1_i4.p1	TRINITY_DN20355_c0_g1_i13.p1	23.256	215	669	888	6.91e-08	47.4
TRINITY_DN30_c14_g1_i4.p1	TRINITY_DN11773_c0_g1_i7.p1	24.537	216	669	768	1.97e-06	42.7
TRINITY_DN30_c14_g1_i4.p1	TRINITY_DN2350_c0_g1_i14.p1	25.301	166	669	791	2.50e-06	42.4
TRINITY_DN30_c14_g1_i4.p1	TRINITY_DN4830_c1_g1_i1.p1	23.737	198	669	879	4.05e-06	42.0
TRINITY_DN30_c14_g1_i4.p1	TRINITY_DN4830_c1_g1_i1.p1	32.203	59	669	879	3.60e-04	35.4
TRINITY_DN30_c14_g1_i4.p1	TRINITY_DN1442_c0_g1_i7.p1	25.157	159	669	795	1.49e-05	40.0
TRINITY_DN30_c14_g1_i4.p1	TRINITY_DN12905_c0_g2_i1.p1	25.472	212	669	629	1.76e-05	39.7
TRINITY_DN30_c14_g1_i4.p1	TRINITY_DN7214_c0_g1_i11.p1	30.769	78	669	655	1.26e-04	37.0
TRINITY_DN30_c14_g1_i4.p1	TRINITY_DN4709_c2_g1_i1.p1	25.000	160	669	668	3.99e-04	35.4
TRINITY_DN332_c0_g1_i5.p1	TRINITY_DN332_c0_g1_i5.p1	100.000	698	698	698	0.0	1447
TRINITY_DN332_c0_g1_i5.p1	TRINITY_DN7214_c0_g1_i11.p1	44.444	684	698	655	0.0	580
TRINITY_DN332_c0_g1_i5.p1	TRINITY_DN4644_c0_g1_i1.p1	39.668	663	698	638	4.38e-172	500
TRINITY_DN332_c0_g1_i5.p1	TRINITY_DN9946_c0_g2_i2.p1	38.675	649	698	621	2.31e-154	454
TRINITY_DN332_c0_g1_i5.p1	TRINITY_DN12905_c0_g2_i1.p1	37.957	656	698	629	2.17e-153	451
TRINITY_DN332_c0_g1_i5.p1	TRINITY_DN4709_c2_g1_i1.p1	48.615	325	698	668	2.12e-92	294
TRINITY_DN332_c0_g1_i5.p1	TRINITY_DN4709_c2_g1_i1.p1	31.802	283	698	668	2.32e-44	161
TRINITY_DN332_c0_g1_i5.p1	TRINITY_DN13145_c0_g1_i1.p1	33.220	295	698	593	8.03e-39	144
TRINITY_DN332_c0_g1_i5.p1	TRINITY_DN13145_c0_g1_i1.p1	22.632	190	698	593	2.53e-06	42.4
TRINITY_DN332_c0_g1_i5.p1	TRINITY_DN18075_c0_g1_i1.p1	22.127	583	698	645	1.13e-32	126
TRINITY_DN332_c0_g1_i5.p1	TRINITY_DN49408_c0_g1_i1.p1	48.760	121	698	151	5.21e-29	105
TRINITY_DN332_c0_g1_i5.p1	TRINITY_DN21780_c0_g2_i1.p1	35.294	136	698	136	4.00e-26	96.7
TRINITY_DN332_c0_g1_i5.p1	TRINITY_DN33832_c0_g1_i10.p1	34.951	206	698	1697	7.24e-23	96.3
TRINITY_DN332_c0_g1_i5.p1	TRINITY_DN33832_c0_g1_i10.p1	30.058	173	698	1697	1.67e-16	75.9
TRINITY_DN332_c0_g1_i5.p1	TRINITY_DN11606_c0_g1_i6.p1	35.955	178	698	1641	9.12e-23	95.9
TRINITY_DN332_c0_g1_i5.p1	TRINITY_DN11606_c0_g1_i6.p1	28.729	181	698	1641	9.87e-14	67.0
TRINITY_DN332_c0_g1_i5.p1	TRINITY_DN1124_c0_g1_i10.p1	31.390	223	698	1273	5.90e-19	83.6
TRINITY_DN332_c0_g1_i5.p1	TRINITY_DN1124_c0_g1_i10.p1	29.680	219	698	1273	5.92e-18	80.5
TRINITY_DN332_c0_g1_i5.p1	TRINITY_DN264_c0_g1_i11.p1	31.461	178	698	1744	1.70e-17	79.0
TRINITY_DN332_c0_g1_i5.p1	TRINITY_DN264_c0_g1_i11.p1	25.847	236	698	1744	7.64e-17	77.0
TRINITY_DN332_c0_g1_i5.p1	TRINITY_DN33353_c0_g1_i3.p1	28.837	215	698	849	3.80e-17	77.4
TRINITY_DN332_c0_g1_i5.p1	TRINITY_DN21780_c0_g1_i1.p1	46.875	64	698	175	7.46e-17	71.2
TRINITY_DN332_c0_g1_i5.p1	TRINITY_DN21780_c0_g1_i1.p1	42.667	75	698	175	2.00e-16	70.1
TRINITY_DN332_c0_g1_i5.p1	TRINITY_DN5175_c0_g1_i3.p1	31.720	186	698	722	1.43e-16	75.5
TRINITY_DN332_c0_g1_i5.p1	TRINITY_DN2350_c0_g1_i14.p1	28.272	191	698	791	2.51e-13	65.1
TRINITY_DN332_c0_g1_i5.p1	TRINITY_DN1442_c0_g1_i7.p1	27.083	192	698	795	5.32e-13	64.3
TRINITY_DN332_c0_g1_i5.p1	TRINITY_DN4426_c0_g1_i3.p1	27.111	225	698	707	1.16e-12	62.8
TRINITY_DN332_c0_g1_i5.p1	TRINITY_DN11773_c0_g1_i7.p1	28.346	254	698	768	2.49e-11	58.5
TRINITY_DN332_c0_g1_i5.p1	TRINITY_DN35371_c0_g2_i1.p1	30.108	93	698	224	1.12e-10	54.3
TRINITY_DN332_c0_g1_i5.p1	TRINITY_DN18452_c0_g1_i1.p1	23.643	258	698	1399	4.49e-10	55.1
TRINITY_DN332_c0_g1_i5.p1	TRINITY_DN18452_c0_g1_i1.p1	24.221	289	698	1399	2.02e-07	46.2
TRINITY_DN332_c0_g1_i5.p1	TRINITY_DN5424_c0_g1_i1.p1	25.081	307	698	1366	7.01e-10	54.3
TRINITY_DN332_c0_g1_i5.p1	TRINITY_DN5424_c0_g1_i1.p1	21.267	221	698	1366	1.43e-07	46.6
TRINITY_DN332_c0_g1_i5.p1	TRINITY_DN16854_c0_g2_i2.p1	30.233	172	698	548	7.76e-10	53.5
TRINITY_DN332_c0_g1_i5.p1	TRINITY_DN4830_c1_g1_i1.p1	29.570	186	698	879	8.34e-09	50.4
TRINITY_DN332_c0_g1_i5.p1	TRINITY_DN4830_c1_g1_i1.p1	26.708	161	698	879	1.08e-05	40.4
TRINITY_DN332_c0_g1_i5.p1	TRINITY_DN662_c0_g1_i2.p1	25.385	260	698	1516	1.01e-08	50.4
TRINITY_DN332_c0_g1_i5.p1	TRINITY_DN662_c0_g1_i2.p1	22.747	233	698	1516	4.09e-05	38.9
TRINITY_DN332_c0_g1_i5.p1	TRINITY_DN37894_c0_g1_i1.p1	31.765	85	698	125	1.17e-08	46.6
TRINITY_DN332_c0_g1_i5.p1	TRINITY_DN662_c0_g4_i1.p1	24.229	227	698	1345	1.63e-08	49.7
TRINITY_DN332_c0_g1_i5.p1	TRINITY_DN662_c0_g4_i1.p1	22.269	238	698	1345	2.27e-06	42.7
TRINITY_DN332_c0_g1_i5.p1	TRINITY_DN9474_c0_g1_i1.p1	25.405	185	698	1452	4.66e-08	48.1
TRINITY_DN332_c0_g1_i5.p1	TRINITY_DN9474_c0_g1_i1.p1	25.275	91	698	1452	1.55e-04	37.0
TRINITY_DN332_c0_g1_i5.p1	TRINITY_DN54_c0_g1_i1.p1	21.318	258	698	1379	2.27e-07	46.2
TRINITY_DN332_c0_g1_i5.p1	TRINITY_DN54_c0_g1_i1.p1	22.407	241	698	1379	5.10e-05	38.5
TRINITY_DN332_c0_g1_i5.p1	TRINITY_DN254_c0_g1_i11.p1	25.000	212	698	1595	4.89e-07	45.1
TRINITY_DN332_c0_g1_i5.p1	TRINITY_DN12134_c0_g1_i3.p1	24.885	217	698	1395	7.23e-07	44.3
TRINITY_DN332_c0_g1_i5.p1	TRINITY_DN4518_c0_g1_i1.p1	20.325	246	698	1363	2.39e-06	42.7
TRINITY_DN332_c0_g1_i5.p1	TRINITY_DN20355_c0_g1_i13.p1	21.359	206	698	888	3.41e-06	42.0
TRINITY_DN332_c0_g1_i5.p1	TRINITY_DN1142_c1_g1_i12.p1	23.626	182	698	764	1.12e-04	37.4
TRINITY_DN33353_c0_g1_i3.p1	TRINITY_DN33353_c0_g1_i3.p1	100.000	849	849	849	0.0	1744
TRINITY_DN33353_c0_g1_i3.p1	TRINITY_DN11773_c0_g1_i7.p1	37.960	598	849	768	2.79e-138	422
TRINITY_DN33353_c0_g1_i3.p1	TRINITY_DN1124_c0_g1_i10.p1	50.840	238	849	1273	1.02e-66	234
TRINITY_DN33353_c0_g1_i3.p1	TRINITY_DN1124_c0_g1_i10.p1	43.673	245	849	1273	1.11e-54	197
TRINITY_DN33353_c0_g1_i3.p1	TRINITY_DN4426_c0_g1_i3.p1	28.571	595	849	707	4.21e-63	218
TRINITY_DN33353_c0_g1_i3.p1	TRINITY_DN16854_c0_g2_i2.p1	32.244	459	849	548	6.58e-54	189
TRINITY_DN33353_c0_g1_i3.p1	TRINITY_DN662_c0_g1_i2.p1	26.144	459	849	1516	5.51e-39	149
TRINITY_DN33353_c0_g1_i3.p1	TRINITY_DN662_c0_g1_i2.p1	24.124	485	849	1516	9.21e-27	109
TRINITY_DN33353_c0_g1_i3.p1	TRINITY_DN5424_c0_g1_i1.p1	32.979	282	849	1366	2.56e-36	140
TRINITY_DN33353_c0_g1_i3.p1	TRINITY_DN5424_c0_g1_i1.p1	29.839	248	849	1366	2.26e-28	114
TRINITY_DN33353_c0_g1_i3.p1	TRINITY_DN18452_c0_g1_i1.p1	23.447	499	849	1399	2.08e-35	137
TRINITY_DN33353_c0_g1_i3.p1	TRINITY_DN18452_c0_g1_i1.p1	30.364	247	849	1399	1.37e-28	115
TRINITY_DN33353_c0_g1_i3.p1	TRINITY_DN9474_c0_g1_i1.p1	25.755	497	849	1452	2.50e-34	134
TRINITY_DN33353_c0_g1_i3.p1	TRINITY_DN9474_c0_g1_i1.p1	26.961	204	849	1452	4.02e-19	84.7
TRINITY_DN33353_c0_g1_i3.p1	TRINITY_DN12134_c0_g1_i3.p1	33.858	254	849	1395	2.40e-33	130
TRINITY_DN33353_c0_g1_i3.p1	TRINITY_DN12134_c0_g1_i3.p1	26.104	249	849	1395	8.35e-22	93.6
TRINITY_DN33353_c0_g1_i3.p1	TRINITY_DN4518_c0_g1_i1.p1	23.256	516	849	1363	2.57e-32	127
TRINITY_DN33353_c0_g1_i3.p1	TRINITY_DN4518_c0_g1_i1.p1	28.511	235	849	1363	2.55e-20	88.6
TRINITY_DN33353_c0_g1_i3.p1	TRINITY_DN662_c0_g4_i1.p1	34.579	214	849	1345	4.21e-32	126
TRINITY_DN33353_c0_g1_i3.p1	TRINITY_DN662_c0_g4_i1.p1	29.960	247	849	1345	1.80e-25	105
TRINITY_DN33353_c0_g1_i3.p1	TRINITY_DN54_c0_g1_i1.p1	31.020	245	849	1379	4.08e-27	110
TRINITY_DN33353_c0_g1_i3.p1	TRINITY_DN54_c0_g1_i1.p1	27.600	250	849	1379	1.66e-20	89.4
TRINITY_DN33353_c0_g1_i3.p1	TRINITY_DN254_c0_g1_i11.p1	28.467	274	849	1595	3.02e-23	98.2
TRINITY_DN33353_c0_g1_i3.p1	TRINITY_DN254_c0_g1_i11.p1	23.585	212	849	1595	4.06e-14	68.6
TRINITY_DN33353_c0_g1_i3.p1	TRINITY_DN10989_c0_g1_i5.p1	39.394	132	849	198	2.78e-22	88.2
TRINITY_DN33353_c0_g1_i3.p1	TRINITY_DN33832_c0_g1_i10.p1	33.155	187	849	1697	9.77e-19	83.6
TRINITY_DN33353_c0_g1_i3.p1	TRINITY_DN33832_c0_g1_i10.p1	24.662	296	849	1697	1.35e-16	76.6
TRINITY_DN33353_c0_g1_i3.p1	TRINITY_DN11606_c0_g1_i6.p1	31.351	185	849	1641	1.05e-18	83.6
TRINITY_DN33353_c0_g1_i3.p1	TRINITY_DN11606_c0_g1_i6.p1	26.442	208	849	1641	2.57e-07	46.2
TRINITY_DN33353_c0_g1_i3.p1	TRINITY_DN264_c0_g1_i11.p1	27.642	246	849	1744	3.58e-18	81.6
TRINITY_DN33353_c0_g1_i3.p1	TRINITY_DN264_c0_g1_i11.p1	25.610	246	849	1744	3.98e-13	65.5
TRINITY_DN33353_c0_g1_i3.p1	TRINITY_DN12905_c0_g2_i1.p1	28.205	234	849	629	3.00e-17	78.2
TRINITY_DN33353_c0_g1_i3.p1	TRINITY_DN332_c0_g1_i5.p1	28.837	215	849	698	7.17e-17	77.0
TRINITY_DN33353_c0_g1_i3.p1	TRINITY_DN7214_c0_g1_i11.p1	27.803	223	849	655	7.65e-17	76.6
TRINITY_DN33353_c0_g1_i3.p1	TRINITY_DN1442_c0_g1_i7.p1	25.641	234	849	795	5.39e-16	74.3
TRINITY_DN33353_c0_g1_i3.p1	TRINITY_DN5175_c0_g1_i3.p1	28.505	214	849	722	7.18e-16	73.9
TRINITY_DN33353_c0_g1_i3.p1	TRINITY_DN20355_c0_g1_i13.p1	25.431	232	849	888	2.29e-15	72.4
TRINITY_DN33353_c0_g1_i3.p1	TRINITY_DN9037_c0_g1_i11.p1	31.553	206	849	851	4.96e-15	71.2
TRINITY_DN33353_c0_g1_i3.p1	TRINITY_DN2350_c0_g1_i14.p1	25.957	235	849	791	2.38e-14	68.9
TRINITY_DN33353_c0_g1_i3.p1	TRINITY_DN9946_c0_g2_i2.p1	27.273	220	849	621	4.04e-14	67.8
TRINITY_DN33353_c0_g1_i3.p1	TRINITY_DN4644_c0_g1_i1.p1	26.066	211	849	638	9.84e-14	66.6
TRINITY_DN33353_c0_g1_i3.p1	TRINITY_DN4709_c2_g1_i1.p1	27.354	223	849	668	6.06e-13	64.3
TRINITY_DN33353_c0_g1_i3.p1	TRINITY_DN13145_c0_g1_i1.p1	27.315	216	849	593	6.74e-13	63.9
TRINITY_DN33353_c0_g1_i3.p1	TRINITY_DN30_c14_g1_i4.p1	26.316	228	849	669	7.20e-13	63.9
TRINITY_DN33353_c0_g1_i3.p1	TRINITY_DN1142_c1_g1_i12.p1	28.571	175	849	764	1.19e-11	60.1
TRINITY_DN33353_c0_g1_i3.p1	TRINITY_DN9986_c0_g1_i1.p1	19.231	338	849	564	1.14e-09	53.5
TRINITY_DN33353_c0_g1_i3.p1	TRINITY_DN9986_c0_g1_i1.p1	25.243	103	849	564	1.46e-05	40.4
TRINITY_DN33353_c0_g1_i3.p1	TRINITY_DN18075_c0_g1_i1.p1	22.018	218	849	645	3.99e-07	45.4
TRINITY_DN33353_c0_g1_i3.p1	TRINITY_DN37894_c0_g1_i1.p1	28.261	92	849	125	1.11e-06	41.2
TRINITY_DN33353_c0_g1_i3.p1	TRINITY_DN35371_c0_g2_i1.p1	23.077	156	849	224	2.16e-05	38.9
TRINITY_DN33353_c0_g1_i3.p1	TRINITY_DN4830_c1_g1_i1.p1	27.108	166	849	879	1.23e-04	37.4
TRINITY_DN33353_c0_g1_i3.p1	TRINITY_DN4830_c1_g1_i1.p1	50.000	34	849	879	1.68e-04	37.0
TRINITY_DN33353_c0_g1_i3.p1	TRINITY_DN4830_c1_g1_i1.p1	34.884	43	849	879	8.40e-04	34.7
TRINITY_DN33832_c0_g1_i10.p1	TRINITY_DN33832_c0_g1_i10.p1	100.000	1697	1697	1697	0.0	3527
TRINITY_DN33832_c0_g1_i10.p1	TRINITY_DN264_c0_g1_i11.p1	41.254	1755	1697	1744	0.0	1320
TRINITY_DN33832_c0_g1_i10.p1	TRINITY_DN11606_c0_g1_i6.p1	27.934	1747	1697	1641	3.48e-177	571
TRINITY_DN33832_c0_g1_i10.p1	TRINITY_DN35371_c0_g2_i1.p1	40.000	190	1697	224	4.82e-47	161
TRINITY_DN33832_c0_g1_i10.p1	TRINITY_DN35371_c0_g2_i1.p1	38.660	194	1697	224	1.16e-41	145
TRINITY_DN33832_c0_g1_i10.p1	TRINITY_DN2350_c0_g1_i14.p1	32.751	229	1697	791	6.48e-29	117
TRINITY_DN33832_c0_g1_i10.p1	TRINITY_DN2350_c0_g1_i14.p1	29.231	260	1697	791	1.66e-22	96.7
TRINITY_DN33832_c0_g1_i10.p1	TRINITY_DN5175_c0_g1_i3.p1	32.701	211	1697	722	1.93e-27	112
TRINITY_DN33832_c0_g1_i10.p1	TRINITY_DN5175_c0_g1_i3.p1	25.728	206	1697	722	1.40e-18	84.0
TRINITY_DN33832_c0_g1_i10.p1	TRINITY_DN9946_c0_g2_i2.p1	33.971	209	1697	621	3.01e-24	101
TRINITY_DN33832_c0_g1_i10.p1	TRINITY_DN9946_c0_g2_i2.p1	28.500	200	1697	621	4.66e-17	78.6
TRINITY_DN33832_c0_g1_i10.p1	TRINITY_DN1442_c0_g1_i7.p1	30.568	229	1697	795	1.54e-23	100
TRINITY_DN33832_c0_g1_i10.p1	TRINITY_DN1442_c0_g1_i7.p1	29.185	233	1697	795	5.17e-21	92.0
TRINITY_DN33832_c0_g1_i10.p1	TRINITY_DN4709_c2_g1_i1.p1	30.924	249	1697	668	1.13e-22	97.1
TRINITY_DN33832_c0_g1_i10.p1	TRINITY_DN4709_c2_g1_i1.p1	32.124	193	1697	668	5.04e-14	68.9
TRINITY_DN33832_c0_g1_i10.p1	TRINITY_DN332_c0_g1_i5.p1	34.951	206	1697	698	1.22e-22	97.1
TRINITY_DN33832_c0_g1_i10.p1	TRINITY_DN332_c0_g1_i5.p1	30.058	173	1697	698	4.16e-16	75.9
TRINITY_DN33832_c0_g1_i10.p1	TRINITY_DN4644_c0_g1_i1.p1	30.472	233	1697	638	1.51e-22	96.3
TRINITY_DN33832_c0_g1_i10.p1	TRINITY_DN4644_c0_g1_i1.p1	26.147	218	1697	638	9.69e-13	64.7
TRINITY_DN33832_c0_g1_i10.p1	TRINITY_DN12905_c0_g2_i1.p1	31.604	212	1697	629	3.78e-21	92.0
TRINITY_DN33832_c0_g1_i10.p1	TRINITY_DN12905_c0_g2_i1.p1	29.518	166	1697	629	1.50e-15	73.9
TRINITY_DN33832_c0_g1_i10.p1	TRINITY_DN37894_c0_g1_i1.p1	33.858	127	1697	125	1.21e-20	82.0
TRINITY_DN33832_c0_g1_i10.p1	TRINITY_DN37894_c0_g1_i1.p1	33.051	118	1697	125	2.18e-17	72.8
TRINITY_DN33832_c0_g1_i10.p1	TRINITY_DN7214_c0_g1_i11.p1	28.755	233	1697	655	1.30e-19	87.0
TRINITY_DN33832_c0_g1_i10.p1	TRINITY_DN7214_c0_g1_i11.p1	28.358	201	1697	655	8.44e-14	68.2
TRINITY_DN33832_c0_g1_i10.p1	TRINITY_DN1124_c0_g1_i10.p1	25.085	295	1697	1273	2.86e-19	86.7
TRINITY_DN33832_c0_g1_i10.p1	TRINITY_DN1124_c0_g1_i10.p1	26.667	225	1697	1273	3.34e-18	83.2
TRINITY_DN33832_c0_g1_i10.p1	TRINITY_DN1124_c0_g1_i10.p1	27.083	192	1697	1273	3.70e-13	66.6
TRINITY_DN33832_c0_g1_i10.p1	TRINITY_DN1124_c0_g1_i10.p1	26.519	181	1697	1273	5.05e-10	56.2
TRINITY_DN33832_c0_g1_i10.p1	TRINITY_DN33353_c0_g1_i3.p1	33.155	187	1697	849	1.58e-18	84.0
TRINITY_DN33832_c0_g1_i10.p1	TRINITY_DN33353_c0_g1_i3.p1	24.662	296	1697	849	1.75e-16	77.4
TRINITY_DN33832_c0_g1_i10.p1	TRINITY_DN21667_c0_g1_i1.p1	24.828	290	1697	465	4.18e-18	81.3
TRINITY_DN33832_c0_g1_i10.p1	TRINITY_DN13145_c0_g1_i1.p1	26.786	224	1697	593	1.34e-16	77.0
TRINITY_DN33832_c0_g1_i10.p1	TRINITY_DN13145_c0_g1_i1.p1	27.451	255	1697	593	4.05e-14	69.3
TRINITY_DN33832_c0_g1_i10.p1	TRINITY_DN4426_c0_g1_i3.p1	25.714	210	1697	707	4.50e-16	75.9
TRINITY_DN33832_c0_g1_i10.p1	TRINITY_DN4426_c0_g1_i3.p1	24.889	225	1697	707	4.40e-10	56.2
TRINITY_DN33832_c0_g1_i10.p1	TRINITY_DN662_c0_g4_i1.p1	23.699	346	1697	1345	1.63e-14	71.2
TRINITY_DN33832_c0_g1_i10.p1	TRINITY_DN662_c0_g4_i1.p1	20.851	235	1697	1345	8.84e-08	48.9
TRINITY_DN33832_c0_g1_i10.p1	TRINITY_DN662_c0_g4_i1.p1	21.759	216	1697	1345	1.23e-06	45.1
TRINITY_DN33832_c0_g1_i10.p1	TRINITY_DN11773_c0_g1_i7.p1	26.718	262	1697	768	1.81e-13	67.4
TRINITY_DN33832_c0_g1_i10.p1	TRINITY_DN11773_c0_g1_i7.p1	26.009	223	1697	768	3.43e-08	50.1
TRINITY_DN33832_c0_g1_i10.p1	TRINITY_DN5424_c0_g1_i1.p1	25.896	251	1697	1366	6.81e-13	65.9
TRINITY_DN33832_c0_g1_i10.p1	TRINITY_DN5424_c0_g1_i1.p1	21.260	254	1697	1366	9.17e-11	58.9
TRINITY_DN33832_c0_g1_i10.p1	TRINITY_DN5424_c0_g1_i1.p1	23.529	221	1697	1366	5.39e-10	56.2
TRINITY_DN33832_c0_g1_i10.p1	TRINITY_DN5424_c0_g1_i1.p1	25.000	204	1697	1366	4.69e-04	36.6
TRINITY_DN33832_c0_g1_i10.p1	TRINITY_DN12134_c0_g1_i3.p1	26.293	232	1697	1395	3.55e-12	63.5
TRINITY_DN33832_c0_g1_i10.p1	TRINITY_DN12134_c0_g1_i3.p1	25.105	239	1697	1395	1.54e-10	58.2
TRINITY_DN33832_c0_g1_i10.p1	TRINITY_DN12134_c0_g1_i3.p1	25.110	227	1697	1395	2.52e-04	37.7
TRINITY_DN33832_c0_g1_i10.p1	TRINITY_DN4518_c0_g1_i1.p1	26.122	245	1697	1363	4.25e-10	56.6
TRINITY_DN33832_c0_g1_i10.p1	TRINITY_DN4518_c0_g1_i1.p1	22.951	244	1697	1363	8.21e-07	45.8
TRINITY_DN33832_c0_g1_i10.p1	TRINITY_DN4518_c0_g1_i1.p1	20.270	222	1697	1363	8.33e-05	39.3
TRINITY_DN33832_c0_g1_i10.p1	TRINITY_DN4830_c1_g1_i1.p1	28.481	158	1697	879	9.54e-10	55.1
TRINITY_DN33832_c0_g1_i10.p1	TRINITY_DN4830_c1_g1_i1.p1	26.667	195	1697	879	4.78e-08	49.7
TRINITY_DN33832_c0_g1_i10.p1	TRINITY_DN4830_c1_g1_i1.p1	27.933	179	1697	879	1.21e-04	38.5
TRINITY_DN33832_c0_g1_i10.p1	TRINITY_DN16854_c0_g2_i2.p1	27.103	214	1697	548	1.35e-09	54.3
TRINITY_DN33832_c0_g1_i10.p1	TRINITY_DN9474_c0_g1_i1.p1	21.818	275	1697	1452	1.96e-09	54.3
TRINITY_DN33832_c0_g1_i10.p1	TRINITY_DN9474_c0_g1_i1.p1	21.338	314	1697	1452	3.17e-07	47.0
TRINITY_DN33832_c0_g1_i10.p1	TRINITY_DN9474_c0_g1_i1.p1	23.474	213	1697	1452	4.67e-07	46.6
TRINITY_DN33832_c0_g1_i10.p1	TRINITY_DN18075_c0_g1_i1.p1	23.715	253	1697	645	2.03e-09	53.9
TRINITY_DN33832_c0_g1_i10.p1	TRINITY_DN18075_c0_g1_i1.p1	22.072	222	1697	645	4.79e-08	49.7
TRINITY_DN33832_c0_g1_i10.p1	TRINITY_DN18452_c0_g1_i1.p1	24.645	211	1697	1399	3.52e-08	50.4
TRINITY_DN33832_c0_g1_i10.p1	TRINITY_DN18452_c0_g1_i1.p1	24.731	279	1697	1399	8.04e-08	48.9
TRINITY_DN33832_c0_g1_i10.p1	TRINITY_DN18452_c0_g1_i1.p1	25.837	209	1697	1399	4.37e-06	43.5
TRINITY_DN33832_c0_g1_i10.p1	TRINITY_DN18452_c0_g1_i1.p1	20.087	229	1697	1399	5.35e-05	39.7
TRINITY_DN33832_c0_g1_i10.p1	TRINITY_DN254_c0_g1_i11.p1	24.775	222	1697	1595	1.71e-07	48.1
TRINITY_DN33832_c0_g1_i10.p1	TRINITY_DN254_c0_g1_i11.p1	20.266	301	1697	1595	2.16e-07	47.8
TRINITY_DN33832_c0_g1_i10.p1	TRINITY_DN254_c0_g1_i11.p1	22.845	232	1697	1595	2.18e-04	37.7
TRINITY_DN33832_c0_g1_i10.p1	TRINITY_DN54_c0_g1_i1.p1	25.778	225	1697	1379	1.88e-07	47.8
TRINITY_DN33832_c0_g1_i10.p1	TRINITY_DN54_c0_g1_i1.p1	25.847	236	1697	1379	4.41e-07	46.6
TRINITY_DN33832_c0_g1_i10.p1	TRINITY_DN662_c0_g1_i2.p1	23.502	217	1697	1516	2.01e-07	47.8
TRINITY_DN33832_c0_g1_i10.p1	TRINITY_DN662_c0_g1_i2.p1	25.592	211	1697	1516	1.28e-05	42.0
TRINITY_DN33832_c0_g1_i10.p1	TRINITY_DN662_c0_g1_i2.p1	22.120	217	1697	1516	2.01e-05	41.2
TRINITY_DN33832_c0_g1_i10.p1	TRINITY_DN662_c0_g1_i2.p1	21.076	223	1697	1516	2.99e-05	40.8
TRINITY_DN33832_c0_g1_i10.p1	TRINITY_DN20355_c0_g1_i13.p1	37.349	83	1697	888	3.81e-07	46.6
TRINITY_DN33832_c0_g1_i10.p1	TRINITY_DN20355_c0_g1_i13.p1	34.426	61	1697	888	5.30e-06	43.1
TRINITY_DN33832_c0_g1_i10.p1	TRINITY_DN58313_c0_g1_i1.p1	33.962	53	1697	104	1.21e-05	38.5
TRINITY_DN33832_c0_g1_i10.p1	TRINITY_DN10989_c0_g1_i5.p1	25.424	118	1697	198	1.24e-05	40.4
TRINITY_DN33832_c0_g1_i10.p1	TRINITY_DN1142_c1_g1_i12.p1	23.757	181	1697	764	5.22e-05	39.7
TRINITY_DN33832_c0_g1_i10.p1	TRINITY_DN35371_c0_g1_i1.p1	46.875	32	1697	120	1.18e-04	36.2
TRINITY_DN33832_c0_g1_i10.p1	TRINITY_DN35371_c0_g1_i1.p1	30.000	50	1697	120	1.25e-04	35.8
TRINITY_DN35371_c0_g1_i1.p1	TRINITY_DN35371_c0_g1_i1.p1	100.000	120	120	120	3.44e-86	239
TRINITY_DN35371_c0_g1_i1.p1	TRINITY_DN264_c0_g1_i11.p1	44.231	52	120	1744	2.57e-08	43.1
TRINITY_DN35371_c0_g1_i1.p1	TRINITY_DN11606_c0_g1_i6.p1	25.676	74	120	1641	4.63e-06	36.6
TRINITY_DN35371_c0_g1_i1.p1	TRINITY_DN33832_c0_g1_i10.p1	46.875	32	120	1697	7.08e-06	36.2
TRINITY_DN35371_c0_g1_i1.p1	TRINITY_DN33832_c0_g1_i10.p1	30.000	50	120	1697	7.36e-06	36.2
TRINITY_DN35371_c0_g2_i1.p1	TRINITY_DN35371_c0_g2_i1.p1	100.000	224	224	224	5.76e-174	470
TRINITY_DN35371_c0_g2_i1.p1	TRINITY_DN33832_c0_g1_i10.p1	40.000	190	224	1697	5.95e-48	161
TRINITY_DN35371_c0_g2_i1.p1	TRINITY_DN33832_c0_g1_i10.p1	38.660	194	224	1697	1.54e-42	145
TRINITY_DN35371_c0_g2_i1.p1	TRINITY_DN264_c0_g1_i11.p1	35.096	208	224	1744	3.74e-44	150
TRINITY_DN35371_c0_g2_i1.p1	TRINITY_DN264_c0_g1_i11.p1	39.037	187	224	1744	1.50e-42	145
TRINITY_DN35371_c0_g2_i1.p1	TRINITY_DN11606_c0_g1_i6.p1	33.163	196	224	1641	2.18e-33	119
TRINITY_DN35371_c0_g2_i1.p1	TRINITY_DN11606_c0_g1_i6.p1	29.442	197	224	1641	5.05e-30	109
TRINITY_DN35371_c0_g2_i1.p1	TRINITY_DN1442_c0_g1_i7.p1	30.612	196	224	795	1.37e-18	76.3
TRINITY_DN35371_c0_g2_i1.p1	TRINITY_DN37894_c0_g1_i1.p1	29.134	127	224	125	1.96e-18	71.2
TRINITY_DN35371_c0_g2_i1.p1	TRINITY_DN2350_c0_g1_i14.p1	31.111	135	224	791	3.22e-18	75.1
TRINITY_DN35371_c0_g2_i1.p1	TRINITY_DN5175_c0_g1_i3.p1	27.374	179	224	722	7.16e-17	71.2
TRINITY_DN35371_c0_g2_i1.p1	TRINITY_DN4709_c2_g1_i1.p1	30.370	135	224	668	6.70e-13	59.7
TRINITY_DN35371_c0_g2_i1.p1	TRINITY_DN7214_c0_g1_i11.p1	25.824	182	224	655	8.82e-13	59.3
TRINITY_DN35371_c0_g2_i1.p1	TRINITY_DN12905_c0_g2_i1.p1	32.184	87	224	629	2.31e-12	57.8
TRINITY_DN35371_c0_g2_i1.p1	TRINITY_DN332_c0_g1_i5.p1	30.108	93	224	698	4.46e-11	54.3
TRINITY_DN35371_c0_g2_i1.p1	TRINITY_DN4644_c0_g1_i1.p1	32.222	90	224	638	7.27e-11	53.5
TRINITY_DN35371_c0_g2_i1.p1	TRINITY_DN13145_c0_g1_i1.p1	24.000	175	224	593	2.11e-10	52.0
TRINITY_DN35371_c0_g2_i1.p1	TRINITY_DN9946_c0_g2_i2.p1	22.951	183	224	621	2.20e-09	48.9
TRINITY_DN35371_c0_g2_i1.p1	TRINITY_DN4426_c0_g1_i3.p1	24.413	213	224	707	9.01e-09	47.4
TRINITY_DN35371_c0_g2_i1.p1	TRINITY_DN4830_c1_g1_i1.p1	23.333	210	224	879	1.04e-07	43.9
TRINITY_DN35371_c0_g2_i1.p1	TRINITY_DN4830_c1_g1_i1.p1	32.203	59	224	879	4.15e-05	36.2
TRINITY_DN35371_c0_g2_i1.p1	TRINITY_DN9474_c0_g1_i1.p1	28.409	88	224	1452	1.50e-07	43.5
TRINITY_DN35371_c0_g2_i1.p1	TRINITY_DN18075_c0_g1_i1.p1	28.155	103	224	645	6.56e-07	41.6
TRINITY_DN35371_c0_g2_i1.p1	TRINITY_DN33353_c0_g1_i3.p1	24.306	144	224	849	8.82e-07	41.2
TRINITY_DN35371_c0_g2_i1.p1	TRINITY_DN1124_c0_g1_i10.p1	23.762	101	224	1273	1.83e-06	40.4
TRINITY_DN35371_c0_g2_i1.p1	TRINITY_DN1124_c0_g1_i10.p1	37.143	35	224	1273	8.38e-05	35.4
TRINITY_DN35371_c0_g2_i1.p1	TRINITY_DN662_c0_g4_i1.p1	25.581	86	224	1345	2.37e-06	40.0
TRINITY_DN35371_c0_g2_i1.p1	TRINITY_DN12134_c0_g1_i3.p1	29.070	86	224	1395	3.77e-06	39.3
TRINITY_DN35371_c0_g2_i1.p1	TRINITY_DN12134_c0_g1_i3.p1	32.609	46	224	1395	3.68e-04	33.1
TRINITY_DN35371_c0_g2_i1.p1	TRINITY_DN18452_c0_g1_i1.p1	31.667	60	224	1399	8.26e-06	38.5
TRINITY_DN35371_c0_g2_i1.p1	TRINITY_DN5424_c0_g1_i1.p1	21.138	123	224	1366	9.05e-05	35.0
TRINITY_DN35371_c0_g2_i1.p1	TRINITY_DN5424_c0_g1_i1.p1	30.435	46	224	1366	0.001	32.0
TRINITY_DN35371_c0_g2_i1.p1	TRINITY_DN11773_c0_g1_i7.p1	20.765	183	224	768	1.76e-04	34.3
TRINITY_DN35371_c0_g2_i1.p1	TRINITY_DN254_c0_g1_i11.p1	23.881	67	224	1595	8.12e-04	32.3
TRINITY_DN37894_c0_g1_i1.p1	TRINITY_DN37894_c0_g1_i1.p1	100.000	125	125	125	7.61e-89	246
TRINITY_DN37894_c0_g1_i1.p1	TRINITY_DN33832_c0_g1_i10.p1	33.858	127	125	1697	8.91e-22	82.0
TRINITY_DN37894_c0_g1_i1.p1	TRINITY_DN33832_c0_g1_i10.p1	33.051	118	125	1697	1.61e-18	72.8
TRINITY_DN37894_c0_g1_i1.p1	TRINITY_DN264_c0_g1_i11.p1	33.607	122	125	1744	6.91e-21	79.3
TRINITY_DN37894_c0_g1_i1.p1	TRINITY_DN264_c0_g1_i11.p1	36.441	118	125	1744	1.76e-19	75.5
TRINITY_DN37894_c0_g1_i1.p1	TRINITY_DN35371_c0_g2_i1.p1	29.134	127	125	224	1.09e-18	71.2
TRINITY_DN37894_c0_g1_i1.p1	TRINITY_DN11606_c0_g1_i6.p1	32.174	115	125	1641	3.11e-16	66.2
TRINITY_DN37894_c0_g1_i1.p1	TRINITY_DN11606_c0_g1_i6.p1	39.759	83	125	1641	2.29e-11	52.0
TRINITY_DN37894_c0_g1_i1.p1	TRINITY_DN5175_c0_g1_i3.p1	35.870	92	125	722	4.08e-16	65.9
TRINITY_DN37894_c0_g1_i1.p1	TRINITY_DN1442_c0_g1_i7.p1	35.714	84	125	795	6.20e-13	56.6
TRINITY_DN37894_c0_g1_i1.p1	TRINITY_DN2350_c0_g1_i14.p1	31.624	117	125	791	6.82e-13	56.6
TRINITY_DN37894_c0_g1_i1.p1	TRINITY_DN4426_c0_g1_i3.p1	31.683	101	125	707	8.27e-10	47.8
TRINITY_DN37894_c0_g1_i1.p1	TRINITY_DN1124_c0_g1_i10.p1	30.208	96	125	1273	2.04e-09	46.6
TRINITY_DN37894_c0_g1_i1.p1	TRINITY_DN1124_c0_g1_i10.p1	31.776	107	125	1273	1.23e-07	41.6
TRINITY_DN37894_c0_g1_i1.p1	TRINITY_DN332_c0_g1_i5.p1	31.765	85	125	698	2.09e-09	46.6
TRINITY_DN37894_c0_g1_i1.p1	TRINITY_DN9946_c0_g2_i2.p1	36.538	52	125	621	4.86e-09	45.4
TRINITY_DN37894_c0_g1_i1.p1	TRINITY_DN7214_c0_g1_i11.p1	26.506	83	125	655	3.54e-08	43.1
TRINITY_DN37894_c0_g1_i1.p1	TRINITY_DN4644_c0_g1_i1.p1	29.630	81	125	638	4.24e-08	42.7
TRINITY_DN37894_c0_g1_i1.p1	TRINITY_DN12905_c0_g2_i1.p1	36.620	71	125	629	9.87e-08	41.6
TRINITY_DN37894_c0_g1_i1.p1	TRINITY_DN13145_c0_g1_i1.p1	29.524	105	125	593	1.11e-07	41.6
TRINITY_DN37894_c0_g1_i1.p1	TRINITY_DN20355_c0_g1_i13.p1	37.097	62	125	888	1.57e-07	41.2
TRINITY_DN37894_c0_g1_i1.p1	TRINITY_DN33353_c0_g1_i3.p1	28.261	92	125	849	1.63e-07	41.2
TRINITY_DN37894_c0_g1_i1.p1	TRINITY_DN4518_c0_g1_i1.p1	26.050	119	125	1363	3.56e-07	40.0
TRINITY_DN37894_c0_g1_i1.p1	TRINITY_DN4518_c0_g1_i1.p1	31.868	91	125	1363	2.17e-06	37.7
TRINITY_DN37894_c0_g1_i1.p1	TRINITY_DN9474_c0_g1_i1.p1	25.806	93	125	1452	3.89e-07	40.0
TRINITY_DN37894_c0_g1_i1.p1	TRINITY_DN9474_c0_g1_i1.p1	28.049	82	125	1452	1.66e-04	32.3
TRINITY_DN37894_c0_g1_i1.p1	TRINITY_DN4709_c2_g1_i1.p1	24.719	89	125	668	6.37e-07	39.3
TRINITY_DN37894_c0_g1_i1.p1	TRINITY_DN662_c0_g1_i2.p1	29.592	98	125	1516	6.49e-07	39.3
TRINITY_DN37894_c0_g1_i1.p1	TRINITY_DN54_c0_g1_i1.p1	31.868	91	125	1379	1.81e-06	38.1
TRINITY_DN37894_c0_g1_i1.p1	TRINITY_DN5424_c0_g1_i1.p1	24.731	93	125	1366	3.43e-06	37.4
TRINITY_DN37894_c0_g1_i1.p1	TRINITY_DN662_c0_g4_i1.p1	24.194	124	125	1345	4.00e-06	37.0
TRINITY_DN37894_c0_g1_i1.p1	TRINITY_DN18452_c0_g1_i1.p1	29.032	93	125	1399	2.31e-05	35.0
TRINITY_DN37894_c0_g1_i1.p1	TRINITY_DN18452_c0_g1_i1.p1	31.373	51	125	1399	3.72e-04	31.6
TRINITY_DN37894_c0_g1_i1.p1	TRINITY_DN12134_c0_g1_i3.p1	25.000	120	125	1395	4.22e-05	34.3
TRINITY_DN37894_c0_g1_i1.p1	TRINITY_DN12134_c0_g1_i3.p1	27.848	79	125	1395	4.33e-04	31.2
TRINITY_DN37894_c0_g1_i1.p1	TRINITY_DN16854_c0_g2_i2.p1	32.955	88	125	548	7.04e-05	33.5
TRINITY_DN37894_c0_g1_i1.p1	TRINITY_DN11773_c0_g1_i7.p1	28.000	50	125	768	8.25e-05	33.1
TRINITY_DN37894_c0_g1_i1.p1	TRINITY_DN4830_c1_g1_i1.p1	31.250	64	125	879	3.02e-04	31.6
TRINITY_DN37894_c0_g1_i1.p1	TRINITY_DN4830_c1_g1_i1.p1	30.882	68	125	879	4.51e-04	31.2
TRINITY_DN37894_c0_g1_i1.p1	TRINITY_DN18075_c0_g1_i1.p1	24.348	115	125	645	3.18e-04	31.6
TRINITY_DN37894_c0_g1_i1.p1	TRINITY_DN254_c0_g1_i11.p1	33.333	39	125	1595	6.99e-04	30.4
TRINITY_DN4426_c0_g1_i3.p1	TRINITY_DN4426_c0_g1_i3.p1	100.000	707	707	707	0.0	1447
TRINITY_DN4426_c0_g1_i3.p1	TRINITY_DN1124_c0_g1_i10.p1	33.577	548	707	1273	6.76e-82	276
TRINITY_DN4426_c0_g1_i3.p1	TRINITY_DN1124_c0_g1_i10.p1	31.588	592	707	1273	6.76e-79	267
TRINITY_DN4426_c0_g1_i3.p1	TRINITY_DN16854_c0_g2_i2.p1	32.392	531	707	548	2.91e-72	237
TRINITY_DN4426_c0_g1_i3.p1	TRINITY_DN33353_c0_g1_i3.p1	29.554	538	707	849	5.40e-62	215
TRINITY_DN4426_c0_g1_i3.p1	TRINITY_DN11773_c0_g1_i7.p1	32.770	473	707	768	3.90e-55	194
TRINITY_DN4426_c0_g1_i3.p1	TRINITY_DN662_c0_g1_i2.p1	28.392	479	707	1516	7.94e-45	165
TRINITY_DN4426_c0_g1_i3.p1	TRINITY_DN662_c0_g1_i2.p1	22.883	555	707	1516	2.23e-24	101
TRINITY_DN4426_c0_g1_i3.p1	TRINITY_DN18452_c0_g1_i1.p1	27.239	547	707	1399	3.49e-40	151
TRINITY_DN4426_c0_g1_i3.p1	TRINITY_DN18452_c0_g1_i1.p1	29.358	218	707	1399	2.92e-22	94.4
TRINITY_DN4426_c0_g1_i3.p1	TRINITY_DN4518_c0_g1_i1.p1	25.617	527	707	1363	1.50e-38	146
TRINITY_DN4426_c0_g1_i3.p1	TRINITY_DN4518_c0_g1_i1.p1	26.937	271	707	1363	5.54e-23	96.7
TRINITY_DN4426_c0_g1_i3.p1	TRINITY_DN12134_c0_g1_i3.p1	26.433	541	707	1395	1.55e-38	145
TRINITY_DN4426_c0_g1_i3.p1	TRINITY_DN12134_c0_g1_i3.p1	28.723	282	707	1395	1.06e-26	108
TRINITY_DN4426_c0_g1_i3.p1	TRINITY_DN662_c0_g4_i1.p1	34.211	266	707	1345	6.88e-37	140
TRINITY_DN4426_c0_g1_i3.p1	TRINITY_DN662_c0_g4_i1.p1	30.172	232	707	1345	1.65e-19	85.5
TRINITY_DN4426_c0_g1_i3.p1	TRINITY_DN54_c0_g1_i1.p1	25.586	512	707	1379	1.48e-35	136
TRINITY_DN4426_c0_g1_i3.p1	TRINITY_DN54_c0_g1_i1.p1	27.586	232	707	1379	2.35e-23	97.8
TRINITY_DN4426_c0_g1_i3.p1	TRINITY_DN5424_c0_g1_i1.p1	26.034	580	707	1366	6.30e-35	134
TRINITY_DN4426_c0_g1_i3.p1	TRINITY_DN5424_c0_g1_i1.p1	21.475	610	707	1366	1.69e-23	98.2
TRINITY_DN4426_c0_g1_i3.p1	TRINITY_DN9474_c0_g1_i1.p1	34.118	255	707	1452	7.32e-35	134
TRINITY_DN4426_c0_g1_i3.p1	TRINITY_DN9474_c0_g1_i1.p1	28.139	231	707	1452	5.56e-24	100
TRINITY_DN4426_c0_g1_i3.p1	TRINITY_DN254_c0_g1_i11.p1	27.273	495	707	1595	5.50e-33	128
TRINITY_DN4426_c0_g1_i3.p1	TRINITY_DN254_c0_g1_i11.p1	26.786	224	707	1595	9.86e-18	79.7
TRINITY_DN4426_c0_g1_i3.p1	TRINITY_DN10989_c0_g1_i5.p1	36.612	183	707	198	1.42e-31	114
TRINITY_DN4426_c0_g1_i3.p1	TRINITY_DN9037_c0_g1_i11.p1	30.942	223	707	851	1.29e-18	82.4
TRINITY_DN4426_c0_g1_i3.p1	TRINITY_DN11606_c0_g1_i6.p1	27.803	223	707	1641	8.12e-17	77.0
TRINITY_DN4426_c0_g1_i3.p1	TRINITY_DN11606_c0_g1_i6.p1	21.860	215	707	1641	4.31e-06	42.0
TRINITY_DN4426_c0_g1_i3.p1	TRINITY_DN33832_c0_g1_i10.p1	25.714	210	707	1697	1.86e-16	75.9
TRINITY_DN4426_c0_g1_i3.p1	TRINITY_DN33832_c0_g1_i10.p1	24.889	225	707	1697	1.87e-10	56.2
TRINITY_DN4426_c0_g1_i3.p1	TRINITY_DN20355_c0_g1_i13.p1	30.288	208	707	888	1.96e-16	75.5
TRINITY_DN4426_c0_g1_i3.p1	TRINITY_DN12905_c0_g2_i1.p1	26.339	224	707	629	7.06e-16	73.2
TRINITY_DN4426_c0_g1_i3.p1	TRINITY_DN264_c0_g1_i11.p1	27.143	210	707	1744	6.28e-15	70.9
TRINITY_DN4426_c0_g1_i3.p1	TRINITY_DN264_c0_g1_i11.p1	24.314	255	707	1744	5.91e-09	51.2
TRINITY_DN4426_c0_g1_i3.p1	TRINITY_DN1142_c1_g1_i12.p1	27.897	233	707	764	6.37e-15	70.5
TRINITY_DN4426_c0_g1_i3.p1	TRINITY_DN30_c14_g1_i4.p1	24.473	237	707	669	1.01e-14	69.7
TRINITY_DN4426_c0_g1_i3.p1	TRINITY_DN1442_c0_g1_i7.p1	25.984	254	707	795	2.27e-14	68.6
TRINITY_DN4426_c0_g1_i3.p1	TRINITY_DN2350_c0_g1_i14.p1	28.000	250	707	791	2.66e-14	68.6
TRINITY_DN4426_c0_g1_i3.p1	TRINITY_DN7214_c0_g1_i11.p1	28.509	228	707	655	6.39e-14	67.0
TRINITY_DN4426_c0_g1_i3.p1	TRINITY_DN332_c0_g1_i5.p1	27.111	225	707	698	1.47e-12	62.8
TRINITY_DN4426_c0_g1_i3.p1	TRINITY_DN13145_c0_g1_i1.p1	27.230	213	707	593	7.10e-12	60.5
TRINITY_DN4426_c0_g1_i3.p1	TRINITY_DN4709_c2_g1_i1.p1	26.800	250	707	668	7.83e-12	60.5
TRINITY_DN4426_c0_g1_i3.p1	TRINITY_DN5175_c0_g1_i3.p1	24.229	227	707	722	8.29e-12	60.1
TRINITY_DN4426_c0_g1_i3.p1	TRINITY_DN9946_c0_g2_i2.p1	26.738	187	707	621	1.20e-11	59.7
TRINITY_DN4426_c0_g1_i3.p1	TRINITY_DN9986_c0_g1_i1.p1	22.222	315	707	564	1.19e-09	53.1
TRINITY_DN4426_c0_g1_i3.p1	TRINITY_DN9986_c0_g1_i1.p1	31.034	87	707	564	1.00e-08	50.1
TRINITY_DN4426_c0_g1_i3.p1	TRINITY_DN37894_c0_g1_i1.p1	31.683	101	707	125	4.67e-09	47.8
TRINITY_DN4426_c0_g1_i3.p1	TRINITY_DN4644_c0_g1_i1.p1	24.771	218	707	638	1.32e-08	49.7
TRINITY_DN4426_c0_g1_i3.p1	TRINITY_DN18075_c0_g1_i1.p1	25.000	228	707	645	1.68e-08	49.7
TRINITY_DN4426_c0_g1_i3.p1	TRINITY_DN35371_c0_g2_i1.p1	24.413	213	707	224	2.84e-08	47.4
TRINITY_DN4426_c0_g1_i3.p1	TRINITY_DN4830_c1_g1_i1.p1	27.189	217	707	879	3.04e-06	42.4
TRINITY_DN4426_c0_g1_i3.p1	TRINITY_DN4830_c1_g1_i1.p1	54.286	35	707	879	4.20e-05	38.5
TRINITY_DN44328_c0_g1_i1.p1	TRINITY_DN44328_c0_g1_i1.p1	100.000	114	114	114	1.40e-83	232
TRINITY_DN44328_c0_g1_i1.p1	TRINITY_DN54_c0_g1_i1.p1	86.842	114	114	1379	4.57e-67	210
TRINITY_DN44328_c0_g1_i1.p1	TRINITY_DN4518_c0_g1_i1.p1	78.070	114	114	1363	3.20e-60	191
TRINITY_DN44328_c0_g1_i1.p1	TRINITY_DN18452_c0_g1_i1.p1	47.321	112	114	1399	1.62e-33	114
TRINITY_DN44328_c0_g1_i1.p1	TRINITY_DN12134_c0_g1_i3.p1	44.643	112	114	1395	1.04e-28	101
TRINITY_DN44328_c0_g1_i1.p1	TRINITY_DN5424_c0_g1_i1.p1	41.071	112	114	1366	9.53e-27	95.5
TRINITY_DN44328_c0_g1_i1.p1	TRINITY_DN662_c0_g4_i1.p1	37.500	112	114	1345	6.90e-25	90.1
TRINITY_DN44328_c0_g1_i1.p1	TRINITY_DN9474_c0_g1_i1.p1	38.053	113	114	1452	8.01e-25	90.1
TRINITY_DN44328_c0_g1_i1.p1	TRINITY_DN662_c0_g1_i2.p1	24.107	112	114	1516	1.27e-12	55.5
TRINITY_DN44328_c0_g1_i1.p1	TRINITY_DN9986_c0_g1_i1.p1	24.545	110	114	564	2.34e-09	45.8
TRINITY_DN44328_c0_g1_i1.p1	TRINITY_DN9037_c0_g1_i11.p1	25.225	111	114	851	3.74e-08	42.4
TRINITY_DN44328_c0_g1_i1.p1	TRINITY_DN254_c0_g1_i11.p1	37.313	67	114	1595	3.41e-07	39.7
TRINITY_DN4518_c0_g1_i1.p1	TRINITY_DN4518_c0_g1_i1.p1	100.000	1363	1363	1363	0.0	2803
TRINITY_DN4518_c0_g1_i1.p1	TRINITY_DN54_c0_g1_i1.p1	71.627	1371	1363	1379	0.0	2019
TRINITY_DN4518_c0_g1_i1.p1	TRINITY_DN12134_c0_g1_i3.p1	46.231	1393	1363	1395	0.0	1210
TRINITY_DN4518_c0_g1_i1.p1	TRINITY_DN18452_c0_g1_i1.p1	43.289	1423	1363	1399	0.0	1090
TRINITY_DN4518_c0_g1_i1.p1	TRINITY_DN662_c0_g4_i1.p1	41.074	1378	1363	1345	0.0	1018
TRINITY_DN4518_c0_g1_i1.p1	TRINITY_DN5424_c0_g1_i1.p1	40.614	1401	1363	1366	0.0	1017
TRINITY_DN4518_c0_g1_i1.p1	TRINITY_DN9474_c0_g1_i1.p1	37.437	1381	1363	1452	0.0	875
TRINITY_DN4518_c0_g1_i1.p1	TRINITY_DN254_c0_g1_i11.p1	30.088	1356	1363	1595	5.93e-148	482
TRINITY_DN4518_c0_g1_i1.p1	TRINITY_DN254_c0_g1_i11.p1	25.738	237	1363	1595	2.89e-14	70.1
TRINITY_DN4518_c0_g1_i1.p1	TRINITY_DN662_c0_g1_i2.p1	30.952	798	1363	1516	6.87e-107	364
TRINITY_DN4518_c0_g1_i1.p1	TRINITY_DN662_c0_g1_i2.p1	37.632	473	1363	1516	6.12e-99	340
TRINITY_DN4518_c0_g1_i1.p1	TRINITY_DN662_c0_g1_i2.p1	26.923	312	1363	1516	1.46e-17	80.9
TRINITY_DN4518_c0_g1_i1.p1	TRINITY_DN662_c0_g1_i2.p1	22.025	563	1363	1516	5.54e-17	79.0
TRINITY_DN4518_c0_g1_i1.p1	TRINITY_DN20355_c0_g1_i13.p1	27.246	690	1363	888	1.47e-63	226
TRINITY_DN4518_c0_g1_i1.p1	TRINITY_DN20355_c0_g1_i13.p1	27.397	219	1363	888	4.49e-14	68.9
TRINITY_DN4518_c0_g1_i1.p1	TRINITY_DN44328_c0_g1_i1.p1	78.070	114	1363	114	3.47e-59	191
TRINITY_DN4518_c0_g1_i1.p1	TRINITY_DN9986_c0_g1_i1.p1	25.997	627	1363	564	1.03e-46	169
TRINITY_DN4518_c0_g1_i1.p1	TRINITY_DN4426_c0_g1_i3.p1	25.617	527	1363	707	3.02e-38	145
TRINITY_DN4518_c0_g1_i1.p1	TRINITY_DN4426_c0_g1_i3.p1	26.937	271	1363	707	1.31e-22	96.3
TRINITY_DN4518_c0_g1_i1.p1	TRINITY_DN1124_c0_g1_i10.p1	34.615	234	1363	1273	3.21e-35	138
TRINITY_DN4518_c0_g1_i1.p1	TRINITY_DN1124_c0_g1_i10.p1	33.175	211	1363	1273	3.14e-27	112
TRINITY_DN4518_c0_g1_i1.p1	TRINITY_DN1124_c0_g1_i10.p1	29.231	260	1363	1273	6.62e-25	104
TRINITY_DN4518_c0_g1_i1.p1	TRINITY_DN1124_c0_g1_i10.p1	28.390	236	1363	1273	2.16e-23	99.8
TRINITY_DN4518_c0_g1_i1.p1	TRINITY_DN33353_c0_g1_i3.p1	33.058	242	1363	849	4.83e-32	127
TRINITY_DN4518_c0_g1_i1.p1	TRINITY_DN33353_c0_g1_i3.p1	28.571	238	1363	849	3.99e-20	88.6
TRINITY_DN4518_c0_g1_i1.p1	TRINITY_DN11773_c0_g1_i7.p1	31.873	251	1363	768	3.28e-29	117
TRINITY_DN4518_c0_g1_i1.p1	TRINITY_DN11773_c0_g1_i7.p1	26.383	235	1363	768	5.72e-17	78.2
TRINITY_DN4518_c0_g1_i1.p1	TRINITY_DN16854_c0_g2_i2.p1	26.476	559	1363	548	9.76e-29	114
TRINITY_DN4518_c0_g1_i1.p1	TRINITY_DN16854_c0_g2_i2.p1	31.405	242	1363	548	5.11e-18	81.3
TRINITY_DN4518_c0_g1_i1.p1	TRINITY_DN9037_c0_g1_i11.p1	34.928	209	1363	851	1.72e-24	102
TRINITY_DN4518_c0_g1_i1.p1	TRINITY_DN9037_c0_g1_i11.p1	26.545	275	1363	851	7.27e-20	87.8
TRINITY_DN4518_c0_g1_i1.p1	TRINITY_DN9037_c0_g1_i11.p1	25.664	226	1363	851	2.18e-05	40.4
TRINITY_DN4518_c0_g1_i1.p1	TRINITY_DN5175_c0_g1_i3.p1	27.132	258	1363	722	1.28e-13	67.4
TRINITY_DN4518_c0_g1_i1.p1	TRINITY_DN5175_c0_g1_i3.p1	25.893	224	1363	722	3.10e-13	66.2
TRINITY_DN4518_c0_g1_i1.p1	TRINITY_DN2350_c0_g1_i14.p1	25.221	226	1363	791	3.62e-13	65.9
TRINITY_DN4518_c0_g1_i1.p1	TRINITY_DN2350_c0_g1_i14.p1	26.000	200	1363	791	4.57e-10	55.8
TRINITY_DN4518_c0_g1_i1.p1	TRINITY_DN11606_c0_g1_i6.p1	26.500	200	1363	1641	4.92e-12	62.8
TRINITY_DN4518_c0_g1_i1.p1	TRINITY_DN11606_c0_g1_i6.p1	21.905	210	1363	1641	6.03e-10	55.8
TRINITY_DN4518_c0_g1_i1.p1	TRINITY_DN11606_c0_g1_i6.p1	25.000	228	1363	1641	1.38e-06	44.7
TRINITY_DN4518_c0_g1_i1.p1	TRINITY_DN1442_c0_g1_i7.p1	23.929	280	1363	795	5.02e-12	62.4
TRINITY_DN4518_c0_g1_i1.p1	TRINITY_DN1442_c0_g1_i7.p1	22.388	335	1363	795	5.67e-09	52.4
TRINITY_DN4518_c0_g1_i1.p1	TRINITY_DN30_c14_g1_i4.p1	23.673	245	1363	669	5.93e-11	58.5
TRINITY_DN4518_c0_g1_i1.p1	TRINITY_DN30_c14_g1_i4.p1	26.829	164	1363	669	1.18e-08	51.2
TRINITY_DN4518_c0_g1_i1.p1	TRINITY_DN264_c0_g1_i11.p1	27.778	198	1363	1744	6.74e-11	58.9
TRINITY_DN4518_c0_g1_i1.p1	TRINITY_DN264_c0_g1_i11.p1	24.893	233	1363	1744	4.93e-08	49.3
TRINITY_DN4518_c0_g1_i1.p1	TRINITY_DN264_c0_g1_i11.p1	22.800	250	1363	1744	4.53e-07	46.2
TRINITY_DN4518_c0_g1_i1.p1	TRINITY_DN264_c0_g1_i11.p1	21.324	272	1363	1744	2.21e-06	43.9
TRINITY_DN4518_c0_g1_i1.p1	TRINITY_DN33832_c0_g1_i10.p1	26.122	245	1363	1697	3.66e-10	56.6
TRINITY_DN4518_c0_g1_i1.p1	TRINITY_DN33832_c0_g1_i10.p1	22.951	244	1363	1697	8.07e-07	45.4
TRINITY_DN4518_c0_g1_i1.p1	TRINITY_DN33832_c0_g1_i10.p1	19.403	201	1363	1697	7.47e-05	38.9
TRINITY_DN4518_c0_g1_i1.p1	TRINITY_DN4830_c1_g1_i1.p1	26.667	195	1363	879	4.50e-09	52.8
TRINITY_DN4518_c0_g1_i1.p1	TRINITY_DN4830_c1_g1_i1.p1	27.273	165	1363	879	2.00e-05	40.8
TRINITY_DN4518_c0_g1_i1.p1	TRINITY_DN10989_c0_g1_i5.p1	32.500	80	1363	198	1.34e-08	48.9
TRINITY_DN4518_c0_g1_i1.p1	TRINITY_DN10989_c0_g1_i5.p1	31.765	85	1363	198	3.19e-06	41.6
TRINITY_DN4518_c0_g1_i1.p1	TRINITY_DN7214_c0_g1_i11.p1	24.876	201	1363	655	1.43e-07	47.8
TRINITY_DN4518_c0_g1_i1.p1	TRINITY_DN7214_c0_g1_i11.p1	28.409	176	1363	655	5.71e-06	42.4
TRINITY_DN4518_c0_g1_i1.p1	TRINITY_DN9946_c0_g2_i2.p1	22.642	212	1363	621	3.17e-07	46.6
TRINITY_DN4518_c0_g1_i1.p1	TRINITY_DN9946_c0_g2_i2.p1	23.113	212	1363	621	0.001	35.0
TRINITY_DN4518_c0_g1_i1.p1	TRINITY_DN4644_c0_g1_i1.p1	23.145	337	1363	638	1.94e-06	43.9
TRINITY_DN4518_c0_g1_i1.p1	TRINITY_DN4644_c0_g1_i1.p1	22.458	236	1363	638	1.00e-05	41.6
TRINITY_DN4518_c0_g1_i1.p1	TRINITY_DN37894_c0_g1_i1.p1	26.050	119	1363	125	3.80e-06	40.0
TRINITY_DN4518_c0_g1_i1.p1	TRINITY_DN37894_c0_g1_i1.p1	31.868	91	1363	125	2.36e-05	37.7
TRINITY_DN4518_c0_g1_i1.p1	TRINITY_DN1142_c1_g1_i12.p1	21.320	197	1363	764	5.03e-06	42.7
TRINITY_DN4518_c0_g1_i1.p1	TRINITY_DN332_c0_g1_i5.p1	20.325	246	1363	698	5.67e-06	42.4
TRINITY_DN4518_c0_g1_i1.p1	TRINITY_DN18075_c0_g1_i1.p1	21.429	210	1363	645	5.98e-06	42.4
TRINITY_DN4518_c0_g1_i1.p1	TRINITY_DN13145_c0_g1_i1.p1	24.762	210	1363	593	1.15e-05	41.2
TRINITY_DN4518_c0_g1_i1.p1	TRINITY_DN12905_c0_g2_i1.p1	26.738	187	1363	629	1.51e-04	37.7
TRINITY_DN4518_c0_g1_i1.p1	TRINITY_DN12905_c0_g2_i1.p1	23.529	170	1363	629	2.78e-04	37.0
TRINITY_DN4518_c0_g1_i1.p1	TRINITY_DN49408_c0_g1_i1.p1	28.000	75	1363	151	5.79e-04	34.3
TRINITY_DN4644_c0_g1_i1.p1	TRINITY_DN4644_c0_g1_i1.p1	100.000	638	638	638	0.0	1317
TRINITY_DN4644_c0_g1_i1.p1	TRINITY_DN332_c0_g1_i5.p1	39.668	663	638	698	2.49e-172	500
TRINITY_DN4644_c0_g1_i1.p1	TRINITY_DN4709_c2_g1_i1.p1	42.344	640	638	668	4.08e-163	476
TRINITY_DN4644_c0_g1_i1.p1	TRINITY_DN7214_c0_g1_i11.p1	39.935	616	638	655	5.42e-161	470
TRINITY_DN4644_c0_g1_i1.p1	TRINITY_DN12905_c0_g2_i1.p1	37.246	639	638	629	2.17e-146	431
TRINITY_DN4644_c0_g1_i1.p1	TRINITY_DN9946_c0_g2_i2.p1	35.935	615	638	621	6.88e-127	381
TRINITY_DN4644_c0_g1_i1.p1	TRINITY_DN13145_c0_g1_i1.p1	33.858	254	638	593	2.55e-39	145
TRINITY_DN4644_c0_g1_i1.p1	TRINITY_DN18075_c0_g1_i1.p1	27.600	250	638	645	4.09e-27	108
TRINITY_DN4644_c0_g1_i1.p1	TRINITY_DN21780_c0_g1_i1.p1	32.432	185	638	175	4.88e-26	97.8
TRINITY_DN4644_c0_g1_i1.p1	TRINITY_DN21780_c0_g2_i1.p1	38.849	139	638	136	1.03e-25	95.5
TRINITY_DN4644_c0_g1_i1.p1	TRINITY_DN49408_c0_g1_i1.p1	39.837	123	638	151	7.65e-25	93.6
TRINITY_DN4644_c0_g1_i1.p1	TRINITY_DN33832_c0_g1_i10.p1	30.472	233	638	1697	5.13e-23	96.7
TRINITY_DN4644_c0_g1_i1.p1	TRINITY_DN33832_c0_g1_i10.p1	26.147	218	638	1697	3.32e-13	65.1
TRINITY_DN4644_c0_g1_i1.p1	TRINITY_DN264_c0_g1_i11.p1	27.103	214	638	1744	9.47e-18	79.7
TRINITY_DN4644_c0_g1_i1.p1	TRINITY_DN264_c0_g1_i11.p1	25.444	169	638	1744	1.15e-12	63.2
TRINITY_DN4644_c0_g1_i1.p1	TRINITY_DN11606_c0_g1_i6.p1	30.337	178	638	1641	1.39e-16	75.9
TRINITY_DN4644_c0_g1_i1.p1	TRINITY_DN11606_c0_g1_i6.p1	27.570	214	638	1641	7.48e-13	63.9
TRINITY_DN4644_c0_g1_i1.p1	TRINITY_DN5175_c0_g1_i3.p1	32.044	181	638	722	5.09e-16	73.6
TRINITY_DN4644_c0_g1_i1.p1	TRINITY_DN2350_c0_g1_i14.p1	29.756	205	638	791	6.03e-15	70.1
TRINITY_DN4644_c0_g1_i1.p1	TRINITY_DN1442_c0_g1_i7.p1	26.882	186	638	795	1.41e-14	68.9
TRINITY_DN4644_c0_g1_i1.p1	TRINITY_DN1124_c0_g1_i10.p1	28.899	218	638	1273	2.48e-14	68.6
TRINITY_DN4644_c0_g1_i1.p1	TRINITY_DN1124_c0_g1_i10.p1	27.751	209	638	1273	4.75e-14	67.4
TRINITY_DN4644_c0_g1_i1.p1	TRINITY_DN33353_c0_g1_i3.p1	26.066	211	638	849	6.06e-14	67.0
TRINITY_DN4644_c0_g1_i1.p1	TRINITY_DN11773_c0_g1_i7.p1	30.769	234	638	768	7.40e-12	60.1
TRINITY_DN4644_c0_g1_i1.p1	TRINITY_DN5424_c0_g1_i1.p1	24.332	337	638	1366	7.34e-11	57.4
TRINITY_DN4644_c0_g1_i1.p1	TRINITY_DN5424_c0_g1_i1.p1	23.684	228	638	1366	8.00e-08	47.4
TRINITY_DN4644_c0_g1_i1.p1	TRINITY_DN35371_c0_g2_i1.p1	32.222	90	638	224	2.07e-10	53.5
TRINITY_DN4644_c0_g1_i1.p1	TRINITY_DN20355_c0_g1_i13.p1	26.106	226	638	888	1.05e-09	53.5
TRINITY_DN4644_c0_g1_i1.p1	TRINITY_DN9474_c0_g1_i1.p1	26.016	246	638	1452	7.88e-09	50.8
TRINITY_DN4644_c0_g1_i1.p1	TRINITY_DN9474_c0_g1_i1.p1	24.405	336	638	1452	1.42e-06	43.1
TRINITY_DN4644_c0_g1_i1.p1	TRINITY_DN662_c0_g4_i1.p1	28.879	232	638	1345	1.01e-08	50.4
TRINITY_DN4644_c0_g1_i1.p1	TRINITY_DN662_c0_g4_i1.p1	23.605	233	638	1345	2.54e-07	45.8
TRINITY_DN4644_c0_g1_i1.p1	TRINITY_DN4426_c0_g1_i3.p1	24.771	218	638	707	1.19e-08	49.7
TRINITY_DN4644_c0_g1_i1.p1	TRINITY_DN662_c0_g1_i2.p1	21.750	400	638	1516	2.13e-08	49.3
TRINITY_DN4644_c0_g1_i1.p1	TRINITY_DN662_c0_g1_i2.p1	28.477	151	638	1516	3.57e-04	35.4
TRINITY_DN4644_c0_g1_i1.p1	TRINITY_DN16854_c0_g2_i2.p1	28.025	157	638	548	2.33e-08	48.9
TRINITY_DN4644_c0_g1_i1.p1	TRINITY_DN12134_c0_g1_i3.p1	27.723	202	638	1395	3.09e-08	48.9
TRINITY_DN4644_c0_g1_i1.p1	TRINITY_DN12134_c0_g1_i3.p1	23.301	206	638	1395	1.87e-05	39.7
TRINITY_DN4644_c0_g1_i1.p1	TRINITY_DN18452_c0_g1_i1.p1	23.790	248	638	1399	1.53e-07	46.6
TRINITY_DN4644_c0_g1_i1.p1	TRINITY_DN18452_c0_g1_i1.p1	26.174	149	638	1399	2.12e-05	39.7
TRINITY_DN4644_c0_g1_i1.p1	TRINITY_DN37894_c0_g1_i1.p1	29.630	81	638	125	2.16e-07	42.7
TRINITY_DN4644_c0_g1_i1.p1	TRINITY_DN4518_c0_g1_i1.p1	23.145	337	638	1363	7.77e-07	44.3
TRINITY_DN4644_c0_g1_i1.p1	TRINITY_DN4518_c0_g1_i1.p1	22.458	236	638	1363	4.30e-06	41.6
TRINITY_DN4644_c0_g1_i1.p1	TRINITY_DN54_c0_g1_i1.p1	22.944	231	638	1379	2.42e-06	42.7
TRINITY_DN4644_c0_g1_i1.p1	TRINITY_DN1142_c1_g1_i12.p1	26.126	222	638	764	3.11e-06	42.0
TRINITY_DN4644_c0_g1_i1.p1	TRINITY_DN4830_c1_g1_i1.p1	27.374	179	638	879	8.29e-06	40.8
TRINITY_DN4644_c0_g1_i1.p1	TRINITY_DN4830_c1_g1_i1.p1	46.154	39	638	879	9.37e-05	37.4
TRINITY_DN4644_c0_g1_i1.p1	TRINITY_DN254_c0_g1_i11.p1	22.018	218	638	1595	3.80e-05	38.5
TRINITY_DN4644_c0_g1_i1.p1	TRINITY_DN254_c0_g1_i11.p1	25.123	203	638	1595	8.82e-04	34.3
TRINITY_DN4709_c2_g1_i1.p1	TRINITY_DN4709_c2_g1_i1.p1	100.000	668	668	668	0.0	1382
TRINITY_DN4709_c2_g1_i1.p1	TRINITY_DN4644_c0_g1_i1.p1	42.344	640	668	638	1.71e-172	500
TRINITY_DN4709_c2_g1_i1.p1	TRINITY_DN12905_c0_g2_i1.p1	40.095	631	668	629	3.65e-162	473
TRINITY_DN4709_c2_g1_i1.p1	TRINITY_DN7214_c0_g1_i11.p1	39.441	644	668	655	3.80e-152	448
TRINITY_DN4709_c2_g1_i1.p1	TRINITY_DN9946_c0_g2_i2.p1	38.056	607	668	621	3.86e-130	390
TRINITY_DN4709_c2_g1_i1.p1	TRINITY_DN332_c0_g1_i5.p1	48.615	325	668	698	2.22e-96	305
TRINITY_DN4709_c2_g1_i1.p1	TRINITY_DN332_c0_g1_i5.p1	31.802	283	668	698	4.47e-49	175
TRINITY_DN4709_c2_g1_i1.p1	TRINITY_DN13145_c0_g1_i1.p1	24.958	589	668	593	1.84e-38	143
TRINITY_DN4709_c2_g1_i1.p1	TRINITY_DN33832_c0_g1_i10.p1	31.727	249	668	1697	4.17e-25	103
TRINITY_DN4709_c2_g1_i1.p1	TRINITY_DN33832_c0_g1_i10.p1	32.124	193	668	1697	3.85e-15	71.2
TRINITY_DN4709_c2_g1_i1.p1	TRINITY_DN49408_c0_g1_i1.p1	47.863	117	668	151	6.47e-25	94.0
TRINITY_DN4709_c2_g1_i1.p1	TRINITY_DN18075_c0_g1_i1.p1	28.326	233	668	645	3.22e-24	99.8
TRINITY_DN4709_c2_g1_i1.p1	TRINITY_DN11606_c0_g1_i6.p1	35.000	220	668	1641	7.60e-24	99.4
TRINITY_DN4709_c2_g1_i1.p1	TRINITY_DN11606_c0_g1_i6.p1	27.928	333	668	1641	6.98e-16	73.6
TRINITY_DN4709_c2_g1_i1.p1	TRINITY_DN21780_c0_g1_i1.p1	27.128	188	668	175	6.71e-21	83.2
TRINITY_DN4709_c2_g1_i1.p1	TRINITY_DN264_c0_g1_i11.p1	29.577	284	668	1744	1.25e-19	85.9
TRINITY_DN4709_c2_g1_i1.p1	TRINITY_DN264_c0_g1_i11.p1	28.916	249	668	1744	1.65e-17	79.0
TRINITY_DN4709_c2_g1_i1.p1	TRINITY_DN21780_c0_g2_i1.p1	31.387	137	668	136	3.64e-19	77.0
TRINITY_DN4709_c2_g1_i1.p1	TRINITY_DN5175_c0_g1_i3.p1	29.032	217	668	722	1.06e-14	69.3
TRINITY_DN4709_c2_g1_i1.p1	TRINITY_DN1442_c0_g1_i7.p1	30.052	193	668	795	1.22e-14	69.3
TRINITY_DN4709_c2_g1_i1.p1	TRINITY_DN33353_c0_g1_i3.p1	28.571	224	668	849	2.06e-14	68.6
TRINITY_DN4709_c2_g1_i1.p1	TRINITY_DN35371_c0_g2_i1.p1	31.852	135	668	224	5.25e-14	64.3
TRINITY_DN4709_c2_g1_i1.p1	TRINITY_DN1124_c0_g1_i10.p1	25.339	221	668	1273	8.20e-13	63.5
TRINITY_DN4709_c2_g1_i1.p1	TRINITY_DN1124_c0_g1_i10.p1	25.837	209	668	1273	8.10e-10	53.9
TRINITY_DN4709_c2_g1_i1.p1	TRINITY_DN4426_c0_g1_i3.p1	26.800	250	668	707	2.90e-12	61.6
TRINITY_DN4709_c2_g1_i1.p1	TRINITY_DN2350_c0_g1_i14.p1	26.203	187	668	791	4.10e-10	54.7
TRINITY_DN4709_c2_g1_i1.p1	TRINITY_DN16854_c0_g2_i2.p1	25.103	243	668	548	5.78e-10	53.9
TRINITY_DN4709_c2_g1_i1.p1	TRINITY_DN11773_c0_g1_i7.p1	34.444	90	668	768	6.06e-10	54.3
TRINITY_DN4709_c2_g1_i1.p1	TRINITY_DN4830_c1_g1_i1.p1	33.793	145	668	879	4.13e-09	51.6
TRINITY_DN4709_c2_g1_i1.p1	TRINITY_DN662_c0_g1_i2.p1	26.042	288	668	1516	7.14e-09	50.8
TRINITY_DN4709_c2_g1_i1.p1	TRINITY_DN662_c0_g1_i2.p1	24.359	234	668	1516	4.01e-05	38.5
TRINITY_DN4709_c2_g1_i1.p1	TRINITY_DN5424_c0_g1_i1.p1	26.293	232	668	1366	1.13e-08	50.1
TRINITY_DN4709_c2_g1_i1.p1	TRINITY_DN5424_c0_g1_i1.p1	21.992	241	668	1366	1.69e-05	40.0
TRINITY_DN4709_c2_g1_i1.p1	TRINITY_DN37894_c0_g1_i1.p1	30.159	63	668	125	8.11e-07	41.2
TRINITY_DN4709_c2_g1_i1.p1	TRINITY_DN20355_c0_g1_i13.p1	27.404	208	668	888	1.26e-06	43.5
TRINITY_DN4709_c2_g1_i1.p1	TRINITY_DN662_c0_g4_i1.p1	29.121	182	668	1345	1.81e-06	43.1
TRINITY_DN4709_c2_g1_i1.p1	TRINITY_DN662_c0_g4_i1.p1	22.523	222	668	1345	1.92e-05	39.7
TRINITY_DN4709_c2_g1_i1.p1	TRINITY_DN254_c0_g1_i11.p1	25.630	238	668	1595	2.97e-06	42.4
TRINITY_DN4709_c2_g1_i1.p1	TRINITY_DN254_c0_g1_i11.p1	24.658	219	668	1595	2.28e-05	39.7
TRINITY_DN4709_c2_g1_i1.p1	TRINITY_DN54_c0_g1_i1.p1	21.654	254	668	1379	6.94e-06	41.2
TRINITY_DN4709_c2_g1_i1.p1	TRINITY_DN1142_c1_g1_i12.p1	24.731	186	668	764	3.27e-05	38.9
TRINITY_DN4709_c2_g1_i1.p1	TRINITY_DN9474_c0_g1_i1.p1	25.824	182	668	1452	5.37e-05	38.1
TRINITY_DN4709_c2_g1_i1.p1	TRINITY_DN9474_c0_g1_i1.p1	22.128	235	668	1452	1.25e-04	37.0
TRINITY_DN4709_c2_g1_i1.p1	TRINITY_DN18452_c0_g1_i1.p1	24.691	162	668	1399	3.27e-04	35.8
TRINITY_DN4709_c2_g1_i1.p1	TRINITY_DN30_c14_g1_i4.p1	25.000	160	668	669	4.34e-04	35.0
TRINITY_DN4830_c1_g1_i1.p1	TRINITY_DN4830_c1_g1_i1.p1	100.000	879	879	879	0.0	1787
TRINITY_DN4830_c1_g1_i1.p1	TRINITY_DN54_c0_g1_i1.p1	27.670	206	879	1379	2.20e-12	62.8
TRINITY_DN4830_c1_g1_i1.p1	TRINITY_DN12905_c0_g2_i1.p1	36.000	150	879	629	3.12e-11	58.5
TRINITY_DN4830_c1_g1_i1.p1	TRINITY_DN5175_c0_g1_i3.p1	30.055	183	879	722	8.30e-11	57.4
TRINITY_DN4830_c1_g1_i1.p1	TRINITY_DN5175_c0_g1_i3.p1	57.778	45	879	722	1.49e-06	43.5
TRINITY_DN4830_c1_g1_i1.p1	TRINITY_DN5175_c0_g1_i3.p1	43.750	32	879	722	7.96e-04	34.7
TRINITY_DN4830_c1_g1_i1.p1	TRINITY_DN1124_c0_g1_i10.p1	26.818	220	879	1273	2.87e-10	55.8
TRINITY_DN4830_c1_g1_i1.p1	TRINITY_DN1124_c0_g1_i10.p1	27.826	230	879	1273	1.01e-09	54.3
TRINITY_DN4830_c1_g1_i1.p1	TRINITY_DN1124_c0_g1_i10.p1	39.706	68	879	1273	1.47e-05	40.4
TRINITY_DN4830_c1_g1_i1.p1	TRINITY_DN1124_c0_g1_i10.p1	43.478	46	879	1273	2.32e-05	40.0
TRINITY_DN4830_c1_g1_i1.p1	TRINITY_DN33832_c0_g1_i10.p1	29.032	155	879	1697	4.54e-10	55.5
TRINITY_DN4830_c1_g1_i1.p1	TRINITY_DN33832_c0_g1_i10.p1	28.324	173	879	1697	1.89e-07	47.0
TRINITY_DN4830_c1_g1_i1.p1	TRINITY_DN33832_c0_g1_i10.p1	28.289	152	879	1697	6.94e-05	38.5
TRINITY_DN4830_c1_g1_i1.p1	TRINITY_DN11606_c0_g1_i6.p1	26.872	227	879	1641	9.77e-10	54.3
TRINITY_DN4830_c1_g1_i1.p1	TRINITY_DN11606_c0_g1_i6.p1	28.947	190	879	1641	1.49e-08	50.4
TRINITY_DN4830_c1_g1_i1.p1	TRINITY_DN264_c0_g1_i11.p1	24.227	194	879	1744	1.04e-09	54.3
TRINITY_DN4830_c1_g1_i1.p1	TRINITY_DN264_c0_g1_i11.p1	28.161	174	879	1744	3.42e-06	42.7
TRINITY_DN4830_c1_g1_i1.p1	TRINITY_DN264_c0_g1_i11.p1	31.126	151	879	1744	2.79e-04	36.6
TRINITY_DN4830_c1_g1_i1.p1	TRINITY_DN7214_c0_g1_i11.p1	33.333	159	879	655	1.41e-09	53.5
TRINITY_DN4830_c1_g1_i1.p1	TRINITY_DN7214_c0_g1_i11.p1	35.443	79	879	655	1.21e-05	40.8
TRINITY_DN4830_c1_g1_i1.p1	TRINITY_DN4518_c0_g1_i1.p1	26.667	195	879	1363	5.08e-09	52.0
TRINITY_DN4830_c1_g1_i1.p1	TRINITY_DN4518_c0_g1_i1.p1	27.273	165	879	1363	3.72e-05	39.3
TRINITY_DN4830_c1_g1_i1.p1	TRINITY_DN9946_c0_g2_i2.p1	27.742	155	879	621	2.46e-08	49.3
TRINITY_DN4830_c1_g1_i1.p1	TRINITY_DN9946_c0_g2_i2.p1	32.727	110	879	621	6.98e-07	44.7
TRINITY_DN4830_c1_g1_i1.p1	TRINITY_DN4709_c2_g1_i1.p1	34.043	141	879	668	2.60e-08	49.3
TRINITY_DN4830_c1_g1_i1.p1	TRINITY_DN18452_c0_g1_i1.p1	26.368	201	879	1399	4.74e-08	48.9
TRINITY_DN4830_c1_g1_i1.p1	TRINITY_DN18452_c0_g1_i1.p1	36.111	72	879	1399	4.39e-05	38.9
TRINITY_DN4830_c1_g1_i1.p1	TRINITY_DN332_c0_g1_i5.p1	29.255	188	879	698	5.42e-08	48.1
TRINITY_DN4830_c1_g1_i1.p1	TRINITY_DN332_c0_g1_i5.p1	27.044	159	879	698	7.27e-05	38.1
TRINITY_DN4830_c1_g1_i1.p1	TRINITY_DN12134_c0_g1_i3.p1	28.125	192	879	1395	8.23e-08	47.8
TRINITY_DN4830_c1_g1_i1.p1	TRINITY_DN12134_c0_g1_i3.p1	26.667	165	879	1395	1.02e-06	44.3
TRINITY_DN4830_c1_g1_i1.p1	TRINITY_DN5424_c0_g1_i1.p1	28.342	187	879	1366	1.40e-07	47.4
TRINITY_DN4830_c1_g1_i1.p1	TRINITY_DN5424_c0_g1_i1.p1	36.364	66	879	1366	1.57e-05	40.4
TRINITY_DN4830_c1_g1_i1.p1	TRINITY_DN16854_c0_g2_i2.p1	39.130	46	879	548	1.62e-06	43.5
TRINITY_DN4830_c1_g1_i1.p1	TRINITY_DN16854_c0_g2_i2.p1	60.000	25	879	548	6.18e-04	35.0
TRINITY_DN4830_c1_g1_i1.p1	TRINITY_DN2350_c0_g1_i14.p1	43.548	62	879	791	1.78e-06	43.5
TRINITY_DN4830_c1_g1_i1.p1	TRINITY_DN2350_c0_g1_i14.p1	26.257	179	879	791	1.77e-05	40.0
TRINITY_DN4830_c1_g1_i1.p1	TRINITY_DN662_c0_g1_i2.p1	25.500	200	879	1516	2.57e-06	43.1
TRINITY_DN4830_c1_g1_i1.p1	TRINITY_DN1442_c0_g1_i7.p1	40.909	66	879	795	3.10e-06	42.7
TRINITY_DN4830_c1_g1_i1.p1	TRINITY_DN1442_c0_g1_i7.p1	29.197	137	879	795	2.93e-05	39.3
TRINITY_DN4830_c1_g1_i1.p1	TRINITY_DN1442_c0_g1_i7.p1	50.000	32	879	795	1.32e-04	37.4
TRINITY_DN4830_c1_g1_i1.p1	TRINITY_DN9474_c0_g1_i1.p1	24.719	178	879	1452	9.19e-06	41.2
TRINITY_DN4830_c1_g1_i1.p1	TRINITY_DN9474_c0_g1_i1.p1	26.540	211	879	1452	9.36e-05	38.1
TRINITY_DN4830_c1_g1_i1.p1	TRINITY_DN1142_c1_g1_i12.p1	25.758	198	879	764	1.02e-05	40.8
TRINITY_DN4830_c1_g1_i1.p1	TRINITY_DN1142_c1_g1_i12.p1	24.757	206	879	764	4.41e-05	38.9
TRINITY_DN4830_c1_g1_i1.p1	TRINITY_DN662_c0_g4_i1.p1	31.461	89	879	1345	1.25e-05	40.8
TRINITY_DN4830_c1_g1_i1.p1	TRINITY_DN662_c0_g4_i1.p1	35.938	64	879	1345	2.76e-05	39.7
TRINITY_DN4830_c1_g1_i1.p1	TRINITY_DN35371_c0_g2_i1.p1	23.445	209	879	224	1.27e-05	39.7
TRINITY_DN4830_c1_g1_i1.p1	TRINITY_DN35371_c0_g2_i1.p1	33.333	72	879	224	8.61e-04	33.9
TRINITY_DN4830_c1_g1_i1.p1	TRINITY_DN4426_c0_g1_i3.p1	27.189	217	879	707	1.37e-05	40.4
TRINITY_DN4830_c1_g1_i1.p1	TRINITY_DN4426_c0_g1_i3.p1	54.286	35	879	707	5.18e-05	38.5
TRINITY_DN4830_c1_g1_i1.p1	TRINITY_DN30_c14_g1_i4.p1	25.641	195	879	669	3.23e-05	39.3
TRINITY_DN4830_c1_g1_i1.p1	TRINITY_DN30_c14_g1_i4.p1	32.203	59	879	669	7.57e-04	34.7
TRINITY_DN4830_c1_g1_i1.p1	TRINITY_DN20355_c0_g1_i13.p1	59.375	32	879	888	3.71e-05	39.3
TRINITY_DN4830_c1_g1_i1.p1	TRINITY_DN4644_c0_g1_i1.p1	27.374	179	879	638	5.36e-05	38.5
TRINITY_DN4830_c1_g1_i1.p1	TRINITY_DN4644_c0_g1_i1.p1	46.154	39	879	638	2.19e-04	36.6
TRINITY_DN4830_c1_g1_i1.p1	TRINITY_DN254_c0_g1_i11.p1	25.806	217	879	1595	1.53e-04	37.4
TRINITY_DN4830_c1_g1_i1.p1	TRINITY_DN33353_c0_g1_i3.p1	50.000	34	879	849	1.85e-04	37.0
TRINITY_DN4830_c1_g1_i1.p1	TRINITY_DN33353_c0_g1_i3.p1	23.952	167	879	849	8.33e-04	34.7
TRINITY_DN4830_c1_g1_i1.p1	TRINITY_DN10989_c0_g1_i5.p1	31.646	79	879	198	1.94e-04	35.8
TRINITY_DN4830_c1_g1_i1.p1	TRINITY_DN11773_c0_g1_i7.p1	29.630	81	879	768	2.19e-04	36.6
TRINITY_DN4830_c1_g1_i1.p1	TRINITY_DN13145_c0_g1_i1.p1	32.168	143	879	593	5.46e-04	35.4
TRINITY_DN48819_c0_g1_i1.p1	TRINITY_DN48819_c0_g1_i1.p1	100.000	138	138	138	1.64e-104	287
TRINITY_DN49408_c0_g1_i1.p1	TRINITY_DN49408_c0_g1_i1.p1	100.000	151	151	151	5.82e-113	310
TRINITY_DN49408_c0_g1_i1.p1	TRINITY_DN332_c0_g1_i5.p1	48.760	121	151	698	1.22e-29	105
TRINITY_DN49408_c0_g1_i1.p1	TRINITY_DN7214_c0_g1_i11.p1	45.082	122	151	655	1.98e-27	99.0
TRINITY_DN49408_c0_g1_i1.p1	TRINITY_DN12905_c0_g2_i1.p1	46.957	115	151	629	1.03e-26	97.1
TRINITY_DN49408_c0_g1_i1.p1	TRINITY_DN4709_c2_g1_i1.p1	47.863	117	151	668	1.44e-25	94.0
TRINITY_DN49408_c0_g1_i1.p1	TRINITY_DN4644_c0_g1_i1.p1	39.837	123	151	638	1.81e-25	93.6
TRINITY_DN49408_c0_g1_i1.p1	TRINITY_DN9946_c0_g2_i2.p1	43.966	116	151	621	7.98e-25	91.7
TRINITY_DN49408_c0_g1_i1.p1	TRINITY_DN13145_c0_g1_i1.p1	56.410	39	151	593	3.56e-08	43.9
TRINITY_DN49408_c0_g1_i1.p1	TRINITY_DN5424_c0_g1_i1.p1	30.172	116	151	1366	4.68e-07	40.4
TRINITY_DN49408_c0_g1_i1.p1	TRINITY_DN9474_c0_g1_i1.p1	32.323	99	151	1452	1.41e-06	39.3
TRINITY_DN49408_c0_g1_i1.p1	TRINITY_DN662_c0_g4_i1.p1	32.184	87	151	1345	3.28e-06	38.1
TRINITY_DN49408_c0_g1_i1.p1	TRINITY_DN1124_c0_g1_i10.p1	33.333	75	151	1273	8.08e-06	37.0
TRINITY_DN49408_c0_g1_i1.p1	TRINITY_DN18075_c0_g1_i1.p1	50.000	36	151	645	1.18e-05	36.2
TRINITY_DN49408_c0_g1_i1.p1	TRINITY_DN16854_c0_g2_i2.p1	35.185	54	151	548	2.03e-05	35.8
TRINITY_DN49408_c0_g1_i1.p1	TRINITY_DN11606_c0_g1_i6.p1	31.884	69	151	1641	6.06e-05	34.3
TRINITY_DN49408_c0_g1_i1.p1	TRINITY_DN4518_c0_g1_i1.p1	28.000	75	151	1363	6.41e-05	34.3
TRINITY_DN49408_c0_g1_i1.p1	TRINITY_DN18452_c0_g1_i1.p1	38.776	49	151	1399	6.48e-05	34.3
TRINITY_DN49408_c0_g1_i1.p1	TRINITY_DN18452_c0_g1_i1.p1	34.940	83	151	1399	8.43e-05	33.9
TRINITY_DN49408_c0_g1_i1.p1	TRINITY_DN662_c0_g1_i2.p1	33.333	60	151	1516	1.77e-04	33.1
TRINITY_DN49408_c0_g1_i1.p1	TRINITY_DN33353_c0_g1_i3.p1	40.541	37	151	849	2.01e-04	32.7
TRINITY_DN49408_c0_g1_i1.p1	TRINITY_DN12134_c0_g1_i3.p1	32.787	61	151	1395	3.20e-04	32.3
TRINITY_DN49408_c0_g1_i1.p1	TRINITY_DN4830_c1_g1_i1.p1	27.907	129	151	879	6.48e-04	31.2
TRINITY_DN49408_c0_g1_i1.p1	TRINITY_DN33832_c0_g1_i10.p1	25.000	100	151	1697	7.34e-04	31.2
TRINITY_DN49408_c0_g1_i1.p1	TRINITY_DN54_c0_g1_i1.p1	28.571	70	151	1379	7.40e-04	31.2
TRINITY_DN5175_c0_g1_i3.p1	TRINITY_DN5175_c0_g1_i3.p1	100.000	722	722	722	0.0	1486
TRINITY_DN5175_c0_g1_i3.p1	TRINITY_DN1442_c0_g1_i7.p1	40.369	758	722	795	0.0	567
TRINITY_DN5175_c0_g1_i3.p1	TRINITY_DN2350_c0_g1_i14.p1	39.195	745	722	791	6.13e-167	493
TRINITY_DN5175_c0_g1_i3.p1	TRINITY_DN264_c0_g1_i11.p1	34.673	199	722	1744	7.61e-28	112
TRINITY_DN5175_c0_g1_i3.p1	TRINITY_DN264_c0_g1_i11.p1	25.993	277	722	1744	3.44e-25	103
TRINITY_DN5175_c0_g1_i3.p1	TRINITY_DN33832_c0_g1_i10.p1	32.579	221	722	1697	8.29e-28	112
TRINITY_DN5175_c0_g1_i3.p1	TRINITY_DN33832_c0_g1_i10.p1	25.728	206	722	1697	5.90e-19	84.0
TRINITY_DN5175_c0_g1_i3.p1	TRINITY_DN11606_c0_g1_i6.p1	36.041	197	722	1641	1.79e-22	95.1
TRINITY_DN5175_c0_g1_i3.p1	TRINITY_DN11606_c0_g1_i6.p1	28.426	197	722	1641	1.05e-17	79.7
TRINITY_DN5175_c0_g1_i3.p1	TRINITY_DN1124_c0_g1_i10.p1	27.848	237	722	1273	2.50e-21	91.3
TRINITY_DN5175_c0_g1_i3.p1	TRINITY_DN1124_c0_g1_i10.p1	27.354	223	722	1273	4.03e-16	74.7
TRINITY_DN5175_c0_g1_i3.p1	TRINITY_DN12905_c0_g2_i1.p1	32.065	184	722	629	6.88e-19	82.8
TRINITY_DN5175_c0_g1_i3.p1	TRINITY_DN662_c0_g1_i2.p1	26.180	233	722	1516	3.55e-17	78.2
TRINITY_DN5175_c0_g1_i3.p1	TRINITY_DN662_c0_g1_i2.p1	26.852	216	722	1516	1.20e-10	57.0
TRINITY_DN5175_c0_g1_i3.p1	TRINITY_DN332_c0_g1_i5.p1	31.720	186	722	698	1.43e-16	75.5
TRINITY_DN5175_c0_g1_i3.p1	TRINITY_DN9946_c0_g2_i2.p1	29.508	183	722	621	1.84e-16	75.1
TRINITY_DN5175_c0_g1_i3.p1	TRINITY_DN35371_c0_g2_i1.p1	27.374	179	722	224	1.99e-16	71.6
TRINITY_DN5175_c0_g1_i3.p1	TRINITY_DN9474_c0_g1_i1.p1	24.537	216	722	1452	2.80e-16	75.1
TRINITY_DN5175_c0_g1_i3.p1	TRINITY_DN9474_c0_g1_i1.p1	23.077	273	722	1452	2.68e-10	55.8
TRINITY_DN5175_c0_g1_i3.p1	TRINITY_DN33353_c0_g1_i3.p1	28.505	214	722	849	5.28e-16	73.9
TRINITY_DN5175_c0_g1_i3.p1	TRINITY_DN4644_c0_g1_i1.p1	32.044	181	722	638	7.27e-16	73.2
TRINITY_DN5175_c0_g1_i3.p1	TRINITY_DN37894_c0_g1_i1.p1	35.870	92	722	125	2.38e-15	65.9
TRINITY_DN5175_c0_g1_i3.p1	TRINITY_DN13145_c0_g1_i1.p1	27.391	230	722	593	2.33e-14	68.2
TRINITY_DN5175_c0_g1_i3.p1	TRINITY_DN7214_c0_g1_i11.p1	29.480	173	722	655	4.80e-14	67.4
TRINITY_DN5175_c0_g1_i3.p1	TRINITY_DN4518_c0_g1_i1.p1	27.132	258	722	1363	5.42e-14	67.8
TRINITY_DN5175_c0_g1_i3.p1	TRINITY_DN4518_c0_g1_i1.p1	25.893	224	722	1363	2.16e-13	65.9
TRINITY_DN5175_c0_g1_i3.p1	TRINITY_DN4709_c2_g1_i1.p1	29.032	217	722	668	5.54e-14	67.4
TRINITY_DN5175_c0_g1_i3.p1	TRINITY_DN16854_c0_g2_i2.p1	27.948	229	722	548	1.25e-13	65.9
TRINITY_DN5175_c0_g1_i3.p1	TRINITY_DN18452_c0_g1_i1.p1	26.638	229	722	1399	1.25e-13	66.6
TRINITY_DN5175_c0_g1_i3.p1	TRINITY_DN18452_c0_g1_i1.p1	26.000	200	722	1399	3.19e-13	65.1
TRINITY_DN5175_c0_g1_i3.p1	TRINITY_DN12134_c0_g1_i3.p1	24.402	209	722	1395	3.56e-13	65.1
TRINITY_DN5175_c0_g1_i3.p1	TRINITY_DN12134_c0_g1_i3.p1	26.316	209	722	1395	1.58e-11	59.7
TRINITY_DN5175_c0_g1_i3.p1	TRINITY_DN254_c0_g1_i11.p1	25.926	270	722	1595	4.57e-13	64.7
TRINITY_DN5175_c0_g1_i3.p1	TRINITY_DN254_c0_g1_i11.p1	23.661	224	722	1595	9.94e-05	37.4
TRINITY_DN5175_c0_g1_i3.p1	TRINITY_DN54_c0_g1_i1.p1	27.619	210	722	1379	1.62e-12	62.8
TRINITY_DN5175_c0_g1_i3.p1	TRINITY_DN54_c0_g1_i1.p1	24.775	222	722	1379	6.83e-12	60.8
TRINITY_DN5175_c0_g1_i3.p1	TRINITY_DN20355_c0_g1_i13.p1	29.949	197	722	888	2.35e-12	62.0
TRINITY_DN5175_c0_g1_i3.p1	TRINITY_DN5424_c0_g1_i1.p1	25.551	227	722	1366	5.65e-12	61.2
TRINITY_DN5175_c0_g1_i3.p1	TRINITY_DN5424_c0_g1_i1.p1	24.766	214	722	1366	3.94e-11	58.5
TRINITY_DN5175_c0_g1_i3.p1	TRINITY_DN662_c0_g4_i1.p1	27.143	210	722	1345	6.13e-12	60.8
TRINITY_DN5175_c0_g1_i3.p1	TRINITY_DN662_c0_g4_i1.p1	26.009	223	722	1345	5.69e-10	54.7
TRINITY_DN5175_c0_g1_i3.p1	TRINITY_DN4426_c0_g1_i3.p1	24.229	227	722	707	1.10e-11	60.1
TRINITY_DN5175_c0_g1_i3.p1	TRINITY_DN4830_c1_g1_i1.p1	30.055	183	722	879	3.78e-11	58.2
TRINITY_DN5175_c0_g1_i3.p1	TRINITY_DN4830_c1_g1_i1.p1	57.778	45	722	879	1.04e-06	43.9
TRINITY_DN5175_c0_g1_i3.p1	TRINITY_DN4830_c1_g1_i1.p1	40.000	40	722	879	5.85e-04	35.0
TRINITY_DN5175_c0_g1_i3.p1	TRINITY_DN18075_c0_g1_i1.p1	25.143	175	722	645	1.81e-09	52.8
TRINITY_DN5175_c0_g1_i3.p1	TRINITY_DN30_c14_g1_i4.p1	26.966	178	722	669	8.39e-09	50.4
TRINITY_DN5175_c0_g1_i3.p1	TRINITY_DN11773_c0_g1_i7.p1	23.207	237	722	768	2.28e-08	49.3
TRINITY_DN5175_c0_g1_i3.p1	TRINITY_DN1142_c1_g1_i12.p1	26.316	152	722	764	2.89e-04	35.8
TRINITY_DN5424_c0_g1_i1.p1	TRINITY_DN5424_c0_g1_i1.p1	100.000	1366	1366	1366	0.0	2820
TRINITY_DN5424_c0_g1_i1.p1	TRINITY_DN662_c0_g4_i1.p1	53.558	1363	1366	1345	0.0	1466
TRINITY_DN5424_c0_g1_i1.p1	TRINITY_DN12134_c0_g1_i3.p1	50.642	1402	1366	1395	0.0	1407
TRINITY_DN5424_c0_g1_i1.p1	TRINITY_DN18452_c0_g1_i1.p1	42.128	1391	1366	1399	0.0	1088
TRINITY_DN5424_c0_g1_i1.p1	TRINITY_DN4518_c0_g1_i1.p1	40.186	1401	1366	1363	0.0	966
TRINITY_DN5424_c0_g1_i1.p1	TRINITY_DN9474_c0_g1_i1.p1	35.714	1372	1366	1452	0.0	834
TRINITY_DN5424_c0_g1_i1.p1	TRINITY_DN662_c0_g1_i2.p1	31.986	1410	1366	1516	0.0	644
TRINITY_DN5424_c0_g1_i1.p1	TRINITY_DN54_c0_g1_i1.p1	48.876	534	1366	1379	2.14e-164	522
TRINITY_DN5424_c0_g1_i1.p1	TRINITY_DN54_c0_g1_i1.p1	37.197	785	1366	1379	2.30e-151	487
TRINITY_DN5424_c0_g1_i1.p1	TRINITY_DN54_c0_g1_i1.p1	26.818	220	1366	1379	4.33e-14	69.3
TRINITY_DN5424_c0_g1_i1.p1	TRINITY_DN54_c0_g1_i1.p1	26.070	257	1366	1379	1.82e-12	63.9
TRINITY_DN5424_c0_g1_i1.p1	TRINITY_DN254_c0_g1_i11.p1	28.454	1339	1366	1595	1.37e-141	464
TRINITY_DN5424_c0_g1_i1.p1	TRINITY_DN254_c0_g1_i11.p1	24.464	233	1366	1595	1.74e-12	63.9
TRINITY_DN5424_c0_g1_i1.p1	TRINITY_DN20355_c0_g1_i13.p1	26.731	722	1366	888	5.46e-64	228
TRINITY_DN5424_c0_g1_i1.p1	TRINITY_DN20355_c0_g1_i13.p1	23.789	227	1366	888	1.04e-11	61.2
TRINITY_DN5424_c0_g1_i1.p1	TRINITY_DN1124_c0_g1_i10.p1	25.864	897	1366	1273	9.55e-63	227
TRINITY_DN5424_c0_g1_i1.p1	TRINITY_DN1124_c0_g1_i10.p1	26.244	583	1366	1273	2.85e-39	151
TRINITY_DN5424_c0_g1_i1.p1	TRINITY_DN1124_c0_g1_i10.p1	28.235	255	1366	1273	2.39e-26	109
TRINITY_DN5424_c0_g1_i1.p1	TRINITY_DN9986_c0_g1_i1.p1	25.926	594	1366	564	1.08e-51	184
TRINITY_DN5424_c0_g1_i1.p1	TRINITY_DN33353_c0_g1_i3.p1	34.510	255	1366	849	4.94e-36	140
TRINITY_DN5424_c0_g1_i1.p1	TRINITY_DN33353_c0_g1_i3.p1	30.870	230	1366	849	1.01e-26	110
TRINITY_DN5424_c0_g1_i1.p1	TRINITY_DN4426_c0_g1_i3.p1	26.034	580	1366	707	1.22e-34	134
TRINITY_DN5424_c0_g1_i1.p1	TRINITY_DN4426_c0_g1_i3.p1	21.475	610	1366	707	3.26e-23	98.2
TRINITY_DN5424_c0_g1_i1.p1	TRINITY_DN11773_c0_g1_i7.p1	32.794	247	1366	768	7.06e-30	120
TRINITY_DN5424_c0_g1_i1.p1	TRINITY_DN11773_c0_g1_i7.p1	29.870	231	1366	768	4.03e-21	91.7
TRINITY_DN5424_c0_g1_i1.p1	TRINITY_DN16854_c0_g2_i2.p1	26.112	517	1366	548	1.73e-27	110
TRINITY_DN5424_c0_g1_i1.p1	TRINITY_DN16854_c0_g2_i2.p1	28.112	249	1366	548	1.63e-18	82.8
TRINITY_DN5424_c0_g1_i1.p1	TRINITY_DN44328_c0_g1_i1.p1	41.071	112	1366	114	1.14e-25	95.5
TRINITY_DN5424_c0_g1_i1.p1	TRINITY_DN9037_c0_g1_i11.p1	30.415	217	1366	851	1.55e-22	96.7
TRINITY_DN5424_c0_g1_i1.p1	TRINITY_DN9037_c0_g1_i11.p1	25.000	284	1366	851	7.48e-20	87.8
TRINITY_DN5424_c0_g1_i1.p1	TRINITY_DN11606_c0_g1_i6.p1	24.715	263	1366	1641	2.98e-15	73.2
TRINITY_DN5424_c0_g1_i1.p1	TRINITY_DN11606_c0_g1_i6.p1	24.057	212	1366	1641	7.47e-09	52.0
TRINITY_DN5424_c0_g1_i1.p1	TRINITY_DN11606_c0_g1_i6.p1	23.047	256	1366	1641	2.95e-08	50.1
TRINITY_DN5424_c0_g1_i1.p1	TRINITY_DN10989_c0_g1_i5.p1	27.219	169	1366	198	4.30e-14	65.1
TRINITY_DN5424_c0_g1_i1.p1	TRINITY_DN10989_c0_g1_i5.p1	26.531	98	1366	198	2.47e-06	42.0
TRINITY_DN5424_c0_g1_i1.p1	TRINITY_DN33832_c0_g1_i10.p1	25.896	251	1366	1697	5.30e-13	65.9
TRINITY_DN5424_c0_g1_i1.p1	TRINITY_DN33832_c0_g1_i10.p1	21.260	254	1366	1697	6.84e-11	58.9
TRINITY_DN5424_c0_g1_i1.p1	TRINITY_DN33832_c0_g1_i10.p1	23.529	221	1366	1697	3.95e-10	56.2
TRINITY_DN5424_c0_g1_i1.p1	TRINITY_DN33832_c0_g1_i10.p1	25.000	204	1366	1697	3.53e-04	37.0
TRINITY_DN5424_c0_g1_i1.p1	TRINITY_DN264_c0_g1_i11.p1	25.481	208	1366	1744	6.15e-13	65.5
TRINITY_DN5424_c0_g1_i1.p1	TRINITY_DN264_c0_g1_i11.p1	24.280	243	1366	1744	4.00e-12	62.8
TRINITY_DN5424_c0_g1_i1.p1	TRINITY_DN264_c0_g1_i11.p1	21.667	300	1366	1744	3.24e-08	50.1
TRINITY_DN5424_c0_g1_i1.p1	TRINITY_DN2350_c0_g1_i14.p1	25.090	279	1366	791	8.28e-13	64.7
TRINITY_DN5424_c0_g1_i1.p1	TRINITY_DN2350_c0_g1_i14.p1	26.407	231	1366	791	2.61e-12	63.2
TRINITY_DN5424_c0_g1_i1.p1	TRINITY_DN30_c14_g1_i4.p1	26.482	253	1366	669	2.22e-12	63.2
TRINITY_DN5424_c0_g1_i1.p1	TRINITY_DN30_c14_g1_i4.p1	26.630	184	1366	669	9.10e-10	54.7
TRINITY_DN5424_c0_g1_i1.p1	TRINITY_DN7214_c0_g1_i11.p1	28.571	210	1366	655	3.69e-12	62.4
TRINITY_DN5424_c0_g1_i1.p1	TRINITY_DN7214_c0_g1_i11.p1	24.615	195	1366	655	1.06e-05	41.6
TRINITY_DN5424_c0_g1_i1.p1	TRINITY_DN5175_c0_g1_i3.p1	25.551	227	1366	722	1.06e-11	61.2
TRINITY_DN5424_c0_g1_i1.p1	TRINITY_DN5175_c0_g1_i3.p1	24.766	214	1366	722	5.44e-11	58.9
TRINITY_DN5424_c0_g1_i1.p1	TRINITY_DN4644_c0_g1_i1.p1	24.332	337	1366	638	1.57e-10	57.4
TRINITY_DN5424_c0_g1_i1.p1	TRINITY_DN4644_c0_g1_i1.p1	23.684	228	1366	638	1.71e-07	47.4
TRINITY_DN5424_c0_g1_i1.p1	TRINITY_DN1442_c0_g1_i7.p1	25.893	224	1366	795	1.98e-10	57.0
TRINITY_DN5424_c0_g1_i1.p1	TRINITY_DN1442_c0_g1_i7.p1	20.849	259	1366	795	6.56e-09	52.0
TRINITY_DN5424_c0_g1_i1.p1	TRINITY_DN12905_c0_g2_i1.p1	23.473	311	1366	629	2.14e-09	53.5
TRINITY_DN5424_c0_g1_i1.p1	TRINITY_DN12905_c0_g2_i1.p1	25.253	198	1366	629	1.36e-04	37.7
TRINITY_DN5424_c0_g1_i1.p1	TRINITY_DN332_c0_g1_i5.p1	27.014	211	1366	698	3.62e-09	52.8
TRINITY_DN5424_c0_g1_i1.p1	TRINITY_DN332_c0_g1_i5.p1	21.267	221	1366	698	2.90e-07	46.6
TRINITY_DN5424_c0_g1_i1.p1	TRINITY_DN4830_c1_g1_i1.p1	28.342	187	1366	879	6.52e-08	48.9
TRINITY_DN5424_c0_g1_i1.p1	TRINITY_DN4830_c1_g1_i1.p1	36.364	66	1366	879	2.22e-05	40.4
TRINITY_DN5424_c0_g1_i1.p1	TRINITY_DN9946_c0_g2_i2.p1	19.731	223	1366	621	1.10e-07	48.1
TRINITY_DN5424_c0_g1_i1.p1	TRINITY_DN9946_c0_g2_i2.p1	22.897	214	1366	621	4.36e-04	36.2
TRINITY_DN5424_c0_g1_i1.p1	TRINITY_DN4709_c2_g1_i1.p1	26.293	232	1366	668	2.67e-07	46.6
TRINITY_DN5424_c0_g1_i1.p1	TRINITY_DN4709_c2_g1_i1.p1	21.978	182	1366	668	8.11e-05	38.5
TRINITY_DN5424_c0_g1_i1.p1	TRINITY_DN13145_c0_g1_i1.p1	26.442	208	1366	593	3.43e-07	46.2
TRINITY_DN5424_c0_g1_i1.p1	TRINITY_DN49408_c0_g1_i1.p1	30.172	116	1366	151	4.23e-06	40.4
TRINITY_DN5424_c0_g1_i1.p1	TRINITY_DN37894_c0_g1_i1.p1	24.731	93	1366	125	3.75e-05	37.4
TRINITY_DN5424_c0_g1_i1.p1	TRINITY_DN18075_c0_g1_i1.p1	20.000	275	1366	645	1.43e-04	37.7
TRINITY_DN5424_c0_g1_i1.p1	TRINITY_DN35371_c0_g2_i1.p1	21.138	123	1366	224	5.52e-04	35.0
TRINITY_DN54_c0_g1_i1.p1	TRINITY_DN54_c0_g1_i1.p1	100.000	1379	1379	1379	0.0	2844
TRINITY_DN54_c0_g1_i1.p1	TRINITY_DN4518_c0_g1_i1.p1	71.959	1373	1379	1363	0.0	2041
TRINITY_DN54_c0_g1_i1.p1	TRINITY_DN12134_c0_g1_i3.p1	44.191	1403	1379	1395	0.0	1144
TRINITY_DN54_c0_g1_i1.p1	TRINITY_DN18452_c0_g1_i1.p1	40.813	1426	1379	1399	0.0	1091
TRINITY_DN54_c0_g1_i1.p1	TRINITY_DN662_c0_g4_i1.p1	39.642	1395	1379	1345	0.0	978
TRINITY_DN54_c0_g1_i1.p1	TRINITY_DN5424_c0_g1_i1.p1	39.489	1408	1379	1366	0.0	968
TRINITY_DN54_c0_g1_i1.p1	TRINITY_DN9474_c0_g1_i1.p1	37.286	1400	1379	1452	0.0	889
TRINITY_DN54_c0_g1_i1.p1	TRINITY_DN9474_c0_g1_i1.p1	25.651	269	1379	1452	3.14e-16	76.3
TRINITY_DN54_c0_g1_i1.p1	TRINITY_DN254_c0_g1_i11.p1	30.499	1282	1379	1595	3.83e-156	505
TRINITY_DN54_c0_g1_i1.p1	TRINITY_DN662_c0_g1_i2.p1	31.553	824	1379	1516	6.81e-105	358
TRINITY_DN54_c0_g1_i1.p1	TRINITY_DN662_c0_g1_i2.p1	36.784	541	1379	1516	2.98e-101	347
TRINITY_DN54_c0_g1_i1.p1	TRINITY_DN662_c0_g1_i2.p1	22.645	552	1379	1516	2.63e-17	79.7
TRINITY_DN54_c0_g1_i1.p1	TRINITY_DN662_c0_g1_i2.p1	26.244	221	1379	1516	1.80e-14	70.5
TRINITY_DN54_c0_g1_i1.p1	TRINITY_DN44328_c0_g1_i1.p1	86.842	114	1379	114	4.38e-66	211
TRINITY_DN54_c0_g1_i1.p1	TRINITY_DN20355_c0_g1_i13.p1	26.201	687	1379	888	1.74e-62	223
TRINITY_DN54_c0_g1_i1.p1	TRINITY_DN20355_c0_g1_i13.p1	27.397	219	1379	888	2.49e-15	73.2
TRINITY_DN54_c0_g1_i1.p1	TRINITY_DN9986_c0_g1_i1.p1	28.125	384	1379	564	6.70e-42	155
TRINITY_DN54_c0_g1_i1.p1	TRINITY_DN9986_c0_g1_i1.p1	33.047	233	1379	564	1.14e-19	86.7
TRINITY_DN54_c0_g1_i1.p1	TRINITY_DN4426_c0_g1_i3.p1	25.586	512	1379	707	5.99e-38	145
TRINITY_DN54_c0_g1_i1.p1	TRINITY_DN4426_c0_g1_i3.p1	27.586	232	1379	707	5.18e-23	97.8
TRINITY_DN54_c0_g1_i1.p1	TRINITY_DN1124_c0_g1_i10.p1	23.917	531	1379	1273	6.68e-33	130
TRINITY_DN54_c0_g1_i1.p1	TRINITY_DN1124_c0_g1_i10.p1	31.855	248	1379	1273	9.68e-29	117
TRINITY_DN54_c0_g1_i1.p1	TRINITY_DN1124_c0_g1_i10.p1	30.943	265	1379	1273	6.41e-25	104
TRINITY_DN54_c0_g1_i1.p1	TRINITY_DN1124_c0_g1_i10.p1	29.237	236	1379	1273	8.85e-21	91.3
TRINITY_DN54_c0_g1_i1.p1	TRINITY_DN16854_c0_g2_i2.p1	25.230	543	1379	548	1.58e-29	117
TRINITY_DN54_c0_g1_i1.p1	TRINITY_DN16854_c0_g2_i2.p1	28.754	313	1379	548	1.07e-22	95.9
TRINITY_DN54_c0_g1_i1.p1	TRINITY_DN33353_c0_g1_i3.p1	31.020	245	1379	849	2.03e-29	119
TRINITY_DN54_c0_g1_i1.p1	TRINITY_DN33353_c0_g1_i3.p1	27.600	250	1379	849	2.91e-20	89.0
TRINITY_DN54_c0_g1_i1.p1	TRINITY_DN11773_c0_g1_i7.p1	30.980	255	1379	768	1.61e-27	112
TRINITY_DN54_c0_g1_i1.p1	TRINITY_DN11773_c0_g1_i7.p1	23.529	204	1379	768	2.39e-15	73.2
TRINITY_DN54_c0_g1_i1.p1	TRINITY_DN9037_c0_g1_i11.p1	33.953	215	1379	851	1.65e-23	99.8
TRINITY_DN54_c0_g1_i1.p1	TRINITY_DN9037_c0_g1_i11.p1	26.909	275	1379	851	1.00e-19	87.4
TRINITY_DN54_c0_g1_i1.p1	TRINITY_DN5175_c0_g1_i3.p1	24.775	222	1379	722	1.16e-13	67.4
TRINITY_DN54_c0_g1_i1.p1	TRINITY_DN5175_c0_g1_i3.p1	27.619	210	1379	722	3.45e-12	62.8
TRINITY_DN54_c0_g1_i1.p1	TRINITY_DN2350_c0_g1_i14.p1	25.778	225	1379	791	1.46e-13	67.4
TRINITY_DN54_c0_g1_i1.p1	TRINITY_DN2350_c0_g1_i14.p1	25.909	220	1379	791	1.64e-09	53.9
TRINITY_DN54_c0_g1_i1.p1	TRINITY_DN30_c14_g1_i4.p1	25.551	227	1379	669	3.87e-13	65.9
TRINITY_DN54_c0_g1_i1.p1	TRINITY_DN30_c14_g1_i4.p1	30.061	163	1379	669	3.48e-10	56.2
TRINITY_DN54_c0_g1_i1.p1	TRINITY_DN1442_c0_g1_i7.p1	23.929	280	1379	795	5.77e-13	65.5
TRINITY_DN54_c0_g1_i1.p1	TRINITY_DN1442_c0_g1_i7.p1	26.866	201	1379	795	1.34e-08	51.2
TRINITY_DN54_c0_g1_i1.p1	TRINITY_DN4830_c1_g1_i1.p1	27.670	206	1379	879	2.52e-12	63.2
TRINITY_DN54_c0_g1_i1.p1	TRINITY_DN10989_c0_g1_i5.p1	26.667	135	1379	198	1.97e-10	54.3
TRINITY_DN54_c0_g1_i1.p1	TRINITY_DN10989_c0_g1_i5.p1	28.713	101	1379	198	1.84e-05	39.3
TRINITY_DN54_c0_g1_i1.p1	TRINITY_DN264_c0_g1_i11.p1	25.510	196	1379	1744	7.31e-10	55.5
TRINITY_DN54_c0_g1_i1.p1	TRINITY_DN264_c0_g1_i11.p1	25.681	257	1379	1744	4.15e-08	49.7
TRINITY_DN54_c0_g1_i1.p1	TRINITY_DN264_c0_g1_i11.p1	22.477	218	1379	1744	1.01e-07	48.5
TRINITY_DN54_c0_g1_i1.p1	TRINITY_DN264_c0_g1_i11.p1	21.845	206	1379	1744	6.56e-04	35.8
TRINITY_DN54_c0_g1_i1.p1	TRINITY_DN11606_c0_g1_i6.p1	23.108	251	1379	1641	8.36e-10	55.5
TRINITY_DN54_c0_g1_i1.p1	TRINITY_DN11606_c0_g1_i6.p1	22.010	209	1379	1641	1.76e-06	44.3
TRINITY_DN54_c0_g1_i1.p1	TRINITY_DN33832_c0_g1_i10.p1	25.778	225	1379	1697	3.13e-09	53.5
TRINITY_DN54_c0_g1_i1.p1	TRINITY_DN33832_c0_g1_i10.p1	25.847	236	1379	1697	3.37e-07	46.6
TRINITY_DN54_c0_g1_i1.p1	TRINITY_DN12905_c0_g2_i1.p1	26.693	251	1379	629	2.24e-08	50.1
TRINITY_DN54_c0_g1_i1.p1	TRINITY_DN12905_c0_g2_i1.p1	26.036	169	1379	629	2.98e-05	40.0
TRINITY_DN54_c0_g1_i1.p1	TRINITY_DN332_c0_g1_i5.p1	21.318	258	1379	698	3.18e-08	49.7
TRINITY_DN54_c0_g1_i1.p1	TRINITY_DN13145_c0_g1_i1.p1	24.306	288	1379	593	1.43e-07	47.8
TRINITY_DN54_c0_g1_i1.p1	TRINITY_DN7214_c0_g1_i11.p1	23.581	229	1379	655	2.16e-07	47.0
TRINITY_DN54_c0_g1_i1.p1	TRINITY_DN7214_c0_g1_i11.p1	26.570	207	1379	655	2.30e-07	47.0
TRINITY_DN54_c0_g1_i1.p1	TRINITY_DN4644_c0_g1_i1.p1	22.944	231	1379	638	2.20e-07	47.0
TRINITY_DN54_c0_g1_i1.p1	TRINITY_DN1142_c1_g1_i12.p1	27.374	179	1379	764	2.22e-07	47.0
TRINITY_DN54_c0_g1_i1.p1	TRINITY_DN1142_c1_g1_i12.p1	21.320	197	1379	764	3.67e-04	36.6
TRINITY_DN54_c0_g1_i1.p1	TRINITY_DN9946_c0_g2_i2.p1	22.358	246	1379	621	1.78e-06	43.9
TRINITY_DN54_c0_g1_i1.p1	TRINITY_DN9946_c0_g2_i2.p1	25.114	219	1379	621	1.73e-05	40.8
TRINITY_DN54_c0_g1_i1.p1	TRINITY_DN4709_c2_g1_i1.p1	21.875	256	1379	668	1.25e-05	41.2
TRINITY_DN54_c0_g1_i1.p1	TRINITY_DN37894_c0_g1_i1.p1	31.868	91	1379	125	2.32e-05	37.7
TRINITY_DN54_c0_g1_i1.p1	TRINITY_DN18075_c0_g1_i1.p1	21.053	209	1379	645	6.23e-05	38.9
TRINITY_DN58313_c0_g1_i1.p1	TRINITY_DN58313_c0_g1_i1.p1	100.000	104	104	104	3.82e-74	207
TRINITY_DN58313_c0_g1_i1.p1	TRINITY_DN33832_c0_g1_i10.p1	33.962	53	104	1697	6.92e-07	38.5
TRINITY_DN58313_c0_g1_i1.p1	TRINITY_DN264_c0_g1_i11.p1	34.091	44	104	1744	9.62e-06	35.4
TRINITY_DN662_c0_g1_i2.p1	TRINITY_DN662_c0_g1_i2.p1	100.000	1516	1516	1516	0.0	3125
TRINITY_DN662_c0_g1_i2.p1	TRINITY_DN9986_c0_g1_i1.p1	68.319	565	1516	564	0.0	789
TRINITY_DN662_c0_g1_i2.p1	TRINITY_DN12134_c0_g1_i3.p1	33.965	1425	1516	1395	0.0	705
TRINITY_DN662_c0_g1_i2.p1	TRINITY_DN662_c0_g4_i1.p1	32.448	1393	1516	1345	0.0	673
TRINITY_DN662_c0_g1_i2.p1	TRINITY_DN5424_c0_g1_i1.p1	32.006	1406	1516	1366	0.0	656
TRINITY_DN662_c0_g1_i2.p1	TRINITY_DN9474_c0_g1_i1.p1	32.411	1410	1516	1452	0.0	644
TRINITY_DN662_c0_g1_i2.p1	TRINITY_DN9474_c0_g1_i1.p1	28.037	214	1516	1452	2.45e-18	83.6
TRINITY_DN662_c0_g1_i2.p1	TRINITY_DN4518_c0_g1_i1.p1	31.156	1393	1516	1363	0.0	641
TRINITY_DN662_c0_g1_i2.p1	TRINITY_DN4518_c0_g1_i1.p1	22.025	563	1516	1363	6.27e-17	79.0
TRINITY_DN662_c0_g1_i2.p1	TRINITY_DN254_c0_g1_i11.p1	32.599	1408	1516	1595	0.0	632
TRINITY_DN662_c0_g1_i2.p1	TRINITY_DN18452_c0_g1_i1.p1	38.147	928	1516	1399	0.0	622
TRINITY_DN662_c0_g1_i2.p1	TRINITY_DN18452_c0_g1_i1.p1	31.392	395	1516	1399	1.92e-56	207
TRINITY_DN662_c0_g1_i2.p1	TRINITY_DN54_c0_g1_i1.p1	31.432	824	1516	1379	1.36e-102	352
TRINITY_DN662_c0_g1_i2.p1	TRINITY_DN54_c0_g1_i1.p1	36.784	541	1516	1379	3.97e-98	338
TRINITY_DN662_c0_g1_i2.p1	TRINITY_DN54_c0_g1_i1.p1	22.645	552	1516	1379	1.55e-14	70.9
TRINITY_DN662_c0_g1_i2.p1	TRINITY_DN54_c0_g1_i1.p1	26.244	221	1516	1379	1.69e-14	70.9
TRINITY_DN662_c0_g1_i2.p1	TRINITY_DN20355_c0_g1_i13.p1	26.154	715	1516	888	4.43e-72	252
TRINITY_DN662_c0_g1_i2.p1	TRINITY_DN20355_c0_g1_i13.p1	30.055	183	1516	888	4.83e-14	68.9
TRINITY_DN662_c0_g1_i2.p1	TRINITY_DN4426_c0_g1_i3.p1	28.195	532	1516	707	3.56e-45	167
TRINITY_DN662_c0_g1_i2.p1	TRINITY_DN4426_c0_g1_i3.p1	23.188	552	1516	707	4.70e-24	101
TRINITY_DN662_c0_g1_i2.p1	TRINITY_DN33353_c0_g1_i3.p1	26.144	459	1516	849	1.48e-38	148
TRINITY_DN662_c0_g1_i2.p1	TRINITY_DN33353_c0_g1_i3.p1	24.124	485	1516	849	1.35e-26	109
TRINITY_DN662_c0_g1_i2.p1	TRINITY_DN1124_c0_g1_i10.p1	35.443	237	1516	1273	4.24e-36	141
TRINITY_DN662_c0_g1_i2.p1	TRINITY_DN1124_c0_g1_i10.p1	32.692	208	1516	1273	4.58e-28	115
TRINITY_DN662_c0_g1_i2.p1	TRINITY_DN1124_c0_g1_i10.p1	28.617	311	1516	1273	8.92e-26	107
TRINITY_DN662_c0_g1_i2.p1	TRINITY_DN1124_c0_g1_i10.p1	32.018	228	1516	1273	3.00e-24	102
TRINITY_DN662_c0_g1_i2.p1	TRINITY_DN11773_c0_g1_i7.p1	28.772	285	1516	768	9.25e-30	119
TRINITY_DN662_c0_g1_i2.p1	TRINITY_DN11773_c0_g1_i7.p1	27.575	301	1516	768	8.23e-24	100
TRINITY_DN662_c0_g1_i2.p1	TRINITY_DN9037_c0_g1_i11.p1	35.160	219	1516	851	4.39e-29	117
TRINITY_DN662_c0_g1_i2.p1	TRINITY_DN9037_c0_g1_i11.p1	25.000	276	1516	851	1.58e-20	90.1
TRINITY_DN662_c0_g1_i2.p1	TRINITY_DN9037_c0_g1_i11.p1	25.893	224	1516	851	7.27e-04	35.8
TRINITY_DN662_c0_g1_i2.p1	TRINITY_DN16854_c0_g2_i2.p1	31.873	251	1516	548	5.91e-27	109
TRINITY_DN662_c0_g1_i2.p1	TRINITY_DN16854_c0_g2_i2.p1	25.806	248	1516	548	7.04e-15	71.2
TRINITY_DN662_c0_g1_i2.p1	TRINITY_DN5175_c0_g1_i3.p1	26.180	233	1516	722	5.35e-17	78.6
TRINITY_DN662_c0_g1_i2.p1	TRINITY_DN5175_c0_g1_i3.p1	26.852	216	1516	722	2.01e-10	57.0
TRINITY_DN662_c0_g1_i2.p1	TRINITY_DN1442_c0_g1_i7.p1	23.333	390	1516	795	2.67e-14	69.7
TRINITY_DN662_c0_g1_i2.p1	TRINITY_DN1442_c0_g1_i7.p1	24.766	214	1516	795	2.80e-07	47.0
TRINITY_DN662_c0_g1_i2.p1	TRINITY_DN2350_c0_g1_i14.p1	24.242	231	1516	791	4.07e-14	69.3
TRINITY_DN662_c0_g1_i2.p1	TRINITY_DN2350_c0_g1_i14.p1	25.248	202	1516	791	3.13e-04	37.0
TRINITY_DN662_c0_g1_i2.p1	TRINITY_DN44328_c0_g1_i1.p1	24.107	112	1516	114	1.81e-11	55.1
TRINITY_DN662_c0_g1_i2.p1	TRINITY_DN30_c14_g1_i4.p1	27.350	234	1516	669	2.84e-11	59.7
TRINITY_DN662_c0_g1_i2.p1	TRINITY_DN30_c14_g1_i4.p1	20.909	220	1516	669	8.94e-06	42.0
TRINITY_DN662_c0_g1_i2.p1	TRINITY_DN11606_c0_g1_i6.p1	25.234	214	1516	1641	3.00e-11	60.1
TRINITY_DN662_c0_g1_i2.p1	TRINITY_DN11606_c0_g1_i6.p1	25.431	232	1516	1641	1.48e-08	51.2
TRINITY_DN662_c0_g1_i2.p1	TRINITY_DN1142_c1_g1_i12.p1	28.019	207	1516	764	3.04e-11	59.7
TRINITY_DN662_c0_g1_i2.p1	TRINITY_DN1142_c1_g1_i12.p1	23.214	168	1516	764	3.27e-04	37.0
TRINITY_DN662_c0_g1_i2.p1	TRINITY_DN9946_c0_g2_i2.p1	27.315	216	1516	621	6.57e-10	55.5
TRINITY_DN662_c0_g1_i2.p1	TRINITY_DN10989_c0_g1_i5.p1	28.244	131	1516	198	1.37e-09	52.0
TRINITY_DN662_c0_g1_i2.p1	TRINITY_DN10989_c0_g1_i5.p1	24.324	111	1516	198	3.26e-04	35.8
TRINITY_DN662_c0_g1_i2.p1	TRINITY_DN264_c0_g1_i11.p1	25.444	169	1516	1744	3.57e-09	53.5
TRINITY_DN662_c0_g1_i2.p1	TRINITY_DN264_c0_g1_i11.p1	21.811	243	1516	1744	2.07e-06	44.3
TRINITY_DN662_c0_g1_i2.p1	TRINITY_DN264_c0_g1_i11.p1	23.392	171	1516	1744	5.10e-06	43.1
TRINITY_DN662_c0_g1_i2.p1	TRINITY_DN264_c0_g1_i11.p1	21.918	219	1516	1744	1.68e-04	38.1
TRINITY_DN662_c0_g1_i2.p1	TRINITY_DN332_c0_g1_i5.p1	25.385	260	1516	698	1.75e-08	50.8
TRINITY_DN662_c0_g1_i2.p1	TRINITY_DN332_c0_g1_i5.p1	22.747	233	1516	698	1.15e-04	38.5
TRINITY_DN662_c0_g1_i2.p1	TRINITY_DN4644_c0_g1_i1.p1	21.750	400	1516	638	6.11e-08	48.9
TRINITY_DN662_c0_g1_i2.p1	TRINITY_DN4644_c0_g1_i1.p1	28.667	150	1516	638	0.001	35.4
TRINITY_DN662_c0_g1_i2.p1	TRINITY_DN4709_c2_g1_i1.p1	26.573	286	1516	668	9.68e-08	48.5
TRINITY_DN662_c0_g1_i2.p1	TRINITY_DN4709_c2_g1_i1.p1	24.359	234	1516	668	1.89e-04	37.7
TRINITY_DN662_c0_g1_i2.p1	TRINITY_DN12905_c0_g2_i1.p1	29.500	200	1516	629	1.27e-07	48.1
TRINITY_DN662_c0_g1_i2.p1	TRINITY_DN33832_c0_g1_i10.p1	23.502	217	1516	1697	1.84e-07	47.8
TRINITY_DN662_c0_g1_i2.p1	TRINITY_DN33832_c0_g1_i10.p1	25.592	211	1516	1697	1.31e-05	41.6
TRINITY_DN662_c0_g1_i2.p1	TRINITY_DN33832_c0_g1_i10.p1	22.120	217	1516	1697	1.88e-05	41.2
TRINITY_DN662_c0_g1_i2.p1	TRINITY_DN33832_c0_g1_i10.p1	21.076	223	1516	1697	2.56e-05	40.8
TRINITY_DN662_c0_g1_i2.p1	TRINITY_DN7214_c0_g1_i11.p1	26.201	229	1516	655	2.62e-07	47.0
TRINITY_DN662_c0_g1_i2.p1	TRINITY_DN7214_c0_g1_i11.p1	26.396	197	1516	655	7.35e-07	45.4
TRINITY_DN662_c0_g1_i2.p1	TRINITY_DN4830_c1_g1_i1.p1	25.500	200	1516	879	1.51e-06	44.7
TRINITY_DN662_c0_g1_i2.p1	TRINITY_DN13145_c0_g1_i1.p1	24.845	161	1516	593	2.11e-06	43.9
TRINITY_DN662_c0_g1_i2.p1	TRINITY_DN37894_c0_g1_i1.p1	29.592	98	1516	125	7.87e-06	39.3
TRINITY_DN662_c0_g4_i1.p1	TRINITY_DN662_c0_g4_i1.p1	100.000	1345	1345	1345	0.0	2768
TRINITY_DN662_c0_g4_i1.p1	TRINITY_DN5424_c0_g1_i1.p1	53.558	1363	1345	1366	0.0	1512
TRINITY_DN662_c0_g4_i1.p1	TRINITY_DN12134_c0_g1_i3.p1	48.223	1379	1345	1395	0.0	1315
TRINITY_DN662_c0_g4_i1.p1	TRINITY_DN18452_c0_g1_i1.p1	42.446	1390	1345	1399	0.0	1102
TRINITY_DN662_c0_g4_i1.p1	TRINITY_DN4518_c0_g1_i1.p1	41.074	1378	1345	1363	0.0	1034
TRINITY_DN662_c0_g4_i1.p1	TRINITY_DN9474_c0_g1_i1.p1	36.919	1376	1345	1452	0.0	847
TRINITY_DN662_c0_g4_i1.p1	TRINITY_DN662_c0_g1_i2.p1	33.189	1383	1345	1516	0.0	682
TRINITY_DN662_c0_g4_i1.p1	TRINITY_DN54_c0_g1_i1.p1	51.316	532	1345	1379	4.73e-170	537
TRINITY_DN662_c0_g4_i1.p1	TRINITY_DN54_c0_g1_i1.p1	35.888	783	1345	1379	3.94e-154	494
TRINITY_DN662_c0_g4_i1.p1	TRINITY_DN54_c0_g1_i1.p1	28.507	221	1345	1379	2.01e-15	73.6
TRINITY_DN662_c0_g4_i1.p1	TRINITY_DN54_c0_g1_i1.p1	26.866	268	1345	1379	4.99e-14	68.9
TRINITY_DN662_c0_g4_i1.p1	TRINITY_DN254_c0_g1_i11.p1	27.376	1410	1345	1595	1.13e-137	453
TRINITY_DN662_c0_g4_i1.p1	TRINITY_DN20355_c0_g1_i13.p1	27.778	702	1345	888	2.35e-69	244
TRINITY_DN662_c0_g4_i1.p1	TRINITY_DN20355_c0_g1_i13.p1	26.047	215	1345	888	9.36e-11	58.2
TRINITY_DN662_c0_g4_i1.p1	TRINITY_DN1124_c0_g1_i10.p1	27.011	870	1345	1273	2.72e-58	213
TRINITY_DN662_c0_g4_i1.p1	TRINITY_DN1124_c0_g1_i10.p1	33.871	248	1345	1273	2.72e-35	138
TRINITY_DN662_c0_g4_i1.p1	TRINITY_DN1124_c0_g1_i10.p1	30.806	211	1345	1273	1.02e-24	103
TRINITY_DN662_c0_g4_i1.p1	TRINITY_DN9986_c0_g1_i1.p1	26.244	583	1345	564	5.19e-56	197
TRINITY_DN662_c0_g4_i1.p1	TRINITY_DN4426_c0_g1_i3.p1	24.866	559	1345	707	3.32e-38	145
TRINITY_DN662_c0_g4_i1.p1	TRINITY_DN4426_c0_g1_i3.p1	30.172	232	1345	707	2.52e-21	92.4
TRINITY_DN662_c0_g4_i1.p1	TRINITY_DN33353_c0_g1_i3.p1	34.579	214	1345	849	5.81e-32	127
TRINITY_DN662_c0_g4_i1.p1	TRINITY_DN33353_c0_g1_i3.p1	30.804	224	1345	849	2.16e-27	112
TRINITY_DN662_c0_g4_i1.p1	TRINITY_DN11773_c0_g1_i7.p1	31.907	257	1345	768	1.85e-29	118
TRINITY_DN662_c0_g4_i1.p1	TRINITY_DN11773_c0_g1_i7.p1	31.250	224	1345	768	2.71e-21	92.4
TRINITY_DN662_c0_g4_i1.p1	TRINITY_DN16854_c0_g2_i2.p1	24.635	548	1345	548	1.88e-29	117
TRINITY_DN662_c0_g4_i1.p1	TRINITY_DN16854_c0_g2_i2.p1	26.644	289	1345	548	1.26e-20	89.4
TRINITY_DN662_c0_g4_i1.p1	TRINITY_DN9037_c0_g1_i11.p1	28.315	279	1345	851	1.27e-24	103
TRINITY_DN662_c0_g4_i1.p1	TRINITY_DN9037_c0_g1_i11.p1	31.100	209	1345	851	3.67e-21	92.0
TRINITY_DN662_c0_g4_i1.p1	TRINITY_DN44328_c0_g1_i1.p1	37.500	112	1345	114	2.30e-24	92.0
TRINITY_DN662_c0_g4_i1.p1	TRINITY_DN11606_c0_g1_i6.p1	28.017	232	1345	1641	4.26e-16	75.9
TRINITY_DN662_c0_g4_i1.p1	TRINITY_DN11606_c0_g1_i6.p1	25.641	273	1345	1641	8.67e-11	58.5
TRINITY_DN662_c0_g4_i1.p1	TRINITY_DN11606_c0_g1_i6.p1	25.564	133	1345	1641	6.40e-04	35.8
TRINITY_DN662_c0_g4_i1.p1	TRINITY_DN30_c14_g1_i4.p1	26.800	250	1345	669	1.18e-15	73.9
TRINITY_DN662_c0_g4_i1.p1	TRINITY_DN30_c14_g1_i4.p1	29.787	188	1345	669	5.13e-14	68.6
TRINITY_DN662_c0_g4_i1.p1	TRINITY_DN33832_c0_g1_i10.p1	23.699	346	1345	1697	1.60e-15	73.9
TRINITY_DN662_c0_g4_i1.p1	TRINITY_DN33832_c0_g1_i10.p1	20.851	235	1345	1697	1.36e-09	54.7
TRINITY_DN662_c0_g4_i1.p1	TRINITY_DN33832_c0_g1_i10.p1	22.222	216	1345	1697	9.41e-07	45.1
TRINITY_DN662_c0_g4_i1.p1	TRINITY_DN2350_c0_g1_i14.p1	25.571	219	1345	791	1.71e-13	67.0
TRINITY_DN662_c0_g4_i1.p1	TRINITY_DN2350_c0_g1_i14.p1	24.402	209	1345	791	6.59e-08	48.9
TRINITY_DN662_c0_g4_i1.p1	TRINITY_DN5175_c0_g1_i3.p1	27.143	210	1345	722	2.87e-13	66.2
TRINITY_DN662_c0_g4_i1.p1	TRINITY_DN5175_c0_g1_i3.p1	26.009	223	1345	722	8.28e-10	55.1
TRINITY_DN662_c0_g4_i1.p1	TRINITY_DN7214_c0_g1_i11.p1	26.991	226	1345	655	8.34e-13	64.7
TRINITY_DN662_c0_g4_i1.p1	TRINITY_DN7214_c0_g1_i11.p1	24.561	228	1345	655	5.50e-07	45.8
TRINITY_DN662_c0_g4_i1.p1	TRINITY_DN264_c0_g1_i11.p1	25.907	193	1345	1744	8.61e-11	58.5
TRINITY_DN662_c0_g4_i1.p1	TRINITY_DN264_c0_g1_i11.p1	22.932	266	1345	1744	9.29e-11	58.5
TRINITY_DN662_c0_g4_i1.p1	TRINITY_DN264_c0_g1_i11.p1	22.553	235	1345	1744	8.40e-10	55.1
TRINITY_DN662_c0_g4_i1.p1	TRINITY_DN4644_c0_g1_i1.p1	28.879	232	1345	638	1.10e-10	57.8
TRINITY_DN662_c0_g4_i1.p1	TRINITY_DN4644_c0_g1_i1.p1	23.605	233	1345	638	5.89e-07	45.4
TRINITY_DN662_c0_g4_i1.p1	TRINITY_DN332_c0_g1_i5.p1	25.991	227	1345	698	1.43e-10	57.4
TRINITY_DN662_c0_g4_i1.p1	TRINITY_DN332_c0_g1_i5.p1	22.269	238	1345	698	6.03e-06	42.4
TRINITY_DN662_c0_g4_i1.p1	TRINITY_DN12905_c0_g2_i1.p1	30.348	201	1345	629	1.71e-10	57.0
TRINITY_DN662_c0_g4_i1.p1	TRINITY_DN12905_c0_g2_i1.p1	25.000	200	1345	629	3.07e-05	40.0
TRINITY_DN662_c0_g4_i1.p1	TRINITY_DN10989_c0_g1_i5.p1	26.471	136	1345	198	8.77e-10	52.4
TRINITY_DN662_c0_g4_i1.p1	TRINITY_DN10989_c0_g1_i5.p1	27.957	93	1345	198	8.54e-05	37.4
TRINITY_DN662_c0_g4_i1.p1	TRINITY_DN1442_c0_g1_i7.p1	23.445	209	1345	795	1.41e-09	54.3
TRINITY_DN662_c0_g4_i1.p1	TRINITY_DN1442_c0_g1_i7.p1	22.467	227	1345	795	1.25e-06	44.7
TRINITY_DN662_c0_g4_i1.p1	TRINITY_DN4830_c1_g1_i1.p1	28.342	187	1345	879	6.83e-09	52.0
TRINITY_DN662_c0_g4_i1.p1	TRINITY_DN4830_c1_g1_i1.p1	26.289	194	1345	879	9.18e-07	45.1
TRINITY_DN662_c0_g4_i1.p1	TRINITY_DN13145_c0_g1_i1.p1	25.822	213	1345	593	4.61e-08	49.3
TRINITY_DN662_c0_g4_i1.p1	TRINITY_DN4709_c2_g1_i1.p1	29.121	182	1345	668	5.93e-07	45.4
TRINITY_DN662_c0_g4_i1.p1	TRINITY_DN4709_c2_g1_i1.p1	22.523	222	1345	668	1.82e-04	37.4
TRINITY_DN662_c0_g4_i1.p1	TRINITY_DN1142_c1_g1_i12.p1	23.438	192	1345	764	1.44e-06	44.3
TRINITY_DN662_c0_g4_i1.p1	TRINITY_DN9946_c0_g2_i2.p1	21.622	185	1345	621	3.37e-06	43.1
TRINITY_DN662_c0_g4_i1.p1	TRINITY_DN18075_c0_g1_i1.p1	25.806	186	1345	645	5.59e-06	42.4
TRINITY_DN662_c0_g4_i1.p1	TRINITY_DN18075_c0_g1_i1.p1	22.000	200	1345	645	1.68e-05	40.8
TRINITY_DN662_c0_g4_i1.p1	TRINITY_DN35371_c0_g2_i1.p1	25.287	87	1345	224	1.75e-05	39.7
TRINITY_DN662_c0_g4_i1.p1	TRINITY_DN49408_c0_g1_i1.p1	32.184	87	1345	151	3.12e-05	38.1
TRINITY_DN662_c0_g4_i1.p1	TRINITY_DN37894_c0_g1_i1.p1	24.194	124	1345	125	5.16e-05	37.0
TRINITY_DN7214_c0_g1_i11.p1	TRINITY_DN7214_c0_g1_i11.p1	100.000	655	655	655	0.0	1355
TRINITY_DN7214_c0_g1_i11.p1	TRINITY_DN332_c0_g1_i5.p1	44.444	684	655	698	0.0	581
TRINITY_DN7214_c0_g1_i11.p1	TRINITY_DN4644_c0_g1_i1.p1	39.935	616	655	638	5.57e-161	470
TRINITY_DN7214_c0_g1_i11.p1	TRINITY_DN9946_c0_g2_i2.p1	39.080	609	655	621	2.91e-146	431
TRINITY_DN7214_c0_g1_i11.p1	TRINITY_DN4709_c2_g1_i1.p1	39.441	644	655	668	1.18e-142	424
TRINITY_DN7214_c0_g1_i11.p1	TRINITY_DN12905_c0_g2_i1.p1	35.443	632	655	629	1.33e-139	414
TRINITY_DN7214_c0_g1_i11.p1	TRINITY_DN13145_c0_g1_i1.p1	27.222	540	655	593	4.66e-47	167
TRINITY_DN7214_c0_g1_i11.p1	TRINITY_DN21780_c0_g1_i1.p1	32.597	181	655	175	1.95e-32	115
TRINITY_DN7214_c0_g1_i11.p1	TRINITY_DN18075_c0_g1_i1.p1	22.780	518	655	645	1.34e-30	119
TRINITY_DN7214_c0_g1_i11.p1	TRINITY_DN21780_c0_g2_i1.p1	39.706	136	655	136	2.37e-29	105
TRINITY_DN7214_c0_g1_i11.p1	TRINITY_DN49408_c0_g1_i1.p1	45.082	122	655	151	8.57e-27	99.0
TRINITY_DN7214_c0_g1_i11.p1	TRINITY_DN1124_c0_g1_i10.p1	29.123	285	655	1273	3.88e-21	90.5
TRINITY_DN7214_c0_g1_i11.p1	TRINITY_DN1124_c0_g1_i10.p1	31.674	221	655	1273	1.13e-16	76.3
TRINITY_DN7214_c0_g1_i11.p1	TRINITY_DN33832_c0_g1_i10.p1	29.185	233	655	1697	4.99e-20	87.0
TRINITY_DN7214_c0_g1_i11.p1	TRINITY_DN33832_c0_g1_i10.p1	28.358	201	655	1697	3.49e-14	68.2
TRINITY_DN7214_c0_g1_i11.p1	TRINITY_DN264_c0_g1_i11.p1	25.795	283	655	1744	7.23e-18	80.1
TRINITY_DN7214_c0_g1_i11.p1	TRINITY_DN264_c0_g1_i11.p1	29.082	196	655	1744	2.35e-13	65.5
TRINITY_DN7214_c0_g1_i11.p1	TRINITY_DN33353_c0_g1_i3.p1	27.803	223	655	849	5.14e-17	77.0
TRINITY_DN7214_c0_g1_i11.p1	TRINITY_DN5175_c0_g1_i3.p1	29.480	173	655	722	4.14e-14	67.4
TRINITY_DN7214_c0_g1_i11.p1	TRINITY_DN4426_c0_g1_i3.p1	28.509	228	655	707	5.92e-14	67.0
TRINITY_DN7214_c0_g1_i11.p1	TRINITY_DN11606_c0_g1_i6.p1	27.805	205	655	1641	6.98e-14	67.0
TRINITY_DN7214_c0_g1_i11.p1	TRINITY_DN11606_c0_g1_i6.p1	27.928	222	655	1641	1.77e-13	65.9
TRINITY_DN7214_c0_g1_i11.p1	TRINITY_DN16854_c0_g2_i2.p1	27.500	240	655	548	7.41e-13	63.2
TRINITY_DN7214_c0_g1_i11.p1	TRINITY_DN5424_c0_g1_i1.p1	28.571	210	655	1366	1.77e-12	62.4
TRINITY_DN7214_c0_g1_i11.p1	TRINITY_DN5424_c0_g1_i1.p1	24.615	195	655	1366	5.06e-06	41.6
TRINITY_DN7214_c0_g1_i11.p1	TRINITY_DN9474_c0_g1_i1.p1	26.190	210	655	1452	2.20e-12	62.4
TRINITY_DN7214_c0_g1_i11.p1	TRINITY_DN9474_c0_g1_i1.p1	25.373	201	655	1452	2.24e-10	55.8
TRINITY_DN7214_c0_g1_i11.p1	TRINITY_DN35371_c0_g2_i1.p1	25.824	182	655	224	2.58e-12	59.3
TRINITY_DN7214_c0_g1_i11.p1	TRINITY_DN1442_c0_g1_i7.p1	28.205	195	655	795	2.89e-12	61.6
TRINITY_DN7214_c0_g1_i11.p1	TRINITY_DN662_c0_g4_i1.p1	26.991	226	655	1345	2.69e-11	58.5
TRINITY_DN7214_c0_g1_i11.p1	TRINITY_DN662_c0_g4_i1.p1	24.793	242	655	1345	2.77e-07	45.8
TRINITY_DN7214_c0_g1_i11.p1	TRINITY_DN11773_c0_g1_i7.p1	35.644	101	655	768	3.59e-11	58.2
TRINITY_DN7214_c0_g1_i11.p1	TRINITY_DN4830_c1_g1_i1.p1	33.333	159	655	879	2.36e-10	55.5
TRINITY_DN7214_c0_g1_i11.p1	TRINITY_DN4830_c1_g1_i1.p1	35.443	79	655	879	4.15e-06	41.6
TRINITY_DN7214_c0_g1_i11.p1	TRINITY_DN2350_c0_g1_i14.p1	25.225	222	655	791	2.78e-10	55.1
TRINITY_DN7214_c0_g1_i11.p1	TRINITY_DN18452_c0_g1_i1.p1	24.434	221	655	1399	1.11e-09	53.5
TRINITY_DN7214_c0_g1_i11.p1	TRINITY_DN18452_c0_g1_i1.p1	24.859	177	655	1399	4.96e-09	51.2
TRINITY_DN7214_c0_g1_i11.p1	TRINITY_DN254_c0_g1_i11.p1	24.623	199	655	1595	1.38e-09	53.1
TRINITY_DN7214_c0_g1_i11.p1	TRINITY_DN254_c0_g1_i11.p1	31.746	63	655	1595	9.34e-05	37.4
TRINITY_DN7214_c0_g1_i11.p1	TRINITY_DN12134_c0_g1_i3.p1	24.878	205	655	1395	1.93e-09	52.8
TRINITY_DN7214_c0_g1_i11.p1	TRINITY_DN4518_c0_g1_i1.p1	24.876	201	655	1363	6.82e-08	47.8
TRINITY_DN7214_c0_g1_i11.p1	TRINITY_DN4518_c0_g1_i1.p1	28.409	176	655	1363	2.61e-06	42.4
TRINITY_DN7214_c0_g1_i11.p1	TRINITY_DN54_c0_g1_i1.p1	26.570	207	655	1379	9.20e-08	47.4
TRINITY_DN7214_c0_g1_i11.p1	TRINITY_DN54_c0_g1_i1.p1	23.581	229	655	1379	2.52e-06	42.4
TRINITY_DN7214_c0_g1_i11.p1	TRINITY_DN662_c0_g1_i2.p1	26.201	229	655	1516	1.10e-07	47.0
TRINITY_DN7214_c0_g1_i11.p1	TRINITY_DN662_c0_g1_i2.p1	26.396	197	655	1516	3.02e-07	45.4
TRINITY_DN7214_c0_g1_i11.p1	TRINITY_DN37894_c0_g1_i1.p1	26.506	83	655	125	1.85e-07	43.1
TRINITY_DN7214_c0_g1_i11.p1	TRINITY_DN20355_c0_g1_i13.p1	25.641	195	655	888	4.09e-06	41.6
TRINITY_DN7214_c0_g1_i11.p1	TRINITY_DN30_c14_g1_i4.p1	30.769	78	655	669	1.13e-04	37.0
TRINITY_DN7214_c0_g1_i11.p1	TRINITY_DN1142_c1_g1_i12.p1	28.571	91	655	764	2.33e-04	36.2
TRINITY_DN9037_c0_g1_i11.p1	TRINITY_DN9037_c0_g1_i11.p1	100.000	851	851	851	0.0	1715
TRINITY_DN9037_c0_g1_i11.p1	TRINITY_DN662_c0_g1_i2.p1	37.443	219	851	1516	1.34e-34	134
TRINITY_DN9037_c0_g1_i11.p1	TRINITY_DN662_c0_g1_i2.p1	24.566	346	851	1516	1.97e-24	102
TRINITY_DN9037_c0_g1_i11.p1	TRINITY_DN662_c0_g1_i2.p1	28.319	226	851	1516	5.48e-09	51.6
TRINITY_DN9037_c0_g1_i11.p1	TRINITY_DN9474_c0_g1_i1.p1	38.140	215	851	1452	3.34e-32	127
TRINITY_DN9037_c0_g1_i11.p1	TRINITY_DN9474_c0_g1_i1.p1	24.917	301	851	1452	6.29e-17	77.8
TRINITY_DN9037_c0_g1_i11.p1	TRINITY_DN12134_c0_g1_i3.p1	34.450	209	851	1395	1.65e-30	121
TRINITY_DN9037_c0_g1_i11.p1	TRINITY_DN12134_c0_g1_i3.p1	26.861	309	851	1395	4.51e-24	100
TRINITY_DN9037_c0_g1_i11.p1	TRINITY_DN12134_c0_g1_i3.p1	26.512	215	851	1395	7.66e-13	64.3
TRINITY_DN9037_c0_g1_i11.p1	TRINITY_DN662_c0_g4_i1.p1	25.122	410	851	1345	1.73e-30	121
TRINITY_DN9037_c0_g1_i11.p1	TRINITY_DN662_c0_g4_i1.p1	31.579	209	851	1345	8.45e-27	109
TRINITY_DN9037_c0_g1_i11.p1	TRINITY_DN662_c0_g4_i1.p1	26.866	201	851	1345	2.14e-07	46.6
TRINITY_DN9037_c0_g1_i11.p1	TRINITY_DN4518_c0_g1_i1.p1	34.928	209	851	1363	2.50e-30	120
TRINITY_DN9037_c0_g1_i11.p1	TRINITY_DN4518_c0_g1_i1.p1	26.786	280	851	1363	2.57e-25	104
TRINITY_DN9037_c0_g1_i11.p1	TRINITY_DN4518_c0_g1_i1.p1	27.313	227	851	1363	9.09e-11	57.4
TRINITY_DN9037_c0_g1_i11.p1	TRINITY_DN5424_c0_g1_i1.p1	30.876	217	851	1366	3.14e-28	114
TRINITY_DN9037_c0_g1_i11.p1	TRINITY_DN5424_c0_g1_i1.p1	25.307	407	851	1366	1.50e-24	102
TRINITY_DN9037_c0_g1_i11.p1	TRINITY_DN18452_c0_g1_i1.p1	32.812	192	851	1399	5.95e-28	113
TRINITY_DN9037_c0_g1_i11.p1	TRINITY_DN18452_c0_g1_i1.p1	27.562	283	851	1399	6.22e-25	103
TRINITY_DN9037_c0_g1_i11.p1	TRINITY_DN18452_c0_g1_i1.p1	27.000	200	851	1399	2.06e-09	53.1
TRINITY_DN9037_c0_g1_i11.p1	TRINITY_DN54_c0_g1_i1.p1	32.558	215	851	1379	1.03e-27	112
TRINITY_DN9037_c0_g1_i11.p1	TRINITY_DN54_c0_g1_i1.p1	27.143	280	851	1379	1.38e-25	105
TRINITY_DN9037_c0_g1_i11.p1	TRINITY_DN54_c0_g1_i1.p1	27.041	196	851	1379	9.58e-08	47.8
TRINITY_DN9037_c0_g1_i11.p1	TRINITY_DN254_c0_g1_i11.p1	35.912	181	851	1595	8.25e-27	109
TRINITY_DN9037_c0_g1_i11.p1	TRINITY_DN254_c0_g1_i11.p1	25.606	289	851	1595	4.32e-17	78.2
TRINITY_DN9037_c0_g1_i11.p1	TRINITY_DN254_c0_g1_i11.p1	28.000	200	851	1595	2.01e-06	43.5
TRINITY_DN9037_c0_g1_i11.p1	TRINITY_DN4426_c0_g1_i3.p1	33.184	223	851	707	1.03e-26	108
TRINITY_DN9037_c0_g1_i11.p1	TRINITY_DN1124_c0_g1_i10.p1	38.021	192	851	1273	1.06e-26	109
TRINITY_DN9037_c0_g1_i11.p1	TRINITY_DN1124_c0_g1_i10.p1	28.700	223	851	1273	1.16e-17	80.1
TRINITY_DN9037_c0_g1_i11.p1	TRINITY_DN9986_c0_g1_i1.p1	24.541	436	851	564	1.84e-25	103
TRINITY_DN9037_c0_g1_i11.p1	TRINITY_DN33353_c0_g1_i3.p1	34.146	205	851	849	4.68e-23	97.1
TRINITY_DN9037_c0_g1_i11.p1	TRINITY_DN16854_c0_g2_i2.p1	37.186	199	851	548	2.48e-19	84.3
TRINITY_DN9037_c0_g1_i11.p1	TRINITY_DN11773_c0_g1_i7.p1	30.811	185	851	768	2.53e-16	75.1
TRINITY_DN9037_c0_g1_i11.p1	TRINITY_DN11606_c0_g1_i6.p1	29.240	171	851	1641	1.39e-08	50.4
TRINITY_DN9037_c0_g1_i11.p1	TRINITY_DN11606_c0_g1_i6.p1	26.316	209	851	1641	2.93e-05	39.7
TRINITY_DN9037_c0_g1_i11.p1	TRINITY_DN264_c0_g1_i11.p1	25.373	201	851	1744	1.93e-07	46.6
TRINITY_DN9037_c0_g1_i11.p1	TRINITY_DN20355_c0_g1_i13.p1	29.703	202	851	888	2.70e-07	46.2
TRINITY_DN9037_c0_g1_i11.p1	TRINITY_DN44328_c0_g1_i1.p1	25.225	111	851	114	3.55e-07	42.4
TRINITY_DN9037_c0_g1_i11.p1	TRINITY_DN9946_c0_g2_i2.p1	25.871	201	851	621	6.75e-06	41.2
TRINITY_DN9037_c0_g1_i11.p1	TRINITY_DN5175_c0_g1_i3.p1	28.426	197	851	722	2.67e-05	39.7
TRINITY_DN9037_c0_g1_i11.p1	TRINITY_DN33832_c0_g1_i10.p1	24.155	207	851	1697	2.89e-05	39.7
TRINITY_DN9037_c0_g1_i11.p1	TRINITY_DN30_c14_g1_i4.p1	22.843	197	851	669	5.00e-05	38.5
TRINITY_DN9037_c0_g1_i11.p1	TRINITY_DN10989_c0_g1_i5.p1	30.000	80	851	198	9.69e-05	36.6
TRINITY_DN9037_c0_g1_i11.p1	TRINITY_DN7214_c0_g1_i11.p1	25.316	158	851	655	3.96e-04	35.8
TRINITY_DN9037_c0_g1_i11.p1	TRINITY_DN13145_c0_g1_i1.p1	35.821	67	851	593	8.13e-04	34.7
TRINITY_DN9474_c0_g1_i1.p1	TRINITY_DN9474_c0_g1_i1.p1	100.000	1452	1452	1452	0.0	3014
TRINITY_DN9474_c0_g1_i1.p1	TRINITY_DN18452_c0_g1_i1.p1	43.064	1384	1452	1399	0.0	1101
TRINITY_DN9474_c0_g1_i1.p1	TRINITY_DN12134_c0_g1_i3.p1	38.361	1379	1452	1395	0.0	899
TRINITY_DN9474_c0_g1_i1.p1	TRINITY_DN4518_c0_g1_i1.p1	36.978	1390	1452	1363	0.0	873
TRINITY_DN9474_c0_g1_i1.p1	TRINITY_DN54_c0_g1_i1.p1	37.000	1400	1452	1379	0.0	870
TRINITY_DN9474_c0_g1_i1.p1	TRINITY_DN54_c0_g1_i1.p1	25.651	269	1452	1379	7.97e-14	68.6
TRINITY_DN9474_c0_g1_i1.p1	TRINITY_DN5424_c0_g1_i1.p1	35.610	1376	1452	1366	0.0	847
TRINITY_DN9474_c0_g1_i1.p1	TRINITY_DN662_c0_g4_i1.p1	37.004	1362	1452	1345	0.0	824
TRINITY_DN9474_c0_g1_i1.p1	TRINITY_DN662_c0_g1_i2.p1	32.270	1410	1452	1516	0.0	649
TRINITY_DN9474_c0_g1_i1.p1	TRINITY_DN662_c0_g1_i2.p1	28.037	214	1452	1516	1.65e-18	84.0
TRINITY_DN9474_c0_g1_i1.p1	TRINITY_DN254_c0_g1_i11.p1	29.627	1313	1452	1595	8.30e-142	467
TRINITY_DN9474_c0_g1_i1.p1	TRINITY_DN254_c0_g1_i11.p1	30.660	212	1452	1595	1.74e-19	87.0
TRINITY_DN9474_c0_g1_i1.p1	TRINITY_DN20355_c0_g1_i13.p1	27.104	701	1452	888	1.17e-62	223
TRINITY_DN9474_c0_g1_i1.p1	TRINITY_DN20355_c0_g1_i13.p1	30.808	198	1452	888	7.75e-18	81.3
TRINITY_DN9474_c0_g1_i1.p1	TRINITY_DN9986_c0_g1_i1.p1	26.471	612	1452	564	1.09e-54	193
TRINITY_DN9474_c0_g1_i1.p1	TRINITY_DN1124_c0_g1_i10.p1	26.096	479	1452	1273	5.20e-37	144
TRINITY_DN9474_c0_g1_i1.p1	TRINITY_DN1124_c0_g1_i10.p1	33.333	240	1452	1273	5.77e-30	121
TRINITY_DN9474_c0_g1_i1.p1	TRINITY_DN1124_c0_g1_i10.p1	29.487	234	1452	1273	1.32e-25	107
TRINITY_DN9474_c0_g1_i1.p1	TRINITY_DN1124_c0_g1_i10.p1	25.472	212	1452	1273	5.82e-20	88.6
TRINITY_DN9474_c0_g1_i1.p1	TRINITY_DN4426_c0_g1_i3.p1	34.118	255	1452	707	1.87e-34	134
TRINITY_DN9474_c0_g1_i1.p1	TRINITY_DN4426_c0_g1_i3.p1	28.139	231	1452	707	1.24e-23	99.8
TRINITY_DN9474_c0_g1_i1.p1	TRINITY_DN33353_c0_g1_i3.p1	30.030	333	1452	849	2.26e-34	134
TRINITY_DN9474_c0_g1_i1.p1	TRINITY_DN33353_c0_g1_i3.p1	26.961	204	1452	849	6.11e-19	85.1
TRINITY_DN9474_c0_g1_i1.p1	TRINITY_DN9037_c0_g1_i11.p1	35.211	213	1452	851	1.92e-27	112
TRINITY_DN9474_c0_g1_i1.p1	TRINITY_DN9037_c0_g1_i11.p1	25.253	297	1452	851	1.12e-16	77.4
TRINITY_DN9474_c0_g1_i1.p1	TRINITY_DN11773_c0_g1_i7.p1	34.375	224	1452	768	2.82e-26	108
TRINITY_DN9474_c0_g1_i1.p1	TRINITY_DN11773_c0_g1_i7.p1	23.750	240	1452	768	2.71e-16	76.3
TRINITY_DN9474_c0_g1_i1.p1	TRINITY_DN44328_c0_g1_i1.p1	38.053	113	1452	114	3.83e-26	97.1
TRINITY_DN9474_c0_g1_i1.p1	TRINITY_DN16854_c0_g2_i2.p1	32.258	248	1452	548	1.20e-21	92.8
TRINITY_DN9474_c0_g1_i1.p1	TRINITY_DN16854_c0_g2_i2.p1	27.700	213	1452	548	2.19e-18	82.4
TRINITY_DN9474_c0_g1_i1.p1	TRINITY_DN5175_c0_g1_i3.p1	24.537	216	1452	722	5.04e-16	75.5
TRINITY_DN9474_c0_g1_i1.p1	TRINITY_DN5175_c0_g1_i3.p1	23.077	273	1452	722	4.40e-10	55.8
TRINITY_DN9474_c0_g1_i1.p1	TRINITY_DN1442_c0_g1_i7.p1	24.519	208	1452	795	7.72e-16	74.7
TRINITY_DN9474_c0_g1_i1.p1	TRINITY_DN1442_c0_g1_i7.p1	24.219	256	1452	795	7.49e-10	55.5
TRINITY_DN9474_c0_g1_i1.p1	TRINITY_DN30_c14_g1_i4.p1	26.316	228	1452	669	1.77e-15	73.6
TRINITY_DN9474_c0_g1_i1.p1	TRINITY_DN30_c14_g1_i4.p1	24.457	184	1452	669	8.47e-08	48.5
TRINITY_DN9474_c0_g1_i1.p1	TRINITY_DN2350_c0_g1_i14.p1	27.317	205	1452	791	3.01e-15	72.8
TRINITY_DN9474_c0_g1_i1.p1	TRINITY_DN2350_c0_g1_i14.p1	24.576	236	1452	791	1.20e-10	57.8
TRINITY_DN9474_c0_g1_i1.p1	TRINITY_DN7214_c0_g1_i11.p1	26.190	210	1452	655	4.68e-12	62.4
TRINITY_DN9474_c0_g1_i1.p1	TRINITY_DN7214_c0_g1_i11.p1	25.373	201	1452	655	4.81e-10	55.8
TRINITY_DN9474_c0_g1_i1.p1	TRINITY_DN12905_c0_g2_i1.p1	26.337	243	1452	629	8.36e-12	61.6
TRINITY_DN9474_c0_g1_i1.p1	TRINITY_DN12905_c0_g2_i1.p1	28.061	196	1452	629	1.97e-06	43.9
TRINITY_DN9474_c0_g1_i1.p1	TRINITY_DN264_c0_g1_i11.p1	26.749	243	1452	1744	1.54e-11	61.2
TRINITY_DN9474_c0_g1_i1.p1	TRINITY_DN264_c0_g1_i11.p1	25.116	215	1452	1744	2.59e-09	53.9
TRINITY_DN9474_c0_g1_i1.p1	TRINITY_DN264_c0_g1_i11.p1	25.728	206	1452	1744	6.48e-07	45.8
TRINITY_DN9474_c0_g1_i1.p1	TRINITY_DN10989_c0_g1_i5.p1	26.950	141	1452	198	1.84e-11	57.4
TRINITY_DN9474_c0_g1_i1.p1	TRINITY_DN10989_c0_g1_i5.p1	27.368	95	1452	198	5.27e-05	38.1
TRINITY_DN9474_c0_g1_i1.p1	TRINITY_DN11606_c0_g1_i6.p1	25.991	227	1452	1641	6.56e-11	58.9
TRINITY_DN9474_c0_g1_i1.p1	TRINITY_DN11606_c0_g1_i6.p1	26.630	184	1452	1641	3.54e-08	50.1
TRINITY_DN9474_c0_g1_i1.p1	TRINITY_DN11606_c0_g1_i6.p1	21.452	303	1452	1641	3.22e-06	43.5
TRINITY_DN9474_c0_g1_i1.p1	TRINITY_DN11606_c0_g1_i6.p1	23.188	207	1452	1641	2.29e-04	37.4
TRINITY_DN9474_c0_g1_i1.p1	TRINITY_DN9946_c0_g2_i2.p1	27.604	192	1452	621	7.80e-10	55.1
TRINITY_DN9474_c0_g1_i1.p1	TRINITY_DN9946_c0_g2_i2.p1	24.444	180	1452	621	2.39e-07	47.0
TRINITY_DN9474_c0_g1_i1.p1	TRINITY_DN33832_c0_g1_i10.p1	21.818	275	1452	1697	1.88e-09	54.3
TRINITY_DN9474_c0_g1_i1.p1	TRINITY_DN33832_c0_g1_i10.p1	21.338	314	1452	1697	2.95e-07	47.0
TRINITY_DN9474_c0_g1_i1.p1	TRINITY_DN33832_c0_g1_i10.p1	23.474	213	1452	1697	4.03e-07	46.6
TRINITY_DN9474_c0_g1_i1.p1	TRINITY_DN4644_c0_g1_i1.p1	25.203	246	1452	638	1.73e-08	50.8
TRINITY_DN9474_c0_g1_i1.p1	TRINITY_DN4644_c0_g1_i1.p1	24.405	336	1452	638	2.97e-06	43.5
TRINITY_DN9474_c0_g1_i1.p1	TRINITY_DN332_c0_g1_i5.p1	25.405	185	1452	698	8.18e-08	48.5
TRINITY_DN9474_c0_g1_i1.p1	TRINITY_DN332_c0_g1_i5.p1	26.667	90	1452	698	3.19e-04	37.0
TRINITY_DN9474_c0_g1_i1.p1	TRINITY_DN1142_c1_g1_i12.p1	23.596	178	1452	764	1.58e-07	47.8
TRINITY_DN9474_c0_g1_i1.p1	TRINITY_DN1142_c1_g1_i12.p1	24.017	229	1452	764	8.59e-05	38.9
TRINITY_DN9474_c0_g1_i1.p1	TRINITY_DN35371_c0_g2_i1.p1	28.409	88	1452	224	1.06e-06	43.5
TRINITY_DN9474_c0_g1_i1.p1	TRINITY_DN37894_c0_g1_i1.p1	25.806	93	1452	125	4.61e-06	40.0
TRINITY_DN9474_c0_g1_i1.p1	TRINITY_DN4830_c1_g1_i1.p1	23.423	222	1452	879	8.32e-06	42.0
TRINITY_DN9474_c0_g1_i1.p1	TRINITY_DN4830_c1_g1_i1.p1	26.066	211	1452	879	1.63e-04	37.7
TRINITY_DN9474_c0_g1_i1.p1	TRINITY_DN18075_c0_g1_i1.p1	23.111	225	1452	645	8.72e-06	42.0
TRINITY_DN9474_c0_g1_i1.p1	TRINITY_DN49408_c0_g1_i1.p1	32.323	99	1452	151	1.49e-05	38.9
TRINITY_DN9474_c0_g1_i1.p1	TRINITY_DN4709_c2_g1_i1.p1	25.824	182	1452	668	8.53e-05	38.9
TRINITY_DN9474_c0_g1_i1.p1	TRINITY_DN13145_c0_g1_i1.p1	22.984	248	1452	593	6.20e-04	35.8
TRINITY_DN9946_c0_g2_i2.p1	TRINITY_DN9946_c0_g2_i2.p1	100.000	621	621	621	0.0	1286
TRINITY_DN9946_c0_g2_i2.p1	TRINITY_DN332_c0_g1_i5.p1	38.710	651	621	698	8.07e-154	452
TRINITY_DN9946_c0_g2_i2.p1	TRINITY_DN7214_c0_g1_i11.p1	39.080	609	621	655	2.76e-146	431
TRINITY_DN9946_c0_g2_i2.p1	TRINITY_DN12905_c0_g2_i1.p1	34.173	635	621	629	1.62e-128	385
TRINITY_DN9946_c0_g2_i2.p1	TRINITY_DN4644_c0_g1_i1.p1	35.935	615	621	638	6.70e-127	381
TRINITY_DN9946_c0_g2_i2.p1	TRINITY_DN4709_c2_g1_i1.p1	38.221	607	621	668	3.01e-121	367
TRINITY_DN9946_c0_g2_i2.p1	TRINITY_DN13145_c0_g1_i1.p1	26.357	516	621	593	3.08e-36	135
TRINITY_DN9946_c0_g2_i2.p1	TRINITY_DN18075_c0_g1_i1.p1	24.568	521	621	645	3.13e-33	127
TRINITY_DN9946_c0_g2_i2.p1	TRINITY_DN33832_c0_g1_i10.p1	33.971	209	621	1697	1.13e-24	101
TRINITY_DN9946_c0_g2_i2.p1	TRINITY_DN33832_c0_g1_i10.p1	30.000	170	621	1697	1.65e-17	79.0
TRINITY_DN9946_c0_g2_i2.p1	TRINITY_DN49408_c0_g1_i1.p1	43.966	116	621	151	3.28e-24	91.7
TRINITY_DN9946_c0_g2_i2.p1	TRINITY_DN21780_c0_g2_i1.p1	33.088	136	621	136	1.18e-22	86.7
TRINITY_DN9946_c0_g2_i2.p1	TRINITY_DN11606_c0_g1_i6.p1	35.928	167	621	1641	2.80e-22	94.0
TRINITY_DN9946_c0_g2_i2.p1	TRINITY_DN11606_c0_g1_i6.p1	27.624	181	621	1641	7.00e-12	60.5
TRINITY_DN9946_c0_g2_i2.p1	TRINITY_DN1124_c0_g1_i10.p1	26.121	379	621	1273	4.35e-22	93.2
TRINITY_DN9946_c0_g2_i2.p1	TRINITY_DN1124_c0_g1_i10.p1	29.767	215	621	1273	4.10e-17	77.4
TRINITY_DN9946_c0_g2_i2.p1	TRINITY_DN264_c0_g1_i11.p1	33.679	193	621	1744	8.04e-22	92.8
TRINITY_DN9946_c0_g2_i2.p1	TRINITY_DN264_c0_g1_i11.p1	26.549	226	621	1744	2.40e-14	68.6
TRINITY_DN9946_c0_g2_i2.p1	TRINITY_DN5175_c0_g1_i3.p1	29.508	183	621	722	1.65e-16	75.1
TRINITY_DN9946_c0_g2_i2.p1	TRINITY_DN21780_c0_g1_i1.p1	25.510	196	621	175	3.21e-15	66.6
TRINITY_DN9946_c0_g2_i2.p1	TRINITY_DN1442_c0_g1_i7.p1	28.643	199	621	795	1.80e-14	68.6
TRINITY_DN9946_c0_g2_i2.p1	TRINITY_DN33353_c0_g1_i3.p1	27.273	220	621	849	2.71e-14	68.2
TRINITY_DN9946_c0_g2_i2.p1	TRINITY_DN2350_c0_g1_i14.p1	29.444	180	621	791	9.27e-13	63.2
TRINITY_DN9946_c0_g2_i2.p1	TRINITY_DN11773_c0_g1_i7.p1	28.270	237	621	768	5.87e-12	60.5
TRINITY_DN9946_c0_g2_i2.p1	TRINITY_DN4426_c0_g1_i3.p1	26.738	187	621	707	1.05e-11	59.7
TRINITY_DN9946_c0_g2_i2.p1	TRINITY_DN20355_c0_g1_i13.p1	24.686	239	621	888	1.06e-11	59.7
TRINITY_DN9946_c0_g2_i2.p1	TRINITY_DN662_c0_g1_i2.p1	27.315	216	621	1516	2.78e-10	55.5
TRINITY_DN9946_c0_g2_i2.p1	TRINITY_DN9474_c0_g1_i1.p1	27.749	191	621	1452	3.70e-10	55.1
TRINITY_DN9946_c0_g2_i2.p1	TRINITY_DN9474_c0_g1_i1.p1	24.444	180	621	1452	1.19e-07	46.6
TRINITY_DN9946_c0_g2_i2.p1	TRINITY_DN4830_c1_g1_i1.p1	27.742	155	621	879	2.46e-09	52.0
TRINITY_DN9946_c0_g2_i2.p1	TRINITY_DN4830_c1_g1_i1.p1	25.941	239	621	879	7.97e-08	47.4
TRINITY_DN9946_c0_g2_i2.p1	TRINITY_DN35371_c0_g2_i1.p1	22.951	183	621	224	6.09e-09	48.9
TRINITY_DN9946_c0_g2_i2.p1	TRINITY_DN37894_c0_g1_i1.p1	36.538	52	621	125	2.42e-08	45.4
TRINITY_DN9946_c0_g2_i2.p1	TRINITY_DN5424_c0_g1_i1.p1	19.731	223	621	1366	4.98e-08	48.1
TRINITY_DN9946_c0_g2_i2.p1	TRINITY_DN5424_c0_g1_i1.p1	22.897	214	621	1366	1.98e-04	36.2
TRINITY_DN9946_c0_g2_i2.p1	TRINITY_DN16854_c0_g2_i2.p1	28.655	171	621	548	7.39e-08	47.0
TRINITY_DN9946_c0_g2_i2.p1	TRINITY_DN4518_c0_g1_i1.p1	22.642	212	621	1363	1.35e-07	46.6
TRINITY_DN9946_c0_g2_i2.p1	TRINITY_DN4518_c0_g1_i1.p1	23.113	212	621	1363	4.08e-04	35.4
TRINITY_DN9946_c0_g2_i2.p1	TRINITY_DN54_c0_g1_i1.p1	22.358	246	621	1379	6.89e-07	44.3
TRINITY_DN9946_c0_g2_i2.p1	TRINITY_DN54_c0_g1_i1.p1	25.114	219	621	1379	1.24e-04	37.0
TRINITY_DN9946_c0_g2_i2.p1	TRINITY_DN12134_c0_g1_i3.p1	20.614	228	621	1395	1.24e-06	43.5
TRINITY_DN9946_c0_g2_i2.p1	TRINITY_DN18452_c0_g1_i1.p1	22.549	204	621	1399	1.66e-06	43.1
TRINITY_DN9946_c0_g2_i2.p1	TRINITY_DN18452_c0_g1_i1.p1	25.466	161	621	1399	1.08e-04	37.0
TRINITY_DN9946_c0_g2_i2.p1	TRINITY_DN254_c0_g1_i11.p1	28.125	96	621	1595	2.59e-05	39.3
TRINITY_DN9946_c0_g2_i2.p1	TRINITY_DN254_c0_g1_i11.p1	25.238	210	621	1595	4.98e-05	38.1
TRINITY_DN9946_c0_g2_i2.p1	TRINITY_DN10989_c0_g1_i5.p1	31.915	47	621	198	3.46e-05	37.4
TRINITY_DN9946_c0_g2_i2.p1	TRINITY_DN662_c0_g4_i1.p1	21.622	185	621	1345	4.20e-05	38.5
TRINITY_DN9946_c0_g2_i2.p1	TRINITY_DN1142_c1_g1_i12.p1	33.333	78	621	764	1.87e-04	36.2
TRINITY_DN9946_c0_g2_i2.p1	TRINITY_DN9037_c0_g1_i11.p1	37.736	53	621	851	7.43e-04	34.3
TRINITY_DN9986_c0_g1_i1.p1	TRINITY_DN9986_c0_g1_i1.p1	100.000	564	564	564	0.0	1160
TRINITY_DN9986_c0_g1_i1.p1	TRINITY_DN662_c0_g1_i2.p1	68.319	565	564	1516	0.0	773
TRINITY_DN9986_c0_g1_i1.p1	TRINITY_DN18452_c0_g1_i1.p1	30.537	596	564	1399	3.41e-79	264
TRINITY_DN9986_c0_g1_i1.p1	TRINITY_DN12134_c0_g1_i3.p1	28.365	624	564	1395	7.71e-57	198
TRINITY_DN9986_c0_g1_i1.p1	TRINITY_DN662_c0_g4_i1.p1	25.990	581	564	1345	1.65e-54	191
TRINITY_DN9986_c0_g1_i1.p1	TRINITY_DN5424_c0_g1_i1.p1	25.926	594	564	1366	4.47e-52	184
TRINITY_DN9986_c0_g1_i1.p1	TRINITY_DN254_c0_g1_i11.p1	37.805	328	564	1595	2.40e-51	182
TRINITY_DN9986_c0_g1_i1.p1	TRINITY_DN254_c0_g1_i11.p1	27.570	214	564	1595	2.27e-10	55.5
TRINITY_DN9986_c0_g1_i1.p1	TRINITY_DN9474_c0_g1_i1.p1	26.471	612	564	1452	1.49e-49	177
TRINITY_DN9986_c0_g1_i1.p1	TRINITY_DN9474_c0_g1_i1.p1	42.857	42	564	1452	3.28e-04	35.4
TRINITY_DN9986_c0_g1_i1.p1	TRINITY_DN4518_c0_g1_i1.p1	25.997	627	564	1363	2.93e-47	170
TRINITY_DN9986_c0_g1_i1.p1	TRINITY_DN4518_c0_g1_i1.p1	38.000	50	564	1363	6.57e-04	34.3
TRINITY_DN9986_c0_g1_i1.p1	TRINITY_DN54_c0_g1_i1.p1	28.329	353	564	1379	4.10e-42	154
TRINITY_DN9986_c0_g1_i1.p1	TRINITY_DN54_c0_g1_i1.p1	33.476	233	564	1379	1.37e-18	82.0
TRINITY_DN9986_c0_g1_i1.p1	TRINITY_DN9037_c0_g1_i11.p1	24.727	275	564	851	1.85e-18	81.3
TRINITY_DN9986_c0_g1_i1.p1	TRINITY_DN4426_c0_g1_i3.p1	22.222	315	564	707	9.53e-10	53.1
TRINITY_DN9986_c0_g1_i1.p1	TRINITY_DN4426_c0_g1_i3.p1	31.034	87	564	707	8.00e-09	50.1
TRINITY_DN9986_c0_g1_i1.p1	TRINITY_DN33353_c0_g1_i3.p1	19.512	287	564	849	2.26e-09	52.0
TRINITY_DN9986_c0_g1_i1.p1	TRINITY_DN33353_c0_g1_i3.p1	28.767	73	564	849	1.05e-05	40.0
TRINITY_DN9986_c0_g1_i1.p1	TRINITY_DN44328_c0_g1_i1.p1	24.545	110	564	114	1.16e-08	45.8
TRINITY_DN9986_c0_g1_i1.p1	TRINITY_DN16854_c0_g2_i2.p1	22.039	363	564	548	1.30e-06	42.7
TRINITY_DN9986_c0_g1_i1.p1	TRINITY_DN16854_c0_g2_i2.p1	23.750	80	564	548	9.54e-05	37.0
TRINITY_DN9986_c0_g1_i1.p1	TRINITY_DN1124_c0_g1_i10.p1	30.263	76	564	1273	5.78e-06	41.2
TRINITY_DN9986_c0_g1_i1.p1	TRINITY_DN1124_c0_g1_i10.p1	18.987	316	564	1273	2.13e-05	39.3
TRINITY_DN9986_c0_g1_i1.p1	TRINITY_DN20355_c0_g1_i13.p1	30.000	60	564	888	4.33e-05	38.1
TRINITY_DN9986_c0_g1_i1.p1	TRINITY_DN11773_c0_g1_i7.p1	27.941	68	564	768	6.47e-05	37.7
