GeneID	baseMean	log2FoldChange	lfcSE	stat	pvalue	padj
TRINITY_DN1_c0_g1_i103	128.61400556741	-2.28347719098741	0.603384606276217	-3.78444721200275	0.000154050599534026	0.00724775476582748
TRINITY_DN10_c0_g1_i10	174.95713556922	-11.027015013276	1.64179640130556	-6.71643268587221	1.86227276534828e-11	1.21983196997208e-08
TRINITY_DN10_c0_g1_i11	67.9072191449217	-9.66175441523281	1.6335375229821	-5.9146204352838	3.32641768724994e-09	9.12583252393653e-07
TRINITY_DN10_c0_g1_i19	178.890423702836	10.8919886236957	1.60522843636887	6.78532000612578	1.15829479072344e-11	8.15613276887911e-09
TRINITY_DN10_c1_g1_i2	39.2016934861121	8.70202438061649	1.82113665372694	4.77834783172799	1.76741443815407e-06	0.000177740197782023
TRINITY_DN10006_c2_g1_i5	14.1463207735585	7.23134499070802	1.85894113166952	3.89003442202256	0.000100230003498167	0.00509580916702053
TRINITY_DN1002_c0_g1_i11	74.1531982690508	9.62148036273516	1.65577556807719	5.81086020849332	6.21526471843453e-09	1.52225344399502e-06
TRINITY_DN1006_c2_g1_i12	25.7598763905037	-5.36302153111278	1.23035510810788	-4.35892166072313	1.30704886929339e-05	0.000936751614567879
TRINITY_DN1006_c2_g1_i6	13.0221120697935	7.1116697189452	1.91488990686682	3.71387916007216	0.000204106283642528	0.00908311579343981
TRINITY_DN1007_c0_g1_i3	24.5923393500673	-8.19590338983626	1.88468194252526	-4.34869311627969	1.36951192562299e-05	0.000973263403627347
TRINITY_DN10070_c0_g1_i15	5.50513963577653	5.8692503168153	1.83099208663301	3.20550283076765	0.00134826720600658	0.0390692326382525
TRINITY_DN10086_c1_g1_i1	7.65063667690462	6.34409738375313	1.75831130470396	3.60806267171287	0.000308491980416936	0.012780764580532
TRINITY_DN10106_c0_g1_i1	22.4603305000449	-7.09238413544017	2.00171787653954	-3.54314872168754	0.000395379662040902	0.0154099588021827
TRINITY_DN1011_c0_g1_i13	144.88267431596	-10.7546258508923	3.3855614664967	-3.17661515152489	0.00149004622266272	0.0419826361195581
TRINITY_DN10110_c0_g1_i1	36.9099974694347	8.61499377951782	2.26128063020463	3.80978533333928	0.000139087503971341	0.00664740718923666
TRINITY_DN10118_c0_g1_i2	5.89915165252399	-6.13441211740796	1.79240160310052	-3.4224540453415	0.000620585871609629	0.0219040371676151
TRINITY_DN10123_c0_g1_i1	8.1575093309557	-6.6055718308762	1.73276861181022	-3.81214882694313	0.000137763880677124	0.00659907731828549
TRINITY_DN10135_c0_g1_i10	22.2040423132079	7.88143659481429	1.99714722532143	3.9463473172569	7.93524835957436e-05	0.00419857617963252
TRINITY_DN10135_c0_g1_i5	16.6880146478947	7.46948693998991	1.69238318618408	4.41359084690022	1.01670025164473e-05	0.000756908703642966
TRINITY_DN1014_c0_g1_i5	44.8208812129832	-9.0618315481425	1.6516642692305	-5.48648518767336	4.10009785648531e-08	7.37113382194771e-06
TRINITY_DN1014_c0_g3_i2	36.4464752913833	8.59690898359655	1.67272212205104	5.13947228309224	2.75511126066396e-07	3.78538847648102e-05
TRINITY_DN1014_c6_g1_i1	27.2156336250343	-7.37061650764726	1.88899219300974	-3.90187769696581	9.54493838577684e-05	0.00489695327092515
TRINITY_DN10183_c0_g1_i13	58.1151509560914	9.26992138995039	1.77706640718416	5.21641811047399	1.82416165135505e-07	2.61694416326314e-05
TRINITY_DN1020_c0_g1_i8	510.927352017191	-2.96668988595553	0.577572819108563	-5.1364776662004	2.79935600870678e-07	3.83371124835828e-05
TRINITY_DN10205_c0_g1_i2	48.8345992678293	-5.98941058886086	1.28066085223407	-4.67681242728124	2.91368544596214e-06	0.000269071686134327
TRINITY_DN10247_c0_g1_i3	11.5019234948841	-7.09992858783663	1.72585982899329	-4.11385007551747	3.89114206048025e-05	0.00231056726511919
TRINITY_DN1025_c0_g1_i12	999.114255273716	-9.89765681845008	1.71814353505092	-5.7606693600001	8.378101712331e-09	1.97195776737756e-06
TRINITY_DN10253_c0_g1_i11	9.09916708055975	-6.76348703496776	1.74270177196745	-3.88103526590899	0.000104012755514449	0.00524708645699099
TRINITY_DN10256_c0_g1_i1	5.97667107012999	5.98762230401471	1.78557510918597	3.35332984493966	0.000798454909458391	0.0265516894684829
TRINITY_DN10298_c1_g1_i2	22.4500924227589	7.89792306399259	1.69007477477903	4.67312049256828	2.96657606462058e-06	0.000272971703401504
TRINITY_DN103_c0_g1_i11	287.0488241869	-11.7410101558878	3.63418842486723	-3.23071034939986	0.00123483005876812	0.0366364713152348
TRINITY_DN103_c0_g1_i22	912.90023489592	-13.4101703369543	3.61093194057567	-3.71376989587248	0.000204194473011284	0.00908311579343981
TRINITY_DN103_c0_g1_i26	174.081083348022	-11.0196848288381	1.67198556337671	-6.59077749845099	4.37529182899628e-11	2.41636215010802e-08
TRINITY_DN103_c0_g1_i30	79.651486502227	9.72460156500458	1.85512841862967	5.24200991551187	1.58836832547312e-07	2.31803016866714e-05
TRINITY_DN1030_c1_g1_i3	4.65442519961372	-5.79277808213967	1.80131530167132	-3.21586014217773	0.00130054196520355	0.037920357134496
TRINITY_DN10302_c0_g2_i11	140.508706271319	-10.7105277908011	1.69091911071228	-6.33414556790327	2.38660112036574e-10	9.98331789448833e-08
TRINITY_DN10302_c0_g2_i3	7.99266369605158	6.40697372211533	1.79260807108666	3.57410737207688	0.000351424708708638	0.0141808429018445
TRINITY_DN10333_c1_g2_i4	10.5478663349534	-6.97474928111955	1.68505542078594	-4.13918094033158	3.48547974885892e-05	0.0021112262926099
TRINITY_DN1034_c2_g1_i8	16.7171127863868	-7.63984988891602	1.93554534530295	-3.94713040821073	7.90934806789369e-05	0.00419274838796036
TRINITY_DN1034_c3_g1_i9	7.99094620241279	-6.57302656030194	1.80886311081403	-3.63378882625558	0.000279289478288234	0.0118115126808805
TRINITY_DN10350_c2_g4_i1	12.962298022177	-4.33857877404335	1.26529432404067	-3.42890874606018	0.000606013247481729	0.0215245512340106
TRINITY_DN10360_c0_g3_i1	9.22001685459503	6.61398276029423	2.0777009000768	3.183318041615	0.00145597592402652	0.0413258493881066
TRINITY_DN10367_c0_g1_i3	7.57300972509332	-6.49576251763912	1.72954239750043	-3.75576946077005	0.000172809715763197	0.00794454589910698
TRINITY_DN10367_c0_g1_i6	4.60934825757281	-5.77981213069142	1.78992238294195	-3.22908534234408	0.00124186829127686	0.0367664078513587
TRINITY_DN10383_c0_g1_i6	27.0781234213414	-8.33521442598604	1.64060017964453	-5.08058851230409	3.76267365346842e-07	4.92164703360332e-05
TRINITY_DN10388_c0_g1_i7	5.54649975797958	-6.04841792280992	1.78348444184271	-3.39134885671368	0.000695495120796981	0.0239088473218484
TRINITY_DN10396_c0_g1_i1	6.17065886153288	6.03518212240704	1.80002654932363	3.35282950391748	0.000799899646046465	0.0265892684074092
TRINITY_DN10396_c0_g2_i3	7.11675567952886	-6.40738618766203	1.72288457751561	-3.71898748835598	0.000200022958123805	0.00895683090383957
TRINITY_DN10406_c0_g1_i22	6.91180450208736	-6.36368396688331	1.76187348358211	-3.61188475005886	0.000303979664641042	0.0126343697505355
TRINITY_DN10406_c0_g1_i9	14.2306047470858	7.23965373335609	1.70842766108523	4.23761210279007	2.25909630016799e-05	0.00148169445624274
TRINITY_DN10442_c1_g1_i3	10.0328471861159	6.73501639887775	1.87826870019972	3.58575767043428	0.00033610095568071	0.0137064954406895
TRINITY_DN10452_c0_g4_i4	9.06671544087435	-6.75527627562803	1.97834175417115	-3.4146154279892	0.000638721236127401	0.0223944676391258
TRINITY_DN10455_c0_g1_i10	17.4960192522932	6.56385675178184	1.93206365683013	3.39732944542362	0.000680469910452285	0.0234304590437641
TRINITY_DN10455_c0_g1_i21	25.0315228115346	5.1525210940262	1.53352372063777	3.35992265700548	0.000779642953923694	0.0260904040873839
TRINITY_DN10455_c0_g1_i5	17.0814126677978	7.50332153545249	2.08417955337473	3.600132015163	0.000318055658034592	0.0131033968759663
TRINITY_DN10470_c0_g1_i2	11.2747374441387	-7.06899258023939	2.11226598555836	-3.34663940458747	0.000817975389894464	0.0271048174491382
TRINITY_DN10515_c1_g2_i1	4.78169238395356	-5.83279201202333	1.78033229136919	-3.27623783509399	0.00105199930121595	0.0324897064890884
TRINITY_DN10538_c0_g1_i5	732.036775312186	12.9248115225927	1.65558187583425	7.80680902059274	5.86540445961408e-15	1.81510402001376e-11
TRINITY_DN10542_c0_g3_i2	5.97788450223729	-6.1576800515838	1.82116113091606	-3.38118354661262	0.000721743140603592	0.0246407482402919
TRINITY_DN10556_c0_g2_i2	6.21446435478146	-6.21267607906937	1.74969554858601	-3.55071834302261	0.000384181318405713	0.0151664081925334
TRINITY_DN10571_c0_g1_i3	17.0789280510963	6.52860504528209	1.62053774097413	4.02866584357217	5.6094282982467e-05	0.00314313973703746
TRINITY_DN10576_c0_g1_i6	61.1308926501876	9.34299357404914	1.92200119878244	4.86107583073714	1.16749517117781e-06	0.000126249713297599
TRINITY_DN10579_c1_g3_i4	21.4920984613514	7.83469823021227	1.8425183083153	4.25216845599536	2.11710508873792e-05	0.00141081345258815
TRINITY_DN1058_c0_g3_i1	84.3872254868641	-9.97504080590431	1.63314829248436	-6.10785980171475	1.00975990158308e-09	3.20762000616418e-07
TRINITY_DN10588_c0_g1_i1	1472.13572207393	-7.70216025613739	0.727677536249983	-10.5845788449507	3.51357239867148e-26	2.96889840542943e-21
TRINITY_DN10588_c0_g1_i7	851.078247997589	6.96155882448866	0.988826186361217	7.0402249864625	1.91929670779164e-12	1.9306753954164e-09
TRINITY_DN1059_c0_g1_i15	38.4399429875695	-8.84105686586585	1.70909716181214	-5.17293987925868	2.30439176661569e-07	3.21845447099988e-05
TRINITY_DN106_c0_g1_i25	741.549709039392	25.1646138615622	3.75232017913414	6.70641434105153	1.99464844732715e-11	1.29649080386346e-08
TRINITY_DN1062_c0_g1_i15	718.650514844883	12.8981652517242	1.91235840258882	6.74463805229376	1.53408965881835e-11	1.04538312895833e-08
TRINITY_DN1062_c5_g1_i12	162.870895761814	10.7565730424229	1.91179353473552	5.62643028495806	1.83977090954454e-08	3.73694620948785e-06
TRINITY_DN1062_c5_g1_i26	120.151783662136	8.38266894484854	2.48669306033485	3.37101071240363	0.000748929455067197	0.0252828769853248
TRINITY_DN1062_c5_g1_i29	327.46059439814	5.5425654997998	1.78152804827361	3.11113008025376	0.00186372820471555	0.0496838264438556
TRINITY_DN1062_c5_g1_i30	59.0490312934718	7.33131714047194	1.77690039251043	4.12590214475339	3.6928427480659e-05	0.00221303423068136
TRINITY_DN10639_c0_g1_i1	10.2290257594568	-6.93108981349921	1.8293062257089	-3.78891719499466	0.000151305331869836	0.00714741382315287
TRINITY_DN10639_c0_g1_i16	20.6846537623402	7.77986011588198	1.7958409422803	4.33215433099735	1.47657376582384e-05	0.00104065504427798
TRINITY_DN10639_c0_g1_i18	23.8959070980659	-8.15503809601601	1.74797453055615	-4.66542157992505	3.07984938682191e-06	0.000281646226718266
TRINITY_DN1065_c1_g1_i1	7.65519996739225	-6.51230387580756	1.71729970916868	-3.79217666027562	0.000149332618388993	0.00706512183014172
TRINITY_DN10652_c0_g2_i6	8.51185272462494	-5.68175567285217	1.62182012189256	-3.50332049538386	0.000459496237574753	0.0172533878476727
TRINITY_DN1066_c0_g1_i11	17.6591609647072	7.5513392707939	2.16294329348102	3.49123312365756	0.000480796534287904	0.017912850773483
TRINITY_DN10673_c0_g1_i8	10.0962715241431	-5.93020673532297	1.63353012638927	-3.63030141870171	0.000283090435213953	0.0119483394578964
TRINITY_DN1068_c0_g1_i3	16.1718241940058	-7.59288272309345	1.75268557318503	-4.33214196502766	1.47665672334174e-05	0.00104065504427798
TRINITY_DN10686_c0_g3_i2	7.14387810543425	-6.41063799055499	1.79282190550786	-3.57572493445132	0.000349258729026717	0.0141339387381703
TRINITY_DN1069_c0_g1_i9	191.408483735336	2.38967192316534	0.587948129733527	4.06442643885677	4.81507215496467e-05	0.00276966621477334
TRINITY_DN1070_c0_g1_i29	5.19851717902249	5.7865069161441	1.80296485238805	3.20943966737887	0.00132993954355881	0.0386574583940944
TRINITY_DN10707_c0_g2_i2	10.3349515157291	-6.94565893207748	1.69524275556321	-4.09714709547301	4.18273134237079e-05	0.00245098774596149
TRINITY_DN10707_c0_g2_i4	9.63362110047221	6.67672165201868	1.73669740110738	3.8444933744712	0.000120801748659194	0.00593114826159476
TRINITY_DN1071_c0_g1_i30	297.908259189568	5.84627876254657	1.60638111913992	3.63940953543874	0.00027326391442366	0.0116206614197133
TRINITY_DN10714_c0_g1_i8	19.1140736755275	-3.23739170343986	0.974601017754906	-3.32176105345912	0.000894512614322299	0.0289263401779585
TRINITY_DN10718_c0_g1_i4	16.7207111402796	-7.63935015872473	1.66489347082073	-4.58849187207084	4.46459687324077e-06	0.000385735691815029
TRINITY_DN1074_c0_g1_i4	30.083489369039	-8.48688773487364	1.66393367234398	-5.10049641757545	3.38763793264409e-07	4.48206759926059e-05
TRINITY_DN10740_c0_g1_i10	7.22179411464376	6.26203422698782	1.81206095285902	3.45575253255568	0.000548758880891914	0.019926526823208
TRINITY_DN10740_c0_g1_i16	24.4254452475057	8.01894595375035	2.34514773815036	3.41937773185879	0.00062764532303773	0.0221254795603013
TRINITY_DN10765_c0_g1_i5	5.70764874202073	-6.08706262778575	1.77373764395785	-3.43177168761177	0.00059965215451482	0.0213524685007136
TRINITY_DN10773_c0_g1_i1	7.14042071284863	-6.41191813233897	1.72521303433024	-3.71659499710897	0.000201925738757895	0.00902768310770613
TRINITY_DN10778_c0_g1_i1	6.48492600702693	-6.27051879847268	1.80197731674654	-3.47979896317124	0.000501790163536539	0.0186129346964489
TRINITY_DN1079_c0_g1_i13	15.7384355714325	7.38500708551722	2.28465894390526	3.23243305317761	0.00122740892173713	0.0364803373439831
TRINITY_DN1079_c0_g1_i6	27.1276361319261	-8.3379533673383	1.63611940405821	-5.09617656673282	3.46581896869024e-07	4.57585580025606e-05
TRINITY_DN108_c0_g1_i18	85.4288436833909	-9.99282378303862	1.69648469989236	-5.89031176271302	3.85467718792241e-09	1.03730099689512e-06
TRINITY_DN10809_c0_g1_i14	23.3554679581741	7.95430690902549	1.92336930167512	4.13561082736312	3.54011709047707e-05	0.00213666295650808
TRINITY_DN10822_c0_g3_i4	10409.6032367972	-9.10313414248317	1.83425794884041	-4.96284295686877	6.94687508408974e-07	8.17544639074394e-05
TRINITY_DN10823_c0_g2_i3	6.39150112083569	6.08503159657219	1.75509440779625	3.46706796485821	0.000526168830980165	0.0193518634537142
TRINITY_DN1084_c1_g1_i7	140.255384669804	10.5408489080192	3.37843999686982	3.12003437023757	0.00180829939053379	0.048476421923009
TRINITY_DN1084_c2_g3_i7	25.5535618048869	8.08435628304376	2.27936843177515	3.54675276289044	0.000390010412889258	0.0152728775115094
TRINITY_DN1084_c6_g1_i1	87.950610978795	-4.9794721950486	1.12544369807442	-4.42445251021287	9.66871689796783e-06	0.000724922129941869
TRINITY_DN10857_c0_g1_i18	7.60378797713084	6.33461629393853	1.90819198457171	3.31969547359792	0.000901156909379156	0.0290705644139375
TRINITY_DN1086_c0_g4_i1	394.553567198378	6.01822417827339	1.65995651746224	3.62553122022384	0.000288368053745163	0.0121013395311798
TRINITY_DN10869_c2_g1_i3	6.99543101328353	6.21534736842434	1.75759439176436	3.53628083791567	0.000405803051257449	0.0157147324588231
TRINITY_DN10885_c0_g1_i7	12.4482950196414	6.06223624513501	1.94992661881799	3.10895609436309	0.00187749616164139	0.049962595770124
TRINITY_DN10887_c0_g1_i2	4.82676932599447	-5.84531005377644	1.79150659591695	-3.26279013825491	0.00110321181617534	0.0335962883533839
TRINITY_DN10903_c1_g1_i10	6.28592032605358	6.06218009841252	1.86861796029052	3.24420519723037	0.00117778865303811	0.0352785486013522
TRINITY_DN10907_c0_g1_i1	16.7952853011437	7.47945958698079	2.03342172173454	3.67826285469239	0.000234827886732708	0.0102175524063545
TRINITY_DN10912_c0_g1_i2	5.6637921980589	-5.07708264417546	1.61316676849399	-3.14727698545098	0.00164798767087198	0.0454328270680971
TRINITY_DN10923_c0_g1_i11	8.27598990892991	-6.62332489305144	2.09673803181083	-3.15887096650374	0.00158381596806534	0.0440662764799425
TRINITY_DN10939_c0_g1_i47	34.9778379829244	-8.70443988667548	2.04690544564799	-4.25248753193869	2.11408990321084e-05	0.00141081345258815
TRINITY_DN10941_c0_g1_i8	13.2215405127699	-7.30300318137905	2.01337297837382	-3.62724803591911	0.000286458087085375	0.0120663686154237
TRINITY_DN10952_c0_g1_i1	7.34439351433205	-6.45051063510112	1.7868928228756	-3.60990348862698	0.000306310953920702	0.0127125063774025
TRINITY_DN1096_c0_g1_i3	85.2395802499644	-8.10066409728485	1.45422424274689	-5.57043670375313	2.54101619231687e-08	4.91329030248034e-06
TRINITY_DN10977_c0_g1_i1	10.6227657599192	-5.09587676247229	1.56084115472811	-3.26482726767925	0.00109530849049923	0.0334482749657405
TRINITY_DN1099_c0_g1_i6	45.3327958203062	-9.07801589492917	1.8080032015015	-5.02101759963153	5.13984492540318e-07	6.3402425767404e-05
TRINITY_DN10999_c0_g1_i2	6.17164053733918	-6.20332616329322	1.79178605325796	-3.46209088524485	0.000535996121702634	0.0195639742080472
TRINITY_DN11001_c0_g1_i5	5.52734097385708	-6.04396791673435	1.76681012505876	-3.42083613344323	0.000624289355251288	0.0220255540459388
TRINITY_DN1102_c0_g1_i6	109.574129823803	-10.3516871720934	2.13957628340734	-4.8381949512022	1.31023595226705e-06	0.000138563601370039
TRINITY_DN1104_c7_g1_i1	798.381739501189	-13.2169481521961	1.8212538561185	-7.25705980404312	3.95594832167506e-13	6.07763129608908e-10
TRINITY_DN11058_c1_g1_i2	10.7174973122188	6.83127288155597	1.71743332041436	3.97760588452297	6.96126271045022e-05	0.00377301331948443
TRINITY_DN11069_c0_g1_i11	17.8084984856635	-7.73173637640523	1.7698352464641	-4.36861927789733	1.25034521495316e-05	0.000903778186254169
TRINITY_DN11069_c0_g1_i15	22.7453107220969	7.91643958201727	1.86946010693979	4.23461273799315	2.28945905771392e-05	0.001496169462171
TRINITY_DN1107_c0_g1_i10	25.4573576315374	8.07934498834622	1.78617723740772	4.52326052484678	6.08942097701769e-06	0.000502448884206935
TRINITY_DN1107_c2_g1_i3	14.5921651198453	7.27576997634513	1.78655721046983	4.07250880839787	4.65094406969771e-05	0.00268623015722021
TRINITY_DN11086_c0_g1_i6	5.53402986699942	-6.04741817559085	1.92539267749037	-3.14087523355147	0.00168443774509313	0.0460333316210532
TRINITY_DN11087_c1_g1_i3	6.68867334698177	6.15072041540653	1.97106884392966	3.12050004460728	0.00180544270623601	0.0484459503942617
TRINITY_DN11105_c0_g1_i16	485.820766724417	12.3331918622865	3.5194214288704	3.50432368261309	0.000457768587849905	0.017221963551265
TRINITY_DN11105_c0_g1_i3	172.68857457803	10.8409615341402	3.40204868014165	3.18659800414404	0.00143956706752455	0.0409702048069011
TRINITY_DN1111_c0_g1_i12	11.8423970194938	-5.26146006377723	1.60003659257529	-3.2883373344036	0.00100781004356405	0.0314623993870249
TRINITY_DN1111_c1_g1_i12	13.8031049907581	-7.36381484987956	1.72887585888747	-4.2593080422895	2.05060712911647e-05	0.0013784582434056
TRINITY_DN1111_c1_g1_i3	8.10200186524885	6.42696919069908	1.85484034094351	3.46497164679406	0.000530287383612708	0.0194387726629384
TRINITY_DN1111_c1_g1_i9	12.3985043024472	-7.20877074664557	1.69800765157648	-4.24542889424129	2.1817569047691e-05	0.00144429997866107
TRINITY_DN1114_c0_g1_i11	250.085276769421	-11.5422177956358	1.88844516523284	-6.11202168224603	9.83768135653782e-10	3.16070113788872e-07
TRINITY_DN1115_c0_g1_i2	69.5132921358368	9.52820566206142	1.63898452714238	5.81348115511142	6.11868629011156e-09	1.5117448951516e-06
TRINITY_DN11150_c0_g1_i1	635.288105416457	12.7201717269244	3.56523613257993	3.56783429032502	0.000359944012286545	0.0143965923676497
TRINITY_DN11160_c2_g1_i3	4.36826215583137	-5.7040459068403	1.82781152160197	-3.12069698621936	0.00180423581429194	0.0484372005542104
TRINITY_DN11168_c0_g1_i2	8.42878925084177	5.48859960067199	1.56707111069315	3.50245726771407	0.000460987722484419	0.0172661970631598
TRINITY_DN1119_c0_g1_i15	106.619360182276	10.145364840039	1.65312268077511	6.13709131090146	8.40460829180234e-10	2.81814520412982e-07
TRINITY_DN1119_c0_g1_i21	1290.97403785199	-8.04781329915672	2.15927814465425	-3.72708505343825	0.000193707104404767	0.00870168150345243
TRINITY_DN1119_c0_g1_i25	149.516462165453	8.76383477369458	1.85968086909012	4.71254768458334	2.44638809504714e-06	0.00023624560143462
TRINITY_DN1119_c0_g1_i27	411.977968980629	12.0954795766716	1.71245229788973	7.06325051598631	1.62652099325462e-12	1.71797213610036e-09
TRINITY_DN1119_c0_g1_i29	420.007368492322	12.123328217566	1.78331775056277	6.79818737504303	1.05943610222082e-11	7.79178518890231e-09
TRINITY_DN1122_c0_g1_i9	36.6714103316528	-8.77322063452579	1.72010657500488	-5.10039363956323	3.38947808933645e-07	4.48206759926059e-05
TRINITY_DN1122_c3_g1_i10	70.3120588224011	-9.71196406683541	1.69080639295369	-5.74398352603189	9.24747887483412e-09	2.13495483597195e-06
TRINITY_DN1122_c3_g1_i9	25.1428579526518	8.06116069347174	1.91332310642605	4.2131727079434	2.51808369425643e-05	0.00162174570119878
TRINITY_DN11224_c0_g1_i1	36.0665121402568	8.58180377757677	1.74049548914317	4.93066706067793	8.19492997430433e-07	9.42115908801043e-05
TRINITY_DN11243_c0_g1_i11	13.4666062718084	-7.32618905155036	1.86615943445741	-3.92581090140376	8.64380435204834e-05	0.00451411730617664
TRINITY_DN11243_c0_g1_i16	13.9504343049657	7.21089865612296	1.72515889236075	4.17984609304908	2.91706453731443e-05	0.00182312218397925
TRINITY_DN11243_c0_g1_i20	6.45815041794036	6.09942827438822	1.93549257101002	3.15135710968153	0.00162513658550334	0.0449201148844819
TRINITY_DN1127_c2_g1_i13	62.8608461065605	-9.55037806364774	1.63720340909121	-5.83334850795907	5.43259316261455e-09	1.37438100914552e-06
TRINITY_DN1127_c4_g1_i2	50.3142699064854	-9.22881513914183	1.64175351260749	-5.62131590903942	1.89508368196207e-08	3.82427724997757e-06
TRINITY_DN11280_c1_g1_i14	9.84932191966055	-6.87791952731033	1.82143911652983	-3.77609082010603	0.000159308923934145	0.00744128549175642
TRINITY_DN1129_c0_g1_i18	73.6723034858056	-6.9452404309868	1.95371177780591	-3.55489510268837	0.000378129914377605	0.0149930154303421
TRINITY_DN11293_c0_g1_i1	38.2673063098413	8.66689034299484	2.58611680512807	3.35131434350106	0.000804289487598105	0.0267059226481276
TRINITY_DN11300_c0_g1_i2	25.9569808681565	-8.27483955717566	1.80404262557892	-4.58683150821908	4.50023579621478e-06	0.000388021351335262
TRINITY_DN11306_c0_g1_i4	5.15958568134504	5.77635999043462	1.80240113552006	3.20481377679999	0.0013514989067678	0.03913168076024
TRINITY_DN1131_c0_g1_i11	10817.6861288638	4.95641434105916	1.45862105884243	3.39801370000281	0.000678770208633085	0.0234100918730932
TRINITY_DN1131_c0_g1_i2	13156.5957385815	6.47755248457398	1.90650585352135	3.39760429930484	0.000679786693127444	0.0234164761499726
TRINITY_DN1131_c0_g1_i5	5188.22583793457	6.3401430501934	1.56524564346909	4.05057383590067	5.10921844190841e-05	0.00291504888524225
TRINITY_DN1131_c0_g1_i8	21202.1433343142	4.51214220603455	0.987545051612854	4.56904948150502	4.89941112982056e-06	0.000416908803270471
TRINITY_DN1131_c0_g1_i9	117976.80644904	3.97533286270163	0.768782788129621	5.17094415234406	2.3291417499657e-07	3.23697071691779e-05
TRINITY_DN1131_c0_g2_i4	710.32174451988	9.00667662491928	2.56765124898045	3.50774920406172	0.00045191486768761	0.0170502092911031
TRINITY_DN1131_c0_g2_i5	976.676712059522	8.0132757115093	1.7996741167655	4.45262597092373	8.48264439086883e-06	0.000656981196828262
TRINITY_DN1131_c1_g1_i17	13751.5648865731	3.94403585227586	1.18980633687628	3.31485530883165	0.000916905713665131	0.0294217831475428
TRINITY_DN1131_c1_g1_i7	7480.26726446246	6.06897457117521	0.919593240344173	6.59962938494828	4.12186888927226e-11	2.29137945661663e-08
TRINITY_DN11314_c0_g1_i2	12.611346617186	7.0651590780648	2.19928332658591	3.21248244492105	0.00131593190447877	0.0382766313475551
TRINITY_DN11314_c0_g1_i3	28.0916798390205	-8.38713125941617	1.98422441526434	-4.22690659125814	2.36925961952546e-05	0.00153879861130409
TRINITY_DN1134_c0_g1_i1	43.8080289583736	8.86220337448394	1.64142089526523	5.39910476346895	6.69742576911584e-08	1.10964526007598e-05
TRINITY_DN11341_c0_g2_i2	9.65746153290596	-4.92988819666239	1.52204304723644	-3.23899393359048	0.00119952124747612	0.0357646952608459
TRINITY_DN11348_c0_g1_i3	7.2587458794475	-6.43459092841581	1.80167396515118	-3.57145135739134	0.000355008488140083	0.0142981445332987
TRINITY_DN11381_c0_g1_i1	11.6843994569246	-7.1228297823312	1.96460437057292	-3.6255797294465	0.000288313923579851	0.0121013395311798
TRINITY_DN1139_c0_g1_i4	148.933139258402	-10.7946355078596	1.64262853638813	-6.57156214489934	4.97900972859707e-11	2.71964182088514e-08
TRINITY_DN1141_c0_g1_i25	178.273096226832	-11.0539316899682	1.64961495682798	-6.70091626183095	2.07116710285966e-11	1.33485996317722e-08
TRINITY_DN1141_c0_g1_i5	136.622774287847	-10.6701573131065	1.66580435336705	-6.40540846921138	1.49967333153297e-10	6.77643835122314e-08
TRINITY_DN1143_c1_g2_i6	8.2633646065744	-6.62467424645939	1.75357204040394	-3.77781698944822	0.000158209067260951	0.00741450347499492
TRINITY_DN1143_c2_g1_i12	15.755265341323	7.38691773944619	1.65734876053594	4.45706897385765	8.30878755308411e-06	0.000647074590470508
TRINITY_DN1143_c2_g1_i13	13.9689861160254	-7.3789092572499	1.73731610147117	-4.24730378714697	2.16358503833028e-05	0.00143640896338459
TRINITY_DN11440_c1_g1_i1	8.21054991477951	-6.61283574143647	1.72601367849531	-3.83127655581579	0.000127480115742421	0.00619662317282226
TRINITY_DN11447_c1_g1_i6	12.0310285804219	-3.87431056814902	1.1762028562695	-3.29391358599227	0.00098802868398171	0.0310589463315054
TRINITY_DN1145_c0_g3_i1	690.817757215439	-5.12963596713325	1.47951943925196	-3.46709602526532	0.000526113904545992	0.0193518634537142
TRINITY_DN1145_c1_g1_i6	99.9322227265172	5.99619281200365	1.58764028068284	3.77679559089083	0.000158859001508421	0.00742437384372708
TRINITY_DN11455_c0_g1_i1	8.56891232650817	-6.67233845210128	1.87587256538557	-3.55692522787646	0.000375220898509367	0.0148933293654959
TRINITY_DN1146_c0_g1_i14	49.4379202692436	9.03657349711882	1.78284837908087	5.0686158190174	4.00719119594959e-07	5.17736455161083e-05
TRINITY_DN11465_c1_g1_i2	5.69292572644193	-6.08614917517548	1.84304586647477	-3.30222339328785	0.000959216427096055	0.0303678792269623
TRINITY_DN11470_c0_g1_i2	7.73986922631873	-6.52522049398167	1.9382206946606	-3.36660345850052	0.000761000305732025	0.0255737975474856
TRINITY_DN11499_c0_g1_i9	9.16017130616646	-6.77012899297872	1.72327323583066	-3.92864512267281	8.54257930514399e-05	0.00446954096672481
TRINITY_DN115_c0_g1_i103	412.853728892538	-12.2653942993383	3.48320856202162	-3.5212919585325	0.000429449500331815	0.0164197393117818
TRINITY_DN115_c0_g1_i12	206.649013328728	-11.2669691026977	3.40383968948101	-3.31007630515515	0.000932705408789463	0.0297964996717928
TRINITY_DN11516_c0_g1_i7	19.0872476995822	-7.83082450602121	1.69286437436731	-4.62578374534458	3.73184519950295e-06	0.000331125354520298
TRINITY_DN1154_c0_g1_i4	12.607961729086	-7.23346049002521	1.70754742918903	-4.23616958825011	2.27365081673834e-05	0.001489294160564
TRINITY_DN1154_c0_g1_i7	25.7474543667069	8.0951366224905	1.84404303339839	4.38988487571895	1.13410686006591e-05	0.000831855568245219
TRINITY_DN1154_c0_g1_i9	20.3455778308061	-7.92240118730287	1.6579271784674	-4.7784976868685	1.76609794564356e-06	0.000177740197782023
TRINITY_DN11545_c1_g1_i1	47.6247111525286	8.98254986622501	1.89665180617652	4.736003644408	2.17973669254655e-06	0.000213917991924272
TRINITY_DN11570_c0_g1_i2	13.9270115427673	7.2086938051404	2.17807382737355	3.30966458278096	0.000934078324608076	0.0298217808788427
TRINITY_DN11576_c0_g1_i2	152.70740606828	-10.8306695207813	1.87545797927153	-5.77494651465778	7.69775332274343e-09	1.83741457702027e-06
TRINITY_DN11576_c0_g1_i5	45.9717993973335	-9.0986652448895	2.07553297361455	-4.38377292028472	1.16641358398576e-05	0.000849651853617492
TRINITY_DN11576_c1_g1_i17	40.4834652574046	8.74823842410637	1.86767578845991	4.6840241106944	2.81296897712585e-06	0.000261939189572155
TRINITY_DN11586_c0_g1_i7	15.675045025557	-6.57039678228321	1.8667774617641	-3.51964651216337	0.000432122296262568	0.0165034452802391
TRINITY_DN11586_c1_g1_i2	6.36441621380513	6.07923273431416	1.80175198910008	3.37406744717986	0.000740662176992514	0.0251141543465142
TRINITY_DN11587_c0_g4_i1	5.54424663338095	-6.04770277309673	1.83857074405816	-3.28935005228466	0.00100419047218873	0.0313918189119509
TRINITY_DN1159_c0_g1_i14	164.825863835831	5.83505951913201	1.41367831249377	4.12757235331622	3.66613097730291e-05	0.0022011673440098
TRINITY_DN1159_c0_g1_i9	132.047863322013	-10.621073158577	1.62748793296478	-6.52605340011871	6.75252543746840e-11	3.56182886209623e-08
TRINITY_DN1160_c0_g1_i6	8.18335499130059	6.44260784851435	2.01254862012168	3.20121848689789	0.00136847722906099	0.0395193400209145
TRINITY_DN11615_c0_g1_i3	45.8132762862155	2.26847850973067	0.710728133120009	3.19176687121182	0.00141405413825715	0.0405572843488174
TRINITY_DN1162_c0_g1_i30	166.605198183409	-5.37958643753763	1.55283765802815	-3.46435856299931	0.000531497550529549	0.0194549164675554
TRINITY_DN11645_c0_g1_i3	5.32464292101422	-5.98780859225428	1.83279563636318	-3.26703560039891	0.00108680012692288	0.0332454168064985
TRINITY_DN11649_c0_g1_i5	15.3448623620168	7.34834975142572	1.73295706202412	4.24035304304813	2.23168504178775e-05	0.00146749356156406
TRINITY_DN11651_c0_g1_i6	24.4793578473166	-8.18994174212208	1.68318207973176	-4.86574913120942	1.14024077324121e-06	0.000123840700330766
TRINITY_DN1167_c1_g1_i4	53.0294651668669	9.13766010328521	2.00813176973267	4.55032893807644	5.35621166596653e-06	0.000452137036314525
TRINITY_DN11681_c0_g2_i2	4.54285940681076	-5.7606398965384	1.79078350876708	-3.21682652779424	0.00129616944420539	0.0378700649396978
TRINITY_DN1169_c0_g1_i6	8.48770046016731	-6.66011643399024	1.87649051480768	-3.54924066038929	0.000386343813784875	0.0152050673391683
TRINITY_DN1170_c0_g1_i3	21.1423145798061	-7.97929983165809	2.10736627272195	-3.78638489898187	0.0001528548494929	0.00719951453313885
TRINITY_DN1170_c0_g2_i14	10.1828150300825	-6.92514054461756	1.78521674121634	-3.87915953549663	0.000104817996411092	0.00528140194439143
TRINITY_DN1170_c1_g1_i1	22.6608708196369	-8.07733499005893	2.05396465557584	-3.93255792797194	8.40467172673738e-05	0.00440283912936054
TRINITY_DN11708_c0_g1_i19	94.4959939007534	-10.1380793482247	1.89452168093724	-5.35126066396309	8.73436011687001e-08	1.39442796458544e-05
TRINITY_DN1171_c0_g1_i48	160.074883679306	5.70926481159944	1.46635003917599	3.89352109596407	9.87996061299953e-05	0.00503824328230075
TRINITY_DN1172_c0_g1_i21	105.423070770272	-4.88969431172364	1.51798048605856	-3.22118390626994	0.00127662199800867	0.037494614385727
TRINITY_DN1174_c1_g1_i2	145.78189595378	-6.36035109522995	1.97237104403485	-3.22472341827665	0.00126094424755797	0.0371503720467758
TRINITY_DN1174_c1_g1_i6	25.469449845495	8.07945644695835	2.06940478753615	3.90424169095395	9.45212856181334e-05	0.00486410450192512
TRINITY_DN1176_c0_g1_i41	31.1959013464437	-8.53859113675692	1.84592910791838	-4.62563329226967	3.73455540791313e-06	0.000331125354520298
TRINITY_DN1177_c0_g1_i20	21.4869768971828	7.83416027750306	2.34208915490322	3.34494537114527	0.000822987786331811	0.0272175428451919
TRINITY_DN1177_c0_g1_i29	53.4949277888188	-9.31746509236559	2.05430531012715	-4.53557951996381	5.74455284316548e-06	0.000479173964601971
TRINITY_DN11771_c0_g1_i1	27.9124479568599	8.21178392428747	1.6747000188936	4.90343573872568	9.41747605740533e-07	0.000105119932879608
TRINITY_DN11773_c1_g1_i6	24.1309115020981	-8.16783494669689	1.92308363483117	-4.24725934887069	2.16401407179884e-05	0.00143640896338459
TRINITY_DN11785_c0_g1_i13	38.4366671546249	8.67331243924757	2.07827180998432	4.17332920438016	3.00180710802043e-05	0.00186642161157844
TRINITY_DN11785_c0_g1_i44	26.3037108035559	-8.29429540957251	1.79720725852853	-4.61510233180535	3.92901675286051e-06	0.000345080500590946
TRINITY_DN1179_c0_g1_i16	55.8179126196975	-9.37837510174417	2.00416533292819	-4.67944183429311	2.87656949412731e-06	0.000266354471652623
TRINITY_DN1179_c0_g1_i17	122.757724237358	6.59072588143408	1.2445757988798	5.29556005135738	1.18652192499225e-07	1.79353720246861e-05
TRINITY_DN1179_c0_g1_i7	77.8497479333995	-9.85841488847389	1.78557881667339	-5.52113118525932	3.36824182091776e-08	6.18716733443281e-06
TRINITY_DN11791_c0_g1_i10	8.61988431652715	6.51689938434832	1.92330098675982	3.38839288765059	0.000703034817967108	0.0241091867080295
TRINITY_DN11791_c0_g1_i9	7.78817766891635	-6.53577419595837	1.74030160453217	-3.75554109640398	0.00017296737454978	0.00794746993730687
TRINITY_DN11798_c0_g1_i3	7.34214038973342	-6.44998599119727	1.7764373792072	-3.63085469079456	0.000282484201555427	0.0119287106761771
TRINITY_DN118_c0_g1_i51	16.4015584371499	7.44462202827419	2.09612423950029	3.55161296643798	0.000382877596542512	0.0151391629165415
TRINITY_DN11807_c0_g1_i9	37.7738881416122	-5.90231023915011	1.69891499808943	-3.47416453783018	0.000512446692051737	0.0189416975437391
TRINITY_DN1181_c0_g1_i10	314.760410996496	11.7070345506732	3.47104772040256	3.37276681097183	0.00074416947741148	0.0251814326555594
TRINITY_DN11813_c0_g1_i6	8.64982782016653	-6.68856510613392	1.86170220735739	-3.59271481749387	0.000327250676822144	0.013416801402289
TRINITY_DN11814_c0_g1_i1	11.8117583251333	5.06610547787044	1.52176039000728	3.32910851875058	0.000871244505829719	0.0284570615591804
TRINITY_DN11832_c0_g1_i1	10.148066053399	-4.42380274865746	1.28868567060434	-3.43280200095877	0.000597378176132531	0.021280464218738
TRINITY_DN11833_c1_g1_i1	12.6204316200662	-7.2342030183343	1.67536866727273	-4.31797678901957	1.57465985071385e-05	0.00109420730317121
TRINITY_DN1184_c0_g2_i2	15.6721119430414	7.3794780770686	1.70262857154093	4.33416788629945	1.4631248770287e-05	0.00103370506571213
TRINITY_DN11842_c0_g3_i1	5.90140477712262	-6.134959497958	1.77863794609298	-3.44924581837145	0.000562154698054361	0.020264909418173
TRINITY_DN1185_c1_g1_i1	11.0096754863268	-7.03700246198984	1.80067050737318	-3.90799006990759	9.30671304303259e-05	0.00480096849029407
TRINITY_DN11857_c0_g1_i1	7.79361594085255	6.3708890271134	1.73221115317628	3.67789401161134	0.00023516763495348	0.0102270688720016
TRINITY_DN11858_c1_g1_i1	45.0968539647019	-8.10433503317118	1.97673487711773	-4.09985938275551	4.13401245194003e-05	0.0024291779149098
TRINITY_DN11880_c0_g1_i2	5.33583806335383	-5.99359176131474	1.81247933710568	-3.30684694639654	0.000943524287905161	0.0300059899433234
TRINITY_DN11882_c0_g1_i7	8.38732980970396	-6.6446933879743	1.8960416174712	-3.50450819578343	0.000457451487194064	0.0172176996725719
TRINITY_DN11887_c0_g1_i1	8.26245671126991	-6.62138795514643	2.07552691882527	-3.19022022556763	0.00142164415209055	0.0406931190932747
TRINITY_DN11899_c0_g1_i2	117.520845383673	10.2858799818232	1.71128946696868	6.01060205205569	1.84835611834781e-09	5.44189530620742e-07
TRINITY_DN1194_c0_g1_i4	164.720430949282	-10.9398643864747	3.36977225843494	-3.24646995330052	0.00116845781313459	0.035084715722654
TRINITY_DN1195_c0_g1_i1	390.417623052751	-9.78001929219492	2.98995227015388	-3.27096167715466	0.00107182433922405	0.0329214878283364
TRINITY_DN11954_c0_g1_i3	6.12678948732718	-6.1872500773645	1.95770275683594	-3.16046450655481	0.00157517795348207	0.0439081087431325
TRINITY_DN11962_c0_g1_i1	14.601864645139	-7.44413076757104	1.66509823751748	-4.47068563274057	7.79692349068098e-06	0.000618034184911409
TRINITY_DN1197_c0_g2_i2	13.4148219476818	7.15406900601499	1.97287751039871	3.62621043035216	0.000287611006936468	0.0120968416446579
TRINITY_DN11986_c0_g1_i1	19.0313612457948	-7.82766957160695	2.2159283987837	-3.53245600169369	0.000411718731633369	0.0159073659741913
TRINITY_DN1199_c0_g1_i1	401.870766115204	-12.2266751062974	1.61974260030732	-7.5485296885922	4.40199373055864e-14	1.09399901836689e-10
TRINITY_DN120_c0_g1_i13	128.426723266305	-10.5809039692237	1.69760714509866	-6.23283425719133	4.58070752055848e-10	1.72794921460781e-07
TRINITY_DN120_c0_g1_i8	237.703190479297	-11.4691397766043	1.7946873882606	-6.39060588023641	1.65229747727771e-10	7.42637405505381e-08
TRINITY_DN120_c1_g1_i16	94.8340699466643	9.97642116468262	1.7611163829643	5.66482786781551	1.47172200807168e-08	3.12456196577991e-06
TRINITY_DN120_c1_g1_i5	418.460036057772	-12.2849429501155	1.7247876701095	-7.12258277526741	1.05923098917896e-12	1.24309583505061e-09
TRINITY_DN120_c1_g1_i6	113.504841754373	10.2356890587763	1.64494143292214	6.22252492029047	4.89217045623904e-10	1.82910893456321e-07
TRINITY_DN12006_c0_g2_i1	10.2357875252778	6.7643452409549	1.8923654095672	3.57454496195952	0.000350837522273037	0.0141706830578523
TRINITY_DN1201_c0_g1_i11	13.8556647551677	7.20180565561589	1.72482304188906	4.17538813009382	2.97478416570092e-05	0.00185535895541397
TRINITY_DN1201_c0_g1_i6	39.8292345400134	-4.81887287487203	1.35587059136731	-3.55408023859601	0.000379303471028579	0.0150189244118898
TRINITY_DN12018_c0_g1_i8	10.8877334973327	6.85282429116232	1.93367150198107	3.54394440014321	0.000394188364609614	0.0153756604223518
TRINITY_DN12038_c0_g1_i3	16.4918690374894	-7.62053525573526	1.68088412444558	-4.53364699261992	5.79738881314047e-06	0.000483104299736434
TRINITY_DN12042_c0_g1_i6	22.0624194593819	-8.04096286059381	2.08357834723649	-3.85920830443394	0.000113754946389991	0.00563427049241588
TRINITY_DN12047_c0_g1_i2	78.8239610306678	-9.876617252906	1.61035857245742	-6.13317892165729	8.6140173897575e-10	2.85438133882247e-07
TRINITY_DN12052_c0_g1_i5	18.5050012183185	-7.78565891806784	1.72763743862921	-4.50653519308158	6.58947604748234e-06	0.000538488923655863
TRINITY_DN1206_c0_g1_i10	105.494082503638	10.1300914225687	1.63054837134449	6.21268991499825	5.20851702137647e-10	1.92187454704048e-07
TRINITY_DN1206_c0_g1_i16	22.4195173850315	7.89561274740624	1.67908663640791	4.70232600046023	2.57214388697891e-06	0.000245029328254729
TRINITY_DN1206_c0_g1_i22	25.863369591489	-8.26964504424071	1.94449489272676	-4.25284996899334	2.11066992563888e-05	0.00141081345258815
TRINITY_DN1207_c0_g1_i8	309.052772017513	-11.8475998885721	3.46687833157519	-3.41736823604914	0.000632296929543693	0.0222374501099315
TRINITY_DN12076_c0_g1_i1	59.5951135018098	9.30610208869058	1.67034339569503	5.57137060120402	2.52743048798556e-08	4.90949014652422e-06
TRINITY_DN1210_c0_g1_i9	14.2454805901682	7.24131367356071	2.26460512125889	3.19760544811241	0.00138573736684146	0.0398950718989335
TRINITY_DN12103_c0_g1_i12	9.5587231073345	-6.83430742186548	1.9488133887963	-3.50690705490624	0.000453347467465592	0.0170860634727509
TRINITY_DN1212_c0_g1_i3	90.1579453401531	9.9033718975596	1.96382433571046	5.04290109735136	4.58526279839794e-07	5.76555857052127e-05
TRINITY_DN1212_c0_g1_i4	6.3830153551317	-5.25573985302558	1.58847533559492	-3.30866947396271	0.000937404316501184	0.0298838610441787
TRINITY_DN12139_c0_g1_i1	7.03351658061828	-6.3881851470759	2.00558246844678	-3.18520192890559	0.00144653034503151	0.0411129906136808
TRINITY_DN12139_c0_g1_i2	17.0095129477312	7.49706093295066	1.82211323430385	4.11448684516852	3.88041686150371e-05	0.00230581901521337
TRINITY_DN1215_c0_g1_i2	269.523436767812	11.4831921785915	3.4514206305789	3.32709148136065	0.000877575584485896	0.0285775231092953
TRINITY_DN1217_c16_g1_i4	5.01005022967702	5.73390381493084	1.7875347673458	3.20771596708284	0.00133793563288025	0.0388231061494214
TRINITY_DN1217_c2_g1_i1	1920.16535511713	-9.22888404767003	2.06929500257235	-4.45991704237315	8.19913829762399e-06	0.000639124343055934
TRINITY_DN1217_c2_g1_i13	1309.0664012215	-10.5137420627972	3.16732344814575	-3.31944060495379	0.000901979901198964	0.0290705644139375
TRINITY_DN1217_c3_g1_i11	57.1702693701241	9.24622914815433	1.63425618985292	5.65775990665604	1.53361468339264e-08	3.23160532462123e-06
TRINITY_DN1217_c3_g1_i5	33.1774547493184	-7.65970696862358	1.51071488551763	-5.07025319075945	3.9728681741775e-07	5.1487640334609e-05
TRINITY_DN1217_c7_g1_i2	76.1614209966999	9.66004092895803	1.79146541967549	5.39225643032946	6.95783778725468e-08	1.15053498502436e-05
TRINITY_DN12172_c1_g2_i1	8.82322080315894	-6.71871428923587	1.72446116103753	-3.89612386816152	9.77444128548183e-05	0.00499649570321019
TRINITY_DN1218_c0_g2_i2	17.8063736655117	7.5627798594931	2.15941222070083	3.50224000169761	0.000461363825639382	0.0172726276202377
TRINITY_DN12181_c0_g2_i3	46.1201344403186	-9.10293474800434	1.84457409616017	-4.9349791732161	8.01593130779679e-07	9.24052065001655e-05
TRINITY_DN12184_c2_g1_i2	8.31189894120094	-6.63111928957464	1.74960201230757	-3.79007296683934	0.00015060303805974	0.00712123979293334
TRINITY_DN12184_c2_g1_i5	13.2784941010369	7.13945067408765	1.800095684771	3.96615065215042	7.30427044987838e-05	0.00392618476128386
TRINITY_DN12184_c2_g2_i1	6.59078128264563	-6.2947194510705	1.77512058506614	-3.54607991368427	0.000391007612503556	0.0152985180743701
TRINITY_DN1221_c0_g2_i13	470.030618116601	12.2856548294408	1.60405333549417	7.65913112587112	1.87195196633924e-14	5.10245797586235e-11
TRINITY_DN1221_c0_g2_i27	182.615053806338	-11.0885686277613	3.40684958560205	-3.25478667289087	0.00113477569157584	0.034302675017705
TRINITY_DN1221_c0_g2_i7	249.832052554707	-11.5409529316781	1.77621135174121	-6.49751107623793	8.16596822575186e-11	4.03513440432503e-08
TRINITY_DN12225_c1_g1_i1	152.216779221708	10.6589197319793	3.38703397748499	3.14697750386727	0.00164967653579339	0.0454328270680971
TRINITY_DN12225_c1_g1_i8	44.601719161795	-9.05530318633293	1.71687006138341	-5.27430898237949	1.33257232420488e-07	1.97890503076738e-05
TRINITY_DN1223_c0_g1_i19	268.526917531927	-11.6448395559356	3.43446605319186	-3.39058222605325	0.000697443290660829	0.0239660687979905
TRINITY_DN12241_c0_g1_i10	20.5213793497725	-7.93453437603169	1.69073979306845	-4.69293643443008	2.69311189867417e-06	0.000254259853870581
TRINITY_DN1225_c0_g1_i11	133.767171286835	-10.639730746529	1.83344604976527	-5.80313271169946	6.50872342388609e-09	1.58952055454198e-06
TRINITY_DN1225_c0_g2_i5	22.1095032025406	7.875538113696	1.74119348192565	4.52306891534313	6.09493841643718e-06	0.000502448884206935
TRINITY_DN1225_c1_g1_i28	144.622380886573	-10.7524151733692	1.84710614162927	-5.82122214367435	5.8418861373665e-09	1.45612889331916e-06
TRINITY_DN1227_c2_g1_i5	19.9219308363024	-7.89248274832423	1.66870694935201	-4.72969969435858	2.24852189258978e-06	0.000219141410472954
TRINITY_DN1228_c0_g1_i4	119.902305259352	-10.4817718711198	1.8476540883546	-5.67301636014251	1.40304824598803e-08	3.00900433222072e-06
TRINITY_DN12287_c0_g1_i5	21.0812162442267	7.80726982704496	1.8576349554066	4.20280088093848	2.63632479355947e-05	0.00168123903702783
TRINITY_DN12292_c0_g1_i12	22.5091901664456	7.90164633397678	1.66909702220029	4.73408449531618	2.20046050143802e-06	0.000215451345829096
TRINITY_DN12335_c0_g1_i1	9.86893674959146	6.7119459755296	1.81304428703952	3.70203090101533	0.000213880561077525	0.00944225687039116
TRINITY_DN12335_c0_g1_i14	25.3604405203884	8.07342319282257	1.74590941671052	4.62419362399326	3.76058467187378e-06	0.000332734956653394
TRINITY_DN12335_c0_g1_i4	8.85080969883459	6.5546778307749	2.10669978560443	3.11134879092149	0.00186234824686406	0.0496838264438556
TRINITY_DN12335_c0_g1_i40	48.7101321852349	-9.18213691045053	1.65039995319251	-5.56358287134507	2.64291263980844e-08	5.07547345996667e-06
TRINITY_DN1235_c0_g2_i15	54.538460281143	9.17827199432688	1.79646992369983	5.1090596470573	3.23766139352895e-07	4.3287327916204e-05
TRINITY_DN1235_c0_g2_i23	34.1535687395307	8.50313967272855	1.8425391164136	4.61490320448634	3.93278565254895e-06	0.000345080500590946
TRINITY_DN12366_c0_g1_i1	5.24019955411666	-5.96299829262368	1.82969496120043	-3.25901225016845	0.00111800840252648	0.0339086410612644
TRINITY_DN1239_c0_g1_i44	56.4514868171758	9.22798339069501	1.94433376975068	4.74609016942512	2.07386290112592e-06	0.000204239239416478
TRINITY_DN12391_c0_g1_i58	8.36493952502475	-6.63858861130237	1.8059106833168	-3.67603374443176	0.000236888202445848	0.0102860119888331
TRINITY_DN12411_c0_g1_i2	8.80894565795559	-4.82539829702405	1.52295775801855	-3.16843869872147	0.00153260065622033	0.0429524677443798
TRINITY_DN12441_c0_g1_i1	295.211299972708	1.7441654709065	0.497802294603609	3.50373128009654	0.000458788065968237	0.0172526364032862
TRINITY_DN12453_c0_g1_i14	7.48459712405959	6.3125352407013	1.73152270641956	3.64565547843975	0.000266711101123501	0.0113648787810053
TRINITY_DN12453_c0_g1_i6	7.33885453861522	-5.45695726820351	1.6212149113979	-3.36596784907327	0.000762755980974445	0.0256165957394192
TRINITY_DN1249_c1_g1_i3	12.3962511778486	-7.208470218161	1.71611272876609	-4.20046428030634	2.66368191512824e-05	0.00169484784988333
TRINITY_DN12492_c0_g1_i4	8.82006264697179	6.54974333567115	1.72082168754218	3.80617200671502	0.000141134246145403	0.00672620503710899
TRINITY_DN125_c1_g1_i2	56.5623255309037	-6.14189055928403	1.63821075599942	-3.74914554601191	0.000177438090285785	0.00809177858050905
TRINITY_DN125_c2_g1_i10	22.1572867074329	-8.04486483330387	1.9535545238574	-4.11806516534734	3.82066669309855e-05	0.00227567272446153
TRINITY_DN1250_c0_g1_i2	15.4423287796969	-7.52391183313724	1.72989375847448	-4.34934908359474	1.36542211832413e-05	0.0009711737218363
TRINITY_DN1250_c0_g2_i1	42.5855065645957	-8.98773545404838	1.83569477775885	-4.89609469011034	9.77599735930502e-07	0.000108263725408461
TRINITY_DN12502_c0_g1_i4	136.913069541615	-10.6729968914888	3.38137437408532	-3.15640793083607	0.00159725303867045	0.0443525097803402
TRINITY_DN12517_c0_g1_i4	36.2747301870845	-5.81944358034361	1.72491993136401	-3.37374707922924	0.000741524654475014	0.0251333133789931
TRINITY_DN1252_c0_g1_i6	160.92393995961	10.7391717121262	3.39265458288871	3.1654185387132	0.00154860017639746	0.0433290124851764
TRINITY_DN1254_c0_g1_i1	54.5525343075973	9.178506911192	2.07677401620908	4.41959829984118	9.88845349149156e-06	0.000737470911848238
TRINITY_DN1254_c0_g1_i4	116.378396463783	4.75973008655886	1.37764350736636	3.45497950747652	0.000550334649637431	0.0199494539790063
TRINITY_DN1255_c0_g1_i5	309.578455479994	11.6830817673146	3.47035420125161	3.36653871328206	0.000761178972661203	0.0255737975474856
TRINITY_DN1257_c0_g2_i6	97.9842741387957	-2.6305224960923	0.772356760371326	-3.40583863709256	0.000659611530691635	0.0229415547861679
TRINITY_DN126_c1_g1_i17	26.2268309977799	-8.2886928048568	1.87185820903008	-4.42805590982858	9.50862566872864e-06	0.000716065833915742
TRINITY_DN126_c3_g1_i3	57.025724520026	-6.54795070006535	1.9956380937163	-3.28113134374564	0.00103391585587439	0.0320483572962856
TRINITY_DN12616_c0_g1_i10	28.5907620292161	-8.41392092196184	1.64861351898812	-5.10363455415924	3.33191411633826e-07	4.42673080192375e-05
TRINITY_DN12635_c1_g1_i14	17.9672764700081	7.57627146644347	1.74961275832318	4.33025618406243	1.48935969649185e-05	0.00104715756937035
TRINITY_DN1265_c1_g1_i1	2747.9700204112	-4.54083795193248	0.578468779451071	-7.84975458181415	4.16852179872985e-15	1.53144241282206e-11
TRINITY_DN1265_c1_g1_i3	227.664273473174	-6.52452399436879	0.786131388276151	-8.29953375691553	1.04520768289374e-16	6.30842562779681e-13
TRINITY_DN1265_c3_g1_i23	9.16460707471015	-6.77194400223433	1.83818621105429	-3.68403590534514	0.000229569882000126	0.0100145564735398
TRINITY_DN1265_c4_g2_i2	8.77934812910501	-6.71033679735123	1.77654730278063	-3.77717879329657	0.000158614868984912	0.00741900122887147
TRINITY_DN12651_c1_g1_i1	8.41113580433088	-6.64718169580242	2.02771045691378	-3.27817103923189	0.00104482066241531	0.0323152475595785
TRINITY_DN12663_c0_g2_i4	14.3550654700909	-3.90842104860362	1.17073307086379	-3.33843909074842	0.000842504989706107	0.0276896097316945
TRINITY_DN12671_c0_g1_i38	21.4970904007963	4.64301591470238	1.37973189251199	3.3651580715795	0.00076499818970491	0.0256816913125489
TRINITY_DN12675_c0_g1_i5	4.89100505215788	-5.86321582863659	1.86704379965615	-3.14037401249848	0.00168732265726387	0.0460812507735884
TRINITY_DN12685_c0_g1_i1	14.7378479551909	-7.45913074147921	1.85108779412724	-4.02959317496665	5.58734662342463e-05	0.00313492440229837
TRINITY_DN1269_c1_g1_i6	15.1997171771606	7.33498745572018	1.67521181721227	4.37854328649995	1.19475213022574e-05	0.000867116588187359
TRINITY_DN127_c1_g1_i1	50.5283447812974	-6.792201440099	1.22271124077809	-5.55503312112899	2.77559126404916e-08	5.30149416370266e-06
TRINITY_DN12708_c0_g2_i8	29.6870664287911	8.30066767537076	1.73764219073743	4.7769717607099	1.77954753158171e-06	0.000177740197782023
TRINITY_DN12718_c0_g1_i1	9.38948811314166	6.63936734423044	1.78779774020669	3.71371279586854	0.000204240573830572	0.00908311579343981
TRINITY_DN12718_c0_g1_i5	24.2777231011536	-8.17795916882245	1.68580727262225	-4.8510641172533	1.22800836812189e-06	0.000131181101251028
TRINITY_DN1272_c0_g1_i6	148.300322678104	10.6213146125048	3.38434011891898	3.13837091997048	0.00169889742942752	0.0463374548068968
TRINITY_DN12723_c0_g1_i13	60.6387556264979	9.33123817337862	1.64620434653703	5.66833527867174	1.44191599684842e-08	3.0767428763055e-06
TRINITY_DN12740_c0_g1_i15	6.61114433475512	-6.29777634813923	1.98940070689672	-3.16566508009499	0.00154728836221209	0.043306648569128
TRINITY_DN1275_c1_g1_i1	11.1797664881089	-7.05910556556126	1.77579273893762	-3.97518551054805	7.03244175232383e-05	0.00380745418888702
TRINITY_DN1275_c1_g1_i8	14.0182729345811	-7.3859358755034	1.73748939357267	-4.25092429503483	2.12890123980515e-05	0.00141644013355162
TRINITY_DN1275_c2_g1_i6	10.1060389322853	-6.91582255380132	1.87822887081707	-3.68209788554298	0.000231322554464916	0.0100858066084502
TRINITY_DN12755_c0_g1_i11	6.88722341933186	6.19237512717684	1.76751242361776	3.50344079307926	0.000459288745025947	0.0172533878476727
TRINITY_DN12755_c0_g1_i2	4.95403651033431	-5.88390111530505	1.77513252982869	-3.31462638221885	0.000917656868645433	0.0294217831475428
TRINITY_DN12761_c0_g1_i2	155.755907823487	-10.8590075490948	3.45043579168456	-3.14714088442528	0.0016487549873537	0.0454328270680971
TRINITY_DN1279_c0_g1_i6	48.2940861576602	9.00278624430493	2.17794358309231	4.13361774574643	3.57097216166912e-05	0.00215067716120255
TRINITY_DN1282_c1_g2_i1	80.0501653154972	7.17150701151497	1.59586339936634	4.49381006818161	6.99600315694567e-06	0.000565151314297892
TRINITY_DN12839_c0_g1_i18	7.43485438139795	6.30240451834445	1.99215130184031	3.16361739819783	0.00155821492509649	0.0435403587105831
TRINITY_DN1284_c0_g1_i15	354.139058992634	11.877231485847	1.64933773657805	7.20121247603853	5.96794630745686e-13	8.26687749323753e-10
TRINITY_DN1284_c0_g1_i8	122.196213469911	-10.5090758751774	1.61051255502556	-6.52529894435415	6.78660378704221e-11	3.56182886209623e-08
TRINITY_DN1284_c1_g1_i6	54.001546409687	-9.33122728472079	1.74689486286604	-5.34160783403503	9.21257875085616e-08	1.44692282395882e-05
TRINITY_DN1286_c0_g1_i23	31.7478305882182	-3.76952345237312	1.10015091837376	-3.42636940933998	0.000611707827815688	0.0216449279877596
TRINITY_DN12864_c0_g1_i5	11.5847278969314	6.94299783489216	1.68665294375097	4.11643537019033	3.84777161497525e-05	0.00228802959832638
TRINITY_DN12909_c0_g1_i4	6.8002387092844	-6.34159492637798	1.75764587784381	-3.60800489240616	0.000308560672966049	0.012780764580532
TRINITY_DN1291_c1_g1_i3	182.436127660335	-7.04419066760329	1.20039989912815	-5.86820331517814	4.40542837652392e-09	1.16328089674849e-06
TRINITY_DN1291_c3_g1_i2	17.4152133068428	-5.21819504927948	1.28470337885418	-4.06178977588862	4.86979213721804e-05	0.00279554251527672
TRINITY_DN12920_c0_g1_i2	7.80898946678395	6.37363660607329	1.77702592927847	3.58668745405486	0.00033490533573407	0.0136709328786751
TRINITY_DN1295_c2_g1_i7	16.7147042504129	-7.64057322189446	1.7860482629371	-4.27792091649853	1.88647013694868e-05	0.001280452059695
TRINITY_DN1295_c6_g1_i9	6.58852815804699	-6.29413378321443	1.76223020509116	-3.57168647151229	0.000354689873382848	0.014292124425896
TRINITY_DN1296_c1_g1_i4	9.1883425886835	-6.77451399008414	1.7412179908145	-3.89067539264006	9.9965589213528e-05	0.00508559526962552
TRINITY_DN1296_c5_g1_i19	19.5432053724642	-7.86571291230331	1.74241143244673	-4.51426842468434	6.35357038226718e-06	0.00052122717491341
TRINITY_DN12963_c0_g1_i2	7.74740578922531	4.44664062202582	1.39357278355475	3.19082051149367	0.00141869385828861	0.0406224309175435
TRINITY_DN12985_c0_g1_i7	12.0078776029995	6.99491059695935	1.7118727638238	4.08611594551855	4.3865463503618e-05	0.00255271620876633
TRINITY_DN12988_c0_g1_i1	11.6198252356412	6.94799503985775	2.22383174457688	3.12433485887653	0.00178207523541821	0.0480114863762607
TRINITY_DN13_c0_g1_i39	41.0433237284492	8.76822945240101	1.67550778580751	5.23317738459518	1.66620698335917e-07	2.42325572598767e-05
TRINITY_DN13_c1_g3_i1	26.8515800131093	-7.35245476385347	1.56142163232187	-4.70882086661002	2.4915391242912e-06	0.000238696227805394
TRINITY_DN13_c8_g1_i1	28.610044898759	-7.44558129861111	1.9257024435425	-3.86642356070042	0.000110443058555778	0.00549924429101127
TRINITY_DN130_c1_g1_i1	11.5276157607736	-7.10513273033287	1.81322109440421	-3.91851426848059	8.90964560749965e-05	0.00463290605872311
TRINITY_DN13028_c0_g1_i1	11.0506597427589	-5.11174062133166	1.53579286597918	-3.32840497867045	0.000873447952839065	0.0284959865324306
TRINITY_DN1303_c0_g1_i33	18.412227356302	-7.77995659157089	1.75604012482213	-4.43039796277943	9.40593454254277e-06	0.000710896830926457
TRINITY_DN1307_c2_g3_i1	57.1629855151848	-4.95594355485881	1.28604323750951	-3.85363680653247	0.000116376188638112	0.00575061706873869
TRINITY_DN13070_c0_g1_i1	1148.9047280442	5.51072992618449	1.04511812768259	5.27282972155864	1.34336192094839e-07	1.99142799291749e-05
TRINITY_DN13070_c0_g1_i3	889.509082310239	3.72874192542435	1.17982526839472	3.16041877158445	0.00157542526072721	0.0439081087431325
TRINITY_DN13070_c0_g1_i4	6770.84894157915	5.2166291486058	0.793854098596871	6.57126940306303	4.98881017582898e-11	2.71964182088514e-08
TRINITY_DN13078_c0_g1_i3	33.5331715504935	8.47656631641848	2.05539936304402	4.12404833280906	3.72270723584813e-05	0.00222777135987744
TRINITY_DN13079_c0_g1_i2	4.77147561757203	-5.83364478888209	1.83306816805576	-3.18244836201019	0.0014603555401189	0.0414084303452908
TRINITY_DN1308_c0_g1_i10	108.138673491263	-10.3327051265519	1.65813174325288	-6.23153447764134	4.61888309579445e-10	1.73460615034862e-07
TRINITY_DN13092_c0_g1_i1	11.8299914595076	6.97349837180012	1.68354725366418	4.1421459104415	3.44071324507265e-05	0.00209010343481056
TRINITY_DN13092_c0_g1_i4	62.3154165528723	-9.53789480604673	1.66536604240029	-5.72720624968417	1.02098013039055e-08	2.30670532239949e-06
TRINITY_DN13098_c0_g1_i2	28.0650984550835	-8.38644949403635	1.86273744891713	-4.50221768983689	6.72480491973527e-06	0.000547958115822364
TRINITY_DN1310_c0_g1_i8	14.867214210314	-4.5716153186697	1.1792385311214	-3.87675198699817	0.00010586016725017	0.00531618031657553
TRINITY_DN13109_c0_g1_i9	5.88103818880478	5.96564297708813	1.87377368577599	3.18375854158586	0.00145376223343557	0.0412768821239377
TRINITY_DN1311_c0_g2_i1	20.0578355951307	7.7351305105419	1.75361606155729	4.41096011841541	1.0291327361923e-05	0.000765489946679378
TRINITY_DN13132_c0_g1_i2	22.0817854031134	7.87376121807199	1.7517300095934	4.49484862104952	6.96194565907268e-06	0.000562938262488348
TRINITY_DN1317_c1_g1_i20	217.498049335559	11.1737898670384	3.42688961595618	3.26062147289815	0.0011116833820911	0.0337531521451433
TRINITY_DN1318_c1_g1_i5	47.8573047728954	8.98960318163846	2.45313684199802	3.66453392559897	0.000247789395195884	0.0106879572819101
TRINITY_DN132_c0_g1_i9	16.0277122158898	7.412001307327	2.06782986549254	3.58443478886573	0.000337808949824172	0.0137520735274946
TRINITY_DN1323_c0_g1_i9	10.2013928717432	-5.93830712319483	1.81034801353169	-3.28020197155915	0.00103732796778868	0.03211821316497
TRINITY_DN1324_c0_g1_i2	658.831328312491	12.7727912559766	1.87707548965432	6.80462310992554	1.01314118502642e-11	7.64360748681809e-09
TRINITY_DN1324_c1_g1_i10	18.0374158978096	7.58229685995523	1.73656959481622	4.36624992317549	1.26397848993013e-05	0.000912072198480921
TRINITY_DN13246_c0_g1_i3	16.1061539806376	-7.58457920505657	2.41843613343109	-3.13615029986182	0.00171181450547952	0.046584509527861
TRINITY_DN1326_c0_g1_i3	15.8510973472465	-7.56240941575501	1.66998968797333	-4.52841683407794	5.94272621619016e-06	0.000492640276453713
TRINITY_DN1326_c0_g1_i4	29.8810828372416	-6.61533409388245	1.45949712564623	-4.53261193711042	5.82587854574898e-06	0.000485000084097239
TRINITY_DN1326_c0_g1_i8	71.0927738815623	9.56071275251296	1.72128697996139	5.55439788008354	2.78570310384149e-08	5.30149416370266e-06
TRINITY_DN1326_c1_g2_i1	6.33947841452266	-6.24195947398819	1.75470829680487	-3.55726332710348	0.000374738464783409	0.0148870008449781
TRINITY_DN13265_c1_g1_i1	10.0948389726904	6.74367877269058	1.8993896740142	3.55044510610526	0.000384580328980189	0.0151685398442803
TRINITY_DN13274_c1_g1_i5	6.59077931516536	6.13039028929507	1.88139236438213	3.25843264028997	0.00112029468711239	0.033953608490539
TRINITY_DN1329_c1_g1_i5	53.5835199056779	-4.72603522231564	1.28585479284858	-3.67540351258943	0.000237473779729769	0.0102955666698851
TRINITY_DN13294_c0_g1_i2	4.87184626803538	-5.85782927633792	1.81244440611994	-3.23200494125958	0.00122924930445462	0.0365221897777098
TRINITY_DN1330_c0_g1_i8	6.09395654423752	-6.18385023598539	1.83193409735727	-3.37558553274713	0.00073658792140902	0.0250061093544473
TRINITY_DN13307_c0_g2_i15	41.1491165173315	8.77172814363152	1.69626006835483	5.17121655297768	2.32574850394186e-07	3.23697071691779e-05
TRINITY_DN1333_c0_g2_i4	551.6756285909	2.11573833454386	0.678366320650495	3.11887290117093	0.00181544254560207	0.0486216368362231
TRINITY_DN1333_c0_g2_i7	222.945361942717	-11.3764888212492	1.76673716964848	-6.43926500030151	1.20053434810427e-10	5.57377754648983e-08
TRINITY_DN13334_c0_g1_i2	6.25091821692668	6.05283733637819	1.8817108443729	3.21666708489177	0.00129688992575553	0.0378700649396978
TRINITY_DN13375_c0_g1_i1	19.6768740065167	4.52485422830916	1.12843375603836	4.00985366141007	6.07563902275325e-05	0.00337749569831977
TRINITY_DN13378_c1_g2_i1	25.8603011116314	8.10184451998705	2.53842945742431	3.19167605634699	0.00141449876891719	0.0405572843488174
TRINITY_DN1338_c0_g1_i2	596.506386694809	-4.29648667112546	1.17764252168878	-3.64837936130581	0.000263899769986836	0.0112621226082564
TRINITY_DN13392_c0_g1_i1	17.9948038102695	7.57824020148714	2.2385940025623	3.38526780327878	0.000711088421011025	0.024335985985658
TRINITY_DN13396_c0_g1_i3	20.2988405095315	-7.91833269884322	2.18812903256869	-3.61876862880784	0.000296008134288376	0.012363863238309
TRINITY_DN13397_c0_g1_i2	7.48517944626371	-6.47913264468643	2.03865773375727	-3.17813654415904	0.00148224927535405	0.0418606615203431
TRINITY_DN13412_c0_g1_i2	13.1629653927979	7.1272116158097	1.91274698643928	3.72616538744496	0.000194414865900886	0.00872419933026718
TRINITY_DN1343_c0_g1_i14	41.8284268174443	-8.96270354888957	1.81114974155525	-4.94862646817552	7.47390213745295e-07	8.71075562497241e-05
TRINITY_DN13444_c0_g1_i10	19.3418671251407	7.68309206162355	1.97740760821535	3.88543668472971	0.000102146112908539	0.0051745457125574
TRINITY_DN1345_c0_g1_i11	163.728610322958	-10.93113527652	1.68052779663269	-6.5045846301519	7.79083466332809e-11	3.89765158567934e-08
TRINITY_DN13455_c0_g1_i4	7.92099995906511	-6.56234735602602	1.92879704293479	-3.40230061014662	0.000668210941232623	0.0231974067840075
TRINITY_DN1349_c0_g1_i11	49.9491849324294	9.05129378277038	1.71205011397876	5.28681591085871	1.24463780778505e-07	1.8680178593645e-05
TRINITY_DN1349_c0_g1_i42	39.4387807168585	-8.87817605204851	1.8174742429328	-4.88489786668013	1.03482480680167e-06	0.000113706926560634
TRINITY_DN135_c11_g1_i1	122.537370899166	-8.08071640487695	1.50107677125239	-5.38327989589431	7.31406703891111e-08	1.20472521764895e-05
TRINITY_DN1351_c0_g1_i3	29.0228432268175	-8.43566978970244	2.16161851164217	-3.90247851055546	9.52126937122087e-05	0.00488777776020305
TRINITY_DN13518_c0_g1_i10	20.3291282825289	-7.92298481995214	1.92185229441778	-4.12257739211556	3.74656675342902e-05	0.00223887834180513
TRINITY_DN13536_c0_g3_i2	6.21123285422475	-6.20774871642869	1.88713043129438	-3.28951757307564	0.00100359289467668	0.0313847492281235
TRINITY_DN1355_c0_g1_i11	21.4229037405225	-7.99644194780215	2.25383496733928	-3.54792700604968	0.00038827581038299	0.0152514543725661
TRINITY_DN1355_c0_g1_i12	23.4972982873192	7.96375683880395	1.85008488929486	4.30453590799244	1.67336150682289e-05	0.00115330914032236
TRINITY_DN13558_c0_g1_i1	10.9128014589076	-4.10854326968115	1.25470809774102	-3.27450127808864	0.00105848660305475	0.0325964446856824
TRINITY_DN13565_c1_g1_i2	24.9171645482759	8.04797957835835	2.34969811961244	3.42511215001772	0.000614545683991594	0.0217362416098458
TRINITY_DN13586_c0_g1_i2	208.830400998963	11.1151219590561	3.42414641607236	3.24610008114245	0.00116997701167905	0.035106788896611
TRINITY_DN13595_c0_g1_i1	15.0072399220452	5.38077063486374	1.62334028358652	3.31462891007409	0.000917648571123359	0.0294217831475428
TRINITY_DN136_c0_g1_i5	39.9406296419865	-8.8951662645808	1.85944202180809	-4.78378253274673	1.72026799940198e-06	0.000174500846834896
TRINITY_DN136_c0_g1_i8	261.618402738982	-11.6074514062904	2.12677016459031	-5.45778363809537	4.82114623612184e-08	8.43431086252222e-06
TRINITY_DN136_c4_g1_i7	13.5323469658301	-7.33657605057834	2.09036084518838	-3.50971750521723	0.000448583004416545	0.0169670397077839
TRINITY_DN1361_c0_g2_i3	9.89350299064663	-5.89993021069831	1.88829475030907	-3.1244752492865	0.00178122506429829	0.0480114863762607
TRINITY_DN13616_c0_g1_i2	14.7719556469211	-7.46082501620135	1.66149861562896	-4.49041903858408	7.10831905344074e-06	0.000573128571925225
TRINITY_DN13616_c0_g1_i4	11.7904270694335	6.96881884535218	1.74073921894346	4.00336751738257	6.24471775956339e-05	0.00345312990976083
TRINITY_DN1364_c0_g1_i1	302.690022561169	-4.87171193175188	1.07969516635629	-4.51211794176383	6.41834792717393e-06	0.000526030614112844
TRINITY_DN1364_c0_g1_i4	142.953560191705	10.5684771170449	1.87368041351537	5.64049079064474	1.69566138515227e-08	3.49463404201455e-06
TRINITY_DN1364_c0_g1_i6	45.6785907106902	8.92243924985532	2.0873090762022	4.27461335342318	1.91469274538914e-05	0.00129741545789809
TRINITY_DN1364_c2_g2_i2	42.7532782883144	-8.99424327423965	1.63290749656523	-5.50811561166738	3.62695188113166e-08	6.61922635101215e-06
TRINITY_DN1364_c7_g1_i1	6.4629431380182	6.10039674064259	1.901679802209	3.20789900253257	0.00133708444799797	0.0388136333243023
TRINITY_DN1365_c1_g1_i3	19.3891550827681	7.68632007777623	1.65417342624728	4.64662287267768	3.37413191424616e-06	0.000304601921463645
TRINITY_DN1368_c0_g1_i4	18.4576006710254	-7.78229943873144	1.65053190346998	-4.71502515181342	2.41680893106137e-06	0.000233656202582178
TRINITY_DN13693_c0_g1_i2	21.0582541963367	-7.00061982413901	1.93007790118455	-3.62711775511366	0.000286602608575778	0.0120664410659871
TRINITY_DN13696_c0_g1_i29	10.4995578923558	-6.96659304802809	1.75111855512411	-3.97836744270826	6.93900793034281e-05	0.00376488758342227
TRINITY_DN137_c1_g1_i10	12.2981679727119	7.02873388076552	2.0276271271301	3.46648246451209	0.000527316129865592	0.0193642582969938
TRINITY_DN13701_c0_g1_i3	4.63076016629394	-5.78594195315587	1.8081476511926	-3.19992780973371	0.00137462013151718	0.0396290180392147
TRINITY_DN1371_c0_g2_i1	36.880453717684	-3.12491981383026	0.758567689827848	-4.11950028419934	3.79694956279095e-05	0.0022657813852875
TRINITY_DN1372_c1_g1_i2	6.77811568926523	6.17043528690124	1.88072231078209	3.28088588704799	0.00103481601876011	0.0320644972325603
TRINITY_DN1372_c2_g1_i10	16.4077220432744	-7.61134043438645	1.73180227560873	-4.39504009296387	1.1075231057118e-05	0.000813980102810298
TRINITY_DN13720_c0_g1_i10	6.75516176724349	-6.33256968545497	1.76404616828953	-3.5897981579446	0.00033093411106243	0.0135284327607901
TRINITY_DN13720_c0_g1_i12	422.445284825725	12.1315312373231	3.51303084746598	3.45329482263837	0.000553783399987758	0.0200229309936523
TRINITY_DN13721_c0_g1_i3	135.038135001769	-4.3516466497274	1.29691424491547	-3.35538503550867	0.000792545904862585	0.0263863451020799
TRINITY_DN1373_c0_g1_i14	25.268980041784	-4.75187327739976	1.03383719553104	-4.59634582499126	4.299648528588e-06	0.000373393321036617
TRINITY_DN1373_c2_g1_i1	60.1243969427568	-8.52021082572063	1.51891886326776	-5.60939167441142	2.03039037744053e-08	4.04631901209834e-06
TRINITY_DN13738_c0_g1_i1	6.66395902655001	-6.31168718783144	1.79600322733697	-3.51429612806995	0.00044092098061834	0.0167490189279274
TRINITY_DN1374_c0_g2_i6	130.598832999109	-10.6049957205777	3.33608956479158	-3.17887020555465	0.0014785028033141	0.0417827859111823
TRINITY_DN13748_c0_g1_i9	27.2572244956996	-7.37565814117366	1.58838665900933	-4.64349036132915	3.42571981488501e-06	0.000307943056295908
TRINITY_DN1375_c0_g1_i2	208.442626727912	-11.2794348164285	3.40493731484794	-3.31267032941903	0.00092409836824074	0.0295833291483195
TRINITY_DN13762_c0_g2_i17	28.1151937881538	-8.39004376879069	1.76024250772041	-4.76641356630807	1.87534125423784e-06	0.000185988949883321
TRINITY_DN13762_c0_g2_i8	9.8603498505108	6.71129453809199	1.96962967774048	3.40738902035182	0.000655875744595857	0.0228631141364937
TRINITY_DN13766_c0_g1_i2	135.052945276223	-10.6532948755139	3.41122946130808	-3.12300740725567	0.00179013242593967	0.0481421418609325
TRINITY_DN1377_c0_g1_i10	64.5588095391848	9.42150642782951	1.75160104054512	5.37879700328188	7.49851989572444e-08	1.23031055174548e-05
TRINITY_DN1379_c0_g1_i5	32.4224440462242	8.42811808694014	1.66417949064131	5.06442852729323	4.09627281466705e-07	5.27632408984354e-05
TRINITY_DN1380_c1_g1_i2	220.552920488913	-6.58197121194245	1.30887134544145	-5.02873810696996	4.93718164552412e-07	6.14406442832839e-05
TRINITY_DN1380_c1_g1_i3	136.877587720454	-10.6726308924376	3.37485252918188	-3.16239918638011	0.00156474904598811	0.0436940399497368
TRINITY_DN1381_c0_g2_i4	56.6056389239097	-2.76562113685461	0.859899944886632	-3.21621271556102	0.00129894513216001	0.037913045173491
TRINITY_DN1383_c0_g1_i7	403.807773963694	12.0664405153675	3.54000660729072	3.40859265361721	0.000652989060423504	0.0227812839090278
TRINITY_DN1384_c0_g1_i22	70.6929764184211	9.55248191629316	1.75803541116587	5.43361177802344	5.52246623981484e-08	9.48449903113567e-06
TRINITY_DN1384_c0_g3_i5	216.334813212014	-11.3331791500042	1.62233821506561	-6.98570683027758	2.83425373257805e-12	2.69088507747618e-09
TRINITY_DN13842_c0_g1_i3	23.1952912225211	-7.13829001288412	1.91134253409725	-3.73469950338108	0.000187939456869016	0.00849225038851236
TRINITY_DN13847_c0_g1_i5	26.1548762991196	-8.28610403344978	1.94394977482347	-4.26250932033583	2.02144064744216e-05	0.00136210280564249
TRINITY_DN13857_c0_g1_i4	11.3705370549316	6.91688988564671	1.8371730301635	3.76496376339202	0.000166573237180698	0.00771739167445719
TRINITY_DN1388_c1_g1_i1	7.18855415598876	5.25339094302404	1.58286526923081	3.31891225687005	0.000903688199945318	0.0291005508837574
TRINITY_DN1388_c1_g1_i7	13.2300968999178	-7.30014263726847	1.77042269242143	-4.12338966763013	3.73337328005901e-05	0.00223257307444039
TRINITY_DN13885_c0_g1_i18	12.0969362398105	-7.1706336790933	1.8227317081258	-3.93400391682789	8.35424207235509e-05	0.00438185441731757
TRINITY_DN13888_c0_g1_i2	6.58725340940643	-6.29792003954279	1.82193318554025	-3.45672392902557	0.000546784702279137	0.0198719199024441
TRINITY_DN1389_c2_g1_i8	19.2376873246996	7.67525047923426	2.22496152955437	3.44961042125142	0.000561396082167774	0.0202461998083707
TRINITY_DN1390_c0_g1_i10	174.371171185831	-11.0218956575781	3.42575596627675	-3.21736158853054	0.00129375434120707	0.0378700649396978
TRINITY_DN1390_c0_g1_i25	431.08962997736	-12.327731660331	3.50794922241799	-3.51422750977953	0.000441034901591026	0.0167490189279274
TRINITY_DN13901_c1_g1_i6	26.5943118356368	-7.33952313677404	2.25091546185734	-3.26068360235877	0.00111143984805174	0.0337531521451433
TRINITY_DN13921_c0_g1_i13	36.0212948739547	8.58001931933636	1.72397647000732	4.97687727681106	6.46182616564472e-07	7.72293334292288e-05
TRINITY_DN13921_c0_g1_i8	54.0321386720329	-6.15313236019343	1.6086713711701	-3.82497784846996	0.00013078384526737	0.00632394175375373
TRINITY_DN1393_c1_g1_i14	21.1029923033	7.80820760459695	2.10754252702303	3.70488732942736	0.00021148471705844	0.00935603959267228
TRINITY_DN13932_c0_g3_i1	70.1904869082914	-4.95078535457497	1.47487727314312	-3.3567439438702	0.000788661141821687	0.0262880825095262
TRINITY_DN1394_c0_g1_i8	65.2407591714696	9.43662358882677	2.06003013868508	4.58081821795586	4.6316029667557e-06	0.000397321002522765
TRINITY_DN13941_c0_g3_i1	5.72906065074187	-6.092113678253	1.78542750627241	-3.41213163617717	0.000644569785022943	0.0225340743462427
TRINITY_DN13948_c0_g2_i1	7.2288479852128	6.26331969584075	1.8751878159536	3.34010259801929	0.000837474444354891	0.027549533988
TRINITY_DN13953_c0_g3_i2	13.1556797659279	6.14299291001111	1.95717148678939	3.13870958752229	0.00169693533952782	0.0462988835387219
TRINITY_DN13953_c0_g3_i5	5.79652787746199	-6.11304852971408	1.85683715111046	-3.29218344541321	0.000994127432294725	0.0311926400943333
TRINITY_DN13960_c0_g1_i13	11.8790034458489	5.00467876812224	1.52730913256866	3.27679489462966	0.00104992608495825	0.0324493980712516
TRINITY_DN13966_c0_g1_i8	8.16462654422005	6.43764558040023	1.85076857920842	3.47836334197636	0.000504485598777519	0.0186965018094311
TRINITY_DN13968_c0_g1_i4	13.8571944311935	-7.36942660767293	1.68246708423391	-4.38013122320815	1.18607861520425e-05	0.000861747814510132
TRINITY_DN13970_c0_g1_i1	7.13343544702381	-6.41415636471206	2.04424541554075	-3.13766454651207	0.00170299656149226	0.0464043223002171
TRINITY_DN14006_c0_g1_i21	26.2559233919649	8.12328214806031	1.94563380181888	4.17513415960714	2.97810492721968e-05	0.00185535895541397
TRINITY_DN14027_c0_g1_i2	6.79122621088985	-6.33951832028464	1.77043195219029	-3.58077491339993	0.000342576682648503	0.0139034796015529
TRINITY_DN1403_c0_g2_i7	44.8440026796533	8.89580780358987	1.85941257837776	4.7842033054068	1.71666861564961e-06	0.000174345029669664
TRINITY_DN14069_c0_g2_i3	11.4092381134784	6.92108692475457	1.68419228550611	4.1094398687824	3.9661997026772e-05	0.00234197024791627
TRINITY_DN14099_c0_g1_i1	7.62011389970396	-6.50823362483766	2.02313810007227	-3.21690033152219	0.00129583606919608	0.0378700649396978
TRINITY_DN14125_c0_g2_i2	16.3705382623628	-7.60803292505059	1.71891683856214	-4.42606224709198	9.59688414693661e-06	0.000720815570353644
TRINITY_DN14127_c0_g3_i2	10.8378187405356	6.84675972162181	1.69440535818723	4.04080386581571	5.32682953568707e-05	0.00301276065666992
TRINITY_DN14127_c0_g3_i4	8.34111908032964	-6.63747686603766	1.84854245030657	-3.59065428274956	0.000329848912453952	0.0134905970012265
TRINITY_DN14139_c0_g2_i6	7.88502044614051	-6.55432304060893	1.81992470841409	-3.60142538331734	0.00031647725921487	0.0130510958756165
TRINITY_DN14147_c0_g1_i1	6.17658215685632	6.03641047488839	1.86728208508675	3.23272553359711	0.00122615306002578	0.0364558343652562
TRINITY_DN1415_c0_g1_i2	27.3156119149459	8.1805815538044	2.18841328507963	3.73813374721253	0.000185391319976774	0.0084040749760716
TRINITY_DN14178_c0_g1_i7	8.17441499047957	-6.60813423026986	1.79774988397268	-3.67578064623048	0.00023712320459658	0.0102862606057515
TRINITY_DN14188_c2_g2_i2	8.60579973473727	-6.68310691393416	1.7428524419129	-3.83457988365268	0.000125779090457138	0.00613630576526979
TRINITY_DN142_c3_g1_i1	122.911777174675	10.3504795083495	1.81318277722684	5.70845898072118	1.14003644882843e-08	2.52583019878398e-06
TRINITY_DN142_c3_g1_i11	85.6140679042924	-9.99582446494044	1.62484772071503	-6.15185308598743	7.65828039488917e-10	2.59883283858372e-07
TRINITY_DN142_c3_g1_i26	61.1555852509174	-9.51064448632225	1.62567542353292	-5.85027266122638	4.90767827376299e-09	1.27205214348597e-06
TRINITY_DN14222_c0_g2_i3	783.025464694568	6.70339451664368	1.80873727289844	3.7061184159166	0.000210459928748214	0.00932046281937451
TRINITY_DN1424_c1_g1_i11	252983.406479433	3.64814501602278	0.738422251144064	4.94045921607939	7.79387942638742e-07	9.00912754816531e-05
TRINITY_DN1424_c1_g1_i15	5467.6313008295	5.68460591599059	1.40782527947261	4.03786321987349	5.39402872348793e-05	0.00304465356765052
TRINITY_DN1424_c1_g1_i16	29414.9897386614	4.01465034474184	0.875768469272876	4.58414579377936	4.55846103507464e-06	0.000392641019920221
TRINITY_DN1426_c0_g1_i36	102.360038002475	-10.2533985965139	1.86292042402669	-5.50393804494949	3.71400112188699e-08	6.76348419821566e-06
TRINITY_DN14281_c0_g2_i4	25.2890514783639	5.5339427760617	1.39044729757597	3.97997305306666	6.89230804335193e-05	0.00374524916429036
TRINITY_DN14338_c2_g1_i1	8.95845162928167	-6.73957089382997	1.69955196675355	-3.96549857001653	7.32426914840093e-05	0.0039319319853976
TRINITY_DN1435_c0_g4_i3	20.7305807055914	7.78244847959202	1.75680150098756	4.42989630599544	9.42784093515029e-06	0.00071191573131218
TRINITY_DN1435_c1_g1_i11	7536.65331210361	6.22060301544287	1.00467767975024	6.19164050403639	5.95412286210256e-10	2.12283322194912e-07
TRINITY_DN1435_c1_g1_i7	375.884775539196	-12.1301023045638	2.1085171958731	-5.7529065109383	8.77220023354211e-09	2.05898159814956e-06
TRINITY_DN1435_c1_g1_i9	27315.1308046265	-5.92782066689814	1.53382488564633	-3.86473105396268	0.000111211671574905	0.00552774342631548
TRINITY_DN1435_c4_g1_i2	44.5909351464171	3.1953240608771	0.947308422011916	3.3730556877039	0.000743389161479263	0.0251662249065203
TRINITY_DN1436_c0_g1_i3	837.466395823967	-13.2859442093794	1.62297133423943	-8.18618538053573	2.69636291825056e-16	1.51891515910891e-12
TRINITY_DN14420_c0_g3_i1	6.84306252672667	-6.35001998825906	1.73776913981864	-3.65412173732224	0.00025806381074199	0.0110577463894912
TRINITY_DN1443_c0_g1_i9	45.7148463698005	-9.09130360992462	1.81903400886193	-4.99787445734044	5.79657014241577e-07	7.06780063338886e-05
TRINITY_DN14435_c0_g1_i6	15.2247522998999	-7.50459999630237	1.68030647749315	-4.46620904985052	7.96178144648472e-06	0.000626400939166728
TRINITY_DN14455_c0_g1_i1	16.7154524071532	-7.6375068017079	1.86655314928686	-4.09177033326155	4.2809251734535e-05	0.00249896131993436
TRINITY_DN1446_c0_g1_i23	20.3398679098531	7.75562522063329	1.85314530850266	4.18511445651276	2.85022449492196e-05	0.00178796042592365
TRINITY_DN1447_c0_g1_i13	76.2397664238186	-3.02229888266131	0.707993167932081	-4.26882492593664	1.96505422807245e-05	0.00132940874430477
TRINITY_DN1447_c0_g1_i4	42865.2091945823	-3.13742723558029	0.94390866164033	-3.32386740696716	0.000887783948803797	0.0287634182181836
TRINITY_DN1447_c0_g1_i5	2707.22151281143	-5.20295652199072	1.33048011733516	-3.91058570075576	9.2072583867032e-05	0.00476420648597457
TRINITY_DN1447_c0_g1_i9	8035.84688741329	-7.05746883516654	1.99223338434627	-3.54249100061255	0.000396366947082353	0.0154270908772753
TRINITY_DN1447_c0_g2_i1	72.2017992961245	-3.28152452706552	0.977016528394336	-3.35871956276778	0.000783044881334252	0.0261318034687921
TRINITY_DN14476_c0_g1_i1	5.10046247879665	-5.92633419893933	1.78162245020221	-3.32636928675136	0.000879852760275898	0.0286275697103553
TRINITY_DN1449_c0_g1_i3	279.420192281434	-3.14782639077906	0.839296413473375	-3.75055384515702	0.000176444408906664	0.00807632744363077
TRINITY_DN14522_c0_g1_i1	8.17720125684651	6.44086346984417	1.71204780855964	3.76208154798137	0.000168505083777037	0.00777626573948229
TRINITY_DN14522_c0_g2_i3	29.3288239535521	-8.44932795449342	2.18169616705215	-3.87282522749716	0.000107580975487436	0.00539168283910876
TRINITY_DN1455_c0_g1_i19	16.8883866128823	7.48745201647159	1.83420195290799	4.08213065338895	4.46246964452028e-05	0.00259154474242388
TRINITY_DN1460_c0_g1_i14	280.329512739974	11.5400344558402	1.63849297100046	7.04307840197439	1.8803835026732e-12	1.92947391012476e-09
TRINITY_DN14604_c0_g1_i4	159.93499861023	10.7303744778041	2.28859562749952	4.68862840987244	2.75042303986003e-06	0.000258228051135659
TRINITY_DN14624_c0_g1_i1	4.22183618736903	-5.65447182784049	1.80018437979572	-3.14105148967138	0.0016834243345646	0.0460333316210532
TRINITY_DN14634_c0_g2_i3	7.58202222348787	-6.4978107828104	1.83033572156537	-3.55006499968937	0.000385136046318825	0.0151716669658965
TRINITY_DN1466_c1_g1_i14	38.8232307311903	-8.85512392836571	1.66124453587794	-5.33041568361633	9.79882194429458e-08	1.52942895764056e-05
TRINITY_DN1467_c0_g2_i1	30.3614829621577	2.83676756276129	0.816831859809426	3.47289044702925	0.000514885479287863	0.019015206830798
TRINITY_DN1468_c2_g1_i26	47.9299197923544	-9.15856115417067	1.66991794917621	-5.48443781845013	4.14786347890664e-08	7.42555441187825e-06
TRINITY_DN1469_c0_g2_i1	20.0636951441921	-7.90338477449744	1.68618225450015	-4.68714740260406	2.77039435607082e-06	0.000258952192808929
TRINITY_DN1469_c2_g1_i13	10.1509074639415	6.75162394966809	2.00479306987911	3.36774106570272	0.000757867380730215	0.0255132581422079
TRINITY_DN14717_c0_g3_i3	15.3589110387407	-5.62223357088983	1.52780836731956	-3.67993374768176	0.000233294557351437	0.0101560656914383
TRINITY_DN14729_c0_g1_i2	4.67237971574923	-5.80212027752455	1.84512804302944	-3.14456240554357	0.00166335430438645	0.0456776444628036
TRINITY_DN1474_c0_g1_i50	416.933499804318	12.1125895922005	3.50006277894513	3.46067780985663	0.000538817265754462	0.0196414932362901
TRINITY_DN14750_c0_g1_i1	116.869789936128	10.2777806482798	1.6978135010026	6.05353923867998	1.41697536499499e-09	4.3224398697237e-07
TRINITY_DN1476_c1_g1_i1	5.72395118371877	5.92670240681295	1.83571527245155	3.22855210486863	0.00124418591048164	0.0368106516330105
TRINITY_DN14778_c0_g2_i1	673.615942520941	-6.29144171677278	1.34654896969628	-4.67227101157103	2.97887542585144e-06	0.000273596756232168
TRINITY_DN1478_c0_g1_i10	291.804289466999	-11.7647487902893	3.46033561851955	-3.39988662583043	0.000674137988861154	0.0233063117973805
TRINITY_DN14793_c0_g1_i6	11.5284289665497	6.93560221309216	1.75219985457579	3.95822553858805	7.55086413347005e-05	0.00402798559059313
TRINITY_DN148_c0_g1_i6	7.36364280334608	6.29018671458506	1.79061179899355	3.51287013640845	0.000443294085438564	0.0168196962871072
TRINITY_DN148_c1_g1_i10	746.750232765654	-13.1205021689648	1.84038368033754	-7.12922110163375	1.00938481125422e-12	1.21844282544799e-09
TRINITY_DN148_c1_g1_i7	593.445917859491	-12.7889922203657	1.86776451439761	-6.84721875899352	7.52995287248014e-12	5.9464108207367e-09
TRINITY_DN1480_c0_g1_i4	71.9959178922024	-9.74577475163415	1.62616356883436	-5.993108527588	2.05867362547608e-09	5.90962804184933e-07
TRINITY_DN1481_c4_g1_i3	5.62808786326293	5.90155168166676	1.78680950296471	3.3028432364361	0.000957098766223771	0.0303121932340241
TRINITY_DN1484_c0_g1_i12	12.6069833531279	-7.23197211016609	1.67236213436913	-4.32440555878422	1.52943706099634e-05	0.00106805266760387
TRINITY_DN1484_c0_g1_i14	62.381649129704	-7.10189731303619	1.55358786049267	-4.57128785158251	4.84735875115947e-06	0.000412895282011565
TRINITY_DN14866_c0_g1_i12	30.4851193221895	8.33899916189356	1.64825083757154	5.05930224442045	4.20793425918645e-07	5.40176687225317e-05
TRINITY_DN14871_c0_g1_i10	32.1429820085349	3.47976403247526	1.00702186499841	3.45549997812685	0.000549273236223053	0.0199349153043173
TRINITY_DN14871_c0_g1_i4	13.7128857635593	4.28328015186319	1.32574894525902	3.23083806114313	0.00123427847778548	0.036632969025612
TRINITY_DN14871_c0_g1_i7	8.23792725862774	6.45107913284773	1.83186111329884	3.52159838211235	0.000428953466407692	0.0164081982818095
TRINITY_DN149_c0_g1_i11	98.501126807803	-10.1983688397347	1.69127025965786	-6.03000542432396	1.63954176002922e-09	4.95313769671549e-07
TRINITY_DN14900_c0_g1_i2	13.4516573642007	-7.32642467599491	1.86220148322018	-3.93428140940251	8.34459712866973e-05	0.00438108130515159
TRINITY_DN1492_c1_g1_i13	345.009710370624	11.8395544410013	1.74161034537369	6.79805013357388	1.06044556879898e-11	7.79178518890231e-09
TRINITY_DN1492_c1_g1_i3	105.367690302096	-10.2952491144896	1.62715032989592	-6.32716530570851	2.49705811530912e-10	1.03939121491325e-07
TRINITY_DN1492_c1_g1_i4	104193.793912719	-2.70291337966071	0.821569865207409	-3.28993734328163	0.00100209694270004	0.0313495695906211
TRINITY_DN1492_c1_g1_i7	810.814504904192	-2.86880068002721	0.909452365254815	-3.15442654242085	0.00160813856711673	0.0445815264580806
TRINITY_DN14938_c0_g1_i30	10.2559927739868	-6.93600011998997	1.73703888001511	-3.99300222913238	6.52419548934612e-05	0.00358440487944583
TRINITY_DN14954_c0_g1_i11	228.902672652633	4.09321819746033	1.04350090547071	3.92258231497551	8.76049486708744e-05	0.00456940923011824
TRINITY_DN14954_c0_g1_i4	653.402718399397	10.471446642785	2.44502198981538	4.28276174464006	1.84587793891743e-05	0.00125784672647294
TRINITY_DN14961_c0_g1_i47	21.456021026597	7.83249144854215	1.75824122480156	4.45473086289746	8.39984993436303e-06	0.000651763562675672
TRINITY_DN14979_c0_g1_i2	12.4571849228017	-7.21468437585907	2.13259470892931	-3.38305461682462	0.00071684374779596	0.0245031808257536
TRINITY_DN1498_c1_g1_i3	237.59883778565	11.3013105788109	3.4392429195327	3.28598788838867	0.00101625379528637	0.0316401669838274
TRINITY_DN1499_c0_g1_i5	243.837031409062	11.3387158121764	3.43149238043409	3.30431035686637	0.000952103670487017	0.030187938442331
TRINITY_DN1503_c0_g1_i14	25.4684729248276	8.07971996641598	1.87061478893452	4.31928583811639	1.56534930081757e-05	0.00108863280016858
TRINITY_DN1504_c0_g1_i1	51.9422887548769	-5.201161685748	1.6413533426718	-3.16882510945604	0.00153056463908521	0.0429381311000736
TRINITY_DN1506_c1_g1_i9	55.9211966705113	-6.94480097631239	1.69858455199034	-4.08858126501547	4.34019501083705e-05	0.00252748310148663
TRINITY_DN15065_c0_g2_i1	18.237786377375	-3.16306696581107	0.815570762671945	-3.87834766838421	0.000105168347664319	0.00529274272837383
TRINITY_DN1507_c0_g1_i3	95.0684950248078	2.41402536591889	0.612532308203549	3.94105802026803	8.11229993013406e-05	0.00427618914221128
TRINITY_DN1508_c0_g1_i12	151.573364643318	-10.819908402353	1.62907789964613	-6.64173788417564	3.10005909736032e-11	1.80654340419829e-08
TRINITY_DN15098_c0_g1_i6	10.0228703140283	-6.90227524312266	1.70512545320039	-4.04795742751222	5.16665407860601e-05	0.00293987835915186
TRINITY_DN151_c0_g1_i17	152.862021787692	10.6650263779167	3.38733766130298	3.14849815527818	0.00164111759138613	0.0453025659055684
TRINITY_DN151_c0_g1_i3	58.6106687752309	-9.44942327509805	1.77753537691916	-5.3160254348782	1.06058331000025e-07	1.6205636261917e-05
TRINITY_DN1511_c5_g1_i13	11.8510475161893	-7.14353498623554	1.85966666962808	-3.84129860630571	0.00012238512502669	0.00598308199841308
TRINITY_DN1511_c5_g1_i14	13.5432910172257	7.16802572625065	1.7594097020952	4.07410833174022	4.61909780507678e-05	0.00266966160282748
TRINITY_DN15110_c0_g1_i1	10.6101530497944	6.81707111690628	1.8801037894502	3.62590148222604	0.00028795512901083	0.0121013395311798
TRINITY_DN15119_c0_g1_i1	22.1549908879382	7.87848311719705	1.87875216755503	4.19346588296952	2.74724411310348e-05	0.00174015467068229
TRINITY_DN15119_c0_g1_i4	28.1833033779198	8.22576528904339	1.93736669998633	4.24584839261531	2.17767846354372e-05	0.00144321156715699
TRINITY_DN15121_c0_g1_i1	5.30097788769445	-5.98171991417431	1.80667984996784	-3.31089092197534	0.000929994521787606	0.0297384334998314
TRINITY_DN15157_c1_g1_i13	5.04516877037421	-5.91470298113225	1.87409751424878	-3.15602733377676	0.00159933871891532	0.0443958354372231
TRINITY_DN1517_c0_g1_i9	6.68401583645165	6.14973702072386	1.72673369055906	3.56148551125609	0.000368762461293084	0.0147049034706668
TRINITY_DN1519_c0_g1_i15	346.7290987161	11.8467142857062	1.61204112087962	7.34889087645726	1.99858263322533e-13	3.51825490296404e-10
TRINITY_DN1519_c0_g1_i16	317.49232693352	-11.886622517534	1.61886510213183	-7.3425651722808	2.09538431903049e-13	3.61338335080486e-10
TRINITY_DN15221_c0_g1_i1	22.0662437053036	-8.04100347777505	1.77416995606837	-4.5322622279064	5.8355344834886e-06	0.000485325780301004
TRINITY_DN15224_c0_g1_i5	5.37866188079611	-6.00430783176378	1.76684403892111	-3.39832362081613	0.000678001658596552	0.0233931335843575
TRINITY_DN1523_c0_g1_i12	129.884279607718	-10.5971954196559	1.66094464779366	-6.38022190187541	1.76831567550578e-10	7.7822467681712e-08
TRINITY_DN15254_c0_g1_i2	12.0762768150185	-7.17151246866936	1.72645061710322	-4.15390535797794	3.26848404997677e-05	0.00199798317779422
TRINITY_DN15257_c0_g1_i2	6.33970430655157	-6.23640397145013	1.98145420603145	-3.14738738471312	0.00164736549833835	0.0454305123624655
TRINITY_DN1528_c0_g2_i2	435.383641640416	-12.3421053823913	2.60895304725625	-4.73067362993407	2.23776037054234e-06	0.000218344429318807
TRINITY_DN153_c1_g1_i5	22.3891797593549	6.92225817579341	1.55891557844714	4.44043171515983	8.97785895586197e-06	0.000683433446894076
TRINITY_DN153_c2_g1_i2	21.6539382065504	7.84569223848389	1.70252181489498	4.60827706866584	4.06019387594972e-06	0.000354786206959669
TRINITY_DN153_c2_g1_i8	30.4649130962155	8.33815292086284	1.87360930072694	4.45031571823843	8.57441425402673e-06	0.00066105917485105
TRINITY_DN1531_c0_g1_i25	196.076229713889	-11.1911954848759	1.75599049210047	-6.37315266524552	1.8518138114151e-10	8.06569914623468e-08
TRINITY_DN1531_c0_g1_i44	204.281227381546	-11.2505055665683	1.62432370140862	-6.92627064224438	4.32079491743176e-12	3.88402690354414e-09
TRINITY_DN1531_c0_g1_i49	76.6518960476112	9.66930553135514	1.60999659888098	6.00579252035424	1.90399547017119e-09	5.5286532384373e-07
TRINITY_DN15359_c1_g1_i1	13.2828830506784	6.15739565970995	1.53754014004108	4.00470563295045	6.20947559869638e-05	0.00343832417522049
TRINITY_DN1537_c0_g1_i4	38.7001215014679	8.68325680684481	1.6454380798853	5.27717020348169	1.31194023034723e-07	1.95513801735239e-05
TRINITY_DN15377_c0_g1_i4	6.41279794209053	6.08961205945607	1.84667254817056	3.29761335624383	0.000975103058067116	0.0307326587842429
TRINITY_DN154_c0_g1_i13	28.5352424287647	-8.41159932241738	1.74490828537214	-4.82065412430741	1.43088257706348e-06	0.000148555123723038
TRINITY_DN1540_c1_g2_i3	136.070917894818	-8.25157157286608	2.20090446908784	-3.74917298263561	0.00017741868112647	0.00809177858050905
TRINITY_DN1541_c0_g2_i2	14.9482630755427	7.31117709924657	1.72256258536093	4.2443607921013	2.19217404115137e-05	0.00144714314163444
TRINITY_DN1544_c0_g1_i13	22.4636640146528	-5.2001442338945	1.59570060643036	-3.25884706249965	0.00111865954918518	0.0339162162135089
TRINITY_DN1544_c0_g1_i6	55.9703667672895	9.21562188336538	1.61829745961535	5.69464027061864	1.23632307953028e-08	2.71342409283506e-06
TRINITY_DN15457_c0_g1_i1	6.63706249267353	-6.30295553684737	1.92808456470237	-3.26902442571046	0.00107918984964406	0.0330701217171627
TRINITY_DN15457_c0_g1_i12	5.2728066051774	-5.97427318836519	1.76807758623112	-3.37896551310291	0.000727591347767057	0.024800328238653
TRINITY_DN15476_c0_g1_i1	11.2587252298512	-7.06824717005146	1.8268842426711	-3.86901753540603	0.000109274783843286	0.00545392834328999
TRINITY_DN1549_c0_g1_i5	14.2239674171259	-5.52785076036028	1.53172280375708	-3.60891066373192	0.000307485467080605	0.0127549862530078
TRINITY_DN15515_c0_g1_i3	17.5839615731095	7.54508949406107	2.00143559916591	3.769838758342	0.000163353048581286	0.00759241248571038
TRINITY_DN1552_c0_g1_i15	57.7827111288503	-8.46295724302806	1.59042119237135	-5.32120502645568	1.03082147040179e-07	1.5836791382911e-05
TRINITY_DN1552_c0_g1_i19	15.689685824326	5.48429162358172	1.67815951610505	3.26803952243502	0.00108295241817757	0.0331548237069451
TRINITY_DN1552_c0_g1_i20	125.549946928981	-10.5482442046033	1.98610370762049	-5.31102387258562	1.09011048079567e-07	1.6596784757887e-05
TRINITY_DN1553_c0_g1_i6	1004.5738702838	-10.0961562193108	1.10377247755583	-9.14695412741903	5.85613709693199e-20	7.069026748808e-16
TRINITY_DN1555_c1_g1_i7	60.6547909780916	-9.49854475870713	1.68320521819329	-5.64312934396831	1.66986798373493e-08	3.46684287198118e-06
TRINITY_DN1557_c0_g1_i8	8.26827185722451	6.45725411020717	1.79270157287835	3.60196822934642	0.000315816968738001	0.013042503019112
TRINITY_DN1557_c0_g1_i9	20.9747536728868	7.79944079683801	2.32677379476775	3.35204084487143	0.000802181828511446	0.0266546441783563
TRINITY_DN15588_c0_g1_i8	9.96900676562175	-6.89210721886391	1.95591959805502	-3.52371704118997	0.000425538421095677	0.01629970331176
TRINITY_DN15622_c0_g1_i2	37.5418470892687	-8.80715087725129	1.84655462267416	-4.76950465970883	1.84679471572317e-06	0.000183588776340207
TRINITY_DN15676_c0_g1_i3	9.81566601198816	-6.8712934273444	1.69169487206332	-4.06178060879479	4.86998341083496e-05	0.00279554251527672
TRINITY_DN15699_c1_g1_i3	5.48334513167274	5.86381324213984	1.76367066945785	3.32477788721313	0.000884890003677939	0.0287476066915284
TRINITY_DN1574_c0_g1_i5	97.7945685158324	-10.1876587642883	1.73843715826812	-5.86023988030577	4.62199011169239e-09	1.20539790264748e-06
TRINITY_DN1576_c1_g1_i4	6.05236814457659	6.00683342832546	1.83445142698731	3.27445760621221	0.00105865022531067	0.0325964446856824
TRINITY_DN15760_c0_g4_i1	6.53022641527823	-5.28358534334975	1.6867264880807	-3.13244938090815	0.00173354317081558	0.0470020127061596
TRINITY_DN15781_c0_g1_i7	6.6043893734545	6.13331942183673	1.81382639056475	3.38142583752301	0.000721106953724761	0.0246289795375242
TRINITY_DN1579_c0_g1_i8	4.2455012206888	-5.6619151396906	1.80087094598728	-3.14398716482519	0.0016666274955544	0.0457526608574904
TRINITY_DN158_c1_g1_i10	90.907054132141	9.9153623546341	1.61883805044434	6.12498721037136	9.06908910472851e-10	2.9817894598107e-07
TRINITY_DN158_c1_g1_i13	80.6278128082033	9.74225794279659	1.60967730983235	6.05230494540004	1.42787841300074e-09	4.34003130006247e-07
TRINITY_DN159_c0_g1_i13	1500.90445656587	-14.1276699760616	1.80768442519825	-7.81534087428576	5.48144852570049e-15	1.781428605864e-11
TRINITY_DN159_c0_g1_i2	1063.1947322537	-13.6300553778457	3.60658892302157	-3.77920957136044	0.000157326973382932	0.0073847082600579
TRINITY_DN15902_c0_g1_i1	12.5459791275212	-7.22660278614047	1.73287123315573	-4.17030570296912	3.04191308979505e-05	0.0018871921605103
TRINITY_DN15906_c5_g1_i1	23.1097582959723	-8.10656286279676	1.87576869288902	-4.3217284164772	1.54811672091935e-05	0.00107931325647065
TRINITY_DN1591_c0_g1_i2	40.3143014646716	-2.529845988027	0.747118429029157	-3.38613784606332	0.000708837679872349	0.0242884696974265
TRINITY_DN1595_c0_g1_i12	1175.11043418004	-1.97292754665023	0.498479468275919	-3.95789129183988	7.56143545881784e-05	0.00403107995835451
TRINITY_DN15966_c0_g1_i3	4.86388262625249	-5.85947705836351	1.78561365089625	-3.2814920828044	0.0010325942331893	0.0320308911586011
TRINITY_DN15993_c0_g2_i2	6.22017487196572	-6.21127311923872	1.77059945166006	-3.50800578494206	0.000451479232295454	0.0170502092911031
TRINITY_DN1600_c0_g1_i12	48.8363340566816	-6.00492854146454	1.60529109001688	-3.74071006735694	0.000183501103242294	0.00833179807725273
TRINITY_DN1600_c0_g1_i4	385.39307766114	-12.1661798218295	1.72766458989422	-7.04198019279561	1.89526775237704e-12	1.92947391012476e-09
TRINITY_DN1600_c0_g1_i5	72.3215424144425	-9.75203483949542	1.82133484103422	-5.35433387633316	8.58721719754907e-08	1.37685517790987e-05
TRINITY_DN16062_c0_g1_i2	275.115690422433	11.5128221381625	3.45620479707354	3.33105901244935	0.000865162593939796	0.0282827000898063
TRINITY_DN1607_c0_g1_i10	218.129927466565	11.1779753084161	3.42728407614767	3.26146740686296	0.0011083717378489	0.0337253133254435
TRINITY_DN1607_c0_g1_i4	6758.1185976747	-16.2984472138752	1.76917915520069	-9.21243457225016	3.1881045552627e-20	4.48980764517646e-16
TRINITY_DN16093_c0_g1_i1	5.41126893185685	-6.01509077304198	1.83262022317289	-3.2822352918423	0.00102987630039476	0.0319583134890769
TRINITY_DN16101_c2_g1_i1	17.1530742604954	-7.67722189968023	1.67661019604624	-4.57901420245717	4.67172480098844e-06	0.000399950762141765
TRINITY_DN16103_c0_g1_i10	21.5393486998233	-4.73569011340818	1.39321635843655	-3.39910602163939	0.000676065037272129	0.0233453794521538
TRINITY_DN16105_c0_g1_i2	15.8083118223081	-4.66399503317303	1.26219084080843	-3.69515835670757	0.000219749783468637	0.00966098709861233
TRINITY_DN16109_c0_g1_i4	10.910388698623	4.87513168995156	1.54587952927805	3.15362976067632	0.00161253521712286	0.0446594561705827
TRINITY_DN16151_c0_g1_i4	38.929283416133	8.69174284206435	1.66364568226693	5.22451561333706	1.74611594607563e-07	2.52642645910101e-05
TRINITY_DN16151_c0_g1_i6	22.3776741609323	3.57049837778313	0.902358471402582	3.95685139657782	7.59441412237369e-05	0.00404610847737914
TRINITY_DN162_c0_g1_i24	147.963148011102	2.13532201483312	0.539090059854804	3.96097456407977	7.46444847140855e-05	0.00399449630739125
TRINITY_DN1620_c0_g1_i2	181.231173989593	-11.0778471674266	1.64203899142528	-6.7463971472511	1.51561414992017e-11	1.04118995479638e-08
TRINITY_DN1620_c0_g1_i7	11.5402571932212	-6.12466586251587	1.60816933466455	-3.80847074402985	0.000139828886166426	0.0066752888267179
TRINITY_DN1622_c0_g1_i19	38.5193965647062	8.67663329411023	1.79154527486679	4.84310020842503	1.27828778772996e-06	0.000135865108789442
TRINITY_DN1625_c0_g1_i2	88.7457192445129	-5.32665339178944	1.28100745598034	-4.15817516668007	3.20799997128155e-05	0.00196855179065612
TRINITY_DN1627_c0_g1_i12	81.0851085484777	-9.91730501284509	1.65091815267372	-6.00714517360152	1.88818438660502e-09	5.52068526987372e-07
TRINITY_DN1627_c0_g1_i18	19.9754853391234	-3.9730494998386	1.25140312448905	-3.17487580307969	0.00149900645349885	0.0421928871777966
TRINITY_DN1627_c0_g1_i2	8.49889560250692	-6.66304688398771	1.94427094092771	-3.42701561995697	0.000610253965730749	0.0216115840722199
TRINITY_DN1628_c0_g1_i8	178.329994052079	6.1232389625329	1.46038300526026	4.19289935618064	2.75411651167469e-05	0.00174287080309791
TRINITY_DN163_c1_g2_i2	17.9622060926332	-7.74193624665152	1.7094899535232	-4.52879891496037	5.93199183565263e-06	0.000492378630775026
TRINITY_DN163_c9_g1_i2	6.30811728342339	6.06528792796395	1.82514523644602	3.32318097587372	0.000889971555613925	0.0288015383019017
TRINITY_DN16306_c0_g1_i3	236.715281993362	-6.66826019937036	0.90435744659793	-7.37347851168303	1.6623249254607e-13	3.19234389889951e-10
TRINITY_DN1631_c1_g1_i2	64.9413775873729	2.13658025094068	0.614943028800142	3.47443608737139	0.000511928302378558	0.0189308173717214
TRINITY_DN16313_c0_g2_i2	17.4577140851247	-7.70056707011446	1.86219348125795	-4.13521320293343	3.54625246171428e-05	0.00213883826202664
TRINITY_DN1632_c0_g1_i2	38.6404885686977	6.32067275493921	1.45972708207238	4.33003732859824	1.49084067782969e-05	0.00104715756937035
TRINITY_DN1633_c1_g1_i26	51.6660302303431	8.13340639146613	1.72030337517573	4.72789073650182	2.26864202513347e-06	0.000220593456662518
TRINITY_DN1635_c0_g1_i1	10.3066248218367	-6.94291137209733	2.08370657743119	-3.33200050683556	0.000862240991822472	0.0282065967197117
TRINITY_DN1637_c0_g1_i10	44.9321506331037	-9.06560804552618	1.63658681639717	-5.5393383074437	3.03616622429079e-08	5.68846948159918e-06
TRINITY_DN1639_c0_g1_i6	23.7845962091837	7.98089517580707	2.47234020591792	3.22807320639109	0.00124627075871824	0.0368207645350259
TRINITY_DN16454_c0_g1_i1	18.435069425039	-7.78045479263028	1.76944729844517	-4.39711021597933	1.09701646993927e-05	0.000808157782710794
TRINITY_DN16454_c0_g1_i2	11.5633358460936	6.9400905554739	2.04108089706922	3.40020357127399	0.000673357016085293	0.0233047127369849
TRINITY_DN16463_c2_g1_i2	10.7922544179052	-7.00844666294196	1.80436526881617	-3.8841618069606	0.000102683510318186	0.00519144178526524
TRINITY_DN1648_c0_g1_i7	207.019336348292	-11.2695700515277	3.41523668765741	-3.2997918101125	0.000967565774068529	0.0305635038419599
TRINITY_DN165_c1_g2_i59	32.8431780350761	-8.61360923232605	1.65265055593258	-5.2119966930731	1.86818880353413e-07	2.66652394461194e-05
TRINITY_DN165_c2_g2_i4	361.150121752917	-12.0724848311316	1.85426765003461	-6.51064846593548	7.48270705219757e-11	3.80887819576259e-08
TRINITY_DN165_c3_g3_i1	24.9299863064186	-8.21604377681179	1.66832757594025	-4.92471855965177	8.44818567881412e-07	9.64668639849237e-05
TRINITY_DN165_c4_g1_i17	21.4840677046934	-8.0020548457984	1.74668736639597	-4.58127481754759	4.62150052309693e-06	0.00039685726748033
TRINITY_DN16536_c0_g1_i3	11.986350342614	6.99183104568844	1.75052583487366	3.99413188106021	6.4931716614144e-05	0.00357200533233199
TRINITY_DN1655_c0_g1_i14	22.8197972613683	7.92141384419499	2.09499154186636	3.78111972573315	0.000156124563686224	0.00733715983445969
TRINITY_DN1655_c0_g1_i6	29.7299089554618	8.30308075054276	2.01166558295414	4.12746572834917	3.66783074198893e-05	0.0022011673440098
TRINITY_DN1656_c0_g1_i8	95.3197674616779	9.98372158698174	1.64478443181478	6.06992709431605	1.27968330364717e-09	3.93202471969377e-07
TRINITY_DN1656_c7_g1_i3	32.0613862800014	-6.72725578790429	1.64463195196797	-4.0904323790222	4.30569736940761e-05	0.00250912287117382
TRINITY_DN16591_c1_g1_i3	12.3602181842817	7.03700511250542	1.75616369162041	4.00703257109955	6.14863865809908e-05	0.00340937355066554
TRINITY_DN1660_c0_g1_i4	400.607289065457	12.0549605353504	3.53573157020892	3.40946712044606	0.000650899234102293	0.0227271419351965
TRINITY_DN1660_c0_g2_i1	25.799456755174	-4.15036065687446	1.10241096908161	-3.76480348370627	0.000166680117523396	0.00771739167445719
TRINITY_DN1663_c0_g1_i10	135.637366256802	6.0940110298437	1.91995972052436	3.1740306656951	0.00150337806387472	0.0422877628632777
TRINITY_DN1663_c0_g1_i11	39.9005602959778	5.44001416267089	1.42335621608553	3.82196255666191	0.000132393795877495	0.00638892687838755
TRINITY_DN1663_c0_g1_i2	22.8689838961857	7.92430733497673	2.04999007075408	3.86553449600945	0.000110846179837117	0.00551281960204631
TRINITY_DN1663_c0_g1_i4	68.352765000891	5.12311580298707	1.36115931609492	3.7637885164574	0.000167358433978743	0.00774025886936827
TRINITY_DN1665_c0_g1_i2	23.5289134913469	-8.13203312354936	1.65021712795826	-4.92785645341758	8.31366588614719e-07	9.53172510241065e-05
TRINITY_DN1665_c0_g1_i4	16.4385417739992	3.91011001843117	1.18474666332361	3.30037647665704	0.000965552076160769	0.0305113011710668
TRINITY_DN167_c0_g2_i3	15.9367449821311	-7.56990391221643	1.66436612169431	-4.54822037864503	5.41014657200961e-06	0.000456234096847972
TRINITY_DN167_c1_g1_i4	176.712665026364	10.8743348222791	1.64186895359908	6.62314419091842	3.51637703676333e-11	2.03113775380893e-08
TRINITY_DN167_c1_g1_i8	294.044662561842	-11.7759134489696	1.67831309448211	-7.01651764958874	2.2746618219206e-12	2.23493458870519e-09
TRINITY_DN16704_c0_g1_i1	7.35904604925728	-6.45322841422587	1.82747670190895	-3.53122335703921	0.000413642297871991	0.0159481670216083
TRINITY_DN1672_c0_g1_i16	25.903357661847	-8.27098508465249	1.95328325572468	-4.23440126280298	2.29161442638094e-05	0.00149642067851883
TRINITY_DN16738_c0_g1_i23	16.3626269394725	7.44123742827427	2.09590782723822	3.55036482595688	0.000384697636468233	0.0151685398442803
TRINITY_DN1674_c0_g1_i2	257.65718788708	-9.1650989482525	1.52260516861322	-6.01935362967408	1.75114923552796e-09	5.21016225717047e-07
TRINITY_DN16741_c0_g2_i1	350.696131480895	-8.86323577857476	1.65675514616068	-5.34975599690406	8.80728967010548e-08	1.39886910252739e-05
TRINITY_DN1679_c0_g1_i2	818.911731678765	-2.6838867457035	0.480813442665758	-5.58197110884279	2.37807888278625e-08	4.66224847883231e-06
TRINITY_DN1679_c0_g1_i5	29.3670609182642	-8.45217493681464	1.63037655371356	-5.18418577448435	2.1696059387053e-07	3.04530502672292e-05
TRINITY_DN168_c0_g2_i9	148.624438871757	-10.7915718519138	1.67167294973319	-6.45555211839504	1.07825063442733e-10	5.11854056785621e-08
TRINITY_DN1680_c0_g1_i19	69.4406002962199	9.52682301707041	2.31747708382931	4.1108596428184	3.94188776069991e-05	0.00233215098949138
TRINITY_DN16808_c0_g1_i1	7.0007541181822	-6.38338999436006	1.86937093057887	-3.41472625359771	0.000638461430613498	0.0223944676391258
TRINITY_DN16808_c0_g1_i3	26.4369143971089	-8.3011154008757	1.74171115944871	-4.76606890634103	1.87855036732024e-06	0.000186088802975176
TRINITY_DN1681_c1_g1_i5	37.3198594138755	-8.79770154508858	1.83840519926837	-4.78550732373352	1.70555966571798e-06	0.000173634193534745
TRINITY_DN1686_c0_g1_i38	64.4805688863486	9.41992667541697	1.66035804174622	5.67343093391467	1.39965545800099e-08	3.00900433222072e-06
TRINITY_DN16869_c2_g1_i12	9.48345275640753	6.65410762743527	1.82457226151539	3.64694113123739	0.000265380693056752	0.011313893946473
TRINITY_DN16881_c0_g1_i4	10.5297564074426	-6.97334207124125	1.83099928803774	-3.80848977757632	0.000139818125408363	0.0066752888267179
TRINITY_DN1689_c1_g1_i2	13.0488782810307	6.13560467136652	1.7512740155073	3.5035092264469	0.000459170748416193	0.0172533878476727
TRINITY_DN16899_c0_g1_i1	16.8599761788928	6.50576517435458	1.57160672230982	4.13956308661808	3.47967902865567e-05	0.00210922466688197
TRINITY_DN1691_c3_g1_i4	6.33722528992402	-6.24137265141688	1.76388032077008	-3.53843317935085	0.000402509141832095	0.0156086358267684
TRINITY_DN1692_c0_g2_i1	24.4661354724073	-8.18835882142508	1.66863421704711	-4.90722216874801	9.23753746641551e-07	0.000103797000111327
TRINITY_DN1692_c0_g2_i3	32.0866475460837	8.41292388762859	1.74267983994179	4.82757859177943	1.38203154366515e-06	0.000144528343287894
TRINITY_DN1693_c0_g1_i3	29.2006623267323	8.27694407918743	1.64607890095141	5.02827906633361	4.94901282846569e-07	6.14973067617197e-05
TRINITY_DN1693_c0_g1_i4	94.4189742533837	-3.91810447115236	1.04434778096604	-3.75172384387895	0.00017562285193005	0.00804760289717211
TRINITY_DN1693_c1_g1_i4	12.6329015110463	-7.23486231738055	1.67767111485246	-4.31244375213364	1.61459966109726e-05	0.00111736643868465
TRINITY_DN1694_c0_g1_i61	35.3628295187674	8.55337870251407	1.68463458293576	5.07729022611443	3.82855833581568e-07	4.98467676825505e-05
TRINITY_DN1694_c1_g1_i10	74.3735791131911	-9.79273236255103	1.61529471360568	-6.06250505252481	1.34017596876778e-09	4.10297786264276e-07
TRINITY_DN1694_c1_g1_i7	47.2707055085642	8.97184706409341	2.3733429565033	3.78025731153151	0.000156666363815603	0.00735852941061189
TRINITY_DN16954_c0_g1_i6	12.0315772626995	-5.28913532635897	1.50380826114358	-3.51716070660286	0.000436189605472695	0.0166172900285085
TRINITY_DN16960_c1_g1_i1	6.96830005267827	-5.38330431760526	1.58048462779071	-3.40610988740228	0.00065895650420793	0.0229326633824389
TRINITY_DN16986_c0_g1_i3	11.5053808874697	-7.09962536333109	1.83136114267162	-3.87669324083945	0.000105885718866679	0.00531618031657553
TRINITY_DN16995_c3_g1_i2	8.14677967694749	-4.67876473521383	1.42267971214814	-3.28869857021385	0.00100651756143782	0.0314413016289733
TRINITY_DN1700_c0_g1_i7	17.4907067667785	-7.70612520889277	1.85369167783115	-4.15717743196056	3.22203745040352e-05	0.00197429819060331
TRINITY_DN1701_c0_g1_i11	17.0413905748396	7.49974707378829	1.89814229348209	3.95109845006941	7.77933122029356e-05	0.00413160232213931
TRINITY_DN17014_c0_g1_i13	40.3749350640502	-8.91100938182022	1.67207679270099	-5.32930629784402	9.85886057561695e-08	1.52942895764056e-05
TRINITY_DN1704_c0_g1_i3	133.74195970514	-10.6392609367992	3.35375322194809	-3.17234460400137	0.00151213460141001	0.042519916655555
TRINITY_DN17048_c0_g2_i1	10.2052053147617	-6.92942167649141	1.90392687376097	-3.63954192358407	0.000273123470225304	0.0116205372543292
TRINITY_DN1707_c0_g1_i5	1176.97703943934	-13.7769370734266	1.63001571473305	-8.45202714851303	2.8628800462323e-17	2.01589698455447e-13
TRINITY_DN1708_c0_g1_i16	220.376210113062	2.8526118412992	0.656735685234207	4.34362241223712	1.40152323613646e-05	0.00099371383741527
TRINITY_DN17087_c0_g1_i10	8.21563507167501	6.44732110955659	1.93040258765306	3.33988420384118	0.000838133288875207	0.0275566484993686
TRINITY_DN17122_c2_g1_i2	6.6224099577483	-6.30017213073118	1.94329295735219	-3.24200842024119	0.0011869051555586	0.0355264299803012
TRINITY_DN17125_c0_g1_i4	174.248607621504	7.24099644423415	1.89188251148165	3.82740281190256	0.000129502491061696	0.00627448479915777
TRINITY_DN17125_c0_g1_i5	160.178950378593	-10.8994655565781	3.37820585968084	-3.22640656292267	0.00125355153933605	0.0369583384406201
TRINITY_DN1717_c0_g1_i32	52.9513198214301	-9.3022809962025	2.11656772146861	-4.39498387027653	1.10780979222211e-05	0.000813980102810298
TRINITY_DN17187_c0_g1_i1	6.21589493274605	5.04329809502187	1.59945712967448	3.15313114772153	0.00161529219400991	0.044721153279636
TRINITY_DN1724_c0_g1_i16	350.766061337102	-1.92651126895169	0.566225664401815	-3.4023736295792	0.000668032414099569	0.0231974067840075
TRINITY_DN17259_c0_g1_i1	18.4901932720179	-7.78505218885899	2.04086087687465	-3.8145923012552	0.000136407946440171	0.00655269963519136
TRINITY_DN1728_c3_g1_i2	6.20014012860236	6.04171915639952	1.74393392011626	3.46441977342624	0.000531376611646018	0.0194549164675554
TRINITY_DN173_c0_g1_i4	103.274343216842	-2.40883597196719	0.761318159430024	-3.16403325223533	0.00155599016809839	0.0435069679761673
TRINITY_DN17301_c1_g1_i1	5.95317061230587	-6.14927677742711	1.88930163904473	-3.25478825103667	0.00113476938625517	0.034302675017705
TRINITY_DN1731_c0_g1_i2	10.7826135808118	6.8403147455955	1.81094145218321	3.77721473952074	0.000158591986305442	0.00741900122887147
TRINITY_DN17336_c1_g1_i11	6.12670420464696	6.02361795119529	1.92725484117918	3.12549115067199	0.00177508410734179	0.0478898649112919
TRINITY_DN1734_c0_g1_i5	80.6805354073747	-9.9101369650417	1.61965346878567	-6.11867733193062	9.43552416733028e-10	3.06647277342721e-07
TRINITY_DN17340_c0_g1_i10	12.4839313383353	7.05096940184917	1.89916738683516	3.71266348123171	0.000205089501459604	0.00911607190654055
TRINITY_DN17363_c1_g1_i1	16.9323512108634	-7.65813730172619	1.72912380611978	-4.42891207363072	9.47096218673075e-06	0.000714533359691406
TRINITY_DN17363_c1_g1_i2	13.0016785800659	7.10984073440402	1.83693348037952	3.87049439206425	0.00010861485579225	0.00543382953507021
TRINITY_DN1738_c0_g1_i1	6.35433309080051	6.07710823999868	1.75582659633497	3.46110957237107	0.000537953806126088	0.0196269519473412
TRINITY_DN1738_c0_g1_i2	19.1110681442774	-7.83183007681396	1.66632751716233	-4.70005445877242	2.60092121089724e-06	0.000247491712250445
TRINITY_DN1738_c0_g1_i4	15.4171677107266	7.35532074201468	1.72959564527942	4.25262445710334	2.11279724964082e-05	0.00141081345258815
TRINITY_DN1739_c0_g1_i5	40.3602834154104	8.74371272806396	1.73771675263385	5.03172494298115	4.86086329825289e-07	6.0702596201791e-05
TRINITY_DN1739_c0_g2_i2	420.319736393786	-10.4052437424409	1.49072745815805	-6.97997724902558	2.95227868497713e-12	2.77179604803553e-09
TRINITY_DN17392_c0_g1_i1	10.1589198956208	6.75379861091032	1.85658570117684	3.63775214181025	0.000275027900973487	0.0116721785918924
TRINITY_DN17399_c0_g2_i2	259.280386553242	11.4272967917577	3.44666743095186	3.31546255061859	0.000914915988584071	0.0294144097626101
TRINITY_DN17419_c0_g1_i1	38.5042341018488	-4.44313545591569	1.31635507435873	-3.37533203803707	0.000737266802442258	0.0250191045272152
TRINITY_DN17419_c0_g1_i8	12.9788645124484	-7.27286891532922	1.80040901657738	-4.03956481464146	5.35504686335831e-05	0.00302467078783456
TRINITY_DN17420_c0_g1_i1	16.4604662544157	-7.61696389771999	1.6579096909587	-4.59431773591686	4.34167415453551e-06	0.000376269520728146
TRINITY_DN17443_c0_g1_i1	40.6016791898084	8.75260756370501	1.70666528731676	5.12848513926593	2.92082949848407e-07	3.98439689892966e-05
TRINITY_DN17443_c0_g1_i2	66.2990023855841	-9.62728313268521	1.92126534344049	-5.01090761125438	5.41739202365653e-07	6.66315562176025e-05
TRINITY_DN17478_c0_g1_i7	7.52249327607436	6.32069046891599	2.02315944579714	3.12416823204243	0.00178308477218978	0.0480137265149511
TRINITY_DN17480_c0_g1_i2	7.77028840823714	6.36788928587939	1.88977401916573	3.36965648871106	0.00075261942680144	0.0253972988521837
TRINITY_DN17497_c0_g1_i1	4.45841603991319	-5.73120297210352	1.8319381253154	-3.12849156470108	0.00175706054299089	0.0475097925637262
TRINITY_DN17497_c0_g1_i2	7.56384181532344	-6.49705458418198	1.95982890047239	-3.3151131624888	0.000916060325476794	0.0294217831475428
TRINITY_DN17497_c0_g1_i4	16.5829315359615	7.4606097722217	1.67795200688737	4.44625933375844	8.73784563000208e-06	0.000668777608735431
TRINITY_DN175_c0_g1_i2	85.2883009196179	-7.14965406915205	1.84062404113532	-3.88436416637373	0.00010259803224707	0.00519121468791195
TRINITY_DN17507_c1_g2_i1	8.08651423099638	-6.59340073310305	1.77788485759224	-3.70856453664407	0.000208437538534636	0.00925029156045151
TRINITY_DN17515_c0_g1_i2	15.2755397591251	-7.50870861683947	1.67393304500393	-4.48566843175132	7.26857004535478e-06	0.000582713123047806
TRINITY_DN1752_c0_g1_i1	10.5872327598101	-6.98095461435577	1.69835898086478	-4.11041169329301	3.94954304929075e-05	0.00233376565439839
TRINITY_DN1753_c0_g1_i2	93.155674846312	-10.1175838781091	1.62806367055372	-6.21448906520222	5.14919195516238e-10	1.90831763959347e-07
TRINITY_DN1753_c0_g1_i8	51.4098365821405	-9.26018189350509	1.80527103383607	-5.12952444255855	2.90475054881715e-07	3.97161184262057e-05
TRINITY_DN1754_c0_g1_i1	59.954661522766	9.31474218397868	2.24917731128913	4.14139967410566	3.45192856428853e-05	0.00209540991253773
TRINITY_DN1754_c0_g1_i8	22.6602780742719	-8.07829148124145	1.64662165052603	-4.90597914746279	9.29624016576223e-07	0.000104317888648948
TRINITY_DN1754_c0_g1_i9	229.392930582572	-11.417607068326	3.41621038106624	-3.34218499294017	0.000831216426694831	0.0274145689394457
TRINITY_DN17542_c0_g1_i5	17.0677229982933	-7.66872594664958	1.71254375462461	-4.47797373114742	7.53548712514991e-06	0.000599560820245685
TRINITY_DN17550_c0_g2_i2	25.823335613425	-8.26660067315233	1.65055028470167	-5.00839068628949	5.48870342820316e-07	6.731269408945e-05
TRINITY_DN1756_c0_g1_i18	27.4140254873426	-5.4828414628518	1.69244218665126	-3.23960340039761	0.00119696058666239	0.035715266249963
TRINITY_DN17578_c0_g1_i13	6.30242442723059	6.06584357791748	1.82798650893143	3.31831966389256	0.000905607788046399	0.0291512559521313
TRINITY_DN17578_c0_g1_i5	5.08701421185841	-5.91957464621304	1.84029905491135	-3.21663733425011	0.00129702440218094	0.0378700649396978
TRINITY_DN1758_c0_g1_i1	42.7996427283756	-2.77001751737355	0.684197265632295	-4.04856560602251	5.15324895680677e-05	0.00293620519455333
TRINITY_DN17589_c1_g1_i12	6.79045996276105	6.17306436782494	1.7492314578271	3.52901517989685	0.000417109203973763	0.0160495872119194
TRINITY_DN1759_c0_g2_i2	13.5566047445149	-7.3364036728093	1.67588584698115	-4.37762732230521	1.1997827403676e-05	0.000869401838671755
TRINITY_DN1761_c1_g1_i2	11.1033572436479	-7.04796103421325	2.06516096346208	-3.41279016934249	0.000643014313051575	0.0225076319073041
TRINITY_DN17632_c0_g2_i2	18.0757991180059	-7.75184026406505	1.65151259165512	-4.69378211418679	2.68199690849516e-06	0.000253493707800922
TRINITY_DN1765_c0_g1_i8	37.7117245164683	8.6458328800113	2.55088849850726	3.38934174703077	0.000700606354342402	0.0240551953389778
TRINITY_DN1769_c0_g1_i3	117.660541098074	-9.49093922604685	2.2125094080342	-4.28967180504758	1.78937345858692e-05	0.0012241959587885
TRINITY_DN17690_c1_g3_i1	10.862953145182	-7.01917421883226	2.17379449920876	-3.22899621900193	0.00124225537190974	0.0367664078513587
TRINITY_DN177_c0_g1_i6	64.0221943345489	-4.49995319674008	0.927499236370966	-4.8517055543324	1.22404256655443e-06	0.000130922973150274
TRINITY_DN17716_c0_g1_i1	25.2464250682445	-3.22145361228708	0.931465898228318	-3.45847724368053	0.000543238162184077	0.0197600250659622
TRINITY_DN17723_c0_g1_i18	48.3532143551803	9.00441559399655	1.8189977177011	4.95020719727817	7.4134513592454e-07	8.65223498554583e-05
TRINITY_DN1773_c0_g1_i6	2779.59282579513	-4.98295136894375	0.754770039652024	-6.60194643025453	4.05794158982033e-11	2.27078111560687e-08
TRINITY_DN17755_c0_g1_i1	7.06976707335389	6.2299098941559	1.82303775485049	3.41732357301993	0.000632400679473661	0.0222374501099315
TRINITY_DN17796_c0_g1_i19	17.2055314504947	7.51346153429556	1.72412471067765	4.35784110497579	1.31351686539035e-05	0.000940589390608083
TRINITY_DN1783_c0_g1_i2	152.492355771633	-6.39550628324466	1.95150484810932	-3.2772177273558	0.0010483549469652	0.0324126953196726
TRINITY_DN17877_c0_g1_i7	8.15341284596983	6.43570007213827	1.82253801759859	3.53117466411926	0.000413718456192637	0.0159481670216083
TRINITY_DN179_c1_g2_i3	176.780226990145	10.8747490667876	3.40338177838674	3.19527745486798	0.0013969647268728	0.0401909177702752
TRINITY_DN179_c2_g1_i3	13151.6106804773	-4.755205688167	1.33098116873117	-3.57270696226315	0.000353310052929451	0.0142501159200156
TRINITY_DN179_c4_g2_i4	24.6747550486228	8.03378038236395	1.68769510844951	4.76020837066038	1.93393191197449e-06	0.000191215894173367
TRINITY_DN179_c4_g2_i9	21.1552266355835	7.8119217409556	1.65881275078618	4.70934512485103	2.48513964115088e-06	0.000238353381836512
TRINITY_DN179_c4_g5_i2	52.9985981846731	-9.30378644474032	1.62602698013573	-5.72179094098655	1.05406963044729e-08	2.36879722429614e-06
TRINITY_DN179_c4_g5_i4	63.7509639130102	-9.57055907875904	1.61962316439245	-5.90912706681937	3.43925343246134e-09	9.3144242479525e-07
TRINITY_DN179_c4_g5_i6	31.227963880487	8.37385894281516	1.6497486937599	5.07583911082269	3.85789636159188e-07	5.01514656556601e-05
TRINITY_DN1796_c0_g1_i15	29.1581554000838	3.8014262341241	1.16276630048088	3.26929515634567	0.00107815771392633	0.0330701217171627
TRINITY_DN1799_c0_g1_i5	15.8276582059557	-7.55909391632255	1.74782628666472	-4.32485423408246	1.52632754660138e-05	0.00106805266760387
TRINITY_DN180_c1_g1_i4	27357.936178249	4.76805976127391	1.13285770997957	4.20887788401942	2.56642036541201e-05	0.00164535195778895
TRINITY_DN180_c4_g1_i5	36.9827534994926	-8.78489319716295	1.69862446303388	-5.17176891558032	2.3188824777089e-07	3.23334870629451e-05
TRINITY_DN1801_c0_g1_i2	29.0484558332276	-6.57956597523718	1.84948051775685	-3.55752110501669	0.000374371031161427	0.0148793995254366
TRINITY_DN1801_c4_g2_i3	11.2723993888183	-7.06904743025455	1.98533662385212	-3.560629137309	0.000369967306989173	0.0147320911903728
TRINITY_DN18030_c0_g4_i1	42.0990078803505	-6.48991292297987	1.81210988942885	-3.58141245232396	0.000341741656135592	0.0138829261827621
TRINITY_DN1804_c2_g4_i3	52.5674392127395	9.12503157355648	1.6668052066422	5.47456387656657	4.38590418199661e-08	7.78571704979725e-06
TRINITY_DN1804_c2_g4_i4	38.0573184699672	-8.82623456203892	1.77241862652222	-4.97976856593832	6.3660354759701e-07	7.63003213685846e-05
TRINITY_DN1804_c3_g1_i2	49.7435192674326	-9.2128881704704	1.66764998128782	-5.52447352492751	3.30475062446825e-08	6.09704843376241e-06
TRINITY_DN1808_c0_g1_i3	86.5208943975751	9.84407831015605	1.69391083381955	5.8114501150919	6.19339896287084e-09	1.52225344399502e-06
TRINITY_DN1808_c0_g1_i6	23.4074833354303	-8.12463704602508	2.3342861095056	-3.48056607668623	0.000500355387847263	0.0185760235335316
TRINITY_DN18135_c0_g1_i2	24.1357309537509	5.06906361782859	1.55517985474586	3.25947098810442	0.00111620195925767	0.0338660083135923
TRINITY_DN1815_c0_g1_i28	44.5954260221251	-9.05468811318502	1.647268252152	-5.49679027769518	3.86766210198488e-08	6.99806664440083e-06
TRINITY_DN18158_c2_g2_i1	39.5101285837797	7.74481091631743	2.25718910229063	3.4311750435344	0.000600972673497661	0.0213814690379812
TRINITY_DN18169_c0_g1_i2	7.02660179544703	-6.39010305347148	1.73827488022905	-3.67611769930741	0.000236810298466563	0.0102860119888331
TRINITY_DN182_c0_g1_i5	18.1454347292451	-2.5925117205005	0.812464524558409	-3.19092297834122	0.00141819081713058	0.0406224309175435
TRINITY_DN1821_c1_g1_i2	119.686167292763	-10.4790446157997	1.65043389965517	-6.34926646743573	2.16344013649052e-10	9.23264467945333e-08
TRINITY_DN1821_c2_g1_i1	25.5569240991301	-8.25069050569469	1.83221962666786	-4.50311217367522	6.69655146730606e-06	0.000546182631162574
TRINITY_DN18237_c0_g1_i6	17.2244990541352	-5.15816954971597	1.5452177317378	-3.33815063325409	0.000843380148554081	0.0277075955647445
TRINITY_DN1828_c0_g1_i5	30.3993791047031	8.33490844280665	2.25077340460231	3.70313085527122	0.000212954966923669	0.00941122844932857
TRINITY_DN18322_c0_g1_i1	10.1514122470087	-6.91886706494445	1.71908420908685	-4.02474004959863	5.70382859241724e-05	0.00318547328752196
TRINITY_DN18332_c1_g1_i1	7.82825721693977	-5.55505713156549	1.59262603016603	-3.4879858964671	0.000486673749408702	0.018107863706533
TRINITY_DN18337_c0_g1_i3	9.45797642470919	-4.92334891661026	1.53438604136306	-3.20867681527958	0.00133347289079123	0.0387468336747172
TRINITY_DN18362_c0_g1_i1	22.392888184019	-8.06028096864039	2.33352394661853	-3.45412395716804	0.000552083554925841	0.0199785679760701
TRINITY_DN18389_c0_g1_i2	6.8777731887239	6.19047641334615	1.7445195828323	3.5485279008996	0.00038739095428504	0.0152250050489197
TRINITY_DN18410_c0_g1_i6	14.994720379191	-7.48344902542091	1.96171208909621	-3.81475399321653	0.000136318665200582	0.00655213570655218
TRINITY_DN18419_c0_g1_i13	18.359638556536	-7.77438766631435	1.70960991844407	-4.54746289340079	5.42964895536359e-06	0.000457422210797919
TRINITY_DN1842_c0_g1_i3	173.416239330413	10.8471117905617	2.21578761511345	4.89537522304743	9.81183324839206e-07	0.000108518362018669
TRINITY_DN1842_c0_g5_i1	13.1705169462159	7.12790942948149	1.70974720369232	4.16898440546548	3.0595991996284e-05	0.00189538132822728
TRINITY_DN18433_c0_g1_i6	22.2069712358946	5.39649526548465	1.62362759857692	3.323727232904	0.000888230268088624	0.0287634182181836
TRINITY_DN1846_c0_g2_i5	26.6075437936945	-7.33905327904324	1.53608025351196	-4.77777984728589	1.77241280495996e-06	0.000177740197782023
TRINITY_DN18463_c0_g1_i1	6.39026587374783	-6.25027239780419	1.78447977869838	-3.50257395595886	0.000460785844812141	0.0172661970631598
TRINITY_DN1848_c0_g1_i5	96.4408528978493	-10.1675144171123	1.67012196605494	-6.08788736617203	1.14410311015786e-09	3.5673219410376e-07
TRINITY_DN18480_c0_g1_i2	6.51280091686148	-6.28332466058162	1.98608906514553	-3.16366711385182	0.00155794879969861	0.0435403587105831
TRINITY_DN185_c0_g1_i12	47.6213003104281	-9.15000946500155	1.69209397383044	-5.4075066790105	6.39081604412292e-08	1.06721575908359e-05
TRINITY_DN185_c0_g1_i43	176.854667891403	10.8753616715218	3.41477960542428	3.18479167857469	0.00144858246610473	0.0411436373851824
TRINITY_DN18501_c0_g1_i1	8.69249622623347	-6.69790763687182	1.83337451688527	-3.6533220982317	0.000258869165455438	0.0110866329156886
TRINITY_DN1851_c0_g1_i1	18.0001423574739	-7.74670211013294	1.7130292161118	-4.52222416131131	6.11932039187738e-06	0.000503967187595375
TRINITY_DN1852_c0_g1_i13	5.75145093542108	-6.10241147883176	1.8703229354107	-3.26275819180484	0.00110333617577505	0.0335962883533839
TRINITY_DN1853_c1_g1_i4	17.6174674583125	7.54768727269713	1.71228067131066	4.40797317820551	1.04342462885002e-05	0.000774076332647664
TRINITY_DN1853_c2_g1_i1	6.11601109547185	-5.19424553191794	1.65765161520189	-3.1334964984698	0.00172736979502192	0.0469020864202321
TRINITY_DN18532_c2_g1_i2	5.74250891768011	-6.0981271180796	1.75457238256089	-3.4755631507086	0.000509781952282729	0.0188796837515539
TRINITY_DN18554_c1_g1_i1	8.75229618385319	-6.7063792280198	1.80891713175797	-3.70739991914517	0.000209398127431491	0.00927830255464401
TRINITY_DN1856_c0_g1_i5	157.280663310927	7.24064522172267	2.05303830019055	3.52679500477446	0.000420622291133607	0.0161553374346398
TRINITY_DN18577_c0_g1_i1	5.49593819078333	-6.03070733629265	1.89196169619321	-3.18754198270872	0.00143487625940369	0.0409193972889277
TRINITY_DN1859_c0_g1_i5	93.4283234696913	-10.1220108775069	1.65598606049188	-6.11237686052766	9.81580438866613e-10	3.16070113788872e-07
TRINITY_DN186_c0_g1_i1	75.6921653132813	-9.81823254250493	1.61704653644787	-6.07170685642259	1.26557801865058e-09	3.92382496456313e-07
TRINITY_DN186_c0_g5_i1	569.154801238925	-12.7286873772253	1.77112466645227	-7.18678228490944	6.63360603973497e-13	8.75822567414883e-10
TRINITY_DN186_c14_g5_i1	136.6251511767	6.21994099429089	1.90259333915719	3.26919098594458	0.00107855474590643	0.0330701217171627
TRINITY_DN186_c53_g1_i2	48.9962102982954	-9.19062823219534	1.61970963606185	-5.67424433835029	1.39302186453495e-08	3.00274391605801e-06
TRINITY_DN1862_c0_g1_i1	66.8142700020206	-7.80489940072975	2.33624029071592	-3.34079479398843	0.000835389422759349	0.0275199748320934
TRINITY_DN18649_c0_g1_i1	10.2444328493537	6.76647842486657	2.11403412971568	3.20074228213932	0.0013707407441418	0.0395542939656213
TRINITY_DN1867_c3_g1_i1	6.14384119822062	6.02732673782327	1.82355998397607	3.30525279715854	0.000948907699514312	0.0301205119434862
TRINITY_DN1869_c0_g1_i16	86.1307832622212	9.83739156091754	1.77438081497701	5.54412642307846	2.95425337187663e-08	5.55965481997397e-06
TRINITY_DN1869_c0_g1_i6	33.8752860414445	-8.65781447922457	1.65506504118742	-5.23110226110089	1.68502258000919e-07	2.44640958703808e-05
TRINITY_DN1873_c0_g1_i4	114.706399713871	7.93802783460044	1.97631442484783	4.01658143805313	5.90484645356678e-05	0.00328687559705854
TRINITY_DN1877_c0_g1_i2	15.2216762107186	-7.50255905404946	1.7942246856857	-4.18150475461896	2.89586194410395e-05	0.00181255216705848
TRINITY_DN1879_c0_g1_i3	10.0519780864624	6.73828153434332	1.6959539761341	3.97315117577843	7.09280005565779e-05	0.00383446845235427
TRINITY_DN1879_c1_g1_i2	6.35040830407096	-5.24546291974745	1.61674580906342	-3.24445740965684	0.00117674613647342	0.0352598209360749
TRINITY_DN1880_c0_g1_i1	109.306795243804	10.1812057652256	1.73443705211389	5.87003474863328	4.35703809384985e-09	1.15410973308503e-06
TRINITY_DN1881_c3_g4_i1	166.288751442327	-9.99031540357853	2.89757439467662	-3.44782015672578	0.000565130194758392	0.0203288085128542
TRINITY_DN1884_c0_g1_i1	72.6298198842542	-6.52133643471256	1.72643236554376	-3.77734834266652	0.000158506964324449	0.00741900122887147
TRINITY_DN1885_c0_g1_i12	530.27104361511	-8.10556842746676	1.89967689470079	-4.26681424092565	1.98284127477852e-05	0.00133929753825927
TRINITY_DN18853_c0_g5_i4	14.8048590706643	-7.46270836072858	1.79091630870572	-4.16697772221517	3.0866464951586e-05	0.00190933715628047
TRINITY_DN1891_c0_g1_i1	2073.25808110522	3.57576587169929	0.937610628868808	3.81370023078057	0.000136901510986434	0.00657267265643848
TRINITY_DN18921_c0_g1_i4	5.91115234827093	5.97266231794805	1.76809951454213	3.37801253200092	0.00073011753230617	0.0248630848904671
TRINITY_DN18929_c0_g1_i2	35.7367741449876	8.56842880880085	1.74725652201503	4.90393293763142	9.39365715768927e-07	0.000104992756945824
TRINITY_DN1894_c5_g1_i2	17.7370433607752	-5.85932610623176	1.49157963884661	-3.9282690334675	8.55594669000866e-05	0.00447376474883881
TRINITY_DN18942_c3_g1_i1	254.497688354396	11.4004332805839	3.44832644499956	3.30607715435867	0.00094612031865795	0.0300546145435938
TRINITY_DN1895_c0_g1_i10	78.249747387847	8.73409451808962	2.78718851397361	3.13365761745254	0.00172642170025531	0.0468914113880339
TRINITY_DN1895_c0_g1_i8	73.7204114623328	-8.8150513871977	2.76967180991365	-3.18270610822751	0.00145905629269664	0.0413993749564409
TRINITY_DN1895_c2_g1_i2	29.4209669232213	8.28785419502367	1.69726554535885	4.88306276981034	1.04450602565221e-06	0.000114291411172585
TRINITY_DN1895_c2_g1_i3	25.3954787424065	-8.24203313525736	1.67219733373361	-4.92886393787921	8.27091479297861e-07	9.49559454044982e-05
TRINITY_DN1896_c0_g1_i18	7.58097336687622	-6.49578306588007	1.80819472356248	-3.59241346146734	0.00032762947282208	0.0134258172621339
TRINITY_DN19_c4_g1_i5	7.96825954505108	-6.57197886172541	1.76233774048593	-3.72912564416473	0.000192145332901281	0.00865452896561429
TRINITY_DN1902_c0_g1_i42	60.6137782153804	9.33054851559449	1.75750969900154	5.3089598998488	1.10252584616709e-07	1.67556167175227e-05
TRINITY_DN1903_c0_g1_i2	121.040979444751	-10.4953003550528	3.34162923251347	-3.1407734445627	0.00168502325148427	0.0460333316210532
TRINITY_DN1904_c0_g1_i1	89.1210883427269	-10.0536818535554	1.7218828876257	-5.83877215216328	5.25869273719421e-09	1.33555701791471e-06
TRINITY_DN19060_c1_g1_i8	5.16349393697308	-5.94637295335652	1.80911244589652	-3.28690069367676	0.0010129654859921	0.0315610463257229
TRINITY_DN19072_c0_g1_i1	6.33669841437791	6.07322427955151	1.85721154671472	3.27007673966632	0.00107518311993785	0.0330126538039638
TRINITY_DN1908_c0_g1_i21	130.250980400664	10.434243067104	1.65834921600309	6.2919456085687	3.13511345388765e-10	1.26148007917428e-07
TRINITY_DN1908_c0_g1_i8	196.085493766259	-11.191379958689	1.62404237365249	-6.89106401424701	5.53766104994955e-12	4.87418003540247e-09
TRINITY_DN19165_c0_g2_i10	29.8283806300568	8.30773347502075	1.64811092691284	5.04076111586881	4.63683979032563e-07	5.82174871623975e-05
TRINITY_DN1917_c0_g1_i16	501.684267695651	-4.5989339792134	0.763849736612562	-6.02073124958877	1.73630845111711e-09	5.21016225717047e-07
TRINITY_DN1917_c0_g1_i7	44.6064227901389	8.88833296813372	2.24053151066247	3.96706447815396	7.27633122130695e-05	0.00391365649610436
TRINITY_DN192_c1_g1_i17	35.4926564273103	8.55863571903919	1.98791083187388	4.30534186031448	1.66728059596646e-05	0.00115099571730371
TRINITY_DN1923_c0_g1_i4	87.8429293610019	-4.75082936163649	0.928684167745722	-5.11565667493675	3.12651300722887e-07	4.21346245749323e-05
TRINITY_DN1925_c2_g1_i10	22.3485757501569	-7.08638106373677	1.56822546071637	-4.51872593657527	6.22128618571503e-06	0.000511367937860456
TRINITY_DN1925_c4_g1_i7	67.7253359282461	-9.65764629558573	1.62904817938271	-5.9283982007489	3.05903960642847e-09	8.41963285550464e-07
TRINITY_DN1925_c4_g2_i2	43.9369180674665	-6.52928679171569	1.65996449090311	-3.9333894354351	8.37563740803643e-05	0.00439035117682545
TRINITY_DN1925_c9_g1_i6	26.320537741555	-6.43738817108809	1.52535534099235	-4.22025478135483	2.4402636918846e-05	0.00157763887862942
TRINITY_DN1926_c0_g1_i28	55.6445358257862	4.23722446133213	1.31797958015186	3.21493938536128	0.00130472069412814	0.0380290752716247
TRINITY_DN19265_c0_g1_i1	7.5975974380891	6.33455087197216	2.02184633886241	3.13305257190627	0.00172998453122647	0.0469278436338921
TRINITY_DN1927_c1_g1_i17	285.071316587037	-11.7312672137744	1.72135065482358	-6.81515249719805	9.41638253064911e-12	7.29968340435586e-09
TRINITY_DN1927_c1_g1_i31	673.353413037634	-12.971305187634	1.72385295552291	-7.52460071845243	5.28816759632258e-14	1.27668453015447e-10
TRINITY_DN1928_c0_g1_i3	149.503196108379	10.632966657097	3.38750883885462	3.13887495587826	0.00169597802603159	0.0462877103500057
TRINITY_DN1933_c0_g1_i17	293.101744078378	5.64177257873937	1.58846498702155	3.55171352521782	0.000382731312466713	0.0151391629165415
TRINITY_DN1933_c0_g1_i5	316.066640211678	-11.8802058603408	1.77762441621875	-6.68319232788871	2.33792413867891e-11	1.46115439113921e-08
TRINITY_DN1936_c0_g1_i11	88.7791949428126	9.88120601206441	1.61103569507332	6.1334494588059	8.59937468337081e-10	2.85438133882247e-07
TRINITY_DN1938_c0_g1_i5	10.9155441562001	4.94854049567955	1.58451658285087	3.1230600861091	0.00178981204582542	0.0481421418609325
TRINITY_DN194_c1_g1_i6	5564.20863012274	28.9297961437835	3.76581025323454	7.68222353182429	1.56350707327852e-14	4.55562829923754e-11
TRINITY_DN194_c2_g1_i11	261393.911658687	-1.78587646417332	0.541801228239132	-3.29618386059675	0.000980078510149335	0.0308319709421439
TRINITY_DN194_c2_g1_i13	343107.983442361	-1.97695024202846	0.610176242361436	-3.23996593898427	0.00119543978552365	0.0356933819778013
TRINITY_DN1940_c0_g2_i2	16.17753471119	-7.59306590415843	1.70988021141708	-4.44070049671233	8.96665183587666e-06	0.000683195804173045
TRINITY_DN19465_c0_g1_i5	12.6972077178633	-7.24154457455789	1.79161213337781	-4.04191534520647	5.30163736942791e-05	0.00300454563676673
TRINITY_DN19480_c0_g1_i1	5.36070736466059	-5.99649756177784	1.82177851938506	-3.29156233755678	0.000996325327081934	0.0312200607226797
TRINITY_DN1949_c0_g1_i1	181.587189691623	-11.0805538691556	1.60946660209536	-6.88461248883935	5.79450508038485e-12	5.04767103383876e-09
TRINITY_DN1949_c1_g1_i2	11.1378272358408	3.2658091605295	1.01796712062442	3.20816762581317	0.00133583615157885	0.0388021598955343
TRINITY_DN19498_c0_g1_i1	49.3771910920852	9.03477130358069	1.62718611564834	5.5523896232244	2.8179064523118e-08	5.35072942488636e-06
TRINITY_DN1955_c0_g3_i1	193.631595483229	-8.00874910721885	1.58581217831229	-5.05025072751189	4.41230542951546e-07	5.60648096516086e-05
TRINITY_DN1955_c1_g1_i12	48.051421508565	8.99561133284885	1.98117434142202	4.54054504178168	5.61089901387203e-06	0.00046988081751651
TRINITY_DN1955_c4_g1_i12	67.5623285880578	-4.77623202136291	1.36134834884623	-3.50845690995319	0.00045071424064735	0.0170324024625312
TRINITY_DN1955_c4_g1_i6	54.5437808386693	-8.37869660235094	1.9559582832616	-4.28367858049574	1.8382842278382e-05	0.00125368313707726
TRINITY_DN1955_c4_g1_i9	59.1036045827542	-9.46078519347378	1.76024986988375	-5.37468308070294	7.6717497421762e-08	1.25179462656084e-05
TRINITY_DN1959_c0_g1_i2	111.095836960658	-10.3716066125426	2.32076264708214	-4.46905099303572	7.85674004000472e-06	0.000621609381929137
TRINITY_DN1959_c0_g3_i1	41.9101177498116	-5.52794371030191	1.71807433719982	-3.217523008528	0.00129302655588862	0.0378700649396978
TRINITY_DN196_c2_g1_i11	14.9276200058069	-7.47463863591998	1.75250971330708	-4.26510539665708	1.99807858275691e-05	0.00134743530794727
TRINITY_DN1966_c0_g1_i10	13.5708368025175	7.17180458626256	1.71001713884417	4.1939957345165	2.74083137175768e-05	0.0017386994688497
TRINITY_DN1966_c0_g1_i5	101.302222115445	6.19604062758585	1.85771596704163	3.33530030290523	0.000852073285273826	0.0279605780423564
TRINITY_DN19674_c0_g1_i3	13.3913269009983	-5.44720533749272	1.56936019554687	-3.47097202602016	0.000518578020227105	0.0191348495865284
TRINITY_DN19691_c0_g1_i1	51.1398556140892	-9.25235611993996	1.63761664820478	-5.64989134061549	1.60549288361068e-08	3.36627636921427e-06
TRINITY_DN1970_c0_g1_i1	74.4132522515677	4.30699769497928	1.023961399581	4.20621099266209	2.59687802382868e-05	0.0016598411441564
TRINITY_DN1970_c0_g1_i2	94.8000422755333	9.97592431424598	1.93923175742928	5.14426616417961	2.6856853998744e-07	3.69601050356004e-05
TRINITY_DN1970_c0_g1_i7	4.32543833838909	-5.69118996235637	1.81719780274896	-3.13184946280863	0.00173708917690224	0.0470752281173463
TRINITY_DN1970_c0_g1_i9	21.1889293307065	7.81449680399964	2.45293616197229	3.18577259577614	0.00144368025709843	0.0410596076621687
TRINITY_DN1971_c0_g1_i2	7.90101578454135	-5.56760230639577	1.6386529835388	-3.39767013658504	0.000679623132972614	0.0234164761499726
TRINITY_DN1971_c0_g1_i7	79.0112766215828	9.71293091163025	1.89398242716254	5.12831099820795	2.92353200943974e-07	3.98439689892966e-05
TRINITY_DN19715_c0_g1_i5	20.9493771820981	-7.96457282401101	1.69498853835213	-4.6988947971024	2.61573143553701e-06	0.000248621006569186
TRINITY_DN1973_c0_g1_i2	94.2135989775054	9.96680498286049	1.88851757432591	5.2775812723999	1.30900154372818e-07	1.9542051668188e-05
TRINITY_DN1973_c0_g1_i8	119.417582509692	-7.63194294781492	1.77399993206263	-4.30211005641994	1.69179237154621e-05	0.00116506170995038
TRINITY_DN1976_c0_g1_i14	209.658956006276	-11.2878298172032	3.40551864879673	-3.31456996166841	0.000917842083563193	0.0294217831475428
TRINITY_DN19778_c0_g1_i2	54.310256927588	9.1722730589477	1.87846131759208	4.88286501992239	1.04555446089148e-06	0.000114291411172585
TRINITY_DN1979_c0_g1_i3	23.892686133895	-6.29647689931705	1.48951162089083	-4.22720897978045	2.36607897828365e-05	0.00153791493466932
TRINITY_DN198_c1_g1_i6	25.7477205091701	-5.81874301117521	1.48658430880346	-3.91416953395578	9.07158839407574e-05	0.00470842184350499
TRINITY_DN1989_c0_g1_i30	98.1582374596484	10.0260824053848	1.63273504563846	6.14066711691376	8.21756301127023e-10	2.76640493755503e-07
TRINITY_DN1991_c7_g1_i1	5.72508175896438	5.92703141897052	1.79783989191514	3.29675153256098	0.000978099883749168	0.0307926542388365
TRINITY_DN1993_c0_g1_i1	44.6897144878722	8.8908387216468	2.43440804612658	3.65215631610861	0.000260047503465386	0.0111314559006171
TRINITY_DN19986_c0_g1_i5	11.6060247181862	6.94561212139494	1.81275333709097	3.83152631926247	0.0001273507479139	0.00619509700473731
TRINITY_DN2000_c0_g1_i17	109.745039223282	10.1870438002976	1.79150969102904	5.68629008891724	1.29828790405727e-08	2.82738998239772e-06
TRINITY_DN2000_c0_g1_i7	206.269469227496	-11.2643225770127	3.40453557777119	-3.30862237145045	0.000937562020735612	0.0298838610441787
TRINITY_DN2002_c0_g1_i2	56.4163382264256	-6.9549057230712	1.46417464805766	-4.7500520052696	2.03364342797938e-06	0.000200512021443876
TRINITY_DN20020_c0_g1_i1	22.1946050777931	5.32771729107518	1.5823320008122	3.36700344070683	0.000759897402456759	0.0255510587794633
TRINITY_DN2004_c0_g1_i7	56.7780149368919	-6.90007281454947	1.76303424449466	-3.91374860476815	9.08742470969993e-05	0.00471374593689518
TRINITY_DN2005_c0_g1_i28	175.216059567177	10.8619103012706	3.45281904239788	3.14580931346095	0.00165627953903128	0.045527751622988
TRINITY_DN2005_c5_g1_i7	10.0846270235642	-6.91277878089014	1.90155630032624	-3.63532690549533	0.000277628354954238	0.0117601068892768
TRINITY_DN20052_c0_g1_i3	16.0650610230826	-7.58213251491608	1.70572063064369	-4.44511978028594	8.78429109816733e-06	0.000671116662941178
TRINITY_DN2007_c3_g1_i5	14.1365633192675	7.23087429494209	2.06142690794215	3.50770345874666	0.000451992577481964	0.0170502092911031
TRINITY_DN2007_c3_g1_i8	56.3800960596802	-5.90006196970914	1.24714332465098	-4.73086120343091	2.23569346096465e-06	0.000218344429318807
TRINITY_DN2007_c4_g1_i3	16.6555041283896	7.46675150840202	1.69828639942286	4.39663858283236	1.09940177783694e-05	0.000809209507174791
TRINITY_DN2008_c0_g3_i3	29.0080913111024	-8.43505908014755	2.19259699900051	-3.84706313289338	0.000119542173576945	0.00588983940694151
TRINITY_DN20082_c1_g1_i12	18.6683328463047	-7.79828242091385	1.67791507317017	-4.64760257870511	3.35815109889867e-06	0.000303483477598652
TRINITY_DN20082_c1_g1_i5	12.2148425602948	7.01993147832129	1.74027392537234	4.03380834245353	5.48800851895635e-05	0.00309396606554581
TRINITY_DN20089_c0_g2_i1	11.8903595904845	-6.16917388689501	1.85614022718651	-3.32365723049173	0.00088845323616487	0.0287634182181836
TRINITY_DN2011_c0_g1_i1	18.8523721702739	7.64569890386095	1.89192384355863	4.04122974076995	5.3171635188484e-05	0.00300930799072774
TRINITY_DN2012_c0_g2_i4	101.759599858795	4.58293620766666	0.768793746362286	5.96120380707025	2.50386439119116e-09	7.07597101427662e-07
TRINITY_DN20132_c0_g1_i3	23.8706468257304	7.98600883816531	1.67172718467007	4.77710054092432	1.77840866455102e-06	0.000177740197782023
TRINITY_DN20142_c0_g1_i1	9.56113164330848	-6.83275190682113	1.70363485142273	-4.01069037834897	6.0541460880092e-05	0.00336776323992496
TRINITY_DN2015_c0_g2_i12	121.075158706135	-10.495779234968	3.33460004420172	-3.14753766443993	0.00164651892048708	0.0454219901218797
TRINITY_DN2020_c0_g1_i6	106.597734897936	-3.25031746096198	0.921451812663221	-3.52738734277137	0.000419682314109783	0.0161339018096672
TRINITY_DN2023_c0_g1_i4	133.779068678209	-10.6396472015959	3.35410324368323	-3.17212871179011	0.00151325922143076	0.0425373844618951
TRINITY_DN20303_c0_g2_i1	12.5066807574996	-6.24332949207359	1.90059342763377	-3.28493690512573	0.00102005211566625	0.0317233579939517
TRINITY_DN20324_c0_g1_i2	6.00967927248399	5.99533243772746	1.89143841590033	3.16972119595745	0.00152585269894874	0.0428486212548256
TRINITY_DN2036_c2_g1_i6	31.6195316853061	2.35993880411922	0.74547415165845	3.16568830571668	0.00154716483450041	0.043306648569128
TRINITY_DN2039_c0_g1_i13	321.937473659856	-4.94895221239662	0.792287115612604	-6.24641258815631	4.19986881318253e-10	1.61309324989226e-07
TRINITY_DN2039_c0_g1_i8	150.453564792855	-2.40818717758076	0.616724869126448	-3.9047998518234	9.43034000296623e-05	0.00485881018030878
TRINITY_DN2040_c0_g1_i13	53.3675748062663	9.14678111054913	2.51668522543335	3.63445575875471	0.000278568051736084	0.0117869019707539
TRINITY_DN2040_c0_g1_i21	226.53947680412	-11.3995640101929	3.41297772292519	-3.3400639956192	0.000837590863868636	0.027549533988
TRINITY_DN20404_c1_g1_i1	10.0295174205897	-5.01112856920493	1.36686423890472	-3.66614944379581	0.000246230065236309	0.0106261226007853
TRINITY_DN2046_c0_g1_i10	11935.527374865	-2.22118964418693	0.540339068406676	-4.11073300832505	3.94405046744678e-05	0.00233215098949138
TRINITY_DN2046_c0_g1_i5	13952.0079854474	-2.03735647191713	0.540293223990252	-3.77083476426105	0.00016270238155814	0.00756633232630694
TRINITY_DN2046_c2_g1_i9	98.6837329792438	10.0337349940172	2.43589147543993	4.11912233988381	3.80318197192522e-05	0.00226789887271515
TRINITY_DN2054_c0_g1_i1	55.6301822517194	-9.37361279414828	1.67721072261303	-5.58881043852649	2.28630360793983e-08	4.49274609915581e-06
TRINITY_DN2056_c0_g1_i5	10.8479245780948	-5.12805441080513	1.50255801569956	-3.41288280201122	0.00064279579265362	0.0225076319073041
TRINITY_DN20566_c0_g1_i6	13.5263188728878	-6.3563107844106	1.72367059871332	-3.68765980527569	0.000226325955815431	0.0099037237775724
TRINITY_DN20588_c0_g2_i1	11.602364626001	-7.11082367288858	1.79491196466394	-3.96165595465286	7.44317404962148e-05	0.00398816309984094
TRINITY_DN2059_c0_g1_i3	485.5440132084	-9.0325246427203	2.50031148884673	-3.61255974826023	0.000303189217021017	0.0126139253864313
TRINITY_DN2060_c0_g1_i1	10.4679387124137	6.79700303670481	1.85826753240701	3.65770962370562	0.000254479113190819	0.0109318638059979
TRINITY_DN2060_c0_g1_i3	64.7642252977718	-4.5204538491996	1.37811910216134	-3.28016195560315	0.00103747511673945	0.03211821316497
TRINITY_DN20600_c0_g1_i1	8.87862272784473	6.5598901589904	1.8099759796536	3.62429680433983	0.000289748713942567	0.0121389530107762
TRINITY_DN2061_c7_g1_i4	66.3710080205486	9.46147865762606	1.94643811592064	4.86091932758462	1.16841864887568e-06	0.000126249713297599
TRINITY_DN2062_c0_g1_i14	239.75189305851	-11.4813550052902	3.40956635349565	-3.36739450561475	0.000758820522639203	0.0255250065772163
TRINITY_DN20622_c0_g3_i1	15.5449525547589	-7.53293432843881	1.77340026886598	-4.24773496468218	2.15942639682004e-05	0.00143561928936664
TRINITY_DN20631_c0_g1_i2	6.7055785760053	-6.32249306037938	1.73919390596078	-3.63530083604259	0.000277656432626894	0.0117601068892768
TRINITY_DN2064_c0_g1_i13	248.826266103424	-11.5349099006493	2.1252482617037	-5.42755879795539	5.7130049400428e-08	9.75227255401487e-06
TRINITY_DN20647_c0_g1_i17	23.0163024306802	-8.10061731202421	1.77687542378316	-4.55891122337498	5.14195000346358e-06	0.000436229409028781
TRINITY_DN2066_c0_g1_i3	17.6145988420895	-6.73811361694838	1.90881670072204	-3.52999510869723	0.000415567349739569	0.0160048358788943
TRINITY_DN20669_c0_g1_i1	70.3297265449231	-7.27964730799702	1.43244148776416	-5.08198580547923	3.73509330131759e-07	4.89314594999587e-05
TRINITY_DN20669_c0_g1_i5	62.4585480158387	-8.57477095787583	1.66151991581836	-5.16079938388968	2.45897579127448e-07	3.40620551493625e-05
TRINITY_DN20669_c0_g1_i6	28.9604376752569	-3.36405344455036	0.91712094722067	-3.66805867289925	0.000244399107323816	0.0105578914982862
TRINITY_DN20669_c0_g1_i8	43.0825210932006	-5.55442842019801	1.20247202444387	-4.61917475607541	3.85269274463543e-06	0.00033910919951688
TRINITY_DN207_c0_g1_i3	72.9988263443265	-6.60292447506155	1.94201937038363	-3.40003018289009	0.000673784151298897	0.0233047127369849
TRINITY_DN2072_c1_g1_i1	9.65451702794701	-6.84843617071505	1.72569897828961	-3.96849986983404	7.23264968740479e-05	0.00389976532317959
TRINITY_DN20724_c0_g1_i3	7.03788944624549	6.22361456088513	1.7493583732548	3.55765557019954	0.000374179499745478	0.0148787855856439
TRINITY_DN20729_c0_g1_i1	7.70719169460441	-6.51934090723733	1.9804110459807	-3.29191302001092	0.000995083825810947	0.0312110590621282
TRINITY_DN2073_c1_g2_i1	6.1403142629361	6.02649035612822	1.79314868110295	3.36084253338176	0.000777051127773396	0.0260139723433425
TRINITY_DN2073_c2_g1_i12	7.97024741685841	-5.5802999686847	1.7093520788539	-3.26457026479076	0.00109630267445917	0.0334665402407697
TRINITY_DN2074_c1_g1_i6	12.9413550315507	7.10284478098686	1.687165667211	4.20992728753681	2.55452889062423e-05	0.00164021718996935
TRINITY_DN2074_c2_g1_i1	38.1579929364287	8.66284139723326	2.08939498704754	4.14610040271727	3.38185579028322e-05	0.00205582770192339
TRINITY_DN20758_c1_g1_i6	19.0915425068188	-7.83169511830661	1.81488452024635	-4.31525809545366	1.59416537904949e-05	0.0011059424154263
TRINITY_DN20832_c0_g1_i7	6.58957701465864	-6.29679136232051	1.89598841608006	-3.32111278155332	0.000896592987813322	0.0289825226795142
TRINITY_DN2084_c0_g1_i5	78.9161599536102	9.71136429366574	1.77338348532009	5.4761783754363	4.34609599215001e-08	7.73129303462508e-06
TRINITY_DN2084_c0_g1_i7	82.6403349588864	-9.94509117176872	1.66952835372318	-5.95682675864137	2.57182614373263e-09	7.21973971737939e-07
TRINITY_DN20840_c0_g1_i8	36.5126592110368	6.82294204955118	1.71460554886893	3.97930710888697	6.91164111861257e-05	0.00375334094627587
TRINITY_DN2085_c0_g1_i8	83.3346276542391	9.78983779554785	1.66929544299864	5.8646525614195	4.5007411244247e-09	1.18106715382496e-06
TRINITY_DN20929_c0_g1_i2	17.9833216286718	-7.74490481456127	1.72740515334469	-4.4835485175931	7.34119014912425e-06	0.000586864602857806
TRINITY_DN2093_c0_g1_i10	21.3083511164488	-7.99018593212164	1.71528224893064	-4.65823390704532	3.18933710035576e-06	0.000290401515415799
TRINITY_DN20939_c0_g1_i10	21.955094383369	-3.47132688834887	0.9066126761995	-3.82889736651443	0.000128718668894241	0.00624483248801529
TRINITY_DN2097_c0_g1_i22	378.969057798637	11.9749450697999	2.17898738946909	5.49564679799159	3.89280958618383e-08	7.02851761567012e-06
TRINITY_DN2101_c2_g2_i3	17.6473608266509	-3.75571391081692	1.20804933424892	-3.10890772780563	0.00187780352902662	0.049962595770124
TRINITY_DN2105_c0_g1_i17	57.8971506654354	9.26449144657564	1.67400262707097	5.53433507018198	3.12411242037197e-08	5.82740069087396e-06
TRINITY_DN21065_c1_g1_i6	6.67673152675197	6.14692399113114	1.94537688023789	3.1597599691734	0.00157899163708164	0.0439610001153623
TRINITY_DN2107_c0_g2_i2	131.653820850532	-3.26912810970435	0.91166777390739	-3.58587656958952	0.000335947839432799	0.0137064954406895
TRINITY_DN2108_c0_g1_i15	49.6177671738304	-9.20892434956092	1.74163783554873	-5.28750820727289	1.23993799607471e-07	1.8642754589381e-05
TRINITY_DN2109_c2_g1_i1	6.41866062247527	-5.25957402187396	1.63009935863734	-3.22653585133033	0.00125298533709266	0.036954539271782
TRINITY_DN2111_c3_g1_i5	7.13696332026301	-6.4130498474938	1.84985418206437	-3.46678668495755	0.000526719713561762	0.0193591832781826
TRINITY_DN2111_c6_g1_i2	6.68439255931308	-6.31302640100108	1.95561391520905	-3.22815579900711	0.00124591096797642	0.0368207645350259
TRINITY_DN2114_c0_g1_i15	50.5477444620209	9.06856662431701	1.7982232057707	5.04307062394422	4.58120067574561e-07	5.76555857052127e-05
TRINITY_DN2114_c0_g1_i2	19.234807455378	-7.84186393548732	1.67625169534812	-4.67821387280312	2.89384623166451e-06	0.000267531968143531
TRINITY_DN2114_c2_g1_i4	25.0885775523074	-6.36870683434119	1.61093816258805	-3.95341483754382	7.70436932357228e-05	0.00409694020832731
TRINITY_DN21152_c0_g1_i1	4.85585726747887	5.68884905389727	1.77069348515314	3.21278024773739	0.00131456828823255	0.0382501347173119
TRINITY_DN2118_c0_g1_i23	19.1060537931725	7.66541025403825	1.86027290186053	4.12058373068369	3.77913691114533e-05	0.00225674565878416
TRINITY_DN2123_c0_g1_i3	11.4626430009723	6.92824159930878	1.7499306557325	3.95915208217706	7.52163307176272e-05	0.00402255032466966
TRINITY_DN2128_c0_g1_i56	18.1764073482117	7.5928542684537	1.70407348415918	4.45570824206571	8.36166852553127e-06	0.000649994725915678
TRINITY_DN2130_c0_g1_i8	5.44965698075543	-6.02200988788122	1.79290623815566	-3.35879800054464	0.000782822667683194	0.0261318034687921
TRINITY_DN2131_c1_g1_i1	63.9038958295935	9.40677624480544	2.2871543150028	4.11287344413135	3.90764628321865e-05	0.00231873803117563
TRINITY_DN2133_c1_g1_i2	30.8123215573293	-8.52245752436435	1.99295610812431	-4.27628962304912	1.90033966923988e-05	0.00128872312497136
TRINITY_DN2134_c0_g1_i29	215.429127884585	11.1599992642769	3.42655551412333	3.25691477003025	0.00112630245975844	0.0341112205178023
TRINITY_DN21347_c0_g1_i2	8.64217518630952	5.52648143168642	1.64946397429597	3.35047113353612	0.000806742173899804	0.0267745876709292
TRINITY_DN21363_c3_g1_i1	27.6867073433059	5.79118944852649	1.36901266999731	4.23019419428591	2.3348965908502e-05	0.00152078390882838
TRINITY_DN2137_c0_g1_i1	4670.09382532915	-8.80716813532842	2.40345189721236	-3.66438294252671	0.000247935599334809	0.0106888072819351
TRINITY_DN2137_c0_g1_i10	77.2860776137727	-9.84782474204859	1.85982664206447	-5.2950229442445	1.19001468012458e-07	1.79560465073512e-05
TRINITY_DN2137_c0_g1_i11	4918.45131160612	-2.7790380594012	0.785780980090229	-3.53665732540649	0.000405225069657994	0.0156995451334072
TRINITY_DN2137_c0_g1_i15	98.8160011956664	-7.00116304639845	1.80744189555863	-3.8735203956499	0.00010727442448116	0.00537950998208252
TRINITY_DN2137_c0_g1_i2	94.1995385153471	-5.00703064439575	1.11127566666977	-4.50566029165442	6.61668693951425e-06	0.000540190157502488
TRINITY_DN2137_c0_g1_i5	2161.85405758483	-5.87452045907459	0.784073063712948	-7.49231255472037	6.76705354213424e-14	1.58834025056461e-10
TRINITY_DN2139_c0_g1_i11	286.020188828433	11.5688975552058	3.45770511076043	3.34583117548204	0.00082036327762742	0.0271502008134917
TRINITY_DN21409_c0_g1_i4	8.9943606615527	-6.74698794376795	1.92602989893025	-3.50305462418591	0.000459955129347616	0.0172533878476727
TRINITY_DN21453_c0_g1_i5	9.64420190632577	6.67823960713895	1.72935684560527	3.86168975137205	0.000112605505113608	0.00558716381156174
TRINITY_DN21468_c0_g1_i5	12.127931787598	7.00936600996223	1.86048881420868	3.76748624148193	0.000164899625750358	0.00765166863078183
TRINITY_DN2147_c0_g1_i9	79.0008674368312	-9.87985058561342	1.66033749124909	-5.95050743459432	2.67312428862014e-09	7.45457611022523e-07
TRINITY_DN21484_c0_g1_i1	7.96277491989574	-6.56785593592306	1.74161093623966	-3.7711384323894	0.000162504487973129	0.00756129087266159
TRINITY_DN2150_c7_g1_i8	18.686372293162	-7.79956078761394	1.74129395056945	-4.47917526220273	7.49319917354111e-06	0.000597371122752837
TRINITY_DN2155_c0_g1_i12	73.3570771634745	6.80113626962331	1.89486598071264	3.58924395648575	0.00033163838094112	0.0135441178892038
TRINITY_DN2158_c0_g1_i1	102.048911685603	10.0821452632542	1.66061482012582	6.07133282267727	1.26852974102238e-09	3.92382496456313e-07
TRINITY_DN2158_c0_g1_i10	68.6014441800305	-9.67642556094516	2.13867686015382	-4.52449163369599	6.05408476370472e-06	0.000500056749133452
TRINITY_DN2158_c0_g1_i2	228.805614422398	11.2469074434759	3.4330706151509	3.27604896731248	0.00105270307244859	0.0324995631040413
TRINITY_DN21602_c0_g1_i6	13.8994172623996	-5.50076076944653	1.53902120115009	-3.57419427707421	0.000351308020860017	0.0141808429018445
TRINITY_DN2165_c0_g1_i3	14.9536855126401	7.31137633095151	2.09864549631524	3.48385486914711	0.000494247417602552	0.0183573267220134
TRINITY_DN21655_c0_g1_i7	7.03336116924294	-6.3914120513681	1.82210020775867	-3.50771709709097	0.000451969408057703	0.0170502092911031
TRINITY_DN2167_c0_g1_i13	904.134665143051	3.39192703294644	0.952265563536693	3.56195494495139	0.000368103565359352	0.0146855595211211
TRINITY_DN2170_c0_g1_i11	18.9061169668359	-7.81603720601054	1.68367311535511	-4.64225337729053	3.44629873195495e-06	0.000309463709088979
TRINITY_DN2170_c0_g1_i12	15.6975335470078	-5.07903370417875	1.53468055229595	-3.30950548410892	0.0009346093511361	0.0298234973384812
TRINITY_DN2170_c0_g1_i15	9.25701408339061	-6.7858469176146	1.7914947288888	-3.78781294088631	0.000151979200399244	0.00716626030989696
TRINITY_DN2170_c0_g1_i2	8.85815145947189	-6.72405956466587	1.86901058105135	-3.59765730212371	0.000321096304177285	0.0132093454286135
TRINITY_DN2172_c0_g1_i3	10.9390616897718	-7.02490892395855	1.99594884784338	-3.51958364641907	0.000432224720172893	0.0165034452802391
TRINITY_DN2175_c0_g1_i4	54.9840856748853	-9.35710957958204	1.62794038349801	-5.7478207890366	9.04009787554997e-09	2.09854447881379e-06
TRINITY_DN2178_c0_g1_i4	20.985145253062	-7.96799283071597	1.66721679187675	-4.77921819738067	1.75978133490588e-06	0.000177443917943767
TRINITY_DN2180_c0_g1_i11	166.832647518869	-10.958256230353	1.62327996395098	-6.75068778874172	1.47145931776947e-11	1.01914237240069e-08
TRINITY_DN2185_c0_g1_i3	31.9920143701769	-3.81877243147273	0.816091593073504	-4.67934293636177	2.87795726074989e-06	0.000266354471652623
TRINITY_DN21851_c0_g1_i6	8.56078657284047	6.50745108716389	1.78830415863598	3.63889501444062	0.000273810387908552	0.011633971076414
TRINITY_DN2186_c0_g1_i11	22.0721047333748	7.87298331785779	1.78811433278743	4.4029529731384	1.06787319988802e-05	0.000790825150255374
TRINITY_DN2186_c0_g1_i13	73.9938336928776	-9.78537365793558	1.72270996250535	-5.68022120433124	1.3452065367127e-08	2.92203758198329e-06
TRINITY_DN2186_c0_g1_i22	40.4494801343831	8.74723473294186	1.74187191628956	5.02174393601497	5.12044187308909e-07	6.33480376855464e-05
TRINITY_DN2186_c0_g1_i3	21.2702594402327	-7.98695312892937	1.67161666983579	-4.77798126391858	1.77063874936234e-06	0.000177740197782023
TRINITY_DN2190_c0_g1_i2	25.7326801039616	8.09458784482383	2.29619362645215	3.52522006488225	0.000423131123991057	0.0162295659169298
TRINITY_DN2191_c0_g1_i2	64.0259884061121	7.63831826438927	1.7120546062723	4.46149219563759	8.13909109950747e-06	0.000636793444190909
TRINITY_DN2198_c1_g1_i8	125.783095729548	9.41999628006141	2.85197137019345	3.30297715415792	0.000956641812717126	0.0303090813239489
TRINITY_DN2201_c0_g1_i6	7.08108624356031	-4.47193609346119	1.38865313160609	-3.22034062479593	0.00128038363765101	0.0375789706892097
TRINITY_DN2201_c0_g2_i13	56.578570474983	-9.39814180200119	1.95463639665921	-4.80812790453721	1.52350282758634e-06	0.000156800172868929
TRINITY_DN2203_c0_g1_i2	130.079808083224	-10.5994296037245	1.63124737884683	-6.49774506379133	8.1532812981513e-11	4.03513440432503e-08
TRINITY_DN2208_c0_g1_i19	55.7327581883444	-2.67852673036657	0.848783186075498	-3.15572548361994	0.00160099464670983	0.0444166961955056
TRINITY_DN2209_c0_g1_i21	167.932804949605	6.53466977396128	1.49860757403997	4.36049429294221	1.29768966819185e-05	0.000931624312513806
TRINITY_DN2209_c0_g1_i22	114.534013493676	10.248615080416	2.16051367223524	4.74360112232611	2.09952062375081e-06	0.000206525370972871
TRINITY_DN2209_c0_g1_i3	214.011755041795	-11.3175000397503	1.69879557336618	-6.66207295167634	2.69991940810469e-11	1.64127906579878e-08
TRINITY_DN221_c0_g1_i14	321.267414938294	-11.9036702256495	1.65120245971681	-7.20909186853503	5.63262524964991e-13	8.06687403974438e-10
TRINITY_DN221_c0_g1_i8	396.988566948391	-5.20598825166745	1.6655479468689	-3.12569101445221	0.00177387825712789	0.0478726173653121
TRINITY_DN221_c2_g1_i1	34.2544983745369	8.50741465937909	2.0115482321866	4.2292869359296	2.34433185377334e-05	0.00152495267883094
TRINITY_DN2211_c0_g1_i14	19.6416337210796	-7.87149659495778	1.97103989698949	-3.9935754760624	6.50843481811751e-05	0.00357807238296222
TRINITY_DN2211_c2_g1_i4	7.98291207997631	-6.57431430774127	1.76094775676597	-3.73339543009225	0.000188915647167682	0.00853179815840447
TRINITY_DN2211_c2_g1_i8	30292.6712088273	-2.04652541665186	0.657131846564527	-3.11432998925719	0.00184363170067098	0.0492517203424903
TRINITY_DN22154_c0_g1_i1	14.8122299670823	-7.46627015131094	1.79361546277186	-4.16269278799177	3.14516397250833e-05	0.00193561591659876
TRINITY_DN2219_c0_g1_i6	19.1675847014858	7.66959162464208	1.73195578133143	4.42828373986901	9.49858925470025e-06	0.000715978407532258
TRINITY_DN2222_c0_g3_i3	7.82798515758279	6.37812220162616	1.95296369702215	3.26586828590384	0.00109128996273707	0.0333617291140945
TRINITY_DN22226_c0_g1_i3	4.59244259804894	-5.77529594336536	1.84925622515685	-3.12303717829882	0.00178995135914023	0.0481421418609325
TRINITY_DN2223_c0_g1_i50	160.632667607257	-10.9036252641433	1.73378734280267	-6.28890579309316	3.19711401859308e-10	1.28033052295298e-07
TRINITY_DN22241_c0_g1_i1	6.90511560894503	-6.36163769045121	2.01302496226609	-3.16023785581368	0.00157640389498142	0.0439178952582064
TRINITY_DN2226_c0_g1_i10	36.4274595826908	-8.76309117786117	1.68986750418941	-5.18566760774813	2.15242407686354e-07	3.03125882744692e-05
TRINITY_DN2226_c0_g1_i8	29.8320795794767	8.30768896892845	1.6990560791285	4.88959079749135	1.01045807091746e-06	0.00011131901704874
TRINITY_DN2228_c1_g3_i2	8.69820674341773	-6.69783767440433	1.71896862702889	-3.89642810758043	9.76217676531433e-05	0.00499324704791483
TRINITY_DN2230_c0_g2_i1	804.395817300956	-4.81654639370794	1.43375133986409	-3.35940149437943	0.000781114930735783	0.0261086429657089
TRINITY_DN2233_c1_g2_i2	5.68503256531261	-6.08456625101128	1.94999041088671	-3.12030572921868	0.00180663423138726	0.0484604864138191
TRINITY_DN2234_c0_g1_i2	20.9701336957521	-3.15894560208756	0.874110895336033	-3.61389569554922	0.000301630445292452	0.0125552558454786
TRINITY_DN2234_c0_g1_i4	6.63931561727217	-6.30339823268891	1.91419888344152	-3.29296933940119	0.000991352847371822	0.0311382567507506
TRINITY_DN2234_c5_g1_i1	9.99026326296755	-6.89674268906571	1.69225250061999	-4.07548086738767	4.59193578465517e-05	0.00265942008178062
TRINITY_DN22358_c1_g1_i1	361.014896727913	5.41487002148693	1.71642947509009	3.15472910484872	0.00160647191700938	0.0445499389706134
TRINITY_DN22372_c0_g1_i11	35.0389748166463	-8.70725850247533	2.32247413093317	-3.74913045811914	0.000177448764582396	0.00809177858050905
TRINITY_DN2238_c0_g1_i1	105.890332349131	-10.3024423992539	3.31151192928787	-3.11109928614069	0.00186392257600206	0.0496838264438556
TRINITY_DN2239_c0_g2_i3	56.2399932081438	9.22249536089095	1.64338785143467	5.61187996664315	2.00140252897934e-08	4.00380049613702e-06
TRINITY_DN224_c1_g1_i9	9.89357589711873	-6.88043447981414	1.84557982855267	-3.72806116179211	0.00019295855485494	0.00867968729564602
TRINITY_DN2241_c0_g1_i3	33.5275072494334	-8.6427217502278	1.78809348386877	-4.83348428267194	1.34163876099253e-06	0.000141177823195949
TRINITY_DN22422_c0_g1_i1	5.80899776844216	-6.11354617004606	1.76763202729944	-3.45860794307187	0.000542974648456762	0.0197589456698103
TRINITY_DN2244_c2_g1_i17	27.2592285579373	-2.6323121556921	0.742634226844646	-3.54456078179488	0.000393267818371296	0.0153630809601192
TRINITY_DN2244_c3_g1_i12	61.0940544334104	-9.50898275012757	1.6174996109082	-5.878816097389	4.13211126749531e-09	1.10143576618555e-06
TRINITY_DN2244_c3_g2_i10	35.4518640028	-8.72399605027219	1.70818461084777	-5.10717401085968	3.27012580689379e-07	4.36523049653889e-05
TRINITY_DN2244_c3_g2_i11	68.240604946474	9.5016248929521	1.63284911450637	5.81904648049773	5.91842761533049e-09	1.46655512211201e-06
TRINITY_DN2244_c3_g2_i16	8.65884031856108	-6.69012927442839	1.70650851797268	-3.92036090296004	8.84164576147578e-05	0.00460605045347214
TRINITY_DN2249_c0_g1_i5	203.94407910752	11.0809619270484	3.41961246956433	3.24041452815856	0.00119356048463168	0.0356745411883308
TRINITY_DN225_c0_g1_i3	40.7823023717203	-8.92586857903138	1.87186527168207	-4.76843537516488	1.85662209704271e-06	0.000184348829560418
TRINITY_DN225_c0_g1_i4	23.9857762560805	7.99315752424468	1.83728698889604	4.35052203197034	1.35813807565764e-05	0.00096843840604995
TRINITY_DN2254_c0_g2_i1	120.338086265524	-3.79131094571631	1.0676223915632	-3.55117218941532	0.000383519416952351	0.0151540326200939
TRINITY_DN2257_c0_g1_i20	150.834267667343	10.6457585915274	3.38947199695988	3.14083096159988	0.0016846923813712	0.0460333316210532
TRINITY_DN226_c1_g1_i4	8.46952005200288	-6.6593727916801	1.86643120471385	-3.56797120347175	0.000359756030385131	0.0143965923676497
TRINITY_DN22648_c0_g2_i1	5.05989178595301	-5.91590656984811	1.79008529566392	-3.30481825876012	0.000950380054455113	0.0301445997902958
TRINITY_DN2266_c0_g1_i17	80.8097593436307	-9.91253478249778	1.6180506439493	-6.12622035012668	8.99911574329967e-10	2.97034094561459e-07
TRINITY_DN2266_c0_g1_i6	93.7657629174937	-1.94306932442429	0.610889139169384	-3.18072330941462	0.00146907867242341	0.041613881884825
TRINITY_DN2271_c1_g1_i18	481.569549889987	12.3206329504715	1.85500702164046	6.64182550617832	3.0982162911937e-11	1.80654340419829e-08
TRINITY_DN2271_c1_g1_i27	154.423304503354	-10.8466496563586	3.39472008494372	-3.19515288004618	0.00139756787961158	0.0401945849868685
TRINITY_DN2271_c1_g1_i34	173.158427502663	-11.0121748202348	1.75479963210207	-6.27545995495983	3.48602196502802e-10	1.37645740187354e-07
TRINITY_DN2271_c5_g1_i1	16.8608295190039	-7.65009182699568	1.99556070577767	-3.8335550528965	0.000126304517113986	0.00615721481103137
TRINITY_DN2272_c0_g2_i2	53.3787432369594	-6.14214433557489	1.49625359143598	-4.10501560078473	4.04287595655077e-05	0.0023839143934168
TRINITY_DN2272_c0_g2_i3	182.833855457042	-5.90866779786662	1.16210309672595	-5.08446093510414	3.68671634984833e-07	4.84479250590178e-05
TRINITY_DN2272_c0_g2_i4	721.102924886236	-6.09240032268839	1.03124409472613	-5.90781596117295	3.46672989920117e-09	9.35884163011823e-07
TRINITY_DN2272_c0_g2_i6	153.977827916061	-6.64823489102917	1.14245652565668	-5.81924540822926	5.91138886179955e-09	1.46655512211201e-06
TRINITY_DN22740_c0_g1_i2	33.3088420125315	-7.66460591873217	1.56376992513982	-4.9013641939986	9.5173431547651e-07	0.0001059547380621
TRINITY_DN2276_c0_g1_i2	216.126517870474	-11.3316250401047	3.42718645592956	-3.30639292195477	0.000945054631177483	0.0300433507243171
TRINITY_DN22774_c0_g1_i10	8.53812873720939	6.50270853132635	1.73167635635563	3.75515234556387	0.000173236072566883	0.00795549003247633
TRINITY_DN2284_c0_g1_i10	101.573444511945	10.0754002395129	1.6709258904613	6.02983070465884	1.64131524424287e-09	4.95313769671549e-07
TRINITY_DN2284_c0_g1_i48	41.1519965599068	-8.93819971463598	2.00067409217315	-4.46759407221955	7.91042285510161e-06	0.00062352137165147
TRINITY_DN2285_c0_g1_i4	81.3028158667025	-9.9214081944895	1.62214081719815	-6.11624347855711	9.58069096559497e-10	3.10172116939021e-07
TRINITY_DN2286_c0_g2_i3	10.5100346720745	6.80263981750598	2.07148734601382	3.28393983704334	0.00102366772500896	0.0318123852253796
TRINITY_DN2287_c0_g1_i14	29.1765082671772	8.2755541908369	1.70526932384142	4.85293089785651	1.21650088055303e-06	0.000130446562696662
TRINITY_DN2287_c0_g1_i16	19.5544080886384	7.69806919401945	2.23613462745395	3.44257859053166	0.000576196416171563	0.0206390185560257
TRINITY_DN22901_c1_g1_i1	11.3062256928706	6.9075544024779	2.10098525152572	3.28776910616659	0.00100984624280591	0.031498703515915
TRINITY_DN2291_c0_g1_i16	56.1845855804512	9.22119353491867	2.21984490442178	4.15398099054159	3.26740331232779e-05	0.00199798317779422
TRINITY_DN2291_c0_g1_i7	25.8269484173859	-8.26638403989084	1.83905361294175	-4.49491193824847	6.95987442093435e-06	0.000562938262488348
TRINITY_DN2296_c0_g1_i35	44.0537018903563	-7.12968289597779	1.82890453905754	-3.89833517481006	9.68562929968655e-05	0.00496009881554493
TRINITY_DN22963_c0_g1_i5	11.9537417719049	-7.1543236639259	1.70634672755284	-4.19277251709931	2.75565740365311e-05	0.00174287080309791
TRINITY_DN22972_c0_g1_i1	7.37481792144774	-6.45688971752519	1.92788024712636	-3.34921721779641	0.000810402337485975	0.0268855032245347
TRINITY_DN23_c0_g1_i5	182.000869392802	10.9167327614506	3.40818438427971	3.20309335721511	0.00135959898763313	0.0393166992666065
TRINITY_DN23_c4_g1_i1	32.6952422471184	-6.74617090621392	1.48593156237579	-4.54002800467322	5.6246757025388e-06	0.000470568165854578
TRINITY_DN23_c4_g1_i2	14.3477115798636	-7.41701137238202	2.03161036777228	-3.65080405674194	0.000261420626713861	0.0111845671473761
TRINITY_DN2304_c1_g1_i2	53.8620009516089	9.16029699553904	1.63210628318335	5.61256156533647	1.99353247597014e-08	4.00117594191271e-06
TRINITY_DN2304_c1_g1_i6	27.0141696177923	-8.33150169407103	1.99980632723914	-4.16615428233652	3.09781093496263e-05	0.00191204403493405
TRINITY_DN2304_c5_g1_i2	5.69067260184329	-6.08539614193701	1.9391548871368	-3.13816920056459	0.00170006709377925	0.0463406853930761
TRINITY_DN23094_c0_g1_i1	9.90709464471055	-6.88247025651817	1.83299473117409	-3.75476816134094	0.000173501999860501	0.00796337424454786
TRINITY_DN2310_c0_g1_i3	313.999518273627	7.32055115771686	1.8988716389293	3.85521117259123	0.000115629774060729	0.00572042426732052
TRINITY_DN2310_c0_g2_i1	343.544077169755	4.02245254383095	1.13663527549215	3.53891228836732	0.00040177932773429	0.0156018150895643
TRINITY_DN2311_c1_g2_i1	6.99399474438629	-6.38182358736409	1.74896237438187	-3.64891988578061	0.000263345206132718	0.0112441350317344
TRINITY_DN2312_c0_g1_i16	93.3335935366922	-4.41596880454388	1.0465352402189	-4.21960831784338	2.4472712180702e-05	0.00158095965890287
TRINITY_DN2312_c0_g1_i7	1353.80993621463	-2.91553528843306	0.927446545493976	-3.14361544888842	0.00166874575624236	0.0457959333910254
TRINITY_DN2312_c1_g1_i1	66.8959415803645	-7.18517900624182	1.44613273102703	-4.96854738993356	6.74563156736625e-07	7.99428297586694e-05
TRINITY_DN2312_c1_g1_i2	129.595820201745	-5.73054899435695	1.15012896665505	-4.98252731693496	6.27591273930975e-07	7.553518654106e-05
TRINITY_DN23147_c0_g1_i3	36.4203457700859	8.59586078661463	1.9368846386108	4.4379828386578	9.08058571144138e-06	0.000690010190148718
TRINITY_DN2315_c0_g1_i11	130.439866659013	-10.6032405653228	3.33579583359678	-3.17862396089451	0.00147975928783148	0.0418043130401821
TRINITY_DN2315_c0_g1_i13	116.034462957633	-10.4344192223249	3.3218949595564	-3.14110450491737	0.00168311962533776	0.0460333316210532
TRINITY_DN2316_c0_g1_i8	54.1306395075152	-9.33428983532576	1.64561537143343	-5.67221842804922	1.40960086217181e-08	3.01540388991882e-06
TRINITY_DN232_c0_g1_i4	174.336303444794	-11.0216269623576	3.40266961145887	-3.2391117037167	0.00119902604486589	0.0357625495019689
TRINITY_DN2320_c0_g1_i1	39.744666389992	-8.88890810475054	1.81293865034928	-4.90303855733785	9.43654526713995e-07	0.000105193826119102
TRINITY_DN2320_c0_g1_i9	54.8919714176356	9.18759257898106	1.6670421014678	5.51131406392889	3.56164547514191e-08	6.51411080862643e-06
TRINITY_DN2321_c2_g1_i1	143.538419255612	-10.7413337759865	1.73597309637798	-6.1875001394882	6.11257929470705e-10	2.17017111447124e-07
TRINITY_DN2322_c2_g1_i13	66.4854265472838	-9.63088455846763	1.70062962707201	-5.66312876428549	1.48637535435074e-08	3.14776302486037e-06
TRINITY_DN23226_c0_g2_i1	5.84392842475512	-6.12234330729998	1.92060652204883	-3.18771348374309	0.00143402555224697	0.0409193972889277
TRINITY_DN23235_c0_g1_i2	146.576247362819	9.64080453323884	2.17276793353654	4.43710733412143	9.11758363013777e-06	0.000692017967016523
TRINITY_DN23263_c0_g1_i1	13.5749521510439	5.35658368059565	1.51966034223466	3.52485587188438	0.000423713258532142	0.0162445203808752
TRINITY_DN2327_c1_g1_i10	10.1911599752696	-6.92257053067622	2.14212717752147	-3.23163377194343	0.00123084696254102	0.0365454211101567
TRINITY_DN233_c2_g2_i1	114.288685723451	-3.68475744535953	1.15336300191795	-3.19479421416507	0.00139930577003126	0.0402308740919025
TRINITY_DN2331_c0_g1_i11	55.9989547808947	-3.83861557975551	0.77618789955945	-4.94547207181951	7.59595606042045e-07	8.79237116703298e-05
TRINITY_DN23332_c0_g1_i1	33.9362572130555	7.52576212260004	2.17369988891147	3.46219004794113	0.000535798665357309	0.0195639742080472
TRINITY_DN23357_c0_g3_i2	4.97544841905545	-5.88959639855785	1.78030832092688	-3.308188997	0.000939014158477436	0.0298963143794372
TRINITY_DN2337_c0_g2_i1	43.903621859734	8.86537098022532	1.63705668971359	5.41543309766282	6.11405303694217e-08	1.02708797915614e-05
TRINITY_DN2339_c0_g1_i19	369.361331354341	-12.1049158168133	1.62720357386875	-7.43909121833685	1.01380303850402e-13	2.19652126019263e-10
TRINITY_DN23408_c0_g1_i1	6.80925120767894	-6.34364524407743	1.95158298010216	-3.25051269085436	0.00115197126849846	0.0346896893248691
TRINITY_DN23428_c0_g1_i1	9.16693067996237	-6.77132332401854	1.74336097147052	-3.8840627012012	0.000102725397819635	0.00519144178526524
TRINITY_DN23428_c0_g1_i3	6.75898478891867	6.16510949604666	1.86621068301838	3.3035442097434	0.000954709146427058	0.0302591948442587
TRINITY_DN23454_c0_g1_i4	7.5099782669169	-6.48266772026413	1.787970150453	-3.62571361642792	0.000288164572009562	0.0121013395311798
TRINITY_DN2350_c0_g1_i14	145.458421932968	-10.760692352875	1.93212031942397	-5.56936969436932	2.55662506881884e-08	4.93218504714737e-06
TRINITY_DN2350_c0_g1_i9	113.47090848077	-7.97176650228075	1.70250486402564	-4.68237517009567	2.83569873899288e-06	0.000263577418464389
TRINITY_DN2352_c0_g1_i10	136.150109717021	-10.6651086212831	1.61050309467522	-6.62222174955454	3.53839700877916e-11	2.03113775380893e-08
TRINITY_DN2356_c0_g1_i4	116.450541556958	-3.45069326932944	0.647973106182437	-5.32536495173289	1.00750547591061e-07	1.55350725736305e-05
TRINITY_DN2356_c1_g1_i14	71.9420875711211	-9.74492541323419	1.80394981658601	-5.40199362733746	6.59042920967315e-08	1.09406303999796e-05
TRINITY_DN2358_c0_g1_i1	66.1217351094923	9.45609276432587	1.61652468002464	5.849643300331	4.92628308875736e-09	1.27296962823798e-06
TRINITY_DN2370_c1_g2_i2	335.610827397941	9.92776644389644	2.96992885983325	3.34276237325558	0.000829488979338275	0.0273896677515145
TRINITY_DN2372_c0_g1_i6	14220.8387045144	-11.9144834513648	1.9160366837201	-6.21829610706205	5.02582461741554e-10	1.87080232829241e-07
TRINITY_DN2372_c0_g1_i8	4181.46401262605	-4.14999243520316	0.735077623120993	-5.64565197561465	1.64556431600762e-08	3.42480033433528e-06
TRINITY_DN2372_c2_g1_i15	23950.5207622603	-4.98211022870705	1.30020805185484	-3.83177924609812	0.000127219867674889	0.00619509700473731
TRINITY_DN2375_c0_g1_i3	46.6421344511471	-7.26408976967432	1.58251975868535	-4.59020478563178	4.42811343635499e-06	0.000382975157773924
TRINITY_DN2375_c0_g1_i5	30.5921227317202	8.34435790382683	1.93154345032685	4.32004669758521	1.55996186468378e-05	0.00108577971698558
TRINITY_DN2375_c0_g1_i9	162.954249107383	-10.9242128573576	3.39595969492162	-3.21682641690178	0.00129616994517155	0.0378700649396978
TRINITY_DN2376_c0_g2_i2	7.05695572190914	-6.39744591534971	1.81551281083666	-3.52376798288827	0.000425456622089823	0.01629970331176
TRINITY_DN23763_c0_g1_i1	4.89551130135516	-5.86448784730597	1.83004060080905	-3.2045670706504	0.00135265770824947	0.0391427640519397
TRINITY_DN23797_c0_g1_i11	3404.28426730165	-15.3091540618983	2.07614960640775	-7.37382027511345	1.6580668132354e-13	3.19234389889951e-10
TRINITY_DN23797_c0_g1_i13	137.308359959707	10.5103053822417	1.61353410092434	6.51384149626633	7.3252795061632e-11	3.75134222855623e-08
TRINITY_DN23797_c0_g1_i3	293.772436141697	-11.7746046488073	2.10246741647937	-5.60037437751314	2.13889363286858e-08	4.23260501616228e-06
TRINITY_DN23797_c0_g1_i4	2374.51621457438	8.03822900213816	1.50224564527914	5.35080865596021	8.75620678161592e-08	1.39442796458544e-05
TRINITY_DN2383_c0_g1_i8	25.1052658489431	8.05866957210136	1.99172288204709	4.04607972561859	5.20825013331641e-05	0.00296155262291366
TRINITY_DN2384_c1_g1_i8	57.281794995164	9.24893819127615	1.99139630567037	4.6444488045601	3.40985587973031e-06	0.000307170577958904
TRINITY_DN2386_c0_g1_i10	8.89316704650661	-6.72810157798161	1.76207622455711	-3.81828066471568	0.000134384988526134	0.00646655054697109
TRINITY_DN2386_c0_g1_i11	18.7151841674788	7.6353796401493	1.71811914166383	4.44403385946518	8.82877008549237e-06	0.000673874247835225
TRINITY_DN23870_c0_g1_i19	7.33263674651865	-5.45836074819151	1.57936217391982	-3.4560538667609	0.000548145767148862	0.0199128207362616
TRINITY_DN239_c0_g1_i14	121.994578723748	-10.5066909377439	1.61490650684078	-6.50606762263782	7.71435105500546e-11	3.89765158567934e-08
TRINITY_DN239_c1_g1_i8	1189.21490556462	9.48411013964667	1.98335165212752	4.78186010507675	1.73680534988559e-06	0.000175546146476833
TRINITY_DN239_c3_g1_i1	100.134192115726	10.0547807192111	2.55184689606233	3.94019748391893	8.14145595562842e-05	0.00428888245223622
TRINITY_DN23938_c0_g1_i1	13.812214754051	6.21990487594067	1.84850402992354	3.36483165589742	0.000765903737829773	0.0257018800790866
TRINITY_DN2398_c0_g1_i2	264.645895409992	11.456843755622	3.45146674625726	3.31941304897277	0.000902068923446046	0.0290705644139375
TRINITY_DN24005_c0_g1_i5	10.3561375324213	-6.95048027457703	1.95077060525462	-3.5629408480193	0.000366723336045771	0.014644323463703
TRINITY_DN2402_c0_g1_i8	201.726492937081	-11.2321680930681	3.58369584934231	-3.1342414549855	0.00172299015156667	0.0468584556894368
TRINITY_DN2403_c0_g1_i1	13.5282780506225	-7.33473946608775	1.77524056563339	-4.13168761917673	3.6010958874187e-05	0.00216727493087682
TRINITY_DN24035_c0_g3_i1	7.82529096917437	-6.54397107499591	1.71268613838193	-3.82088167139507	0.000132975444647519	0.00641333283209251
TRINITY_DN24038_c0_g1_i2	7.96141896133984	6.40150977673587	1.74460395960537	3.66931975677959	0.000243196735593574	0.0105167030522957
TRINITY_DN2404_c0_g2_i14	14.7596411673163	-7.45915176997424	1.85672796937562	-4.01736382119703	5.8852824907867e-05	0.00327814502245547
TRINITY_DN2404_c1_g1_i5	51.2394856304542	-5.72469531102363	1.76074809234801	-3.25128582328297	0.00114884297938023	0.0346325130473316
TRINITY_DN2404_c5_g1_i1	14.8955806038982	3.53707853017897	0.990246472592173	3.57191732369411	0.000354377294408622	0.0142863419002575
TRINITY_DN2405_c0_g1_i6	138.448541623536	10.5222881589114	2.0696766994728	5.08402503714308	3.6951919717118e-07	4.84839023642397e-05
TRINITY_DN2406_c0_g1_i15	849.591017254528	-13.3064978332008	3.56183631647396	-3.73585326525435	0.000187079740193491	0.00846245390089379
TRINITY_DN2407_c0_g1_i1	20.6601034351661	-4.73371991358449	1.40529130245726	-3.36849726836508	0.000755791459660289	0.0254636629818083
TRINITY_DN2407_c3_g1_i4	16.4749633779656	-7.61908931116278	1.70653390199562	-4.4646574569969	8.01969526892167e-06	0.000629784582558869
TRINITY_DN241_c0_g2_i3	94.8831694541013	5.10817592543564	0.948834649304594	5.38363130939563	7.29979502229596e-08	1.20472281209759e-05
TRINITY_DN2410_c0_g1_i10	1390.67682654229	9.39177876770878	1.90665241054156	4.9257949250651	8.40180799276062e-07	9.60671139069401e-05
TRINITY_DN2410_c0_g1_i12	213.888376107652	-11.3166589380524	3.41611135868883	-3.31273127536332	0.00092389703570719	0.0295833291483195
TRINITY_DN2410_c0_g1_i7	69.5249276183463	-9.69588331583711	2.12957305204925	-4.55297051514948	5.28936887651068e-06	0.000447521432269615
TRINITY_DN2418_c0_g1_i6	16.7565352418289	-7.64328131332304	2.08616764195532	-3.66379056007175	0.000248510013519698	0.0107081076605749
TRINITY_DN242_c0_g1_i4	39.8247028884822	-8.89174574293633	1.63900112983152	-5.4251004353184	5.79219616792254e-08	9.84766583092794e-06
TRINITY_DN2421_c0_g1_i12	92.8035918366501	9.94518238715773	1.63333872787823	6.08886706560671	1.13712486195409e-09	3.55869542908876e-07
TRINITY_DN24217_c0_g1_i3	73.7437443247234	9.6134585056486	2.16870219399276	4.43281633240267	9.30100948098762e-06	0.000704226432907251
TRINITY_DN2429_c0_g1_i7	85.8230879969415	-9.99944525071714	1.67853195745183	-5.95725640273018	2.56507640067197e-09	7.21973971737939e-07
TRINITY_DN2430_c0_g1_i22	14.0940001757666	-7.39190734501692	1.73470641189001	-4.26118638540295	2.03344554271323e-05	0.00136801020277216
TRINITY_DN2430_c0_g1_i54	95.1415956294372	9.98098976339604	1.65812375205079	6.01944803640345	1.75012828061308e-09	5.21016225717047e-07
TRINITY_DN24305_c0_g1_i9	16.5051618930523	-7.62195732536087	2.09174887325487	-3.64382045226141	0.000268620840879473	0.011434722323745
TRINITY_DN2431_c0_g1_i2	153.336954805047	-10.8365494430089	3.35523112049338	-3.22974753566764	0.00123899573852727	0.0367213826426086
TRINITY_DN2441_c0_g1_i10	489.921673296773	4.70188863789323	1.43024691450628	3.28746637395566	0.00101093261306834	0.0315093264253221
TRINITY_DN2441_c0_g1_i12	387.643782424764	4.28682373349673	0.729352624477133	5.87757360381053	4.16323621295636e-09	1.1062425582465e-06
TRINITY_DN2442_c0_g1_i3	36.5294158045454	-8.76645025360354	1.71498871696209	-5.11166643074617	3.19329317682175e-07	4.2761788725053e-05
TRINITY_DN2447_c0_g1_i1	42.6683083295166	-8.99077492723388	1.67281669601434	-5.37463246789402	7.67390490376711e-08	1.25179462656084e-05
TRINITY_DN2447_c0_g1_i7	6.51973975124888	6.11398898508245	1.79843442705091	3.39961740785191	0.000674802019605917	0.0233112923355113
TRINITY_DN2455_c0_g1_i9	48.3719358575631	-5.06068576013299	1.3231316277358	-3.8247787703428	0.0001308895673992	0.00632394175375373
TRINITY_DN2456_c1_g1_i1	11.0235050566693	-7.03607378980287	1.92362222288087	-3.65772120227716	0.000254467620870503	0.0109318638059979
TRINITY_DN2457_c0_g1_i2	29.9115120959943	-8.47803264338911	1.70383037264054	-4.97586660005957	6.49563718048909e-07	7.75237783159559e-05
TRINITY_DN2470_c0_g1_i1	259.502551242861	-11.5955516629563	3.53185584920849	-3.28313276589558	0.00102660304190533	0.031868443730682
TRINITY_DN2470_c0_g1_i2	464.567069663971	-12.4358604692421	1.90695015596671	-6.52133482898399	6.96844302636601e-11	3.63468826445602e-08
TRINITY_DN2470_c0_g1_i3	233.155763298199	-11.441231741665	2.51743875590144	-4.5447904998063	5.49899198522822e-06	0.00046234211419683
TRINITY_DN24708_c0_g3_i1	6.60415893432387	6.1315815284186	1.79967480152584	3.40704971988272	0.000656691633430403	0.0228642947592963
TRINITY_DN2486_c1_g1_i11	12.0863526200929	-7.17214543500131	2.22562903246277	-3.22252510656054	0.00127066029397785	0.0373555261346387
TRINITY_DN2490_c0_g1_i12	6.56809462528393	-6.29417604622261	1.79753379665382	-3.50156200564321	0.000462539327311863	0.0173089672627094
TRINITY_DN2492_c1_g1_i14	24.6575228254663	8.03269756496879	1.78562691588737	4.49853073645955	6.84247050234285e-06	0.000554870511043153
TRINITY_DN2493_c0_g1_i6	15.5613359495714	-7.53707169540982	1.8153385790388	-4.15188206896402	3.2975218432488e-05	0.00201179783906742
TRINITY_DN2496_c0_g1_i17	13.1192131103904	-7.29144296437218	1.82706359715373	-3.9907986649896	6.58511653296122e-05	0.00361552421573851
TRINITY_DN24980_c0_g1_i4	5.78820412078452	5.94190549431348	1.78502866761104	3.32874513565415	0.000872381956418221	0.028483203459593
TRINITY_DN24995_c0_g1_i3	8.99661378615134	-6.7471950074749	1.98531085584191	-3.39855846132147	0.000677419833559557	0.0233826066569099
TRINITY_DN25_c0_g4_i4	689.854133602247	12.8391092961828	2.87362706314106	4.46791076715043	7.89872392830107e-06	0.000623370205462402
TRINITY_DN25_c2_g1_i14	76.8711077219653	-9.84036702210943	1.80170841171846	-5.46168678466886	4.71631660930504e-08	8.26803570234559e-06
TRINITY_DN25_c9_g2_i1	650.620064070157	-3.36851469489449	0.612608683081385	-5.49864013998474	3.82731302586652e-08	6.93992051630192e-06
TRINITY_DN2502_c0_g1_i6	24.446361235902	8.02046047093237	1.76463542478992	4.54510906800322	5.49068151401612e-06	0.000462103193796149
TRINITY_DN2504_c0_g1_i9	124.462719101637	-10.5355736191497	1.68876089804564	-6.23864137980825	4.41387591738021e-10	1.68761849441988e-07
TRINITY_DN2527_c0_g1_i3	30.4317759756933	-8.5031305630519	1.66093862435016	-5.11947307287092	3.06390510559733e-07	4.1356845625042e-05
TRINITY_DN2529_c0_g1_i7	15.4910528868651	4.08110623173198	1.17874541473671	3.46224568995974	0.000535687898646193	0.0195639742080472
TRINITY_DN2530_c0_g1_i2	72.7459338252814	6.06685098970311	1.7078819951373	3.55226591004339	0.000381928682697514	0.0151157891478101
TRINITY_DN2531_c0_g2_i5	146.292864962495	10.6016575858967	3.38280366345393	3.13398548678175	0.00172449385087856	0.0468842604284223
TRINITY_DN2536_c0_g1_i10	326.695321523575	11.7608057142419	2.05893232135976	5.71208950980712	1.11597359869009e-08	2.48806166601888e-06
TRINITY_DN2536_c0_g1_i11	86.9391896977197	9.85089665008183	1.92981858768559	5.10457133791829	3.31545188135082e-07	4.41875478028993e-05
TRINITY_DN2536_c0_g1_i2	577.489355105355	12.5826451232349	2.34950681988934	5.35544098732496	8.53479998541701e-08	1.37366386508146e-05
TRINITY_DN2536_c0_g1_i24	180.409830442314	10.9040605667694	3.42116197880826	3.1872389072229	0.00143638076097375	0.0409208703778692
TRINITY_DN2536_c0_g1_i25	134.105328136757	10.4762047324345	2.25348501503398	4.6488903465269	3.33725560799637e-06	0.000301918013238198
TRINITY_DN2536_c0_g1_i29	212.140430789771	10.1747509517491	1.7345751546544	5.86584612632498	4.46848054344494e-09	1.17625442043617e-06
TRINITY_DN2536_c0_g1_i5	19.0413767824331	7.65977036589109	1.71625703195913	4.46306714160837	8.07947222520713e-06	0.000633301710654501
TRINITY_DN25378_c0_g1_i3	63.0765921937295	9.38812918744229	1.63727520469981	5.73399582458319	9.80917469269441e-09	2.22810656769702e-06
TRINITY_DN2538_c0_g2_i2	39452.0888278476	-3.19584733268781	0.966076078264914	-3.30807004188283	0.000939413113916392	0.0298977511486657
TRINITY_DN25380_c0_g1_i2	10.7112684435932	-6.99612025090435	1.72229183383932	-4.06209918287114	4.86334046133294e-05	0.00279552749865109
TRINITY_DN254_c0_g1_i3	331.113136659443	-9.46199671923435	1.50545209869243	-6.28515296332085	3.2753103822298e-10	1.30545838055497e-07
TRINITY_DN2540_c0_g1_i8	179.952416121296	-11.0675231611836	1.62491915064803	-6.8111223606232	9.68402177019728e-12	7.43891337761936e-09
TRINITY_DN2543_c0_g1_i17	275.430381902645	-11.6815838155615	1.62522040982617	-7.18769204775797	6.58956789248733e-13	8.75822567414883e-10
TRINITY_DN2545_c0_g1_i17	3287.2414315355	27.6817622921053	3.71652643208338	7.44828882505422	9.45586340731595e-14	2.15946363835509e-10
TRINITY_DN2545_c0_g1_i5	235.024968672127	11.2856009925963	3.43677518905925	3.28377632279331	0.00102426179796618	0.0318191446340243
TRINITY_DN25491_c0_g1_i2	9.879831257498	-6.88082771680155	2.09251715824394	-3.28830169429817	0.00100793764515937	0.0314623993870249
TRINITY_DN25491_c0_g1_i3	7.04733967685345	6.22547769130994	1.77328781954663	3.51069782507251	0.000446932123431363	0.0169273288057837
TRINITY_DN255_c0_g1_i25	211.635671261875	-11.3014075669223	3.53369933832458	-3.19818028782283	0.00138297789137208	0.0398291976363866
TRINITY_DN2552_c0_g2_i2	8.45359276843709	-6.65869533299345	1.93321557326809	-3.44436255587212	0.000572407578921578	0.020529412395465
TRINITY_DN256_c1_g1_i1	33.1677033241178	8.46050171159452	1.76567450759992	4.7916542234587	1.65411798958446e-06	0.000169212665719017
TRINITY_DN2561_c0_g1_i4	251.292061648429	-11.5491194821169	3.44617025140398	-3.35129103891828	0.000804357181702346	0.0267059226481276
TRINITY_DN2564_c0_g1_i2	23.0301464510908	-8.10079331756392	1.94340165979582	-4.16835772303242	3.06802172582305e-05	0.00189920659185785
TRINITY_DN2567_c0_g1_i7	20.229054004748	-7.91569704391822	1.80993817909634	-4.37346266040442	1.22291169629774e-05	0.000884705415357593
TRINITY_DN2568_c0_g2_i1	13.0531665172895	-4.34769661192928	1.07487148116028	-4.04485251319175	5.23560740292284e-05	0.00297310721997429
TRINITY_DN257_c1_g1_i21	55.6645891970323	9.20765628166672	1.90583894895869	4.83128770492259	1.35652812425699e-06	0.000142389954588158
TRINITY_DN257_c1_g1_i23	549.474329376261	-12.677979065188	1.60278023948928	-7.90999212045923	2.5740518640395e-15	1.08751117203805e-11
TRINITY_DN257_c1_g1_i6	296.726026748321	11.6219098761394	3.46340525255139	3.35563095527959	0.000791841571094021	0.0263732869823818
TRINITY_DN257_c3_g1_i8	173.88315701681	10.8510133850558	1.68324965359736	6.4464670239887	1.14487511618879e-10	5.37442542042891e-08
TRINITY_DN257_c3_g2_i6	27.3993768600009	-8.35295886043172	2.19757791611586	-3.80098416496434	0.000144122513274614	0.00685769335556242
TRINITY_DN257_c6_g1_i2	21.7642104863164	2.95828849551667	0.946190677065908	3.12652467121129	0.0017688566223349	0.0477523472441069
TRINITY_DN257_c7_g1_i4	38.1962181306363	-8.83113318913817	1.64590064627227	-5.365532366209	8.07108048294089e-08	1.31151953586065e-05
TRINITY_DN2572_c0_g4_i1	22.1827675313616	-8.0472044638698	1.66932775066152	-4.82062582418632	1.43108559623368e-06	0.000148555123723038
TRINITY_DN2575_c0_g1_i19	200.65775182802	-11.2247302891444	1.63369313034676	-6.87077033050989	6.38561306478255e-12	5.39571532747996e-09
TRINITY_DN2577_c0_g1_i4	23.7362775319512	-8.14636622295987	2.04506942275188	-3.9834179379583	6.79311355633355e-05	0.00370468425067994
TRINITY_DN25794_c0_g3_i2	4.97995466825272	-5.89112769407124	1.8174247608061	-3.24146992003029	0.00118914982939656	0.0355684185077347
TRINITY_DN2588_c1_g1_i1	12.737552518678	-7.24774781400629	1.76938430419017	-4.09619764165565	4.19991405963851e-05	0.00245764777154664
TRINITY_DN2588_c1_g2_i2	41.12147709919	-8.93774970752875	1.671902085999	-5.3458571422191	8.99901660748848e-08	1.42130636504591e-05
TRINITY_DN2590_c0_g1_i6	170.631863932402	-10.9906263041822	3.41064499422497	-3.22244804803548	0.00127100212593299	0.0373555261346387
TRINITY_DN2594_c0_g1_i5	17.6185244243828	7.54845865838293	2.17893183929762	3.46429315605218	0.000531626809197678	0.0194549164675554
TRINITY_DN25948_c0_g2_i1	12.5474092875371	-7.2240828893923	1.77669804462941	-4.06601611975045	4.78236293407386e-05	0.00275272549866058
TRINITY_DN2595_c0_g1_i9	27.0506105132059	-6.47244640469897	1.63289812021876	-3.96377846514506	7.37727179775094e-05	0.00395787118962767
TRINITY_DN2599_c0_g1_i1	330.935357351603	-11.9463410431002	3.44616935779469	-3.46655657420882	0.000527170781770166	0.0193642582969938
TRINITY_DN260_c1_g1_i17	104.878335840896	-10.2886026830874	1.66742920296194	-6.17033854559534	6.81439274704497e-10	2.38922223377513e-07
TRINITY_DN2602_c0_g1_i2	934.001501179269	13.2763027888538	2.14226798406917	6.19731186181287	5.74356286662121e-10	2.08291663134661e-07
TRINITY_DN2608_c0_g1_i15	52.4424755435459	9.12172435700904	1.88632733065654	4.83570598207587	1.32673905977807e-06	0.000140133496341409
TRINITY_DN2608_c0_g1_i2	8.10244151456217	-6.5932084946292	1.80338194377593	-3.65602445859268	0.000256156925353992	0.0109871816642445
TRINITY_DN2609_c0_g1_i14	153.404089573072	-10.8372262427583	1.70590551430474	-6.35277050920084	2.11471091533605e-10	9.07049964081549e-08
TRINITY_DN26109_c2_g2_i2	57.2883153697934	-5.9524100033417	1.62623333166531	-3.66024351330092	0.000251975667679263	0.0108519062016118
TRINITY_DN2611_c0_g1_i8	37.0415750811543	-8.78690321874243	1.67065071287288	-5.2595693109497	1.44393196371555e-07	2.1182181088548e-05
TRINITY_DN26137_c0_g1_i1	5.12418111895212	5.7670754866137	1.80833000905452	3.18917203040223	0.00142680940179542	0.0407995062040303
TRINITY_DN2618_c0_g1_i12	135.547321006758	10.4915934189009	3.37276942975445	3.11067614831435	0.00186659529277777	0.0497393784450128
TRINITY_DN2622_c0_g1_i10	7.90643235486164	-6.558102200761	1.85531144550944	-3.53477159677643	0.000408127770250934	0.0157830573595714
TRINITY_DN2622_c0_g1_i39	795.748012157942	-11.328919379915	1.44040814664322	-7.86507588582886	3.68873768041902e-15	1.41677707509112e-11
TRINITY_DN2622_c1_g1_i15	288.616691360416	-11.7491146378656	1.63055873221958	-7.20557585918552	5.77990546873208e-13	8.13984087161539e-10
TRINITY_DN26220_c0_g1_i2	9.19598662711361	-4.86326533843228	1.41002302357213	-3.44906803444371	0.000562524952741718	0.0202696091500084
TRINITY_DN2627_c1_g1_i7	122.042683116313	3.89641211146418	1.11519876504645	3.49391716848063	0.000475988676438949	0.0177650579424639
TRINITY_DN2627_c2_g1_i16	10.6076662925732	-6.98177674631453	1.74584972952449	-3.99907084111765	6.35916454513728e-05	0.00350815641704151
TRINITY_DN2627_c2_g3_i1	122.895721687874	-3.99606084692709	1.21601924301937	-3.28618224577178	0.00101555281129282	0.0316299968479989
TRINITY_DN2629_c1_g1_i1	54.4665122537747	-9.3431720311792	1.72036471477963	-5.43092517005965	5.60626406010091e-08	9.60888642090075e-06
TRINITY_DN2631_c0_g1_i18	18.5039523617068	-7.78516917859076	1.692407785192	-4.60005516797333	4.2237906464548e-06	0.000367940063963028
TRINITY_DN2633_c0_g1_i14	138.907168722994	10.5269197210776	3.38617360478543	3.10879504411724	0.00187851980829942	0.049962595770124
TRINITY_DN2633_c0_g1_i3	420.536576931052	12.1251377946941	1.76895272320365	6.85441596920405	7.16044460939043e-12	5.707955175512e-09
TRINITY_DN26357_c0_g1_i1	19.8997519935839	-7.8900984662235	1.983298261145	-3.97827125692551	6.94181501925713e-05	0.00376488758342227
TRINITY_DN26359_c0_g1_i10	36.3804004616801	8.59409467245747	1.64834823186115	5.21376157436944	1.85049283764363e-07	2.64573508959749e-05
TRINITY_DN26359_c0_g1_i11	23.1704661488965	-8.11060711852596	1.80823690669771	-4.48536753590432	7.27883558261828e-06	0.000582982984891071
TRINITY_DN26359_c0_g1_i13	18.1126920739597	7.58777839387581	2.07467762639	3.65732887719947	0.00025485729470737	0.0109425465895241
TRINITY_DN26359_c0_g1_i2	18.886781366969	7.64824801768186	1.65082106468034	4.63299638059975	3.60410842487443e-06	0.000321923841104693
TRINITY_DN26359_c0_g1_i5	13.512506178432	-7.33312544706984	1.68652133638517	-4.34807748284252	1.37336088752584e-05	0.000975178556925701
TRINITY_DN26359_c0_g1_i6	16.6261214876541	-7.63102985830246	1.66736504109058	-4.57670016477688	4.72367727677118e-06	0.000403173012659203
TRINITY_DN2637_c0_g1_i5	38.3788503799116	8.67103853857306	2.46396149306211	3.5191453125337	0.000432939505147856	0.016521973697347
TRINITY_DN2638_c2_g2_i1	8.35472275864321	-6.63816564209959	1.79627362666756	-3.69552029465282	0.000219436950186211	0.00965225581303202
TRINITY_DN2638_c2_g2_i4	10.4054492429903	6.78868994322324	1.75033440028528	3.87851026759046	0.000105098091600134	0.00529235908464129
TRINITY_DN264_c0_g1_i11	97.4096760275522	10.0150901507491	2.16718925334145	4.6212346869603	3.81462948893439e-06	0.000336459877407075
TRINITY_DN264_c0_g1_i12	130.49083372787	5.14041187927292	1.52168634460761	3.37810212826643	0.000729879681905708	0.0248630848904671
TRINITY_DN264_c0_g1_i30	763.392007782009	-13.1521553259576	3.5549021156896	-3.69972362049309	0.000215834388170465	0.00951856687454485
TRINITY_DN264_c2_g1_i1	328.812570106438	-11.9370304178817	3.52385210408029	-3.38749472603	0.000705340732621426	0.0241784508012354
TRINITY_DN264_c6_g1_i4	68.1295389039177	-5.65036749480407	1.81532272277208	-3.11259668813912	0.00185449256375398	0.0495105569200897
TRINITY_DN264_c9_g1_i6	70.6697825810587	-9.7190502660561	1.75247193426905	-5.5459092245662	2.92430520866655e-08	5.51557905182827e-06
TRINITY_DN2641_c0_g1_i8	7892.63771859046	-1.70196146900896	0.526846316966867	-3.2304704696569	0.00123586670341849	0.0366543575659724
TRINITY_DN2646_c0_g1_i1	124.539268808246	3.21871589288479	1.01641661320875	3.16672892892173	0.00154163948999898	0.0431771473735281
TRINITY_DN2646_c0_g1_i3	84.1196131403898	-6.77637632932218	1.12572553536373	-6.01956348723374	1.74888053408841e-09	5.21016225717047e-07
TRINITY_DN26463_c0_g1_i2	5.36521361385786	-5.99769906581144	1.78549343621993	-3.3591269192841	0.000781891480515123	0.0261242650536049
TRINITY_DN26481_c0_g1_i2	8.02038149547881	6.41188304418098	1.86905071658296	3.43055594334184	0.000602345754228474	0.0214213011535343
TRINITY_DN2649_c1_g1_i3	139.294687124674	10.5309332458891	3.37747393155679	3.1179909776639	0.00182088377689159	0.0487210378023387
TRINITY_DN2651_c0_g1_i4	60.2350624040168	9.32148938325124	2.32797924523315	4.00411189332475	6.22508971139919e-05	0.00344471270749056
TRINITY_DN2652_c0_g1_i9	62.5860269881923	-4.83086339873621	1.35326574507043	-3.56978177888097	0.000357278727244333	0.0143417282160055
TRINITY_DN26531_c0_g1_i1	20.1944902017711	-7.91228694296598	1.67426802479643	-4.72581858208036	2.29190200747993e-06	0.000222343439527025
TRINITY_DN26544_c0_g1_i3	8.96994314430377	-6.73886033959315	1.98863466281378	-3.38868695472608	0.000702281362093393	0.0240932822856646
TRINITY_DN2660_c0_g1_i2	10.7190061933472	-6.998988389263	1.74953164349598	-4.0004925977088	6.32107645580862e-05	0.00349096940106482
TRINITY_DN2661_c0_g1_i27	136.827811809077	10.5052200027371	2.39584529488517	4.38476558781339	1.16110743184609e-05	0.00084724745920666
TRINITY_DN2661_c0_g1_i87	14.5689696214005	7.27362550414263	1.96723948022443	3.69737674404178	0.000217838929728255	0.00959695197298126
TRINITY_DN26615_c1_g1_i1	5.48001090721753	-6.03228834585233	1.78811991784349	-3.37353680010868	0.000742091263644504	0.0251424328770783
TRINITY_DN26623_c0_g1_i1	6.55014010914841	-6.28818071262693	1.82142649334213	-3.45233844770137	0.000555750160413507	0.0200682807925729
TRINITY_DN26653_c0_g1_i1	6.59521705118933	-6.29753184374193	1.82051706876123	-3.45919956028046	0.000541783329519234	0.0197240877973788
TRINITY_DN2666_c0_g1_i2	252.477818499638	11.3890323053358	1.75513633387301	6.48897301339775	8.64234434866251e-11	4.24570239984468e-08
TRINITY_DN2666_c0_g1_i4	16.095989771089	7.41813698590439	1.93654776836794	3.83059850475889	0.000127831944860636	0.00620778372231841
TRINITY_DN267_c0_g1_i9	217.261266474031	-11.3392091385995	3.41096004993079	-3.32434533756254	0.000886263762827896	0.0287476066915284
TRINITY_DN2672_c0_g1_i7	299.613687910166	11.6358813088505	3.46421403432599	3.35888059847156	0.000782588731632181	0.0261318034687921
TRINITY_DN2674_c1_g1_i2	16.4685708575057	-7.6168905442726	1.87095985837645	-4.07111382436727	4.67888784999054e-05	0.00269683946486017
TRINITY_DN2678_c0_g1_i4	208.959692821008	-11.2831155528477	1.64434949052456	-6.86175026529688	6.80219056477809e-12	5.58030580915164e-09
TRINITY_DN26809_c0_g1_i57	52.760606827957	9.13036874449393	2.45785491055282	3.71477124434506	0.000203387601554643	0.00905948632375553
TRINITY_DN2681_c0_g1_i1	27.5446130105445	-8.36086529921216	2.01589565128772	-4.14746928685092	3.36170549365377e-05	0.0020475145200917
TRINITY_DN26824_c0_g3_i1	24.5806795372253	-6.33257088234822	1.43110585466399	-4.4249493227285	9.64649256562594e-06	0.000723898160577496
TRINITY_DN26824_c0_g3_i2	9.78677871700768	6.70028417499879	1.85317301204237	3.61557400817879	0.00029968284066876	0.0124864894826573
TRINITY_DN2689_c0_g1_i2	63.2294397347389	-9.5586718772021	1.6733880905535	-5.7121667897376	1.11546679704738e-08	2.48806166601888e-06
TRINITY_DN2692_c0_g1_i5	16.5305251895427	7.45616161550444	1.67994374773533	4.4383400489188	9.06553161564713e-06	0.00068948631004406
TRINITY_DN2692_c0_g1_i6	43.7149839400885	-9.02564958338102	1.72835906616043	-5.2220917285617	1.76913291320095e-07	2.55158628903807e-05
TRINITY_DN2697_c0_g2_i7	6.17834562449858	6.03683161055083	1.83856663944008	3.28344454916755	0.00102546816432322	0.031844913248432
TRINITY_DN270_c0_g1_i24	36.1721268223759	-8.75225671199967	2.44578564195746	-3.57850523032546	0.000345564954209583	0.0140066396724974
TRINITY_DN2703_c0_g1_i11	114.791775328673	-10.4188105161466	1.66107121680093	-6.27234426240455	3.55652126045887e-10	1.39129135864006e-07
TRINITY_DN2703_c0_g2_i6	121.164664981582	-10.4967343050838	1.76529543439527	-5.9461629484583	2.74500897340071e-09	7.62986079718465e-07
TRINITY_DN27128_c0_g1_i10	6.49970871478736	6.10981783716445	1.74423196356675	3.50287001086174	0.000460274022130168	0.0172547623433695
TRINITY_DN2713_c0_g1_i4	23.6940264670318	7.9753164680172	1.66293722034987	4.79592156000888	1.61928640488561e-06	0.000166051532330126
TRINITY_DN2714_c0_g1_i16	305.866462808454	-11.8327785441283	1.62934042112128	-7.26231203175159	3.80529116310032e-13	6.06678288112549e-10
TRINITY_DN27197_c1_g1_i4	11.0783469810339	-7.04640908012168	1.69194291645139	-4.16468487890862	3.11782893616877e-05	0.00192163776404059
TRINITY_DN2722_c0_g1_i5	9.38202814313182	-6.80549705711135	1.81510744322404	-3.74936320299764	0.000177284170725	0.00809177858050905
TRINITY_DN27225_c0_g1_i7	98.8197288918942	10.0357687450783	1.60949862995799	6.23533848260578	4.50802270427835e-10	1.71585091200951e-07
TRINITY_DN27225_c0_g1_i9	67.5661003459166	-9.65440045622422	1.79453336646203	-5.3798946493027	7.45294404713239e-08	1.22521180174045e-05
TRINITY_DN27233_c0_g3_i1	24.7503460914623	-8.20628183845203	2.04248302833644	-4.01779683091706	5.87448122543654e-05	0.00327814502245547
TRINITY_DN273_c0_g1_i67	356.258412371802	11.8857019955535	3.49444792338241	3.4013103803959	0.000670636363774082	0.0232434091329706
TRINITY_DN2730_c7_g1_i1	9.06835546198352	6.59013164725427	1.82122320170873	3.61851948793054	0.000296293191543652	0.0123696551872804
TRINITY_DN2733_c0_g1_i14	129.41654615122	-9.62835538345903	2.84928668273326	-3.37921608303126	0.000726928480559762	0.024787733151872
TRINITY_DN2733_c0_g1_i4	623.970186458911	-6.02949546540244	1.59816836312588	-3.77275361252256	0.000161455712304414	0.00752492265763838
TRINITY_DN2733_c0_g1_i8	142.047397901835	-6.05930190626632	1.45132349754779	-4.17501812414969	2.97962330764841e-05	0.00185535895541397
TRINITY_DN2734_c0_g1_i7	19.9620122546396	7.72793607395533	1.76539456885267	4.37745544837476	1.2007289471111e-05	0.000869401838671755
TRINITY_DN2734_c1_g1_i43	12.276871151457	7.02614245182964	1.8986420766019	3.70061452783386	0.000215077981477817	0.00949016150334862
TRINITY_DN2735_c0_g1_i5	33.5158280045823	-4.58326662005168	1.16068706746713	-3.94875306920871	7.85593362799681e-05	0.00416704758128358
TRINITY_DN274_c1_g1_i3	43.633594571995	-6.52316964333573	1.5442391283894	-4.22419657902285	2.39794677047929e-05	0.00155337966570405
TRINITY_DN274_c1_g2_i2	76.2811342429316	9.66222963495888	1.68049298736574	5.74963996136925	8.94336918301998e-09	2.08756024648293e-06
TRINITY_DN274_c6_g1_i1	15.0808053480652	-7.48949618075665	1.76440931697065	-4.24476118365523	2.18826351116877e-05	0.00144569108809021
TRINITY_DN2740_c0_g1_i4	178.288534473011	-11.0541329182031	1.60641067230652	-6.88126212603614	5.93245726037805e-12	5.06639058387115e-09
TRINITY_DN2741_c0_g1_i10	21.214967846337	2.96429799519644	0.878917609413849	3.37266879562617	0.000744434409969317	0.0251814326555594
TRINITY_DN2744_c1_g1_i5	16.7624859175128	7.4759596868969	2.06206514587859	3.62547211558227	0.000288434019927053	0.0121013395311798
TRINITY_DN2745_c0_g1_i1	640.664234954143	2.3481092991005	0.50762611447422	4.62566686808967	3.73395042147624e-06	0.000331125354520298
TRINITY_DN2746_c0_g1_i1	27.6225334601746	2.9429920894546	0.860510634830226	3.42005312930878	0.000626089066363438	0.0220798305215266
TRINITY_DN2747_c0_g1_i12	16.9876784636626	7.49550700817498	1.78838322726837	4.19121969714727	2.77458825046676e-05	0.00175353147335782
TRINITY_DN2747_c0_g1_i16	12.1677054477409	-7.18058725160526	1.70785274113884	-4.20445339263681	2.61713858285633e-05	0.00167026416898938
TRINITY_DN2759_c0_g1_i1	64.229729232097	9.41421289197312	1.83002501675409	5.14430830496028	2.68508266666617e-07	3.69601050356004e-05
TRINITY_DN2759_c0_g1_i17	16.963001510008	-7.65957002393935	1.72035750264098	-4.45231297110099	8.49502243702531e-06	0.000657337368025426
TRINITY_DN2768_c1_g2_i2	10.8661764052798	5.86961801895695	1.5746899781122	3.72747531294616	0.000193407498743104	0.00869284405786958
TRINITY_DN277_c0_g1_i12	179.435080662084	10.8963787567822	1.6206386969894	6.72350893325205	1.77399602166781e-11	1.1710868424913e-08
TRINITY_DN2771_c0_g2_i1	279.811577652921	-8.05750846089022	1.70284056971461	-4.73180437687166	2.22532819999451e-06	0.000217634007225852
TRINITY_DN2771_c1_g1_i17	19.4206893048664	-4.95215442224002	1.3695359570949	-3.61593603773987	0.00029926426919197	0.0124752008969823
TRINITY_DN2771_c1_g1_i2	6.3947721229451	-6.25129893031013	1.75856099375034	-3.55478084213531	0.000378294266106764	0.0149930154303421
TRINITY_DN27724_c0_g1_i2	8.73930560872904	6.53687709849852	1.98766823207813	3.28871639290835	0.00100645383254131	0.0314413016289733
TRINITY_DN2774_c0_g1_i24	64.6097725214856	-9.59021046384339	1.93226656437317	-4.9631922637726	6.93438758394359e-07	8.17213224641653e-05
TRINITY_DN2774_c3_g1_i6	5.35845424006195	-5.99606302268698	1.89111282598304	-3.17065324728582	0.00152096582242646	0.0427397971610879
TRINITY_DN2781_c0_g1_i10	950.722621426449	-13.4687432854246	3.58787623298975	-3.75395983885465	0.000174062764262106	0.00798202318946875
TRINITY_DN2781_c0_g1_i4	100.173288462054	-6.96777292602268	2.13522156978089	-3.2632552165243	0.00110140284920016	0.0335737149897963
TRINITY_DN2781_c0_g1_i9	157.175925243359	10.705310302093	1.72690915226369	6.1991160843986	5.67811419324981e-10	2.0680572978501e-07
TRINITY_DN27883_c0_g1_i1	12.9473207680675	-7.26961021165344	2.00321957271332	-3.62896325029758	0.000284561742343162	0.0119924678825499
TRINITY_DN279_c0_g1_i3	50.7705239520499	-9.2418073420745	1.64431061298413	-5.6204753950364	1.90432712704297e-08	3.83123413287802e-06
TRINITY_DN279_c0_g1_i4	44.1171430047495	8.87240260047268	1.63727662464635	5.41900034906385	5.99332006172169e-08	1.0148768708925e-05
TRINITY_DN2791_c0_g1_i1	6.26397706536606	-6.2249452302279	1.91248164166543	-3.25490456724441	0.00113430474585684	0.034302675017705
TRINITY_DN2791_c0_g1_i13	18.1832892046454	7.59387675919823	1.8122090627677	4.19039773898959	2.78465894761537e-05	0.00175629207916051
TRINITY_DN2791_c0_g1_i5	5.65235503359829	-6.07686456862819	1.77787927616017	-3.41804117417517	0.000630735644058244	0.0222066251881806
TRINITY_DN2791_c0_g1_i6	36.8111417011309	8.61104065247847	1.83540095707521	4.69164005787626	2.71023638333836e-06	0.000255306080177619
TRINITY_DN2791_c0_g1_i7	14.1906875416154	-7.40317558060182	1.66852042852795	-4.43697029657184	9.12338771635313e-06	0.000692017967016523
TRINITY_DN2791_c2_g1_i2	11.2574504812106	-7.06950116472225	1.74510290069339	-4.05105117979765	5.09880523201808e-05	0.0029110732736153
TRINITY_DN2792_c0_g1_i18	55.0138468559825	-9.35819943029602	1.69295758770647	-5.52772231168178	3.24415001803504e-08	6.01149535578783e-06
TRINITY_DN2792_c0_g1_i2	291.697378672947	-11.7644564256501	1.643382674301	-7.15868349449041	8.1455505197807e-13	1.04285261790974e-09
TRINITY_DN2792_c0_g1_i22	458.112545411083	-7.15357496748658	2.11949742507303	-3.37512793498209	0.000737813830585484	0.0250276166426384
TRINITY_DN27932_c0_g1_i1	5.03172050343596	-5.90814052725126	1.8047097796718	-3.27373442190006	0.00106136313195098	0.0326476381228956
TRINITY_DN2797_c0_g1_i6	261.213909335987	-7.30559636400177	2.13337006557719	-3.42443933280991	0.000616069378670079	0.021771907301909
TRINITY_DN2797_c0_g1_i7	415.282495217829	12.1068625072285	3.50374379427461	3.45540747785613	0.000549461735706822	0.0199349153043173
TRINITY_DN2798_c0_g1_i7	270.477029701318	-5.11997906386641	1.50198929682923	-3.40879863436773	0.000652496240584673	0.0227734933238016
TRINITY_DN28_c0_g1_i13	17.9797191484639	7.57773023746889	1.78825789652351	4.23749295456795	2.26029510059042e-05	0.00148169445624274
TRINITY_DN28032_c0_g2_i1	9.99862042456442	-4.38999885173783	1.26312216324404	-3.47551407099303	0.000509875243450094	0.0188796837515539
TRINITY_DN2806_c0_g1_i6	101.800977212614	-8.37477584884025	1.9672852815703	-4.25702155518363	2.0716838834434e-05	0.00139041417619699
TRINITY_DN2807_c0_g1_i5	440.861584019976	12.1930925032336	3.51778160206227	3.46613118224437	0.000528005592544427	0.0193727384102557
TRINITY_DN281_c0_g1_i1	187.480881830965	10.9596053391196	1.76495284307039	6.20957403034846	5.31284167396877e-10	1.95184563376962e-07
TRINITY_DN281_c0_g1_i4	46.6402056553139	-9.11991985089952	1.74688509605509	-5.22067528739849	1.78271879469075e-07	2.5662039644596e-05
TRINITY_DN281_c0_g2_i6	143.973223360878	10.5787094797816	1.65665884253271	6.38556907927332	1.70761235906268e-10	7.59420153242519e-08
TRINITY_DN2814_c0_g1_i2	8.66462131639892	-6.68920750612854	1.90085803026149	-3.51904634624836	0.000433101040730238	0.016521973697347
TRINITY_DN2814_c2_g1_i10	11.9931081967615	-7.15969132713488	1.69125538151123	-4.23335908071866	2.30226465008482e-05	0.00150105523459003
TRINITY_DN2817_c0_g1_i10	42.3263093993548	5.68403946150567	1.58560336321381	3.58478014954816	0.000337362267365746	0.0137446657993591
TRINITY_DN2819_c0_g1_i2	70.0631074638416	9.53962583225532	1.66864676109292	5.71698339917498	1.08431705447419e-08	2.43030828830133e-06
TRINITY_DN2819_c0_g1_i4	254.523498206921	11.4006990478325	1.60504784772488	7.10302752905012	1.22053080409567e-12	1.39368124168211e-09
TRINITY_DN2819_c0_g1_i5	260.236078883994	-11.5997647101745	1.65076934702678	-7.02688399870461	2.11196805490574e-12	2.0994950200403e-09
TRINITY_DN2821_c0_g1_i17	31.9838702663352	-8.57627486757582	1.92293145968803	-4.46000028985286	8.19595420889493e-06	0.000639124343055934
TRINITY_DN2824_c1_g1_i5	13.4708866289767	-7.32813177691957	1.70153289948679	-4.30678230149405	1.65646488552135e-05	0.00114446418558285
TRINITY_DN28248_c0_g1_i3	5.35499684747633	-5.99835623466717	1.77159506994758	-3.38585060233016	0.000709580026746257	0.0243040507093657
TRINITY_DN283_c0_g1_i10	104.857689096485	-10.2883928903531	1.71576036461536	-5.9964043362545	2.01734358872107e-09	5.81779858565708e-07
TRINITY_DN284_c0_g1_i24	26.9909491531261	8.16322615715197	1.689795237212	4.83089665385761	1.35919545005902e-06	0.000142492924490183
TRINITY_DN2845_c0_g1_i2	129.500338494692	10.4258120896938	2.34405792234364	4.44776214372291	8.67695341206798e-06	0.000666967276991624
TRINITY_DN2848_c0_g1_i4	46.9252161345058	-9.12798188409678	1.70047135891218	-5.36791274740205	7.96530686883758e-08	1.29682562582474e-05
TRINITY_DN2850_c0_g1_i13	23.2911293708158	-8.11774041361431	1.65148525199495	-4.91541804797125	8.85932054375223e-07	0.000100347837440479
TRINITY_DN2850_c0_g1_i28	33.4305647585289	8.47203961736372	1.65338083709242	5.12407028513913	2.99009438082726e-07	4.06200956577399e-05
TRINITY_DN2852_c0_g1_i3	615.319882298564	5.28807632946961	1.49973872405215	3.52599839202774	0.000421889530471174	0.016196647680942
TRINITY_DN2853_c0_g2_i2	146.77815528146	-10.7734284750854	3.3652150754819	-3.20140859750032	0.00136757455118493	0.0395067741627434
TRINITY_DN2853_c1_g1_i4	12224.5726153655	-17.1535374705325	1.72252201417087	-9.95838504786207	2.31797308534914e-23	9.79320448829156e-19
TRINITY_DN28575_c0_g1_i1	7.69577066023589	-6.5194005161503	1.73437508310863	-3.75893345081109	0.000170639214106357	0.00786187149049018
TRINITY_DN2858_c1_g1_i2	9.21974537175726	-6.78166362052653	1.77309339716309	-3.82476390210297	0.000130897466535483	0.00632394175375373
TRINITY_DN286_c0_g1_i2	1382.08097138923	8.50607512971708	2.2880596122102	3.71759331982633	0.000201129701050951	0.00900161942765001
TRINITY_DN286_c11_g1_i3	3955.59132849388	6.01327125029272	1.55428010269019	3.86884657397645	0.000109351421173255	0.00545453151493372
TRINITY_DN286_c4_g3_i2	24.3455571812098	-8.18133289487328	1.64589565727596	-4.97074821159308	6.66950173363721e-07	7.94706785564616e-05
TRINITY_DN2865_c0_g1_i27	259.144104465355	-11.5936557056166	1.60597351104362	-7.21908277184634	5.23393921869487e-13	7.62512751898757e-10
TRINITY_DN2865_c0_g1_i4	206.392800614384	11.0982790408456	1.7420159469072	6.37093997936683	1.87873160654215e-10	8.14097760459482e-08
TRINITY_DN2865_c0_g1_i6	699.607714892483	-7.45354462901946	0.763690678200284	-9.75989997230883	1.67320169603751e-22	3.53455492279443e-18
TRINITY_DN2867_c1_g3_i1	38.017782183667	-8.82494705462387	1.65598378900306	-5.32912647649571	9.86862576879911e-08	1.52942895764056e-05
TRINITY_DN2867_c1_g5_i2	38.0381652394497	6.08084977182007	1.66715268681876	3.64744622367101	0.000264859721917101	0.0112973835348567
TRINITY_DN2867_c1_g5_i3	25.3747488369609	-8.24191647449856	1.72022146448925	-4.79119499706141	1.65790899987165e-06	0.000169395398635012
TRINITY_DN2867_c2_g1_i8	10.3448014287745	-6.94886280183123	2.10200959537106	-3.30581878271806	0.000946993127866051	0.0300710354447296
TRINITY_DN2870_c0_g1_i1	102.4937822866	10.0884581280411	1.69469848377112	5.95295164576522	2.63349124383096e-09	7.36836897752412e-07
TRINITY_DN2870_c0_g1_i5	91.905453645367	-10.098311176307	1.64065892199282	-6.15503383484551	7.50614687336581e-10	2.56783157289743e-07
TRINITY_DN2872_c0_g1_i7	32.5072619386121	-8.59910900835926	1.79850477038439	-4.7812544898179	1.74204662108454e-06	0.000175865538098449
TRINITY_DN2873_c0_g1_i6	55.8009783082758	5.44452465109236	1.2992993500329	4.19035432516341	2.78519182238051e-05	0.00175629207916051
TRINITY_DN2876_c0_g1_i1	221.19795813533	11.1982312243979	1.61156750529695	6.94865786731936	3.68777678751367e-12	3.38706264121011e-09
TRINITY_DN288_c0_g1_i2	352.263705563757	11.8694337012303	3.48902835140054	3.40193099791401	0.000669115296656023	0.0232097308443517
TRINITY_DN28891_c1_g1_i1	7.17358440049374	6.25044074781061	1.99492638482977	3.13316861982553	0.00172930065555711	0.046924356709462
TRINITY_DN2890_c0_g2_i2	601.826972024698	12.6422538218814	1.62004586837339	7.80363943310748	6.01468822461897e-15	1.81510402001376e-11
TRINITY_DN2890_c0_g2_i8	548.521996191527	-12.6754635473321	1.60985931739693	-7.8736467282295	3.44450683792982e-15	1.38597113710188e-11
TRINITY_DN28945_c1_g1_i1	122.327421559117	3.46949750649909	0.706724971432895	4.90926123561848	9.14201301200386e-07	0.000102860428160892
TRINITY_DN2895_c0_g1_i2	5.51458986638449	5.87154820346523	1.80750064627175	3.24843491236156	0.00116041753865916	0.0349067145537992
TRINITY_DN2897_c0_g1_i2	35.6447634285298	8.56484028586658	1.69094513797607	5.06512014701911	4.0814285103647e-07	5.26522971402743e-05
TRINITY_DN2897_c0_g1_i4	49.7958156510465	-5.72042228001655	1.2331296642803	-4.63894628903862	3.50190040421677e-06	0.000313789586803297
TRINITY_DN2907_c0_g1_i1	7.19185894223325	5.26261803712699	1.61032156420009	3.26805412913981	0.00108289652850838	0.0331548237069451
TRINITY_DN2907_c0_g1_i5	6.24955042246975	-6.21612624863734	1.90631342768951	-3.26081018910484	0.00111094380804282	0.0337531521451433
TRINITY_DN2907_c0_g1_i7	9.25732009417793	6.61968788826926	1.69193872639775	3.91248677330237	9.13505430164498e-05	0.00473554489803925
TRINITY_DN2908_c0_g1_i12	86.3402880991661	-3.2592034453716	0.758550566686503	-4.2966198807397	1.73422199394864e-05	0.00118943417244052
TRINITY_DN2908_c0_g1_i13	180.812922362334	-11.0744784523574	1.61506715445461	-6.85697707479982	7.03329124226499e-12	5.67178386332982e-09
TRINITY_DN2910_c1_g1_i11	24.7764901414096	-8.20774415057804	1.80679261859387	-4.54271512187474	5.55342774032886e-06	0.000465991596030097
TRINITY_DN2917_c0_g1_i13	8.52754793135583	6.50098702722342	1.7103540749215	3.80095976765619	0.000144136706188062	0.00685769335556242
TRINITY_DN29174_c1_g2_i3	20.1736005577614	-7.90940332667315	1.91212930885864	-4.13643747315097	3.52739413729048e-05	0.00213355583258963
TRINITY_DN2921_c3_g1_i3	29.9732628856346	-4.7875705997883	1.17583053744316	-4.07165016329553	4.66812533093527e-05	0.00269247272500593
TRINITY_DN2929_c0_g1_i16	11.3385918668979	-7.07938280806782	1.67897481915607	-4.21649135370965	2.48132796618181e-05	0.00160051336249184
TRINITY_DN293_c0_g2_i2	159.483856957824	-10.8931533939032	3.39574317738986	-3.20788493854127	0.00133714983321551	0.0388136333243023
TRINITY_DN293_c3_g1_i1	14.4319112826333	5.36401587893717	1.49149997850122	3.59639018186736	0.000322663709569511	0.0132609134879399
TRINITY_DN293_c3_g1_i2	7.63829430786838	-6.50943724546295	1.77492679869285	-3.66743983484663	0.000244991171740791	0.0105780603115756
TRINITY_DN2930_c0_g1_i4	8.63397101725432	-6.68760225851241	1.77315126796884	-3.77159150452691	0.000162209652190129	0.00755173068361518
TRINITY_DN29354_c0_g2_i1	5.15455191923211	-5.9410606835299	1.87961121330352	-3.16079231783693	0.00157340639299194	0.0439021297877093
TRINITY_DN29534_c0_g1_i16	7.06583768480335	6.23063695193881	1.78413565567651	3.49224395135821	0.00047898057312022	0.0178609446017266
TRINITY_DN2957_c5_g1_i1	17.8245667305365	-7.73189668720442	1.68063273058892	-4.60058675906844	4.21302497766044e-06	0.000367380995420384
TRINITY_DN296_c0_g1_i11	27.88905659402	-8.37798481804457	1.66854513660696	-5.02113166388863	5.13679317370826e-07	6.3402425767404e-05
TRINITY_DN2964_c0_g1_i5	46.9455647365471	-9.12865586815677	1.81019414747024	-5.04291535850679	4.58492094498132e-07	5.76555857052127e-05
TRINITY_DN2965_c2_g1_i2	20.3424872915565	-7.92160774925537	1.88261792694752	-4.2077617746366	2.57912549681218e-05	0.00165099201689118
TRINITY_DN29675_c0_g1_i1	23.4823272146538	7.9627673144141	1.74334337805179	4.56752663569504	4.93512981905821e-06	0.000419525753974629
TRINITY_DN29675_c0_g1_i7	39.4371908182784	-8.87766598872475	1.6385481342152	-5.41800744411868	6.02669075183361e-08	1.01848663029687e-05
TRINITY_DN297_c0_g1_i2	36.8717692979521	8.61325853380008	1.75266841393843	4.91436855100573	8.90690605156994e-07	0.00010075177343314
TRINITY_DN297_c0_g1_i3	105.244707802114	-10.2937836538722	1.63099676572254	-6.31134522778286	2.76620354436535e-10	1.12917230479122e-07
TRINITY_DN29773_c0_g1_i1	385.905388849908	-3.47170179515586	0.768216483318112	-4.51917118487323	6.20821842557216e-06	0.000510790691844203
TRINITY_DN2978_c2_g1_i1	39.3295998311355	-7.01489835707477	1.44903527998719	-4.84108182454796	1.29134182479725e-06	0.000136887851146072
TRINITY_DN29805_c1_g1_i3	5.53525379524267	5.87664458232493	1.82042640630562	3.22816926955647	0.00124585229653878	0.0368207645350259
TRINITY_DN2982_c0_g1_i20	14.6468006258727	-7.44899146619616	1.96626448532401	-3.78839750287647	0.000151622121643273	0.00715341487136419
TRINITY_DN2988_c0_g1_i5	230.378606480168	-11.4238617321662	1.89889387782763	-6.01606117411645	1.78712058804119e-09	5.28000403665401e-07
TRINITY_DN2992_c0_g1_i17	273.586855225586	-11.6719047053199	1.97385817684326	-5.91324384003437	3.35435026705518e-09	9.16783641177351e-07
TRINITY_DN2992_c0_g1_i3	312.966030419216	-11.8657753971417	3.45115735151437	-3.43820179393879	0.000585591131419695	0.0209488905261225
TRINITY_DN3_c2_g1_i2	13.3110828742297	-7.30980420081628	1.72241377755143	-4.24393040515959	2.19638494662724e-05	0.00144879106338882
TRINITY_DN3_c2_g2_i1	39.0632829026064	-2.98027904900897	0.663890668224014	-4.48911122215585	7.15209497829857e-06	0.000574957066806188
TRINITY_DN30_c11_g1_i3	74.0607578208707	9.6196917575467	2.46014447100833	3.91021416461934	9.22143241405152e-05	0.0047677645306809
TRINITY_DN30_c12_g1_i10	53.5446248109151	-9.31877396520923	1.63189518676508	-5.71039981046939	1.12711074432651e-08	2.5062790440553e-06
TRINITY_DN30_c17_g1_i17	48026.9330212948	-1.97663793374587	0.528383646048168	-3.74091429310755	0.000183352042771532	0.00832950586564996
TRINITY_DN30_c19_g1_i14	38.1905679712263	-8.83153918332419	2.37052495180957	-3.72556263395689	0.000194880053662354	0.00874043247046793
TRINITY_DN30_c20_g1_i10	10.413136005956	6.78973491197281	1.72194806273785	3.9430544154609	8.04503923339114e-05	0.00424957498022642
TRINITY_DN30_c46_g1_i7	6.2851237212959	-5.22800381206345	1.65512017098982	-3.15868533517836	0.00158482504051501	0.0440798374830275
TRINITY_DN30_c5_g1_i2	10.9176756426634	6.85773150385514	1.69140128993931	4.05446746709126	5.02486427318407e-05	0.00287079771031445
TRINITY_DN30_c8_g1_i4	61.2147447046099	-4.11326205780706	0.848420033980194	-4.84814348207987	1.2462225373429e-06	0.000132623818589925
TRINITY_DN3007_c0_g1_i1	130.618899678536	-10.6052200394719	3.33598028314721	-3.17904158278381	0.00147762891656094	0.0417720602849
TRINITY_DN3008_c0_g1_i11	19.584847916818	7.70029673456767	1.76447074893718	4.36408296323752	1.27657127254404e-05	0.000920373032315924
TRINITY_DN3008_c1_g1_i6	124.238403898426	-5.0785562258083	1.38211357632123	-3.67448544954306	0.0002383292248674	0.0103273553040234
TRINITY_DN3015_c0_g1_i3	21.0873115536855	7.80738955731488	1.64288760739662	4.75223595464741	2.0117940203039e-06	0.000198589452251914
TRINITY_DN3016_c0_g1_i10	679.222456385015	8.67969977641776	2.32347609015981	3.73565272015378	0.000187228908896248	0.00846467006094978
TRINITY_DN3016_c0_g1_i3	594.717939738625	12.6249688098878	3.53841142479262	3.56797649968807	0.00035974876051893	0.0143965923676497
TRINITY_DN3022_c0_g2_i10	39.1618954815303	8.70050967328805	1.64145110306475	5.30049884339737	1.15486697382504e-07	1.75195600636029e-05
TRINITY_DN3022_c0_g2_i5	480.559467644942	-4.00774070272716	1.13747714886787	-3.52335931030882	0.000426113256832152	0.0163143262237441
TRINITY_DN3022_c0_g2_i7	53.9579595016477	9.16291070889157	1.65578953032931	5.53386196799373	3.13255529281119e-08	5.83027879145286e-06
TRINITY_DN3023_c0_g1_i3	141.815935410573	5.75824802450793	1.35700112512204	4.24336274886293	2.20195067049014e-05	0.00145132938966518
TRINITY_DN30276_c0_g1_i1	9.28067911671039	-6.78936850894697	1.77321281733967	-3.82885147375203	0.00012874267076289	0.00624483248801529
TRINITY_DN303_c0_g4_i1	173.038699894927	4.14606061863279	0.734867093634361	5.6419190007924	1.68165213707365e-08	3.48275103623651e-06
TRINITY_DN3034_c0_g1_i34	19.8599367747345	7.72034800034678	2.41261170475786	3.19999608106089	0.00137429456214186	0.0396290180392147
TRINITY_DN30351_c0_g1_i1	14.1188702178496	7.22818225509131	1.73829408101066	4.15820449143381	3.20758827134179e-05	0.00196855179065612
TRINITY_DN3046_c0_g2_i1	750.729927584529	-13.1280408567136	3.55149470624945	-3.6964832957832	0.000218606635834554	0.0096257548279042
TRINITY_DN3048_c0_g1_i13	13.1679885520064	7.12805535242004	2.27236158855988	3.13684907732378	0.00170774009526277	0.0465185759411713
TRINITY_DN3050_c0_g1_i9	25.345514247764	-8.24023939927111	1.67632642733838	-4.91565321937609	8.84869120036851e-07	0.000100347837440479
TRINITY_DN3050_c2_g1_i14	27.2164404595249	-8.34135417521329	1.96176620002651	-4.2519614086024	2.11906382301601e-05	0.00141100594891416
TRINITY_DN3059_c0_g1_i1	348.891970259858	-12.0225280454659	3.48125223783999	-3.45350673380838	0.000553348488446606	0.0200157707948464
TRINITY_DN3059_c0_g1_i10	240.310820167605	-5.90291302987436	1.83150011400986	-3.22299353667557	0.00126858416138283	0.0373104157565354
TRINITY_DN3059_c0_g1_i4	1122.80295732784	8.64471355662067	2.71411421887195	3.18509571060484	0.0014470614044138	0.0411142550605775
TRINITY_DN306_c0_g1_i12	38.2948336501027	8.66787983600653	2.53718827235589	3.41633292666848	0.000634705975393078	0.0222999523944966
TRINITY_DN3061_c0_g3_i4	26.7926423808347	-8.32079836287534	1.76334624033608	-4.7187547020201	2.37292738504943e-06	0.000229939929107691
TRINITY_DN30649_c0_g1_i7	4.95814156610709	5.71983054066584	1.83845432403391	3.11121710552779	0.00186317900511359	0.0496838264438556
TRINITY_DN3066_c0_g1_i8	6.94659419709316	-6.37346586873059	2.04384121453292	-3.11837623363863	0.00181850501013276	0.0486728021369015
TRINITY_DN3068_c0_g1_i2	16.954742107308	-4.14989997233002	1.13684823222745	-3.6503553022192	0.000261877805279917	0.0111927925091262
TRINITY_DN3070_c0_g1_i9	54.978746338226	-9.35724599471559	1.84959435128906	-5.05908011029237	4.21283861016218e-07	5.40176687225317e-05
TRINITY_DN3073_c0_g1_i1	17.2859110007123	-7.68812576874428	2.04282533102752	-3.76347681418129	0.000167567269518044	0.0077456778663762
TRINITY_DN3075_c0_g1_i12	409.72382071286	6.94731242451183	2.0263717815104	3.42844905752364	0.000607040449277264	0.0215408038526753
TRINITY_DN3079_c1_g2_i2	2181.85361831703	-4.11969986813045	1.29187864054076	-3.18892172906118	0.00142804538185632	0.0408072298532617
TRINITY_DN3079_c1_g2_i5	11.909643205822	-7.15074779589044	1.68558708750383	-4.2422891400289	2.21251385342387e-05	0.00145602021484899
TRINITY_DN308_c5_g1_i1	30.3646626843249	8.33337999890959	1.6329405916724	5.10329649554173	3.33787422231328e-07	4.4276875359031e-05
TRINITY_DN3085_c0_g1_i2	176.477749176892	10.8722813190171	3.40655821318969	3.19157361730125	0.00141500046640635	0.0405579068556321
TRINITY_DN3085_c0_g1_i9	142.483893834115	-10.7305943450812	3.36108001580087	-3.19260306051487	0.00140996619687638	0.0404822710511928
TRINITY_DN3086_c0_g2_i6	8.36503531379532	6.47331890449648	1.72097187632691	3.76143212654502	0.000168943267716218	0.0077922315695879
TRINITY_DN3086_c0_g2_i7	79.527542614247	-9.88977685549981	1.75115918866492	-5.64756015302055	1.62740901466954e-08	3.39537794868017e-06
TRINITY_DN30884_c1_g1_i5	15.9931580278188	-7.57485364437668	1.87319457295108	-4.0438157112761	5.25882606810052e-05	0.00298336402061846
TRINITY_DN309_c10_g1_i2	28.7120891283881	8.25274695400217	1.6921452153968	4.877091445173	1.07661532215817e-06	0.00011738302127964
TRINITY_DN309_c11_g1_i1	68.0322433275422	-9.66400053783818	1.71609277365299	-5.63139748981447	1.78755211706396e-08	3.64841977747997e-06
TRINITY_DN309_c11_g1_i4	8.30739269200367	-6.63030893857887	1.85470060928891	-3.57486750442215	0.000350405301526439	0.0141599938634056
TRINITY_DN309_c12_g1_i1	9.07672244531906	-5.77441609994732	1.66789103694177	-3.46210631992798	0.00053596538314894	0.0195639742080472
TRINITY_DN309_c13_g1_i1	25.0297450315288	6.20846357131805	1.39086086520909	4.46375602809467	8.05352617685637e-06	0.000631854089964726
TRINITY_DN309_c13_g1_i7	133.283787787935	6.94852390152067	1.67316512912911	4.15292177714545	3.28256970886771e-05	0.00200412265361202
TRINITY_DN309_c3_g1_i19	166.68564434411	-10.9569595488134	3.36648756824715	-3.25471558313772	0.00113505975702979	0.034302675017705
TRINITY_DN309_c4_g1_i3	28.4815248271929	-4.01300694668971	1.16641909728093	-3.44045031159429	0.000580747060151473	0.0207843985974922
TRINITY_DN309_c7_g1_i10	44.8812034353144	-9.06350833601482	1.8237657892076	-4.96966682325627	6.70680458555866e-07	7.97062691801034e-05
TRINITY_DN3094_c0_g1_i1	23.7500459214473	-3.33248910716311	1.03242135895204	-3.22783820604578	0.00124729499437323	0.0368381448565358
TRINITY_DN3094_c0_g1_i2	15.1554132519854	-7.49588938891643	1.97862040414119	-3.78844237794565	0.000151594742446223	0.00715341487136419
TRINITY_DN3099_c0_g1_i2	171.769104610218	10.8332645387707	3.40083788225075	3.18546926194584	0.00144519455557573	0.0410888457459752
TRINITY_DN3099_c1_g1_i5	28.4833080465813	8.2408435312618	2.17944367998387	3.7811683811544	0.000156094049186017	0.00733715983445969
TRINITY_DN3100_c2_g1_i1	86.1669056077269	-10.0049421228429	1.69893926772596	-5.88893453280094	3.88693373094659e-09	1.0426607187223e-06
TRINITY_DN3105_c0_g1_i10	16.923705565805	-7.65570745725769	1.75495426474825	-4.36234015383637	1.28678596634485e-05	0.000925408769347851
TRINITY_DN3107_c0_g1_i10	40.1403224271177	2.90038323906836	0.885460600399015	3.27556442123044	0.00105451061195693	0.0325315946291116
TRINITY_DN3108_c0_g1_i17	20.0746586514845	-4.16307042722141	0.896425001675183	-4.64408112161276	3.41593333780781e-06	0.000307390346302539
TRINITY_DN31088_c0_g1_i5	82.905149774625	4.14415996212312	0.989225165180892	4.18929896649496	2.79817548569121e-05	0.00176184971825585
TRINITY_DN3111_c1_g1_i2	43.0136976795258	2.52382212192588	0.747266323175417	3.37740647966204	0.000731728305653926	0.0248884263104386
TRINITY_DN3113_c0_g1_i11	7.57630061683426	6.33070259103372	1.73113999428284	3.65695588568292	0.000255228284472348	0.0109529098940297
TRINITY_DN3114_c0_g1_i1	9.31455849059317	-5.8122502646987	1.57333867765093	-3.69421431460432	0.000220567717430982	0.00968183427921202
TRINITY_DN31145_c0_g1_i2	12.3065490778246	-7.19532693312389	1.99749001532262	-3.60218418011052	0.000315554655882856	0.013042503019112
TRINITY_DN312_c0_g1_i8	298195.467425226	-1.71537717024255	0.528921611254517	-3.24315954149415	0.00118211996673786	0.0353957381110615
TRINITY_DN3120_c0_g1_i10	9.67255259814966	6.68233903225048	1.75992950514743	3.7969356231065	0.000146495814107485	0.00695427151710913
TRINITY_DN3120_c0_g1_i12	11.0086266297152	-7.03586176172447	1.70549686170011	-4.12540293666142	3.70086242054623e-05	0.00221626841113618
TRINITY_DN3121_c1_g1_i2	8.62969066008596	-6.68299675075351	1.80074442976257	-3.71124110689859	0.000206245538287378	0.00915782211991955
TRINITY_DN31233_c0_g1_i60	15.9967003511261	-7.57420237281309	1.81614812355108	-4.17047611623407	3.03963912448303e-05	0.00188716698560299
TRINITY_DN3126_c0_g1_i11	27.0702315878525	8.16789119230351	1.73996939807932	4.6942729000405	2.67556658460839e-06	0.00025316912123879
TRINITY_DN3126_c0_g1_i19	30.8049506609114	-8.52191667229357	1.75323913107025	-4.86066990022716	1.16989189699189e-06	0.000126249713297599
TRINITY_DN3128_c1_g1_i3	25.389708836068	6.13781889039069	1.97336420523997	3.11033253471034	0.00186876829091196	0.0497815835578432
TRINITY_DN3128_c1_g1_i8	27.3507416628194	-5.90193117284512	1.8651377941271	-3.16434056048244	0.00155434799471255	0.0434754375561804
TRINITY_DN3133_c0_g1_i4	128.988743329578	-10.5871036468732	1.66004975827013	-6.37758211410817	1.79905596668693e-10	7.87650938202653e-08
TRINITY_DN3135_c0_g1_i1	39.4588141689603	-8.87824667125468	1.65809084638629	-5.35449953819135	8.57935399699757e-08	1.37685517790987e-05
TRINITY_DN3135_c0_g1_i4	37.4806126444442	-8.80426721527366	1.65218350290226	-5.32886764684909	9.88269794399564e-08	1.52942895764056e-05
TRINITY_DN3135_c0_g1_i6	137.349449578181	2.46690681481268	0.637279728111688	3.8709952725506	0.00010839189435787	0.00542910390601737
TRINITY_DN31444_c0_g2_i2	11.2438612529652	-7.06792718146135	1.95781747003853	-3.6101052777521	0.000306072751375857	0.0127088625777677
TRINITY_DN3146_c0_g1_i8	23.8728653902713	-7.18063268641454	1.5951115927757	-4.50164911278672	6.74282341684291e-06	0.000548897006817333
TRINITY_DN3149_c0_g1_i20	15.3518080422791	-7.51688693820172	2.39531564425878	-3.13816133427701	0.00170011272123051	0.0463406853930761
TRINITY_DN3149_c0_g1_i52	15.771396657961	-5.69245786621314	1.73151594119997	-3.28755729633547	0.00101060621977678	0.0315093264253221
TRINITY_DN3156_c0_g1_i1	1350.46717531662	13.8082830817846	1.63990461131991	8.42017455556193	3.75923781066354e-17	2.44344674250344e-13
TRINITY_DN3158_c0_g1_i8	4.86530749808683	5.69144987403561	1.79564800026694	3.16957993615091	0.00152659460481694	0.0428552129295088
TRINITY_DN316_c0_g1_i1	590.881263888098	12.6157520447227	1.71223526087146	7.36800154337542	1.7320478349899e-13	3.25232395468836e-10
TRINITY_DN3163_c0_g2_i2	12.7972115149906	-7.25474549566183	1.73114349644554	-4.19072451853794	2.7806510637023e-05	0.00175604972780805
TRINITY_DN3166_c0_g2_i1	8.75056308448717	5.55092500533754	1.61491980339403	3.43727595244751	0.000587596620172174	0.0210117389806637
TRINITY_DN3166_c1_g2_i6	35.064793961094	8.54110014187712	1.63922327242947	5.21045563806477	1.88377421110644e-07	2.67882275540281e-05
TRINITY_DN3166_c1_g4_i1	40.0642377684675	-5.00902747380684	1.51915870189087	-3.29723778534277	0.000976407986605031	0.0307623124728382
TRINITY_DN31662_c0_g2_i3	4.94156661935414	-5.88386856004793	1.8363083300026	-3.20418334106212	0.00135446194307332	0.0391815560649811
TRINITY_DN31663_c0_g1_i1	377.987510360943	-12.1382223331988	1.69770419359644	-7.14978638739476	8.69130420659851e-13	1.07999679830759e-09
TRINITY_DN31665_c0_g1_i3	13.7584404203357	7.19101769783302	1.72301388147522	4.17351118011665	2.99940934993996e-05	0.00186630405928739
TRINITY_DN3168_c2_g1_i4	5.96443623529905	-6.15216851594321	1.77558621706028	-3.46486611398063	0.000530495511855144	0.0194387726629384
TRINITY_DN31725_c0_g1_i1	5.63337826618971	5.90286411594338	1.88445376882131	3.13240059990196	0.00173383125760491	0.0470020127061596
TRINITY_DN318_c0_g1_i2	49.8370224737505	-5.54962545258992	1.30939614347723	-4.23830899474954	2.25209668787444e-05	0.00147861434290609
TRINITY_DN3184_c0_g1_i8	72.8830774284026	6.5625542279474	2.06711226386952	3.17474495345631	0.00149968252728049	0.0421978602031792
TRINITY_DN3184_c1_g1_i4	120.063749707711	10.3166796699675	1.79681862633549	5.74163664532337	9.37658504259121e-09	2.14361392711488e-06
TRINITY_DN319_c0_g4_i2	631.052681316823	-12.8776890921279	1.61403255271422	-7.9785807730286	1.48025407040932e-15	6.9488060245248e-12
TRINITY_DN319_c0_g4_i3	163.678199219371	-1.94987900942054	0.558912198024932	-3.48870362162603	0.000485368986928308	0.0180672725363296
TRINITY_DN319_c3_g1_i16	134.028231571904	-10.6423940417669	3.33966210228731	-3.18666790705502	0.00143921922271714	0.0409702048069011
TRINITY_DN319_c3_g1_i2	30.8226937350861	-8.52257244745515	2.13116464914741	-3.99902112249501	6.36050040345049e-05	0.00350815641704151
TRINITY_DN31906_c0_g1_i1	8.83729487012837	6.55325625364316	1.94978851831155	3.36100874125469	0.000776583677666451	0.0260086276636781
TRINITY_DN3191_c0_g1_i10	15.2902900946897	7.34372557826549	1.67415920018974	4.3865156775014	1.15180866683547e-05	0.000841916338497091
TRINITY_DN3192_c1_g1_i3	6.79573246008713	-6.34054547368038	1.72828345343951	-3.6686953526413	0.000243791374134534	0.010537024824358
TRINITY_DN3196_c0_g1_i13	115.796863354291	10.2644805138827	1.61719482353563	6.34708964220018	2.19426287035224e-10	9.31712683512683e-08
TRINITY_DN3196_c0_g1_i14	137.250984572884	-10.6766349652986	3.35998936039492	-3.17757999211155	0.00148509716393644	0.0419001371784645
TRINITY_DN320_c0_g2_i1	220.699197494553	11.194930018882	2.38818076162203	4.68763931055139	2.76374561517204e-06	0.000258903522162758
TRINITY_DN3214_c0_g1_i12	86.368765775948	9.84149277053692	1.61347679618747	6.0995564322906	1.06363205080349e-09	3.34106992672094e-07
TRINITY_DN322_c0_g1_i25	44.4333845308697	8.88256213754552	1.8451123002949	4.81410380068782	1.47861941235708e-06	0.000152552360323991
TRINITY_DN322_c0_g1_i39	46.9141102500768	-9.12833605479588	1.64707967411509	-5.54213387382134	2.98807712261031e-08	5.61081201569614e-06
TRINITY_DN3231_c0_g1_i1	27.1825189640825	8.17339807753599	2.53113746219298	3.22914033695134	0.00124162949418754	0.0367664078513587
TRINITY_DN3231_c0_g1_i3	35.6363853481722	8.56427258822606	1.629909226791	5.25444757748111	1.48469425701016e-07	2.17047915793848e-05
TRINITY_DN3231_c0_g1_i5	15.1463158228691	-7.4954977807135	2.00605690689802	-3.7364332761147	0.000186648947206308	0.00844748941673199
TRINITY_DN3234_c0_g1_i1	225.113772696692	11.2234375222046	3.43444798408442	3.26790144273989	0.00108348088467733	0.0331589886973795
TRINITY_DN3248_c0_g1_i4	15.6060167383983	-2.55082230070826	0.807986571965496	-3.15701075885848	0.00159395465090908	0.0442900296259506
TRINITY_DN325_c0_g1_i12	198.905275825595	-11.2119048420019	3.38553039200766	-3.31171295005067	0.000927266373157795	0.0296676084812902
TRINITY_DN3254_c2_g2_i2	12.5486135555241	-7.22405439378046	1.95003251790644	-3.70458150181836	0.000211740021572296	0.00936243241382305
TRINITY_DN32632_c0_g1_i8	30.5982874008397	-8.51210361155128	2.25966031855344	-3.76698371063153	0.000165231777324918	0.00766287306278864
TRINITY_DN3274_c0_g1_i2	14.0915211591391	-7.39331817191421	1.6858644536291	-4.38547604227546	1.15732396105085e-05	0.00084521659516746
TRINITY_DN3276_c0_g1_i7	7.39113016364267	6.29400855513772	1.85129460688407	3.39978765763879	0.000674382024954381	0.0233063117973805
TRINITY_DN3278_c0_g1_i2	23.4667049977532	-8.12901586041142	1.66538667750582	-4.88115821401063	1.05464584350075e-06	0.000115136259023419
TRINITY_DN328_c1_g1_i4	136.286789108972	10.499525292001	1.77581637106143	5.91250619326436	3.36941173322169e-09	9.16783641177351e-07
TRINITY_DN3284_c1_g1_i6	18.5316819523466	7.62080146391244	2.01203356868481	3.7876114904454	0.000152102439383895	0.00716807134582285
TRINITY_DN3285_c0_g1_i11	13.0141205568749	4.71838525339504	1.47742273760531	3.19365956222041	0.00140481677865992	0.0403481332981666
TRINITY_DN3285_c0_g3_i2	392.724632147247	12.0262913870955	3.49265323767339	3.44331102136745	0.00057463804160139	0.0205919275823725
TRINITY_DN329_c1_g1_i5	171.98710239155	-9.16441957039227	2.8615833464287	-3.2025695081814	0.00136207425322292	0.0393748033694253
TRINITY_DN32914_c0_g1_i1	17.4896873360179	5.6444802586509	1.73960390911078	3.24469278844984	0.00117577397077342	0.0352431887131651
TRINITY_DN32953_c0_g2_i2	7.95826867069847	-6.56698172801372	1.744373572654	-3.76466476617293	0.000166772671513631	0.00771739167445719
TRINITY_DN3319_c2_g1_i12	10.9330523740865	-6.04809245172278	1.72311425656155	-3.50997760519471	0.000448144436311369	0.0169580423553238
TRINITY_DN3323_c0_g1_i6	12.7798147106465	-6.27543556933675	1.65434889822202	-3.79329630894737	0.000148660583784639	0.007041211888248
TRINITY_DN3329_c0_g1_i6	130.270613071882	-10.6013711884643	3.33619125910236	-3.17768687857444	0.00148454983280272	0.0419001371784645
TRINITY_DN3334_c5_g1_i1	12.4697252944355	-7.21477824711136	1.76884895886665	-4.07879836825302	4.52690769707771e-05	0.00262355724682903
TRINITY_DN33348_c0_g1_i6	7.75429586921504	-6.53147237406349	1.73111927734965	-3.77297651266594	0.000161311478958306	0.00752234953036365
TRINITY_DN33353_c0_g1_i2	8.69078867089592	6.52922556967204	1.86045955732259	3.50946922977908	0.00044900200818776	0.0169752893457939
TRINITY_DN3337_c0_g1_i1	26.9038225430446	-8.32526874730137	1.69570052967362	-4.90963386613071	9.12465943121807e-07	0.000102802063015875
TRINITY_DN3337_c0_g1_i9	82.8381047450186	2.00780722895235	0.590252737876411	3.40160595641786	0.000669911538084064	0.0232278149959078
TRINITY_DN3348_c0_g1_i10	17.6467379790004	-7.71670799153273	1.70054551312444	-4.53778386522257	5.68484798998442e-06	0.000474662337408798
TRINITY_DN3350_c0_g1_i10	6.6188820845091	-6.30244178894947	1.79176009103759	-3.51745851493979	0.000435700449875137	0.0166136356559338
TRINITY_DN3351_c1_g1_i2	6.32828327218305	-6.23718025478748	1.74799716518859	-3.56818671048276	0.000359460324990541	0.0143965923676497
TRINITY_DN3354_c1_g1_i1	15.0817837240232	-7.49035745640594	1.67362433932051	-4.47553090644404	7.62216713695818e-06	0.00060575512481122
TRINITY_DN3357_c0_g1_i13	1120.47989226404	-13.7059591356496	1.72587858386029	-7.94143879171	1.99849322942191e-15	8.88782531051016e-12
TRINITY_DN3357_c0_g1_i8	357.199031600626	11.8895023918621	3.48371533388816	3.41288000090186	0.000642802399455691	0.0225076319073041
TRINITY_DN336_c0_g1_i15	137.800137599999	10.5154524353539	1.70724825125704	6.1592989933429	7.30676583253014e-10	2.52002897680462e-07
TRINITY_DN336_c0_g1_i40	202.320569868439	-11.2364965680689	1.74132683865549	-6.45283603205981	1.09776114825231e-10	5.1820458941354e-08
TRINITY_DN3361_c0_g3_i2	4.53915168772021	5.59187025293692	1.79136285857967	3.12157317885366	0.00179887533820038	0.0483311187050098
TRINITY_DN3364_c0_g1_i6	31.1299246375138	-8.53633375178942	1.91966545126592	-4.4467819880595	8.7166220803177e-06	0.00066775805307587
TRINITY_DN3367_c0_g1_i8	30.4486577937263	8.33705661086423	1.92967275671851	4.32045101006751	1.55710623628312e-05	0.00108468559565912
TRINITY_DN3374_c0_g1_i10	66.5213654947847	-5.61520417235562	1.79450185658752	-3.1291158333119	0.00175333175502611	0.0474393296945875
TRINITY_DN3376_c0_g1_i10	12.0760509229896	-7.17181577312162	2.19370703426531	-3.26926780153373	0.00107826196015509	0.0330701217171627
TRINITY_DN3377_c0_g1_i14	311.033640770839	11.689849815879	3.46699504417444	3.37175267542461	0.000746914894628422	0.0252419611716518
TRINITY_DN3377_c0_g1_i15	598.616821967577	-12.8013917819513	3.51816411081828	-3.6386568047202	0.000274063737510071	0.0116371043679025
TRINITY_DN3377_c0_g1_i4	24.5795430655941	8.02861238782013	2.03660471774581	3.94215545012903	8.0752608353631e-05	0.00425932203537148
TRINITY_DN3377_c0_g1_i8	401.871273814607	12.0595032655908	3.50175073030871	3.44384971814588	0.000573494375768048	0.0205596638793587
TRINITY_DN3378_c1_g2_i1	4.71816840645772	5.64703443148258	1.79464533757824	3.14660190135556	0.0016517969202463	0.0454636925625316
TRINITY_DN3379_c0_g1_i11	10.5017150167121	6.80148269197249	1.75743183197418	3.87012603745328	0.000108779100841787	0.00543882630942561
TRINITY_DN3379_c0_g1_i6	45.5416852212668	8.91822736297731	1.62697432576596	5.48148008345412	4.21782212709843e-08	7.52326239340465e-06
TRINITY_DN3379_c0_g1_i9	23.9028218832371	-8.15503747076461	1.67469677570263	-4.86956062081335	1.1184666767021e-06	0.000121788913979348
TRINITY_DN3399_c0_g1_i12	12.9690251357888	-5.39932121885284	1.58471817056812	-3.40711763083854	0.000656528257851271	0.0228642947592963
TRINITY_DN34_c2_g1_i1	25.0253721422276	8.05424780778986	2.34945666278254	3.42813210193498	0.000607749649215434	0.021549991548219
TRINITY_DN3411_c0_g1_i7	12.4321946889008	7.04450245968266	2.11732818089829	3.32707160053667	0.000877638198165889	0.0285775231092953
TRINITY_DN3413_c1_g1_i6	7.59145067655527	5.34306651241629	1.70339964710507	3.13670753748062	0.00170856466037725	0.0465260382444593
TRINITY_DN3417_c1_g1_i3	7.34093612174643	-6.45175014038419	1.79450014589803	-3.59529095337883	0.000324029233781157	0.013304092417901
TRINITY_DN3418_c2_g1_i16	7.09482126902389	6.2361280104129	1.94023973235316	3.21410179702362	0.00130853273360058	0.0381138913904796
TRINITY_DN342_c0_g1_i10	280.675088665626	11.5417634040577	2.27262404165421	5.07860657658828	3.80213125641344e-07	4.95790874852504e-05
TRINITY_DN342_c0_g1_i14	333.219606172395	9.92539307555966	1.54758184758408	6.41348507095385	1.42230049480919e-10	6.49629984921012e-08
TRINITY_DN342_c0_g1_i7	1021.34252455227	9.7255042594561	1.71879492731151	5.65832729950422	1.52855422161823e-08	3.22899436545743e-06
TRINITY_DN342_c1_g1_i2	424.77308556273	-12.3066129214544	1.60492856936373	-7.66801286759653	1.74681366980708e-14	4.92007538237861e-11
TRINITY_DN342_c1_g1_i5	239.742857218831	11.3143861500897	1.66717436787573	6.78656436189468	1.14835287375876e-11	8.15407740561912e-09
TRINITY_DN342_c5_g1_i22	16.7246246441119	-7.64172879928834	1.96463727999902	-3.88963849820266	0.000100393660370505	0.00510106044136316
TRINITY_DN3420_c1_g1_i2	17.4691977914378	7.5355223131688	1.78525998310247	4.22096634915515	2.43257252031731e-05	0.00157387069541939
TRINITY_DN3420_c1_g1_i3	8.02630479080225	6.41284270769924	1.82964475294301	3.5049660309107	0.000456665545944743	0.0172034441824516
TRINITY_DN3423_c0_g1_i13	61.0621152374952	-4.86472649968758	1.31787384491017	-3.69134459908731	0.000223071671489487	0.00976637828886976
TRINITY_DN3423_c0_g1_i5	56.5750859519484	-9.39796914414476	1.63631551429325	-5.74337226656673	9.28093795955363e-09	2.13684113271488e-06
TRINITY_DN3423_c0_g1_i6	85.863304382718	9.83296960905763	1.64080992988011	5.99275359686305	2.06317341516433e-09	5.90962804184933e-07
TRINITY_DN3428_c0_g1_i5	26.8549213550819	-8.32364992028019	1.65426814695009	-5.03162074155039	4.86350654791978e-07	6.0702596201791e-05
TRINITY_DN3435_c0_g1_i3	63.1652479890381	9.39005620178412	1.63796397956372	5.73276111009793	9.88087549528562e-09	2.23837591850039e-06
TRINITY_DN34369_c1_g1_i1	90073.8247160751	-4.77122397727737	1.27820073137401	-3.73276580130612	0.000189388672581337	0.00854859191013774
TRINITY_DN3440_c0_g1_i2	156.880625547803	-10.8696821193239	1.64221010004256	-6.61893512836283	3.6179556645808e-11	2.04401954945779e-08
TRINITY_DN3440_c0_g1_i9	67.6540424867305	9.48919059889404	1.64271903931001	5.77651465151324	7.62638642719695e-09	1.82553654483084e-06
TRINITY_DN34404_c0_g2_i1	4.77147561757203	-5.83364478888209	1.83306816805576	-3.18244836201019	0.0014603555401189	0.0414084303452908
TRINITY_DN3461_c0_g2_i8	35.0338400547746	-2.86363138577277	0.817061171331836	-3.50479436087382	0.000456960095008836	0.0172068690321108
TRINITY_DN3468_c0_g1_i4	9.77284219454588	-6.86532651771459	1.69585147929947	-4.04830647112478	5.15895662440717e-05	0.00293747652863313
TRINITY_DN347_c0_g1_i19	68.4974809713649	-9.67384074590226	1.68275767614683	-5.74880203075549	8.987797827596e-09	2.09215135216586e-06
TRINITY_DN347_c0_g1_i21	8.62743586994513	6.51820001357313	1.74021117253031	3.74563737807494	0.000179936347003695	0.00819195121180937
TRINITY_DN347_c0_g1_i9	5.386625522579	-6.00304059416436	1.79398282724917	-3.3462085048881	0.000819247665904987	0.0271257011260343
TRINITY_DN3474_c0_g1_i13	28.4074346220617	-5.53453937305757	1.59606364409045	-3.46761822033202	0.000525092715915168	0.0193330214855773
TRINITY_DN3476_c0_g1_i5	2126.37856923513	4.12984260305065	1.23914128529292	3.3328262499739	0.000859686117006392	0.0281557199669791
TRINITY_DN348_c0_g1_i2	105.535989561769	-8.44595412211268	1.46157376069652	-5.77867114834337	7.52929277811437e-09	1.80741528740087e-06
TRINITY_DN3488_c0_g1_i5	65.2051766926956	-9.60302954979168	1.80047305241328	-5.3336147058242	9.62766973516401e-08	1.50651636533683e-05
TRINITY_DN3490_c0_g1_i3	8.13857643886211	-6.59815002333854	1.82053820744674	-3.62428538788663	0.000289761511784133	0.0121389530107762
TRINITY_DN35_c0_g2_i4	1149.07245276426	-8.06482321535611	1.74166953764952	-4.63051287343524	3.6476110263162e-06	0.000325122190402602
TRINITY_DN35_c12_g1_i1	18.8843416215782	-4.25941407236819	1.32539592455944	-3.21369184365344	0.00131040226114472	0.0381551930607191
TRINITY_DN3500_c0_g1_i2	578.931970605278	-4.50915748335247	1.31672802391236	-3.42451698563727	0.00061589334301536	0.021771907301909
TRINITY_DN3502_c0_g1_i2	4647.96562399148	5.25294685963486	0.874627187514624	6.00592679329103	1.90242021276241e-09	5.5286532384373e-07
TRINITY_DN3507_c0_g2_i1	10.9224683627413	6.85832746808984	1.72743454449085	3.970238692958	7.18006640500813e-05	0.00387420977707776
TRINITY_DN3507_c0_g2_i3	5.96218311070041	-6.15155423081076	1.75126786459306	-3.5126289673797	0.000443696610475478	0.016827413012548
TRINITY_DN3521_c2_g1_i2	18.1686263129782	-4.24821702076251	1.32725933990895	-3.20074373788468	0.00137073381937717	0.0395542939656213
TRINITY_DN353_c4_g1_i1	8.1318170650662	-6.5972783909353	1.91288239347295	-3.44886774714757	0.000562942345232967	0.0202760026800918
TRINITY_DN3533_c0_g1_i7	198.856326171296	9.18127412018402	1.44792744392306	6.34097665509258	2.28313138653345e-10	9.59801173628374e-08
TRINITY_DN3535_c0_g1_i12	5.49593819078333	-6.03070733629265	1.89196169619321	-3.18754198270872	0.00143487625940369	0.0409193972889277
TRINITY_DN3539_c0_g1_i1	37.313081750543	5.70606561445944	1.60096705816551	3.56413680428741	0.000365055534648406	0.0145846158707901
TRINITY_DN3548_c0_g2_i20	29.9053642448204	-8.47855633728935	1.72387914797839	-4.91830088392927	8.72986554291486e-07	9.92807777449825e-05
TRINITY_DN3548_c0_g2_i4	36.6587490111627	8.60494990284858	1.83654631293138	4.6853977175854	2.79416811503155e-06	0.000260597811682049
TRINITY_DN3552_c0_g1_i1	74.0465485872868	-3.15223624527917	0.826757192676728	-3.81277148018926	0.0001374171571501	0.00658994037733777
TRINITY_DN3561_c0_g1_i2	310.960168042296	11.6895091813844	3.46708500204118	3.37156694298017	0.000747418718211944	0.0252419611716518
TRINITY_DN3563_c0_g1_i43	66.967323548248	-6.71683951504634	1.71137567289476	-3.9248188585531	8.67950244516478e-05	0.00452996045467285
TRINITY_DN3565_c5_g1_i1	9.55782966209819	-6.83158858081534	1.98274765515806	-3.44551590468063	0.000569970424601017	0.0204636971219464
TRINITY_DN357_c0_g1_i16	220.036603359707	-11.3575423531173	3.41910302770844	-3.32179003120867	0.000894419726195749	0.0289263401779585
TRINITY_DN357_c0_g1_i19	335.470961579601	7.00911575091754	1.96824728820057	3.56109508847615	0.000369311297420275	0.0147198424572728
TRINITY_DN3571_c1_g1_i3	10.6492858420284	-6.98821197313566	1.76322416057091	-3.96331455149354	7.39162864433779e-05	0.00396305734257141
TRINITY_DN3574_c0_g1_i2	37.9434286720317	-2.57941166442598	0.781748827128101	-3.29954017827175	0.000968433636476311	0.0305794863284661
TRINITY_DN3575_c0_g1_i1	395.292132055545	8.20887371834659	1.86574492261248	4.39978349604845	1.08358932484192e-05	0.000799660530746659
TRINITY_DN3582_c0_g1_i13	14.9781815730032	-7.48021391790171	1.68327339091511	-4.44384967900852	8.83633537600215e-06	0.000673874247835225
TRINITY_DN35935_c0_g1_i2	5.17145757875597	-5.94499447929123	1.78398791895871	-3.33241857532379	0.000860946596343377	0.0281751609209228
TRINITY_DN3595_c0_g1_i44	18.4111840173469	6.63477704352498	1.74641594769623	3.79908180080306	0.000145233155051478	0.00690208725283454
TRINITY_DN36_c0_g1_i14	9.69402441411082	-6.85330699666249	2.09957287202667	-3.26414343030026	0.00109795567514644	0.0335048965830712
TRINITY_DN36030_c0_g1_i1	22.3824813922938	-4.8511568251932	1.26467017540394	-3.83590672061491	0.00012510188649329	0.00610679330150779
TRINITY_DN3609_c3_g2_i1	9.24936608749392	6.61912025501845	1.96061651516675	3.37604024234973	0.000735371623930953	0.0249748518805939
TRINITY_DN3611_c0_g1_i8	605.701241813722	25.8194201912997	3.73657021423908	6.90992506788945	4.84909770479535e-12	4.31304271431366e-09
TRINITY_DN3612_c0_g1_i6	31.8160942154276	-8.56696293578556	2.31588571198715	-3.69921662862831	0.000216265953723785	0.00953262418244776
TRINITY_DN3613_c0_g1_i2	424.926529149048	12.1399852504006	3.5022514528005	3.46633741580524	0.000527600715610065	0.0193662924707295
TRINITY_DN362_c0_g1_i12	652.749220373349	12.7592872450943	3.54950587944989	3.59466575868068	0.000324808297274395	0.0133296024784322
TRINITY_DN363_c0_g1_i2	92.5166315923021	9.94068837722094	1.6270116047833	6.10978332790991	9.9766493127161e-10	3.19073115162146e-07
TRINITY_DN363_c1_g1_i1	24.4459955872237	8.02027886086898	1.7187954308246	4.6662207247207	3.06790139618478e-06	0.000281130235545073
TRINITY_DN363_c1_g1_i7	13.9393926208508	7.2094027284164	2.03508042360229	3.54256404061666	0.000396257195375472	0.0154270908772753
TRINITY_DN3630_c0_g1_i4	13.4561491633298	-7.32686633699259	2.16973794691828	-3.37684389370572	0.000733226507253118	0.0249120118254419
TRINITY_DN36437_c1_g1_i1	16.064379019807	-7.58104334456518	2.41912577732261	-3.13379461937509	0.00172561589733286	0.0468914113880339
TRINITY_DN3646_c1_g3_i5	33.5710130701513	-8.64500395686647	1.63707521050041	-5.28076162989721	1.28647974600227e-07	1.92739300669681e-05
TRINITY_DN3651_c0_g1_i3	7.02314440286141	-6.3906153882363	1.93975204871573	-3.29455272000738	0.000985784511292719	0.0309999328750324
TRINITY_DN366_c0_g2_i10	29.786949820311	-8.47172943611968	1.94700889269214	-4.35115086937573	1.3542482554214e-05	0.000967297287291612
TRINITY_DN3663_c0_g1_i6	54.0699644499793	9.16589480613005	1.71508071955979	5.34429353767248	9.07703704156321e-08	1.42841063463716e-05
TRINITY_DN3664_c0_g1_i5	62.0102186242349	9.36353412072124	1.62400783473243	5.76569516505071	8.13219330406744e-09	1.92480131598625e-06
TRINITY_DN367_c0_g1_i14	64.2967129438268	-9.5832098149497	1.90416287028458	-5.03276792363747	4.83448251210731e-07	6.05191264160065e-05
TRINITY_DN3677_c0_g1_i10	71.2220667474254	3.06537384792332	0.922059676868085	3.32448530699805	0.000885819009682843	0.0287476066915284
TRINITY_DN3677_c0_g1_i5	242.938628847105	-9.66134220326453	2.45041554577301	-3.94273625138007	8.05572309472937e-05	0.00425167076863487
TRINITY_DN3677_c0_g1_i6	75.7904901675883	3.78538155186984	0.923417667141267	4.09931679517102	4.14371527903461e-05	0.00243149759477685
TRINITY_DN3677_c5_g1_i3	8.04326977024052	6.41767768015699	2.0051054205178	3.20066846086312	0.00137109194330404	0.0395542939656213
TRINITY_DN368_c0_g1_i1	44.8074372732338	-9.06223721777126	1.70018684357347	-5.33014195000132	9.81360310568482e-08	1.52942895764056e-05
TRINITY_DN368_c0_g1_i11	19.2559085413485	-7.8441578937795	1.99575508429558	-3.93042110001596	8.47972171706689e-05	0.00443940226548153
TRINITY_DN368_c0_g1_i8	23.191440723628	-8.1127732146387	1.82413439368625	-4.44746464006101	8.68897564990079e-06	0.000666967276991624
TRINITY_DN368_c0_g2_i7	202.109714815325	11.0679296836187	3.42047243959734	3.23578975684472	0.00121306696156704	0.0361175941220902
TRINITY_DN3684_c0_g1_i1	7.60689152479463	-6.50075034722231	1.84566175379722	-3.52217860821346	0.000428015670205262	0.0163797409877737
TRINITY_DN3686_c1_g1_i1	4.98649225793097	5.72753005515823	1.82244574869027	3.14277122338178	0.00167356586448003	0.0459027109111892
TRINITY_DN3688_c0_g1_i1	16.4664836806682	-5.75524849518657	1.72017157613791	-3.34574095690392	0.000820630226486519	0.0271502008134917
TRINITY_DN3689_c0_g1_i1	24.9942397123941	-4.49752976969638	1.09706424446984	-4.09960473360412	4.13856352991507e-05	0.00243016220396639
TRINITY_DN3690_c0_g1_i4	474.369784510107	12.2987771755124	3.52360506241828	3.49039604542729	0.000482305211537539	0.0179611396053323
TRINITY_DN3690_c0_g1_i9	212.029501308455	-11.304020442842	3.42663298834901	-3.29887107293867	0.000970744847056651	0.0306410153479988
TRINITY_DN3693_c0_g1_i17	157.999891952604	-10.8798017780053	1.61097181896896	-6.75356430813823	1.44256520173083e-11	1.00738739186654e-08
TRINITY_DN3695_c0_g1_i1	166.606102407351	10.7892898532578	2.47754194957872	4.35483639544124	1.33166337300819e-05	0.0009527763902832
TRINITY_DN37053_c0_g1_i1	4.90600246340653	5.70266718224538	1.80939887333373	3.15169157353265	0.00162327638429862	0.0448980713323944
TRINITY_DN37053_c0_g1_i6	14.9042004304157	-3.92870729476567	1.18598376947566	-3.31261472195576	0.000924282100778284	0.0295833291483195
TRINITY_DN3708_c0_g1_i1	9.05859638771611	-6.75718987886673	1.80714342674596	-3.73915527614434	0.000184639656413198	0.00837449365947526
TRINITY_DN3708_c0_g1_i3	7.86153102275054	6.38320943004218	2.02841464440337	3.14689575312138	0.00165013782896625	0.0454328270680971
TRINITY_DN3708_c0_g2_i1	232.024145198277	11.2670539848716	3.44878887120153	3.26695962137754	0.00108709184402418	0.0332454168064985
TRINITY_DN37083_c0_g1_i5	12.2684857481103	-4.25378934040477	1.31943925625072	-3.22393722958662	0.00126441111938881	0.0372006304895945
TRINITY_DN3718_c0_g1_i9	93.4982552629708	-10.1230876735281	1.63231253712512	-6.20168469168115	5.58619119751086e-10	2.0433852112869e-07
TRINITY_DN3720_c1_g1_i2	23.3461267065557	-8.12172743381018	1.66158618088502	-4.88793631485565	1.01898479819811e-06	0.000112112210258
TRINITY_DN3724_c0_g1_i6	28.9888721692056	-8.43297715196965	1.75893011622051	-4.79437873864481	1.63179732289925e-06	0.000167131648715564
TRINITY_DN3730_c0_g1_i15	18.0869942603455	-7.75308373653336	1.65144725046419	-4.6947207876934	2.6697112319933e-06	0.000252898273184944
TRINITY_DN3730_c0_g1_i6	38.180749097539	5.91437199328804	1.6416510624345	3.60269738717635	0.00031493208738514	0.0130255171413948
TRINITY_DN3741_c0_g2_i1	65.59632261054	5.08047597949173	1.04739411493014	4.85058671523144	1.23096801356939e-06	0.000131331231326498
TRINITY_DN3742_c0_g1_i1	21.3241229886392	-7.99132187936691	1.69679275354374	-4.70966289941839	2.48126833398484e-06	0.000238252513278468
TRINITY_DN37441_c0_g1_i2	44.1919866683555	-9.04173312320068	1.63249425392646	-5.5386002746739	3.04898655963984e-08	5.69985102470017e-06
TRINITY_DN3745_c0_g1_i2	49.3783031668477	-2.40076963040388	0.714629122431586	-3.35946234913441	0.000780942919040837	0.0261086429657089
TRINITY_DN3747_c0_g1_i15	7.53650578762952	6.3221285846025	1.8074522670793	3.49781219662224	0.000469091328475782	0.0175153685698394
TRINITY_DN3747_c0_g1_i8	9.66248066972991	-6.84841303284651	1.71933604848704	-3.98317306199268	6.80011985230962e-05	0.00370468425067994
TRINITY_DN375_c0_g1_i9	193.810310598064	11.0074342348332	3.41662169446069	3.22173047507114	0.00127418936128062	0.0374361796416864
TRINITY_DN3751_c0_g1_i14	60.4730385998439	-9.49442933646638	1.62569036541165	-5.84024457453326	5.21242442028535e-09	1.3306327452123e-06
TRINITY_DN3759_c0_g1_i10	136.458175175413	-10.6681928125572	3.38507358337873	-3.15153941259645	0.00162412242086252	0.0449067723553799
TRINITY_DN3767_c1_g1_i2	196.945290802722	6.24678948646664	1.48400193043718	4.2094214019158	2.56025485259772e-05	0.00164264551658923
TRINITY_DN3767_c1_g1_i6	162.211977485778	3.46050627438171	0.918488415918653	3.76761014554612	0.000164817827011192	0.00765166863078183
TRINITY_DN3768_c0_g1_i6	12.1217206103955	-7.17461047806787	2.26308020533358	-3.17028555203607	0.00152289197602586	0.0427796962068593
TRINITY_DN377_c0_g1_i11	63.017004131207	-9.55416584116529	2.30010868261072	-4.1537888680638	3.27014927559163e-05	0.00199798317779422
TRINITY_DN377_c0_g1_i4	45.7379556980952	8.92428929180717	2.27713060401375	3.91909417759214	8.88823819688872e-05	0.00462462038892059
TRINITY_DN378_c0_g1_i37	106.481538226866	-5.64761165905903	1.42969616491895	-3.95021809363194	7.8080013493874e-05	0.00414422423379734
TRINITY_DN37828_c1_g1_i3	6.05300103697325	6.00701761381098	1.74312466803631	3.4461204777614	0.00056869675795091	0.0204310113322007
TRINITY_DN3783_c3_g1_i13	201.364077016298	11.0625902541271	3.42485522787327	3.230089892295	0.00123751302450423	0.036690307208617
TRINITY_DN3783_c3_g1_i8	659.235826109527	-12.9405179530544	3.5737160880836	-3.62102574298053	0.000293437312113893	0.0122686125675407
TRINITY_DN3785_c2_g1_i9	11.9784556618363	-7.15813444477715	1.75315710668777	-4.08299656515153	4.44586803709479e-05	0.00258367921181868
TRINITY_DN3789_c0_g1_i10	48.9567029121316	-9.18950801280775	1.64155800984789	-5.59804037242598	2.16788274686155e-08	4.27994757813802e-06
TRINITY_DN3790_c1_g1_i6	56.2449243131465	9.22266357430002	2.07396650101122	4.44687200579336	8.71297168504301e-06	0.00066775805307587
TRINITY_DN3792_c2_g1_i11	17.8598369780008	7.56751777632117	1.70036795130858	4.45051776616781	8.56635062011811e-06	0.000661040634428073
TRINITY_DN3793_c0_g1_i16	31.2393222364398	-8.54117398273843	1.71889334195801	-4.96899590815163	6.73004900225127e-07	7.98701798584589e-05
TRINITY_DN380_c0_g1_i12	55.0536443049621	-2.93409563313905	0.787299090981425	-3.72678651194871	0.000193936591713117	0.00870736138500262
TRINITY_DN3800_c0_g2_i1	6.13502386000932	6.02532555737297	1.8032868327027	3.34130180961973	0.00083386525472067	0.0274912002705373
TRINITY_DN3803_c3_g1_i5	11.9285183837206	6.9850485828151	1.71531953923218	4.07215590043461	4.6579983940172e-05	0.00268846685995673
TRINITY_DN38072_c0_g2_i1	3291.4389195332	-4.06903428772997	1.20788431839106	-3.36872846660518	0.000755157830952399	0.0254524636616736
TRINITY_DN381_c0_g2_i2	23.3172878708313	-8.11886115581348	1.94854575670243	-4.16662586849037	3.09141234490264e-05	0.00190948947602035
TRINITY_DN381_c0_g2_i3	56.6384911718079	9.23264014620588	1.68731122409796	5.4718062763683	4.45471644245212e-08	7.89129203258531e-06
TRINITY_DN381_c1_g2_i2	33.4290933508862	-8.63889039222872	1.64987525298147	-5.23608701725629	1.64016647571932e-07	2.38949632526434e-05
TRINITY_DN381_c1_g2_i4	23.4406152632287	7.95956511923029	1.85555929258931	4.28957735331821	1.79013457285922e-05	0.0012241959587885
TRINITY_DN3814_c0_g1_i2	234.599563388143	11.2829820402523	3.44083312497875	3.27914247231098	0.00104123053981664	0.032216000788512
TRINITY_DN3814_c0_g1_i3	31.4209192033122	-8.54909289608552	1.69180289952442	-5.05324402652858	4.34368338711397e-07	5.52759877777645e-05
TRINITY_DN382_c0_g1_i38	69.9081174496788	-9.70314655771814	1.72298706259272	-5.63158410668333	1.78561858669819e-08	3.64841977747997e-06
TRINITY_DN3821_c0_g1_i9	60.1581776816442	-9.48662030301802	1.62274297103832	-5.84603999051553	5.03413070876877e-09	1.29162203556368e-06
TRINITY_DN3822_c0_g1_i12	368.576392086996	11.9348213356751	2.30471290297739	5.17844167065534	2.23747008053467e-07	3.13016137193739e-05
TRINITY_DN3823_c0_g1_i3	20.9602617629027	4.58744559390803	1.42282712997952	3.22417635793468	0.00126335570023104	0.0371954808216454
TRINITY_DN3823_c0_g1_i4	211.381669482116	4.01537881254583	1.01593084558351	3.95241352302828	7.73668922285167e-05	0.00411153940850642
TRINITY_DN3823_c0_g1_i7	21.6750630136699	7.84733821961242	1.86519557848585	4.20724684860278	2.58500725670381e-05	0.00165350449036305
TRINITY_DN3824_c0_g1_i5	9.28417456207786	6.62312113635036	2.00665358246281	3.30058022681804	0.000964851236024108	0.0305113011710668
TRINITY_DN383_c0_g1_i3	196.421970770949	-11.1937782004982	3.38402133138028	-3.30783322690595	0.00094020781900632	0.0299117772177696
TRINITY_DN383_c0_g1_i9	137.365043069271	10.5109641424701	1.80024635928544	5.83862541271413	5.26332560493265e-09	1.33555701791471e-06
TRINITY_DN383_c2_g1_i14	41.9377640585962	-8.96559333521376	1.81990412319468	-4.92640970529562	8.37542888745406e-07	9.58952561154598e-05
TRINITY_DN383_c3_g3_i1	106.892177598421	-3.54790146307556	0.929166107582748	-3.81837158514695	0.000134335480169549	0.00646655054697109
TRINITY_DN383_c5_g1_i9	154.337924567269	-8.355555803004	1.58392760118704	-5.27521320844595	1.32601831451374e-07	1.97263900598207e-05
TRINITY_DN3830_c0_g1_i10	88.8843491782277	-3.29874192972971	0.700148846861955	-4.71148662818565	2.45916235713682e-06	0.000236860916146733
TRINITY_DN3841_c0_g1_i3	74.075593076756	9.61999130989125	2.30401367547483	4.17531866771957	2.9756920630686e-05	0.00185535895541397
TRINITY_DN3841_c0_g1_i5	93.522908795128	-10.12325584784	1.65313675997562	-6.1236650789795	9.14470163382954e-10	2.9949961188191e-07
TRINITY_DN3842_c0_g1_i3	40.058241684634	8.73303475098188	1.72727247927492	5.05596821333475	4.28212658628585e-07	5.47399594989382e-05
TRINITY_DN3848_c1_g1_i2	28.9539977698151	8.26466655371326	1.68482426129211	4.90535822850451	9.32569792429949e-07	0.000104509658250326
TRINITY_DN3860_c0_g1_i1	167.649662389257	-10.9653570989712	1.61205891496389	-6.80208210579998	1.03117796180552e-11	7.71083853244627e-09
TRINITY_DN3860_c0_g1_i7	202.160916370091	11.0683962567092	1.61425017539882	6.85667960604351	7.0479455803644e-12	5.67178386332982e-09
TRINITY_DN3863_c0_g1_i16	365.347343108504	11.9220430149639	3.5302293739191	3.37712985536931	0.000732464617743382	0.0248961364722769
TRINITY_DN3865_c0_g3_i1	21.0009265766288	3.98687804629616	1.22082811996041	3.26571609967949	0.00109187657821588	0.0333675902734488
TRINITY_DN3865_c0_g3_i2	38.1947585131979	8.66423861106816	1.92597724904192	4.49861939718042	6.83961801297129e-06	0.000554870511043153
TRINITY_DN3868_c0_g1_i2	5.13652539244794	5.77031518776956	1.83056870592577	3.15219809510036	0.00162046297357425	0.0448349313494032
TRINITY_DN3871_c0_g1_i3	39.5242686131789	-8.88048287861511	1.70396309358976	-5.21166386292235	1.87154428081147e-07	2.66680857740317e-05
TRINITY_DN3871_c2_g1_i2	13.9325403689748	-7.3773412055457	2.14135433449127	-3.44517536715771	0.000570689011053893	0.0204764671150878
TRINITY_DN3876_c1_g2_i1	7.90044134537424	5.39758990404712	1.60884322661301	3.35495082103824	0.000793790949519181	0.0264069872647526
TRINITY_DN388_c1_g1_i4	148.865229102176	-8.88369950744772	2.20232728378353	-4.03377807325067	5.48871586576389e-05	0.00309396606554581
TRINITY_DN388_c1_g1_i5	294.467197544642	11.6109918412633	1.70893644170699	6.79427950501516	1.08855162364268e-11	7.8615756491076e-09
TRINITY_DN388_c9_g1_i9	12.7898256731098	7.08549379048415	1.88867199134964	3.75157455764507	0.000175727478085401	0.00804803276057466
TRINITY_DN3885_c0_g1_i1	86.0618403705514	-10.003674470177	1.73071933400739	-5.78006743994358	7.46706868570328e-09	1.79758509915828e-06
TRINITY_DN3888_c0_g1_i14	16.2154478678786	7.42842226238222	1.74614317722855	4.25418852202744	2.09808485039243e-05	0.00140367358423167
TRINITY_DN3891_c0_g1_i11	25.0703406098419	8.05722933429627	1.94305824222645	4.14667412391299	3.37339655359723e-05	0.00205216171336111
TRINITY_DN3891_c0_g1_i20	55.9256169132504	-9.38162926363487	1.71681876613001	-5.46454258813968	4.64101952714706e-08	8.17255194860627e-06
TRINITY_DN3897_c0_g1_i4	147.314251704818	10.61169602851	3.38452933195554	3.1353535418701	0.00171647112523255	0.0466961935415003
TRINITY_DN3899_c0_g1_i22	49.7718127339998	-9.21303257264493	1.84465219369172	-4.99445510874697	5.90021132489066e-07	7.17346843928937e-05
TRINITY_DN3902_c0_g3_i1	454.230480925599	2.97241434175615	0.599084470712233	4.9615947117146	6.99167636096027e-07	8.2167269700754e-05
TRINITY_DN391_c0_g1_i11	17.4023498960486	-7.69628660299681	1.70414021534029	-4.51622849676133	6.29507374766939e-06	0.000516930166696374
TRINITY_DN391_c0_g1_i18	36.2117090163821	-8.75390860255199	1.74973703355008	-5.0029852684726	5.64492561566129e-07	6.90282090697753e-05
TRINITY_DN3931_c0_g1_i1	159.734627739541	-10.8955506228166	1.63050186754345	-6.68232943469857	2.35173610256967e-11	1.46115439113921e-08
TRINITY_DN3937_c0_g1_i1	28.2225973488984	8.2277175542116	1.64859252249546	4.99075268263219	6.01444652088642e-07	7.29137305770245e-05
TRINITY_DN3937_c0_g1_i12	34.7326413854581	-8.6937996211822	1.72222430209795	-5.0480065869421	4.46443758611999e-07	5.66420491219169e-05
TRINITY_DN3939_c0_g1_i27	62.3042731139292	-9.53714337158809	1.71207722277608	-5.57051004751052	2.53994667793296e-08	4.91329030248034e-06
TRINITY_DN394_c0_g1_i6	149.654455389617	10.6344522906033	3.37930940996326	3.14693063004221	0.00164994101520145	0.0454328270680971
TRINITY_DN3947_c0_g1_i12	7.97517433022233	-6.57005154012492	1.8369230405033	-3.57666129459882	0.000348010618714437	0.0140901778917741
TRINITY_DN395_c0_g1_i16	220.246367314297	11.1919066867486	3.42936743590407	3.2635484228298	0.00110026380505769	0.0335523730025497
TRINITY_DN395_c0_g1_i3	271.376229162957	-11.6600613469936	3.43907701921844	-3.39046240658009	0.000697748235029939	0.0239668009607967
TRINITY_DN395_c0_g1_i34	96.4940907883279	-5.99210217914666	1.86033491578341	-3.22098033440571	0.00127752913911541	0.0375082200128472
TRINITY_DN3956_c0_g1_i1	28.5313289249324	-8.41038384396023	1.64791202334152	-5.10366070811609	3.33145344022569e-07	4.42673080192375e-05
TRINITY_DN3958_c0_g1_i3	40.3413828643566	-8.91038897892914	2.19752462818764	-4.05473907533759	5.019029497659e-05	0.00286940429291739
TRINITY_DN3974_c0_g1_i3	32.5913408373694	8.43570326965212	1.8076061158778	4.66678177040556	3.05953979791866e-06	0.000280700319049437
TRINITY_DN398_c0_g1_i12	123.10036989291	10.3527283802462	1.69588140216847	6.10462993874957	1.03039135466029e-09	3.26089920172604e-07
TRINITY_DN3984_c0_g1_i39	60.1303936045283	5.97625257305508	1.69309865241382	3.52977221057665	0.000415917597024528	0.0160110273865051
TRINITY_DN399_c1_g1_i1	637.605873067471	-10.4805292093094	1.93923336171514	-5.40447035216018	6.500017329059e-08	1.08331058041583e-05
TRINITY_DN3991_c0_g1_i2	146.018818870335	-10.766135705698	1.79401657304478	-6.00113503267471	1.95942950079326e-09	5.6701326697955e-07
TRINITY_DN39947_c0_g1_i1	5.44265016635304	5.85374806274479	1.80119011362675	3.24993348478807	0.00115432003908201	0.0347356604922904
TRINITY_DN3995_c0_g1_i3	6.93426526742015	-6.37026813697351	1.91431026428905	-3.32770933521549	0.000875631747169289	0.0285451895726507
TRINITY_DN3995_c0_g1_i5	5.65643855508681	5.90833243182739	1.77385605442257	3.33078460177011	0.000866015858565731	0.0282972188774506
TRINITY_DN3997_c0_g1_i5	45.9657198792697	8.93167892824516	2.11713411657363	4.21875915102637	2.45650509779887e-05	0.00158571251148823
TRINITY_DN40_c0_g2_i10	410.110950398656	-12.2559289504967	1.60276841295507	-7.64672478658352	2.06162913868224e-14	5.44386059251161e-11
TRINITY_DN40_c1_g2_i1	6.44996597212572	6.09761216967559	1.89400181726859	3.21943311462561	0.00128444321154137	0.0376850286419523
TRINITY_DN40_c2_g1_i17	326.570689300792	-11.9272881511788	1.62009300183118	-7.36210090266268	1.81038038920411e-13	3.32551135058628e-10
TRINITY_DN40_c2_g1_i8	196.751676944831	11.0292934146055	1.6174418290119	6.81897377499093	9.1693135933047e-12	7.17396907413945e-09
TRINITY_DN40027_c0_g1_i9	173.274369714008	10.8459739520439	1.62830544328057	6.66089645330448	2.72162349320749e-11	1.64265529949319e-08
TRINITY_DN4004_c0_g1_i4	238.772149127195	-11.475602096013	1.7742902372194	-6.46771416270491	9.9496473287162e-11	4.80414457132492e-08
TRINITY_DN4009_c0_g1_i3	13.654651789726	-7.34652599200889	1.78943122126231	-4.10550900460229	4.03425567584598e-05	0.0023804925705142
TRINITY_DN401_c0_g1_i13	494.519662494957	-12.5257746935736	3.5074998319116	-3.57114049717488	0.000355430161092765	0.0143014941676269
TRINITY_DN4017_c0_g1_i13	24.7858839432084	-8.20750843282679	1.6390034410357	-5.00762123332725	5.51068418963368e-07	6.74843177761835e-05
TRINITY_DN4018_c1_g1_i4	10.5237730772212	4.26006977840994	1.26712910447873	3.36198558091082	0.000773841643627866	0.0259270702629926
TRINITY_DN4019_c0_g1_i1	9.41590994283312	-6.80948721455981	1.80216294303363	-3.77850806492404	0.000157770743773183	0.00739806454347746
TRINITY_DN4034_c0_g1_i5	173.289265609261	-11.0131143746671	1.60387306889432	-6.86657478590832	6.57617083979774e-12	5.50171567941811e-09
TRINITY_DN4045_c2_g1_i14	41.3298167437817	8.77815228538805	1.82890222986077	4.79968373490163	1.58916384803804e-06	0.000163160591532829
TRINITY_DN405_c0_g2_i5	351.417129827295	-12.0329579144577	3.46880295397428	-3.46890788381949	0.000522578598751985	0.0192488432595227
TRINITY_DN405_c1_g1_i9	208.150135167945	-11.2774466807667	3.39229705539553	-3.32442781295631	0.000886001672064283	0.0287476066915284
TRINITY_DN405_c2_g2_i8	22.5857551010734	-8.07407016112811	1.67324602680009	-4.825393296507	1.39727257639825e-06	0.000145941579926451
TRINITY_DN405_c3_g2_i11	43.4015462304677	5.29601512667066	1.43645148090633	3.68687365850265	0.000227025997430798	0.00992098327448026
TRINITY_DN4050_c0_g1_i6	16.7587178857739	-7.64377178852154	1.9748799601019	-3.87049944449642	0.000108612604598853	0.00543382953507021
TRINITY_DN4055_c0_g2_i1	31.3852964208444	-8.54850112803653	1.81651003909461	-4.70600268870373	2.5262118691964e-06	0.00024147041914407
TRINITY_DN40620_c0_g1_i1	8.57073448629737	6.5089073442872	1.96348255160741	3.31498099586302	0.000916493551163269	0.0294217831475428
TRINITY_DN4067_c0_g1_i2	8.94417648407833	-4.84730892702871	1.54296416316287	-3.14155639045587	0.00168052443685669	0.0459966632980332
TRINITY_DN4091_c0_g1_i6	12.0369103901619	-7.16627434405087	1.68910763951351	-4.24263923530347	2.209063995465e-05	0.00145488300458926
TRINITY_DN4099_c2_g1_i1	8.94386957501002	-6.7366373205876	2.01543489571884	-3.3425229139862	0.000830205005973513	0.0273927894039169
TRINITY_DN4107_c0_g2_i3	19.6664283066233	7.7066518966277	2.46220193178167	3.12998369351904	0.00174816006920735	0.0473448812589368
TRINITY_DN4117_c0_g1_i9	25.5540782291665	-8.25156861693099	1.68263022843241	-4.90397027076972	9.39187101260941e-07	0.000104992756945824
TRINITY_DN4117_c0_g2_i2	9.59923070868823	5.68392197371473	1.5573405195628	3.64976182300221	0.000262483576595411	0.0112130117569055
TRINITY_DN4119_c0_g1_i13	28.7640930215409	8.25538270422729	1.83899759880407	4.48906660323859	7.15359302523575e-06	0.000574957066806188
TRINITY_DN4119_c0_g1_i14	21.8938290982692	-8.02972709214893	1.83049261305668	-4.38664818140967	1.15110753512757e-05	0.000841916338497091
TRINITY_DN4119_c0_g1_i8	19.933718724007	-7.89195109344861	1.89810394943108	-4.15780763525311	3.21316412639663e-05	0.00197028985741845
TRINITY_DN4125_c0_g1_i1	38.43707401316	-8.83975187065314	1.96923405745411	-4.4889290011983	7.15821480129837e-06	0.000574957066806188
TRINITY_DN41254_c0_g1_i2	12.5157806124344	-7.22113058912397	1.74661003095562	-4.13436912713313	3.55931009153226e-05	0.00214518248298354
TRINITY_DN41254_c0_g1_i5	14.4322793014544	7.26025817101953	1.71030978812827	4.24499597757961	2.18597342372424e-05	0.00144530815616472
TRINITY_DN413_c0_g1_i12	102.269752694602	-5.40559763602021	1.42007156773346	-3.80656704834104	0.000140909104291419	0.00671926495170221
TRINITY_DN413_c1_g2_i1	11.0546425869518	-6.05846060357377	1.84110451967416	-3.29066630320695	0.000999504022893253	0.0312916231665188
TRINITY_DN4132_c0_g1_i5	58.2428366540375	9.27304224538945	1.61487056229184	5.74228205152804	9.34090644242389e-09	2.14361392711488e-06
TRINITY_DN4135_c0_g1_i1	24.7602680023558	8.03899716835402	1.66047603174866	4.84138103450254	1.28939860040912e-06	0.000136873873036897
TRINITY_DN4138_c0_g1_i3	94.8802305044234	9.97712195434245	1.66019670678226	6.00960230410274	1.85978975703703e-09	5.45654565590676e-07
TRINITY_DN414_c0_g2_i1	48.2033870531277	-9.1669407165742	1.63668652595177	-5.60091414649083	2.13224329516975e-08	4.22934962336276e-06
TRINITY_DN4143_c0_g2_i1	6.30356938225163	-6.23005270628111	1.98304792720294	-3.14165513642855	0.001679957826898	0.0459966632980332
TRINITY_DN4148_c0_g2_i1	165.654909471588	-6.77034864340644	1.45510415799057	-4.65282750119825	3.27414136512554e-06	0.000297162617691061
TRINITY_DN4156_c0_g1_i1	78.3492125801424	8.73546788952821	2.79295752544663	3.12767659727703	0.00176193935633713	0.0475960203746084
TRINITY_DN4162_c0_g1_i5	29.7963093684054	8.30588453964424	1.71111555701977	4.85407575518191	1.2094949767815e-06	0.000129860109972152
TRINITY_DN4163_c1_g1_i1	23.3092153462093	7.95164152002299	2.0684716550216	3.84421101479389	0.000120940908580338	0.00593453245831672
TRINITY_DN4163_c1_g1_i6	14.2046504153008	7.23709202671118	1.70063097752763	4.25553345925312	2.08551172392517e-05	0.00139747477912949
TRINITY_DN417_c0_g2_i1	174.638413714257	10.8571654504664	3.40391362855867	3.189612497619	0.00142463678305136	0.0407649708412711
TRINITY_DN4173_c0_g1_i3	19.3103792851882	-7.84715829624233	1.67596751811716	-4.68216609893375	2.83859323063971e-06	0.000263577418464389
TRINITY_DN4175_c0_g1_i7	10.4305900249662	-6.96026630773554	1.75413408202581	-3.96792148277359	7.25022111854369e-05	0.00390458370984515
TRINITY_DN4177_c1_g1_i12	13.0046417090597	-7.27653416612401	1.78572601069064	-4.074832377734	4.60475024704091e-05	0.00266501497516755
TRINITY_DN41816_c0_g1_i1	7.23974250670034	-6.42846892580422	1.9905633435486	-3.22947217260825	0.00124018949999004	0.0367438753051045
TRINITY_DN4184_c1_g1_i9	8.55766209082197	6.5058856138721	1.78218246097503	3.65051601411943	0.000261713990399097	0.0111914518019954
TRINITY_DN419_c0_g1_i6	152.55792454977	10.6622261739492	1.95784472376108	5.44589979202578	5.15441503276218e-08	8.92495412783481e-06
TRINITY_DN4192_c0_g1_i6	245.501841360705	-11.5154891812826	3.44515817288273	-3.34251392923624	0.000830231883162099	0.0273927894039169
TRINITY_DN4195_c0_g1_i11	7.77865184110742	5.3784107605619	1.57610053489134	3.41247949702187	0.000643747693386809	0.0225238773823428
TRINITY_DN4196_c0_g1_i2	19.8496465376343	-7.88779577898131	1.87877164646534	-4.19837918771084	2.68832210736204e-05	0.00170795369494645
TRINITY_DN420_c2_g1_i5	14.8958503693971	-7.47284637356901	1.93304398887675	-3.86584393142099	0.000110705717861306	0.00550907641215821
TRINITY_DN4202_c1_g1_i3	104.494662279554	10.1163242025721	1.63524731407934	6.18641847962162	6.15464889600114e-10	2.17596452893015e-07
TRINITY_DN4204_c0_g2_i1	25.1225259189799	-5.36648395377209	1.70826580973561	-3.14148063093453	0.00168095926843625	0.0459966632980332
TRINITY_DN4207_c0_g1_i2	15.1548060565523	-7.49856295530088	1.77468864216078	-4.22528367915342	2.38639967325123e-05	0.0015487403962395
TRINITY_DN4207_c0_g1_i21	1386.87129732222	13.8465004437573	3.62626091209598	3.81839607778084	0.000134322146281082	0.00646655054697109
TRINITY_DN422_c1_g1_i2	6.36947617760127	6.07887896310972	1.95102292239836	3.11573938641225	0.00183484353367694	0.0490479623247815
TRINITY_DN4248_c0_g1_i2	7.25198650565159	-6.43297442858628	1.74066999380664	-3.69568870117542	0.000219291534204773	0.00965088336314318
TRINITY_DN4250_c1_g1_i1	62.6419802651307	8.41225069395445	2.32869752724932	3.61242737432331	0.000303344079864284	0.0126141575100257
TRINITY_DN4254_c0_g1_i1	22.6766819943202	-3.80938912949091	0.890262381601072	-4.27895102412392	1.87776171159168e-05	0.00127751295576549
TRINITY_DN4258_c0_g1_i13	51.3373076141865	-9.25790448647435	2.20459620774895	-4.19936515083065	2.67664378060439e-05	0.00170181374095944
TRINITY_DN4258_c0_g1_i17	17.7030805440345	-7.72136867887074	1.78243178230437	-4.33192942110153	1.47808327616647e-05	0.00104079233891262
TRINITY_DN426_c0_g1_i12	1585.06801128524	-14.2061723697711	3.63961547468381	-3.90320693726725	9.492647375504e-05	0.00487901288281835
TRINITY_DN4262_c0_g1_i11	15.3488501755626	7.34945431507138	1.73060742436195	4.24674840267775	2.16895287159451e-05	0.00143855714084767
TRINITY_DN4262_c0_g1_i8	11.6111512323667	-7.11399996790717	1.88613297103533	-3.77173830114542	0.000162114232595689	0.00755144896685256
TRINITY_DN4268_c0_g2_i4	9.73983478765098	6.69217950431785	1.89564020751132	3.53030046408629	0.000415087981733511	0.0159936636026075
TRINITY_DN427_c0_g1_i2	15.3216655577777	-7.51351837928019	1.72206097088814	-4.3630966070877	1.28234281376488e-05	0.000923745976790321
TRINITY_DN428_c1_g1_i12	107.780281050497	-6.03048714144788	1.86351034163514	-3.23608997852752	0.00121179179550647	0.0360923451310206
TRINITY_DN428_c6_g1_i19	83.225418655736	-9.95469961506365	1.77632088588512	-5.60411111199841	2.0932640030861e-08	4.16180286430046e-06
TRINITY_DN428_c9_g1_i10	243.195434062856	-3.9157311553786	1.14028903812795	-3.4339812314667	0.000594785377954586	0.0212149324045617
TRINITY_DN4281_c0_g1_i1	270.721532662189	11.489588867587	3.45581533522382	3.32471146547617	0.000885100827899595	0.0287476066915284
TRINITY_DN4281_c0_g1_i5	291.753254962442	11.5975262031685	3.46474063253665	3.34729996648482	0.000816028571149893	0.0270509149490089
TRINITY_DN429_c3_g2_i7	240.774439736268	-11.4874401132382	3.45151961298845	-3.3282268105937	0.000874006784312263	0.0285032131458192
TRINITY_DN430_c0_g1_i1	83.2187517423522	9.78788783830869	1.61227704994283	6.07084733895813	1.27237099137293e-09	3.92382496456313e-07
TRINITY_DN430_c0_g1_i16	135.726823780163	-10.6607866874358	1.70100777225455	-6.26733567084516	3.67277878475816e-10	1.42358927410319e-07
TRINITY_DN4300_c0_g1_i2	109.27901526176	-3.30713803324191	1.05920573786013	-3.12228107820034	0.00179455516173477	0.0482303823334176
TRINITY_DN4308_c0_g1_i4	175.451003995043	10.8638555409466	3.40673485837112	3.18893485774264	0.00142798052832533	0.0408072298532617
TRINITY_DN4309_c0_g1_i69	155.168851450512	10.6867503002934	1.60654334046637	6.65201493860175	2.89107349511343e-11	1.70832117615451e-08
TRINITY_DN4323_c0_g1_i8	122.932515935409	-10.5178881951308	1.7147782834889	-6.13367237992486	8.58732741936633e-10	2.85438133882247e-07
TRINITY_DN4327_c0_g1_i3	34.9630589367602	-8.70395900687907	1.69445758311341	-5.13672286259673	2.79570764979991e-07	3.83371124835828e-05
TRINITY_DN4337_c0_g1_i25	24.5950886056609	8.02935086282487	1.91703288974025	4.18842624234414	2.80895571596619e-05	0.00176732047719815
TRINITY_DN4339_c0_g1_i1	8.42894935915925	-6.65305609241263	1.77693702233358	-3.74411473720967	0.000181030918631887	0.00823291203582194
TRINITY_DN4345_c1_g1_i19	19.5368977827261	-7.86350353908595	1.7015582526639	-4.62135429496765	3.81243048974559e-06	0.000336459877407075
TRINITY_DN4347_c0_g1_i11	28.3269707838825	8.23332393619944	1.71069742788107	4.81284638768502	1.48795660713899e-06	0.000153328484621989
TRINITY_DN4349_c0_g1_i2	61.8281357630009	9.35914611277601	2.06174633483278	4.53942657962096	5.64074168594011e-06	0.000471445490582164
TRINITY_DN4358_c0_g1_i3	1120.93807826063	13.5393779879517	3.62818654754762	3.73172046434694	0.000190176468976866	0.0085749900083283
TRINITY_DN436_c0_g1_i4	44.0614175028054	-9.03737626193409	1.66835402062092	-5.41694157848501	6.06271394420363e-08	1.021048511743e-05
TRINITY_DN4366_c0_g1_i9	61.4086706823241	-9.51627797009994	1.6916935370409	-5.625296640162	1.85189457188299e-08	3.75255125983138e-06
TRINITY_DN437_c3_g1_i27	121.308387163652	10.3315789578086	1.60903510909696	6.42097795094543	1.35401641324159e-10	6.21802602641781e-08
TRINITY_DN437_c3_g1_i3	116.104557727665	-10.4354014460282	1.75649881649306	-5.94102389824723	2.83247313646259e-09	7.84715787163331e-07
TRINITY_DN4377_c0_g1_i1	22.4955264091491	-8.06629302242029	2.04378489388365	-3.94674265699876	7.92216271543922e-05	0.00419499434748819
TRINITY_DN4380_c0_g1_i31	9.87667023759486	-6.8779065831184	1.79019018413458	-3.84199770732366	0.000122036976504811	0.00597790170475564
TRINITY_DN4382_c1_g1_i1	30.6102162498514	-8.51263985117687	1.70957119982323	-4.97940059592549	6.37815017246842e-07	7.6337242673263e-05
TRINITY_DN4382_c1_g1_i3	34.3325670132378	8.5103812006735	1.67562618146424	5.07892589338556	3.79574722618769e-07	4.95723414402484e-05
TRINITY_DN4383_c0_g1_i4	8.83546480211019	-6.72143759637279	2.14071637329339	-3.13980762712259	0.00169058810965232	0.0461555134376095
TRINITY_DN4386_c0_g1_i14	98.5232868732645	-10.1985920861592	1.62698098758049	-6.26841503619884	3.64741546705903e-10	1.42027332781361e-07
TRINITY_DN4386_c0_g1_i3	5.71884388436034	-6.09252757480723	1.76698902201707	-3.44797137893501	0.000564813885100683	0.0203260833318729
TRINITY_DN4387_c0_g1_i16	32.3494149357812	-8.5921519510811	1.93702060370486	-4.43575661231856	9.17494639616449e-06	0.000695304592451217
TRINITY_DN4388_c1_g1_i2	128.800273158051	-10.5850435834602	1.63421492552061	-6.47714288871039	9.34756655273521e-11	4.5393717159369e-08
TRINITY_DN4397_c0_g1_i1	39.3807633225226	-8.8757420176523	1.63725104773019	-5.42112465278751	5.92252423465414e-08	1.0049025156221e-05
TRINITY_DN44_c0_g1_i12	38.4266672524002	8.67317628546047	2.33908786851334	3.70793094274517	0.000208959618988057	0.00926373026508543
TRINITY_DN44_c1_g1_i3	36.9683080793393	-8.78374475585307	2.34226054808315	-3.75011429152981	0.000176753990271182	0.00808190404217226
TRINITY_DN44_c1_g1_i8	24.5850428282804	6.0797075378055	1.51332224879728	4.01745731461846	5.88294874157513e-05	0.00327814502245547
TRINITY_DN44_c2_g1_i3	41.6700965729178	-8.9568515940642	1.97798451556106	-4.52827184621492	5.94680444487192e-06	0.000492640276453713
TRINITY_DN4403_c0_g1_i2	15.4381350332743	-6.54547401984157	1.65442689054083	-3.95633923581951	7.61070645004938e-05	0.00405223360816807
TRINITY_DN4406_c0_g1_i22	1259.98920580928	-13.8752597101146	1.59882712161094	-8.67839901047852	4.01378724117556e-18	3.76841104783169e-14
TRINITY_DN4406_c0_g1_i25	1295.20501154356	-13.9150319196198	1.6242641278044	-8.56697607330001	1.06237955519832e-17	8.97689476551475e-14
TRINITY_DN4411_c0_g2_i3	13.613742937619	-5.46578490042241	1.41097424232052	-3.87376660500424	0.00010716605037517	0.00537726658230471
TRINITY_DN443_c1_g1_i1	33.9353932593622	8.49396764821135	1.71664618643865	4.94800135014014	7.49793890450191e-07	8.72673335471904e-05
TRINITY_DN443_c1_g1_i5	6.62113520910774	-6.30296099287687	1.75117464480654	-3.59927606967675	0.000319104284422473	0.0131376369103565
TRINITY_DN4439_c0_g1_i2	5.26709608799314	-5.97597223183875	1.84857376452859	-3.23274750865172	0.00122605875078785	0.0364558343652562
TRINITY_DN4442_c0_g1_i10	7.86360853741937	-6.55056200876182	1.78977353440962	-3.65999490037304	0.000252220267828795	0.010853361932941
TRINITY_DN4443_c0_g1_i11	123.925552119916	-10.5294497090154	1.72351058937499	-6.10930375126609	1.0006671816844e-09	3.19073115162146e-07
TRINITY_DN4443_c0_g1_i21	22.4456323951603	-8.06340687783403	1.85359433776528	-4.35014647679352	1.36046624036731e-05	0.000969280576547695
TRINITY_DN4443_c0_g1_i4	37.1861184976366	8.625542401955	2.00960630417754	4.29215532615734	1.76947093914383e-05	0.00121262575357482
TRINITY_DN4444_c0_g1_i10	47.5442384354839	4.74869755073986	0.823154180459168	5.76890412934665	7.97886767535142e-09	1.89381562031417e-06
TRINITY_DN4444_c0_g1_i2	69.2205584269268	4.58029959922179	1.17583298631734	3.89536579813694	9.80506396920237e-05	0.00500911907660013
TRINITY_DN4444_c0_g1_i5	38.7331092545217	5.04967314326964	1.30033520169189	3.88336264118623	0.000103021741014489	0.00520019777314354
TRINITY_DN4444_c0_g1_i6	28.4591629283834	4.74186465210942	1.182911366066	4.00863901399425	6.10696854271138e-05	0.00339267999948735
TRINITY_DN4447_c0_g1_i9	22.8308913407654	-8.08792810529721	1.84610520957456	-4.38107647567989	1.1809440943701e-05	0.000858755715026549
TRINITY_DN4449_c0_g1_i11	45.7707284963991	-9.09193451567772	1.7012464945055	-5.34427817781954	9.07780670311906e-08	1.42841063463716e-05
TRINITY_DN445_c1_g1_i17	136.93413160457	-10.6732666842001	2.35820659455255	-4.52601002340308	6.01077301565141e-06	0.000497451810261031
TRINITY_DN4459_c1_g1_i2	12.7682616081366	7.08349631190284	1.68179468252074	4.21186746843903	2.53268132308442e-05	0.00162866443255698
TRINITY_DN4459_c1_g1_i3	22.636838932981	-8.07608253916523	1.6653798571048	-4.84939367118634	1.23839430177973e-06	0.00013195692523554
TRINITY_DN4465_c0_g1_i4	46.9199100500698	8.96110575440887	2.22459785808034	4.02819130741303	5.62075993359128e-05	0.00314740207335054
TRINITY_DN447_c0_g1_i21	968.617101424758	8.7460347579936	1.5362728289123	5.69302183400971	1.24810418976643e-08	2.73218414059285e-06
TRINITY_DN4470_c0_g1_i3	11.8737156772628	6.97862461539738	1.7086691754535	4.08424563142551	4.42202360379311e-05	0.0025715908497819
TRINITY_DN4480_c0_g2_i9	41.1958699875224	8.77337645536549	1.83926530724734	4.77004400659075	1.84185676937879e-06	0.000183313561011742
TRINITY_DN4489_c0_g1_i14	8.47748369378578	-6.65953758992461	1.89719707542676	-3.5101981107717	0.000447772943857663	0.0169515762589986
TRINITY_DN449_c0_g1_i3	9.47871550898064	-6.82293923720122	1.79671236928406	-3.79745770878171	0.000146187707909568	0.00694354634229494
TRINITY_DN449_c0_g1_i5	785.729833849548	10.3312320819166	2.40848931089452	4.28950713427893	1.79070061428979e-05	0.0012241959587885
TRINITY_DN44932_c0_g1_i5	8.57393575286834	6.50791266112824	1.98638337575621	3.27626214584618	0.00105190874456284	0.0324897064890884
TRINITY_DN45_c1_g1_i12	21.9352392239161	7.86434132617347	1.69562519468862	4.63801867936838	3.51765001754007e-06	0.000314866939811548
TRINITY_DN45_c1_g1_i16	17.4334563064399	-7.70093509722789	1.7288174047219	-4.45445255016199	8.41075269231538e-06	0.000652010808252537
TRINITY_DN4501_c0_g1_i9	8.10376533289111	6.42729327730216	1.88980680570415	3.40103192448147	0.000671319873651112	0.0232480273294146
TRINITY_DN4505_c0_g1_i10	4.84111663394413	5.68476601426522	1.79394016778737	3.16887158019142	0.00153031995038806	0.0429381311000736
TRINITY_DN45084_c0_g1_i1	9.02494048004372	-6.7496703681392	1.70198161117946	-3.96577161809741	7.31588874602461e-05	0.00392992986180284
TRINITY_DN4515_c0_g1_i4	29.1955439379409	8.27650977033852	1.77097820891525	4.67341141109128	2.96237515990806e-06	0.000272971402684745
TRINITY_DN4515_c0_g1_i9	16.6823562261469	5.57734738479854	1.49606938896142	3.72800046973112	0.000193005018489089	0.00867968729564602
TRINITY_DN4517_c0_g1_i3	15.5945161914048	7.37214559827526	1.67650632181346	4.3973264534433	1.0959244910974e-05	0.000808057832886106
TRINITY_DN4517_c0_g4_i1	28.100475152436	-4.67024672481324	1.40483980801417	-3.32439805461871	0.000886096229988159	0.0287476066915284
TRINITY_DN4517_c1_g2_i2	7.53694528144695	-6.4895981009231	1.82382467546701	-3.55823571652322	0.000373354192411317	0.0148529578862389
TRINITY_DN4525_c0_g1_i4	115.440982991701	-10.4269514429304	3.33730184005329	-3.12436571298086	0.00178188835828578	0.0480114863762607
TRINITY_DN4530_c0_g1_i7	12.8732705759386	-6.28552345307846	1.90882074544321	-3.29288303686107	0.000991657186161446	0.0311382567507506
TRINITY_DN4535_c1_g3_i1	18.7784802476732	4.31940970256923	1.32406399340351	3.26223636024281	0.00110536937266399	0.0336460739378104
TRINITY_DN4543_c0_g1_i4	54.7798826541842	-9.35130644789654	1.69016820957532	-5.53276673583051	3.15218557483314e-08	5.85392036708243e-06
TRINITY_DN4549_c1_g4_i3	19.4948969298666	-7.86176510953484	1.68489698670682	-4.66602122952389	3.07087987180882e-06	0.000281130235545073
TRINITY_DN4555_c0_g1_i6	710.251357750446	12.8812169745005	1.81965123968604	7.07894825863611	1.45252601018961e-12	1.57353260011541e-09
TRINITY_DN4555_c0_g1_i7	353.727732742045	-12.0426012040099	1.62766601271351	-7.398693042643	1.37531351034546e-13	2.83442051212612e-10
TRINITY_DN4559_c0_g1_i7	56.2171297291668	9.22202684596205	1.79132427774527	5.14816159225497	2.63051837785841e-07	3.6319206191549e-05
TRINITY_DN4567_c1_g1_i1	21.1892309182625	-6.05729724189393	1.92603203881001	-3.14496182817208	0.00166108502031151	0.0456301567120554
TRINITY_DN4574_c0_g1_i2	26.0808905352621	5.52932402512128	1.62524424907661	3.40214957121848	0.000668580361066476	0.0232006995274723
TRINITY_DN4578_c0_g1_i3	31.8338891713585	-3.95016673546479	1.20606224829858	-3.2752594163671	0.00105564986723948	0.0325548549204387
TRINITY_DN4579_c0_g2_i6	31.5307584634168	-8.55503004608719	1.63923793901301	-5.21890681180683	1.79982286295871e-07	2.58641891622933e-05
TRINITY_DN4582_c0_g1_i3	20.8334026670334	7.78951597782925	1.8399452836023	4.23355849070615	2.30022321065849e-05	0.00150088232319862
TRINITY_DN4584_c0_g1_i1	34.7193432105617	-4.776653643594	1.48138988380431	-3.22444057153085	0.00126219051043447	0.037174128180792
TRINITY_DN4592_c0_g2_i1	18.349125417472	-7.77476127502286	1.87994677974077	-4.13562839055207	3.53984632189586e-05	0.00213666295650808
TRINITY_DN4597_c0_g1_i3	129.614978873255	-10.5942280908425	1.62515752871482	-6.51889303261606	7.08281386422621e-11	3.67167856379992e-08
TRINITY_DN460_c0_g1_i3	304.029920415347	-11.8241451622453	1.6305270884819	-7.25173181468216	4.11476023652411e-13	6.20873232974669e-10
TRINITY_DN460_c0_g2_i3	1835.09427495626	-4.17241732995331	1.29251404381261	-3.22814080816149	0.00124597626411584	0.0368207645350259
TRINITY_DN4600_c0_g1_i12	56.0972501362192	-9.38589304339229	1.68196440430304	-5.58031609906844	2.40081870756611e-08	4.69593470259077e-06
TRINITY_DN4601_c0_g2_i2	77.855452336016	-4.57372090888446	0.981623036242227	-4.65934553287708	3.17216333239781e-06	0.000289461616912473
TRINITY_DN4605_c0_g1_i5	6.51069894682719	5.11705844235325	1.58157430538423	3.23542082400618	0.00121463566983499	0.0361515621097983
TRINITY_DN4607_c1_g1_i2	8.3851471657589	-6.64322205694384	1.71021110187153	-3.88444563929796	0.000102563636464656	0.00519121468791195
TRINITY_DN4613_c1_g1_i2	6.96594974621404	6.20955168575467	1.81682976552127	3.4177949985166	0.000631306380352265	0.0222174621103731
TRINITY_DN4618_c0_g1_i17	38.3667918806378	8.67086271289376	2.40502483631405	3.60531108950325	0.000311779221650979	0.012905765897307
TRINITY_DN4622_c0_g1_i3	190.996147897142	-11.153546912437	1.96061272311629	-5.6888067597098	1.27930135016631e-08	2.79324045184373e-06
TRINITY_DN4622_c0_g1_i9	58.5040449490961	9.2793239238153	2.20869196306946	4.20127572290327	2.65415102084199e-05	0.00169133071613202
TRINITY_DN4625_c0_g1_i5	261.690330046061	11.4406418294891	3.44928607872114	3.31681442721355	0.000910500709051736	0.0292975966920996
TRINITY_DN4628_c0_g1_i3	189.537812562846	10.9752763046945	3.41130222401763	3.21732745560388	0.00129390828284398	0.0378700649396978
TRINITY_DN463_c0_g1_i19	169.068759641218	10.8105008874246	1.65910298376867	6.51587092132667	7.22691022194969e-11	3.72353329228235e-08
TRINITY_DN4638_c0_g1_i12	16.2648649418266	7.43236225062973	1.71639577162842	4.33021472872677	1.48964011443888e-05	0.00104715756937035
TRINITY_DN4638_c0_g1_i25	13.9156491595191	-7.37597493266628	1.81316331221487	-4.06801465867746	4.74153992020967e-05	0.00273108820843815
TRINITY_DN4644_c0_g1_i5	51.1648615495143	-9.25259025098031	1.93368703093896	-4.78494715170502	1.71032328762934e-06	0.000173909623535625
TRINITY_DN465_c1_g1_i5	17.3806271645768	-7.69596337559151	1.93183242556542	-3.98376343296909	6.78324000366126e-05	0.00370468425067994
TRINITY_DN4654_c0_g1_i7	29.5648714185055	-8.46258165147158	1.74248090803581	-4.85662804822975	1.19401578776885e-06	0.000128524772018971
TRINITY_DN466_c0_g1_i10	50.8009512576467	4.00731809331646	1.16307242636621	3.44545877150276	0.000570090925525596	0.0204636971219464
TRINITY_DN466_c0_g1_i11	320.076664196231	5.15200124359018	1.63548708278555	3.15013264110612	0.00163196351344179	0.0450793242755163
TRINITY_DN466_c0_g1_i4	24.1575111454911	6.13093528558067	1.40644011679043	4.35918686646382	1.30546604978713e-05	0.000936411462435592
TRINITY_DN466_c1_g1_i11	28703.6316193988	4.73254424176346	0.888811074640418	5.32457839105805	1.01187457984531e-07	1.55740215387558e-05
TRINITY_DN466_c1_g1_i2	5774.59331460568	4.98447209611218	1.49961184858987	3.32384149991828	0.000887866422120076	0.0287634182181836
TRINITY_DN466_c1_g1_i3	85140.4824481573	3.90869601608729	0.712470926325218	5.48611300709147	4.10874107095715e-08	7.37113382194771e-06
TRINITY_DN466_c1_g1_i4	46595.9332335366	6.66075775760536	0.676628815972766	9.84403501649484	7.27338355983073e-23	2.04862121346192e-18
TRINITY_DN466_c1_g1_i6	13534.7079252265	5.60567645354819	1.7126084597571	3.27318040595411	0.00106344578070049	0.0326997967895305
TRINITY_DN466_c1_g1_i8	62.4686858984796	5.6029253071076	1.62301299113169	3.45217526767965	0.00055608638496738	0.0200718442362126
TRINITY_DN4660_c0_g1_i4	79.9600292565787	9.73023264449535	1.6743794297362	5.81124712337654	6.20091469199959e-09	1.52225344399502e-06
TRINITY_DN4660_c1_g1_i5	26.4567562352138	8.13473405267558	1.65219190977689	4.92360118975168	8.49659091009006e-07	9.68886556978124e-05
TRINITY_DN469_c0_g1_i20	172.413861862827	-11.0056261398122	3.40073001136467	-3.23625401106036	0.00121109560445204	0.0360843287676264
TRINITY_DN469_c0_g1_i24	1221.27360996326	-13.8301380450003	2.55542654211699	-5.41206636820128	6.23015879261435e-08	1.04244744090758e-05
TRINITY_DN4692_c0_g1_i4	9.10044182920032	-6.76130659149004	1.73933302448911	-3.8872984622804	0.000101366087504949	0.00514428328047639
TRINITY_DN4696_c0_g1_i3	33.761743728104	8.48633926662091	1.69370056535705	5.01053104675083	5.42800401288771e-07	6.66650411454922e-05
TRINITY_DN4699_c0_g1_i7	595.021949357005	12.6258458430695	1.7394080541361	7.25870264487207	3.90820554940015e-13	6.07763129608908e-10
TRINITY_DN47_c0_g1_i12	96.8729235688914	10.0071475822461	1.83710211731114	5.44724622978115	5.11556242570565e-08	8.87586845682292e-06
TRINITY_DN4706_c0_g1_i15	51.0266788570236	-2.63991149685902	0.826373875163632	-3.19457279108234	0.00140037965469198	0.0402479869565541
TRINITY_DN4706_c0_g1_i22	540.417864151962	-12.6540282469699	1.95814470391344	-6.46225389864205	1.03154826325843e-10	4.95248665618243e-08
TRINITY_DN4706_c1_g2_i1	10.528481658802	-6.97421623916572	1.95338563382796	-3.57032227451099	0.000356542296730763	0.0143325932393701
TRINITY_DN4707_c1_g1_i2	5.348307954334	-5.99392039628003	1.86558008384506	-3.21289900561451	0.00131402486879162	0.038247493407907
TRINITY_DN4713_c0_g2_i7	8.01574502306597	-6.5774499080104	2.01047724556168	-3.27158634723708	0.00106945925031268	0.0328704942085419
TRINITY_DN4718_c0_g1_i39	14.5514440392499	-7.43831389993382	2.15277610030806	-3.45521947167167	0.000549845045375295	0.019940260362284
TRINITY_DN472_c0_g1_i3	55.77509792144	9.21052230689907	2.57914578260306	3.5711522663923	0.000355414187959882	0.0143014941676269
TRINITY_DN472_c0_g1_i7	528.097602613732	-12.6205394042739	3.52680078059453	-3.57846677184482	0.000345615798210102	0.0140066396724974
TRINITY_DN4729_c0_g1_i13	24.7352518953586	-8.20436739289148	1.65564777783794	-4.9553821185357	7.21882780239284e-07	8.46014579260181e-05
TRINITY_DN4729_c0_g1_i2	28.7084051925393	-8.41890408544431	1.69621741358268	-4.96334020511101	6.92910529763517e-07	8.17213224641653e-05
TRINITY_DN4730_c0_g1_i29	9.80297022897908	-6.8717932955784	2.08779327379148	-3.29141461553762	0.000996848728133091	0.0312200607226797
TRINITY_DN4731_c0_g1_i11	20.2294353081523	-7.91454663844104	1.77605672842872	-4.45624653298266	8.34071103623555e-06	0.000648962616150857
TRINITY_DN4731_c0_g1_i24	10.2363804377096	6.76496015272407	2.06944792038851	3.26896854280539	0.0010794030118575	0.0330701217171627
TRINITY_DN4733_c0_g1_i3	15.5324291752473	7.36614919551731	1.69192728082924	4.35370318747212	1.33856912638052e-05	0.000956907056183596
TRINITY_DN4734_c0_g1_i16	16.4027842419784	7.44491665809803	1.65608014647148	4.49550504784476	6.94050116202456e-06	0.000562280409576943
TRINITY_DN4739_c0_g1_i2	51.1130429389505	-5.36123519977067	1.25604980919605	-4.26833009369445	1.96941749394736e-05	0.00133129471522851
TRINITY_DN4742_c0_g1_i5	140.448746273949	-10.7097853738187	3.38001238039151	-3.16856394844867	0.001531940436179	0.0429482093484581
TRINITY_DN4745_c0_g1_i2	4932.04570156186	-3.60989936913488	0.882445480798768	-4.0907902501436	4.29905810364617e-05	0.00250698282706621
TRINITY_DN4748_c0_g1_i5	65.2304490517704	-6.75485071174123	1.94832431754056	-3.46700528804574	0.000526291536091212	0.0193518634537142
TRINITY_DN4759_c0_g1_i2	223.526168190998	11.2132298910173	3.43003979067039	3.269125309134	0.00107880513406179	0.0330701217171627
TRINITY_DN4762_c0_g1_i4	20.6390124223645	7.77597782781322	1.75493848321473	4.43091191069503	9.38354185456552e-06	0.000709839319272227
TRINITY_DN4763_c0_g1_i10	37.0444482592972	8.62040618970639	2.05210228870964	4.20076827414236	2.66010751356174e-05	0.00169384901794228
TRINITY_DN4769_c0_g1_i13	23.8433899045644	7.98474704903763	1.66265669472005	4.80240272955571	1.56772981177324e-06	0.00016115575868031
TRINITY_DN4769_c0_g1_i14	41.3407844388743	-8.94575688127089	1.63573510777607	-5.46895205632253	4.52704172190718e-08	8.00263538530779e-06
TRINITY_DN4769_c0_g1_i7	16.5835940428943	-7.62655483979901	1.93670731453312	-3.93789747297854	8.21987004893942e-05	0.00432210690351763
TRINITY_DN4771_c0_g1_i11	23.5089512434231	7.96408185050236	1.81894666895788	4.37840316399446	1.19552039721446e-05	0.000867116588187359
TRINITY_DN4780_c0_g1_i9	599.384884065812	-12.8032161938525	3.53854183939878	-3.61821811778487	0.00029663835110419	0.0123779493291861
TRINITY_DN4806_c0_g1_i1	54.6559879317082	-9.34807502418066	1.73865832262554	-5.37660269561426	7.590441284383e-08	1.2429788907903e-05
TRINITY_DN4810_c0_g1_i12	40.476386676524	8.74812783694398	2.02796018249004	4.31375719921806	1.60503215510729e-05	0.0011125677361957
TRINITY_DN4810_c0_g1_i30	45.9798580742412	8.93203781748388	2.10710442449186	4.239010517781	2.24507141085863e-05	0.00147514808767288
TRINITY_DN4813_c0_g1_i6	6.2137501868915	6.04464373011173	1.85828724694926	3.2528037525066	0.00114272388414901	0.0344659003884861
TRINITY_DN4818_c0_g1_i4	12.2588327045981	6.0396098613917	1.55654660076311	3.88013430399753	0.000104398802176509	0.00526341884624743
TRINITY_DN482_c0_g1_i6	33.9685160147077	-8.66219012490834	1.6365899756352	-5.29282853608238	1.20438833818178e-07	1.814053579317e-05
TRINITY_DN4826_c0_g1_i7	9.8244844098566	6.70509223916626	2.12201023688953	3.15978317286286	0.00157886589950241	0.0439610001153623
TRINITY_DN4830_c0_g2_i2	17.9397891097115	7.57437451109444	1.74086821884314	4.35091779441402	1.35568875375856e-05	0.000967508347255832
TRINITY_DN4830_c1_g1_i2	129.637036699239	-10.5942156797266	3.37206579907582	-3.14175829031275	0.00167936611178648	0.0459966632980332
TRINITY_DN4832_c2_g1_i1	29.4293543425796	-8.45478703755692	1.90170504764806	-4.44589819436688	8.75253934498552e-06	0.000669295990563427
TRINITY_DN4836_c0_g1_i12	90.6665863795465	9.91147474815464	2.19813500019944	4.50903822888737	6.51221746185099e-06	0.000532690562528059
TRINITY_DN4836_c0_g1_i26	54.5052400255603	-9.34402048285377	1.82750738676005	-5.11298643745544	3.17105073720959e-07	4.2666790635786e-05
TRINITY_DN4851_c1_g1_i1	12.3828029109103	-7.2062503689729	1.71078445602569	-4.21224914897442	2.52840435100595e-05	0.00162715240556969
TRINITY_DN4852_c0_g1_i1	118.57647228471	2.56602303446421	0.738366780452421	3.47526879918937	0.000510341696857733	0.0188886783622798
TRINITY_DN4866_c0_g1_i12	60.4683657868059	9.32712764566359	1.77290825993848	5.260919505213	1.43336778207461e-07	2.10637757999548e-05
TRINITY_DN4873_c0_g1_i1	5.93055443559774	-6.14685773886646	1.82003699747872	-3.377325706775	0.000731943233939736	0.0248884263104386
TRINITY_DN4877_c0_g1_i14	17.5897496588853	7.54546738355311	1.71120271696531	4.40945266668021	1.03632205394919e-05	0.00076967085603153
TRINITY_DN4880_c0_g1_i6	257.913424139751	-11.5868194298598	1.8698602516786	-6.19662320724673	5.76873761680293e-10	2.08310594506245e-07
TRINITY_DN4882_c0_g1_i11	787.342376991761	3.2591522070212	0.70462259113951	4.62538704833538	3.73899523067656e-06	0.000331171508387535
TRINITY_DN4882_c0_g1_i12	76.0307386410084	-9.82428709850787	1.84444751789054	-5.32641184051891	1.00171864589516e-07	1.54740808301369e-05
TRINITY_DN4882_c0_g1_i20	6.8370782234042	6.18238350042306	1.74205068404845	3.54891138187522	0.000386827239477562	0.015209924653967
TRINITY_DN4882_c0_g1_i30	15.3245272772493	7.34725013724943	2.05350187977851	3.57791254519908	0.00034634929056308	0.0140296367948222
TRINITY_DN4882_c3_g1_i2	5.47677940666083	-6.02583778227461	1.8537433013142	-3.25063226283953	0.00115148693593039	0.034687466350177
TRINITY_DN4884_c0_g1_i16	276.199823806794	-11.6856026712712	1.61521823339699	-7.23468967205446	4.66594819729646e-13	6.91689983816064e-10
TRINITY_DN489_c1_g1_i2	30.361759251692	-8.5001096397965	1.63143463696686	-5.21020545181007	1.88631629087632e-07	2.67882275540281e-05
TRINITY_DN4896_c0_g1_i1	182.5105155066	-5.91262574773343	1.87454524419401	-3.15416539880618	0.00160957834325425	0.044606805788225
TRINITY_DN4897_c0_g1_i13	11.992075470242	-6.17921257688311	1.54208570572357	-4.00704873532548	6.14821803076949e-05	0.00340937355066554
TRINITY_DN4897_c0_g1_i4	16.6680788410161	7.46814731231293	1.72094081866602	4.33957241952215	1.42760215633557e-05	0.00100945210883718
TRINITY_DN4897_c0_g1_i9	12.4208945871264	-7.21235392205332	1.79067466215637	-4.02772992463525	5.63179826209e-05	0.00315149463278199
TRINITY_DN49_c0_g1_i37	225.238295803321	-11.3912019241423	3.43134915967829	-3.31974433205458	0.000900999220923135	0.0290705644139375
TRINITY_DN4900_c0_g1_i13	170.110763981681	10.8193666233454	1.6181726583916	6.68616328871817	2.29097393949322e-11	1.45217706421564e-08
TRINITY_DN4900_c0_g1_i5	200.064528696599	3.71118538290325	0.993188113020239	3.73663894508132	0.000186496414229454	0.00844510932988234
TRINITY_DN4907_c0_g1_i4	209.229359620993	-11.2848547084887	3.41315904933227	-3.30627859568876	0.00094544034364919	0.0300443091980704
TRINITY_DN491_c0_g1_i2	29.0129850997388	8.26790754990853	2.17778225863984	3.79648034926704	0.000146764990623802	0.00696313766295901
TRINITY_DN491_c4_g1_i2	26.3187301918172	-8.29459987752095	1.65833107514748	-5.0017755813828	5.68046930153617e-07	6.93624703816768e-05
TRINITY_DN4915_c0_g2_i1	18.0317854826448	-7.74855471335238	2.13168868719501	-3.63493729637809	0.000278048254405556	0.0117708023049903
TRINITY_DN4923_c0_g1_i12	103.481153425211	-10.2690256181563	1.75369231274642	-5.85565982328691	4.75119853921132e-09	1.23528238205009e-06
TRINITY_DN4923_c0_g1_i7	167.79779585406	10.7995955378757	1.72144414990015	6.2735671897936	3.52868546830815e-10	1.38682262651675e-07
TRINITY_DN4926_c0_g3_i7	12.1630659308955	7.01345340069052	2.1297331402773	3.29311370896795	0.000990843933321405	0.0311358611668992
TRINITY_DN493_c0_g1_i1	99.1731106659486	6.92229839102364	1.43197107574301	4.83410489798604	1.33746051874762e-06	0.000140913639542565
TRINITY_DN493_c0_g1_i7	45.7323701657615	8.92419540979809	2.16711433295658	4.11800857669694	3.82160476698965e-05	0.00227567272446153
TRINITY_DN493_c0_g2_i1	29.9395532591148	-2.31204195391517	0.695181829940876	-3.32580895290633	0.000881623340176555	0.0286741374127169
TRINITY_DN495_c1_g1_i12	23.4570954268048	-8.12705312632577	1.78577288343915	-4.55100041091126	5.33914438277155e-06	0.000451147022055431
TRINITY_DN4954_c0_g1_i3	15.8004652993967	-7.55737989062162	1.69623700654322	-4.45537967953126	8.37448530490776e-06	0.000650392701557073
TRINITY_DN4954_c1_g1_i11	6.95012207033236	-6.37110237770455	1.78452895138994	-3.57018717614091	0.000356726236380601	0.0143331685790243
TRINITY_DN496_c0_g1_i2	428.106322061792	12.1507398076742	3.50216422556074	3.46949458251881	0.000521438583539616	0.0192236114449958
TRINITY_DN496_c1_g1_i33	320.830496174623	11.7345885145529	3.47158958045269	3.3801773633111	0.000724390674126017	0.0247211482965671
TRINITY_DN496_c1_g1_i39	210.725251024849	-11.2952035270837	2.06065023700389	-5.48137831653882	4.22024944315108e-08	7.52326239340465e-06
TRINITY_DN4970_c0_g1_i75	32.2240441455833	-8.5855623953805	1.70210146286469	-5.04409553877635	4.55671594380566e-07	5.75854507025625e-05
TRINITY_DN4986_c1_g1_i11	15.3375223606899	-7.51432974830621	1.67788060461503	-4.47846511106806	7.51816547584664e-06	0.000598746415059462
TRINITY_DN4990_c0_g2_i2	17.394433504249	-5.80489069599602	1.65876522011926	-3.49952520440395	0.00046608753877578	0.017418604534045
TRINITY_DN4994_c0_g1_i12	25.8322071505124	-8.26735984106143	1.76205909800291	-4.69187432500507	2.70713411600177e-06	0.000255298458185175
TRINITY_DN50_c0_g1_i4	26.1348801003462	-8.2845879334078	2.00159619226783	-4.13899065426441	3.48837158544006e-05	0.00211146434259681
TRINITY_DN5006_c0_g1_i3	46.0340866731782	7.96658177055287	1.64935334528377	4.83012435954542	1.36447802847286e-06	0.000142869472676455
TRINITY_DN501_c0_g1_i11	49.3061178989582	9.03277262382293	1.87417356082198	4.81960305739311	1.43844132961173e-06	0.000148939096647498
TRINITY_DN501_c0_g1_i41	56.5854480068259	-9.39872454810396	1.66853346703827	-5.63292540052382	1.771781124167e-08	3.63378547159863e-06
TRINITY_DN5014_c0_g1_i10	17.2026574517336	-7.68129161435199	1.67600206047869	-4.58310392062293	4.58124214999148e-06	0.000393800406093571
TRINITY_DN5014_c0_g1_i15	14.2661045390616	7.24359678890575	1.76957099672871	4.09341970584764	4.2505731293811e-05	0.00248385150958813
TRINITY_DN5014_c0_g1_i6	15.9421478100819	6.42809436744989	1.65383254197404	3.88678672374969	0.00010157992745382	0.00515204124249273
TRINITY_DN502_c0_g1_i2	11.434471296204	5.94342757943783	1.65010395343747	3.60185039679262	0.0003159601846212	0.013042503019112
TRINITY_DN5022_c0_g3_i3	4.20042427864789	-5.64783876952476	1.81112431480682	-3.11841584995074	0.00181826056082787	0.0486728021369015
TRINITY_DN5024_c0_g1_i14	14.3575470428408	-7.41891061203587	1.69268143797453	-4.3829337556353	1.17091725595462e-05	0.000852197814760153
TRINITY_DN5031_c0_g1_i1	31.1039250577198	8.36800647163041	1.81322845669645	4.61497636479641	3.93140053863486e-06	0.000345080500590946
TRINITY_DN5031_c0_g1_i11	91.402475472235	9.92315326303647	2.19279952825366	4.5253353693209	6.02998064778817e-06	0.000498553135789437
TRINITY_DN5031_c0_g1_i7	79.2196573403535	-7.97187497248504	2.14990639075345	-3.70801026815463	0.000208894187774022	0.00926373026508543
TRINITY_DN5036_c0_g1_i3	8.62164778416941	6.51719701414193	1.8881444984686	3.45164102611202	0.000557188489937476	0.0201030371574453
TRINITY_DN5036_c0_g1_i4	8.9156278118394	-6.73305149668961	1.70944421075423	-3.93873719559346	8.1911590822649e-05	0.0043123773217023
TRINITY_DN5037_c0_g1_i2	10.7242839390695	6.83250409212014	1.98831569138789	3.43632760215803	0.000589657493342205	0.0210676020602239
TRINITY_DN5039_c0_g1_i1	9.53297649088352	-5.84551018841273	1.60713725515711	-3.63721901763847	0.000275597576965732	0.0116904839650856
TRINITY_DN504_c0_g1_i13	158.665525825233	10.7187862836556	3.3943812839451	3.15780267065277	0.00158963121551951	0.0441844271213708
TRINITY_DN504_c0_g1_i15	394.064051247262	12.0313133683419	1.79963946603482	6.68540204602803	2.30291517674851e-11	1.45217706421564e-08
TRINITY_DN5047_c0_g1_i1	120.290341850583	-10.4862827214706	3.37306968681861	-3.10882480799291	0.00187833058840884	0.049962595770124
TRINITY_DN5048_c0_g1_i7	15.3510529010586	7.34891765295675	2.14434908397894	3.4271088172456	0.000610044553472949	0.0216115840722199
TRINITY_DN5051_c0_g1_i2	8.59107671915847	-6.68149882073316	1.83897711888726	-3.63326914299839	0.000279852837314969	0.0118294172323363
TRINITY_DN5051_c0_g1_i5	8.27703876554156	-6.6239109122573	1.74969430929675	-3.78575324675979	0.000153243680024351	0.00721380750679533
TRINITY_DN5054_c0_g1_i2	5.65010190899965	-6.07616201959128	1.79798684883516	-3.37942517406497	0.000726375772624968	0.0247788857631266
TRINITY_DN5056_c0_g1_i12	6.42098238790518	6.09138297459771	1.85066574558682	3.29145497458062	0.000996705704782793	0.0312200607226797
TRINITY_DN5056_c0_g1_i13	56.7967168968848	-9.40376085877949	1.62609617604418	-5.78302870230966	7.33675390219021e-09	1.77392095240544e-06
TRINITY_DN5058_c0_g1_i10	7.5341094275906	6.32187458313495	1.95913309441159	3.22687345804532	0.00125150794433994	0.0369367510586224
TRINITY_DN5063_c0_g1_i7	22.2682597548708	-8.0531871768647	1.64354673336343	-4.89988329104843	9.58936013096618e-07	0.000106475920150641
TRINITY_DN5067_c0_g1_i17	164.04920398531	-9.97083238845248	1.98522363592017	-5.02252351223438	5.09969518705394e-07	6.31838774069918e-05
TRINITY_DN5069_c0_g1_i9	6.51407566550205	-6.2810695560987	1.76876310104592	-3.55110842847441	0.000383612343184227	0.0151540326200939
TRINITY_DN5072_c0_g1_i4	552.138838882496	-12.6849382603225	1.62215837413378	-7.81979026375656	5.29114204956347e-15	1.781428605864e-11
TRINITY_DN5072_c0_g1_i6	649.558962978072	5.78277040302511	1.26064852823133	4.58713929657955	4.49360875209939e-06	0.000387845712293048
TRINITY_DN5082_c0_g1_i10	76.8618718123117	9.67319627500667	1.74150457918361	5.55450521958509	2.78399195524308e-08	5.30149416370266e-06
TRINITY_DN5083_c0_g1_i8	8.82569981978649	-6.71535069384745	1.80062423838759	-3.72945701311943	0.000191892838392814	0.00864776589787522
TRINITY_DN5087_c0_g1_i6	38.4852313715711	-8.84259111985169	1.65320952433338	-5.34874194087244	8.85677204139427e-08	1.40145978268489e-05
TRINITY_DN5090_c0_g1_i3	7.18878591228975	6.25567559761425	1.84604802828979	3.38868518139781	0.000702285903448506	0.0240932822856646
TRINITY_DN5095_c0_g1_i3	63.8916252507463	9.4065350716118	1.65169613378961	5.69507603679479	1.23316950849768e-08	2.71342409283506e-06
TRINITY_DN510_c1_g3_i2	6.17735105452344	-6.20195657558381	1.74822118644072	-3.54758117776313	0.000388785920595841	0.0152514543725661
TRINITY_DN5106_c0_g1_i3	54.2886274716532	-9.33834064237836	1.65537438543665	-5.64122577015417	1.68843790857997e-08	3.48825492418559e-06
TRINITY_DN5107_c0_g1_i1	14.095871996961	-7.39442320740874	1.93187823574667	-3.82758243795361	0.000129408048556051	0.00627350618869145
TRINITY_DN5112_c2_g1_i5	6.64480024242751	-6.30781946666999	1.74071784659268	-3.62368862881313	0.000290431216342851	0.0121609796424867
TRINITY_DN5114_c0_g2_i1	14.0073717391055	-6.40641751217257	1.54469832807295	-4.14735835194743	3.36333422552875e-05	0.0020475145200917
TRINITY_DN5120_c0_g2_i1	9.66248066972991	-6.84841303284651	1.71933604848704	-3.98317306199268	6.80011985230962e-05	0.00370468425067994
TRINITY_DN5120_c1_g1_i13	894.387102390495	6.77222331798288	1.84434839103867	3.67187856203731	0.00024077409357461	0.0104279494407316
TRINITY_DN5124_c2_g1_i13	14.2817493210018	-7.41334539264446	1.79647834728551	-4.12659880028395	3.68167869858601e-05	0.00220790977056864
TRINITY_DN5131_c0_g1_i1	5.67053544176272	-6.075911511127	1.86328857531634	-3.26085373549583	0.00111077321545043	0.0337531521451433
TRINITY_DN5138_c0_g1_i5	45.0052095324557	8.9009973831256	1.63315804255909	5.4501751521721	5.03202371552122e-08	8.74888765255375e-06
TRINITY_DN5139_c0_g1_i3	22.0959156284901	-8.04198245493589	1.64336787612558	-4.89359842781869	9.90087612239409e-07	0.000109360030142491
TRINITY_DN5139_c0_g1_i4	61.9070214613622	-6.68663540157942	1.55955580841084	-4.28752556690676	1.80674467684232e-05	0.00123316891521666
TRINITY_DN5143_c0_g1_i7	11.2666613027965	6.90240189136302	1.86414037114809	3.70272646748804	0.000213294814752195	0.00942132005066963
TRINITY_DN5149_c0_g1_i13	19.0122830652052	-7.82389989471134	2.1176871091197	-3.69454952104027	0.000220276962230717	0.00967409706578542
TRINITY_DN515_c1_g2_i5	26.1543703906934	8.11783223699657	1.95643836394913	4.14929107227814	3.33506521459177e-05	0.00203323477996086
TRINITY_DN515_c4_g1_i4	77.6091372793131	-2.71960944402528	0.709784020135913	-3.83160139827396	0.000127311884077094	0.00619509700473731
TRINITY_DN5157_c0_g1_i2	8.3199500816638	6.46490956038024	1.898217432767	3.40577925836265	0.000659755001661437	0.0229415547861679
TRINITY_DN5168_c0_g1_i7	35.7271289393435	-4.81644661359184	1.34372916629416	-3.58438793650288	0.000337869590322597	0.0137520735274946
TRINITY_DN5169_c0_g1_i3	6.50260275767522	6.11033206752384	1.9220071894405	3.17914110888554	0.00147712163156073	0.0417716946531522
TRINITY_DN517_c0_g1_i29	90.8986056179851	9.91525295933043	1.65585100370916	5.98801035668062	2.12423540391126e-09	6.0435570087439e-07
TRINITY_DN5177_c0_g1_i3	14.4383346309484	7.26064375392748	2.12626489292986	3.41474092812715	0.000638427036876713	0.0223944676391258
TRINITY_DN5177_c0_g1_i5	55.5270196020912	6.28577234420369	1.74750200248737	3.59700437267404	0.000321903074196052	0.0132360904931475
TRINITY_DN5177_c0_g1_i8	67.4725742042827	5.98283803300313	1.88408853180927	3.17545483239998	0.00149601809424404	0.0421368456424775
TRINITY_DN51782_c0_g1_i1	15.4925174243495	-2.78010029680446	0.870947640869649	-3.19204067655377	0.0014127143638482	0.0405473975259665
TRINITY_DN518_c0_g1_i5	65.0573205642174	-9.59986306908641	1.74718943820265	-5.49446033680348	3.919069913535e-08	7.06084370050918e-06
TRINITY_DN5185_c0_g1_i10	15.9464394838012	-7.57289123585912	1.84191525161174	-4.11142218906791	3.93229400364941e-05	0.00233009101486934
TRINITY_DN519_c2_g1_i4	70.1460052781888	-9.70830863553453	2.08604227146429	-4.65393667632624	3.25656852662114e-06	0.000296133997154967
TRINITY_DN519_c5_g1_i1	354.200113470904	-8.63415534934711	1.67655380416092	-5.14994229706115	2.60566611151926e-07	3.60349550067357e-05
TRINITY_DN519_c8_g1_i8	14.7795764546809	-4.53237408132921	1.32179760776816	-3.42894710558756	0.000605927603967649	0.0215245512340106
TRINITY_DN5191_c0_g1_i2	137.340553329605	6.81982401958357	1.72798056857457	3.94670179955167	7.92351414067924e-05	0.00419499434748819
TRINITY_DN5191_c0_g1_i3	176.864994156096	-6.20876775540861	1.96434805684485	-3.16072690568961	0.00157375974729545	0.0439021297877093
TRINITY_DN51928_c0_g1_i1	18551.7361348838	5.58578553452811	0.97216685874343	5.74570659788587	9.15379138101512e-09	2.11911524414525e-06
TRINITY_DN5195_c0_g1_i4	12.8764692020883	7.09584111887296	1.67521802952719	4.23577169884906	2.27768107064645e-05	0.00149077842840808
TRINITY_DN5202_c0_g1_i8	7.80619065347901	6.37431952144408	1.86927618597076	3.41004693115146	0.000649517016746865	0.0226882550149139
TRINITY_DN5204_c0_g2_i6	6.27687254871165	6.05854031544461	1.88330072915562	3.21697975349956	0.00129547740468811	0.0378700649396978
TRINITY_DN5204_c1_g1_i5	15.0862194925669	-7.49122532576134	1.66868264190458	-4.48930499882895	7.14559255090063e-06	0.000574957066806188
TRINITY_DN5204_c1_g1_i7	32.2365700671488	-8.58620911568644	1.890555756848	-4.5416323134535	5.58203347411193e-06	0.000467927246523324
TRINITY_DN5207_c0_g1_i10	16.0492891508921	-7.58066900752941	1.66069078430372	-4.56476851631819	5.00045794852479e-06	0.000424651955512007
TRINITY_DN5207_c1_g1_i2	21.8360241576883	7.85760767166718	2.33048221568339	3.37166600920103	0.000747149948849332	0.0252419611716518
TRINITY_DN522_c0_g1_i8	162.356091863495	-10.9189341480044	3.38495218808359	-3.22572773300714	0.00125652826763152	0.0370331794762218
TRINITY_DN523_c0_g1_i1	706.646927373356	3.92485027495836	1.18557597167057	3.31050086096797	0.000931291657095491	0.0297625879127288
TRINITY_DN523_c0_g1_i18	193.256259379684	3.96872978996723	1.06793670841336	3.71625936134698	0.000202194030513177	0.00903489750941429
TRINITY_DN523_c0_g1_i20	326.071841332041	6.02590705453591	1.84003118659215	3.27489397921362	0.00105701634893477	0.032573219348027
TRINITY_DN523_c0_g1_i9	488.782145685849	6.81117948563079	1.70765760421576	3.98860958356979	6.64616997649626e-05	0.00364194598361856
TRINITY_DN523_c0_g2_i1	177.766327435392	4.59684487646391	0.728563147351993	6.30946664427294	2.79998701970626e-10	1.13746780380356e-07
TRINITY_DN5235_c0_g1_i10	17.1016897287164	-7.67089248371925	1.81972768174251	-4.21540682195583	2.49328320897175e-05	0.00160699805180546
TRINITY_DN5235_c0_g1_i11	15.0073312314783	-7.48399593626194	1.68158329662571	-4.45056510211502	8.56446251377893e-06	0.000661040634428073
TRINITY_DN5235_c0_g1_i16	33.2009419656024	8.46198309578227	1.71097103936209	4.9457196534064	7.58630729440834e-07	8.79237116703298e-05
TRINITY_DN5238_c2_g1_i3	4.77372874217066	-5.834327455562	1.84487872765401	-3.16244497164378	0.00156450301204421	0.0436940399497368
TRINITY_DN524_c0_g2_i1	52.0786532925733	-5.78919876580755	1.16793555687905	-4.95677927751205	7.16713186777572e-07	8.41122650782378e-05
TRINITY_DN5252_c0_g1_i2	43.6726886081119	-5.33760661933216	1.71707531705193	-3.10854542391092	0.00188010742497568	0.0499890865939568
TRINITY_DN5253_c2_g1_i13	13.7171125626193	7.18681395535733	1.75150852865959	4.10321379414425	4.07450410131398e-05	0.00240088875559853
TRINITY_DN526_c0_g1_i32	69.7726361585796	-9.70081751351357	1.68048793072135	-5.77261956850206	7.80485227765104e-09	1.85773072607594e-06
TRINITY_DN5263_c0_g1_i1	132.801843298918	-5.85384478174442	1.07583355524861	-5.44121788466773	5.29175436088119e-08	9.12536040787222e-06
TRINITY_DN5268_c0_g1_i2	58.0873577064869	-9.43628333460398	1.6954188885498	-5.56575333584695	2.61022258418094e-08	5.02411362000277e-06
TRINITY_DN5269_c0_g3_i3	5.57812843308226	-6.05323107880982	1.81927820170891	-3.32727071270562	0.000877011291093818	0.0285775231092953
TRINITY_DN5274_c2_g1_i16	7.72633375135123	6.35900802157762	1.74752962787791	3.63885562804425	0.000273852262432098	0.011633971076414
TRINITY_DN5274_c2_g1_i2	24.4554108913825	-8.18873016320667	1.98346396915987	-4.12849957979079	3.65138107023559e-05	0.00219441250122878
TRINITY_DN5287_c0_g1_i5	28.5834079792708	8.24579249419498	2.24038814932998	3.68051959954394	0.000232759166585528	0.0101379814732701
TRINITY_DN529_c1_g1_i3	702.282897796008	-13.0319158066991	2.3386170330725	-5.57248819383549	2.51126515055219e-08	4.88932909427094e-06
TRINITY_DN5293_c0_g1_i1	34.2016486683467	4.29082232861265	1.05717645051562	4.05875700931466	4.93346161546552e-05	0.00282518945861965
TRINITY_DN5293_c0_g1_i6	45.2198533218566	5.53460551284445	1.22152003756137	4.53091667975721	5.87282990852229e-06	0.00048794727788625
TRINITY_DN5297_c0_g4_i2	370.416555708366	-12.108930179275	3.45670781672901	-3.50302392370939	0.000460008145680076	0.0172533878476727
TRINITY_DN5299_c0_g1_i12	23.7051711215599	-8.14425339938521	1.76949712674907	-4.60258074244398	4.17287706806383e-06	0.000364255957125266
TRINITY_DN5303_c1_g1_i2	8.14396261536187	6.43404613182254	1.78624539725705	3.60199451973544	0.000315785023202055	0.013042503019112
TRINITY_DN5311_c0_g3_i1	32.5843541304022	-6.74382017848377	1.70371829601471	-3.95829533219121	7.54865851410772e-05	0.00402798559059313
TRINITY_DN5312_c0_g1_i1	12.452749154258	-7.21354432176375	1.83165237622201	-3.93827148393874	8.2070705075607e-05	0.00431806378423327
TRINITY_DN5320_c0_g2_i3	78.626333552063	9.70599323811489	1.66428751085331	5.83192097207921	5.4792870413508e-09	1.3820561087166e-06
TRINITY_DN5320_c0_g2_i9	35.5613176323115	-8.72822824504569	1.63037602223122	-5.35350626237795	8.62660482155062e-08	1.38055086024883e-05
TRINITY_DN5325_c0_g2_i3	14.5470587126601	6.29232424137754	1.57935136807448	3.98411928375953	6.77308470044515e-05	0.00370188946324848
TRINITY_DN5325_c0_g2_i5	11.2011079161765	-7.0624903450305	1.6949742648174	-4.16672423388762	3.09007928438864e-05	0.00190948947602035
TRINITY_DN5327_c0_g1_i2	47.1955973950384	6.39734672315483	1.65391312928198	3.86800649314159	0.000109728743776624	0.00547012353488921
TRINITY_DN533_c0_g1_i3	57.4280336853467	-4.17483978663119	0.805764075388551	-5.18121856527052	2.20441002306999e-07	3.08902550794971e-05
TRINITY_DN5330_c0_g1_i3	12.3112403681873	7.03051169852738	1.90386123080021	3.69276477969583	0.000221829184353335	0.00972710037337214
TRINITY_DN5331_c0_g1_i5	46.2421170198451	-3.03947109192782	0.68029903536768	-4.46784565890952	7.90112771959375e-06	0.000623370205462402
TRINITY_DN5335_c0_g1_i2	9.86238056187136	6.71104071904272	1.68594750775637	3.98057512951495	6.87487316741447e-05	0.00373817910489182
TRINITY_DN535_c3_g1_i5	144.240696889229	-10.7482809951257	1.74384558158114	-6.16355089501687	7.11315016772481e-10	2.46330722488693e-07
TRINITY_DN535_c4_g1_i4	8.7973731258941	-6.71348214137644	1.79601642445406	-3.73798482573295	0.000185501139630425	0.00840454439490169
TRINITY_DN536_c0_g1_i17	216.388855276242	-11.3336175344407	1.6685445768208	-6.79251707858798	1.10193765663841e-11	7.89080746700271e-09
TRINITY_DN536_c0_g1_i7	355.589948904357	11.8831091096021	1.69425183309871	7.01377969759574	2.3196454930045e-12	2.25293568813671e-09
TRINITY_DN536_c0_g1_i9	165.514565107419	-10.9468905965054	1.64520993434013	-6.65379558438907	2.85629315538594e-11	1.69965534537888e-08
TRINITY_DN5360_c1_g1_i1	11.5797484492929	-7.10891409042856	1.81808556440614	-3.91010974929038	9.22541954562625e-05	0.0047677645306809
TRINITY_DN5365_c0_g1_i11	33.0102634283304	-8.62040218509684	1.70571159269505	-5.05384510606303	4.33002818836847e-07	5.51853275808082e-05
TRINITY_DN5365_c0_g1_i3	95.1721987237997	9.98159125161241	1.95252376087931	5.11214841611824	3.18515420162469e-07	4.2761788725053e-05
TRINITY_DN538_c0_g1_i4	138.917777372066	6.04508072394212	1.65370318004045	3.65548110259681	0.000256700118303431	0.0110048942650448
TRINITY_DN5381_c0_g1_i3	7.11661577312767	6.24044502314148	1.77420961497489	3.51730988856681	0.000435944507342195	0.0166154438346418
TRINITY_DN5381_c0_g1_i6	8.06483383521367	6.42057940421008	1.81025589372946	3.54678000300968	0.000389970091628258	0.0152728775115094
TRINITY_DN5382_c0_g1_i2	16.0063948527963	-7.5772109007257	1.74836229001801	-4.33389060378765	1.46496993560661e-05	0.00103414394000741
TRINITY_DN5390_c0_g2_i2	35.4869211703519	-8.72533005641068	1.78668563492523	-4.88352840916854	1.04204128238553e-06	0.000114202858987046
TRINITY_DN5392_c3_g1_i1	13.5937180447729	-7.34086569308401	1.66747158608267	-4.40239327275714	1.07063260568778e-05	0.000792174377542963
TRINITY_DN5395_c1_g1_i2	6.04884120929207	6.00606236988681	1.79020415149241	3.35495946922022	0.000793766134451488	0.0264069872647526
TRINITY_DN5398_c0_g1_i42	68.456356556172	-9.67290626960316	1.94806459470126	-4.96539298332996	6.85620922870829e-07	8.11394912335284e-05
TRINITY_DN5399_c0_g1_i24	32.778022698665	8.4435353700712	1.67042659646807	5.05471799115515	4.31027188229364e-07	5.50165186571069e-05
TRINITY_DN54_c0_g1_i2	251.47234620691	11.3832876038057	1.70588445332167	6.67295348265843	2.50705877704562e-11	1.54628797476497e-08
TRINITY_DN54_c0_g1_i7	243.073674223604	-11.5011732538579	3.48377605101699	-3.3013526373202	0.000962198649136635	0.0304508844399803
TRINITY_DN5401_c1_g1_i1	6.75983955790819	-5.3368877988396	1.58738291525791	-3.36206705234225	0.000773613356110272	0.0259270702629926
TRINITY_DN5402_c0_g1_i9	104.210806112185	3.03503956861668	0.868841121279756	3.49320433193381	0.000477261169064172	0.017804686209088
TRINITY_DN5403_c0_g1_i5	5.3447800810948	-5.99816044092164	1.88532482036392	-3.18149974801892	0.00146514650347229	0.041516414906238
TRINITY_DN5404_c0_g2_i3	47.7914020428008	8.98769564976079	1.62721610671987	5.52335710828116	3.32582788680016e-08	6.12256655291591e-06
TRINITY_DN5404_c0_g2_i7	39.7970437477972	-8.89118494302436	1.84487637097391	-4.81939336581708	1.43995391479185e-06	0.000148939096647498
TRINITY_DN5406_c2_g1_i13	15.9971564623728	-7.57720131641765	1.87098838266041	-4.04983878394979	5.12529295181655e-05	0.0029222469894912
TRINITY_DN5416_c0_g1_i4	74.4537522927272	-6.54334728453637	1.64675566548131	-3.97347792492572	7.08307255120192e-05	0.0038316611039146
TRINITY_DN5426_c0_g1_i1	90.5430301642517	-2.9047366306096	0.856394631845653	-3.39182022235412	0.000694299793544084	0.0238774700671095
TRINITY_DN5439_c0_g1_i18	47.8929474534036	-9.15736128370943	1.70973207640185	-5.35602122116186	8.50745213693842e-08	1.37187536386836e-05
TRINITY_DN5441_c0_g1_i4	18.9693038363876	-7.82055676027342	1.76878757686061	-4.42142225702081	9.80533438227874e-06	0.000733213402330786
TRINITY_DN5458_c0_g1_i5	14.0750633699907	-5.51968025957183	1.52344032110277	-3.62316802510277	0.000291016640572112	0.0121794572040923
TRINITY_DN5465_c0_g1_i17	111.429803251556	-6.63352373669645	1.77311205861629	-3.74117569414827	0.0001831614172423	0.00832532191185578
TRINITY_DN5467_c0_g1_i2	39.6233789650699	-8.88421269476603	2.27232891536587	-3.90973887393216	9.2395947022443e-05	0.00477217159627286
TRINITY_DN5474_c0_g1_i2	19.3248238124434	3.55836501653533	0.853299708240533	4.17012332498335	3.04434850117807e-05	0.00188731738556526
TRINITY_DN5486_c0_g2_i1	10.055477365089	-6.90761785073137	1.75080606179519	-3.9453929258439	7.96692272688831e-05	0.00421269735029167
TRINITY_DN5492_c0_g1_i1	194.223594663989	7.75472508339725	2.0167561190305	3.84514766571037	0.000120479863662546	0.00592222659671775
TRINITY_DN550_c0_g1_i3	299.015266700185	-11.8001131827162	2.65324516426953	-4.4474266236776	8.69051305318206e-06	0.000666967276991624
TRINITY_DN550_c1_g1_i3	40.7570474398204	-8.92446395544475	1.76929811650192	-5.04407022887094	4.55731906253e-07	5.75854507025625e-05
TRINITY_DN5504_c0_g1_i2	9.25806294000226	-6.78735042152292	1.70197033752568	-3.98793696451276	6.66503663742473e-05	0.00364991747108953
TRINITY_DN5510_c0_g1_i8	396.852472543948	-12.2085165499503	1.67779977200482	-7.27650387946007	3.42582266870517e-13	5.56683007423557e-10
TRINITY_DN5519_c0_g1_i15	9.70329965001246	6.68708255596361	2.12411539398039	3.14817291702436	0.00164294474319341	0.04533819232866
TRINITY_DN5522_c0_g1_i2	46.4735864961855	-9.11451063050027	2.22251490076598	-4.10098966146818	4.11386941688082e-05	0.00242070848180777
TRINITY_DN5524_c2_g1_i5	11.2608373931426	-7.06967800386747	1.7558508789546	-4.02635445219391	5.66482766572735e-05	0.00316578444509676
TRINITY_DN5527_c0_g1_i1	151.109329854035	10.6483890328765	3.38579379262544	3.14501995250556	0.00166075502961085	0.0456301567120554
TRINITY_DN553_c0_g1_i17	396.380187799408	-26.0431035922189	3.65475423904076	-7.12581527754225	1.03466403837191e-12	1.23136678752605e-09
TRINITY_DN5530_c0_g1_i4	57.884449601913	-4.83831103497006	1.51730028937566	-3.18876300811946	0.00142882965212141	0.0408158377095857
TRINITY_DN5530_c0_g1_i6	54.4892054565622	-4.42202378219561	0.846798651689164	-5.22204868108224	1.76954432693828e-07	2.55158628903807e-05
TRINITY_DN55333_c0_g1_i2	27.1653823561405	-5.86865117082867	1.80016853211215	-3.26005652589813	0.00111390011733228	0.0338083089491174
TRINITY_DN554_c0_g1_i11	30.4802910086146	-6.6474685136288	1.66841227084156	-3.98430809327227	6.7677022801862e-05	0.00370134179463543
TRINITY_DN5543_c1_g1_i4	8.32985345733645	-6.63568604416913	1.72749587181885	-3.84121673019255	0.000122425960084928	0.00598308199841308
TRINITY_DN5545_c0_g1_i2	44.6566079660314	8.89000733943639	1.88729150600068	4.71045798233631	2.47160753636207e-06	0.000237594873273632
TRINITY_DN5545_c3_g1_i3	182.3155507829	10.9193370127724	1.87390446127474	5.82705107887112	5.64153494324609e-09	1.41678134319074e-06
TRINITY_DN5547_c2_g2_i2	44.6411058324103	-9.05575316437591	2.31126454735425	-3.91809460961196	8.92516772999059e-05	0.0046381231417512
TRINITY_DN5554_c0_g1_i4	15.3747205916697	-7.51817654841721	2.39223341229372	-3.1427437263359	0.00167372307412452	0.0459027109111892
TRINITY_DN5554_c1_g2_i6	13.1885172713168	7.13033662362747	1.71346480828722	4.16135574488684	3.16363813009931e-05	0.00194556837494273
TRINITY_DN5554_c1_g3_i1	10.8011259549926	-7.01106987310899	1.76673893485403	-3.96836778473343	7.23665888748325e-05	0.00389976532317959
TRINITY_DN5559_c0_g1_i16	17.0035883329438	-6.68814224781376	1.54657309772085	-4.32449152107322	1.52884083771466e-05	0.00106805266760387
TRINITY_DN5559_c0_g1_i32	5.37513753772108	5.83435421381131	1.81231461731747	3.21928331762127	0.00128511444120316	0.0376916348673325
TRINITY_DN5563_c0_g1_i2	10.1357275725531	6.75110758994876	1.96641867172968	3.43319949459715	0.000596503025642544	0.0212582508058809
TRINITY_DN5563_c0_g1_i5	56.484169461058	-9.39608896603799	1.68065218849013	-5.5907397321032	2.26104277115141e-08	4.45346368477278e-06
TRINITY_DN557_c0_g1_i44	230.248757553095	-11.422990277624	1.83269041862288	-6.2329077303779	4.57855877453895e-10	1.72794921460781e-07
TRINITY_DN557_c0_g1_i48	39.1801998549372	8.70104260484162	1.69726495673725	5.12650813316039	2.95165311519316e-07	4.01624452379374e-05
TRINITY_DN557_c0_g1_i62	117.091939726759	-10.4477995457026	1.92943157843825	-5.41496244928232	6.13015694836259e-08	1.02775000361655e-05
TRINITY_DN5572_c0_g1_i12	14.9647296704852	4.93566551299473	1.57988084710613	3.12407452880728	0.00178365271995114	0.0480137265149511
TRINITY_DN5586_c0_g1_i4	20.7747799311187	-7.9524783394692	1.68161901077581	-4.72906067813801	2.25560969726065e-06	0.000219578926496694
TRINITY_DN5589_c2_g1_i1	17.3804467665462	7.5288400888246	1.79007038812309	4.20589052742148	2.60056100020652e-05	0.00166093880117499
TRINITY_DN559_c0_g1_i1	66.2163487441494	5.1948845492441	1.26774290089282	4.09774296159384	4.17198175684204e-05	0.0024463852497546
TRINITY_DN559_c0_g1_i11	82.3325429362129	4.33368728420399	0.904995858088253	4.78862665002537	1.67926568695586e-06	0.000171163560936545
TRINITY_DN559_c0_g1_i2	56.2576780188209	6.17490372124654	1.80917656889714	3.41310175435818	0.000642279558775763	0.0225076319073041
TRINITY_DN559_c0_g1_i9	17.3459791448559	7.52539522333724	2.15912382082341	3.48539307971107	0.000491414569300603	0.0182681690614881
TRINITY_DN5596_c0_g1_i15	12.2214280348403	-7.18957829126683	1.84696780925868	-3.89263865630259	9.9159791688477e-05	0.00505051481500478
TRINITY_DN5597_c0_g4_i1	21.7640223334639	-6.16157583570705	1.86437838175244	-3.30489555983556	0.000950117979067471	0.0301445997902958
TRINITY_DN56_c0_g1_i1	184.346332687317	-11.1021704293283	3.40832799056811	-3.25736562327671	0.00112451486771143	0.0340692926826392
TRINITY_DN560_c0_g2_i1	14.9636139687997	-7.47852197504829	1.85576848014503	-4.02987875646203	5.58056293923811e-05	0.00313487487543026
TRINITY_DN5601_c0_g1_i3	239.50383361592	11.3128347617927	3.43822400245482	3.29031347396666	0.00100075826444195	0.0313192858625244
TRINITY_DN561_c2_g1_i13	2104.5013932673	-14.6152914161479	2.10414636241902	-6.94594809428822	3.75926980229785e-12	3.41559978230714e-09
TRINITY_DN561_c2_g1_i15	329.040036732233	-10.1036030331328	1.83725856505751	-5.4992820418919	3.81340753798405e-08	6.92957656224895e-06
TRINITY_DN5613_c3_g1_i1	82.8841906409839	-7.51569260532337	1.67273302078934	-4.4930616613145	7.02064456319894e-06	0.000566600214232268
TRINITY_DN5622_c0_g1_i10	18.12010841783	7.58826162141856	1.79388303107195	4.23007603616392	2.33612335636255e-05	0.00152078390882838
TRINITY_DN563_c4_g1_i7	28.6326175935796	-8.41470338810608	2.21252370835548	-3.80321501474917	0.000142830284249967	0.00680319806006412
TRINITY_DN5633_c0_g1_i8	49.1547436315907	-9.19592798502419	1.87243223081085	-4.9112207286893	9.05111296242072e-07	0.000102135302036137
TRINITY_DN5645_c0_g1_i7	80.3679432194176	-7.45215718017248	1.23826920450967	-6.01820440420579	1.76362408038208e-09	5.2288669313728e-07
TRINITY_DN5654_c0_g1_i2	73.9777100342048	-4.2998506037057	1.35319604790845	-3.17755184871528	0.00148524130812007	0.0419001371784645
TRINITY_DN5658_c1_g1_i3	35.5797282596937	-8.7297859002752	1.75153171493793	-4.98408668585516	6.22551664999712e-07	7.52566102849008e-05
TRINITY_DN566_c0_g1_i12	143.514129355327	4.6721912797826	0.781937499950399	5.97514670939682	2.29883209365698e-09	6.51834611576603e-07
TRINITY_DN5664_c0_g1_i10	42.1291938469687	8.80596102380183	1.76789245532908	4.98105017488899	6.32401388906024e-07	7.59043360224165e-05
TRINITY_DN5664_c0_g1_i20	60.5358586160596	-9.49602329405498	1.6544128903797	-5.7398146189949	9.4780245628895e-09	2.15869034909714e-06
TRINITY_DN567_c1_g1_i7	8.92274939886603	6.5659428751773	1.91170105563904	3.43460754797902	0.000593412546035986	0.0211749042715155
TRINITY_DN567_c8_g1_i22	25.0118554384928	-5.27297022016991	1.68537840772221	-3.12865656520207	0.00175607427845894	0.0474983240656927
TRINITY_DN5671_c0_g1_i1	255.983359208633	-8.73191504609561	1.17351035818232	-7.44085042386904	1.00039168988152e-13	2.19652126019263e-10
TRINITY_DN5675_c0_g1_i5	24.4493707741905	-8.18734274616988	1.90413796807306	-4.29976340131238	1.70980549746978e-05	0.00117364049492447
TRINITY_DN5690_c2_g1_i4	12.7466499477944	-7.24792413056806	1.72823731338559	-4.19382458325094	2.74290124092814e-05	0.00173870719471827
TRINITY_DN5690_c3_g1_i5	28.4697131767037	-8.40689950423932	1.87494641993586	-4.48380786504124	7.33226879645574e-06	0.000586706485570944
TRINITY_DN5692_c0_g1_i12	14.8860408498375	7.30492670225468	1.66529456828902	4.38656730248031	1.15153544975787e-05	0.000841916338497091
TRINITY_DN5692_c0_g1_i2	21.8919428270067	-8.02891040386518	1.65857034486921	-4.84086214896017	1.29277030479497e-06	0.000136887851146072
TRINITY_DN5709_c0_g1_i6	7.94907468784402	6.39947219432395	1.88028291358681	3.40346239817517	0.000665375710055122	0.0231179756366109
TRINITY_DN5712_c0_g1_i3	123.439990145814	-10.5235522141291	3.36275017606437	-3.1294481192907	0.00175134996235555	0.047400886969609
TRINITY_DN5713_c0_g1_i4	19.5738646576985	7.69967606908809	1.67411838232131	4.59924229397196	4.24030378558257e-06	0.000368998135194805
TRINITY_DN5715_c0_g1_i9	5.9633873786874	-6.14948110300311	1.88979580326891	-3.25404527429151	0.00113774145833953	0.0343468659331095
TRINITY_DN572_c1_g1_i3	105.839098901539	-10.3019289148431	1.75013112545539	-5.88637546353132	3.94756959944333e-09	1.0555751139676e-06
TRINITY_DN5721_c0_g1_i1	6.8577150616519	-6.35279910363359	1.80209131513502	-3.52523706777734	0.00042310396442479	0.0162295659169298
TRINITY_DN5725_c0_g1_i19	8.24801038163236	6.45268949504007	1.72052308271014	3.75042308928277	0.000176536448062511	0.00807632744363077
TRINITY_DN574_c0_g1_i5	174.795766488841	-11.0255683527908	1.64562579329394	-6.69992436781246	2.08527438684222e-11	1.33485996317722e-08
TRINITY_DN5742_c0_g1_i10	49.3312850664262	-7.34983409421776	1.45714694599351	-5.0439896363414	4.55924004355302e-07	5.75854507025625e-05
TRINITY_DN5764_c0_g1_i17	40.6934087862108	-8.92262938430278	1.63283971522191	-5.46448576741664	4.64250625497764e-08	8.17255194860627e-06
TRINITY_DN5765_c0_g1_i12	15.5434519140895	-7.53489978139067	1.69272580740406	-4.45134099594434	8.53357078197962e-06	0.000659716069474578
TRINITY_DN5766_c1_g1_i7	21.0406504034452	-7.97090887451929	1.87290746571783	-4.25590106314424	2.08208768713958e-05	0.00139628766180889
TRINITY_DN577_c0_g1_i18	330.951199822091	11.7793909423523	3.48774673016964	3.37736419920015	0.000731840802270573	0.0248884263104386
TRINITY_DN577_c0_g1_i23	42.4921335936617	8.81806912788283	1.65277588520591	5.33530843885964	9.53822798927726e-08	1.4952897748385e-05
TRINITY_DN5771_c0_g2_i1	11.5097589444644	6.93398755823387	1.69020978110703	4.10244197835156	4.08812393112742e-05	0.00240723551172408
TRINITY_DN578_c2_g1_i1	32.8054738815008	-3.14363413187607	0.711922959677396	-4.4156942673974	1.00686308334817e-05	0.000750246180041917
TRINITY_DN5807_c0_g1_i3	11.8789672567847	4.09422797984404	1.286846303523	3.18159827528374	0.00146464821947843	0.0415162177958699
TRINITY_DN5814_c0_g1_i12	11.8961949388838	-7.1483590201775	1.67868976143614	-4.25829666945843	2.05990462157905e-05	0.00138360747785522
TRINITY_DN5823_c0_g1_i1	18.0746653306724	-7.75189565592345	1.75290567584041	-4.42231191487635	9.76503455302234e-06	0.000730846669319116
TRINITY_DN5823_c0_g1_i14	24.5036555319817	8.02391369352857	1.64100098696085	4.8896458669345	1.01017544321786e-06	0.00011131901704874
TRINITY_DN5823_c0_g1_i5	19.9608338724568	-5.43592487157197	1.53577980177104	-3.53952100770133	0.000400853864726521	0.0155801977284552
TRINITY_DN5838_c0_g1_i7	14.2731983895955	7.24406756692378	2.18231923305122	3.31943533155572	0.00090199693678861	0.0290705644139375
TRINITY_DN5838_c0_g1_i8	13.3725525881678	-5.41248530899829	1.68818634876168	-3.20609470214498	0.0013454969901035	0.0390023343635559
TRINITY_DN5849_c0_g1_i1	20.5196895351227	7.7679574167835	2.19194945308836	3.54385791416804	0.000394317689593084	0.0153756604223518
TRINITY_DN5851_c0_g1_i1	10.1504338710506	-6.91760102446391	1.92715423607055	-3.58954197592864	0.000331259488728072	0.0135351858213465
TRINITY_DN5852_c0_g1_i35	12.0426492729957	6.99892950765816	1.68080785475917	4.1640271300737	3.12682936127706e-05	0.00192573489336143
TRINITY_DN5861_c0_g1_i22	424.353959832436	-12.3050092277882	3.50160277834297	-3.51410768345665	0.000441233904684492	0.0167490487322687
TRINITY_DN5862_c0_g1_i22	9.79109308336389	-6.86598827132556	2.0679335734187	-3.3202170319111	0.000899474923632943	0.02905345263652
TRINITY_DN5867_c0_g1_i1	6.4902584841794	6.1078207834518	1.76815277533967	3.4543512690969	0.000551618382373967	0.0199785679760701
TRINITY_DN587_c0_g1_i11	44.4261759739879	-2.87794834925708	0.8139629860581	-3.53572385790483	0.000406659536531905	0.0157334787169748
TRINITY_DN587_c2_g1_i10	131.894203697557	-8.1898859425445	1.50933159972604	-5.42616741346372	5.75769581722125e-08	9.80874558797502e-06
TRINITY_DN5877_c0_g1_i4	25.579519312049	8.08576986115069	1.72475297613425	4.68807416078423	2.75788083274826e-06	0.000258640859717605
TRINITY_DN588_c1_g3_i1	41.6209405927899	-8.95576866148322	1.6848914328898	-5.31533871361846	1.06459110042063e-07	1.62375124193758e-05
TRINITY_DN588_c1_g3_i2	50.085976918186	9.0554895780332	2.24578680993598	4.03221246913074	5.52541972886916e-05	0.00310843486185077
TRINITY_DN588_c3_g1_i1	14.7798488080504	-7.46147218055726	1.73965875470285	-4.28904356120792	1.79444179592895e-05	0.00122576186638968
TRINITY_DN59_c0_g1_i11	7.92325308366375	-6.56272335079387	1.99046040198154	-3.29708812305965	0.000976928441627514	0.0307672379652038
TRINITY_DN5901_c0_g1_i4	27.6264310039688	8.19675154769478	2.03443874934747	4.02899893168267	5.60148728602468e-05	0.00314077287786671
TRINITY_DN5903_c0_g1_i1	6.8913709693243	-6.36346050743104	1.80761201234814	-3.52036856579899	0.000430947515222631	0.0164695627052383
TRINITY_DN5910_c0_g1_i1	221.980094350211	2.16084794625158	0.660506210862307	3.27150284238893	0.00106977513164205	0.0328704942085419
TRINITY_DN592_c1_g1_i10	159.058262896104	10.7223435556957	3.39661556648491	3.15677277743624	0.00159525602209039	0.0443116184597613
TRINITY_DN5924_c0_g2_i2	13.4736124676854	7.16077223045708	1.73346024692504	4.13091228550495	3.61326441690449e-05	0.00217305065266616
TRINITY_DN5927_c0_g1_i11	21.6141927832465	-7.03758321557387	1.53257455446351	-4.59200056211127	4.39017185933993e-06	0.000380082727223878
TRINITY_DN5936_c1_g1_i19	5.66257179997982	-6.07635604049481	1.75984698915479	-3.45277520031052	0.000554851184155623	0.0200443845056784
TRINITY_DN59455_c0_g1_i1	14.2044138742373	-3.85011541656463	1.15494177485217	-3.33360131254878	0.000857294438047682	0.0280991720039383
TRINITY_DN5947_c0_g1_i2	7.04230318698391	-6.39469760067093	1.84045858882289	-3.47451316726492	0.000511781245502591	0.0189308173717214
TRINITY_DN595_c0_g1_i11	668.254764811244	-12.9601436160018	3.58883837858364	-3.61123635250375	0.000304740778792654	0.0126597769549762
TRINITY_DN595_c0_g1_i25	1007.27348849649	13.3852757160325	1.63798806499479	8.17177853861532	3.03875969288053e-16	1.60480697830637e-12
TRINITY_DN595_c0_g1_i3	269.655638830623	7.26120278639729	1.543459382642	4.70449878244804	2.54490385468965e-06	0.000242982243970131
TRINITY_DN5957_c0_g1_i14	158.454430422321	2.35532446510713	0.697266915338047	3.37793807980295	0.000730315234658092	0.0248630848904671
TRINITY_DN5957_c0_g1_i20	166.885649079677	-10.9587895873922	1.67577806118197	-6.53952324668976	6.17152489924275e-11	3.30051589200136e-08
TRINITY_DN5965_c0_g1_i1	18.0294986957133	7.58142389613395	1.68061002921476	4.51111427656793	6.44879648268214e-06	0.000528013958521003
TRINITY_DN597_c3_g1_i13	26.1986741653311	-8.28687180901939	1.67497553866057	-4.94745840625598	7.51887636251908e-07	8.72867902997675e-05
TRINITY_DN597_c3_g1_i6	10.3123847358394	6.77470729649179	1.79516763133725	3.77385776026119	0.000160742431101668	0.00750409610123135
TRINITY_DN597_c6_g2_i1	10.7157725158837	-3.16293411582096	1.01606235205891	-3.1129330886158	0.00185238009263589	0.0494697892122465
TRINITY_DN5977_c0_g1_i2	7.45597918851741	6.30834716442098	1.96720477259969	3.20675674047111	0.00134240458446307	0.0389315908027735
TRINITY_DN598_c0_g1_i2	44.6003352769197	-4.04085110303931	1.11317768140986	-3.63001448063664	0.000283405320055523	0.0119496919830597
TRINITY_DN598_c5_g1_i1	26.1253564914901	-4.03259093569987	1.12788130794463	-3.57536817685949	0.00034973536542843	0.0141396836880246
TRINITY_DN5994_c0_g2_i1	11.3500104754479	-6.10105546460409	1.5563791921793	-3.92003150341606	8.85373941963216e-05	0.00460950877067208
TRINITY_DN5994_c0_g2_i3	10.1674686729434	5.76630721283839	1.84804230710073	3.12022467812697	0.00180713144322876	0.0484604864138191
TRINITY_DN5999_c2_g2_i2	5.85512356709472	-6.12710061967423	1.88736383003524	-3.24638022736708	0.00116882618238622	0.035084715722654
TRINITY_DN6007_c1_g5_i1	10.3563634244502	-6.94849155589372	1.68960932799441	-4.11248413509984	3.91424377124337e-05	0.00232102294864928
TRINITY_DN6007_c1_g5_i2	15.9224354694137	7.40210264059953	1.65953161980425	4.46035649593266	8.1823432153211e-06	0.000638994119231241
TRINITY_DN6009_c0_g1_i4	5.4924807981977	-6.0323864060694	1.77001792671144	-3.40809339557205	0.000654184998355211	0.0228135881102017
TRINITY_DN6012_c0_g1_i2	17.6875752821952	-5.25641291192135	1.45678037492205	-3.60823978851488	0.000308281499350033	0.012780764580532
TRINITY_DN6014_c0_g1_i6	17.8614284315077	7.56819366225363	1.74315963453331	4.34165265895446	1.4141496999528e-05	0.00100077739821283
TRINITY_DN6014_c0_g1_i7	38.8946920652756	-8.85721713558746	1.70629682353868	-5.19090055926994	2.0927937986704e-07	2.95713863545237e-05
TRINITY_DN6015_c0_g1_i14	7.8048574364113	-6.54323381525035	1.82218912290638	-3.59086427034201	0.00032958324740455	0.0134905970012265
TRINITY_DN6016_c0_g1_i8	10.8667918411719	-7.0168222055454	2.13167502623596	-3.2916941462393	0.000995858524146706	0.0312200607226797
TRINITY_DN602_c2_g1_i2	26.8749031037872	-8.32513098066178	1.7897068752832	-4.65167290556696	3.29253039996664e-06	0.000298510980403843
TRINITY_DN602_c2_g1_i3	75.0966018696858	-5.76108569767116	0.894322155052137	-6.44184611230536	1.18028923993085e-10	5.51005967931915e-08
TRINITY_DN6028_c0_g2_i4	6.19305244606032	-6.20803176564297	1.76632027657768	-3.51466936543994	0.000440301807999227	0.0167362222997385
TRINITY_DN6037_c2_g1_i23	10.7911350806399	-7.00803873165701	1.76627799728326	-3.96768727371126	7.2573478821576e-05	0.00390593236526467
TRINITY_DN604_c1_g2_i6	22.285934164515	2.38912911246715	0.765101430397937	3.1226305657598	0.00179242582300168	0.0481884814482966
TRINITY_DN6042_c0_g1_i4	25.2910472873028	-5.7827598860926	1.21042156245056	-4.77747593523129	1.77509286244018e-06	0.000177740197782023
TRINITY_DN6058_c0_g1_i2	9.03395297843827	-6.75123989125731	1.7470595349814	-3.86434449203196	0.000111387926256493	0.00553324926091778
TRINITY_DN6061_c0_g1_i1	51.5138095526282	-2.87210559741888	0.892565621704913	-3.21780889558887	0.00129173852007814	0.0378465053639262
TRINITY_DN6061_c1_g1_i1	7130.83456644884	4.82916723578405	1.19490639420325	4.04146070287297	5.31192836146636e-05	0.00300836007162993
TRINITY_DN6063_c0_g1_i4	7.76037729936791	6.36407533986253	1.92956353139336	3.29819424772551	0.000973087919413962	0.0306920429319302
TRINITY_DN6074_c0_g1_i1	15.2168197197387	-2.889455683419	0.912285604625478	-3.16727093880344	0.00153876881067341	0.0431110367918706
TRINITY_DN6077_c0_g1_i1	154.48730372798	-10.8472790496643	3.37089031588106	-3.21792702615099	0.0012912066403992	0.0378440439474337
TRINITY_DN6077_c0_g1_i4	302.763894310098	11.6509733912764	3.4643190745165	3.36313519068749	0.000770626150015782	0.0258435188709506
TRINITY_DN6089_c0_g2_i2	28.8766853367846	6.37671199287091	2.00684828766134	3.17747586206526	0.00148563055914554	0.0419001371784645
TRINITY_DN609_c0_g2_i25	599.602802575735	-7.32142801136622	2.11427881890033	-3.46284886643958	0.000534488522179464	0.0195427136075813
TRINITY_DN609_c0_g2_i27	121.32389909541	-10.4989291895995	1.65441426305621	-6.34600983807087	2.20971109900524e-10	9.33580842218724e-08
TRINITY_DN609_c0_g2_i5	158.289197841404	-10.8823983158206	3.40937133409112	-3.1919076127041	0.00141336532082285	0.0405523065802679
TRINITY_DN6093_c0_g1_i5	14.3686717045269	-7.42096920693951	1.74803202074264	-4.24532795674233	2.18273932252857e-05	0.00144429997866107
TRINITY_DN6096_c0_g1_i5	12.6745915411552	-7.23973672664574	1.86303498513032	-3.88599075402726	0.000101913385390918	0.00516585317262256
TRINITY_DN6096_c0_g2_i1	119.628747060242	10.311425419508	1.64166958472763	6.28106015694917	3.36271982337393e-10	1.33400516260775e-07
TRINITY_DN6096_c0_g2_i10	51.8036103343763	-9.2707819727887	1.64724628224132	-5.6280485029685	1.82259845381691e-08	3.71098612411135e-06
TRINITY_DN610_c0_g1_i1	17.5592380002562	4.36574968878722	1.25486779039536	3.47905151618541	0.000503191844616147	0.0186567373788395
TRINITY_DN610_c0_g1_i11	7807.38039368061	5.79259727933311	0.683294911497418	8.47744829042972	2.30186613587459e-17	1.76820986135573e-13
TRINITY_DN610_c0_g1_i8	1191.29861022573	6.13737812661009	1.8249192244095	3.36309577131886	0.000770736201505308	0.0258435188709506
TRINITY_DN611_c0_g1_i14	415.71755593948	12.1084933261412	1.64061112230824	7.38047740960414	1.57722938202648e-13	3.17316019815412e-10
TRINITY_DN6117_c1_g1_i6	106.08703222687	10.1381087012014	1.78893805697001	5.66710997158432	1.4522614069901e-08	3.09101220070149e-06
TRINITY_DN612_c0_g1_i2	559.527354101174	-4.83215824377538	0.677093074838792	-7.13662334373433	9.56514769547781e-13	1.17135630430795e-09
TRINITY_DN612_c0_g1_i7	22.6356346649941	-8.07627298098713	1.65922688712389	-4.86749162737264	1.13023618533081e-06	0.000122912094193157
TRINITY_DN6121_c0_g1_i2	11.8476606042572	-7.14355371088285	1.70717697316794	-4.1844248271618	2.85889030115543e-05	0.00179206611770795
TRINITY_DN6128_c0_g1_i1	14.2782812617264	-4.94323498618289	1.53774537870195	-3.21459914927893	0.00130626794187876	0.0380610443285765
TRINITY_DN6136_c0_g1_i2	23.561053541536	7.96765198247644	1.77003207699254	4.50141671783387	6.75020141967567e-06	0.000548968738748561
TRINITY_DN6136_c0_g1_i48	23.565800899576	-8.13517469469983	1.6598826284645	-4.9010541800931	9.53237604550886e-07	0.000105982461985975
TRINITY_DN6139_c0_g1_i4	62.3899747731859	-6.36402923314088	1.72369221848316	-3.69209140988128	0.00022241748976916	0.00974783871914654
TRINITY_DN6144_c0_g2_i1	16.2355791624228	-3.4428841147707	0.895196128346736	-3.84595509939155	0.000120083753442442	0.00590963133277781
TRINITY_DN6144_c1_g1_i2	318.702860948819	-3.46450707506293	0.578318642007986	-5.9906543268842	2.08998441820864e-09	5.96619943816869e-07
TRINITY_DN6146_c0_g1_i10	266.407107519209	-11.6334372658258	3.42046504697923	-3.40112736310514	0.000671085532980151	0.0232480273294146
TRINITY_DN6157_c0_g1_i1	122.169086716817	-10.5086443784825	1.66469156787711	-6.31266751226688	2.74266330877752e-10	1.12499788478196e-07
TRINITY_DN6161_c0_g1_i3	5.57313103906476	-5.05438615157599	1.61601397667532	-3.12768715155209	0.00176187609350611	0.0475960203746084
TRINITY_DN6163_c0_g1_i4	31.8711519089418	-8.57020579853775	1.70748505041968	-5.01919814550135	5.18876083230202e-07	6.39125237329236e-05
TRINITY_DN6174_c5_g1_i1	5.59833607381641	-6.06120379266785	1.78263551240616	-3.40013634334402	0.000673522599460368	0.0233047127369849
TRINITY_DN6180_c0_g1_i11	16.412001399115	5.48365321003649	1.52715302398002	3.59076865509204	0.000329704189855712	0.0134905970012265
TRINITY_DN6186_c0_g2_i10	54.4672087071184	-9.34338128155413	1.61572587883762	-5.78277627655251	7.3477754898566e-09	1.77392095240544e-06
TRINITY_DN6186_c0_g2_i24	31.6277791782222	-3.00329121008946	0.717074342077271	-4.18825641061053	2.81105812840177e-05	0.00176732730456617
TRINITY_DN6186_c0_g2_i32	30.0054218870518	8.31642040952529	1.94382716114933	4.27837442327333	1.88263150727421e-05	0.00127979563235444
TRINITY_DN619_c1_g1_i5	40.0324080003827	7.76511897718688	2.1675588197762	3.58242595602948	0.00034041812246477	0.0138358107320963
TRINITY_DN619_c2_g1_i9	253.374836551474	-11.5610733403077	3.4581215561024	-3.34316569060633	0.000828284282221664	0.0273605806407999
TRINITY_DN6205_c0_g1_i2	20.8094047357868	5.42807830356086	1.63688298048817	3.31610650746826	0.00091281033266572	0.029360733722721
TRINITY_DN6211_c0_g1_i1	232.324436001391	-9.51656013557712	2.93685698136289	-3.24038936726188	0.00119366582035405	0.0356745411883308
TRINITY_DN6213_c1_g1_i1	5.55262122794696	5.88314612006414	1.86152014150402	3.16039885300991	0.00157553297958742	0.0439081087431325
TRINITY_DN622_c0_g1_i1	64.8193062244684	-9.59431165808374	1.69870090003091	-5.64802883068418	1.62297964037278e-08	3.3945181597084e-06
TRINITY_DN622_c0_g1_i9	718.040446606029	11.076662578138	1.56371747200071	7.08354467892841	1.40513061616415e-12	1.54195749096933e-09
TRINITY_DN6221_c0_g1_i1	253.177987303878	-11.5600204303658	1.74585144515266	-6.62142272325751	3.55757991388816e-11	2.03113775380893e-08
TRINITY_DN6226_c0_g1_i2	67.2141971457972	-2.58643504763311	0.800351890917885	-3.23162233635365	0.00123089621623596	0.0365454211101567
TRINITY_DN6229_c0_g1_i1	8.96656884620423	6.57355590926901	1.6999321988841	3.86695181936323	0.000110204190030327	0.00549058587805577
TRINITY_DN6235_c0_g1_i6	13.8704053887025	7.20329759141292	1.72103986745882	4.18543331134382	2.84622624763939e-05	0.00178677879251882
TRINITY_DN624_c0_g3_i4	240.736869582766	11.3203474607518	1.69840433144468	6.66528414416054	2.64153786583498e-11	1.617425120198e-08
TRINITY_DN6243_c1_g1_i2	6.61537263257409	6.13395029285412	1.82579010197189	3.35961416716485	0.000780513944351592	0.0261086429657089
TRINITY_DN6244_c0_g1_i6	27.8174959549046	-5.9381845257587	1.76339151098375	-3.36747936505941	0.000758587031420727	0.0255250065772163
TRINITY_DN6249_c0_g2_i1	18.8226519758964	-7.81009821687406	1.66833913479363	-4.68136127361189	2.84976214198852e-06	0.000264324041134737
TRINITY_DN6253_c0_g1_i1	14.8204401577868	4.79637624152304	1.52252857645705	3.15027009390149	0.00163119584328526	0.0450728536186783
TRINITY_DN6253_c0_g1_i3	25.6320585949506	-8.25535855266307	1.68609238447621	-4.89614841314145	9.77332653356076e-07	0.000108263725408461
TRINITY_DN6253_c0_g1_i9	15.1512402192923	7.33015951223369	1.81187692095073	4.04561669033645	5.21855625816655e-05	0.00296541739544423
TRINITY_DN6254_c0_g1_i1	129.730026330405	-10.5952581882758	3.36804262360188	-3.14582069538805	0.00165621508742442	0.045527751622988
TRINITY_DN6258_c0_g1_i11	19.2233719709413	-7.84134957151054	2.1108085745251	-3.71485584535998	0.000203319568726407	0.00905948632375553
TRINITY_DN6271_c0_g1_i14	5.94648171916353	-6.14537731316668	1.80182147952517	-3.41064716066442	0.000648088998811175	0.0226477354100689
TRINITY_DN628_c0_g1_i18	18.4512930812873	-7.78023320573431	1.84889918539624	-4.20803539056508	2.57600529074474e-05	0.00165024484501402
TRINITY_DN628_c0_g1_i5	48.4258674369647	-8.20775098760752	1.85409080379906	-4.42683334105843	9.56265578515153e-06	0.000718883708659905
TRINITY_DN628_c4_g2_i1	27.5910308546907	-8.36149563612542	1.72318966534998	-4.85233622523335	1.22015534317964e-06	0.000130672606068432
TRINITY_DN6284_c0_g1_i12	17.6725151756116	-7.71936368117002	1.72339639588509	-4.479157377607	7.4938269558807e-06	0.000597371122752837
TRINITY_DN6284_c0_g1_i6	33.4773734783379	8.47421141175728	1.71285386550672	4.94742230053018	7.52027069732192e-07	8.72867902997675e-05
TRINITY_DN6287_c0_g1_i6	6.09620966883616	-6.18438744403627	1.88872148877548	-3.27437765747337	0.00105894982409077	0.0325964446856824
TRINITY_DN6299_c0_g1_i1	19.471246346615	-7.85951143307984	2.28744611769405	-3.43593292636896	0.000590517149971019	0.0210804892852772
TRINITY_DN630_c0_g1_i19	7.01984242165112	-6.38846177553854	1.80330649616453	-3.54263780956051	0.000396146377166719	0.0154270908772753
TRINITY_DN630_c0_g1_i27	93.7287279894314	9.95942831663874	1.62761700815802	6.11902447978832	9.41499417065070e-10	3.06647277342721e-07
TRINITY_DN630_c1_g2_i14	325.275594425722	11.7544410611746	3.471957370694	3.38553726505721	0.000710390632994711	0.0243219561210645
TRINITY_DN630_c1_g2_i9	238.885558443427	-11.4761360958687	3.41810944775563	-3.35745132544076	0.000786645924943941	0.0262312578397447
TRINITY_DN630_c2_g5_i4	258.856928533306	-7.48985507861025	1.88051209692991	-3.98288056260742	6.80849769258524e-05	0.00370685849244889
TRINITY_DN6329_c0_g1_i3	9.92092178923452	-5.89941252052581	1.82237330233917	-3.23721408393846	0.00120702824274328	0.0359758280265685
TRINITY_DN633_c0_g1_i18	12.816596191142	-7.25510344758403	1.86284048367017	-3.89464557549771	9.83424167375235e-05	0.00502098944379895
TRINITY_DN6335_c0_g1_i13	5.19083041605679	5.78448487311042	1.77245844641146	3.26353765010501	0.00110030563551877	0.0335523730025497
TRINITY_DN6339_c0_g1_i2	48.5281929379739	-9.1766078338214	2.275694360039	-4.03244301825494	5.52000019770431e-05	0.0031074548747876
TRINITY_DN634_c0_g1_i7	161.426527996684	-2.95117316134717	0.590805515355416	-4.99516860395558	5.87843872031453e-07	7.15729560503079e-05
TRINITY_DN6342_c0_g1_i1	1024.93205301365	13.4103468351489	1.83706993748149	7.2998564515914	2.88074905230237e-13	4.86835066842891e-10
TRINITY_DN6343_c0_g1_i4	8.62870165473845	6.51837324307536	1.7815667826227	3.65878692095923	0.000253411922497267	0.0108970995558138
TRINITY_DN6346_c0_g1_i2	8.88471803730356	6.5592966233536	1.96914663359614	3.33103513544582	0.000865236807168801	0.0282827000898063
TRINITY_DN6349_c0_g1_i8	8.21828766453349	-6.61709480649837	1.77645635283588	-3.72488454103307	0.000195404636377874	0.00875931085658226
TRINITY_DN635_c0_g1_i17	34.2253179580542	-8.67304113225959	1.70483468733115	-5.08732089786189	3.63157068319851e-07	4.77975793752193e-05
TRINITY_DN6356_c0_g1_i9	21.7513827871039	-8.01875796816561	1.71968824697943	-4.66291374744827	3.11763443492509e-06	0.000284793377818703
TRINITY_DN6358_c0_g2_i1	9.99301555232347	6.73014941133102	1.69897464344634	3.96130068055579	7.4542592761247e-05	0.00399157161162221
TRINITY_DN6364_c0_g1_i11	158.673338186141	10.7188501859266	3.39297780289814	3.15912770686887	0.00158242132908091	0.0440419754494991
TRINITY_DN6364_c0_g1_i3	10.0184722012595	6.73364175920684	2.01824223708904	3.33638927749273	0.000848742291457973	0.0278620925188872
TRINITY_DN6365_c0_g1_i8	13.4373012019579	-7.32290526067601	1.72213263643216	-4.25223069684533	2.11651660750746e-05	0.00141081345258815
TRINITY_DN6371_c0_g1_i9	21.5211105242978	-8.00485604001141	1.76146611928593	-4.5444280490938	5.50846186114886e-06	0.000462677942687233
TRINITY_DN6379_c0_g1_i6	11.5774953246943	-7.10858023821269	1.78935663541917	-3.97270175073146	7.10620033708807e-05	0.00383680329765666
TRINITY_DN638_c1_g2_i1	43.0062372084822	-9.00216547484398	1.68243644926055	-5.35067192511226	8.76282573782655e-08	1.39442796458544e-05
TRINITY_DN638_c1_g2_i4	20.1721016939535	7.74338294264562	1.65145557372314	4.68882303941635	2.74780876312552e-06	0.000258228051135659
TRINITY_DN6385_c0_g1_i10	22.5818947930443	7.90604317012665	1.81051151421208	4.36674558988778	1.26111474140655e-05	0.000910783533498898
TRINITY_DN6385_c0_g1_i6	21.2572037105286	7.81922866128252	1.86901816417223	4.18360228443558	2.86925903595707e-05	0.00179723239451668
TRINITY_DN6387_c1_g2_i1	5.5038994067477	-5.03715939073627	1.61071604252998	-3.12727958108886	0.00176432060777082	0.0476451143226011
TRINITY_DN639_c0_g1_i13	49.3375098520206	9.03345535861583	1.83575684185684	4.92083436795399	8.61760380049778e-07	9.81361571340245e-05
TRINITY_DN6395_c1_g1_i2	17.9046592596121	-7.73772082920854	1.68829537966742	-4.58315584014263	4.5801043244741e-06	0.000393800406093571
TRINITY_DN6405_c0_g1_i8	10.3202989808038	-6.94377709764952	1.77549873682658	-3.91088822178517	9.19573247270458e-05	0.00476115810342274
TRINITY_DN6419_c0_g1_i4	8.39859543269714	-6.64696330247614	1.71142050786362	-3.88388667305011	0.000102799836685125	0.005192098386264
TRINITY_DN6424_c0_g1_i2	5209.1694247275	-3.17281919036342	0.891441192281958	-3.55920190567083	0.00037198348230291	0.0148053981571509
TRINITY_DN6445_c0_g1_i3	17.3121960119668	-7.68895625813096	1.68880113705386	-4.55290803009789	5.29094074223467e-06	0.000447521432269615
TRINITY_DN645_c2_g1_i26	45.6256376343515	-9.08802547337279	1.77450856209138	-5.12143230386103	3.03223597180146e-07	4.09948600232448e-05
TRINITY_DN6451_c1_g1_i1	6.77042892629953	6.16893642269731	1.82347258722836	3.38307055773948	0.000716802139617017	0.0245031808257536
TRINITY_DN6453_c0_g1_i2	20.3753683024585	-4.41301511399329	1.38913401362862	-3.17681020743696	0.00148904447795869	0.0419824091753599
TRINITY_DN646_c0_g1_i7	184.757789155954	-11.105375589563	3.41975597827682	-3.24741755262867	0.00116457399431982	0.0349943717539247
TRINITY_DN646_c1_g2_i2	24.5017936593794	8.02371183913708	2.34820275685963	3.41695869988143	0.000633248854437479	0.0222580123553486
TRINITY_DN647_c0_g1_i2	77.8173958899782	9.69112346351853	2.26821028825372	4.27258597393087	1.93219017682166e-05	0.00130822280097016
TRINITY_DN6474_c0_g1_i1	9.65001077874974	-6.84760073561668	1.77943960426667	-3.84817822374964	0.000118999469949339	0.00586994583291258
TRINITY_DN6480_c0_g1_i3	29.2004977897213	-8.44368565795415	1.64811106008788	-5.12325040613703	3.00313095530826e-07	4.07317109890268e-05
TRINITY_DN6488_c0_g1_i25	11.7637446156689	6.96502572838509	1.72242564931434	4.04373084618062	5.26073089389276e-05	0.00298336402061846
TRINITY_DN6498_c0_g1_i1	5.45311437334105	-6.01980927034675	1.837695899158	-3.27573744551801	0.00105386483679603	0.0325235467419983
TRINITY_DN6499_c0_g1_i10	17.5760043910484	7.54441128783573	1.81617654890589	4.15400765546757	3.26702236970666e-05	0.00199798317779422
TRINITY_DN65_c1_g1_i1	148.31002315411	-10.7884079459646	3.36624298714461	-3.20488092724281	0.00135118365355358	0.03913168076024
TRINITY_DN651_c0_g1_i2	298.388511669546	11.6300936657807	1.69424240853906	6.86448031708125	6.67337406518928e-12	5.52830158588592e-09
TRINITY_DN651_c0_g1_i7	238.991537070412	-11.4769149140019	1.70379396347447	-6.73609318969383	1.62701958495711e-11	1.08251890464336e-08
TRINITY_DN6510_c0_g1_i20	54.1039587427883	-9.33403770947293	1.67284798348586	-5.57972858359954	2.4089418124552e-08	4.70094146117412e-06
TRINITY_DN6510_c0_g1_i7	62.6899223756818	9.37918919661849	1.64311272058728	5.70818366816987	1.14188162552425e-08	2.52583019878398e-06
TRINITY_DN6510_c1_g1_i7	19.4433425366441	-7.85713802833386	2.07023135328472	-3.79529467364475	0.00014746819793858	0.00699257451706742
TRINITY_DN652_c0_g1_i13	74.2364834558732	-3.42651943509802	0.811181637522053	-4.22410872805891	2.39888223487382e-05	0.00155337966570405
TRINITY_DN652_c0_g1_i5	752.807462544639	-6.49992528209424	1.11650323434877	-5.82168065629071	5.82587860954937e-09	1.45612889331916e-06
TRINITY_DN6543_c0_g1_i14	157.71249054738	-10.8771548141528	3.47103517351965	-3.13369190180902	0.00172622001782201	0.0468914113880339
TRINITY_DN6543_c0_g1_i15	1764.62098319789	14.1941835644831	1.61048901626092	8.81358607302882	1.2120497258171e-18	1.28019722165117e-14
TRINITY_DN6543_c0_g1_i8	653.91706705701	-12.9290285829232	1.6487500605042	-7.84171530460443	4.44433087887269e-15	1.5647377941791e-11
TRINITY_DN6554_c0_g1_i3	4.86959314343675	-5.85718480827162	1.83203467408833	-3.19709276855598	0.00138820272992387	0.0399524367415215
TRINITY_DN6558_c0_g1_i2	590.827364272732	-1.9911509008124	0.632822920587074	-3.14645825243687	0.00165260852253636	0.0454712194520603
TRINITY_DN6559_c0_g1_i1	6.93419478676657	-6.37197739623709	1.77211994885193	-3.59568064247863	0.000323544522129506	0.0132906490184244
TRINITY_DN656_c0_g1_i5	115.542684803615	3.93435016320077	1.06766090886573	3.68501846469267	0.000228686060702531	0.00998631253604261
TRINITY_DN656_c0_g1_i8	104.441136871475	-10.2824328989192	1.65972202374802	-6.1952741192764	5.81836790420473e-10	2.09208702625315e-07
TRINITY_DN656_c2_g1_i2	9.22891328152714	-6.78050987102695	1.74130972685687	-3.89391374001339	9.86397379139296e-05	0.00503312836609373
TRINITY_DN6562_c0_g2_i5	238.515238360867	-11.4739611353134	1.62505990233708	-7.06063888402647	1.65738798784986e-12	1.72896259502886e-09
TRINITY_DN6569_c0_g1_i11	86.7485593436257	-10.0147859068192	1.62469085888416	-6.16411783943772	7.08771484119101e-10	2.46330722488693e-07
TRINITY_DN6569_c0_g1_i3	66.9825846959973	9.47472048221248	1.74558185924537	5.42782936934764	5.70435338864893e-08	9.75227255401487e-06
TRINITY_DN6589_c0_g1_i17	259.532945359655	-11.5957076350089	3.43758468698274	-3.37321366333721	0.000742962758027025	0.0251618705922916
TRINITY_DN6595_c0_g2_i3	6.67280213820143	6.14745767845433	1.73136238302043	3.55064759333043	0.00038428459774449	0.0151664081925334
TRINITY_DN6595_c0_g3_i1	7.45693768309309	-6.47464685756854	1.72899622138517	-3.74474320850825	0.000180578376741329	0.00821675373068865
TRINITY_DN6595_c2_g1_i5	28.7522117131285	-8.42245864522973	2.15718240845532	-3.9043794406152	9.44674690472134e-05	0.00486410450192512
TRINITY_DN66_c0_g1_i2	1147.88133524571	-3.91162835095461	1.09158671542785	-3.58343345120449	0.000339107189563408	0.0137958013017472
TRINITY_DN6600_c0_g1_i2	13.9848987512788	7.21502756899964	2.21600834491029	3.25586660608524	0.001130468492571	0.0342128677239484
TRINITY_DN6609_c0_g1_i2	16.9774986335579	-7.66157859009477	1.65296175653212	-4.63506101082981	3.56832220103231e-06	0.000319064644807225
TRINITY_DN6614_c0_g3_i1	6.35473554406653	6.0756591875388	1.94692306033281	3.12064678431629	0.00180454338972111	0.0484372005542104
TRINITY_DN662_c1_g1_i45	60.1885355857137	-3.24745243758129	0.82041373436468	-3.95831066881893	7.54817392723138e-05	0.00402798559059313
TRINITY_DN662_c1_g1_i49	283.692288564594	11.557212361391	1.71429028351842	6.74168924160897	1.56555651253692e-11	1.05164714805178e-08
TRINITY_DN6620_c0_g1_i7	24.5529405717592	8.02680986908421	2.21719957316256	3.62024689443494	0.000294322037378744	0.0122995170694506
TRINITY_DN6620_c0_g2_i2	93.4560601272398	-6.70277877444935	1.74620423460313	-3.83848500743828	0.000123795771816531	0.00604652897511748
TRINITY_DN6620_c1_g1_i9	11.6846253489535	-7.12147215286718	2.05969991765124	-3.45752897877866	0.000545153607611665	0.0198211658932747
TRINITY_DN6624_c0_g1_i5	7.35635849364641	6.28738358551644	1.76568561694588	3.56087376210935	0.000369622765635929	0.0147253109149952
TRINITY_DN6637_c0_g1_i2	45.9425608944543	-7.2484931078862	1.51888975126599	-4.77223123129551	1.82196154073893e-06	0.00018154729512896
TRINITY_DN6645_c0_g1_i1	153.592551266925	-2.56846546674099	0.759358584722825	-3.38241447244388	0.000718516476206032	0.024550426690844
TRINITY_DN6654_c0_g1_i2	36.0075808035233	-8.7459610788799	1.6564336920461	-5.2799946782515	1.29187638692767e-07	1.93205258305512e-05
TRINITY_DN6668_c0_g1_i52	27.4687695314814	8.18867396516361	1.78219607475214	4.59470990940347	4.33351704623148e-06	0.000375948175947092
TRINITY_DN6679_c1_g1_i13	8.83656674814879	6.55231321418097	1.70571270563149	3.84139321501692	0.000122337955678198	0.00598308199841308
TRINITY_DN669_c1_g1_i22	175.880596836383	9.90441071016754	2.89306049250771	3.4235062612128	0.000618188276613511	0.0218285302955656
TRINITY_DN669_c1_g1_i4	7.41516272226246	-6.46833982468807	1.95983262115965	-3.30045523013119	0.000965281131683471	0.0305113011710668
TRINITY_DN669_c2_g1_i8	28.6902341614596	-6.53064274512227	1.98749196758208	-3.28587126471119	0.00101667463400116	0.0316416107638416
TRINITY_DN669_c4_g1_i5	37.2397690939145	8.62780887707056	1.83775620517134	4.6947515958822	2.66930892085082e-06	0.000252898273184944
TRINITY_DN6690_c0_g1_i16	154.147139039476	10.6772030522488	1.61323513373116	6.61850391737637	3.62852295224347e-11	2.04401954945779e-08
TRINITY_DN6690_c0_g1_i17	228.666132210356	-11.4131466014891	1.60758553513505	-7.09955790970109	1.25156595006542e-12	1.4100642619817e-09
TRINITY_DN6690_c0_g1_i3	19.791640859978	7.71604644890532	1.66222020167314	4.64201219618109	3.45032489455548e-06	0.000309496340700795
TRINITY_DN6691_c0_g2_i1	16.1620829603495	7.42321289224884	1.85812507203165	3.99500173803283	6.46937783611618e-05	0.00356123445209215
TRINITY_DN6694_c0_g1_i27	14.7878790168045	-5.59641337424995	1.61593987654762	-3.46325593883259	0.000533680500353927	0.0195216168480113
TRINITY_DN670_c0_g1_i15	136.731210819571	-10.6712017496713	3.34424704105464	-3.1909131169646	0.00141823922249821	0.0406224309175435
TRINITY_DN671_c0_g1_i10	35.1842482205182	-8.71247325610472	1.6673676782625	-5.2252861619482	1.73885973523161e-07	2.52024305158835e-05
TRINITY_DN6715_c0_g1_i15	7.04141638153001	6.22430937279765	1.75534667906451	3.54591457461544	0.00039125301851776	0.0152985180743701
TRINITY_DN6715_c0_g1_i5	7.21134533215438	-6.42687621786327	1.87181721987788	-3.43349561571112	0.000595851839986196	0.0212440037025965
TRINITY_DN6715_c0_g1_i7	12.495417560325	-7.21966557834842	1.67371169224566	-4.31356583800977	1.60642271128728e-05	0.00111261890375699
TRINITY_DN6718_c0_g1_i4	40.2489545148173	8.73980196626122	2.14506351847622	4.0743790992584	4.61372737206522e-05	0.00266838285752749
TRINITY_DN6721_c0_g1_i2	15.838828165791	6.41885775620838	1.53196911826105	4.18993939218205	2.79028973221823e-05	0.00175819464424292
TRINITY_DN6724_c0_g1_i3	222.384606884708	-11.3727816075487	3.54202828356768	-3.21081050095217	0.00132361187324587	0.0384867708415449
TRINITY_DN6726_c0_g1_i5	27.6462396323914	-8.36442282977595	1.73439750248907	-4.82266770897213	1.41650841181454e-06	0.000147585854231203
TRINITY_DN6739_c0_g1_i1	74.6200658421199	9.63050027850986	1.69562888922695	5.67960379756236	1.35007101598869e-08	2.92508463356442e-06
TRINITY_DN675_c0_g1_i9	664.163524662162	12.7842966750618	3.55198291564414	3.59919993386101	0.000319197715649624	0.0131376369103565
TRINITY_DN6755_c0_g1_i20	591.902993219538	12.6181228561337	3.53814821407377	3.56630703200682	0.000362047175900482	0.0144712688123174
TRINITY_DN6755_c0_g1_i8	20.8703479597023	-7.95973765784228	1.64722596954912	-4.83220748396834	1.3502742210663e-06	0.000141909789964751
TRINITY_DN676_c0_g1_i3	310.152976684351	-11.8529324172987	1.6254821162901	-7.29194883075742	3.0550320178064e-13	5.06164893020795e-10
TRINITY_DN6770_c0_g1_i7	12.9452476155136	7.10373386041071	1.80160441483191	3.94300424772966	8.04672296191895e-05	0.00424957498022642
TRINITY_DN6772_c0_g3_i1	7.24176973927006	-6.43299276011931	1.72559222175316	-3.72799128265861	0.000193012052693778	0.00867968729564602
TRINITY_DN6773_c0_g1_i1	218.736143071489	-7.1851424990469	1.60727015648054	-4.47040123906755	7.80729895828219e-06	0.000618276614223925
TRINITY_DN6774_c1_g1_i6	22.665847630149	-8.07871085678467	1.76488636685223	-4.57746799370063	4.70637770003667e-06	0.000402122308090864
TRINITY_DN6774_c1_g1_i7	8.35922900784049	-6.63892977930968	1.72423977598384	-3.850351831445	0.000117948267877752	0.00582149108594295
TRINITY_DN6778_c0_g1_i10	15.7381283477494	7.38539232093164	1.66793234456214	4.42787283609541	9.51669780926624e-06	0.000716065833915742
TRINITY_DN6781_c0_g1_i2	8.9766320374461	-6.73999193281219	1.78631438947076	-3.77312749230501	0.000161213852531883	0.00752194815639926
TRINITY_DN679_c0_g1_i14	124.930958026799	-10.5409116773685	1.65180893614705	-6.38143519307741	1.75435963806803e-10	7.76125029829697e-08
TRINITY_DN68_c1_g1_i4	17.1215160660463	-7.67460155894027	1.74345267414046	-4.4019557701639	1.072794297917e-05	0.000793079375200267
TRINITY_DN6804_c0_g1_i23	20.4985247480384	7.76627299679549	1.68320478716558	4.6139798650843	3.95030710862356e-06	0.000346258350689288
TRINITY_DN6804_c0_g1_i4	12.3049146195978	7.03020402626903	1.96974475197345	3.56909392408615	0.000358217993162089	0.0143726039820561
TRINITY_DN681_c1_g1_i2	2345.88113155428	-7.16531658834266	1.86054055673768	-3.8512015029151	0.000117539734491005	0.00580471799241432
TRINITY_DN681_c12_g1_i2	13.7795809187455	-7.36053430838215	1.76400641003608	-4.17262333430615	3.01112507892844e-05	0.00187083858028894
TRINITY_DN6819_c0_g1_i3	35.251718120312	-2.21865620985776	0.641246808284727	-3.45990994605096	0.000540356068132227	0.0196890931630172
TRINITY_DN6841_c0_g1_i11	12.3509983928044	7.03621306874713	1.97103712429645	3.56980240606003	0.000357250596426001	0.0143417282160055
TRINITY_DN6842_c0_g1_i12	31.1394178201025	-8.53601565037732	1.75660175417141	-4.85939150983244	1.17747083663569e-06	0.000126905523920973
TRINITY_DN6842_c0_g1_i5	7.46330030280475	6.30870222128314	1.88846279963157	3.34065474973293	0.000835810872873531	0.0275231282681479
TRINITY_DN6849_c0_g2_i2	130.727510027495	10.4393930378318	1.94783306615632	5.35949061509259	8.3456929116083e-08	1.3509470491285e-05
TRINITY_DN6865_c1_g1_i5	24.5553895470755	6.06871310425721	1.60171534385322	3.78888366621863	0.000151325751255893	0.00714741382315287
TRINITY_DN6871_c0_g1_i7	116.506653464989	10.2733311045019	2.04201930684007	5.03096668581424	4.88012949021815e-07	6.08202332838426e-05
TRINITY_DN6875_c0_g1_i8	26.3478050424499	-8.29456362319549	1.87505736373226	-4.42363192915088	9.70553178742407e-06	0.000727037256182411
TRINITY_DN688_c4_g3_i2	3429.81703556807	-3.89681658223863	1.00713292555143	-3.86921774015582	0.000109185101949648	0.00545267301686844
TRINITY_DN6880_c0_g2_i4	8.31767993903877	-6.62990306496776	1.85769217814144	-3.56889216791598	0.000358493928941394	0.0143768486035548
TRINITY_DN6886_c1_g1_i1	6.37231135761232	-6.24499491391336	1.95815720733862	-3.1892204009509	0.00142657066329654	0.0407995062040303
TRINITY_DN6886_c2_g1_i10	15.8916680400902	-7.5659425632264	1.66073300174761	-4.55578503905485	5.21902889439377e-06	0.000442324476949333
TRINITY_DN6902_c0_g1_i22	14.7840586845652	-7.46339125032356	1.85775151230835	-4.01743247192941	5.88356877034714e-05	0.00327814502245547
TRINITY_DN6905_c0_g1_i7	6.28153005924177	6.05950163032466	1.81691291176934	3.33505342555127	0.000852830126329159	0.0279745496950937
TRINITY_DN691_c0_g1_i16	1967.40280939883	-8.03974741251812	2.26614817512302	-3.54775892449384	0.000388523659063297	0.0152514543725661
TRINITY_DN691_c0_g1_i19	788.829346158294	26.0822246850842	3.67705724275565	7.09323324690417	1.31014362486354e-12	1.45663836860157e-09
TRINITY_DN6914_c0_g1_i18	10.9093897665852	-7.02379136306979	1.98856559907756	-3.53208934436355	0.000412290032840586	0.0159148849680054
TRINITY_DN6917_c1_g1_i6	11.2261967766074	6.8978899648491	1.76129134398802	3.91638214108886	8.98877282203654e-05	0.00466830562948029
TRINITY_DN692_c0_g4_i1	32.0720235902852	-2.8423533112588	0.857322674367542	-3.31538333959923	0.000915175309071242	0.0294144097626101
TRINITY_DN692_c3_g1_i1	20.5696028616483	-7.93877698384731	1.72203147379915	-4.61012304631852	4.02430711237085e-06	0.000352379173451929
TRINITY_DN6920_c0_g1_i6	26.451181301441	-8.30042462712341	1.74374482600383	-4.76011426863737	1.93483383651954e-06	0.000191215894173367
TRINITY_DN6921_c0_g1_i1	28.4506855187925	-2.77609694560733	0.807919355727751	-3.43610649494428	0.000590138950793301	0.0210758922502673
TRINITY_DN6925_c0_g1_i10	12.5575411231969	-7.22575973837045	1.92817075341792	-3.747468799411	0.000178628047668173	0.0081411611498734
TRINITY_DN6936_c0_g1_i10	51.1414591972935	9.0854417215328	1.64432542260905	5.52533068978339	3.2886558664142e-08	6.08063114661417e-06
TRINITY_DN6936_c0_g1_i8	9.0824873130648	-6.75732170311168	1.75813412119475	-3.84346200989474	0.000121310785464938	0.00594577653724844
TRINITY_DN6943_c0_g1_i2	10.7888401694604	-5.11866938624593	1.42179638708102	-3.60014235002712	0.000318043016432794	0.0131033968759663
TRINITY_DN6955_c1_g1_i1	29.1204029713385	8.27304086314567	1.6360557137341	5.05669873812761	4.2657629982146e-07	5.46134002762329e-05
TRINITY_DN6959_c0_g1_i25	6.55993703371964	6.12240791195253	1.84987833904827	3.30962733208844	0.000934202631852785	0.0298217808788427
TRINITY_DN6960_c0_g1_i3	132.133864806069	10.4549047887495	1.61946367274651	6.45578222265312	1.07661338512009e-10	5.11854056785621e-08
TRINITY_DN6962_c0_g2_i12	42.9298763542974	-6.50115343718236	1.49038595232155	-4.36206032877296	1.28843328359209e-05	0.000925765608817722
TRINITY_DN6962_c0_g2_i13	22.0538371645555	7.87181861426381	1.82131991438309	4.32204059929258	1.54592732642649e-05	0.00107867685572572
TRINITY_DN697_c1_g1_i3	10.4528724101654	6.79403410478545	2.05368830810004	3.30821092859555	0.000938940620737274	0.0298963143794372
TRINITY_DN6978_c1_g1_i1	17.5830982415823	7.54482718962805	1.96097667678702	3.84748440863148	0.000119336869152699	0.00588315447471689
TRINITY_DN6990_c1_g1_i6	6.02328933077313	5.9984302936048	1.88922312643251	3.17507773945785	0.001497963639735	0.042177584681882
TRINITY_DN6991_c0_g2_i2	7.20745593437504	6.2578430935664	1.77950488258133	3.51662035593228	0.000437078450483221	0.016643647998617
TRINITY_DN6992_c0_g1_i11	11.4733590163736	6.92939097146386	2.17862919742671	3.1806197124543	0.00146960406003033	0.0416148136274943
TRINITY_DN6999_c0_g1_i18	76.1286074715841	-9.8263602964793	1.75107114925618	-5.61162823147039	2.00431680023901e-08	4.00380049613702e-06
TRINITY_DN700_c0_g1_i27	309.82625095405	11.6843663229578	1.64316823983065	7.11087643962863	1.15308338406664e-12	1.33470191488854e-09
TRINITY_DN700_c0_g1_i48	196.392363912227	-11.1936620690436	1.61012164314964	-6.95205987489687	3.59990541411601e-12	3.34269019430741e-09
TRINITY_DN701_c0_g1_i13	50.576767916948	-9.23629675478217	1.64311799752293	-5.62120113631906	1.89634330722692e-08	3.82427724997757e-06
TRINITY_DN7028_c0_g1_i4	5.46310524769367	-6.02811169824647	1.8532309573441	-3.25275793303468	0.00114290815035312	0.0344659003884861
TRINITY_DN7031_c0_g1_i2	27.6670544685587	-8.36515960461139	2.03489309161271	-4.11085950367139	3.94189013648182e-05	0.00233215098949138
TRINITY_DN7062_c0_g1_i35	18.5584274327354	-7.79159197824047	1.96008042207294	-3.97513892312655	7.03381853872592e-05	0.00380745418888702
TRINITY_DN7067_c0_g1_i9	4.74588620588494	5.65489980435047	1.80288370808774	3.13658600329161	0.00170927297123708	0.0465303310320845
TRINITY_DN707_c0_g1_i22	9.61625366776792	6.673598630095	1.88591785263049	3.53864757194308	0.000402182410300038	0.0156031264029075
TRINITY_DN707_c1_g1_i11	20.3421204382205	-7.92249248122531	1.64388313606744	-4.81937694195086	1.44007245095749e-06	0.000148939096647498
TRINITY_DN709_c0_g1_i4	103.180688084171	-5.15103650886092	1.42032288476216	-3.62666585473167	0.000287104434707812	0.0120815490657075
TRINITY_DN711_c0_g1_i18	167.249950085314	7.10311246596454	2.20098202115156	3.22724692782732	0.00124987548601416	0.0369014601038521
TRINITY_DN7111_c1_g1_i1	188.24062797717	-10.169787359983	1.61045256086333	-6.31486304354797	2.70400833519101e-10	1.11455266491205e-07
TRINITY_DN712_c0_g1_i4	321.251714829816	-11.9034733298561	3.45396416975547	-3.44632218078245	0.000568272415989721	0.0204244502791576
TRINITY_DN712_c0_g1_i5	284.107380637255	11.5592169452866	3.45700492091402	3.34370855978718	0.000826665310449917	0.0273284684672915
TRINITY_DN7126_c0_g1_i1	206.13971869934	-11.2634100348194	3.4035714698281	-3.30929147064106	0.00093532410894126	0.0298350383379836
TRINITY_DN713_c1_g1_i10	9.22786442491549	-6.7797979314639	1.91286565700342	-3.54431473357345	0.000393635042359971	0.0153703206142943
TRINITY_DN7132_c0_g1_i2	214.635353544297	11.1546714712334	3.42749505270889	3.25446756295604	0.00113605132839051	0.0343203665163894
TRINITY_DN715_c0_g1_i27	9.52388047800892	6.66087875188694	1.71256414744436	3.88941854343201	0.000100484688614774	0.00510261731885284
TRINITY_DN715_c1_g1_i4	13.2868562154362	-6.33071820106113	1.54617526887929	-4.09443762843898	4.23194313836808e-05	0.00247467634121679
TRINITY_DN715_c3_g1_i1	40.6790013469724	8.7553159834203	1.78078440576525	4.91655023206355	8.80826040672402e-07	0.000100037686538625
TRINITY_DN715_c6_g1_i1	10.7799867816423	6.83934695684366	1.68511442365315	4.05868400438747	4.93500395384813e-05	0.00282518945861965
TRINITY_DN7161_c0_g1_i1	13.075284148014	5.21700173142323	1.54901277216304	3.36795268907835	0.000757285901173284	0.0255038437932803
TRINITY_DN7161_c0_g1_i10	4.46066916451183	-5.7319312483102	1.79838947369033	-3.18725800621384	0.00143628590847243	0.0409208703778692
TRINITY_DN7161_c0_g1_i14	33.2790690285311	-8.63270580358395	1.62922099658245	-5.29867085048156	1.16648696384053e-07	1.76641246363078e-05
TRINITY_DN7161_c0_g1_i17	7.9378351379354	-6.56653701096295	1.77209476021162	-3.7055225027463	0.000210955398569028	0.0093375114029784
TRINITY_DN7161_c0_g1_i19	30.9021152938035	8.35852851515037	1.6744716181576	4.99174093159437	5.98374806674392e-07	7.26457965723747e-05
TRINITY_DN7161_c0_g1_i28	18.208550927501	-7.7632344326864	1.66978909783488	-4.6492305182448	3.33175679023579e-06	0.000301743606925342
TRINITY_DN7166_c0_g1_i19	58.9100424774104	9.28936237607463	1.9424559526444	4.78227697437792	1.73320638212361e-06	0.000175392183085845
TRINITY_DN7175_c1_g1_i1	21.0371369802742	-7.97087498216811	1.68988137414469	-4.71682515951895	2.39553381815259e-06	0.000231864623787237
TRINITY_DN7175_c1_g1_i4	16.9935065294031	7.49566691502459	1.69571577222391	4.42035572104994	9.85385585050657e-06	0.000735574165786683
TRINITY_DN7189_c0_g1_i18	30.1274883379805	8.32190486620131	1.66998162819836	4.98323138750892	6.25310990613352e-07	7.54821829783528e-05
TRINITY_DN721_c0_g1_i33	378.213998907712	3.43457107392292	0.962661381177392	3.56778732488701	0.000360008517039974	0.0143965923676497
TRINITY_DN721_c0_g1_i38	194.625926713218	-11.1805043808947	3.40028303245865	-3.2881099232526	0.00100862449617775	0.0314722129534812
TRINITY_DN7214_c0_g1_i11	515.028845065354	-12.5846062461907	1.93979164346325	-6.48760720698978	8.72102825312779e-11	4.25959216955371e-08
TRINITY_DN7214_c0_g1_i14	268.215181168116	-11.643338730997	1.69205573201816	-6.88117921335235	5.93591171155819e-12	5.06639058387115e-09
TRINITY_DN7216_c0_g1_i5	6.62661983426308	-6.30778854417314	1.8707854871233	-3.37173266929315	0.000746969148719512	0.0252419611716518
TRINITY_DN7216_c0_g1_i6	10.5260011104377	6.80537144587715	1.84249782197489	3.69355738970849	0.000221138573727122	0.00970185213021512
TRINITY_DN7219_c0_g1_i4	6.0309250860611	-6.16708654011188	1.77206043034785	-3.48017846033687	0.000501079889825571	0.018594751221116
TRINITY_DN722_c1_g1_i21	42.0230491673335	-8.96946358628075	1.87231368180444	-4.79057738745809	1.66302066684884e-06	0.000169712464139364
TRINITY_DN722_c1_g1_i3	215.601253135284	11.1611460338323	3.43978533022321	3.24472167950902	0.00117565469555462	0.0352431887131651
TRINITY_DN722_c1_g1_i5	183.107284427823	-11.0926967896317	1.90374185788266	-5.82678620197435	5.65049246911502e-09	1.41678134319074e-06
TRINITY_DN7230_c0_g1_i9	7.80508332844021	-6.53883649723096	1.80916655148342	-3.61428111296303	0.000301182140454536	0.0125427740286483
TRINITY_DN7243_c0_g1_i22	171.162521625802	-10.9952305466426	1.61803960862716	-6.79540258966316	1.08010477302037e-11	7.8615756491076e-09
TRINITY_DN7243_c0_g1_i9	166.94036287455	10.7922693955746	1.65092468372815	6.53710584252896	6.27206640124627e-11	3.33318909919816e-08
TRINITY_DN7243_c1_g1_i2	8.83570341662149	6.55153983886103	1.96832997850254	3.32847637866354	0.000873224096830711	0.0284959865324306
TRINITY_DN7254_c0_g1_i4	23.3767065250467	-8.1230825237298	1.65400102508641	-4.91117139622415	9.05339075777733e-07	0.000102135302036137
TRINITY_DN7273_c0_g1_i1	5.59003669858863	-5.05806504800867	1.61888625990176	-3.12441038835898	0.00178161780039038	0.0480114863762607
TRINITY_DN7278_c0_g1_i15	30.9953859375459	-8.52924733785864	1.81869506694973	-4.68976217775952	2.73522767288789e-06	0.000257373349558665
TRINITY_DN728_c0_g1_i3	2859.21422671254	-10.1383367897	1.99030627391566	-5.09385762511523	3.50850284176325e-07	4.62498398008286e-05
TRINITY_DN7281_c4_g1_i1	14.1376330993751	5.33356676885913	1.48930541800484	3.58124445421294	0.00034196150930913	0.0138851819383003
TRINITY_DN7299_c0_g1_i5	9.08006684308268	6.59198118080738	1.71363378123688	3.84678526589815	0.000119677771442895	0.00589308410919679
TRINITY_DN730_c0_g1_i46	161.559206811922	10.7449994241823	1.65193449138014	6.50449486965142	7.79548767994281e-11	3.89765158567934e-08
TRINITY_DN7316_c0_g1_i3	12.7061377873915	7.07692207660754	2.01782737057066	3.50719897044816	0.00045285040382368	0.0170749457484575
TRINITY_DN7322_c0_g1_i12	46.1230556830436	8.93655920178288	1.72361758940234	5.18476909073641	2.1628266257876e-07	3.04084066931448e-05
TRINITY_DN7322_c0_g1_i2	13.5041689303057	-6.35114738447928	1.83026619981387	-3.47006757002078	0.000520327448173792	0.0191910208274941
TRINITY_DN7348_c0_g1_i1	167.297000070648	-10.9622408494463	1.91473925032213	-5.7251873055833	1.03319684024344e-08	2.32808177618373e-06
TRINITY_DN7353_c0_g1_i10	7.61485516657752	-6.50178331846007	2.02879757404636	-3.20474718702099	0.00135181159482047	0.03913168076024
TRINITY_DN7357_c0_g1_i8	8.58017794950135	-6.67461373192443	1.93629654312535	-3.44710305641047	0.000566632391989116	0.0203741718545942
TRINITY_DN7374_c0_g1_i31	6.55118896576006	-6.29047194428173	1.87317259489423	-3.35819131746209	0.000784542922050587	0.0261714598608095
TRINITY_DN7392_c0_g1_i3	16.0800601373134	7.41596945340791	1.76729461495505	4.19622704140732	2.71398192433639e-05	0.00172296051572183
TRINITY_DN740_c0_g1_i6	76.6517145073445	9.66926792041875	2.23570150330466	4.32493689614929	1.52575532055142e-05	0.00106805266760387
TRINITY_DN740_c0_g3_i5	30.7563512726212	4.8995457014579	1.19601763785771	4.09654970493068	4.19353480541734e-05	0.00245561541225332
TRINITY_DN740_c1_g1_i14	333.914198890396	-11.9592245339488	3.4750693053736	-3.44143482705679	0.000578637845223186	0.0207176867142664
TRINITY_DN740_c1_g1_i68	355.203195609109	11.8814170633371	3.48872798845189	3.40565876808567	0.000660046219622782	0.0229422400105659
TRINITY_DN740_c2_g1_i5	41.2711490182773	-8.94308808861273	1.64380489630739	-5.44048025936796	5.31371279746517e-08	9.14456423544219e-06
TRINITY_DN740_c2_g1_i8	33.1107346967517	8.45810495102047	1.70863449985259	4.95021313905939	7.41322502272961e-07	8.65223498554583e-05
TRINITY_DN740_c6_g1_i1	10.1198931683604	6.74770862409767	1.8158857364646	3.71593238968602	0.000202455718579737	0.00904132847699999
TRINITY_DN740_c8_g1_i6	64.2427654087519	-7.72774578636426	1.48854494489949	-5.19147628887085	2.08633160486688e-07	2.95294552676786e-05
TRINITY_DN740_c8_g1_i9	24.2507420110275	8.00869400011558	1.86193266859854	4.30128013498128	1.69814215068882e-05	0.00116753145198457
TRINITY_DN7411_c2_g1_i3	5.71739499599867	5.92513510870559	1.85480709612531	3.19447511338682	0.00140085362540209	0.0402479869565541
TRINITY_DN7415_c0_g2_i5	26.4735715861203	-8.30186617871295	1.70966745203152	-4.85583682888049	1.1987938878855e-06	0.000128874918496882
TRINITY_DN7415_c0_g2_i6	8.81991882194865	-6.71665141681096	1.90424114387319	-3.52720633015492	0.000419969353423698	0.0161375945546137
TRINITY_DN7417_c0_g1_i7	7.82198898796408	-6.54221846258893	2.00337334845803	-3.26560122586456	0.00109231956278877	0.0333690594419832
TRINITY_DN743_c0_g1_i4	700.947343614874	-13.0292193575666	1.60354393910207	-8.12526494588139	4.46386257322952e-16	2.21874976301616e-12
TRINITY_DN7448_c0_g1_i4	34.0528889009517	-8.6659263624034	1.62877723817277	-5.32051047823163	1.03476488719858e-07	1.58685233100737e-05
TRINITY_DN7450_c0_g1_i9	24.7755679191118	8.040174323321	2.10175497581546	3.825457494255	0.000130529455699448	0.00631699767909046
TRINITY_DN746_c1_g2_i2	21.8842755579063	-8.02767612416126	1.66588717972039	-4.81885941730379	1.44381239747404e-06	0.000149143349586505
TRINITY_DN746_c10_g1_i6	97.3741096716808	-10.1814988802662	1.61734895433775	-6.2951775824007	3.07048138905916e-10	1.24138534168766e-07
TRINITY_DN746_c3_g2_i4	38.1512557549311	-3.55235192713389	1.09395686256679	-3.2472504617768	0.00116525796328765	0.0350024768510061
TRINITY_DN746_c3_g2_i7	23.0007251230459	-3.07939837323608	0.810512415206532	-3.79932289186638	0.000145091956164433	0.00689925723803167
TRINITY_DN746_c4_g3_i3	129.90298453691	-10.5972029992756	3.39955119817269	-3.11723588836424	0.00182555437956557	0.0488275574087673
TRINITY_DN747_c0_g2_i2	96.4232354520323	10.0003721297495	1.62469397231438	6.15523433961161	7.49665624748792e-10	2.56783157289743e-07
TRINITY_DN7494_c0_g2_i2	39.2817939319388	-8.87193533512457	1.90994396995938	-4.64512858736545	3.39864699603855e-06	0.000306487592178512
TRINITY_DN75_c2_g1_i8	16.0376017043514	7.41224878924074	1.79002247970337	4.14086910822988	3.45992364248593e-05	0.00209875540518863
TRINITY_DN750_c0_g1_i3	10.495158828992	6.80060774938829	1.68637460354107	4.03267917763247	5.51445400734638e-05	0.00310640223141836
TRINITY_DN7513_c0_g2_i3	18.7259501599794	-7.80233939679683	1.86847125226772	-4.17578776624329	2.96956589484638e-05	0.00185456303756636
TRINITY_DN7520_c0_g1_i1	106.179009105368	-10.3064525181948	1.6075501822374	-6.41127887146276	1.44303953221091e-10	6.5555889458472e-08
TRINITY_DN753_c0_g1_i42	36.8942406929392	-6.92834780298266	1.85646272180067	-3.73201558082596	0.000189953749143986	0.00856952049928912
TRINITY_DN754_c1_g1_i8	20.3953403132952	7.75914208677765	1.6519754981703	4.69688690623531	2.64156613087278e-06	0.000250794443737627
TRINITY_DN7540_c0_g2_i1	48.7532652035347	-5.12262581990964	0.902736206619825	-5.67455451808079	1.39050029457576e-08	3.00274391605801e-06
TRINITY_DN7548_c0_g1_i1	63.5213654323334	-3.17468652654784	0.855363843122441	-3.71150423538934	0.000206031219861184	0.00915311567604116
TRINITY_DN7557_c0_g2_i1	33.1536575920452	-6.13812260214451	1.72954601876461	-3.54897905898387	0.000386727834137688	0.015209924653967
TRINITY_DN7557_c8_g1_i1	13.4248313109778	-7.32212724081028	1.69189599214054	-4.32776439853524	1.50630470290443e-05	0.00105626335922007
TRINITY_DN7571_c0_g1_i17	32.1797170403066	-7.61450426053179	2.14485575364744	-3.55012417389045	0.000385049484069995	0.0151716669658965
TRINITY_DN7577_c0_g4_i2	429.256899559411	12.1546112243912	3.50352444631722	3.46925257997491	0.00052190853793938	0.0192325458520723
TRINITY_DN7580_c0_g1_i3	44.2245856721339	8.87595658588822	1.7074321458279	5.19842419950717	2.00985051373954e-07	2.84946893808664e-05
TRINITY_DN7589_c1_g1_i4	15.83393324321	7.39345427275309	1.93954361830815	3.81195565954961	0.000137871613029412	0.00660049606671913
TRINITY_DN7589_c1_g1_i8	6.47245611604676	-6.2699049785703	1.75200980876943	-3.57869285159661	0.000345317009987114	0.0140066396724974
TRINITY_DN7596_c0_g1_i11	6.23715101214316	-6.21406935188975	1.98548428269532	-3.12974995876275	0.00174955154157667	0.047367384223052
TRINITY_DN7603_c0_g1_i10	6.96696391682299	5.21221608907422	1.64497441028845	3.16856970933685	0.00153191007551837	0.0429482093484581
TRINITY_DN7611_c0_g1_i4	11.3714248099875	-7.08179866966149	1.77508698163538	-3.98955022651174	6.61987011268241e-05	0.00363224535572362
TRINITY_DN7617_c0_g1_i24	203.489878301283	11.0777463573633	3.4194905452359	3.23958970227218	0.00119701808350369	0.035715266249963
TRINITY_DN7617_c0_g1_i31	495.806933208655	10.0861187270057	2.99372243629984	3.36908946691526	0.000754169449225242	0.0254292937432699
TRINITY_DN762_c1_g1_i7	294.416394328348	-11.7776575091149	3.43411547656502	-3.4296043885209	0.000604461868215196	0.0214875132269447
TRINITY_DN763_c0_g1_i42	919.583805240553	-2.69383953707163	0.715916055973829	-3.76278687227836	0.000168030391717049	0.00776283873116852
TRINITY_DN7630_c0_g1_i1	1056.84945043236	2.70524272670871	0.634702465026084	4.26222186894694	2.02404335539952e-05	0.00136276984417967
TRINITY_DN7632_c2_g1_i2	8.46064851491549	-6.65581672873618	1.77987607362592	-3.73948322996281	0.000184398948902586	0.00836806787560188
TRINITY_DN7632_c2_g1_i8	5.75456302603386	5.9339927492217	1.8186667928475	3.2628256987806	0.00110307340312073	0.0335962883533839
TRINITY_DN7636_c3_g1_i5	6.29342309652367	-6.22756705654799	1.81751610168627	-3.42641644317216	0.000611601901166978	0.0216449279877596
TRINITY_DN764_c2_g1_i4	10.2888267640933	6.77147028224708	1.756693546396	3.8546679334818	0.000115886814696916	0.0057297858796138
TRINITY_DN7640_c1_g1_i2	12.4382471790711	-5.33465819055308	1.65877884438313	-3.21601532875646	0.00129983888968924	0.0379132126526699
TRINITY_DN7644_c0_g1_i1	10.7281716772986	-6.01956570719984	1.60692668636626	-3.74601141313538	0.000179668420329732	0.0081841629008203
TRINITY_DN7644_c0_g1_i4	11.9164025796179	-7.15159690854041	1.69832992164336	-4.21095855251745	2.54289402499999e-05	0.00163398828383612
TRINITY_DN7644_c0_g1_i5	25.4624992484259	2.60645125674104	0.708750619473448	3.67752942308178	0.000235503917479927	0.0102364249070056
TRINITY_DN7656_c0_g1_i2	29.9327051549953	-4.59014060172143	1.21525080543203	-3.7771138115721	0.000158656242994754	0.00741900122887147
TRINITY_DN7656_c0_g1_i3	17.2661806677234	7.51918355271602	1.94614491152183	3.86362983979246	0.000111714469328261	0.005546209887955
TRINITY_DN7661_c0_g1_i18	390.826621761834	-8.08738064427719	1.82958105589331	-4.42034564045508	9.85431555386548e-06	0.000735574165786683
TRINITY_DN768_c0_g1_i3	7.41442089167041	6.29964176663321	1.74919094453076	3.6014603130267	0.000316434733609636	0.0130510958756165
TRINITY_DN768_c2_g1_i9	6.4717604762295	6.1021575846662	1.82645365489735	3.34098681798151	0.000834811864926213	0.0275116743223616
TRINITY_DN7683_c0_g1_i1	31.9633736498838	8.40728094556473	2.21663604553085	3.79281071536996	0.000148951695937626	0.007051047845007
TRINITY_DN7686_c0_g1_i20	6.71031071723149	-6.31883601490535	2.01776635322289	-3.13159945640512	0.00173856888695226	0.0471002224461981
TRINITY_DN7698_c3_g1_i1	11.1656028089968	6.88983773588408	2.0888193871256	3.29843632166067	0.000972249293036406	0.0306770428539919
TRINITY_DN77_c0_g1_i9	400.848102724439	-3.54982227310402	0.931185335586547	-3.81215439874599	0.000137760774376085	0.00659907731828549
TRINITY_DN7705_c0_g1_i29	37.7075728031607	-8.81336721067021	1.88048039645047	-4.6867636734241	2.7755915819089e-06	0.00025915131214159
TRINITY_DN7713_c0_g1_i4	6.17735105452344	-6.20195657558381	1.74822118644072	-3.54758117776313	0.000388785920595841	0.0152514543725661
TRINITY_DN7713_c0_g1_i7	122.292759874453	-10.5102554405827	1.60661975152801	-6.54184378760856	6.07649572687449e-11	3.27039322248051e-08
TRINITY_DN7714_c1_g2_i4	26.6794306588662	-8.31362045064785	1.81506193346952	-4.58035083946487	4.64196580538754e-06	0.000397806112194358
TRINITY_DN7743_c0_g1_i2	14.3106639086221	-5.53678052110317	1.50864206458188	-3.67004251776426	0.000242510127992011	0.0104923813594823
TRINITY_DN7748_c0_g1_i1	7.08738012902482	-6.4035691289399	1.80400950837157	-3.54963158410414	0.000385770617596904	0.0151895832459008
TRINITY_DN7749_c0_g1_i2	114.718441669615	4.38747767192207	1.02002652706394	4.30133683341653	1.69770762572823e-05	0.00116753145198457
TRINITY_DN7749_c0_g1_i8	17.818869223443	5.67364964864441	1.57974164017765	3.59150477796253	0.000328774147819892	0.0134661938645106
TRINITY_DN7749_c0_g1_i9	729.121428012099	2.58571540995312	0.664213907139795	3.89289562015888	9.90547789767356e-05	0.00504820911578782
TRINITY_DN775_c1_g2_i2	53.7026416751895	-9.32282412400825	1.72108037228591	-5.41684413704971	6.06601757313767e-08	1.021048511743e-05
TRINITY_DN775_c2_g1_i7	97.1421563044322	10.0109879293581	1.71212244817691	5.84712147195893	5.001522802387e-09	1.28847156632956e-06
TRINITY_DN7752_c0_g1_i8	11.1945599843413	-7.06021682340814	2.24424908258319	-3.14591498697713	0.0016556812380734	0.045527751622988
TRINITY_DN7760_c0_g1_i10	6.99174161978765	-6.38130223777204	1.7305213534789	-3.68750274299915	0.000226465653194534	0.00990470743459198
TRINITY_DN7760_c0_g1_i3	7.71814930553658	6.3575224238269	1.78737499329536	3.55690464937389	0.000375250280706535	0.0148933293654959
TRINITY_DN777_c0_g1_i1	88.4745255317668	-10.0433579470257	1.84074425139482	-5.45613978661915	4.8659691292456e-08	8.49513759262386e-06
TRINITY_DN777_c0_g1_i13	50.1812083527045	2.37196564885466	0.714649036297554	3.31906366395359	0.000903198351757605	0.029095865164626
TRINITY_DN777_c0_g1_i2	54.8551479884325	-9.35387743186345	1.88396714281707	-4.96498968547654	6.87047213305829e-07	8.11945670348474e-05
TRINITY_DN7791_c0_g1_i4	11.41266981918	6.92121535298526	2.15211032624001	3.21601326316641	0.00129984824557723	0.0379132126526699
TRINITY_DN7798_c0_g2_i3	7.07266111624175	6.23054758414586	1.86873516011255	3.33409876216522	0.000855762666417388	0.0280598501307475
TRINITY_DN78_c1_g1_i13	72.3174073457701	-9.75207505157321	1.69853621392307	-5.74145842263148	9.38646066217551e-09	2.14361392711488e-06
TRINITY_DN7813_c0_g1_i4	57.3749319804638	-5.52603528528049	1.42809712259648	-3.86950943170686	0.000109054562744052	0.00544937459653866
TRINITY_DN7839_c0_g1_i9	13.596879064676	-7.34260391876897	1.7945146726823	-4.09169344254723	4.28234513392619e-05	0.00249896131993436
TRINITY_DN7839_c1_g1_i3	20.7341476208408	7.78274202575185	2.25391683088524	3.45298545141753	0.000554418903415696	0.0200373346881178
TRINITY_DN7841_c0_g1_i5	20.1815519245615	7.74404179595239	1.65720128344469	4.67296391410913	2.96883944502807e-06	0.000272971703401504
TRINITY_DN7845_c0_g1_i7	30.8062674096744	-5.65591366411558	1.74127073267551	-3.2481529482926	0.00116156813641828	0.0349288912423744
TRINITY_DN7854_c0_g1_i4	23.0228359124472	-8.10145493667344	1.94527693319742	-4.16467948517604	3.11790264207396e-05	0.00192163776404059
TRINITY_DN7855_c0_g1_i3	33.4158609295818	8.4712731074824	1.73448886542648	4.88401700140027	1.03946106282868e-06	0.000114068027125842
TRINITY_DN7855_c0_g1_i5	27.1334171297639	-8.33792430370587	1.64375463241248	-5.07248718226795	3.92649590869841e-07	5.09648312278338e-05
TRINITY_DN7859_c0_g1_i6	26.4823581924859	-8.30281681421126	1.63795494508477	-5.06901416252419	3.99881477111537e-07	5.17445406630485e-05
TRINITY_DN7859_c0_g2_i1	10.1692962824906	-6.92324985501008	1.71714225656287	-4.03184408778575	5.53408975292722e-05	0.00311124095770355
TRINITY_DN7868_c0_g1_i12	16.5766057873721	7.46037123376267	1.78193247199383	4.18667449581585	2.83071325862161e-05	0.00177836140466177
TRINITY_DN7868_c0_g1_i34	7.85913466271162	6.38255266765723	1.83176058429794	3.48438148651587	0.000493275861956326	0.0183292980578653
TRINITY_DN7868_c0_g1_i7	38.9822115213545	-8.86082065024249	1.62808872596756	-5.44246791278319	5.25474280331625e-08	9.08006661338684e-06
TRINITY_DN7882_c0_g1_i5	14.6118555194916	-7.44610413568066	1.74059705253638	-4.27790230072508	1.88662786612734e-05	0.001280452059695
TRINITY_DN7909_c0_g1_i4	11.2394254844215	-7.06706332340533	1.74052249947244	-4.06031138669415	4.90073129810747e-05	0.00281128304974531
TRINITY_DN7927_c0_g1_i1	14.9820950768355	-7.48319776916514	1.98015532387738	-3.77909635619501	0.000157398513294566	0.0073847082600579
TRINITY_DN7931_c0_g1_i28	24.2029563705511	8.00609400796765	1.64626650042732	4.86318224047535	1.15513401531823e-06	0.000125136556444051
TRINITY_DN7931_c0_g1_i7	13.8427677882972	-7.36619377160303	1.69588214166341	-4.34357647305484	1.4018164858328e-05	0.00099371383741527
TRINITY_DN794_c0_g1_i5	101.438763282952	10.073445232741	1.74860181904182	5.76085711626499	8.36878632701758e-09	1.97195776737756e-06
TRINITY_DN7967_c0_g1_i9	9.72114684001622	-6.85652401217821	2.01245930010246	-3.40703735565192	0.00065672138252754	0.0228642947592963
TRINITY_DN7971_c0_g1_i13	34.3813143902015	8.5124919292205	1.70855747994462	4.98226839257196	6.28431869847395e-07	7.553518654106e-05
TRINITY_DN7977_c0_g2_i1	16.6915733832835	4.49800195320654	1.24205926489129	3.62140686869739	0.000293005284494908	0.0122566141233915
TRINITY_DN7980_c5_g1_i1	6.277160079513	-5.22952348574029	1.59677452238967	-3.2750544378138	0.00105641614357073	0.0325666002551767
TRINITY_DN7984_c0_g1_i2	23.9261408495801	7.98979571479262	1.71684603385504	4.65376367900164	3.25930338415251e-06	0.000296133997154967
TRINITY_DN7987_c0_g2_i1	19.7230188089118	-5.9677302987728	1.51980694199398	-3.92663708388064	8.61418056993315e-05	0.00450142875570941
TRINITY_DN799_c0_g1_i11	137.495354788208	10.512178266551	3.37769280393618	3.11223633312676	0.00185675791566847	0.0495553791402887
TRINITY_DN80_c10_g2_i3	5.14553942083756	-5.93810854636341	1.78831254805798	-3.32050935548818	0.000898533475344051	0.0290341421031058
TRINITY_DN80_c12_g1_i1	5.43395558921855	-6.015155727481	1.83383104480041	-3.28010355399762	0.00103768990911463	0.03211821316497
TRINITY_DN80_c2_g1_i10	46.458167027263	-9.11400571065229	1.71012610562086	-5.32943487658382	9.85188384662592e-08	1.52942895764056e-05
TRINITY_DN80_c6_g2_i1	32.6470839446538	-8.60516425468501	1.6503124601362	-5.21426363948973	1.84548844830675e-07	2.64305225262753e-05
TRINITY_DN80_c7_g1_i1	7.70277577960518	6.35482857989563	1.72884499971123	3.6757653699187	0.00023713739567805	0.0102862606057515
TRINITY_DN80_c9_g1_i1	171.633145982492	-10.9991052214193	1.94653382239949	-5.65061089350134	1.598786257806e-08	3.36055326398237e-06
TRINITY_DN80_c9_g1_i12	165.344634903324	6.5698371996666	1.85296659074009	3.54557779535709	0.000391753331402835	0.0153109958357432
TRINITY_DN800_c0_g1_i12	6.69784082625132	-6.31680601328094	1.8287411793915	-3.45418262817421	0.000551963455239696	0.0199785679760701
TRINITY_DN800_c1_g1_i1	99.5570813003157	-10.2132047685667	2.07094674228253	-4.93165978634005	8.15338327927305e-07	9.38616594457785e-05
TRINITY_DN8001_c0_g2_i5	18.8656515553661	4.68538789583102	1.20242400846252	3.89661871590704	9.75450035383809e-05	0.00499234264626657
TRINITY_DN8001_c4_g1_i1	4.72639867553111	-5.82073893795434	1.87163650205652	-3.10997297368298	0.00187104462782941	0.0498265140127101
TRINITY_DN801_c1_g1_i5	33.0659297934456	-3.76212792620619	1.03561422228614	-3.63275034780927	0.000280416295619693	0.0118473080736364
TRINITY_DN801_c3_g1_i1	6.53845382198859	-5.29163531130027	1.65017285095572	-3.20671577419028	0.00134259574900331	0.0389315908027735
TRINITY_DN803_c1_g2_i4	39.4912802587139	-8.87963108857157	1.62558275076947	-5.46242944837375	4.69662212395315e-08	8.25062736444477e-06
TRINITY_DN803_c1_g2_i8	40.9782410507672	-8.93281697040547	1.99900668914758	-4.46862785347388	7.87229536822086e-06	0.000622257449975609
TRINITY_DN8047_c0_g1_i1	8.79324498365953	6.54460670773696	1.82543170336886	3.58523778000502	0.00033677122873125	0.0137272046721337
TRINITY_DN8083_c0_g1_i1	8.03354412782615	-6.5839898814806	1.96684867500896	-3.34748166706348	0.000815493814672742	0.0270437976264589
TRINITY_DN81_c1_g1_i1	102.102483876385	-10.2501423491396	1.6661058723718	-6.15215546569556	7.64368932525035e-10	2.59883283858372e-07
TRINITY_DN81_c1_g1_i4	130.086921325819	5.60223831739436	1.47040046026633	3.81000854446116	0.000138961989047026	0.0066460106803521
TRINITY_DN8101_c0_g1_i2	51.7707773912867	-9.26997134537566	1.62647356755999	-5.69942944678917	1.20209060402956e-08	2.65206923914595e-06
TRINITY_DN8122_c0_g1_i1	61.7215533372399	9.35680387825575	1.77707495943184	5.26528373414662	1.399730074591e-07	2.06052947461307e-05
TRINITY_DN814_c0_g1_i36	22.7121993208305	-8.08121319004515	1.71655559315314	-4.70780743850001	2.50395465025913e-06	0.000239613997777572
TRINITY_DN8140_c0_g1_i13	16.559858528921	-7.62435936029834	1.75562267263287	-4.34282347747551	1.40663153183834e-05	0.000996291292349338
TRINITY_DN8140_c0_g1_i8	7.04580664834183	6.2266628269004	1.83256387215877	3.39778761411757	0.000679331373342128	0.0234164761499726
TRINITY_DN815_c1_g1_i14	14.3625094032848	-7.42171064028359	2.37882461660676	-3.11990660785669	0.00180908387607808	0.0484820708407375
TRINITY_DN8152_c0_g1_i12	14.1895682043502	-7.40283695858583	1.8927505365826	-3.91115301013298	9.18565534204586e-05	0.00475885656095764
TRINITY_DN8166_c1_g1_i1	5.43319993574508	5.85142086238656	1.78321819594309	3.28138243300726	0.00103299578650556	0.0320315882451915
TRINITY_DN8166_c1_g1_i2	9.98808061902249	-6.89566567896291	1.81767155191374	-3.79368080647066	0.000148430458554956	0.00703425512449616
TRINITY_DN817_c0_g1_i21	344.538072434019	-12.0045157758142	1.69798477273225	-7.06986067754753	1.55089326824922e-12	1.65882758709522e-09
TRINITY_DN817_c0_g1_i22	1106.88283030801	-2.99817913421741	0.847037214127541	-3.53960733272572	0.000400722782317984	0.0155801977284552
TRINITY_DN817_c0_g1_i23	537.305389026016	12.4786513858226	1.67852598746427	7.43429144321676	1.05129951900268e-13	2.22081766891721e-10
TRINITY_DN817_c0_g1_i24	65.555504521415	-4.93190999834033	1.55092314985471	-3.17998348196837	0.00147283447490585	0.0416923174072342
TRINITY_DN8170_c0_g2_i3	5.51522275878115	5.87177104607246	1.8689553899283	3.1417395394856	0.00167947365671184	0.0459966632980332
TRINITY_DN8181_c0_g1_i4	130.694747619398	10.4390834048769	1.65011521947912	6.32627545134217	2.51149329163126e-10	1.04027529488362e-07
TRINITY_DN8181_c0_g1_i5	146.132461041603	-10.7671023505421	1.6397288172866	-6.56639209912732	5.15489693941382e-11	2.79216975376019e-08
TRINITY_DN8192_c0_g1_i1	91.7780817839692	5.86318097418728	1.8589663821683	3.15400054053074	0.0016104878754664	0.0446173785249704
TRINITY_DN8192_c0_g1_i10	159.618691610846	5.79120455276899	1.54154605814947	3.75675090741108	0.00017213367943488	0.00791777443924251
TRINITY_DN8192_c0_g1_i12	70.334244536666	6.9835624446861	1.59180288313612	4.38720303793351	1.14817598751294e-05	0.000841444705922536
TRINITY_DN8192_c0_g1_i2	453.517590388794	3.56071062649438	1.10609237793279	3.21918014944566	0.00128557691869202	0.0376921160567794
TRINITY_DN8192_c0_g1_i3	7.04973603689237	6.22611298921098	1.94640774152922	3.19877118055406	0.00138014663724589	0.0397612105537003
TRINITY_DN8192_c0_g1_i4	24.3111055395075	8.01223018322823	1.85635614921067	4.31610614516781	1.58805638243819e-05	0.00110260959904078
TRINITY_DN8192_c0_g1_i6	195.07560086591	9.02383811241216	2.45821866747732	3.67088503223867	0.000241712052674527	0.0104632095424653
TRINITY_DN820_c0_g2_i4	70.572403089055	-9.71724715903654	1.64357336749629	-5.91226856750491	3.37427764451414e-09	9.16783641177351e-07
TRINITY_DN820_c1_g1_i6	75.7809014812021	-6.64723758777072	1.64511659938654	-4.04058751230732	5.33174645274703e-05	0.00301352449340614
TRINITY_DN822_c0_g1_i11	628.680805287034	-2.51135308021798	0.733405351730207	-3.42423609848679	0.000616530323870019	0.021779088338783
TRINITY_DN822_c0_g1_i8	46.4567267443677	-9.11427617687579	2.33535033373954	-3.90274471679857	9.51079992082639e-05	0.00488537125659567
TRINITY_DN822_c1_g1_i1	12.5855714444068	-7.22962800648103	1.671714702731	-4.32467812520303	1.52754733821886e-05	0.00106805266760387
TRINITY_DN8221_c1_g1_i5	6.71060306063327	6.15516512265177	1.79375324441836	3.43144473288333	0.000600375450292436	0.0213692185336185
TRINITY_DN8225_c0_g1_i7	19.9788661467014	-7.89556393169054	2.23798613585173	-3.52797714213079	0.000418748314985478	0.0161053232224137
TRINITY_DN8227_c0_g1_i12	10.8251578416484	-7.01114740395658	2.09511829107834	-3.34642078865532	0.000818620646811576	0.027115565430923
TRINITY_DN8233_c0_g1_i17	4.89478876515631	5.69956480636934	1.79249632654363	3.17968004841577	0.00147437744054503	0.041708049873175
TRINITY_DN8235_c0_g1_i6	5.96661887924411	-6.15450084198054	1.89948660574092	-3.24008646514246	0.00119493458983989	0.0356909094988656
TRINITY_DN8238_c0_g1_i12	21.2203981537946	7.81661775223177	2.22627653908627	3.51107223877944	0.000446303100009226	0.0169110849078832
TRINITY_DN8238_c0_g1_i2	20.3766486708024	7.75743734061046	2.14040253587533	3.62428898797674	0.000289757476026737	0.0121389530107762
TRINITY_DN824_c1_g1_i2	33.5127830086674	-3.03506355789892	0.760801185568128	-3.98929919599493	6.62687913780468e-05	0.00363373155993653
TRINITY_DN8240_c0_g1_i2	24.0570705321752	-8.16444890136586	1.67832199771167	-4.86464987797203	1.14659594105682e-06	0.000124371070381796
TRINITY_DN8256_c0_g1_i2	29.5830218378977	8.29567846807805	1.86514085917104	4.44774904119845	8.67748255533376e-06	0.000666967276991624
TRINITY_DN827_c2_g1_i4	20.2090429347834	-3.46435559405878	1.00278623804639	-3.45472989418758	0.000550844372070558	0.0199593686754794
TRINITY_DN827_c3_g1_i14	160.494915335324	10.7353236615216	3.40848857792176	3.14958475467951	0.00163502674941671	0.0451491798275205
TRINITY_DN828_c0_g1_i1	76.3553658004326	-5.34094555519903	0.988628192617017	-5.40238038433934	6.57623096050972e-08	1.09385504665581e-05
TRINITY_DN8284_c0_g1_i1	10.7518391364369	-7.00127817718985	1.71614605491619	-4.07965170396396	4.51032277630528e-05	0.00261753608483684
TRINITY_DN8287_c1_g2_i10	26.39320979972	8.13088077128165	1.88746369890311	4.30783425186238	1.64860848493177e-05	0.00113996824680659
TRINITY_DN8306_c0_g1_i9	29.9928837008994	-8.48336736306482	1.71233722355901	-4.95426207311698	7.26052958038437e-07	8.49723308148641e-05
TRINITY_DN8316_c0_g1_i1	5.73805892485686	5.9301156064055	1.78352053486527	3.32494944155687	0.000884345701354105	0.0287476066915284
TRINITY_DN832_c0_g1_i3	9.69417508811805	6.68683134525058	1.99993403074766	3.34352595757909	0.000827209547994742	0.0273357655011575
TRINITY_DN832_c0_g1_i5	328.141413226154	-11.9342001441671	1.66277974050459	-7.17725857096714	7.11230991182714e-13	9.24578404507031e-10
TRINITY_DN8332_c0_g2_i1	38.5357784886992	-8.84450186413667	1.87728727804964	-4.71132040767113	2.46116931024204e-06	0.000236860916146733
TRINITY_DN836_c0_g1_i7	135.744476127926	-10.660753536797	3.34354582372107	-3.18845743377087	0.00143034067107716	0.0408451929789382
TRINITY_DN837_c0_g2_i1	780.164461246782	4.14447387313959	1.16842087609757	3.54707276968706	0.000389536979547536	0.0152728775115094
TRINITY_DN8388_c0_g1_i1	92.1462755017389	9.93496443128722	1.67284938367699	5.93894736025175	2.86857946254842e-09	7.92121658256263e-07
TRINITY_DN8389_c0_g1_i2	5.36039690418634	5.83060533412151	1.79533610605009	3.24763999034666	0.00116366404443309	0.0349794679567796
TRINITY_DN8401_c0_g2_i1	26.3806278626602	-8.29802537847998	1.7640692137334	-4.70391145306505	2.55223973285453e-06	0.000243407621836052
TRINITY_DN8402_c0_g1_i25	13.5940323009623	7.17408411505225	1.98360686175923	3.61668647823171	0.000298398367823365	0.0124452444641356
TRINITY_DN8409_c0_g1_i1	13.003482027673	7.10971531327699	2.2512735785241	3.15808588574028	0.00158808762797622	0.0441560475119233
TRINITY_DN8409_c0_g1_i6	27.322963288351	-8.34741449096816	1.73150865615324	-4.82089099659078	1.42918439034487e-06	0.000148555123723038
TRINITY_DN841_c0_g1_i18	2301.21392102688	-5.69077301750494	1.43881975084519	-3.95516743091835	7.64810709481044e-05	0.00406958282932804
TRINITY_DN8410_c0_g1_i14	13.2918369156078	7.14134974588791	2.01512700230806	3.54387080204298	0.000394298415467105	0.0153756604223518
TRINITY_DN8421_c0_g1_i2	7.85473700033198	-6.54765358968508	2.09573483535612	-3.12427578108777	0.00178243310803013	0.0480114863762607
TRINITY_DN843_c0_g1_i15	51.0382962974847	9.08245910036357	2.2369935965746	4.0601185064951	4.90478153518443e-05	0.0028116976265944
TRINITY_DN8463_c0_g1_i2	4.81692576980142	5.67800957091591	1.82261481224212	3.11530968188006	0.00183751882957671	0.0491039424609656
TRINITY_DN8464_c0_g1_i2	11.8445845150759	-7.14047610562359	1.87134919486831	-3.81568342520172	0.000135806528723844	0.00653123509624779
TRINITY_DN8477_c0_g2_i4	15.7076065066584	-7.5511757066723	1.88540804423669	-4.00506178477106	6.20012734781396e-05	0.00343539908613497
TRINITY_DN848_c0_g1_i10	213.097241021664	11.1443011109495	3.4255642719809	3.25327456328971	0.00114083207586941	0.0344278674095761
TRINITY_DN8482_c0_g1_i4	7.09572008796849	5.23320246907111	1.6150274041645	3.24031806245318	0.0011939643835428	0.0356745411883308
TRINITY_DN8485_c0_g1_i1	6.68577930409391	6.15009745586118	1.73402267527125	3.54672262569987	0.000390055026980961	0.0152728775115094
TRINITY_DN8485_c0_g1_i2	7.50652087433127	-6.48377789053576	1.72227170706933	-3.76466608835417	0.000166771789110385	0.00771739167445719
TRINITY_DN8487_c0_g2_i2	9.0901499660873	6.5934993387238	1.72285867388259	3.82706918372175	0.000129678076093965	0.00627939144629675
TRINITY_DN8487_c1_g1_i20	11.5774953246943	-7.10858023821269	1.78935663541917	-3.97270175073146	7.10620033708807e-05	0.00383680329765666
TRINITY_DN8489_c0_g1_i24	5.27055348057877	-5.97361695430503	1.80265092745099	-3.3137957345696	0.000920387184121192	0.0294921790989278
TRINITY_DN8489_c0_g1_i27	7.56974442911416	6.32950516173717	1.78834513664072	3.53930851045156	0.000401176707222465	0.0155855767387972
TRINITY_DN8494_c0_g1_i1	6.99782737332244	6.21584763091136	1.94959199210803	3.1882812691441	0.00143121244777855	0.0408562802068892
TRINITY_DN85_c0_g1_i2	31.2323097679928	-3.68220601326875	1.0001462461973	-3.68166758338496	0.000231713403522325	0.0100976375300822
TRINITY_DN85_c0_g1_i5	127.574874525073	-8.72438238642247	1.75094568262314	-4.98266877893793	6.27132476529126e-07	7.553518654106e-05
TRINITY_DN8503_c0_g1_i1	48.7688946112714	-5.28916316380237	1.2397967481542	-4.26615344142244	1.98872027921027e-05	0.00134219557629959
TRINITY_DN8505_c0_g1_i7	9.15792983843757	6.60377644002055	1.75531118505535	3.76216849538979	0.000168446498991753	0.00777626573948229
TRINITY_DN8515_c0_g1_i11	11.287592475373	6.90496998563729	2.21218595972304	3.1213334282719	0.00180034065643727	0.048355112774201
TRINITY_DN8515_c0_g1_i9	15.3266235910328	-7.5127026164543	2.19788961158816	-3.41814373972392	0.000630497996672359	0.0222066251881806
TRINITY_DN852_c0_g1_i10	49.8000519340274	9.04695507571842	1.75195171673027	5.16392945611714	2.41818861818565e-07	3.35520692708458e-05
TRINITY_DN852_c0_g2_i2	14.4841879650243	7.26528925500871	1.70778200847253	4.25422519909722	2.09774102021496e-05	0.00140367358423167
TRINITY_DN8522_c0_g1_i7	24.8042319791579	-5.74219412988673	1.24194244352381	-4.62355897395227	3.77211432194828e-06	0.000333405979054378
TRINITY_DN8538_c0_g1_i16	19.2891932684959	-7.84478790815393	1.74365648141335	-4.49904438848826	6.82596051616139e-06	0.000554596165090967
TRINITY_DN8540_c0_g1_i10	107.898848101601	-8.48379610606662	1.44720883822177	-5.86217820262273	4.56834358077177e-09	1.19509565290419e-06
TRINITY_DN8547_c5_g1_i2	25.7743299823828	3.82493024372066	1.09267113368619	3.50053197691519	0.000464330527872959	0.0173606198868183
TRINITY_DN8553_c0_g1_i13	5.21202827159961	-5.95546295828063	1.83014663384163	-3.25409060025951	0.00113755993849748	0.0343468659331095
TRINITY_DN8554_c0_g1_i11	54.601600112377	-6.16826053491791	1.61001474129999	-3.83118264491008	0.000127528790001395	0.00619662317282226
TRINITY_DN8555_c0_g1_i8	5.44740385615679	-6.02133704192287	1.76456272801674	-3.41236780439678	0.000644011547678526	0.0225238773823428
TRINITY_DN8558_c0_g1_i4	7.35904604925728	-6.45322841422587	1.82747670190895	-3.53122335703921	0.000413642297871991	0.0159481670216083
TRINITY_DN8558_c0_g1_i6	14.7100533835356	7.28782882780219	1.74306735054575	4.18103685180059	2.90182824333028e-05	0.00181494213845242
TRINITY_DN856_c0_g1_i5	583.581338095227	12.597696080502	3.53625239852945	3.56244256935415	0.000367420302604572	0.0146652247186968
TRINITY_DN856_c0_g1_i7	22.6693818913493	6.93731972017685	1.98699953047412	3.49135448387425	0.000480578170845476	0.0179126132686815
TRINITY_DN8561_c0_g3_i1	92.7942276910243	-10.1116911158076	1.88660380789178	-5.35973216714064	8.33454221449186e-08	1.3509470491285e-05
TRINITY_DN860_c0_g1_i1	10.2179172278628	-5.94562791248169	1.63787768816981	-3.63008053374573	0.0002833328045377	0.0119496919830597
TRINITY_DN8602_c0_g1_i1	28.9582573171411	-7.46411547522859	1.63062465583773	-4.57745775430699	4.70660799902796e-06	0.000402122308090864
TRINITY_DN8609_c0_g1_i4	10.8569496408822	6.84998193750174	1.71346506486337	3.99773656199286	6.39510668100657e-05	0.00352494275493603
TRINITY_DN861_c0_g1_i9	10.1898973866142	6.75874832237212	1.81831045791493	3.71704858922851	0.000201563689492716	0.00901626714386209
TRINITY_DN8611_c0_g1_i4	45.3005414209338	8.91033702299317	2.31695280434965	3.84571364866202	0.000120202075283396	0.00591201103451477
TRINITY_DN8612_c0_g1_i10	27.4238749807828	-8.35356346068943	1.72776010246875	-4.83490934230582	1.33206328401808e-06	0.000140520203961248
TRINITY_DN8612_c0_g1_i33	149.738923386083	10.6353848008553	1.88703625018226	5.63602569893822	1.74019421668051e-08	3.57768688372432e-06
TRINITY_DN8612_c0_g1_i39	31.8702729137736	-8.56981511644605	1.82963456549644	-4.68389441151641	2.81475045718854e-06	0.000261939189572155
TRINITY_DN8612_c0_g1_i6	85.4230312279152	-9.99250304130753	1.7258921161085	-5.78976110270344	7.04866054201394e-09	1.7164199379801e-06
TRINITY_DN8615_c0_g1_i20	34.2827195025793	-8.6746911914743	2.05362282373049	-4.22409173253945	2.39906324853107e-05	0.00155337966570405
TRINITY_DN8616_c0_g1_i2	53.0707718495295	8.17226955918065	1.72359063902969	4.74142141070185	2.12223980346202e-06	0.000208517463852249
TRINITY_DN8616_c1_g1_i2	7.04141638153001	6.22430937279765	1.75534667906451	3.54591457461544	0.00039125301851776	0.0152985180743701
TRINITY_DN863_c0_g1_i8	17.1066990898795	4.61017944363415	1.31686423816838	3.50087678745564	0.000463730189468019	0.0173458492915753
TRINITY_DN8633_c0_g1_i2	189.73003087027	-11.1440238665914	1.93768285094059	-5.75121148498678	8.86061906909044e-09	2.07397393379503e-06
TRINITY_DN8633_c0_g1_i3	772.275882645603	2.4963267797484	0.794599008662619	3.14161829115536	0.00168016922659601	0.0459966632980332
TRINITY_DN864_c0_g1_i10	145.526858184151	10.5941829454083	2.40450523035538	4.40597209424348	1.05310521345392e-05	0.000780572669530085
TRINITY_DN8659_c0_g1_i15	17.0943936401409	-7.67251088757097	1.85497158419749	-4.13618782785307	3.53123185869345e-05	0.00213434928180171
TRINITY_DN8659_c0_g1_i3	22.562324634844	7.9051210506517	1.77194959256902	4.46125616880029	8.14806194284559e-06	0.000636905585611995
TRINITY_DN8679_c0_g2_i4	8.41734643063127	6.48128255759532	1.97267629788578	3.28552766844801	0.0010179154453978	0.0316685638089925
TRINITY_DN868_c3_g3_i1	25.8798727445331	-7.29975593777828	2.13772454492185	-3.41473177875925	0.000638448480697731	0.0223944676391258
TRINITY_DN868_c7_g1_i2	6.26074556480935	-6.22035726953774	1.8765587197369	-3.31476825324702	0.000917191293658276	0.0294217831475428
TRINITY_DN8683_c0_g1_i7	24.6795064028783	-8.20234411185602	1.77519536634499	-4.62053037505619	3.82760297793979e-06	0.000337252133920705
TRINITY_DN8690_c2_g1_i1	6.28095320554351	-6.22696783084612	1.73798777586214	-3.58286054558536	0.000339852062666	0.0138194511988218
TRINITY_DN87_c1_g3_i4	102.642877852147	-8.35319901374632	1.9021397257535	-4.39147497980851	1.12584292889386e-05	0.000826511518728698
TRINITY_DN8704_c0_g1_i6	11.7397780960688	-7.12773786215561	1.75714046622117	-4.05644170126262	4.98259919202904e-05	0.00285050552828754
TRINITY_DN8717_c0_g3_i2	27.883360526904	-8.37770127890829	1.73674852833929	-4.8237848728274	1.40859342808199e-06	0.000146942379612435
TRINITY_DN872_c2_g2_i1	11.0808259976615	-7.04419929555442	1.76731990779466	-3.98580883092325	6.7250642411425e-05	0.00368040465186567
TRINITY_DN873_c0_g1_i5	264.029595992221	-11.6205986696456	1.6155280183514	-7.19306538645121	6.33525833652355e-13	8.63413965999301e-10
TRINITY_DN873_c0_g1_i7	289.253143744451	11.5852221691524	1.620095568358	7.15094985470163	8.61794704360854e-13	1.07999679830759e-09
TRINITY_DN8736_c0_g1_i10	15.8689109020749	-7.56502570033818	1.78625596474307	-4.2351297068594	2.2841981975674e-05	0.00149388683667221
TRINITY_DN8736_c0_g1_i12	21.2539839989272	7.81872147801672	1.65394545140125	4.72731520340805	2.27507956224663e-06	0.000220965141207719
TRINITY_DN874_c0_g1_i6	14.7573031119959	-7.45950387159053	1.69490855941823	-4.40112466843107	1.07691223949135e-05	0.000795427713396332
TRINITY_DN8742_c0_g1_i1	21.6322572915868	7.84366983274395	2.04181653338884	3.8415154860783	0.000122277020017435	0.00598308199841308
TRINITY_DN8757_c0_g1_i8	20.5978515743001	4.80591064823552	1.37193768362876	3.50300943372583	0.000460033170262095	0.0172533878476727
TRINITY_DN8758_c0_g1_i2	16.8929703359386	-7.65466767731742	1.83987841748344	-4.16042038679238	3.17662338044437e-05	0.00195213325382392
TRINITY_DN8768_c0_g1_i21	48.9365419191423	9.0218383636427	1.6866383373199	5.34900586807398	8.84386747177287e-08	1.40145978268489e-05
TRINITY_DN8769_c0_g1_i3	28.0139737555415	-5.87340148587885	1.56638772241765	-3.74964729474099	0.000177083459659146	0.00809177858050905
TRINITY_DN879_c0_g1_i9	338.445027212885	11.8116996767713	3.47852383908332	3.3956069364998	0.000684766188370295	0.0235687875294962
TRINITY_DN88_c0_g1_i43	145.551613563903	-10.7613330809407	3.36331428052984	-3.19962161824658	0.00137608115945425	0.0396576077119936
TRINITY_DN88_c1_g1_i5	83.8871536660954	-6.4424780192362	2.05964740621164	-3.12795190079938	0.00176028985686202	0.0475818849408595
TRINITY_DN88_c1_g2_i4	492.244827038933	12.3521434409701	3.51728861393942	3.51183675744355	0.000445021256843108	0.0168700790312826
TRINITY_DN88_c10_g1_i2	68.7653829217882	-3.26468830146109	0.866289462543459	-3.76858826364554	0.000164173433833978	0.00762634789010637
TRINITY_DN88_c4_g1_i10	60.5777223155604	9.32967339873614	2.41631494425334	3.86111645790408	0.00011287008543948	0.00559700497621198
TRINITY_DN88_c5_g1_i5	23.4645949385056	6.07702439402121	1.61747794050529	3.75709877818968	0.00017189465807013	0.00791108650196614
TRINITY_DN88_c6_g1_i2	21.8293695650082	7.85683642227412	1.83581301807821	4.27975852927491	1.87096193277088e-05	0.00127391250117062
TRINITY_DN8809_c0_g1_i6	17.8533315407088	5.76301380832716	1.55100846022624	3.71565594651013	0.000202677214928447	0.00904132847699999
TRINITY_DN8812_c2_g1_i6	13.3653096441508	7.14890420217098	2.05920486608448	3.47168187095654	0.000517208856638105	0.019092666652777
TRINITY_DN8825_c0_g1_i3	79.611112781667	-9.89077805099097	1.8766788352281	-5.270362656266	1.36154474120456e-07	2.01484776781616e-05
TRINITY_DN8834_c1_g3_i2	22.9487475197126	-2.5559798003016	0.766086515332355	-3.33641142240016	0.000848674679298823	0.0278620925188872
TRINITY_DN8843_c0_g1_i1	12.0777392352186	-5.24553537238265	1.55691722039751	-3.3691806498507	0.000753919989825032	0.0254292937432699
TRINITY_DN89_c7_g1_i7	9.96529775289625	6.72629290291685	1.72463010398022	3.90013654950904	9.61384498645619e-05	0.00492632306649833
TRINITY_DN890_c0_g1_i8	535.263417110498	12.4730125564048	3.53005132490324	3.53337994504845	0.000410282381713311	0.0158591219990903
TRINITY_DN894_c0_g1_i2	270.999920889471	-11.6580669388612	3.43493589255999	-3.39396929186141	0.000688874166407624	0.0237005249646219
TRINITY_DN894_c12_g1_i5	6.53676232286375	-6.2822631621258	1.94274901365522	-3.2336977746322	0.00122198694492212	0.0363575538281792
TRINITY_DN894_c3_g1_i10	24.2294851392095	-8.17457267592585	1.63965897605359	-4.98553223280661	6.17914763458613e-07	7.48030969666559e-05
TRINITY_DN894_c8_g1_i4	16.2523054418307	3.14816836750713	0.966844845745103	3.25612571795941	0.0011294373029726	0.0341939065663127
TRINITY_DN8943_c0_g1_i4	14.4411918692486	7.26149125735264	1.81391020652289	4.00322531470413	6.2484740846225e-05	0.00345312990976083
TRINITY_DN8951_c0_g1_i13	82.4824849067092	9.77500092739079	1.96659774353541	4.97051364953668	6.67757601068519e-07	7.94706785564616e-05
TRINITY_DN8968_c0_g1_i10	9.12057898928089	-6.7667298711149	1.7313507863337	-3.90835290255888	9.29274993877045e-05	0.00479669385660492
TRINITY_DN897_c0_g9_i1	11.994900437107	6.99340396484268	1.714358584342	4.07931224465905	4.51691338948496e-05	0.00261956175418463
TRINITY_DN897_c1_g1_i5	7.11675567952886	-6.40738618766203	1.72288457751561	-3.71898748835598	0.000200022958123805	0.00895683090383957
TRINITY_DN897_c2_g1_i12	67.5148567754447	-9.65315110031429	1.80208632260602	-5.35665299670815	8.47777149213152e-08	1.36970312723161e-05
TRINITY_DN897_c2_g1_i18	413.86171879847	-12.2690919797227	1.60909483722039	-7.62484080858577	2.4433571957086e-14	6.25632716130259e-11
TRINITY_DN897_c5_g1_i2	20.6363281408251	-6.08230051538209	1.51021043156795	-4.02745232600947	5.63844954679088e-05	0.00315312845668257
TRINITY_DN8978_c0_g3_i1	22.1410151809707	7.87737272405484	1.72273066698192	4.57260840306242	4.81689872369393e-06	0.000410714741023905
TRINITY_DN8978_c0_g3_i3	20.8243631223569	-7.95588053990977	1.70760004087337	-4.65910069657803	3.17593823198065e-06	0.000289493450621252
TRINITY_DN8986_c0_g1_i1	52.4370782957346	-6.79109483234867	1.54898388333502	-4.38422562391495	1.16399086161738e-05	0.000848618635245432
TRINITY_DN90_c0_g1_i26	142.19000572096	-10.727724700568	1.68662537096754	-6.36046681452089	2.01141510558552e-10	8.67145681590641e-08
TRINITY_DN9006_c0_g1_i7	7.6559270798314	6.34503503016866	1.74528341690682	3.63553275571368	0.000277406740821168	0.0117601068892768
TRINITY_DN9010_c0_g1_i8	21.4357032315104	-7.9981786895208	2.30262660035906	-3.47350225532598	0.000513713045949098	0.0189802033041569
TRINITY_DN9045_c0_g1_i5	12.726472872159	7.0782325886173	2.03014344329519	3.48656771618483	0.000489261501701049	0.0181961348462743
TRINITY_DN9061_c0_g1_i1	11.259788536531	-7.06884095861768	2.04982013878694	-3.44851766496983	0.000563672598351698	0.0202936545443212
TRINITY_DN9061_c0_g1_i2	14.1557310242017	7.23262285158651	1.88172855484464	3.84360583409632	0.000121239678935663	0.00594574021515128
TRINITY_DN907_c1_g1_i3	903.125933039237	13.227677213819	3.58334736758469	3.69143034623936	0.00022299646811776	0.00976637828886976
TRINITY_DN907_c4_g1_i5	43.6360251983463	-9.02309268428844	1.69614642607658	-5.31976045556402	1.03903966615856e-07	1.59052126288164e-05
TRINITY_DN9072_c0_g1_i26	40.4822547222294	8.7482965469947	1.66346422664875	5.25908306703967	1.44775484220965e-07	2.12014538400401e-05
TRINITY_DN908_c0_g1_i13	314.014168435256	-11.8707879212676	1.6149698443907	-7.35047032766497	1.97510624074715e-13	3.51825490296404e-10
TRINITY_DN910_c0_g1_i17	106.366842592887	10.1418411444151	2.32486755239125	4.36233072029573	1.28684146841786e-05	0.000925408769347851
TRINITY_DN911_c0_g1_i21	255.979171945135	-11.5757718957467	3.44946176024015	-3.3558197482209	0.000791301247348188	0.0263656832801369
TRINITY_DN911_c0_g1_i37	144.573033107871	-10.7515511013847	3.38115348997275	-3.17984709456988	0.00147352782334275	0.041697975223314
TRINITY_DN9116_c2_g1_i1	5.70419134943511	-6.08926777361549	1.8344240054887	-3.31944400825331	0.000901968907077455	0.0290705644139375
TRINITY_DN913_c0_g1_i1	111.439362178588	7.74980334441403	1.73246038142449	4.47329325825151	7.7024026989088e-06	0.000611115139204127
TRINITY_DN913_c0_g1_i2	19.6126250239116	-7.86841953715771	1.80885129896008	-4.34995377546032	1.36166232367107e-05	0.00096931544250681
TRINITY_DN913_c0_g2_i5	203.888058059912	-6.98942570005303	1.85952603018217	-3.75871355743716	0.000170789228260431	0.00786449493708441
TRINITY_DN913_c0_g2_i9	181.98783775547	10.916745635275	1.60333297606331	6.8087825786999	9.84281001550316e-12	7.49277261882871e-09
TRINITY_DN913_c1_g1_i2	4.69950214165463	-5.80574170881719	1.82220730804609	-3.18610384404755	0.0014420282752663	0.0410264327284349
TRINITY_DN9135_c0_g1_i3	7.99988822015375	-6.57584555565373	1.72011500662712	-3.82291040443158	0.000131885711251258	0.0063680450453193
TRINITY_DN9135_c0_g1_i9	5.77346348724978	5.93844344511589	1.75515984970172	3.38342028854244	0.000715889854192002	0.024490389028144
TRINITY_DN9138_c0_g1_i7	6.52429243188358	-6.28095862831943	1.76594437510416	-3.55671374300732	0.000375522961319779	0.0148971545472294
TRINITY_DN914_c0_g1_i3	8.53647290323249	-4.15167652505968	1.28772450326827	-3.22404094549933	0.00126395325792153	0.0372001122911367
TRINITY_DN915_c0_g1_i11	221.830405075689	11.2023645121756	1.68331062693507	6.65495977564915	2.83377543416815e-11	1.69821529529319e-08
TRINITY_DN915_c0_g1_i19	246.313154970658	-11.5205025105989	1.70890658794398	-6.74144660209861	1.56817369233028e-11	1.05164714805178e-08
TRINITY_DN9150_c0_g1_i11	12.4192342078928	-7.20883501070409	2.16696582131398	-3.32669529892857	0.000878824123015233	0.0286051158499773
TRINITY_DN9160_c1_g2_i1	6.90924836256628	6.1983468277639	1.8133302664599	3.41821175238238	0.000630340455282231	0.0222066251881806
TRINITY_DN9160_c1_g2_i3	8.06412394631717	-6.58667294742473	1.71820578090825	-3.83345989206426	0.000126353410522479	0.00615721481103137
TRINITY_DN9166_c1_g1_i3	5.85529510856215	-5.12553665606486	1.62421609434596	-3.15569872377654	0.00160114152537942	0.0444166961955056
TRINITY_DN9172_c0_g1_i11	30.670385004964	8.34794318251929	1.64848968066336	5.0639948071498	4.10560835635173e-07	5.28029977009145e-05
TRINITY_DN918_c0_g1_i6	2717.8525116817	14.8172906969481	1.60584498645325	9.22709901761707	2.78060530678538e-20	4.48980764517646e-16
TRINITY_DN918_c0_g1_i8	1914.67674377803	-14.4788858943321	2.33830041641132	-6.19205547444302	5.93846425072121e-10	2.12283322194912e-07
TRINITY_DN9196_c0_g1_i2	206.860173091058	-2.22409742945058	0.598592471554029	-3.71554527519618	0.000202765952613257	0.00904132847699999
TRINITY_DN92_c0_g1_i5	154.91280126779	10.6842480801392	3.38932173994713	3.1523263059428	0.00161975155458113	0.0448299269109062
TRINITY_DN92_c2_g2_i2	28.1728960325502	-8.39262545200315	1.64180758999882	-5.11182035162183	3.19069183480678e-07	4.2761788725053e-05
TRINITY_DN920_c1_g1_i1	161.011368107298	-9.94374114029668	2.89337305718723	-3.43672970742439	0.000588782852520566	0.0210452510458049
TRINITY_DN9202_c0_g1_i4	22.2582705522643	7.88520086087885	1.65061464422638	4.77713007603574	1.77814756972908e-06	0.000177740197782023
TRINITY_DN9210_c0_g1_i5	14.4580960535489	5.36594586026443	1.56516323886549	3.42836180087768	0.000607235612405887	0.0215408038526753
TRINITY_DN9223_c0_g1_i3	8.98805307181462	-6.74095195903131	2.04200310139827	-3.30114677809031	0.00096290494322935	0.0304618277397954
TRINITY_DN9235_c0_g1_i2	13.7455984639909	7.18974502966612	1.82665735006453	3.93601187951979	8.28468736575832e-05	0.00435347955865576
TRINITY_DN924_c0_g1_i14	24.1384938404768	-8.168745489381	1.82335264761433	-4.4800688994907	7.46189480862934e-06	0.000595950082740607
TRINITY_DN924_c0_g2_i3	28.6833949299254	-8.41802177886473	1.64342515407361	-5.12224226214301	3.01923630307046e-07	4.08845239001358e-05
TRINITY_DN9253_c0_g1_i4	6.84982190052258	-6.3516730692585	1.8353682101015	-3.46070779383677	0.000538757260637805	0.0196414932362901
TRINITY_DN9254_c0_g2_i2	7.30156969688978	-6.44255332854988	1.78700508580242	-3.60522383497133	0.000311883996808218	0.012905765897307
TRINITY_DN9255_c0_g1_i7	15.9503342103765	-7.5710875745007	1.88945873257193	-4.0070139897657	6.14912221734749e-05	0.00340937355066554
TRINITY_DN9256_c0_g1_i3	11.3893930369928	5.1006055128073	1.55305885599928	3.28423194852163	0.00102260723177928	0.0317911206294648
TRINITY_DN926_c0_g2_i7	315.440845352594	11.7102468931191	1.90614330908633	6.14342417870574	8.07612318316771e-10	2.72966502692522e-07
TRINITY_DN9267_c0_g1_i1	11.2509331295357	-6.08516443754847	1.55975278640468	-3.90136468457616	9.56519244091866e-05	0.00490436669218899
TRINITY_DN9316_c0_g2_i1	5.17145757875597	-5.94499447929123	1.78398791895871	-3.33241857532379	0.000860946596343377	0.0281751609209228
TRINITY_DN9316_c0_g2_i4	7.97171693763671	-6.570896260528	1.72044617352749	-3.81929778544332	0.000133832120104504	0.0064509677607475
TRINITY_DN9316_c0_g2_i5	7.02138534506849	6.22041159302874	1.75927233931954	3.53578661700252	0.000406562945593709	0.0157334787169748
TRINITY_DN932_c0_g1_i32	120.793380395704	10.3254770963522	1.6737636345855	6.16901746638152	6.87156381197934e-10	2.39931156605219e-07
TRINITY_DN932_c0_g1_i7	53.3567180087418	9.14678750606939	1.97638788069252	4.62803258177457	3.69155948734947e-06	0.000328346730065322
TRINITY_DN9321_c0_g1_i1	7.89403294453505	-6.5559260514981	1.72072581488082	-3.80997715894218	0.000138979631141354	0.0066460106803521
TRINITY_DN9325_c0_g2_i3	22.3223754482777	-7.0825843465712	2.01482554985278	-3.51523453089461	0.000439365785974486	0.0167081593984123
TRINITY_DN9330_c0_g1_i5	24.6493783684451	-8.20009953883756	1.66148803399396	-4.93539488161451	7.99887538129333e-07	9.23345590120934e-05
TRINITY_DN9347_c0_g1_i1	12.0809478782765	7.0033903714698	1.73792049050792	4.02975303514777	5.58354835324213e-05	0.00313487487543026
TRINITY_DN9369_c0_g1_i16	26.999842355686	-8.32997603594159	1.77717713429541	-4.68719514515031	2.76974838489239e-06	0.000258952192808929
TRINITY_DN9369_c0_g1_i17	5.84956301496241	5.9564077007322	1.88440457596658	3.16089643206101	0.00157284412198412	0.0439021297877093
TRINITY_DN9369_c0_g1_i20	8.7256955504399	6.53482658141626	1.81871052917663	3.59310977562478	0.000326754846200418	0.0134029762107975
TRINITY_DN9369_c0_g1_i6	10.0061905465333	-6.89693277802273	1.76598161117748	-3.90543861519834	9.40546321789392e-05	0.00484894954841733
TRINITY_DN9398_c2_g1_i1	4.46066916451183	-5.7319312483102	1.79838947369033	-3.18725800621384	0.00143628590847243	0.0409208703778692
TRINITY_DN9401_c0_g1_i4	7.48413058965206	-6.47738049207837	1.95791392590722	-3.30830707436591	0.00093861830210395	0.0298963143794372
TRINITY_DN9412_c0_g2_i1	5.74045528489578	5.93067719307458	1.77554721190103	3.34019684372389	0.00083719027536333	0.027549533988
TRINITY_DN9412_c0_g2_i2	4.54511253140939	-5.7613943357559	1.81364115423956	-3.17670026525815	0.00148960902945017	0.0419826361195581
TRINITY_DN9417_c0_g1_i7	9.24081599300093	6.61722596166911	1.70629437415782	3.8781268120486	0.000105263846526607	0.00529439553797933
TRINITY_DN9418_c1_g1_i1	11.0331995583395	-7.04114781354504	1.81589695300902	-3.87750406314497	0.000105533565684779	0.00530480382702705
TRINITY_DN942_c0_g1_i16	163.116116254522	10.7587639403807	1.67208480047122	6.43434109164123	1.24010098869148e-10	5.72601384384988e-08
TRINITY_DN942_c0_g1_i7	92.5666357639271	-10.1082570782811	1.74665550258814	-5.78720707277597	7.15663360484697e-09	1.73770467339758e-06
TRINITY_DN9420_c0_g1_i31	6.89610311055048	-6.35891014636001	1.83817365244426	-3.45936312268672	0.000541454399557471	0.0197206094197445
TRINITY_DN9441_c0_g2_i2	9.84511204314577	-6.87388541486573	1.86444763323953	-3.68682139005543	0.000227072612994921	0.00992098327448026
TRINITY_DN9443_c0_g1_i4	11.5305580828703	6.93645657906179	2.0016435788292	3.46538047653771	0.000529481821565967	0.0194184700341498
TRINITY_DN945_c0_g1_i4	2412.02771654957	4.14114274208986	1.29323738315705	3.20215205346175	0.00136404976503826	0.0394184258023948
TRINITY_DN945_c0_g2_i1	1335.03785649476	13.7915481165418	3.62189214677578	3.80782959780265	0.000140191819023323	0.00668883586890612
TRINITY_DN9456_c0_g2_i4	6.92299964442697	-6.36789223869419	1.72843355584726	-3.68419845654565	0.000229423444711782	0.0100133379293678
TRINITY_DN9458_c0_g1_i3	29.0233138460541	8.26807897469878	1.76860840290917	4.67490653165431	2.94087528858743e-06	0.000271286113684565
TRINITY_DN946_c0_g1_i3	302.025493332492	5.35867691341798	1.45026811090692	3.69495603820933	0.00021992483550516	0.00966365509647167
TRINITY_DN947_c0_g1_i4	7.73112647142906	6.35983798600739	1.77872833779994	3.57549708454845	0.000349563071613657	0.0141394832097706
TRINITY_DN9470_c0_g1_i20	17.582276360808	-7.71265004381141	1.7491383180969	-4.4093997392973	1.03657534398907e-05	0.00076967085603153
TRINITY_DN9473_c0_g1_i3	10.1593920188837	-5.93638355037726	1.62198572873386	-3.65994807797185	0.000252266359396627	0.010853361932941
TRINITY_DN9494_c0_g1_i37	20.5647689575363	5.8121170408354	1.56424875537951	3.71559639785382	0.000202724957273165	0.00904132847699999
TRINITY_DN9495_c1_g1_i2	37.8357192414046	-5.60275129880535	1.48968457730646	-3.76103195545989	0.000169213808524522	0.00780045193273601
TRINITY_DN9508_c0_g1_i6	27.0583874781357	-5.44810338266128	1.40030050073873	-3.890667310186	9.99689192980662e-05	0.00508559526962552
TRINITY_DN9516_c0_g1_i1	12.3673596715866	-5.28151343505444	1.50198192636599	-3.51636284188381	0.000437502640560795	0.0166522964513991
TRINITY_DN9525_c0_g1_i3	154.33891460954	-10.8458682319175	2.34331778171178	-4.62842398780186	3.68459056233325e-06	0.000328072216370954
TRINITY_DN9539_c0_g1_i1	74.6010326364826	-9.79718980254186	1.79620012612775	-5.45439768098817	4.91391194985421e-08	8.56114911213982e-06
TRINITY_DN9539_c0_g1_i3	43.2149502908748	8.84252369228441	1.75903085163855	5.02692927986312	4.98396045969856e-07	6.18406300915725e-05
TRINITY_DN9559_c0_g1_i14	5.20204411430701	5.78740343115955	1.7852307099871	3.24182381514228	0.00118767421850872	0.0355368612307186
TRINITY_DN9561_c0_g1_i2	86.281284344354	-10.007204941549	1.64022837869497	-6.10110462148637	1.05337928176131e-09	3.32121054292041e-07
TRINITY_DN9562_c0_g1_i1	9.06671544087435	-6.75527627562803	1.97834175417115	-3.4146154279892	0.000638721236127401	0.0223944676391258
TRINITY_DN9570_c0_g1_i13	98.9366433248209	10.037442583848	1.90540550825252	5.26787738377721	1.38010236332057e-07	2.0351813175543e-05
TRINITY_DN9570_c0_g1_i7	61.0058573012448	-9.50706179267135	1.62633326879094	-5.84570332238185	5.04432379152188e-09	1.29162203556368e-06
TRINITY_DN959_c0_g3_i4	137.365155704688	-8.84737984619043	2.25616106675345	-3.92143095480392	8.80246720944336e-05	0.00458846930452526
TRINITY_DN9596_c2_g1_i6	4.57102931482861	5.60120217591411	1.79573101706263	3.11917660423123	0.00181357224077702	0.0485869458469173
TRINITY_DN9600_c0_g1_i2	210.487281600932	11.1265204897088	3.42324847657834	3.25028129445927	0.00115290908647813	0.0347055618059242
TRINITY_DN961_c0_g1_i2	348.323262664818	-12.0202158051219	2.60782231000509	-4.60929249627381	4.04041565655258e-06	0.000353423439075963
TRINITY_DN961_c0_g1_i5	108.230149801379	-10.3340166878277	1.99245420085763	-5.18657677721253	2.1419474190214e-07	3.02154045095944e-05
TRINITY_DN961_c0_g3_i1	15.6493071897082	-7.5448804028229	1.68960309671463	-4.46547500859441	7.98912982035827e-06	0.00062796789912617
TRINITY_DN9615_c0_g1_i1	165.838742948702	-10.9495406065263	3.4035091928261	-3.21713266695611	0.00129478711543066	0.0378700649396978
TRINITY_DN9638_c0_g1_i12	11.1786471508437	-7.05869168169212	1.7720851529534	-3.9832689021337	6.79737689746781e-05	0.00370468425067994
TRINITY_DN9638_c0_g1_i14	6.21424786974044	6.04477560243624	1.85359175156764	3.26111485839532	0.00110975077685064	0.0337531521451433
TRINITY_DN9638_c0_g1_i2	15.423991142165	7.35564574838677	1.79392556264077	4.10030711506156	4.12602211312233e-05	0.0024261699131149
TRINITY_DN9638_c0_g1_i7	15.9855259807492	4.22491349527793	1.26745055139295	3.33339512980185	0.000857930071233766	0.0281091024269526
TRINITY_DN9643_c0_g1_i4	16.6148091630699	7.46330284129498	1.67068308067942	4.46721639047179	7.92439633433102e-06	0.000624040672374932
TRINITY_DN9649_c0_g2_i2	91.6331822993887	-10.0939251431748	2.34469589762056	-4.30500396807036	1.66982742494237e-05	0.00115181287961454
TRINITY_DN9658_c2_g1_i1	6.32828327218305	-6.23718025478748	1.74799716518859	-3.56818671048276	0.000359460324990541	0.0143965923676497
TRINITY_DN9668_c0_g2_i1	4.71295040859287	-5.81350687487433	1.78818595722058	-3.25106393515717	0.00114973999046119	0.0346471931932917
TRINITY_DN9668_c0_g2_i5	6.80230655340793	6.17534632922952	1.88601613730577	3.27428074822901	0.00105931308559829	0.0325964446856824
TRINITY_DN9669_c0_g1_i14	8.13083626328961	-5.60856405000526	1.59534597318736	-3.51557852921385	0.000438796968717116	0.0166940415410441
TRINITY_DN9670_c0_g2_i5	39.6302605229159	-8.88398372211253	2.24425736230632	-3.95854052718039	7.54091468420059e-05	0.00402798559059313
TRINITY_DN9678_c0_g3_i1	5.79652787746199	-6.11304852971408	1.85683715111046	-3.29218344541321	0.000994127432294725	0.0311926400943333
TRINITY_DN968_c0_g1_i4	15.9533545354118	7.40435355372569	1.94189380224516	3.8129549335628	0.000137315158297095	0.00658878832810218
TRINITY_DN969_c1_g4_i2	51.6308993546595	-9.26619070758073	1.66908339685697	-5.55166429971671	2.82962591395827e-08	5.36093566093376e-06
TRINITY_DN969_c1_g4_i3	20.1535668814159	7.74224885506553	1.80046164256544	4.30014651355402	1.70685226410001e-05	0.00117256587489368
TRINITY_DN969_c6_g1_i1	59.6079522827774	9.30639955243616	1.76634999470352	5.26871774016577	1.37380017906956e-07	2.02942950229055e-05
TRINITY_DN9690_c1_g1_i1	9.33356428915886	-6.79861935045078	1.76191680326918	-3.85864947643168	0.000114015325778483	0.0056438588152491
TRINITY_DN97_c0_g1_i20	118.671578238228	-10.4667698220184	3.34053766764433	-3.13325903293864	0.00172876801927063	0.046924356709462
TRINITY_DN970_c0_g1_i1	7.25254116650656	6.26789128844887	1.77217068210422	3.53684402509502	0.000404938734600201	0.0156956482551595
TRINITY_DN970_c0_g1_i3	12.8415311214653	-5.38023131062448	1.53773317633792	-3.49880681083918	0.000467345063235572	0.0174578793781076
TRINITY_DN970_c0_g2_i4	23.6800723804719	7.97493953752674	2.00270252787175	3.98208891562225	6.83122125639536e-05	0.00371683537490596
TRINITY_DN9738_c0_g1_i14	7.86338971997571	6.3844231497934	1.92080056601366	3.32383447962186	0.000887888771976058	0.0287634182181836
TRINITY_DN9758_c0_g1_i3	438.508381210393	2.31582290466715	0.655621421641166	3.53225631168386	0.000412029783648629	0.0159121081621307
TRINITY_DN976_c0_g1_i23	103.49164151101	10.1024154870234	1.61383420840353	6.25988433905929	3.85263103053435e-10	1.48648226857576e-07
TRINITY_DN976_c0_g1_i25	2042.00318242633	-10.2949101898956	1.85602375492077	-5.54675561807941	2.91019049559083e-08	5.50123661065848e-06
TRINITY_DN976_c0_g1_i5	660.725111066951	4.18042553256249	0.751905277335814	5.55977682105753	2.701198415772e-08	5.17564316861456e-06
TRINITY_DN976_c0_g1_i7	3165.73694888703	-2.43890086878745	0.782411033948345	-3.11716062653134	0.00182602051423353	0.0488275574087673
TRINITY_DN976_c0_g1_i9	103.94663573832	-10.2755886863689	1.66438593736004	-6.17380167406817	6.66671599798195e-10	2.3471840349895e-07
TRINITY_DN9762_c2_g1_i1	7.92761837155387	-6.56579592615733	1.85538199038295	-3.53878390551919	0.000401974768590601	0.0156022342656723
TRINITY_DN977_c0_g1_i39	27.9743233451056	-5.51233613861956	1.55678471196346	-3.54084678264038	0.00039884511819117	0.0155163972361498
TRINITY_DN9777_c0_g1_i4	17.8246628547385	7.56504116262559	1.68613312493275	4.48662151923936	7.23614526416933e-06	0.00058066457980226
TRINITY_DN979_c0_g1_i3	4.73886856651128	-5.82097781127049	1.79345826791534	-3.24567229436379	0.00117173636276323	0.0351470994606913
TRINITY_DN9806_c0_g1_i7	24.5838632909159	-4.25398641033773	1.10182676395173	-3.86084868285526	0.000112993866952719	0.00559985675646384
TRINITY_DN9825_c0_g1_i4	5.1286337613137	-5.9340040635054	1.80016508071182	-3.29636660942171	0.000979441133098851	0.030823395480293
TRINITY_DN9837_c0_g2_i2	5.98788476838021	5.99021058473179	1.80927545505392	3.31083394073527	0.000930183906601985	0.0297384334998314
TRINITY_DN9848_c0_g1_i8	40.1434788259434	-5.63855280360308	1.64461993833697	-3.428483792617	0.000606962775056374	0.0215408038526753
TRINITY_DN9854_c0_g1_i12	254.798292472123	10.4396025099591	1.63469999470954	6.38624979736054	1.7000322041174e-10	7.59420153242519e-08
TRINITY_DN9857_c0_g1_i1	6.9261549170093	6.20016612210319	1.8087255383783	3.42791982008627	0.000608225068832583	0.0215578027962314
TRINITY_DN986_c0_g1_i13	132.958166724374	10.4638989745833	2.07642775850681	5.03937540408726	4.67053568962347e-07	5.85535496590213e-05
TRINITY_DN9869_c0_g1_i8	9.72382836932292	6.68985566156455	1.87364972607427	3.57049429702175	0.00035630821235699	0.0143300006319567
TRINITY_DN989_c0_g1_i13	51.1231884530971	9.08490979959032	1.8992050258667	4.78353293923307	1.72240650435501e-06	0.000174508279142674
TRINITY_DN9895_c0_g1_i4	10.6773161632383	-6.99327249078477	1.79163858686728	-3.90328302931491	9.48966218997754e-05	0.00487901288281835
TRINITY_DN9900_c0_g2_i2	4.97094216985817	-5.88836503905149	1.87431343918949	-3.14161170481592	0.00168020701828652	0.0459966632980332
TRINITY_DN9925_c3_g1_i1	11.0929995159592	-7.04810252736418	1.71196974942793	-4.11695506285631	3.83910891135815e-05	0.00228448609008409
TRINITY_DN9935_c0_g1_i5	5.85195937500133	5.95689240864883	1.84620842622555	3.22655466415962	0.00125290296836695	0.036954539271782
TRINITY_DN9935_c0_g1_i7	6.24955042246975	-6.21612624863734	1.90631342768951	-3.26081018910484	0.00111094380804282	0.0337531521451433
TRINITY_DN994_c0_g1_i19	289.591656941613	-11.7540041750679	1.67691818779396	-7.00928898059759	2.39532260130218e-12	2.29999964960036e-09
TRINITY_DN994_c0_g1_i27	147.39057942968	-10.779394098755	3.38268584631157	-3.18663765673325	0.00143936974223641	0.0409702048069011
TRINITY_DN9948_c0_g1_i18	13.0564075442429	-7.28263063655784	1.94001193650176	-3.75391022061953	0.000174097241806799	0.00798202318946875
TRINITY_DN9950_c1_g1_i1	13.4356033633322	-5.45268557350625	1.6534746543987	-3.29771342971639	0.000974755623397724	0.0307326587842429
TRINITY_DN9969_c0_g1_i1	16.6607945313164	7.46721170119156	1.72483179697414	4.32924051741813	1.49624452121497e-05	0.00105008031190717
TRINITY_DN9969_c0_g1_i17	11.6553347291713	-7.11709421287711	1.80903421765925	-3.93419546374643	8.34758325793991e-05	0.00438108130515159
TRINITY_DN9969_c0_g1_i2	27.1768408651838	-5.88861725702683	1.47391866981541	-3.99521179670265	6.46364433309571e-05	0.00356039777612726
TRINITY_DN997_c1_g1_i14	21.181450785445	-7.98032622048087	1.67116733221418	-4.77530051398711	1.79439090351181e-06	0.000179011148246684
TRINITY_DN997_c1_g1_i3	9.691924275069	-5.86995931020301	1.65151698173734	-3.55428334986178	0.000379010634722888	0.0150143650317931
TRINITY_DN997_c4_g2_i6	17.26035969613	-7.68475064047496	1.71711823496	-4.47537652563219	7.62767701956423e-06	0.00060575512481122
TRINITY_DN9970_c0_g1_i30	17.5688280938698	-7.71125294434962	1.72806161501822	-4.46237152502708	8.10575282465283e-06	0.000634772847245148
TRINITY_DN9970_c0_g1_i5	7.82874836175999	-6.54298439185732	1.79522987742134	-3.64464989924056	0.000267756040713002	0.0114036541976649
TRINITY_DN999_c0_g2_i4	17.5318087538474	-4.77518023199709	1.24195498863817	-3.84488993214897	0.00012060656156424	0.00592500769712508
TRINITY_DN999_c0_g2_i6	64.5384408252068	9.42117898272416	1.70685379464054	5.51961686015892	3.3973959745318e-08	6.22718362377414e-06
TRINITY_DN999_c0_g2_i7	67.4435071357003	-5.46602375737436	1.15996599998734	-4.71222756307858	2.45023537381311e-06	0.000236347018968562
TRINITY_DN999_c0_g2_i8	17.9392935432426	-7.74191276400196	1.68422318572007	-4.59672615223616	4.29181099216476e-06	0.000373096137053434
TRINITY_DN9993_c0_g1_i1	54.8831020051833	9.18732113950273	1.94032131706945	4.73494830916908	2.19110935351599e-06	0.000214784638228995
TRINITY_DN9997_c0_g1_i10	18.694787482339	7.63358487315397	1.64816944700707	4.63155344070713	3.62932289851971e-06	0.000323833713071931
TRINITY_DN9997_c0_g1_i12	20.112384890194	-7.90586327107332	1.77728960661302	-4.44826956825541	8.65648486137322e-06	0.000666778174855346
