TRINITY_DN2020_c0_g1_i1.p1	XP_050553601.1	74.725	91	23	0	29	119	1	91	7.45e-49	164	124	560	73	XP_050553601.1 para-nitrobenzyl esterase-like [Spodoptera frugiperda]
TRINITY_DN2020_c0_g1_i1.p1	XP_035429428.2	74.725	91	23	0	29	119	1	91	1.80e-47	160	124	557	73	XP_035429428.2 cholinesterase 1 isoform X1 [Spodoptera frugiperda]
TRINITY_DN2020_c0_g1_i1.p1	XP_050553603.1	74.725	91	23	0	29	119	1	91	2.41e-47	160	124	554	73	XP_050553603.1 cholinesterase 1 isoform X3 [Spodoptera frugiperda]
TRINITY_DN2020_c0_g1_i1.p1	XP_035429429.2	74.725	91	23	0	29	119	1	91	2.41e-47	160	124	554	73	XP_035429429.2 cholinesterase 1 isoform X2 [Spodoptera frugiperda]
TRINITY_DN2020_c0_g1_i1.p1	XP_035429431.2	80.723	83	16	0	29	111	1	83	2.51e-46	157	124	553	67	XP_035429431.2 cholinesterase 1 isoform X4 [Spodoptera frugiperda]
TRINITY_DN2020_c0_g1_i1.p1	XP_050553602.1	70.000	90	27	0	29	118	1	90	3.76e-45	154	124	558	73	XP_050553602.1 juvenile hormone esterase-like isoform X2 [Spodoptera frugiperda]
TRINITY_DN2020_c0_g1_i1.p1	XP_035430692.2	70.000	90	27	0	29	118	1	90	4.62e-45	154	124	558	73	XP_035430692.2 juvenile hormone esterase-like isoform X1 [Spodoptera frugiperda]
TRINITY_DN2020_c0_g1_i1.p1	XP_050553323.1	62.651	83	31	0	29	111	1	83	1.15e-33	123	124	565	67	XP_050553323.1 cholinesterase 1 [Spodoptera frugiperda]
TRINITY_DN2020_c0_g1_i1.p1	XP_035430003.2	61.446	83	32	0	29	111	1	83	1.42e-33	122	124	545	67	XP_035430003.2 esterase FE4-like [Spodoptera frugiperda]
TRINITY_DN2020_c0_g1_i1.p1	XP_035430420.2	59.036	83	34	0	29	111	1	83	2.47e-31	116	124	554	67	XP_035430420.2 cholinesterase 1 [Spodoptera frugiperda]
TRINITY_DN2272_c0_g2_i2.p1	XP_035450368.2	80.851	94	18	0	7	100	1	94	5.24e-47	157	100	538	94	XP_035450368.2 juvenile hormone esterase [Spodoptera frugiperda]
TRINITY_DN2272_c0_g2_i2.p1	XP_050563149.1	62.245	98	37	0	3	100	567	664	6.42e-39	137	100	1106	98	XP_050563149.1 neuroligin-4, X-linked-like [Spodoptera frugiperda]
TRINITY_DN2272_c0_g2_i2.p1	XP_050563149.1	49.438	89	45	0	10	98	36	124	1.14e-23	94.0	100	1106	98	XP_050563149.1 neuroligin-4, X-linked-like [Spodoptera frugiperda]
TRINITY_DN2272_c0_g2_i2.p1	XP_050563387.1	58.163	98	41	0	3	100	31	128	8.19e-35	125	100	570	98	XP_050563387.1 juvenile hormone esterase-like [Spodoptera frugiperda]
TRINITY_DN2272_c0_g2_i2.p1	XP_035450257.2	57.576	99	41	1	2	100	630	727	2.06e-32	119	100	1170	99	XP_035450257.2 uncharacterized protein LOC118276155 [Spodoptera frugiperda]
TRINITY_DN2272_c0_g2_i2.p1	XP_035450257.2	62.766	94	34	1	7	100	1	93	2.81e-30	112	100	1170	99	XP_035450257.2 uncharacterized protein LOC118276155 [Spodoptera frugiperda]
TRINITY_DN2272_c0_g2_i2.p1	XP_035450257.2	54.444	90	39	1	5	94	541	628	2.25e-24	96.3	100	1170	99	XP_035450257.2 uncharacterized protein LOC118276155 [Spodoptera frugiperda]
TRINITY_DN2272_c0_g2_i2.p1	XP_035452347.2	63.542	96	31	3	7	100	1	94	2.06e-32	118	100	537	94	XP_035452347.2 juvenile hormone esterase-like [Spodoptera frugiperda]
TRINITY_DN2272_c0_g2_i2.p1	XP_035450251.1	59.574	94	37	1	7	100	1	93	8.38e-32	116	100	541	94	XP_035450251.1 juvenile hormone esterase-like [Spodoptera frugiperda]
TRINITY_DN2272_c0_g2_i2.p1	XP_035450249.2	61.702	94	35	1	7	100	1	93	1.87e-31	115	100	537	94	XP_035450249.2 juvenile hormone esterase [Spodoptera frugiperda]
TRINITY_DN2272_c0_g2_i2.p1	XP_035452217.2	61.053	95	33	3	6	98	20	112	7.35e-31	114	100	560	93	XP_035452217.2 juvenile hormone esterase-like [Spodoptera frugiperda]
TRINITY_DN2272_c0_g2_i2.p1	XP_035450696.2	56.989	93	40	0	8	100	26	118	1.44e-29	110	100	558	93	XP_035450696.2 juvenile hormone esterase-like [Spodoptera frugiperda]
TRINITY_DN2272_c0_g2_i2.p1	XP_050563388.1	53.684	95	43	1	6	100	31	124	3.55e-28	106	100	569	95	XP_050563388.1 esterase FE4 isoform X1 [Spodoptera frugiperda]
TRINITY_DN2272_c0_g3_i2.p1	XP_035450368.2	83.030	165	28	0	1	165	11	175	2.80e-98	293	165	538	100	XP_035450368.2 juvenile hormone esterase [Spodoptera frugiperda]
TRINITY_DN2272_c0_g3_i2.p1	XP_050563149.1	67.879	165	53	0	1	165	581	745	1.06e-73	239	165	1106	100	XP_050563149.1 neuroligin-4, X-linked-like [Spodoptera frugiperda]
TRINITY_DN2272_c0_g3_i2.p1	XP_050563149.1	49.091	165	81	2	1	165	43	204	2.87e-46	161	165	1106	100	XP_050563149.1 neuroligin-4, X-linked-like [Spodoptera frugiperda]
TRINITY_DN2272_c0_g3_i2.p1	XP_035450251.1	69.281	153	47	0	13	165	22	174	2.71e-73	229	165	541	93	XP_035450251.1 juvenile hormone esterase-like [Spodoptera frugiperda]
TRINITY_DN2272_c0_g3_i2.p1	XP_035452217.2	66.867	166	53	2	1	165	31	195	3.77e-71	224	165	560	100	XP_035452217.2 juvenile hormone esterase-like [Spodoptera frugiperda]
TRINITY_DN2272_c0_g3_i2.p1	XP_050563387.1	63.030	165	61	0	1	165	45	209	2.94e-70	222	165	570	100	XP_050563387.1 juvenile hormone esterase-like [Spodoptera frugiperda]
TRINITY_DN2272_c0_g3_i2.p1	XP_050561842.1	60.000	170	59	1	5	165	3	172	3.17e-69	218	165	528	98	XP_050561842.1 juvenile hormone esterase isoform X4 [Spodoptera frugiperda]
TRINITY_DN2272_c0_g3_i2.p1	XP_050561841.1	60.000	170	59	1	5	165	3	172	3.17e-69	218	165	528	98	XP_050561841.1 juvenile hormone esterase isoform X4 [Spodoptera frugiperda]
TRINITY_DN2272_c0_g3_i2.p1	XP_050561840.1	60.000	170	59	1	5	165	3	172	3.17e-69	218	165	528	98	XP_050561840.1 juvenile hormone esterase isoform X4 [Spodoptera frugiperda]
TRINITY_DN2272_c0_g3_i2.p1	XP_035434296.2	60.000	170	59	1	5	165	12	181	3.78e-69	218	165	537	98	XP_035434296.2 juvenile hormone esterase isoform X3 [Spodoptera frugiperda]
TRINITY_DN2272_c0_g3_i2.p1	XP_035434295.2	60.000	170	59	1	5	165	16	185	3.78e-69	218	165	541	98	XP_035434295.2 juvenile hormone esterase isoform X2 [Spodoptera frugiperda]
TRINITY_DN3601_c0_g1_i10.p1	XP_050553599.1	67.760	549	176	1	5	552	5	553	0.0	803	554	553	99	XP_050553599.1 juvenile hormone esterase-like isoform X3 [Spodoptera frugiperda]
TRINITY_DN3601_c0_g1_i10.p1	XP_050553598.1	68.421	551	171	2	5	554	5	553	0.0	800	554	553	99	XP_050553598.1 juvenile hormone esterase-like isoform X2 [Spodoptera frugiperda]
TRINITY_DN3601_c0_g1_i10.p1	XP_050553600.1	68.306	549	173	1	5	552	5	553	0.0	797	554	553	99	XP_050553600.1 juvenile hormone esterase-like isoform X4 [Spodoptera frugiperda]
TRINITY_DN3601_c0_g1_i10.p1	XP_050553597.1	68.148	540	171	1	14	552	14	553	0.0	796	554	553	97	XP_050553597.1 juvenile hormone esterase-like isoform X1 [Spodoptera frugiperda]
TRINITY_DN3601_c0_g1_i10.p1	XP_035430694.2	63.538	554	197	2	2	554	1	550	0.0	775	554	550	99	XP_035430694.2 esterase FE4-like [Spodoptera frugiperda]
TRINITY_DN3601_c0_g1_i10.p1	XP_050553601.1	59.559	544	215	2	1	539	1	544	0.0	681	554	560	97	XP_050553601.1 para-nitrobenzyl esterase-like [Spodoptera frugiperda]
TRINITY_DN3601_c0_g1_i10.p1	XP_035430692.2	57.527	558	233	3	1	554	1	558	0.0	678	554	558	100	XP_035430692.2 juvenile hormone esterase-like isoform X1 [Spodoptera frugiperda]
TRINITY_DN3601_c0_g1_i10.p1	XP_035429431.2	57.297	555	234	2	1	554	1	553	0.0	674	554	553	100	XP_035429431.2 cholinesterase 1 isoform X4 [Spodoptera frugiperda]
TRINITY_DN3601_c0_g1_i10.p1	XP_050553603.1	57.014	556	235	2	1	554	1	554	0.0	669	554	554	100	XP_050553603.1 cholinesterase 1 isoform X3 [Spodoptera frugiperda]
TRINITY_DN3601_c0_g1_i10.p1	XP_035429429.2	57.014	556	235	2	1	554	1	554	0.0	669	554	554	100	XP_035429429.2 cholinesterase 1 isoform X2 [Spodoptera frugiperda]
TRINITY_DN69_c1_g1_i1.p1	XP_035430420.2	72.894	273	73	1	1	272	282	554	1.07e-140	407	272	554	100	XP_035430420.2 cholinesterase 1 [Spodoptera frugiperda]
TRINITY_DN69_c1_g1_i1.p1	XP_050553603.1	68.978	274	81	3	1	272	283	554	1.77e-131	384	272	554	100	XP_050553603.1 cholinesterase 1 isoform X3 [Spodoptera frugiperda]
TRINITY_DN69_c1_g1_i1.p1	XP_035429429.2	68.978	274	81	3	1	272	283	554	1.77e-131	384	272	554	100	XP_035429429.2 cholinesterase 1 isoform X2 [Spodoptera frugiperda]
TRINITY_DN69_c1_g1_i1.p1	XP_035429431.2	66.788	274	87	3	1	272	282	553	2.29e-130	381	272	553	100	XP_035429431.2 cholinesterase 1 isoform X4 [Spodoptera frugiperda]
TRINITY_DN69_c1_g1_i1.p1	XP_035429428.2	70.769	260	74	2	1	258	283	542	4.26e-129	377	272	557	95	XP_035429428.2 cholinesterase 1 isoform X1 [Spodoptera frugiperda]
TRINITY_DN69_c1_g1_i1.p1	XP_035430003.2	65.414	266	88	1	1	266	282	543	2.10e-127	373	272	545	98	XP_035430003.2 esterase FE4-like [Spodoptera frugiperda]
TRINITY_DN69_c1_g1_i1.p1	XP_035430692.2	62.825	269	98	2	2	268	285	553	3.11e-122	360	272	558	98	XP_035430692.2 juvenile hormone esterase-like isoform X1 [Spodoptera frugiperda]
TRINITY_DN69_c1_g1_i1.p1	XP_050553601.1	66.540	263	83	2	1	258	283	545	1.16e-121	358	272	560	95	XP_050553601.1 para-nitrobenzyl esterase-like [Spodoptera frugiperda]
TRINITY_DN69_c1_g1_i1.p1	XP_050553602.1	63.707	259	92	2	2	258	285	543	6.58e-119	352	272	558	94	XP_050553602.1 juvenile hormone esterase-like isoform X2 [Spodoptera frugiperda]
TRINITY_DN69_c1_g1_i1.p1	XP_050553323.1	55.263	266	117	2	1	265	282	546	1.12e-103	313	272	565	97	XP_050553323.1 cholinesterase 1 [Spodoptera frugiperda]
TRINITY_DN920_c1_g1_i2.p1	XP_035430907.2	58.989	178	70	2	1	177	363	538	1.49e-66	216	244	562	73	XP_035430907.2 cholinesterase 1-like [Spodoptera frugiperda]
TRINITY_DN920_c1_g1_i2.p1	XP_035430243.2	58.427	178	70	3	1	176	365	540	7.57e-65	211	244	540	72	XP_035430243.2 para-nitrobenzyl esterase-like [Spodoptera frugiperda]
TRINITY_DN920_c1_g1_i2.p1	XP_035430264.2	56.742	178	74	2	1	177	363	538	5.78e-64	209	244	562	73	XP_035430264.2 acetylcholinesterase [Spodoptera frugiperda]
TRINITY_DN920_c1_g1_i2.p1	XP_050553308.1	55.676	185	80	2	1	185	365	547	4.73e-63	206	244	569	76	XP_050553308.1 para-nitrobenzyl esterase-like isoform X3 [Spodoptera frugiperda]
TRINITY_DN920_c1_g1_i2.p1	XP_035430695.2	55.676	185	80	2	1	185	378	560	6.37e-63	206	244	582	76	XP_035430695.2 para-nitrobenzyl esterase-like isoform X1 [Spodoptera frugiperda]
TRINITY_DN920_c1_g1_i2.p1	XP_050553309.1	55.676	185	80	2	1	185	365	547	1.64e-62	205	244	569	76	XP_050553309.1 para-nitrobenzyl esterase-like isoform X4 [Spodoptera frugiperda]
TRINITY_DN920_c1_g1_i2.p1	XP_050553307.1	55.676	185	75	2	1	179	365	548	1.83e-62	205	244	569	73	XP_050553307.1 para-nitrobenzyl esterase-like isoform X2 [Spodoptera frugiperda]
TRINITY_DN920_c1_g1_i2.p1	XP_035429320.2	45.528	246	116	4	1	244	364	593	1.79e-57	192	244	594	100	XP_035429320.2 para-nitrobenzyl esterase-like [Spodoptera frugiperda]
TRINITY_DN920_c1_g1_i2.p1	XP_035429431.2	48.370	184	86	3	1	177	368	549	2.13e-50	173	244	553	73	XP_035429431.2 cholinesterase 1 isoform X4 [Spodoptera frugiperda]
TRINITY_DN920_c1_g1_i2.p1	XP_050553603.1	48.901	182	84	3	3	177	371	550	3.45e-50	172	244	554	72	XP_050553603.1 cholinesterase 1 isoform X3 [Spodoptera frugiperda]
TRINITY_DN52963_c0_g1_i1.p1	XP_050554225.1	70.992	131	37	1	1	131	294	423	5.29e-63	200	131	516	100	XP_050554225.1 esterase FE4-like isoform X3 [Spodoptera frugiperda]
TRINITY_DN52963_c0_g1_i1.p1	XP_050554224.1	70.992	131	37	1	1	131	294	423	5.29e-63	200	131	516	100	XP_050554224.1 esterase FE4-like isoform X2 [Spodoptera frugiperda]
TRINITY_DN52963_c0_g1_i1.p1	XP_050554223.1	70.992	131	37	1	1	131	348	477	1.27e-62	201	131	570	100	XP_050554223.1 esterase E4-like isoform X1 [Spodoptera frugiperda]
TRINITY_DN52963_c0_g1_i1.p1	XP_050554178.1	59.542	131	51	1	1	131	923	1051	6.59e-47	162	131	1143	100	XP_050554178.1 uncharacterized protein LOC118279115 [Spodoptera frugiperda]
TRINITY_DN52963_c0_g1_i1.p1	XP_050554178.1	45.926	135	68	2	1	131	343	476	1.11e-32	121	131	1143	100	XP_050554178.1 uncharacterized protein LOC118279115 [Spodoptera frugiperda]
TRINITY_DN52963_c0_g1_i1.p1	XP_050551352.1	33.750	80	50	2	32	111	354	430	5.01e-06	45.1	131	548	61	XP_050551352.1 cholinesterase 2-like [Spodoptera frugiperda]
TRINITY_DN52963_c0_g1_i1.p1	XP_035430694.2	24.719	89	64	2	23	110	344	430	1.07e-05	43.9	131	550	67	XP_035430694.2 esterase FE4-like [Spodoptera frugiperda]
TRINITY_DN52963_c0_g1_i1.p1	XP_035449861.2	34.286	70	44	1	42	111	363	430	1.28e-05	43.9	131	548	53	XP_035449861.2 cholinesterase 2-like [Spodoptera frugiperda]
TRINITY_DN52963_c0_g1_i1.p1	XP_050550706.1	27.957	93	60	3	41	131	371	458	3.15e-04	39.7	131	545	69	XP_050550706.1 cholinesterase 2-like [Spodoptera frugiperda]
TRINITY_DN52963_c0_g1_i1.p1	XP_050550705.1	27.957	93	60	3	41	131	371	458	3.15e-04	39.7	131	545	69	XP_050550705.1 cholinesterase 2-like [Spodoptera frugiperda]
TRINITY_DN52963_c0_g1_i1.p1	XP_050551353.1	30.000	70	47	1	42	111	363	430	3.44e-04	39.7	131	547	53	XP_050551353.1 venom carboxylesterase-6-like isoform X1 [Spodoptera frugiperda]
TRINITY_DN25123_c0_g2_i1.p1	XP_050560005.1	72.535	142	39	0	1	142	429	570	1.84e-74	232	142	570	100	XP_050560005.1 juvenile hormone esterase-like [Spodoptera frugiperda]
TRINITY_DN25123_c0_g2_i1.p1	XP_035435407.2	40.000	105	59	2	1	103	440	542	7.06e-18	79.3	142	583	73	XP_035435407.2 esterase E4-like [Spodoptera frugiperda]
TRINITY_DN25123_c0_g2_i1.p1	XP_035435877.2	37.313	134	73	6	1	128	437	565	1.17e-16	75.9	142	585	90	XP_035435877.2 juvenile hormone esterase-like [Spodoptera frugiperda]
TRINITY_DN25123_c0_g2_i1.p1	XP_050550861.1	32.192	146	86	6	1	142	363	499	3.98e-15	71.6	142	499	100	XP_050550861.1 juvenile hormone esterase isoform X2 [Spodoptera frugiperda]
TRINITY_DN25123_c0_g2_i1.p1	XP_035435380.2	32.192	146	86	6	1	142	425	561	4.04e-15	71.6	142	561	100	XP_035435380.2 juvenile hormone esterase isoform X1 [Spodoptera frugiperda]
TRINITY_DN25123_c0_g2_i1.p1	XP_035444720.2	35.455	110	58	3	1	109	416	513	5.17e-13	65.5	142	534	77	XP_035444720.2 juvenile hormone esterase [Spodoptera frugiperda]
TRINITY_DN25123_c0_g2_i1.p1	XP_035450363.2	31.298	131	76	4	1	128	417	536	3.51e-12	63.2	142	570	90	XP_035450363.2 esterase B1-like [Spodoptera frugiperda]
TRINITY_DN25123_c0_g2_i1.p1	XP_035435406.2	32.456	114	70	4	1	107	435	548	1.41e-11	61.2	142	626	75	XP_035435406.2 esterase E4-like [Spodoptera frugiperda]
TRINITY_DN25123_c0_g2_i1.p1	XP_035459067.2	30.827	133	81	5	1	133	418	539	9.71e-11	58.9	142	546	94	XP_035459067.2 bile salt-activated lipase [Spodoptera frugiperda]
TRINITY_DN25123_c0_g2_i1.p1	XP_035450251.1	30.147	136	83	6	1	133	410	536	1.31e-10	58.5	142	541	94	XP_035450251.1 juvenile hormone esterase-like [Spodoptera frugiperda]
TRINITY_DN1554_c0_g1_i2.p1	XP_035450352.2	70.750	547	156	4	25	568	1	546	0.0	786	569	547	96	XP_035450352.2 bile salt-activated lipase [Spodoptera frugiperda]
TRINITY_DN1554_c0_g1_i2.p1	XP_035450363.2	60.695	547	212	3	25	569	1	546	0.0	706	569	570	96	XP_035450363.2 esterase B1-like [Spodoptera frugiperda]
TRINITY_DN1554_c0_g1_i2.p1	XP_035432002.2	49.156	533	265	2	37	563	11	543	0.0	552	569	543	93	XP_035432002.2 cholinesterase 2-like [Spodoptera frugiperda]
TRINITY_DN1554_c0_g1_i2.p1	XP_035449450.2	48.188	552	261	11	25	565	7	544	0.0	528	569	547	95	XP_035449450.2 esterase FE4-like [Spodoptera frugiperda]
TRINITY_DN1554_c0_g1_i2.p1	XP_035449861.2	49.002	551	258	11	27	565	6	545	0.0	528	569	548	95	XP_035449861.2 cholinesterase 2-like [Spodoptera frugiperda]
TRINITY_DN1554_c0_g1_i2.p1	XP_050551353.1	48.485	528	253	9	49	565	25	544	0.0	524	569	547	91	XP_050551353.1 venom carboxylesterase-6-like isoform X1 [Spodoptera frugiperda]
TRINITY_DN1554_c0_g1_i2.p1	XP_035449447.2	47.932	532	258	9	45	565	21	544	0.0	522	569	547	92	XP_035449447.2 cholinesterase 2-like [Spodoptera frugiperda]
TRINITY_DN1554_c0_g1_i2.p1	XP_050551352.1	48.644	553	258	12	25	565	7	545	6.51e-180	519	569	548	95	XP_050551352.1 cholinesterase 2-like [Spodoptera frugiperda]
TRINITY_DN1554_c0_g1_i2.p1	XP_050551354.1	47.464	552	265	11	25	565	7	544	3.91e-179	517	569	547	95	XP_050551354.1 esterase FE4-like isoform X2 [Spodoptera frugiperda]
TRINITY_DN1554_c0_g1_i2.p1	XP_050551355.1	46.014	552	273	11	25	565	7	544	1.45e-171	498	569	547	95	XP_050551355.1 esterase FE4-like isoform X3 [Spodoptera frugiperda]
TRINITY_DN1554_c0_g2_i1.p1	XP_035450352.2	69.275	345	104	2	1	344	186	529	5.69e-174	494	344	547	100	XP_035450352.2 bile salt-activated lipase [Spodoptera frugiperda]
TRINITY_DN1554_c0_g2_i1.p1	XP_035450363.2	59.710	345	137	2	1	343	183	527	6.28e-149	432	344	570	99	XP_035450363.2 esterase B1-like [Spodoptera frugiperda]
TRINITY_DN1554_c0_g2_i1.p1	XP_035449861.2	48.315	356	169	5	1	344	179	531	6.92e-109	328	344	548	100	XP_035449861.2 cholinesterase 2-like [Spodoptera frugiperda]
TRINITY_DN1554_c0_g2_i1.p1	XP_050551352.1	48.034	356	170	5	1	344	179	531	8.23e-109	328	344	548	100	XP_050551352.1 cholinesterase 2-like [Spodoptera frugiperda]
TRINITY_DN1554_c0_g2_i1.p1	XP_035449450.2	46.479	355	176	5	1	344	179	530	6.96e-105	318	344	547	100	XP_035449450.2 esterase FE4-like [Spodoptera frugiperda]
TRINITY_DN1554_c0_g2_i1.p1	XP_050551354.1	45.915	355	178	5	1	344	179	530	1.67e-104	317	344	547	100	XP_050551354.1 esterase FE4-like isoform X2 [Spodoptera frugiperda]
TRINITY_DN1554_c0_g2_i1.p1	XP_050551353.1	45.915	355	178	5	1	344	179	530	2.19e-104	317	344	547	100	XP_050551353.1 venom carboxylesterase-6-like isoform X1 [Spodoptera frugiperda]
TRINITY_DN1554_c0_g2_i1.p1	XP_035432002.2	44.571	350	188	2	1	344	182	531	1.22e-102	312	344	543	100	XP_035432002.2 cholinesterase 2-like [Spodoptera frugiperda]
TRINITY_DN1554_c0_g2_i1.p1	XP_035449447.2	44.225	355	184	5	1	344	179	530	1.11e-100	307	344	547	100	XP_035449447.2 cholinesterase 2-like [Spodoptera frugiperda]
TRINITY_DN1554_c0_g2_i1.p1	XP_035449863.2	45.225	356	180	5	1	344	179	531	7.23e-100	305	344	549	100	XP_035449863.2 juvenile hormone esterase-like [Spodoptera frugiperda]
TRINITY_DN1554_c0_g3_i1.p1	XP_035450352.2	73.832	107	26	2	1	105	1	107	1.54e-51	170	105	547	100	XP_035450352.2 bile salt-activated lipase [Spodoptera frugiperda]
TRINITY_DN1554_c0_g3_i1.p1	XP_035450363.2	66.019	103	35	0	3	105	2	104	6.10e-43	147	105	570	98	XP_035450363.2 esterase B1-like [Spodoptera frugiperda]
TRINITY_DN1554_c0_g3_i1.p1	XP_035432002.2	61.856	97	37	0	9	105	7	103	4.22e-34	123	105	543	92	XP_035432002.2 cholinesterase 2-like [Spodoptera frugiperda]
TRINITY_DN1554_c0_g3_i1.p1	XP_035449447.2	61.176	85	29	3	21	105	21	101	5.91e-30	111	105	547	81	XP_035449447.2 cholinesterase 2-like [Spodoptera frugiperda]
TRINITY_DN1554_c0_g3_i1.p1	XP_050551355.1	57.282	103	36	5	4	105	6	101	6.14e-29	108	105	547	97	XP_050551355.1 esterase FE4-like isoform X3 [Spodoptera frugiperda]
TRINITY_DN1554_c0_g3_i1.p1	XP_050551354.1	57.282	103	36	5	4	105	6	101	8.35e-29	108	105	547	97	XP_050551354.1 esterase FE4-like isoform X2 [Spodoptera frugiperda]
TRINITY_DN1554_c0_g3_i1.p1	XP_050551353.1	61.728	81	27	3	25	105	25	101	1.04e-28	108	105	547	77	XP_050551353.1 venom carboxylesterase-6-like isoform X1 [Spodoptera frugiperda]
TRINITY_DN1554_c0_g3_i1.p1	XP_035449450.2	54.286	105	38	5	1	105	7	101	1.05e-28	108	105	547	100	XP_035449450.2 esterase FE4-like [Spodoptera frugiperda]
TRINITY_DN1554_c0_g3_i1.p1	XP_050551352.1	55.340	103	38	5	4	105	6	101	1.40e-28	108	105	548	97	XP_050551352.1 cholinesterase 2-like [Spodoptera frugiperda]
TRINITY_DN1554_c0_g3_i1.p1	XP_035449861.2	54.286	105	38	5	1	105	7	101	2.22e-28	107	105	548	100	XP_035449861.2 cholinesterase 2-like [Spodoptera frugiperda]
TRINITY_DN3238_c0_g1_i2.p1	XP_035449627.2	60.075	536	201	7	232	761	139	667	0.0	652	761	667	70	XP_035449627.2 esterase E4-like [Spodoptera frugiperda]
TRINITY_DN3238_c0_g1_i2.p1	XP_050550706.1	32.017	481	284	12	227	678	26	492	1.35e-61	217	761	545	59	XP_050550706.1 cholinesterase 2-like [Spodoptera frugiperda]
TRINITY_DN3238_c0_g1_i2.p1	XP_050550705.1	32.017	481	284	12	227	678	26	492	1.35e-61	217	761	545	59	XP_050550705.1 cholinesterase 2-like [Spodoptera frugiperda]
TRINITY_DN3238_c0_g1_i2.p1	XP_050550661.1	32.068	474	291	11	229	678	23	489	4.21e-59	210	761	547	59	XP_050550661.1 juvenile hormone esterase [Spodoptera frugiperda]
TRINITY_DN3238_c0_g1_i2.p1	XP_035435674.2	32.068	474	291	11	229	678	23	489	4.21e-59	210	761	547	59	XP_035435674.2 juvenile hormone esterase [Spodoptera frugiperda]
TRINITY_DN3238_c0_g1_i2.p1	XP_035428785.2	29.567	531	328	15	230	723	3	524	1.00e-58	209	761	537	65	XP_035428785.2 juvenile hormone esterase isoform X2 [Spodoptera frugiperda]
TRINITY_DN3238_c0_g1_i2.p1	XP_035428784.2	29.567	531	328	15	230	723	30	551	1.67e-58	209	761	564	65	XP_035428784.2 juvenile hormone esterase isoform X1 [Spodoptera frugiperda]
TRINITY_DN3238_c0_g1_i2.p1	XP_035459067.2	30.357	504	307	14	254	726	45	535	1.02e-56	203	761	546	62	XP_035459067.2 bile salt-activated lipase [Spodoptera frugiperda]
TRINITY_DN3238_c0_g1_i2.p1	XP_035434119.2	28.977	528	319	13	233	726	35	540	2.35e-55	199	761	543	65	XP_035434119.2 esterase FE4-like [Spodoptera frugiperda]
TRINITY_DN3238_c0_g1_i2.p1	XP_035446627.2	30.943	488	304	14	266	726	61	542	1.66e-53	194	761	545	61	XP_035446627.2 juvenile hormone esterase-like [Spodoptera frugiperda]
TRINITY_DN307_c1_g1_i2.p1	XP_035429431.2	66.184	207	68	2	1	207	1	205	4.25e-96	290	207	553	100	XP_035429431.2 cholinesterase 1 isoform X4 [Spodoptera frugiperda]
TRINITY_DN307_c1_g1_i2.p1	XP_050553601.1	67.308	208	65	3	1	207	1	206	5.19e-95	288	207	560	100	XP_050553601.1 para-nitrobenzyl esterase-like [Spodoptera frugiperda]
TRINITY_DN307_c1_g1_i2.p1	XP_035429428.2	66.346	208	67	3	1	207	1	206	2.82e-94	286	207	557	100	XP_035429428.2 cholinesterase 1 isoform X1 [Spodoptera frugiperda]
TRINITY_DN307_c1_g1_i2.p1	XP_050553603.1	66.346	208	67	3	1	207	1	206	3.92e-94	285	207	554	100	XP_050553603.1 cholinesterase 1 isoform X3 [Spodoptera frugiperda]
TRINITY_DN307_c1_g1_i2.p1	XP_035429429.2	66.346	208	67	3	1	207	1	206	3.92e-94	285	207	554	100	XP_035429429.2 cholinesterase 1 isoform X2 [Spodoptera frugiperda]
TRINITY_DN307_c1_g1_i2.p1	XP_035430692.2	62.981	208	74	3	1	207	1	206	2.66e-89	273	207	558	100	XP_035430692.2 juvenile hormone esterase-like isoform X1 [Spodoptera frugiperda]
TRINITY_DN307_c1_g1_i2.p1	XP_050553602.1	62.981	208	74	3	1	207	1	206	2.69e-89	273	207	558	100	XP_050553602.1 juvenile hormone esterase-like isoform X2 [Spodoptera frugiperda]
TRINITY_DN307_c1_g1_i2.p1	XP_035430420.2	61.836	207	77	2	1	207	1	205	7.68e-86	264	207	554	100	XP_035430420.2 cholinesterase 1 [Spodoptera frugiperda]
TRINITY_DN307_c1_g1_i2.p1	XP_050553323.1	59.420	207	82	2	1	207	1	205	4.38e-85	262	207	565	100	XP_050553323.1 cholinesterase 1 [Spodoptera frugiperda]
TRINITY_DN307_c1_g1_i2.p1	XP_035430003.2	60.870	207	79	2	1	207	1	205	2.82e-84	259	207	545	100	XP_035430003.2 esterase FE4-like [Spodoptera frugiperda]
TRINITY_DN7438_c0_g2_i6.p1	XP_035450368.2	52.710	535	247	4	36	565	2	535	0.0	593	582	538	91	XP_035450368.2 juvenile hormone esterase [Spodoptera frugiperda]
TRINITY_DN7438_c0_g2_i6.p1	XP_050563387.1	45.699	558	293	5	10	560	8	562	3.53e-174	506	582	570	95	XP_050563387.1 juvenile hormone esterase-like [Spodoptera frugiperda]
TRINITY_DN7438_c0_g2_i6.p1	XP_050563149.1	47.495	539	275	4	27	560	563	1098	6.08e-172	517	582	1106	92	XP_050563149.1 neuroligin-4, X-linked-like [Spodoptera frugiperda]
TRINITY_DN7438_c0_g2_i6.p1	XP_050563149.1	41.527	537	298	7	29	561	27	551	1.28e-128	404	582	1106	92	XP_050563149.1 neuroligin-4, X-linked-like [Spodoptera frugiperda]
TRINITY_DN7438_c0_g2_i6.p1	XP_035450367.2	44.118	544	291	7	25	561	12	549	4.63e-152	449	582	556	92	XP_035450367.2 esterase FE4-like [Spodoptera frugiperda]
TRINITY_DN7438_c0_g2_i6.p1	XP_035450366.2	43.934	544	292	7	25	561	12	549	7.14e-152	448	582	556	92	XP_035450366.2 esterase FE4-like [Spodoptera frugiperda]
TRINITY_DN7438_c0_g2_i6.p1	XP_035450696.2	43.165	556	296	9	17	565	11	553	5.33e-145	431	582	558	94	XP_035450696.2 juvenile hormone esterase-like [Spodoptera frugiperda]
TRINITY_DN7438_c0_g2_i6.p1	XP_035450251.1	39.326	534	310	9	36	561	2	529	1.14e-129	390	582	541	90	XP_035450251.1 juvenile hormone esterase-like [Spodoptera frugiperda]
TRINITY_DN7438_c0_g2_i6.p1	XP_035450249.2	38.476	538	320	6	36	565	2	536	3.82e-125	379	582	537	91	XP_035450249.2 juvenile hormone esterase [Spodoptera frugiperda]
TRINITY_DN7438_c0_g2_i6.p1	XP_035450257.2	39.779	543	313	9	36	569	2	539	2.98e-122	389	582	1170	93	XP_035450257.2 uncharacterized protein LOC118276155 [Spodoptera frugiperda]
TRINITY_DN7438_c0_g2_i6.p1	XP_035450257.2	39.252	535	311	9	36	561	636	1165	4.88e-120	383	582	1170	93	XP_035450257.2 uncharacterized protein LOC118276155 [Spodoptera frugiperda]
TRINITY_DN7438_c0_g2_i6.p1	XP_035450257.2	46.316	95	48	2	29	122	536	628	5.08e-17	85.9	582	1170	93	XP_035450257.2 uncharacterized protein LOC118276155 [Spodoptera frugiperda]
TRINITY_DN7438_c0_g2_i6.p1	XP_050561842.1	40.000	530	297	10	38	561	4	518	3.80e-122	371	582	528	90	XP_050561842.1 juvenile hormone esterase isoform X4 [Spodoptera frugiperda]
TRINITY_DN32783_c0_g3_i1.p1	XP_035459067.2	84.426	244	36	1	5	246	128	371	7.23e-144	414	246	546	98	XP_035459067.2 bile salt-activated lipase [Spodoptera frugiperda]
TRINITY_DN32783_c0_g3_i1.p1	XP_035459069.2	53.814	236	107	1	5	238	131	366	3.20e-80	251	246	544	95	XP_035459069.2 LOW QUALITY PROTEIN: esterase FE4 [Spodoptera frugiperda]
TRINITY_DN32783_c0_g3_i1.p1	XP_035446627.2	45.455	242	128	3	7	244	137	378	3.39e-59	196	246	545	97	XP_035446627.2 juvenile hormone esterase-like [Spodoptera frugiperda]
TRINITY_DN32783_c0_g3_i1.p1	XP_050550706.1	44.444	243	132	2	7	246	136	378	9.68e-58	192	246	545	98	XP_050550706.1 cholinesterase 2-like [Spodoptera frugiperda]
TRINITY_DN32783_c0_g3_i1.p1	XP_050550705.1	44.444	243	132	2	7	246	136	378	9.68e-58	192	246	545	98	XP_050550705.1 cholinesterase 2-like [Spodoptera frugiperda]
TRINITY_DN32783_c0_g3_i1.p1	XP_050550661.1	44.762	210	107	3	7	210	133	339	8.88e-52	176	246	547	83	XP_050550661.1 juvenile hormone esterase [Spodoptera frugiperda]
TRINITY_DN32783_c0_g3_i1.p1	XP_035435674.2	44.762	210	107	3	7	210	133	339	8.88e-52	176	246	547	83	XP_035435674.2 juvenile hormone esterase [Spodoptera frugiperda]
TRINITY_DN32783_c0_g3_i1.p1	XP_035435396.2	40.417	240	134	4	7	238	127	365	1.36e-50	174	246	560	94	XP_035435396.2 juvenile hormone esterase isoform X2 [Spodoptera frugiperda]
TRINITY_DN32783_c0_g3_i1.p1	XP_035435395.2	40.417	240	134	4	7	238	127	365	1.36e-50	174	246	560	94	XP_035435395.2 juvenile hormone esterase isoform X2 [Spodoptera frugiperda]
TRINITY_DN32783_c0_g3_i1.p1	XP_035435394.2	40.417	240	134	4	7	238	168	406	2.39e-50	174	246	601	94	XP_035435394.2 juvenile hormone esterase isoform X1 [Spodoptera frugiperda]
TRINITY_DN22163_c0_g1_i1.p1	XP_050550706.1	75.458	546	131	2	1	546	1	543	0.0	873	549	545	99	XP_050550706.1 cholinesterase 2-like [Spodoptera frugiperda]
TRINITY_DN22163_c0_g1_i1.p1	XP_050550705.1	75.458	546	131	2	1	546	1	543	0.0	873	549	545	99	XP_050550705.1 cholinesterase 2-like [Spodoptera frugiperda]
TRINITY_DN22163_c0_g1_i1.p1	XP_050550661.1	50.275	545	264	4	7	548	2	542	0.0	555	549	547	99	XP_050550661.1 juvenile hormone esterase [Spodoptera frugiperda]
TRINITY_DN22163_c0_g1_i1.p1	XP_035435674.2	50.275	545	264	4	7	548	2	542	0.0	555	549	547	99	XP_035435674.2 juvenile hormone esterase [Spodoptera frugiperda]
TRINITY_DN22163_c0_g1_i1.p1	XP_035446627.2	51.642	548	245	11	10	545	4	543	0.0	545	549	545	98	XP_035446627.2 juvenile hormone esterase-like [Spodoptera frugiperda]
TRINITY_DN22163_c0_g1_i1.p1	XP_035435396.2	45.255	548	282	9	11	548	1	540	5.96e-168	488	549	560	98	XP_035435396.2 juvenile hormone esterase isoform X2 [Spodoptera frugiperda]
TRINITY_DN22163_c0_g1_i1.p1	XP_035435395.2	45.255	548	282	9	11	548	1	540	5.96e-168	488	549	560	98	XP_035435395.2 juvenile hormone esterase isoform X2 [Spodoptera frugiperda]
TRINITY_DN22163_c0_g1_i1.p1	XP_035435394.2	45.091	550	284	9	9	548	40	581	2.92e-167	488	549	601	98	XP_035435394.2 juvenile hormone esterase isoform X1 [Spodoptera frugiperda]
TRINITY_DN22163_c0_g1_i1.p1	XP_035459067.2	42.279	544	294	10	12	546	5	537	3.59e-142	422	549	546	97	XP_035459067.2 bile salt-activated lipase [Spodoptera frugiperda]
TRINITY_DN22163_c0_g1_i1.p1	XP_035459069.2	40.257	544	307	10	12	546	5	539	3.27e-132	396	549	544	97	XP_035459069.2 LOW QUALITY PROTEIN: esterase FE4 [Spodoptera frugiperda]
TRINITY_DN256_c2_g1_i1.p1	XP_035446627.2	70.620	548	151	4	1	542	1	544	0.0	827	543	545	99	XP_035446627.2 juvenile hormone esterase-like [Spodoptera frugiperda]
TRINITY_DN256_c2_g1_i1.p1	XP_050550661.1	53.519	540	244	5	6	543	7	541	0.0	569	543	547	99	XP_050550661.1 juvenile hormone esterase [Spodoptera frugiperda]
TRINITY_DN256_c2_g1_i1.p1	XP_035435674.2	53.519	540	244	5	6	543	7	541	0.0	569	543	547	99	XP_035435674.2 juvenile hormone esterase [Spodoptera frugiperda]
TRINITY_DN256_c2_g1_i1.p1	XP_050550706.1	50.277	541	254	10	6	541	12	542	0.0	523	543	545	99	XP_050550706.1 cholinesterase 2-like [Spodoptera frugiperda]
TRINITY_DN256_c2_g1_i1.p1	XP_050550705.1	50.277	541	254	10	6	541	12	542	0.0	523	543	545	99	XP_050550705.1 cholinesterase 2-like [Spodoptera frugiperda]
TRINITY_DN256_c2_g1_i1.p1	XP_035435396.2	47.723	549	265	11	6	543	2	539	2.42e-162	474	543	560	99	XP_035435396.2 juvenile hormone esterase isoform X2 [Spodoptera frugiperda]
TRINITY_DN256_c2_g1_i1.p1	XP_035435395.2	47.723	549	265	11	6	543	2	539	2.42e-162	474	543	560	99	XP_035435395.2 juvenile hormone esterase isoform X2 [Spodoptera frugiperda]
TRINITY_DN256_c2_g1_i1.p1	XP_035435394.2	47.636	550	266	11	5	543	42	580	9.71e-162	473	543	601	99	XP_035435394.2 juvenile hormone esterase isoform X1 [Spodoptera frugiperda]
TRINITY_DN256_c2_g1_i1.p1	XP_035459067.2	44.732	541	285	10	6	541	5	536	8.34e-155	454	543	546	99	XP_035459067.2 bile salt-activated lipase [Spodoptera frugiperda]
TRINITY_DN256_c2_g1_i1.p1	XP_035459069.2	40.959	542	306	9	6	541	5	538	4.05e-133	398	543	544	99	XP_035459069.2 LOW QUALITY PROTEIN: esterase FE4 [Spodoptera frugiperda]
TRINITY_DN44102_c0_g1_i1.p1	XP_035429701.2	98.113	106	2	0	1	106	314	419	1.12e-69	220	106	694	100	XP_035429701.2 acetylcholinesterase [Spodoptera frugiperda]
TRINITY_DN44102_c0_g1_i1.p1	XP_035438382.2	35.514	107	66	2	1	104	267	373	2.44e-14	67.8	106	638	98	XP_035438382.2 acetylcholinesterase-like [Spodoptera frugiperda]
TRINITY_DN44102_c0_g1_i1.p1	XP_050550706.1	58.000	50	19	1	1	50	206	253	1.52e-11	59.7	106	545	47	XP_050550706.1 cholinesterase 2-like [Spodoptera frugiperda]
TRINITY_DN44102_c0_g1_i1.p1	XP_050550705.1	58.000	50	19	1	1	50	206	253	1.52e-11	59.7	106	545	47	XP_050550705.1 cholinesterase 2-like [Spodoptera frugiperda]
TRINITY_DN44102_c0_g1_i1.p1	XP_035435441.2	33.333	111	65	3	1	104	219	327	8.79e-11	57.8	106	564	98	XP_035435441.2 juvenile hormone esterase [Spodoptera frugiperda]
TRINITY_DN44102_c0_g1_i1.p1	XP_035444720.2	33.043	115	66	2	1	104	194	308	4.35e-10	55.5	106	534	98	XP_035444720.2 juvenile hormone esterase [Spodoptera frugiperda]
TRINITY_DN44102_c0_g1_i1.p1	XP_035446627.2	37.113	97	53	3	1	93	207	299	1.12e-09	54.3	106	545	88	XP_035446627.2 juvenile hormone esterase-like [Spodoptera frugiperda]
TRINITY_DN44102_c0_g1_i1.p1	XP_050549265.1	47.170	53	28	0	1	53	193	245	1.83e-09	53.9	106	532	50	XP_050549265.1 juvenile hormone esterase-like [Spodoptera frugiperda]
TRINITY_DN44102_c0_g1_i1.p1	XP_050549264.1	47.170	53	28	0	1	53	193	245	1.83e-09	53.9	106	532	50	XP_050549264.1 juvenile hormone esterase-like [Spodoptera frugiperda]
TRINITY_DN44102_c0_g1_i1.p1	XP_035450257.2	67.647	34	11	0	1	34	821	854	2.95e-09	53.5	106	1170	32	XP_035450257.2 uncharacterized protein LOC118276155 [Spodoptera frugiperda]
TRINITY_DN44102_c0_g1_i1.p1	XP_035450257.2	64.706	34	12	0	1	34	187	220	3.62e-09	53.1	106	1170	32	XP_035450257.2 uncharacterized protein LOC118276155 [Spodoptera frugiperda]
TRINITY_DN2518_c0_g1_i12.p1	XP_050554570.1	94.057	875	52	0	1	875	1	875	0.0	1674	875	875	100	XP_050554570.1 neuroligin-4, Y-linked isoform X1 [Spodoptera frugiperda]
TRINITY_DN2518_c0_g1_i12.p1	XP_050554571.1	93.029	875	49	1	1	875	1	863	0.0	1645	875	863	100	XP_050554571.1 neuroligin-4, Y-linked isoform X2 [Spodoptera frugiperda]
TRINITY_DN2518_c0_g1_i12.p1	XP_035430261.2	28.433	517	298	15	178	665	83	556	7.35e-52	198	875	1481	56	XP_035430261.2 uncharacterized protein LOC118262772 [Spodoptera frugiperda]
TRINITY_DN2518_c0_g1_i12.p1	XP_035429701.2	29.590	561	332	19	177	716	139	657	1.37e-51	193	875	694	62	XP_035429701.2 acetylcholinesterase [Spodoptera frugiperda]
TRINITY_DN2518_c0_g1_i12.p1	XP_035430337.1	26.594	643	379	19	123	704	20	630	6.45e-50	191	875	903	67	XP_035430337.1 neuroligin-4, X-linked isoform X2 [Spodoptera frugiperda]
TRINITY_DN2518_c0_g1_i12.p1	XP_035430505.2	28.169	639	354	19	139	706	151	755	2.06e-49	190	875	1056	65	XP_035430505.2 neuroligin-4, Y-linked isoform X2 [Spodoptera frugiperda]
TRINITY_DN2518_c0_g1_i12.p1	XP_035430504.2	27.969	640	356	19	139	706	151	757	2.17e-49	190	875	1058	65	XP_035430504.2 neuroligin-4, Y-linked isoform X1 [Spodoptera frugiperda]
TRINITY_DN2518_c0_g1_i12.p1	XP_035430336.1	26.822	645	376	21	123	704	20	631	8.81e-49	187	875	904	67	XP_035430336.1 neuroligin-4, X-linked isoform X1 [Spodoptera frugiperda]
TRINITY_DN2518_c0_g1_i12.p1	XP_035430339.1	27.074	639	376	22	123	704	20	625	1.57e-48	186	875	898	67	XP_035430339.1 neuroligin-4, X-linked isoform X3 [Spodoptera frugiperda]
TRINITY_DN2518_c0_g1_i12.p1	XP_050553200.1	26.863	644	383	23	122	706	67	681	1.42e-47	184	875	994	67	XP_050553200.1 neuroligin-4, Y-linked isoform X1 [Spodoptera frugiperda]
TRINITY_DN28070_c0_g1_i1.p1	XP_035457497.2	54.676	139	60	2	1	138	380	516	1.42e-44	152	139	522	99	XP_035457497.2 cholinesterase 1 [Spodoptera frugiperda]
TRINITY_DN28070_c0_g1_i1.p1	XP_035449447.2	56.667	120	51	1	9	127	417	536	8.38e-44	151	139	547	86	XP_035449447.2 cholinesterase 2-like [Spodoptera frugiperda]
TRINITY_DN28070_c0_g1_i1.p1	XP_035449861.2	58.678	121	48	1	9	127	417	537	1.30e-43	150	139	548	86	XP_035449861.2 cholinesterase 2-like [Spodoptera frugiperda]
TRINITY_DN28070_c0_g1_i1.p1	XP_050551352.1	57.851	121	49	1	9	127	417	537	4.47e-43	149	139	548	86	XP_050551352.1 cholinesterase 2-like [Spodoptera frugiperda]
TRINITY_DN28070_c0_g1_i1.p1	XP_050551355.1	57.759	116	48	1	10	124	418	533	4.56e-43	149	139	547	83	XP_050551355.1 esterase FE4-like isoform X3 [Spodoptera frugiperda]
TRINITY_DN28070_c0_g1_i1.p1	XP_050551354.1	56.410	117	50	1	9	124	417	533	9.10e-43	148	139	547	83	XP_050551354.1 esterase FE4-like isoform X2 [Spodoptera frugiperda]
TRINITY_DN28070_c0_g1_i1.p1	XP_050551353.1	56.410	117	50	1	9	124	417	533	1.14e-42	148	139	547	83	XP_050551353.1 venom carboxylesterase-6-like isoform X1 [Spodoptera frugiperda]
TRINITY_DN28070_c0_g1_i1.p1	XP_035449450.2	56.410	117	50	1	9	124	417	533	1.19e-42	148	139	547	83	XP_035449450.2 esterase FE4-like [Spodoptera frugiperda]
TRINITY_DN28070_c0_g1_i1.p1	XP_035449830.2	54.545	121	54	1	9	128	412	532	2.53e-42	147	139	549	86	XP_035449830.2 cholinesterase 2-like [Spodoptera frugiperda]
TRINITY_DN28070_c0_g1_i1.p1	XP_035449863.2	56.034	116	50	1	9	123	418	533	1.55e-41	145	139	549	83	XP_035449863.2 juvenile hormone esterase-like [Spodoptera frugiperda]
TRINITY_DN1740_c0_g2_i1.p1	XP_035459069.2	69.573	539	160	2	1	535	1	539	0.0	790	539	544	99	XP_035459069.2 LOW QUALITY PROTEIN: esterase FE4 [Spodoptera frugiperda]
TRINITY_DN1740_c0_g2_i1.p1	XP_035459067.2	61.667	540	205	1	1	538	1	540	0.0	709	539	546	99	XP_035459067.2 bile salt-activated lipase [Spodoptera frugiperda]
TRINITY_DN1740_c0_g2_i1.p1	XP_035435396.2	41.405	541	303	7	5	535	2	538	9.79e-151	444	539	560	99	XP_035435396.2 juvenile hormone esterase isoform X2 [Spodoptera frugiperda]
TRINITY_DN1740_c0_g2_i1.p1	XP_035435395.2	41.405	541	303	7	5	535	2	538	9.79e-151	444	539	560	99	XP_035435395.2 juvenile hormone esterase isoform X2 [Spodoptera frugiperda]
TRINITY_DN1740_c0_g2_i1.p1	XP_035435394.2	41.405	541	303	7	5	535	43	579	3.66e-150	444	539	601	99	XP_035435394.2 juvenile hormone esterase isoform X1 [Spodoptera frugiperda]
TRINITY_DN1740_c0_g2_i1.p1	XP_035446627.2	43.119	545	288	10	5	534	6	543	1.70e-144	427	539	545	98	XP_035446627.2 juvenile hormone esterase-like [Spodoptera frugiperda]
TRINITY_DN1740_c0_g2_i1.p1	XP_050550706.1	38.858	543	321	7	1	537	8	545	3.21e-129	388	539	545	99	XP_050550706.1 cholinesterase 2-like [Spodoptera frugiperda]
TRINITY_DN1740_c0_g2_i1.p1	XP_050550705.1	38.858	543	321	7	1	537	8	545	3.21e-129	388	539	545	99	XP_050550705.1 cholinesterase 2-like [Spodoptera frugiperda]
TRINITY_DN1740_c0_g2_i1.p1	XP_050550661.1	39.002	541	313	8	5	535	7	540	1.05e-126	382	539	547	99	XP_050550661.1 juvenile hormone esterase [Spodoptera frugiperda]
TRINITY_DN1740_c0_g2_i1.p1	XP_035435674.2	39.002	541	313	8	5	535	7	540	1.05e-126	382	539	547	99	XP_035435674.2 juvenile hormone esterase [Spodoptera frugiperda]
TRINITY_DN37835_c0_g1_i1.p1	XP_035429431.2	74.370	238	61	0	1	238	293	530	6.70e-131	380	238	553	100	XP_035429431.2 cholinesterase 1 isoform X4 [Spodoptera frugiperda]
TRINITY_DN37835_c0_g1_i1.p1	XP_050553602.1	69.328	238	73	0	1	238	295	532	8.64e-126	368	238	558	100	XP_050553602.1 juvenile hormone esterase-like isoform X2 [Spodoptera frugiperda]
TRINITY_DN37835_c0_g1_i1.p1	XP_050553603.1	73.529	238	63	0	1	238	294	531	8.73e-126	367	238	554	100	XP_050553603.1 cholinesterase 1 isoform X3 [Spodoptera frugiperda]
TRINITY_DN37835_c0_g1_i1.p1	XP_035429429.2	73.529	238	63	0	1	238	294	531	8.73e-126	367	238	554	100	XP_035429429.2 cholinesterase 1 isoform X2 [Spodoptera frugiperda]
TRINITY_DN37835_c0_g1_i1.p1	XP_035429428.2	73.529	238	63	0	1	238	294	531	1.02e-125	367	238	557	100	XP_035429428.2 cholinesterase 1 isoform X1 [Spodoptera frugiperda]
TRINITY_DN37835_c0_g1_i1.p1	XP_035430692.2	69.328	238	73	0	1	238	295	532	1.29e-125	367	238	558	100	XP_035430692.2 juvenile hormone esterase-like isoform X1 [Spodoptera frugiperda]
TRINITY_DN37835_c0_g1_i1.p1	XP_050553601.1	71.369	241	66	1	1	238	294	534	4.96e-121	355	238	560	100	XP_050553601.1 para-nitrobenzyl esterase-like [Spodoptera frugiperda]
TRINITY_DN37835_c0_g1_i1.p1	XP_035430420.2	71.008	238	67	2	1	238	293	528	2.29e-120	354	238	554	100	XP_035430420.2 cholinesterase 1 [Spodoptera frugiperda]
TRINITY_DN37835_c0_g1_i1.p1	XP_035430003.2	64.706	238	78	2	1	238	293	524	4.11e-109	325	238	545	100	XP_035430003.2 esterase FE4-like [Spodoptera frugiperda]
TRINITY_DN37835_c0_g1_i1.p1	XP_050553323.1	54.202	238	107	1	1	238	293	528	1.97e-91	280	238	565	100	XP_050553323.1 cholinesterase 1 [Spodoptera frugiperda]
TRINITY_DN604_c1_g3_i3.p1	XP_035428784.2	76.896	567	128	1	1	567	1	564	0.0	951	567	564	100	XP_035428784.2 juvenile hormone esterase isoform X1 [Spodoptera frugiperda]
TRINITY_DN604_c1_g3_i3.p1	XP_035428785.2	77.612	536	120	0	32	567	2	537	0.0	913	567	537	95	XP_035428785.2 juvenile hormone esterase isoform X2 [Spodoptera frugiperda]
TRINITY_DN604_c1_g3_i3.p1	XP_035434296.2	45.539	538	281	7	24	557	1	530	1.08e-162	474	567	537	94	XP_035434296.2 juvenile hormone esterase isoform X3 [Spodoptera frugiperda]
TRINITY_DN604_c1_g3_i3.p1	XP_035434295.2	46.212	528	272	7	34	557	15	534	1.24e-162	474	567	541	92	XP_035434295.2 juvenile hormone esterase isoform X2 [Spodoptera frugiperda]
TRINITY_DN604_c1_g3_i3.p1	XP_050561842.1	46.212	528	272	7	34	557	2	521	1.36e-162	474	567	528	92	XP_050561842.1 juvenile hormone esterase isoform X4 [Spodoptera frugiperda]
TRINITY_DN604_c1_g3_i3.p1	XP_050561841.1	46.212	528	272	7	34	557	2	521	1.36e-162	474	567	528	92	XP_050561841.1 juvenile hormone esterase isoform X4 [Spodoptera frugiperda]
TRINITY_DN604_c1_g3_i3.p1	XP_050561840.1	46.212	528	272	7	34	557	2	521	1.36e-162	474	567	528	92	XP_050561840.1 juvenile hormone esterase isoform X4 [Spodoptera frugiperda]
TRINITY_DN604_c1_g3_i3.p1	XP_035434294.2	45.120	543	286	7	19	557	16	550	2.95e-162	474	567	557	95	XP_035434294.2 esterase B1 isoform X1 [Spodoptera frugiperda]
TRINITY_DN604_c1_g3_i3.p1	XP_035452217.2	42.329	541	288	8	36	559	24	557	6.80e-143	425	567	560	92	XP_035452217.2 juvenile hormone esterase-like [Spodoptera frugiperda]
TRINITY_DN604_c1_g3_i3.p1	XP_035452347.2	43.309	538	281	9	36	556	4	534	9.60e-142	421	567	537	92	XP_035452347.2 juvenile hormone esterase-like [Spodoptera frugiperda]
TRINITY_DN23123_c0_g1_i2.p1	XP_035430003.2	65.116	172	60	0	1	172	270	441	2.66e-80	248	172	545	100	XP_035430003.2 esterase FE4-like [Spodoptera frugiperda]
TRINITY_DN23123_c0_g1_i2.p1	XP_035430420.2	64.535	172	61	0	1	172	270	441	2.73e-78	243	172	554	100	XP_035430420.2 cholinesterase 1 [Spodoptera frugiperda]
TRINITY_DN23123_c0_g1_i2.p1	XP_035429428.2	68.786	173	53	1	1	172	271	443	1.49e-75	236	172	557	100	XP_035429428.2 cholinesterase 1 isoform X1 [Spodoptera frugiperda]
TRINITY_DN23123_c0_g1_i2.p1	XP_050553603.1	68.786	173	53	1	1	172	271	443	1.63e-75	236	172	554	100	XP_050553603.1 cholinesterase 1 isoform X3 [Spodoptera frugiperda]
TRINITY_DN23123_c0_g1_i2.p1	XP_035429429.2	68.786	173	53	1	1	172	271	443	1.63e-75	236	172	554	100	XP_035429429.2 cholinesterase 1 isoform X2 [Spodoptera frugiperda]
TRINITY_DN23123_c0_g1_i2.p1	XP_035429431.2	64.162	173	61	1	1	172	270	442	1.67e-75	236	172	553	100	XP_035429431.2 cholinesterase 1 isoform X4 [Spodoptera frugiperda]
TRINITY_DN23123_c0_g1_i2.p1	XP_050553601.1	67.630	173	55	1	1	172	271	443	7.58e-75	234	172	560	100	XP_050553601.1 para-nitrobenzyl esterase-like [Spodoptera frugiperda]
TRINITY_DN23123_c0_g1_i2.p1	XP_035430692.2	61.272	173	65	2	2	172	272	444	2.43e-69	220	172	558	99	XP_035430692.2 juvenile hormone esterase-like isoform X1 [Spodoptera frugiperda]
TRINITY_DN23123_c0_g1_i2.p1	XP_050553602.1	61.272	173	65	2	2	172	272	444	2.70e-69	219	172	558	99	XP_050553602.1 juvenile hormone esterase-like isoform X2 [Spodoptera frugiperda]
TRINITY_DN23123_c0_g1_i2.p1	XP_050553323.1	57.558	172	72	1	1	171	270	441	5.31e-65	209	172	565	99	XP_050553323.1 cholinesterase 1 [Spodoptera frugiperda]
TRINITY_DN4300_c0_g1_i2.p1	XP_050553603.1	59.167	120	47	1	1	118	431	550	2.70e-44	152	145	554	81	XP_050553603.1 cholinesterase 1 isoform X3 [Spodoptera frugiperda]
TRINITY_DN4300_c0_g1_i2.p1	XP_035429429.2	59.167	120	47	1	1	118	431	550	2.70e-44	152	145	554	81	XP_035429429.2 cholinesterase 1 isoform X2 [Spodoptera frugiperda]
TRINITY_DN4300_c0_g1_i2.p1	XP_035430692.2	57.983	119	44	2	1	115	432	548	9.31e-43	148	145	558	79	XP_035430692.2 juvenile hormone esterase-like isoform X1 [Spodoptera frugiperda]
TRINITY_DN4300_c0_g1_i2.p1	XP_035429428.2	60.909	110	41	1	1	108	431	540	1.04e-41	145	145	557	74	XP_035429428.2 cholinesterase 1 isoform X1 [Spodoptera frugiperda]
TRINITY_DN4300_c0_g1_i2.p1	XP_035430420.2	57.759	116	42	2	1	112	429	541	8.89e-41	143	145	554	77	XP_035430420.2 cholinesterase 1 [Spodoptera frugiperda]
TRINITY_DN4300_c0_g1_i2.p1	XP_035429431.2	59.821	112	43	1	6	115	435	546	1.02e-40	143	145	553	76	XP_035429431.2 cholinesterase 1 isoform X4 [Spodoptera frugiperda]
TRINITY_DN4300_c0_g1_i2.p1	XP_050553602.1	58.036	112	41	2	1	108	432	541	4.34e-40	141	145	558	74	XP_050553602.1 juvenile hormone esterase-like isoform X2 [Spodoptera frugiperda]
TRINITY_DN4300_c0_g1_i2.p1	XP_050553601.1	59.292	113	41	1	1	108	431	543	7.85e-40	140	145	560	74	XP_050553601.1 para-nitrobenzyl esterase-like [Spodoptera frugiperda]
TRINITY_DN4300_c0_g1_i2.p1	XP_035430003.2	58.120	117	45	2	1	116	429	542	1.88e-38	137	145	545	80	XP_035430003.2 esterase FE4-like [Spodoptera frugiperda]
TRINITY_DN4300_c0_g1_i2.p1	XP_050553323.1	46.429	112	60	0	3	114	432	543	1.21e-32	121	145	565	77	XP_050553323.1 cholinesterase 1 [Spodoptera frugiperda]
TRINITY_DN10973_c0_g1_i1.p1	XP_035450368.2	76.531	196	45	1	1	195	117	312	2.11e-106	316	195	538	100	XP_035450368.2 juvenile hormone esterase [Spodoptera frugiperda]
TRINITY_DN10973_c0_g1_i1.p1	XP_035450696.2	53.333	195	91	0	1	195	141	335	5.87e-66	212	195	558	100	XP_035450696.2 juvenile hormone esterase-like [Spodoptera frugiperda]
TRINITY_DN10973_c0_g1_i1.p1	XP_050561842.1	55.729	192	80	3	1	190	114	302	3.17e-64	207	195	528	97	XP_050561842.1 juvenile hormone esterase isoform X4 [Spodoptera frugiperda]
TRINITY_DN10973_c0_g1_i1.p1	XP_050561841.1	55.729	192	80	3	1	190	114	302	3.17e-64	207	195	528	97	XP_050561841.1 juvenile hormone esterase isoform X4 [Spodoptera frugiperda]
TRINITY_DN10973_c0_g1_i1.p1	XP_050561840.1	55.729	192	80	3	1	190	114	302	3.17e-64	207	195	528	97	XP_050561840.1 juvenile hormone esterase isoform X4 [Spodoptera frugiperda]
TRINITY_DN10973_c0_g1_i1.p1	XP_035434295.2	55.729	192	80	3	1	190	127	315	3.17e-64	207	195	541	97	XP_035434295.2 juvenile hormone esterase isoform X2 [Spodoptera frugiperda]
TRINITY_DN10973_c0_g1_i1.p1	XP_035434296.2	55.729	192	80	3	1	190	123	311	3.65e-64	207	195	537	97	XP_035434296.2 juvenile hormone esterase isoform X3 [Spodoptera frugiperda]
TRINITY_DN10973_c0_g1_i1.p1	XP_035434294.2	55.729	192	80	3	1	190	143	331	4.85e-64	207	195	557	97	XP_035434294.2 esterase B1 isoform X1 [Spodoptera frugiperda]
TRINITY_DN10973_c0_g1_i1.p1	XP_035452347.2	53.093	194	86	3	1	192	117	307	5.30e-62	201	195	537	98	XP_035452347.2 juvenile hormone esterase-like [Spodoptera frugiperda]
TRINITY_DN10973_c0_g1_i1.p1	XP_035452217.2	54.167	192	83	4	3	192	139	327	1.04e-61	201	195	560	97	XP_035452217.2 juvenile hormone esterase-like [Spodoptera frugiperda]
TRINITY_DN3199_c0_g1_i1.p1	XP_050554178.1	84.259	540	81	1	53	588	604	1143	0.0	967	588	1143	98	XP_050554178.1 uncharacterized protein LOC118279115 [Spodoptera frugiperda]
TRINITY_DN3199_c0_g1_i1.p1	XP_050554178.1	57.388	582	229	7	13	588	1	569	0.0	666	588	1143	98	XP_050554178.1 uncharacterized protein LOC118279115 [Spodoptera frugiperda]
TRINITY_DN3199_c0_g1_i1.p1	XP_050554223.1	66.105	534	175	5	59	588	39	570	0.0	753	588	570	90	XP_050554223.1 esterase E4-like isoform X1 [Spodoptera frugiperda]
TRINITY_DN3199_c0_g1_i1.p1	XP_050554225.1	66.216	518	169	5	75	588	1	516	0.0	729	588	516	87	XP_050554225.1 esterase FE4-like isoform X3 [Spodoptera frugiperda]
TRINITY_DN3199_c0_g1_i1.p1	XP_050554224.1	66.216	518	169	5	75	588	1	516	0.0	729	588	516	87	XP_050554224.1 esterase FE4-like isoform X2 [Spodoptera frugiperda]
TRINITY_DN3199_c0_g1_i1.p1	XP_050556454.1	33.028	545	330	13	56	583	27	553	4.54e-88	284	588	569	90	XP_050556454.1 venom carboxylesterase-6 [Spodoptera frugiperda]
TRINITY_DN3199_c0_g1_i1.p1	XP_035435441.2	34.120	551	320	18	57	583	24	555	4.86e-86	278	588	564	90	XP_035435441.2 juvenile hormone esterase [Spodoptera frugiperda]
TRINITY_DN3199_c0_g1_i1.p1	XP_050561842.1	33.708	534	327	12	61	584	2	518	1.61e-84	273	588	528	89	XP_050561842.1 juvenile hormone esterase isoform X4 [Spodoptera frugiperda]
TRINITY_DN3199_c0_g1_i1.p1	XP_050561841.1	33.708	534	327	12	61	584	2	518	1.61e-84	273	588	528	89	XP_050561841.1 juvenile hormone esterase isoform X4 [Spodoptera frugiperda]
TRINITY_DN3199_c0_g1_i1.p1	XP_050561840.1	33.708	534	327	12	61	584	2	518	1.61e-84	273	588	528	89	XP_050561840.1 juvenile hormone esterase isoform X4 [Spodoptera frugiperda]
TRINITY_DN3199_c0_g1_i1.p1	XP_035428784.2	32.721	544	331	13	57	584	27	551	2.00e-84	274	588	564	90	XP_035428784.2 juvenile hormone esterase isoform X1 [Spodoptera frugiperda]
TRINITY_DN3199_c0_g2_i2.p1	XP_050554178.1	76.614	573	129	3	9	578	2	572	0.0	936	579	1143	98	XP_050554178.1 uncharacterized protein LOC118279115 [Spodoptera frugiperda]
TRINITY_DN3199_c0_g2_i2.p1	XP_050554178.1	61.654	532	197	6	47	575	616	1143	0.0	668	579	1143	98	XP_050554178.1 uncharacterized protein LOC118279115 [Spodoptera frugiperda]
TRINITY_DN3199_c0_g2_i2.p1	XP_050554223.1	60.000	540	210	3	40	575	33	570	0.0	676	579	570	93	XP_050554223.1 esterase E4-like isoform X1 [Spodoptera frugiperda]
TRINITY_DN3199_c0_g2_i2.p1	XP_050554225.1	59.846	518	203	2	61	575	1	516	0.0	649	579	516	89	XP_050554225.1 esterase FE4-like isoform X3 [Spodoptera frugiperda]
TRINITY_DN3199_c0_g2_i2.p1	XP_050554224.1	59.846	518	203	2	61	575	1	516	0.0	649	579	516	89	XP_050554224.1 esterase FE4-like isoform X2 [Spodoptera frugiperda]
TRINITY_DN3199_c0_g2_i2.p1	XP_035435441.2	34.413	494	300	10	43	523	24	506	4.81e-87	281	579	564	83	XP_035435441.2 juvenile hormone esterase [Spodoptera frugiperda]
TRINITY_DN3199_c0_g2_i2.p1	XP_035428784.2	33.148	540	335	12	43	571	27	551	1.53e-85	277	579	564	91	XP_035428784.2 juvenile hormone esterase isoform X1 [Spodoptera frugiperda]
TRINITY_DN3199_c0_g2_i2.p1	XP_050556454.1	33.461	523	315	13	42	552	32	533	2.33e-85	276	579	569	88	XP_050556454.1 venom carboxylesterase-6 [Spodoptera frugiperda]
TRINITY_DN3199_c0_g2_i2.p1	XP_035428785.2	33.086	538	334	12	45	571	2	524	2.87e-85	275	579	537	91	XP_035428785.2 juvenile hormone esterase isoform X2 [Spodoptera frugiperda]
TRINITY_DN3199_c0_g2_i2.p1	XP_050563387.1	32.895	532	330	11	54	570	43	562	3.99e-81	266	579	570	89	XP_050563387.1 juvenile hormone esterase-like [Spodoptera frugiperda]
TRINITY_DN3199_c0_g2_i2.p1	XP_050563149.1	33.147	537	324	13	54	571	579	1099	4.67e-80	273	579	1106	91	XP_050563149.1 neuroligin-4, X-linked-like [Spodoptera frugiperda]
TRINITY_DN3199_c0_g2_i2.p1	XP_050563149.1	30.037	536	318	16	47	557	34	537	5.83e-58	210	579	1106	91	XP_050563149.1 neuroligin-4, X-linked-like [Spodoptera frugiperda]
TRINITY_DN25612_c0_g1_i1.p1	XP_050556454.1	74.783	115	29	0	1	115	242	356	7.30e-59	190	115	569	100	XP_050556454.1 venom carboxylesterase-6 [Spodoptera frugiperda]
TRINITY_DN25612_c0_g1_i1.p1	XP_035444718.2	29.661	118	80	1	1	115	217	334	5.03e-12	61.6	115	532	100	XP_035444718.2 juvenile hormone esterase [Spodoptera frugiperda]
TRINITY_DN25612_c0_g1_i1.p1	XP_035434295.2	30.909	110	72	2	1	106	224	333	5.04e-11	58.5	115	541	92	XP_035434295.2 juvenile hormone esterase isoform X2 [Spodoptera frugiperda]
TRINITY_DN25612_c0_g1_i1.p1	XP_050561842.1	30.909	110	72	2	1	106	211	320	5.43e-11	58.5	115	528	92	XP_050561842.1 juvenile hormone esterase isoform X4 [Spodoptera frugiperda]
TRINITY_DN25612_c0_g1_i1.p1	XP_050561841.1	30.909	110	72	2	1	106	211	320	5.43e-11	58.5	115	528	92	XP_050561841.1 juvenile hormone esterase isoform X4 [Spodoptera frugiperda]
TRINITY_DN25612_c0_g1_i1.p1	XP_050561840.1	30.909	110	72	2	1	106	211	320	5.43e-11	58.5	115	528	92	XP_050561840.1 juvenile hormone esterase isoform X4 [Spodoptera frugiperda]
TRINITY_DN25612_c0_g1_i1.p1	XP_035434296.2	30.909	110	72	2	1	106	220	329	5.82e-11	58.5	115	537	92	XP_035434296.2 juvenile hormone esterase isoform X3 [Spodoptera frugiperda]
TRINITY_DN25612_c0_g1_i1.p1	XP_035434294.2	30.909	110	72	2	1	106	240	349	6.08e-11	58.5	115	557	92	XP_035434294.2 esterase B1 isoform X1 [Spodoptera frugiperda]
TRINITY_DN25612_c0_g1_i1.p1	XP_035435441.2	31.481	108	66	4	1	105	245	347	3.14e-10	56.6	115	564	91	XP_035435441.2 juvenile hormone esterase [Spodoptera frugiperda]
TRINITY_DN25612_c0_g1_i1.p1	XP_050554225.1	34.831	89	58	0	21	109	217	305	1.20e-09	54.7	115	516	77	XP_050554225.1 esterase FE4-like isoform X3 [Spodoptera frugiperda]
TRINITY_DN20276_c0_g1_i1.p1	XP_050553603.1	81.034	116	22	0	1	116	233	348	1.44e-61	197	116	554	100	XP_050553603.1 cholinesterase 1 isoform X3 [Spodoptera frugiperda]
TRINITY_DN20276_c0_g1_i1.p1	XP_035429429.2	81.034	116	22	0	1	116	233	348	1.44e-61	197	116	554	100	XP_035429429.2 cholinesterase 1 isoform X2 [Spodoptera frugiperda]
TRINITY_DN20276_c0_g1_i1.p1	XP_035429428.2	81.034	116	22	0	1	116	233	348	1.84e-61	197	116	557	100	XP_035429428.2 cholinesterase 1 isoform X1 [Spodoptera frugiperda]
TRINITY_DN20276_c0_g1_i1.p1	XP_050553601.1	78.448	116	25	0	1	116	233	348	1.42e-59	192	116	560	100	XP_050553601.1 para-nitrobenzyl esterase-like [Spodoptera frugiperda]
TRINITY_DN20276_c0_g1_i1.p1	XP_035430420.2	75.862	116	27	1	1	116	232	346	7.78e-56	182	116	554	100	XP_035430420.2 cholinesterase 1 [Spodoptera frugiperda]
TRINITY_DN20276_c0_g1_i1.p1	XP_035429431.2	73.276	116	31	0	1	116	232	347	6.82e-55	179	116	553	100	XP_035429431.2 cholinesterase 1 isoform X4 [Spodoptera frugiperda]
TRINITY_DN20276_c0_g1_i1.p1	XP_035430003.2	74.138	116	29	1	1	116	232	346	2.30e-54	178	116	545	100	XP_035430003.2 esterase FE4-like [Spodoptera frugiperda]
TRINITY_DN20276_c0_g1_i1.p1	XP_050553323.1	68.103	116	37	0	1	116	232	347	2.15e-51	170	116	565	100	XP_050553323.1 cholinesterase 1 [Spodoptera frugiperda]
TRINITY_DN20276_c0_g1_i1.p1	XP_035430692.2	66.667	117	38	1	1	116	233	349	2.23e-47	159	116	558	100	XP_035430692.2 juvenile hormone esterase-like isoform X1 [Spodoptera frugiperda]
TRINITY_DN20276_c0_g1_i1.p1	XP_050553602.1	66.667	117	38	1	1	116	233	349	2.55e-47	159	116	558	100	XP_050553602.1 juvenile hormone esterase-like isoform X2 [Spodoptera frugiperda]
TRINITY_DN8869_c0_g1_i3.p1	XP_035435396.2	81.753	559	102	0	1	559	1	559	0.0	988	560	560	99	XP_035435396.2 juvenile hormone esterase isoform X2 [Spodoptera frugiperda]
TRINITY_DN8869_c0_g1_i3.p1	XP_035435395.2	81.753	559	102	0	1	559	1	559	0.0	988	560	560	99	XP_035435395.2 juvenile hormone esterase isoform X2 [Spodoptera frugiperda]
TRINITY_DN8869_c0_g1_i3.p1	XP_035435394.2	81.753	559	102	0	1	559	42	600	0.0	988	560	601	99	XP_035435394.2 juvenile hormone esterase isoform X1 [Spodoptera frugiperda]
TRINITY_DN8869_c0_g1_i3.p1	XP_050550706.1	47.523	545	267	8	1	538	11	543	1.89e-174	504	560	545	96	XP_050550706.1 cholinesterase 2-like [Spodoptera frugiperda]
TRINITY_DN8869_c0_g1_i3.p1	XP_050550705.1	47.523	545	267	8	1	538	11	543	1.89e-174	504	560	545	96	XP_050550705.1 cholinesterase 2-like [Spodoptera frugiperda]
TRINITY_DN8869_c0_g1_i3.p1	XP_050550661.1	43.956	546	291	8	1	540	6	542	4.19e-159	466	560	547	96	XP_050550661.1 juvenile hormone esterase [Spodoptera frugiperda]
TRINITY_DN8869_c0_g1_i3.p1	XP_035435674.2	43.956	546	291	8	1	540	6	542	4.19e-159	466	560	547	96	XP_035435674.2 juvenile hormone esterase [Spodoptera frugiperda]
TRINITY_DN8869_c0_g1_i3.p1	XP_035459067.2	44.669	544	281	8	2	537	5	536	1.03e-156	459	560	546	96	XP_035459067.2 bile salt-activated lipase [Spodoptera frugiperda]
TRINITY_DN8869_c0_g1_i3.p1	XP_035446627.2	45.027	553	272	15	2	537	6	543	3.51e-154	453	560	545	96	XP_035446627.2 juvenile hormone esterase-like [Spodoptera frugiperda]
TRINITY_DN8869_c0_g1_i3.p1	XP_035459069.2	40.550	545	310	7	2	540	5	541	8.79e-148	436	560	544	96	XP_035459069.2 LOW QUALITY PROTEIN: esterase FE4 [Spodoptera frugiperda]
TRINITY_DN38937_c0_g1_i1.p1	XP_035446334.1	100.000	106	0	0	1	106	112	217	1.85e-68	220	106	917	100	XP_035446334.1 neuroligin-1 [Spodoptera frugiperda]
TRINITY_DN38937_c0_g1_i1.p1	XP_035430336.1	57.407	108	44	1	1	106	127	234	4.46e-39	138	106	904	100	XP_035430336.1 neuroligin-4, X-linked isoform X1 [Spodoptera frugiperda]
TRINITY_DN38937_c0_g1_i1.p1	XP_035430339.1	57.407	108	44	1	1	106	127	234	4.54e-39	138	106	898	100	XP_035430339.1 neuroligin-4, X-linked isoform X3 [Spodoptera frugiperda]
TRINITY_DN38937_c0_g1_i1.p1	XP_035430337.1	57.407	108	43	2	1	106	127	233	5.31e-38	135	106	903	100	XP_035430337.1 neuroligin-4, X-linked isoform X2 [Spodoptera frugiperda]
TRINITY_DN38937_c0_g1_i1.p1	XP_050553201.1	52.294	109	48	2	1	106	171	278	6.34e-35	126	106	992	100	XP_050553201.1 neuroligin-4, Y-linked isoform X2 [Spodoptera frugiperda]
TRINITY_DN38937_c0_g1_i1.p1	XP_050553200.1	52.294	109	48	2	1	106	171	278	6.34e-35	126	106	994	100	XP_050553200.1 neuroligin-4, Y-linked isoform X1 [Spodoptera frugiperda]
TRINITY_DN38937_c0_g1_i1.p1	XP_035430261.2	50.000	106	50	1	1	106	144	246	5.94e-33	120	106	1481	100	XP_035430261.2 uncharacterized protein LOC118262772 [Spodoptera frugiperda]
TRINITY_DN38937_c0_g1_i1.p1	XP_035430505.2	49.541	109	50	2	1	106	240	346	2.10e-27	105	106	1056	100	XP_035430505.2 neuroligin-4, Y-linked isoform X2 [Spodoptera frugiperda]
TRINITY_DN38937_c0_g1_i1.p1	XP_035430504.2	49.541	109	50	2	1	106	240	346	2.10e-27	105	106	1058	100	XP_035430504.2 neuroligin-4, Y-linked isoform X1 [Spodoptera frugiperda]
TRINITY_DN38937_c0_g1_i1.p1	XP_035445841.2	48.276	87	44	1	1	87	115	200	2.36e-22	90.5	106	769	82	XP_035445841.2 neuroligin-4, X-linked isoform X2 [Spodoptera frugiperda]
TRINITY_DN13648_c0_g1_i9.p1	XP_035450251.1	64.394	264	93	1	2	264	276	539	1.70e-124	365	266	541	99	XP_035450251.1 juvenile hormone esterase-like [Spodoptera frugiperda]
TRINITY_DN13648_c0_g1_i9.p1	XP_035452347.2	42.308	260	144	5	3	257	277	535	6.49e-69	222	266	537	96	XP_035452347.2 juvenile hormone esterase-like [Spodoptera frugiperda]
TRINITY_DN13648_c0_g1_i9.p1	XP_035452217.2	41.065	263	149	5	3	260	297	558	1.40e-66	216	266	560	97	XP_035452217.2 juvenile hormone esterase-like [Spodoptera frugiperda]
TRINITY_DN13648_c0_g1_i9.p1	XP_050563389.1	36.260	262	165	2	2	261	272	533	5.13e-62	204	266	538	98	XP_050563389.1 esterase FE4 isoform X2 [Spodoptera frugiperda]
TRINITY_DN13648_c0_g1_i9.p1	XP_050563388.1	36.260	262	165	2	2	261	303	564	9.79e-62	204	266	569	98	XP_050563388.1 esterase FE4 isoform X1 [Spodoptera frugiperda]
TRINITY_DN13648_c0_g1_i9.p1	XP_035450249.2	35.496	262	164	4	1	257	274	535	5.84e-60	199	266	537	97	XP_035450249.2 juvenile hormone esterase [Spodoptera frugiperda]
TRINITY_DN13648_c0_g1_i9.p1	XP_035450257.2	38.023	263	157	5	1	258	908	1169	7.10e-60	205	266	1170	97	XP_035450257.2 uncharacterized protein LOC118276155 [Spodoptera frugiperda]
TRINITY_DN13648_c0_g1_i9.p1	XP_035450257.2	37.786	262	157	5	1	257	274	534	1.48e-59	204	266	1170	97	XP_035450257.2 uncharacterized protein LOC118276155 [Spodoptera frugiperda]
TRINITY_DN13648_c0_g1_i9.p1	XP_035428785.2	29.070	258	174	5	1	256	276	526	4.86e-27	109	266	537	96	XP_035428785.2 juvenile hormone esterase isoform X2 [Spodoptera frugiperda]
TRINITY_DN13648_c0_g1_i9.p1	XP_035428784.2	29.070	258	174	5	1	256	303	553	5.86e-27	109	266	564	96	XP_035428784.2 juvenile hormone esterase isoform X1 [Spodoptera frugiperda]
TRINITY_DN13648_c0_g1_i9.p1	XP_050563387.1	25.703	249	178	3	9	254	319	563	2.13e-23	99.8	266	570	92	XP_050563387.1 juvenile hormone esterase-like [Spodoptera frugiperda]
TRINITY_DN4749_c0_g1_i1.p1	XP_035435441.2	81.915	564	100	1	30	591	1	564	0.0	983	591	564	95	XP_035435441.2 juvenile hormone esterase [Spodoptera frugiperda]
TRINITY_DN4749_c0_g1_i1.p1	XP_050556454.1	33.450	571	353	14	35	591	12	569	3.32e-97	308	591	569	94	XP_050556454.1 venom carboxylesterase-6 [Spodoptera frugiperda]
TRINITY_DN4749_c0_g1_i1.p1	XP_035449615.1	34.441	572	343	14	27	576	65	626	1.10e-92	298	591	645	93	XP_035449615.1 venom carboxylesterase-6 [Spodoptera frugiperda]
TRINITY_DN4749_c0_g1_i1.p1	XP_035449614.1	34.441	572	343	14	27	576	65	626	1.10e-92	298	591	645	93	XP_035449614.1 venom carboxylesterase-6 [Spodoptera frugiperda]
TRINITY_DN4749_c0_g1_i1.p1	XP_050554178.1	35.337	549	324	15	57	585	38	575	4.23e-89	299	591	1143	90	XP_050554178.1 uncharacterized protein LOC118279115 [Spodoptera frugiperda]
TRINITY_DN4749_c0_g1_i1.p1	XP_050554178.1	35.448	536	317	15	57	576	616	1138	2.93e-85	288	591	1143	90	XP_050554178.1 uncharacterized protein LOC118279115 [Spodoptera frugiperda]
TRINITY_DN4749_c0_g1_i1.p1	XP_050554223.1	34.679	545	327	13	49	576	33	565	9.88e-89	286	591	570	89	XP_050554223.1 esterase E4-like isoform X1 [Spodoptera frugiperda]
TRINITY_DN4749_c0_g1_i1.p1	XP_050554225.1	35.373	523	309	13	71	576	1	511	1.00e-86	279	591	516	86	XP_050554225.1 esterase FE4-like isoform X3 [Spodoptera frugiperda]
TRINITY_DN4749_c0_g1_i1.p1	XP_050554224.1	35.373	523	309	13	71	576	1	511	1.00e-86	279	591	516	86	XP_050554224.1 esterase FE4-like isoform X2 [Spodoptera frugiperda]
TRINITY_DN4749_c0_g1_i1.p1	XP_050561842.1	33.396	536	327	13	57	582	2	517	5.29e-84	272	591	528	89	XP_050561842.1 juvenile hormone esterase isoform X4 [Spodoptera frugiperda]
TRINITY_DN4749_c0_g1_i1.p1	XP_050561841.1	33.396	536	327	13	57	582	2	517	5.29e-84	272	591	528	89	XP_050561841.1 juvenile hormone esterase isoform X4 [Spodoptera frugiperda]
TRINITY_DN604_c2_g3_i1.p1	XP_035449450.2	72.277	202	55	1	32	233	2	202	1.08e-102	308	233	547	87	XP_035449450.2 esterase FE4-like [Spodoptera frugiperda]
TRINITY_DN604_c2_g3_i1.p1	XP_035449861.2	71.000	200	57	1	34	233	4	202	3.15e-102	307	233	548	86	XP_035449861.2 cholinesterase 2-like [Spodoptera frugiperda]
TRINITY_DN604_c2_g3_i1.p1	XP_050551355.1	75.127	197	48	1	37	233	7	202	3.88e-101	304	233	547	85	XP_050551355.1 esterase FE4-like isoform X3 [Spodoptera frugiperda]
TRINITY_DN604_c2_g3_i1.p1	XP_050551354.1	75.127	197	48	1	37	233	7	202	8.18e-101	303	233	547	85	XP_050551354.1 esterase FE4-like isoform X2 [Spodoptera frugiperda]
TRINITY_DN604_c2_g3_i1.p1	XP_035449447.2	75.243	206	47	2	28	233	1	202	3.67e-99	299	233	547	88	XP_035449447.2 cholinesterase 2-like [Spodoptera frugiperda]
TRINITY_DN604_c2_g3_i1.p1	XP_050551352.1	72.589	197	53	1	37	233	7	202	3.85e-99	299	233	548	85	XP_050551352.1 cholinesterase 2-like [Spodoptera frugiperda]
TRINITY_DN604_c2_g3_i1.p1	XP_035449863.2	72.772	202	54	1	32	233	2	202	1.16e-96	293	233	549	87	XP_035449863.2 juvenile hormone esterase-like [Spodoptera frugiperda]
TRINITY_DN604_c2_g3_i1.p1	XP_050551353.1	72.330	206	53	2	28	233	1	202	1.22e-96	293	233	547	88	XP_050551353.1 venom carboxylesterase-6-like isoform X1 [Spodoptera frugiperda]
TRINITY_DN604_c2_g3_i1.p1	XP_035449830.2	65.990	197	66	1	37	233	1	196	4.11e-90	276	233	549	85	XP_035449830.2 cholinesterase 2-like [Spodoptera frugiperda]
TRINITY_DN604_c2_g3_i1.p1	XP_050551626.1	66.834	199	64	1	37	233	1	199	2.36e-89	285	233	1092	85	XP_050551626.1 uncharacterized protein LOC118275740 [Spodoptera frugiperda]
TRINITY_DN604_c2_g3_i1.p1	XP_050551626.1	66.497	197	64	2	37	232	554	749	9.95e-85	272	233	1092	85	XP_050551626.1 uncharacterized protein LOC118275740 [Spodoptera frugiperda]
TRINITY_DN1561_c0_g1_i1.p1	XP_050556454.1	80.287	558	109	1	1	558	13	569	0.0	962	558	569	100	XP_050556454.1 venom carboxylesterase-6 [Spodoptera frugiperda]
TRINITY_DN1561_c0_g1_i1.p1	XP_035435441.2	34.331	568	342	17	6	558	13	564	6.70e-99	311	558	564	99	XP_035435441.2 juvenile hormone esterase [Spodoptera frugiperda]
TRINITY_DN1561_c0_g1_i1.p1	XP_035434294.2	33.706	537	335	11	14	542	23	546	3.16e-96	304	558	557	95	XP_035434294.2 esterase B1 isoform X1 [Spodoptera frugiperda]
TRINITY_DN1561_c0_g1_i1.p1	XP_035434295.2	33.582	536	335	11	15	542	8	530	5.69e-96	303	558	541	95	XP_035434295.2 juvenile hormone esterase isoform X2 [Spodoptera frugiperda]
TRINITY_DN1561_c0_g1_i1.p1	XP_035434296.2	33.582	536	335	11	15	542	4	526	8.60e-96	302	558	537	95	XP_035434296.2 juvenile hormone esterase isoform X3 [Spodoptera frugiperda]
TRINITY_DN1561_c0_g1_i1.p1	XP_050561842.1	33.648	529	330	11	22	542	2	517	6.05e-95	300	558	528	93	XP_050561842.1 juvenile hormone esterase isoform X4 [Spodoptera frugiperda]
TRINITY_DN1561_c0_g1_i1.p1	XP_050561841.1	33.648	529	330	11	22	542	2	517	6.05e-95	300	558	528	93	XP_050561841.1 juvenile hormone esterase isoform X4 [Spodoptera frugiperda]
TRINITY_DN1561_c0_g1_i1.p1	XP_050561840.1	33.648	529	330	11	22	542	2	517	6.05e-95	300	558	528	93	XP_050561840.1 juvenile hormone esterase isoform X4 [Spodoptera frugiperda]
TRINITY_DN1561_c0_g1_i1.p1	XP_035456137.2	35.807	539	307	12	19	542	2	516	1.59e-88	289	558	734	94	XP_035456137.2 juvenile hormone esterase isoform X3 [Spodoptera frugiperda]
TRINITY_DN1561_c0_g1_i1.p1	XP_035456136.2	35.807	539	307	12	19	542	2	516	1.59e-88	289	558	734	94	XP_035456136.2 juvenile hormone esterase isoform X3 [Spodoptera frugiperda]
TRINITY_DN4298_c0_g1_i1.p1	XP_050551626.1	72.222	126	31	2	1	125	397	519	2.50e-54	182	125	1092	100	XP_050551626.1 uncharacterized protein LOC118275740 [Spodoptera frugiperda]
TRINITY_DN4298_c0_g1_i1.p1	XP_050551626.1	42.857	140	58	3	1	124	951	1084	1.35e-29	112	125	1092	100	XP_050551626.1 uncharacterized protein LOC118275740 [Spodoptera frugiperda]
TRINITY_DN4298_c0_g1_i1.p1	XP_035449450.2	56.338	142	39	4	1	125	399	534	1.40e-43	149	125	547	100	XP_035449450.2 esterase FE4-like [Spodoptera frugiperda]
TRINITY_DN4298_c0_g1_i1.p1	XP_035449447.2	56.338	142	39	4	1	125	399	534	3.07e-43	149	125	547	100	XP_035449447.2 cholinesterase 2-like [Spodoptera frugiperda]
TRINITY_DN4298_c0_g1_i1.p1	XP_050551352.1	57.447	141	40	4	1	125	399	535	3.24e-43	149	125	548	100	XP_050551352.1 cholinesterase 2-like [Spodoptera frugiperda]
TRINITY_DN4298_c0_g1_i1.p1	XP_050551354.1	55.634	142	40	4	1	125	399	534	3.48e-43	149	125	547	100	XP_050551354.1 esterase FE4-like isoform X2 [Spodoptera frugiperda]
TRINITY_DN4298_c0_g1_i1.p1	XP_050551353.1	55.634	142	40	4	1	125	399	534	5.20e-43	148	125	547	100	XP_050551353.1 venom carboxylesterase-6-like isoform X1 [Spodoptera frugiperda]
TRINITY_DN4298_c0_g1_i1.p1	XP_035449861.2	56.028	141	42	4	1	125	399	535	1.76e-42	147	125	548	100	XP_035449861.2 cholinesterase 2-like [Spodoptera frugiperda]
TRINITY_DN4298_c0_g1_i1.p1	XP_050551355.1	54.225	142	42	4	1	125	399	534	1.51e-41	144	125	547	100	XP_050551355.1 esterase FE4-like isoform X3 [Spodoptera frugiperda]
TRINITY_DN4298_c0_g1_i1.p1	XP_035449880.2	56.693	127	53	2	1	125	416	542	2.12e-40	141	125	590	100	XP_035449880.2 para-nitrobenzyl esterase-like [Spodoptera frugiperda]
TRINITY_DN4298_c0_g1_i1.p1	XP_035449863.2	50.704	142	47	4	1	125	400	535	4.77e-39	137	125	549	100	XP_035449863.2 juvenile hormone esterase-like [Spodoptera frugiperda]
TRINITY_DN13892_c0_g1_i1.p1	XP_035449450.2	74.332	187	47	1	28	214	5	190	2.86e-100	301	214	547	87	XP_035449450.2 esterase FE4-like [Spodoptera frugiperda]
TRINITY_DN13892_c0_g1_i1.p1	XP_050551355.1	74.468	188	47	1	27	214	4	190	8.07e-100	300	214	547	88	XP_050551355.1 esterase FE4-like isoform X3 [Spodoptera frugiperda]
TRINITY_DN13892_c0_g1_i1.p1	XP_050551354.1	74.468	188	47	1	27	214	4	190	1.96e-99	299	214	547	88	XP_050551354.1 esterase FE4-like isoform X2 [Spodoptera frugiperda]
TRINITY_DN13892_c0_g1_i1.p1	XP_050551352.1	73.404	188	49	1	27	214	4	190	1.41e-98	297	214	548	88	XP_050551352.1 cholinesterase 2-like [Spodoptera frugiperda]
TRINITY_DN13892_c0_g1_i1.p1	XP_035449861.2	72.632	190	51	1	25	214	2	190	2.49e-98	296	214	548	89	XP_035449861.2 cholinesterase 2-like [Spodoptera frugiperda]
TRINITY_DN13892_c0_g1_i1.p1	XP_035449447.2	76.842	190	43	1	25	214	2	190	1.06e-96	292	214	547	89	XP_035449447.2 cholinesterase 2-like [Spodoptera frugiperda]
TRINITY_DN13892_c0_g1_i1.p1	XP_050551353.1	78.488	172	36	1	43	214	20	190	1.31e-94	286	214	547	80	XP_050551353.1 venom carboxylesterase-6-like isoform X1 [Spodoptera frugiperda]
TRINITY_DN13892_c0_g1_i1.p1	XP_035449863.2	70.213	188	55	1	27	214	4	190	7.71e-90	274	214	549	88	XP_035449863.2 juvenile hormone esterase-like [Spodoptera frugiperda]
TRINITY_DN13892_c0_g1_i1.p1	XP_035449830.2	69.189	185	56	1	30	214	1	184	6.93e-89	272	214	549	86	XP_035449830.2 cholinesterase 2-like [Spodoptera frugiperda]
TRINITY_DN13892_c0_g1_i1.p1	XP_050551626.1	64.651	215	64	4	1	214	535	738	1.47e-87	279	214	1092	100	XP_050551626.1 uncharacterized protein LOC118275740 [Spodoptera frugiperda]
TRINITY_DN13892_c0_g1_i1.p1	XP_050551626.1	67.380	187	59	1	30	214	1	187	1.27e-85	274	214	1092	100	XP_050551626.1 uncharacterized protein LOC118275740 [Spodoptera frugiperda]
TRINITY_DN685_c5_g1_i2.p1	XP_050553601.1	77.143	140	31	1	5	144	145	283	1.54e-72	227	146	560	96	XP_050553601.1 para-nitrobenzyl esterase-like [Spodoptera frugiperda]
TRINITY_DN685_c5_g1_i2.p1	XP_050553603.1	77.143	140	31	1	5	144	145	283	1.77e-72	226	146	554	96	XP_050553603.1 cholinesterase 1 isoform X3 [Spodoptera frugiperda]
TRINITY_DN685_c5_g1_i2.p1	XP_035429429.2	77.143	140	31	1	5	144	145	283	1.77e-72	226	146	554	96	XP_035429429.2 cholinesterase 1 isoform X2 [Spodoptera frugiperda]
TRINITY_DN685_c5_g1_i2.p1	XP_035429428.2	77.143	140	31	1	5	144	145	283	2.10e-72	226	146	557	96	XP_035429428.2 cholinesterase 1 isoform X1 [Spodoptera frugiperda]
TRINITY_DN685_c5_g1_i2.p1	XP_035430420.2	72.535	142	38	1	3	144	142	282	2.50e-71	224	146	554	97	XP_035430420.2 cholinesterase 1 [Spodoptera frugiperda]
TRINITY_DN685_c5_g1_i2.p1	XP_035429431.2	75.714	140	33	1	5	144	144	282	5.45e-71	223	146	553	96	XP_035429431.2 cholinesterase 1 isoform X4 [Spodoptera frugiperda]
TRINITY_DN685_c5_g1_i2.p1	XP_035430692.2	73.381	139	36	1	5	143	145	282	2.89e-67	213	146	558	95	XP_035430692.2 juvenile hormone esterase-like isoform X1 [Spodoptera frugiperda]
TRINITY_DN685_c5_g1_i2.p1	XP_050553602.1	73.381	139	36	1	5	143	145	282	3.24e-67	213	146	558	95	XP_050553602.1 juvenile hormone esterase-like isoform X2 [Spodoptera frugiperda]
TRINITY_DN685_c5_g1_i2.p1	XP_035430003.2	69.718	142	42	1	3	144	142	282	9.31e-67	211	146	545	97	XP_035430003.2 esterase FE4-like [Spodoptera frugiperda]
TRINITY_DN685_c5_g1_i2.p1	XP_050553323.1	69.565	138	41	1	6	143	145	281	8.03e-64	204	146	565	95	XP_050553323.1 cholinesterase 1 [Spodoptera frugiperda]
TRINITY_DN7444_c0_g1_i1.p1	XP_050553601.1	74.074	108	27	1	1	108	184	290	4.25e-48	161	109	560	99	XP_050553601.1 para-nitrobenzyl esterase-like [Spodoptera frugiperda]
TRINITY_DN7444_c0_g1_i1.p1	XP_050553603.1	73.832	107	27	1	1	107	184	289	5.33e-47	158	109	554	98	XP_050553603.1 cholinesterase 1 isoform X3 [Spodoptera frugiperda]
TRINITY_DN7444_c0_g1_i1.p1	XP_035429429.2	73.832	107	27	1	1	107	184	289	5.33e-47	158	109	554	98	XP_035429429.2 cholinesterase 1 isoform X2 [Spodoptera frugiperda]
TRINITY_DN7444_c0_g1_i1.p1	XP_035429428.2	73.832	107	27	1	1	107	184	289	5.90e-47	158	109	557	98	XP_035429428.2 cholinesterase 1 isoform X1 [Spodoptera frugiperda]
TRINITY_DN7444_c0_g1_i1.p1	XP_035430420.2	69.159	107	32	1	1	107	183	288	1.00e-44	152	109	554	98	XP_035430420.2 cholinesterase 1 [Spodoptera frugiperda]
TRINITY_DN7444_c0_g1_i1.p1	XP_035429431.2	69.159	107	32	1	1	107	183	288	4.21e-44	150	109	553	98	XP_035429431.2 cholinesterase 1 isoform X4 [Spodoptera frugiperda]
TRINITY_DN7444_c0_g1_i1.p1	XP_035430692.2	69.444	108	31	2	1	107	184	290	7.29e-43	147	109	558	98	XP_035430692.2 juvenile hormone esterase-like isoform X1 [Spodoptera frugiperda]
TRINITY_DN7444_c0_g1_i1.p1	XP_050553602.1	69.444	108	31	2	1	107	184	290	8.59e-43	147	109	558	98	XP_050553602.1 juvenile hormone esterase-like isoform X2 [Spodoptera frugiperda]
TRINITY_DN7444_c0_g1_i1.p1	XP_050553323.1	67.290	107	34	1	1	107	183	288	1.52e-42	146	109	565	98	XP_050553323.1 cholinesterase 1 [Spodoptera frugiperda]
TRINITY_DN7444_c0_g1_i1.p1	XP_035430003.2	63.551	107	38	1	1	107	183	288	1.15e-39	138	109	545	98	XP_035430003.2 esterase FE4-like [Spodoptera frugiperda]
TRINITY_DN6645_c0_g1_i1.p1	XP_050553603.1	71.141	149	42	1	1	149	109	256	1.74e-73	229	154	554	97	XP_050553603.1 cholinesterase 1 isoform X3 [Spodoptera frugiperda]
TRINITY_DN6645_c0_g1_i1.p1	XP_035429429.2	71.141	149	42	1	1	149	109	256	1.74e-73	229	154	554	97	XP_035429429.2 cholinesterase 1 isoform X2 [Spodoptera frugiperda]
TRINITY_DN6645_c0_g1_i1.p1	XP_035429428.2	71.141	149	42	1	1	149	109	256	2.42e-73	229	154	557	97	XP_035429428.2 cholinesterase 1 isoform X1 [Spodoptera frugiperda]
TRINITY_DN6645_c0_g1_i1.p1	XP_050553601.1	71.141	149	42	1	1	149	109	256	6.99e-73	228	154	560	97	XP_050553601.1 para-nitrobenzyl esterase-like [Spodoptera frugiperda]
TRINITY_DN6645_c0_g1_i1.p1	XP_035429431.2	72.483	149	40	1	1	149	108	255	1.46e-72	227	154	553	97	XP_035429431.2 cholinesterase 1 isoform X4 [Spodoptera frugiperda]
TRINITY_DN6645_c0_g1_i1.p1	XP_035430420.2	70.470	149	43	1	1	149	108	255	2.28e-72	227	154	554	97	XP_035430420.2 cholinesterase 1 [Spodoptera frugiperda]
TRINITY_DN6645_c0_g1_i1.p1	XP_050553323.1	71.812	149	41	1	1	149	108	255	2.49e-72	227	154	565	97	XP_050553323.1 cholinesterase 1 [Spodoptera frugiperda]
TRINITY_DN6645_c0_g1_i1.p1	XP_035430003.2	69.281	153	46	1	1	153	108	259	2.20e-70	221	154	545	99	XP_035430003.2 esterase FE4-like [Spodoptera frugiperda]
TRINITY_DN6645_c0_g1_i1.p1	XP_035430692.2	67.114	149	48	1	1	149	109	256	3.58e-66	211	154	558	97	XP_035430692.2 juvenile hormone esterase-like isoform X1 [Spodoptera frugiperda]
TRINITY_DN6645_c0_g1_i1.p1	XP_050553602.1	67.114	149	48	1	1	149	109	256	4.67e-66	210	154	558	97	XP_050553602.1 juvenile hormone esterase-like isoform X2 [Spodoptera frugiperda]
TRINITY_DN5147_c0_g1_i11.p1	XP_035457497.2	51.243	523	240	7	3	515	1	518	0.0	541	544	522	94	XP_035457497.2 cholinesterase 1 [Spodoptera frugiperda]
TRINITY_DN5147_c0_g1_i11.p1	XP_050551353.1	43.922	510	248	15	24	500	30	534	2.76e-131	394	544	547	88	XP_050551353.1 venom carboxylesterase-6-like isoform X1 [Spodoptera frugiperda]
TRINITY_DN5147_c0_g1_i11.p1	XP_035449447.2	43.359	512	252	14	24	502	30	536	3.08e-131	394	544	547	88	XP_035449447.2 cholinesterase 2-like [Spodoptera frugiperda]
TRINITY_DN5147_c0_g1_i11.p1	XP_035449450.2	43.643	527	257	16	9	500	13	534	4.64e-131	393	544	547	90	XP_035449450.2 esterase FE4-like [Spodoptera frugiperda]
TRINITY_DN5147_c0_g1_i11.p1	XP_035430306.2	41.463	533	268	16	6	504	4	526	6.47e-131	392	544	534	92	XP_035430306.2 bile salt-activated lipase [Spodoptera frugiperda]
TRINITY_DN5147_c0_g1_i11.p1	XP_050551354.1	43.585	530	259	16	6	500	10	534	1.97e-130	391	544	547	91	XP_050551354.1 esterase FE4-like isoform X2 [Spodoptera frugiperda]
TRINITY_DN5147_c0_g1_i11.p1	XP_035449861.2	43.470	536	258	16	5	502	9	537	4.56e-129	388	544	548	92	XP_035449861.2 cholinesterase 2-like [Spodoptera frugiperda]
TRINITY_DN5147_c0_g1_i11.p1	XP_050551352.1	43.364	535	258	16	6	502	10	537	6.09e-128	385	544	548	91	XP_050551352.1 cholinesterase 2-like [Spodoptera frugiperda]
TRINITY_DN5147_c0_g1_i11.p1	XP_050551355.1	42.830	530	263	15	6	500	10	534	4.64e-127	383	544	547	91	XP_050551355.1 esterase FE4-like isoform X3 [Spodoptera frugiperda]
TRINITY_DN5147_c0_g1_i11.p1	XP_035450352.2	42.744	503	257	12	24	498	32	531	2.17e-124	376	544	547	87	XP_035450352.2 bile salt-activated lipase [Spodoptera frugiperda]
TRINITY_DN1750_c0_g1_i1.p1	XP_035441043.1	81.831	688	107	6	8	690	3	677	0.0	1115	693	677	99	XP_035441043.1 pyrethroid hydrolase Ces2e isoform X2 [Spodoptera frugiperda]
TRINITY_DN1750_c0_g1_i1.p1	XP_035441042.1	80.719	695	110	6	8	690	3	685	0.0	1110	693	685	99	XP_035441042.1 liver carboxylesterase 1F isoform X1 [Spodoptera frugiperda]
TRINITY_DN1750_c0_g1_i1.p1	XP_035456135.2	27.949	551	330	19	69	609	42	535	7.87e-45	172	693	750	78	XP_035456135.2 juvenile hormone esterase isoform X2 [Spodoptera frugiperda]
TRINITY_DN1750_c0_g1_i1.p1	XP_035456137.2	27.949	551	330	19	69	609	26	519	8.39e-45	172	693	734	78	XP_035456137.2 juvenile hormone esterase isoform X3 [Spodoptera frugiperda]
TRINITY_DN1750_c0_g1_i1.p1	XP_035456136.2	27.949	551	330	19	69	609	26	519	8.39e-45	172	693	734	78	XP_035456136.2 juvenile hormone esterase isoform X3 [Spodoptera frugiperda]
TRINITY_DN1750_c0_g1_i1.p1	XP_035456134.2	27.949	551	330	19	69	609	136	629	1.67e-44	172	693	844	78	XP_035456134.2 juvenile hormone esterase isoform X1 [Spodoptera frugiperda]
TRINITY_DN1750_c0_g1_i1.p1	XP_050556454.1	36.027	297	178	7	16	308	6	294	1.82e-43	166	693	569	42	XP_050556454.1 venom carboxylesterase-6 [Spodoptera frugiperda]
TRINITY_DN1750_c0_g1_i1.p1	XP_035449615.1	30.604	513	275	16	34	523	88	542	2.26e-42	163	693	645	71	XP_035449615.1 venom carboxylesterase-6 [Spodoptera frugiperda]
TRINITY_DN1750_c0_g1_i1.p1	XP_035449614.1	30.604	513	275	16	34	523	88	542	2.26e-42	163	693	645	71	XP_035449614.1 venom carboxylesterase-6 [Spodoptera frugiperda]
TRINITY_DN1750_c0_g1_i1.p1	XP_035450368.2	27.222	540	326	15	70	592	25	514	4.21e-41	158	693	538	75	XP_035450368.2 juvenile hormone esterase [Spodoptera frugiperda]
TRINITY_DN1727_c0_g2_i1.p1	XP_035450251.1	66.667	543	178	2	1	542	1	541	0.0	771	542	541	100	XP_035450251.1 juvenile hormone esterase-like [Spodoptera frugiperda]
TRINITY_DN1727_c0_g2_i1.p1	XP_035450249.2	56.425	537	230	3	1	534	1	536	0.0	652	542	537	99	XP_035450249.2 juvenile hormone esterase [Spodoptera frugiperda]
TRINITY_DN1727_c0_g2_i1.p1	XP_035450257.2	56.983	537	226	4	1	534	635	1169	0.0	646	542	1170	99	XP_035450257.2 uncharacterized protein LOC118276155 [Spodoptera frugiperda]
TRINITY_DN1727_c0_g2_i1.p1	XP_035450257.2	56.425	537	229	4	1	534	1	535	0.0	640	542	1170	99	XP_035450257.2 uncharacterized protein LOC118276155 [Spodoptera frugiperda]
TRINITY_DN1727_c0_g2_i1.p1	XP_035450257.2	67.816	87	27	1	1	87	543	628	1.22e-27	118	542	1170	99	XP_035450257.2 uncharacterized protein LOC118276155 [Spodoptera frugiperda]
TRINITY_DN1727_c0_g2_i1.p1	XP_035452347.2	55.970	536	232	4	1	533	1	535	0.0	641	542	537	98	XP_035452347.2 juvenile hormone esterase-like [Spodoptera frugiperda]
TRINITY_DN1727_c0_g2_i1.p1	XP_035452217.2	55.453	541	237	4	1	538	21	560	0.0	637	542	560	99	XP_035452217.2 juvenile hormone esterase-like [Spodoptera frugiperda]
TRINITY_DN1727_c0_g2_i1.p1	XP_050563389.1	53.061	539	245	5	1	537	1	533	0.0	595	542	538	99	XP_050563389.1 esterase FE4 isoform X2 [Spodoptera frugiperda]
TRINITY_DN1727_c0_g2_i1.p1	XP_050563388.1	53.061	539	245	5	1	537	32	564	0.0	595	542	569	99	XP_050563388.1 esterase FE4 isoform X1 [Spodoptera frugiperda]
TRINITY_DN1727_c0_g2_i1.p1	XP_035450368.2	43.657	536	291	8	1	530	1	531	3.11e-151	444	542	538	98	XP_035450368.2 juvenile hormone esterase [Spodoptera frugiperda]
TRINITY_DN1727_c0_g2_i1.p1	XP_035428785.2	40.566	530	305	5	4	532	6	526	8.52e-135	402	542	537	98	XP_035428785.2 juvenile hormone esterase isoform X2 [Spodoptera frugiperda]
TRINITY_DN1727_c0_g2_i1.p1	XP_035428784.2	40.566	530	305	5	4	532	33	553	1.39e-134	402	542	564	98	XP_035428784.2 juvenile hormone esterase isoform X1 [Spodoptera frugiperda]
TRINITY_DN11535_c0_g1_i1.p1	XP_050551626.1	67.576	330	103	1	1	330	203	528	3.11e-158	472	357	1092	92	XP_050551626.1 uncharacterized protein LOC118275740 [Spodoptera frugiperda]
TRINITY_DN11535_c0_g1_i1.p1	XP_050551626.1	38.040	347	188	7	1	328	754	1092	4.49e-69	234	357	1092	92	XP_050551626.1 uncharacterized protein LOC118275740 [Spodoptera frugiperda]
TRINITY_DN11535_c0_g1_i1.p1	XP_035449880.2	58.790	347	139	1	1	343	222	568	1.17e-139	409	357	590	96	XP_035449880.2 para-nitrobenzyl esterase-like [Spodoptera frugiperda]
TRINITY_DN11535_c0_g1_i1.p1	XP_035449861.2	51.714	350	145	5	1	334	206	547	8.63e-118	352	357	548	94	XP_035449861.2 cholinesterase 2-like [Spodoptera frugiperda]
TRINITY_DN11535_c0_g1_i1.p1	XP_050551352.1	52.299	348	142	5	1	332	206	545	3.00e-117	350	357	548	93	XP_050551352.1 cholinesterase 2-like [Spodoptera frugiperda]
TRINITY_DN11535_c0_g1_i1.p1	XP_035449450.2	49.856	347	151	4	1	332	206	544	1.55e-111	336	357	547	93	XP_035449450.2 esterase FE4-like [Spodoptera frugiperda]
TRINITY_DN11535_c0_g1_i1.p1	XP_050551354.1	48.997	349	155	4	1	334	206	546	3.00e-111	335	357	547	94	XP_050551354.1 esterase FE4-like isoform X2 [Spodoptera frugiperda]
TRINITY_DN11535_c0_g1_i1.p1	XP_050551353.1	49.280	347	153	4	1	332	206	544	4.15e-111	335	357	547	93	XP_050551353.1 venom carboxylesterase-6-like isoform X1 [Spodoptera frugiperda]
TRINITY_DN11535_c0_g1_i1.p1	XP_035449447.2	48.817	338	151	3	1	323	206	536	8.18e-109	329	357	547	90	XP_035449447.2 cholinesterase 2-like [Spodoptera frugiperda]
TRINITY_DN11535_c0_g1_i1.p1	XP_050551355.1	47.262	347	160	4	1	332	206	544	3.58e-104	317	357	547	93	XP_050551355.1 esterase FE4-like isoform X3 [Spodoptera frugiperda]
TRINITY_DN11535_c0_g1_i1.p1	XP_035449863.2	43.188	345	173	4	1	329	206	543	3.01e-95	294	357	549	92	XP_035449863.2 juvenile hormone esterase-like [Spodoptera frugiperda]
TRINITY_DN15734_c0_g1_i4.p1	XP_035450368.2	65.399	263	88	2	1	260	276	538	4.10e-124	363	260	538	100	XP_035450368.2 juvenile hormone esterase [Spodoptera frugiperda]
TRINITY_DN15734_c0_g1_i4.p1	XP_050563149.1	42.586	263	146	2	1	260	846	1106	2.05e-73	243	260	1106	100	XP_050563149.1 neuroligin-4, X-linked-like [Spodoptera frugiperda]
TRINITY_DN15734_c0_g1_i4.p1	XP_050563149.1	37.255	255	151	3	3	256	308	554	1.21e-50	178	260	1106	100	XP_050563149.1 neuroligin-4, X-linked-like [Spodoptera frugiperda]
TRINITY_DN15734_c0_g1_i4.p1	XP_050563387.1	39.924	263	153	2	1	260	310	570	2.38e-69	224	260	570	100	XP_050563387.1 juvenile hormone esterase-like [Spodoptera frugiperda]
TRINITY_DN15734_c0_g1_i4.p1	XP_050563389.1	38.372	258	145	4	6	254	275	527	1.36e-49	171	260	538	96	XP_050563389.1 esterase FE4 isoform X2 [Spodoptera frugiperda]
TRINITY_DN15734_c0_g1_i4.p1	XP_050563388.1	38.372	258	145	4	6	254	306	558	2.56e-49	171	260	569	96	XP_050563388.1 esterase FE4 isoform X1 [Spodoptera frugiperda]
TRINITY_DN15734_c0_g1_i4.p1	XP_035450366.2	37.023	262	158	5	1	260	300	556	9.20e-48	166	260	556	100	XP_035450366.2 esterase FE4-like [Spodoptera frugiperda]
TRINITY_DN15734_c0_g1_i4.p1	XP_035450696.2	35.496	262	162	4	1	260	300	556	1.80e-47	166	260	558	100	XP_035450696.2 juvenile hormone esterase-like [Spodoptera frugiperda]
TRINITY_DN15734_c0_g1_i4.p1	XP_035450367.2	36.260	262	160	5	1	260	300	556	9.04e-47	164	260	556	100	XP_035450367.2 esterase FE4-like [Spodoptera frugiperda]
TRINITY_DN15734_c0_g1_i4.p1	XP_035452347.2	34.118	255	160	5	6	253	279	532	5.69e-40	145	260	537	95	XP_035452347.2 juvenile hormone esterase-like [Spodoptera frugiperda]
TRINITY_DN15734_c0_g1_i4.p1	XP_035450249.2	31.923	260	170	3	6	258	278	537	3.24e-38	140	260	537	97	XP_035450249.2 juvenile hormone esterase [Spodoptera frugiperda]
TRINITY_DN1674_c1_g1_i3.p1	XP_035449861.2	72.426	544	149	1	2	545	1	543	0.0	833	551	548	99	XP_035449861.2 cholinesterase 2-like [Spodoptera frugiperda]
TRINITY_DN1674_c1_g1_i3.p1	XP_035449450.2	71.455	550	154	3	2	551	1	547	0.0	817	551	547	99	XP_035449450.2 esterase FE4-like [Spodoptera frugiperda]
TRINITY_DN1674_c1_g1_i3.p1	XP_050551352.1	70.674	549	159	2	2	550	1	547	0.0	813	551	548	99	XP_050551352.1 cholinesterase 2-like [Spodoptera frugiperda]
TRINITY_DN1674_c1_g1_i3.p1	XP_050551354.1	70.909	550	157	3	2	551	1	547	0.0	805	551	547	99	XP_050551354.1 esterase FE4-like isoform X2 [Spodoptera frugiperda]
TRINITY_DN1674_c1_g1_i3.p1	XP_050551355.1	69.455	550	165	3	2	551	1	547	0.0	800	551	547	99	XP_050551355.1 esterase FE4-like isoform X3 [Spodoptera frugiperda]
TRINITY_DN1674_c1_g1_i3.p1	XP_050551353.1	70.545	550	159	3	2	551	1	547	0.0	795	551	547	99	XP_050551353.1 venom carboxylesterase-6-like isoform X1 [Spodoptera frugiperda]
TRINITY_DN1674_c1_g1_i3.p1	XP_035449447.2	70.727	550	158	3	2	551	1	547	0.0	792	551	547	99	XP_035449447.2 cholinesterase 2-like [Spodoptera frugiperda]
TRINITY_DN1674_c1_g1_i3.p1	XP_035449863.2	62.477	549	203	3	2	549	1	547	0.0	707	551	549	99	XP_035449863.2 juvenile hormone esterase-like [Spodoptera frugiperda]
TRINITY_DN1674_c1_g1_i3.p1	XP_035449830.2	58.550	538	220	3	8	544	1	536	0.0	669	551	549	97	XP_035449830.2 cholinesterase 2-like [Spodoptera frugiperda]
TRINITY_DN1674_c1_g1_i3.p1	XP_050551626.1	56.147	545	220	4	8	548	1	530	0.0	634	551	1092	99	XP_050551626.1 uncharacterized protein LOC118275740 [Spodoptera frugiperda]
TRINITY_DN1674_c1_g1_i3.p1	XP_050551626.1	52.930	546	247	8	4	543	550	1091	0.0	572	551	1092	99	XP_050551626.1 uncharacterized protein LOC118275740 [Spodoptera frugiperda]
TRINITY_DN54334_c0_g1_i1.p1	XP_035449634.2	72.093	129	36	0	1	129	366	494	3.83e-66	208	129	503	100	XP_035449634.2 carboxylesterase 5A isoform X1 [Spodoptera frugiperda]
TRINITY_DN54334_c0_g1_i1.p1	XP_050551518.1	70.079	127	38	0	3	129	362	488	3.07e-63	201	129	497	98	XP_050551518.1 carboxylesterase 5A isoform X2 [Spodoptera frugiperda]
TRINITY_DN54334_c0_g1_i1.p1	XP_035438336.2	28.369	141	86	5	2	128	397	536	7.97e-13	64.3	129	553	98	XP_035438336.2 juvenile hormone esterase [Spodoptera frugiperda]
TRINITY_DN54334_c0_g1_i1.p1	XP_035438334.2	28.369	141	86	5	2	128	397	536	7.97e-13	64.3	129	553	98	XP_035438334.2 juvenile hormone esterase [Spodoptera frugiperda]
TRINITY_DN54334_c0_g1_i1.p1	XP_035457497.2	33.835	133	80	4	2	126	370	502	1.37e-12	63.5	129	522	97	XP_035457497.2 cholinesterase 1 [Spodoptera frugiperda]
TRINITY_DN54334_c0_g1_i1.p1	XP_035459067.2	28.467	137	79	4	7	129	404	535	1.90e-12	63.2	129	546	95	XP_035459067.2 bile salt-activated lipase [Spodoptera frugiperda]
TRINITY_DN54334_c0_g1_i1.p1	XP_035456134.2	29.710	138	82	4	5	129	495	630	2.23e-12	63.2	129	844	97	XP_035456134.2 juvenile hormone esterase isoform X1 [Spodoptera frugiperda]
TRINITY_DN54334_c0_g1_i1.p1	XP_035435407.2	32.593	135	72	4	14	129	433	567	2.33e-12	63.2	129	583	90	XP_035435407.2 esterase E4-like [Spodoptera frugiperda]
TRINITY_DN54334_c0_g1_i1.p1	XP_035456135.2	29.710	138	82	4	5	129	401	536	2.86e-12	62.8	129	750	97	XP_035456135.2 juvenile hormone esterase isoform X2 [Spodoptera frugiperda]
TRINITY_DN54334_c0_g1_i1.p1	XP_035456137.2	29.710	138	82	4	5	129	385	520	2.94e-12	62.8	129	734	97	XP_035456137.2 juvenile hormone esterase isoform X3 [Spodoptera frugiperda]
TRINITY_DN3068_c0_g1_i1.p1	XP_050553603.1	67.327	101	31	1	1	99	450	550	2.83e-42	146	126	554	79	XP_050553603.1 cholinesterase 1 isoform X3 [Spodoptera frugiperda]
TRINITY_DN3068_c0_g1_i1.p1	XP_035429429.2	67.327	101	31	1	1	99	450	550	2.83e-42	146	126	554	79	XP_035429429.2 cholinesterase 1 isoform X2 [Spodoptera frugiperda]
TRINITY_DN3068_c0_g1_i1.p1	XP_035429428.2	70.330	91	25	1	1	89	450	540	9.30e-40	139	126	557	71	XP_035429428.2 cholinesterase 1 isoform X1 [Spodoptera frugiperda]
TRINITY_DN3068_c0_g1_i1.p1	XP_035429431.2	67.742	93	30	0	7	99	457	549	1.20e-39	139	126	553	74	XP_035429431.2 cholinesterase 1 isoform X4 [Spodoptera frugiperda]
TRINITY_DN3068_c0_g1_i1.p1	XP_035430692.2	67.010	97	30	1	1	95	451	547	4.09e-39	138	126	558	75	XP_035430692.2 juvenile hormone esterase-like isoform X1 [Spodoptera frugiperda]
TRINITY_DN3068_c0_g1_i1.p1	XP_050553601.1	70.588	85	25	0	5	89	459	543	2.74e-38	135	126	560	67	XP_050553601.1 para-nitrobenzyl esterase-like [Spodoptera frugiperda]
TRINITY_DN3068_c0_g1_i1.p1	XP_050553323.1	61.053	95	37	0	1	95	449	543	4.43e-38	135	126	565	75	XP_050553323.1 cholinesterase 1 [Spodoptera frugiperda]
TRINITY_DN3068_c0_g1_i1.p1	XP_035430003.2	69.231	91	27	1	8	97	452	542	2.11e-37	133	126	545	71	XP_035430003.2 esterase FE4-like [Spodoptera frugiperda]
TRINITY_DN3068_c0_g1_i1.p1	XP_050553602.1	68.132	91	27	1	1	89	451	541	4.33e-37	132	126	558	71	XP_050553602.1 juvenile hormone esterase-like isoform X2 [Spodoptera frugiperda]
TRINITY_DN3068_c0_g1_i1.p1	XP_035430420.2	66.279	86	28	1	8	93	457	541	2.75e-34	124	126	554	68	XP_035430420.2 cholinesterase 1 [Spodoptera frugiperda]
TRINITY_DN7993_c0_g1_i1.p1	XP_035430420.2	67.376	141	46	0	1	141	348	488	9.85e-65	206	141	554	100	XP_035430420.2 cholinesterase 1 [Spodoptera frugiperda]
TRINITY_DN7993_c0_g1_i1.p1	XP_035429428.2	67.857	140	44	1	3	141	352	491	6.30e-60	194	141	557	99	XP_035429428.2 cholinesterase 1 isoform X1 [Spodoptera frugiperda]
TRINITY_DN7993_c0_g1_i1.p1	XP_050553603.1	66.901	142	46	1	1	141	350	491	6.91e-60	194	141	554	100	XP_050553603.1 cholinesterase 1 isoform X3 [Spodoptera frugiperda]
TRINITY_DN7993_c0_g1_i1.p1	XP_035429429.2	66.901	142	46	1	1	141	350	491	6.91e-60	194	141	554	100	XP_035429429.2 cholinesterase 1 isoform X2 [Spodoptera frugiperda]
TRINITY_DN7993_c0_g1_i1.p1	XP_035429431.2	61.429	140	53	1	3	141	351	490	1.79e-55	182	141	553	99	XP_035429431.2 cholinesterase 1 isoform X4 [Spodoptera frugiperda]
TRINITY_DN7993_c0_g1_i1.p1	XP_050553601.1	60.000	145	54	1	1	141	350	494	2.87e-53	176	141	560	100	XP_050553601.1 para-nitrobenzyl esterase-like [Spodoptera frugiperda]
TRINITY_DN7993_c0_g1_i1.p1	XP_035430003.2	57.447	141	56	1	1	141	348	484	2.37e-52	174	141	545	100	XP_035430003.2 esterase FE4-like [Spodoptera frugiperda]
TRINITY_DN7993_c0_g1_i1.p1	XP_035430692.2	54.930	142	63	1	1	141	351	492	2.59e-51	171	141	558	100	XP_035430692.2 juvenile hormone esterase-like isoform X1 [Spodoptera frugiperda]
TRINITY_DN7993_c0_g1_i1.p1	XP_050553602.1	55.714	140	61	1	3	141	353	492	2.73e-51	171	141	558	99	XP_050553602.1 juvenile hormone esterase-like isoform X2 [Spodoptera frugiperda]
TRINITY_DN7993_c0_g1_i1.p1	XP_035430182.2	53.521	142	65	1	1	141	349	490	5.09e-48	162	141	550	100	XP_035430182.2 esterase FE4-like [Spodoptera frugiperda]
TRINITY_DN1320_c0_g1_i2.p1	XP_050553601.1	79.012	162	31	2	1	160	41	201	9.17e-92	277	161	560	99	XP_050553601.1 para-nitrobenzyl esterase-like [Spodoptera frugiperda]
TRINITY_DN1320_c0_g1_i2.p1	XP_050553603.1	77.019	161	36	1	1	160	41	201	5.59e-88	267	161	554	99	XP_050553603.1 cholinesterase 1 isoform X3 [Spodoptera frugiperda]
TRINITY_DN1320_c0_g1_i2.p1	XP_035429429.2	77.019	161	36	1	1	160	41	201	5.59e-88	267	161	554	99	XP_035429429.2 cholinesterase 1 isoform X2 [Spodoptera frugiperda]
TRINITY_DN1320_c0_g1_i2.p1	XP_035429428.2	77.019	161	36	1	1	160	41	201	5.77e-88	267	161	557	99	XP_035429428.2 cholinesterase 1 isoform X1 [Spodoptera frugiperda]
TRINITY_DN1320_c0_g1_i2.p1	XP_050553602.1	76.543	162	35	2	1	160	41	201	7.66e-87	265	161	558	99	XP_050553602.1 juvenile hormone esterase-like isoform X2 [Spodoptera frugiperda]
TRINITY_DN1320_c0_g1_i2.p1	XP_035430692.2	76.543	162	35	2	1	160	41	201	1.23e-86	264	161	558	99	XP_035430692.2 juvenile hormone esterase-like isoform X1 [Spodoptera frugiperda]
TRINITY_DN1320_c0_g1_i2.p1	XP_035429431.2	76.875	160	37	0	1	160	41	200	5.17e-86	262	161	553	99	XP_035429431.2 cholinesterase 1 isoform X4 [Spodoptera frugiperda]
TRINITY_DN1320_c0_g1_i2.p1	XP_050553323.1	69.565	161	49	0	1	161	41	201	6.42e-80	247	161	565	100	XP_050553323.1 cholinesterase 1 [Spodoptera frugiperda]
TRINITY_DN1320_c0_g1_i2.p1	XP_035430003.2	68.125	160	51	0	1	160	41	200	3.46e-77	239	161	545	99	XP_035430003.2 esterase FE4-like [Spodoptera frugiperda]
TRINITY_DN1320_c0_g1_i2.p1	XP_050553600.1	60.248	161	63	1	1	161	41	200	1.03e-71	225	161	553	100	XP_050553600.1 juvenile hormone esterase-like isoform X4 [Spodoptera frugiperda]
TRINITY_DN44969_c0_g1_i1.p1	XP_035438382.2	99.312	581	4	0	1	581	58	638	0.0	1209	581	638	100	XP_035438382.2 acetylcholinesterase-like [Spodoptera frugiperda]
TRINITY_DN44969_c0_g1_i1.p1	XP_035429701.2	37.416	596	328	14	1	579	121	688	1.00e-129	396	581	694	99	XP_035429701.2 acetylcholinesterase [Spodoptera frugiperda]
TRINITY_DN44969_c0_g1_i1.p1	XP_035449615.1	33.270	523	278	21	2	494	96	577	1.26e-60	213	581	645	85	XP_035449615.1 venom carboxylesterase-6 [Spodoptera frugiperda]
TRINITY_DN44969_c0_g1_i1.p1	XP_035449614.1	33.270	523	278	21	2	494	96	577	1.26e-60	213	581	645	85	XP_035449614.1 venom carboxylesterase-6 [Spodoptera frugiperda]
TRINITY_DN44969_c0_g1_i1.p1	XP_035435441.2	31.712	514	298	19	1	497	31	508	1.34e-60	211	581	564	86	XP_035435441.2 juvenile hormone esterase [Spodoptera frugiperda]
TRINITY_DN44969_c0_g1_i1.p1	XP_050561842.1	30.055	549	297	18	22	539	25	517	2.53e-58	204	581	528	89	XP_050561842.1 juvenile hormone esterase isoform X4 [Spodoptera frugiperda]
TRINITY_DN44969_c0_g1_i1.p1	XP_050561841.1	30.055	549	297	18	22	539	25	517	2.53e-58	204	581	528	89	XP_050561841.1 juvenile hormone esterase isoform X4 [Spodoptera frugiperda]
TRINITY_DN44969_c0_g1_i1.p1	XP_050561840.1	30.055	549	297	18	22	539	25	517	2.53e-58	204	581	528	89	XP_050561840.1 juvenile hormone esterase isoform X4 [Spodoptera frugiperda]
TRINITY_DN44969_c0_g1_i1.p1	XP_035434296.2	30.055	549	297	18	22	539	34	526	2.95e-58	204	581	537	89	XP_035434296.2 juvenile hormone esterase isoform X3 [Spodoptera frugiperda]
TRINITY_DN44969_c0_g1_i1.p1	XP_035434295.2	30.055	549	297	18	22	539	38	530	3.10e-58	204	581	541	89	XP_035434295.2 juvenile hormone esterase isoform X2 [Spodoptera frugiperda]
TRINITY_DN22156_c0_g1_i1.p1	XP_050551355.1	72.642	106	27	2	1	106	442	545	3.85e-51	169	107	547	99	XP_050551355.1 esterase FE4-like isoform X3 [Spodoptera frugiperda]
TRINITY_DN22156_c0_g1_i1.p1	XP_035449447.2	73.267	101	26	1	1	101	442	541	2.75e-50	167	107	547	94	XP_035449447.2 cholinesterase 2-like [Spodoptera frugiperda]
TRINITY_DN22156_c0_g1_i1.p1	XP_050551352.1	71.028	107	30	1	1	107	442	547	4.16e-50	166	107	548	100	XP_050551352.1 cholinesterase 2-like [Spodoptera frugiperda]
TRINITY_DN22156_c0_g1_i1.p1	XP_035449861.2	72.549	102	28	0	1	102	442	543	1.87e-49	164	107	548	95	XP_035449861.2 cholinesterase 2-like [Spodoptera frugiperda]
TRINITY_DN22156_c0_g1_i1.p1	XP_050551354.1	72.642	106	27	2	1	106	442	545	8.65e-49	162	107	547	99	XP_050551354.1 esterase FE4-like isoform X2 [Spodoptera frugiperda]
TRINITY_DN22156_c0_g1_i1.p1	XP_035449450.2	73.333	105	26	2	1	105	442	544	9.60e-49	162	107	547	98	XP_035449450.2 esterase FE4-like [Spodoptera frugiperda]
TRINITY_DN22156_c0_g1_i1.p1	XP_050551353.1	73.333	105	26	2	1	105	442	544	1.02e-48	162	107	547	98	XP_050551353.1 venom carboxylesterase-6-like isoform X1 [Spodoptera frugiperda]
TRINITY_DN22156_c0_g1_i1.p1	XP_035449863.2	68.571	105	32	1	1	105	443	546	2.89e-48	161	107	549	98	XP_035449863.2 juvenile hormone esterase-like [Spodoptera frugiperda]
TRINITY_DN22156_c0_g1_i1.p1	XP_035449830.2	63.366	101	36	1	1	101	437	536	2.06e-41	143	107	549	94	XP_035449830.2 cholinesterase 2-like [Spodoptera frugiperda]
TRINITY_DN22156_c0_g1_i1.p1	XP_050551626.1	50.962	104	50	1	2	104	426	529	5.04e-34	124	107	1092	97	XP_050551626.1 uncharacterized protein LOC118275740 [Spodoptera frugiperda]
TRINITY_DN22156_c0_g1_i1.p1	XP_050551626.1	51.000	100	47	1	1	100	994	1091	3.52e-29	110	107	1092	97	XP_050551626.1 uncharacterized protein LOC118275740 [Spodoptera frugiperda]
TRINITY_DN20443_c0_g1_i1.p1	XP_035457497.2	46.860	207	96	3	2	199	184	385	4.39e-55	183	199	522	99	XP_035457497.2 cholinesterase 1 [Spodoptera frugiperda]
TRINITY_DN20443_c0_g1_i1.p1	XP_035449450.2	29.545	220	123	9	1	191	189	405	3.22e-18	82.4	199	547	96	XP_035449450.2 esterase FE4-like [Spodoptera frugiperda]
TRINITY_DN20443_c0_g1_i1.p1	XP_035449447.2	31.111	225	113	12	1	191	189	405	3.79e-18	82.4	199	547	96	XP_035449447.2 cholinesterase 2-like [Spodoptera frugiperda]
TRINITY_DN20443_c0_g1_i1.p1	XP_035449861.2	29.075	227	115	8	1	191	189	405	6.68e-18	81.6	199	548	96	XP_035449861.2 cholinesterase 2-like [Spodoptera frugiperda]
TRINITY_DN20443_c0_g1_i1.p1	XP_050551354.1	29.545	220	123	9	1	191	189	405	8.32e-18	81.3	199	547	96	XP_050551354.1 esterase FE4-like isoform X2 [Spodoptera frugiperda]
TRINITY_DN20443_c0_g1_i1.p1	XP_050551353.1	29.545	220	123	9	1	191	189	405	9.80e-18	81.3	199	547	96	XP_050551353.1 venom carboxylesterase-6-like isoform X1 [Spodoptera frugiperda]
TRINITY_DN20443_c0_g1_i1.p1	XP_050551352.1	29.148	223	120	8	1	191	189	405	2.34e-17	80.1	199	548	96	XP_050551352.1 cholinesterase 2-like [Spodoptera frugiperda]
TRINITY_DN20443_c0_g1_i1.p1	XP_035450352.2	30.137	219	128	9	1	197	196	411	1.77e-16	77.4	199	547	99	XP_035450352.2 bile salt-activated lipase [Spodoptera frugiperda]
TRINITY_DN20443_c0_g1_i1.p1	XP_035449830.2	28.326	233	124	7	1	198	183	407	3.76e-16	76.6	199	549	99	XP_035449830.2 cholinesterase 2-like [Spodoptera frugiperda]
TRINITY_DN20443_c0_g1_i1.p1	XP_050551355.1	27.727	220	127	8	1	191	189	405	1.33e-15	74.7	199	547	96	XP_050551355.1 esterase FE4-like isoform X3 [Spodoptera frugiperda]
TRINITY_DN26381_c0_g1_i1.p1	XP_035449615.1	97.283	184	5	0	1	184	173	356	1.10e-124	365	184	645	100	XP_035449615.1 venom carboxylesterase-6 [Spodoptera frugiperda]
TRINITY_DN26381_c0_g1_i1.p1	XP_035449614.1	97.283	184	5	0	1	184	173	356	1.10e-124	365	184	645	100	XP_035449614.1 venom carboxylesterase-6 [Spodoptera frugiperda]
TRINITY_DN26381_c0_g1_i1.p1	XP_035450257.2	54.891	184	76	2	1	183	716	893	4.41e-62	207	184	1170	99	XP_035450257.2 uncharacterized protein LOC118276155 [Spodoptera frugiperda]
TRINITY_DN26381_c0_g1_i1.p1	XP_035450257.2	53.804	184	78	2	1	183	82	259	2.21e-60	202	184	1170	99	XP_035450257.2 uncharacterized protein LOC118276155 [Spodoptera frugiperda]
TRINITY_DN26381_c0_g1_i1.p1	XP_035450249.2	53.804	184	78	2	1	183	82	259	5.04e-62	201	184	537	99	XP_035450249.2 juvenile hormone esterase [Spodoptera frugiperda]
TRINITY_DN26381_c0_g1_i1.p1	XP_035434294.2	53.552	183	80	1	1	183	109	286	1.42e-60	197	184	557	99	XP_035434294.2 esterase B1 isoform X1 [Spodoptera frugiperda]
TRINITY_DN26381_c0_g1_i1.p1	XP_050561842.1	54.098	183	79	2	1	183	80	257	1.44e-60	197	184	528	99	XP_050561842.1 juvenile hormone esterase isoform X4 [Spodoptera frugiperda]
TRINITY_DN26381_c0_g1_i1.p1	XP_050561841.1	54.098	183	79	2	1	183	80	257	1.44e-60	197	184	528	99	XP_050561841.1 juvenile hormone esterase isoform X4 [Spodoptera frugiperda]
TRINITY_DN26381_c0_g1_i1.p1	XP_050561840.1	54.098	183	79	2	1	183	80	257	1.44e-60	197	184	528	99	XP_050561840.1 juvenile hormone esterase isoform X4 [Spodoptera frugiperda]
TRINITY_DN26381_c0_g1_i1.p1	XP_035434295.2	54.098	183	79	2	1	183	93	270	1.57e-60	197	184	541	99	XP_035434295.2 juvenile hormone esterase isoform X2 [Spodoptera frugiperda]
TRINITY_DN26381_c0_g1_i1.p1	XP_035450368.2	54.098	183	79	1	1	183	83	260	1.63e-60	197	184	538	99	XP_035450368.2 juvenile hormone esterase [Spodoptera frugiperda]
TRINITY_DN7422_c0_g1_i1.p1	XP_035449880.2	55.625	160	68	3	18	175	33	191	1.81e-55	184	175	590	90	XP_035449880.2 para-nitrobenzyl esterase-like [Spodoptera frugiperda]
TRINITY_DN7422_c0_g1_i1.p1	XP_035449450.2	57.988	169	67	4	8	175	10	175	3.16e-55	182	175	547	96	XP_035449450.2 esterase FE4-like [Spodoptera frugiperda]
TRINITY_DN7422_c0_g1_i1.p1	XP_035449861.2	53.933	178	76	5	1	175	1	175	1.51e-53	178	175	548	100	XP_035449861.2 cholinesterase 2-like [Spodoptera frugiperda]
TRINITY_DN7422_c0_g1_i1.p1	XP_050551352.1	57.310	171	65	6	8	175	10	175	1.19e-52	176	175	548	96	XP_050551352.1 cholinesterase 2-like [Spodoptera frugiperda]
TRINITY_DN7422_c0_g1_i1.p1	XP_050551626.1	57.692	156	63	3	22	175	18	172	9.66e-52	177	175	1092	88	XP_050551626.1 uncharacterized protein LOC118275740 [Spodoptera frugiperda]
TRINITY_DN7422_c0_g1_i1.p1	XP_050551626.1	55.862	145	60	4	33	175	581	723	1.45e-45	160	175	1092	88	XP_050551626.1 uncharacterized protein LOC118275740 [Spodoptera frugiperda]
TRINITY_DN7422_c0_g1_i1.p1	XP_050551355.1	56.140	171	67	6	8	175	10	175	2.15e-51	172	175	547	96	XP_050551355.1 esterase FE4-like isoform X3 [Spodoptera frugiperda]
TRINITY_DN7422_c0_g1_i1.p1	XP_050551354.1	56.140	171	67	6	8	175	10	175	2.76e-51	172	175	547	96	XP_050551354.1 esterase FE4-like isoform X2 [Spodoptera frugiperda]
TRINITY_DN7422_c0_g1_i1.p1	XP_035449447.2	59.310	145	55	4	32	175	34	175	3.99e-51	172	175	547	82	XP_035449447.2 cholinesterase 2-like [Spodoptera frugiperda]
TRINITY_DN7422_c0_g1_i1.p1	XP_050551353.1	57.931	145	57	4	32	175	34	175	1.44e-50	170	175	547	82	XP_050551353.1 venom carboxylesterase-6-like isoform X1 [Spodoptera frugiperda]
TRINITY_DN7422_c0_g1_i1.p1	XP_035432002.2	53.409	176	73	6	5	175	7	178	1.36e-48	165	175	543	98	XP_035432002.2 cholinesterase 2-like [Spodoptera frugiperda]
TRINITY_DN96_c0_g1_i12.p1	XP_035432002.2	68.587	538	168	1	4	540	5	542	0.0	801	542	543	99	XP_035432002.2 cholinesterase 2-like [Spodoptera frugiperda]
TRINITY_DN96_c0_g1_i12.p1	XP_035450352.2	52.886	537	246	3	5	539	8	539	0.0	573	542	547	99	XP_035450352.2 bile salt-activated lipase [Spodoptera frugiperda]
TRINITY_DN96_c0_g1_i12.p1	XP_050551353.1	51.698	530	234	9	20	539	23	540	0.0	536	542	547	96	XP_050551353.1 venom carboxylesterase-6-like isoform X1 [Spodoptera frugiperda]
TRINITY_DN96_c0_g1_i12.p1	XP_035449450.2	50.906	552	246	10	1	539	1	540	0.0	535	542	547	99	XP_035449450.2 esterase FE4-like [Spodoptera frugiperda]
TRINITY_DN96_c0_g1_i12.p1	XP_050551354.1	50.366	546	246	10	7	539	7	540	0.0	528	542	547	98	XP_050551354.1 esterase FE4-like isoform X2 [Spodoptera frugiperda]
TRINITY_DN96_c0_g1_i12.p1	XP_035449861.2	51.132	530	234	10	22	539	25	541	0.0	521	542	548	96	XP_035449861.2 cholinesterase 2-like [Spodoptera frugiperda]
TRINITY_DN96_c0_g1_i12.p1	XP_035449447.2	50.284	529	239	10	22	539	25	540	0.0	520	542	547	96	XP_035449447.2 cholinesterase 2-like [Spodoptera frugiperda]
TRINITY_DN96_c0_g1_i12.p1	XP_050551352.1	49.635	548	248	11	7	539	7	541	5.47e-178	513	542	548	98	XP_050551352.1 cholinesterase 2-like [Spodoptera frugiperda]
TRINITY_DN96_c0_g1_i12.p1	XP_050551355.1	47.802	546	260	10	7	539	7	540	4.37e-174	503	542	547	98	XP_050551355.1 esterase FE4-like isoform X3 [Spodoptera frugiperda]
TRINITY_DN96_c0_g1_i12.p1	XP_035450363.2	45.624	537	284	4	6	539	7	538	5.66e-172	498	542	570	99	XP_035450363.2 esterase B1-like [Spodoptera frugiperda]
TRINITY_DN1320_c1_g1_i1.p1	XP_050553603.1	77.798	554	119	3	14	567	1	550	0.0	897	571	554	97	XP_050553603.1 cholinesterase 1 isoform X3 [Spodoptera frugiperda]
TRINITY_DN1320_c1_g1_i1.p1	XP_035429429.2	77.798	554	119	3	14	567	1	550	0.0	897	571	554	97	XP_035429429.2 cholinesterase 1 isoform X2 [Spodoptera frugiperda]
TRINITY_DN1320_c1_g1_i1.p1	XP_035429428.2	78.493	544	113	3	14	557	1	540	0.0	890	571	557	95	XP_035429428.2 cholinesterase 1 isoform X1 [Spodoptera frugiperda]
TRINITY_DN1320_c1_g1_i1.p1	XP_035429431.2	75.495	555	129	5	14	567	1	549	0.0	885	571	553	97	XP_035429431.2 cholinesterase 1 isoform X4 [Spodoptera frugiperda]
TRINITY_DN1320_c1_g1_i1.p1	XP_050553601.1	76.190	546	125	3	14	557	1	543	0.0	879	571	560	95	XP_050553601.1 para-nitrobenzyl esterase-like [Spodoptera frugiperda]
TRINITY_DN1320_c1_g1_i1.p1	XP_035430692.2	72.051	551	149	4	14	563	1	547	0.0	850	571	558	96	XP_035430692.2 juvenile hormone esterase-like isoform X1 [Spodoptera frugiperda]
TRINITY_DN1320_c1_g1_i1.p1	XP_050553602.1	72.294	545	146	4	14	557	1	541	0.0	844	571	558	95	XP_050553602.1 juvenile hormone esterase-like isoform X2 [Spodoptera frugiperda]
TRINITY_DN1320_c1_g1_i1.p1	XP_035430420.2	69.343	548	161	4	14	561	1	541	0.0	802	571	554	96	XP_035430420.2 cholinesterase 1 [Spodoptera frugiperda]
TRINITY_DN1320_c1_g1_i1.p1	XP_035430003.2	66.184	553	175	5	14	565	1	542	0.0	769	571	545	97	XP_035430003.2 esterase FE4-like [Spodoptera frugiperda]
TRINITY_DN1320_c1_g1_i1.p1	XP_050553323.1	62.727	550	198	4	14	563	1	543	0.0	724	571	565	96	XP_050553323.1 cholinesterase 1 [Spodoptera frugiperda]
TRINITY_DN1320_c1_g2_i3.p1	XP_050553603.1	69.846	325	94	3	1	322	227	550	1.36e-160	460	326	554	99	XP_050553603.1 cholinesterase 1 isoform X3 [Spodoptera frugiperda]
TRINITY_DN1320_c1_g2_i3.p1	XP_035429429.2	69.846	325	94	3	1	322	227	550	1.36e-160	460	326	554	99	XP_035429429.2 cholinesterase 1 isoform X2 [Spodoptera frugiperda]
TRINITY_DN1320_c1_g2_i3.p1	XP_035429428.2	70.794	315	88	3	1	312	227	540	9.09e-158	453	326	557	96	XP_035429428.2 cholinesterase 1 isoform X1 [Spodoptera frugiperda]
TRINITY_DN1320_c1_g2_i3.p1	XP_035429431.2	66.462	325	105	3	1	322	226	549	1.04e-157	452	326	553	99	XP_035429431.2 cholinesterase 1 isoform X4 [Spodoptera frugiperda]
TRINITY_DN1320_c1_g2_i3.p1	XP_035430420.2	65.931	317	106	2	1	316	226	541	1.59e-155	447	326	554	97	XP_035430420.2 cholinesterase 1 [Spodoptera frugiperda]
TRINITY_DN1320_c1_g2_i3.p1	XP_050553601.1	66.981	318	98	3	1	312	227	543	6.69e-151	436	326	560	96	XP_050553601.1 para-nitrobenzyl esterase-like [Spodoptera frugiperda]
TRINITY_DN1320_c1_g2_i3.p1	XP_035430003.2	64.062	320	110	3	2	320	227	542	8.50e-151	435	326	545	98	XP_035430003.2 esterase FE4-like [Spodoptera frugiperda]
TRINITY_DN1320_c1_g2_i3.p1	XP_035430692.2	63.043	322	114	4	1	318	227	547	4.95e-146	423	326	558	98	XP_035430692.2 juvenile hormone esterase-like isoform X1 [Spodoptera frugiperda]
TRINITY_DN1320_c1_g2_i3.p1	XP_050553602.1	63.291	316	111	4	1	312	227	541	1.58e-143	417	326	558	96	XP_050553602.1 juvenile hormone esterase-like isoform X2 [Spodoptera frugiperda]
TRINITY_DN1320_c1_g2_i3.p1	XP_050553323.1	59.248	319	128	2	1	318	226	543	2.24e-136	399	326	565	98	XP_050553323.1 cholinesterase 1 [Spodoptera frugiperda]
TRINITY_DN8706_c1_g2_i1.p1	XP_035450352.2	81.152	191	35	1	1	191	35	224	1.37e-104	311	191	547	100	XP_035450352.2 bile salt-activated lipase [Spodoptera frugiperda]
TRINITY_DN8706_c1_g2_i1.p1	XP_035450363.2	71.728	191	53	1	1	191	32	221	1.47e-98	296	191	570	100	XP_035450363.2 esterase B1-like [Spodoptera frugiperda]
TRINITY_DN8706_c1_g2_i1.p1	XP_035432002.2	67.914	187	59	1	1	187	31	216	1.42e-88	270	191	543	98	XP_035432002.2 cholinesterase 2-like [Spodoptera frugiperda]
TRINITY_DN8706_c1_g2_i1.p1	XP_035449447.2	63.102	187	63	4	1	187	33	213	1.02e-80	250	191	547	98	XP_035449447.2 cholinesterase 2-like [Spodoptera frugiperda]
TRINITY_DN8706_c1_g2_i1.p1	XP_050551353.1	62.567	187	64	4	1	187	33	213	4.90e-80	248	191	547	98	XP_050551353.1 venom carboxylesterase-6-like isoform X1 [Spodoptera frugiperda]
TRINITY_DN8706_c1_g2_i1.p1	XP_035449450.2	63.784	185	61	4	3	187	35	213	4.46e-79	246	191	547	97	XP_035449450.2 esterase FE4-like [Spodoptera frugiperda]
TRINITY_DN8706_c1_g2_i1.p1	XP_035449861.2	60.106	188	69	4	3	190	35	216	3.32e-76	238	191	548	98	XP_035449861.2 cholinesterase 2-like [Spodoptera frugiperda]
TRINITY_DN8706_c1_g2_i1.p1	XP_050551354.1	61.622	185	65	4	3	187	35	213	7.37e-74	232	191	547	97	XP_050551354.1 esterase FE4-like isoform X2 [Spodoptera frugiperda]
TRINITY_DN8706_c1_g2_i1.p1	XP_050551355.1	61.170	188	67	4	3	190	35	216	1.06e-73	231	191	547	98	XP_050551355.1 esterase FE4-like isoform X3 [Spodoptera frugiperda]
TRINITY_DN8706_c1_g2_i1.p1	XP_050551352.1	60.106	188	69	4	3	190	35	216	1.51e-73	231	191	548	98	XP_050551352.1 cholinesterase 2-like [Spodoptera frugiperda]
TRINITY_DN48404_c0_g1_i1.p1	XP_035430261.2	89.973	1486	133	7	1	1480	6	1481	0.0	2637	1480	1481	100	XP_035430261.2 uncharacterized protein LOC118262772 [Spodoptera frugiperda]
TRINITY_DN48404_c0_g1_i1.p1	XP_035430339.1	39.496	595	309	13	52	601	37	625	2.66e-132	432	1480	898	37	XP_035430339.1 neuroligin-4, X-linked isoform X3 [Spodoptera frugiperda]
TRINITY_DN48404_c0_g1_i1.p1	XP_035430337.1	39.000	600	310	14	52	601	37	630	5.87e-131	429	1480	903	37	XP_035430337.1 neuroligin-4, X-linked isoform X2 [Spodoptera frugiperda]
TRINITY_DN48404_c0_g1_i1.p1	XP_035430336.1	38.935	601	310	14	52	601	37	631	8.58e-131	429	1480	904	37	XP_035430336.1 neuroligin-4, X-linked isoform X1 [Spodoptera frugiperda]
TRINITY_DN48404_c0_g1_i1.p1	XP_050553201.1	32.051	780	447	16	52	778	80	829	5.34e-116	390	1480	992	49	XP_050553201.1 neuroligin-4, Y-linked isoform X2 [Spodoptera frugiperda]
TRINITY_DN48404_c0_g1_i1.p1	XP_050553200.1	31.969	782	447	17	52	778	80	831	1.80e-115	389	1480	994	49	XP_050553200.1 neuroligin-4, Y-linked isoform X1 [Spodoptera frugiperda]
TRINITY_DN48404_c0_g1_i1.p1	XP_035430505.2	36.334	611	322	13	52	601	149	753	3.02e-111	379	1480	1056	37	XP_035430505.2 neuroligin-4, Y-linked isoform X2 [Spodoptera frugiperda]
TRINITY_DN48404_c0_g1_i1.p1	XP_035446334.1	36.707	583	324	11	52	601	26	596	1.80e-109	370	1480	917	37	XP_035446334.1 neuroligin-1 [Spodoptera frugiperda]
TRINITY_DN48404_c0_g1_i1.p1	XP_035430504.2	36.215	613	322	14	52	601	149	755	1.89e-109	374	1480	1058	37	XP_035430504.2 neuroligin-4, Y-linked isoform X1 [Spodoptera frugiperda]
TRINITY_DN48404_c0_g1_i1.p1	XP_035445841.2	32.753	574	350	14	47	601	23	579	7.83e-69	248	1480	769	38	XP_035445841.2 neuroligin-4, X-linked isoform X2 [Spodoptera frugiperda]
TRINITY_DN24610_c0_g1_i2.p1	XP_050563388.1	75.514	535	130	1	1	535	32	565	0.0	863	538	569	99	XP_050563388.1 esterase FE4 isoform X1 [Spodoptera frugiperda]
TRINITY_DN24610_c0_g1_i2.p1	XP_050563389.1	75.514	535	130	1	1	535	1	534	0.0	862	538	538	99	XP_050563389.1 esterase FE4 isoform X2 [Spodoptera frugiperda]
TRINITY_DN24610_c0_g1_i2.p1	XP_035450251.1	56.772	539	225	6	1	534	1	536	0.0	630	538	541	99	XP_035450251.1 juvenile hormone esterase-like [Spodoptera frugiperda]
TRINITY_DN24610_c0_g1_i2.p1	XP_035450249.2	57.649	536	220	4	1	530	1	535	0.0	626	538	537	99	XP_035450249.2 juvenile hormone esterase [Spodoptera frugiperda]
TRINITY_DN24610_c0_g1_i2.p1	XP_035450257.2	57.542	537	220	5	1	531	635	1169	0.0	625	538	1170	99	XP_035450257.2 uncharacterized protein LOC118276155 [Spodoptera frugiperda]
TRINITY_DN24610_c0_g1_i2.p1	XP_035450257.2	57.356	537	219	7	1	530	1	534	0.0	615	538	1170	99	XP_035450257.2 uncharacterized protein LOC118276155 [Spodoptera frugiperda]
TRINITY_DN24610_c0_g1_i2.p1	XP_035450257.2	59.091	88	33	3	1	87	543	628	3.36e-21	98.6	538	1170	99	XP_035450257.2 uncharacterized protein LOC118276155 [Spodoptera frugiperda]
TRINITY_DN24610_c0_g1_i2.p1	XP_035452347.2	56.983	537	222	6	1	530	1	535	0.0	620	538	537	99	XP_035452347.2 juvenile hormone esterase-like [Spodoptera frugiperda]
TRINITY_DN24610_c0_g1_i2.p1	XP_035452217.2	56.425	537	225	6	1	530	21	555	0.0	616	538	560	99	XP_035452217.2 juvenile hormone esterase-like [Spodoptera frugiperda]
TRINITY_DN24610_c0_g1_i2.p1	XP_035450368.2	47.048	542	263	9	1	528	1	532	1.66e-163	476	538	538	98	XP_035450368.2 juvenile hormone esterase [Spodoptera frugiperda]
TRINITY_DN24610_c0_g1_i2.p1	XP_035428785.2	43.152	533	284	7	4	529	6	526	1.05e-142	422	538	537	98	XP_035428785.2 juvenile hormone esterase isoform X2 [Spodoptera frugiperda]
TRINITY_DN24610_c0_g1_i2.p1	XP_035428784.2	43.152	533	284	7	4	529	33	553	2.21e-142	422	538	564	98	XP_035428784.2 juvenile hormone esterase isoform X1 [Spodoptera frugiperda]
TRINITY_DN1397_c0_g1_i11.p1	XP_035452217.2	72.514	553	150	1	5	557	2	552	0.0	870	585	560	95	XP_035452217.2 juvenile hormone esterase-like [Spodoptera frugiperda]
TRINITY_DN1397_c0_g1_i11.p1	XP_035452347.2	70.356	533	156	1	25	557	2	532	0.0	813	585	537	91	XP_035452347.2 juvenile hormone esterase-like [Spodoptera frugiperda]
TRINITY_DN1397_c0_g1_i11.p1	XP_035450257.2	58.333	552	223	3	25	576	2	546	0.0	686	585	1170	96	XP_035450257.2 uncharacterized protein LOC118276155 [Spodoptera frugiperda]
TRINITY_DN1397_c0_g1_i11.p1	XP_035450257.2	58.059	546	222	2	15	556	622	1164	0.0	680	585	1170	96	XP_035450257.2 uncharacterized protein LOC118276155 [Spodoptera frugiperda]
TRINITY_DN1397_c0_g1_i11.p1	XP_035450257.2	59.551	89	32	2	25	113	544	628	1.55e-23	106	585	1170	96	XP_035450257.2 uncharacterized protein LOC118276155 [Spodoptera frugiperda]
TRINITY_DN1397_c0_g1_i11.p1	XP_035450249.2	59.099	533	214	2	25	556	2	531	0.0	679	585	537	91	XP_035450249.2 juvenile hormone esterase [Spodoptera frugiperda]
TRINITY_DN1397_c0_g1_i11.p1	XP_035450251.1	54.579	535	234	6	25	557	2	529	0.0	620	585	541	91	XP_035450251.1 juvenile hormone esterase-like [Spodoptera frugiperda]
TRINITY_DN1397_c0_g1_i11.p1	XP_050563388.1	54.312	545	238	6	15	557	22	557	0.0	610	585	569	93	XP_050563388.1 esterase FE4 isoform X1 [Spodoptera frugiperda]
TRINITY_DN1397_c0_g1_i11.p1	XP_050563389.1	55.056	534	230	5	25	557	2	526	0.0	608	585	538	91	XP_050563389.1 esterase FE4 isoform X2 [Spodoptera frugiperda]
TRINITY_DN1397_c0_g1_i11.p1	XP_035450368.2	44.341	539	285	9	25	557	2	531	1.17e-154	455	585	538	91	XP_035450368.2 juvenile hormone esterase [Spodoptera frugiperda]
TRINITY_DN1397_c0_g1_i11.p1	XP_035428785.2	42.222	540	287	12	27	560	6	526	1.14e-136	409	585	537	91	XP_035428785.2 juvenile hormone esterase isoform X2 [Spodoptera frugiperda]
TRINITY_DN1397_c0_g1_i11.p1	XP_035428784.2	42.222	540	287	12	27	560	33	553	1.83e-136	409	585	564	91	XP_035428784.2 juvenile hormone esterase isoform X1 [Spodoptera frugiperda]
TRINITY_DN333_c0_g1_i11.p1	XP_035450249.2	66.418	536	179	1	1	536	1	535	0.0	771	555	537	97	XP_035450249.2 juvenile hormone esterase [Spodoptera frugiperda]
TRINITY_DN333_c0_g1_i11.p1	XP_035450257.2	65.299	536	184	2	1	536	635	1168	0.0	758	555	1170	98	XP_035450257.2 uncharacterized protein LOC118276155 [Spodoptera frugiperda]
TRINITY_DN333_c0_g1_i11.p1	XP_035450257.2	64.890	544	189	2	1	544	1	542	0.0	757	555	1170	98	XP_035450257.2 uncharacterized protein LOC118276155 [Spodoptera frugiperda]
TRINITY_DN333_c0_g1_i11.p1	XP_035450257.2	65.909	88	28	2	1	88	543	628	2.38e-27	118	555	1170	98	XP_035450257.2 uncharacterized protein LOC118276155 [Spodoptera frugiperda]
TRINITY_DN333_c0_g1_i11.p1	XP_035452347.2	65.549	537	184	1	1	537	1	536	0.0	752	555	537	97	XP_035452347.2 juvenile hormone esterase-like [Spodoptera frugiperda]
TRINITY_DN333_c0_g1_i11.p1	XP_035452217.2	61.381	536	206	1	1	536	21	555	0.0	721	555	560	97	XP_035452217.2 juvenile hormone esterase-like [Spodoptera frugiperda]
TRINITY_DN333_c0_g1_i11.p1	XP_035450251.1	58.148	540	220	5	1	539	1	535	0.0	660	555	541	97	XP_035450251.1 juvenile hormone esterase-like [Spodoptera frugiperda]
TRINITY_DN333_c0_g1_i11.p1	XP_050563389.1	56.147	545	232	4	1	545	1	538	0.0	633	555	538	98	XP_050563389.1 esterase FE4 isoform X2 [Spodoptera frugiperda]
TRINITY_DN333_c0_g1_i11.p1	XP_050563388.1	56.147	545	232	4	1	545	32	569	0.0	632	555	569	98	XP_050563388.1 esterase FE4 isoform X1 [Spodoptera frugiperda]
TRINITY_DN333_c0_g1_i11.p1	XP_035450368.2	46.580	541	276	8	1	537	1	532	3.06e-162	473	555	538	97	XP_035450368.2 juvenile hormone esterase [Spodoptera frugiperda]
TRINITY_DN333_c0_g1_i11.p1	XP_050561842.1	40.260	539	299	8	1	535	1	520	1.77e-138	412	555	528	96	XP_050561842.1 juvenile hormone esterase isoform X4 [Spodoptera frugiperda]
TRINITY_DN333_c0_g1_i11.p1	XP_050561841.1	40.260	539	299	8	1	535	1	520	1.77e-138	412	555	528	96	XP_050561841.1 juvenile hormone esterase isoform X4 [Spodoptera frugiperda]
TRINITY_DN307_c0_g1_i1.p1	XP_050553601.1	72.289	166	45	1	10	175	1	165	2.95e-90	274	175	560	95	XP_050553601.1 para-nitrobenzyl esterase-like [Spodoptera frugiperda]
TRINITY_DN307_c0_g1_i1.p1	XP_035429428.2	70.482	166	48	1	10	175	1	165	1.21e-85	262	175	557	95	XP_035429428.2 cholinesterase 1 isoform X1 [Spodoptera frugiperda]
TRINITY_DN307_c0_g1_i1.p1	XP_050553603.1	70.482	166	48	1	10	175	1	165	2.05e-85	261	175	554	95	XP_050553603.1 cholinesterase 1 isoform X3 [Spodoptera frugiperda]
TRINITY_DN307_c0_g1_i1.p1	XP_035429429.2	70.482	166	48	1	10	175	1	165	2.05e-85	261	175	554	95	XP_035429429.2 cholinesterase 1 isoform X2 [Spodoptera frugiperda]
TRINITY_DN307_c0_g1_i1.p1	XP_035430692.2	68.072	166	52	1	10	175	1	165	3.19e-84	258	175	558	95	XP_035430692.2 juvenile hormone esterase-like isoform X1 [Spodoptera frugiperda]
TRINITY_DN307_c0_g1_i1.p1	XP_050553602.1	68.072	166	52	1	10	175	1	165	3.22e-84	258	175	558	95	XP_050553602.1 juvenile hormone esterase-like isoform X2 [Spodoptera frugiperda]
TRINITY_DN307_c0_g1_i1.p1	XP_035429431.2	70.482	166	47	2	10	175	1	164	1.52e-82	254	175	553	95	XP_035429431.2 cholinesterase 1 isoform X4 [Spodoptera frugiperda]
TRINITY_DN307_c0_g1_i1.p1	XP_050553323.1	61.446	166	62	2	10	175	1	164	2.38e-68	218	175	565	95	XP_050553323.1 cholinesterase 1 [Spodoptera frugiperda]
TRINITY_DN307_c0_g1_i1.p1	XP_035430420.2	57.229	166	69	2	10	175	1	164	1.15e-63	205	175	554	95	XP_035430420.2 cholinesterase 1 [Spodoptera frugiperda]
TRINITY_DN307_c0_g1_i1.p1	XP_035430003.2	54.819	166	73	2	10	175	1	164	5.35e-60	195	175	545	95	XP_035430003.2 esterase FE4-like [Spodoptera frugiperda]
